latitude,longitude,bright_ti4,scan,track,acq_date,acq_time,satellite,instrument,confidence,version,bright_ti5,frp,daynight,type
40.82063,-114.25753,295.07,0.46,0.39,2025-08-08,950,N,VIIRS,n,2,270.88,0.93,N,2
40.94115,-117.86136,299.03,0.38,0.36,2025-08-08,950,N,VIIRS,n,2,285.91,0.54,N,2
41.28709,-122.99881,300.63,0.49,0.4,2025-08-08,950,N,VIIRS,n,2,284.85,1.05,N,0
41.29084,-122.99844,300.63,0.49,0.4,2025-08-08,950,N,VIIRS,n,2,284.2,1.12,N,0
41.29395,-122.99239,302.66,0.49,0.4,2025-08-08,950,N,VIIRS,n,2,284.59,0.9,N,0
36.35623,-114.91309,310.47,0.5,0.41,2025-08-08,951,N,VIIRS,n,2,298.28,3.18,N,2
36.35887,-114.90839,310.54,0.5,0.41,2025-08-08,951,N,VIIRS,n,2,298.39,2.2,N,2
37.45437,-121.93111,313.6,0.42,0.37,2025-08-08,951,N,VIIRS,n,2,288.19,0.53,N,2
37.75428,-121.72887,300.44,0.41,0.37,2025-08-08,951,N,VIIRS,n,2,287.53,0.41,N,0
37.75561,-121.66112,300.71,0.41,0.37,2025-08-08,951,N,VIIRS,n,2,290.04,0.47,N,2
37.88191,-121.1875,303.25,0.4,0.37,2025-08-08,951,N,VIIRS,n,2,291.96,0.58,N,2
37.88528,-121.18675,303.24,0.4,0.37,2025-08-08,951,N,VIIRS,n,2,290.94,0.48,N,2
37.943,-122.39306,301.31,0.43,0.38,2025-08-08,951,N,VIIRS,n,2,290.38,1.11,N,2
38.07096,-122.13755,306.2,0.43,0.38,2025-08-08,951,N,VIIRS,n,2,294.33,1.2,N,2
38.2997,-122.74704,298.92,0.45,0.39,2025-08-08,951,N,VIIRS,n,2,287.33,0.83,N,2
38.98308,-122.07294,305.47,0.43,0.38,2025-08-08,951,N,VIIRS,n,2,291.63,0.44,N,0
39.10995,-121.58257,314.78,0.42,0.38,2025-08-08,951,N,VIIRS,n,2,290.88,1.37,N,0
39.62053,-119.26406,312.76,0.39,0.36,2025-08-08,951,N,VIIRS,n,2,288.46,1.51,N,2
39.70856,-121.8482,308.85,0.43,0.38,2025-08-08,951,N,VIIRS,n,2,290.84,0.8,N,0
32.51802,-114.94098,309.03,0.39,0.44,2025-08-08,952,N,VIIRS,n,2,296.7,0.97,N,0
32.51873,-114.93806,315.13,0.39,0.44,2025-08-08,952,N,VIIRS,n,2,296.79,1.79,N,0
32.52197,-114.93984,307.73,0.39,0.44,2025-08-08,952,N,VIIRS,n,2,297.55,0.97,N,0
32.85695,-117.02828,301.11,0.46,0.39,2025-08-08,952,N,VIIRS,n,2,290.02,0.8,N,2
33.49216,-117.61749,307.57,0.43,0.38,2025-08-08,952,N,VIIRS,n,2,289.75,1.05,N,2
33.61263,-117.82478,313.93,0.42,0.38,2025-08-08,952,N,VIIRS,n,2,289.64,0.96,N,2
33.71563,-117.7108,316.37,0.43,0.38,2025-08-08,952,N,VIIRS,n,2,291.1,1.24,N,2
33.71752,-117.71272,307.38,0.43,0.38,2025-08-08,952,N,VIIRS,n,2,291.37,1.34,N,2
33.79338,-118.35144,302.47,0.41,0.37,2025-08-08,952,N,VIIRS,n,2,290.27,0.16,N,2
33.79395,-117.47537,314.84,0.43,0.38,2025-08-08,952,N,VIIRS,n,2,292.17,1.4,N,2
33.79797,-117.27998,319.51,0.44,0.38,2025-08-08,952,N,VIIRS,n,2,291.57,2.43,N,0
33.80146,-117.27909,314.19,0.44,0.38,2025-08-08,952,N,VIIRS,n,2,291.67,1.37,N,0
33.85379,-118.33342,307.65,0.41,0.37,2025-08-08,952,N,VIIRS,n,2,295.82,1.05,N,2
33.95427,-117.12049,303.18,0.44,0.39,2025-08-08,952,N,VIIRS,n,2,291.79,0.51,N,2
34.03073,-117.49471,315.93,0.43,0.38,2025-08-08,952,N,VIIRS,n,2,292.18,0.62,N,0
34.03577,-118.10764,303.83,0.41,0.37,2025-08-08,952,N,VIIRS,n,2,290.76,0.38,N,2
34.04188,-117.82206,302.68,0.42,0.38,2025-08-08,952,N,VIIRS,n,2,291.72,0.5,N,2
34.14297,-117.4298,304.89,0.43,0.38,2025-08-08,952,N,VIIRS,n,2,292.87,0.62,N,2
34.15252,-118.19141,317.51,0.41,0.37,2025-08-08,952,N,VIIRS,n,2,294.77,1.73,N,2
34.24231,-118.38287,306.55,0.4,0.37,2025-08-08,952,N,VIIRS,n,2,289.57,0.54,N,2
34.28996,-118.80192,305.43,0.4,0.37,2025-08-08,952,N,VIIRS,n,2,290.62,0.71,N,2
34.2933,-118.80112,310.49,0.4,0.37,2025-08-08,952,N,VIIRS,n,2,291.23,0.71,N,2
34.32128,-118.51022,304.24,0.4,0.37,2025-08-08,952,N,VIIRS,n,2,293.8,0.26,N,2
34.33359,-118.52079,307.69,0.4,0.37,2025-08-08,952,N,VIIRS,n,2,292.89,0.52,N,2
34.33694,-118.51996,308.67,0.4,0.37,2025-08-08,952,N,VIIRS,n,2,294.76,0.93,N,2
34.35315,-116.85223,309.66,0.45,0.39,2025-08-08,952,N,VIIRS,n,2,295.48,1.68,N,2
34.42933,-118.64642,316.77,0.4,0.37,2025-08-08,952,N,VIIRS,n,2,290.87,1.41,N,2
34.43268,-118.64565,305.47,0.4,0.37,2025-08-08,952,N,VIIRS,n,2,291.03,0.62,N,2
34.45419,-118.68978,316.11,0.4,0.37,2025-08-08,952,N,VIIRS,n,2,292.3,1.94,N,0
34.46272,-118.67874,328.76,0.4,0.37,2025-08-08,952,N,VIIRS,n,2,293.42,2.66,N,0
34.46566,-118.6959,304.51,0.4,0.37,2025-08-08,952,N,VIIRS,n,2,292.66,0.72,N,0
34.46606,-118.67793,352.28,0.4,0.37,2025-08-08,952,N,VIIRS,n,2,300.53,12.16,N,0
34.46639,-118.70012,307.12,0.4,0.37,2025-08-08,952,N,VIIRS,n,2,292.7,0.72,N,0
34.46864,-118.67274,316.37,0.4,0.37,2025-08-08,952,N,VIIRS,n,2,291.22,2.23,N,0
34.46939,-118.67709,331.82,0.4,0.37,2025-08-08,952,N,VIIRS,n,2,294.11,12.16,N,0
34.47116,-118.7077,303.82,0.4,0.37,2025-08-08,952,N,VIIRS,n,2,292.29,0.91,N,0
34.47147,-118.72979,315.88,0.4,0.37,2025-08-08,952,N,VIIRS,n,2,291.29,1.74,N,0
34.47189,-118.71195,316.86,0.4,0.37,2025-08-08,952,N,VIIRS,n,2,293.56,7.42,N,0
34.47219,-118.73404,314.43,0.4,0.37,2025-08-08,952,N,VIIRS,n,2,291.28,1.74,N,0
34.47262,-118.71622,323.67,0.4,0.37,2025-08-08,952,N,VIIRS,n,2,293.53,7.42,N,0
34.47334,-118.72047,314.23,0.4,0.37,2025-08-08,952,N,VIIRS,n,2,292.75,3.54,N,0
34.47407,-118.72472,327.83,0.4,0.37,2025-08-08,952,N,VIIRS,n,2,293,3.54,N,0
34.47449,-118.70687,305.55,0.4,0.37,2025-08-08,952,N,VIIRS,n,2,291.84,0.91,N,0
34.4748,-118.72896,347.93,0.4,0.37,2025-08-08,952,N,VIIRS,n,2,297.81,7.87,N,0
34.47522,-118.71112,331.17,0.4,0.37,2025-08-08,952,N,VIIRS,n,2,296.43,7.42,N,0
34.47552,-118.73322,328.93,0.4,0.37,2025-08-08,952,N,VIIRS,n,2,292.19,7.87,N,0
34.47594,-118.71537,354.35,0.4,0.37,2025-08-08,952,N,VIIRS,n,2,305.8,7.42,N,0
34.47667,-118.71963,332.11,0.4,0.37,2025-08-08,952,N,VIIRS,n,2,293.3,3.54,N,0
34.47739,-118.72386,315.24,0.4,0.37,2025-08-08,952,N,VIIRS,n,2,291.89,3.54,N,0
34.47854,-118.71026,308.47,0.4,0.37,2025-08-08,952,N,VIIRS,n,2,291.42,1.01,N,0
34.47927,-118.71455,323.91,0.4,0.37,2025-08-08,952,N,VIIRS,n,2,291.57,1.01,N,0
34.48125,-118.66521,312.47,0.4,0.37,2025-08-08,952,N,VIIRS,n,2,290.92,1.49,N,0
34.48386,-118.6601,325.01,0.4,0.37,2025-08-08,952,N,VIIRS,n,2,292.85,2.94,N,0
34.4846,-118.66443,346.32,0.4,0.37,2025-08-08,952,N,VIIRS,n,2,298.77,9.47,N,0
34.48565,-118.69087,309.18,0.4,0.37,2025-08-08,952,N,VIIRS,n,2,292.85,1.09,N,0
34.49421,-118.67999,334.35,0.4,0.37,2025-08-08,952,N,VIIRS,n,2,292.82,1.83,N,0
34.49753,-118.67914,307.93,0.4,0.37,2025-08-08,952,N,VIIRS,n,2,291.77,1.83,N,0
34.49942,-118.66982,328.59,0.4,0.37,2025-08-08,952,N,VIIRS,n,2,294.24,2.71,N,0
34.60701,-117.33735,314.94,0.43,0.38,2025-08-08,952,N,VIIRS,n,2,293.96,2.48,N,2
34.62174,-117.09836,310.83,0.44,0.38,2025-08-08,952,N,VIIRS,n,2,294.45,1.15,N,2
34.62259,-117.10302,311.42,0.44,0.38,2025-08-08,952,N,VIIRS,n,2,293.9,1.15,N,2
34.97877,-120.07363,301.18,0.38,0.36,2025-08-08,952,N,VIIRS,n,2,289.8,0.38,N,0
35.12294,-118.36706,302.95,0.4,0.37,2025-08-08,952,N,VIIRS,n,2,291.6,1.05,N,0
35.15342,-120.2572,305.24,0.38,0.36,2025-08-08,952,N,VIIRS,n,2,290.88,0.72,N,0
35.15408,-120.2614,308.48,0.38,0.36,2025-08-08,952,N,VIIRS,n,2,291.64,0.72,N,0
35.15473,-120.26557,304.07,0.38,0.36,2025-08-08,952,N,VIIRS,n,2,291.32,0.73,N,0
35.15538,-120.26977,302.63,0.38,0.36,2025-08-08,952,N,VIIRS,n,2,290.78,0.73,N,0
35.15668,-120.27813,305.78,0.38,0.36,2025-08-08,952,N,VIIRS,n,2,290.39,1.16,N,0
35.15671,-120.25645,301.98,0.38,0.36,2025-08-08,952,N,VIIRS,n,2,290.92,0.72,N,0
35.15804,-120.24314,303.78,0.38,0.36,2025-08-08,952,N,VIIRS,n,2,292.18,0.68,N,0
35.1587,-120.24732,301.44,0.38,0.36,2025-08-08,952,N,VIIRS,n,2,291.43,0.87,N,0
35.15935,-120.25152,304.02,0.38,0.36,2025-08-08,952,N,VIIRS,n,2,291.84,0.87,N,0
35.15937,-120.22983,304.17,0.38,0.36,2025-08-08,952,N,VIIRS,n,2,291.51,0.86,N,0
35.16063,-120.28156,302.75,0.38,0.36,2025-08-08,952,N,VIIRS,n,2,290.71,0.95,N,0
35.16133,-120.24238,300.65,0.38,0.36,2025-08-08,952,N,VIIRS,n,2,290.26,0.68,N,0
35.16266,-120.22906,304.75,0.38,0.36,2025-08-08,952,N,VIIRS,n,2,291.47,1.48,N,0
35.16391,-120.28081,303.26,0.38,0.36,2025-08-08,952,N,VIIRS,n,2,290.6,1.06,N,0
35.16858,-120.22334,302.65,0.38,0.36,2025-08-08,952,N,VIIRS,n,2,291.9,0.74,N,0
35.16984,-120.27512,301.94,0.38,0.36,2025-08-08,952,N,VIIRS,n,2,290.13,0.86,N,0
35.17049,-120.2793,301.65,0.38,0.36,2025-08-08,952,N,VIIRS,n,2,289.75,0.64,N,0
35.17121,-120.21839,301.7,0.38,0.36,2025-08-08,952,N,VIIRS,n,2,291.24,0.74,N,0
35.17186,-120.22259,305.4,0.38,0.36,2025-08-08,952,N,VIIRS,n,2,292.15,0.74,N,0
35.17378,-120.27854,302.78,0.38,0.36,2025-08-08,952,N,VIIRS,n,2,289.82,0.64,N,0
35.17577,-120.26942,304.53,0.38,0.36,2025-08-08,952,N,VIIRS,n,2,290.53,0.67,N,0
35.17642,-120.27359,301.71,0.38,0.36,2025-08-08,952,N,VIIRS,n,2,290.34,0.67,N,0
35.17707,-120.27779,335.82,0.38,0.36,2025-08-08,952,N,VIIRS,n,2,293.83,6.26,N,0
35.17772,-120.28197,320.14,0.38,0.36,2025-08-08,952,N,VIIRS,n,2,288.96,6.26,N,0
35.17906,-120.26865,302.91,0.38,0.36,2025-08-08,952,N,VIIRS,n,2,290.48,0.67,N,0
35.18101,-120.28119,353.86,0.38,0.36,2025-08-08,952,N,VIIRS,n,2,295.49,6.26,N,0
35.18166,-120.28539,301.83,0.38,0.36,2025-08-08,952,N,VIIRS,n,2,289,3.37,N,0
35.18365,-120.27625,306.09,0.38,0.36,2025-08-08,952,N,VIIRS,n,2,291.81,12.38,N,0
35.1843,-120.28043,347.36,0.38,0.36,2025-08-08,952,N,VIIRS,n,2,305.71,12.38,N,0
35.18496,-120.28461,309.73,0.38,0.36,2025-08-08,952,N,VIIRS,n,2,290.21,7.5,N,0
35.18694,-120.27549,307.29,0.38,0.36,2025-08-08,952,N,VIIRS,n,2,292.61,12.38,N,0
35.18759,-120.27966,329.94,0.38,0.36,2025-08-08,952,N,VIIRS,n,2,312.57,12.38,N,0
35.18824,-120.28385,307.11,0.38,0.36,2025-08-08,952,N,VIIRS,n,2,290.98,7.5,N,0
35.18965,-120.18381,299.97,0.38,0.36,2025-08-08,952,N,VIIRS,n,2,287.72,0.39,N,0
35.19088,-120.27888,343.33,0.38,0.36,2025-08-08,952,N,VIIRS,n,2,297.8,6.43,N,0
35.19222,-120.24384,306.46,0.38,0.36,2025-08-08,952,N,VIIRS,n,2,292.89,1.75,N,0
35.19359,-120.18722,299.87,0.38,0.36,2025-08-08,952,N,VIIRS,n,2,287.75,0.72,N,0
35.19416,-120.27811,339.41,0.38,0.36,2025-08-08,952,N,VIIRS,n,2,302,6.43,N,0
35.19679,-120.27314,311.02,0.38,0.36,2025-08-08,952,N,VIIRS,n,2,295.66,16.4,N,0
35.19744,-120.27734,346.39,0.38,0.36,2025-08-08,952,N,VIIRS,n,2,306.84,16.4,N,0
35.19814,-120.23814,306.78,0.38,0.36,2025-08-08,952,N,VIIRS,n,2,291.75,0.79,N,0
35.19879,-120.24232,304.41,0.38,0.36,2025-08-08,952,N,VIIRS,n,2,292.65,0.79,N,0
35.19945,-120.24651,309.88,0.38,0.36,2025-08-08,952,N,VIIRS,n,2,292.66,1.36,N,0
35.20008,-120.27236,345.1,0.38,0.36,2025-08-08,952,N,VIIRS,n,2,306.36,16.4,N,0
35.20073,-120.27654,352.94,0.38,0.36,2025-08-08,952,N,VIIRS,n,2,311.91,16.4,N,0
35.20145,-120.21571,307.45,0.38,0.36,2025-08-08,952,N,VIIRS,n,2,291.76,1.45,N,0
35.20208,-120.24156,306.26,0.38,0.36,2025-08-08,952,N,VIIRS,n,2,292.4,0.79,N,0
35.20274,-120.24575,309.96,0.38,0.36,2025-08-08,952,N,VIIRS,n,2,292.31,1.36,N,0
35.20336,-120.27158,341.69,0.38,0.36,2025-08-08,952,N,VIIRS,n,2,316.19,45.88,N,0
35.20339,-120.24993,318.7,0.38,0.36,2025-08-08,952,N,VIIRS,n,2,293.18,1.36,N,0
35.20341,-120.22826,302.88,0.38,0.36,2025-08-08,952,N,VIIRS,n,2,292.03,1.23,N,0
35.20401,-120.27578,341.83,0.38,0.36,2025-08-08,952,N,VIIRS,n,2,313.59,45.88,N,0
35.20404,-120.25411,336.54,0.38,0.36,2025-08-08,952,N,VIIRS,n,2,295.98,3.32,N,0
35.20408,-120.21077,309.31,0.38,0.36,2025-08-08,952,N,VIIRS,n,2,295.57,1.45,N,0
35.20469,-120.25828,323,0.38,0.36,2025-08-08,952,N,VIIRS,n,2,297.04,3.32,N,0
35.20535,-120.26246,327.6,0.38,0.36,2025-08-08,952,N,VIIRS,n,2,296.59,9.08,N,0
35.20599,-120.26665,345.34,0.38,0.36,2025-08-08,952,N,VIIRS,n,2,304.81,9.08,N,0
35.20602,-120.24499,311.89,0.38,0.36,2025-08-08,952,N,VIIRS,n,2,294.22,16.95,N,0
35.20604,-120.22331,309.35,0.38,0.36,2025-08-08,952,N,VIIRS,n,2,294.49,2.21,N,0
35.20607,-120.20164,303.9,0.38,0.36,2025-08-08,952,N,VIIRS,n,2,291.46,1.79,N,0
35.20668,-120.24917,331.74,0.38,0.36,2025-08-08,952,N,VIIRS,n,2,293.66,16.95,N,0
35.2067,-120.22749,306.76,0.38,0.36,2025-08-08,952,N,VIIRS,n,2,294.21,1.23,N,0
35.20672,-120.20584,324.62,0.38,0.36,2025-08-08,952,N,VIIRS,n,2,294.03,1.79,N,0
35.20732,-120.25335,355.2,0.38,0.36,2025-08-08,952,N,VIIRS,n,2,295.99,22.29,N,0
35.20737,-120.21001,335.92,0.38,0.36,2025-08-08,952,N,VIIRS,n,2,298.88,2.36,N,0
35.20798,-120.25755,336.3,0.38,0.36,2025-08-08,952,N,VIIRS,n,2,294.21,22.29,N,0
35.20803,-120.2142,306.3,0.38,0.36,2025-08-08,952,N,VIIRS,n,2,291.95,2.36,N,0
35.20863,-120.26171,354.12,0.38,0.36,2025-08-08,952,N,VIIRS,n,2,304.98,8.55,N,0
35.20866,-120.24004,319.38,0.38,0.36,2025-08-08,952,N,VIIRS,n,2,297.46,3.24,N,0
35.20868,-120.21836,318.76,0.38,0.36,2025-08-08,952,N,VIIRS,n,2,292.56,15.61,N,0
35.20928,-120.2659,326.94,0.38,0.36,2025-08-08,952,N,VIIRS,n,2,294.5,8.55,N,0
35.20931,-120.24422,352.93,0.38,0.36,2025-08-08,952,N,VIIRS,n,2,303.85,16.95,N,0
35.20934,-120.22256,331,0.38,0.36,2025-08-08,952,N,VIIRS,n,2,295.89,15.61,N,0
35.20997,-120.24842,332.43,0.38,0.36,2025-08-08,952,N,VIIRS,n,2,315.13,16.95,N,0
35.20998,-120.22674,313.43,0.38,0.36,2025-08-08,952,N,VIIRS,n,2,295.03,11.59,N,0
35.21001,-120.20507,326.01,0.38,0.36,2025-08-08,952,N,VIIRS,n,2,291.18,1.79,N,0
35.21062,-120.25259,342.42,0.38,0.36,2025-08-08,952,N,VIIRS,n,2,325.56,22.29,N,0
35.21064,-120.23092,319.8,0.38,0.36,2025-08-08,952,N,VIIRS,n,2,295.06,11.59,N,0
35.21066,-120.20925,314.87,0.38,0.36,2025-08-08,952,N,VIIRS,n,2,290.13,2.36,N,0
35.21129,-120.2351,308.88,0.38,0.36,2025-08-08,952,N,VIIRS,n,2,294.73,1.65,N,0
35.21132,-120.21345,321.86,0.38,0.36,2025-08-08,952,N,VIIRS,n,2,290.48,2.36,N,0
35.21197,-120.21761,335.94,0.38,0.36,2025-08-08,952,N,VIIRS,n,2,292.85,15.61,N,0
35.21262,-120.22181,339.71,0.38,0.36,2025-08-08,952,N,VIIRS,n,2,314.91,15.61,N,0
35.21328,-120.22598,353.35,0.38,0.36,2025-08-08,952,N,VIIRS,n,2,305.41,11.59,N,0
35.21591,-120.22104,345.97,0.38,0.36,2025-08-08,952,N,VIIRS,n,2,309.26,32.06,N,0
35.21656,-120.22522,303.72,0.38,0.36,2025-08-08,952,N,VIIRS,n,2,289.95,2.75,N,0
36.62619,-120.98205,303.32,0.39,0.36,2025-08-08,952,N,VIIRS,n,2,290.57,1.25,N,0
36.66261,-120.54127,324.45,0.39,0.36,2025-08-08,952,N,VIIRS,n,2,293.39,1.64,N,0
37.18293,-121.67786,298.83,0.41,0.37,2025-08-08,952,N,VIIRS,n,2,288.79,0.32,N,2
32.49589,-115.35377,311.56,0.56,0.43,2025-08-08,953,N,VIIRS,n,2,297.37,1.11,N,0
32.49702,-116.3171,307.87,0.5,0.41,2025-08-08,953,N,VIIRS,n,2,291.64,2.06,N,2
32.50972,-116.76919,340.69,0.48,0.4,2025-08-08,953,N,VIIRS,n,2,291.94,6.85,N,2
32.59684,-117.01074,303.92,0.47,0.39,2025-08-08,953,N,VIIRS,n,2,290.8,0.45,N,0
32.59769,-117.01382,304.96,0.47,0.39,2025-08-08,953,N,VIIRS,n,2,290.61,0.94,N,2
41.26519,-116.98204,367,0.67,0.74,2025-08-08,1933,N,VIIRS,h,2,308.52,13.29,D,0
41.26616,-116.98338,367,0.67,0.74,2025-08-08,1933,N,VIIRS,h,2,304.84,17.11,D,0
41.29302,-116.94804,346.54,0.67,0.73,2025-08-08,1933,N,VIIRS,n,2,303.04,6.41,D,0
32.09216,-114.99896,341.25,0.42,0.45,2025-08-08,2111,N,VIIRS,n,2,311.17,5.88,D,0
32.14408,-115.07466,347.66,0.42,0.45,2025-08-08,2111,N,VIIRS,n,2,309.35,8.89,D,0
32.18209,-115.1681,336.9,0.41,0.45,2025-08-08,2111,N,VIIRS,l,2,311.09,4.6,D,0
32.49396,-116.83297,340.83,0.52,0.41,2025-08-08,2111,N,VIIRS,l,2,311.11,4.13,D,0
32.49773,-116.83391,346.97,0.52,0.41,2025-08-08,2111,N,VIIRS,n,2,313.7,29.03,D,0
32.50932,-116.76767,338.86,0.52,0.41,2025-08-08,2111,N,VIIRS,l,2,309.75,3.57,D,2
32.68694,-116.27953,354.73,0.55,0.43,2025-08-08,2111,N,VIIRS,l,2,328.11,34.22,D,0
32.68732,-116.28378,350.15,0.55,0.43,2025-08-08,2111,N,VIIRS,l,2,324.68,22.23,D,0
32.688,-116.27779,351.4,0.55,0.43,2025-08-08,2111,N,VIIRS,l,2,327,25.07,D,0
33.28529,-115.51045,350.73,0.41,0.45,2025-08-08,2111,N,VIIRS,n,2,320.53,34.08,D,0
33.298,-117.45351,338.52,0.49,0.4,2025-08-08,2111,N,VIIRS,n,2,291.51,6.95,D,0
33.29863,-117.44823,339.75,0.49,0.4,2025-08-08,2111,N,VIIRS,n,2,294.23,50.39,D,0
33.30173,-117.45415,345.27,0.49,0.4,2025-08-08,2111,N,VIIRS,n,2,294.37,6.95,D,0
33.30299,-117.44359,336.75,0.49,0.41,2025-08-08,2111,N,VIIRS,n,2,296.87,50.39,D,0
33.30545,-117.45482,336.74,0.49,0.4,2025-08-08,2111,N,VIIRS,n,2,291.59,4.08,D,0
33.3061,-117.44947,354.2,0.49,0.4,2025-08-08,2111,N,VIIRS,n,2,300.08,32.64,D,0
33.3062,-117.45223,349.62,0.49,0.41,2025-08-08,2111,N,VIIRS,n,2,293.37,9.56,D,0
33.30672,-117.44423,337.46,0.49,0.41,2025-08-08,2111,N,VIIRS,n,2,294.69,32.64,D,0
33.30681,-117.44689,347.11,0.49,0.41,2025-08-08,2111,N,VIIRS,n,2,296.8,31.93,D,0
34.47487,-118.70728,349.61,0.45,0.39,2025-08-08,2112,N,VIIRS,l,2,323.85,12.31,D,0
34.97729,-120.07361,351.65,0.41,0.37,2025-08-08,2112,N,VIIRS,n,2,321.43,10.95,D,0
35.18933,-120.28342,367,0.41,0.37,2025-08-08,2112,N,VIIRS,l,2,340.85,63.69,D,0
35.18993,-120.27898,351.77,0.41,0.37,2025-08-08,2112,N,VIIRS,l,2,326.77,20.6,D,0
35.19271,-120.28419,367,0.41,0.37,2025-08-08,2112,N,VIIRS,h,2,339.61,63.69,D,0
35.19331,-120.27979,367,0.41,0.37,2025-08-08,2112,N,VIIRS,h,2,336.29,20.6,D,0
35.1939,-120.27544,367,0.41,0.37,2025-08-08,2112,N,VIIRS,l,2,328.33,20.6,D,0
35.1961,-120.28499,367,0.41,0.37,2025-08-08,2112,N,VIIRS,h,2,327.89,43.24,D,0
35.19669,-120.28064,367,0.41,0.37,2025-08-08,2112,N,VIIRS,h,2,359.31,62.52,D,0
35.19695,-120.09702,367,0.41,0.37,2025-08-08,2112,N,VIIRS,h,2,361.99,179.92,D,0
35.19757,-120.09241,367,0.41,0.37,2025-08-08,2112,N,VIIRS,h,2,357.72,179.92,D,0
35.19976,-120.10225,367,0.41,0.37,2025-08-08,2112,N,VIIRS,h,2,364,187.05,D,0
35.20005,-120.28155,367,0.41,0.37,2025-08-08,2112,N,VIIRS,h,2,356.9,62.52,D,0
35.20037,-120.09767,367,0.41,0.37,2025-08-08,2112,N,VIIRS,h,2,362.8,0,D,0
35.20064,-120.27723,352.48,0.41,0.37,2025-08-08,2112,N,VIIRS,l,2,329.21,62.52,D,0
35.201,-120.09303,367,0.41,0.37,2025-08-08,2112,N,VIIRS,l,2,382.68,0,D,0
35.20162,-120.08836,367,0.41,0.37,2025-08-08,2112,N,VIIRS,h,2,364.15,0,D,0
35.20319,-120.10287,367,0.41,0.37,2025-08-08,2112,N,VIIRS,l,2,330.35,187.05,D,0
35.20343,-120.2824,367,0.41,0.37,2025-08-08,2112,N,VIIRS,h,2,343.44,62.35,D,0
35.20362,-120.20377,367,0.41,0.37,2025-08-08,2112,N,VIIRS,l,2,325.2,10.83,D,0
35.204,-120.27813,356.57,0.41,0.37,2025-08-08,2112,N,VIIRS,l,2,335.54,62.35,D,0
35.20443,-120.09366,367,0.41,0.37,2025-08-08,2112,N,VIIRS,l,2,367.75,0,D,0
35.20506,-120.08896,367,0.41,0.37,2025-08-08,2112,N,VIIRS,h,2,368.08,0,D,0
35.20568,-120.08434,355.82,0.41,0.37,2025-08-08,2112,N,VIIRS,n,2,318.85,0,D,0
35.20641,-120.20899,354.41,0.41,0.37,2025-08-08,2112,N,VIIRS,l,2,325.01,19.58,D,0
35.20681,-120.2832,367,0.41,0.37,2025-08-08,2112,N,VIIRS,h,2,346.83,62.35,D,0
35.2074,-120.27884,367,0.41,0.37,2025-08-08,2112,N,VIIRS,h,2,335.07,62.35,D,0
35.20801,-120.27435,356.77,0.41,0.37,2025-08-08,2112,N,VIIRS,l,2,337.48,32.94,D,0
35.20849,-120.08955,367,0.41,0.37,2025-08-08,2112,N,VIIRS,h,2,364.06,316.2,D,0
35.20863,-120.26978,354.98,0.41,0.37,2025-08-08,2112,N,VIIRS,l,2,348.95,32.94,D,0
35.20893,-120.24198,352.67,0.41,0.37,2025-08-08,2112,N,VIIRS,l,2,330.92,8.3,D,0
35.20927,-120.26519,367,0.41,0.37,2025-08-08,2112,N,VIIRS,h,2,330.77,36.58,D,0
35.20955,-120.23747,350.68,0.41,0.37,2025-08-08,2112,N,VIIRS,l,2,332.64,7.59,D,0
35.20972,-120.08038,356.78,0.41,0.37,2025-08-08,2112,N,VIIRS,n,2,307,21.15,D,0
35.20984,-120.20958,355.77,0.41,0.37,2025-08-08,2112,N,VIIRS,n,2,322.59,19.58,D,0
35.21016,-120.23297,367,0.41,0.37,2025-08-08,2112,N,VIIRS,l,2,328.98,7.59,D,0
35.21019,-120.28397,367,0.41,0.37,2025-08-08,2112,N,VIIRS,h,2,356.84,89.09,D,0
35.21078,-120.22843,355.31,0.41,0.37,2025-08-08,2112,N,VIIRS,l,2,327.75,12.73,D,0
35.2108,-120.27956,367,0.41,0.37,2025-08-08,2112,N,VIIRS,h,2,361.91,89.09,D,0
35.2114,-120.22385,367,0.41,0.37,2025-08-08,2112,N,VIIRS,l,2,326.48,12.73,D,0
35.21143,-120.27497,367,0.41,0.37,2025-08-08,2112,N,VIIRS,l,2,379.26,143.21,D,0
35.21172,-120.2472,356.04,0.41,0.37,2025-08-08,2112,N,VIIRS,l,2,333.17,8.3,D,0
35.21206,-120.27036,367,0.41,0.37,2025-08-08,2112,N,VIIRS,h,2,377.58,143.21,D,0
35.21234,-120.24265,356.08,0.41,0.37,2025-08-08,2112,N,VIIRS,l,2,335.07,8.3,D,0
35.21254,-120.08557,367,0.41,0.37,2025-08-08,2112,N,VIIRS,h,2,304.79,316.2,D,0
35.21264,-120.21471,355.08,0.41,0.37,2025-08-08,2112,N,VIIRS,l,2,321.91,36.09,D,0
35.21268,-120.26579,356.19,0.41,0.37,2025-08-08,2112,N,VIIRS,l,2,333.44,52.55,D,0
35.21296,-120.23809,367,0.41,0.37,2025-08-08,2112,N,VIIRS,h,2,337.49,7.59,D,0
35.21315,-120.08099,355.12,0.41,0.37,2025-08-08,2112,N,VIIRS,n,2,300.67,21.15,D,0
35.21326,-120.2102,367,0.41,0.37,2025-08-08,2112,N,VIIRS,h,2,325.46,30.76,D,0
35.21358,-120.28325,367,0.41,0.37,2025-08-08,2112,N,VIIRS,l,2,326.33,104.57,D,0
35.21358,-120.23357,367,0.41,0.37,2025-08-08,2112,N,VIIRS,h,2,340.69,7.59,D,0
35.21418,-120.27872,367,0.41,0.37,2025-08-08,2112,N,VIIRS,l,2,382.24,104.57,D,0
35.2142,-120.22905,367,0.41,0.37,2025-08-08,2112,N,VIIRS,h,2,341.57,12.73,D,0
35.21422,-120.28012,367,0.41,0.37,2025-08-08,2112,N,VIIRS,l,2,367.17,89.09,D,0
35.21479,-120.27411,367,0.41,0.37,2025-08-08,2112,N,VIIRS,l,2,386.42,224.05,D,0
35.21482,-120.22449,355.3,0.41,0.37,2025-08-08,2112,N,VIIRS,l,2,324.67,12.73,D,0
35.21485,-120.27556,367,0.41,0.37,2025-08-08,2112,N,VIIRS,l,2,373.73,143.21,D,0
35.21513,-120.24784,354.1,0.41,0.37,2025-08-08,2112,N,VIIRS,l,2,330.57,19.68,D,0
35.2154,-120.26955,367,0.41,0.37,2025-08-08,2112,N,VIIRS,h,2,374.23,224.05,D,0
35.21548,-120.27097,367,0.41,0.37,2025-08-08,2112,N,VIIRS,h,2,370.74,143.21,D,0
35.21575,-120.24329,367,0.41,0.37,2025-08-08,2112,N,VIIRS,h,2,338.87,19.68,D,0
35.216,-120.26511,367,0.41,0.37,2025-08-08,2112,N,VIIRS,h,2,358.73,117.45,D,0
35.21608,-120.26652,367,0.41,0.37,2025-08-08,2112,N,VIIRS,h,2,366.38,52.55,D,0
35.21638,-120.23871,367,0.41,0.37,2025-08-08,2112,N,VIIRS,h,2,341.81,29.23,D,0
35.21667,-120.21085,355.53,0.41,0.37,2025-08-08,2112,N,VIIRS,l,2,324.19,30.76,D,0
35.21668,-120.26208,354.21,0.41,0.37,2025-08-08,2112,N,VIIRS,l,2,331.66,52.55,D,0
35.217,-120.23417,356.8,0.41,0.37,2025-08-08,2112,N,VIIRS,l,2,353.37,29.23,D,0
35.21761,-120.22968,367,0.41,0.37,2025-08-08,2112,N,VIIRS,h,2,349.75,27.88,D,0
35.21779,-120.25166,354.54,0.41,0.37,2025-08-08,2112,N,VIIRS,l,2,325.82,24.5,D,0
35.21823,-120.22513,367,0.41,0.37,2025-08-08,2112,N,VIIRS,h,2,331.96,27.88,D,0
35.2184,-120.24706,355.87,0.41,0.37,2025-08-08,2112,N,VIIRS,l,2,346.15,71.94,D,0
35.21854,-120.24854,367,0.41,0.37,2025-08-08,2112,N,VIIRS,h,2,338.94,19.68,D,0
35.21901,-120.24243,367,0.41,0.37,2025-08-08,2112,N,VIIRS,h,2,356.37,71.94,D,0
35.21917,-120.24392,367,0.41,0.37,2025-08-08,2112,N,VIIRS,h,2,358.44,19.68,D,0
35.21939,-120.26586,367,0.41,0.37,2025-08-08,2112,N,VIIRS,h,2,349.73,117.45,D,0
35.21962,-120.23785,356,0.41,0.37,2025-08-08,2112,N,VIIRS,l,2,344.8,97.32,D,0
35.2198,-120.23932,356.36,0.41,0.37,2025-08-08,2112,N,VIIRS,l,2,348.38,29.23,D,0
35.22022,-120.23334,367,0.41,0.37,2025-08-08,2112,N,VIIRS,h,2,355.16,97.32,D,0
35.22042,-120.23479,367,0.41,0.37,2025-08-08,2112,N,VIIRS,h,2,350.5,29.23,D,0
35.22082,-120.22883,367,0.41,0.37,2025-08-08,2112,N,VIIRS,h,2,351.9,100.96,D,0
35.22103,-120.23029,367,0.41,0.37,2025-08-08,2112,N,VIIRS,h,2,359.66,27.88,D,0
35.22119,-120.2524,367,0.41,0.37,2025-08-08,2112,N,VIIRS,h,2,331.85,24.5,D,0
35.22165,-120.22577,367,0.41,0.37,2025-08-08,2112,N,VIIRS,h,2,322.37,27.88,D,0
35.22181,-120.2477,367,0.41,0.37,2025-08-08,2112,N,VIIRS,h,2,358.77,71.94,D,0
35.22242,-120.24307,367,0.41,0.37,2025-08-08,2112,N,VIIRS,l,2,384.23,71.94,D,0
35.22304,-120.23847,367,0.41,0.37,2025-08-08,2112,N,VIIRS,l,2,384.56,97.32,D,0
35.22338,-120.26221,367,0.41,0.37,2025-08-08,2112,N,VIIRS,h,2,324.55,72.17,D,0
35.22364,-120.23395,367,0.41,0.37,2025-08-08,2112,N,VIIRS,h,2,359,97.32,D,0
35.22398,-120.25768,367,0.41,0.37,2025-08-08,2112,N,VIIRS,h,2,352.5,265.31,D,0
35.2246,-120.25306,367,0.41,0.37,2025-08-08,2112,N,VIIRS,l,2,385.67,265.31,D,0
35.22522,-120.24837,367,0.41,0.37,2025-08-08,2112,N,VIIRS,h,2,357.01,194.32,D,0
35.22583,-120.24374,367,0.41,0.37,2025-08-08,2112,N,VIIRS,l,2,370.01,194.32,D,0
35.22644,-120.23913,367,0.41,0.37,2025-08-08,2112,N,VIIRS,l,2,375.35,132.98,D,0
35.22679,-120.26287,367,0.41,0.37,2025-08-08,2112,N,VIIRS,l,2,327.73,72.17,D,0
35.22705,-120.2346,367,0.41,0.37,2025-08-08,2112,N,VIIRS,l,2,334.52,132.98,D,0
35.22739,-120.25831,367,0.41,0.37,2025-08-08,2112,N,VIIRS,h,2,372.49,265.31,D,0
35.22801,-120.25368,367,0.41,0.37,2025-08-08,2112,N,VIIRS,l,2,381.19,265.31,D,0
35.22863,-120.24905,367,0.41,0.37,2025-08-08,2112,N,VIIRS,l,2,333.51,194.32,D,0
35.22924,-120.2444,367,0.41,0.37,2025-08-08,2112,N,VIIRS,h,2,302.93,194.32,D,0
35.22985,-120.2398,367,0.41,0.37,2025-08-08,2112,N,VIIRS,h,2,302.55,132.98,D,0
35.23046,-120.23524,355.71,0.41,0.37,2025-08-08,2112,N,VIIRS,l,2,300.94,132.98,D,0
35.23081,-120.25891,367,0.41,0.37,2025-08-08,2112,N,VIIRS,l,2,368.2,367.78,D,0
35.23204,-120.24963,367,0.41,0.37,2025-08-08,2112,N,VIIRS,h,2,299.9,28.27,D,0
35.23266,-120.24502,355.85,0.41,0.37,2025-08-08,2112,N,VIIRS,l,2,297.96,28.27,D,0
35.23485,-120.25481,355.3,0.41,0.37,2025-08-08,2112,N,VIIRS,n,2,300.62,367.78,D,0
38.24833,-121.65564,349.25,0.4,0.37,2025-08-08,2113,N,VIIRS,n,2,314.81,12.92,D,0
38.43051,-120.51873,367,0.43,0.38,2025-08-08,2113,N,VIIRS,h,2,330.99,184.81,D,0
38.43113,-120.51384,367,0.43,0.38,2025-08-08,2113,N,VIIRS,l,2,334.6,184.81,D,0
38.43459,-120.51464,367,0.43,0.38,2025-08-08,2113,N,VIIRS,l,2,372.56,184.81,D,0
38.43521,-120.50977,343.74,0.43,0.38,2025-08-08,2113,N,VIIRS,n,2,306.74,37.96,D,0
38.43805,-120.51548,367,0.43,0.38,2025-08-08,2113,N,VIIRS,l,2,359.89,139.13,D,0
38.43867,-120.51049,350.73,0.43,0.38,2025-08-08,2113,N,VIIRS,n,2,307.53,61.71,D,0
38.4415,-120.51633,330.67,0.43,0.38,2025-08-08,2113,N,VIIRS,l,2,303.35,139.13,D,0
38.69578,-122.27111,348.14,0.39,0.36,2025-08-08,2113,N,VIIRS,l,2,319.98,11.5,D,0
38.69912,-122.27186,351.07,0.39,0.36,2025-08-08,2113,N,VIIRS,l,2,322.28,11.5,D,0
38.98297,-122.07112,353.85,0.4,0.37,2025-08-08,2113,N,VIIRS,n,2,323.02,14.75,D,0
39.5885,-121.97845,339.71,0.4,0.37,2025-08-08,2113,N,VIIRS,l,2,314.14,3.46,D,0
39.71034,-121.85082,352.25,0.4,0.37,2025-08-08,2113,N,VIIRS,n,2,320.12,9.64,D,0
40.47129,-122.3312,342.21,0.4,0.37,2025-08-08,2113,N,VIIRS,l,2,316.95,4.19,D,0
41.24239,-116.90007,345.46,0.43,0.46,2025-08-08,2113,N,VIIRS,l,2,317.51,13.26,D,0
41.28512,-122.99941,340.32,0.39,0.36,2025-08-08,2114,N,VIIRS,n,2,307.52,4.92,D,0
41.28846,-123.00016,338.81,0.39,0.36,2025-08-08,2114,N,VIIRS,l,2,311.32,4.92,D,0
41.28914,-122.99535,334.06,0.39,0.36,2025-08-08,2114,N,VIIRS,l,2,305.66,10.9,D,0
41.29512,-123.00172,341.48,0.39,0.36,2025-08-08,2114,N,VIIRS,n,2,306.79,6.5,D,0
41.29648,-122.99213,339.07,0.39,0.36,2025-08-08,2114,N,VIIRS,n,2,305.37,5.51,D,0
40.8228,-114.25535,315.24,0.39,0.36,2025-08-09,931,N,VIIRS,n,2,287.14,1.8,N,2
37.93061,-122.3494,300.34,0.47,0.48,2025-08-09,932,N,VIIRS,n,2,288.05,0.38,N,0
38.43529,-120.5168,302.9,0.38,0.44,2025-08-09,932,N,VIIRS,n,2,292.18,0.96,N,0
38.43928,-120.51591,303.85,0.38,0.44,2025-08-09,932,N,VIIRS,n,2,292.81,0.96,N,0
39.4936,-119.62128,299.18,0.54,0.42,2025-08-09,932,N,VIIRS,n,2,289.01,0.68,N,2
39.49366,-119.62225,299.53,0.54,0.42,2025-08-09,932,N,VIIRS,n,2,289.33,0.58,N,2
39.62111,-119.26434,306.53,0.52,0.42,2025-08-09,932,N,VIIRS,n,2,289.09,1.9,N,2
39.71006,-121.85544,302.5,0.46,0.47,2025-08-09,932,N,VIIRS,n,2,292.13,0.35,N,0
41.28972,-122.9947,308,0.55,0.51,2025-08-09,932,N,VIIRS,n,2,287.83,1.41,N,0
41.28992,-122.99542,313.22,0.55,0.51,2025-08-09,932,N,VIIRS,n,2,288.02,2.41,N,0
41.29015,-123.00036,296.72,0.55,0.51,2025-08-09,932,N,VIIRS,n,2,286.27,1.32,N,0
41.29472,-122.99557,305.99,0.55,0.51,2025-08-09,932,N,VIIRS,n,2,287.48,1.51,N,0
33.71628,-117.71243,312.77,0.4,0.37,2025-08-09,933,N,VIIRS,n,2,289.54,1.29,N,2
33.77879,-118.23742,308.43,0.42,0.38,2025-08-09,933,N,VIIRS,n,2,295.64,1.21,N,2
33.79433,-117.47528,315.31,0.4,0.37,2025-08-09,933,N,VIIRS,n,2,291.76,1.06,N,2
33.81849,-118.2435,303.83,0.42,0.38,2025-08-09,933,N,VIIRS,n,2,293.71,1.48,N,2
33.85369,-118.33186,306.49,0.42,0.38,2025-08-09,933,N,VIIRS,n,2,294.71,1.47,N,2
33.87648,-116.99937,304.69,0.39,0.36,2025-08-09,933,N,VIIRS,n,2,291.32,0.3,N,2
33.88916,-116.50852,330.38,0.39,0.36,2025-08-09,933,N,VIIRS,n,2,299.2,2.63,N,0
33.9563,-117.12232,303.13,0.4,0.37,2025-08-09,933,N,VIIRS,n,2,292.28,0.55,N,2
34.03535,-118.10477,306.79,0.42,0.37,2025-08-09,933,N,VIIRS,n,2,291.42,0.55,N,2
34.11517,-117.92554,306.19,0.41,0.37,2025-08-09,933,N,VIIRS,n,2,292.68,0.58,N,2
34.14283,-117.4264,314.06,0.4,0.37,2025-08-09,933,N,VIIRS,n,2,292.25,0.34,N,2
34.15321,-118.19194,320.74,0.42,0.38,2025-08-09,933,N,VIIRS,n,2,290.16,1.31,N,2
34.15511,-118.19408,310.75,0.42,0.38,2025-08-09,933,N,VIIRS,n,2,290.92,1.34,N,2
34.29295,-118.80286,314.71,0.44,0.38,2025-08-09,933,N,VIIRS,n,2,288.86,1.74,N,2
34.31983,-118.51362,307.85,0.43,0.38,2025-08-09,933,N,VIIRS,n,2,290.09,0.49,N,2
34.335,-118.52008,319.3,0.43,0.38,2025-08-09,933,N,VIIRS,n,2,291.43,1.13,N,2
34.35324,-116.85183,310.66,0.39,0.36,2025-08-09,933,N,VIIRS,n,2,295.2,1.19,N,2
34.43021,-118.64565,315.33,0.44,0.38,2025-08-09,933,N,VIIRS,n,2,290.09,1.45,N,2
34.43021,-118.64252,301.21,0.44,0.38,2025-08-09,933,N,VIIRS,n,2,289.9,0.72,N,2
34.43084,-118.64725,306.02,0.44,0.38,2025-08-09,933,N,VIIRS,n,2,289.4,1.01,N,2
34.56877,-118.15073,303.38,0.42,0.38,2025-08-09,933,N,VIIRS,n,2,293.02,0.54,N,0
34.60881,-117.33854,317.52,0.4,0.37,2025-08-09,933,N,VIIRS,n,2,296.99,1.97,N,2
34.62346,-117.10229,314.4,0.4,0.37,2025-08-09,933,N,VIIRS,n,2,294.78,1.74,N,2
35.17389,-120.28589,298.95,0.52,0.41,2025-08-09,933,N,VIIRS,n,2,287.08,0.72,N,0
35.17466,-120.28079,305,0.52,0.41,2025-08-09,933,N,VIIRS,n,2,287.82,1.01,N,0
35.17534,-120.28657,303.24,0.52,0.41,2025-08-09,933,N,VIIRS,n,2,288.03,1.01,N,0
35.17704,-120.2794,302.58,0.52,0.41,2025-08-09,933,N,VIIRS,n,2,288.7,0.95,N,0
35.17769,-120.28513,309.93,0.52,0.41,2025-08-09,933,N,VIIRS,n,2,291.24,1.99,N,0
35.18148,-120.28432,306.31,0.52,0.41,2025-08-09,933,N,VIIRS,n,2,290.72,1.99,N,0
35.19726,-120.28632,311.25,0.52,0.41,2025-08-09,933,N,VIIRS,n,2,291.08,2.76,N,0
35.19823,-120.09388,305.85,0.51,0.41,2025-08-09,933,N,VIIRS,n,2,292.08,2.12,N,0
35.201,-120.28504,342.24,0.52,0.41,2025-08-09,933,N,VIIRS,n,2,297.32,20.98,N,0
35.2014,-120.08806,303.02,0.51,0.41,2025-08-09,933,N,VIIRS,n,2,292.43,0.94,N,0
35.2033,-120.10429,317.77,0.51,0.41,2025-08-09,933,N,VIIRS,n,2,294.4,6.77,N,0
35.20395,-120.10989,315.54,0.51,0.41,2025-08-09,933,N,VIIRS,n,2,290.67,6.77,N,0
35.20474,-120.28373,317.42,0.52,0.41,2025-08-09,933,N,VIIRS,n,2,307.3,20.98,N,0
35.2052,-120.08768,302.56,0.51,0.41,2025-08-09,933,N,VIIRS,n,2,291.73,0.94,N,0
35.20545,-120.28996,334.87,0.52,0.41,2025-08-09,933,N,VIIRS,n,2,302.32,54.4,N,0
35.20586,-120.19254,296.77,0.51,0.41,2025-08-09,933,N,VIIRS,n,2,285.86,0.32,N,0
35.20648,-120.19798,309.98,0.51,0.41,2025-08-09,933,N,VIIRS,n,2,288,2.41,N,0
35.20712,-120.20339,315.8,0.51,0.41,2025-08-09,933,N,VIIRS,n,2,289.85,2.41,N,0
35.20712,-120.10406,340.15,0.51,0.41,2025-08-09,933,N,VIIRS,n,2,305.94,6.77,N,0
35.2077,-120.07622,304.57,0.51,0.41,2025-08-09,933,N,VIIRS,n,2,291.88,1.34,N,0
35.20777,-120.10956,341.08,0.51,0.41,2025-08-09,933,N,VIIRS,n,2,307.54,6.77,N,0
35.20834,-120.0817,310.82,0.51,0.41,2025-08-09,933,N,VIIRS,n,2,291.72,1.22,N,0
35.20839,-120.21442,311.45,0.51,0.41,2025-08-09,933,N,VIIRS,n,2,291.39,1.25,N,0
35.2084,-120.11498,325.85,0.51,0.41,2025-08-09,933,N,VIIRS,n,2,298.47,4.71,N,0
35.2085,-120.28268,310.84,0.52,0.41,2025-08-09,933,N,VIIRS,n,2,295.64,13.75,N,0
35.20899,-120.08718,304.61,0.51,0.41,2025-08-09,933,N,VIIRS,n,2,292.24,1.22,N,0
35.2092,-120.28872,343.5,0.52,0.41,2025-08-09,933,N,VIIRS,n,2,319.04,74.31,N,0
35.20977,-120.2599,300.04,0.52,0.41,2025-08-09,933,N,VIIRS,n,2,288.46,1.63,N,0
35.21029,-120.19743,326.62,0.51,0.41,2025-08-09,933,N,VIIRS,n,2,289.88,2.41,N,0
35.21086,-120.07038,305.55,0.51,0.41,2025-08-09,933,N,VIIRS,n,2,292.77,1.34,N,0
35.21092,-120.2029,318.37,0.51,0.41,2025-08-09,933,N,VIIRS,n,2,291.1,2.41,N,0
35.21096,-120.10394,314.1,0.51,0.41,2025-08-09,933,N,VIIRS,n,2,300.51,4.91,N,0
35.2115,-120.07577,314.07,0.51,0.41,2025-08-09,933,N,VIIRS,n,2,294.31,1.34,N,0
35.21157,-120.20845,305.66,0.51,0.41,2025-08-09,933,N,VIIRS,n,2,289.33,1.25,N,0
35.2116,-120.10933,317.06,0.51,0.41,2025-08-09,933,N,VIIRS,n,2,301.83,4.91,N,0
35.21213,-120.08118,306.8,0.51,0.41,2025-08-09,933,N,VIIRS,n,2,291.7,1.22,N,0
35.21221,-120.11459,344.35,0.51,0.41,2025-08-09,933,N,VIIRS,n,2,321.54,85.6,N,0
35.21222,-120.21406,300.71,0.51,0.41,2025-08-09,933,N,VIIRS,n,2,289.49,1.25,N,0
35.2123,-120.28188,322.78,0.52,0.41,2025-08-09,933,N,VIIRS,n,2,296.41,13.75,N,0
35.21278,-120.08673,303.94,0.51,0.41,2025-08-09,933,N,VIIRS,n,2,292.88,1.22,N,0
35.21281,-120.11974,310.65,0.51,0.41,2025-08-09,933,N,VIIRS,n,2,293.45,85.6,N,0
35.21297,-120.28776,367,0.52,0.41,2025-08-09,933,N,VIIRS,h,2,339.35,74.31,N,0
35.21345,-120.09238,306.69,0.51,0.41,2025-08-09,933,N,VIIRS,n,2,292.88,2.7,N,0
35.21367,-120.29382,304.38,0.52,0.41,2025-08-09,933,N,VIIRS,n,2,292.42,74.31,N,0
35.21402,-120.06456,301.48,0.51,0.41,2025-08-09,933,N,VIIRS,n,2,291.46,3.37,N,0
35.21409,-120.19682,320.84,0.51,0.41,2025-08-09,933,N,VIIRS,n,2,288.3,1.85,N,0
35.21411,-120.09801,316.77,0.51,0.41,2025-08-09,933,N,VIIRS,n,2,297.02,2.7,N,0
35.21466,-120.07,319.06,0.51,0.41,2025-08-09,933,N,VIIRS,n,2,293.57,2.85,N,0
35.21473,-120.20232,318.22,0.51,0.41,2025-08-09,933,N,VIIRS,n,2,290.57,1.85,N,0
35.21478,-120.10368,312.98,0.51,0.41,2025-08-09,933,N,VIIRS,n,2,299.51,4.91,N,0
35.21529,-120.07534,312.13,0.51,0.41,2025-08-09,933,N,VIIRS,n,2,293.3,2.85,N,0
35.21538,-120.2079,312.66,0.51,0.41,2025-08-09,933,N,VIIRS,n,2,290.41,2.82,N,0
35.21541,-120.10904,335.87,0.51,0.41,2025-08-09,933,N,VIIRS,n,2,305.69,4.91,N,0
35.21551,-120.27604,318.41,0.52,0.41,2025-08-09,933,N,VIIRS,n,2,295.48,6.79,N,0
35.21593,-120.08078,314.18,0.51,0.41,2025-08-09,933,N,VIIRS,n,2,292.88,2.65,N,0
35.21603,-120.21347,320.56,0.51,0.41,2025-08-09,933,N,VIIRS,n,2,289.61,2.82,N,0
35.21603,-120.11426,367,0.51,0.41,2025-08-09,933,N,VIIRS,h,2,369.94,85.6,N,0
35.21616,-120.28171,351.95,0.52,0.41,2025-08-09,933,N,VIIRS,n,2,300.81,6.79,N,0
35.21659,-120.0864,316.04,0.51,0.41,2025-08-09,933,N,VIIRS,n,2,293.79,2.65,N,0
35.21663,-120.11938,333.6,0.51,0.41,2025-08-09,933,N,VIIRS,n,2,296.76,85.6,N,0
35.21667,-120.21905,318.99,0.51,0.41,2025-08-09,933,N,VIIRS,n,2,288.82,2.24,N,0
35.21683,-120.28748,333.08,0.52,0.41,2025-08-09,933,N,VIIRS,n,2,299.28,13.43,N,0
35.21716,-120.05866,314.9,0.5,0.41,2025-08-09,933,N,VIIRS,n,2,289.04,3.37,N,0
35.21725,-120.09193,317.91,0.51,0.41,2025-08-09,933,N,VIIRS,n,2,293.72,3.27,N,0
35.21732,-120.22456,301.44,0.51,0.41,2025-08-09,933,N,VIIRS,n,2,290.73,2.24,N,0
35.21781,-120.06413,346.75,0.51,0.41,2025-08-09,933,N,VIIRS,n,2,294.62,3.37,N,0
35.21791,-120.09751,324.34,0.51,0.41,2025-08-09,933,N,VIIRS,n,2,294.63,3.27,N,0
35.21845,-120.06953,325.14,0.51,0.41,2025-08-09,933,N,VIIRS,n,2,294.56,2.85,N,0
35.21853,-120.20171,307.14,0.51,0.41,2025-08-09,933,N,VIIRS,n,2,288.12,1.85,N,0
35.21858,-120.10326,332.52,0.51,0.41,2025-08-09,933,N,VIIRS,n,2,296.55,3.5,N,0
35.21869,-120.26996,334.14,0.52,0.41,2025-08-09,933,N,VIIRS,n,2,298.01,10.17,N,0
35.21909,-120.07492,324.47,0.51,0.41,2025-08-09,933,N,VIIRS,n,2,293.94,2.85,N,0
35.21918,-120.20728,318.45,0.51,0.41,2025-08-09,933,N,VIIRS,n,2,290.96,2.82,N,0
35.21922,-120.1087,323.91,0.51,0.41,2025-08-09,933,N,VIIRS,n,2,301.01,3.5,N,0
35.21937,-120.27583,336.4,0.52,0.41,2025-08-09,933,N,VIIRS,n,2,295.48,6.79,N,0
35.21973,-120.08039,320.68,0.51,0.41,2025-08-09,933,N,VIIRS,n,2,293.36,2.65,N,0
35.21982,-120.21286,339.77,0.51,0.41,2025-08-09,933,N,VIIRS,n,2,292.31,2.82,N,0
35.21984,-120.11391,335.11,0.51,0.41,2025-08-09,933,N,VIIRS,n,2,300.16,7.02,N,0
35.22004,-120.28162,307.93,0.52,0.41,2025-08-09,933,N,VIIRS,n,2,292.48,6.79,N,0
35.22041,-120.08607,325.65,0.51,0.41,2025-08-09,933,N,VIIRS,n,2,294.04,2.65,N,0
35.22048,-120.21848,327.09,0.51,0.41,2025-08-09,933,N,VIIRS,n,2,290,2.24,N,0
35.22105,-120.09155,329.71,0.51,0.41,2025-08-09,933,N,VIIRS,n,2,294.92,3.27,N,0
35.22113,-120.22404,309.51,0.51,0.41,2025-08-09,933,N,VIIRS,n,2,290.51,2.24,N,0
35.2216,-120.06364,308.35,0.51,0.41,2025-08-09,933,N,VIIRS,n,2,288.54,1.1,N,0
35.2217,-120.09703,325.38,0.51,0.41,2025-08-09,933,N,VIIRS,n,2,293.99,3.27,N,0
35.22225,-120.06908,334.56,0.51,0.41,2025-08-09,933,N,VIIRS,n,2,292.6,3.54,N,0
35.22238,-120.10277,332,0.51,0.41,2025-08-09,933,N,VIIRS,n,2,294.35,3.5,N,0
35.22248,-120.26913,354.21,0.52,0.41,2025-08-09,933,N,VIIRS,n,2,307.15,14.23,N,0
35.22289,-120.07449,330.1,0.51,0.41,2025-08-09,933,N,VIIRS,n,2,293.28,3.54,N,0
35.22297,-120.20663,304.66,0.51,0.41,2025-08-09,933,N,VIIRS,n,2,287.95,1.47,N,0
35.22303,-120.10824,305.43,0.51,0.41,2025-08-09,933,N,VIIRS,n,2,291.79,3.5,N,0
35.22318,-120.27519,318.38,0.52,0.41,2025-08-09,933,N,VIIRS,n,2,291.78,4.02,N,0
35.22353,-120.07996,321.6,0.51,0.41,2025-08-09,933,N,VIIRS,n,2,293.91,3.55,N,0
35.22363,-120.21219,321.22,0.51,0.41,2025-08-09,933,N,VIIRS,n,2,290.05,1.47,N,0
35.22421,-120.08566,318.77,0.51,0.41,2025-08-09,933,N,VIIRS,n,2,291.4,3.55,N,0
35.22428,-120.21782,314.72,0.51,0.41,2025-08-09,933,N,VIIRS,n,2,289.88,1.83,N,0
35.22486,-120.09116,328.37,0.51,0.41,2025-08-09,933,N,VIIRS,n,2,291.99,4.96,N,0
35.22493,-120.22345,319.17,0.51,0.41,2025-08-09,933,N,VIIRS,n,2,289.22,1.83,N,0
35.22538,-120.0631,297.68,0.51,0.41,2025-08-09,933,N,VIIRS,n,2,286.6,1.1,N,0
35.22551,-120.09665,349.61,0.51,0.41,2025-08-09,933,N,VIIRS,n,2,295.84,4.96,N,0
35.22557,-120.2623,305.8,0.52,0.41,2025-08-09,933,N,VIIRS,n,2,292.82,14.23,N,0
35.22559,-120.2291,312.09,0.51,0.41,2025-08-09,933,N,VIIRS,n,2,290.6,0.98,N,0
35.22604,-120.0686,321.92,0.51,0.41,2025-08-09,933,N,VIIRS,n,2,289.49,3.54,N,0
35.22617,-120.10228,331.96,0.51,0.41,2025-08-09,933,N,VIIRS,n,2,292.5,5.82,N,0
35.22625,-120.26818,330.57,0.52,0.41,2025-08-09,933,N,VIIRS,n,2,296.17,14.23,N,0
35.22625,-120.23476,303.41,0.51,0.41,2025-08-09,933,N,VIIRS,n,2,290.52,0.98,N,0
35.22668,-120.07406,322.93,0.51,0.41,2025-08-09,933,N,VIIRS,n,2,290.93,3.54,N,0
35.22733,-120.07954,332.31,0.51,0.41,2025-08-09,933,N,VIIRS,n,2,293.4,3.55,N,0
35.228,-120.08521,330.09,0.51,0.41,2025-08-09,933,N,VIIRS,n,2,292.86,3.55,N,0
35.22931,-120.09624,325.09,0.51,0.41,2025-08-09,933,N,VIIRS,n,2,291.21,4.96,N,0
35.23005,-120.26747,339.65,0.52,0.41,2025-08-09,933,N,VIIRS,n,2,308.31,23.75,N,0
35.23006,-120.2342,299.53,0.51,0.41,2025-08-09,933,N,VIIRS,n,2,287.22,0.98,N,0
35.23047,-120.07358,302.72,0.51,0.41,2025-08-09,933,N,VIIRS,n,2,286.88,1.03,N,0
35.23071,-120.23975,308.82,0.51,0.41,2025-08-09,933,N,VIIRS,n,2,290.58,1.61,N,0
35.23073,-120.27333,331.2,0.52,0.41,2025-08-09,933,N,VIIRS,n,2,296.77,43.98,N,0
35.23112,-120.07906,310.99,0.51,0.41,2025-08-09,933,N,VIIRS,n,2,288.78,1.11,N,0
35.23134,-120.24518,304.84,0.52,0.41,2025-08-09,933,N,VIIRS,n,2,292.04,1.61,N,0
35.23178,-120.08463,299.01,0.51,0.41,2025-08-09,933,N,VIIRS,n,2,286.46,1.11,N,0
35.23389,-120.26712,340.06,0.52,0.41,2025-08-09,933,N,VIIRS,n,2,304.3,23.75,N,0
35.23452,-120.23921,303.22,0.51,0.41,2025-08-09,933,N,VIIRS,n,2,286.63,0.88,N,0
35.23455,-120.27279,352.87,0.52,0.41,2025-08-09,933,N,VIIRS,n,2,318.89,43.98,N,0
35.23517,-120.24477,309.97,0.52,0.41,2025-08-09,933,N,VIIRS,n,2,290.97,0.88,N,0
35.23709,-120.26127,308,0.52,0.41,2025-08-09,933,N,VIIRS,n,2,297.66,15.34,N,0
35.23774,-120.26682,342.15,0.52,0.41,2025-08-09,933,N,VIIRS,n,2,311.61,15.34,N,0
35.23839,-120.27236,322.5,0.52,0.41,2025-08-09,933,N,VIIRS,n,2,295.64,8.16,N,0
35.23899,-120.24425,301.22,0.52,0.41,2025-08-09,933,N,VIIRS,n,2,287.14,0.88,N,0
35.23964,-120.24984,303.09,0.52,0.41,2025-08-09,933,N,VIIRS,n,2,292,3.34,N,0
35.2403,-120.25542,326,0.52,0.41,2025-08-09,933,N,VIIRS,n,2,292.85,3.34,N,0
35.24095,-120.26101,367,0.52,0.41,2025-08-09,933,N,VIIRS,h,2,304.34,15.34,N,0
35.2416,-120.2666,349.61,0.52,0.41,2025-08-09,933,N,VIIRS,n,2,303.54,15.34,N,0
35.24279,-120.24358,303.54,0.52,0.41,2025-08-09,933,N,VIIRS,n,2,288.13,0.68,N,0
35.24345,-120.24925,302.64,0.52,0.41,2025-08-09,933,N,VIIRS,n,2,289.35,4.07,N,0
35.2448,-120.26071,345.78,0.52,0.41,2025-08-09,933,N,VIIRS,n,2,293.93,5.41,N,0
35.24546,-120.26638,319.78,0.52,0.41,2025-08-09,933,N,VIIRS,n,2,291.77,5.41,N,0
35.24591,-120.23714,302.49,0.51,0.41,2025-08-09,933,N,VIIRS,n,2,289.11,0.68,N,0
35.24659,-120.24284,300.24,0.52,0.41,2025-08-09,933,N,VIIRS,n,2,290.08,0.68,N,0
35.24794,-120.25439,343.53,0.52,0.41,2025-08-09,933,N,VIIRS,n,2,292.76,4.07,N,0
35.24862,-120.26021,304.89,0.52,0.41,2025-08-09,933,N,VIIRS,n,2,287.41,5.41,N,0
35.25038,-120.2421,312.11,0.52,0.41,2025-08-09,933,N,VIIRS,n,2,292.14,1.89,N,0
35.25174,-120.25372,307.25,0.52,0.41,2025-08-09,933,N,VIIRS,n,2,288.58,1.48,N,0
36.35624,-114.9118,313.88,0.38,0.36,2025-08-09,933,N,VIIRS,n,2,297.32,2.01,N,2
36.35952,-114.91101,310.24,0.38,0.36,2025-08-09,933,N,VIIRS,n,2,298.15,1.83,N,2
36.51384,-119.88765,312.18,0.51,0.41,2025-08-09,933,N,VIIRS,n,2,292.95,1.56,N,0
36.51538,-119.88792,316.67,0.51,0.41,2025-08-09,933,N,VIIRS,n,2,293.2,1.32,N,0
36.80674,-120.3537,304.65,0.54,0.42,2025-08-09,933,N,VIIRS,n,2,293.44,0.87,N,0
37.45735,-121.93415,302.36,0.44,0.46,2025-08-09,933,N,VIIRS,n,2,290.79,0.83,N,2
32.37448,-114.87286,325.46,0.39,0.36,2025-08-09,934,N,VIIRS,n,2,298.72,3.03,N,0
32.39761,-114.76402,320.02,0.39,0.37,2025-08-09,934,N,VIIRS,n,2,297.99,7.27,N,2
32.40094,-114.76323,335.01,0.39,0.37,2025-08-09,934,N,VIIRS,n,2,303.14,7.27,N,2
32.53867,-116.87691,302.1,0.39,0.36,2025-08-09,934,N,VIIRS,n,2,289.75,0.51,N,0
32.71402,-114.76304,318.51,0.39,0.36,2025-08-09,934,N,VIIRS,n,2,298.7,1.63,N,0
41.30756,-123.00743,301.66,0.53,0.67,2025-08-09,1112,N,VIIRS,n,2,287.63,1.39,N,0
32.58817,-114.90818,367,0.41,0.37,2025-08-09,2052,N,VIIRS,l,2,327.75,33.5,D,0
32.58876,-114.90386,346.05,0.41,0.37,2025-08-09,2052,N,VIIRS,l,2,319.49,33.5,D,0
32.59157,-114.90884,349.25,0.41,0.37,2025-08-09,2052,N,VIIRS,n,2,316.97,14.77,D,0
32.59216,-114.9045,346.78,0.41,0.37,2025-08-09,2052,N,VIIRS,n,2,316.07,14.77,D,0
35.19259,-120.10321,367,0.42,0.37,2025-08-09,2053,N,VIIRS,l,2,326,5.68,D,0
35.19465,-120.28872,312.81,0.42,0.38,2025-08-09,2053,N,VIIRS,l,2,319.52,24.55,D,0
35.19549,-120.28402,367,0.42,0.38,2025-08-09,2053,N,VIIRS,l,2,328.51,24.55,D,0
35.196,-120.10403,367,0.42,0.37,2025-08-09,2053,N,VIIRS,l,2,325.61,5.68,D,0
35.19677,-120.09956,367,0.41,0.37,2025-08-09,2053,N,VIIRS,h,2,354.18,43.17,D,0
35.19754,-120.09513,367,0.41,0.37,2025-08-09,2053,N,VIIRS,l,2,327.21,43.17,D,0
35.1981,-120.28947,367,0.42,0.38,2025-08-09,2053,N,VIIRS,h,2,347.37,41.02,D,0
35.19894,-120.2847,367,0.42,0.38,2025-08-09,2053,N,VIIRS,l,2,325.15,41.02,D,0
35.20016,-120.10045,367,0.41,0.37,2025-08-09,2053,N,VIIRS,l,2,326.68,14.08,D,0
35.20155,-120.29018,367,0.42,0.38,2025-08-09,2053,N,VIIRS,h,2,330.02,41.02,D,0
35.2024,-120.28537,354.26,0.42,0.38,2025-08-09,2053,N,VIIRS,l,2,332.41,41.02,D,0
35.20383,-120.12034,367,0.42,0.37,2025-08-09,2053,N,VIIRS,l,2,326.57,24.53,D,0
35.20422,-120.2145,346.91,0.42,0.37,2025-08-09,2053,N,VIIRS,l,2,320.71,14.5,D,0
35.20461,-120.11579,367,0.42,0.37,2025-08-09,2053,N,VIIRS,l,2,326.01,24.53,D,0
35.20499,-120.2909,367,0.42,0.38,2025-08-09,2053,N,VIIRS,h,2,338.35,62.47,D,0
35.20539,-120.1113,367,0.42,0.37,2025-08-09,2053,N,VIIRS,l,2,325.77,43.18,D,0
35.20585,-120.28606,350.48,0.42,0.38,2025-08-09,2053,N,VIIRS,l,2,332.33,62.47,D,0
35.20801,-120.11671,367,0.42,0.37,2025-08-09,2053,N,VIIRS,h,2,343.04,24.53,D,0
35.20845,-120.2916,367,0.42,0.38,2025-08-09,2053,N,VIIRS,h,2,351.23,62.47,D,0
35.20876,-120.1123,350,0.42,0.37,2025-08-09,2053,N,VIIRS,l,2,347.77,43.18,D,0
35.21064,-120.122,367,0.42,0.37,2025-08-09,2053,N,VIIRS,l,2,325.82,6.39,D,0
35.2114,-120.11759,367,0.42,0.37,2025-08-09,2053,N,VIIRS,l,2,328.95,6.39,D,0
35.21189,-120.2923,367,0.42,0.38,2025-08-09,2053,N,VIIRS,l,2,332.2,65.16,D,0
35.21215,-120.11329,367,0.42,0.37,2025-08-09,2053,N,VIIRS,l,2,325.59,12.17,D,0
35.21518,-120.21294,347.76,0.42,0.37,2025-08-09,2053,N,VIIRS,l,2,320.3,10.72,D,0
35.21611,-120.28865,367,0.42,0.38,2025-08-09,2053,N,VIIRS,l,2,343.85,65.16,D,0
35.21691,-120.28414,367,0.42,0.38,2025-08-09,2053,N,VIIRS,h,2,336.16,34.73,D,0
35.21718,-120.06364,352.12,0.41,0.37,2025-08-09,2053,N,VIIRS,n,2,320.61,9.86,D,0
35.21794,-120.0592,348.88,0.41,0.37,2025-08-09,2053,N,VIIRS,l,2,321.65,9.07,D,0
35.21949,-120.28973,367,0.42,0.38,2025-08-09,2053,N,VIIRS,h,2,330.81,55.59,D,0
35.22028,-120.28523,367,0.42,0.38,2025-08-09,2053,N,VIIRS,h,2,353.47,74.88,D,0
35.22107,-120.28076,367,0.42,0.38,2025-08-09,2053,N,VIIRS,h,2,321.36,74.88,D,0
35.22449,-120.28164,367,0.42,0.38,2025-08-09,2053,N,VIIRS,h,2,353.04,74.88,D,0
35.22791,-120.28249,367,0.42,0.38,2025-08-09,2053,N,VIIRS,h,2,329.54,110.64,D,0
35.22874,-120.27777,367,0.42,0.38,2025-08-09,2053,N,VIIRS,h,2,357.83,113.01,D,0
35.22957,-120.27307,356.13,0.42,0.38,2025-08-09,2053,N,VIIRS,n,2,325.2,113.01,D,0
35.23217,-120.27858,367,0.42,0.38,2025-08-09,2053,N,VIIRS,h,2,365.56,113.01,D,0
35.23559,-120.27941,367,0.42,0.38,2025-08-09,2053,N,VIIRS,l,2,342.67,93.9,D,0
35.23639,-120.2749,355.43,0.42,0.38,2025-08-09,2053,N,VIIRS,l,2,339.3,93.9,D,0
35.23901,-120.2803,367,0.42,0.38,2025-08-09,2053,N,VIIRS,h,2,357.91,93.9,D,0
35.23978,-120.2759,356.59,0.42,0.38,2025-08-09,2053,N,VIIRS,l,2,336.91,93.9,D,0
35.24006,-120.23368,354.27,0.42,0.38,2025-08-09,2053,N,VIIRS,n,2,321.44,28.88,D,0
35.24133,-120.26709,356.49,0.42,0.38,2025-08-09,2053,N,VIIRS,l,2,332.03,106.86,D,0
35.24239,-120.28138,367,0.42,0.38,2025-08-09,2053,N,VIIRS,h,2,363.12,133.84,D,0
35.24316,-120.27695,354.32,0.42,0.38,2025-08-09,2053,N,VIIRS,l,2,340.49,133.84,D,0
35.24393,-120.27255,355.14,0.42,0.38,2025-08-09,2053,N,VIIRS,l,2,334.53,67.72,D,0
35.24471,-120.26816,353.04,0.42,0.38,2025-08-09,2053,N,VIIRS,l,2,338.67,67.72,D,0
35.24549,-120.2637,367,0.42,0.38,2025-08-09,2053,N,VIIRS,h,2,316.03,34.22,D,0
35.24577,-120.28245,367,0.42,0.38,2025-08-09,2053,N,VIIRS,h,2,337.06,133.84,D,0
35.24655,-120.27802,367,0.42,0.38,2025-08-09,2053,N,VIIRS,l,2,378.25,133.84,D,0
35.24733,-120.27358,367,0.42,0.38,2025-08-09,2053,N,VIIRS,h,2,367.48,67.72,D,0
35.2481,-120.26914,367,0.42,0.38,2025-08-09,2053,N,VIIRS,l,2,330.15,67.72,D,0
35.24994,-120.27905,367,0.42,0.38,2025-08-09,2053,N,VIIRS,l,2,367.23,441.45,D,0
35.25072,-120.27459,367,0.42,0.38,2025-08-09,2053,N,VIIRS,l,2,376.61,601.32,D,0
41.23262,-116.90321,336.76,0.42,0.37,2025-08-09,2054,N,VIIRS,n,2,305.59,5.1,D,0
41.28427,-122.99986,339.2,0.43,0.38,2025-08-09,2055,N,VIIRS,n,2,302.66,6.36,D,0
41.28854,-122.99646,331.58,0.43,0.38,2025-08-09,2055,N,VIIRS,l,2,302.05,2.88,D,0
39.62168,-119.26202,302.14,0.6,0.53,2025-08-10,913,N,VIIRS,n,2,287.23,0.75,N,2
40.82102,-114.25806,307.24,0.52,0.42,2025-08-10,913,N,VIIRS,n,2,286.64,1.29,N,2
41.28588,-122.99609,297.52,0.49,0.65,2025-08-10,913,N,VIIRS,n,2,287.21,0.34,N,0
41.28602,-123.00066,301.52,0.49,0.65,2025-08-10,913,N,VIIRS,n,2,287.8,0.34,N,0
34.14275,-117.42629,302.69,0.42,0.45,2025-08-10,914,N,VIIRS,n,2,292.45,0.66,N,2
34.2908,-118.80231,307.74,0.5,0.49,2025-08-10,914,N,VIIRS,n,2,288.8,1.33,N,2
34.33297,-118.52093,302.05,0.48,0.48,2025-08-10,914,N,VIIRS,n,2,290.79,0.77,N,2
34.4285,-118.64406,304.34,0.49,0.49,2025-08-10,914,N,VIIRS,n,2,289.71,1.05,N,2
34.60725,-117.33925,317.82,0.42,0.45,2025-08-10,914,N,VIIRS,n,2,296.72,2.78,N,2
34.62018,-117.10025,310.68,0.41,0.45,2025-08-10,914,N,VIIRS,n,2,295.62,1.55,N,2
35.19409,-120.29175,336.76,0.62,0.54,2025-08-10,914,N,VIIRS,n,2,296.98,14.7,N,0
35.19465,-120.29906,338.71,0.62,0.54,2025-08-10,914,N,VIIRS,n,2,293.06,16.87,N,0
35.19901,-120.29021,336.49,0.62,0.54,2025-08-10,914,N,VIIRS,n,2,297.09,5.97,N,0
35.1996,-120.29791,339.5,0.62,0.54,2025-08-10,914,N,VIIRS,n,2,296.11,22.26,N,0
35.20388,-120.2881,307.47,0.62,0.54,2025-08-10,914,N,VIIRS,n,2,296.29,5.97,N,0
35.20451,-120.29633,356.39,0.62,0.54,2025-08-10,914,N,VIIRS,n,2,302.88,22.26,N,0
35.20937,-120.29403,343.33,0.62,0.54,2025-08-10,914,N,VIIRS,n,2,306.36,55.71,N,0
35.21003,-120.30255,354.37,0.62,0.54,2025-08-10,914,N,VIIRS,n,2,302.6,55.71,N,0
35.21429,-120.29253,314.83,0.62,0.54,2025-08-10,914,N,VIIRS,n,2,304.53,55.71,N,0
35.21494,-120.30082,350.58,0.62,0.54,2025-08-10,914,N,VIIRS,n,2,317.98,55.71,N,0
35.21561,-120.30955,305.52,0.62,0.54,2025-08-10,914,N,VIIRS,n,2,293.57,9.77,N,0
35.21933,-120.29258,337.74,0.62,0.54,2025-08-10,914,N,VIIRS,n,2,310.03,83.07,N,0
35.21989,-120.29977,354.61,0.62,0.54,2025-08-10,914,N,VIIRS,n,2,315.65,83.07,N,0
35.22053,-120.30794,305.49,0.62,0.54,2025-08-10,914,N,VIIRS,n,2,293.46,10.96,N,0
35.2235,-120.28722,327.81,0.62,0.54,2025-08-10,914,N,VIIRS,n,2,300.98,92.61,N,0
35.22385,-120.28597,335.64,0.62,0.54,2025-08-10,914,N,VIIRS,n,2,297.35,34,N,0
35.22399,-120.29401,354.54,0.62,0.54,2025-08-10,914,N,VIIRS,n,2,324.47,92.61,N,0
35.22439,-120.29284,342.72,0.62,0.54,2025-08-10,914,N,VIIRS,n,2,326.94,83.07,N,0
35.22451,-120.30131,345.53,0.62,0.54,2025-08-10,914,N,VIIRS,n,2,317.46,28.02,N,0
35.22495,-120.30003,338.65,0.62,0.54,2025-08-10,914,N,VIIRS,n,2,318.46,83.07,N,0
35.22507,-120.30925,310.33,0.62,0.54,2025-08-10,914,N,VIIRS,n,2,294.29,28.02,N,0
35.22556,-120.30782,314.18,0.62,0.54,2025-08-10,914,N,VIIRS,n,2,294.84,10.96,N,0
35.2285,-120.28676,367,0.62,0.54,2025-08-10,914,N,VIIRS,h,2,315.27,92.61,N,0
35.22884,-120.28532,339.28,0.62,0.54,2025-08-10,914,N,VIIRS,n,2,309.13,44.48,N,0
35.22903,-120.29407,351.96,0.62,0.54,2025-08-10,914,N,VIIRS,n,2,317.4,92.61,N,0
35.22942,-120.29273,341.32,0.62,0.54,2025-08-10,914,N,VIIRS,n,2,326.16,100.24,N,0
35.22956,-120.30146,329.98,0.62,0.54,2025-08-10,914,N,VIIRS,n,2,296.18,28.02,N,0
35.23,-120.30006,328.22,0.62,0.54,2025-08-10,914,N,VIIRS,n,2,295.74,100.24,N,0
35.23009,-120.30894,311.44,0.62,0.54,2025-08-10,914,N,VIIRS,n,2,294.03,28.02,N,0
35.23057,-120.3075,313.31,0.62,0.54,2025-08-10,914,N,VIIRS,n,2,293.88,3.63,N,0
35.23063,-120.31649,305.05,0.62,0.54,2025-08-10,914,N,VIIRS,n,2,292.69,3.52,N,0
35.23116,-120.31501,306.02,0.62,0.54,2025-08-10,914,N,VIIRS,n,2,292.66,3.63,N,0
35.23342,-120.28506,343.44,0.62,0.54,2025-08-10,914,N,VIIRS,n,2,311.85,97.04,N,0
35.23375,-120.28369,341.2,0.62,0.54,2025-08-10,914,N,VIIRS,n,2,306.15,44.48,N,0
35.23396,-120.29259,367,0.62,0.54,2025-08-10,914,N,VIIRS,h,2,340.66,97.04,N,0
35.23433,-120.29111,367,0.62,0.54,2025-08-10,914,N,VIIRS,h,2,343.32,100.24,N,0
35.2345,-120.30015,347.08,0.62,0.54,2025-08-10,914,N,VIIRS,n,2,296.1,133.12,N,0
35.23492,-120.2987,349.98,0.62,0.54,2025-08-10,914,N,VIIRS,n,2,298.56,100.24,N,0
35.23504,-120.30765,327.69,0.62,0.54,2025-08-10,914,N,VIIRS,n,2,294.11,133.12,N,0
35.23551,-120.30616,330.21,0.62,0.54,2025-08-10,914,N,VIIRS,n,2,294.54,3.63,N,0
35.23559,-120.31534,312.7,0.62,0.54,2025-08-10,914,N,VIIRS,n,2,293.46,4.97,N,0
35.23611,-120.31375,316.97,0.62,0.54,2025-08-10,914,N,VIIRS,n,2,293.62,3.63,N,0
35.23674,-120.32185,304.24,0.62,0.54,2025-08-10,914,N,VIIRS,n,2,292.64,2.85,N,0
35.23837,-120.28385,341.77,0.62,0.54,2025-08-10,914,N,VIIRS,n,2,305.7,97.04,N,0
35.2387,-120.28271,331.89,0.62,0.54,2025-08-10,914,N,VIIRS,n,2,302.16,7.44,N,0
35.2389,-120.29112,367,0.62,0.54,2025-08-10,914,N,VIIRS,h,2,338.47,97.04,N,0
35.23926,-120.28981,333.37,0.62,0.54,2025-08-10,914,N,VIIRS,n,2,327.61,381.75,N,0
35.23944,-120.29861,367,0.62,0.54,2025-08-10,914,N,VIIRS,h,2,339.44,133.12,N,0
35.23995,-120.30569,356.55,0.62,0.54,2025-08-10,914,N,VIIRS,n,2,301.23,133.12,N,0
35.24039,-120.30415,333.37,0.62,0.54,2025-08-10,914,N,VIIRS,n,2,307.31,116.22,N,0
35.24049,-120.31322,330.56,0.62,0.54,2025-08-10,914,N,VIIRS,n,2,295.59,4.97,N,0
35.24097,-120.31147,338.05,0.62,0.54,2025-08-10,914,N,VIIRS,n,2,295.91,116.22,N,0
35.2411,-120.32166,310.15,0.62,0.54,2025-08-10,914,N,VIIRS,n,2,294.52,4.97,N,0
35.24164,-120.31995,312.89,0.62,0.54,2025-08-10,914,N,VIIRS,n,2,294.91,6.86,N,0
35.24343,-120.28425,328.14,0.62,0.54,2025-08-10,914,N,VIIRS,n,2,299.93,97.72,N,0
35.24377,-120.28318,317.4,0.62,0.54,2025-08-10,914,N,VIIRS,n,2,295.77,7.44,N,0
35.24391,-120.29087,367,0.62,0.54,2025-08-10,914,N,VIIRS,h,2,353.41,97.72,N,0
35.2443,-120.28978,367,0.62,0.54,2025-08-10,914,N,VIIRS,h,2,347.42,381.75,N,0
35.2448,-120.29613,367,0.62,0.54,2025-08-10,914,N,VIIRS,h,2,384.72,381.75,N,0
35.24483,-120.30351,334.64,0.62,0.54,2025-08-10,914,N,VIIRS,n,2,320.2,258.28,N,0
35.24528,-120.30224,333.82,0.62,0.54,2025-08-10,914,N,VIIRS,n,2,317.33,116.22,N,0
35.24535,-120.31065,321.37,0.62,0.54,2025-08-10,914,N,VIIRS,n,2,295.77,12.3,N,0
35.24583,-120.30919,323.5,0.62,0.54,2025-08-10,914,N,VIIRS,n,2,295.3,116.22,N,0
35.2485,-120.2848,331.29,0.62,0.54,2025-08-10,914,N,VIIRS,n,2,300.17,97.72,N,0
35.24886,-120.28373,320.12,0.62,0.54,2025-08-10,914,N,VIIRS,n,2,298.67,6.32,N,0
35.24897,-120.29128,367,0.62,0.54,2025-08-10,914,N,VIIRS,h,2,351.2,97.72,N,0
35.24937,-120.29026,367,0.62,0.54,2025-08-10,914,N,VIIRS,h,2,343.16,52.31,N,0
35.24944,-120.29757,347.86,0.62,0.54,2025-08-10,914,N,VIIRS,n,2,310.89,258.28,N,0
35.24988,-120.29661,350.9,0.62,0.54,2025-08-10,914,N,VIIRS,n,2,310.8,52.31,N,0
35.24989,-120.30378,310.6,0.62,0.54,2025-08-10,914,N,VIIRS,n,2,293.72,258.28,N,0
35.25037,-120.30274,310.76,0.62,0.54,2025-08-10,914,N,VIIRS,n,2,293.49,5.19,N,0
35.25257,-120.27177,301.52,0.62,0.54,2025-08-10,914,N,VIIRS,n,2,288.36,1.05,N,0
35.25307,-120.27862,305.45,0.62,0.54,2025-08-10,914,N,VIIRS,n,2,290.29,1.05,N,0
35.2534,-120.27754,304.88,0.62,0.54,2025-08-10,914,N,VIIRS,n,2,289.48,6.32,N,0
35.25357,-120.28532,324.57,0.62,0.54,2025-08-10,914,N,VIIRS,n,2,292.91,8.29,N,0
35.25394,-120.28428,319.19,0.62,0.54,2025-08-10,914,N,VIIRS,n,2,292.05,6.32,N,0
35.25405,-120.2919,344.69,0.62,0.54,2025-08-10,914,N,VIIRS,n,2,295.53,8.29,N,0
35.25446,-120.29083,349.6,0.62,0.54,2025-08-10,914,N,VIIRS,n,2,295.98,52.31,N,0
35.25452,-120.29823,303.55,0.62,0.54,2025-08-10,914,N,VIIRS,n,2,290.78,3.48,N,0
35.25497,-120.29724,306.28,0.62,0.54,2025-08-10,914,N,VIIRS,n,2,290.55,52.31,N,0
35.46979,-118.72137,310.96,0.51,0.49,2025-08-10,914,N,VIIRS,n,2,295.2,2.46,N,0
35.4749,-118.72702,306.04,0.51,0.49,2025-08-10,914,N,VIIRS,n,2,293.75,1.65,N,0
36.35851,-114.91184,315.52,0.5,0.41,2025-08-10,914,N,VIIRS,n,2,298.53,3.15,N,2
37.45306,-121.9351,300.58,0.4,0.6,2025-08-10,914,N,VIIRS,n,2,290.09,0.87,N,2
37.45535,-121.93329,303.5,0.4,0.6,2025-08-10,914,N,VIIRS,n,2,289.81,0.5,N,2
32.40004,-114.76395,309.27,0.45,0.39,2025-08-10,915,N,VIIRS,n,2,298.54,0.84,N,2
32.85699,-117.03017,302.1,0.38,0.43,2025-08-10,915,N,VIIRS,n,2,289.07,0.53,N,2
32.85763,-117.1488,302.35,0.39,0.44,2025-08-10,915,N,VIIRS,n,2,288.14,0.39,N,2
33.77774,-118.23828,305.8,0.46,0.47,2025-08-10,915,N,VIIRS,n,2,293.87,1.32,N,2
33.79287,-117.47543,305.18,0.42,0.45,2025-08-10,915,N,VIIRS,n,2,290.92,0.86,N,2
33.85346,-118.33314,305.82,0.46,0.47,2025-08-10,915,N,VIIRS,n,2,293.48,1.3,N,2
33.87724,-116.99873,302.39,0.39,0.44,2025-08-10,915,N,VIIRS,n,2,291.19,0.29,N,2
33.87794,-117.00077,301.41,0.39,0.44,2025-08-10,915,N,VIIRS,n,2,291.22,0.26,N,0
34.15517,-118.19372,305.96,0.46,0.47,2025-08-10,915,N,VIIRS,n,2,290.8,1.13,N,2
39.62188,-119.2606,297.43,0.53,0.67,2025-08-10,1053,N,VIIRS,n,2,284.93,1.04,N,2
41.29791,-123.00303,305.26,0.62,0.54,2025-08-10,1053,N,VIIRS,n,2,289.51,1.65,N,0
41.29876,-123.00045,303.48,0.62,0.54,2025-08-10,1053,N,VIIRS,n,2,290.2,2.16,N,0
35.22537,-120.2738,311.78,0.62,0.71,2025-08-10,1054,N,VIIRS,n,2,292.07,11.3,N,0
35.22715,-120.27963,339.54,0.62,0.71,2025-08-10,1054,N,VIIRS,n,2,293.86,37.4,N,0
35.2289,-120.28539,367,0.62,0.71,2025-08-10,1054,N,VIIRS,h,2,298.34,37.4,N,0
35.23269,-120.29787,367,0.62,0.71,2025-08-10,1054,N,VIIRS,h,2,304.99,207.33,N,0
35.23386,-120.27828,328.85,0.62,0.71,2025-08-10,1054,N,VIIRS,n,2,293.65,37.4,N,0
35.23458,-120.30407,338.27,0.61,0.71,2025-08-10,1054,N,VIIRS,n,2,294.04,71.78,N,0
35.23589,-120.28497,367,0.62,0.71,2025-08-10,1054,N,VIIRS,h,2,303,37.4,N,0
35.23645,-120.31026,318.93,0.61,0.71,2025-08-10,1054,N,VIIRS,n,2,292.99,71.78,N,0
35.2378,-120.29126,345.14,0.62,0.71,2025-08-10,1054,N,VIIRS,n,2,311.99,207.33,N,0
35.23823,-120.3161,307.55,0.61,0.71,2025-08-10,1054,N,VIIRS,n,2,292.76,5.09,N,0
35.23957,-120.29712,367,0.62,0.71,2025-08-10,1054,N,VIIRS,h,2,325.49,207.33,N,0
35.24146,-120.23286,304.8,0.62,0.71,2025-08-10,1054,N,VIIRS,n,2,289.3,0.79,N,0
35.24174,-120.30424,367,0.61,0.71,2025-08-10,1054,N,VIIRS,h,2,303.56,71.78,N,0
35.24183,-120.28111,310.57,0.62,0.71,2025-08-10,1054,N,VIIRS,n,2,293.64,5.77,N,0
35.24377,-120.28748,350.18,0.62,0.71,2025-08-10,1054,N,VIIRS,n,2,304.88,23.73,N,0
35.24384,-120.31119,324.82,0.61,0.71,2025-08-10,1054,N,VIIRS,n,2,294.3,71.78,N,0
35.24543,-120.31639,308.12,0.61,0.71,2025-08-10,1054,N,VIIRS,n,2,293.85,5.09,N,0
35.2459,-120.29453,352.43,0.62,0.71,2025-08-10,1054,N,VIIRS,n,2,314.38,23.73,N,0
35.24817,-120.30201,367,0.61,0.71,2025-08-10,1054,N,VIIRS,h,2,296.53,23.83,N,0
35.24926,-120.28212,308.41,0.62,0.71,2025-08-10,1054,N,VIIRS,n,2,292.61,23.73,N,0
35.25008,-120.3083,309.73,0.61,0.71,2025-08-10,1054,N,VIIRS,n,2,293.14,23.83,N,0
35.25122,-120.2886,351.01,0.62,0.71,2025-08-10,1054,N,VIIRS,n,2,300.1,23.73,N,0
35.25325,-120.29531,344.03,0.61,0.71,2025-08-10,1054,N,VIIRS,n,2,293.39,23.83,N,0
35.25692,-120.28394,299.07,0.62,0.71,2025-08-10,1054,N,VIIRS,n,2,288.86,0.91,N,0
37.45544,-121.93258,300.24,0.44,0.62,2025-08-10,1054,N,VIIRS,n,2,289.48,0.6,N,2
39.1249,-122.84068,308.82,0.36,0.57,2025-08-10,1054,N,VIIRS,n,2,293.15,1.1,N,0
35.19157,-120.29597,321.77,0.62,0.71,2025-08-10,1055,N,VIIRS,n,2,291.91,10.17,N,0
35.19633,-120.28812,305.12,0.62,0.71,2025-08-10,1055,N,VIIRS,n,2,293.35,7.27,N,0
35.19818,-120.29427,367,0.62,0.71,2025-08-10,1055,N,VIIRS,h,2,300.05,10.17,N,0
35.19995,-120.30019,321.01,0.62,0.71,2025-08-10,1055,N,VIIRS,n,2,292.97,10.17,N,0
35.20348,-120.28821,305.04,0.62,0.71,2025-08-10,1055,N,VIIRS,n,2,294.48,8.17,N,0
35.20514,-120.29379,352.71,0.62,0.71,2025-08-10,1055,N,VIIRS,n,2,303.85,58.38,N,0
35.20682,-120.2994,367,0.62,0.71,2025-08-10,1055,N,VIIRS,h,2,297.77,58.38,N,0
35.21061,-120.28829,307.92,0.62,0.71,2025-08-10,1055,N,VIIRS,n,2,294.47,8.17,N,0
35.21229,-120.29393,349.35,0.62,0.71,2025-08-10,1055,N,VIIRS,n,2,302,58.38,N,0
35.21385,-120.29913,367,0.62,0.71,2025-08-10,1055,N,VIIRS,h,2,319.76,58.38,N,0
35.21536,-120.30419,320.65,0.62,0.71,2025-08-10,1055,N,VIIRS,n,2,294.11,36.47,N,0
35.21664,-120.28468,308.32,0.62,0.71,2025-08-10,1055,N,VIIRS,n,2,294.6,3.43,N,0
35.21688,-120.30929,304,0.62,0.71,2025-08-10,1055,N,VIIRS,n,2,293.44,36.47,N,0
35.21838,-120.29052,342.9,0.62,0.71,2025-08-10,1055,N,VIIRS,n,2,298.93,58.89,N,0
35.22025,-120.29678,351.06,0.62,0.71,2025-08-10,1055,N,VIIRS,n,2,317.71,58.89,N,0
35.22194,-120.30243,333.62,0.62,0.71,2025-08-10,1055,N,VIIRS,n,2,312.13,85.29,N,0
35.22226,-120.27967,308.77,0.62,0.71,2025-08-10,1055,N,VIIRS,n,2,291.82,3.43,N,0
35.22346,-120.30753,367,0.62,0.71,2025-08-10,1055,N,VIIRS,h,2,295.43,85.29,N,0
35.22418,-120.28615,334.17,0.62,0.71,2025-08-10,1055,N,VIIRS,n,2,292.84,58.89,N,0
35.22498,-120.31262,307.6,0.61,0.71,2025-08-10,1055,N,VIIRS,n,2,293.79,5.65,N,0
35.22607,-120.29249,337.32,0.62,0.71,2025-08-10,1055,N,VIIRS,n,2,309.46,58.89,N,0
35.22723,-120.27253,307.58,0.62,0.71,2025-08-10,1055,N,VIIRS,n,2,292.23,8.91,N,0
35.22781,-120.2983,367,0.62,0.71,2025-08-10,1055,N,VIIRS,h,2,308.8,85.29,N,0
35.22894,-120.27828,336.86,0.62,0.71,2025-08-10,1055,N,VIIRS,n,2,293.79,8.91,N,0
35.22952,-120.30404,329.1,0.62,0.71,2025-08-10,1055,N,VIIRS,n,2,294.29,85.29,N,0
35.23069,-120.28415,367,0.62,0.71,2025-08-10,1055,N,VIIRS,h,2,298.42,103.52,N,0
35.23132,-120.3101,313.5,0.61,0.71,2025-08-10,1055,N,VIIRS,n,2,292.84,5.65,N,0
35.23309,-120.31602,303.97,0.61,0.71,2025-08-10,1055,N,VIIRS,n,2,292.14,5.65,N,0
35.2344,-120.29661,367,0.62,0.71,2025-08-10,1055,N,VIIRS,h,2,311.87,204.26,N,0
35.23547,-120.27635,313.57,0.62,0.71,2025-08-10,1055,N,VIIRS,n,2,292.3,8.91,N,0
35.23624,-120.3028,351.42,0.62,0.71,2025-08-10,1055,N,VIIRS,n,2,294.47,204.26,N,0
35.23751,-120.28321,345.73,0.62,0.71,2025-08-10,1055,N,VIIRS,n,2,300.33,103.52,N,0
35.23816,-120.30925,323.85,0.61,0.71,2025-08-10,1055,N,VIIRS,n,2,293.61,20.39,N,0
35.23934,-120.28937,355.51,0.62,0.71,2025-08-10,1055,N,VIIRS,n,2,309.36,103.52,N,0
35.23996,-120.31528,310.48,0.61,0.71,2025-08-10,1055,N,VIIRS,n,2,293.16,20.39,N,0
35.24331,-120.23087,300.25,0.62,0.71,2025-08-10,1055,N,VIIRS,n,2,289.34,1.11,N,0
35.24345,-120.30321,367,0.62,0.71,2025-08-10,1055,N,VIIRS,h,2,313.07,204.26,N,0
35.24508,-120.28474,328.45,0.62,0.71,2025-08-10,1055,N,VIIRS,n,2,298.92,15.11,N,0
35.24552,-120.31017,329.08,0.61,0.71,2025-08-10,1055,N,VIIRS,n,2,294.35,20.39,N,0
35.24704,-120.31525,308.41,0.61,0.71,2025-08-10,1055,N,VIIRS,n,2,294.32,20.39,N,0
35.2471,-120.29159,356.01,0.62,0.71,2025-08-10,1055,N,VIIRS,n,2,311.28,17.92,N,0
35.24924,-120.2988,349.3,0.62,0.71,2025-08-10,1055,N,VIIRS,n,2,294.52,17.92,N,0
35.25129,-120.30573,305.2,0.61,0.71,2025-08-10,1055,N,VIIRS,n,2,292.64,13.25,N,0
35.25249,-120.28579,320.72,0.62,0.71,2025-08-10,1055,N,VIIRS,n,2,294.13,17.92,N,0
35.25447,-120.29246,353.4,0.62,0.71,2025-08-10,1055,N,VIIRS,n,2,294.48,17.92,N,0
33.30011,-117.45495,335.08,0.53,0.42,2025-08-10,2033,N,VIIRS,n,2,303.11,5.78,D,0
35.20257,-120.29583,351.06,0.45,0.47,2025-08-10,2034,N,VIIRS,l,2,328.75,47.1,D,0
35.20691,-120.29661,352.78,0.45,0.47,2025-08-10,2034,N,VIIRS,l,2,326.25,47.1,D,0
35.20995,-120.30321,355.01,0.45,0.47,2025-08-10,2034,N,VIIRS,l,2,331.69,77.25,D,0
35.2185,-120.30533,355.45,0.45,0.47,2025-08-10,2034,N,VIIRS,n,2,322.22,30.63,D,0
35.22267,-120.30683,351.79,0.45,0.47,2025-08-10,2034,N,VIIRS,n,2,326.1,30.63,D,0
35.2238,-120.30168,367,0.45,0.47,2025-08-10,2034,N,VIIRS,h,2,325.51,54.4,D,0
35.22786,-120.30369,349.52,0.45,0.47,2025-08-10,2034,N,VIIRS,n,2,309.55,141.45,D,0
35.23008,-120.29361,355.5,0.45,0.47,2025-08-10,2034,N,VIIRS,n,2,320.67,60.85,D,0
35.23439,-120.29444,351.1,0.45,0.47,2025-08-10,2034,N,VIIRS,n,2,324.03,60.85,D,0
35.23753,-120.30068,367,0.45,0.47,2025-08-10,2034,N,VIIRS,h,2,344.63,120.36,D,0
35.23869,-120.29541,351.68,0.45,0.47,2025-08-10,2034,N,VIIRS,n,2,316.09,36.64,D,0
35.23956,-120.31197,367,0.45,0.47,2025-08-10,2034,N,VIIRS,h,2,325.71,94.93,D,0
35.24076,-120.30649,367,0.45,0.47,2025-08-10,2034,N,VIIRS,h,2,351.41,120.36,D,0
35.24189,-120.30134,367,0.45,0.47,2025-08-10,2034,N,VIIRS,h,2,317.95,120.36,D,0
35.24263,-120.3185,344.72,0.45,0.47,2025-08-10,2034,N,VIIRS,n,2,306.48,38.66,D,0
35.24294,-120.29652,356.33,0.45,0.47,2025-08-10,2034,N,VIIRS,n,2,310.13,36.64,D,0
35.24402,-120.31217,367,0.45,0.47,2025-08-10,2034,N,VIIRS,h,2,341.12,38.66,D,0
35.24469,-120.3297,337.27,0.45,0.47,2025-08-10,2034,N,VIIRS,n,2,298.73,6.96,D,0
35.24517,-120.3069,367,0.45,0.47,2025-08-10,2034,N,VIIRS,l,2,333.5,223.86,D,0
35.24579,-120.32467,346.28,0.45,0.47,2025-08-10,2034,N,VIIRS,n,2,298.78,6.96,D,0
35.24623,-120.30206,367,0.45,0.47,2025-08-10,2034,N,VIIRS,h,2,345.39,223.86,D,0
35.24693,-120.31945,356.1,0.45,0.47,2025-08-10,2034,N,VIIRS,n,2,300.45,38.66,D,0
35.24715,-120.29785,354.25,0.45,0.47,2025-08-10,2034,N,VIIRS,n,2,324.63,112.87,D,0
35.24808,-120.29355,367,0.45,0.47,2025-08-10,2034,N,VIIRS,h,2,312.32,112.87,D,0
35.24821,-120.31359,355.39,0.45,0.47,2025-08-10,2034,N,VIIRS,n,2,310.69,38.66,D,0
35.24903,-120.28922,350.2,0.45,0.47,2025-08-10,2034,N,VIIRS,n,2,304.13,29.47,D,0
35.24911,-120.33009,337.54,0.45,0.47,2025-08-10,2034,N,VIIRS,n,2,291.65,6.24,D,0
35.24929,-120.30862,367,0.45,0.47,2025-08-10,2034,N,VIIRS,l,2,350.57,223.86,D,0
35.25016,-120.32529,348.82,0.45,0.47,2025-08-10,2034,N,VIIRS,n,2,291.38,6.24,D,0
35.25029,-120.30405,367,0.45,0.47,2025-08-10,2034,N,VIIRS,l,2,371.62,223.86,D,0
35.25117,-120.32064,356.38,0.45,0.47,2025-08-10,2034,N,VIIRS,n,2,293.73,14.47,D,0
35.25122,-120.2998,367,0.45,0.47,2025-08-10,2034,N,VIIRS,l,2,331.04,112.87,D,0
35.25215,-120.29556,343.8,0.45,0.47,2025-08-10,2034,N,VIIRS,n,2,318.03,112.87,D,0
35.25231,-120.31544,367,0.45,0.47,2025-08-10,2034,N,VIIRS,h,2,297.07,14.47,D,0
35.2531,-120.29116,367,0.45,0.47,2025-08-10,2034,N,VIIRS,h,2,310.95,29.47,D,0
35.25436,-120.30604,208,0.45,0.47,2025-08-10,2034,N,VIIRS,l,2,324.98,158.84,D,0
35.2545,-120.32603,337.39,0.45,0.47,2025-08-10,2034,N,VIIRS,n,2,294,6.24,D,0
35.25532,-120.30163,350.19,0.45,0.47,2025-08-10,2034,N,VIIRS,n,2,306.64,230.25,D,0
35.25546,-120.32164,343.81,0.45,0.47,2025-08-10,2034,N,VIIRS,n,2,295.76,14.47,D,0
35.25648,-120.31694,349.93,0.45,0.47,2025-08-10,2034,N,VIIRS,n,2,296.67,14.47,D,0
35.25724,-120.29282,367,0.45,0.47,2025-08-10,2034,N,VIIRS,h,2,309.86,39.3,D,0
35.2575,-120.31223,357.55,0.45,0.47,2025-08-10,2034,N,VIIRS,n,2,296.82,158.84,D,0
35.25823,-120.28825,346.25,0.45,0.47,2025-08-10,2034,N,VIIRS,n,2,300.82,39.3,D,0
35.25852,-120.30758,367,0.45,0.47,2025-08-10,2034,N,VIIRS,h,2,296.48,158.84,D,0
35.26045,-120.29871,349.2,0.45,0.47,2025-08-10,2034,N,VIIRS,n,2,308.03,230.25,D,0
35.2607,-120.31825,334.07,0.45,0.47,2025-08-10,2034,N,VIIRS,n,2,295.68,7.4,D,0
35.26141,-120.29433,355.17,0.45,0.47,2025-08-10,2034,N,VIIRS,n,2,310.91,39.3,D,0
35.26168,-120.31373,340.42,0.45,0.47,2025-08-10,2034,N,VIIRS,n,2,295.84,7.66,D,0
35.26241,-120.28973,350.06,0.45,0.47,2025-08-10,2034,N,VIIRS,n,2,302.54,39.3,D,0
35.26268,-120.30915,347.41,0.45,0.47,2025-08-10,2034,N,VIIRS,n,2,294.46,7.66,D,0
35.26368,-120.30456,352.48,0.45,0.47,2025-08-10,2034,N,VIIRS,n,2,294.15,10.49,D,0
35.26461,-120.30023,348.76,0.45,0.47,2025-08-10,2034,N,VIIRS,n,2,294.66,10.49,D,0
35.26557,-120.29586,340.92,0.45,0.47,2025-08-10,2034,N,VIIRS,n,2,295.68,11.22,D,0
38.13629,-121.40765,343.23,0.44,0.46,2025-08-10,2035,N,VIIRS,n,2,312.1,3.72,D,0
41.28854,-122.99644,352.67,0.45,0.47,2025-08-10,2036,N,VIIRS,n,2,306.84,13.09,D,0
41.03067,-123.65804,367,0.63,0.72,2025-08-10,2217,N,VIIRS,h,2,307.08,17.22,D,0
41.03521,-123.66177,346.88,0.63,0.72,2025-08-10,2217,N,VIIRS,n,2,304.39,11.51,D,0
41.0353,-123.65488,346.26,0.63,0.72,2025-08-10,2217,N,VIIRS,n,2,303.36,11.51,D,0
39.61612,-119.26435,298.92,0.54,0.68,2025-08-11,854,N,VIIRS,n,2,287.62,0.97,N,2
39.62245,-119.26404,300.35,0.54,0.68,2025-08-11,854,N,VIIRS,n,2,287.87,0.87,N,0
40.82058,-114.25401,305.93,0.6,0.53,2025-08-11,854,N,VIIRS,n,2,290,2.03,N,2
34.60717,-117.33557,304.52,0.39,0.59,2025-08-11,855,N,VIIRS,n,2,294.22,1.09,N,2
34.60746,-117.34019,310.62,0.39,0.59,2025-08-11,855,N,VIIRS,n,2,295.47,1.09,N,2
35.20956,-120.30602,305.81,0.58,0.69,2025-08-11,855,N,VIIRS,n,2,292.63,3.2,N,0
35.20983,-120.31444,324.28,0.58,0.69,2025-08-11,855,N,VIIRS,n,2,292.35,3.2,N,0
35.21055,-120.31206,335.09,0.58,0.69,2025-08-11,855,N,VIIRS,n,2,293.5,4.02,N,0
35.21629,-120.31284,322.02,0.58,0.69,2025-08-11,855,N,VIIRS,n,2,293.91,3.2,N,0
35.21697,-120.30948,324.17,0.58,0.69,2025-08-11,855,N,VIIRS,n,2,294.15,4.02,N,0
35.21728,-120.31758,313.2,0.58,0.69,2025-08-11,855,N,VIIRS,n,2,292.21,4.02,N,0
35.22207,-120.11076,304.25,0.56,0.69,2025-08-11,855,N,VIIRS,n,2,292.44,1.61,N,0
35.22229,-120.10683,301.78,0.56,0.69,2025-08-11,855,N,VIIRS,n,2,291.34,0.87,N,0
35.22248,-120.11206,302.69,0.56,0.69,2025-08-11,855,N,VIIRS,n,2,292.64,0.87,N,0
35.22274,-120.31074,336.41,0.58,0.69,2025-08-11,855,N,VIIRS,n,2,295.11,6.37,N,0
35.22301,-120.31897,367,0.58,0.69,2025-08-11,855,N,VIIRS,h,2,298.38,25.89,N,0
35.22343,-120.30814,313.72,0.58,0.69,2025-08-11,855,N,VIIRS,n,2,293.88,9.62,N,0
35.22376,-120.31664,367,0.58,0.69,2025-08-11,855,N,VIIRS,h,2,300.28,9.62,N,0
35.22407,-120.32458,303.52,0.58,0.69,2025-08-11,855,N,VIIRS,n,2,292.38,13.11,N,0
35.22807,-120.09972,305.38,0.56,0.69,2025-08-11,855,N,VIIRS,n,2,291.09,1.21,N,0
35.22831,-120.10564,308.2,0.56,0.69,2025-08-11,855,N,VIIRS,n,2,291.57,1.21,N,0
35.22855,-120.10135,309.42,0.56,0.69,2025-08-11,855,N,VIIRS,n,2,291.64,1.39,N,0
35.22874,-120.10702,302.39,0.56,0.69,2025-08-11,855,N,VIIRS,n,2,291.22,2.06,N,0
35.22902,-120.30357,319.85,0.58,0.69,2025-08-11,855,N,VIIRS,n,2,294.36,6.37,N,0
35.22927,-120.31114,315.89,0.58,0.69,2025-08-11,855,N,VIIRS,n,2,293.3,6.37,N,0
35.22968,-120.30132,323.83,0.58,0.69,2025-08-11,855,N,VIIRS,n,2,294.38,5.75,N,0
35.22997,-120.30881,321.21,0.58,0.69,2025-08-11,855,N,VIIRS,n,2,293.36,9.62,N,0
35.23547,-120.30168,349.84,0.58,0.69,2025-08-11,855,N,VIIRS,n,2,297.36,18.65,N,0
35.23573,-120.30927,367,0.58,0.69,2025-08-11,855,N,VIIRS,h,2,299.72,18.65,N,0
35.236,-120.31741,367,0.58,0.69,2025-08-11,855,N,VIIRS,h,2,296.42,15.27,N,0
35.23611,-120.29918,324.54,0.58,0.69,2025-08-11,855,N,VIIRS,n,2,295.56,10.53,N,0
35.23629,-120.32605,309.65,0.58,0.7,2025-08-11,855,N,VIIRS,n,2,292.08,15.27,N,0
35.23641,-120.30673,367,0.58,0.69,2025-08-11,855,N,VIIRS,h,2,301,17.93,N,0
35.23672,-120.31463,367,0.58,0.69,2025-08-11,855,N,VIIRS,h,2,299.52,17.93,N,0
35.23706,-120.32343,339.19,0.58,0.69,2025-08-11,855,N,VIIRS,n,2,292.92,16.21,N,0
35.24237,-120.31276,349.52,0.58,0.69,2025-08-11,855,N,VIIRS,n,2,299.07,15.27,N,0
35.24269,-120.32253,367,0.58,0.7,2025-08-11,855,N,VIIRS,h,2,302.87,15.27,N,0
35.24293,-120.32949,311.13,0.58,0.7,2025-08-11,855,N,VIIRS,n,2,293.29,14.33,N,0
35.24304,-120.30975,313.28,0.58,0.69,2025-08-11,855,N,VIIRS,n,2,295.13,17.93,N,0
35.24343,-120.31963,367,0.58,0.69,2025-08-11,855,N,VIIRS,h,2,303.78,16.21,N,0
35.24372,-120.327,328.03,0.58,0.7,2025-08-11,855,N,VIIRS,n,2,294.21,16.21,N,0
35.24882,-120.31081,322.43,0.58,0.69,2025-08-11,855,N,VIIRS,n,2,294.19,74.15,N,0
35.24913,-120.31992,367,0.58,0.7,2025-08-11,855,N,VIIRS,h,2,295.66,74.15,N,0
35.24934,-120.32605,310.99,0.58,0.7,2025-08-11,855,N,VIIRS,n,2,293.61,25.39,N,0
35.24953,-120.30906,307.24,0.58,0.69,2025-08-11,855,N,VIIRS,n,2,293.71,28.02,N,0
35.24986,-120.31736,367,0.58,0.69,2025-08-11,855,N,VIIRS,h,2,298.3,54.2,N,0
35.25013,-120.32419,319.35,0.58,0.7,2025-08-11,855,N,VIIRS,n,2,293.56,54.2,N,0
35.25036,-120.32983,304.4,0.58,0.7,2025-08-11,855,N,VIIRS,n,2,293.69,6.99,N,0
35.25517,-120.30623,316.12,0.58,0.69,2025-08-11,855,N,VIIRS,n,2,293.83,14.35,N,0
35.25561,-120.31882,367,0.58,0.7,2025-08-11,855,N,VIIRS,h,2,310.31,74.15,N,0
35.25581,-120.32426,316.25,0.58,0.7,2025-08-11,855,N,VIIRS,n,2,294.52,25.39,N,0
35.25587,-120.30471,308.54,0.58,0.69,2025-08-11,855,N,VIIRS,n,2,293.29,28.02,N,0
35.25611,-120.31067,341.15,0.58,0.69,2025-08-11,855,N,VIIRS,n,2,301.35,28.02,N,0
35.25636,-120.31698,367,0.58,0.69,2025-08-11,855,N,VIIRS,h,2,316.17,54.2,N,0
35.2566,-120.32273,321.49,0.58,0.7,2025-08-11,855,N,VIIRS,n,2,294.49,54.2,N,0
35.26132,-120.29582,300.62,0.58,0.69,2025-08-11,855,N,VIIRS,n,2,290.53,2.74,N,0
35.2617,-120.30663,318.44,0.58,0.69,2025-08-11,855,N,VIIRS,n,2,294.87,12.16,N,0
35.26192,-120.31269,332.45,0.58,0.69,2025-08-11,855,N,VIIRS,n,2,311.88,39.72,N,0
35.26212,-120.31838,353.79,0.58,0.7,2025-08-11,855,N,VIIRS,n,2,294.48,39.72,N,0
35.26806,-120.30229,316.19,0.58,0.69,2025-08-11,855,N,VIIRS,n,2,290.38,12.16,N,0
35.26827,-120.30817,356.49,0.58,0.69,2025-08-11,855,N,VIIRS,n,2,295.63,12.16,N,0
35.26848,-120.31409,346.9,0.58,0.69,2025-08-11,855,N,VIIRS,n,2,295.09,39.72,N,0
35.26869,-120.32009,306.8,0.58,0.7,2025-08-11,855,N,VIIRS,n,2,291.35,39.72,N,0
36.35896,-114.90997,313.54,0.59,0.53,2025-08-11,855,N,VIIRS,n,2,296.54,4.6,N,2
32.37022,-117.06915,308.85,0.35,0.57,2025-08-11,856,N,VIIRS,n,2,289.95,0.9,N,2
32.50642,-116.76967,323.73,0.34,0.56,2025-08-11,856,N,VIIRS,n,2,290.15,1.73,N,2
32.52921,-116.85929,301.41,0.35,0.56,2025-08-11,856,N,VIIRS,n,2,289.98,0.27,N,0
32.55344,-114.88423,330.28,0.53,0.5,2025-08-11,856,N,VIIRS,n,2,296.42,4.95,N,0
32.5581,-114.88362,310.54,0.53,0.5,2025-08-11,856,N,VIIRS,n,2,296.46,1.91,N,0
32.59819,-117.01385,300.02,0.35,0.57,2025-08-11,856,N,VIIRS,n,2,289.31,0.32,N,2
33.61117,-117.82471,301.05,0.4,0.6,2025-08-11,856,N,VIIRS,n,2,288.84,0.41,N,0
33.71412,-117.71098,300.31,0.4,0.6,2025-08-11,856,N,VIIRS,n,2,289.56,0.54,N,2
33.77686,-118.24022,302.3,0.43,0.62,2025-08-11,856,N,VIIRS,n,2,292.04,0.95,N,2
33.79287,-117.47629,302.82,0.39,0.59,2025-08-11,856,N,VIIRS,n,2,291.2,0.5,N,2
33.81768,-118.24589,303.39,0.43,0.62,2025-08-11,856,N,VIIRS,n,2,292.36,1.56,N,2
33.85182,-118.33388,307.43,0.43,0.62,2025-08-11,856,N,VIIRS,n,2,292.16,1.48,N,2
34.14329,-117.42844,302.66,0.39,0.59,2025-08-11,856,N,VIIRS,n,2,292.43,0.1,N,2
34.15161,-118.19428,302.34,0.43,0.62,2025-08-11,856,N,VIIRS,n,2,290.77,0.78,N,2
34.29035,-118.80322,304.33,0.47,0.64,2025-08-11,856,N,VIIRS,n,2,289.81,0.7,N,2
34.33224,-118.52138,302.29,0.45,0.63,2025-08-11,856,N,VIIRS,n,2,291.51,0.18,N,2
34.33407,-118.52148,305.89,0.45,0.63,2025-08-11,856,N,VIIRS,n,2,291.71,0.51,N,2
40.82265,-114.25418,307.64,0.5,0.66,2025-08-11,1034,N,VIIRS,n,2,287.96,1.31,N,2
41.29661,-123.00268,301.21,0.55,0.43,2025-08-11,1034,N,VIIRS,n,2,291.06,0.48,N,0
39.61877,-119.26162,306.08,0.61,0.53,2025-08-11,1035,N,VIIRS,n,2,288.39,1.36,N,2
40.19455,-122.29358,333.24,0.42,0.45,2025-08-11,1035,N,VIIRS,n,2,296.52,3.83,N,0
40.19588,-122.29116,331.73,0.42,0.45,2025-08-11,1035,N,VIIRS,n,2,295.92,2.45,N,0
40.19698,-122.29597,308.25,0.42,0.45,2025-08-11,1035,N,VIIRS,n,2,295.48,2.45,N,0
32.372,-117.06863,298.54,0.61,0.71,2025-08-11,1036,N,VIIRS,n,2,288.42,0.68,N,2
32.49653,-116.31849,313.75,0.66,0.73,2025-08-11,1036,N,VIIRS,n,2,288.21,2.71,N,2
32.49866,-116.31924,319.78,0.66,0.73,2025-08-11,1036,N,VIIRS,n,2,288.69,4.18,N,2
32.50047,-116.79067,310.69,0.62,0.72,2025-08-11,1036,N,VIIRS,n,2,288.89,1.75,N,2
32.55404,-114.88401,304.71,0.78,0.78,2025-08-11,1036,N,VIIRS,n,2,293.18,1.24,N,0
32.63736,-114.84161,304.92,0.78,0.78,2025-08-11,1036,N,VIIRS,n,2,293.11,1.7,N,0
32.64087,-114.83698,303.89,0.79,0.78,2025-08-11,1036,N,VIIRS,n,2,292.93,1.32,N,0
32.64336,-114.84516,305.76,0.78,0.78,2025-08-11,1036,N,VIIRS,n,2,292.95,1.77,N,0
32.64423,-114.83859,305.75,0.78,0.78,2025-08-11,1036,N,VIIRS,n,2,292.67,1.42,N,0
33.85281,-118.33281,302.48,0.48,0.64,2025-08-11,1036,N,VIIRS,n,2,291.67,1.22,N,2
34.15424,-118.19237,305.43,0.48,0.64,2025-08-11,1036,N,VIIRS,n,2,290.63,0.46,N,2
34.29095,-118.80335,304.7,0.44,0.62,2025-08-11,1036,N,VIIRS,n,2,288.81,0.68,N,2
34.35239,-116.85444,302.23,0.56,0.68,2025-08-11,1036,N,VIIRS,n,2,292.13,0.94,N,0
34.35487,-116.85257,304.57,0.56,0.69,2025-08-11,1036,N,VIIRS,n,2,293.18,1,N,2
34.60899,-117.33669,319.42,0.52,0.66,2025-08-11,1036,N,VIIRS,n,2,295.69,2.46,N,2
34.60945,-117.33671,320.3,0.52,0.66,2025-08-11,1036,N,VIIRS,n,2,295.14,2.85,N,2
34.62073,-117.10175,309.21,0.53,0.67,2025-08-11,1036,N,VIIRS,n,2,293.91,1.21,N,2
34.62178,-117.10214,309.59,0.53,0.67,2025-08-11,1036,N,VIIRS,n,2,294.43,1.53,N,2
35.19751,-120.30284,303.74,0.35,0.56,2025-08-11,1036,N,VIIRS,n,2,292.4,1.13,N,0
35.20268,-120.30151,308.86,0.35,0.56,2025-08-11,1036,N,VIIRS,n,2,293.75,3.97,N,0
35.20881,-120.304,311.84,0.34,0.56,2025-08-11,1036,N,VIIRS,n,2,293.69,3.97,N,0
35.20963,-120.30721,367,0.34,0.56,2025-08-11,1036,N,VIIRS,h,2,299.55,13.51,N,0
35.21043,-120.31036,344.35,0.34,0.56,2025-08-11,1036,N,VIIRS,n,2,294.47,13.51,N,0
35.21413,-120.30328,314.29,0.34,0.56,2025-08-11,1036,N,VIIRS,n,2,296.38,5.85,N,0
35.21491,-120.30637,367,0.34,0.56,2025-08-11,1036,N,VIIRS,h,2,302.61,9.7,N,0
35.21569,-120.30943,342.67,0.34,0.56,2025-08-11,1036,N,VIIRS,n,2,295.61,9.7,N,0
35.21648,-120.31255,321.26,0.34,0.56,2025-08-11,1036,N,VIIRS,n,2,293.59,18,N,0
35.22017,-120.3054,330.32,0.34,0.56,2025-08-11,1036,N,VIIRS,n,2,297.92,9.7,N,0
35.22094,-120.30846,356.67,0.34,0.56,2025-08-11,1036,N,VIIRS,n,2,302.84,9.7,N,0
35.22171,-120.31152,367,0.34,0.56,2025-08-11,1036,N,VIIRS,h,2,307.41,18,N,0
35.22434,-120.103,304.01,0.35,0.57,2025-08-11,1036,N,VIIRS,n,2,291.36,0.87,N,0
35.225,-120.10404,307.46,0.35,0.57,2025-08-11,1036,N,VIIRS,n,2,291.56,1.45,N,0
35.22509,-120.30314,308.58,0.34,0.56,2025-08-11,1036,N,VIIRS,n,2,294.72,12,N,0
35.22536,-120.10709,306.72,0.35,0.57,2025-08-11,1036,N,VIIRS,n,2,291.21,1.54,N,0
35.2259,-120.30634,351.15,0.34,0.56,2025-08-11,1036,N,VIIRS,n,2,298.62,12,N,0
35.22609,-120.10826,305.93,0.35,0.57,2025-08-11,1036,N,VIIRS,n,2,291.27,1.88,N,0
35.22671,-120.30952,367,0.34,0.56,2025-08-11,1036,N,VIIRS,h,2,307.16,13.06,N,0
35.22897,-120.09788,303.9,0.35,0.57,2025-08-11,1036,N,VIIRS,n,2,290.47,1.29,N,0
35.22929,-120.10059,323.37,0.35,0.57,2025-08-11,1036,N,VIIRS,n,2,292.62,1.87,N,0
35.22995,-120.10164,323.54,0.35,0.57,2025-08-11,1036,N,VIIRS,n,2,292.59,1.29,N,0
35.23,-120.30082,355.24,0.34,0.56,2025-08-11,1036,N,VIIRS,n,2,303.77,12,N,0
35.23027,-120.10449,312.43,0.35,0.57,2025-08-11,1036,N,VIIRS,n,2,291.71,1.74,N,0
35.23088,-120.3043,367,0.34,0.56,2025-08-11,1036,N,VIIRS,h,2,308.24,12,N,0
35.23098,-120.10565,303.42,0.35,0.57,2025-08-11,1036,N,VIIRS,n,2,290.89,1.63,N,0
35.23177,-120.30782,328.27,0.34,0.56,2025-08-11,1036,N,VIIRS,n,2,294.24,13.06,N,0
35.23265,-120.31129,310.25,0.34,0.56,2025-08-11,1036,N,VIIRS,n,2,292.93,13.06,N,0
35.23523,-120.29974,312.24,0.34,0.56,2025-08-11,1036,N,VIIRS,n,2,295.58,3.91,N,0
35.23611,-120.30326,348.62,0.34,0.56,2025-08-11,1036,N,VIIRS,n,2,299.85,3.91,N,0
35.23701,-120.30683,355.23,0.34,0.56,2025-08-11,1036,N,VIIRS,n,2,307.98,21.33,N,0
35.23792,-120.31042,354.12,0.34,0.56,2025-08-11,1036,N,VIIRS,n,2,311.96,21.33,N,0
35.23872,-120.29183,301.12,0.35,0.56,2025-08-11,1036,N,VIIRS,n,2,290.35,1.38,N,0
35.23879,-120.31388,367,0.34,0.56,2025-08-11,1036,N,VIIRS,h,2,302.94,24.9,N,0
35.23958,-120.29522,307.19,0.34,0.56,2025-08-11,1036,N,VIIRS,n,2,290.13,1.38,N,0
35.23962,-120.31717,367,0.34,0.56,2025-08-11,1036,N,VIIRS,h,2,296.34,24.9,N,0
35.24044,-120.32042,340.53,0.34,0.56,2025-08-11,1036,N,VIIRS,n,2,294.6,13.55,N,0
35.24051,-120.2989,310.43,0.34,0.56,2025-08-11,1036,N,VIIRS,n,2,291.62,3.91,N,0
35.24131,-120.32388,316.43,0.34,0.56,2025-08-11,1036,N,VIIRS,n,2,294.16,13.55,N,0
35.2415,-120.30284,313.95,0.34,0.56,2025-08-11,1036,N,VIIRS,n,2,292.15,3.91,N,0
35.24228,-120.32771,314.14,0.34,0.56,2025-08-11,1036,N,VIIRS,n,2,294.26,4.22,N,0
35.2425,-120.3068,318.63,0.34,0.56,2025-08-11,1036,N,VIIRS,n,2,293.24,21.33,N,0
35.24325,-120.3316,309.51,0.34,0.56,2025-08-11,1036,N,VIIRS,n,2,294.11,4.22,N,0
35.24343,-120.31052,328.71,0.34,0.56,2025-08-11,1036,N,VIIRS,n,2,295.32,21.33,N,0
35.24364,-120.28955,303.65,0.35,0.56,2025-08-11,1036,N,VIIRS,n,2,287.49,1.07,N,0
35.2443,-120.31395,367,0.34,0.56,2025-08-11,1036,N,VIIRS,h,2,301.69,24.9,N,0
35.24461,-120.29337,311.59,0.34,0.56,2025-08-11,1036,N,VIIRS,n,2,286.42,1.07,N,0
35.24503,-120.31684,367,0.34,0.56,2025-08-11,1036,N,VIIRS,h,2,301.58,24.9,N,0
35.24567,-120.29758,316.64,0.34,0.56,2025-08-11,1036,N,VIIRS,n,2,287.39,1.96,N,0
35.24578,-120.31985,367,0.34,0.56,2025-08-11,1036,N,VIIRS,h,2,303.24,13.55,N,0
35.24668,-120.32341,353.55,0.34,0.56,2025-08-11,1036,N,VIIRS,n,2,295.42,13.55,N,0
35.2467,-120.30169,319.74,0.34,0.56,2025-08-11,1036,N,VIIRS,n,2,289.37,1.96,N,0
35.24767,-120.30556,321.19,0.34,0.56,2025-08-11,1036,N,VIIRS,n,2,290.82,4.71,N,0
35.24774,-120.32762,351.27,0.34,0.56,2025-08-11,1036,N,VIIRS,n,2,295.87,4.22,N,0
35.24855,-120.30901,335.82,0.34,0.56,2025-08-11,1036,N,VIIRS,n,2,292.39,4.71,N,0
35.24873,-120.33158,328.7,0.34,0.56,2025-08-11,1036,N,VIIRS,n,2,295.42,4.22,N,0
35.2493,-120.29014,305.6,0.34,0.56,2025-08-11,1036,N,VIIRS,n,2,288.45,1.07,N,0
35.24938,-120.31236,367,0.34,0.56,2025-08-11,1036,N,VIIRS,h,2,295.17,36.6,N,0
35.24969,-120.3354,311.7,0.34,0.56,2025-08-11,1036,N,VIIRS,n,2,295.1,4.38,N,0
35.25016,-120.31544,354.78,0.34,0.56,2025-08-11,1036,N,VIIRS,n,2,298.21,36.6,N,0
35.25026,-120.29398,308.11,0.34,0.56,2025-08-11,1036,N,VIIRS,n,2,289.36,1.96,N,0
35.25096,-120.31859,345.18,0.34,0.56,2025-08-11,1036,N,VIIRS,n,2,308.21,292.84,N,0
35.25124,-120.29788,310.73,0.34,0.56,2025-08-11,1036,N,VIIRS,n,2,290.85,1.96,N,0
35.25225,-120.30191,315.94,0.34,0.56,2025-08-11,1036,N,VIIRS,n,2,291.41,4.71,N,0
35.25321,-120.30573,323.51,0.34,0.56,2025-08-11,1036,N,VIIRS,n,2,292.73,4.71,N,0
35.25413,-120.33125,367,0.34,0.56,2025-08-11,1036,N,VIIRS,h,2,300.15,364.81,N,0
35.25415,-120.30948,348.76,0.34,0.56,2025-08-11,1036,N,VIIRS,n,2,296.52,36.6,N,0
35.25508,-120.33505,322.83,0.34,0.56,2025-08-11,1036,N,VIIRS,n,2,295.26,5.33,N,0
35.25508,-120.31319,324.52,0.34,0.56,2025-08-11,1036,N,VIIRS,n,2,306.58,36.6,N,0
35.256,-120.33871,309.06,0.34,0.56,2025-08-11,1036,N,VIIRS,n,2,294.37,5.33,N,0
35.25693,-120.29865,303.17,0.34,0.56,2025-08-11,1036,N,VIIRS,n,2,291.32,1.68,N,0
35.25695,-120.32064,322.32,0.34,0.56,2025-08-11,1036,N,VIIRS,n,2,310.53,292.84,N,0
35.258,-120.30293,307.1,0.34,0.56,2025-08-11,1036,N,VIIRS,n,2,292.28,1.68,N,0
35.25901,-120.30697,322.4,0.34,0.56,2025-08-11,1036,N,VIIRS,n,2,295.36,9.78,N,0
35.2592,-120.32959,350.75,0.34,0.56,2025-08-11,1036,N,VIIRS,n,2,295.7,364.81,N,0
35.25998,-120.31079,367,0.34,0.56,2025-08-11,1036,N,VIIRS,h,2,303.87,9.78,N,0
35.26017,-120.33345,313.55,0.34,0.56,2025-08-11,1036,N,VIIRS,n,2,294.1,5.33,N,0
35.26094,-120.31466,367,0.34,0.56,2025-08-11,1036,N,VIIRS,h,2,326.18,37.12,N,0
35.2611,-120.33721,303.95,0.34,0.56,2025-08-11,1036,N,VIIRS,n,2,293.86,5.33,N,0
35.26195,-120.3187,367,0.34,0.56,2025-08-11,1036,N,VIIRS,h,2,297.8,37.12,N,0
35.26298,-120.32278,316.44,0.34,0.56,2025-08-11,1036,N,VIIRS,n,2,293.93,10.37,N,0
35.26383,-120.30429,307.66,0.34,0.56,2025-08-11,1036,N,VIIRS,n,2,293.36,9.78,N,0
35.26478,-120.30807,334.66,0.34,0.56,2025-08-11,1036,N,VIIRS,n,2,296.94,9.78,N,0
35.26571,-120.31179,353.03,0.34,0.56,2025-08-11,1036,N,VIIRS,n,2,314.2,37.12,N,0
35.26666,-120.31556,323.31,0.34,0.56,2025-08-11,1036,N,VIIRS,n,2,292.67,37.12,N,0
35.26947,-120.30488,367,0.34,0.56,2025-08-11,1036,N,VIIRS,h,2,294.18,7.09,N,0
35.27026,-120.30117,300.1,0.34,0.56,2025-08-11,1036,N,VIIRS,n,2,287.47,3.47,N,0
35.27042,-120.30865,324.61,0.34,0.56,2025-08-11,1036,N,VIIRS,n,2,290.13,6.59,N,0
35.27124,-120.30502,367,0.34,0.56,2025-08-11,1036,N,VIIRS,h,2,293.08,3.47,N,0
35.27222,-120.30882,303.08,0.34,0.56,2025-08-11,1036,N,VIIRS,n,2,288.48,5.03,N,0
32.47512,-115.15856,344.89,0.49,0.49,2025-08-11,2014,N,VIIRS,n,2,312.39,7.69,D,0
32.47612,-115.16699,337.02,0.49,0.49,2025-08-11,2014,N,VIIRS,l,2,311.07,7.46,D,0
32.47726,-115.16187,355,0.49,0.48,2025-08-11,2014,N,VIIRS,n,2,312.83,7.46,D,0
32.47839,-115.16504,336.16,0.49,0.49,2025-08-11,2014,N,VIIRS,l,2,310.94,6.75,D,0
32.48296,-115.07926,339.58,0.48,0.48,2025-08-11,2014,N,VIIRS,l,2,312.33,6.6,D,0
32.5236,-115.12134,351.72,0.49,0.48,2025-08-11,2014,N,VIIRS,n,2,313.22,7.12,D,0
32.52472,-115.11626,342.62,0.49,0.48,2025-08-11,2014,N,VIIRS,l,2,313.44,10.55,D,0
32.52797,-115.12266,340.03,0.49,0.48,2025-08-11,2014,N,VIIRS,n,2,308.64,7.12,D,0
32.67027,-114.91105,346.48,0.47,0.48,2025-08-11,2014,N,VIIRS,n,2,315.84,13.5,D,0
35.20444,-120.30789,367,0.4,0.6,2025-08-11,2015,N,VIIRS,h,2,307.01,13.53,D,0
35.20588,-120.30241,367,0.4,0.6,2025-08-11,2015,N,VIIRS,h,2,310.32,27.6,D,0
35.20641,-120.21006,367,0.4,0.6,2025-08-11,2015,N,VIIRS,h,2,317.2,12.18,D,0
35.20862,-120.31458,335.41,0.4,0.6,2025-08-11,2015,N,VIIRS,n,2,301.85,15.76,D,0
35.20993,-120.30952,367,0.4,0.6,2025-08-11,2015,N,VIIRS,h,2,310.89,15.76,D,0
35.21154,-120.30333,350.58,0.4,0.6,2025-08-11,2015,N,VIIRS,n,2,309.2,22.48,D,0
35.21428,-120.31277,356.52,0.4,0.6,2025-08-11,2015,N,VIIRS,l,2,302.61,16.63,D,0
35.21543,-120.31113,367,0.4,0.6,2025-08-11,2015,N,VIIRS,h,2,304.55,15.76,D,0
35.21589,-120.30673,367,0.4,0.6,2025-08-11,2015,N,VIIRS,h,2,311.29,16.63,D,0
35.21706,-120.30483,367,0.4,0.6,2025-08-11,2015,N,VIIRS,h,2,311.21,22.48,D,0
35.21986,-120.31406,367,0.4,0.6,2025-08-11,2015,N,VIIRS,h,2,308.8,16.63,D,0
35.22095,-120.31259,367,0.4,0.6,2025-08-11,2015,N,VIIRS,h,2,312.94,35.08,D,0
35.22492,-120.32009,353.57,0.4,0.6,2025-08-11,2015,N,VIIRS,n,2,304.99,35.08,D,0
35.22617,-120.31525,354.46,0.4,0.6,2025-08-11,2015,N,VIIRS,n,2,319.86,35.08,D,0
35.22642,-120.31168,367,0.4,0.6,2025-08-11,2015,N,VIIRS,h,2,309.45,107.88,D,0
35.22742,-120.31048,367,0.4,0.6,2025-08-11,2015,N,VIIRS,h,2,306.54,56.98,D,0
35.22894,-120.30222,353.17,0.4,0.6,2025-08-11,2015,N,VIIRS,n,2,311.92,16.34,D,0
35.22989,-120.30094,367,0.4,0.6,2025-08-11,2015,N,VIIRS,h,2,312.66,25.57,D,0
35.23021,-120.29745,367,0.4,0.6,2025-08-11,2015,N,VIIRS,h,2,310.69,21.01,D,0
35.23282,-120.31242,367,0.4,0.6,2025-08-11,2015,N,VIIRS,h,2,308.44,16.75,D,0
35.2331,-120.3088,367,0.4,0.6,2025-08-11,2015,N,VIIRS,h,2,312.93,16.34,D,0
35.23413,-120.30735,367,0.4,0.6,2025-08-11,2015,N,VIIRS,h,2,314.49,16.75,D,0
35.23445,-120.30376,354.31,0.4,0.6,2025-08-11,2015,N,VIIRS,n,2,311.46,16.34,D,0
35.23692,-120.31941,367,0.4,0.6,2025-08-11,2015,N,VIIRS,h,2,310.25,26.43,D,0
35.23728,-120.31537,367,0.4,0.6,2025-08-11,2015,N,VIIRS,h,2,315.48,27.68,D,0
35.23843,-120.31354,367,0.4,0.6,2025-08-11,2015,N,VIIRS,h,2,312.22,16.75,D,0
35.24001,-120.32735,367,0.4,0.6,2025-08-11,2015,N,VIIRS,h,2,309.08,18.96,D,0
35.24144,-120.32198,367,0.4,0.6,2025-08-11,2015,N,VIIRS,h,2,311.7,27.68,D,0
35.24469,-120.33205,367,0.4,0.6,2025-08-11,2015,N,VIIRS,h,2,314.65,33.09,D,0
35.246,-120.3271,354.69,0.4,0.6,2025-08-11,2015,N,VIIRS,n,2,311.07,33.09,D,0
35.24924,-120.35964,367,0.41,0.6,2025-08-11,2015,N,VIIRS,h,2,302.9,60.97,D,0
35.24928,-120.33707,355.25,0.41,0.6,2025-08-11,2015,N,VIIRS,n,2,324.76,107.68,D,0
35.25068,-120.3318,349.91,0.4,0.6,2025-08-11,2015,N,VIIRS,n,2,315.87,33.09,D,0
35.25083,-120.3536,352.93,0.41,0.6,2025-08-11,2015,N,VIIRS,n,2,311.91,145.42,D,0
35.25232,-120.348,351.4,0.41,0.6,2025-08-11,2015,N,VIIRS,n,2,315.92,145.42,D,0
35.2538,-120.34238,367,0.41,0.6,2025-08-11,2015,N,VIIRS,l,2,330.97,174.55,D,0
35.25512,-120.3598,208,0.41,0.6,2025-08-11,2015,N,VIIRS,l,2,317.16,60.97,D,0
35.2552,-120.33709,350.43,0.41,0.6,2025-08-11,2015,N,VIIRS,l,2,331.89,174.55,D,0
35.25641,-120.33251,367,0.4,0.6,2025-08-11,2015,N,VIIRS,h,2,331.01,33.74,D,0
35.25685,-120.35326,367,0.41,0.6,2025-08-11,2015,N,VIIRS,l,2,349.53,145.42,D,0
35.25749,-120.32842,345.24,0.4,0.6,2025-08-11,2015,N,VIIRS,n,2,320.04,33.74,D,0
35.25824,-120.34798,367,0.41,0.6,2025-08-11,2015,N,VIIRS,l,2,360.79,145.42,D,0
35.25848,-120.3247,367,0.4,0.6,2025-08-11,2015,N,VIIRS,h,2,321.64,21.55,D,0
35.25954,-120.34306,367,0.41,0.6,2025-08-11,2015,N,VIIRS,l,2,363.21,174.55,D,0
35.26072,-120.33862,367,0.41,0.6,2025-08-11,2015,N,VIIRS,h,2,308.86,174.55,D,0
35.26116,-120.35937,336.04,0.41,0.6,2025-08-11,2015,N,VIIRS,n,2,306.17,7.49,D,0
35.26184,-120.33434,367,0.4,0.6,2025-08-11,2015,N,VIIRS,h,2,306.4,33.74,D,0
35.26256,-120.35406,367,0.41,0.6,2025-08-11,2015,N,VIIRS,h,2,305.3,14.29,D,0
35.2629,-120.33035,356.17,0.4,0.6,2025-08-11,2015,N,VIIRS,l,2,307.1,33.74,D,0
35.26382,-120.3493,367,0.41,0.6,2025-08-11,2015,N,VIIRS,h,2,305.24,14.29,D,0
35.26384,-120.32679,367,0.4,0.6,2025-08-11,2015,N,VIIRS,h,2,308.93,21.55,D,0
35.26666,-120.31612,354.14,0.4,0.6,2025-08-11,2015,N,VIIRS,n,2,310.95,30.2,D,0
35.26765,-120.31235,367,0.4,0.6,2025-08-11,2015,N,VIIRS,l,2,334.88,66.92,D,0
35.26865,-120.30859,367,0.4,0.6,2025-08-11,2015,N,VIIRS,l,2,331.99,66.92,D,0
35.26963,-120.30483,367,0.4,0.6,2025-08-11,2015,N,VIIRS,h,2,313.81,51.14,D,0
35.27278,-120.31532,208,0.4,0.6,2025-08-11,2015,N,VIIRS,l,2,324.41,65.74,D,0
35.27383,-120.31136,356.09,0.4,0.6,2025-08-11,2015,N,VIIRS,l,2,341.18,65.74,D,0
35.27794,-120.31818,350.73,0.4,0.6,2025-08-11,2015,N,VIIRS,n,2,308.88,65.74,D,0
35.27901,-120.31411,353.89,0.4,0.6,2025-08-11,2015,N,VIIRS,n,2,321.64,65.74,D,0
35.28016,-120.30977,338.49,0.4,0.6,2025-08-11,2015,N,VIIRS,l,2,309.88,109.34,D,0
35.20132,-120.3096,350.14,0.49,0.65,2025-08-11,2156,N,VIIRS,n,2,295.68,31,D,0
35.20154,-120.30476,367,0.49,0.65,2025-08-11,2156,N,VIIRS,h,2,309.02,58.48,D,0
35.20175,-120.30009,355.78,0.49,0.65,2025-08-11,2156,N,VIIRS,n,2,296.87,58.48,D,0
35.20737,-120.31049,339.37,0.49,0.65,2025-08-11,2156,N,VIIRS,n,2,303.97,64.63,D,0
35.20777,-120.30165,367,0.49,0.65,2025-08-11,2156,N,VIIRS,h,2,298.36,136.38,D,0
35.20796,-120.29743,342.42,0.49,0.65,2025-08-11,2156,N,VIIRS,n,2,296.88,21.78,D,0
35.21342,-120.31149,367,0.49,0.65,2025-08-11,2156,N,VIIRS,h,2,299,64.63,D,0
35.21361,-120.30732,367,0.49,0.65,2025-08-11,2156,N,VIIRS,h,2,303.22,136.38,D,0
35.21923,-120.3176,342.57,0.49,0.65,2025-08-11,2156,N,VIIRS,n,2,296.09,10.28,D,0
35.21944,-120.31285,367,0.49,0.65,2025-08-11,2156,N,VIIRS,h,2,301.79,10.28,D,0
35.22274,-120.10367,350.27,0.5,0.66,2025-08-11,2156,N,VIIRS,n,2,315.55,12.37,D,0
35.2253,-120.31793,351.66,0.49,0.65,2025-08-11,2156,N,VIIRS,n,2,296.77,10.28,D,0
35.22552,-120.3131,367,0.49,0.65,2025-08-11,2156,N,VIIRS,h,2,298.64,10.28,D,0
35.22573,-120.30843,342.37,0.49,0.65,2025-08-11,2156,N,VIIRS,n,2,298.4,17,D,0
35.23159,-120.31347,367,0.49,0.65,2025-08-11,2156,N,VIIRS,h,2,298.47,17.95,D,0
35.23182,-120.30863,355.36,0.49,0.65,2025-08-11,2156,N,VIIRS,n,2,298.72,22.19,D,0
35.23721,-120.32363,354.15,0.49,0.65,2025-08-11,2156,N,VIIRS,n,2,299.18,16.44,D,0
35.23742,-120.31914,367,0.49,0.65,2025-08-11,2156,N,VIIRS,h,2,304.18,17.95,D,0
35.23762,-120.31477,340.5,0.49,0.65,2025-08-11,2156,N,VIIRS,n,2,298.47,17.95,D,0
35.24294,-120.33112,367,0.48,0.65,2025-08-11,2156,N,VIIRS,h,2,306.55,39.07,D,0
35.24318,-120.32593,367,0.49,0.65,2025-08-11,2156,N,VIIRS,h,2,304.16,39.07,D,0
35.24341,-120.32104,340.03,0.49,0.65,2025-08-11,2156,N,VIIRS,n,2,296.56,9.08,D,0
35.24776,-120.35748,331.59,0.48,0.65,2025-08-11,2156,N,VIIRS,n,2,297.42,5.77,D,0
35.24798,-120.35282,345.62,0.48,0.65,2025-08-11,2156,N,VIIRS,n,2,299.27,8.68,D,0
35.24821,-120.34792,346.08,0.48,0.65,2025-08-11,2156,N,VIIRS,n,2,298.83,8.68,D,0
35.24844,-120.34328,367,0.48,0.65,2025-08-11,2156,N,VIIRS,h,2,303.55,32.74,D,0
35.24865,-120.33881,353.58,0.48,0.65,2025-08-11,2156,N,VIIRS,n,2,307.15,32.74,D,0
35.24887,-120.3341,367,0.48,0.65,2025-08-11,2156,N,VIIRS,h,2,320.64,39.07,D,0
35.24894,-120.35764,352.84,0.48,0.65,2025-08-11,2156,N,VIIRS,n,2,300.2,36.36,D,0
35.24912,-120.32892,347.27,0.49,0.65,2025-08-11,2156,N,VIIRS,n,2,302.33,39.07,D,0
35.24914,-120.35308,367,0.48,0.65,2025-08-11,2156,N,VIIRS,h,2,303.82,36.36,D,0
35.24934,-120.34824,367,0.48,0.65,2025-08-11,2156,N,VIIRS,h,2,304.84,42.2,D,0
35.24941,-120.32278,340.23,0.49,0.65,2025-08-11,2156,N,VIIRS,n,2,297.34,9.08,D,0
35.24954,-120.34355,367,0.48,0.65,2025-08-11,2156,N,VIIRS,h,2,305.74,42.2,D,0
35.24965,-120.31776,337.78,0.49,0.65,2025-08-11,2156,N,VIIRS,n,2,295.29,9.08,D,0
35.24973,-120.33905,351.94,0.48,0.65,2025-08-11,2156,N,VIIRS,n,2,309.75,57,D,0
35.24993,-120.33427,367,0.49,0.65,2025-08-11,2156,N,VIIRS,h,2,321.71,57,D,0
35.25015,-120.32897,347.2,0.49,0.65,2025-08-11,2156,N,VIIRS,n,2,302.11,34.45,D,0
35.25042,-120.32258,342.23,0.49,0.65,2025-08-11,2156,N,VIIRS,n,2,297.41,34.45,D,0
35.25063,-120.31753,339.95,0.49,0.65,2025-08-11,2156,N,VIIRS,n,2,295.44,6.73,D,0
35.25083,-120.31288,333.5,0.49,0.65,2025-08-11,2156,N,VIIRS,n,2,296.21,6.73,D,0
35.25372,-120.3597,355.72,0.48,0.65,2025-08-11,2156,N,VIIRS,n,2,303.85,31.4,D,0
35.25392,-120.35557,355.89,0.48,0.65,2025-08-11,2156,N,VIIRS,n,2,323.86,123.6,D,0
35.25414,-120.35111,367,0.48,0.65,2025-08-11,2156,N,VIIRS,h,2,314.71,123.6,D,0
35.25437,-120.34632,367,0.48,0.65,2025-08-11,2156,N,VIIRS,h,2,307.55,330.16,D,0
35.25459,-120.34162,367,0.48,0.65,2025-08-11,2156,N,VIIRS,h,2,314.27,330.16,D,0
35.25483,-120.33678,367,0.48,0.65,2025-08-11,2156,N,VIIRS,h,2,311.58,189.8,D,0
35.25492,-120.35992,355.45,0.48,0.65,2025-08-11,2156,N,VIIRS,n,2,304.05,36.36,D,0
35.25508,-120.33144,367,0.49,0.65,2025-08-11,2156,N,VIIRS,h,2,304.33,189.8,D,0
35.2551,-120.3558,350,0.48,0.65,2025-08-11,2156,N,VIIRS,l,2,331.27,36.36,D,0
35.25529,-120.3513,367,0.48,0.65,2025-08-11,2156,N,VIIRS,h,2,317.38,42.2,D,0
35.2554,-120.32484,356.6,0.49,0.65,2025-08-11,2156,N,VIIRS,n,2,299.39,58.65,D,0
35.25549,-120.3465,367,0.48,0.65,2025-08-11,2156,N,VIIRS,h,2,310.8,42.2,D,0
35.2557,-120.34171,351.91,0.48,0.65,2025-08-11,2156,N,VIIRS,n,2,321.45,57,D,0
35.25571,-120.31829,348.67,0.49,0.65,2025-08-11,2156,N,VIIRS,n,2,297.13,58.65,D,0
35.25591,-120.33675,355.94,0.49,0.65,2025-08-11,2156,N,VIIRS,n,2,316.87,57,D,0
35.25599,-120.31264,340.71,0.49,0.65,2025-08-11,2156,N,VIIRS,n,2,295.69,42.81,D,0
35.25614,-120.33129,367,0.49,0.65,2025-08-11,2156,N,VIIRS,h,2,308.95,34.45,D,0
35.25642,-120.32458,367,0.49,0.65,2025-08-11,2156,N,VIIRS,h,2,299.55,34.45,D,0
35.2567,-120.31796,351.11,0.49,0.65,2025-08-11,2156,N,VIIRS,n,2,297.26,6.73,D,0
35.25695,-120.31219,341.95,0.49,0.65,2025-08-11,2156,N,VIIRS,n,2,296.44,6.73,D,0
35.2572,-120.30621,335.16,0.49,0.65,2025-08-11,2156,N,VIIRS,n,2,298.38,5.29,D,0
35.25748,-120.2994,330.19,0.49,0.65,2025-08-11,2156,N,VIIRS,n,2,300.08,5.29,D,0
35.25967,-120.36234,335.69,0.48,0.65,2025-08-11,2156,N,VIIRS,n,2,300.37,31.4,D,0
35.25988,-120.35797,311.62,0.48,0.65,2025-08-11,2156,N,VIIRS,l,2,317.42,123.6,D,0
35.2601,-120.35346,367,0.48,0.65,2025-08-11,2156,N,VIIRS,l,2,343.6,123.6,D,0
35.26033,-120.34866,367,0.48,0.65,2025-08-11,2156,N,VIIRS,l,2,378.97,330.16,D,0
35.26059,-120.3434,367,0.48,0.65,2025-08-11,2156,N,VIIRS,l,2,374.76,330.16,D,0
35.26086,-120.33778,367,0.48,0.65,2025-08-11,2156,N,VIIRS,h,2,328.04,189.8,D,0
35.26088,-120.36274,330.08,0.48,0.65,2025-08-11,2156,N,VIIRS,n,2,298.57,70.68,D,0
35.26108,-120.35821,335.3,0.48,0.65,2025-08-11,2156,N,VIIRS,n,2,305.05,70.68,D,0
35.26112,-120.33221,348.76,0.49,0.65,2025-08-11,2156,N,VIIRS,n,2,317.54,189.8,D,0
35.26127,-120.35361,367,0.48,0.65,2025-08-11,2156,N,VIIRS,l,2,339.28,232.21,D,0
35.26144,-120.32581,355.43,0.49,0.65,2025-08-11,2156,N,VIIRS,n,2,305.12,58.65,D,0
35.26148,-120.3487,367,0.48,0.65,2025-08-11,2156,N,VIIRS,l,2,380.59,232.21,D,0
35.26171,-120.3434,367,0.48,0.65,2025-08-11,2156,N,VIIRS,l,2,368.64,399.24,D,0
35.26178,-120.31873,266.75,0.49,0.65,2025-08-11,2156,N,VIIRS,l,2,315.58,58.65,D,0
35.2621,-120.31233,367,0.49,0.65,2025-08-11,2156,N,VIIRS,h,2,305.12,42.81,D,0
35.2622,-120.33195,354.24,0.49,0.65,2025-08-11,2156,N,VIIRS,n,2,310.68,76.99,D,0
35.26239,-120.30631,346.37,0.49,0.65,2025-08-11,2156,N,VIIRS,n,2,299.59,42.81,D,0
35.26249,-120.3252,354.5,0.49,0.65,2025-08-11,2156,N,VIIRS,n,2,305.45,76.99,D,0
35.26271,-120.29958,336.14,0.49,0.65,2025-08-11,2156,N,VIIRS,n,2,299.51,9.59,D,0
35.26278,-120.31822,367,0.49,0.65,2025-08-11,2156,N,VIIRS,l,2,330.35,105.93,D,0
35.26305,-120.31178,367,0.49,0.65,2025-08-11,2156,N,VIIRS,h,2,308.68,105.93,D,0
35.26331,-120.30573,348.26,0.49,0.65,2025-08-11,2156,N,VIIRS,n,2,299.76,15.86,D,0
35.2636,-120.29892,336.63,0.49,0.65,2025-08-11,2156,N,VIIRS,n,2,300.14,15.86,D,0
35.26615,-120.35393,367,0.48,0.65,2025-08-11,2156,N,VIIRS,h,2,299.69,31.33,D,0
35.26641,-120.3487,367,0.48,0.65,2025-08-11,2156,N,VIIRS,h,2,301.24,57.7,D,0
35.26669,-120.34283,367,0.48,0.65,2025-08-11,2156,N,VIIRS,h,2,299.69,57.7,D,0
35.26702,-120.33633,354.01,0.48,0.65,2025-08-11,2156,N,VIIRS,n,2,299.53,17.22,D,0
35.26732,-120.33009,349.49,0.49,0.65,2025-08-11,2156,N,VIIRS,n,2,299.17,17.22,D,0
35.26735,-120.35349,331.77,0.48,0.65,2025-08-11,2156,N,VIIRS,n,2,299.61,232.21,D,0
35.26759,-120.34812,342.74,0.48,0.65,2025-08-11,2156,N,VIIRS,n,2,299.62,232.21,D,0
35.26764,-120.32353,367,0.49,0.65,2025-08-11,2156,N,VIIRS,h,2,300.1,65.86,D,0
35.26785,-120.34207,346.6,0.48,0.65,2025-08-11,2156,N,VIIRS,n,2,298.73,399.24,D,0
35.26796,-120.31713,367,0.49,0.65,2025-08-11,2156,N,VIIRS,l,2,330.2,65.86,D,0
35.26813,-120.33553,344.63,0.49,0.65,2025-08-11,2156,N,VIIRS,n,2,299.23,399.24,D,0
35.26826,-120.31094,367,0.49,0.65,2025-08-11,2156,N,VIIRS,h,2,318.66,55.37,D,0
35.2684,-120.32921,344.23,0.49,0.65,2025-08-11,2156,N,VIIRS,n,2,299.27,76.99,D,0
35.26857,-120.30463,367,0.49,0.65,2025-08-11,2156,N,VIIRS,h,2,303.94,55.37,D,0
35.26868,-120.32273,357.39,0.49,0.65,2025-08-11,2156,N,VIIRS,n,2,301.29,76.99,D,0
35.26887,-120.2984,335.68,0.49,0.65,2025-08-11,2156,N,VIIRS,n,2,300.77,14.31,D,0
35.26894,-120.3165,367,0.49,0.65,2025-08-11,2156,N,VIIRS,l,2,327.09,105.93,D,0
35.26921,-120.31029,367,0.49,0.65,2025-08-11,2156,N,VIIRS,h,2,312.45,105.93,D,0
35.26948,-120.30403,367,0.49,0.65,2025-08-11,2156,N,VIIRS,h,2,303.57,15.86,D,0
35.26974,-120.29792,334.5,0.49,0.65,2025-08-11,2156,N,VIIRS,n,2,300.77,15.86,D,0
35.27383,-120.32159,350.73,0.49,0.65,2025-08-11,2156,N,VIIRS,n,2,302.71,65.86,D,0
35.27412,-120.31573,367,0.49,0.65,2025-08-11,2156,N,VIIRS,h,2,318.5,65.86,D,0
35.27441,-120.30984,354.66,0.49,0.65,2025-08-11,2156,N,VIIRS,n,2,302.23,55.37,D,0
35.27469,-120.30396,337.1,0.49,0.65,2025-08-11,2156,N,VIIRS,n,2,300.88,55.37,D,0
35.27483,-120.32109,342.41,0.49,0.65,2025-08-11,2156,N,VIIRS,n,2,304.66,26.45,D,0
35.27509,-120.31525,367,0.49,0.65,2025-08-11,2156,N,VIIRS,h,2,317.16,42.49,D,0
35.27534,-120.30941,346.31,0.49,0.65,2025-08-11,2156,N,VIIRS,n,2,301.3,42.49,D,0
35.27559,-120.30366,333.59,0.49,0.65,2025-08-11,2156,N,VIIRS,n,2,300.81,8.17,D,0
35.27996,-120.32066,355.18,0.49,0.65,2025-08-11,2156,N,VIIRS,n,2,304.15,22.62,D,0
35.28025,-120.31501,367,0.49,0.65,2025-08-11,2156,N,VIIRS,h,2,308.46,22.62,D,0
35.28095,-120.32037,348.98,0.49,0.65,2025-08-11,2156,N,VIIRS,n,2,304.04,26.45,D,0
35.2812,-120.31478,367,0.49,0.65,2025-08-11,2156,N,VIIRS,h,2,305.03,42.49,D,0
38.91891,-122.80124,349.81,0.38,0.59,2025-08-11,2157,N,VIIRS,n,2,309.6,4.25,D,0
38.91947,-122.80239,354.41,0.38,0.59,2025-08-11,2157,N,VIIRS,n,2,310,4.06,D,0
40.81956,-114.25611,306.62,0.53,0.67,2025-08-12,835,N,VIIRS,n,2,289.61,1.45,N,2
40.82259,-114.257,306.05,0.53,0.67,2025-08-12,835,N,VIIRS,n,2,289.17,1.43,N,2
34.6067,-117.33691,305.88,0.72,0.76,2025-08-12,836,N,VIIRS,n,2,293.06,1.59,N,2
34.61044,-117.34126,305,0.72,0.76,2025-08-12,836,N,VIIRS,n,2,292.77,1.38,N,2
32.39948,-116.74139,301.08,0.64,0.72,2025-08-12,837,N,VIIRS,n,2,290.79,0.97,N,2
32.40129,-116.74221,301,0.64,0.72,2025-08-12,837,N,VIIRS,n,2,290.61,1.29,N,2
32.53528,-115.43791,308.35,0.54,0.68,2025-08-12,837,N,VIIRS,n,2,297.33,1.22,N,0
40.82037,-114.25468,310.35,0.58,0.52,2025-08-12,1015,N,VIIRS,n,2,290.98,2.67,N,2
41.29307,-116.93265,301.65,0.42,0.45,2025-08-12,1015,N,VIIRS,n,2,286.24,1,N,0
36.35711,-114.9105,316.87,0.35,0.57,2025-08-12,1016,N,VIIRS,n,2,296.72,1.46,N,2
37.75565,-121.66165,297.27,0.46,0.39,2025-08-12,1016,N,VIIRS,n,2,286.7,0.41,N,2
37.88313,-121.1842,303.26,0.48,0.4,2025-08-12,1016,N,VIIRS,n,2,289.26,0.53,N,2
37.94476,-122.39552,302.45,0.43,0.38,2025-08-12,1016,N,VIIRS,n,2,288.36,1.24,N,2
37.9491,-122.39935,302.85,0.43,0.38,2025-08-12,1016,N,VIIRS,n,2,292.2,1.26,N,2
38.31485,-121.83395,301.33,0.45,0.39,2025-08-12,1016,N,VIIRS,n,2,287.62,0.47,N,2
38.51383,-121.19099,301.41,0.47,0.39,2025-08-12,1016,N,VIIRS,n,2,289.9,0.51,N,0
38.58036,-121.41847,308.15,0.46,0.39,2025-08-12,1016,N,VIIRS,n,2,290.13,0.77,N,0
39.49316,-119.61996,303.43,0.52,0.42,2025-08-12,1016,N,VIIRS,n,2,291.37,0.98,N,2
39.61835,-119.26532,304.8,0.54,0.42,2025-08-12,1016,N,VIIRS,n,2,293.56,1.26,N,2
39.61955,-119.26443,308.54,0.54,0.42,2025-08-12,1016,N,VIIRS,n,2,294.11,1.31,N,2
40.19477,-122.29546,310.9,0.41,0.37,2025-08-12,1016,N,VIIRS,n,2,295.08,1.06,N,0
41.29156,-122.99369,308.68,0.39,0.36,2025-08-12,1016,N,VIIRS,n,2,289.37,0.95,N,0
34.15309,-118.1932,307.19,0.52,0.5,2025-08-12,1017,N,VIIRS,n,2,289.81,1.04,N,2
34.29077,-118.80166,308.89,0.48,0.48,2025-08-12,1017,N,VIIRS,n,2,289.91,1.24,N,2
34.33298,-118.52067,301.41,0.5,0.49,2025-08-12,1017,N,VIIRS,n,2,290.2,0.27,N,2
34.35413,-116.85101,304.52,0.61,0.54,2025-08-12,1017,N,VIIRS,n,2,293.34,1.72,N,2
34.4293,-118.64305,302.55,0.49,0.48,2025-08-12,1017,N,VIIRS,n,2,289.57,1.47,N,2
34.60684,-117.33488,313.48,0.57,0.52,2025-08-12,1017,N,VIIRS,n,2,293.99,3.26,N,2
34.62069,-117.10017,313.03,0.59,0.53,2025-08-12,1017,N,VIIRS,n,2,295.4,2.31,N,2
35.20618,-120.31371,300.98,0.39,0.44,2025-08-12,1017,N,VIIRS,n,2,290.12,0.83,N,0
35.20802,-120.31497,307.97,0.39,0.44,2025-08-12,1017,N,VIIRS,n,2,290.16,1.17,N,0
35.21197,-120.31384,330.92,0.39,0.44,2025-08-12,1017,N,VIIRS,n,2,294.1,3.04,N,0
35.21287,-120.31807,314.17,0.39,0.44,2025-08-12,1017,N,VIIRS,n,2,291.7,2.18,N,0
35.21516,-120.30917,319.29,0.39,0.44,2025-08-12,1017,N,VIIRS,n,2,295.01,3.04,N,0
35.21598,-120.31299,338.41,0.39,0.44,2025-08-12,1017,N,VIIRS,n,2,295.24,3.04,N,0
35.21684,-120.31706,315.23,0.39,0.44,2025-08-12,1017,N,VIIRS,n,2,293.29,2.18,N,0
35.22475,-120.31489,304.6,0.39,0.44,2025-08-12,1017,N,VIIRS,n,2,293.64,2.07,N,0
35.22784,-120.30968,314.95,0.39,0.44,2025-08-12,1017,N,VIIRS,n,2,295.42,2.18,N,0
35.22868,-120.31363,367,0.39,0.44,2025-08-12,1017,N,VIIRS,h,2,300.76,7.18,N,0
35.22952,-120.31762,308.81,0.39,0.44,2025-08-12,1017,N,VIIRS,n,2,292.95,7.18,N,0
35.2318,-120.3086,318.21,0.39,0.44,2025-08-12,1017,N,VIIRS,n,2,294.13,2.18,N,0
35.23265,-120.31262,343.12,0.39,0.44,2025-08-12,1017,N,VIIRS,n,2,298.02,7.18,N,0
35.23348,-120.3166,354.85,0.39,0.44,2025-08-12,1017,N,VIIRS,n,2,299.9,7.18,N,0
35.23431,-120.32049,354.29,0.39,0.44,2025-08-12,1017,N,VIIRS,n,2,296.36,7.93,N,0
35.23513,-120.32438,347.27,0.39,0.44,2025-08-12,1017,N,VIIRS,n,2,291.76,7.93,N,0
35.23595,-120.32828,314.24,0.39,0.44,2025-08-12,1017,N,VIIRS,n,2,289.75,2.55,N,0
35.2383,-120.31957,319.57,0.39,0.44,2025-08-12,1017,N,VIIRS,n,2,297.57,5.19,N,0
35.23913,-120.32351,349.92,0.39,0.44,2025-08-12,1017,N,VIIRS,n,2,301.45,5.19,N,0
35.23999,-120.32758,348.69,0.39,0.44,2025-08-12,1017,N,VIIRS,n,2,300.34,12.7,N,0
35.24088,-120.33182,348.14,0.38,0.44,2025-08-12,1017,N,VIIRS,n,2,296.28,12.7,N,0
35.24178,-120.33607,347.63,0.38,0.44,2025-08-12,1017,N,VIIRS,n,2,296.88,18.81,N,0
35.24584,-120.33553,354.58,0.38,0.44,2025-08-12,1017,N,VIIRS,n,2,304,18.81,N,0
35.24669,-120.33958,354.37,0.38,0.44,2025-08-12,1017,N,VIIRS,n,2,308.86,18.81,N,0
35.2469,-120.36039,302.65,0.38,0.43,2025-08-12,1017,N,VIIRS,n,2,290.56,12.76,N,0
35.24753,-120.34356,367,0.38,0.44,2025-08-12,1017,N,VIIRS,h,2,300.42,25.53,N,0
35.24839,-120.34765,356.89,0.38,0.43,2025-08-12,1017,N,VIIRS,n,2,306.06,25.53,N,0
35.24927,-120.35181,367,0.38,0.43,2025-08-12,1017,N,VIIRS,h,2,310.17,22.13,N,0
35.25012,-120.35587,347.47,0.38,0.43,2025-08-12,1017,N,VIIRS,n,2,298.87,22.13,N,0
35.2508,-120.33922,314.03,0.38,0.44,2025-08-12,1017,N,VIIRS,n,2,298.82,2.93,N,0
35.25094,-120.35976,367,0.38,0.43,2025-08-12,1017,N,VIIRS,h,2,304.19,12.76,N,0
35.25164,-120.34326,308.21,0.38,0.44,2025-08-12,1017,N,VIIRS,n,2,296.18,1.71,N,0
35.25177,-120.36371,341.92,0.38,0.43,2025-08-12,1017,N,VIIRS,n,2,299.45,12.76,N,0
35.2525,-120.34732,312.01,0.38,0.43,2025-08-12,1017,N,VIIRS,n,2,296.6,1.71,N,0
35.25501,-120.35926,337.75,0.38,0.43,2025-08-12,1017,N,VIIRS,n,2,302.84,41.22,N,0
35.25582,-120.36312,344.54,0.38,0.43,2025-08-12,1017,N,VIIRS,n,2,309.01,41.22,N,0
35.25909,-120.35885,330.17,0.38,0.43,2025-08-12,1017,N,VIIRS,n,2,327.46,41.22,N,0
35.25992,-120.36282,342.74,0.38,0.43,2025-08-12,1017,N,VIIRS,n,2,319.98,41.22,N,0
35.26099,-120.32809,343.21,0.38,0.44,2025-08-12,1017,N,VIIRS,n,2,301.43,11.66,N,0
35.26145,-120.35023,335.65,0.38,0.43,2025-08-12,1017,N,VIIRS,n,2,297.05,19.51,N,0
35.26189,-120.33241,352,0.38,0.44,2025-08-12,1017,N,VIIRS,n,2,309.85,26.53,N,0
35.2623,-120.35426,356.46,0.38,0.43,2025-08-12,1017,N,VIIRS,n,2,310.26,19.51,N,0
35.26275,-120.33649,367,0.38,0.44,2025-08-12,1017,N,VIIRS,h,2,303.66,26.53,N,0
35.26312,-120.35818,355.13,0.38,0.43,2025-08-12,1017,N,VIIRS,n,2,327.28,22.14,N,0
35.26363,-120.34068,333.58,0.38,0.44,2025-08-12,1017,N,VIIRS,n,2,297.94,12.79,N,0
35.26388,-120.32195,337.54,0.39,0.44,2025-08-12,1017,N,VIIRS,n,2,296.35,6.11,N,0
35.26395,-120.36214,307.97,0.38,0.43,2025-08-12,1017,N,VIIRS,n,2,294.77,22.14,N,0
35.26451,-120.34492,367,0.38,0.43,2025-08-12,1017,N,VIIRS,h,2,309.34,12.79,N,0
35.26479,-120.32631,345.29,0.38,0.44,2025-08-12,1017,N,VIIRS,n,2,298.29,6.11,N,0
35.26536,-120.34896,340.85,0.38,0.43,2025-08-12,1017,N,VIIRS,n,2,299.78,19.51,N,0
35.26619,-120.35291,339.82,0.38,0.43,2025-08-12,1017,N,VIIRS,n,2,301.68,19.51,N,0
35.26654,-120.33466,346.88,0.38,0.44,2025-08-12,1017,N,VIIRS,n,2,298.71,8,N,0
35.26741,-120.33885,356.43,0.38,0.44,2025-08-12,1017,N,VIIRS,n,2,297.87,8.13,N,0
35.26766,-120.32005,345.68,0.39,0.44,2025-08-12,1017,N,VIIRS,n,2,300.63,6.11,N,0
35.26831,-120.34312,343.3,0.38,0.43,2025-08-12,1017,N,VIIRS,n,2,297.39,8.13,N,0
35.26855,-120.3243,338.5,0.38,0.44,2025-08-12,1017,N,VIIRS,n,2,293.61,6.11,N,0
35.27148,-120.31831,305.51,0.39,0.44,2025-08-12,1017,N,VIIRS,n,2,292.37,2.21,N,0
35.27235,-120.32249,341.9,0.38,0.44,2025-08-12,1017,N,VIIRS,n,2,295.37,2.21,N,0
35.27322,-120.32666,342.17,0.38,0.44,2025-08-12,1017,N,VIIRS,n,2,292.92,4.38,N,0
35.2741,-120.33086,305.66,0.38,0.44,2025-08-12,1017,N,VIIRS,n,2,289.85,4.38,N,0
35.27618,-120.32086,307.59,0.38,0.44,2025-08-12,1017,N,VIIRS,n,2,293.21,2.21,N,0
35.27705,-120.32498,330.69,0.38,0.44,2025-08-12,1017,N,VIIRS,n,2,296.92,4.38,N,0
35.27791,-120.32912,349.62,0.38,0.44,2025-08-12,1017,N,VIIRS,n,2,295.03,4.38,N,0
35.28091,-120.32349,311,0.38,0.44,2025-08-12,1017,N,VIIRS,n,2,291.56,5.68,N,0
35.28178,-120.32764,352.13,0.38,0.44,2025-08-12,1017,N,VIIRS,n,2,302.17,5.68,N,0
35.28265,-120.33182,337.69,0.38,0.44,2025-08-12,1017,N,VIIRS,n,2,288.97,9.65,N,0
35.28568,-120.32631,303.65,0.38,0.44,2025-08-12,1017,N,VIIRS,n,2,287.55,5.68,N,0
32.39677,-116.74463,300.34,0.35,0.56,2025-08-12,1018,N,VIIRS,n,2,290.22,0.41,N,0
32.4003,-116.74237,314.87,0.35,0.56,2025-08-12,1018,N,VIIRS,n,2,291.05,0.69,N,2
32.40181,-116.74284,311.73,0.35,0.56,2025-08-12,1018,N,VIIRS,n,2,290.81,0.41,N,2
32.53523,-115.43552,311.16,0.41,0.6,2025-08-12,1018,N,VIIRS,n,2,297.06,1.7,N,0
32.57633,-115.61685,318.58,0.4,0.6,2025-08-12,1018,N,VIIRS,n,2,295.87,2.37,N,0
32.58165,-115.6149,341.26,0.4,0.6,2025-08-12,1018,N,VIIRS,n,2,297.84,2.37,N,0
32.43201,-114.99073,347.86,0.44,0.62,2025-08-12,1956,N,VIIRS,n,2,309.2,2.38,D,0
32.43248,-114.98958,350.26,0.44,0.62,2025-08-12,1956,N,VIIRS,n,2,309.71,3.52,D,0
32.58152,-115.61491,367,0.47,0.64,2025-08-12,1956,N,VIIRS,h,2,313.17,11.95,D,0
32.67957,-114.91219,367,0.43,0.62,2025-08-12,1956,N,VIIRS,h,2,315.51,19.45,D,0
32.68032,-114.91422,355.09,0.43,0.62,2025-08-12,1956,N,VIIRS,n,2,314.63,17.79,D,0
32.68152,-114.90967,367,0.43,0.62,2025-08-12,1956,N,VIIRS,h,2,314.27,21.19,D,0
32.68515,-114.91402,353.22,0.43,0.62,2025-08-12,1956,N,VIIRS,n,2,312.69,12.84,D,0
32.68568,-114.74802,338.17,0.42,0.61,2025-08-12,1956,N,VIIRS,l,2,308.57,4.52,D,0
32.71487,-114.7601,344.61,0.42,0.61,2025-08-12,1956,N,VIIRS,n,2,313.23,6.96,D,0
33.54792,-115.98419,338.91,0.47,0.64,2025-08-12,1956,N,VIIRS,n,2,308.73,7,D,0
33.54927,-115.97919,344,0.47,0.64,2025-08-12,1956,N,VIIRS,n,2,308.6,8.42,D,0
33.55371,-115.98609,341.75,0.47,0.64,2025-08-12,1956,N,VIIRS,n,2,309.63,7,D,0
33.55506,-115.98108,341.91,0.47,0.64,2025-08-12,1956,N,VIIRS,n,2,310.91,8.42,D,0
35.22882,-120.31402,357.99,0.72,0.75,2025-08-12,1957,N,VIIRS,n,2,300.48,27.33,D,0
35.23179,-120.3044,355.24,0.71,0.75,2025-08-12,1957,N,VIIRS,n,2,299.9,27.33,D,0
35.24107,-120.34782,341.24,0.72,0.75,2025-08-12,1957,N,VIIRS,n,2,297.52,10.73,D,0
35.24417,-120.35907,337.67,0.72,0.75,2025-08-12,1957,N,VIIRS,n,2,296.76,14.95,D,0
35.24537,-120.35848,348.62,0.72,0.75,2025-08-12,1957,N,VIIRS,n,2,297.82,10.73,D,0
35.24724,-120.34934,367,0.72,0.75,2025-08-12,1957,N,VIIRS,h,2,301.02,21.25,D,0
35.24869,-120.34772,355.14,0.72,0.75,2025-08-12,1957,N,VIIRS,n,2,300.07,10.73,D,0
35.24974,-120.36886,344.41,0.72,0.76,2025-08-12,1957,N,VIIRS,n,2,297.51,24.02,D,0
35.25137,-120.33623,333.66,0.72,0.75,2025-08-12,1957,N,VIIRS,n,2,300.37,21.25,D,0
35.25159,-120.35964,351.98,0.72,0.75,2025-08-12,1957,N,VIIRS,n,2,300.21,14.95,D,0
35.25291,-120.37961,354.78,0.72,0.76,2025-08-12,1957,N,VIIRS,n,2,298.59,50.87,D,0
35.25314,-120.35783,344.77,0.72,0.75,2025-08-12,1957,N,VIIRS,n,2,299.85,51.22,D,0
35.25417,-120.37909,367,0.72,0.76,2025-08-12,1957,N,VIIRS,h,2,299.99,24.02,D,0
35.25578,-120.37048,367,0.72,0.75,2025-08-12,1957,N,VIIRS,h,2,304.36,74.26,D,0
35.25578,-120.34632,337.8,0.72,0.75,2025-08-12,1957,N,VIIRS,n,2,304.22,21.25,D,0
35.25703,-120.3452,339.61,0.72,0.75,2025-08-12,1957,N,VIIRS,n,2,304.4,51.22,D,0
35.25729,-120.36896,367,0.72,0.76,2025-08-12,1957,N,VIIRS,h,2,305.18,24.02,D,0
35.25872,-120.33698,355.56,0.72,0.75,2025-08-12,1957,N,VIIRS,n,2,304.94,21.25,D,0
35.25898,-120.38809,330.16,0.72,0.76,2025-08-12,1957,N,VIIRS,n,2,297.84,11.16,D,0
35.25972,-120.33646,355.4,0.72,0.75,2025-08-12,1957,N,VIIRS,n,2,304.82,288.1,D,0
35.26001,-120.35699,367,0.72,0.75,2025-08-12,1957,N,VIIRS,h,2,306.86,74.26,D,0
35.26085,-120.37853,353.02,0.72,0.76,2025-08-12,1957,N,VIIRS,n,2,312.45,50.87,D,0
35.26104,-120.32956,353.64,0.72,0.75,2025-08-12,1957,N,VIIRS,n,2,323.95,94.05,D,0
35.26135,-120.35574,367,0.72,0.75,2025-08-12,1957,N,VIIRS,h,2,308.6,51.22,D,0
35.26191,-120.32934,367,0.72,0.75,2025-08-12,1957,N,VIIRS,l,2,330.23,288.1,D,0
35.26231,-120.37725,345.54,0.72,0.76,2025-08-12,1957,N,VIIRS,n,2,315.52,64.91,D,0
35.26291,-120.32362,367,0.71,0.75,2025-08-12,1957,N,VIIRS,h,2,311.33,94.05,D,0
35.26315,-120.34701,352.35,0.72,0.75,2025-08-12,1957,N,VIIRS,n,2,313.16,118.7,D,0
35.26371,-120.32352,367,0.72,0.75,2025-08-12,1957,N,VIIRS,h,2,314.96,235.2,D,0
35.26411,-120.34679,351.83,0.72,0.75,2025-08-12,1957,N,VIIRS,n,2,312.8,51.22,D,0
35.26423,-120.36775,367,0.72,0.75,2025-08-12,1957,N,VIIRS,h,2,324.53,74.26,D,0
35.26522,-120.38882,342.91,0.72,0.76,2025-08-12,1957,N,VIIRS,n,2,300.67,16.75,D,0
35.26537,-120.36728,367,0.72,0.76,2025-08-12,1957,N,VIIRS,h,2,325.21,64.91,D,0
35.26546,-120.31786,333.7,0.71,0.75,2025-08-12,1957,N,VIIRS,n,2,306.7,235.2,D,0
35.26669,-120.38767,340.83,0.72,0.76,2025-08-12,1957,N,VIIRS,n,2,300.9,11.16,D,0
35.2668,-120.35954,367,0.72,0.75,2025-08-12,1957,N,VIIRS,h,2,305.21,74.26,D,0
35.26705,-120.3346,367,0.72,0.75,2025-08-12,1957,N,VIIRS,l,2,335.4,434.83,D,0
35.26781,-120.35937,367,0.72,0.75,2025-08-12,1957,N,VIIRS,h,2,303.93,91.05,D,0
35.26784,-120.33467,367,0.72,0.75,2025-08-12,1957,N,VIIRS,l,2,338.86,288.1,D,0
35.26856,-120.37817,367,0.72,0.76,2025-08-12,1957,N,VIIRS,h,2,306.08,16.75,D,0
35.26886,-120.32882,367,0.71,0.75,2025-08-12,1957,N,VIIRS,h,2,364.29,434.83,D,0
35.26915,-120.35209,346.76,0.72,0.75,2025-08-12,1957,N,VIIRS,n,2,300.83,118.7,D,0
35.26964,-120.32887,367,0.72,0.75,2025-08-12,1957,N,VIIRS,h,2,366.73,235.2,D,0
35.26975,-120.37772,353.87,0.72,0.76,2025-08-12,1957,N,VIIRS,n,2,302.47,64.91,D,0
35.27071,-120.32294,367,0.71,0.75,2025-08-12,1957,N,VIIRS,h,2,324.43,132.7,D,0
35.27112,-120.37,367,0.72,0.75,2025-08-12,1957,N,VIIRS,h,2,301.58,26.9,D,0
35.27124,-120.34539,367,0.72,0.75,2025-08-12,1957,N,VIIRS,h,2,303.57,118.7,D,0
35.27148,-120.32289,367,0.71,0.75,2025-08-12,1957,N,VIIRS,h,2,324.95,235.2,D,0
35.27206,-120.34556,350.16,0.72,0.75,2025-08-12,1957,N,VIIRS,n,2,301.89,180.96,D,0
35.27207,-120.37015,331.88,0.72,0.76,2025-08-12,1957,N,VIIRS,n,2,300.6,64.91,D,0
35.2727,-120.3166,337.93,0.71,0.75,2025-08-12,1957,N,VIIRS,n,2,311.75,132.7,D,0
35.27301,-120.33978,367,0.72,0.75,2025-08-12,1957,N,VIIRS,l,2,325.4,434.83,D,0
35.27348,-120.31639,338.29,0.71,0.75,2025-08-12,1957,N,VIIRS,n,2,311.29,36.04,D,0
35.27382,-120.33984,208,0.72,0.75,2025-08-12,1957,N,VIIRS,l,2,318.42,180.96,D,0
35.27485,-120.33393,367,0.71,0.75,2025-08-12,1957,N,VIIRS,h,2,328.99,434.83,D,0
35.27677,-120.32776,367,0.71,0.75,2025-08-12,1957,N,VIIRS,h,2,319.99,132.7,D,0
35.27757,-120.32771,367,0.71,0.75,2025-08-12,1957,N,VIIRS,h,2,317.27,471.68,D,0
35.2789,-120.32099,337.55,0.71,0.75,2025-08-12,1957,N,VIIRS,n,2,308.61,132.7,D,0
35.27971,-120.32073,334.3,0.71,0.75,2025-08-12,1957,N,VIIRS,n,2,308.56,47.24,D,0
41.24115,-116.82599,342.16,0.33,0.55,2025-08-12,1958,N,VIIRS,l,2,316.71,10.47,D,0
41.28076,-116.92441,367,0.33,0.55,2025-08-12,1958,N,VIIRS,h,2,318.77,7.7,D,0
41.28567,-116.92657,367,0.33,0.55,2025-08-12,1958,N,VIIRS,h,2,318.43,7.7,D,0
35.21406,-120.31083,343.7,0.52,0.5,2025-08-12,2137,N,VIIRS,n,2,301.64,10.3,D,0
35.22645,-120.31318,347.69,0.52,0.5,2025-08-12,2137,N,VIIRS,n,2,305.4,14.28,D,0
35.22794,-120.31276,367,0.52,0.5,2025-08-12,2137,N,VIIRS,h,2,305.89,22.24,D,0
35.2284,-120.30733,342.4,0.52,0.5,2025-08-12,2137,N,VIIRS,n,2,305.21,10.57,D,0
35.23065,-120.31912,367,0.52,0.5,2025-08-12,2137,N,VIIRS,h,2,303.86,16.85,D,0
35.23108,-120.31374,347.17,0.52,0.5,2025-08-12,2137,N,VIIRS,n,2,300.98,14.28,D,0
35.2321,-120.31879,367,0.52,0.5,2025-08-12,2137,N,VIIRS,h,2,307.17,25.21,D,0
35.23485,-120.32503,367,0.52,0.5,2025-08-12,2137,N,VIIRS,h,2,305.02,21.66,D,0
35.23527,-120.31982,352,0.52,0.5,2025-08-12,2137,N,VIIRS,n,2,304.14,21.66,D,0
35.2358,-120.33001,337.02,0.52,0.5,2025-08-12,2137,N,VIIRS,n,2,299.51,15.29,D,0
35.23626,-120.32468,367,0.52,0.5,2025-08-12,2137,N,VIIRS,h,2,305.59,15.29,D,0
35.23671,-120.31955,344.74,0.52,0.5,2025-08-12,2137,N,VIIRS,n,2,302.48,25.21,D,0
35.239,-120.33154,367,0.52,0.5,2025-08-12,2137,N,VIIRS,h,2,304.37,12.2,D,0
35.23985,-120.33714,338.74,0.52,0.5,2025-08-12,2137,N,VIIRS,n,2,300.43,24.39,D,0
35.24035,-120.33142,351.93,0.52,0.5,2025-08-12,2137,N,VIIRS,n,2,304.09,14.38,D,0
35.24298,-120.35468,335.69,0.52,0.5,2025-08-12,2137,N,VIIRS,n,2,300.96,14.79,D,0
35.24309,-120.3387,355.43,0.52,0.5,2025-08-12,2137,N,VIIRS,n,2,308.24,22.91,D,0
35.24347,-120.34909,356.21,0.52,0.5,2025-08-12,2137,N,VIIRS,n,2,309.04,14.79,D,0
35.24353,-120.33331,343.85,0.52,0.5,2025-08-12,2137,N,VIIRS,n,2,304.04,22.91,D,0
35.24395,-120.34368,356.82,0.52,0.5,2025-08-12,2137,N,VIIRS,n,2,304.5,24.39,D,0
35.2444,-120.33849,367,0.52,0.5,2025-08-12,2137,N,VIIRS,h,2,310.98,24.39,D,0
35.24487,-120.33321,341.14,0.52,0.5,2025-08-12,2137,N,VIIRS,n,2,303.18,14.38,D,0
35.24634,-120.35606,357.13,0.52,0.5,2025-08-12,2137,N,VIIRS,n,2,312.75,57.54,D,0
35.24678,-120.35066,367,0.52,0.5,2025-08-12,2137,N,VIIRS,h,2,310.02,53.68,D,0
35.24723,-120.3453,357.45,0.52,0.5,2025-08-12,2137,N,VIIRS,n,2,308.09,53.68,D,0
35.24765,-120.34019,352.16,0.52,0.5,2025-08-12,2137,N,VIIRS,n,2,303.77,22.91,D,0
35.25048,-120.36256,351.57,0.52,0.5,2025-08-12,2137,N,VIIRS,n,2,310.72,69.15,D,0
35.25414,-120.37469,353.69,0.52,0.5,2025-08-12,2137,N,VIIRS,n,2,312.2,69.75,D,0
35.25461,-120.36911,348.39,0.52,0.5,2025-08-12,2137,N,VIIRS,n,2,315.98,69.75,D,0
35.25504,-120.36389,347.51,0.52,0.5,2025-08-12,2137,N,VIIRS,n,2,317.86,69.15,D,0
35.25822,-120.38189,342.51,0.52,0.5,2025-08-12,2137,N,VIIRS,n,2,309.36,56.24,D,0
35.25867,-120.37644,367,0.52,0.5,2025-08-12,2137,N,VIIRS,h,2,309.45,18.32,D,0
35.25911,-120.37109,343.32,0.52,0.5,2025-08-12,2137,N,VIIRS,n,2,309.31,18.32,D,0
35.25955,-120.3658,367,0.52,0.5,2025-08-12,2137,N,VIIRS,h,2,308.61,39.79,D,0
35.2604,-120.35555,344.48,0.52,0.5,2025-08-12,2137,N,VIIRS,n,2,312.26,170.5,D,0
35.26084,-120.35024,344.41,0.52,0.5,2025-08-12,2137,N,VIIRS,n,2,308.24,170.5,D,0
35.26281,-120.32642,367,0.52,0.5,2025-08-12,2137,N,VIIRS,h,2,325.36,48.31,D,0
35.26319,-120.37817,349.68,0.52,0.5,2025-08-12,2137,N,VIIRS,n,2,315.47,18.32,D,0
35.26363,-120.37292,343.89,0.52,0.5,2025-08-12,2137,N,VIIRS,n,2,315.55,18.32,D,0
35.26408,-120.3674,351.8,0.52,0.5,2025-08-12,2137,N,VIIRS,n,2,320.31,39.79,D,0
35.26455,-120.3618,351.09,0.52,0.5,2025-08-12,2137,N,VIIRS,l,2,333.66,39.79,D,0
35.26501,-120.35632,367,0.52,0.5,2025-08-12,2137,N,VIIRS,l,2,356.73,170.5,D,0
35.26547,-120.35075,367,0.52,0.5,2025-08-12,2137,N,VIIRS,l,2,332.76,170.5,D,0
35.26596,-120.34489,367,0.52,0.5,2025-08-12,2137,N,VIIRS,l,2,340.74,76.97,D,0
35.26649,-120.33848,351.74,0.52,0.5,2025-08-12,2137,N,VIIRS,l,2,340.35,76.97,D,0
35.26701,-120.33218,367,0.52,0.5,2025-08-12,2137,N,VIIRS,h,2,354.05,48.31,D,0
35.26754,-120.32572,367,0.52,0.5,2025-08-12,2137,N,VIIRS,h,2,331.96,48.31,D,0
35.26774,-120.37949,367,0.52,0.5,2025-08-12,2137,N,VIIRS,h,2,378.7,116.96,D,0
35.26808,-120.31929,343.22,0.52,0.5,2025-08-12,2137,N,VIIRS,n,2,317.27,14.74,D,0
35.2682,-120.37405,367,0.52,0.5,2025-08-12,2137,N,VIIRS,h,2,318.95,116.96,D,0
35.26868,-120.36835,348.76,0.52,0.5,2025-08-12,2137,N,VIIRS,n,2,319.96,119.67,D,0
35.26917,-120.36233,367,0.52,0.5,2025-08-12,2137,N,VIIRS,l,2,331.14,119.67,D,0
35.26967,-120.3564,344.43,0.52,0.5,2025-08-12,2137,N,VIIRS,n,2,305.66,26.91,D,0
35.27121,-120.33792,367,0.52,0.5,2025-08-12,2137,N,VIIRS,h,2,346.96,128.95,D,0
35.27175,-120.33149,356.04,0.52,0.5,2025-08-12,2137,N,VIIRS,l,2,345.8,87.63,D,0
35.27227,-120.32517,367,0.52,0.5,2025-08-12,2137,N,VIIRS,h,2,327.88,87.63,D,0
35.27235,-120.38019,347.96,0.52,0.5,2025-08-12,2137,N,VIIRS,n,2,306.67,116.96,D,0
35.27279,-120.319,352.95,0.52,0.5,2025-08-12,2137,N,VIIRS,n,2,321.23,31.96,D,0
35.27593,-120.33743,308.01,0.52,0.5,2025-08-12,2137,N,VIIRS,l,2,315.74,128.95,D,0
35.27646,-120.33109,367,0.52,0.5,2025-08-12,2137,N,VIIRS,h,2,362.14,87.63,D,0
35.27697,-120.32498,355.74,0.52,0.5,2025-08-12,2137,N,VIIRS,n,2,322.18,87.63,D,0
35.27747,-120.31897,341.19,0.52,0.5,2025-08-12,2137,N,VIIRS,n,2,311.41,31.96,D,0
35.28063,-120.33717,339,0.52,0.5,2025-08-12,2137,N,VIIRS,n,2,313.24,66.01,D,0
35.28114,-120.33103,367,0.52,0.5,2025-08-12,2137,N,VIIRS,l,2,378.96,128.39,D,0
35.28164,-120.3251,350.51,0.52,0.5,2025-08-12,2137,N,VIIRS,n,2,315.09,128.39,D,0
35.2858,-120.33135,356.21,0.52,0.5,2025-08-12,2137,N,VIIRS,n,2,316.81,128.39,D,0
37.62088,-121.28561,341.09,0.49,0.49,2025-08-12,2138,N,VIIRS,n,2,309.77,5.53,D,0
38.04713,-121.31434,345.28,0.49,0.49,2025-08-12,2138,N,VIIRS,n,2,308.32,4.11,D,0
38.65191,-121.58432,345.5,0.49,0.48,2025-08-12,2138,N,VIIRS,n,2,312.86,47.46,D,0
38.65641,-121.58491,343.65,0.49,0.48,2025-08-12,2138,N,VIIRS,n,2,309.63,42.28,D,0
39.11729,-122.1554,332.7,0.46,0.47,2025-08-12,2138,N,VIIRS,l,2,307.35,2.45,D,0
39.76694,-121.93922,336.59,0.48,0.48,2025-08-12,2138,N,VIIRS,l,2,309.19,4.36,D,0
39.76885,-121.9388,340.24,0.48,0.48,2025-08-12,2138,N,VIIRS,n,2,310.8,3.81,D,0