latitude,longitude,bright_ti4,scan,track,acq_date,acq_time,satellite,instrument,confidence,version,bright_ti5,frp,daynight,type
40.82246,-114.25613,303.13,0.53,0.67,2025-08-28,835,N,VIIRS,n,2,283.44,1.39,N,2
36.35619,-114.91264,309.96,0.54,0.68,2025-08-28,836,N,VIIRS,n,2,286.89,1.62,N,2
36.35872,-114.91274,306.74,0.54,0.68,2025-08-28,836,N,VIIRS,n,2,284.53,2.93,N,2
40.82213,-114.25738,298.8,0.58,0.52,2025-08-28,1015,N,VIIRS,n,2,281.18,1.18,N,2
39.19498,-122.02343,307.37,0.43,0.38,2025-08-28,1016,N,VIIRS,n,2,289.42,0.9,N,0
39.20838,-121.59093,334.42,0.44,0.39,2025-08-28,1016,N,VIIRS,n,2,289.99,4.6,N,0
40.73565,-122.32333,303.4,0.41,0.37,2025-08-28,1016,N,VIIRS,n,2,291.06,0.44,N,2
40.77918,-122.63039,298.94,0.4,0.37,2025-08-28,1016,N,VIIRS,n,2,286.93,0.35,N,0
40.78003,-122.63527,304.82,0.4,0.37,2025-08-28,1016,N,VIIRS,n,2,286.16,0.68,N,0
40.78088,-122.64016,299.61,0.4,0.37,2025-08-28,1016,N,VIIRS,n,2,285.99,0.68,N,0
40.78251,-122.62931,318.15,0.4,0.37,2025-08-28,1016,N,VIIRS,n,2,288.92,1.26,N,0
40.78335,-122.6342,325.51,0.4,0.37,2025-08-28,1016,N,VIIRS,n,2,289.44,1.74,N,0
40.78421,-122.63909,309.92,0.4,0.37,2025-08-28,1016,N,VIIRS,n,2,286.69,1.74,N,0
40.89958,-122.85281,321.59,0.4,0.37,2025-08-28,1016,N,VIIRS,n,2,288.4,2.51,N,0
40.90293,-122.85203,331.67,0.4,0.37,2025-08-28,1016,N,VIIRS,n,2,291.03,3.49,N,0
40.90379,-122.857,309.74,0.4,0.37,2025-08-28,1016,N,VIIRS,n,2,285.44,1.6,N,0
40.90714,-122.85622,321.85,0.4,0.37,2025-08-28,1016,N,VIIRS,n,2,286.41,1.6,N,0
40.91049,-122.85545,307.92,0.4,0.37,2025-08-28,1016,N,VIIRS,n,2,285.18,1.05,N,0
41.21193,-123.17727,312.44,0.39,0.36,2025-08-28,1016,N,VIIRS,n,2,290.45,0.98,N,0
41.31297,-123.23243,303.05,0.39,0.36,2025-08-28,1016,N,VIIRS,n,2,288.02,0.55,N,0
41.4178,-123.26633,350.63,0.39,0.36,2025-08-28,1016,N,VIIRS,n,2,296.75,8.49,N,0
41.42106,-123.26519,328.54,0.39,0.36,2025-08-28,1016,N,VIIRS,n,2,291.04,8.49,N,0
41.52007,-123.53616,339,0.39,0.36,2025-08-28,1016,N,VIIRS,n,2,292.11,5.13,N,0
41.52085,-123.54084,352.69,0.39,0.36,2025-08-28,1016,N,VIIRS,n,2,294.71,5.13,N,0
41.52164,-123.54556,347.44,0.39,0.36,2025-08-28,1016,N,VIIRS,n,2,293.42,7.26,N,0
41.52258,-123.5305,335.12,0.39,0.36,2025-08-28,1016,N,VIIRS,n,2,292.08,2.95,N,0
41.52337,-123.53522,323.76,0.39,0.36,2025-08-28,1016,N,VIIRS,n,2,292.35,3.01,N,0
41.52494,-123.54464,310.66,0.39,0.36,2025-08-28,1016,N,VIIRS,n,2,290.99,5.24,N,0
41.52572,-123.54934,341.33,0.39,0.36,2025-08-28,1016,N,VIIRS,n,2,295.56,5.24,N,0
41.5265,-123.55404,354.41,0.39,0.36,2025-08-28,1016,N,VIIRS,n,2,295.05,7.23,N,0
41.52729,-123.55872,348.37,0.39,0.36,2025-08-28,1016,N,VIIRS,n,2,294.7,7.23,N,0
41.52807,-123.56342,336.78,0.39,0.36,2025-08-28,1016,N,VIIRS,n,2,293.59,2.27,N,0
41.52885,-123.56808,312.49,0.39,0.36,2025-08-28,1016,N,VIIRS,n,2,289.87,2.27,N,0
41.5298,-123.55311,307.97,0.39,0.36,2025-08-28,1016,N,VIIRS,n,2,290.48,7.23,N,0
41.53212,-123.5671,313.23,0.39,0.36,2025-08-28,1016,N,VIIRS,n,2,290.28,2.27,N,0
41.53976,-123.53031,306.63,0.39,0.36,2025-08-28,1016,N,VIIRS,n,2,290.3,0.83,N,0
41.54156,-123.52029,301.91,0.39,0.36,2025-08-28,1016,N,VIIRS,n,2,289.84,1.07,N,0
41.5423,-123.52479,314.88,0.39,0.36,2025-08-28,1016,N,VIIRS,n,2,291.51,1.07,N,0
41.54444,-123.55848,309.22,0.39,0.36,2025-08-28,1016,N,VIIRS,n,2,290.14,0.95,N,0
41.54484,-123.51934,312.27,0.39,0.36,2025-08-28,1016,N,VIIRS,n,2,291,1.07,N,0
41.54739,-123.51392,302.7,0.39,0.36,2025-08-28,1016,N,VIIRS,n,2,289.9,1.75,N,0
41.54771,-123.55745,316.49,0.39,0.36,2025-08-28,1016,N,VIIRS,n,2,290.91,1.58,N,0
41.54813,-123.51841,305.15,0.39,0.36,2025-08-28,1016,N,VIIRS,n,2,291.51,1.12,N,0
41.54887,-123.5229,316.5,0.39,0.36,2025-08-28,1016,N,VIIRS,n,2,291.85,1.12,N,0
41.54993,-123.50848,300.09,0.39,0.36,2025-08-28,1016,N,VIIRS,n,2,289.32,1.75,N,0
41.55069,-123.513,342.44,0.39,0.36,2025-08-28,1016,N,VIIRS,n,2,295.55,1.75,N,0
41.55142,-123.51746,313.97,0.39,0.36,2025-08-28,1016,N,VIIRS,n,2,291.72,1.12,N,0
41.55215,-123.52192,311.69,0.39,0.36,2025-08-28,1016,N,VIIRS,n,2,291.16,1.12,N,0
41.55291,-123.52651,323.74,0.39,0.36,2025-08-28,1016,N,VIIRS,n,2,291.35,1.6,N,0
41.55322,-123.50752,331.58,0.39,0.36,2025-08-28,1016,N,VIIRS,n,2,291.43,3.71,N,0
41.55368,-123.53113,305.84,0.39,0.36,2025-08-28,1016,N,VIIRS,n,2,290.79,1.6,N,0
41.55397,-123.51203,339.69,0.39,0.36,2025-08-28,1016,N,VIIRS,n,2,292.98,3.71,N,0
41.55426,-123.55542,307.52,0.39,0.36,2025-08-28,1016,N,VIIRS,n,2,290.49,2.69,N,0
41.55471,-123.51653,316.05,0.39,0.36,2025-08-28,1016,N,VIIRS,n,2,290.98,1.71,N,0
41.55501,-123.55998,337.22,0.39,0.36,2025-08-28,1016,N,VIIRS,n,2,291.61,2.69,N,0
41.55619,-123.52554,306,0.39,0.36,2025-08-28,1016,N,VIIRS,n,2,289.91,1.56,N,0
41.55696,-123.53016,328.15,0.39,0.36,2025-08-28,1016,N,VIIRS,n,2,291.73,1.56,N,0
41.55753,-123.55441,338.02,0.39,0.36,2025-08-28,1016,N,VIIRS,n,2,292.51,2.69,N,0
41.55828,-123.55898,329.73,0.39,0.36,2025-08-28,1016,N,VIIRS,n,2,291.32,2.69,N,0
41.55927,-123.54414,315.85,0.39,0.36,2025-08-28,1016,N,VIIRS,n,2,290.11,2.08,N,0
41.56004,-123.54877,308.62,0.39,0.36,2025-08-28,1016,N,VIIRS,n,2,290.52,2.08,N,0
41.56024,-123.52917,315.96,0.39,0.36,2025-08-28,1016,N,VIIRS,n,2,291.36,1.56,N,0
41.5608,-123.5534,318.88,0.39,0.36,2025-08-28,1016,N,VIIRS,n,2,290.82,2,N,0
41.56101,-123.53384,306.12,0.39,0.36,2025-08-28,1016,N,VIIRS,n,2,290.21,2,N,0
41.56156,-123.558,339.73,0.39,0.36,2025-08-28,1016,N,VIIRS,n,2,292.23,2,N,0
41.56178,-123.53851,331.62,0.39,0.36,2025-08-28,1016,N,VIIRS,n,2,291.52,2,N,0
41.56254,-123.5431,340.62,0.39,0.36,2025-08-28,1016,N,VIIRS,n,2,292.86,2.08,N,0
41.5633,-123.54771,315.65,0.39,0.36,2025-08-28,1016,N,VIIRS,n,2,290.71,2.08,N,0
41.56352,-123.52822,300.38,0.39,0.36,2025-08-28,1016,N,VIIRS,n,2,290.01,0.55,N,0
41.56407,-123.55236,301.97,0.39,0.36,2025-08-28,1016,N,VIIRS,n,2,289.34,2,N,0
41.56429,-123.53284,343.06,0.39,0.36,2025-08-28,1016,N,VIIRS,n,2,293.17,2.59,N,0
41.56505,-123.53745,308.32,0.39,0.36,2025-08-28,1016,N,VIIRS,n,2,290.21,2.59,N,0
41.78231,-123.18304,307.95,0.39,0.36,2025-08-28,1016,N,VIIRS,n,2,288.4,1.25,N,0
41.78559,-123.18204,345.36,0.39,0.36,2025-08-28,1016,N,VIIRS,n,2,295.2,6.14,N,0
41.78641,-123.18687,345.57,0.39,0.36,2025-08-28,1016,N,VIIRS,n,2,291.3,5.93,N,0
41.78887,-123.18102,329.07,0.39,0.36,2025-08-28,1016,N,VIIRS,n,2,287.17,6.14,N,0
41.78968,-123.18581,323.67,0.39,0.36,2025-08-28,1016,N,VIIRS,n,2,286.96,5.93,N,0
36.35968,-114.91105,311.47,0.35,0.57,2025-08-28,1017,N,VIIRS,n,2,292.77,1.64,N,2
36.894,-119.0514,311.52,0.41,0.45,2025-08-28,1017,N,VIIRS,n,2,290.05,19.16,N,0
36.89519,-119.01678,315.52,0.42,0.45,2025-08-28,1017,N,VIIRS,n,2,284.58,0.88,N,0
36.89611,-119.02105,303,0.42,0.45,2025-08-28,1017,N,VIIRS,n,2,285.37,1.46,N,0
36.89805,-119.05009,340.18,0.41,0.45,2025-08-28,1017,N,VIIRS,n,2,307.71,19.16,N,0
36.89888,-119.05392,367,0.41,0.45,2025-08-28,1017,N,VIIRS,h,2,305.66,24,N,0
36.89929,-119.01572,306.26,0.42,0.45,2025-08-28,1017,N,VIIRS,n,2,285.84,0.88,N,0
36.89973,-119.05788,320.05,0.41,0.45,2025-08-28,1017,N,VIIRS,n,2,294.01,24,N,0
36.90201,-119.04837,303.77,0.41,0.45,2025-08-28,1017,N,VIIRS,n,2,292.43,1.47,N,0
36.90289,-119.05245,355,0.41,0.45,2025-08-28,1017,N,VIIRS,n,2,299.39,3.65,N,0
36.90383,-119.05679,323.03,0.41,0.45,2025-08-28,1017,N,VIIRS,n,2,295.53,3.65,N,0
36.90479,-119.06123,306.1,0.41,0.45,2025-08-28,1017,N,VIIRS,n,2,293.87,1.82,N,0
36.90604,-119.08712,310.1,0.41,0.45,2025-08-28,1017,N,VIIRS,n,2,293.27,1.03,N,0
36.90606,-119.04706,305.28,0.41,0.45,2025-08-28,1017,N,VIIRS,n,2,292.46,1.47,N,0
36.90702,-119.0515,310.3,0.41,0.45,2025-08-28,1017,N,VIIRS,n,2,293.62,3.65,N,0
36.90739,-119.0449,304.08,0.41,0.45,2025-08-28,1017,N,VIIRS,n,2,291.65,1.26,N,0
36.90801,-119.05613,309.54,0.41,0.45,2025-08-28,1017,N,VIIRS,n,2,292.41,3.65,N,0
36.90903,-119.06089,310.79,0.41,0.45,2025-08-28,1017,N,VIIRS,n,2,292.46,1.82,N,0
36.90923,-119.04165,306.02,0.41,0.45,2025-08-28,1017,N,VIIRS,n,2,291.61,0.93,N,0
36.9094,-119.05396,311.59,0.41,0.45,2025-08-28,1017,N,VIIRS,n,2,293.35,1.29,N,0
36.91024,-119.04637,303.1,0.41,0.45,2025-08-28,1017,N,VIIRS,n,2,291,0.93,N,0
36.91046,-119.05876,316.53,0.41,0.45,2025-08-28,1017,N,VIIRS,n,2,291.75,1.29,N,0
36.91047,-119.03918,310.76,0.41,0.45,2025-08-28,1017,N,VIIRS,n,2,292.2,2.84,N,0
36.91123,-119.05096,303.35,0.41,0.45,2025-08-28,1017,N,VIIRS,n,2,291.41,0.7,N,0
36.91135,-119.03135,347.1,0.41,0.45,2025-08-28,1017,N,VIIRS,n,2,290.3,9.28,N,0
36.91148,-119.06339,302.88,0.41,0.45,2025-08-28,1017,N,VIIRS,n,2,291.52,2.39,N,0
36.91154,-119.04404,306.26,0.41,0.45,2025-08-28,1017,N,VIIRS,n,2,291.42,1.26,N,0
36.91224,-119.05572,305.95,0.41,0.45,2025-08-28,1017,N,VIIRS,n,2,291.46,0.7,N,0
36.91227,-119.03561,342.54,0.41,0.45,2025-08-28,1017,N,VIIRS,n,2,292.36,9.28,N,0
36.91256,-119.02897,346.09,0.41,0.45,2025-08-28,1017,N,VIIRS,n,2,299.97,27.12,N,0
36.91261,-119.04884,303.53,0.41,0.45,2025-08-28,1017,N,VIIRS,n,2,290.58,1.26,N,0
36.9133,-119.06066,312.83,0.41,0.45,2025-08-28,1017,N,VIIRS,n,2,291.46,1.22,N,0
36.91331,-119.04048,307.65,0.41,0.45,2025-08-28,1017,N,VIIRS,n,2,292.09,0.93,N,0
36.91349,-119.03322,351.71,0.41,0.45,2025-08-28,1017,N,VIIRS,n,2,299.27,14.5,N,0
36.91365,-119.05356,302.12,0.41,0.45,2025-08-28,1017,N,VIIRS,n,2,290.38,1.29,N,0
36.91444,-119.0458,305.99,0.41,0.45,2025-08-28,1017,N,VIIRS,n,2,289.97,0.93,N,0
36.91455,-119.03801,313.66,0.41,0.45,2025-08-28,1017,N,VIIRS,n,2,292.63,14.5,N,0
36.91474,-119.05849,308.82,0.41,0.45,2025-08-28,1017,N,VIIRS,n,2,291.56,1.29,N,0
36.91548,-119.05065,301.22,0.41,0.45,2025-08-28,1017,N,VIIRS,n,2,289.63,0.7,N,0
36.91568,-119.02342,331.97,0.41,0.45,2025-08-28,1017,N,VIIRS,n,2,298.39,27.12,N,0
36.91575,-119.04342,308.88,0.41,0.45,2025-08-28,1017,N,VIIRS,n,2,290.58,1.02,N,0
36.91652,-119.0555,302.47,0.41,0.45,2025-08-28,1017,N,VIIRS,n,2,290.3,0.7,N,0
36.91661,-119.02763,367,0.41,0.45,2025-08-28,1017,N,VIIRS,h,2,304.33,27.12,N,0
36.91689,-119.04855,300.76,0.41,0.45,2025-08-28,1017,N,VIIRS,n,2,288.59,1.02,N,0
36.91757,-119.06043,310.6,0.41,0.45,2025-08-28,1017,N,VIIRS,n,2,292.09,1.22,N,0
36.9176,-119.03217,348.61,0.41,0.45,2025-08-28,1017,N,VIIRS,n,2,297.23,14.5,N,0
36.91795,-119.05337,302.17,0.41,0.45,2025-08-28,1017,N,VIIRS,n,2,289.87,1.42,N,0
36.9185,-119.07556,343.03,0.41,0.45,2025-08-28,1017,N,VIIRS,n,2,296.28,7.25,N,0
36.91871,-119.03718,310.15,0.41,0.45,2025-08-28,1017,N,VIIRS,n,2,292.21,14.5,N,0
36.91896,-119.09728,303.38,0.41,0.45,2025-08-28,1017,N,VIIRS,n,2,292.57,1.17,N,0
36.91904,-119.0583,309.98,0.41,0.45,2025-08-28,1017,N,VIIRS,n,2,292.07,1.42,N,0
36.91969,-119.02192,306.77,0.41,0.45,2025-08-28,1017,N,VIIRS,n,2,289.17,2.52,N,0
36.91999,-119.04295,304.85,0.41,0.45,2025-08-28,1017,N,VIIRS,n,2,291.04,1.02,N,0
36.92008,-119.06304,304.12,0.41,0.45,2025-08-28,1017,N,VIIRS,n,2,291.05,2.2,N,0
36.92034,-119.07333,333.42,0.41,0.45,2025-08-28,1017,N,VIIRS,n,2,294.92,4.58,N,0
36.92068,-119.02643,321.17,0.41,0.45,2025-08-28,1017,N,VIIRS,n,2,293.18,2.52,N,0
36.9212,-119.04845,300.35,0.41,0.45,2025-08-28,1017,N,VIIRS,n,2,288.58,1.02,N,0
36.92123,-119.07746,338.64,0.41,0.45,2025-08-28,1017,N,VIIRS,n,2,296.07,6.82,N,0
36.92176,-119.0313,315.51,0.41,0.45,2025-08-28,1017,N,VIIRS,n,2,292.86,1.96,N,0
36.92198,-119.07165,302.64,0.41,0.45,2025-08-28,1017,N,VIIRS,n,2,290.91,2.44,N,0
36.92232,-119.05352,309.27,0.41,0.45,2025-08-28,1017,N,VIIRS,n,2,290.41,1.42,N,0
36.92279,-119.01629,352.93,0.41,0.45,2025-08-28,1017,N,VIIRS,n,2,293.83,8.02,N,0
36.9229,-119.07585,336.68,0.41,0.45,2025-08-28,1017,N,VIIRS,n,2,295.64,2.44,N,0
36.92296,-119.03676,307.02,0.41,0.45,2025-08-28,1017,N,VIIRS,n,2,291.84,1.96,N,0
36.92341,-119.05846,312.81,0.41,0.45,2025-08-28,1017,N,VIIRS,n,2,293.03,1.42,N,0
36.92346,-119.09801,308.68,0.41,0.45,2025-08-28,1017,N,VIIRS,n,2,293.08,1.17,N,0
36.92382,-119.02099,328.97,0.41,0.45,2025-08-28,1017,N,VIIRS,n,2,294.31,2.52,N,0
36.92434,-119.043,307.16,0.41,0.45,2025-08-28,1017,N,VIIRS,n,2,290.91,3.36,N,0
36.92443,-119.0631,320.74,0.41,0.45,2025-08-28,1017,N,VIIRS,n,2,294.7,2.2,N,0
36.9249,-119.02588,318.7,0.41,0.45,2025-08-28,1017,N,VIIRS,n,2,293.83,2.52,N,0
36.92502,-119.08548,330.77,0.41,0.45,2025-08-28,1017,N,VIIRS,n,2,291.65,7.23,N,0
36.92539,-119.06747,320.76,0.41,0.45,2025-08-28,1017,N,VIIRS,n,2,291.09,2.2,N,0
36.92565,-119.04894,320.78,0.41,0.45,2025-08-28,1017,N,VIIRS,n,2,292.21,3.36,N,0
36.92606,-119.03111,322.15,0.41,0.45,2025-08-28,1017,N,VIIRS,n,2,293.19,1.96,N,0
36.92607,-119.1001,303.54,0.41,0.45,2025-08-28,1017,N,VIIRS,n,2,291.98,1.53,N,0
36.92616,-119.09059,315.66,0.41,0.45,2025-08-28,1017,N,VIIRS,n,2,290.3,4.44,N,0
36.92634,-119.07177,313.2,0.41,0.45,2025-08-28,1017,N,VIIRS,n,2,292.89,2.44,N,0
36.9268,-119.05416,314.88,0.41,0.45,2025-08-28,1017,N,VIIRS,n,2,292.4,4.61,N,0
36.92692,-119.01534,356.56,0.41,0.45,2025-08-28,1017,N,VIIRS,n,2,298.15,8.62,N,0
36.92731,-119.07621,318.5,0.41,0.45,2025-08-28,1017,N,VIIRS,n,2,292.4,2.44,N,0
36.92732,-119.03683,312.49,0.41,0.45,2025-08-28,1017,N,VIIRS,n,2,293.24,1.96,N,0
36.92783,-119.05885,319.75,0.41,0.45,2025-08-28,1017,N,VIIRS,n,2,292.26,4.61,N,0
36.92804,-119.02043,339.79,0.41,0.45,2025-08-28,1017,N,VIIRS,n,2,295.91,5.75,N,0
36.9284,-119.08111,346.33,0.41,0.45,2025-08-28,1017,N,VIIRS,n,2,293.89,7.23,N,0
36.92877,-119.04345,322.55,0.41,0.45,2025-08-28,1017,N,VIIRS,n,2,293.34,3.36,N,0
36.9288,-119.06326,329.51,0.41,0.45,2025-08-28,1017,N,VIIRS,n,2,294.73,5.8,N,0
36.9292,-119.02567,332.51,0.41,0.45,2025-08-28,1017,N,VIIRS,n,2,297.33,5.75,N,0
36.92958,-119.08646,351.36,0.41,0.45,2025-08-28,1017,N,VIIRS,n,2,296.96,7.23,N,0
36.92973,-119.06747,322.74,0.41,0.45,2025-08-28,1017,N,VIIRS,n,2,292.12,5.8,N,0
36.93008,-119.04938,341.07,0.41,0.45,2025-08-28,1017,N,VIIRS,n,2,294.41,3.36,N,0
36.93044,-119.03128,325.31,0.41,0.45,2025-08-28,1017,N,VIIRS,n,2,295.41,3.96,N,0
36.93059,-119.09106,311.17,0.41,0.45,2025-08-28,1017,N,VIIRS,n,2,286.77,4.44,N,0
36.93067,-119.07175,337.36,0.41,0.45,2025-08-28,1017,N,VIIRS,n,2,291.42,4.52,N,0
36.93108,-119.01452,332.44,0.41,0.45,2025-08-28,1017,N,VIIRS,n,2,292.2,8.62,N,0
36.93118,-119.05432,341.99,0.41,0.45,2025-08-28,1017,N,VIIRS,n,2,291.97,4.61,N,0
36.93167,-119.07629,319.49,0.41,0.45,2025-08-28,1017,N,VIIRS,n,2,287.79,4.52,N,0
36.93179,-119.03742,320.69,0.41,0.45,2025-08-28,1017,N,VIIRS,n,2,293.5,3.96,N,0
36.93214,-119.05872,344.84,0.41,0.45,2025-08-28,1017,N,VIIRS,n,2,296.23,4.61,N,0
36.93233,-119.02019,347.79,0.41,0.45,2025-08-28,1017,N,VIIRS,n,2,297.57,5.75,N,0
36.93272,-119.08104,338.9,0.41,0.45,2025-08-28,1017,N,VIIRS,n,2,295.99,12,N,0
36.93308,-119.06303,351.04,0.41,0.45,2025-08-28,1017,N,VIIRS,n,2,300.82,5.8,N,0
36.93319,-119.04381,328.69,0.41,0.45,2025-08-28,1017,N,VIIRS,n,2,294.39,7.89,N,0
36.93361,-119.02598,333.52,0.41,0.45,2025-08-28,1017,N,VIIRS,n,2,295.66,5.75,N,0
36.93373,-119.08567,339.77,0.41,0.45,2025-08-28,1017,N,VIIRS,n,2,290.73,12,N,0
36.93401,-119.06725,347.86,0.41,0.45,2025-08-28,1017,N,VIIRS,n,2,298.41,5.8,N,0
36.93437,-119.04916,349.5,0.41,0.45,2025-08-28,1017,N,VIIRS,n,2,298.69,7.89,N,0
36.93493,-119.03199,331.79,0.41,0.45,2025-08-28,1017,N,VIIRS,n,2,295.41,3.96,N,0
36.93496,-119.07159,337.63,0.41,0.45,2025-08-28,1017,N,VIIRS,n,2,289.27,4.52,N,0
36.93539,-119.0538,367,0.41,0.45,2025-08-28,1017,N,VIIRS,h,2,307.77,11.36,N,0
36.93628,-119.03812,334.54,0.41,0.45,2025-08-28,1017,N,VIIRS,n,2,294.12,3.96,N,0
36.93636,-119.05823,367,0.41,0.45,2025-08-28,1017,N,VIIRS,h,2,296.46,11.36,N,0
36.93663,-119.01998,344.81,0.41,0.45,2025-08-28,1017,N,VIIRS,n,2,295.27,5.26,N,0
36.93731,-119.06256,309.71,0.41,0.45,2025-08-28,1017,N,VIIRS,n,2,287.06,3.4,N,0
36.93753,-119.04381,352.85,0.41,0.45,2025-08-28,1017,N,VIIRS,n,2,297.76,7.89,N,0
36.93798,-119.02615,343.59,0.41,0.45,2025-08-28,1017,N,VIIRS,n,2,295.46,5.26,N,0
36.93824,-119.06681,317.48,0.41,0.45,2025-08-28,1017,N,VIIRS,n,2,288.04,3.4,N,0
36.93859,-119.04867,356.37,0.41,0.45,2025-08-28,1017,N,VIIRS,n,2,292.26,7.89,N,0
36.93927,-119.03203,367,0.41,0.45,2025-08-28,1017,N,VIIRS,h,2,300.3,8.7,N,0
36.93955,-119.05304,332.27,0.41,0.45,2025-08-28,1017,N,VIIRS,n,2,286.75,11.36,N,0
36.94049,-119.03759,367,0.41,0.45,2025-08-28,1017,N,VIIRS,h,2,296.7,8.7,N,0
36.94051,-119.0574,350.55,0.41,0.45,2025-08-28,1017,N,VIIRS,n,2,289.17,11.36,N,0
36.94086,-119.01948,309.04,0.41,0.45,2025-08-28,1017,N,VIIRS,n,2,287.36,5.26,N,0
36.94163,-119.04276,314.11,0.41,0.45,2025-08-28,1017,N,VIIRS,n,2,285.82,2.96,N,0
36.94215,-119.02539,346.94,0.41,0.45,2025-08-28,1017,N,VIIRS,n,2,295.55,5.26,N,0
36.94268,-119.04758,324.45,0.41,0.45,2025-08-28,1017,N,VIIRS,n,2,284.56,2.96,N,0
36.94339,-119.03104,350.11,0.41,0.45,2025-08-28,1017,N,VIIRS,n,2,293.68,8.7,N,0
36.94366,-119.05202,307.95,0.41,0.45,2025-08-28,1017,N,VIIRS,n,2,283.12,2.3,N,0
36.94457,-119.03643,305.61,0.41,0.45,2025-08-28,1017,N,VIIRS,n,2,284.32,8.7,N,0
37.45442,-121.92994,306.41,0.45,0.39,2025-08-28,1017,N,VIIRS,n,2,288.31,0.52,N,2
37.88251,-121.18527,303.52,0.48,0.4,2025-08-28,1017,N,VIIRS,n,2,288.54,0.74,N,2
37.94365,-122.39277,304.15,0.43,0.38,2025-08-28,1017,N,VIIRS,n,2,290.27,1.05,N,2
38.16087,-122.56538,298.63,0.43,0.38,2025-08-28,1017,N,VIIRS,n,2,284.86,0.54,N,2
38.21437,-121.98506,300.41,0.44,0.39,2025-08-28,1017,N,VIIRS,n,2,287.62,0.45,N,2
38.30008,-122.74824,302.92,0.42,0.38,2025-08-28,1017,N,VIIRS,n,2,284.43,0.8,N,2
38.31461,-121.83559,301.58,0.45,0.39,2025-08-28,1017,N,VIIRS,n,2,288.61,0.54,N,2
36.89344,-119.05215,355.16,0.56,0.69,2025-08-28,1957,N,VIIRS,n,2,303.21,52.32,D,0
36.89646,-119.04191,356.76,0.56,0.69,2025-08-28,1957,N,VIIRS,n,2,315.66,52.32,D,0
36.90088,-119.02691,354.22,0.56,0.68,2025-08-28,1957,N,VIIRS,n,2,300.63,47.12,D,0
36.90102,-119.04964,367,0.56,0.69,2025-08-28,1957,N,VIIRS,h,2,303.71,52.32,D,0
36.90321,-119.04218,346.22,0.56,0.68,2025-08-28,1957,N,VIIRS,n,2,299.06,47.12,D,0
36.90544,-119.03462,341.62,0.56,0.68,2025-08-28,1957,N,VIIRS,n,2,297.33,47.12,D,0
36.90774,-119.02681,208,0.55,0.68,2025-08-28,1957,N,VIIRS,l,2,313.4,130.7,D,0
36.91024,-119.01831,367,0.55,0.68,2025-08-28,1957,N,VIIRS,h,2,305.33,130.7,D,0
36.91099,-119.03896,348.31,0.56,0.68,2025-08-28,1957,N,VIIRS,n,2,302.71,39.31,D,0
36.91279,-119.03286,349.38,0.55,0.68,2025-08-28,1957,N,VIIRS,n,2,303.61,102.76,D,0
36.91341,-119.00749,341.89,0.55,0.68,2025-08-28,1957,N,VIIRS,n,2,296.14,30.03,D,0
36.91491,-119.02563,340.94,0.55,0.68,2025-08-28,1957,N,VIIRS,n,2,303.72,102.76,D,0
36.91707,-119.01827,367,0.55,0.68,2025-08-28,1957,N,VIIRS,h,2,314.66,117.25,D,0
36.92075,-119.10696,338.42,0.56,0.69,2025-08-28,1957,N,VIIRS,n,2,300.38,16.61,D,0
36.92427,-119.04953,332.22,0.56,0.68,2025-08-28,1957,N,VIIRS,l,2,304.89,8.53,D,0
36.9248,-119.01516,349.11,0.55,0.68,2025-08-28,1957,N,VIIRS,n,2,301.75,117.25,D,0
36.92665,-119.08727,340.5,0.56,0.69,2025-08-28,1957,N,VIIRS,n,2,302.23,16.61,D,0
36.92665,-119.00883,367,0.55,0.68,2025-08-28,1957,N,VIIRS,h,2,309.16,79.41,D,0
36.92669,-119.07845,335.53,0.56,0.69,2025-08-28,1957,N,VIIRS,n,2,300.48,45.19,D,0
36.92818,-119.02682,338.39,0.55,0.68,2025-08-28,1957,N,VIIRS,n,2,306.09,12.24,D,0
36.92895,-119.07957,367,0.56,0.69,2025-08-28,1957,N,VIIRS,h,2,304.85,28.85,D,0
36.92897,-119.03382,335.73,0.55,0.68,2025-08-28,1957,N,VIIRS,l,2,306.17,13.72,D,0
36.92998,-119.02071,350.08,0.55,0.68,2025-08-28,1957,N,VIIRS,n,2,303.41,91.6,D,0
36.93044,-119.05174,330.75,0.56,0.69,2025-08-28,1957,N,VIIRS,n,2,300.77,16.41,D,0
36.93047,-119.08887,367,0.56,0.69,2025-08-28,1957,N,VIIRS,h,2,296.83,36.46,D,0
36.93073,-119.02797,338.19,0.55,0.68,2025-08-28,1957,N,VIIRS,n,2,304.36,46.96,D,0
36.93153,-119.01542,208,0.55,0.68,2025-08-28,1957,N,VIIRS,l,2,307.34,91.6,D,0
36.93181,-119.07001,339.81,0.56,0.69,2025-08-28,1957,N,VIIRS,n,2,300.13,28.85,D,0
36.93198,-119.09234,331.46,0.56,0.69,2025-08-28,1957,N,VIIRS,n,2,291.55,16.61,D,0
36.93224,-119.04576,332.75,0.56,0.68,2025-08-28,1957,N,VIIRS,n,2,299.19,8.53,D,0
36.93244,-119.08212,352.33,0.56,0.69,2025-08-28,1957,N,VIIRS,n,2,307.74,45.19,D,0
36.93251,-119.02203,343.15,0.55,0.68,2025-08-28,1957,N,VIIRS,n,2,300.68,46.96,D,0
36.93269,-119.03467,339.64,0.56,0.68,2025-08-28,1957,N,VIIRS,n,2,304.68,23.14,D,0
36.93308,-119.01013,367,0.55,0.68,2025-08-28,1957,N,VIIRS,h,2,340.34,218.54,D,0
36.93328,-119.05591,344.19,0.56,0.69,2025-08-28,1957,N,VIIRS,n,2,297.88,22.21,D,0
36.93385,-119.04039,335.88,0.56,0.68,2025-08-28,1957,N,VIIRS,n,2,301.1,8.53,D,0
36.934,-119.01704,367,0.55,0.68,2025-08-28,1957,N,VIIRS,h,2,301.06,226.04,D,0
36.93426,-119.08473,353.92,0.56,0.69,2025-08-28,1957,N,VIIRS,n,2,296.56,16.61,D,0
36.93433,-119.02907,342.07,0.55,0.68,2025-08-28,1957,N,VIIRS,n,2,303.6,12.24,D,0
36.93481,-119.07404,367,0.56,0.69,2025-08-28,1957,N,VIIRS,h,2,294.72,45.19,D,0
36.93487,-119.00405,352.69,0.55,0.68,2025-08-28,1957,N,VIIRS,n,2,296.4,218.54,D,0
36.93506,-119.05917,350.07,0.56,0.69,2025-08-28,1957,N,VIIRS,n,2,297.55,22.42,D,0
36.93542,-119.0351,341.94,0.55,0.68,2025-08-28,1957,N,VIIRS,n,2,303.1,13.72,D,0
36.93558,-119.04804,367,0.56,0.69,2025-08-28,1957,N,VIIRS,h,2,300.58,20.25,D,0
36.93588,-119.02379,347.81,0.55,0.68,2025-08-28,1957,N,VIIRS,n,2,302.63,12.24,D,0
36.93679,-119.07625,367,0.56,0.69,2025-08-28,1957,N,VIIRS,h,2,291.09,28.85,D,0
36.93698,-119.00709,367,0.55,0.68,2025-08-28,1957,N,VIIRS,h,2,297.42,146.2,D,0
36.93704,-119.02969,348.81,0.55,0.68,2025-08-28,1957,N,VIIRS,n,2,304.12,13.72,D,0
36.93728,-119.01904,342.3,0.55,0.68,2025-08-28,1957,N,VIIRS,n,2,296.02,91.6,D,0
36.93739,-119.04188,350.62,0.56,0.69,2025-08-28,1957,N,VIIRS,n,2,297.98,20.25,D,0
36.93757,-119.05076,367,0.56,0.69,2025-08-28,1957,N,VIIRS,h,2,297.49,22.42,D,0
36.93845,-119.02501,342.98,0.55,0.68,2025-08-28,1957,N,VIIRS,n,2,311.66,46.96,D,0
36.93883,-119.03695,367,0.56,0.68,2025-08-28,1957,N,VIIRS,h,2,301.95,45.52,D,0
36.93956,-119.04414,367,0.56,0.68,2025-08-28,1957,N,VIIRS,h,2,293.87,28.14,D,0
36.93978,-119.02054,367,0.55,0.68,2025-08-28,1957,N,VIIRS,h,2,309.44,46.96,D,0
36.94002,-119.05617,352.41,0.56,0.69,2025-08-28,1957,N,VIIRS,n,2,291.86,22.21,D,0
36.94022,-119.03218,349.84,0.56,0.68,2025-08-28,1957,N,VIIRS,n,2,304.65,45.52,D,0
36.94106,-119.03912,367,0.56,0.68,2025-08-28,1957,N,VIIRS,h,2,295.47,28.14,D,0
36.94157,-119.02759,367,0.55,0.68,2025-08-28,1957,N,VIIRS,l,2,326.53,174.2,D,0
36.94215,-119.04886,350.13,0.56,0.69,2025-08-28,1957,N,VIIRS,n,2,291.45,20.25,D,0
36.94249,-119.03432,354.32,0.55,0.68,2025-08-28,1957,N,VIIRS,n,2,301.62,116.48,D,0
36.9439,-119.02959,300.19,0.55,0.68,2025-08-28,1957,N,VIIRS,l,2,318.11,116.48,D,0
36.94426,-119.01844,367,0.55,0.68,2025-08-28,1957,N,VIIRS,h,2,295.61,89.94,D,0
36.9453,-119.02489,367,0.55,0.68,2025-08-28,1957,N,VIIRS,h,2,300.58,106.51,D,0
36.94538,-119.03782,343.25,0.56,0.68,2025-08-28,1957,N,VIIRS,n,2,290.35,45.52,D,0
36.94668,-119.02028,367,0.55,0.68,2025-08-28,1957,N,VIIRS,h,2,293.31,106.51,D,0
36.9468,-119.03298,355.11,0.56,0.68,2025-08-28,1957,N,VIIRS,n,2,294.53,45.52,D,0
36.94816,-119.02834,367,0.55,0.68,2025-08-28,1957,N,VIIRS,h,2,292.73,174.2,D,0
39.00775,-121.53338,337.08,0.64,0.72,2025-08-28,1958,N,VIIRS,n,2,299.85,4.75,D,0
39.01078,-121.5364,337.43,0.64,0.72,2025-08-28,1958,N,VIIRS,n,2,303.3,5.24,D,0
39.38647,-121.65645,338.78,0.63,0.72,2025-08-28,1958,N,VIIRS,n,2,303.01,8.28,D,0
41.41679,-123.26367,344.6,0.66,0.73,2025-08-28,1959,N,VIIRS,n,2,298.32,8.37,D,0
41.41877,-123.26766,348.13,0.66,0.73,2025-08-28,1959,N,VIIRS,n,2,297.48,7.99,D,0
41.5221,-123.55569,347.75,0.67,0.74,2025-08-28,1959,N,VIIRS,n,2,299.67,15.27,D,0
41.52594,-123.56674,325.93,0.67,0.74,2025-08-28,1959,N,VIIRS,l,2,297.39,11.34,D,0
41.52594,-123.56055,331.44,0.67,0.74,2025-08-28,1959,N,VIIRS,n,2,297.86,9.81,D,0
41.52785,-123.55483,356,0.67,0.74,2025-08-28,1959,N,VIIRS,n,2,299.87,9.81,D,0
41.55946,-123.52785,329.76,0.67,0.73,2025-08-28,1959,N,VIIRS,n,2,299.28,4.97,D,0
41.56137,-123.52904,340.07,0.67,0.73,2025-08-28,1959,N,VIIRS,n,2,299.95,6.91,D,0
41.5641,-123.53659,331.57,0.67,0.73,2025-08-28,1959,N,VIIRS,n,2,298.1,10.17,D,0
41.56572,-123.53859,326.16,0.67,0.73,2025-08-28,1959,N,VIIRS,l,2,297.19,6.91,D,0
41.56598,-123.53095,351.83,0.67,0.73,2025-08-28,1959,N,VIIRS,n,2,299.6,13.61,D,0
41.56775,-123.53255,337.49,0.67,0.73,2025-08-28,1959,N,VIIRS,n,2,297.12,6.91,D,0
41.7824,-123.1889,367,0.63,0.72,2025-08-28,1959,N,VIIRS,h,2,300.87,21.82,D,0
41.78394,-123.18425,367,0.63,0.72,2025-08-28,1959,N,VIIRS,h,2,302.99,16.95,D,0
41.78514,-123.19175,354.88,0.64,0.72,2025-08-28,1959,N,VIIRS,n,2,297.06,33.04,D,0
41.78529,-123.18018,330.35,0.63,0.72,2025-08-28,1959,N,VIIRS,n,2,296.37,16.95,D,0
41.78683,-123.18658,367,0.63,0.72,2025-08-28,1959,N,VIIRS,h,2,304.71,33.04,D,0
41.7882,-123.18238,351.55,0.63,0.72,2025-08-28,1959,N,VIIRS,n,2,297.83,34.49,D,0
41.78873,-123.19211,367,0.63,0.72,2025-08-28,1959,N,VIIRS,h,2,295.77,21.01,D,0
41.79045,-123.18691,367,0.63,0.72,2025-08-28,1959,N,VIIRS,h,2,295.76,29.59,D,0
41.79429,-123.18633,332.38,0.63,0.72,2025-08-28,1959,N,VIIRS,n,2,295.45,3.75,D,0
34.9948,-120.45355,354.47,0.51,0.49,2025-08-28,2137,N,VIIRS,n,2,304.91,12.44,D,0
36.85995,-119.11598,341.48,0.64,0.54,2025-08-28,2138,N,VIIRS,n,2,312.47,7.52,D,0
36.8603,-119.11073,343.24,0.32,0.54,2025-08-28,2138,N,VIIRS,l,2,313.58,8.76,D,0
36.86133,-119.11529,348.24,0.64,0.54,2025-08-28,2138,N,VIIRS,n,2,314.65,18.53,D,0
36.86497,-119.11698,336.92,0.64,0.54,2025-08-28,2138,N,VIIRS,l,2,311.73,7.52,D,0
36.89505,-119.04932,367,0.32,0.55,2025-08-28,2138,N,VIIRS,h,2,311.95,17.99,D,0
36.89524,-119.04642,367,0.32,0.55,2025-08-28,2138,N,VIIRS,h,2,313.47,28.76,D,0
36.89542,-119.04372,367,0.32,0.55,2025-08-28,2138,N,VIIRS,h,2,316.07,28.76,D,0
36.89561,-119.04091,352.12,0.32,0.55,2025-08-28,2138,N,VIIRS,n,2,320.33,29.26,D,0
36.89581,-119.03794,353.21,0.32,0.55,2025-08-28,2138,N,VIIRS,n,2,312.5,29.26,D,0
36.89599,-119.03524,367,0.32,0.55,2025-08-28,2138,N,VIIRS,h,2,311.51,35.74,D,0
36.89997,-119.05209,351.45,0.32,0.55,2025-08-28,2138,N,VIIRS,n,2,311.2,17.99,D,0
36.90018,-119.04903,350.38,0.32,0.55,2025-08-28,2138,N,VIIRS,n,2,313.55,17.99,D,0
36.90038,-119.04604,352.08,0.32,0.55,2025-08-28,2138,N,VIIRS,n,2,316.06,28.76,D,0
36.90059,-119.04301,351.5,0.32,0.55,2025-08-28,2138,N,VIIRS,n,2,314.75,28.76,D,0
36.90079,-119.04001,367,0.32,0.55,2025-08-28,2138,N,VIIRS,h,2,309,29.26,D,0
36.90099,-119.037,343.35,0.32,0.55,2025-08-28,2138,N,VIIRS,n,2,298.7,29.26,D,0
36.90161,-119.02786,346.75,0.32,0.55,2025-08-28,2138,N,VIIRS,n,2,301.91,6.12,D,0
36.90596,-119.03923,349.15,0.32,0.55,2025-08-28,2138,N,VIIRS,n,2,301.52,42.88,D,0
36.90618,-119.03603,367,0.32,0.55,2025-08-28,2138,N,VIIRS,l,2,331.71,42.88,D,0
36.90638,-119.033,367,0.32,0.55,2025-08-28,2138,N,VIIRS,h,2,336.22,82.42,D,0
36.90659,-119.02998,324.68,0.32,0.55,2025-08-28,2138,N,VIIRS,l,2,324.72,82.42,D,0
36.9068,-119.02693,367,0.32,0.55,2025-08-28,2138,N,VIIRS,h,2,334.84,116.87,D,0
36.907,-119.02394,367,0.32,0.55,2025-08-28,2138,N,VIIRS,l,2,326.93,116.87,D,0
36.90719,-119.02106,367,0.32,0.55,2025-08-28,2138,N,VIIRS,h,2,315.72,111.8,D,0
36.90738,-119.0183,367,0.32,0.55,2025-08-28,2138,N,VIIRS,h,2,312.6,111.8,D,0
36.90755,-119.01568,367,0.32,0.55,2025-08-28,2138,N,VIIRS,h,2,298.91,157.64,D,0
36.90773,-119.01307,349.39,0.32,0.55,2025-08-28,2138,N,VIIRS,n,2,295.49,157.64,D,0
36.90791,-119.01042,345.96,0.32,0.55,2025-08-28,2138,N,VIIRS,n,2,294.75,260.17,D,0
36.91105,-119.03965,349.61,0.32,0.55,2025-08-28,2138,N,VIIRS,n,2,305.46,42.88,D,0
36.9113,-119.0359,357.38,0.32,0.55,2025-08-28,2138,N,VIIRS,n,2,307.67,42.88,D,0
36.91154,-119.03244,367,0.32,0.55,2025-08-28,2138,N,VIIRS,h,2,311.03,82.42,D,0
36.91176,-119.02917,367,0.32,0.55,2025-08-28,2138,N,VIIRS,h,2,311.63,82.42,D,0
36.91218,-119.02306,367,0.32,0.55,2025-08-28,2138,N,VIIRS,l,2,338.2,116.87,D,0
36.91237,-119.02013,367,0.32,0.55,2025-08-28,2138,N,VIIRS,l,2,340.09,111.8,D,0
36.91257,-119.01733,367,0.32,0.55,2025-08-28,2138,N,VIIRS,l,2,352.91,111.8,D,0
36.91275,-119.01457,367,0.32,0.55,2025-08-28,2138,N,VIIRS,l,2,370.74,157.64,D,0
36.91294,-119.01188,367,0.32,0.55,2025-08-28,2138,N,VIIRS,l,2,361.94,157.64,D,0
36.91311,-119.00935,367,0.32,0.55,2025-08-28,2138,N,VIIRS,l,2,363.52,260.17,D,0
36.91347,-119.004,367,0.32,0.55,2025-08-28,2138,N,VIIRS,h,2,297.09,50.99,D,0
36.91367,-119.00109,348.71,0.32,0.55,2025-08-28,2138,N,VIIRS,n,2,290.68,50.99,D,0
36.9171,-119.02603,346.79,0.32,0.55,2025-08-28,2138,N,VIIRS,n,2,297.44,26.33,D,0
36.91733,-119.0227,357.19,0.32,0.55,2025-08-28,2138,N,VIIRS,n,2,296.11,26.33,D,0
36.91744,-119.09514,367,0.32,0.55,2025-08-28,2138,N,VIIRS,h,2,309.82,5.1,D,0
36.91765,-119.09216,348.13,0.32,0.55,2025-08-28,2138,N,VIIRS,n,2,312.87,5.1,D,0
36.91797,-119.01322,367,0.32,0.55,2025-08-28,2138,N,VIIRS,l,2,326.61,108.69,D,0
36.91817,-119.01027,352.71,0.32,0.55,2025-08-28,2138,N,VIIRS,n,2,298.53,108.69,D,0
36.91837,-119.00735,357.24,0.32,0.55,2025-08-28,2138,N,VIIRS,l,2,292.04,36.46,D,0
36.91856,-119.00455,349.1,0.32,0.55,2025-08-28,2138,N,VIIRS,n,2,290.08,36.46,D,0
36.91875,-119.00177,346.03,0.32,0.55,2025-08-28,2138,N,VIIRS,n,2,288.94,7.61,D,0
36.91894,-118.99904,341.52,0.32,0.55,2025-08-28,2138,N,VIIRS,n,2,287.81,7.61,D,0
36.9223,-119.09853,367,0.32,0.55,2025-08-28,2138,N,VIIRS,h,2,309.81,9.55,D,0
36.92248,-119.09595,343.1,0.32,0.55,2025-08-28,2138,N,VIIRS,n,2,308.15,9.55,D,0
36.92314,-119.01263,357.29,0.32,0.55,2025-08-28,2138,N,VIIRS,l,2,282.19,108.69,D,0
36.92785,-119.09196,367,0.32,0.55,2025-08-28,2138,N,VIIRS,h,2,302.35,13.01,D,0
36.92806,-119.08884,367,0.32,0.55,2025-08-28,2138,N,VIIRS,h,2,299,13.01,D,0
36.92819,-119.01362,357.52,0.32,0.55,2025-08-28,2138,N,VIIRS,l,2,281.35,103.85,D,0
36.92832,-119.08517,367,0.32,0.55,2025-08-28,2138,N,VIIRS,h,2,299.24,18,D,0
36.92846,-119.00984,348.97,0.32,0.55,2025-08-28,2138,N,VIIRS,n,2,298.63,103.85,D,0
36.9287,-119.00631,357.52,0.32,0.55,2025-08-28,2138,N,VIIRS,l,2,282.27,75.62,D,0
36.92884,-119.07774,367,0.32,0.55,2025-08-28,2138,N,VIIRS,h,2,299.47,16.55,D,0
36.92907,-119.07447,354.4,0.32,0.55,2025-08-28,2138,N,VIIRS,n,2,306.72,16.55,D,0
36.92929,-119.07136,367,0.32,0.55,2025-08-28,2138,N,VIIRS,h,2,299.61,24.36,D,0
36.93279,-119.02116,356.75,0.32,0.55,2025-08-28,2138,N,VIIRS,l,2,281.67,39.59,D,0
36.93312,-119.01629,208,0.32,0.55,2025-08-28,2138,N,VIIRS,l,2,315.41,103.85,D,0
36.93373,-119.08059,351.45,0.32,0.55,2025-08-28,2138,N,VIIRS,n,2,303.96,92.49,D,0
36.93374,-119.00749,356.77,0.32,0.55,2025-08-28,2138,N,VIIRS,l,2,288.58,75.62,D,0
36.93421,-119.07394,367,0.32,0.55,2025-08-28,2138,N,VIIRS,h,2,304.48,48.91,D,0
36.93443,-119.07072,356.25,0.32,0.55,2025-08-28,2138,N,VIIRS,n,2,297.83,48.91,D,0
36.93464,-119.0676,357.09,0.32,0.55,2025-08-28,2138,N,VIIRS,l,2,297.68,23.49,D,0
36.93551,-119.05521,357.09,0.32,0.55,2025-08-28,2138,N,VIIRS,l,2,297.23,20.61,D,0
36.93574,-119.05189,355.03,0.32,0.55,2025-08-28,2138,N,VIIRS,n,2,292.77,20.61,D,0
36.93598,-119.04841,357.09,0.32,0.55,2025-08-28,2138,N,VIIRS,l,2,295.33,76.19,D,0
36.93626,-119.04452,357.18,0.32,0.55,2025-08-28,2138,N,VIIRS,l,2,290.73,76.19,D,0
36.93656,-119.04018,350.13,0.32,0.55,2025-08-28,2138,N,VIIRS,n,2,285.51,51.14,D,0
36.9376,-119.02538,352.49,0.32,0.55,2025-08-28,2138,N,VIIRS,n,2,285.91,26.39,D,0
36.93837,-119.01452,357.18,0.32,0.55,2025-08-28,2138,N,VIIRS,l,2,293.59,60.64,D,0
36.94029,-119.05991,351.27,0.32,0.55,2025-08-28,2138,N,VIIRS,n,2,287.39,17.87,D,0
36.94052,-119.05663,356.94,0.32,0.55,2025-08-28,2138,N,VIIRS,l,2,287.24,20.61,D,0
36.94075,-119.05328,356.84,0.32,0.55,2025-08-28,2138,N,VIIRS,l,2,285.31,20.61,D,0
36.94152,-119.04238,356.94,0.32,0.55,2025-08-28,2138,N,VIIRS,l,2,291.12,51.14,D,0
36.94217,-119.03319,356.94,0.32,0.55,2025-08-28,2138,N,VIIRS,l,2,291.65,26.39,D,0
36.94251,-119.02831,354.68,0.32,0.55,2025-08-28,2138,N,VIIRS,n,2,298.8,26.39,D,0
36.94286,-119.02334,356.63,0.32,0.55,2025-08-28,2138,N,VIIRS,n,2,294.21,60.64,D,0
36.94324,-119.01807,356.84,0.32,0.55,2025-08-28,2138,N,VIIRS,l,2,290.81,60.64,D,0
36.94751,-119.03004,356.64,0.32,0.55,2025-08-28,2138,N,VIIRS,n,2,289.36,28.13,D,0
36.94784,-119.02539,357.06,0.32,0.55,2025-08-28,2138,N,VIIRS,l,2,284.44,22.86,D,0
37.65645,-120.81646,340.59,0.52,0.5,2025-08-28,2138,N,VIIRS,n,2,313.85,5.58,D,0
39.38433,-121.65112,336.04,0.49,0.49,2025-08-28,2138,N,VIIRS,l,2,306.83,2.28,D,0
39.69304,-122.12025,343.04,0.47,0.48,2025-08-28,2139,N,VIIRS,n,2,310.48,3.49,D,0
40.78158,-122.64004,336.29,0.45,0.47,2025-08-28,2139,N,VIIRS,n,2,305.39,2.15,D,0
40.78216,-122.63344,345.1,0.45,0.47,2025-08-28,2139,N,VIIRS,n,2,316.11,6.67,D,0
40.90146,-122.85356,344.4,0.44,0.46,2025-08-28,2139,N,VIIRS,n,2,298.48,4.43,D,0
40.90556,-122.8565,342.33,0.44,0.46,2025-08-28,2139,N,VIIRS,n,2,297.63,4.83,D,0
41.41912,-123.26649,353.64,0.43,0.46,2025-08-28,2139,N,VIIRS,n,2,303.51,9.44,D,0
41.43521,-121.07516,332.9,0.55,0.51,2025-08-28,2139,N,VIIRS,n,2,304.66,3.53,D,0
41.51807,-123.53967,336.21,0.42,0.45,2025-08-28,2139,N,VIIRS,n,2,305.24,3.93,D,0
41.52159,-123.54756,341.46,0.42,0.45,2025-08-28,2139,N,VIIRS,n,2,305.6,3.93,D,0
41.52452,-123.56181,343.07,0.42,0.45,2025-08-28,2139,N,VIIRS,n,2,303.13,18.42,D,0
41.52508,-123.55568,367,0.42,0.45,2025-08-28,2139,N,VIIRS,h,2,313.53,18.42,D,0
41.52563,-123.54961,344.07,0.42,0.45,2025-08-28,2139,N,VIIRS,n,2,307.24,10.45,D,0
41.52803,-123.56969,340.98,0.42,0.45,2025-08-28,2139,N,VIIRS,n,2,303.99,6.04,D,0
41.52857,-123.5638,346.33,0.42,0.45,2025-08-28,2139,N,VIIRS,n,2,308.51,18.42,D,0
41.54591,-123.55936,341.53,0.42,0.45,2025-08-28,2139,N,VIIRS,n,2,303.6,2.06,D,0
41.55383,-123.51934,335.99,0.42,0.45,2025-08-28,2139,N,VIIRS,n,2,305.96,4.13,D,0
41.55439,-123.5592,345.81,0.42,0.45,2025-08-28,2139,N,VIIRS,n,2,306.85,5.9,D,0
41.55861,-123.55936,348.05,0.42,0.45,2025-08-28,2139,N,VIIRS,n,2,306.31,4.66,D,0
41.56018,-123.54245,339.64,0.42,0.45,2025-08-28,2139,N,VIIRS,n,2,305.63,3.16,D,0
41.56072,-123.53664,333.79,0.42,0.45,2025-08-28,2139,N,VIIRS,l,2,307.25,3.16,D,0
41.56285,-123.55936,335.32,0.42,0.45,2025-08-28,2139,N,VIIRS,n,2,303.15,4.66,D,0
41.56334,-123.55401,356.07,0.42,0.45,2025-08-28,2139,N,VIIRS,n,2,305.08,7.72,D,0
41.56391,-123.54796,333.25,0.42,0.45,2025-08-28,2139,N,VIIRS,n,2,302.54,7.72,D,0
41.56495,-123.5368,332.14,0.42,0.45,2025-08-28,2139,N,VIIRS,l,2,302.19,3.16,D,0
41.56547,-123.53118,336.46,0.42,0.45,2025-08-28,2139,N,VIIRS,n,2,304.02,5.37,D,0
41.78372,-123.18417,355.4,0.44,0.46,2025-08-28,2139,N,VIIRS,n,2,310.63,19.79,D,0
41.78794,-123.18525,367,0.44,0.46,2025-08-28,2139,N,VIIRS,h,2,302.8,13.24,D,0
39.49326,-119.61961,298.01,0.39,0.36,2025-08-29,957,N,VIIRS,n,2,285.87,0.25,N,2
39.62145,-119.26215,298.58,0.39,0.36,2025-08-29,957,N,VIIRS,n,2,287.07,0.77,N,2
40.89843,-122.85177,328.04,0.43,0.38,2025-08-29,957,N,VIIRS,n,2,291.22,3.53,N,0
40.89902,-122.85631,312.99,0.43,0.38,2025-08-29,957,N,VIIRS,n,2,289.56,2.02,N,0
40.90126,-122.84615,314.85,0.43,0.38,2025-08-29,957,N,VIIRS,n,2,290.64,4.79,N,0
40.90185,-122.85065,348.52,0.43,0.38,2025-08-29,957,N,VIIRS,n,2,296.13,4.79,N,0
40.90244,-122.85513,350.65,0.43,0.38,2025-08-29,957,N,VIIRS,n,2,295.2,5.66,N,0
40.90303,-122.85966,309.72,0.43,0.38,2025-08-29,957,N,VIIRS,n,2,288.33,5.66,N,0
40.90586,-122.85398,326.13,0.43,0.38,2025-08-29,957,N,VIIRS,n,2,290.96,5.66,N,0
40.90645,-122.85854,348.41,0.43,0.38,2025-08-29,957,N,VIIRS,n,2,296.45,5.66,N,0
40.90987,-122.8574,323.78,0.43,0.38,2025-08-29,957,N,VIIRS,n,2,289.71,1.54,N,0
40.91331,-122.85645,298.96,0.43,0.38,2025-08-29,957,N,VIIRS,n,2,286.06,1.54,N,0
40.93991,-117.86213,297.08,0.4,0.37,2025-08-29,957,N,VIIRS,n,2,283.22,0.55,N,2
41.03389,-122.76128,306.93,0.42,0.38,2025-08-29,957,N,VIIRS,n,2,287.61,0.46,N,0
41.03733,-122.76037,300.16,0.42,0.38,2025-08-29,957,N,VIIRS,n,2,289.6,0.46,N,0
41.41784,-123.2636,303.9,0.44,0.39,2025-08-29,957,N,VIIRS,n,2,289.06,6.24,N,0
41.41851,-123.26901,343.68,0.44,0.39,2025-08-29,957,N,VIIRS,n,2,294.49,6.24,N,0
41.42142,-123.26328,314.23,0.44,0.39,2025-08-29,957,N,VIIRS,n,2,290.06,5.07,N,0
41.42212,-123.26888,340.51,0.44,0.39,2025-08-29,957,N,VIIRS,n,2,296.03,5.07,N,0
41.51601,-123.54158,312.49,0.45,0.39,2025-08-29,957,N,VIIRS,n,2,288.09,1.7,N,0
41.51775,-123.53799,332.41,0.45,0.39,2025-08-29,957,N,VIIRS,n,2,290.79,3.84,N,0
41.51837,-123.53087,302.18,0.45,0.39,2025-08-29,957,N,VIIRS,n,2,288.7,0.59,N,0
41.51838,-123.54308,339.16,0.45,0.39,2025-08-29,957,N,VIIRS,n,2,291.36,5.24,N,0
41.51897,-123.53584,322.86,0.45,0.39,2025-08-29,957,N,VIIRS,n,2,290.66,3,N,0
41.51898,-123.54794,340.08,0.45,0.39,2025-08-29,957,N,VIIRS,n,2,290.68,5.24,N,0
41.51957,-123.5407,332.17,0.45,0.39,2025-08-29,957,N,VIIRS,n,2,291.83,3,N,0
41.52016,-123.54552,341.19,0.45,0.39,2025-08-29,957,N,VIIRS,n,2,294.33,5.21,N,0
41.52076,-123.55038,343.75,0.45,0.39,2025-08-29,957,N,VIIRS,n,2,291.17,5.21,N,0
41.52135,-123.55525,335.07,0.45,0.39,2025-08-29,957,N,VIIRS,n,2,290.14,2.98,N,0
41.52191,-123.52985,307,0.45,0.39,2025-08-29,957,N,VIIRS,n,2,289.58,0.59,N,0
41.52194,-123.56009,314.44,0.45,0.39,2025-08-29,957,N,VIIRS,n,2,289.52,2.98,N,0
41.52429,-123.54927,316.23,0.45,0.39,2025-08-29,957,N,VIIRS,n,2,291.5,5.21,N,0
41.52489,-123.55413,331.86,0.45,0.39,2025-08-29,957,N,VIIRS,n,2,293.3,2.98,N,0
41.52548,-123.55897,318.13,0.45,0.39,2025-08-29,957,N,VIIRS,n,2,292.74,2.98,N,0
41.52607,-123.56384,353.43,0.45,0.39,2025-08-29,957,N,VIIRS,n,2,298.03,5.06,N,0
41.52668,-123.56882,308.15,0.45,0.39,2025-08-29,957,N,VIIRS,n,2,292.1,5.06,N,0
41.52732,-123.57414,334.56,0.45,0.39,2025-08-29,957,N,VIIRS,n,2,291.32,5.5,N,0
41.53088,-123.57324,345.89,0.45,0.39,2025-08-29,957,N,VIIRS,n,2,297.58,5.66,N,0
41.5316,-123.57925,310.35,0.45,0.39,2025-08-29,957,N,VIIRS,n,2,291.47,5.66,N,0
41.53741,-123.56669,302.45,0.45,0.39,2025-08-29,957,N,VIIRS,n,2,291.07,1.18,N,0
41.544,-123.56052,307.55,0.45,0.39,2025-08-29,957,N,VIIRS,n,2,290.83,0.77,N,0
41.54762,-123.56014,301.02,0.45,0.39,2025-08-29,957,N,VIIRS,n,2,290.62,0.77,N,0
41.54833,-123.56607,300.92,0.45,0.39,2025-08-29,957,N,VIIRS,n,2,288.85,0.77,N,0
41.55122,-123.55967,347.5,0.45,0.39,2025-08-29,957,N,VIIRS,n,2,293.6,4.21,N,0
41.55194,-123.56561,312.59,0.45,0.39,2025-08-29,957,N,VIIRS,n,2,289.14,4.21,N,0
41.55402,-123.52258,303.71,0.45,0.39,2025-08-29,957,N,VIIRS,n,2,290.17,1.06,N,0
41.55469,-123.52803,326.47,0.45,0.39,2025-08-29,957,N,VIIRS,n,2,290.88,1.93,N,0
41.55554,-123.56502,334.82,0.45,0.39,2025-08-29,957,N,VIIRS,n,2,290.97,4.21,N,0
41.55685,-123.51575,314.12,0.45,0.39,2025-08-29,957,N,VIIRS,n,2,289.75,1.06,N,0
41.55759,-123.52178,299.78,0.45,0.39,2025-08-29,957,N,VIIRS,n,2,289.09,1.06,N,0
41.55826,-123.52731,307.81,0.45,0.39,2025-08-29,957,N,VIIRS,n,2,290.56,1.93,N,0
41.55913,-123.56436,321.83,0.45,0.39,2025-08-29,957,N,VIIRS,n,2,290.22,1.74,N,0
41.56183,-123.52646,304.39,0.45,0.39,2025-08-29,957,N,VIIRS,n,2,290.16,1.28,N,0
41.56203,-123.55801,301.41,0.45,0.39,2025-08-29,957,N,VIIRS,n,2,288.39,1.74,N,0
41.56272,-123.56375,318.48,0.45,0.39,2025-08-29,957,N,VIIRS,n,2,289.58,1.74,N,0
41.56308,-123.53671,314.86,0.45,0.39,2025-08-29,957,N,VIIRS,n,2,289.49,4.58,N,0
41.56373,-123.54198,337.44,0.45,0.39,2025-08-29,957,N,VIIRS,n,2,291.6,4.58,N,0
41.56439,-123.5474,340.3,0.45,0.39,2025-08-29,957,N,VIIRS,n,2,292.25,5.02,N,0
41.56502,-123.55249,332.21,0.45,0.39,2025-08-29,957,N,VIIRS,n,2,291.29,5.02,N,0
41.56567,-123.55782,343.7,0.45,0.39,2025-08-29,957,N,VIIRS,n,2,292.61,4.61,N,0
41.56604,-123.53095,309.39,0.45,0.39,2025-08-29,957,N,VIIRS,n,2,290.61,1.28,N,0
41.56635,-123.56342,328.84,0.45,0.39,2025-08-29,957,N,VIIRS,n,2,289.66,4.61,N,0
41.56671,-123.53633,344.8,0.45,0.39,2025-08-29,957,N,VIIRS,n,2,293.97,4.58,N,0
41.56802,-123.54703,326.54,0.45,0.39,2025-08-29,957,N,VIIRS,n,2,290.77,5.02,N,0
41.78191,-123.18391,353.48,0.44,0.39,2025-08-29,957,N,VIIRS,n,2,298.96,30.67,N,0
41.78251,-123.18862,353.49,0.44,0.39,2025-08-29,957,N,VIIRS,n,2,297.66,30.67,N,0
41.78486,-123.1785,299.88,0.44,0.39,2025-08-29,957,N,VIIRS,n,2,288.54,2.37,N,0
41.78544,-123.18311,336.28,0.44,0.39,2025-08-29,957,N,VIIRS,n,2,293.85,15.5,N,0
41.78603,-123.18781,337.43,0.44,0.39,2025-08-29,957,N,VIIRS,n,2,309.69,15.5,N,0
41.78668,-123.19291,328.99,0.44,0.39,2025-08-29,957,N,VIIRS,n,2,289.59,10,N,0
41.789,-123.18247,335.82,0.44,0.39,2025-08-29,957,N,VIIRS,n,2,292.94,15.5,N,0
41.78959,-123.18726,337.09,0.44,0.39,2025-08-29,957,N,VIIRS,n,2,290.92,15.5,N,0
41.79168,-123.18606,332.8,0.44,0.39,2025-08-29,957,N,VIIRS,n,2,287.96,1.59,N,0
41.79318,-123.18687,312.91,0.44,0.39,2025-08-29,957,N,VIIRS,n,2,287.12,1.38,N,0
41.79526,-123.18568,303.87,0.44,0.39,2025-08-29,957,N,VIIRS,n,2,287.58,1.59,N,0
41.81827,-120.27865,301.17,0.39,0.36,2025-08-29,957,N,VIIRS,n,2,284.96,0.58,N,0
41.8708,-120.0903,327.35,0.39,0.36,2025-08-29,957,N,VIIRS,n,2,285.74,4.82,N,0
36.62492,-120.60771,298.95,0.39,0.36,2025-08-29,958,N,VIIRS,n,2,284.77,0.36,N,0
36.66262,-120.13458,300.77,0.39,0.36,2025-08-29,958,N,VIIRS,n,2,289.6,0.75,N,2
36.89627,-119.04942,300.97,0.41,0.37,2025-08-29,958,N,VIIRS,n,2,286.02,1.25,N,0
36.89738,-119.03569,308.51,0.41,0.37,2025-08-29,958,N,VIIRS,n,2,285.16,2.01,N,0
36.89769,-119.01748,300.12,0.41,0.37,2025-08-29,958,N,VIIRS,n,2,285.4,0.46,N,0
36.89812,-119.03996,318.31,0.41,0.37,2025-08-29,958,N,VIIRS,n,2,289.25,2.01,N,0
36.89887,-119.04419,309.58,0.41,0.37,2025-08-29,958,N,VIIRS,n,2,290.06,6.47,N,0
36.89961,-119.04842,307.44,0.41,0.37,2025-08-29,958,N,VIIRS,n,2,291.29,6.47,N,0
36.90037,-119.05273,299.93,0.41,0.37,2025-08-29,958,N,VIIRS,n,2,285.21,1.67,N,0
36.9007,-119.03457,307.78,0.41,0.37,2025-08-29,958,N,VIIRS,n,2,285.95,2.01,N,0
36.90144,-119.03882,323.44,0.41,0.37,2025-08-29,958,N,VIIRS,n,2,289.85,2.01,N,0
36.90178,-119.02072,324.47,0.41,0.37,2025-08-29,958,N,VIIRS,n,2,286.94,13.98,N,0
36.90219,-119.04309,351.12,0.41,0.37,2025-08-29,958,N,VIIRS,n,2,298.27,6.47,N,0
36.90252,-119.02496,341.22,0.41,0.37,2025-08-29,958,N,VIIRS,n,2,290.92,4.28,N,0
36.90295,-119.04739,322.74,0.41,0.37,2025-08-29,958,N,VIIRS,n,2,293.92,6.47,N,0
36.90327,-119.02921,343.33,0.41,0.37,2025-08-29,958,N,VIIRS,n,2,291.59,4.28,N,0
36.90438,-119.01557,326.45,0.41,0.37,2025-08-29,958,N,VIIRS,n,2,289.25,13.98,N,0
36.90477,-119.03775,330,0.41,0.37,2025-08-29,958,N,VIIRS,n,2,292.6,35.87,N,0
36.90511,-119.01971,350.41,0.41,0.37,2025-08-29,958,N,VIIRS,n,2,300,13.98,N,0
36.90553,-119.04208,326.57,0.41,0.37,2025-08-29,958,N,VIIRS,n,2,292.34,7.55,N,0
36.90585,-119.02389,328.24,0.41,0.37,2025-08-29,958,N,VIIRS,n,2,291.43,4.28,N,0
36.90625,-119.0062,330.55,0.41,0.37,2025-08-29,958,N,VIIRS,n,2,287.8,23.56,N,0
36.9066,-119.02816,332.09,0.41,0.37,2025-08-29,958,N,VIIRS,n,2,292.37,4.28,N,0
36.90699,-119.01039,349.98,0.41,0.37,2025-08-29,958,N,VIIRS,n,2,310.55,23.56,N,0
36.90736,-119.03244,329.65,0.41,0.37,2025-08-29,958,N,VIIRS,n,2,292.48,35.87,N,0
36.90772,-119.01453,345.99,0.41,0.37,2025-08-29,958,N,VIIRS,n,2,292.03,8.1,N,0
36.90812,-119.03677,338.77,0.41,0.37,2025-08-29,958,N,VIIRS,n,2,316.98,35.87,N,0
36.90845,-119.01864,335.36,0.41,0.37,2025-08-29,958,N,VIIRS,n,2,291.52,8.1,N,0
36.90884,-119.00091,315.68,0.41,0.37,2025-08-29,958,N,VIIRS,n,2,282.79,1.88,N,0
36.9089,-119.04122,311.14,0.41,0.37,2025-08-29,958,N,VIIRS,n,2,289.94,7.55,N,0
36.90918,-119.02282,334.44,0.41,0.37,2025-08-29,958,N,VIIRS,n,2,291.88,1.67,N,0
36.90959,-119.0052,345.94,0.41,0.37,2025-08-29,958,N,VIIRS,n,2,294.34,23.56,N,0
36.90985,-119.08679,348.26,0.4,0.37,2025-08-29,958,N,VIIRS,n,2,296.58,5.9,N,0
36.90993,-119.0271,307.48,0.41,0.37,2025-08-29,958,N,VIIRS,n,2,290.61,1.67,N,0
36.91032,-119.00932,367,0.41,0.37,2025-08-29,958,N,VIIRS,h,2,299.46,23.56,N,0
36.91063,-119.09119,308.09,0.4,0.37,2025-08-29,958,N,VIIRS,n,2,291.69,5.9,N,0
36.91069,-119.03142,315.13,0.41,0.37,2025-08-29,958,N,VIIRS,n,2,291.43,1.62,N,0
36.91105,-119.01342,342.86,0.41,0.37,2025-08-29,958,N,VIIRS,n,2,294.61,8.1,N,0
36.91142,-118.99557,347.76,0.41,0.37,2025-08-29,958,N,VIIRS,n,2,288.64,37.79,N,0
36.91146,-119.03581,313.6,0.41,0.37,2025-08-29,958,N,VIIRS,n,2,291.22,1.62,N,0
36.91178,-119.01758,314.02,0.41,0.37,2025-08-29,958,N,VIIRS,n,2,289.32,8.1,N,0
36.91218,-118.9999,350.18,0.41,0.37,2025-08-29,958,N,VIIRS,n,2,292.49,37.79,N,0
36.91252,-119.0218,317.26,0.41,0.37,2025-08-29,958,N,VIIRS,n,2,289.26,1.67,N,0
36.91293,-119.00415,330.95,0.41,0.37,2025-08-29,958,N,VIIRS,n,2,288.9,5.65,N,0
36.91327,-119.02607,304.11,0.41,0.37,2025-08-29,958,N,VIIRS,n,2,289.49,1.67,N,0
36.91365,-119.00823,322.96,0.41,0.37,2025-08-29,958,N,VIIRS,n,2,288.87,5.65,N,0
36.91437,-119.01233,319.42,0.41,0.37,2025-08-29,958,N,VIIRS,n,2,290.42,5.4,N,0
36.91475,-118.99448,344.36,0.41,0.37,2025-08-29,958,N,VIIRS,n,2,306.38,37.79,N,0
36.91511,-119.01653,308.31,0.41,0.37,2025-08-29,958,N,VIIRS,n,2,289.12,5.4,N,0
36.91549,-118.99871,343.63,0.41,0.37,2025-08-29,958,N,VIIRS,n,2,322.07,37.79,N,0
36.91586,-119.02079,314.26,0.41,0.37,2025-08-29,958,N,VIIRS,n,2,289.81,4.33,N,0
36.91623,-119.00289,354.82,0.41,0.37,2025-08-29,958,N,VIIRS,n,2,296.18,5.65,N,0
36.91696,-119.00704,337.98,0.41,0.37,2025-08-29,958,N,VIIRS,n,2,291.56,5.65,N,0
36.91769,-119.01118,337.62,0.41,0.37,2025-08-29,958,N,VIIRS,n,2,292.7,5.4,N,0
36.91807,-118.99335,317.69,0.41,0.37,2025-08-29,958,N,VIIRS,n,2,286.92,38.36,N,0
36.91843,-119.01542,354.02,0.41,0.37,2025-08-29,958,N,VIIRS,n,2,296.98,5.4,N,0
36.9188,-118.99754,367,0.41,0.37,2025-08-29,958,N,VIIRS,h,2,328.74,38.36,N,0
36.9192,-119.01978,339.08,0.41,0.37,2025-08-29,958,N,VIIRS,n,2,292.43,4.33,N,0
36.91953,-119.00165,338.38,0.41,0.37,2025-08-29,958,N,VIIRS,n,2,320.09,30.13,N,0
36.92026,-119.00578,356.17,0.41,0.37,2025-08-29,958,N,VIIRS,n,2,303.01,30.13,N,0
36.92101,-119.01003,347.02,0.41,0.37,2025-08-29,958,N,VIIRS,n,2,308.93,14.43,N,0
36.92178,-119.0144,334.12,0.41,0.37,2025-08-29,958,N,VIIRS,n,2,291.66,14.43,N,0
36.92213,-118.99643,317.39,0.41,0.37,2025-08-29,958,N,VIIRS,n,2,286.97,38.36,N,0
36.92287,-119.00057,353.36,0.41,0.37,2025-08-29,958,N,VIIRS,n,2,296.38,30.13,N,0
36.9236,-119.00476,314.84,0.41,0.37,2025-08-29,958,N,VIIRS,n,2,288.49,30.13,N,0
36.92436,-119.00909,302.15,0.41,0.37,2025-08-29,958,N,VIIRS,n,2,288.92,14.43,N,0
36.92514,-119.01353,337.1,0.41,0.37,2025-08-29,958,N,VIIRS,n,2,292.97,14.43,N,0
36.92772,-119.00816,315.76,0.41,0.37,2025-08-29,958,N,VIIRS,n,2,289.36,2.98,N,0
36.92777,-119.08909,334.34,0.4,0.37,2025-08-29,958,N,VIIRS,n,2,289.84,4.44,N,0
36.92851,-119.01269,324.02,0.41,0.37,2025-08-29,958,N,VIIRS,n,2,292.64,2.98,N,0
36.92856,-119.09358,349.32,0.4,0.37,2025-08-29,958,N,VIIRS,n,2,290.88,5.8,N,0
36.92879,-119.07478,322.53,0.41,0.37,2025-08-29,958,N,VIIRS,n,2,290.04,3.49,N,0
36.92932,-119.01737,303.4,0.41,0.37,2025-08-29,958,N,VIIRS,n,2,288.64,1.81,N,0
36.93108,-119.00732,335.41,0.41,0.37,2025-08-29,958,N,VIIRS,n,2,294.82,2.98,N,0
36.93114,-119.0049,316.54,0.41,0.37,2025-08-29,958,N,VIIRS,n,2,289.2,2.25,N,0
36.93118,-119.0885,340.6,0.4,0.37,2025-08-29,958,N,VIIRS,n,2,288.97,4.44,N,0
36.93171,-119.0514,307.85,0.41,0.37,2025-08-29,958,N,VIIRS,n,2,286.81,1.62,N,0
36.93188,-119.01191,324.85,0.41,0.37,2025-08-29,958,N,VIIRS,n,2,292.81,2.98,N,0
36.93194,-119.0929,300.04,0.4,0.37,2025-08-29,958,N,VIIRS,n,2,286.37,5.8,N,0
36.93195,-119.00946,330.14,0.41,0.37,2025-08-29,958,N,VIIRS,n,2,293.41,2.65,N,0
36.93219,-119.07419,326.48,0.41,0.37,2025-08-29,958,N,VIIRS,n,2,288.67,3.01,N,0
36.93249,-119.05589,304.12,0.41,0.37,2025-08-29,958,N,VIIRS,n,2,286.06,1.74,N,0
36.93271,-119.01666,317.26,0.41,0.37,2025-08-29,958,N,VIIRS,n,2,292.28,1.81,N,0
36.93279,-119.01414,324.51,0.41,0.37,2025-08-29,958,N,VIIRS,n,2,293.05,2.65,N,0
36.93297,-119.07868,312.16,0.4,0.37,2025-08-29,958,N,VIIRS,n,2,289.33,3.01,N,0
36.93365,-119.01896,303.91,0.41,0.37,2025-08-29,958,N,VIIRS,n,2,290.03,1.8,N,0
36.93376,-119.08321,327.95,0.4,0.37,2025-08-29,958,N,VIIRS,n,2,289.3,2.85,N,0
36.93404,-119.06472,302.99,0.41,0.37,2025-08-29,958,N,VIIRS,n,2,286.4,1.66,N,0
36.9348,-119.06911,319.56,0.41,0.37,2025-08-29,958,N,VIIRS,n,2,287.26,1.66,N,0
36.9351,-119.05071,312.07,0.41,0.37,2025-08-29,958,N,VIIRS,n,2,287.91,5.07,N,0
36.93534,-119.00868,314.82,0.41,0.37,2025-08-29,958,N,VIIRS,n,2,290.56,2.65,N,0
36.93558,-119.07357,336.33,0.41,0.37,2025-08-29,958,N,VIIRS,n,2,288.42,3.01,N,0
36.93588,-119.0552,319.29,0.41,0.37,2025-08-29,958,N,VIIRS,n,2,288.42,8.51,N,0
36.93618,-119.01341,329.64,0.41,0.37,2025-08-29,958,N,VIIRS,n,2,295.27,2.65,N,0
36.93637,-119.07809,331.32,0.4,0.37,2025-08-29,958,N,VIIRS,n,2,288.66,3.01,N,0
36.93705,-119.01826,311.67,0.41,0.37,2025-08-29,958,N,VIIRS,n,2,291.9,1.8,N,0
36.93768,-119.04547,322.81,0.41,0.37,2025-08-29,958,N,VIIRS,n,2,288.5,5.07,N,0
36.93794,-119.04297,306.89,0.41,0.37,2025-08-29,958,N,VIIRS,n,2,286.61,4.48,N,0
36.93819,-119.06844,304.16,0.41,0.37,2025-08-29,958,N,VIIRS,n,2,285.61,1.16,N,0
36.93847,-119.04998,351.5,0.41,0.37,2025-08-29,958,N,VIIRS,n,2,296.2,5.07,N,0
36.93871,-119.00787,304.27,0.41,0.37,2025-08-29,958,N,VIIRS,n,2,288.03,0.84,N,0
36.93876,-119.04758,345.72,0.41,0.37,2025-08-29,958,N,VIIRS,n,2,295.02,9.79,N,0
36.93878,-119.02796,302.13,0.41,0.37,2025-08-29,958,N,VIIRS,n,2,285.69,1.94,N,0
36.93924,-119.05442,355.7,0.41,0.37,2025-08-29,958,N,VIIRS,n,2,297.1,8.51,N,0
36.93954,-119.05202,355.55,0.41,0.37,2025-08-29,958,N,VIIRS,n,2,294.49,9.79,N,0
36.93956,-119.01266,300,0.41,0.37,2025-08-29,958,N,VIIRS,n,2,287.97,0.84,N,0
36.93964,-119.03274,320.98,0.41,0.37,2025-08-29,958,N,VIIRS,n,2,288.5,1.94,N,0
36.94002,-119.05886,345.49,0.41,0.37,2025-08-29,958,N,VIIRS,n,2,294.55,8.51,N,0
36.94033,-119.05644,353.84,0.41,0.37,2025-08-29,958,N,VIIRS,n,2,296.93,7.25,N,0
36.94044,-119.01753,325.66,0.41,0.37,2025-08-29,958,N,VIIRS,n,2,288.61,3.76,N,0
36.94048,-119.03748,329.08,0.41,0.37,2025-08-29,958,N,VIIRS,n,2,287.14,4.48,N,0
36.94111,-119.06087,324.69,0.41,0.37,2025-08-29,958,N,VIIRS,n,2,284.3,7.25,N,0
36.9413,-119.02237,320.88,0.41,0.37,2025-08-29,958,N,VIIRS,n,2,290.89,3.76,N,0
36.94131,-119.04215,341.72,0.41,0.37,2025-08-29,958,N,VIIRS,n,2,294.64,4.48,N,0
36.94213,-119.04673,354,0.41,0.37,2025-08-29,958,N,VIIRS,n,2,302.19,9.79,N,0
36.94216,-119.02717,315.63,0.41,0.37,2025-08-29,958,N,VIIRS,n,2,288.98,16.92,N,0
36.94291,-119.05118,330.28,0.41,0.37,2025-08-29,958,N,VIIRS,n,2,287.43,9.79,N,0
36.943,-119.03192,327.51,0.41,0.37,2025-08-29,958,N,VIIRS,n,2,291.03,16.92,N,0
36.94382,-119.01677,313.94,0.41,0.37,2025-08-29,958,N,VIIRS,n,2,286.03,3.76,N,0
36.94384,-119.03662,335.49,0.41,0.37,2025-08-29,958,N,VIIRS,n,2,287.22,4.17,N,0
36.94468,-119.02159,348.27,0.41,0.37,2025-08-29,958,N,VIIRS,n,2,294.34,3.76,N,0
36.94553,-119.02636,352.54,0.41,0.37,2025-08-29,958,N,VIIRS,n,2,310.34,16.92,N,0
36.94637,-119.03106,367,0.41,0.37,2025-08-29,958,N,VIIRS,h,2,305.47,16.92,N,0
36.9472,-119.03573,305.44,0.41,0.37,2025-08-29,958,N,VIIRS,n,2,283.52,4.17,N,0
36.94806,-119.02076,320.08,0.41,0.37,2025-08-29,958,N,VIIRS,n,2,284.01,1.42,N,0
36.94889,-119.02547,339.02,0.41,0.37,2025-08-29,958,N,VIIRS,n,2,297.12,13.52,N,0
36.94971,-119.03013,350.74,0.41,0.37,2025-08-29,958,N,VIIRS,n,2,290.12,13.52,N,0
37.18402,-121.67921,300.42,0.39,0.36,2025-08-29,958,N,VIIRS,n,2,288.11,0.49,N,2
37.21404,-121.9009,297.94,0.39,0.36,2025-08-29,958,N,VIIRS,n,2,286.77,0.29,N,2
37.45581,-121.9297,298.15,0.39,0.36,2025-08-29,958,N,VIIRS,n,2,287.88,0.24,N,2
37.45646,-121.93407,299.6,0.39,0.36,2025-08-29,958,N,VIIRS,n,2,287.23,0.36,N,2
37.88012,-121.50191,300.12,0.39,0.36,2025-08-29,958,N,VIIRS,n,2,285.67,0.42,N,0
37.88208,-121.18695,300.98,0.38,0.36,2025-08-29,958,N,VIIRS,n,2,287.07,0.4,N,2
37.9437,-122.39684,308.01,0.4,0.37,2025-08-29,958,N,VIIRS,n,2,287.29,1.09,N,2
37.95104,-122.39982,305.43,0.4,0.37,2025-08-29,958,N,VIIRS,n,2,293.22,1.12,N,2
38.00497,-121.93279,297.92,0.39,0.36,2025-08-29,958,N,VIIRS,n,2,287.74,0.24,N,2
38.02974,-122.1015,299.05,0.39,0.36,2025-08-29,958,N,VIIRS,n,2,287.43,0.34,N,2
38.06955,-122.13824,303.03,0.39,0.36,2025-08-29,958,N,VIIRS,n,2,290.92,2.07,N,2
38.15992,-122.56644,295.79,0.4,0.37,2025-08-29,958,N,VIIRS,n,2,285.05,0.26,N,2
38.21555,-121.98434,301.27,0.39,0.36,2025-08-29,958,N,VIIRS,n,2,287.3,0.32,N,2
38.31582,-121.83398,297.93,0.39,0.36,2025-08-29,958,N,VIIRS,n,2,287.58,0.28,N,2
32.52662,-116.78286,301.58,0.56,0.43,2025-08-29,959,N,VIIRS,n,2,289.75,1.22,N,0
32.59777,-117.01411,302.56,0.55,0.43,2025-08-29,959,N,VIIRS,n,2,289.88,0.47,N,2
33.49199,-117.61913,301.58,0.5,0.41,2025-08-29,959,N,VIIRS,n,2,289.81,0.62,N,2
33.4924,-117.61774,301.57,0.5,0.41,2025-08-29,959,N,VIIRS,n,2,289.86,0.79,N,2
33.61317,-117.8209,312.49,0.49,0.4,2025-08-29,959,N,VIIRS,n,2,290.2,1.13,N,2
33.71677,-117.7088,309.46,0.49,0.4,2025-08-29,959,N,VIIRS,n,2,290.72,1.19,N,2
33.79281,-117.47626,302.78,0.5,0.41,2025-08-29,959,N,VIIRS,n,2,289.99,1.15,N,2
33.79335,-117.47378,306.59,0.5,0.41,2025-08-29,959,N,VIIRS,n,2,290.53,1.01,N,2
33.81869,-118.24463,303.93,0.46,0.39,2025-08-29,959,N,VIIRS,n,2,293.19,1.03,N,2
33.854,-118.33331,306.46,0.46,0.39,2025-08-29,959,N,VIIRS,n,2,294.87,1.32,N,2
34.03976,-117.81957,299.74,0.48,0.4,2025-08-29,959,N,VIIRS,n,2,289.33,0.28,N,2
34.08027,-117.50121,304.61,0.49,0.4,2025-08-29,959,N,VIIRS,n,2,291.22,0.94,N,2
34.14418,-117.4271,301.71,0.5,0.41,2025-08-29,959,N,VIIRS,n,2,290.48,0.23,N,2
34.15169,-118.19083,310.99,0.46,0.39,2025-08-29,959,N,VIIRS,n,2,290.65,0.89,N,2
34.15261,-118.19576,300.53,0.46,0.39,2025-08-29,959,N,VIIRS,n,2,290.52,1,N,2
34.15347,-118.1937,316.53,0.46,0.39,2025-08-29,959,N,VIIRS,n,2,290.66,1.62,N,2
34.28924,-118.7964,299.06,0.44,0.38,2025-08-29,959,N,VIIRS,n,2,287.76,0.51,N,0
34.32074,-118.51089,306.75,0.45,0.39,2025-08-29,959,N,VIIRS,n,2,289.82,0.65,N,2
34.33594,-118.5202,313.06,0.45,0.39,2025-08-29,959,N,VIIRS,n,2,289.76,1.31,N,2
34.35495,-116.851,302.09,0.52,0.42,2025-08-29,959,N,VIIRS,n,2,289.19,1.43,N,2
34.42866,-118.64381,310.82,0.44,0.38,2025-08-29,959,N,VIIRS,n,2,287.61,1.84,N,2
34.56758,-118.15368,297.05,0.46,0.39,2025-08-29,959,N,VIIRS,n,2,286.66,0.41,N,2
34.60759,-117.33517,307.58,0.49,0.4,2025-08-29,959,N,VIIRS,n,2,290.47,1.1,N,2
34.62084,-117.10051,306.99,0.5,0.41,2025-08-29,959,N,VIIRS,n,2,289.24,1.34,N,2
34.82019,-118.74904,301.68,0.43,0.38,2025-08-29,959,N,VIIRS,n,2,290.14,0.85,N,2
35.12208,-118.36831,298.5,0.44,0.38,2025-08-29,959,N,VIIRS,n,2,285.97,1.03,N,0
32.72758,-114.11484,350.19,0.7,0.75,2025-08-29,1937,N,VIIRS,n,2,295.9,9.3,D,0
35.55708,-115.47584,334.06,0.69,0.75,2025-08-29,1938,N,VIIRS,n,2,298.05,3.05,D,0
35.57628,-115.48512,338.01,0.69,0.75,2025-08-29,1938,N,VIIRS,n,2,298.55,5.11,D,2
35.57699,-115.48402,334.14,0.69,0.75,2025-08-29,1938,N,VIIRS,n,2,298.57,2.82,D,2
41.24643,-117.36158,349.97,0.59,0.7,2025-08-29,1940,N,VIIRS,n,2,305.06,34.7,D,0
41.24715,-117.35643,367,0.59,0.7,2025-08-29,1940,N,VIIRS,h,2,309.74,57.69,D,0
41.24857,-117.35492,367,0.59,0.7,2025-08-29,1940,N,VIIRS,h,2,305.61,34.7,D,0
41.25316,-117.3599,367,0.59,0.7,2025-08-29,1940,N,VIIRS,h,2,303.29,15.66,D,0
32.17535,-114.99153,338.67,0.52,0.5,2025-08-29,2117,N,VIIRS,n,2,306.64,7.01,D,0
32.17852,-114.98899,338.43,0.52,0.5,2025-08-29,2117,N,VIIRS,n,2,306.01,6.02,D,0
32.34591,-115.14099,342.09,0.51,0.5,2025-08-29,2117,N,VIIRS,n,2,310.61,8.53,D,0
32.47997,-115.1848,335.67,0.51,0.5,2025-08-29,2117,N,VIIRS,l,2,306.51,5.82,D,0
32.50994,-116.76688,339.04,0.42,0.45,2025-08-29,2118,N,VIIRS,n,2,306.45,1.35,D,2
33.28088,-115.51511,345.46,0.5,0.49,2025-08-29,2118,N,VIIRS,n,2,310.66,8.85,D,0
33.28137,-115.50973,339.88,0.5,0.49,2025-08-29,2118,N,VIIRS,l,2,310.37,8.85,D,0
33.28181,-115.51215,347.28,0.5,0.49,2025-08-29,2118,N,VIIRS,n,2,311.78,18.27,D,0
36.89052,-119.00583,347.37,0.54,0.42,2025-08-29,2119,N,VIIRS,n,2,311.41,18.76,D,0
36.89333,-119.01407,341.31,0.54,0.42,2025-08-29,2119,N,VIIRS,n,2,308.02,11.23,D,0
36.89366,-119.01329,345.61,0.54,0.42,2025-08-29,2119,N,VIIRS,n,2,307.99,88.8,D,0
36.8943,-119.00745,344.14,0.54,0.42,2025-08-29,2119,N,VIIRS,n,2,304,88.8,D,0
36.89716,-119.01543,367,0.54,0.42,2025-08-29,2119,N,VIIRS,h,2,326.97,67.61,D,0
36.89875,-119.03792,339.97,0.54,0.42,2025-08-29,2119,N,VIIRS,n,2,308.31,6.95,D,0
36.90107,-119.01587,356.02,0.54,0.42,2025-08-29,2119,N,VIIRS,n,2,306.2,67.61,D,0
36.90215,-119.04326,346.86,0.54,0.42,2025-08-29,2119,N,VIIRS,n,2,308.42,51.43,D,0
36.90331,-119.0322,344.87,0.54,0.42,2025-08-29,2119,N,VIIRS,n,2,307.36,80.16,D,0
36.90514,-119.08978,347,0.54,0.42,2025-08-29,2119,N,VIIRS,n,2,310.48,11.61,D,0
36.90555,-119.01096,345.37,0.54,0.42,2025-08-29,2119,N,VIIRS,n,2,299.81,25.07,D,0
36.90607,-119.04364,343.09,0.54,0.42,2025-08-29,2119,N,VIIRS,n,2,310.75,51.43,D,0
36.90667,-119.03787,349.41,0.54,0.42,2025-08-29,2119,N,VIIRS,n,2,310.58,51.43,D,0
36.90904,-119.0903,346.42,0.54,0.42,2025-08-29,2119,N,VIIRS,n,2,307.48,11.61,D,0
36.90952,-119.01088,351.16,0.54,0.42,2025-08-29,2119,N,VIIRS,n,2,303.95,25.07,D,0
36.91124,-118.99454,356.19,0.54,0.42,2025-08-29,2119,N,VIIRS,n,2,301.53,23.4,D,0
36.91461,-119.0002,347.46,0.54,0.42,2025-08-29,2119,N,VIIRS,n,2,303.35,105.55,D,0
36.9152,-118.99458,344.55,0.54,0.42,2025-08-29,2119,N,VIIRS,n,2,315.53,105.55,D,0
36.91667,-119.09293,340.97,0.54,0.42,2025-08-29,2119,N,VIIRS,n,2,310.94,17.53,D,0
36.91863,-118.99963,350.91,0.54,0.42,2025-08-29,2119,N,VIIRS,n,2,313.8,105.55,D,0
36.91919,-118.99435,367,0.54,0.42,2025-08-29,2119,N,VIIRS,h,2,356.04,105.55,D,0
36.9215,-119.01006,352.61,0.54,0.42,2025-08-29,2119,N,VIIRS,n,2,312.9,100.81,D,0
36.92262,-118.99942,354.34,0.54,0.42,2025-08-29,2119,N,VIIRS,n,2,305.62,77.05,D,0
36.92788,-119.09892,344.43,0.54,0.42,2025-08-29,2119,N,VIIRS,n,2,304.33,10.19,D,0
36.92839,-119.09408,337.34,0.54,0.42,2025-08-29,2119,N,VIIRS,n,2,303.75,10.19,D,0
36.92898,-119.0886,352.06,0.54,0.42,2025-08-29,2119,N,VIIRS,n,2,312.61,49.43,D,0
36.93467,-119.07227,353.12,0.54,0.42,2025-08-29,2119,N,VIIRS,n,2,302.55,17.72,D,0
36.93526,-119.06676,344.75,0.54,0.42,2025-08-29,2119,N,VIIRS,n,2,305.03,11.71,D,0
36.93707,-119.04987,355.49,0.54,0.42,2025-08-29,2119,N,VIIRS,n,2,307.32,29.04,D,0
36.94031,-119.05656,367,0.54,0.42,2025-08-29,2119,N,VIIRS,h,2,302,19.04,D,0
36.94093,-119.05078,353.4,0.54,0.42,2025-08-29,2119,N,VIIRS,n,2,301.56,19.04,D,0
36.94157,-119.04478,355.57,0.54,0.42,2025-08-29,2119,N,VIIRS,n,2,301.9,18.98,D,0
36.94375,-119.02446,346.36,0.54,0.42,2025-08-29,2119,N,VIIRS,n,2,300.29,21.36,D,0
36.94452,-119.01733,347.72,0.54,0.42,2025-08-29,2119,N,VIIRS,n,2,302.35,19.76,D,0
36.94686,-119.03241,350.32,0.54,0.42,2025-08-29,2119,N,VIIRS,n,2,300.32,21.36,D,0
36.94759,-119.02558,355.12,0.54,0.42,2025-08-29,2119,N,VIIRS,n,2,300.69,21.36,D,0
36.94834,-119.01863,344.48,0.54,0.42,2025-08-29,2119,N,VIIRS,n,2,289.29,19.76,D,0
38.91755,-122.88371,347.54,0.41,0.37,2025-08-29,2119,N,VIIRS,n,2,312.64,15.56,D,0
38.91818,-122.87893,367,0.41,0.37,2025-08-29,2119,N,VIIRS,h,2,321.61,15.56,D,0
39.38468,-121.65463,343.1,0.45,0.39,2025-08-29,2120,N,VIIRS,n,2,311.78,3.96,D,0
39.69655,-121.8056,344.54,0.45,0.39,2025-08-29,2120,N,VIIRS,n,2,318.7,8.09,D,0
40.89847,-122.85149,367,0.42,0.38,2025-08-29,2120,N,VIIRS,h,2,306.64,10.11,D,0
40.89918,-122.84602,346.63,0.42,0.38,2025-08-29,2120,N,VIIRS,n,2,300.75,10.11,D,0
40.90186,-122.85285,353.96,0.42,0.38,2025-08-29,2120,N,VIIRS,n,2,304.37,10.11,D,0
40.90256,-122.84732,347.72,0.42,0.38,2025-08-29,2120,N,VIIRS,n,2,298.1,10.11,D,0
40.90454,-122.85963,331.53,0.42,0.38,2025-08-29,2120,N,VIIRS,n,2,299.67,3.97,D,0
40.90524,-122.8542,347.13,0.42,0.38,2025-08-29,2120,N,VIIRS,n,2,303.8,10.55,D,0
40.90792,-122.86092,332.15,0.42,0.38,2025-08-29,2120,N,VIIRS,n,2,297.34,3.97,D,0
40.90861,-122.85555,339.08,0.42,0.38,2025-08-29,2120,N,VIIRS,n,2,298.08,10.55,D,0
41.03547,-122.75978,343.64,0.43,0.38,2025-08-29,2120,N,VIIRS,n,2,300.91,26.34,D,0
41.41549,-123.26901,332.05,0.42,0.37,2025-08-29,2120,N,VIIRS,n,2,290.99,6.67,D,0
41.41901,-123.26913,355,0.42,0.37,2025-08-29,2120,N,VIIRS,n,2,305.44,40.38,D,0
41.41967,-123.26411,335.95,0.42,0.38,2025-08-29,2120,N,VIIRS,n,2,285.84,4.42,D,0
41.51527,-123.53822,348.06,0.41,0.37,2025-08-29,2120,N,VIIRS,n,2,299.65,7.86,D,0
41.51594,-123.53304,346.37,0.41,0.37,2025-08-29,2120,N,VIIRS,n,2,300.24,5.47,D,0
41.51733,-123.54946,341.89,0.41,0.37,2025-08-29,2120,N,VIIRS,n,2,298.98,6.02,D,0
41.51799,-123.54436,352.19,0.41,0.37,2025-08-29,2120,N,VIIRS,n,2,301.32,7.86,D,0
41.51934,-123.53393,346.94,0.41,0.37,2025-08-29,2120,N,VIIRS,n,2,298.85,5.47,D,0
41.51999,-123.52893,333.25,0.41,0.37,2025-08-29,2120,N,VIIRS,n,2,296.92,5.47,D,0
41.52002,-123.55582,351.26,0.41,0.37,2025-08-29,2120,N,VIIRS,n,2,298.31,24.77,D,0
41.52069,-123.55065,353.41,0.41,0.37,2025-08-29,2120,N,VIIRS,n,2,304.91,24.77,D,0
41.52339,-123.557,349.57,0.41,0.37,2025-08-29,2120,N,VIIRS,n,2,298.29,24.77,D,0
41.52541,-123.56844,340.38,0.41,0.37,2025-08-29,2120,N,VIIRS,n,2,290.9,10.22,D,0
41.5438,-123.56203,342.65,0.41,0.37,2025-08-29,2120,N,VIIRS,n,2,297.16,21.12,D,0
41.54724,-123.56252,332.45,0.41,0.37,2025-08-29,2120,N,VIIRS,n,2,288.92,4.07,D,0
41.54787,-123.55769,330.55,0.41,0.37,2025-08-29,2120,N,VIIRS,n,2,289.15,4.07,D,0
41.55068,-123.5631,350.33,0.41,0.37,2025-08-29,2120,N,VIIRS,n,2,294.51,4.07,D,0
41.55131,-123.55827,332.99,0.41,0.37,2025-08-29,2120,N,VIIRS,n,2,289.78,4.07,D,0
41.55411,-123.56368,345.29,0.41,0.37,2025-08-29,2120,N,VIIRS,n,2,293.94,5.41,D,0
41.55754,-123.56429,346.89,0.41,0.37,2025-08-29,2120,N,VIIRS,n,2,289.85,5.41,D,0
41.55817,-123.55954,332.77,0.41,0.37,2025-08-29,2120,N,VIIRS,n,2,290.65,5.41,D,0
41.5616,-123.5602,347.91,0.41,0.37,2025-08-29,2120,N,VIIRS,n,2,294.82,14.71,D,0
41.56428,-123.53976,329.54,0.41,0.37,2025-08-29,2120,N,VIIRS,n,2,290.61,3.74,D,0
41.56504,-123.56073,350.83,0.41,0.37,2025-08-29,2120,N,VIIRS,n,2,293.64,14.71,D,0
41.5657,-123.55568,334.7,0.41,0.37,2025-08-29,2120,N,VIIRS,n,2,287.93,5.16,D,0
41.56639,-123.55048,344.22,0.41,0.37,2025-08-29,2120,N,VIIRS,n,2,289.44,5.16,D,0
41.56708,-123.54526,332.56,0.41,0.37,2025-08-29,2120,N,VIIRS,n,2,287.93,3.74,D,0
41.56839,-123.53522,339.99,0.41,0.37,2025-08-29,2120,N,VIIRS,n,2,288.35,7.16,D,0
41.77969,-123.18523,356.35,0.42,0.38,2025-08-29,2120,N,VIIRS,n,2,298.98,17.49,D,0
41.7804,-123.17951,344.51,0.42,0.38,2025-08-29,2120,N,VIIRS,n,2,301.62,28.3,D,0
41.78244,-123.19167,367,0.42,0.38,2025-08-29,2120,N,VIIRS,h,2,328.89,41.62,D,0
41.78313,-123.18619,353.78,0.42,0.38,2025-08-29,2120,N,VIIRS,n,2,308.41,41.62,D,0
41.78384,-123.18045,349.74,0.42,0.38,2025-08-29,2120,N,VIIRS,n,2,300.35,15.75,D,0
41.78588,-123.19246,345.95,0.42,0.38,2025-08-29,2120,N,VIIRS,n,2,299.45,41.62,D,0
41.78656,-123.18712,350.77,0.42,0.38,2025-08-29,2120,N,VIIRS,n,2,299.32,41.62,D,0
41.78727,-123.1814,354.99,0.42,0.38,2025-08-29,2120,N,VIIRS,n,2,297.82,15.75,D,0
41.79073,-123.18214,342.13,0.42,0.38,2025-08-29,2120,N,VIIRS,n,2,292.55,5.71,D,0
41.79419,-123.1828,336.2,0.42,0.38,2025-08-29,2120,N,VIIRS,n,2,295.8,5.71,D,0
40.73742,-119.72572,319.54,0.48,0.4,2025-08-30,938,N,VIIRS,n,2,285.53,3.8,N,0
40.73865,-119.72009,296.34,0.48,0.4,2025-08-30,938,N,VIIRS,n,2,282.75,6.55,N,0
40.73935,-119.72598,341.18,0.48,0.4,2025-08-30,938,N,VIIRS,n,2,291.91,6.55,N,0
40.7411,-119.72504,351.97,0.48,0.4,2025-08-30,938,N,VIIRS,n,2,294.78,6.88,N,0
40.74177,-119.73096,314.58,0.48,0.4,2025-08-30,938,N,VIIRS,n,2,282.83,6.88,N,0
40.74234,-119.71951,323.19,0.48,0.4,2025-08-30,938,N,VIIRS,n,2,283.27,6.55,N,0
40.74304,-119.72533,343.08,0.48,0.4,2025-08-30,938,N,VIIRS,n,2,291.24,6.55,N,0
40.74443,-119.737,295.77,0.48,0.4,2025-08-30,938,N,VIIRS,n,2,285.15,5.05,N,0
40.74478,-119.72442,346.48,0.48,0.4,2025-08-30,938,N,VIIRS,n,2,288.22,6.88,N,0
40.74545,-119.73028,297.89,0.48,0.4,2025-08-30,938,N,VIIRS,n,2,284.9,6.88,N,0
40.74612,-119.73607,300.11,0.48,0.4,2025-08-30,938,N,VIIRS,n,2,286,1.58,N,0
40.7498,-119.73543,325.05,0.48,0.4,2025-08-30,938,N,VIIRS,n,2,287.47,3.59,N,0
40.75014,-122.9517,297.98,0.45,0.47,2025-08-30,938,N,VIIRS,n,2,284.99,0.55,N,0
40.82223,-114.25653,315.71,0.39,0.36,2025-08-30,938,N,VIIRS,n,2,287.87,1.97,N,2
40.89674,-122.84937,301.07,0.45,0.47,2025-08-30,938,N,VIIRS,n,2,289.14,1.11,N,0
40.89711,-122.85351,306.93,0.45,0.47,2025-08-30,938,N,VIIRS,n,2,289.03,1.53,N,0
40.90096,-122.84772,300.58,0.45,0.47,2025-08-30,938,N,VIIRS,n,2,289.73,0.9,N,0
40.90133,-122.85177,301.25,0.45,0.47,2025-08-30,938,N,VIIRS,n,2,290.03,1.2,N,0
40.90589,-122.85411,302.03,0.45,0.47,2025-08-30,938,N,VIIRS,n,2,288.27,1.2,N,0
40.90627,-122.85828,314.83,0.45,0.47,2025-08-30,938,N,VIIRS,n,2,289.58,2.42,N,0
40.91047,-122.85654,303.12,0.45,0.47,2025-08-30,938,N,VIIRS,n,2,287.38,0.73,N,0
40.91519,-122.86058,297.99,0.45,0.47,2025-08-30,938,N,VIIRS,n,2,284.33,0.73,N,0
41.03474,-122.76372,298.45,0.44,0.46,2025-08-30,938,N,VIIRS,n,2,287.53,0.54,N,0
41.03899,-122.76268,299.76,0.44,0.46,2025-08-30,938,N,VIIRS,n,2,289.05,0.54,N,0
41.41456,-123.26971,300.52,0.47,0.48,2025-08-30,938,N,VIIRS,n,2,285.22,2.24,N,0
41.41595,-123.27257,311.43,0.47,0.48,2025-08-30,938,N,VIIRS,n,2,286.71,3.12,N,0
41.4187,-123.26568,305.22,0.47,0.48,2025-08-30,938,N,VIIRS,n,2,287.74,2.24,N,0
41.41918,-123.27167,337.67,0.47,0.48,2025-08-30,938,N,VIIRS,n,2,290.53,2.24,N,0
41.41955,-123.26229,313.75,0.47,0.48,2025-08-30,938,N,VIIRS,n,2,287.5,3.46,N,0
41.42008,-123.26846,327.15,0.47,0.48,2025-08-30,938,N,VIIRS,n,2,289.54,3.46,N,0
41.4206,-123.27448,330.52,0.47,0.48,2025-08-30,938,N,VIIRS,n,2,289.76,3.12,N,0
41.42325,-123.26666,327.81,0.47,0.48,2025-08-30,938,N,VIIRS,n,2,289.21,2.23,N,0
41.42377,-123.27311,302.27,0.47,0.48,2025-08-30,938,N,VIIRS,n,2,288.29,2.23,N,0
41.51333,-123.54144,303.77,0.49,0.49,2025-08-30,938,N,VIIRS,n,2,279.83,1.29,N,0
41.51375,-123.54654,321.29,0.49,0.49,2025-08-30,938,N,VIIRS,n,2,282.01,2.92,N,0
41.51419,-123.55185,323.17,0.49,0.49,2025-08-30,938,N,VIIRS,n,2,286.96,2.92,N,0
41.51696,-123.53026,299.86,0.49,0.48,2025-08-30,938,N,VIIRS,n,2,287.85,0.87,N,0
41.51739,-123.53538,323.32,0.49,0.48,2025-08-30,938,N,VIIRS,n,2,288.86,2.49,N,0
41.51779,-123.54027,305.54,0.49,0.49,2025-08-30,938,N,VIIRS,n,2,287.64,2.49,N,0
41.51818,-123.5451,342,0.49,0.49,2025-08-30,938,N,VIIRS,n,2,292.16,4.65,N,0
41.51859,-123.54995,320.2,0.49,0.49,2025-08-30,938,N,VIIRS,n,2,290.71,4.65,N,0
41.51898,-123.5548,336.56,0.49,0.49,2025-08-30,938,N,VIIRS,n,2,292.62,9.23,N,0
41.51937,-123.55957,355.18,0.49,0.49,2025-08-30,938,N,VIIRS,n,2,291.64,9.23,N,0
41.51977,-123.56443,349.66,0.49,0.49,2025-08-30,938,N,VIIRS,n,2,290.45,4.51,N,0
41.5202,-123.5696,318.17,0.49,0.49,2025-08-30,938,N,VIIRS,n,2,286.13,4.51,N,0
41.52417,-123.56245,298.14,0.49,0.49,2025-08-30,938,N,VIIRS,n,2,283.15,4.51,N,0
41.52457,-123.56741,311.59,0.49,0.49,2025-08-30,938,N,VIIRS,n,2,287.31,4.51,N,0
41.52502,-123.5729,320.61,0.49,0.49,2025-08-30,938,N,VIIRS,n,2,289.08,1.87,N,0
41.52559,-123.5798,304.55,0.49,0.49,2025-08-30,938,N,VIIRS,n,2,286.91,1.87,N,0
41.52998,-123.57766,320.71,0.49,0.49,2025-08-30,938,N,VIIRS,n,2,288.33,2.37,N,0
41.5346,-123.57854,318.54,0.49,0.49,2025-08-30,938,N,VIIRS,n,2,288.07,2.37,N,0
41.53549,-123.57893,304.68,0.49,0.49,2025-08-30,938,N,VIIRS,n,2,286.92,1.44,N,0
41.54738,-123.56773,302.22,0.49,0.49,2025-08-30,938,N,VIIRS,n,2,283.22,0.91,N,0
41.54773,-123.56061,295.19,0.49,0.49,2025-08-30,938,N,VIIRS,n,2,282.12,0.45,N,0
41.5483,-123.56807,300.48,0.49,0.49,2025-08-30,938,N,VIIRS,n,2,283.03,1.02,N,0
41.55136,-123.5608,298.32,0.49,0.49,2025-08-30,938,N,VIIRS,n,2,284.05,0.91,N,0
41.55745,-123.5687,308.24,0.49,0.49,2025-08-30,938,N,VIIRS,n,2,285.33,1.9,N,0
41.56141,-123.56094,309.75,0.49,0.49,2025-08-30,938,N,VIIRS,n,2,283.29,1.18,N,0
41.56199,-123.56845,305.92,0.49,0.49,2025-08-30,938,N,VIIRS,n,2,283.5,1.56,N,0
41.56602,-123.56174,313.53,0.49,0.49,2025-08-30,938,N,VIIRS,n,2,285.24,1.18,N,0
41.56653,-123.56831,298.28,0.49,0.49,2025-08-30,938,N,VIIRS,n,2,284.74,1.56,N,0
41.56836,-123.53379,315.61,0.49,0.49,2025-08-30,938,N,VIIRS,n,2,289.19,2.83,N,0
41.56884,-123.53983,329.42,0.49,0.49,2025-08-30,938,N,VIIRS,n,2,289.19,2.83,N,0
41.56931,-123.54578,297.49,0.49,0.49,2025-08-30,938,N,VIIRS,n,2,282.03,1,N,0
41.56974,-123.55124,312.8,0.49,0.49,2025-08-30,938,N,VIIRS,n,2,284.92,1,N,0
41.57018,-123.55686,313.8,0.49,0.49,2025-08-30,938,N,VIIRS,n,2,284.35,1.49,N,0
41.57064,-123.56256,297.84,0.49,0.49,2025-08-30,938,N,VIIRS,n,2,284.04,1.49,N,0
41.57236,-123.52695,301.31,0.49,0.49,2025-08-30,938,N,VIIRS,n,2,288.02,1.46,N,0
41.57289,-123.53353,321.76,0.49,0.49,2025-08-30,938,N,VIIRS,n,2,288.94,2.83,N,0
41.57337,-123.53958,311.95,0.49,0.49,2025-08-30,938,N,VIIRS,n,2,288.62,2.83,N,0
41.77865,-123.17863,321.24,0.47,0.48,2025-08-30,938,N,VIIRS,n,2,288.65,11.84,N,0
41.77902,-123.18313,335.84,0.47,0.48,2025-08-30,938,N,VIIRS,n,2,289.88,5.67,N,0
41.7794,-123.18757,329,0.47,0.48,2025-08-30,938,N,VIIRS,n,2,288.49,5.67,N,0
41.77979,-123.19225,345.49,0.47,0.48,2025-08-30,938,N,VIIRS,n,2,290.49,7.23,N,0
41.78025,-123.1978,339.52,0.47,0.48,2025-08-30,938,N,VIIRS,n,2,290.6,7.23,N,0
41.78271,-123.17364,305.49,0.47,0.48,2025-08-30,938,N,VIIRS,n,2,286.6,11.84,N,0
41.78309,-123.17825,354.86,0.47,0.48,2025-08-30,938,N,VIIRS,n,2,299.51,11.84,N,0
41.78345,-123.18254,323.99,0.47,0.48,2025-08-30,938,N,VIIRS,n,2,290.22,5.67,N,0
41.78421,-123.19163,304.05,0.47,0.48,2025-08-30,938,N,VIIRS,n,2,287.76,7.23,N,0
41.78715,-123.17326,296.3,0.47,0.48,2025-08-30,938,N,VIIRS,n,2,269.29,11.77,N,0
41.78753,-123.17773,354.44,0.47,0.48,2025-08-30,938,N,VIIRS,n,2,299.65,11.77,N,0
41.78788,-123.18197,356.58,0.47,0.48,2025-08-30,938,N,VIIRS,n,2,297.19,22.23,N,0
41.78824,-123.18627,312.96,0.47,0.48,2025-08-30,938,N,VIIRS,n,2,286.71,22.23,N,0
41.78867,-123.19135,326.35,0.47,0.48,2025-08-30,938,N,VIIRS,n,2,286.65,5.51,N,0
41.79161,-123.17302,295.36,0.47,0.48,2025-08-30,938,N,VIIRS,n,2,268.28,11.77,N,0
41.79198,-123.17744,301.35,0.47,0.48,2025-08-30,938,N,VIIRS,n,2,272.53,11.77,N,0
41.79235,-123.18188,353.8,0.47,0.48,2025-08-30,938,N,VIIRS,n,2,296.89,22.23,N,0
41.79275,-123.1866,349.51,0.47,0.48,2025-08-30,938,N,VIIRS,n,2,291.62,22.23,N,0
41.79683,-123.18183,296.89,0.47,0.48,2025-08-30,938,N,VIIRS,n,2,270.86,3.61,N,0
41.79727,-123.1871,341.34,0.47,0.48,2025-08-30,938,N,VIIRS,n,2,282.72,3.61,N,0
41.79776,-123.19296,296.63,0.47,0.48,2025-08-30,938,N,VIIRS,n,2,278.12,1.95,N,0
41.86925,-120.09476,307.49,0.51,0.41,2025-08-30,938,N,VIIRS,n,2,282.9,1.98,N,0
36.23196,-116.04794,304.71,0.39,0.36,2025-08-30,939,N,VIIRS,n,2,289.12,0.45,N,0
36.35686,-114.91193,317.74,0.4,0.37,2025-08-30,939,N,VIIRS,n,2,294.39,1.96,N,2
36.86715,-119.11432,306.11,0.42,0.38,2025-08-30,939,N,VIIRS,n,2,292.19,0.63,N,0
36.87057,-119.11333,325.03,0.42,0.38,2025-08-30,939,N,VIIRS,n,2,293.75,2.02,N,0
36.87123,-119.1182,327.67,0.42,0.38,2025-08-30,939,N,VIIRS,n,2,294.47,3.05,N,0
36.89006,-119.007,338.4,0.42,0.38,2025-08-30,939,N,VIIRS,n,2,294.43,12.67,N,0
36.89123,-119.09597,309.29,0.42,0.38,2025-08-30,939,N,VIIRS,n,2,291.96,2.56,N,0
36.89258,-119.0927,317.11,0.42,0.38,2025-08-30,939,N,VIIRS,n,2,291.89,3.24,N,0
36.89326,-119.09769,334.21,0.42,0.38,2025-08-30,939,N,VIIRS,n,2,294.23,3.24,N,0
36.89345,-119.00587,329.91,0.42,0.38,2025-08-30,939,N,VIIRS,n,2,287.75,4.33,N,0
36.89466,-119.09512,334.42,0.42,0.38,2025-08-30,939,N,VIIRS,n,2,293.35,2.56,N,0
36.8947,-119.01514,304.16,0.42,0.38,2025-08-30,939,N,VIIRS,n,2,286.48,4.4,N,0
36.89532,-119.10013,328.47,0.42,0.38,2025-08-30,939,N,VIIRS,n,2,293.48,2.56,N,0
36.89598,-119.10521,308.93,0.42,0.38,2025-08-30,939,N,VIIRS,n,2,292.81,1.62,N,0
36.89747,-119.08955,342.69,0.42,0.38,2025-08-30,939,N,VIIRS,n,2,294.13,4.9,N,0
36.89811,-119.01421,345.61,0.42,0.38,2025-08-30,939,N,VIIRS,n,2,292.55,4.4,N,0
36.89813,-119.09458,307.37,0.42,0.38,2025-08-30,939,N,VIIRS,n,2,291.36,1.91,N,0
36.89943,-119.02419,299.87,0.42,0.38,2025-08-30,939,N,VIIRS,n,2,286.45,0.25,N,0
36.89946,-119.10476,312.68,0.42,0.38,2025-08-30,939,N,VIIRS,n,2,292.71,1.05,N,0
36.90009,-119.02921,306.66,0.42,0.38,2025-08-30,939,N,VIIRS,n,2,286.74,0.25,N,0
36.90014,-119.10988,310.49,0.42,0.38,2025-08-30,939,N,VIIRS,n,2,292.7,1.05,N,0
36.90076,-119.03422,307.79,0.42,0.38,2025-08-30,939,N,VIIRS,n,2,289.29,1.52,N,0
36.90097,-119.08926,346.22,0.42,0.38,2025-08-30,939,N,VIIRS,n,2,295.19,4.9,N,0
36.90154,-119.01345,337.91,0.42,0.38,2025-08-30,939,N,VIIRS,n,2,290.69,4.06,N,0
36.90162,-119.09425,313.17,0.42,0.38,2025-08-30,939,N,VIIRS,n,2,291.38,1.91,N,0
36.90221,-119.01859,306.4,0.42,0.38,2025-08-30,939,N,VIIRS,n,2,286.89,4.06,N,0
36.90289,-119.02371,310.27,0.42,0.38,2025-08-30,939,N,VIIRS,n,2,287.72,0.95,N,0
36.90356,-119.02874,312.98,0.42,0.38,2025-08-30,939,N,VIIRS,n,2,288.69,0.95,N,0
36.90423,-119.03379,308.78,0.42,0.38,2025-08-30,939,N,VIIRS,n,2,291.03,1.33,N,0
36.90489,-119.03879,315.29,0.42,0.38,2025-08-30,939,N,VIIRS,n,2,292.47,1.33,N,0
36.90498,-119.01277,340.06,0.42,0.38,2025-08-30,939,N,VIIRS,n,2,291.66,4.06,N,0
36.90554,-119.04368,334.46,0.42,0.38,2025-08-30,939,N,VIIRS,n,2,294.47,3.87,N,0
36.90567,-119.01804,320.64,0.42,0.38,2025-08-30,939,N,VIIRS,n,2,290.7,4.06,N,0
36.90775,-119.00706,297.08,0.42,0.38,2025-08-30,939,N,VIIRS,n,2,285.61,1.19,N,0
36.90834,-119.03813,308.97,0.42,0.38,2025-08-30,939,N,VIIRS,n,2,292.36,1.33,N,0
36.90844,-119.01229,321.13,0.42,0.38,2025-08-30,939,N,VIIRS,n,2,288.52,2.29,N,0
36.90988,-118.99658,303.67,0.42,0.38,2025-08-30,939,N,VIIRS,n,2,284.49,0.82,N,0
36.91053,-119.00144,319.83,0.42,0.38,2025-08-30,939,N,VIIRS,n,2,286.12,1.19,N,0
36.91267,-118.9911,337.86,0.42,0.38,2025-08-30,939,N,VIIRS,n,2,289.77,9.05,N,0
36.91333,-118.99598,333.01,0.42,0.38,2025-08-30,939,N,VIIRS,n,2,288.86,9.05,N,0
36.914,-119.00099,310.49,0.42,0.38,2025-08-30,939,N,VIIRS,n,2,286.42,0.97,N,0
36.91469,-119.0062,300.9,0.42,0.38,2025-08-30,939,N,VIIRS,n,2,286.6,0.97,N,0
36.91613,-118.99059,343.2,0.42,0.38,2025-08-30,939,N,VIIRS,n,2,291.04,9.05,N,0
36.91681,-118.99562,348.92,0.42,0.38,2025-08-30,939,N,VIIRS,n,2,293.55,9.05,N,0
36.9175,-119.00079,314.64,0.42,0.38,2025-08-30,939,N,VIIRS,n,2,288.98,0.97,N,0
36.91819,-119.00602,303.85,0.42,0.38,2025-08-30,939,N,VIIRS,n,2,287.97,0.97,N,0
36.91888,-119.01118,303.05,0.42,0.38,2025-08-30,939,N,VIIRS,n,2,288.82,0.77,N,0
36.91892,-118.98506,318.34,0.42,0.38,2025-08-30,939,N,VIIRS,n,2,286.95,9.82,N,0
36.91954,-119.01614,304.9,0.42,0.38,2025-08-30,939,N,VIIRS,n,2,289.68,0.77,N,0
36.91959,-118.99007,355.02,0.42,0.38,2025-08-30,939,N,VIIRS,n,2,299.38,34.48,N,0
36.92029,-118.99525,345.34,0.42,0.38,2025-08-30,939,N,VIIRS,n,2,293.3,34.48,N,0
36.92099,-119.00049,341.85,0.42,0.38,2025-08-30,939,N,VIIRS,n,2,292.37,25.57,N,0
36.92168,-119.00572,343.38,0.42,0.38,2025-08-30,939,N,VIIRS,n,2,292.23,25.57,N,0
36.9217,-118.97942,312.67,0.42,0.38,2025-08-30,939,N,VIIRS,n,2,287.02,9.82,N,0
36.92235,-119.01069,342.74,0.42,0.38,2025-08-30,939,N,VIIRS,n,2,298.04,15.34,N,0
36.92236,-118.9844,348.13,0.42,0.38,2025-08-30,939,N,VIIRS,n,2,295.33,9.82,N,0
36.92299,-119.01547,301.7,0.42,0.38,2025-08-30,939,N,VIIRS,n,2,289.67,15.34,N,0
36.92305,-118.98949,346.26,0.42,0.38,2025-08-30,939,N,VIIRS,n,2,308.63,34.48,N,0
36.92375,-118.99474,344.84,0.42,0.38,2025-08-30,939,N,VIIRS,n,2,313.37,34.48,N,0
36.92445,-118.99998,345.28,0.42,0.38,2025-08-30,939,N,VIIRS,n,2,310.9,25.57,N,0
36.92514,-119.00512,345.85,0.42,0.38,2025-08-30,939,N,VIIRS,n,2,294.39,25.57,N,0
36.92579,-119.00994,342.28,0.42,0.38,2025-08-30,939,N,VIIRS,n,2,296.6,15.34,N,0
36.92579,-118.98364,346.56,0.42,0.38,2025-08-30,939,N,VIIRS,n,2,304.92,32.08,N,0
36.92649,-118.98881,348.52,0.42,0.38,2025-08-30,939,N,VIIRS,n,2,294.3,7.11,N,0
36.9272,-118.99418,334.24,0.42,0.38,2025-08-30,939,N,VIIRS,n,2,290.08,7.11,N,0
36.92743,-119.10151,306.91,0.42,0.38,2025-08-30,939,N,VIIRS,n,2,292,3.46,N,0
36.9279,-118.9994,320.98,0.42,0.38,2025-08-30,939,N,VIIRS,n,2,288.87,3.92,N,0
36.92943,-119.08981,327.82,0.42,0.38,2025-08-30,939,N,VIIRS,n,2,289.15,3.77,N,0
36.92991,-118.98807,297.72,0.42,0.38,2025-08-30,939,N,VIIRS,n,2,286.98,7.11,N,0
36.93007,-119.09465,330.5,0.42,0.38,2025-08-30,939,N,VIIRS,n,2,293.19,3.46,N,0
36.93098,-119.07492,298.46,0.42,0.38,2025-08-30,939,N,VIIRS,n,2,286.99,1.25,N,0
36.93285,-119.08892,298.33,0.42,0.38,2025-08-30,939,N,VIIRS,n,2,286.7,0.86,N,0
36.93437,-119.07378,326.67,0.42,0.38,2025-08-30,939,N,VIIRS,n,2,287.08,1.25,N,0
36.935,-119.07848,306.15,0.42,0.38,2025-08-30,939,N,VIIRS,n,2,286.75,1.25,N,0
36.93606,-119.00747,305.33,0.42,0.38,2025-08-30,939,N,VIIRS,n,2,289.22,1.26,N,0
36.93777,-119.07274,298.01,0.42,0.38,2025-08-30,939,N,VIIRS,n,2,285.08,0.54,N,0
36.93796,-119.04777,306.72,0.42,0.38,2025-08-30,939,N,VIIRS,n,2,287.61,1.26,N,0
36.9386,-119.05254,346.32,0.42,0.38,2025-08-30,939,N,VIIRS,n,2,295.72,8.24,N,0
36.93924,-119.05731,346.05,0.42,0.38,2025-08-30,939,N,VIIRS,n,2,294.03,8.24,N,0
36.93948,-119.00662,307.33,0.42,0.38,2025-08-30,939,N,VIIRS,n,2,289.21,1.26,N,0
36.93957,-119.03349,306.97,0.42,0.38,2025-08-30,939,N,VIIRS,n,2,286.16,1.54,N,0
36.94007,-119.01101,309.59,0.42,0.38,2025-08-30,939,N,VIIRS,n,2,289.87,1.26,N,0
36.94017,-119.03787,309.07,0.42,0.38,2025-08-30,939,N,VIIRS,n,2,285.7,1.54,N,0
36.94065,-119.0153,352.16,0.42,0.38,2025-08-30,939,N,VIIRS,n,2,298.1,9.57,N,0
36.94077,-119.04236,336.78,0.42,0.38,2025-08-30,939,N,VIIRS,n,2,289.17,2.63,N,0
36.94123,-119.01958,314.79,0.42,0.38,2025-08-30,939,N,VIIRS,n,2,290.36,9.57,N,0
36.94139,-119.04694,341.94,0.42,0.38,2025-08-30,939,N,VIIRS,n,2,291.1,2.63,N,0
36.94202,-119.0517,346.25,0.42,0.38,2025-08-30,939,N,VIIRS,n,2,290.84,3.82,N,0
36.94266,-119.05647,299.2,0.42,0.38,2025-08-30,939,N,VIIRS,n,2,285.28,3.82,N,0
36.943,-119.03265,306.17,0.42,0.38,2025-08-30,939,N,VIIRS,n,2,287.48,1.54,N,0
36.94349,-119.0101,306.15,0.42,0.38,2025-08-30,939,N,VIIRS,n,2,288.66,2,N,0
36.94359,-119.03709,327.96,0.42,0.38,2025-08-30,939,N,VIIRS,n,2,288.63,1.54,N,0
36.94406,-119.01437,345.65,0.42,0.38,2025-08-30,939,N,VIIRS,n,2,293.01,7.5,N,0
36.9442,-119.04158,304.02,0.42,0.38,2025-08-30,939,N,VIIRS,n,2,284.66,2.63,N,0
36.94464,-119.01867,338.77,0.42,0.38,2025-08-30,939,N,VIIRS,n,2,294.63,7.5,N,0
36.94481,-119.04614,307.86,0.42,0.38,2025-08-30,939,N,VIIRS,n,2,283.93,2.63,N,0
36.94523,-119.02301,312.93,0.42,0.38,2025-08-30,939,N,VIIRS,n,2,288.89,5.86,N,0
36.94582,-119.02741,327.42,0.42,0.38,2025-08-30,939,N,VIIRS,n,2,292.49,5.86,N,0
36.94642,-119.03185,336.56,0.42,0.38,2025-08-30,939,N,VIIRS,n,2,292.41,4.77,N,0
36.94703,-119.03631,323.87,0.42,0.38,2025-08-30,939,N,VIIRS,n,2,286.68,4.77,N,0
36.94806,-119.01782,344.33,0.42,0.38,2025-08-30,939,N,VIIRS,n,2,288.72,7.5,N,0
36.94866,-119.02221,318.53,0.42,0.38,2025-08-30,939,N,VIIRS,n,2,287.67,5.86,N,0
36.94926,-119.02666,355.79,0.42,0.38,2025-08-30,939,N,VIIRS,n,2,298.58,5.86,N,0
36.94986,-119.03114,352.78,0.42,0.38,2025-08-30,939,N,VIIRS,n,2,291.69,4.77,N,0
36.95047,-119.03564,318.86,0.42,0.38,2025-08-30,939,N,VIIRS,n,2,286.34,4.77,N,0
36.95148,-119.01701,318.42,0.42,0.38,2025-08-30,939,N,VIIRS,n,2,285.35,1.59,N,0
36.95208,-119.02145,333.21,0.42,0.38,2025-08-30,939,N,VIIRS,n,2,286.47,3.3,N,0
37.45367,-121.93004,302.1,0.55,0.43,2025-08-30,939,N,VIIRS,n,2,288.03,1.26,N,2
37.4546,-121.93038,307.9,0.55,0.43,2025-08-30,939,N,VIIRS,n,2,288.46,0.55,N,2
37.88241,-121.18396,302.77,0.51,0.41,2025-08-30,939,N,VIIRS,n,2,288.6,0.61,N,2
37.94493,-122.39546,299.88,0.39,0.44,2025-08-30,939,N,VIIRS,n,2,289.66,0.8,N,2
37.94944,-122.39927,303.44,0.39,0.44,2025-08-30,939,N,VIIRS,n,2,292.67,1.16,N,2
39.49191,-119.61828,297.79,0.46,0.39,2025-08-30,939,N,VIIRS,n,2,285.43,0.13,N,0
39.61935,-119.26279,302.64,0.45,0.39,2025-08-30,939,N,VIIRS,n,2,289.73,0.65,N,2
39.70714,-121.88103,304.49,0.39,0.44,2025-08-30,939,N,VIIRS,n,2,289.77,0.54,N,0
32.41322,-115.09007,317.08,0.42,0.38,2025-08-30,940,N,VIIRS,n,2,295.39,1.03,N,0
32.49781,-116.79046,305.17,0.39,0.36,2025-08-30,940,N,VIIRS,n,2,291.16,0.56,N,2
32.59789,-117.01044,309.25,0.39,0.36,2025-08-30,940,N,VIIRS,n,2,291.84,0.81,N,2
32.85837,-117.14921,305.78,0.39,0.36,2025-08-30,940,N,VIIRS,n,2,289.3,0.48,N,2
33.49277,-117.61553,308.13,0.38,0.36,2025-08-30,940,N,VIIRS,n,2,291.67,0.81,N,2
33.61302,-117.82471,312.54,0.39,0.36,2025-08-30,940,N,VIIRS,n,2,291.33,0.94,N,2
33.79305,-117.47601,303.7,0.38,0.36,2025-08-30,940,N,VIIRS,n,2,291.82,0.6,N,2
33.79402,-118.34841,302.18,0.39,0.36,2025-08-30,940,N,VIIRS,n,2,290.84,0.28,N,2
33.81948,-118.24374,308.66,0.39,0.36,2025-08-30,940,N,VIIRS,n,2,295.36,1.32,N,2
33.8532,-118.33151,309.99,0.39,0.36,2025-08-30,940,N,VIIRS,n,2,296.37,1.15,N,2
33.8769,-116.99925,301.28,0.38,0.36,2025-08-30,940,N,VIIRS,n,2,290.86,0.21,N,2
34.03596,-118.10534,308.4,0.39,0.36,2025-08-30,940,N,VIIRS,n,2,292.38,0.53,N,2
34.03967,-117.82214,302.36,0.39,0.36,2025-08-30,940,N,VIIRS,n,2,291.81,0.4,N,2
34.07853,-117.5014,303.91,0.38,0.36,2025-08-30,940,N,VIIRS,n,2,293.35,0.86,N,2
34.14197,-117.42712,306.05,0.38,0.36,2025-08-30,940,N,VIIRS,n,2,292.6,0.52,N,2
34.15398,-118.19363,313.85,0.39,0.36,2025-08-30,940,N,VIIRS,n,2,292.24,1.28,N,2
34.24223,-118.38016,308.48,0.39,0.36,2025-08-30,940,N,VIIRS,n,2,290.91,0.41,N,2
34.2891,-118.797,302.62,0.4,0.37,2025-08-30,940,N,VIIRS,n,2,290.09,0.41,N,0
34.29308,-118.8006,302.63,0.4,0.37,2025-08-30,940,N,VIIRS,n,2,289.96,0.43,N,2
34.32009,-118.51195,309.23,0.39,0.36,2025-08-30,940,N,VIIRS,n,2,291.18,0.41,N,2
34.33628,-118.51919,313.11,0.39,0.36,2025-08-30,940,N,VIIRS,n,2,293.08,1.38,N,2
34.35295,-116.85228,307.11,0.38,0.36,2025-08-30,940,N,VIIRS,n,2,291.95,1.18,N,2
34.43042,-118.64513,320.26,0.4,0.37,2025-08-30,940,N,VIIRS,n,2,290.67,1.65,N,2
34.56764,-118.15308,300.72,0.39,0.36,2025-08-30,940,N,VIIRS,n,2,289.82,0.52,N,2
34.62354,-117.10174,308.81,0.38,0.36,2025-08-30,940,N,VIIRS,n,2,292.41,1.16,N,2
34.81971,-118.7513,305.71,0.4,0.37,2025-08-30,940,N,VIIRS,n,2,292.8,0.53,N,2
41.41713,-123.26854,297.88,0.6,0.71,2025-08-30,1118,N,VIIRS,n,2,278.86,3.46,N,0
41.41878,-123.27363,323.91,0.6,0.71,2025-08-30,1118,N,VIIRS,n,2,284.98,3.46,N,0
41.42043,-123.27876,308.74,0.6,0.71,2025-08-30,1118,N,VIIRS,n,2,280.91,4.03,N,0
41.42329,-123.26797,313.08,0.6,0.71,2025-08-30,1118,N,VIIRS,n,2,283.5,2.47,N,0
41.42366,-123.26645,306.87,0.6,0.71,2025-08-30,1118,N,VIIRS,n,2,283.92,2,N,0
41.52987,-123.5763,342.4,0.58,0.69,2025-08-30,1118,N,VIIRS,n,2,279.94,5.7,N,0
41.53103,-123.57671,320.43,0.58,0.69,2025-08-30,1118,N,VIIRS,n,2,275.65,2.77,N,0
41.53124,-123.58064,323.97,0.58,0.69,2025-08-30,1118,N,VIIRS,n,2,281.55,5.7,N,0
41.53239,-123.58091,312.29,0.58,0.69,2025-08-30,1118,N,VIIRS,n,2,281.51,3.93,N,0
41.54074,-123.56603,300.96,0.58,0.69,2025-08-30,1118,N,VIIRS,n,2,282.99,1.12,N,0
41.54173,-123.566,298.7,0.58,0.69,2025-08-30,1118,N,VIIRS,n,2,283.73,1.18,N,0
41.54738,-123.56468,306.29,0.58,0.69,2025-08-30,1118,N,VIIRS,n,2,286.1,4.3,N,0
41.54847,-123.56493,313.15,0.58,0.69,2025-08-30,1118,N,VIIRS,n,2,286.58,3.18,N,0
41.54874,-123.56892,330.16,0.58,0.69,2025-08-30,1118,N,VIIRS,n,2,285.19,3.34,N,0
41.54983,-123.56916,327.89,0.57,0.69,2025-08-30,1118,N,VIIRS,n,2,285.01,3.18,N,0
41.55449,-123.56479,312.62,0.58,0.69,2025-08-30,1118,N,VIIRS,n,2,285.7,3.34,N,0
41.55563,-123.5652,308.41,0.57,0.69,2025-08-30,1118,N,VIIRS,n,2,285.15,3.18,N,0
41.55584,-123.56904,309.36,0.57,0.69,2025-08-30,1118,N,VIIRS,n,2,282.96,3.34,N,0
41.55705,-123.5696,309.21,0.57,0.69,2025-08-30,1118,N,VIIRS,n,2,282.45,4.62,N,0
41.56044,-123.56128,303.72,0.58,0.69,2025-08-30,1118,N,VIIRS,n,2,283.38,2.19,N,0
41.56154,-123.56155,303.88,0.57,0.69,2025-08-30,1118,N,VIIRS,n,2,281.23,2.86,N,0
41.5619,-123.56586,322.72,0.57,0.69,2025-08-30,1118,N,VIIRS,n,2,278.04,2.19,N,0
41.56304,-123.56622,306.15,0.57,0.69,2025-08-30,1118,N,VIIRS,n,2,274.56,1.9,N,0
41.56721,-123.56033,302.39,0.57,0.69,2025-08-30,1118,N,VIIRS,n,2,279.5,2.19,N,0
41.56824,-123.56038,312.15,0.57,0.69,2025-08-30,1118,N,VIIRS,n,2,283.61,1.9,N,0
41.56893,-123.5405,299.64,0.58,0.69,2025-08-30,1118,N,VIIRS,n,2,286.34,1.56,N,0
41.56905,-123.56617,308.04,0.57,0.69,2025-08-30,1118,N,VIIRS,n,2,285.12,4.11,N,0
41.57024,-123.5666,301.89,0.57,0.69,2025-08-30,1118,N,VIIRS,n,2,284.26,1.9,N,0
41.57102,-123.547,301.35,0.57,0.69,2025-08-30,1118,N,VIIRS,n,2,286.02,1.56,N,0
41.57108,-123.52515,327.12,0.58,0.69,2025-08-30,1118,N,VIIRS,n,2,286.4,2.82,N,0
41.57278,-123.53042,303.01,0.58,0.69,2025-08-30,1118,N,VIIRS,n,2,286.24,2.82,N,0
41.57414,-123.55673,306.93,0.57,0.69,2025-08-30,1118,N,VIIRS,n,2,286.14,2.49,N,0
41.78557,-123.1909,303.93,0.59,0.7,2025-08-30,1118,N,VIIRS,n,2,272.7,1.29,N,0
41.78659,-123.19128,304.66,0.59,0.7,2025-08-30,1118,N,VIIRS,n,2,270.11,1.66,N,0
32.20433,-115.05785,344.62,0.45,0.39,2025-08-30,2058,N,VIIRS,n,2,319.38,14.81,D,0
32.20494,-115.0531,367,0.45,0.39,2025-08-30,2058,N,VIIRS,h,2,322.65,15.58,D,0
32.20555,-115.04836,341.52,0.45,0.39,2025-08-30,2058,N,VIIRS,n,2,316.3,15.58,D,0
32.2085,-115.05373,350.45,0.45,0.39,2025-08-30,2058,N,VIIRS,n,2,320.3,15.58,D,0
32.10902,-116.52114,344.42,0.4,0.37,2025-08-30,2059,N,VIIRS,l,2,316.62,8.26,D,0
32.50039,-116.78838,338.92,0.4,0.37,2025-08-30,2059,N,VIIRS,l,2,312.16,9.49,D,2
32.72785,-114.12186,346.39,0.49,0.41,2025-08-30,2059,N,VIIRS,l,2,317.34,14.03,D,0
34.0705,-117.47874,340.27,0.4,0.37,2025-08-30,2059,N,VIIRS,l,2,315.17,29.24,D,0
36.88934,-119.00098,367,0.39,0.36,2025-08-30,2100,N,VIIRS,h,2,336.36,89.86,D,0
36.89263,-119.00182,367,0.39,0.36,2025-08-30,2100,N,VIIRS,l,2,332.39,96.14,D,0
36.89466,-119.01131,347.34,0.39,0.36,2025-08-30,2100,N,VIIRS,n,2,312.04,15.99,D,0
36.89795,-119.01212,367,0.39,0.36,2025-08-30,2100,N,VIIRS,l,2,329,61.34,D,0
36.89857,-119.00784,367,0.39,0.36,2025-08-30,2100,N,VIIRS,l,2,330.05,85.84,D,0
36.90001,-119.02133,342.79,0.39,0.36,2025-08-30,2100,N,VIIRS,n,2,306.38,18.88,D,0
36.90455,-119.01359,348.04,0.39,0.36,2025-08-30,2100,N,VIIRS,n,2,307.67,14.55,D,0
36.91428,-118.99373,351.86,0.39,0.36,2025-08-30,2100,N,VIIRS,n,2,304.95,14.3,D,0
36.9164,-119.09559,339.16,0.39,0.36,2025-08-30,2100,N,VIIRS,l,2,312.05,5.81,D,0
36.9176,-118.99434,352.16,0.39,0.36,2025-08-30,2100,N,VIIRS,n,2,305.34,14.3,D,0
36.91822,-118.9901,357.05,0.39,0.36,2025-08-30,2100,N,VIIRS,n,2,310.57,14.3,D,0
36.91883,-118.98586,343.39,0.39,0.36,2025-08-30,2100,N,VIIRS,n,2,307.29,26.09,D,0
36.91968,-119.09648,350.16,0.39,0.36,2025-08-30,2100,N,VIIRS,n,2,316.35,12.35,D,0
36.92153,-118.99078,355.2,0.39,0.36,2025-08-30,2100,N,VIIRS,n,2,308.6,30.28,D,0
36.92176,-119.01257,357.12,0.39,0.36,2025-08-30,2100,N,VIIRS,n,2,316.76,55.03,D,0
36.92215,-118.98656,367,0.39,0.36,2025-08-30,2100,N,VIIRS,h,2,308.56,35.14,D,0
36.92276,-118.98233,367,0.39,0.36,2025-08-30,2100,N,VIIRS,l,2,325.7,35.14,D,0
36.92301,-119.00405,367,0.39,0.36,2025-08-30,2100,N,VIIRS,h,2,344.7,71.37,D,0
36.92362,-118.99985,356.46,0.39,0.36,2025-08-30,2100,N,VIIRS,n,2,324.99,71.37,D,0
36.92423,-118.99564,367,0.39,0.36,2025-08-30,2100,N,VIIRS,l,2,325.5,30.28,D,0
36.92485,-118.99146,356.49,0.39,0.36,2025-08-30,2100,N,VIIRS,n,2,312.87,30.28,D,0
36.92545,-118.98727,348.97,0.39,0.36,2025-08-30,2100,N,VIIRS,n,2,312.49,35.14,D,0
36.92606,-118.98306,353.85,0.39,0.36,2025-08-30,2100,N,VIIRS,n,2,311.83,35.14,D,0
36.93071,-119.09077,345.08,0.39,0.36,2025-08-30,2100,N,VIIRS,n,2,305.15,7.87,D,0
36.93324,-119.07364,349.02,0.39,0.36,2025-08-30,2100,N,VIIRS,n,2,310.14,8.71,D,0
36.93714,-119.07021,367,0.39,0.36,2025-08-30,2100,N,VIIRS,h,2,334.08,68.71,D,0
36.93776,-119.06595,367,0.39,0.36,2025-08-30,2100,N,VIIRS,h,2,312.95,68.71,D,0
36.93886,-119.01225,351.61,0.39,0.36,2025-08-30,2100,N,VIIRS,n,2,306.82,40.08,D,0
36.9409,-119.04457,353.59,0.39,0.36,2025-08-30,2100,N,VIIRS,n,2,310.4,20.26,D,0
36.94106,-119.06674,351.54,0.39,0.36,2025-08-30,2100,N,VIIRS,n,2,311.09,68.71,D,0
36.94154,-119.04022,352.67,0.39,0.36,2025-08-30,2100,N,VIIRS,n,2,305.27,20.26,D,0
36.94214,-119.01308,350.57,0.39,0.36,2025-08-30,2100,N,VIIRS,n,2,320.32,40.08,D,0
36.94356,-119.04965,355.47,0.39,0.36,2025-08-30,2100,N,VIIRS,n,2,306.37,77.05,D,0
36.94543,-119.01393,367,0.39,0.36,2025-08-30,2100,N,VIIRS,l,2,354.48,96.23,D,0
36.94547,-119.03666,367,0.39,0.36,2025-08-30,2100,N,VIIRS,h,2,337.16,101.2,D,0
36.94612,-119.03229,350.92,0.39,0.36,2025-08-30,2100,N,VIIRS,n,2,319,101.2,D,0
36.94677,-119.02792,354.6,0.39,0.36,2025-08-30,2100,N,VIIRS,n,2,314.01,52.98,D,0
36.94741,-119.02353,367,0.39,0.36,2025-08-30,2100,N,VIIRS,h,2,336.36,52.98,D,0
36.94806,-119.01916,367,0.39,0.36,2025-08-30,2100,N,VIIRS,h,2,338.64,96.23,D,0
36.94871,-119.01476,347.46,0.39,0.36,2025-08-30,2100,N,VIIRS,n,2,300.4,96.23,D,0
36.94941,-119.03305,367,0.39,0.36,2025-08-30,2100,N,VIIRS,l,2,330.16,142.95,D,0
36.95135,-119.01995,349.05,0.39,0.36,2025-08-30,2100,N,VIIRS,n,2,315.39,57.7,D,0
40.73634,-119.72354,339.17,0.39,0.36,2025-08-30,2101,N,VIIRS,n,2,310.53,4.66,D,0
40.73837,-119.73347,345.74,0.39,0.36,2025-08-30,2101,N,VIIRS,l,2,319.24,4.75,D,0
40.73902,-119.7289,347.88,0.39,0.36,2025-08-30,2101,N,VIIRS,l,2,318.94,4.75,D,0
40.73967,-119.72435,350.32,0.39,0.36,2025-08-30,2101,N,VIIRS,n,2,318.9,4.66,D,0
40.74032,-119.71976,337.87,0.39,0.36,2025-08-30,2101,N,VIIRS,l,2,312.85,4.66,D,0
40.74104,-119.73885,348.66,0.39,0.36,2025-08-30,2101,N,VIIRS,n,2,316.3,5.62,D,0
40.74169,-119.73425,348.02,0.39,0.36,2025-08-30,2101,N,VIIRS,l,2,320.46,6.48,D,0
40.74364,-119.72054,357.52,0.39,0.36,2025-08-30,2101,N,VIIRS,n,2,327.58,27.94,D,0
40.7443,-119.7159,346.4,0.39,0.36,2025-08-30,2101,N,VIIRS,n,2,319.03,55.34,D,0
40.74436,-119.73964,345.91,0.39,0.36,2025-08-30,2101,N,VIIRS,n,2,316.92,5.62,D,0
40.74501,-119.73506,344.22,0.39,0.36,2025-08-30,2101,N,VIIRS,l,2,317.79,6.48,D,0
40.74696,-119.72131,351.94,0.39,0.36,2025-08-30,2101,N,VIIRS,l,2,338.58,27.94,D,0
40.74762,-119.7167,367,0.39,0.36,2025-08-30,2101,N,VIIRS,h,2,351.94,55.34,D,0
40.74833,-119.73584,345.52,0.39,0.36,2025-08-30,2101,N,VIIRS,n,2,318.17,9.32,D,0
40.74964,-119.72667,351.94,0.39,0.36,2025-08-30,2101,N,VIIRS,n,2,325.65,19.98,D,0
40.75029,-119.7221,355.55,0.39,0.36,2025-08-30,2101,N,VIIRS,l,2,337.27,19.98,D,0
40.75035,-119.74577,354.84,0.39,0.36,2025-08-30,2101,N,VIIRS,l,2,333.2,27.77,D,0
40.75094,-119.71749,367,0.39,0.36,2025-08-30,2101,N,VIIRS,h,2,351.16,64.67,D,0
40.751,-119.7412,353.64,0.39,0.36,2025-08-30,2101,N,VIIRS,n,2,327.84,27.77,D,0
40.75166,-119.73662,367,0.39,0.36,2025-08-30,2101,N,VIIRS,h,2,328.21,9.32,D,0
40.75231,-119.73204,351.87,0.39,0.36,2025-08-30,2101,N,VIIRS,n,2,323.69,9.32,D,0
40.75296,-119.72746,342.62,0.39,0.36,2025-08-30,2101,N,VIIRS,n,2,314.09,19.98,D,0
40.75361,-119.72288,367,0.39,0.36,2025-08-30,2101,N,VIIRS,h,2,340.77,19.98,D,0
40.75367,-119.74655,345.79,0.39,0.36,2025-08-30,2101,N,VIIRS,n,2,312.41,9.74,D,0
40.75427,-119.71828,367,0.39,0.36,2025-08-30,2101,N,VIIRS,h,2,356.22,64.67,D,0
40.75433,-119.74199,367,0.39,0.36,2025-08-30,2101,N,VIIRS,h,2,317.26,9.74,D,0
40.75492,-119.71368,367,0.39,0.36,2025-08-30,2101,N,VIIRS,l,2,326.43,64.67,D,0
40.75498,-119.7374,355.23,0.39,0.36,2025-08-30,2101,N,VIIRS,n,2,325,16.1,D,0
40.75563,-119.73283,355.26,0.39,0.36,2025-08-30,2101,N,VIIRS,n,2,323.47,16.1,D,0
40.75628,-119.72826,367,0.39,0.36,2025-08-30,2101,N,VIIRS,h,2,344.73,125.88,D,0
40.75694,-119.72367,354.13,0.39,0.36,2025-08-30,2101,N,VIIRS,n,2,329.07,125.88,D,0
40.75759,-119.71908,367,0.39,0.36,2025-08-30,2101,N,VIIRS,h,2,355.01,34.7,D,0
40.75765,-119.74277,349.32,0.39,0.36,2025-08-30,2101,N,VIIRS,n,2,318.86,9.74,D,0
40.75824,-119.71449,336.43,0.39,0.36,2025-08-30,2101,N,VIIRS,n,2,305.94,34.7,D,0
40.7583,-119.73817,367,0.39,0.36,2025-08-30,2101,N,VIIRS,h,2,321.04,16.1,D,0
40.75895,-119.7336,356.52,0.39,0.36,2025-08-30,2101,N,VIIRS,l,2,335.14,16.1,D,0
40.7596,-119.72902,367,0.39,0.36,2025-08-30,2101,N,VIIRS,h,2,356.91,125.88,D,0
40.75992,-119.74159,367,0.39,0.36,2025-08-30,2101,N,VIIRS,h,2,320.29,13.04,D,0
40.76026,-119.72445,367,0.39,0.36,2025-08-30,2101,N,VIIRS,h,2,354.63,125.88,D,0
40.76057,-119.73701,367,0.39,0.36,2025-08-30,2101,N,VIIRS,h,2,325.05,17.01,D,0
40.76091,-119.71986,341.12,0.39,0.36,2025-08-30,2101,N,VIIRS,n,2,309.85,34.7,D,0
40.76121,-119.73244,352.45,0.39,0.36,2025-08-30,2101,N,VIIRS,l,2,336.27,17.01,D,0
40.76186,-119.72784,367,0.39,0.36,2025-08-30,2101,N,VIIRS,l,2,334.57,40.44,D,0
40.76251,-119.72326,343.62,0.39,0.36,2025-08-30,2101,N,VIIRS,n,2,306.9,40.44,D,0
40.76324,-119.74239,354.36,0.39,0.36,2025-08-30,2101,N,VIIRS,n,2,313.08,13.04,D,0
40.76389,-119.73781,367,0.39,0.36,2025-08-30,2101,N,VIIRS,h,2,314.24,17.01,D,0
40.76453,-119.73323,350.33,0.39,0.36,2025-08-30,2101,N,VIIRS,n,2,313.13,17.01,D,0
40.89621,-122.85081,343.39,0.4,0.37,2025-08-30,2101,N,VIIRS,n,2,302.54,3.22,D,0
40.89957,-122.85151,334.76,0.4,0.37,2025-08-30,2101,N,VIIRS,n,2,302.25,3.22,D,0
40.90554,-122.85733,340.71,0.4,0.37,2025-08-30,2101,N,VIIRS,n,2,303.47,10.46,D,0
40.90889,-122.85802,346.35,0.4,0.37,2025-08-30,2101,N,VIIRS,n,2,303.1,9.82,D,0
41.03782,-122.76322,344.68,0.4,0.37,2025-08-30,2101,N,VIIRS,n,2,300.72,4.9,D,0
41.41698,-123.27547,330.58,0.4,0.37,2025-08-30,2101,N,VIIRS,n,2,297.74,6.48,D,0
41.41777,-123.27084,332.36,0.4,0.37,2025-08-30,2101,N,VIIRS,n,2,299.69,6.48,D,0
41.41938,-123.2615,339.18,0.4,0.37,2025-08-30,2101,N,VIIRS,n,2,298.89,8.17,D,0
41.42103,-123.27222,355.99,0.4,0.37,2025-08-30,2101,N,VIIRS,n,2,304.09,6.48,D,0
41.42184,-123.26754,367,0.4,0.37,2025-08-30,2101,N,VIIRS,h,2,300.66,8.17,D,0
41.42268,-123.2627,334.59,0.4,0.37,2025-08-30,2101,N,VIIRS,n,2,300.3,8.17,D,0
41.51237,-123.54042,333.85,0.41,0.37,2025-08-30,2101,N,VIIRS,n,2,302.07,1.83,D,0
41.51316,-123.53586,337.53,0.41,0.37,2025-08-30,2101,N,VIIRS,n,2,301.65,3.46,D,0
41.5141,-123.55076,347.2,0.41,0.37,2025-08-30,2101,N,VIIRS,n,2,305.65,11.17,D,0
41.51493,-123.54597,346.6,0.41,0.37,2025-08-30,2101,N,VIIRS,n,2,304.04,7.05,D,0
41.51572,-123.54143,352.02,0.41,0.37,2025-08-30,2101,N,VIIRS,n,2,302.94,7.05,D,0
41.51654,-123.53673,337.88,0.41,0.37,2025-08-30,2101,N,VIIRS,n,2,301.75,6.79,D,0
41.51669,-123.55613,367,0.41,0.37,2025-08-30,2101,N,VIIRS,h,2,306.7,11.17,D,0
41.51848,-123.56612,344.2,0.41,0.37,2025-08-30,2101,N,VIIRS,n,2,304.57,7.77,D,0
41.51929,-123.56142,353.96,0.41,0.37,2025-08-30,2101,N,VIIRS,n,2,309.05,7.77,D,0
41.52189,-123.56676,330.52,0.41,0.37,2025-08-30,2101,N,VIIRS,l,2,300.77,7.77,D,0
41.52446,-123.57225,338.02,0.41,0.37,2025-08-30,2101,N,VIIRS,n,2,300.83,3.73,D,0
41.52698,-123.57808,341.42,0.41,0.37,2025-08-30,2101,N,VIIRS,n,2,300.13,3.73,D,0
41.52786,-123.57301,334.75,0.41,0.37,2025-08-30,2101,N,VIIRS,n,2,300.29,3.73,D,0
41.53033,-123.57906,341.28,0.41,0.37,2025-08-30,2101,N,VIIRS,n,2,302.52,3.32,D,0
41.53363,-123.58036,338.84,0.41,0.37,2025-08-30,2101,N,VIIRS,n,2,299.55,3.32,D,0
41.53449,-123.57542,332.67,0.41,0.37,2025-08-30,2101,N,VIIRS,n,2,298.18,3.32,D,0
41.53949,-123.56696,333.87,0.41,0.37,2025-08-30,2101,N,VIIRS,n,2,298.45,1.17,D,0
41.54362,-123.56348,330.35,0.41,0.37,2025-08-30,2101,N,VIIRS,n,2,298.92,4.22,D,0
41.54692,-123.56484,336.65,0.41,0.37,2025-08-30,2101,N,VIIRS,n,2,301.99,4.68,D,0
41.55022,-123.56612,334.19,0.41,0.37,2025-08-30,2101,N,VIIRS,n,2,299.38,4.68,D,0
41.55353,-123.56743,341.85,0.41,0.37,2025-08-30,2101,N,VIIRS,n,2,300.93,6.94,D,0
41.55685,-123.56863,346.19,0.41,0.37,2025-08-30,2101,N,VIIRS,n,2,299.23,6.94,D,0
41.56105,-123.56475,352.35,0.41,0.37,2025-08-30,2101,N,VIIRS,n,2,305.24,11.51,D,0
41.56436,-123.566,333.38,0.41,0.37,2025-08-30,2101,N,VIIRS,n,2,298.57,11.51,D,0
41.5709,-123.52814,333.35,0.4,0.37,2025-08-30,2101,N,VIIRS,n,2,302.23,2.07,D,0
41.57175,-123.54369,330.28,0.41,0.37,2025-08-30,2101,N,VIIRS,n,2,297.62,8.07,D,0
41.57256,-123.53899,353.02,0.41,0.37,2025-08-30,2101,N,VIIRS,n,2,306.31,8.07,D,0
41.57339,-123.53417,338.53,0.41,0.37,2025-08-30,2101,N,VIIRS,n,2,301.95,8.32,D,0
41.57423,-123.52927,347.34,0.4,0.37,2025-08-30,2101,N,VIIRS,n,2,305.02,8.32,D,0
41.7783,-123.18523,334.01,0.4,0.37,2025-08-30,2101,N,VIIRS,n,2,297.34,80.9,D,0
41.78086,-123.19067,343.61,0.4,0.37,2025-08-30,2101,N,VIIRS,n,2,303.87,5.14,D,0
41.78162,-123.18619,331.55,0.4,0.37,2025-08-30,2101,N,VIIRS,l,2,303.7,5.14,D,0
41.78313,-123.1773,354.51,0.4,0.37,2025-08-30,2101,N,VIIRS,n,2,307.41,20.25,D,0
41.7834,-123.19627,343.81,0.4,0.37,2025-08-30,2101,N,VIIRS,n,2,301.13,64.82,D,0
41.78419,-123.19164,337.89,0.4,0.37,2025-08-30,2101,N,VIIRS,n,2,303.43,5.14,D,0
41.78571,-123.18264,337.34,0.4,0.37,2025-08-30,2101,N,VIIRS,n,2,304.1,20.25,D,0
41.78646,-123.17825,348.63,0.4,0.37,2025-08-30,2101,N,VIIRS,n,2,311.72,20.25,D,0
41.78721,-123.17379,342.42,0.4,0.37,2025-08-30,2101,N,VIIRS,n,2,304.1,31.51,D,0
41.78903,-123.18361,334.9,0.4,0.37,2025-08-30,2101,N,VIIRS,n,2,302.74,18.68,D,0
41.78978,-123.1792,337.06,0.4,0.37,2025-08-30,2101,N,VIIRS,n,2,300.32,18.68,D,0
41.79234,-123.18468,346.56,0.4,0.37,2025-08-30,2101,N,VIIRS,n,2,309.22,18.68,D,0
41.7931,-123.18022,351.16,0.4,0.37,2025-08-30,2101,N,VIIRS,n,2,320.3,18.68,D,0
41.79564,-123.18578,367,0.4,0.37,2025-08-30,2101,N,VIIRS,h,2,332.11,152.88,D,0
41.79641,-123.18124,343.12,0.4,0.37,2025-08-30,2101,N,VIIRS,n,2,316.66,152.88,D,0
41.87973,-122.78788,345.73,0.39,0.36,2025-08-30,2101,N,VIIRS,n,2,316.04,5.79,D,0
41.88304,-122.7888,347.95,0.39,0.36,2025-08-30,2101,N,VIIRS,n,2,312.09,5.3,D,0
40.78575,-119.20117,303.04,0.5,0.49,2025-08-31,919,N,VIIRS,n,2,284.87,0.81,N,0
40.82297,-114.25661,309.85,0.45,0.39,2025-08-31,919,N,VIIRS,n,2,288.35,1.78,N,2
40.90868,-122.85807,303.24,0.39,0.6,2025-08-31,919,N,VIIRS,n,2,285.92,0.93,N,0
41.04129,-122.76847,296.94,0.39,0.59,2025-08-31,919,N,VIIRS,n,2,278.25,0.9,N,0
41.04247,-122.76852,295.23,0.39,0.59,2025-08-31,919,N,VIIRS,n,2,277.85,0.83,N,0
41.41592,-123.25906,297.12,0.42,0.61,2025-08-31,919,N,VIIRS,n,2,286,0.64,N,0
41.42171,-123.26093,316.45,0.42,0.61,2025-08-31,919,N,VIIRS,n,2,288.24,1.8,N,0
41.42201,-123.26794,308.87,0.42,0.61,2025-08-31,919,N,VIIRS,n,2,288.68,1.75,N,0
41.42224,-123.27355,308.19,0.42,0.61,2025-08-31,919,N,VIIRS,n,2,288.5,1.75,N,0
41.51368,-123.53215,297.52,0.43,0.62,2025-08-31,919,N,VIIRS,n,2,286.47,1.02,N,0
41.51385,-123.53659,327.42,0.43,0.62,2025-08-31,919,N,VIIRS,n,2,288.7,1.98,N,0
41.51401,-123.54075,307.15,0.43,0.62,2025-08-31,919,N,VIIRS,n,2,288.16,1.98,N,0
41.51434,-123.5493,301.48,0.43,0.62,2025-08-31,919,N,VIIRS,n,2,287.65,1.83,N,0
41.51451,-123.55371,319.05,0.43,0.62,2025-08-31,919,N,VIIRS,n,2,288.5,3.82,N,0
41.51468,-123.55788,342.54,0.43,0.62,2025-08-31,919,N,VIIRS,n,2,290.04,3.82,N,0
41.51483,-123.56194,320.5,0.43,0.62,2025-08-31,919,N,VIIRS,n,2,288.4,5.9,N,0
41.51515,-123.57032,298.01,0.43,0.62,2025-08-31,919,N,VIIRS,n,2,286.96,1.27,N,0
41.5208,-123.56609,312.82,0.43,0.62,2025-08-31,919,N,VIIRS,n,2,288.51,1.27,N,0
41.54397,-123.5648,304.44,0.43,0.62,2025-08-31,919,N,VIIRS,n,2,288.19,0.69,N,0
41.54993,-123.56889,303.34,0.43,0.62,2025-08-31,919,N,VIIRS,n,2,288.19,1.33,N,0
41.57137,-123.52539,298.05,0.43,0.62,2025-08-31,919,N,VIIRS,n,2,287.07,0.87,N,0
41.57164,-123.53184,316.74,0.43,0.62,2025-08-31,919,N,VIIRS,n,2,287.99,1.82,N,0
41.57169,-123.53106,323.41,0.43,0.62,2025-08-31,919,N,VIIRS,n,2,288.58,1.61,N,0
41.5772,-123.52629,299.93,0.43,0.62,2025-08-31,919,N,VIIRS,n,2,287.17,0.87,N,0
41.57744,-123.53203,303.84,0.43,0.62,2025-08-31,919,N,VIIRS,n,2,287.51,1.82,N,0
41.57749,-123.53127,308.75,0.43,0.62,2025-08-31,919,N,VIIRS,n,2,287.69,1.61,N,0
41.77168,-123.19373,327.68,0.42,0.61,2025-08-31,919,N,VIIRS,n,2,287.71,3.89,N,0
41.77205,-123.20231,323.81,0.42,0.61,2025-08-31,919,N,VIIRS,n,2,287.07,5.26,N,0
41.77333,-123.18684,325.2,0.42,0.61,2025-08-31,919,N,VIIRS,n,2,287.74,4.55,N,0
41.77352,-123.19186,325.55,0.42,0.61,2025-08-31,919,N,VIIRS,n,2,288.13,7.33,N,0
41.77377,-123.19839,367,0.42,0.61,2025-08-31,919,N,VIIRS,h,2,290.96,7.33,N,0
41.77407,-123.20645,306.64,0.42,0.61,2025-08-31,919,N,VIIRS,n,2,287.2,6.79,N,0
41.77681,-123.18095,305.31,0.42,0.61,2025-08-31,919,N,VIIRS,n,2,287.87,5.72,N,0
41.77697,-123.18449,334,0.42,0.61,2025-08-31,919,N,VIIRS,n,2,289.8,5.72,N,0
41.77713,-123.18805,367,0.42,0.61,2025-08-31,919,N,VIIRS,h,2,301.05,18.6,N,0
41.7773,-123.19204,334.03,0.42,0.61,2025-08-31,919,N,VIIRS,n,2,290.79,18.6,N,0
41.77752,-123.19711,367,0.42,0.61,2025-08-31,919,N,VIIRS,h,2,292.01,5.32,N,0
41.77782,-123.2037,325.64,0.42,0.61,2025-08-31,919,N,VIIRS,n,2,287.59,5.32,N,0
41.77847,-123.17278,299.63,0.41,0.61,2025-08-31,919,N,VIIRS,n,2,288.09,3.29,N,0
41.77863,-123.17685,331.45,0.42,0.61,2025-08-31,919,N,VIIRS,n,2,289.3,3.33,N,0
41.77877,-123.18043,301.1,0.42,0.61,2025-08-31,919,N,VIIRS,n,2,288.29,3.33,N,0
41.77891,-123.1839,318.27,0.42,0.61,2025-08-31,919,N,VIIRS,n,2,289.49,12.66,N,0
41.77905,-123.18726,367,0.42,0.61,2025-08-31,919,N,VIIRS,h,2,299.98,12.66,N,0
41.77919,-123.191,336.12,0.42,0.61,2025-08-31,919,N,VIIRS,n,2,290.75,5.3,N,0
41.77936,-123.19525,321.98,0.42,0.61,2025-08-31,919,N,VIIRS,n,2,288.39,5.3,N,0
41.77959,-123.20131,341.43,0.42,0.61,2025-08-31,919,N,VIIRS,n,2,288.61,6.19,N,0
41.78222,-123.17409,338.92,0.41,0.61,2025-08-31,919,N,VIIRS,n,2,290.39,5.71,N,0
41.78238,-123.17779,340.78,0.41,0.61,2025-08-31,919,N,VIIRS,n,2,291.07,5.71,N,0
41.78252,-123.18108,299.71,0.42,0.61,2025-08-31,919,N,VIIRS,n,2,288.38,5.72,N,0
41.7832,-123.19648,301.5,0.42,0.61,2025-08-31,919,N,VIIRS,n,2,286.05,5.32,N,0
41.78418,-123.17309,323.05,0.41,0.61,2025-08-31,919,N,VIIRS,n,2,289.18,3.29,N,0
41.78433,-123.17683,344.8,0.42,0.61,2025-08-31,919,N,VIIRS,n,2,292.39,3.33,N,0
41.78447,-123.18011,302.14,0.42,0.61,2025-08-31,919,N,VIIRS,n,2,288.19,3.33,N,0
41.78487,-123.1904,297.12,0.42,0.61,2025-08-31,919,N,VIIRS,n,2,285.02,5.3,N,0
41.78506,-123.19533,300.26,0.42,0.61,2025-08-31,919,N,VIIRS,n,2,286.22,5.3,N,0
41.7877,-123.16911,349.43,0.41,0.61,2025-08-31,919,N,VIIRS,n,2,292.73,17.38,N,0
41.78791,-123.17398,367,0.41,0.61,2025-08-31,919,N,VIIRS,h,2,294.35,16.99,N,0
41.78807,-123.17751,332.61,0.41,0.61,2025-08-31,919,N,VIIRS,n,2,291.31,16.99,N,0
41.78821,-123.18066,312.37,0.42,0.61,2025-08-31,919,N,VIIRS,n,2,288.38,2.83,N,0
41.7885,-123.18713,296.08,0.42,0.61,2025-08-31,919,N,VIIRS,n,2,284.52,0.86,N,0
41.7887,-123.19171,308.11,0.42,0.61,2025-08-31,919,N,VIIRS,n,2,285.37,0.86,N,0
41.78969,-123.16821,349.79,0.41,0.61,2025-08-31,919,N,VIIRS,n,2,290.97,30.14,N,0
41.78989,-123.17317,367,0.41,0.61,2025-08-31,919,N,VIIRS,h,2,304.48,30.14,N,0
41.79003,-123.17673,340.61,0.42,0.61,2025-08-31,919,N,VIIRS,n,2,293.08,11.63,N,0
41.79016,-123.18,324.97,0.42,0.61,2025-08-31,919,N,VIIRS,n,2,290.92,11.63,N,0
41.79044,-123.18674,295.53,0.42,0.61,2025-08-31,919,N,VIIRS,n,2,284.91,1.58,N,0
41.79061,-123.19116,296.18,0.42,0.61,2025-08-31,919,N,VIIRS,n,2,284.46,0.79,N,0
41.7932,-123.16473,305.13,0.41,0.61,2025-08-31,919,N,VIIRS,n,2,287.18,17.38,N,0
41.79345,-123.17018,353.61,0.41,0.61,2025-08-31,919,N,VIIRS,n,2,299.35,17.38,N,0
41.79363,-123.17417,367,0.41,0.61,2025-08-31,919,N,VIIRS,h,2,297.34,16.99,N,0
41.79378,-123.17765,333.92,0.41,0.61,2025-08-31,919,N,VIIRS,n,2,292.56,16.99,N,0
41.79394,-123.18118,316.16,0.42,0.61,2025-08-31,919,N,VIIRS,n,2,289.47,2.83,N,0
41.79411,-123.18492,308.06,0.42,0.61,2025-08-31,919,N,VIIRS,n,2,287.48,2.83,N,0
41.79523,-123.16413,297.78,0.41,0.61,2025-08-31,919,N,VIIRS,n,2,286.78,8.12,N,0
41.79545,-123.1697,351.43,0.41,0.61,2025-08-31,919,N,VIIRS,n,2,294.36,30.14,N,0
41.7956,-123.17342,367,0.41,0.61,2025-08-31,919,N,VIIRS,h,2,302.74,30.14,N,0
41.79574,-123.17687,339.33,0.42,0.61,2025-08-31,919,N,VIIRS,n,2,292.81,11.63,N,0
41.79588,-123.18041,318.9,0.42,0.61,2025-08-31,919,N,VIIRS,n,2,290.35,11.63,N,0
41.79604,-123.18439,315.95,0.42,0.61,2025-08-31,919,N,VIIRS,n,2,288.37,1.58,N,0
41.79622,-123.18886,296.05,0.42,0.61,2025-08-31,919,N,VIIRS,n,2,285.9,1.58,N,0
41.80114,-123.16956,331.74,0.41,0.61,2025-08-31,919,N,VIIRS,n,2,289.67,11.4,N,0
41.80129,-123.17313,354.3,0.41,0.61,2025-08-31,919,N,VIIRS,n,2,300.77,11.4,N,0
41.80143,-123.17671,367,0.42,0.61,2025-08-31,919,N,VIIRS,h,2,298.43,23.07,N,0
41.80159,-123.18056,351.99,0.42,0.61,2025-08-31,919,N,VIIRS,n,2,292.86,23.07,N,0
41.8018,-123.18585,311.24,0.42,0.61,2025-08-31,919,N,VIIRS,n,2,287.74,5.39,N,0
41.80699,-123.17309,312.74,0.41,0.61,2025-08-31,919,N,VIIRS,n,2,288.22,11.4,N,0
36.88849,-119.00269,303.64,0.45,0.47,2025-08-31,920,N,VIIRS,n,2,289.02,1.87,N,0
36.88956,-119.10973,314.83,0.45,0.47,2025-08-31,920,N,VIIRS,n,2,293.7,1.87,N,0
36.8927,-119.00097,300.21,0.45,0.47,2025-08-31,920,N,VIIRS,n,2,287.62,1.87,N,0
36.89312,-119.00549,334.21,0.45,0.47,2025-08-31,920,N,VIIRS,n,2,290.06,1.87,N,0
36.89324,-119.1019,304.85,0.45,0.47,2025-08-31,920,N,VIIRS,n,2,293.46,1.87,N,0
36.89358,-119.01035,308.66,0.45,0.47,2025-08-31,920,N,VIIRS,n,2,286.96,1.74,N,0
36.89383,-119.10841,326.38,0.45,0.47,2025-08-31,920,N,VIIRS,n,2,295.1,1.87,N,0
36.89445,-119.1152,305.78,0.45,0.47,2025-08-31,920,N,VIIRS,n,2,294.23,2.1,N,0
36.89777,-119.00852,301.62,0.45,0.47,2025-08-31,920,N,VIIRS,n,2,288.04,2.07,N,0
36.89828,-119.01393,319.59,0.45,0.47,2025-08-31,920,N,VIIRS,n,2,288.76,2.07,N,0
36.8988,-119.11475,318.73,0.45,0.47,2025-08-31,920,N,VIIRS,n,2,294.56,2.45,N,0
36.89884,-119.01995,318.37,0.45,0.47,2025-08-31,920,N,VIIRS,n,2,288.7,2.43,N,0
36.90148,-119.09605,306.4,0.45,0.47,2025-08-31,920,N,VIIRS,n,2,293.81,2.64,N,0
36.90207,-119.10236,349.26,0.45,0.47,2025-08-31,920,N,VIIRS,n,2,297.24,9.67,N,0
36.90257,-119.01315,317.79,0.45,0.47,2025-08-31,920,N,VIIRS,n,2,289.19,2.07,N,0
36.90263,-119.10865,348.84,0.45,0.47,2025-08-31,920,N,VIIRS,n,2,296.99,9.67,N,0
36.90319,-119.11466,310.12,0.45,0.47,2025-08-31,920,N,VIIRS,n,2,293.55,2.45,N,0
36.90322,-119.0202,334.69,0.45,0.47,2025-08-31,920,N,VIIRS,n,2,290.34,2.43,N,0
36.90382,-119.02665,302.36,0.45,0.47,2025-08-31,920,N,VIIRS,n,2,289.03,2.43,N,0
36.90497,-119.03905,302.74,0.45,0.47,2025-08-31,920,N,VIIRS,n,2,291.48,0.9,N,0
36.90536,-119.09055,337.74,0.45,0.47,2025-08-31,920,N,VIIRS,n,2,295.66,10,N,0
36.90589,-119.09626,350.05,0.45,0.47,2025-08-31,920,N,VIIRS,n,2,302.16,10,N,0
36.90643,-119.1021,340.06,0.45,0.47,2025-08-31,920,N,VIIRS,n,2,295.04,6.89,N,0
36.90695,-119.0133,300.34,0.45,0.47,2025-08-31,920,N,VIIRS,n,2,288.01,0.95,N,0
36.9097,-119.08999,320.81,0.45,0.47,2025-08-31,920,N,VIIRS,n,2,294.2,10,N,0
36.91008,-119.00011,299.86,0.45,0.47,2025-08-31,920,N,VIIRS,n,2,286.14,0.93,N,0
36.91021,-119.09551,319.59,0.45,0.47,2025-08-31,920,N,VIIRS,n,2,294.83,10,N,0
36.91068,-119.0065,307.42,0.45,0.47,2025-08-31,920,N,VIIRS,n,2,287,0.95,N,0
36.91337,-118.9887,302.05,0.45,0.47,2025-08-31,920,N,VIIRS,n,2,287.69,4.01,N,0
36.91392,-118.99446,318.7,0.45,0.47,2025-08-31,920,N,VIIRS,n,2,288.83,1.61,N,0
36.91396,-119.0885,321.09,0.45,0.47,2025-08-31,920,N,VIIRS,n,2,293.83,1.82,N,0
36.91445,-119.09381,307.01,0.45,0.47,2025-08-31,920,N,VIIRS,n,2,293.93,1.82,N,0
36.9145,-119.00072,301.7,0.45,0.47,2025-08-31,920,N,VIIRS,n,2,287.32,1.61,N,0
36.91775,-118.98884,344.44,0.45,0.47,2025-08-31,920,N,VIIRS,n,2,289.97,4.01,N,0
36.91837,-118.99541,317.15,0.45,0.47,2025-08-31,920,N,VIIRS,n,2,288.98,1.61,N,0
36.91904,-119.00253,307.54,0.45,0.47,2025-08-31,920,N,VIIRS,n,2,289.53,1.61,N,0
36.91969,-119.00944,300.68,0.45,0.47,2025-08-31,920,N,VIIRS,n,2,289.48,0.9,N,0
36.92025,-119.0154,300.46,0.45,0.47,2025-08-31,920,N,VIIRS,n,2,289.69,0.9,N,0
36.92151,-118.98252,337.74,0.45,0.47,2025-08-31,920,N,VIIRS,n,2,290.62,11.19,N,0
36.92212,-118.98895,329.07,0.45,0.47,2025-08-31,920,N,VIIRS,n,2,290,11.19,N,0
36.92279,-118.99612,321.18,0.45,0.47,2025-08-31,920,N,VIIRS,n,2,289.79,21.83,N,0
36.92347,-119.00331,348.35,0.45,0.47,2025-08-31,920,N,VIIRS,n,2,293.58,21.83,N,0
36.92404,-119.00935,341.22,0.45,0.47,2025-08-31,920,N,VIIRS,n,2,294.03,9.39,N,0
36.92579,-118.98172,355.91,0.45,0.47,2025-08-31,920,N,VIIRS,n,2,296.82,11.19,N,0
36.92645,-118.98866,354.5,0.45,0.47,2025-08-31,920,N,VIIRS,n,2,292.34,11.19,N,0
36.92719,-118.99641,353.9,0.45,0.47,2025-08-31,920,N,VIIRS,n,2,298.32,21.83,N,0
36.92764,-119.09387,300,0.45,0.47,2025-08-31,920,N,VIIRS,n,2,288.93,0.77,N,0
36.92783,-119.00317,353.87,0.45,0.47,2025-08-31,920,N,VIIRS,n,2,297.96,21.83,N,0
36.92835,-119.0087,308.51,0.45,0.47,2025-08-31,920,N,VIIRS,n,2,290.01,9.39,N,0
36.93007,-118.9809,338.48,0.45,0.47,2025-08-31,920,N,VIIRS,n,2,291.36,35.53,N,0
36.93075,-118.98795,336.2,0.45,0.47,2025-08-31,920,N,VIIRS,n,2,312.09,35.53,N,0
36.9315,-118.99584,342.78,0.45,0.47,2025-08-31,920,N,VIIRS,n,2,290.49,12.12,N,0
36.93182,-119.09166,308.24,0.45,0.47,2025-08-31,920,N,VIIRS,n,2,289.12,1.05,N,0
36.93212,-119.00234,307.78,0.45,0.47,2025-08-31,920,N,VIIRS,n,2,288.96,12.12,N,0
36.93262,-119.00766,305.3,0.45,0.47,2025-08-31,920,N,VIIRS,n,2,289.31,1.22,N,0
36.93458,-119.07443,310.99,0.45,0.47,2025-08-31,920,N,VIIRS,n,2,287.25,1.88,N,0
36.93501,-118.98692,300.28,0.45,0.47,2025-08-31,920,N,VIIRS,n,2,287.73,35.53,N,0
36.93689,-119.00652,303.11,0.45,0.47,2025-08-31,920,N,VIIRS,n,2,289.31,1.22,N,0
36.93723,-119.05605,300.54,0.45,0.47,2025-08-31,920,N,VIIRS,n,2,287.45,3.08,N,0
36.93828,-119.06715,314.66,0.45,0.47,2025-08-31,920,N,VIIRS,n,2,290.09,3.34,N,0
36.93855,-118.77119,298.1,0.44,0.46,2025-08-31,920,N,VIIRS,n,2,284.06,0.99,N,0
36.9388,-119.07262,317.94,0.45,0.47,2025-08-31,920,N,VIIRS,n,2,288.8,2.21,N,0
36.93967,-118.76756,303.73,0.44,0.46,2025-08-31,920,N,VIIRS,n,2,284.32,0.44,N,0
36.94006,-119.03987,308.43,0.45,0.47,2025-08-31,920,N,VIIRS,n,2,286.9,1.52,N,0
36.94049,-119.04442,315.06,0.45,0.47,2025-08-31,920,N,VIIRS,n,2,288.33,1.52,N,0
36.94098,-119.04946,315.01,0.45,0.47,2025-08-31,920,N,VIIRS,n,2,288.39,3.08,N,0
36.94149,-119.05484,339.99,0.45,0.47,2025-08-31,920,N,VIIRS,n,2,291.04,3.08,N,0
36.94194,-119.01375,333.05,0.45,0.47,2025-08-31,920,N,VIIRS,n,2,292.64,10.19,N,0
36.94233,-119.01772,352.46,0.45,0.47,2025-08-31,920,N,VIIRS,n,2,296.53,10.19,N,0
36.94311,-119.02595,301.39,0.45,0.47,2025-08-31,920,N,VIIRS,n,2,288.26,5.13,N,0
36.94393,-119.03453,319.43,0.45,0.47,2025-08-31,920,N,VIIRS,n,2,289.79,10.86,N,0
36.94436,-119.03896,340.95,0.45,0.47,2025-08-31,920,N,VIIRS,n,2,291.31,15.6,N,0
36.94526,-119.0485,305.33,0.45,0.47,2025-08-31,920,N,VIIRS,n,2,285.57,1.02,N,0
36.94577,-119.05378,301.43,0.45,0.47,2025-08-31,920,N,VIIRS,n,2,286.49,1.02,N,0
36.94582,-119.00864,309.01,0.45,0.47,2025-08-31,920,N,VIIRS,n,2,289.27,6.59,N,0
36.94619,-119.01248,350.72,0.45,0.47,2025-08-31,920,N,VIIRS,n,2,299.99,10.19,N,0
36.94658,-119.01647,336.15,0.45,0.47,2025-08-31,920,N,VIIRS,n,2,295.79,10.19,N,0
36.94697,-119.02059,322.02,0.45,0.47,2025-08-31,920,N,VIIRS,n,2,291.18,5.13,N,0
36.94738,-119.02491,347.88,0.45,0.47,2025-08-31,920,N,VIIRS,n,2,295.69,5.13,N,0
36.9478,-119.02933,346.48,0.45,0.47,2025-08-31,920,N,VIIRS,n,2,294.59,10.86,N,0
36.94823,-119.03375,355.84,0.45,0.47,2025-08-31,920,N,VIIRS,n,2,300.54,10.86,N,0
36.94866,-119.03826,348.25,0.45,0.47,2025-08-31,920,N,VIIRS,n,2,298.67,15.6,N,0
36.95046,-119.0114,342.32,0.45,0.47,2025-08-31,920,N,VIIRS,n,2,291.57,9.46,N,0
36.95084,-119.0154,341.07,0.45,0.47,2025-08-31,920,N,VIIRS,n,2,291.67,9.46,N,0
36.95126,-119.01974,342.68,0.45,0.47,2025-08-31,920,N,VIIRS,n,2,293.61,10.14,N,0
36.95169,-119.02418,367,0.45,0.47,2025-08-31,920,N,VIIRS,h,2,296.36,10.14,N,0
36.95211,-119.02868,338.8,0.45,0.47,2025-08-31,920,N,VIIRS,n,2,289.6,5.82,N,0
36.95255,-119.03319,350.37,0.45,0.47,2025-08-31,920,N,VIIRS,n,2,290.18,5.82,N,0
36.95642,-119.02797,319.39,0.45,0.47,2025-08-31,920,N,VIIRS,n,2,286.68,5.82,N,0
37.45383,-121.93479,301.35,0.33,0.55,2025-08-31,920,N,VIIRS,n,2,288,0.73,N,2
38.07218,-122.13962,310.27,0.34,0.56,2025-08-31,920,N,VIIRS,n,2,297.77,1.01,N,2
38.94939,-119.12902,298.17,0.48,0.48,2025-08-31,920,N,VIIRS,n,2,285.37,0.71,N,0
32.85773,-117.02882,304.38,0.48,0.4,2025-08-31,921,N,VIIRS,n,2,291.3,0.69,N,2
33.49242,-117.61762,302.33,0.52,0.42,2025-08-31,921,N,VIIRS,n,2,291.33,0.84,N,2
33.61211,-117.82337,308.89,0.53,0.42,2025-08-31,921,N,VIIRS,n,2,290.81,0.86,N,2
33.71396,-117.71159,305.25,0.53,0.42,2025-08-31,921,N,VIIRS,n,2,291.06,1.34,N,2
33.79353,-117.47536,308.17,0.52,0.41,2025-08-31,921,N,VIIRS,n,2,293,1.02,N,2
34.03658,-118.10767,302.69,0.56,0.43,2025-08-31,921,N,VIIRS,n,2,292.61,0.44,N,2
34.04019,-117.81986,304.02,0.54,0.42,2025-08-31,921,N,VIIRS,n,2,292.23,0.63,N,2
34.14277,-117.42783,307.64,0.52,0.41,2025-08-31,921,N,VIIRS,n,2,293.2,0.64,N,2
34.15266,-118.19286,310.97,0.57,0.43,2025-08-31,921,N,VIIRS,n,2,292.65,1.38,N,2
34.24323,-118.38036,302.87,0.39,0.44,2025-08-31,921,N,VIIRS,n,2,291.81,0.37,N,2
34.29092,-118.80093,311.31,0.41,0.45,2025-08-31,921,N,VIIRS,n,2,290.93,1.55,N,2
34.31911,-118.51376,306.4,0.39,0.44,2025-08-31,921,N,VIIRS,n,2,291.64,0.69,N,2
34.33625,-118.51945,311.02,0.39,0.44,2025-08-31,921,N,VIIRS,n,2,292.74,0.93,N,2
34.43153,-118.64606,312.21,0.4,0.44,2025-08-31,921,N,VIIRS,n,2,291.84,1.13,N,2
34.60782,-117.33694,316.41,0.52,0.42,2025-08-31,921,N,VIIRS,n,2,294.84,2.03,N,2
34.62176,-117.10127,304.77,0.51,0.41,2025-08-31,921,N,VIIRS,n,2,293.61,0.93,N,2
34.62287,-117.10284,302.7,0.51,0.41,2025-08-31,921,N,VIIRS,n,2,292.23,0.69,N,2
32.3021,-117.00398,300.63,0.48,0.4,2025-08-31,922,N,VIIRS,n,2,290.37,1.88,N,0
32.30576,-117.0033,328.23,0.48,0.4,2025-08-31,922,N,VIIRS,n,2,291.29,1.88,N,0
32.495,-115.17461,314.33,0.41,0.37,2025-08-31,922,N,VIIRS,n,2,296.38,1.36,N,0
32.49557,-116.83259,332.59,0.47,0.4,2025-08-31,922,N,VIIRS,n,2,295.25,11.12,N,0
32.52626,-116.78115,303.64,0.47,0.4,2025-08-31,922,N,VIIRS,n,2,291.47,0.73,N,0
39.70499,-121.87788,299.58,0.46,0.64,2025-08-31,1100,N,VIIRS,n,2,288.13,0.6,N,0
41.41704,-123.27451,300.2,0.36,0.57,2025-08-31,1100,N,VIIRS,n,2,286.22,2.03,N,0
41.41939,-123.26232,301.36,0.36,0.57,2025-08-31,1100,N,VIIRS,n,2,286.76,1.57,N,0
41.42029,-123.26562,336.89,0.36,0.57,2025-08-31,1100,N,VIIRS,n,2,289.09,2.03,N,0
41.42123,-123.26906,308.44,0.36,0.57,2025-08-31,1100,N,VIIRS,n,2,288.17,2.03,N,0
41.42214,-123.27242,322.27,0.36,0.57,2025-08-31,1100,N,VIIRS,n,2,289.56,2.67,N,0
41.42311,-123.27598,332.84,0.36,0.57,2025-08-31,1100,N,VIIRS,n,2,290.47,2.67,N,0
41.42592,-123.26545,300.92,0.36,0.57,2025-08-31,1100,N,VIIRS,n,2,288.6,1.13,N,0
41.51206,-123.54206,302.74,0.34,0.56,2025-08-31,1100,N,VIIRS,n,2,286.41,0.95,N,0
41.51633,-123.55796,298.32,0.34,0.56,2025-08-31,1100,N,VIIRS,n,2,287.2,0.77,N,0
41.52824,-123.58164,310.91,0.34,0.56,2025-08-31,1100,N,VIIRS,n,2,289.19,1.29,N,0
41.53162,-123.57346,307.47,0.34,0.56,2025-08-31,1100,N,VIIRS,n,2,287.78,0.85,N,0
41.53241,-123.57642,312.45,0.34,0.56,2025-08-31,1100,N,VIIRS,n,2,289.06,0.85,N,0
41.53321,-123.57941,341.63,0.34,0.56,2025-08-31,1100,N,VIIRS,n,2,290.83,4.47,N,0
41.53402,-123.58244,333.44,0.34,0.56,2025-08-31,1100,N,VIIRS,n,2,288.03,4.47,N,0
41.53621,-123.56984,300.43,0.34,0.56,2025-08-31,1100,N,VIIRS,n,2,288.31,0.85,N,0
41.53704,-123.57291,302.17,0.34,0.56,2025-08-31,1100,N,VIIRS,n,2,288.81,0.85,N,0
41.54078,-123.56612,303.97,0.34,0.56,2025-08-31,1100,N,VIIRS,n,2,289.13,1.86,N,0
41.54156,-123.56899,326.18,0.34,0.56,2025-08-31,1100,N,VIIRS,n,2,289.58,1.86,N,0
41.54221,-123.56465,298.93,0.34,0.56,2025-08-31,1100,N,VIIRS,n,2,288.92,1.45,N,0
41.54234,-123.57192,300.4,0.34,0.56,2025-08-31,1100,N,VIIRS,n,2,287.68,1.03,N,0
41.543,-123.56756,323.19,0.34,0.56,2025-08-31,1100,N,VIIRS,n,2,289.53,1.45,N,0
41.5438,-123.57046,318.09,0.34,0.56,2025-08-31,1100,N,VIIRS,n,2,288.45,1.09,N,0
41.54688,-123.56807,317.86,0.34,0.56,2025-08-31,1100,N,VIIRS,n,2,288.99,1.03,N,0
41.54772,-123.57121,299.68,0.34,0.56,2025-08-31,1100,N,VIIRS,n,2,287.47,1.03,N,0
41.54839,-123.56686,302.37,0.34,0.56,2025-08-31,1100,N,VIIRS,n,2,287.83,1.09,N,0
41.54922,-123.56994,302.12,0.34,0.56,2025-08-31,1100,N,VIIRS,n,2,287.86,1.09,N,0
41.55239,-123.56788,298.87,0.34,0.56,2025-08-31,1100,N,VIIRS,n,2,288.25,1.08,N,0
41.55323,-123.57099,319.6,0.34,0.56,2025-08-31,1100,N,VIIRS,n,2,288.18,1.84,N,0
41.55434,-123.57514,302.81,0.34,0.56,2025-08-31,1100,N,VIIRS,n,2,286.65,1.84,N,0
41.55471,-123.56961,322.74,0.34,0.56,2025-08-31,1100,N,VIIRS,n,2,288.98,2.1,N,0
41.55584,-123.57372,330.88,0.34,0.56,2025-08-31,1100,N,VIIRS,n,2,288.33,2.1,N,0
41.55804,-123.56815,311.25,0.34,0.56,2025-08-31,1100,N,VIIRS,n,2,288.79,1.84,N,0
41.55897,-123.57165,342.65,0.34,0.56,2025-08-31,1100,N,VIIRS,n,2,290.51,1.84,N,0
41.55964,-123.56725,305.05,0.34,0.56,2025-08-31,1100,N,VIIRS,n,2,288.25,2.1,N,0
41.56056,-123.57062,338.71,0.34,0.56,2025-08-31,1100,N,VIIRS,n,2,289.97,2.1,N,0
41.56451,-123.56464,302.58,0.34,0.56,2025-08-31,1100,N,VIIRS,n,2,288.34,1.97,N,0
41.56536,-123.56778,338.4,0.34,0.56,2025-08-31,1100,N,VIIRS,n,2,289.88,1.97,N,0
41.56653,-123.57207,312.5,0.34,0.56,2025-08-31,1100,N,VIIRS,n,2,286.97,1.46,N,0
41.57094,-123.52677,301.26,0.34,0.56,2025-08-31,1100,N,VIIRS,n,2,286.91,0.63,N,0
41.5712,-123.56876,303.97,0.34,0.56,2025-08-31,1100,N,VIIRS,n,2,287.64,1.46,N,0
41.57187,-123.5302,299.84,0.34,0.56,2025-08-31,1100,N,VIIRS,n,2,287.32,1.05,N,0
41.57283,-123.53372,316.02,0.34,0.56,2025-08-31,1100,N,VIIRS,n,2,287.77,1.05,N,0
41.57578,-123.52402,300.26,0.34,0.56,2025-08-31,1100,N,VIIRS,n,2,286.02,0.39,N,0
41.57673,-123.52752,298.89,0.34,0.56,2025-08-31,1100,N,VIIRS,n,2,286.79,0.97,N,0
41.57771,-123.53111,327.16,0.34,0.56,2025-08-31,1100,N,VIIRS,n,2,288.18,0.97,N,0
41.77213,-123.188,356,0.35,0.57,2025-08-31,1100,N,VIIRS,n,2,291.28,19.97,N,0
41.77315,-123.19178,353.32,0.35,0.57,2025-08-31,1100,N,VIIRS,n,2,309.06,41.59,N,0
41.77414,-123.19541,367,0.35,0.57,2025-08-31,1100,N,VIIRS,h,2,290.91,41.59,N,0
41.77515,-123.19916,299.02,0.35,0.57,2025-08-31,1100,N,VIIRS,n,2,284.88,7.23,N,0
41.77646,-123.18314,302.8,0.35,0.57,2025-08-31,1100,N,VIIRS,n,2,288.44,2.93,N,0
41.77725,-123.1871,350.15,0.35,0.57,2025-08-31,1100,N,VIIRS,n,2,291.23,2.77,N,0
41.77808,-123.18913,367,0.35,0.57,2025-08-31,1100,N,VIIRS,h,2,295.65,5.56,N,0
41.77874,-123.19244,367,0.35,0.57,2025-08-31,1100,N,VIIRS,h,2,291.6,5.62,N,0
41.77947,-123.19431,367,0.35,0.57,2025-08-31,1100,N,VIIRS,h,2,291.19,5.56,N,0
41.77977,-123.17577,300.15,0.35,0.57,2025-08-31,1100,N,VIIRS,n,2,287.42,2.77,N,0
41.77999,-123.19695,367,0.35,0.57,2025-08-31,1100,N,VIIRS,h,2,289.22,5.62,N,0
41.78054,-123.19827,305.77,0.35,0.57,2025-08-31,1100,N,VIIRS,n,2,284.29,4.32,N,0
41.78062,-123.17763,319.39,0.35,0.57,2025-08-31,1100,N,VIIRS,n,2,288.98,2.93,N,0
41.78159,-123.18233,314.56,0.35,0.57,2025-08-31,1100,N,VIIRS,n,2,288.94,2.77,N,0
41.78272,-123.18542,300.82,0.35,0.57,2025-08-31,1100,N,VIIRS,n,2,287.99,5.56,N,0
41.7836,-123.18961,312.42,0.35,0.57,2025-08-31,1100,N,VIIRS,n,2,287.72,5.62,N,0
41.78436,-123.19152,333.89,0.35,0.57,2025-08-31,1100,N,VIIRS,n,2,288.71,5.56,N,0
41.78485,-123.1941,341.85,0.35,0.57,2025-08-31,1100,N,VIIRS,n,2,289.19,5.62,N,0
41.78527,-123.17393,301.79,0.35,0.57,2025-08-31,1100,N,VIIRS,n,2,287.58,2.24,N,0
41.78545,-123.19559,320.77,0.35,0.57,2025-08-31,1100,N,VIIRS,n,2,285.43,4.32,N,0
41.78603,-123.17797,310.78,0.35,0.57,2025-08-31,1100,N,VIIRS,n,2,287.76,4.46,N,0
41.78718,-123.18104,312.66,0.35,0.57,2025-08-31,1100,N,VIIRS,n,2,286.38,5.44,N,0
41.78826,-123.18601,322.64,0.35,0.57,2025-08-31,1100,N,VIIRS,n,2,285.97,6.19,N,0
41.78908,-123.18813,314.6,0.35,0.57,2025-08-31,1100,N,VIIRS,n,2,285.34,5.44,N,0
41.78999,-123.17048,300.72,0.35,0.57,2025-08-31,1100,N,VIIRS,n,2,287.49,2.24,N,0
41.79047,-123.17355,341.23,0.35,0.57,2025-08-31,1100,N,VIIRS,n,2,288.51,4.46,N,0
41.79139,-123.17567,367,0.35,0.57,2025-08-31,1100,N,VIIRS,h,2,294.76,5.44,N,0
41.79226,-123.18,367,0.35,0.57,2025-08-31,1100,N,VIIRS,h,2,293.16,6.19,N,0
41.79313,-123.18216,334.63,0.35,0.57,2025-08-31,1100,N,VIIRS,n,2,288.64,5.44,N,0
41.79384,-123.18574,334.92,0.35,0.57,2025-08-31,1100,N,VIIRS,n,2,287.12,6.19,N,0
41.79449,-123.18726,324.67,0.35,0.57,2025-08-31,1100,N,VIIRS,n,2,285.97,4.19,N,0
41.79506,-123.16966,303.69,0.35,0.57,2025-08-31,1100,N,VIIRS,n,2,286.78,2.25,N,0
41.7966,-123.17523,367,0.35,0.57,2025-08-31,1100,N,VIIRS,h,2,292.43,8.14,N,0
41.79826,-123.18127,332.29,0.35,0.57,2025-08-31,1100,N,VIIRS,n,2,287.57,8.14,N,0
41.79942,-123.18551,295.03,0.35,0.57,2025-08-31,1100,N,VIIRS,n,2,284.76,6.53,N,0
41.79984,-123.1665,297.54,0.35,0.57,2025-08-31,1100,N,VIIRS,n,2,286.14,2.25,N,0
41.80112,-123.17113,353.1,0.35,0.57,2025-08-31,1100,N,VIIRS,n,2,290.64,8.14,N,0
41.80289,-123.17758,367,0.35,0.57,2025-08-31,1100,N,VIIRS,h,2,295.26,8.14,N,0
41.80416,-123.18221,328.67,0.35,0.57,2025-08-31,1100,N,VIIRS,n,2,287.21,6.53,N,0
41.80587,-123.16786,303.54,0.35,0.57,2025-08-31,1100,N,VIIRS,n,2,285.91,1.78,N,0
41.80732,-123.17312,332,0.35,0.57,2025-08-31,1100,N,VIIRS,n,2,288,1.78,N,0
36.89374,-119.00818,300.41,0.78,0.78,2025-08-31,1101,N,VIIRS,n,2,286.29,2.34,N,0
36.89417,-119.00114,307.44,0.78,0.78,2025-08-31,1101,N,VIIRS,n,2,287.59,3.26,N,0
36.89567,-119.11031,301.49,0.76,0.77,2025-08-31,1101,N,VIIRS,n,2,290.34,2.65,N,0
36.89671,-119.01729,322.81,0.77,0.78,2025-08-31,1101,N,VIIRS,n,2,286.97,2.34,N,0
36.89799,-119.01267,313.9,0.77,0.78,2025-08-31,1101,N,VIIRS,n,2,286.47,3.26,N,0
36.89861,-119.02312,300.36,0.77,0.78,2025-08-31,1101,N,VIIRS,n,2,285.96,1.46,N,0
36.89991,-119.01846,337.06,0.77,0.78,2025-08-31,1101,N,VIIRS,n,2,287.8,6.25,N,0
36.90039,-119.10078,306.18,0.76,0.77,2025-08-31,1101,N,VIIRS,n,2,290.98,4.94,N,0
36.90157,-119.02349,305.49,0.77,0.78,2025-08-31,1101,N,VIIRS,n,2,286.41,6.25,N,0
36.90184,-119.09548,311.24,0.76,0.77,2025-08-31,1101,N,VIIRS,n,2,290.81,4.21,N,0
36.90187,-119.00904,306.28,0.78,0.78,2025-08-31,1101,N,VIIRS,n,2,286.79,3.12,N,0
36.90197,-119.10563,320.39,0.76,0.77,2025-08-31,1101,N,VIIRS,n,2,291.76,6.52,N,0
36.90352,-119.10055,331.24,0.76,0.77,2025-08-31,1101,N,VIIRS,n,2,291.95,4.99,N,0
36.90359,-119.01434,312.95,0.77,0.78,2025-08-31,1101,N,VIIRS,n,2,286.61,3.12,N,0
36.90376,-119.11111,312.39,0.76,0.77,2025-08-31,1101,N,VIIRS,n,2,291.18,6.52,N,0
36.90461,-119.08971,307.98,0.77,0.77,2025-08-31,1101,N,VIIRS,n,2,290.34,4.94,N,0
36.90504,-119.01878,324.82,0.77,0.78,2025-08-31,1101,N,VIIRS,n,2,287.79,6.56,N,0
36.90512,-119.01043,299.41,0.77,0.78,2025-08-31,1101,N,VIIRS,n,2,285.81,0.78,N,0
36.90556,-119.1067,312.14,0.76,0.77,2025-08-31,1101,N,VIIRS,n,2,291.56,4.99,N,0
36.90656,-119.0148,298.8,0.77,0.78,2025-08-31,1101,N,VIIRS,n,2,286.61,1.11,N,0
36.90672,-119.09618,330.18,0.76,0.77,2025-08-31,1101,N,VIIRS,n,2,292.05,4.94,N,0
36.90822,-119.09104,314.13,0.76,0.77,2025-08-31,1101,N,VIIRS,n,2,290.84,4.21,N,0
36.90895,-119.10303,330.62,0.76,0.77,2025-08-31,1101,N,VIIRS,n,2,291.87,6.52,N,0
36.91002,-119.00147,298.53,0.78,0.78,2025-08-31,1101,N,VIIRS,n,2,284.95,0.78,N,0
36.91055,-119.09808,325.49,0.76,0.77,2025-08-31,1101,N,VIIRS,n,2,292.3,4.99,N,0
36.91328,-118.99584,301.88,0.78,0.78,2025-08-31,1101,N,VIIRS,n,2,285.77,2.04,N,0
36.9143,-119.10943,301.31,0.76,0.77,2025-08-31,1101,N,VIIRS,n,2,290.15,4.99,N,0
36.91439,-118.99088,304.57,0.78,0.78,2025-08-31,1101,N,VIIRS,n,2,285.97,3.86,N,0
36.91607,-118.99595,302.75,0.78,0.78,2025-08-31,1101,N,VIIRS,n,2,285.77,5.83,N,0
36.91771,-118.98528,302.48,0.78,0.78,2025-08-31,1101,N,VIIRS,n,2,286.24,2.04,N,0
36.9194,-118.99046,313.68,0.78,0.78,2025-08-31,1101,N,VIIRS,n,2,286.79,2.04,N,0
36.9203,-119.00875,306.06,0.77,0.78,2025-08-31,1101,N,VIIRS,n,2,287.82,14.37,N,0
36.92077,-118.98635,320.91,0.78,0.78,2025-08-31,1101,N,VIIRS,n,2,287.24,3.86,N,0
36.92086,-118.99494,305.67,0.78,0.78,2025-08-31,1101,N,VIIRS,n,2,286.47,3.96,N,0
36.92217,-119.0144,300.12,0.77,0.77,2025-08-31,1101,N,VIIRS,n,2,288.22,9.97,N,0
36.92224,-118.99919,306.21,0.77,0.78,2025-08-31,1101,N,VIIRS,n,2,287.29,3.96,N,0
36.92235,-118.99113,309.28,0.78,0.78,2025-08-31,1101,N,VIIRS,n,2,287.02,5.83,N,0
36.92268,-118.97636,300.41,0.78,0.78,2025-08-31,1101,N,VIIRS,n,2,285.98,3.79,N,0
36.9237,-119.00367,339.46,0.77,0.78,2025-08-31,1101,N,VIIRS,n,2,289.78,13.82,N,0
36.92377,-118.99543,318.75,0.77,0.78,2025-08-31,1101,N,VIIRS,n,2,287.5,5.83,N,0
36.92389,-118.97194,297.54,0.78,0.78,2025-08-31,1101,N,VIIRS,n,2,284.82,7.58,N,0
36.92458,-118.98224,342.63,0.78,0.78,2025-08-31,1101,N,VIIRS,n,2,288.32,67.24,N,0
36.92518,-118.99971,346.89,0.77,0.78,2025-08-31,1101,N,VIIRS,n,2,289.1,14.37,N,0
36.9256,-119.00953,347.37,0.77,0.78,2025-08-31,1101,N,VIIRS,n,2,290.32,13.82,N,0
36.92599,-118.97832,320.1,0.78,0.78,2025-08-31,1101,N,VIIRS,n,2,287.01,41.77,N,0
36.92616,-118.98711,367,0.78,0.78,2025-08-31,1101,N,VIIRS,h,2,289.75,67.24,N,0
36.9268,-119.00462,367,0.77,0.78,2025-08-31,1101,N,VIIRS,h,2,292.71,14.37,N,0
36.92756,-118.99142,367,0.78,0.78,2025-08-31,1101,N,VIIRS,h,2,290.98,73.3,N,0
36.92778,-118.98374,349.8,0.78,0.78,2025-08-31,1101,N,VIIRS,n,2,296.65,41.77,N,0
36.92891,-118.99554,367,0.77,0.78,2025-08-31,1101,N,VIIRS,h,2,293.45,73.3,N,0
36.92928,-118.98827,343.82,0.78,0.78,2025-08-31,1101,N,VIIRS,n,2,308.61,82.1,N,0
36.92944,-119.01263,306.64,0.77,0.77,2025-08-31,1101,N,VIIRS,n,2,288.46,9.97,N,0
36.92952,-118.97325,299.48,0.78,0.78,2025-08-31,1101,N,VIIRS,n,2,284.75,3.79,N,0
36.93044,-119.00025,333.05,0.77,0.78,2025-08-31,1101,N,VIIRS,n,2,288.63,11.61,N,0
36.93064,-118.99242,367,0.77,0.78,2025-08-31,1101,N,VIIRS,h,2,293.12,82.1,N,0
36.93163,-118.97977,349.35,0.78,0.78,2025-08-31,1101,N,VIIRS,n,2,288.51,67.24,N,0
36.93213,-118.99693,367,0.77,0.78,2025-08-31,1101,N,VIIRS,h,2,290.44,22.67,N,0
36.93272,-119.00729,302.99,0.77,0.78,2025-08-31,1101,N,VIIRS,n,2,288.11,11.61,N,0
36.93331,-118.98495,328.71,0.78,0.78,2025-08-31,1101,N,VIIRS,n,2,304.54,67.24,N,0
36.93396,-119.00248,298.35,0.77,0.78,2025-08-31,1101,N,VIIRS,n,2,287.5,22.67,N,0
36.9348,-118.98117,313.84,0.78,0.78,2025-08-31,1101,N,VIIRS,n,2,285.81,41.77,N,0
36.93482,-118.98959,367,0.78,0.78,2025-08-31,1101,N,VIIRS,h,2,296.43,73.3,N,0
36.93626,-118.99403,303.07,0.77,0.78,2025-08-31,1101,N,VIIRS,n,2,286.22,73.3,N,0
36.93657,-118.98653,338.95,0.78,0.78,2025-08-31,1101,N,VIIRS,n,2,287.91,82.1,N,0
36.93811,-118.99121,300.21,0.77,0.78,2025-08-31,1101,N,VIIRS,n,2,285.54,82.1,N,0
36.93822,-119.0729,305.29,0.77,0.77,2025-08-31,1101,N,VIIRS,n,2,286.69,1.65,N,0
36.93848,-119.04955,304.78,0.77,0.77,2025-08-31,1101,N,VIIRS,n,2,286.9,8.03,N,0
36.9399,-119.02057,298.34,0.77,0.77,2025-08-31,1101,N,VIIRS,n,2,287.21,2.45,N,0
36.93992,-119.06837,307.05,0.77,0.77,2025-08-31,1101,N,VIIRS,n,2,286.82,2.11,N,0
36.94027,-119.00642,299.3,0.77,0.78,2025-08-31,1101,N,VIIRS,n,2,287.38,11.61,N,0
36.94102,-119.05743,304.78,0.77,0.77,2025-08-31,1101,N,VIIRS,n,2,286.47,3.56,N,0
36.94176,-119.03545,303.06,0.77,0.77,2025-08-31,1101,N,VIIRS,n,2,286.92,2.52,N,0
36.94256,-119.05254,316.36,0.77,0.77,2025-08-31,1101,N,VIIRS,n,2,287.45,5.12,N,0
36.94579,-119.04798,298.98,0.77,0.77,2025-08-31,1101,N,VIIRS,n,2,285.62,2.52,N,0
36.94656,-119.04088,314.9,0.77,0.77,2025-08-31,1101,N,VIIRS,n,2,286.9,2.45,N,0
36.94822,-119.02203,311.21,0.77,0.77,2025-08-31,1101,N,VIIRS,n,2,287.86,2.45,N,0
36.94848,-119.03201,319.83,0.77,0.77,2025-08-31,1101,N,VIIRS,n,2,288.35,2.52,N,0
36.95276,-119.03587,300.77,0.77,0.77,2025-08-31,1101,N,VIIRS,n,2,286.09,2.45,N,0
36.86963,-119.1269,346.47,0.47,0.4,2025-08-31,2041,N,VIIRS,n,2,312.11,5.6,D,0
36.87316,-119.12818,344.05,0.47,0.4,2025-08-31,2041,N,VIIRS,n,2,314.29,4.63,D,0
36.87673,-119.12926,336.05,0.47,0.4,2025-08-31,2041,N,VIIRS,l,2,308.36,4.63,D,0
36.87878,-119.11843,337.29,0.47,0.4,2025-08-31,2041,N,VIIRS,l,2,310.8,4.44,D,0
36.87987,-119.11273,340.98,0.47,0.4,2025-08-31,2041,N,VIIRS,n,2,313.74,6.02,D,0
36.89385,-119.09861,356.23,0.47,0.39,2025-08-31,2041,N,VIIRS,n,2,320.38,15.25,D,0
36.89737,-119.09994,345.94,0.47,0.39,2025-08-31,2041,N,VIIRS,n,2,308.17,15.25,D,0
36.89854,-119.01402,367,0.46,0.39,2025-08-31,2041,N,VIIRS,l,2,327.84,48.69,D,0
36.89957,-119.0086,347.84,0.46,0.39,2025-08-31,2041,N,VIIRS,n,2,312.91,48.69,D,0
36.90183,-119.09623,339.21,0.47,0.39,2025-08-31,2041,N,VIIRS,n,2,308.5,46.34,D,0
36.90207,-119.01523,345.99,0.46,0.39,2025-08-31,2041,N,VIIRS,n,2,305.99,17.2,D,0
36.90532,-119.09772,367,0.47,0.39,2025-08-31,2041,N,VIIRS,h,2,336.42,46.34,D,0
36.90633,-119.09232,341.67,0.47,0.39,2025-08-31,2041,N,VIIRS,n,2,305.81,46.34,D,0
36.90989,-119.09339,351.24,0.47,0.39,2025-08-31,2041,N,VIIRS,n,2,312.08,87.46,D,0
36.91351,-119.0942,367,0.47,0.39,2025-08-31,2041,N,VIIRS,l,2,332.76,87.46,D,0
36.91456,-119.08855,344.2,0.47,0.39,2025-08-31,2041,N,VIIRS,n,2,311.13,10.12,D,0
36.91869,-118.98662,353.54,0.46,0.39,2025-08-31,2041,N,VIIRS,n,2,305.52,10.27,D,0
36.92323,-118.98233,355.33,0.46,0.39,2025-08-31,2041,N,VIIRS,n,2,308.92,21.18,D,0
36.92427,-118.9768,344.47,0.46,0.39,2025-08-31,2041,N,VIIRS,n,2,302.23,165.89,D,0
36.92565,-118.98941,348.71,0.46,0.39,2025-08-31,2041,N,VIIRS,n,2,312.29,21.18,D,0
36.92675,-118.98351,353.61,0.46,0.39,2025-08-31,2041,N,VIIRS,n,2,316.96,21.18,D,0
36.9269,-119.00272,367,0.46,0.39,2025-08-31,2041,N,VIIRS,l,2,327.79,108.39,D,0
36.92739,-119.10032,339.4,0.47,0.39,2025-08-31,2041,N,VIIRS,n,2,307.71,7.2,D,0
36.92781,-118.97782,367,0.46,0.39,2025-08-31,2041,N,VIIRS,h,2,353.26,165.89,D,0
36.92799,-118.99695,367,0.46,0.39,2025-08-31,2041,N,VIIRS,h,2,332.6,108.39,D,0
36.92912,-118.99087,356.3,0.46,0.39,2025-08-31,2041,N,VIIRS,n,2,320.62,302.12,D,0
36.93026,-118.98475,367,0.46,0.39,2025-08-31,2041,N,VIIRS,l,2,333.15,302.12,D,0
36.93132,-118.97906,367,0.46,0.39,2025-08-31,2041,N,VIIRS,l,2,334.08,209.8,D,0
36.93378,-118.98597,367,0.46,0.39,2025-08-31,2041,N,VIIRS,l,2,373.27,302.12,D,0
36.93483,-118.98031,367,0.46,0.39,2025-08-31,2041,N,VIIRS,h,2,347.58,209.8,D,0
36.93629,-119.07271,346.83,0.47,0.39,2025-08-31,2041,N,VIIRS,n,2,307.55,30.91,D,0
36.93932,-118.97626,341.43,0.46,0.39,2025-08-31,2041,N,VIIRS,n,2,293.72,160.37,D,0
36.93936,-119.05626,351.09,0.46,0.39,2025-08-31,2041,N,VIIRS,n,2,307.95,116.66,D,0
36.93991,-119.07343,346.72,0.47,0.39,2025-08-31,2041,N,VIIRS,n,2,302.47,30.91,D,0
36.94091,-119.06804,348.7,0.46,0.39,2025-08-31,2041,N,VIIRS,n,2,303.7,19.33,D,0
36.94116,-118.76698,332.97,0.45,0.39,2025-08-31,2041,N,VIIRS,n,2,302.11,7.73,D,0
36.94225,-119.04074,351.69,0.46,0.39,2025-08-31,2041,N,VIIRS,n,2,305.37,136.18,D,0
36.94294,-119.05715,367,0.46,0.39,2025-08-31,2041,N,VIIRS,h,2,348.94,116.66,D,0
36.94308,-119.01635,356.71,0.46,0.39,2025-08-31,2041,N,VIIRS,n,2,315.24,35.35,D,0
36.94393,-119.05185,367,0.46,0.39,2025-08-31,2041,N,VIIRS,h,2,340.21,116.66,D,0
36.94394,-119.01174,355.12,0.46,0.39,2025-08-31,2041,N,VIIRS,n,2,308.36,35.35,D,0
36.94652,-119.05807,367,0.46,0.39,2025-08-31,2041,N,VIIRS,h,2,334.11,257.47,D,0
36.94675,-119.03674,367,0.46,0.39,2025-08-31,2041,N,VIIRS,l,2,329.31,83.27,D,0
36.94751,-119.05275,367,0.46,0.39,2025-08-31,2041,N,VIIRS,h,2,346.17,257.47,D,0
36.94764,-119.03197,352.8,0.46,0.39,2025-08-31,2041,N,VIIRS,n,2,305.47,83.27,D,0
36.94853,-119.02718,367,0.46,0.39,2025-08-31,2041,N,VIIRS,h,2,309.8,29.33,D,0
36.94943,-119.02242,367,0.46,0.39,2025-08-31,2041,N,VIIRS,h,2,311.89,29.33,D,0
36.95031,-119.03774,367,0.46,0.39,2025-08-31,2041,N,VIIRS,l,2,343.14,251.23,D,0
36.95121,-119.03293,367,0.46,0.39,2025-08-31,2041,N,VIIRS,l,2,333.27,251.23,D,0
36.95211,-119.02811,367,0.46,0.39,2025-08-31,2041,N,VIIRS,h,2,328.75,205.66,D,0
36.95301,-119.02328,367,0.46,0.39,2025-08-31,2041,N,VIIRS,h,2,351.33,205.66,D,0
36.95387,-119.03871,367,0.46,0.39,2025-08-31,2041,N,VIIRS,h,2,338.19,251.23,D,0
36.95568,-119.02907,367,0.46,0.39,2025-08-31,2041,N,VIIRS,h,2,330.29,205.66,D,0
36.95659,-119.02415,367,0.46,0.39,2025-08-31,2041,N,VIIRS,l,2,331.46,205.66,D,0
36.9573,-119.02692,367,0.46,0.39,2025-08-31,2041,N,VIIRS,h,2,359.31,563.06,D,0
38.6382,-122.47065,347.01,0.41,0.45,2025-08-31,2042,N,VIIRS,n,2,321.39,36.82,D,0
40.90778,-122.86188,336.26,0.38,0.43,2025-08-31,2042,N,VIIRS,n,2,302.18,17.38,D,0
40.90883,-122.85691,337.33,0.57,0.43,2025-08-31,2042,N,VIIRS,n,2,299.53,16.59,D,0
41.41567,-123.26003,340.43,0.39,0.44,2025-08-31,2043,N,VIIRS,n,2,298.35,3.67,D,0
41.41936,-123.26253,340.64,0.39,0.44,2025-08-31,2043,N,VIIRS,n,2,298.2,6,D,0
41.42022,-123.278,342.6,0.39,0.44,2025-08-31,2043,N,VIIRS,n,2,300.48,13.15,D,0
41.42044,-123.2575,339.65,0.39,0.44,2025-08-31,2043,N,VIIRS,n,2,299,6.64,D,0
41.42112,-123.27386,356.3,0.39,0.44,2025-08-31,2043,N,VIIRS,n,2,302.12,13.15,D,0
41.42205,-123.26955,348.24,0.39,0.44,2025-08-31,2043,N,VIIRS,n,2,298.96,6,D,0
41.51235,-123.55888,345.72,0.4,0.44,2025-08-31,2043,N,VIIRS,n,2,302.84,8.12,D,0
41.51305,-123.536,367,0.4,0.44,2025-08-31,2043,N,VIIRS,h,2,304.43,9.29,D,0
41.51333,-123.55439,346.91,0.4,0.44,2025-08-31,2043,N,VIIRS,n,2,303.2,8.12,D,0
41.53295,-123.58245,351.9,0.4,0.44,2025-08-31,2043,N,VIIRS,n,2,300.63,12.39,D,0
41.53407,-123.57726,347.6,0.4,0.44,2025-08-31,2043,N,VIIRS,n,2,306.05,12.39,D,0
41.57411,-123.53111,337.51,0.4,0.44,2025-08-31,2043,N,VIIRS,n,2,300.49,6.19,D,0
41.77517,-123.19474,346.67,0.57,0.43,2025-08-31,2043,N,VIIRS,n,2,309.44,23.86,D,0
41.77657,-123.18824,329.3,0.57,0.43,2025-08-31,2043,N,VIIRS,n,2,297.74,8.38,D,0
41.77919,-123.19553,344.06,0.57,0.43,2025-08-31,2043,N,VIIRS,n,2,305.5,23.86,D,0
41.78301,-123.1972,336.4,0.57,0.43,2025-08-31,2043,N,VIIRS,n,2,299.45,5.05,D,0
41.78439,-123.19077,333.24,0.57,0.43,2025-08-31,2043,N,VIIRS,n,2,300.57,9.01,D,0
41.79304,-123.16998,354.22,0.57,0.43,2025-08-31,2043,N,VIIRS,n,2,299.46,16.95,D,0
41.79687,-123.17159,347.94,0.57,0.43,2025-08-31,2043,N,VIIRS,n,2,302.26,16.91,D,0
41.79824,-123.16521,330.56,0.57,0.43,2025-08-31,2043,N,VIIRS,n,2,296.73,16.91,D,0
41.80078,-123.17284,351.55,0.57,0.43,2025-08-31,2043,N,VIIRS,n,2,302.12,16.91,D,0
41.8047,-123.17407,349.17,0.57,0.43,2025-08-31,2043,N,VIIRS,n,2,303.97,50.39,D,0
41.52646,-123.5789,325.18,0.77,0.78,2025-08-31,2223,N,VIIRS,l,2,298.52,8.24,D,0
41.52729,-123.58366,332.47,0.77,0.78,2025-08-31,2223,N,VIIRS,n,2,299.93,11.73,D,0
41.53373,-123.5713,356.9,0.77,0.78,2025-08-31,2223,N,VIIRS,n,2,299.3,8.24,D,0
41.53374,-123.57812,340.43,0.77,0.78,2025-08-31,2223,N,VIIRS,n,2,299.49,8.24,D,0
41.53448,-123.56944,355.35,0.77,0.78,2025-08-31,2223,N,VIIRS,n,2,298.29,17.57,D,0
41.53453,-123.57649,340.33,0.77,0.78,2025-08-31,2223,N,VIIRS,n,2,298.81,11.73,D,0
41.54103,-123.58151,326.26,0.77,0.77,2025-08-31,2223,N,VIIRS,l,2,298.23,4.71,D,0
41.56289,-123.57101,326.08,0.77,0.77,2025-08-31,2223,N,VIIRS,l,2,299.64,2.59,D,0
41.56364,-123.56927,328.18,0.77,0.78,2025-08-31,2223,N,VIIRS,l,2,300.68,7.01,D,0
41.57804,-123.53188,349.46,0.78,0.78,2025-08-31,2223,N,VIIRS,n,2,301,14.6,D,0
40.82074,-114.2585,303.67,0.49,0.49,2025-09-01,900,N,VIIRS,n,2,288.16,1.19,N,2
40.91127,-122.86031,305.45,0.7,0.75,2025-09-01,900,N,VIIRS,n,2,286.48,2.59,N,0
40.91129,-122.86609,311.56,0.7,0.75,2025-09-01,900,N,VIIRS,n,2,286.03,3.59,N,0
40.91306,-122.85809,299.23,0.7,0.75,2025-09-01,900,N,VIIRS,n,2,286.43,1.99,N,0
40.91311,-122.86393,312.33,0.7,0.75,2025-09-01,900,N,VIIRS,n,2,286.9,1.99,N,0
40.91315,-122.87016,295.18,0.7,0.75,2025-09-01,900,N,VIIRS,n,2,284.12,1.51,N,0
41.22948,-120.07845,304.43,0.5,0.66,2025-09-01,900,N,VIIRS,n,2,287.4,1.11,N,0
41.23566,-120.07922,301.6,0.5,0.66,2025-09-01,900,N,VIIRS,n,2,287.78,1.11,N,0
41.40997,-123.29403,298.46,0.73,0.76,2025-09-01,900,N,VIIRS,n,2,285.28,1.86,N,0
41.41495,-123.26183,312.45,0.73,0.76,2025-09-01,900,N,VIIRS,n,2,287.13,3.42,N,0
41.41499,-123.28127,306.57,0.73,0.76,2025-09-01,900,N,VIIRS,n,2,286.62,2.25,N,0
41.41502,-123.30241,307.99,0.73,0.76,2025-09-01,900,N,VIIRS,n,2,287.21,2.25,N,0
41.41711,-123.29681,315.82,0.73,0.76,2025-09-01,900,N,VIIRS,n,2,288.3,1.86,N,0
41.41718,-123.27829,305.71,0.73,0.76,2025-09-01,900,N,VIIRS,n,2,287.6,1.86,N,0
41.41721,-123.26871,301.69,0.73,0.76,2025-09-01,900,N,VIIRS,n,2,287.11,1.72,N,0
41.41723,-123.25985,304.2,0.73,0.76,2025-09-01,900,N,VIIRS,n,2,286.45,1.72,N,0
41.4221,-123.26953,298.14,0.73,0.76,2025-09-01,900,N,VIIRS,n,2,287.5,2.55,N,0
41.42213,-123.27874,318.32,0.73,0.76,2025-09-01,900,N,VIIRS,n,2,288.81,2.55,N,0
41.42214,-123.28761,301.44,0.73,0.76,2025-09-01,900,N,VIIRS,n,2,287.13,3.41,N,0
41.4243,-123.28579,305.49,0.73,0.76,2025-09-01,900,N,VIIRS,n,2,287.27,2.84,N,0
41.42432,-123.27758,307.37,0.73,0.76,2025-09-01,900,N,VIIRS,n,2,288.22,2.88,N,0
41.51005,-123.56651,310.27,0.76,0.77,2025-09-01,900,N,VIIRS,n,2,287.74,6.39,N,0
41.51006,-123.55912,325.12,0.76,0.77,2025-09-01,900,N,VIIRS,n,2,288.67,5.96,N,0
41.51157,-123.56195,331.97,0.76,0.77,2025-09-01,900,N,VIIRS,n,2,289.33,8.31,N,0
41.51161,-123.55409,300.67,0.76,0.77,2025-09-01,900,N,VIIRS,n,2,287.91,2.67,N,0
41.53176,-123.57868,329.01,0.76,0.77,2025-09-01,900,N,VIIRS,n,2,288.29,4.7,N,0
41.53316,-123.58823,316.1,0.76,0.77,2025-09-01,900,N,VIIRS,n,2,287.92,5.31,N,0
41.53326,-123.57124,307.01,0.76,0.77,2025-09-01,900,N,VIIRS,n,2,286.92,3.01,N,0
41.53901,-123.59316,303.58,0.76,0.77,2025-09-01,900,N,VIIRS,n,2,288.17,3.51,N,0
41.54037,-123.59703,312.24,0.76,0.77,2025-09-01,900,N,VIIRS,n,2,288.27,2.5,N,0
41.54625,-123.60298,320.45,0.76,0.77,2025-09-01,900,N,VIIRS,n,2,289.03,3.51,N,0
41.54625,-123.56942,304.62,0.76,0.77,2025-09-01,900,N,VIIRS,n,2,288.02,1.16,N,0
41.54757,-123.60697,302.52,0.76,0.77,2025-09-01,900,N,VIIRS,n,2,287.79,4.54,N,0
41.54762,-123.59624,308.89,0.76,0.77,2025-09-01,900,N,VIIRS,n,2,288,2.5,N,0
41.54772,-123.57528,309.38,0.76,0.77,2025-09-01,900,N,VIIRS,n,2,288.49,2.27,N,0
41.55349,-123.57416,310.23,0.76,0.77,2025-09-01,900,N,VIIRS,n,2,288.38,1.4,N,0
41.55495,-123.57696,310.46,0.76,0.77,2025-09-01,900,N,VIIRS,n,2,288.35,3.43,N,0
41.55498,-123.5696,298.42,0.76,0.77,2025-09-01,900,N,VIIRS,n,2,287.08,1.69,N,0
41.56073,-123.57497,300.99,0.76,0.77,2025-09-01,900,N,VIIRS,n,2,288.69,1.4,N,0
41.56948,-123.56416,301.51,0.76,0.77,2025-09-01,900,N,VIIRS,n,2,288.23,1.73,N,0
41.57516,-123.537,304.43,0.75,0.77,2025-09-01,900,N,VIIRS,n,2,288.18,2,N,0
41.57683,-123.53071,299.88,0.75,0.77,2025-09-01,900,N,VIIRS,n,2,287.86,1.93,N,0
41.77228,-123.20697,305.56,0.73,0.76,2025-09-01,900,N,VIIRS,n,2,287.29,3.63,N,0
41.77531,-123.20799,301.74,0.73,0.76,2025-09-01,900,N,VIIRS,n,2,286.92,1.71,N,0
41.77932,-123.1841,299.13,0.73,0.76,2025-09-01,900,N,VIIRS,n,2,288.03,2.31,N,0
41.78246,-123.17563,299.05,0.73,0.76,2025-09-01,900,N,VIIRS,n,2,288.13,1.99,N,0
41.78955,-123.2194,300.5,0.73,0.76,2025-09-01,900,N,VIIRS,n,2,287.19,1.63,N,0
41.78958,-123.16933,316.17,0.72,0.76,2025-09-01,900,N,VIIRS,n,2,287.47,5.37,N,0
41.78959,-123.17596,299.68,0.73,0.76,2025-09-01,900,N,VIIRS,n,2,287.56,4.59,N,0
41.7967,-123.17654,300.56,0.73,0.76,2025-09-01,900,N,VIIRS,n,2,287.94,4.59,N,0
41.7967,-123.17108,345,0.72,0.76,2025-09-01,900,N,VIIRS,n,2,290.71,5.37,N,0
41.7967,-123.16187,309.54,0.72,0.76,2025-09-01,900,N,VIIRS,n,2,287.02,5.37,N,0
41.80383,-123.18481,342.88,0.73,0.76,2025-09-01,900,N,VIIRS,n,2,289.18,5.02,N,0
41.80383,-123.17675,308.22,0.73,0.76,2025-09-01,900,N,VIIRS,n,2,288.85,5.02,N,0
41.80383,-123.17113,341.37,0.72,0.76,2025-09-01,900,N,VIIRS,n,2,290.43,9.13,N,0
41.81096,-123.18607,303.56,0.73,0.76,2025-09-01,900,N,VIIRS,n,2,288.15,5.02,N,0
38.03156,-119.82772,302.75,0.46,0.64,2025-09-01,901,N,VIIRS,n,2,284.33,0.53,N,0
33.60032,-114.62283,334.34,0.43,0.46,2025-09-01,902,N,VIIRS,n,2,296.02,4.49,N,0
33.61416,-117.82546,304.03,0.32,0.55,2025-09-01,902,N,VIIRS,n,2,289.85,0.41,N,2
33.71617,-117.71156,310.25,0.32,0.55,2025-09-01,902,N,VIIRS,n,2,291.38,0.73,N,2
33.77682,-118.23802,305.57,0.34,0.56,2025-09-01,902,N,VIIRS,n,2,294.34,0.87,N,2
33.77763,-118.23988,305.72,0.34,0.56,2025-09-01,902,N,VIIRS,n,2,294.67,0.92,N,2
33.8196,-118.24477,308.31,0.35,0.56,2025-09-01,902,N,VIIRS,n,2,294.33,1.18,N,2
33.8525,-118.33379,309.85,0.35,0.57,2025-09-01,902,N,VIIRS,n,2,294.66,1.5,N,2
34.04105,-117.82273,303.38,0.33,0.55,2025-09-01,902,N,VIIRS,n,2,291.32,0.38,N,2
34.15322,-118.19403,307.8,0.35,0.56,2025-09-01,902,N,VIIRS,n,2,292.63,0.65,N,2
34.28941,-118.80441,304.83,0.38,0.58,2025-09-01,902,N,VIIRS,n,2,290.89,0.76,N,2
34.32137,-118.51352,301.67,0.36,0.58,2025-09-01,902,N,VIIRS,n,2,291.26,0.11,N,2
34.42929,-118.64741,305.05,0.37,0.58,2025-09-01,902,N,VIIRS,n,2,291.66,0.46,N,2
34.60645,-117.33869,309.48,0.63,0.54,2025-09-01,902,N,VIIRS,n,2,293.19,2.43,N,2
36.35781,-114.9133,314.96,0.48,0.48,2025-09-01,902,N,VIIRS,n,2,291.79,3.25,N,2
36.89914,-119.09016,312.21,0.41,0.61,2025-09-01,902,N,VIIRS,n,2,292.96,0.81,N,0
36.90058,-119.11828,307.74,0.41,0.61,2025-09-01,902,N,VIIRS,n,2,293.86,2.19,N,0
36.90118,-119.02039,367,0.41,0.61,2025-09-01,902,N,VIIRS,h,2,293.62,7.62,N,0
36.90155,-119.02752,303.97,0.41,0.61,2025-09-01,902,N,VIIRS,n,2,289.24,6.29,N,0
36.90532,-119.09954,309.78,0.41,0.61,2025-09-01,902,N,VIIRS,n,2,293.79,1.99,N,0
36.90563,-119.10558,314.94,0.41,0.61,2025-09-01,902,N,VIIRS,n,2,294.55,1.99,N,0
36.91122,-119.10347,308.46,0.41,0.61,2025-09-01,902,N,VIIRS,n,2,295.1,1.99,N,0
36.91144,-119.10764,324.59,0.41,0.61,2025-09-01,902,N,VIIRS,n,2,294.88,5.28,N,0
36.91653,-118.98962,309.44,0.41,0.6,2025-09-01,902,N,VIIRS,n,2,288.23,1.38,N,0
36.91692,-118.99686,310.96,0.41,0.6,2025-09-01,902,N,VIIRS,n,2,289.44,1.38,N,0
36.92189,-118.98397,310.12,0.41,0.6,2025-09-01,902,N,VIIRS,n,2,288.79,4.51,N,0
36.92234,-118.99229,307.57,0.41,0.6,2025-09-01,902,N,VIIRS,n,2,287.98,7.13,N,0
36.92287,-119.0023,306.07,0.41,0.6,2025-09-01,902,N,VIIRS,n,2,289.42,7.13,N,0
36.92325,-119.00932,306.45,0.41,0.61,2025-09-01,902,N,VIIRS,n,2,290.79,8.89,N,0
36.92714,-118.97659,341.61,0.41,0.6,2025-09-01,902,N,VIIRS,n,2,288.91,4.51,N,0
36.92751,-118.98349,335.68,0.41,0.6,2025-09-01,902,N,VIIRS,n,2,291.11,4.51,N,0
36.92814,-118.99498,345.8,0.41,0.6,2025-09-01,902,N,VIIRS,n,2,290.93,7.13,N,0
36.92861,-119.0036,367,0.41,0.6,2025-09-01,902,N,VIIRS,h,2,297.35,7.13,N,0
36.92889,-119.00885,332.42,0.41,0.61,2025-09-01,902,N,VIIRS,n,2,291.95,8.89,N,0
36.9328,-118.97664,350.18,0.41,0.6,2025-09-01,902,N,VIIRS,n,2,290.59,9.03,N,0
36.93314,-118.98296,354.42,0.41,0.6,2025-09-01,902,N,VIIRS,n,2,293.99,9.03,N,0
36.93373,-118.99364,356.5,0.41,0.6,2025-09-01,902,N,VIIRS,n,2,299.11,12.73,N,0
36.93415,-119.10589,324.85,0.41,0.61,2025-09-01,902,N,VIIRS,n,2,292.62,3.68,N,0
36.9342,-119.00224,326.77,0.41,0.6,2025-09-01,902,N,VIIRS,n,2,290.61,12.73,N,0
36.93447,-119.00716,318.61,0.41,0.61,2025-09-01,902,N,VIIRS,n,2,290.27,11.68,N,0
36.93454,-119.11339,331.92,0.41,0.61,2025-09-01,902,N,VIIRS,n,2,294.55,5.94,N,0
36.93795,-118.76908,322.18,0.4,0.6,2025-09-01,902,N,VIIRS,n,2,285.55,1.63,N,0
36.93801,-119.07201,315.32,0.41,0.61,2025-09-01,902,N,VIIRS,n,2,289.65,1.73,N,0
36.93818,-118.773,301.24,0.4,0.6,2025-09-01,902,N,VIIRS,n,2,284.62,1.87,N,0
36.93829,-119.07704,317.24,0.41,0.61,2025-09-01,902,N,VIIRS,n,2,289.31,1.73,N,0
36.93848,-118.9771,323.08,0.41,0.6,2025-09-01,902,N,VIIRS,n,2,287.01,9.03,N,0
36.93879,-118.98283,367,0.41,0.6,2025-09-01,902,N,VIIRS,h,2,293.07,9.03,N,0
36.93924,-118.99098,320.88,0.41,0.6,2025-09-01,902,N,VIIRS,n,2,288.24,12.73,N,0
36.93975,-119.00024,304.04,0.41,0.6,2025-09-01,902,N,VIIRS,n,2,289.12,12.73,N,0
36.94004,-119.00547,340.64,0.41,0.61,2025-09-01,902,N,VIIRS,n,2,292.69,11.68,N,0
36.94025,-119.00928,353.85,0.41,0.61,2025-09-01,902,N,VIIRS,n,2,298.92,11.68,N,0
36.94044,-119.01266,346.18,0.41,0.61,2025-09-01,902,N,VIIRS,n,2,292.31,12.39,N,0
36.94061,-119.01587,302.95,0.41,0.61,2025-09-01,902,N,VIIRS,n,2,289.17,12.39,N,0
36.94079,-119.01908,301.87,0.41,0.61,2025-09-01,902,N,VIIRS,n,2,288.75,1.22,N,0
36.94194,-119.03992,332.03,0.41,0.61,2025-09-01,902,N,VIIRS,n,2,289.19,4.16,N,0
36.94216,-119.04391,341.42,0.41,0.61,2025-09-01,902,N,VIIRS,n,2,290.34,4.16,N,0
36.94241,-119.04839,300.24,0.41,0.61,2025-09-01,902,N,VIIRS,n,2,287.12,3.15,N,0
36.94269,-119.0535,323.7,0.41,0.61,2025-09-01,902,N,VIIRS,n,2,290.89,3.15,N,0
36.94297,-119.05872,335.52,0.41,0.61,2025-09-01,902,N,VIIRS,n,2,292.8,3.78,N,0
36.94328,-119.06419,306.28,0.41,0.61,2025-09-01,902,N,VIIRS,n,2,286.52,3.78,N,0
36.94348,-118.76804,313.27,0.4,0.6,2025-09-01,902,N,VIIRS,n,2,285.44,1.43,N,0
36.9436,-119.07005,306.69,0.41,0.61,2025-09-01,902,N,VIIRS,n,2,287.35,1.73,N,0
36.94369,-118.77159,296.55,0.4,0.6,2025-09-01,902,N,VIIRS,n,2,283.88,1.19,N,0
36.94584,-119.0078,312.88,0.41,0.61,2025-09-01,902,N,VIIRS,n,2,289.29,4.69,N,0
36.94601,-119.01084,331.6,0.41,0.61,2025-09-01,902,N,VIIRS,n,2,290.93,3.29,N,0
36.94618,-119.01398,311.45,0.41,0.61,2025-09-01,902,N,VIIRS,n,2,288.2,3.29,N,0
36.94636,-119.01718,308.64,0.41,0.61,2025-09-01,902,N,VIIRS,n,2,287.71,3.81,N,0
36.94674,-119.02406,303.6,0.41,0.61,2025-09-01,902,N,VIIRS,n,2,287.97,4.35,N,0
36.94694,-119.02767,307.69,0.41,0.61,2025-09-01,902,N,VIIRS,n,2,288.98,4.35,N,0
36.94715,-119.0314,304.67,0.41,0.61,2025-09-01,902,N,VIIRS,n,2,288.7,6.35,N,0
36.94735,-119.03516,308.56,0.41,0.61,2025-09-01,902,N,VIIRS,n,2,290.06,6.35,N,0
36.94757,-119.03901,333.49,0.41,0.61,2025-09-01,902,N,VIIRS,n,2,294.51,14.22,N,0
36.94779,-119.04298,367,0.41,0.61,2025-09-01,902,N,VIIRS,h,2,303.67,14.22,N,0
36.94802,-119.04723,367,0.41,0.61,2025-09-01,902,N,VIIRS,h,2,299.58,34.81,N,0
36.94829,-119.05206,350.62,0.41,0.61,2025-09-01,902,N,VIIRS,n,2,296.76,34.81,N,0
36.94857,-119.05724,367,0.41,0.61,2025-09-01,902,N,VIIRS,h,2,297.41,24,N,0
36.94888,-119.06277,367,0.41,0.61,2025-09-01,902,N,VIIRS,h,2,291.7,24,N,0
36.95159,-119.00942,333.88,0.41,0.61,2025-09-01,902,N,VIIRS,n,2,291.33,3.29,N,0
36.95176,-119.01248,321.87,0.41,0.61,2025-09-01,902,N,VIIRS,n,2,290.46,3.29,N,0
36.95195,-119.01572,322.63,0.41,0.61,2025-09-01,902,N,VIIRS,n,2,290.09,3.81,N,0
36.95215,-119.01942,336.23,0.41,0.61,2025-09-01,902,N,VIIRS,n,2,293.37,3.81,N,0
36.95236,-119.0232,337.96,0.41,0.61,2025-09-01,902,N,VIIRS,n,2,294.26,4.35,N,0
36.95258,-119.02705,342.98,0.41,0.61,2025-09-01,902,N,VIIRS,n,2,296.32,4.35,N,0
36.95279,-119.03091,352.33,0.41,0.61,2025-09-01,902,N,VIIRS,n,2,298.75,6.35,N,0
36.95301,-119.03474,352.87,0.41,0.61,2025-09-01,902,N,VIIRS,n,2,297.92,6.35,N,0
36.95322,-119.03854,343.12,0.41,0.61,2025-09-01,902,N,VIIRS,n,2,295.41,14.22,N,0
36.95343,-119.04234,367,0.41,0.61,2025-09-01,902,N,VIIRS,h,2,301.32,14.22,N,0
36.95364,-119.04625,355.78,0.41,0.61,2025-09-01,902,N,VIIRS,n,2,304.66,34.81,N,0
36.95389,-119.05067,367,0.41,0.61,2025-09-01,902,N,VIIRS,h,2,310.56,34.81,N,0
36.95417,-119.05565,367,0.41,0.61,2025-09-01,902,N,VIIRS,h,2,296.91,24,N,0
36.95449,-119.06148,316.64,0.41,0.61,2025-09-01,902,N,VIIRS,n,2,286.86,24,N,0
36.95481,-119.0674,304.38,0.41,0.61,2025-09-01,902,N,VIIRS,n,2,285.54,6.14,N,0
36.95736,-119.01121,333.65,0.41,0.61,2025-09-01,902,N,VIIRS,n,2,288.8,6.48,N,0
36.95754,-119.01442,356.24,0.41,0.61,2025-09-01,902,N,VIIRS,n,2,294.1,14.01,N,0
36.95775,-119.01815,353.56,0.41,0.61,2025-09-01,902,N,VIIRS,n,2,294.48,14.01,N,0
36.95797,-119.02211,367,0.41,0.61,2025-09-01,902,N,VIIRS,h,2,295.02,12.92,N,0
36.95819,-119.02614,354.35,0.41,0.61,2025-09-01,902,N,VIIRS,n,2,297.79,12.92,N,0
36.95842,-119.0302,352.83,0.41,0.61,2025-09-01,902,N,VIIRS,n,2,297.94,33.86,N,0
36.95864,-119.03409,351.4,0.41,0.61,2025-09-01,902,N,VIIRS,n,2,297.49,33.86,N,0
36.95885,-119.03789,367,0.41,0.61,2025-09-01,902,N,VIIRS,h,2,302.86,65.51,N,0
36.95906,-119.04166,367,0.41,0.61,2025-09-01,902,N,VIIRS,h,2,322.03,65.51,N,0
36.95927,-119.04543,325.08,0.41,0.61,2025-09-01,902,N,VIIRS,n,2,322.43,95.33,N,0
36.9595,-119.04945,343.6,0.41,0.61,2025-09-01,902,N,VIIRS,n,2,317.89,95.33,N,0
36.9596,-119.00906,313.87,0.41,0.61,2025-09-01,902,N,VIIRS,n,2,287.38,5.62,N,0
36.95974,-119.05382,367,0.41,0.61,2025-09-01,902,N,VIIRS,h,2,288.44,27.94,N,0
36.95975,-119.01188,353.64,0.41,0.61,2025-09-01,902,N,VIIRS,n,2,292.07,5.62,N,0
36.95993,-119.01537,367,0.41,0.61,2025-09-01,902,N,VIIRS,h,2,297.94,12.95,N,0
36.96003,-119.05902,329.7,0.41,0.61,2025-09-01,902,N,VIIRS,n,2,285.12,27.94,N,0
36.96012,-119.01915,367,0.41,0.61,2025-09-01,902,N,VIIRS,h,2,296.82,12.95,N,0
36.96033,-119.02319,367,0.41,0.61,2025-09-01,902,N,VIIRS,h,2,294.35,11.75,N,0
36.96035,-119.06477,319.34,0.41,0.61,2025-09-01,902,N,VIIRS,n,2,284.23,1.78,N,0
36.96054,-119.02736,355.11,0.41,0.61,2025-09-01,902,N,VIIRS,n,2,298.05,11.75,N,0
36.9607,-119.07111,311.02,0.41,0.61,2025-09-01,902,N,VIIRS,n,2,284.4,1.78,N,0
36.96074,-119.03142,367,0.41,0.61,2025-09-01,902,N,VIIRS,h,2,301.09,38.97,N,0
36.96094,-119.03529,367,0.41,0.61,2025-09-01,902,N,VIIRS,h,2,301.09,38.97,N,0
36.96112,-119.07865,304.75,0.41,0.61,2025-09-01,902,N,VIIRS,n,2,284.78,1.43,N,0
36.96113,-119.03912,348.91,0.41,0.61,2025-09-01,902,N,VIIRS,n,2,307.58,66.45,N,0
36.96132,-119.0429,367,0.41,0.61,2025-09-01,902,N,VIIRS,h,2,326.89,66.45,N,0
36.96151,-119.04668,346,0.41,0.61,2025-09-01,902,N,VIIRS,n,2,316.31,63.33,N,0
36.96164,-119.08795,300.89,0.41,0.61,2025-09-01,902,N,VIIRS,n,2,286.05,1.43,N,0
36.96172,-119.05067,367,0.41,0.61,2025-09-01,902,N,VIIRS,h,2,298.23,63.33,N,0
36.96194,-119.05525,336.83,0.41,0.61,2025-09-01,902,N,VIIRS,n,2,285.44,7.84,N,0
36.9622,-119.06052,320.88,0.41,0.61,2025-09-01,902,N,VIIRS,n,2,283.82,7.84,N,0
36.96249,-119.06644,313.4,0.41,0.61,2025-09-01,902,N,VIIRS,n,2,283.61,1.32,N,0
36.96282,-119.07307,306.69,0.41,0.61,2025-09-01,902,N,VIIRS,n,2,283.77,1.32,N,0
36.96297,-119.01016,329.93,0.41,0.61,2025-09-01,902,N,VIIRS,n,2,289.15,6.48,N,0
36.96315,-119.01335,367,0.41,0.61,2025-09-01,902,N,VIIRS,h,2,291.96,14.01,N,0
36.9632,-119.08102,300.98,0.41,0.61,2025-09-01,902,N,VIIRS,n,2,284.37,1.36,N,0
36.96335,-119.01692,367,0.41,0.61,2025-09-01,902,N,VIIRS,h,2,295.48,14.01,N,0
36.96357,-119.02085,346.02,0.41,0.61,2025-09-01,902,N,VIIRS,n,2,291.53,12.92,N,0
36.96365,-119.09026,299.16,0.41,0.61,2025-09-01,902,N,VIIRS,n,2,284.99,1.36,N,0
36.9638,-119.02494,346.51,0.41,0.61,2025-09-01,902,N,VIIRS,n,2,292,12.92,N,0
36.96403,-119.02908,356.07,0.41,0.61,2025-09-01,902,N,VIIRS,n,2,300.98,33.86,N,0
36.96405,-119.09864,297.34,0.41,0.61,2025-09-01,902,N,VIIRS,n,2,285.19,1.17,N,0
36.96426,-119.03307,341.89,0.41,0.61,2025-09-01,902,N,VIIRS,n,2,321.02,33.86,N,0
36.96447,-119.03696,367,0.41,0.61,2025-09-01,902,N,VIIRS,h,2,306.55,65.51,N,0
36.96469,-119.04084,354.98,0.41,0.61,2025-09-01,902,N,VIIRS,n,2,313.22,65.51,N,0
36.96491,-119.04469,352.08,0.41,0.61,2025-09-01,902,N,VIIRS,n,2,312.18,95.33,N,0
36.96513,-119.0486,367,0.41,0.61,2025-09-01,902,N,VIIRS,h,2,296.48,95.33,N,0
36.9652,-119.12246,302.41,0.41,0.61,2025-09-01,902,N,VIIRS,n,2,286.34,1.04,N,0
36.96536,-119.05275,318.03,0.41,0.61,2025-09-01,902,N,VIIRS,n,2,285.24,27.94,N,0
36.96537,-119.01086,316.25,0.41,0.61,2025-09-01,902,N,VIIRS,n,2,286.15,5.62,N,0
36.96555,-119.0143,330.47,0.41,0.61,2025-09-01,902,N,VIIRS,n,2,287.5,12.95,N,0
36.96563,-119.05759,308.81,0.41,0.61,2025-09-01,902,N,VIIRS,n,2,283.8,27.94,N,0
36.96574,-119.01798,333.38,0.41,0.61,2025-09-01,902,N,VIIRS,n,2,288.06,12.95,N,0
36.96593,-119.02193,308.86,0.41,0.61,2025-09-01,902,N,VIIRS,n,2,287.75,11.75,N,0
36.96594,-119.06312,304.16,0.41,0.61,2025-09-01,902,N,VIIRS,n,2,283.8,1.78,N,0
36.96614,-119.02598,343.44,0.41,0.61,2025-09-01,902,N,VIIRS,n,2,290.55,11.75,N,0
36.96628,-119.0692,301.46,0.41,0.61,2025-09-01,902,N,VIIRS,n,2,283.45,1.78,N,0
36.96634,-119.02999,355.03,0.41,0.61,2025-09-01,902,N,VIIRS,n,2,297.36,38.97,N,0
36.96655,-119.03403,350.66,0.41,0.61,2025-09-01,902,N,VIIRS,n,2,319.05,38.97,N,0
36.96675,-119.03806,367,0.41,0.61,2025-09-01,902,N,VIIRS,h,2,299.11,66.45,N,0
36.96695,-119.04203,357.04,0.41,0.61,2025-09-01,902,N,VIIRS,n,2,310.58,66.45,N,0
36.96716,-119.04597,367,0.41,0.61,2025-09-01,902,N,VIIRS,h,2,305.27,63.33,N,0
36.96736,-119.05,356.48,0.41,0.61,2025-09-01,902,N,VIIRS,n,2,290.25,63.33,N,0
36.96758,-119.05441,306.95,0.41,0.61,2025-09-01,902,N,VIIRS,n,2,284.69,7.84,N,0
36.96783,-119.05952,302.29,0.41,0.61,2025-09-01,902,N,VIIRS,n,2,283.93,7.84,N,0
36.96807,-119.10125,300.88,0.41,0.61,2025-09-01,902,N,VIIRS,n,2,284.21,2.03,N,0
36.96812,-119.06521,300.32,0.41,0.61,2025-09-01,902,N,VIIRS,n,2,283.68,1.32,N,0
36.96842,-119.0713,297.36,0.41,0.61,2025-09-01,902,N,VIIRS,n,2,283.4,1.32,N,0
36.96849,-119.10891,309.47,0.41,0.61,2025-09-01,902,N,VIIRS,n,2,278.7,1.21,N,0
36.96894,-119.11689,311.34,0.41,0.61,2025-09-01,902,N,VIIRS,n,2,275.46,1.21,N,0
36.9694,-119.02363,302.76,0.41,0.61,2025-09-01,902,N,VIIRS,n,2,286.74,1.94,N,0
36.96954,-119.09436,298.92,0.41,0.61,2025-09-01,902,N,VIIRS,n,2,283.74,1.17,N,0
36.96984,-119.03146,352.93,0.41,0.61,2025-09-01,902,N,VIIRS,n,2,292.62,24.54,N,0
36.96999,-119.10355,317.46,0.41,0.61,2025-09-01,902,N,VIIRS,n,2,278.59,1.17,N,0
36.97007,-119.03557,367,0.41,0.61,2025-09-01,902,N,VIIRS,h,2,301.98,27.79,N,0
36.97031,-119.03975,357.33,0.41,0.61,2025-09-01,902,N,VIIRS,n,2,292.98,27.79,N,0
36.97034,-119.11089,306.08,0.41,0.61,2025-09-01,902,N,VIIRS,n,2,270.23,1.04,N,0
36.97054,-119.04388,367,0.41,0.61,2025-09-01,902,N,VIIRS,h,2,294.07,14.45,N,0
36.97074,-119.1191,302.29,0.41,0.61,2025-09-01,902,N,VIIRS,n,2,268.44,1.04,N,0
36.97077,-119.04796,367,0.41,0.61,2025-09-01,902,N,VIIRS,h,2,290.86,14.45,N,0
36.971,-119.05212,302.13,0.41,0.61,2025-09-01,902,N,VIIRS,n,2,284.59,5.16,N,0
36.97215,-119.03255,354.2,0.41,0.61,2025-09-01,902,N,VIIRS,n,2,293.13,18.14,N,0
36.97236,-119.03674,367,0.41,0.61,2025-09-01,902,N,VIIRS,h,2,291.06,11.08,N,0
36.97258,-119.04096,303.05,0.41,0.61,2025-09-01,902,N,VIIRS,n,2,286.18,11.08,N,0
36.97279,-119.04514,300.57,0.41,0.61,2025-09-01,902,N,VIIRS,n,2,285.21,1.16,N,0
36.973,-119.04929,298.52,0.41,0.61,2025-09-01,902,N,VIIRS,n,2,284.87,1.16,N,0
36.97322,-119.05367,296.28,0.41,0.61,2025-09-01,902,N,VIIRS,n,2,284.2,1.24,N,0
36.97349,-119.09642,317.41,0.41,0.61,2025-09-01,902,N,VIIRS,n,2,276.53,1.09,N,0
36.974,-119.10542,313.45,0.41,0.61,2025-09-01,902,N,VIIRS,n,2,270.27,1.12,N,0
36.975,-119.08933,301.76,0.41,0.61,2025-09-01,902,N,VIIRS,n,2,279.05,1.09,N,0
36.97544,-119.09839,311.04,0.41,0.61,2025-09-01,902,N,VIIRS,n,2,271.39,1.09,N,0
36.97587,-119.10725,298.99,0.41,0.61,2025-09-01,902,N,VIIRS,n,2,268.28,0.24,N,0
36.97893,-119.09187,304.19,0.41,0.61,2025-09-01,902,N,VIIRS,n,2,272.42,1.09,N,0
36.98041,-119.11809,299.22,0.41,0.61,2025-09-01,902,N,VIIRS,n,2,272.69,0.54,N,0
36.98138,-119.10333,296.25,0.41,0.61,2025-09-01,902,N,VIIRS,n,2,275.82,0.24,N,0
36.98222,-119.12037,296.42,0.42,0.61,2025-09-01,902,N,VIIRS,n,2,276.63,0.58,N,0
40.82193,-114.25794,309.05,0.59,0.7,2025-09-01,1040,N,VIIRS,n,2,284.78,1.51,N,2
40.90736,-122.85847,303.95,0.45,0.47,2025-09-01,1041,N,VIIRS,n,2,288.38,1.6,N,0
40.90906,-122.86578,300.3,0.45,0.47,2025-09-01,1041,N,VIIRS,n,2,283.99,0.83,N,0
40.91184,-122.85814,299.43,0.45,0.47,2025-09-01,1041,N,VIIRS,n,2,287.06,1.26,N,0
40.91327,-122.86431,318.04,0.45,0.47,2025-09-01,1041,N,VIIRS,n,2,286.18,1.24,N,0
41.22702,-120.07648,296.87,0.61,0.53,2025-09-01,1041,N,VIIRS,n,2,284.41,0.8,N,0
41.41381,-123.278,328.76,0.42,0.45,2025-09-01,1041,N,VIIRS,n,2,290.6,3.61,N,0
41.41436,-123.26113,310.64,0.42,0.45,2025-09-01,1041,N,VIIRS,n,2,287.41,0.77,N,0
41.4147,-123.28192,337.56,0.42,0.45,2025-09-01,1041,N,VIIRS,n,2,289.84,3.61,N,0
41.41559,-123.28581,308.36,0.42,0.45,2025-09-01,1041,N,VIIRS,n,2,287.4,2.61,N,0
41.41756,-123.27518,306.31,0.42,0.45,2025-09-01,1041,N,VIIRS,n,2,288.44,3.67,N,0
41.41825,-123.25885,298.84,0.42,0.45,2025-09-01,1041,N,VIIRS,n,2,286.31,0.77,N,0
41.41855,-123.27948,330.86,0.42,0.45,2025-09-01,1041,N,VIIRS,n,2,290.77,3.67,N,0
41.4192,-123.26303,317.84,0.42,0.45,2025-09-01,1041,N,VIIRS,n,2,288.75,3,N,0
41.41955,-123.28389,337.83,0.42,0.45,2025-09-01,1041,N,VIIRS,n,2,290.77,6.74,N,0
41.42227,-123.27647,326.7,0.42,0.45,2025-09-01,1041,N,VIIRS,n,2,290.97,3.67,N,0
41.42332,-123.28113,338.17,0.42,0.45,2025-09-01,1041,N,VIIRS,n,2,290.97,6.74,N,0
41.42601,-123.27357,318.29,0.42,0.45,2025-09-01,1041,N,VIIRS,n,2,289.63,2.43,N,0
41.51218,-123.55853,323.07,0.41,0.45,2025-09-01,1041,N,VIIRS,n,2,288.95,2.66,N,0
41.51344,-123.56413,367,0.41,0.45,2025-09-01,1041,N,VIIRS,h,2,291.99,9.61,N,0
41.51545,-123.53432,303.35,0.41,0.45,2025-09-01,1041,N,VIIRS,n,2,288.45,1.46,N,0
41.51777,-123.56415,304.61,0.41,0.45,2025-09-01,1041,N,VIIRS,n,2,288.94,0.64,N,0
41.51905,-123.56989,301.43,0.41,0.45,2025-09-01,1041,N,VIIRS,n,2,288.23,0.64,N,0
41.52633,-123.58312,314.61,0.4,0.45,2025-09-01,1041,N,VIIRS,n,2,288.99,1.66,N,0
41.53256,-123.57226,309.47,0.41,0.45,2025-09-01,1041,N,VIIRS,n,2,287.17,1.72,N,0
41.53436,-123.58032,309.27,0.4,0.45,2025-09-01,1041,N,VIIRS,n,2,289.9,1.76,N,0
41.53529,-123.58453,317.61,0.4,0.45,2025-09-01,1041,N,VIIRS,n,2,289.09,1.76,N,0
41.53729,-123.57407,321.01,0.41,0.45,2025-09-01,1041,N,VIIRS,n,2,290.36,2.82,N,0
41.5382,-123.57815,317.07,0.4,0.45,2025-09-01,1041,N,VIIRS,n,2,290.36,2.34,N,0
41.53917,-123.58248,328,0.4,0.45,2025-09-01,1041,N,VIIRS,n,2,289.71,2.34,N,0
41.54576,-123.57324,318,0.4,0.45,2025-09-01,1041,N,VIIRS,n,2,288.67,1.53,N,0
41.5464,-123.5956,305.29,0.4,0.45,2025-09-01,1041,N,VIIRS,n,2,287.66,0.88,N,0
41.5496,-123.57104,308.74,0.4,0.45,2025-09-01,1041,N,VIIRS,n,2,289.05,1.53,N,0
41.55063,-123.57568,307.45,0.4,0.45,2025-09-01,1041,N,VIIRS,n,2,287.92,1.53,N,0
41.55347,-123.56895,298.82,0.4,0.45,2025-09-01,1041,N,VIIRS,n,2,288.75,1.77,N,0
41.55447,-123.57348,334.54,0.4,0.45,2025-09-01,1041,N,VIIRS,n,2,290.34,1.77,N,0
41.55837,-123.57153,303.02,0.4,0.45,2025-09-01,1041,N,VIIRS,n,2,289.13,1.77,N,0
41.55957,-123.57699,314.66,0.4,0.45,2025-09-01,1041,N,VIIRS,n,2,288.36,1.77,N,0
41.56228,-123.56968,306.38,0.4,0.45,2025-09-01,1041,N,VIIRS,n,2,289.16,1.34,N,0
41.56946,-123.56992,307.8,0.4,0.45,2025-09-01,1041,N,VIIRS,n,2,288.32,1.35,N,0
41.57121,-123.57095,315.04,0.4,0.45,2025-09-01,1041,N,VIIRS,n,2,288.3,1,N,0
41.57339,-123.56818,316.35,0.4,0.45,2025-09-01,1041,N,VIIRS,n,2,290.03,1.35,N,0
41.57515,-123.56923,304.86,0.4,0.45,2025-09-01,1041,N,VIIRS,n,2,289.1,1,N,0
41.57749,-123.52879,301.65,0.41,0.45,2025-09-01,1041,N,VIIRS,n,2,288.46,0.82,N,0
41.57853,-123.53339,308.36,0.41,0.45,2025-09-01,1041,N,VIIRS,n,2,288.79,0.82,N,0
41.76755,-123.19138,308.26,0.42,0.45,2025-09-01,1041,N,VIIRS,n,2,286.32,3.14,N,0
41.77047,-123.18488,300.61,0.42,0.45,2025-09-01,1041,N,VIIRS,n,2,287.3,3.14,N,0
41.77155,-123.18966,350.45,0.42,0.45,2025-09-01,1041,N,VIIRS,n,2,291.51,3.14,N,0
41.77255,-123.19411,367,0.42,0.45,2025-09-01,1041,N,VIIRS,h,2,293.75,9.4,N,0
41.77354,-123.19849,332.57,0.42,0.45,2025-09-01,1041,N,VIIRS,n,2,287.3,9.4,N,0
41.77671,-123.19313,298.84,0.42,0.45,2025-09-01,1041,N,VIIRS,n,2,285.49,1.78,N,0
41.77783,-123.19806,303.61,0.42,0.45,2025-09-01,1041,N,VIIRS,n,2,286.12,1.78,N,0
41.77932,-123.18522,298.91,0.42,0.45,2025-09-01,1041,N,VIIRS,n,2,288.62,1,N,0
41.78189,-123.19664,333.08,0.42,0.45,2025-09-01,1041,N,VIIRS,n,2,286.65,1.78,N,0
41.7847,-123.18964,334.59,0.42,0.45,2025-09-01,1041,N,VIIRS,n,2,287.06,6.21,N,0
41.78586,-123.19479,367,0.42,0.45,2025-09-01,1041,N,VIIRS,h,2,293.82,6.21,N,0
41.78867,-123.18777,307.19,0.42,0.45,2025-09-01,1041,N,VIIRS,n,2,284.98,6.21,N,0
41.78954,-123.1721,303.06,0.42,0.45,2025-09-01,1041,N,VIIRS,n,2,287.27,1.24,N,0
41.79095,-123.17842,303.88,0.42,0.45,2025-09-01,1041,N,VIIRS,n,2,287.11,1.24,N,0
41.79348,-123.17008,300.81,0.42,0.45,2025-09-01,1041,N,VIIRS,n,2,287.57,1.24,N,0
41.79479,-123.17593,323.02,0.42,0.45,2025-09-01,1041,N,VIIRS,n,2,289.04,1.24,N,0
41.7974,-123.16798,328.2,0.42,0.45,2025-09-01,1041,N,VIIRS,n,2,288.9,3.53,N,0
41.79867,-123.17365,325.4,0.42,0.45,2025-09-01,1041,N,VIIRS,n,2,289.16,3.53,N,0
41.80005,-123.17979,339.57,0.42,0.45,2025-09-01,1041,N,VIIRS,n,2,287.76,6.03,N,0
41.80116,-123.18475,339.17,0.42,0.45,2025-09-01,1041,N,VIIRS,n,2,288.23,6.03,N,0
41.80139,-123.16621,314.59,0.42,0.45,2025-09-01,1041,N,VIIRS,n,2,288.77,3.53,N,0
41.80259,-123.17158,343.52,0.42,0.45,2025-09-01,1041,N,VIIRS,n,2,291.43,3.53,N,0
41.80396,-123.17771,316.78,0.42,0.45,2025-09-01,1041,N,VIIRS,n,2,289.21,6.03,N,0
41.80511,-123.18285,339.52,0.42,0.45,2025-09-01,1041,N,VIIRS,n,2,291.6,6.03,N,0
41.80907,-123.18092,326.31,0.42,0.45,2025-09-01,1041,N,VIIRS,n,2,288.73,3.17,N,0
34.60561,-117.33913,306.49,0.63,0.72,2025-09-01,1042,N,VIIRS,n,2,290.35,1.72,N,2
34.6089,-117.33582,313.02,0.63,0.72,2025-09-01,1042,N,VIIRS,n,2,291.55,2.36,N,2
34.62225,-117.10233,301.41,0.64,0.72,2025-09-01,1042,N,VIIRS,n,2,290.87,1.02,N,2
36.89876,-119.12223,304.35,0.44,0.62,2025-09-01,1042,N,VIIRS,n,2,293.35,1.29,N,0
36.89988,-119.01349,304.5,0.45,0.63,2025-09-01,1042,N,VIIRS,n,2,288.74,2.96,N,0
36.90088,-119.01707,321.57,0.45,0.63,2025-09-01,1042,N,VIIRS,n,2,290.82,2.96,N,0
36.90178,-119.02028,367,0.45,0.63,2025-09-01,1042,N,VIIRS,h,2,293.72,6.62,N,0
36.9027,-119.0236,301.4,0.45,0.63,2025-09-01,1042,N,VIIRS,n,2,288.84,6.62,N,0
36.9046,-119.11898,306.93,0.44,0.62,2025-09-01,1042,N,VIIRS,n,2,293.4,2.74,N,0
36.90556,-119.03383,303.19,0.44,0.63,2025-09-01,1042,N,VIIRS,n,2,290.78,1,N,0
36.90841,-119.11052,318.33,0.44,0.62,2025-09-01,1042,N,VIIRS,n,2,294.46,4.07,N,0
36.91304,-119.10499,330.71,0.44,0.62,2025-09-01,1042,N,VIIRS,n,2,294.93,4.66,N,0
36.91327,-118.99482,302.2,0.45,0.63,2025-09-01,1042,N,VIIRS,n,2,286.93,1.1,N,0
36.91748,-118.98765,315.4,0.45,0.63,2025-09-01,1042,N,VIIRS,n,2,287.8,1.31,N,0
36.91845,-118.99112,302.06,0.45,0.63,2025-09-01,1042,N,VIIRS,n,2,287.19,1.31,N,0
36.92273,-119.00648,304.4,0.45,0.63,2025-09-01,1042,N,VIIRS,n,2,290.31,8.35,N,0
36.92296,-118.98505,304.55,0.45,0.63,2025-09-01,1042,N,VIIRS,n,2,287.65,1.31,N,0
36.92381,-119.01038,308.59,0.45,0.63,2025-09-01,1042,N,VIIRS,n,2,291.21,8.35,N,0
36.92554,-118.99432,301.94,0.45,0.63,2025-09-01,1042,N,VIIRS,n,2,288.47,2.15,N,0
36.92636,-118.99726,309.82,0.45,0.63,2025-09-01,1042,N,VIIRS,n,2,289.93,3.52,N,0
36.92659,-118.97579,337.48,0.45,0.63,2025-09-01,1042,N,VIIRS,n,2,289,5.5,N,0
36.92723,-119.00039,321.48,0.45,0.63,2025-09-01,1042,N,VIIRS,n,2,291.1,3.52,N,0
36.92775,-118.97997,333.33,0.45,0.63,2025-09-01,1042,N,VIIRS,n,2,290.06,5.5,N,0
36.9282,-119.0039,367,0.45,0.63,2025-09-01,1042,N,VIIRS,h,2,294.91,8.35,N,0
36.92866,-118.98323,312.06,0.45,0.63,2025-09-01,1042,N,VIIRS,n,2,287.73,7.15,N,0
36.92941,-119.00823,367,0.45,0.63,2025-09-01,1042,N,VIIRS,h,2,297.99,8.35,N,0
36.92953,-118.98637,302.79,0.45,0.63,2025-09-01,1042,N,VIIRS,n,2,288,7.15,N,0
36.92982,-119.09885,307.57,0.44,0.62,2025-09-01,1042,N,VIIRS,n,2,292.69,2.1,N,0
36.93037,-118.9894,318.9,0.45,0.63,2025-09-01,1042,N,VIIRS,n,2,289.76,33.28,N,0
36.93058,-119.1016,321.4,0.44,0.62,2025-09-01,1042,N,VIIRS,n,2,293,17.94,N,0
36.93118,-118.9923,344.94,0.45,0.63,2025-09-01,1042,N,VIIRS,n,2,301.88,33.28,N,0
36.93161,-119.10529,349.38,0.44,0.62,2025-09-01,1042,N,VIIRS,n,2,296.53,17.94,N,0
36.932,-118.99529,367,0.45,0.63,2025-09-01,1042,N,VIIRS,h,2,299.13,39.56,N,0
36.93203,-118.97306,323.19,0.45,0.63,2025-09-01,1042,N,VIIRS,n,2,287.59,5.5,N,0
36.9328,-119.10958,367,0.44,0.62,2025-09-01,1042,N,VIIRS,h,2,301.91,49.32,N,0
36.93293,-118.9986,319.48,0.45,0.63,2025-09-01,1042,N,VIIRS,n,2,290.31,39.56,N,0
36.93327,-118.97751,348.94,0.45,0.63,2025-09-01,1042,N,VIIRS,n,2,291.39,5.5,N,0
36.93395,-119.00229,322.55,0.45,0.63,2025-09-01,1042,N,VIIRS,n,2,291.21,3.34,N,0
36.93428,-118.98119,339.9,0.45,0.63,2025-09-01,1042,N,VIIRS,n,2,291.37,7.15,N,0
36.93527,-118.98475,352.78,0.45,0.63,2025-09-01,1042,N,VIIRS,n,2,291.96,7.15,N,0
36.93585,-119.09838,321.82,0.44,0.62,2025-09-01,1042,N,VIIRS,n,2,291.13,3.86,N,0
36.93599,-119.07666,300.44,0.44,0.62,2025-09-01,1042,N,VIIRS,n,2,287.07,0.96,N,0
36.93621,-118.98812,348.69,0.45,0.63,2025-09-01,1042,N,VIIRS,n,2,292.09,33.28,N,0
36.93691,-119.10219,354.9,0.44,0.62,2025-09-01,1042,N,VIIRS,n,2,295.06,9.29,N,0
36.93705,-118.99112,350.83,0.45,0.63,2025-09-01,1042,N,VIIRS,n,2,307.92,33.28,N,0
36.93791,-118.99423,322.75,0.45,0.63,2025-09-01,1042,N,VIIRS,n,2,288.83,39.56,N,0
36.93797,-119.106,350.38,0.44,0.62,2025-09-01,1042,N,VIIRS,n,2,293.34,9.29,N,0
36.93857,-118.97427,318.66,0.45,0.63,2025-09-01,1042,N,VIIRS,n,2,285.29,2.96,N,0
36.93894,-119.10951,328.12,0.44,0.62,2025-09-01,1042,N,VIIRS,n,2,291.49,7.46,N,0
36.93902,-118.97273,302.26,0.45,0.63,2025-09-01,1042,N,VIIRS,n,2,283.22,2.43,N,0
36.93976,-118.97858,345.51,0.45,0.63,2025-09-01,1042,N,VIIRS,n,2,287.58,5.16,N,0
36.94026,-118.9771,324.62,0.45,0.63,2025-09-01,1042,N,VIIRS,n,2,284.76,2.43,N,0
36.94069,-119.07137,328.99,0.44,0.63,2025-09-01,1042,N,VIIRS,n,2,291.16,3.64,N,0
36.9409,-118.98267,319.72,0.45,0.63,2025-09-01,1042,N,VIIRS,n,2,282.39,5.16,N,0
36.9411,-119.00576,305.91,0.45,0.63,2025-09-01,1042,N,VIIRS,n,2,289.1,3.34,N,0
36.94143,-118.98128,329.52,0.45,0.63,2025-09-01,1042,N,VIIRS,n,2,280.63,3.45,N,0
36.9417,-119.05273,314.74,0.44,0.63,2025-09-01,1042,N,VIIRS,n,2,290.36,2.92,N,0
36.94264,-119.03381,301.18,0.44,0.63,2025-09-01,1042,N,VIIRS,n,2,288.55,4.85,N,0
36.94271,-118.76453,295.64,0.46,0.63,2025-09-01,1042,N,VIIRS,n,2,285.08,0.99,N,0
36.94296,-119.05727,328.92,0.44,0.63,2025-09-01,1042,N,VIIRS,n,2,290.99,3.32,N,0
36.94376,-119.0154,310.57,0.44,0.63,2025-09-01,1042,N,VIIRS,n,2,287.54,3,N,0
36.94382,-118.99323,302.05,0.45,0.63,2025-09-01,1042,N,VIIRS,n,2,274.37,1.3,N,0
36.94421,-119.06181,309.78,0.44,0.63,2025-09-01,1042,N,VIIRS,n,2,286.82,3.32,N,0
36.94455,-119.04069,334.09,0.44,0.63,2025-09-01,1042,N,VIIRS,n,2,291.34,4.85,N,0
36.94474,-118.99657,308.91,0.45,0.63,2025-09-01,1042,N,VIIRS,n,2,280.69,1.3,N,0
36.94549,-118.99562,311.19,0.45,0.63,2025-09-01,1042,N,VIIRS,n,2,273.86,1.73,N,0
36.94571,-119.00004,305.44,0.45,0.63,2025-09-01,1042,N,VIIRS,n,2,284.24,2.05,N,0
36.94612,-119.0464,341.15,0.44,0.63,2025-09-01,1042,N,VIIRS,n,2,289.81,14.6,N,0
36.94628,-119.02458,312.02,0.44,0.63,2025-09-01,1042,N,VIIRS,n,2,287.65,3,N,0
36.94645,-118.99902,306.53,0.45,0.63,2025-09-01,1042,N,VIIRS,n,2,282.43,1.73,N,0
36.94679,-119.00396,311.05,0.45,0.63,2025-09-01,1042,N,VIIRS,n,2,285.13,2.05,N,0
36.94745,-119.00256,309.43,0.44,0.63,2025-09-01,1042,N,VIIRS,n,2,284.07,3.04,N,0
36.94747,-119.05128,334.03,0.44,0.63,2025-09-01,1042,N,VIIRS,n,2,293.25,14.6,N,0
36.94821,-119.03158,321.59,0.44,0.63,2025-09-01,1042,N,VIIRS,n,2,288.99,4.85,N,0
36.94874,-119.05589,367,0.44,0.63,2025-09-01,1042,N,VIIRS,h,2,298.15,20.32,N,0
36.94974,-119.01469,320.32,0.44,0.63,2025-09-01,1042,N,VIIRS,n,2,285.52,5.13,N,0
36.94994,-119.06023,367,0.44,0.63,2025-09-01,1042,N,VIIRS,h,2,294.12,20.32,N,0
36.94997,-119.03797,339.02,0.44,0.63,2025-09-01,1042,N,VIIRS,n,2,293,4.85,N,0
36.95016,-119.01215,316.06,0.44,0.63,2025-09-01,1042,N,VIIRS,n,2,285.11,3.04,N,0
36.95074,-118.99588,316.72,0.45,0.63,2025-09-01,1042,N,VIIRS,n,2,271.82,1.3,N,0
36.9515,-118.99493,313.64,0.45,0.63,2025-09-01,1042,N,VIIRS,n,2,269.79,1.73,N,0
36.95168,-119.04417,367,0.44,0.63,2025-09-01,1042,N,VIIRS,h,2,298.57,14.6,N,0
36.95168,-118.99927,308.5,0.45,0.63,2025-09-01,1042,N,VIIRS,n,2,281.28,2.05,N,0
36.95179,-119.02216,332.23,0.44,0.63,2025-09-01,1042,N,VIIRS,n,2,288.07,5.13,N,0
36.95241,-119.0201,329.94,0.44,0.63,2025-09-01,1042,N,VIIRS,n,2,287.31,7.64,N,0
36.95245,-118.9983,310.81,0.45,0.63,2025-09-01,1042,N,VIIRS,n,2,278.47,1.73,N,0
36.95279,-119.00329,309.33,0.45,0.63,2025-09-01,1042,N,VIIRS,n,2,283.85,2.05,N,0
36.9532,-119.04969,367,0.44,0.63,2025-09-01,1042,N,VIIRS,h,2,302.68,14.6,N,0
36.9535,-119.00203,306.12,0.44,0.63,2025-09-01,1042,N,VIIRS,n,2,283.2,3.04,N,0
36.95356,-119.02859,340.6,0.44,0.63,2025-09-01,1042,N,VIIRS,n,2,290.84,10.75,N,0
36.95423,-119.02654,337.67,0.44,0.63,2025-09-01,1042,N,VIIRS,n,2,290,7.64,N,0
36.95453,-119.05453,367,0.44,0.63,2025-09-01,1042,N,VIIRS,h,2,298.72,20.32,N,0
36.95465,-118.98766,301.87,0.45,0.63,2025-09-01,1042,N,VIIRS,n,2,274.59,1.5,N,0
36.95529,-118.98636,302.1,0.45,0.63,2025-09-01,1042,N,VIIRS,n,2,276.28,1.31,N,0
36.9553,-119.03491,349.58,0.44,0.63,2025-09-01,1042,N,VIIRS,n,2,292.8,10.75,N,0
36.95552,-119.01326,321.22,0.44,0.63,2025-09-01,1042,N,VIIRS,n,2,286.06,5.13,N,0
36.95562,-118.99116,309.35,0.45,0.63,2025-09-01,1042,N,VIIRS,n,2,273.03,1.5,N,0
36.95576,-119.01005,318.71,0.44,0.63,2025-09-01,1042,N,VIIRS,n,2,284.95,3.04,N,0
36.95599,-119.03278,346.07,0.44,0.63,2025-09-01,1042,N,VIIRS,n,2,291.86,17.29,N,0
36.95628,-118.9899,303.7,0.45,0.63,2025-09-01,1042,N,VIIRS,n,2,272.7,1.31,N,0
36.95648,-118.99427,311.88,0.45,0.63,2025-09-01,1042,N,VIIRS,n,2,277.18,1.5,N,0
36.95712,-119.04151,354.15,0.44,0.63,2025-09-01,1042,N,VIIRS,n,2,298.06,43.32,N,0
36.95716,-118.993,312.06,0.45,0.63,2025-09-01,1042,N,VIIRS,n,2,274.99,1.56,N,0
36.95741,-118.99763,303.74,0.45,0.63,2025-09-01,1042,N,VIIRS,n,2,281.93,2.11,N,0
36.95746,-119.02029,339.72,0.44,0.63,2025-09-01,1042,N,VIIRS,n,2,288.76,5.13,N,0
36.95782,-119.03925,367,0.44,0.63,2025-09-01,1042,N,VIIRS,h,2,295.02,17.29,N,0
36.9581,-118.99634,306.51,0.45,0.63,2025-09-01,1042,N,VIIRS,n,2,279.92,1.56,N,0
36.95813,-119.01844,342.76,0.44,0.63,2025-09-01,1042,N,VIIRS,n,2,288.35,7.64,N,0
36.9585,-119.00158,303.36,0.45,0.63,2025-09-01,1042,N,VIIRS,n,2,283.04,2.11,N,0
36.95886,-119.04784,342.49,0.44,0.63,2025-09-01,1042,N,VIIRS,n,2,315.15,43.32,N,0
36.95911,-119.02631,343.95,0.44,0.63,2025-09-01,1042,N,VIIRS,n,2,290.59,10.75,N,0
36.95917,-119.00013,301.05,0.44,0.63,2025-09-01,1042,N,VIIRS,n,2,282.89,2.74,N,0
36.95967,-119.0458,336.93,0.44,0.63,2025-09-01,1042,N,VIIRS,n,2,309.21,40.91,N,0
36.95986,-119.02456,341.23,0.44,0.63,2025-09-01,1042,N,VIIRS,n,2,289.16,7.64,N,0
36.9604,-119.05346,350.31,0.44,0.63,2025-09-01,1042,N,VIIRS,n,2,288.21,34.08,N,0
36.96078,-119.03237,345.94,0.44,0.63,2025-09-01,1042,N,VIIRS,n,2,292.28,10.75,N,0
36.96087,-119.01022,328.5,0.44,0.63,2025-09-01,1042,N,VIIRS,n,2,285.22,5.78,N,0
36.96091,-119.00633,307.97,0.44,0.63,2025-09-01,1042,N,VIIRS,n,2,283.74,2.74,N,0
36.96134,-119.05176,367,0.44,0.63,2025-09-01,1042,N,VIIRS,h,2,297.61,40.91,N,0
36.9615,-119.03037,347.66,0.44,0.63,2025-09-01,1042,N,VIIRS,n,2,291.7,17.29,N,0
36.96185,-118.99128,300.8,0.45,0.63,2025-09-01,1042,N,VIIRS,n,2,280.37,1.5,N,0
36.96253,-118.99005,297.89,0.45,0.63,2025-09-01,1042,N,VIIRS,n,2,279.32,1.56,N,0
36.96256,-119.03885,367,0.44,0.63,2025-09-01,1042,N,VIIRS,h,2,298.49,43.32,N,0
36.96276,-119.05677,296.27,0.44,0.63,2025-09-01,1042,N,VIIRS,n,2,284.91,20.6,N,0
36.96318,-119.01863,338.67,0.44,0.63,2025-09-01,1042,N,VIIRS,n,2,286.97,5.78,N,0
36.9633,-119.03678,367,0.44,0.63,2025-09-01,1042,N,VIIRS,h,2,295.55,17.29,N,0
36.96382,-119.01663,338.03,0.44,0.63,2025-09-01,1042,N,VIIRS,n,2,286.3,5.12,N,0
36.96435,-119.04537,367,0.44,0.63,2025-09-01,1042,N,VIIRS,h,2,301.34,43.32,N,0
36.96484,-119.0247,325.6,0.44,0.63,2025-09-01,1042,N,VIIRS,n,2,286.48,9.09,N,0
36.96513,-119.04327,367,0.44,0.63,2025-09-01,1042,N,VIIRS,h,2,300.99,40.91,N,0
36.96561,-119.02299,312.9,0.44,0.63,2025-09-01,1042,N,VIIRS,n,2,284.53,5.12,N,0
36.96598,-119.05132,332.34,0.44,0.63,2025-09-01,1042,N,VIIRS,n,2,288.56,34.08,N,0
36.96653,-119.03085,367,0.44,0.63,2025-09-01,1042,N,VIIRS,h,2,291.76,9.09,N,0
36.96685,-119.04935,367,0.44,0.63,2025-09-01,1042,N,VIIRS,h,2,294.84,40.91,N,0
36.96734,-119.02914,332.01,0.44,0.63,2025-09-01,1042,N,VIIRS,n,2,287.42,10.54,N,0
36.96822,-119.037,367,0.44,0.63,2025-09-01,1042,N,VIIRS,h,2,293.52,12.36,N,0
36.96906,-119.03522,367,0.44,0.63,2025-09-01,1042,N,VIIRS,h,2,295.96,10.54,N,0
36.96986,-119.04298,339.35,0.44,0.63,2025-09-01,1042,N,VIIRS,n,2,289.64,12.36,N,0
36.97073,-119.04115,319.47,0.44,0.63,2025-09-01,1042,N,VIIRS,n,2,286.74,9.08,N,0
36.97146,-119.04881,330.92,0.44,0.63,2025-09-01,1042,N,VIIRS,n,2,287.32,7.01,N,0
36.97233,-119.04688,325.78,0.44,0.63,2025-09-01,1042,N,VIIRS,n,2,286.44,9.08,N,0
36.97233,-119.02952,305.74,0.44,0.63,2025-09-01,1042,N,VIIRS,n,2,283.92,9.09,N,0
36.97393,-119.03535,317.96,0.44,0.63,2025-09-01,1042,N,VIIRS,n,2,284.63,12.36,N,0
36.97478,-119.0336,304.55,0.44,0.63,2025-09-01,1042,N,VIIRS,n,2,283.01,10.54,N,0
38.02971,-119.82372,312.1,0.38,0.59,2025-09-01,1042,N,VIIRS,n,2,285.46,1.1,N,0
38.07135,-122.13971,305.81,0.57,0.52,2025-09-01,1042,N,VIIRS,n,2,294.57,1.48,N,2
32.35782,-115.10049,349.75,0.4,0.44,2025-09-01,2021,N,VIIRS,n,2,309.46,6.09,D,0
32.36183,-115.10162,348.41,0.4,0.44,2025-09-01,2021,N,VIIRS,n,2,309.19,5.2,D,0
33.03984,-115.57933,348.88,0.41,0.45,2025-09-01,2021,N,VIIRS,n,2,311.54,5.48,D,0
36.89655,-119.01453,347.28,0.52,0.5,2025-09-01,2022,N,VIIRS,n,2,314.24,29,D,0
36.89891,-119.08686,342.65,0.52,0.5,2025-09-01,2022,N,VIIRS,n,2,312.37,4.67,D,0
36.90088,-119.01661,356.94,0.52,0.5,2025-09-01,2022,N,VIIRS,n,2,309.22,29,D,0
36.90102,-119.11924,343.75,0.52,0.5,2025-09-01,2022,N,VIIRS,n,2,312.25,10.26,D,0
36.9041,-119.10607,353.37,0.52,0.5,2025-09-01,2022,N,VIIRS,n,2,314.25,31.11,D,0
36.90492,-119.0199,350.77,0.52,0.5,2025-09-01,2022,N,VIIRS,n,2,304.87,10.06,D,0
36.90561,-119.12035,346.09,0.52,0.5,2025-09-01,2022,N,VIIRS,n,2,315.83,10.26,D,0
36.90568,-119.09932,343.81,0.52,0.5,2025-09-01,2022,N,VIIRS,n,2,314.17,8.21,D,0
36.90723,-119.11343,354.94,0.52,0.5,2025-09-01,2022,N,VIIRS,n,2,322.38,31.11,D,0
36.90849,-119.00465,353.93,0.52,0.5,2025-09-01,2022,N,VIIRS,n,2,305.49,23.36,D,0
36.90874,-119.10694,367,0.52,0.5,2025-09-01,2022,N,VIIRS,h,2,316.86,31.11,D,0
36.90883,-119.12735,337.04,0.52,0.5,2025-09-01,2022,N,VIIRS,n,2,307.16,125.52,D,0
36.91018,-119.10077,346.05,0.52,0.5,2025-09-01,2022,N,VIIRS,n,2,314.88,8.21,D,0
36.91042,-119.12051,367,0.52,0.5,2025-09-01,2022,N,VIIRS,h,2,340.02,125.52,D,0
36.91217,-119.11299,367,0.52,0.5,2025-09-01,2022,N,VIIRS,l,2,340.6,110.44,D,0
36.91354,-119.10715,367,0.52,0.5,2025-09-01,2022,N,VIIRS,h,2,316.24,110.44,D,0
36.91493,-119.10117,351.24,0.52,0.5,2025-09-01,2022,N,VIIRS,n,2,316.33,87.68,D,0
36.91707,-119.11273,355.67,0.52,0.5,2025-09-01,2022,N,VIIRS,l,2,337.65,110.44,D,0
36.91837,-119.10715,367,0.52,0.5,2025-09-01,2022,N,VIIRS,l,2,333.87,110.44,D,0
36.91992,-119.10049,367,0.52,0.5,2025-09-01,2022,N,VIIRS,l,2,334.32,87.68,D,0
36.92006,-119.12073,342.72,0.52,0.5,2025-09-01,2022,N,VIIRS,n,2,306.4,46.94,D,0
36.92196,-119.11257,367,0.52,0.5,2025-09-01,2022,N,VIIRS,l,2,332.38,60.75,D,0
36.92329,-119.1068,354.43,0.52,0.5,2025-09-01,2022,N,VIIRS,n,2,325.51,60.75,D,0
36.92439,-118.97773,344.77,0.51,0.5,2025-09-01,2022,N,VIIRS,n,2,301,26.31,D,0
36.92556,-119.09701,349.97,0.52,0.5,2025-09-01,2022,N,VIIRS,n,2,309.66,44.86,D,0
36.92673,-119.1128,354.26,0.52,0.5,2025-09-01,2022,N,VIIRS,n,2,312.74,60.75,D,0
36.92742,-119.006,353.14,0.52,0.5,2025-09-01,2022,N,VIIRS,n,2,304.15,28.02,D,0
36.92823,-119.10637,351.18,0.52,0.5,2025-09-01,2022,N,VIIRS,n,2,301.65,60.75,D,0
36.92878,-118.97948,354.61,0.51,0.5,2025-09-01,2022,N,VIIRS,n,2,306.82,26.31,D,0
36.929,-118.99919,354.46,0.52,0.5,2025-09-01,2022,N,VIIRS,n,2,308.54,128.17,D,0
36.93019,-118.97341,367,0.51,0.5,2025-09-01,2022,N,VIIRS,h,2,308.24,26.31,D,0
36.93108,-118.99027,352.98,0.51,0.5,2025-09-01,2022,N,VIIRS,n,2,319.08,128.17,D,0
36.93146,-119.11327,351.71,0.52,0.5,2025-09-01,2022,N,VIIRS,n,2,297.35,42.57,D,0
36.93303,-118.98186,347.7,0.51,0.5,2025-09-01,2022,N,VIIRS,n,2,303.58,66.38,D,0
36.93323,-119.10561,356.2,0.52,0.5,2025-09-01,2022,N,VIIRS,n,2,296.91,42.57,D,0
36.93449,-118.97556,367,0.51,0.5,2025-09-01,2022,N,VIIRS,h,2,303.05,66.38,D,0
36.9352,-119.09709,342.87,0.52,0.5,2025-09-01,2022,N,VIIRS,n,2,294.5,22.42,D,0
36.93534,-118.99261,367,0.51,0.5,2025-09-01,2022,N,VIIRS,h,2,326.76,128.17,D,0
36.93607,-119.11429,345.97,0.52,0.5,2025-09-01,2022,N,VIIRS,n,2,294.48,42.57,D,0
36.93731,-118.98412,367,0.51,0.5,2025-09-01,2022,N,VIIRS,l,2,330.94,66.38,D,0
36.93787,-119.0024,367,0.52,0.5,2025-09-01,2022,N,VIIRS,h,2,305.77,37.83,D,0
36.93805,-119.10568,345.73,0.52,0.5,2025-09-01,2022,N,VIIRS,n,2,303.01,42.57,D,0
36.93881,-118.97766,367,0.51,0.5,2025-09-01,2022,N,VIIRS,h,2,298.04,66.38,D,0
36.93989,-118.76772,350.98,0.5,0.49,2025-09-01,2022,N,VIIRS,n,2,301.95,7.49,D,0
36.94147,-119.06998,355.76,0.52,0.5,2025-09-01,2022,N,VIIRS,n,2,299.9,28.75,D,0
36.94162,-118.98625,343.07,0.51,0.5,2025-09-01,2022,N,VIIRS,n,2,294,10.28,D,0
36.9424,-119.00362,355.79,0.52,0.5,2025-09-01,2022,N,VIIRS,n,2,312.27,37.83,D,0
36.94391,-119.03859,353.17,0.52,0.5,2025-09-01,2022,N,VIIRS,n,2,300.7,43.63,D,0
36.94449,-119.05689,349.15,0.52,0.5,2025-09-01,2022,N,VIIRS,n,2,301.83,20.86,D,0
36.94592,-119.05076,347.81,0.52,0.5,2025-09-01,2022,N,VIIRS,n,2,298.98,20.86,D,0
36.94693,-119.00483,353.06,0.52,0.5,2025-09-01,2022,N,VIIRS,n,2,303.73,53.56,D,0
36.94725,-119.04495,356.64,0.52,0.5,2025-09-01,2022,N,VIIRS,n,2,306.76,26.43,D,0
36.94844,-119.03982,346.84,0.52,0.5,2025-09-01,2022,N,VIIRS,n,2,300.29,26.43,D,0
36.94901,-119.05819,367,0.52,0.5,2025-09-01,2022,N,VIIRS,h,2,300.84,20.86,D,0
36.95045,-119.05196,353.29,0.52,0.5,2025-09-01,2022,N,VIIRS,n,2,297.68,20.86,D,0
36.95177,-119.04625,356.74,0.52,0.5,2025-09-01,2022,N,VIIRS,l,2,297.95,26.43,D,0
36.95523,-119.01046,367,0.52,0.5,2025-09-01,2022,N,VIIRS,h,2,304.58,97.53,D,0
36.95629,-119.04751,357.1,0.52,0.5,2025-09-01,2022,N,VIIRS,l,2,301.12,187.35,D,0
36.95642,-119.02613,355.11,0.52,0.5,2025-09-01,2022,N,VIIRS,n,2,295.56,37.37,D,0
36.95762,-119.02091,356.4,0.52,0.5,2025-09-01,2022,N,VIIRS,n,2,301.16,37.37,D,0
36.95807,-119.06066,348.47,0.52,0.5,2025-09-01,2022,N,VIIRS,n,2,286.56,217.89,D,0
36.95881,-119.01575,367,0.52,0.5,2025-09-01,2022,N,VIIRS,h,2,302.09,97.53,D,0
36.96096,-119.02728,353.44,0.52,0.5,2025-09-01,2022,N,VIIRS,n,2,291.7,158.89,D,0
36.96219,-119.0219,367,0.52,0.5,2025-09-01,2022,N,VIIRS,l,2,339.38,158.89,D,0
36.96339,-119.01672,367,0.52,0.5,2025-09-01,2022,N,VIIRS,l,2,327.96,535.32,D,0
36.96433,-119.0335,356.85,0.52,0.5,2025-09-01,2022,N,VIIRS,l,2,289.02,110.3,D,0
36.96549,-119.00759,345.21,0.52,0.5,2025-09-01,2022,N,VIIRS,n,2,293.37,32.93,D,0
36.96555,-119.02822,351.13,0.52,0.5,2025-09-01,2022,N,VIIRS,n,2,301.17,158.89,D,0
36.96676,-119.02293,208,0.52,0.5,2025-09-01,2022,N,VIIRS,l,2,312.1,158.89,D,0
36.97017,-119.029,367,0.52,0.5,2025-09-01,2022,N,VIIRS,l,2,333.51,188.16,D,0
36.97021,-119.00799,349.06,0.52,0.5,2025-09-01,2022,N,VIIRS,n,2,293.22,32.93,D,0
36.97135,-119.02389,356.99,0.52,0.5,2025-09-01,2022,N,VIIRS,l,2,293.32,188.16,D,0
36.97252,-119.01879,350.97,0.52,0.5,2025-09-01,2022,N,VIIRS,n,2,288.44,20.09,D,0
36.97488,-119.00852,352.2,0.52,0.5,2025-09-01,2022,N,VIIRS,n,2,294.97,54.81,D,0
36.97604,-119.02689,344.98,0.52,0.5,2025-09-01,2022,N,VIIRS,n,2,284.84,11.57,D,0
36.9771,-119.01974,346.91,0.52,0.5,2025-09-01,2022,N,VIIRS,n,2,286.56,20.09,D,0
36.97725,-119.02177,349.54,0.52,0.5,2025-09-01,2022,N,VIIRS,n,2,286.54,11.57,D,0
38.02756,-119.82473,348.9,0.54,0.51,2025-09-01,2023,N,VIIRS,n,2,308.19,8.82,D,0
38.02967,-119.82459,356.3,0.54,0.51,2025-09-01,2023,N,VIIRS,n,2,308.63,23.77,D,0
38.03223,-119.82575,344.89,0.54,0.51,2025-09-01,2023,N,VIIRS,n,2,304.4,8.82,D,0
40.91066,-122.86414,367,0.32,0.55,2025-09-01,2024,N,VIIRS,h,2,307.41,29.72,D,0
40.91146,-122.86103,367,0.32,0.55,2025-09-01,2024,N,VIIRS,h,2,313.18,29.72,D,0
41.15896,-122.39681,349.15,0.6,0.53,2025-09-01,2024,N,VIIRS,n,2,305.95,18.1,D,0
41.41285,-123.26108,354.82,0.33,0.55,2025-09-01,2024,N,VIIRS,n,2,307.22,10.29,D,0
41.41366,-123.25795,367,0.33,0.55,2025-09-01,2024,N,VIIRS,h,2,301.9,10.29,D,0
41.41546,-123.26333,352.83,0.33,0.55,2025-09-01,2024,N,VIIRS,n,2,303.21,16.15,D,0
41.41634,-123.26004,367,0.33,0.55,2025-09-01,2024,N,VIIRS,h,2,303.29,16.15,D,0
41.41736,-123.25617,367,0.33,0.55,2025-09-01,2024,N,VIIRS,h,2,300.79,14.3,D,0
41.42034,-123.28602,339.48,0.33,0.55,2025-09-01,2024,N,VIIRS,n,2,301.98,7.4,D,0
41.42126,-123.28252,367,0.33,0.55,2025-09-01,2024,N,VIIRS,h,2,304.82,7.4,D,0
41.42214,-123.27923,367,0.33,0.55,2025-09-01,2024,N,VIIRS,h,2,302.96,10.76,D,0
41.42298,-123.27605,367,0.33,0.55,2025-09-01,2024,N,VIIRS,h,2,302.99,10.76,D,0
41.42387,-123.27271,351.98,0.33,0.55,2025-09-01,2024,N,VIIRS,n,2,299.15,5.85,D,0
41.42488,-123.26891,337.85,0.33,0.55,2025-09-01,2024,N,VIIRS,n,2,298.34,5.85,D,0
41.51068,-123.5575,328.5,0.34,0.56,2025-09-01,2024,N,VIIRS,l,2,301.33,5.56,D,0
41.5131,-123.52758,328.29,0.34,0.56,2025-09-01,2024,N,VIIRS,n,2,300.48,1.83,D,0
41.51415,-123.5652,334.2,0.34,0.56,2025-09-01,2024,N,VIIRS,n,2,299.78,4.29,D,0
41.51512,-123.56154,353.58,0.34,0.56,2025-09-01,2024,N,VIIRS,n,2,302.75,4.29,D,0
41.53469,-123.57096,367,0.34,0.56,2025-09-01,2024,N,VIIRS,h,2,301.91,6.74,D,0
41.53569,-123.58812,347.76,0.34,0.56,2025-09-01,2024,N,VIIRS,n,2,299.55,3.26,D,0
41.5365,-123.59132,328.79,0.34,0.56,2025-09-01,2024,N,VIIRS,l,2,299.14,3.64,D,0
41.53679,-123.58397,327.13,0.34,0.56,2025-09-01,2024,N,VIIRS,n,2,297.05,3.26,D,0
41.53755,-123.58744,356.3,0.34,0.56,2025-09-01,2024,N,VIIRS,n,2,299.36,10.56,D,0
41.54057,-123.59058,338.49,0.34,0.56,2025-09-01,2024,N,VIIRS,n,2,299.37,3.26,D,0
41.54145,-123.59349,343.68,0.34,0.56,2025-09-01,2024,N,VIIRS,n,2,300.75,3.64,D,0
41.54552,-123.59271,346.11,0.34,0.56,2025-09-01,2024,N,VIIRS,n,2,300.61,5.06,D,0
41.5465,-123.59528,336.38,0.34,0.56,2025-09-01,2024,N,VIIRS,n,2,300.39,2.74,D,0
41.54688,-123.57331,330.97,0.34,0.56,2025-09-01,2024,N,VIIRS,n,2,297.27,1.91,D,0
41.54796,-123.56931,335.91,0.34,0.56,2025-09-01,2024,N,VIIRS,n,2,297.66,4.48,D,0
41.55161,-123.56957,367,0.34,0.56,2025-09-01,2024,N,VIIRS,h,2,300.13,4.51,D,0
41.55242,-123.57326,332.3,0.34,0.56,2025-09-01,2024,N,VIIRS,n,2,296.42,3.4,D,0
41.55345,-123.56944,329.06,0.34,0.56,2025-09-01,2024,N,VIIRS,n,2,297.65,3.4,D,0
41.55461,-123.57915,336.2,0.34,0.56,2025-09-01,2024,N,VIIRS,n,2,297.67,2.77,D,0
41.5554,-123.57614,353.63,0.34,0.56,2025-09-01,2024,N,VIIRS,n,2,299.72,4.51,D,0
41.55622,-123.57304,334.21,0.34,0.56,2025-09-01,2024,N,VIIRS,n,2,298.94,4.51,D,0
41.55651,-123.57861,367,0.34,0.56,2025-09-01,2024,N,VIIRS,h,2,301.13,8.41,D,0
41.5573,-123.57566,336.76,0.34,0.56,2025-09-01,2024,N,VIIRS,n,2,298.51,3.4,D,0
41.55809,-123.57272,330.9,0.34,0.56,2025-09-01,2024,N,VIIRS,n,2,298.07,3.4,D,0
41.56392,-123.57158,339.75,0.34,0.56,2025-09-01,2024,N,VIIRS,n,2,299.9,11.2,D,0
41.56495,-123.56774,367,0.34,0.56,2025-09-01,2024,N,VIIRS,h,2,302.88,11.2,D,0
41.56818,-123.57629,329.79,0.34,0.56,2025-09-01,2024,N,VIIRS,n,2,296.64,9,D,0
41.56892,-123.57352,367,0.34,0.56,2025-09-01,2024,N,VIIRS,h,2,304.65,11.2,D,0
41.56974,-123.57044,367,0.34,0.56,2025-09-01,2024,N,VIIRS,h,2,300.6,11.2,D,0
41.57064,-123.5671,334.9,0.34,0.56,2025-09-01,2024,N,VIIRS,n,2,299.18,11.02,D,0
41.76825,-123.18831,338.95,0.32,0.54,2025-09-01,2024,N,VIIRS,n,2,299.19,9.34,D,0
41.76826,-123.18806,338.33,0.32,0.54,2025-09-01,2024,N,VIIRS,n,2,298.93,2.17,D,0
41.77153,-123.19623,367,0.32,0.54,2025-09-01,2024,N,VIIRS,h,2,306.28,9.34,D,0
41.77674,-123.1969,367,0.32,0.54,2025-09-01,2024,N,VIIRS,h,2,303.17,5.1,D,0
41.7816,-123.19885,332.22,0.32,0.54,2025-09-01,2024,N,VIIRS,n,2,298.05,5.1,D,0
41.78266,-123.19485,351.56,0.32,0.54,2025-09-01,2024,N,VIIRS,n,2,301.19,5.1,D,0
41.78322,-123.17175,342.13,0.64,0.54,2025-09-01,2024,N,VIIRS,n,2,302.35,38.95,D,0
41.78329,-123.17201,341.44,0.63,0.54,2025-09-01,2024,N,VIIRS,n,2,302.78,39.51,D,0
41.80093,-123.16622,345.64,0.63,0.54,2025-09-01,2024,N,VIIRS,n,2,299.56,13.55,D,0
41.80273,-123.17982,342.22,0.63,0.54,2025-09-01,2024,N,VIIRS,n,2,301.55,41.17,D,0
41.80569,-123.16856,341.14,0.63,0.54,2025-09-01,2024,N,VIIRS,n,2,298.18,9.06,D,0
41.80737,-123.18261,353.25,0.63,0.54,2025-09-01,2024,N,VIIRS,n,2,304.37,41.17,D,0
36.89533,-119.11922,340.19,0.71,0.75,2025-09-01,2203,N,VIIRS,l,2,314.11,8.64,D,0
36.89542,-119.1142,343.09,0.71,0.75,2025-09-01,2203,N,VIIRS,n,2,312.97,8.64,D,0
36.8955,-119.1092,351.3,0.71,0.75,2025-09-01,2203,N,VIIRS,n,2,311.49,9.53,D,0
36.89558,-119.10407,341.66,0.72,0.75,2025-09-01,2203,N,VIIRS,n,2,310.21,9.53,D,0
36.9024,-119.11897,356.75,0.71,0.75,2025-09-01,2203,N,VIIRS,n,2,311.19,24.01,D,0
36.90252,-119.1125,355.67,0.71,0.75,2025-09-01,2203,N,VIIRS,n,2,311.61,24.01,D,0
36.9066,-119.12424,340.91,0.71,0.75,2025-09-01,2203,N,VIIRS,n,2,309.73,27.34,D,0
36.90669,-119.11672,367,0.71,0.75,2025-09-01,2203,N,VIIRS,h,2,319.36,27.34,D,0
36.90676,-119.11,367,0.71,0.75,2025-09-01,2203,N,VIIRS,h,2,311.99,52.76,D,0
36.90686,-119.10288,336.25,0.72,0.75,2025-09-01,2203,N,VIIRS,n,2,307.38,52.76,D,0
36.90693,-119.09657,356.9,0.72,0.75,2025-09-01,2203,N,VIIRS,n,2,306.91,23.43,D,0
36.90942,-119.12213,367,0.71,0.75,2025-09-01,2203,N,VIIRS,h,2,310.89,24.01,D,0
36.90953,-119.11596,367,0.71,0.75,2025-09-01,2203,N,VIIRS,h,2,318.01,24.01,D,0
36.90965,-119.10867,367,0.71,0.75,2025-09-01,2203,N,VIIRS,h,2,312.32,32.64,D,0
36.9098,-119.10049,337.06,0.72,0.75,2025-09-01,2203,N,VIIRS,n,2,305.95,32.64,D,0
36.91371,-119.12116,351.5,0.71,0.75,2025-09-01,2203,N,VIIRS,n,2,308.59,27.34,D,0
36.91378,-119.11574,352.89,0.71,0.75,2025-09-01,2203,N,VIIRS,n,2,312.23,52.76,D,0
36.91388,-119.10727,367,0.72,0.75,2025-09-01,2203,N,VIIRS,h,2,313.46,52.76,D,0
36.91399,-119.0985,333.56,0.72,0.75,2025-09-01,2203,N,VIIRS,n,2,306.09,23.43,D,0
36.91661,-119.11472,353.53,0.71,0.75,2025-09-01,2203,N,VIIRS,n,2,310.73,41.14,D,0
36.91679,-119.10497,367,0.72,0.75,2025-09-01,2203,N,VIIRS,h,2,312.69,41.14,D,0
36.9169,-119.09816,340.15,0.72,0.75,2025-09-01,2203,N,VIIRS,n,2,308.26,21.36,D,0
36.92087,-119.11435,354.74,0.72,0.75,2025-09-01,2203,N,VIIRS,n,2,309.76,40.75,D,0
36.92099,-119.10459,367,0.72,0.75,2025-09-01,2203,N,VIIRS,h,2,311.68,24.63,D,0
36.92372,-119.11259,367,0.72,0.75,2025-09-01,2203,N,VIIRS,h,2,307.41,41.14,D,0
36.92387,-119.10438,336.28,0.72,0.75,2025-09-01,2203,N,VIIRS,n,2,305.54,21.36,D,0
36.92603,-118.97935,352.24,0.73,0.76,2025-09-01,2203,N,VIIRS,n,2,292.58,22.48,D,0
36.92797,-119.11202,345.4,0.72,0.75,2025-09-01,2203,N,VIIRS,n,2,302.15,24.63,D,0
36.92807,-119.10433,354.71,0.72,0.75,2025-09-01,2203,N,VIIRS,n,2,304.4,24.63,D,0
36.92931,-119.00603,340.63,0.73,0.76,2025-09-01,2203,N,VIIRS,n,2,297.65,15.51,D,0
36.92939,-118.99997,367,0.73,0.76,2025-09-01,2203,N,VIIRS,h,2,300.13,32.2,D,0
36.92944,-118.99516,367,0.73,0.76,2025-09-01,2203,N,VIIRS,h,2,304.22,32.2,D,0
36.92949,-118.99097,349.56,0.73,0.76,2025-09-01,2203,N,VIIRS,n,2,297.39,36.48,D,0
36.92968,-118.97578,357.01,0.73,0.76,2025-09-01,2203,N,VIIRS,n,2,291.97,33.86,D,0
36.93083,-119.11026,367,0.72,0.75,2025-09-01,2203,N,VIIRS,h,2,309.73,77.35,D,0
36.93108,-119.09578,367,0.72,0.75,2025-09-01,2203,N,VIIRS,h,2,299.93,38.41,D,0
36.93284,-118.99788,347.3,0.73,0.76,2025-09-01,2203,N,VIIRS,n,2,307.61,78.98,D,0
36.93291,-118.99325,367,0.73,0.76,2025-09-01,2203,N,VIIRS,h,2,312.31,78.98,D,0
36.93298,-118.98905,367,0.73,0.76,2025-09-01,2203,N,VIIRS,h,2,299.53,85.97,D,0
36.93306,-118.9844,357.2,0.73,0.76,2025-09-01,2203,N,VIIRS,l,2,296.63,85.97,D,0
36.93315,-118.97904,347.54,0.73,0.76,2025-09-01,2203,N,VIIRS,n,2,291.8,40.15,D,0
36.93502,-119.11423,356.53,0.72,0.75,2025-09-01,2203,N,VIIRS,n,2,300.76,61.2,D,0
36.93508,-119.10954,353.07,0.72,0.75,2025-09-01,2203,N,VIIRS,n,2,314.91,61.2,D,0
36.93515,-119.10412,367,0.72,0.75,2025-09-01,2203,N,VIIRS,h,2,310.63,67.57,D,0
36.93523,-119.09882,367,0.72,0.75,2025-09-01,2203,N,VIIRS,h,2,300.58,67.57,D,0
36.9353,-119.09338,333.88,0.72,0.76,2025-09-01,2203,N,VIIRS,n,2,294.01,20.54,D,0
36.93649,-119.00064,355.23,0.73,0.76,2025-09-01,2203,N,VIIRS,n,2,296.21,51,D,0
36.93655,-118.99575,352.49,0.73,0.76,2025-09-01,2203,N,VIIRS,n,2,307.77,51,D,0
36.9366,-118.99131,367,0.73,0.76,2025-09-01,2203,N,VIIRS,h,2,298.02,122.63,D,0
36.93666,-118.98679,351.22,0.73,0.76,2025-09-01,2203,N,VIIRS,n,2,306.32,122.63,D,0
36.93673,-118.98127,357.07,0.73,0.76,2025-09-01,2203,N,VIIRS,l,2,295.8,54.07,D,0
36.93682,-118.97412,339.11,0.73,0.76,2025-09-01,2203,N,VIIRS,n,2,289.78,54.07,D,0
36.93785,-119.11294,350.87,0.72,0.75,2025-09-01,2203,N,VIIRS,n,2,302.05,77.35,D,0
36.93793,-119.10796,352.4,0.72,0.75,2025-09-01,2203,N,VIIRS,n,2,315.13,77.35,D,0
36.93803,-119.10257,367,0.72,0.75,2025-09-01,2203,N,VIIRS,h,2,302.55,38.41,D,0
36.93814,-119.09641,349.21,0.72,0.75,2025-09-01,2203,N,VIIRS,n,2,294.28,38.41,D,0
36.93859,-119.07145,348.77,0.72,0.76,2025-09-01,2203,N,VIIRS,n,2,296.62,9.21,D,0
36.94001,-118.99403,367,0.73,0.76,2025-09-01,2203,N,VIIRS,h,2,293.18,78.98,D,0
36.94018,-118.98411,356.97,0.73,0.76,2025-09-01,2203,N,VIIRS,l,2,296.86,85.97,D,0
36.94029,-118.97756,346.2,0.73,0.76,2025-09-01,2203,N,VIIRS,n,2,289.87,40.15,D,0
36.94214,-119.11096,347.29,0.72,0.75,2025-09-01,2203,N,VIIRS,n,2,296.11,61.2,D,0
36.94221,-119.10542,367,0.72,0.75,2025-09-01,2203,N,VIIRS,h,2,295.58,67.57,D,0
36.9427,-119.06895,332.83,0.72,0.76,2025-09-01,2203,N,VIIRS,n,2,295.38,8.71,D,0
36.94279,-119.06248,337.21,0.72,0.76,2025-09-01,2203,N,VIIRS,n,2,295.41,8.71,D,0
36.94289,-119.05544,342.04,0.72,0.76,2025-09-01,2203,N,VIIRS,n,2,295.03,11.09,D,0
36.94299,-119.04807,349.83,0.72,0.76,2025-09-01,2203,N,VIIRS,n,2,294.7,11.09,D,0
36.94589,-119.05988,367,0.72,0.76,2025-09-01,2203,N,VIIRS,h,2,297.07,31.87,D,0
36.94618,-119.04428,367,0.72,0.76,2025-09-01,2203,N,VIIRS,h,2,301.7,72.1,D,0
36.94986,-119.06358,346.44,0.72,0.76,2025-09-01,2203,N,VIIRS,n,2,294.31,35.74,D,0
36.94995,-119.05692,367,0.72,0.76,2025-09-01,2203,N,VIIRS,h,2,305.41,63.15,D,0
36.95006,-119.04932,354.5,0.72,0.76,2025-09-01,2203,N,VIIRS,n,2,299.16,63.15,D,0
36.9502,-119.03845,367,0.73,0.76,2025-09-01,2203,N,VIIRS,h,2,293.5,36.21,D,0
36.95296,-119.06073,351.4,0.72,0.76,2025-09-01,2203,N,VIIRS,n,2,299.34,31.87,D,0
36.95309,-119.05406,367,0.72,0.76,2025-09-01,2203,N,VIIRS,h,2,302.39,72.1,D,0
36.95325,-119.04536,355.58,0.72,0.76,2025-09-01,2203,N,VIIRS,l,2,296.38,72.1,D,0
36.95702,-119.0585,345.95,0.72,0.76,2025-09-01,2203,N,VIIRS,n,2,293.15,63.15,D,0
36.95713,-119.05116,367,0.72,0.76,2025-09-01,2203,N,VIIRS,h,2,308.63,63.15,D,0
36.95729,-119.03915,341.32,0.73,0.76,2025-09-01,2203,N,VIIRS,n,2,292.35,36.21,D,0
36.95746,-119.02659,345.84,0.73,0.76,2025-09-01,2203,N,VIIRS,n,2,292.33,36.21,D,0
36.95763,-119.01394,343.45,0.73,0.76,2025-09-01,2203,N,VIIRS,n,2,291.74,22.14,D,0
36.96032,-119.04665,367,0.72,0.76,2025-09-01,2203,N,VIIRS,h,2,303.8,110.46,D,0
36.96079,-119.02238,367,0.73,0.76,2025-09-01,2203,N,VIIRS,h,2,301.16,100.17,D,0
36.96419,-119.05299,355.79,0.72,0.76,2025-09-01,2203,N,VIIRS,n,2,298.29,40.65,D,0
36.96436,-119.04093,367,0.73,0.76,2025-09-01,2203,N,VIIRS,h,2,296.13,79.39,D,0
36.96453,-119.0289,350.96,0.73,0.76,2025-09-01,2203,N,VIIRS,n,2,298.24,79.39,D,0
36.96469,-119.01772,367,0.73,0.76,2025-09-01,2203,N,VIIRS,h,2,299.02,67.43,D,0
36.96496,-118.99815,352.16,0.73,0.76,2025-09-01,2203,N,VIIRS,n,2,290.02,67.43,D,0
36.96505,-118.99154,335.71,0.73,0.76,2025-09-01,2203,N,VIIRS,n,2,289.46,17.93,D,0
36.96738,-119.04787,367,0.72,0.76,2025-09-01,2203,N,VIIRS,h,2,298.67,110.46,D,0
36.96761,-119.03624,367,0.73,0.76,2025-09-01,2203,N,VIIRS,h,2,300.46,100.17,D,0
36.96783,-119.02502,355.58,0.73,0.76,2025-09-01,2203,N,VIIRS,n,2,301.82,100.17,D,0
36.96809,-119.01186,367,0.73,0.76,2025-09-01,2203,N,VIIRS,h,2,290.38,135.02,D,0
36.97128,-119.05347,343.11,0.72,0.76,2025-09-01,2203,N,VIIRS,n,2,291.94,40.65,D,0
36.97143,-119.04285,367,0.73,0.76,2025-09-01,2203,N,VIIRS,h,2,295.26,79.39,D,0
36.97158,-119.03248,345.8,0.73,0.76,2025-09-01,2203,N,VIIRS,n,2,303.9,79.39,D,0
36.97175,-119.02016,367,0.73,0.76,2025-09-01,2203,N,VIIRS,h,2,292.57,67.43,D,0
36.97195,-119.00642,346.55,0.73,0.76,2025-09-01,2203,N,VIIRS,n,2,289.61,67.43,D,0
36.97215,-118.99277,335.16,0.73,0.76,2025-09-01,2203,N,VIIRS,n,2,290.46,17.93,D,0
36.97865,-119.03423,331.45,0.73,0.76,2025-09-01,2203,N,VIIRS,n,2,289.83,7.71,D,0
38.03016,-119.82446,349.38,0.67,0.73,2025-09-01,2203,N,VIIRS,n,2,301.98,9.78,D,0
38.03045,-119.8222,350.64,0.67,0.73,2025-09-01,2203,N,VIIRS,n,2,302,11.08,D,0
38.11066,-121.26891,339.31,0.55,0.68,2025-09-01,2203,N,VIIRS,n,2,308.02,5.88,D,0
38.11195,-121.27041,352.86,0.55,0.68,2025-09-01,2203,N,VIIRS,n,2,308.77,7.69,D,0
38.72633,-121.0328,367,0.58,0.69,2025-09-01,2204,N,VIIRS,h,2,310.41,19.7,D,0
38.72649,-121.02691,356.86,0.58,0.69,2025-09-01,2204,N,VIIRS,n,2,307.77,21.95,D,0
39.0161,-119.16051,367,0.73,0.76,2025-09-01,2204,N,VIIRS,h,2,312.44,40.58,D,0
39.01955,-119.16037,367,0.73,0.76,2025-09-01,2204,N,VIIRS,h,2,308.54,47.95,D,0
40.40363,-122.31813,367,0.5,0.66,2025-09-01,2204,N,VIIRS,h,2,312.17,6.55,D,0
41.15888,-122.39486,367,0.51,0.66,2025-09-01,2204,N,VIIRS,h,2,311.05,12.42,D,0
41.16494,-122.39894,347.65,0.51,0.66,2025-09-01,2204,N,VIIRS,n,2,300.15,12.42,D,0
41.16517,-122.39087,330.59,0.51,0.66,2025-09-01,2204,N,VIIRS,n,2,299.78,12.42,D,0
41.17161,-122.3818,367,0.51,0.66,2025-09-01,2204,N,VIIRS,h,2,304.49,22.53,D,0
41.41384,-123.28142,345.66,0.46,0.63,2025-09-01,2204,N,VIIRS,n,2,304.52,6.64,D,0
41.41397,-123.27732,349.41,0.46,0.63,2025-09-01,2204,N,VIIRS,n,2,302.96,6.64,D,0
41.41987,-123.27819,367,0.46,0.63,2025-09-01,2204,N,VIIRS,h,2,301.43,54.91,D,0
41.42576,-123.27938,367,0.46,0.63,2025-09-01,2204,N,VIIRS,h,2,299.94,63.62,D,0
41.51378,-123.57002,352.83,0.44,0.62,2025-09-01,2204,N,VIIRS,n,2,302.26,7.21,D,0
41.51404,-123.56275,345.62,0.44,0.62,2025-09-01,2204,N,VIIRS,n,2,303.73,10.63,D,0
41.53674,-123.58179,349.39,0.44,0.62,2025-09-01,2204,N,VIIRS,n,2,303.1,5.23,D,0
41.5369,-123.57725,333.65,0.44,0.62,2025-09-01,2204,N,VIIRS,n,2,302.09,5.23,D,0
41.54881,-123.57177,339.64,0.44,0.62,2025-09-01,2204,N,VIIRS,n,2,302.02,5.92,D,0
41.55447,-123.57664,347.78,0.44,0.62,2025-09-01,2204,N,VIIRS,n,2,302.71,5.92,D,0
41.77038,-123.19408,352.05,0.46,0.64,2025-09-01,2205,N,VIIRS,n,2,315.44,41.54,D,0
41.77052,-123.18983,367,0.46,0.64,2025-09-01,2205,N,VIIRS,h,2,316.72,41.54,D,0
41.77073,-123.18357,347.82,0.46,0.64,2025-09-01,2205,N,VIIRS,n,2,302.86,21.65,D,0
41.77613,-123.20042,339.81,0.46,0.64,2025-09-01,2205,N,VIIRS,n,2,303.49,24.32,D,0
41.77628,-123.196,367,0.46,0.64,2025-09-01,2205,N,VIIRS,h,2,310.33,41.54,D,0
41.78221,-123.197,367,0.46,0.64,2025-09-01,2205,N,VIIRS,h,2,305.44,12.84,D,0
41.78242,-123.19056,341.22,0.46,0.64,2025-09-01,2205,N,VIIRS,n,2,303.59,12.84,D,0
41.79785,-123.16996,367,0.47,0.64,2025-09-01,2205,N,VIIRS,h,2,303.46,14.06,D,0
41.80054,-123.18423,367,0.46,0.64,2025-09-01,2205,N,VIIRS,h,2,305.33,13.32,D,0
41.8008,-123.1769,367,0.46,0.64,2025-09-01,2205,N,VIIRS,h,2,302.55,13.57,D,0
41.80114,-123.16731,348.23,0.47,0.64,2025-09-01,2205,N,VIIRS,n,2,300.17,13.57,D,0
41.80337,-123.18551,355.51,0.46,0.64,2025-09-01,2205,N,VIIRS,n,2,304.11,23.78,D,0
41.80353,-123.18012,367,0.47,0.64,2025-09-01,2205,N,VIIRS,h,2,311.94,23.78,D,0
41.80381,-123.17027,338.11,0.47,0.64,2025-09-01,2205,N,VIIRS,n,2,299.71,39.66,D,0
41.80656,-123.18311,353.33,0.46,0.64,2025-09-01,2205,N,VIIRS,n,2,304,31.71,D,0
41.8068,-123.17608,367,0.46,0.64,2025-09-01,2205,N,VIIRS,h,2,312.92,58.57,D,0
41.80954,-123.17884,367,0.47,0.64,2025-09-01,2205,N,VIIRS,h,2,304.82,23.78,D,0