latitude,longitude,bright_ti4,scan,track,acq_date,acq_time,satellite,instrument,confidence,version,bright_ti5,frp,daynight,type
40.81971,-114.25517,297.24,0.78,0.78,2025-08-18,822,N,VIIRS,n,2,287.02,1.72,N,2
40.81987,-114.25766,302.05,0.78,0.78,2025-08-18,822,N,VIIRS,n,2,287.17,1.45,N,2
39.49291,-119.62112,302.13,0.41,0.37,2025-08-18,1003,N,VIIRS,n,2,287.43,0.6,N,2
39.61966,-119.26193,312.74,0.41,0.37,2025-08-18,1003,N,VIIRS,n,2,289.97,0.99,N,2
39.66786,-121.81525,300.58,0.38,0.36,2025-08-18,1003,N,VIIRS,n,2,288.24,0.74,N,0
40.48482,-122.53566,297.93,0.39,0.36,2025-08-18,1003,N,VIIRS,n,2,287.52,0.32,N,0
40.82244,-114.25803,318.03,0.41,0.45,2025-08-18,1003,N,VIIRS,n,2,291.27,2.62,N,2
41.40826,-116.273,295.4,0.49,0.4,2025-08-18,1003,N,VIIRS,n,2,282.68,1.19,N,0
41.41188,-116.27172,309.89,0.49,0.4,2025-08-18,1003,N,VIIRS,n,2,284.06,1.19,N,0
41.41299,-116.27714,306.24,0.49,0.4,2025-08-18,1003,N,VIIRS,n,2,283.05,1.19,N,0
41.41439,-116.26498,296.71,0.49,0.4,2025-08-18,1003,N,VIIRS,n,2,283.84,0.89,N,0
41.41803,-116.26376,302.24,0.49,0.4,2025-08-18,1003,N,VIIRS,n,2,284.39,0.89,N,0
41.42164,-116.26244,298.36,0.49,0.4,2025-08-18,1003,N,VIIRS,n,2,283.38,1.29,N,0
41.42999,-116.26533,316.77,0.49,0.4,2025-08-18,1003,N,VIIRS,n,2,285.85,1.8,N,0
41.43357,-116.26388,305.33,0.49,0.4,2025-08-18,1003,N,VIIRS,n,2,285.09,1.8,N,0
41.43716,-116.26243,306.24,0.49,0.4,2025-08-18,1003,N,VIIRS,n,2,284.96,1.53,N,0
41.44073,-116.26094,311.51,0.49,0.4,2025-08-18,1003,N,VIIRS,n,2,284.83,1.53,N,0
41.44431,-116.25939,331.53,0.49,0.4,2025-08-18,1003,N,VIIRS,n,2,287.76,3.63,N,0
41.44542,-116.2649,308.48,0.49,0.4,2025-08-18,1003,N,VIIRS,n,2,284.26,3.63,N,0
41.44787,-116.25785,332.49,0.49,0.4,2025-08-18,1003,N,VIIRS,n,2,289.55,3.63,N,0
41.449,-116.26343,305.76,0.49,0.4,2025-08-18,1003,N,VIIRS,n,2,284.01,3.63,N,0
41.45257,-116.26187,319.97,0.49,0.4,2025-08-18,1003,N,VIIRS,n,2,285.87,3.05,N,0
41.46841,-116.22497,308.19,0.49,0.4,2025-08-18,1003,N,VIIRS,n,2,284.07,1.29,N,0
41.47061,-116.25516,319.26,0.49,0.4,2025-08-18,1003,N,VIIRS,n,2,285.93,2.32,N,0
41.4742,-116.25372,295.82,0.49,0.4,2025-08-18,1003,N,VIIRS,n,2,285.13,0.91,N,0
41.47536,-116.25951,298.33,0.49,0.4,2025-08-18,1003,N,VIIRS,n,2,284.18,1.3,N,0
41.47779,-116.25227,305.31,0.49,0.4,2025-08-18,1003,N,VIIRS,n,2,284,0.91,N,0
41.48139,-116.2509,297.9,0.49,0.4,2025-08-18,1003,N,VIIRS,n,2,282.54,0.82,N,0
41.48409,-116.22575,325.75,0.49,0.4,2025-08-18,1003,N,VIIRS,n,2,283.94,6.98,N,0
41.48774,-116.22459,345.85,0.49,0.4,2025-08-18,1003,N,VIIRS,n,2,288.3,6.98,N,0
41.49024,-116.2177,299.61,0.49,0.4,2025-08-18,1003,N,VIIRS,n,2,285.02,4.31,N,0
41.49141,-116.22353,345.34,0.49,0.4,2025-08-18,1003,N,VIIRS,n,2,291.48,4.31,N,0
41.49192,-116.2162,325.78,0.49,0.4,2025-08-18,1003,N,VIIRS,n,2,285.41,2.1,N,0
41.49313,-116.22206,331.51,0.49,0.4,2025-08-18,1003,N,VIIRS,n,2,287.91,2.96,N,0
41.4935,-116.18601,327.47,0.49,0.4,2025-08-18,1003,N,VIIRS,n,2,285.12,13.05,N,0
41.4939,-116.21661,332.93,0.49,0.4,2025-08-18,1003,N,VIIRS,n,2,288.64,4.31,N,0
41.4943,-116.22781,295.49,0.49,0.4,2025-08-18,1003,N,VIIRS,n,2,284,2.96,N,0
41.49464,-116.19157,302.57,0.49,0.4,2025-08-18,1003,N,VIIRS,n,2,284.29,13.05,N,0
41.49507,-116.22244,314.49,0.49,0.4,2025-08-18,1003,N,VIIRS,n,2,286.07,4.31,N,0
41.49556,-116.18616,343.39,0.49,0.4,2025-08-18,1003,N,VIIRS,n,2,303.38,42.79,N,0
41.49559,-116.21511,306.85,0.49,0.4,2025-08-18,1003,N,VIIRS,n,2,287.23,2.1,N,0
41.49667,-116.19168,296.66,0.49,0.4,2025-08-18,1003,N,VIIRS,n,2,284.11,8.74,N,0
41.49677,-116.2209,318.95,0.49,0.4,2025-08-18,1003,N,VIIRS,n,2,286.53,2.96,N,0
41.49711,-116.18461,335.54,0.49,0.4,2025-08-18,1003,N,VIIRS,n,2,298.88,13.05,N,0
41.49755,-116.21545,307.31,0.49,0.4,2025-08-18,1003,N,VIIRS,n,2,288.07,2.17,N,0
41.49809,-116.20834,341.3,0.49,0.4,2025-08-18,1003,N,VIIRS,n,2,290.66,4.64,N,0
41.49825,-116.19018,328.45,0.49,0.4,2025-08-18,1003,N,VIIRS,n,2,287.38,13.05,N,0
41.49894,-116.203,295.6,0.49,0.4,2025-08-18,1003,N,VIIRS,n,2,284.99,7.77,N,0
41.49924,-116.21396,315.64,0.49,0.4,2025-08-18,1003,N,VIIRS,n,2,290.6,4.64,N,0
41.50007,-116.20867,342.8,0.49,0.4,2025-08-18,1003,N,VIIRS,n,2,297.38,7.77,N,0
41.50119,-116.21429,312.49,0.49,0.4,2025-08-18,1003,N,VIIRS,n,2,288.81,2.17,N,0
41.50175,-116.20723,334.33,0.49,0.4,2025-08-18,1003,N,VIIRS,n,2,289.33,4.64,N,0
41.5029,-116.21284,313.23,0.49,0.4,2025-08-18,1003,N,VIIRS,n,2,287.02,4.64,N,0
34.62132,-117.09891,309.13,0.4,0.44,2025-08-18,1004,N,VIIRS,n,2,291.6,1.32,N,2
34.62222,-117.10309,308.05,0.4,0.44,2025-08-18,1004,N,VIIRS,n,2,291.95,1.5,N,2
36.35954,-114.91259,313.26,0.47,0.48,2025-08-18,1004,N,VIIRS,n,2,295.44,1.78,N,2
36.59488,-119.99581,299.58,0.42,0.38,2025-08-18,1004,N,VIIRS,n,2,289.16,0.63,N,0
36.65053,-120.58609,298.82,0.41,0.37,2025-08-18,1004,N,VIIRS,n,2,288.42,0.46,N,0
36.71246,-121.7662,297.2,0.39,0.36,2025-08-18,1004,N,VIIRS,n,2,285.62,0.47,N,2
37.18562,-121.67931,301.79,0.39,0.36,2025-08-18,1004,N,VIIRS,n,2,287.41,0.51,N,2
37.21196,-121.90208,296.93,0.39,0.36,2025-08-18,1004,N,VIIRS,n,2,285.21,0.45,N,2
37.45538,-121.93296,305.43,0.39,0.36,2025-08-18,1004,N,VIIRS,n,2,286.24,0.47,N,2
37.62344,-120.97557,328.7,0.39,0.37,2025-08-18,1004,N,VIIRS,n,2,289.44,2.37,N,0
37.7548,-121.65903,301.16,0.39,0.36,2025-08-18,1004,N,VIIRS,n,2,286.05,0.34,N,2
37.8841,-121.18584,309.95,0.39,0.36,2025-08-18,1004,N,VIIRS,n,2,287.53,0.96,N,2
37.94358,-122.39255,301.35,0.38,0.36,2025-08-18,1004,N,VIIRS,n,2,291.09,0.98,N,2
37.94426,-122.39688,306.05,0.38,0.36,2025-08-18,1004,N,VIIRS,n,2,287.38,1.16,N,2
37.95151,-122.39956,304.44,0.38,0.36,2025-08-18,1004,N,VIIRS,n,2,293.23,0.86,N,2
38.07025,-122.13706,303.08,0.38,0.36,2025-08-18,1004,N,VIIRS,n,2,290.82,0.75,N,2
38.07313,-122.13858,306.34,0.38,0.36,2025-08-18,1004,N,VIIRS,n,2,294.08,0.99,N,2
38.30104,-122.74818,301.79,0.39,0.36,2025-08-18,1004,N,VIIRS,n,2,284.35,0.72,N,2
38.31411,-121.8356,296.93,0.38,0.36,2025-08-18,1004,N,VIIRS,n,2,286.65,0.22,N,2
32.49692,-116.83614,324.52,0.45,0.47,2025-08-18,1005,N,VIIRS,n,2,288.51,1.91,N,0
32.93711,-115.61129,352.59,0.51,0.5,2025-08-18,1005,N,VIIRS,n,2,297.71,10.47,N,0
33.79381,-117.47321,301.58,0.39,0.44,2025-08-18,1005,N,VIIRS,n,2,290.56,0.57,N,2
33.87541,-116.99825,298.75,0.42,0.45,2025-08-18,1005,N,VIIRS,n,2,288.53,0.21,N,2
34.14442,-117.42783,300.88,0.39,0.44,2025-08-18,1005,N,VIIRS,n,2,290.22,0.16,N,2
34.15277,-118.19493,317.2,0.54,0.42,2025-08-18,1005,N,VIIRS,n,2,289.43,1.69,N,2
34.24441,-118.38125,300.01,0.52,0.42,2025-08-18,1005,N,VIIRS,n,2,289.93,0.38,N,2
34.29312,-118.80375,307.86,0.5,0.41,2025-08-18,1005,N,VIIRS,n,2,288.42,0.6,N,2
34.3359,-118.52128,313.8,0.52,0.41,2025-08-18,1005,N,VIIRS,n,2,290.02,0.87,N,2
34.43099,-118.64715,303.28,0.51,0.41,2025-08-18,1005,N,VIIRS,n,2,289.52,0.89,N,2
34.60725,-117.33546,318.5,0.39,0.44,2025-08-18,1005,N,VIIRS,n,2,292.9,2.4,N,2
34.62152,-117.10127,320.96,0.4,0.44,2025-08-18,1005,N,VIIRS,n,2,294.53,2.27,N,2
32.19997,-115.09402,333.8,0.68,0.74,2025-08-18,1943,N,VIIRS,l,2,305.08,3.7,D,0
32.42054,-114.842,344.75,0.65,0.73,2025-08-18,1943,N,VIIRS,n,2,307.23,7.98,D,0
32.42228,-114.8444,343.25,0.65,0.73,2025-08-18,1943,N,VIIRS,n,2,307.33,7.82,D,0
32.44679,-114.9836,367,0.66,0.73,2025-08-18,1943,N,VIIRS,h,2,304.94,8.22,D,0
32.45328,-114.98621,341.21,0.66,0.73,2025-08-18,1943,N,VIIRS,n,2,304.25,8.22,D,0
32.62318,-114.89348,346.16,0.64,0.72,2025-08-18,1943,N,VIIRS,n,2,304.25,4.52,D,0
32.62766,-114.89325,351.64,0.64,0.72,2025-08-18,1943,N,VIIRS,n,2,303.31,11.09,D,0
32.6552,-114.20779,367,0.59,0.7,2025-08-18,1943,N,VIIRS,h,2,312.26,19.86,D,0
32.75539,-114.51909,335.88,0.61,0.71,2025-08-18,1943,N,VIIRS,l,2,307.33,3.46,D,0
32.75941,-114.52292,338.07,0.61,0.71,2025-08-18,1943,N,VIIRS,n,2,305.88,5.01,D,0
32.76125,-114.51653,342.5,0.61,0.71,2025-08-18,1943,N,VIIRS,n,2,304.58,7.7,D,0
33.28592,-115.51376,341.77,0.67,0.73,2025-08-18,1943,N,VIIRS,n,2,310.36,16.23,D,0
35.57738,-115.48491,344.43,0.58,0.7,2025-08-18,1944,N,VIIRS,n,2,313.46,8.99,D,2
41.40617,-116.27915,367,0.44,0.62,2025-08-18,1946,N,VIIRS,h,2,315.1,12.46,D,0
41.41632,-116.26859,342.35,0.44,0.62,2025-08-18,1946,N,VIIRS,l,2,314.7,13.19,D,0
41.41654,-116.26475,351.89,0.44,0.62,2025-08-18,1946,N,VIIRS,n,2,316.98,8.43,D,0
41.41786,-116.26333,349.13,0.44,0.62,2025-08-18,1946,N,VIIRS,n,2,315.75,9.37,D,0
41.42337,-116.26265,350.61,0.44,0.62,2025-08-18,1946,N,VIIRS,n,2,315.78,8.43,D,0
41.42465,-116.26144,367,0.44,0.62,2025-08-18,1946,N,VIIRS,h,2,316.3,9.37,D,0
41.42693,-116.27493,339.3,0.44,0.62,2025-08-18,1946,N,VIIRS,l,2,313.64,5.63,D,0
41.42846,-116.26972,342.6,0.44,0.62,2025-08-18,1946,N,VIIRS,n,2,311.24,5.57,D,0
41.42865,-116.26591,352.96,0.44,0.62,2025-08-18,1946,N,VIIRS,n,2,312.69,8.79,D,0
41.42996,-116.2646,348.75,0.44,0.62,2025-08-18,1946,N,VIIRS,n,2,312.35,5.57,D,0
41.43195,-116.27909,337.64,0.44,0.62,2025-08-18,1946,N,VIIRS,l,2,307.94,5.63,D,0
41.43222,-116.27518,350.83,0.44,0.62,2025-08-18,1946,N,VIIRS,n,2,312.96,8.79,D,0
41.43348,-116.27386,340.88,0.44,0.62,2025-08-18,1946,N,VIIRS,l,2,314.33,5.57,D,0
41.43846,-116.27818,346.98,0.44,0.62,2025-08-18,1946,N,VIIRS,n,2,312.17,5.79,D,0
41.44378,-116.2813,335.89,0.44,0.62,2025-08-18,1946,N,VIIRS,n,2,310.73,5.79,D,0
41.44386,-116.27798,347.45,0.44,0.62,2025-08-18,1946,N,VIIRS,n,2,310.98,11.39,D,0
41.44517,-116.27653,367,0.44,0.62,2025-08-18,1946,N,VIIRS,h,2,314.31,5.79,D,0
41.44531,-116.27292,341.91,0.44,0.62,2025-08-18,1946,N,VIIRS,l,2,312.18,8.06,D,0
41.44937,-116.28351,367,0.44,0.62,2025-08-18,1946,N,VIIRS,h,2,311.39,19.85,D,0
41.45078,-116.27867,367,0.44,0.62,2025-08-18,1946,N,VIIRS,h,2,313.55,19.85,D,0
41.45098,-116.25664,337.77,0.44,0.62,2025-08-18,1946,N,VIIRS,n,2,312.6,5.26,D,0
41.45213,-116.27406,367,0.44,0.62,2025-08-18,1946,N,VIIRS,h,2,313.97,43.45,D,0
41.45343,-116.26956,367,0.44,0.62,2025-08-18,1946,N,VIIRS,h,2,332.36,43.45,D,0
41.4548,-116.26488,367,0.44,0.62,2025-08-18,1946,N,VIIRS,h,2,321.91,76.3,D,0
41.45618,-116.26015,354.89,0.44,0.62,2025-08-18,1946,N,VIIRS,n,2,324.65,76.3,D,0
41.45759,-116.25533,367,0.44,0.62,2025-08-18,1946,N,VIIRS,h,2,328.68,76.61,D,0
41.45786,-116.27575,354.55,0.44,0.62,2025-08-18,1946,N,VIIRS,n,2,311.49,43.45,D,0
41.45915,-116.27133,353.84,0.44,0.62,2025-08-18,1946,N,VIIRS,n,2,328.73,43.45,D,0
41.46044,-116.26691,367,0.44,0.62,2025-08-18,1946,N,VIIRS,l,2,327.44,76.3,D,0
41.46172,-116.26248,367,0.44,0.62,2025-08-18,1946,N,VIIRS,h,2,350.48,76.3,D,0
41.46303,-116.25802,352.2,0.44,0.62,2025-08-18,1946,N,VIIRS,l,2,331.63,76.61,D,0
41.46443,-116.2532,346.41,0.44,0.62,2025-08-18,1946,N,VIIRS,n,2,308.65,76.61,D,0
41.4685,-116.26058,367,0.44,0.62,2025-08-18,1946,N,VIIRS,h,2,305.07,56.17,D,0
41.47649,-116.25451,367,0.44,0.62,2025-08-18,1946,N,VIIRS,h,2,308.08,14.08,D,0
41.47789,-116.24971,353.3,0.43,0.62,2025-08-18,1946,N,VIIRS,n,2,311.58,14.08,D,0
41.47934,-116.2447,367,0.43,0.62,2025-08-18,1946,N,VIIRS,h,2,314.14,41.45,D,0
41.47997,-116.22112,367,0.43,0.62,2025-08-18,1946,N,VIIRS,h,2,316.84,22.89,D,0
41.48047,-116.26221,343.89,0.44,0.62,2025-08-18,1946,N,VIIRS,n,2,308.1,9,D,0
41.48166,-116.21534,367,0.43,0.62,2025-08-18,1946,N,VIIRS,h,2,320.96,22.89,D,0
41.48183,-116.25754,367,0.44,0.62,2025-08-18,1946,N,VIIRS,h,2,309.07,8.32,D,0
41.48323,-116.2527,353.9,0.43,0.62,2025-08-18,1946,N,VIIRS,n,2,305.91,8.32,D,0
41.48392,-116.22894,340.11,0.43,0.62,2025-08-18,1946,N,VIIRS,n,2,312.14,10.29,D,0
41.48474,-116.24748,355.47,0.43,0.62,2025-08-18,1946,N,VIIRS,n,2,303.29,9.93,D,0
41.48725,-116.26028,338.1,0.44,0.62,2025-08-18,1946,N,VIIRS,n,2,310.31,8.32,D,0
41.48782,-116.23687,346.66,0.43,0.62,2025-08-18,1946,N,VIIRS,n,2,305.83,7.19,D,0
41.49112,-116.22549,349.26,0.43,0.62,2025-08-18,1946,N,VIIRS,n,2,318.96,25.78,D,0
41.49194,-116.24408,340.79,0.43,0.62,2025-08-18,1946,N,VIIRS,n,2,306.66,9.93,D,0
41.49266,-116.22016,367,0.43,0.62,2025-08-18,1946,N,VIIRS,h,2,316.37,25.78,D,0
41.4934,-116.23903,343.43,0.43,0.62,2025-08-18,1946,N,VIIRS,n,2,308.58,7.19,D,0
41.49362,-116.19547,343.64,0.43,0.62,2025-08-18,1946,N,VIIRS,n,2,311.8,19.65,D,0
41.49414,-116.21506,352.46,0.43,0.62,2025-08-18,1946,N,VIIRS,n,2,310.16,23.82,D,0
41.49503,-116.23343,337.97,0.43,0.62,2025-08-18,1946,N,VIIRS,n,2,307.1,7.19,D,0
41.4952,-116.19,367,0.43,0.62,2025-08-18,1946,N,VIIRS,l,2,325.45,46.62,D,0
41.49574,-116.20955,346.09,0.43,0.62,2025-08-18,1946,N,VIIRS,n,2,309.07,23.82,D,0
41.4967,-116.18484,367,0.43,0.62,2025-08-18,1946,N,VIIRS,h,2,313.97,46.62,D,0
41.49672,-116.22759,347.43,0.43,0.62,2025-08-18,1946,N,VIIRS,n,2,307.71,25.78,D,0
41.49741,-116.2038,367,0.43,0.62,2025-08-18,1946,N,VIIRS,l,2,331.09,80.56,D,0
41.49822,-116.2224,367,0.43,0.62,2025-08-18,1946,N,VIIRS,h,2,308.89,25.78,D,0
41.49887,-116.19872,367,0.43,0.62,2025-08-18,1946,N,VIIRS,h,2,345.56,80.56,D,0
41.49969,-116.21731,343.9,0.43,0.62,2025-08-18,1946,N,VIIRS,n,2,306.87,23.82,D,0
41.50034,-116.19367,356.82,0.43,0.62,2025-08-18,1946,N,VIIRS,n,2,327.97,83.11,D,0
41.50132,-116.21169,344.01,0.43,0.62,2025-08-18,1946,N,VIIRS,n,2,309.96,23.82,D,0
41.50182,-116.18855,367,0.43,0.62,2025-08-18,1946,N,VIIRS,h,2,353.39,83.11,D,0
41.50196,-116.23093,338.25,0.43,0.62,2025-08-18,1946,N,VIIRS,n,2,305.96,6.16,D,0
41.50292,-116.20613,351.26,0.43,0.62,2025-08-18,1946,N,VIIRS,n,2,314.59,80.56,D,0
41.50306,-116.24857,344.87,0.43,0.62,2025-08-18,1946,N,VIIRS,n,2,308.22,8.81,D,0
41.50326,-116.18356,367,0.43,0.62,2025-08-18,1946,N,VIIRS,h,2,321.42,86.98,D,0
41.50347,-116.22569,342.34,0.43,0.62,2025-08-18,1946,N,VIIRS,n,2,306.37,6.16,D,0
41.50439,-116.20107,367,0.43,0.62,2025-08-18,1946,N,VIIRS,h,2,321.15,80.56,D,0
41.50446,-116.24371,339.68,0.43,0.62,2025-08-18,1946,N,VIIRS,l,2,310.58,15.12,D,0
41.50499,-116.22042,343.85,0.43,0.62,2025-08-18,1946,N,VIIRS,n,2,310.03,6.79,D,0
41.50578,-116.19627,367,0.43,0.62,2025-08-18,1946,N,VIIRS,h,2,318.1,83.11,D,0
41.50669,-116.21454,344.26,0.43,0.62,2025-08-18,1946,N,VIIRS,n,2,309.93,6.79,D,0
41.50721,-116.19128,367,0.43,0.62,2025-08-18,1946,N,VIIRS,h,2,333.65,83.11,D,0
41.50831,-116.20892,348.18,0.43,0.62,2025-08-18,1946,N,VIIRS,n,2,310.82,13.43,D,0
41.50868,-116.18624,367,0.43,0.62,2025-08-18,1946,N,VIIRS,h,2,350.69,86.98,D,0
41.5087,-116.25054,338.76,0.43,0.62,2025-08-18,1946,N,VIIRS,n,2,291.91,3.02,D,0
41.50884,-116.22855,338.76,0.43,0.62,2025-08-18,1946,N,VIIRS,n,2,300.15,6.16,D,0
41.50985,-116.20361,356.91,0.43,0.62,2025-08-18,1946,N,VIIRS,n,2,316.85,13.43,D,0
41.51018,-116.18104,353,0.43,0.62,2025-08-18,1946,N,VIIRS,n,2,305.07,86.98,D,0
41.51029,-116.22353,342.72,0.43,0.62,2025-08-18,1946,N,VIIRS,n,2,299.48,6.79,D,0
41.51035,-116.15906,347.45,0.43,0.62,2025-08-18,1946,N,VIIRS,n,2,306.98,90.07,D,0
41.51135,-116.19842,367,0.43,0.62,2025-08-18,1946,N,VIIRS,h,2,315.48,116.62,D,0
41.51181,-116.15401,367,0.43,0.62,2025-08-18,1946,N,VIIRS,h,2,353.81,97.75,D,0
41.51186,-116.21812,349.23,0.43,0.62,2025-08-18,1946,N,VIIRS,n,2,300.29,6.79,D,0
41.51281,-116.19332,367,0.43,0.62,2025-08-18,1946,N,VIIRS,l,2,346.94,116.62,D,0
41.51353,-116.2123,357.63,0.43,0.62,2025-08-18,1946,N,VIIRS,n,2,299.43,13.43,D,0
41.51426,-116.18832,367,0.43,0.62,2025-08-18,1946,N,VIIRS,l,2,383.95,330.95,D,0
41.5143,-116.23113,343.21,0.43,0.62,2025-08-18,1946,N,VIIRS,n,2,266.8,5.79,D,0
41.51515,-116.2067,367,0.43,0.62,2025-08-18,1946,N,VIIRS,h,2,304.74,13.43,D,0
41.51567,-116.22639,357.28,0.43,0.62,2025-08-18,1946,N,VIIRS,n,2,280.9,12.58,D,0
41.51571,-116.1833,367,0.43,0.62,2025-08-18,1946,N,VIIRS,h,2,325.9,330.95,D,0
41.51676,-116.2011,367,0.43,0.62,2025-08-18,1946,N,VIIRS,h,2,304.39,116.62,D,0
41.51706,-116.22157,357.3,0.43,0.62,2025-08-18,1946,N,VIIRS,l,2,284.56,12.58,D,0
41.5173,-116.15637,354.44,0.43,0.62,2025-08-18,1946,N,VIIRS,n,2,301.98,97.75,D,0
41.51838,-116.1955,208,0.43,0.62,2025-08-18,1946,N,VIIRS,l,2,324.34,116.62,D,0
41.51865,-116.21603,357.29,0.43,0.62,2025-08-18,1946,N,VIIRS,l,2,287.69,26.65,D,0
41.51972,-116.23383,343.68,0.43,0.62,2025-08-18,1946,N,VIIRS,n,2,273.9,5.79,D,0
41.51989,-116.19025,367,0.43,0.62,2025-08-18,1946,N,VIIRS,l,2,333.88,330.95,D,0
41.52031,-116.21029,367,0.43,0.62,2025-08-18,1946,N,VIIRS,h,2,292.28,26.65,D,0
41.52105,-116.22919,351.32,0.43,0.62,2025-08-18,1946,N,VIIRS,n,2,287.76,12.58,D,0
41.52127,-116.18548,367,0.43,0.62,2025-08-18,1946,N,VIIRS,h,2,317.05,330.95,D,0
41.52197,-116.20451,367,0.43,0.62,2025-08-18,1946,N,VIIRS,h,2,296.15,78.54,D,0
41.5224,-116.22452,353.13,0.43,0.62,2025-08-18,1946,N,VIIRS,n,2,292.52,12.58,D,0
41.52261,-116.18085,345.33,0.43,0.62,2025-08-18,1946,N,VIIRS,n,2,301.17,154.2,D,0
41.52361,-116.19881,208,0.43,0.62,2025-08-18,1946,N,VIIRS,l,2,318.44,78.54,D,0
41.52386,-116.21948,367,0.43,0.62,2025-08-18,1946,N,VIIRS,h,2,292.95,26.65,D,0
41.52503,-116.23694,343.17,0.43,0.62,2025-08-18,1946,N,VIIRS,n,2,283.32,3.94,D,0
41.52509,-116.19369,367,0.43,0.62,2025-08-18,1946,N,VIIRS,l,2,343.32,320.17,D,0
41.52543,-116.21401,367,0.43,0.62,2025-08-18,1946,N,VIIRS,h,2,294.76,26.65,D,0
41.52633,-116.2324,342.59,0.43,0.62,2025-08-18,1946,N,VIIRS,n,2,297.87,11.89,D,0
41.52644,-116.18898,367,0.43,0.62,2025-08-18,1946,N,VIIRS,l,2,352.91,320.17,D,0
41.52712,-116.20815,367,0.43,0.62,2025-08-18,1946,N,VIIRS,h,2,293.57,78.54,D,0
41.52767,-116.22773,344.31,0.43,0.62,2025-08-18,1946,N,VIIRS,n,2,298.89,11.89,D,0
41.52781,-116.18427,367,0.43,0.62,2025-08-18,1946,N,VIIRS,h,2,302.01,287.39,D,0
41.52876,-116.20243,349.26,0.43,0.62,2025-08-18,1946,N,VIIRS,n,2,296.58,78.54,D,0
41.52889,-116.24505,339.38,0.43,0.62,2025-08-18,1946,N,VIIRS,n,2,281.66,3.94,D,0
41.52912,-116.22272,347.33,0.43,0.62,2025-08-18,1946,N,VIIRS,n,2,297.08,8.16,D,0
41.53024,-116.19728,208,0.43,0.62,2025-08-18,1946,N,VIIRS,l,2,312.1,320.17,D,0
41.53028,-116.24023,340.3,0.43,0.62,2025-08-18,1946,N,VIIRS,n,2,299.51,3.94,D,0
41.53063,-116.21747,357.32,0.43,0.62,2025-08-18,1946,N,VIIRS,n,2,290.44,8.16,D,0
41.53161,-116.19253,367,0.43,0.62,2025-08-18,1946,N,VIIRS,l,2,334.83,320.17,D,0
41.53219,-116.21204,367,0.43,0.62,2025-08-18,1946,N,VIIRS,h,2,290.48,24.72,D,0
41.53293,-116.18793,367,0.43,0.62,2025-08-18,1946,N,VIIRS,h,2,334.13,287.39,D,0
41.53382,-116.20637,367,0.43,0.62,2025-08-18,1946,N,VIIRS,h,2,294.21,24.72,D,0
41.53437,-116.22601,340.33,0.43,0.62,2025-08-18,1946,N,VIIRS,n,2,299.97,8.16,D,0
41.53445,-116.18264,367,0.43,0.62,2025-08-18,1946,N,VIIRS,h,2,294.66,287.39,D,0
41.53537,-116.20097,348.92,0.43,0.62,2025-08-18,1946,N,VIIRS,n,2,304.75,83.09,D,0
41.53556,-116.2434,356.14,0.43,0.62,2025-08-18,1946,N,VIIRS,n,2,307.39,16.73,D,0
41.53584,-116.22087,344.22,0.43,0.62,2025-08-18,1946,N,VIIRS,n,2,297.38,8.16,D,0
41.53683,-116.19588,208,0.43,0.62,2025-08-18,1946,N,VIIRS,l,2,318.48,83.09,D,0
41.53693,-116.23867,347.53,0.43,0.62,2025-08-18,1946,N,VIIRS,n,2,303.68,13.94,D,0
41.53734,-116.21565,348.85,0.43,0.62,2025-08-18,1946,N,VIIRS,n,2,297.37,24.72,D,0
41.53735,-116.2449,353.53,0.43,0.62,2025-08-18,1946,N,VIIRS,n,2,311.62,11.25,D,0
41.53813,-116.19135,367,0.43,0.62,2025-08-18,1946,N,VIIRS,l,2,354.88,251.68,D,0
41.53827,-116.23399,347.24,0.43,0.62,2025-08-18,1946,N,VIIRS,n,2,303.67,13.94,D,0
41.53875,-116.24012,367,0.43,0.62,2025-08-18,1946,N,VIIRS,h,2,310.69,11.25,D,0
41.53888,-116.21031,353.44,0.43,0.62,2025-08-18,1946,N,VIIRS,n,2,298.97,24.72,D,0
41.53951,-116.18657,367,0.43,0.62,2025-08-18,1946,N,VIIRS,h,2,321.18,251.68,D,0
41.53963,-116.22923,341.16,0.43,0.62,2025-08-18,1946,N,VIIRS,n,2,301.1,14.06,D,0
41.54013,-116.23542,367,0.43,0.62,2025-08-18,1946,N,VIIRS,h,2,305.96,24.1,D,0
41.54044,-116.20485,367,0.43,0.62,2025-08-18,1946,N,VIIRS,h,2,301.44,83.09,D,0
41.54108,-116.22421,340.84,0.43,0.62,2025-08-18,1946,N,VIIRS,n,2,302.32,14.06,D,0
41.5411,-116.18104,367,0.43,0.62,2025-08-18,1946,N,VIIRS,h,2,292.7,99.95,D,0
41.54151,-116.23072,352.3,0.43,0.62,2025-08-18,1946,N,VIIRS,n,2,302.49,24.1,D,0
41.54197,-116.19955,353.38,0.43,0.62,2025-08-18,1946,N,VIIRS,n,2,302.97,83.09,D,0
41.54227,-116.24162,367,0.43,0.62,2025-08-18,1946,N,VIIRS,h,2,312.13,13.94,D,0
41.54294,-116.22583,367,0.43,0.62,2025-08-18,1946,N,VIIRS,h,2,304.14,10.82,D,0
41.54337,-116.19466,367,0.43,0.62,2025-08-18,1946,N,VIIRS,l,2,326.57,251.68,D,0
41.54364,-116.23689,367,0.43,0.62,2025-08-18,1946,N,VIIRS,h,2,312.66,13.94,D,0
41.5441,-116.24306,367,0.43,0.62,2025-08-18,1946,N,VIIRS,h,2,309.7,11.25,D,0
41.54443,-116.22076,338.44,0.43,0.62,2025-08-18,1946,N,VIIRS,n,2,302.05,10.82,D,0
41.54469,-116.19007,367,0.43,0.62,2025-08-18,1946,N,VIIRS,h,2,312.99,251.68,D,0
41.54498,-116.23219,367,0.43,0.62,2025-08-18,1946,N,VIIRS,h,2,304.58,14.06,D,0
41.5455,-116.23829,367,0.43,0.62,2025-08-18,1946,N,VIIRS,h,2,313.31,24.1,D,0
41.54554,-116.20863,348.56,0.43,0.62,2025-08-18,1946,N,VIIRS,n,2,297.23,34.79,D,0
41.54593,-116.21567,338.89,0.43,0.62,2025-08-18,1946,N,VIIRS,n,2,301.43,27.44,D,0
41.54609,-116.18518,367,0.43,0.62,2025-08-18,1946,N,VIIRS,h,2,291.06,99.95,D,0
41.54637,-116.22735,367,0.43,0.62,2025-08-18,1946,N,VIIRS,h,2,309.05,14.06,D,0
41.54687,-116.23359,367,0.43,0.62,2025-08-18,1946,N,VIIRS,h,2,305.65,24.1,D,0
41.54707,-116.20332,367,0.43,0.62,2025-08-18,1946,N,VIIRS,h,2,295.77,34.79,D,0
41.54745,-116.21045,343.01,0.43,0.62,2025-08-18,1946,N,VIIRS,n,2,299.13,27.44,D,0
41.54761,-116.24463,340.47,0.43,0.62,2025-08-18,1946,N,VIIRS,n,2,308.44,25.15,D,0
41.54827,-116.2288,367,0.43,0.62,2025-08-18,1946,N,VIIRS,h,2,306.75,10.82,D,0
41.54853,-116.19823,367,0.43,0.62,2025-08-18,1946,N,VIIRS,h,2,299.35,35.76,D,0
41.54897,-116.23986,367,0.43,0.62,2025-08-18,1946,N,VIIRS,h,2,313.94,25.15,D,0
41.54897,-116.20526,367,0.43,0.62,2025-08-18,1946,N,VIIRS,h,2,298.56,67.85,D,0
41.5493,-116.21712,342.42,0.43,0.62,2025-08-18,1946,N,VIIRS,n,2,302.2,35.94,D,0
41.54942,-116.24609,353.54,0.43,0.62,2025-08-18,1946,N,VIIRS,n,2,310.14,21.96,D,0
41.54976,-116.22375,339.73,0.43,0.62,2025-08-18,1946,N,VIIRS,n,2,300.37,10.82,D,0
41.54992,-116.19336,349.78,0.43,0.62,2025-08-18,1946,N,VIIRS,n,2,291.19,35.76,D,0
41.55033,-116.23514,350.98,0.43,0.62,2025-08-18,1946,N,VIIRS,n,2,306.07,23.89,D,0
41.55046,-116.2002,367,0.43,0.62,2025-08-18,1946,N,VIIRS,h,2,298.93,67.85,D,0
41.55076,-116.21201,349.73,0.43,0.62,2025-08-18,1946,N,VIIRS,n,2,310.57,34.79,D,0
41.55082,-116.24133,367,0.43,0.62,2025-08-18,1946,N,VIIRS,h,2,315.33,28.63,D,0
41.55125,-116.21864,354.46,0.43,0.62,2025-08-18,1946,N,VIIRS,n,2,302.51,27.44,D,0
41.55172,-116.23027,356.97,0.43,0.62,2025-08-18,1946,N,VIIRS,n,2,303.03,23.89,D,0
41.55192,-116.19519,339.24,0.43,0.62,2025-08-18,1946,N,VIIRS,n,2,292.61,30.41,D,0
41.5522,-116.2366,350.85,0.43,0.62,2025-08-18,1946,N,VIIRS,n,2,306.79,28.63,D,0
41.5522,-116.20698,348.93,0.43,0.62,2025-08-18,1946,N,VIIRS,n,2,316.5,34.79,D,0
41.55273,-116.21359,348.06,0.43,0.62,2025-08-18,1946,N,VIIRS,n,2,316.36,27.44,D,0
41.55291,-116.24776,346.47,0.43,0.62,2025-08-18,1946,N,VIIRS,n,2,310.56,25.15,D,0
41.55364,-116.23168,353.59,0.43,0.62,2025-08-18,1946,N,VIIRS,n,2,301.73,23.07,D,0
41.55368,-116.20181,356.58,0.43,0.62,2025-08-18,1946,N,VIIRS,n,2,296.46,35.76,D,0
41.5543,-116.24287,367,0.43,0.62,2025-08-18,1946,N,VIIRS,h,2,316.73,25.15,D,0
41.5547,-116.21988,367,0.43,0.62,2025-08-18,1946,N,VIIRS,h,2,301.1,18.37,D,0
41.55473,-116.24919,353.29,0.43,0.62,2025-08-18,1946,N,VIIRS,n,2,311.11,21.96,D,0
41.55515,-116.22653,342.39,0.43,0.62,2025-08-18,1946,N,VIIRS,n,2,299.33,23.07,D,0
41.5557,-116.23798,367,0.43,0.62,2025-08-18,1946,N,VIIRS,h,2,309.06,23.89,D,0
41.55578,-116.20316,367,0.43,0.62,2025-08-18,1946,N,VIIRS,h,2,304.75,67.85,D,0
41.55617,-116.24425,367,0.43,0.62,2025-08-18,1946,N,VIIRS,h,2,314.31,28.63,D,0
41.55618,-116.21468,367,0.43,0.62,2025-08-18,1946,N,VIIRS,h,2,306.29,34.83,D,0
41.55672,-116.22116,367,0.43,0.62,2025-08-18,1946,N,VIIRS,h,2,301.63,11.35,D,0
41.55717,-116.23284,367,0.43,0.62,2025-08-18,1946,N,VIIRS,h,2,306.99,23.89,D,0
41.55763,-116.23925,367,0.43,0.62,2025-08-18,1946,N,VIIRS,h,2,310.5,28.63,D,0
41.55769,-116.20941,311.1,0.43,0.62,2025-08-18,1946,N,VIIRS,l,2,311.86,34.83,D,0
41.55822,-116.25082,355.41,0.43,0.62,2025-08-18,1946,N,VIIRS,n,2,309.17,11.13,D,0
41.55826,-116.21589,342.49,0.43,0.62,2025-08-18,1946,N,VIIRS,n,2,302.23,11.35,D,0
41.5587,-116.2275,367,0.43,0.62,2025-08-18,1946,N,VIIRS,h,2,303.86,18.37,D,0
41.55916,-116.23403,367,0.43,0.62,2025-08-18,1946,N,VIIRS,h,2,309.34,23.07,D,0
41.55931,-116.20373,367,0.43,0.62,2025-08-18,1946,N,VIIRS,h,2,324.38,95.07,D,0
41.55966,-116.24579,367,0.43,0.62,2025-08-18,1946,N,VIIRS,h,2,314.62,11.13,D,0
41.56005,-116.25221,346.42,0.43,0.62,2025-08-18,1946,N,VIIRS,n,2,310.74,9.91,D,0
41.56023,-116.22213,350.2,0.43,0.62,2025-08-18,1946,N,VIIRS,n,2,301.82,18.37,D,0
41.56071,-116.22871,367,0.43,0.62,2025-08-18,1946,N,VIIRS,h,2,307.52,23.07,D,0
41.56116,-116.24055,356.03,0.43,0.62,2025-08-18,1946,N,VIIRS,n,2,308.66,9,D,0
41.56142,-116.20507,367,0.43,0.62,2025-08-18,1946,N,VIIRS,h,2,312.31,80.48,D,0
41.56152,-116.24717,367,0.43,0.62,2025-08-18,1946,N,VIIRS,h,2,311.37,7.77,D,0
41.56175,-116.21683,341.06,0.43,0.62,2025-08-18,1946,N,VIIRS,n,2,302.11,34.83,D,0
41.56226,-116.22343,354.95,0.43,0.62,2025-08-18,1946,N,VIIRS,n,2,301.94,11.35,D,0
41.56268,-116.23521,347.2,0.43,0.62,2025-08-18,1946,N,VIIRS,n,2,309.01,9,D,0
41.56308,-116.24186,347.09,0.43,0.62,2025-08-18,1946,N,VIIRS,n,2,308.21,7.77,D,0
41.56328,-116.21146,367,0.43,0.62,2025-08-18,1946,N,VIIRS,h,2,304.24,34.83,D,0
41.56379,-116.21819,355.23,0.43,0.62,2025-08-18,1946,N,VIIRS,n,2,303.61,11.35,D,0
41.56419,-116.22993,367,0.43,0.62,2025-08-18,1946,N,VIIRS,h,2,309.55,14.27,D,0
41.56464,-116.23651,345.31,0.43,0.62,2025-08-18,1946,N,VIIRS,n,2,308.91,13.66,D,0
41.56488,-116.20586,345.66,0.43,0.62,2025-08-18,1946,N,VIIRS,n,2,298.1,95.07,D,0
41.56513,-116.24829,341.44,0.43,0.62,2025-08-18,1946,N,VIIRS,n,2,308.89,11.13,D,0
41.56532,-116.21292,341.45,0.43,0.62,2025-08-18,1946,N,VIIRS,n,2,301.05,80.48,D,0
41.56567,-116.22475,367,0.43,0.62,2025-08-18,1946,N,VIIRS,h,2,307.29,14.27,D,0
41.56614,-116.23132,347.82,0.43,0.62,2025-08-18,1946,N,VIIRS,n,2,309.46,13.66,D,0
41.56666,-116.24294,341.05,0.43,0.62,2025-08-18,1946,N,VIIRS,n,2,308.85,9,D,0
41.56711,-116.24931,337.51,0.43,0.62,2025-08-18,1946,N,VIIRS,n,2,310.1,7.77,D,0
41.56715,-116.21959,367,0.43,0.62,2025-08-18,1946,N,VIIRS,h,2,315.16,23.45,D,0
41.56764,-116.22623,356.21,0.43,0.62,2025-08-18,1946,N,VIIRS,n,2,311.37,34.2,D,0
41.56813,-116.23779,342.82,0.43,0.62,2025-08-18,1946,N,VIIRS,n,2,307.63,9,D,0
41.56865,-116.24403,343.81,0.43,0.62,2025-08-18,1946,N,VIIRS,n,2,309.52,7.77,D,0
41.56865,-116.21428,349.18,0.43,0.62,2025-08-18,1946,N,VIIRS,n,2,301.91,23.45,D,0
41.56913,-116.22109,367,0.43,0.62,2025-08-18,1946,N,VIIRS,h,2,315.84,34.2,D,0
41.56957,-116.23274,352.79,0.43,0.62,2025-08-18,1946,N,VIIRS,n,2,309.38,14.27,D,0
41.57011,-116.23901,343.56,0.43,0.62,2025-08-18,1946,N,VIIRS,n,2,308.06,13.66,D,0
41.57066,-116.21584,367,0.43,0.62,2025-08-18,1946,N,VIIRS,h,2,304.24,13.65,D,0
41.57102,-116.22768,367,0.43,0.62,2025-08-18,1946,N,VIIRS,h,2,311.83,14.27,D,0
41.57154,-116.2341,354.7,0.43,0.62,2025-08-18,1946,N,VIIRS,n,2,312.89,13.66,D,0
41.57249,-116.22253,367,0.43,0.62,2025-08-18,1946,N,VIIRS,h,2,308.28,23.45,D,0
41.57299,-116.22911,367,0.43,0.62,2025-08-18,1946,N,VIIRS,h,2,315.61,34.2,D,0
41.574,-116.2172,367,0.43,0.62,2025-08-18,1946,N,VIIRS,h,2,305.98,23.45,D,0
41.57409,-116.24664,367,0.43,0.62,2025-08-18,1946,N,VIIRS,h,2,310.83,12.66,D,0
41.57449,-116.22398,367,0.43,0.62,2025-08-18,1946,N,VIIRS,h,2,307.71,34.2,D,0
41.57548,-116.24186,367,0.43,0.62,2025-08-18,1946,N,VIIRS,h,2,311.71,21.73,D,0
41.57603,-116.21869,367,0.43,0.62,2025-08-18,1946,N,VIIRS,h,2,308.6,13.65,D,0
41.57688,-116.23705,367,0.43,0.62,2025-08-18,1946,N,VIIRS,h,2,311.15,21.73,D,0
41.57767,-116.21306,336.58,0.43,0.62,2025-08-18,1946,N,VIIRS,n,2,300.27,13.65,D,0
41.57985,-116.22686,367,0.43,0.62,2025-08-18,1946,N,VIIRS,l,2,325.15,79.52,D,0
41.58081,-116.24485,332.6,0.43,0.62,2025-08-18,1946,N,VIIRS,n,2,301.63,21.73,D,0
41.58223,-116.23996,341.98,0.43,0.62,2025-08-18,1946,N,VIIRS,n,2,303.68,21.73,D,0
41.58299,-116.21603,367,0.43,0.62,2025-08-18,1946,N,VIIRS,h,2,309.88,121.81,D,0
41.5837,-116.2349,354.89,0.43,0.62,2025-08-18,1946,N,VIIRS,n,2,306.52,79.52,D,0
41.58521,-116.22971,367,0.43,0.62,2025-08-18,1946,N,VIIRS,h,2,304.92,79.52,D,0
41.58675,-116.2244,367,0.43,0.62,2025-08-18,1946,N,VIIRS,h,2,299.56,121.81,D,0
32.09155,-115.14327,349.8,0.63,0.54,2025-08-18,2123,N,VIIRS,n,2,317.18,62.06,D,0
32.21343,-115.00378,344.62,0.32,0.55,2025-08-18,2123,N,VIIRS,n,2,313.8,3.78,D,0
32.21851,-115.0043,338.44,0.32,0.55,2025-08-18,2123,N,VIIRS,l,2,313.39,3.78,D,0
32.61683,-114.91022,348.46,0.33,0.55,2025-08-18,2123,N,VIIRS,n,2,313.35,4.78,D,0
32.62328,-114.89297,355.63,0.33,0.55,2025-08-18,2123,N,VIIRS,n,2,314.33,5.22,D,0
32.65625,-114.20791,367,0.36,0.57,2025-08-18,2123,N,VIIRS,h,2,314.37,13.91,D,0
33.19583,-115.56053,345.56,0.61,0.53,2025-08-18,2124,N,VIIRS,n,2,315.33,27.42,D,0
33.28431,-115.51906,343.78,0.61,0.54,2025-08-18,2124,N,VIIRS,l,2,315.17,18.35,D,0
33.28455,-115.51695,345.55,0.61,0.54,2025-08-18,2124,N,VIIRS,l,2,318.05,28.63,D,0
33.28481,-115.51247,347.37,0.61,0.54,2025-08-18,2124,N,VIIRS,l,2,318.77,25.34,D,0
35.44607,-120.66438,337.89,0.52,0.41,2025-08-18,2124,N,VIIRS,l,2,311.08,20.09,D,0
35.44923,-120.67073,338.16,0.52,0.41,2025-08-18,2124,N,VIIRS,l,2,313.07,27.23,D,0
35.44989,-120.66491,341.22,0.52,0.41,2025-08-18,2124,N,VIIRS,l,2,312.76,20.09,D,0
38.40892,-121.87464,332.63,0.49,0.4,2025-08-18,2125,N,VIIRS,l,2,307.55,3.38,D,0
39.13337,-122.28265,336.77,0.48,0.4,2025-08-18,2125,N,VIIRS,n,2,305.82,19.98,D,0
39.14075,-122.28403,345.34,0.48,0.4,2025-08-18,2125,N,VIIRS,n,2,306.38,5.36,D,0
39.15995,-122.24749,339.16,0.48,0.4,2025-08-18,2125,N,VIIRS,n,2,303.96,3.34,D,0
39.18898,-121.64418,343.74,0.51,0.41,2025-08-18,2125,N,VIIRS,n,2,309.48,6.46,D,0
39.19149,-121.64532,347.23,0.51,0.41,2025-08-18,2125,N,VIIRS,n,2,307.76,5.71,D,0
39.38548,-121.6638,330.84,0.51,0.41,2025-08-18,2125,N,VIIRS,l,2,305.22,2.31,D,0
41.40442,-116.28201,354.68,0.34,0.56,2025-08-18,2126,N,VIIRS,n,2,319.09,26.61,D,0
41.40464,-116.27817,367,0.34,0.56,2025-08-18,2126,N,VIIRS,h,2,328.8,26.61,D,0
41.40937,-116.28629,354.97,0.33,0.56,2025-08-18,2126,N,VIIRS,n,2,317.29,23.66,D,0
41.40961,-116.28223,367,0.34,0.56,2025-08-18,2126,N,VIIRS,h,2,317.22,26.61,D,0
41.41456,-116.28648,367,0.33,0.56,2025-08-18,2126,N,VIIRS,h,2,319.81,27.29,D,0
41.41951,-116.29075,367,0.33,0.56,2025-08-18,2126,N,VIIRS,h,2,317.03,27.29,D,0
41.41974,-116.28684,342.29,0.33,0.56,2025-08-18,2126,N,VIIRS,n,2,316.77,27.29,D,0
41.42492,-116.28721,343.78,0.33,0.56,2025-08-18,2126,N,VIIRS,n,2,312.83,6.64,D,0
41.43032,-116.28382,367,0.34,0.56,2025-08-18,2126,N,VIIRS,h,2,313.52,10.89,D,0
41.43052,-116.28026,367,0.34,0.56,2025-08-18,2126,N,VIIRS,h,2,316.27,10.89,D,0
41.43554,-116.28348,367,0.34,0.56,2025-08-18,2126,N,VIIRS,l,2,325.59,19.93,D,0
41.43576,-116.27969,367,0.34,0.56,2025-08-18,2126,N,VIIRS,h,2,318.09,19.93,D,0
41.43613,-116.28602,347.77,0.34,0.56,2025-08-18,2126,N,VIIRS,n,2,311.47,23.71,D,0
41.43634,-116.28207,367,0.34,0.56,2025-08-18,2126,N,VIIRS,h,2,325.93,35.11,D,0
41.44073,-116.28371,367,0.34,0.56,2025-08-18,2126,N,VIIRS,h,2,313.97,19.93,D,0
41.44098,-116.27961,346.05,0.34,0.56,2025-08-18,2126,N,VIIRS,n,2,313.37,19.93,D,0
41.44153,-116.2823,367,0.34,0.56,2025-08-18,2126,N,VIIRS,h,2,315.37,35.11,D,0
41.44616,-116.28001,367,0.34,0.56,2025-08-18,2126,N,VIIRS,h,2,316.28,9.18,D,0
41.44669,-116.283,356.25,0.34,0.56,2025-08-18,2126,N,VIIRS,n,2,313.75,8.34,D,0
41.44693,-116.27855,367,0.34,0.56,2025-08-18,2126,N,VIIRS,h,2,317.46,8.34,D,0
41.45105,-116.28527,348.27,0.34,0.56,2025-08-18,2126,N,VIIRS,n,2,311.88,9.18,D,0
41.4513,-116.28099,367,0.34,0.56,2025-08-18,2126,N,VIIRS,h,2,319.54,9.18,D,0
41.45156,-116.27661,367,0.34,0.56,2025-08-18,2126,N,VIIRS,h,2,317.5,21.63,D,0
41.45185,-116.28384,367,0.34,0.56,2025-08-18,2126,N,VIIRS,h,2,315.87,8.34,D,0
41.45207,-116.27966,367,0.34,0.56,2025-08-18,2126,N,VIIRS,h,2,319,8.34,D,0
41.45232,-116.27513,342.01,0.34,0.56,2025-08-18,2126,N,VIIRS,n,2,315.18,12.63,D,0
41.45721,-116.2809,351.86,0.34,0.56,2025-08-18,2126,N,VIIRS,n,2,316.02,48.56,D,0
41.45745,-116.27646,367,0.34,0.56,2025-08-18,2126,N,VIIRS,h,2,319.55,49.61,D,0
41.46234,-116.28218,208,0.34,0.56,2025-08-18,2126,N,VIIRS,l,2,322,48.56,D,0
41.46259,-116.27773,367,0.34,0.56,2025-08-18,2126,N,VIIRS,h,2,348.98,49.61,D,0
41.46285,-116.27283,346.4,0.34,0.56,2025-08-18,2126,N,VIIRS,n,2,316.68,49.61,D,0
41.46362,-116.25858,350.87,0.34,0.56,2025-08-18,2126,N,VIIRS,n,2,316.95,5.81,D,0
41.46386,-116.25423,343.33,0.34,0.56,2025-08-18,2126,N,VIIRS,n,2,316.38,5.81,D,0
41.46755,-116.28204,342.63,0.34,0.56,2025-08-18,2126,N,VIIRS,n,2,309.52,63.28,D,0
41.4678,-116.27746,354.89,0.34,0.56,2025-08-18,2126,N,VIIRS,n,2,329.15,44.47,D,0
41.46806,-116.27285,356.33,0.34,0.56,2025-08-18,2126,N,VIIRS,n,2,313.86,44.47,D,0
41.46831,-116.2682,341.02,0.34,0.56,2025-08-18,2126,N,VIIRS,n,2,312.78,28.82,D,0
41.46881,-116.25903,367,0.34,0.56,2025-08-18,2126,N,VIIRS,h,2,320.14,19.79,D,0
41.46904,-116.25471,344.83,0.34,0.56,2025-08-18,2126,N,VIIRS,n,2,316.79,19.79,D,0
41.47304,-116.27691,343.96,0.34,0.56,2025-08-18,2126,N,VIIRS,n,2,317.86,44.47,D,0
41.47328,-116.27245,367,0.34,0.56,2025-08-18,2126,N,VIIRS,l,2,334.1,44.47,D,0
41.47352,-116.26803,367,0.34,0.56,2025-08-18,2126,N,VIIRS,h,2,316.17,28.82,D,0
41.47377,-116.26357,367,0.34,0.56,2025-08-18,2126,N,VIIRS,h,2,314.55,28.82,D,0
41.47401,-116.25913,354.53,0.34,0.56,2025-08-18,2126,N,VIIRS,n,2,326.62,19.79,D,0
41.47425,-116.25483,354.37,0.34,0.56,2025-08-18,2126,N,VIIRS,n,2,312.23,19.79,D,0
41.47875,-116.26766,353.92,0.34,0.56,2025-08-18,2126,N,VIIRS,n,2,309.71,11.55,D,0
41.47898,-116.26343,367,0.34,0.56,2025-08-18,2126,N,VIIRS,h,2,316.38,11.55,D,0
41.47923,-116.25908,367,0.34,0.56,2025-08-18,2126,N,VIIRS,h,2,310.09,14.62,D,0
41.47946,-116.25477,356.28,0.34,0.56,2025-08-18,2126,N,VIIRS,n,2,307.86,14.62,D,0
41.47969,-116.25061,350.49,0.34,0.56,2025-08-18,2126,N,VIIRS,n,2,309.29,5.79,D,0
41.47991,-116.24653,343.6,0.34,0.56,2025-08-18,2126,N,VIIRS,n,2,310.95,5.79,D,0
41.48013,-116.24255,352.05,0.34,0.56,2025-08-18,2126,N,VIIRS,n,2,311.4,10.15,D,0
41.48035,-116.23855,354.64,0.34,0.56,2025-08-18,2126,N,VIIRS,n,2,312.21,10.15,D,0
41.48057,-116.23452,352.39,0.34,0.56,2025-08-18,2126,N,VIIRS,n,2,310.33,5.62,D,0
41.48079,-116.23053,350.18,0.34,0.56,2025-08-18,2126,N,VIIRS,n,2,312.02,5.62,D,0
41.481,-116.22659,367,0.34,0.56,2025-08-18,2126,N,VIIRS,h,2,314.21,9.15,D,0
41.48122,-116.22266,367,0.34,0.56,2025-08-18,2126,N,VIIRS,h,2,314.75,9.15,D,0
41.48418,-116.26359,337.23,0.34,0.56,2025-08-18,2126,N,VIIRS,n,2,305.66,11.55,D,0
41.48488,-116.25105,338.45,0.34,0.56,2025-08-18,2126,N,VIIRS,n,2,305.13,5.79,D,0
41.48509,-116.24713,367,0.34,0.56,2025-08-18,2126,N,VIIRS,h,2,311.66,5.79,D,0
41.48532,-116.24314,367,0.34,0.56,2025-08-18,2126,N,VIIRS,h,2,319.03,10.15,D,0
41.48553,-116.23914,344.11,0.34,0.56,2025-08-18,2126,N,VIIRS,n,2,309.03,10.15,D,0
41.48574,-116.23524,350.67,0.34,0.56,2025-08-18,2126,N,VIIRS,n,2,312.34,5.62,D,0
41.49025,-116.24821,335.94,0.34,0.56,2025-08-18,2126,N,VIIRS,n,2,306.84,10.68,D,0
41.49047,-116.24422,318.9,0.34,0.56,2025-08-18,2126,N,VIIRS,l,2,319.32,31.6,D,0
41.4907,-116.24007,367,0.34,0.56,2025-08-18,2126,N,VIIRS,h,2,311,31.6,D,0
41.49092,-116.23613,338,0.34,0.56,2025-08-18,2126,N,VIIRS,n,2,309.56,12.18,D,0
41.49177,-116.22066,353.22,0.34,0.56,2025-08-18,2126,N,VIIRS,n,2,314.48,8.28,D,0
41.4956,-116.24568,338.63,0.34,0.56,2025-08-18,2126,N,VIIRS,n,2,306.71,31.6,D,0
41.49802,-116.20206,367,0.34,0.56,2025-08-18,2126,N,VIIRS,h,2,313.69,9.97,D,0
41.49825,-116.19785,367,0.34,0.56,2025-08-18,2126,N,VIIRS,h,2,319.45,9.92,D,0
41.49847,-116.19392,341.7,0.34,0.56,2025-08-18,2126,N,VIIRS,n,2,315.7,9.92,D,0
41.49868,-116.19014,350.14,0.34,0.56,2025-08-18,2126,N,VIIRS,n,2,318.16,13.25,D,0
41.49912,-116.18207,367,0.34,0.56,2025-08-18,2126,N,VIIRS,h,2,313.26,9.68,D,0
41.50055,-116.2504,337.93,0.34,0.56,2025-08-18,2126,N,VIIRS,n,2,306.56,1.25,D,0
41.50078,-116.24625,341.39,0.34,0.56,2025-08-18,2126,N,VIIRS,n,2,305.94,3.48,D,0
41.5039,-116.19015,348.59,0.34,0.56,2025-08-18,2126,N,VIIRS,n,2,317.23,7.55,D,0
41.50414,-116.186,349.65,0.34,0.56,2025-08-18,2126,N,VIIRS,n,2,314.45,7.55,D,0
41.50573,-116.25117,342.53,0.34,0.56,2025-08-18,2126,N,VIIRS,n,2,308.28,1.25,D,0
41.50932,-116.18675,356.94,0.34,0.56,2025-08-18,2126,N,VIIRS,n,2,317.18,7.55,D,0
41.50955,-116.18268,353.92,0.34,0.56,2025-08-18,2126,N,VIIRS,n,2,325.77,42.34,D,0
41.50977,-116.17865,367,0.34,0.56,2025-08-18,2126,N,VIIRS,h,2,327.47,42.34,D,0
41.51062,-116.25676,340.2,0.34,0.56,2025-08-18,2126,N,VIIRS,n,2,312.35,3.88,D,0
41.51072,-116.16164,345.66,0.34,0.56,2025-08-18,2126,N,VIIRS,n,2,305.91,18.16,D,0
41.51086,-116.25246,344.17,0.34,0.56,2025-08-18,2126,N,VIIRS,n,2,311.07,3.88,D,0
41.51095,-116.15738,367,0.34,0.56,2025-08-18,2126,N,VIIRS,h,2,333.52,35.67,D,0
41.51118,-116.15332,356.72,0.34,0.56,2025-08-18,2126,N,VIIRS,n,2,317.82,35.67,D,0
41.51426,-116.19197,344.69,0.34,0.56,2025-08-18,2126,N,VIIRS,l,2,318.78,6.15,D,0
41.5145,-116.18774,352.14,0.34,0.56,2025-08-18,2126,N,VIIRS,n,2,320.97,6.15,D,0
41.51473,-116.18356,367,0.34,0.56,2025-08-18,2126,N,VIIRS,h,2,321.25,40.34,D,0
41.51496,-116.17944,367,0.34,0.56,2025-08-18,2126,N,VIIRS,l,2,343.74,40.34,D,0
41.51519,-116.17542,367,0.34,0.56,2025-08-18,2126,N,VIIRS,h,2,304.5,115.04,D,0
41.51581,-116.25721,367,0.34,0.56,2025-08-18,2126,N,VIIRS,h,2,311.86,3.88,D,0
41.51591,-116.16246,208,0.34,0.56,2025-08-18,2126,N,VIIRS,l,2,319.95,119.23,D,0
41.51606,-116.25287,340.24,0.34,0.56,2025-08-18,2126,N,VIIRS,n,2,310.28,3.88,D,0
41.51615,-116.15817,367,0.34,0.56,2025-08-18,2126,N,VIIRS,h,2,348.54,96.43,D,0
41.51638,-116.15403,367,0.34,0.56,2025-08-18,2126,N,VIIRS,h,2,316.69,96.43,D,0
41.51659,-116.15014,367,0.34,0.56,2025-08-18,2126,N,VIIRS,h,2,321.29,40.63,D,0
41.51943,-116.19296,349.34,0.34,0.56,2025-08-18,2126,N,VIIRS,n,2,319.41,6.15,D,0
41.51966,-116.18887,344.24,0.34,0.56,2025-08-18,2126,N,VIIRS,n,2,314.66,6.15,D,0
41.51991,-116.18454,367,0.34,0.56,2025-08-18,2126,N,VIIRS,h,2,322.27,40.34,D,0
41.52015,-116.18026,367,0.34,0.56,2025-08-18,2126,N,VIIRS,h,2,311.7,40.34,D,0
41.5211,-116.16327,367,0.34,0.56,2025-08-18,2126,N,VIIRS,l,2,326.84,119.23,D,0
41.52134,-116.159,367,0.34,0.56,2025-08-18,2126,N,VIIRS,h,2,344.84,96.43,D,0
41.52157,-116.15488,367,0.34,0.56,2025-08-18,2126,N,VIIRS,h,2,318.87,96.43,D,0
41.5218,-116.15078,367,0.34,0.56,2025-08-18,2126,N,VIIRS,l,2,333.21,40.63,D,0
41.52203,-116.14668,367,0.34,0.56,2025-08-18,2126,N,VIIRS,h,2,323.4,40.63,D,0
41.52444,-116.19704,351.54,0.34,0.56,2025-08-18,2126,N,VIIRS,n,2,318.78,6.93,D,0
41.52466,-116.19303,352.09,0.34,0.56,2025-08-18,2126,N,VIIRS,n,2,320.12,9.8,D,0
41.5249,-116.1888,367,0.34,0.56,2025-08-18,2126,N,VIIRS,h,2,320.56,9.8,D,0
41.52514,-116.18456,367,0.34,0.56,2025-08-18,2126,N,VIIRS,l,2,330.08,60.74,D,0
41.52538,-116.18036,367,0.34,0.56,2025-08-18,2126,N,VIIRS,l,2,353.31,60.74,D,0
41.5256,-116.17634,367,0.34,0.56,2025-08-18,2126,N,VIIRS,l,2,343.06,139.35,D,0
41.52583,-116.17236,367,0.34,0.56,2025-08-18,2126,N,VIIRS,h,2,307.12,139.35,D,0
41.5263,-116.164,208,0.34,0.56,2025-08-18,2126,N,VIIRS,l,2,310.02,127.07,D,0
41.52649,-116.25269,339.34,0.34,0.56,2025-08-18,2126,N,VIIRS,l,2,313.94,6.16,D,0
41.52653,-116.1599,367,0.34,0.56,2025-08-18,2126,N,VIIRS,h,2,354.22,92.43,D,0
41.52673,-116.24848,345.6,0.34,0.56,2025-08-18,2126,N,VIIRS,n,2,313.65,5.38,D,0
41.52676,-116.15574,367,0.34,0.56,2025-08-18,2126,N,VIIRS,h,2,326.62,92.43,D,0
41.527,-116.15149,367,0.34,0.56,2025-08-18,2126,N,VIIRS,h,2,328.08,101.68,D,0
41.52725,-116.14703,353.13,0.34,0.56,2025-08-18,2126,N,VIIRS,l,2,346.66,101.68,D,0
41.5275,-116.14262,351.02,0.34,0.56,2025-08-18,2126,N,VIIRS,n,2,305.21,70.02,D,0
41.52967,-116.19691,350.28,0.34,0.56,2025-08-18,2126,N,VIIRS,n,2,316.63,6.93,D,0
41.52991,-116.1927,355.8,0.34,0.56,2025-08-18,2126,N,VIIRS,n,2,319.97,9.8,D,0
41.53015,-116.18842,367,0.34,0.56,2025-08-18,2126,N,VIIRS,h,2,322.3,9.8,D,0
41.53038,-116.18432,367,0.34,0.56,2025-08-18,2126,N,VIIRS,h,2,319.45,60.74,D,0
41.53061,-116.18038,367,0.34,0.56,2025-08-18,2126,N,VIIRS,l,2,325.66,60.74,D,0
41.53083,-116.17652,367,0.34,0.56,2025-08-18,2126,N,VIIRS,l,2,340.27,139.35,D,0
41.53105,-116.1726,367,0.34,0.56,2025-08-18,2126,N,VIIRS,l,2,366.21,139.35,D,0
41.53128,-116.16857,367,0.34,0.56,2025-08-18,2126,N,VIIRS,h,2,305.77,127.07,D,0
41.53175,-116.16026,350.54,0.34,0.56,2025-08-18,2126,N,VIIRS,n,2,303.04,92.43,D,0
41.53198,-116.15607,367,0.34,0.56,2025-08-18,2126,N,VIIRS,l,2,334.68,92.43,D,0
41.53223,-116.15162,367,0.34,0.56,2025-08-18,2126,N,VIIRS,l,2,341.2,101.68,D,0
41.5325,-116.14699,367,0.34,0.56,2025-08-18,2126,N,VIIRS,h,2,336.51,101.68,D,0
41.53274,-116.14265,367,0.34,0.56,2025-08-18,2126,N,VIIRS,h,2,304.84,70.02,D,0
41.53516,-116.19251,351.29,0.34,0.56,2025-08-18,2126,N,VIIRS,n,2,318.2,7.97,D,0
41.5354,-116.18822,356.79,0.34,0.56,2025-08-18,2126,N,VIIRS,n,2,320.21,7.97,D,0
41.53562,-116.1843,350.19,0.34,0.56,2025-08-18,2126,N,VIIRS,n,2,319.06,10.19,D,0
41.53604,-116.17693,367,0.34,0.56,2025-08-18,2126,N,VIIRS,h,2,324.6,21.5,D,0
41.53627,-116.1729,355.1,0.34,0.56,2025-08-18,2126,N,VIIRS,n,2,323.04,21.5,D,0
41.53651,-116.16873,367,0.34,0.56,2025-08-18,2126,N,VIIRS,l,2,332.03,49.28,D,0
41.53675,-116.16438,367,0.34,0.56,2025-08-18,2126,N,VIIRS,h,2,301.68,49.28,D,0
41.53724,-116.15577,298.96,0.34,0.56,2025-08-18,2126,N,VIIRS,l,2,311.36,54.79,D,0
41.5374,-116.24451,344.14,0.34,0.56,2025-08-18,2126,N,VIIRS,l,2,314.63,4.16,D,0
41.5375,-116.15126,367,0.34,0.56,2025-08-18,2126,N,VIIRS,h,2,336.16,58.24,D,0
41.53775,-116.14684,367,0.34,0.56,2025-08-18,2126,N,VIIRS,h,2,303.32,58.24,D,0
41.53799,-116.1426,367,0.34,0.56,2025-08-18,2126,N,VIIRS,h,2,299.33,30.28,D,0
41.54064,-116.18802,353.46,0.34,0.56,2025-08-18,2126,N,VIIRS,n,2,318.08,7.97,D,0
41.54087,-116.18415,355.01,0.34,0.56,2025-08-18,2126,N,VIIRS,n,2,321.12,10.19,D,0
41.54107,-116.18048,352.79,0.34,0.56,2025-08-18,2126,N,VIIRS,n,2,321.14,10.19,D,0
41.54129,-116.1767,367,0.34,0.56,2025-08-18,2126,N,VIIRS,h,2,326.45,21.5,D,0
41.54152,-116.17264,367,0.34,0.56,2025-08-18,2126,N,VIIRS,h,2,326.18,21.5,D,0
41.54177,-116.16837,352.24,0.34,0.56,2025-08-18,2126,N,VIIRS,l,2,325.49,49.28,D,0
41.54202,-116.16389,367,0.34,0.56,2025-08-18,2126,N,VIIRS,l,2,336.24,49.28,D,0
41.54227,-116.15947,367,0.34,0.56,2025-08-18,2126,N,VIIRS,h,2,307.7,54.79,D,0
41.54252,-116.15517,348.43,0.34,0.56,2025-08-18,2126,N,VIIRS,n,2,297.92,54.79,D,0
41.54275,-116.15105,367,0.34,0.56,2025-08-18,2126,N,VIIRS,h,2,297.18,58.24,D,0
41.54285,-116.24055,340.94,0.34,0.56,2025-08-18,2126,N,VIIRS,n,2,313.77,16.48,D,0
41.54298,-116.14703,351.54,0.34,0.56,2025-08-18,2126,N,VIIRS,n,2,296,58.24,D,0
41.5435,-116.2444,341.19,0.34,0.56,2025-08-18,2126,N,VIIRS,n,2,312.71,18.39,D,0
41.54371,-116.24017,346.16,0.34,0.56,2025-08-18,2126,N,VIIRS,n,2,314.42,17.17,D,0
41.54564,-116.19215,367,0.34,0.56,2025-08-18,2126,N,VIIRS,h,2,322.35,17.78,D,0
41.54589,-116.18791,367,0.34,0.56,2025-08-18,2126,N,VIIRS,h,2,320.17,17.78,D,0
41.54612,-116.18391,367,0.34,0.56,2025-08-18,2126,N,VIIRS,h,2,323.96,16.88,D,0
41.54624,-116.19168,367,0.34,0.56,2025-08-18,2126,N,VIIRS,h,2,324.59,21.03,D,0
41.54633,-116.18003,367,0.34,0.56,2025-08-18,2126,N,VIIRS,h,2,320.83,16.88,D,0
41.54646,-116.18748,367,0.34,0.56,2025-08-18,2126,N,VIIRS,h,2,320.98,21.03,D,0
41.54656,-116.17611,367,0.34,0.56,2025-08-18,2126,N,VIIRS,h,2,326.76,19,D,0
41.54667,-116.18349,367,0.34,0.56,2025-08-18,2126,N,VIIRS,h,2,323.77,19.17,D,0
41.54679,-116.17207,367,0.34,0.56,2025-08-18,2126,N,VIIRS,h,2,325.98,19,D,0
41.54687,-116.17958,367,0.34,0.56,2025-08-18,2126,N,VIIRS,h,2,321.07,19.17,D,0
41.54704,-116.16783,367,0.34,0.56,2025-08-18,2126,N,VIIRS,h,2,323.04,29.64,D,0
41.54707,-116.17564,367,0.34,0.56,2025-08-18,2126,N,VIIRS,h,2,327.05,20.75,D,0
41.54728,-116.1716,367,0.34,0.56,2025-08-18,2126,N,VIIRS,h,2,325.83,20.75,D,0
41.54729,-116.16341,352.4,0.34,0.56,2025-08-18,2126,N,VIIRS,l,2,326.22,29.64,D,0
41.5475,-116.16734,367,0.34,0.56,2025-08-18,2126,N,VIIRS,h,2,322.44,32.44,D,0
41.54754,-116.15907,367,0.34,0.56,2025-08-18,2126,N,VIIRS,h,2,333.97,88.7,D,0
41.54772,-116.16296,350.88,0.34,0.56,2025-08-18,2126,N,VIIRS,l,2,325.32,32.44,D,0
41.54778,-116.15489,367,0.34,0.56,2025-08-18,2126,N,VIIRS,h,2,316.14,88.7,D,0
41.54781,-116.24496,347.21,0.34,0.56,2025-08-18,2126,N,VIIRS,n,2,320.84,27.49,D,0
41.54795,-116.15864,367,0.34,0.56,2025-08-18,2126,N,VIIRS,h,2,336.12,95.16,D,0
41.54805,-116.24076,367,0.34,0.56,2025-08-18,2126,N,VIIRS,h,2,318.55,16.48,D,0
41.54816,-116.15449,367,0.34,0.56,2025-08-18,2126,N,VIIRS,h,2,312.11,95.16,D,0
41.5487,-116.2446,367,0.34,0.56,2025-08-18,2126,N,VIIRS,l,2,325.52,18.39,D,0
41.54892,-116.24038,367,0.34,0.56,2025-08-18,2126,N,VIIRS,h,2,316,17.17,D,0
41.54995,-116.20808,208,0.34,0.56,2025-08-18,2126,N,VIIRS,l,2,314.65,64.12,D,0
41.55018,-116.20411,367,0.34,0.56,2025-08-18,2126,N,VIIRS,h,2,329.1,64.12,D,0
41.55041,-116.20016,367,0.34,0.56,2025-08-18,2126,N,VIIRS,h,2,314.85,24.11,D,0
41.55064,-116.20769,208,0.34,0.56,2025-08-18,2126,N,VIIRS,l,2,322.16,78.12,D,0
41.55064,-116.19614,354.16,0.34,0.56,2025-08-18,2126,N,VIIRS,n,2,312.37,24.11,D,0
41.55084,-116.20371,367,0.34,0.56,2025-08-18,2126,N,VIIRS,h,2,324.8,78.12,D,0
41.55088,-116.19204,367,0.34,0.56,2025-08-18,2126,N,VIIRS,h,2,317.49,17.78,D,0
41.55105,-116.19974,367,0.34,0.56,2025-08-18,2126,N,VIIRS,h,2,316.13,38.59,D,0
41.55112,-116.18786,367,0.34,0.56,2025-08-18,2126,N,VIIRS,h,2,319.83,17.78,D,0
41.55126,-116.19572,367,0.34,0.56,2025-08-18,2126,N,VIIRS,h,2,313.5,38.59,D,0
41.55136,-116.18365,367,0.34,0.56,2025-08-18,2126,N,VIIRS,h,2,320.89,16.88,D,0
41.55147,-116.19161,367,0.34,0.56,2025-08-18,2126,N,VIIRS,h,2,317.7,21.03,D,0
41.55161,-116.17947,367,0.34,0.56,2025-08-18,2126,N,VIIRS,h,2,322.52,16.88,D,0
41.55169,-116.18745,367,0.34,0.56,2025-08-18,2126,N,VIIRS,h,2,320.35,21.03,D,0
41.55185,-116.17537,367,0.34,0.56,2025-08-18,2126,N,VIIRS,h,2,319.02,19,D,0
41.55191,-116.1832,367,0.34,0.56,2025-08-18,2126,N,VIIRS,h,2,322.24,19.17,D,0
41.55207,-116.17137,367,0.34,0.56,2025-08-18,2126,N,VIIRS,h,2,321.46,19,D,0
41.55213,-116.17899,367,0.34,0.56,2025-08-18,2126,N,VIIRS,h,2,321.3,19.17,D,0
41.55231,-116.16734,367,0.34,0.56,2025-08-18,2126,N,VIIRS,h,2,323.8,29.64,D,0
41.55235,-116.17492,367,0.34,0.56,2025-08-18,2126,N,VIIRS,h,2,318.08,20.75,D,0
41.55254,-116.16332,356.81,0.34,0.56,2025-08-18,2126,N,VIIRS,l,2,324.91,29.64,D,0
41.55255,-116.17093,367,0.34,0.56,2025-08-18,2126,N,VIIRS,h,2,323.47,20.75,D,0
41.55276,-116.16693,367,0.34,0.56,2025-08-18,2126,N,VIIRS,h,2,322.78,32.44,D,0
41.55277,-116.15923,367,0.34,0.56,2025-08-18,2126,N,VIIRS,l,2,329.03,88.7,D,0
41.55278,-116.24923,355.34,0.34,0.56,2025-08-18,2126,N,VIIRS,n,2,319.37,19.33,D,0
41.55297,-116.16291,355.56,0.34,0.56,2025-08-18,2126,N,VIIRS,l,2,327.32,32.44,D,0
41.55301,-116.15511,367,0.34,0.56,2025-08-18,2126,N,VIIRS,l,2,360.99,88.7,D,0
41.55302,-116.24512,367,0.34,0.56,2025-08-18,2126,N,VIIRS,h,2,323.07,19.33,D,0
41.55318,-116.15881,367,0.34,0.56,2025-08-18,2126,N,VIIRS,h,2,330.14,95.16,D,0
41.55325,-116.15097,355.86,0.34,0.56,2025-08-18,2126,N,VIIRS,l,2,340.11,219.58,D,0
41.55339,-116.15469,367,0.34,0.56,2025-08-18,2126,N,VIIRS,l,2,359.73,95.16,D,0
41.55361,-116.15055,367,0.34,0.56,2025-08-18,2126,N,VIIRS,h,2,328.29,199.61,D,0
41.55369,-116.24892,356.04,0.34,0.56,2025-08-18,2126,N,VIIRS,n,2,323.1,12.73,D,0
41.55391,-116.2448,367,0.34,0.56,2025-08-18,2126,N,VIIRS,h,2,319.94,12.73,D,0
41.55445,-116.22054,345.54,0.34,0.56,2025-08-18,2126,N,VIIRS,n,2,310.38,10.11,D,0
41.55516,-116.20837,354.21,0.34,0.56,2025-08-18,2126,N,VIIRS,n,2,315.09,26.61,D,0
41.5552,-116.22028,347.53,0.34,0.56,2025-08-18,2126,N,VIIRS,n,2,310.49,10.28,D,0
41.5554,-116.20436,367,0.34,0.56,2025-08-18,2126,N,VIIRS,h,2,329.15,26.61,D,0
41.55562,-116.20053,367,0.34,0.56,2025-08-18,2126,N,VIIRS,h,2,321.88,18.62,D,0
41.55584,-116.2081,352.21,0.34,0.56,2025-08-18,2126,N,VIIRS,n,2,315.56,25.18,D,0
41.55584,-116.19678,367,0.34,0.56,2025-08-18,2126,N,VIIRS,h,2,319.07,18.62,D,0
41.55605,-116.20414,367,0.34,0.56,2025-08-18,2126,N,VIIRS,h,2,327.12,25.18,D,0
41.55606,-116.1928,367,0.34,0.56,2025-08-18,2126,N,VIIRS,h,2,317.41,57.89,D,0
41.55607,-116.10165,335.12,0.34,0.56,2025-08-18,2126,N,VIIRS,n,2,285.46,5.65,D,0
41.55624,-116.20037,367,0.34,0.56,2025-08-18,2126,N,VIIRS,h,2,321.31,18.03,D,0
41.55645,-116.19661,367,0.34,0.56,2025-08-18,2126,N,VIIRS,h,2,318.19,18.03,D,0
41.55657,-116.18421,356.96,0.34,0.56,2025-08-18,2126,N,VIIRS,n,2,327.59,116.06,D,0
41.55665,-116.19267,367,0.34,0.56,2025-08-18,2126,N,VIIRS,h,2,317.38,48.99,D,0
41.55683,-116.17969,367,0.34,0.56,2025-08-18,2126,N,VIIRS,h,2,307.63,116.06,D,0
41.55708,-116.1754,352.92,0.34,0.56,2025-08-18,2126,N,VIIRS,n,2,306.82,58.43,D,0
41.55711,-116.18394,367,0.34,0.56,2025-08-18,2126,N,VIIRS,h,2,327.41,134.88,D,0
41.55732,-116.17126,355.45,0.34,0.56,2025-08-18,2126,N,VIIRS,l,2,323.67,58.43,D,0
41.55734,-116.17937,350.65,0.34,0.56,2025-08-18,2126,N,VIIRS,n,2,305.74,134.88,D,0
41.55755,-116.16723,367,0.34,0.56,2025-08-18,2126,N,VIIRS,h,2,329.86,111.66,D,0
41.55757,-116.17504,354.44,0.34,0.56,2025-08-18,2126,N,VIIRS,n,2,306.75,58.62,D,0
41.55779,-116.17091,353.39,0.34,0.56,2025-08-18,2126,N,VIIRS,n,2,325.36,58.62,D,0
41.55779,-116.16327,367,0.34,0.56,2025-08-18,2126,N,VIIRS,h,2,326.32,111.66,D,0
41.55798,-116.24948,367,0.34,0.56,2025-08-18,2126,N,VIIRS,h,2,319.67,19.33,D,0
41.558,-116.16687,356.88,0.34,0.56,2025-08-18,2126,N,VIIRS,n,2,330.14,96.05,D,0
41.55801,-116.15926,367,0.34,0.56,2025-08-18,2126,N,VIIRS,l,2,370.98,456.49,D,0
41.5582,-116.16289,367,0.34,0.56,2025-08-18,2126,N,VIIRS,l,2,328.18,96.05,D,0
41.55841,-116.15888,367,0.34,0.56,2025-08-18,2126,N,VIIRS,l,2,370.81,237.24,D,0
41.55849,-116.15104,367,0.34,0.56,2025-08-18,2126,N,VIIRS,l,2,338.75,119.72,D,0
41.55862,-116.15484,367,0.34,0.56,2025-08-18,2126,N,VIIRS,l,2,338.89,237.24,D,0
41.5587,-116.23734,343.45,0.34,0.56,2025-08-18,2126,N,VIIRS,l,2,316.59,15.95,D,0
41.55873,-116.14684,367,0.34,0.56,2025-08-18,2126,N,VIIRS,h,2,300.68,119.72,D,0
41.55885,-116.15063,352.96,0.34,0.56,2025-08-18,2126,N,VIIRS,l,2,339.29,104.32,D,0
41.55889,-116.24919,367,0.34,0.56,2025-08-18,2126,N,VIIRS,h,2,319.02,12.73,D,0
41.55906,-116.14642,348.91,0.34,0.56,2025-08-18,2126,N,VIIRS,n,2,299.7,104.32,D,0
41.55953,-116.23713,342.51,0.34,0.56,2025-08-18,2126,N,VIIRS,l,2,315.83,12.03,D,0
41.56055,-116.20556,367,0.34,0.56,2025-08-18,2126,N,VIIRS,h,2,319.23,26.61,D,0
41.56076,-116.20203,367,0.34,0.56,2025-08-18,2126,N,VIIRS,h,2,321.11,18.62,D,0
41.56096,-116.19862,354.25,0.34,0.56,2025-08-18,2126,N,VIIRS,n,2,319.19,18.62,D,0
41.56121,-116.20537,367,0.34,0.56,2025-08-18,2126,N,VIIRS,h,2,320.1,25.18,D,0
41.5614,-116.20182,367,0.34,0.56,2025-08-18,2126,N,VIIRS,h,2,321.49,18.03,D,0
41.56141,-116.19082,354.59,0.34,0.56,2025-08-18,2126,N,VIIRS,n,2,317.15,57.89,D,0
41.56157,-116.19849,353.91,0.34,0.56,2025-08-18,2126,N,VIIRS,n,2,318.84,18.03,D,0
41.56169,-116.18604,367,0.34,0.56,2025-08-18,2126,N,VIIRS,l,2,354.94,116.06,D,0
41.56177,-116.19486,350.95,0.34,0.56,2025-08-18,2126,N,VIIRS,n,2,314.76,48.99,D,0
41.56199,-116.19061,347.74,0.34,0.56,2025-08-18,2126,N,VIIRS,n,2,319.56,48.99,D,0
41.562,-116.18088,367,0.34,0.56,2025-08-18,2126,N,VIIRS,l,2,371.86,116.06,D,0
41.56224,-116.18584,367,0.34,0.56,2025-08-18,2126,N,VIIRS,l,2,366.64,134.88,D,0
41.56227,-116.17612,367,0.34,0.56,2025-08-18,2126,N,VIIRS,h,2,313.41,58.43,D,0
41.56252,-116.18056,367,0.34,0.56,2025-08-18,2126,N,VIIRS,l,2,372.42,134.88,D,0
41.56253,-116.17168,367,0.34,0.56,2025-08-18,2126,N,VIIRS,h,2,305.6,58.43,D,0
41.56277,-116.1758,367,0.34,0.56,2025-08-18,2126,N,VIIRS,h,2,307.48,58.62,D,0
41.563,-116.17136,367,0.34,0.56,2025-08-18,2126,N,VIIRS,h,2,303.52,58.62,D,0
41.56302,-116.16331,367,0.34,0.56,2025-08-18,2126,N,VIIRS,l,2,336.33,111.66,D,0
41.56322,-116.16714,301.26,0.34,0.56,2025-08-18,2126,N,VIIRS,l,2,317.68,96.05,D,0
41.56325,-116.15938,367,0.34,0.56,2025-08-18,2126,N,VIIRS,l,2,355.17,456.49,D,0
41.56344,-116.16301,367,0.34,0.56,2025-08-18,2126,N,VIIRS,l,2,333.85,96.05,D,0
41.56365,-116.15905,367,0.34,0.56,2025-08-18,2126,N,VIIRS,l,2,353.12,237.24,D,0
41.56372,-116.15126,367,0.34,0.56,2025-08-18,2126,N,VIIRS,l,2,328.75,119.72,D,0
41.56385,-116.15504,367,0.34,0.56,2025-08-18,2126,N,VIIRS,l,2,372.33,237.24,D,0
41.56396,-116.14703,367,0.34,0.56,2025-08-18,2126,N,VIIRS,h,2,300.05,119.72,D,0
41.56408,-116.24976,367,0.34,0.56,2025-08-18,2126,N,VIIRS,h,2,317.04,6.21,D,0
41.56408,-116.15088,352.39,0.34,0.56,2025-08-18,2126,N,VIIRS,n,2,316.14,104.32,D,0
41.56429,-116.14666,367,0.34,0.56,2025-08-18,2126,N,VIIRS,h,2,298.58,104.32,D,0
41.56451,-116.1426,338.13,0.34,0.56,2025-08-18,2126,N,VIIRS,n,2,296.53,14.32,D,0
41.56639,-116.20635,356.69,0.34,0.56,2025-08-18,2126,N,VIIRS,n,2,309.58,16,D,0
41.56657,-116.20286,348.97,0.34,0.56,2025-08-18,2126,N,VIIRS,n,2,321.13,54.27,D,0
41.56675,-116.19954,367,0.34,0.56,2025-08-18,2126,N,VIIRS,l,2,338.74,54.27,D,0
41.56693,-116.19616,367,0.34,0.56,2025-08-18,2126,N,VIIRS,h,2,314.99,46.6,D,0
41.56715,-116.19193,353.36,0.34,0.56,2025-08-18,2126,N,VIIRS,n,2,309.96,46.6,D,0
41.56741,-116.1872,208,0.34,0.56,2025-08-18,2126,N,VIIRS,l,2,315.12,138.84,D,0
41.56767,-116.18205,367,0.34,0.56,2025-08-18,2126,N,VIIRS,h,2,331.29,138.84,D,0
41.56794,-116.17706,367,0.34,0.56,2025-08-18,2126,N,VIIRS,h,2,301.48,59.87,D,0
41.56818,-116.17248,341.25,0.34,0.56,2025-08-18,2126,N,VIIRS,n,2,298.93,59.87,D,0
41.56864,-116.16383,341.9,0.34,0.56,2025-08-18,2126,N,VIIRS,n,2,298.06,9.92,D,0
41.56886,-116.15964,346.13,0.34,0.56,2025-08-18,2126,N,VIIRS,n,2,297.55,7.02,D,0
41.56907,-116.15548,347.43,0.34,0.56,2025-08-18,2126,N,VIIRS,n,2,296.77,7.02,D,0
41.56923,-116.25092,343.59,0.34,0.56,2025-08-18,2126,N,VIIRS,n,2,316.35,6.21,D,0
41.56929,-116.15133,338.74,0.34,0.56,2025-08-18,2126,N,VIIRS,n,2,296,9.91,D,0
41.56945,-116.24687,367,0.34,0.56,2025-08-18,2126,N,VIIRS,h,2,317.32,6.21,D,0
41.57464,-116.2474,367,0.34,0.56,2025-08-18,2126,N,VIIRS,h,2,315.62,6.32,D,0
41.58527,-116.24373,367,0.34,0.56,2025-08-18,2126,N,VIIRS,h,2,316.53,7.09,D,0
41.5855,-116.23963,354.95,0.34,0.56,2025-08-18,2126,N,VIIRS,n,2,319.27,7.09,D,0
39.61938,-119.26404,311.76,0.41,0.37,2025-08-19,944,N,VIIRS,n,2,291.74,1.45,N,2
40.82156,-114.25809,323.99,0.41,0.37,2025-08-19,944,N,VIIRS,n,2,291.77,2.01,N,2
40.9401,-117.86314,304.84,0.39,0.36,2025-08-19,944,N,VIIRS,n,2,285.3,0.74,N,2
41.39838,-116.27988,329.66,0.38,0.36,2025-08-19,944,N,VIIRS,n,2,283.77,2.65,N,0
41.39911,-116.28441,323.69,0.38,0.36,2025-08-19,944,N,VIIRS,n,2,286.53,2.65,N,0
41.39983,-116.28896,338.19,0.38,0.36,2025-08-19,944,N,VIIRS,n,2,289.11,2.64,N,0
41.40055,-116.2935,303.35,0.38,0.36,2025-08-19,944,N,VIIRS,n,2,286.31,2.64,N,0
41.40127,-116.29804,327.5,0.38,0.36,2025-08-19,944,N,VIIRS,n,2,286.36,2.33,N,0
41.40166,-116.27895,354.69,0.38,0.36,2025-08-19,944,N,VIIRS,n,2,295.4,6.87,N,0
41.40238,-116.28349,325.06,0.38,0.36,2025-08-19,944,N,VIIRS,n,2,289.57,6.87,N,0
41.40781,-116.29621,343.86,0.38,0.36,2025-08-19,944,N,VIIRS,n,2,292.03,4.12,N,0
41.40853,-116.30074,329.17,0.38,0.36,2025-08-19,944,N,VIIRS,n,2,286.04,4.12,N,0
41.4118,-116.29983,325.14,0.38,0.36,2025-08-19,944,N,VIIRS,n,2,288.35,1.43,N,0
41.41507,-116.29889,306.48,0.38,0.36,2025-08-19,944,N,VIIRS,n,2,287.39,1.43,N,0
41.41858,-116.30043,327.79,0.38,0.36,2025-08-19,944,N,VIIRS,n,2,286.71,1.23,N,0
41.42186,-116.29951,297.89,0.38,0.36,2025-08-19,944,N,VIIRS,n,2,285.3,1.23,N,0
41.42258,-116.30406,295.39,0.38,0.36,2025-08-19,944,N,VIIRS,n,2,284.01,0.57,N,0
41.42657,-116.3077,311.68,0.38,0.36,2025-08-19,944,N,VIIRS,n,2,284.69,0.99,N,0
41.42984,-116.30679,303.09,0.38,0.36,2025-08-19,944,N,VIIRS,n,2,285.31,0.99,N,0
41.43311,-116.30587,308.47,0.38,0.36,2025-08-19,944,N,VIIRS,n,2,287.31,1.32,N,0
41.43384,-116.3104,356.05,0.38,0.36,2025-08-19,944,N,VIIRS,n,2,292.17,11.31,N,0
41.43638,-116.30494,303.84,0.38,0.36,2025-08-19,944,N,VIIRS,n,2,287.42,1.32,N,0
41.4371,-116.30947,346.52,0.38,0.36,2025-08-19,944,N,VIIRS,n,2,295.27,11.31,N,0
41.43965,-116.30402,320.18,0.38,0.36,2025-08-19,944,N,VIIRS,n,2,287.77,1.26,N,0
41.44292,-116.30311,307.83,0.38,0.36,2025-08-19,944,N,VIIRS,n,2,286.56,1.26,N,0
41.44547,-116.29765,325.13,0.38,0.36,2025-08-19,944,N,VIIRS,n,2,287.18,2.16,N,0
41.44802,-116.29218,297.59,0.38,0.36,2025-08-19,944,N,VIIRS,n,2,285.57,0.74,N,0
41.44874,-116.29673,322.03,0.38,0.36,2025-08-19,944,N,VIIRS,n,2,286.05,2.16,N,0
41.45201,-116.29581,318.27,0.38,0.36,2025-08-19,944,N,VIIRS,n,2,287.38,3.03,N,0
41.45273,-116.30035,333.4,0.38,0.36,2025-08-19,944,N,VIIRS,n,2,287.01,3.03,N,0
41.45601,-116.29943,331.19,0.38,0.36,2025-08-19,944,N,VIIRS,n,2,288.47,3.03,N,0
41.45672,-116.30399,345.64,0.38,0.36,2025-08-19,944,N,VIIRS,n,2,289.36,8.2,N,0
41.45927,-116.29852,301.19,0.38,0.36,2025-08-19,944,N,VIIRS,n,2,285.97,1.06,N,0
41.45999,-116.30305,315.06,0.38,0.36,2025-08-19,944,N,VIIRS,n,2,286.13,1.92,N,0
41.46254,-116.29761,322.41,0.38,0.36,2025-08-19,944,N,VIIRS,n,2,287.51,1.06,N,0
41.46581,-116.29668,303.34,0.38,0.36,2025-08-19,944,N,VIIRS,n,2,286.05,2.43,N,0
41.46908,-116.29575,333,0.38,0.36,2025-08-19,944,N,VIIRS,n,2,288.74,2.43,N,0
41.47235,-116.29483,320.42,0.38,0.36,2025-08-19,944,N,VIIRS,n,2,287.11,1.68,N,0
41.47562,-116.2939,318.55,0.38,0.36,2025-08-19,944,N,VIIRS,n,2,286.52,1.68,N,0
41.47889,-116.29298,319.72,0.38,0.36,2025-08-19,944,N,VIIRS,n,2,286.94,1.93,N,0
41.48215,-116.29206,327.52,0.38,0.36,2025-08-19,944,N,VIIRS,n,2,286.88,1.93,N,0
41.48288,-116.29661,299.59,0.38,0.36,2025-08-19,944,N,VIIRS,n,2,284.58,1.18,N,0
41.48543,-116.29113,322.4,0.38,0.36,2025-08-19,944,N,VIIRS,n,2,286.28,1.87,N,0
41.49569,-116.18389,304.93,0.38,0.36,2025-08-19,944,N,VIIRS,n,2,288.86,1.56,N,0
41.5055,-116.18111,295.42,0.38,0.36,2025-08-19,944,N,VIIRS,n,2,284.19,1,N,0
41.5068,-116.15019,296.61,0.38,0.36,2025-08-19,944,N,VIIRS,n,2,284.1,0.8,N,0
41.5079,-116.17841,296.78,0.38,0.36,2025-08-19,944,N,VIIRS,n,2,286.46,0.71,N,0
41.51007,-116.14928,315.33,0.38,0.36,2025-08-19,944,N,VIIRS,n,2,291.63,2.03,N,0
41.51044,-116.13018,352.32,0.38,0.36,2025-08-19,944,N,VIIRS,n,2,292.22,9.39,N,0
41.5108,-116.15382,315.05,0.38,0.36,2025-08-19,944,N,VIIRS,n,2,285.3,2.03,N,0
41.51116,-116.13472,295.36,0.38,0.36,2025-08-19,944,N,VIIRS,n,2,282.68,9.39,N,0
41.51262,-116.14381,298.16,0.38,0.36,2025-08-19,944,N,VIIRS,n,2,287.33,1,N,0
41.51298,-116.12472,325.16,0.38,0.36,2025-08-19,944,N,VIIRS,n,2,284.84,4.16,N,0
41.51371,-116.12925,367,0.38,0.36,2025-08-19,944,N,VIIRS,h,2,304.67,8.2,N,0
41.51443,-116.1338,331.18,0.38,0.36,2025-08-19,944,N,VIIRS,n,2,288.63,8.2,N,0
41.51589,-116.14288,302.73,0.38,0.36,2025-08-19,944,N,VIIRS,n,2,289.82,0.88,N,0
41.51698,-116.12833,327,0.38,0.36,2025-08-19,944,N,VIIRS,n,2,293.4,8.2,N,0
41.51771,-116.13287,331.86,0.38,0.36,2025-08-19,944,N,VIIRS,n,2,290.54,8.2,N,0
41.51916,-116.14196,297.99,0.38,0.36,2025-08-19,944,N,VIIRS,n,2,287.75,0.88,N,0
41.51952,-116.12286,300.77,0.38,0.36,2025-08-19,944,N,VIIRS,n,2,283.39,0.52,N,0
41.52025,-116.12741,316.78,0.38,0.36,2025-08-19,944,N,VIIRS,n,2,293.84,1.13,N,0
41.52098,-116.13194,299.58,0.38,0.36,2025-08-19,944,N,VIIRS,n,2,287.18,1.13,N,0
41.5217,-116.13649,295.48,0.38,0.36,2025-08-19,944,N,VIIRS,n,2,283.86,0.8,N,0
41.52243,-116.14103,297.59,0.38,0.36,2025-08-19,944,N,VIIRS,n,2,285.27,0.8,N,0
41.52352,-116.12646,307.71,0.38,0.36,2025-08-19,944,N,VIIRS,n,2,286.65,1.13,N,0
41.52425,-116.13103,297.55,0.38,0.36,2025-08-19,944,N,VIIRS,n,2,286.99,1.13,N,0
41.52752,-116.13009,320.75,0.38,0.36,2025-08-19,944,N,VIIRS,n,2,288.01,1.86,N,0
41.52819,-116.26289,315.93,0.38,0.36,2025-08-19,944,N,VIIRS,n,2,287.72,3.08,N,0
41.53073,-116.25742,321.34,0.38,0.36,2025-08-19,944,N,VIIRS,n,2,286.9,3.08,N,0
41.53145,-116.26198,336.8,0.38,0.36,2025-08-19,944,N,VIIRS,n,2,290.97,3.08,N,0
41.53477,-116.13277,299,0.38,0.36,2025-08-19,944,N,VIIRS,n,2,285.57,3.2,N,0
41.5366,-116.12276,326.82,0.38,0.36,2025-08-19,944,N,VIIRS,n,2,284.68,3.11,N,0
41.53732,-116.1273,336.74,0.38,0.36,2025-08-19,944,N,VIIRS,n,2,287.15,3.11,N,0
41.53805,-116.13185,345.18,0.38,0.36,2025-08-19,944,N,VIIRS,n,2,289,3.2,N,0
41.53986,-116.12183,310.96,0.38,0.36,2025-08-19,944,N,VIIRS,n,2,284.01,3.54,N,0
41.54059,-116.12637,346.27,0.38,0.36,2025-08-19,944,N,VIIRS,n,2,289.96,3.54,N,0
41.54314,-116.1209,307.07,0.38,0.36,2025-08-19,944,N,VIIRS,n,2,284.18,3.54,N,0
41.5438,-116.25372,295.92,0.38,0.36,2025-08-19,944,N,VIIRS,n,2,284.88,0.36,N,0
41.54707,-116.25281,327.53,0.38,0.36,2025-08-19,944,N,VIIRS,n,2,287.99,2.87,N,0
41.5616,-116.25822,309.38,0.38,0.36,2025-08-19,944,N,VIIRS,n,2,285.96,0.75,N,0
41.56232,-116.26277,307.5,0.38,0.36,2025-08-19,944,N,VIIRS,n,2,286.51,0.75,N,0
41.56305,-116.2673,348.8,0.38,0.36,2025-08-19,944,N,VIIRS,n,2,293.76,4.25,N,0
41.56377,-116.27185,326.64,0.38,0.36,2025-08-19,944,N,VIIRS,n,2,286.47,4.25,N,0
41.56487,-116.25729,300.66,0.38,0.36,2025-08-19,944,N,VIIRS,n,2,286.3,0.75,N,0
41.56559,-116.26184,296.76,0.38,0.36,2025-08-19,944,N,VIIRS,n,2,285.89,0.75,N,0
41.56632,-116.26639,317.3,0.38,0.36,2025-08-19,944,N,VIIRS,n,2,287.35,4.25,N,0
41.56704,-116.27095,318.44,0.38,0.36,2025-08-19,944,N,VIIRS,n,2,286.89,4.25,N,0
41.56776,-116.27549,338.07,0.38,0.36,2025-08-19,944,N,VIIRS,n,2,287.35,3.15,N,0
41.56848,-116.28004,307.37,0.38,0.36,2025-08-19,944,N,VIIRS,n,2,286.34,3.15,N,0
41.56887,-116.26094,301.09,0.38,0.36,2025-08-19,944,N,VIIRS,n,2,286.05,0.78,N,0
41.56959,-116.26547,336.08,0.38,0.36,2025-08-19,944,N,VIIRS,n,2,289.7,2.92,N,0
41.57031,-116.27003,347.11,0.38,0.36,2025-08-19,944,N,VIIRS,n,2,292.64,2.92,N,0
41.57103,-116.27457,357.72,0.38,0.36,2025-08-19,944,N,VIIRS,n,2,296.8,5.88,N,0
41.57175,-116.27912,353.16,0.38,0.36,2025-08-19,944,N,VIIRS,n,2,293.78,5.88,N,0
41.57248,-116.28365,344.08,0.38,0.36,2025-08-19,944,N,VIIRS,n,2,290.31,5.84,N,0
41.5732,-116.28822,342.7,0.38,0.36,2025-08-19,944,N,VIIRS,n,2,289.11,5.84,N,0
41.57358,-116.26911,299.71,0.38,0.36,2025-08-19,944,N,VIIRS,n,2,287.1,2.92,N,0
41.57431,-116.27364,300.45,0.38,0.36,2025-08-19,944,N,VIIRS,n,2,287.54,5.88,N,0
41.57502,-116.27819,333.7,0.38,0.36,2025-08-19,944,N,VIIRS,n,2,290.69,5.88,N,0
41.57575,-116.28275,351.2,0.38,0.36,2025-08-19,944,N,VIIRS,n,2,294.57,5.84,N,0
41.57613,-116.26363,297.77,0.38,0.36,2025-08-19,944,N,VIIRS,n,2,287.3,1.05,N,0
41.57647,-116.28729,342.21,0.38,0.36,2025-08-19,944,N,VIIRS,n,2,291.29,5.84,N,0
41.5783,-116.27729,298.55,0.38,0.36,2025-08-19,944,N,VIIRS,n,2,288.07,1.49,N,0
41.57901,-116.28182,321.25,0.38,0.36,2025-08-19,944,N,VIIRS,n,2,288.68,9.79,N,0
41.57974,-116.28638,351.55,0.38,0.36,2025-08-19,944,N,VIIRS,n,2,293.75,9.79,N,0
41.58046,-116.29092,328.73,0.38,0.36,2025-08-19,944,N,VIIRS,n,2,288.68,8.8,N,0
41.58126,-116.20992,317.55,0.38,0.36,2025-08-19,944,N,VIIRS,n,2,292.56,8.23,N,0
41.58199,-116.21447,314.21,0.38,0.36,2025-08-19,944,N,VIIRS,n,2,288.38,1.61,N,0
41.58267,-116.2618,308.49,0.38,0.36,2025-08-19,944,N,VIIRS,n,2,288.42,1.14,N,0
41.58301,-116.28546,350.32,0.38,0.36,2025-08-19,944,N,VIIRS,n,2,292.9,9.79,N,0
41.58309,-116.19992,326.25,0.38,0.36,2025-08-19,944,N,VIIRS,n,2,289.89,2.4,N,0
41.5834,-116.26635,303.27,0.38,0.36,2025-08-19,944,N,VIIRS,n,2,288.22,1.14,N,0
41.58373,-116.28999,328.42,0.38,0.36,2025-08-19,944,N,VIIRS,n,2,289.98,8.8,N,0
41.58381,-116.20445,349.3,0.38,0.36,2025-08-19,944,N,VIIRS,n,2,299.39,8.23,N,0
41.58412,-116.2709,315.88,0.38,0.36,2025-08-19,944,N,VIIRS,n,2,290.62,8.5,N,0
41.58453,-116.209,354.57,0.38,0.36,2025-08-19,944,N,VIIRS,n,2,308.27,8.23,N,0
41.58484,-116.27544,316.65,0.38,0.36,2025-08-19,944,N,VIIRS,n,2,286.82,8.5,N,0
41.58526,-116.21354,310.29,0.38,0.36,2025-08-19,944,N,VIIRS,n,2,286.22,1.61,N,0
41.58636,-116.19902,336.52,0.38,0.36,2025-08-19,944,N,VIIRS,n,2,297.21,4.46,N,0
41.58708,-116.20355,346.22,0.38,0.36,2025-08-19,944,N,VIIRS,n,2,302.88,7.5,N,0
41.58739,-116.26997,325.59,0.38,0.36,2025-08-19,944,N,VIIRS,n,2,289.92,8.5,N,0
41.58781,-116.20808,338.09,0.38,0.36,2025-08-19,944,N,VIIRS,n,2,293.67,7.5,N,0
41.58811,-116.27452,351.79,0.38,0.36,2025-08-19,944,N,VIIRS,n,2,300.41,8.5,N,0
41.58963,-116.1981,331.45,0.38,0.36,2025-08-19,944,N,VIIRS,n,2,291.94,4.46,N,0
41.58994,-116.2645,317.09,0.38,0.36,2025-08-19,944,N,VIIRS,n,2,288.72,4.67,N,0
41.59035,-116.20264,347.36,0.38,0.36,2025-08-19,944,N,VIIRS,n,2,293.72,7.5,N,0
41.59066,-116.26905,327.43,0.38,0.36,2025-08-19,944,N,VIIRS,n,2,301.07,13.69,N,0
41.59138,-116.27361,330.12,0.38,0.36,2025-08-19,944,N,VIIRS,n,2,291.67,13.69,N,0
41.59217,-116.19263,300.23,0.38,0.36,2025-08-19,944,N,VIIRS,n,2,289.66,5.45,N,0
41.5929,-116.19719,343.21,0.38,0.36,2025-08-19,944,N,VIIRS,n,2,297.96,5.45,N,0
41.59321,-116.26357,346.64,0.38,0.36,2025-08-19,944,N,VIIRS,n,2,293.56,4.67,N,0
41.59393,-116.26813,337.77,0.38,0.36,2025-08-19,944,N,VIIRS,n,2,292.1,13.69,N,0
41.59465,-116.27267,304.13,0.38,0.36,2025-08-19,944,N,VIIRS,n,2,285.83,13.69,N,0
41.59576,-116.25811,298.34,0.38,0.36,2025-08-19,944,N,VIIRS,n,2,287.87,1.08,N,0
41.59616,-116.19628,333.72,0.38,0.36,2025-08-19,944,N,VIIRS,n,2,292.65,5.45,N,0
41.59648,-116.26266,317.64,0.38,0.36,2025-08-19,944,N,VIIRS,n,2,286.22,1.08,N,0
41.60962,-116.17343,306.52,0.38,0.36,2025-08-19,944,N,VIIRS,n,2,287.82,1.17,N,0
41.61034,-116.17801,323.97,0.38,0.36,2025-08-19,944,N,VIIRS,n,2,288.8,2.26,N,0
41.62294,-116.17212,338.38,0.38,0.36,2025-08-19,944,N,VIIRS,n,2,291.28,3.8,N,0
41.62368,-116.17668,327.45,0.38,0.36,2025-08-19,944,N,VIIRS,n,2,289.35,3.11,N,0
41.63128,-116.16021,333.21,0.38,0.36,2025-08-19,944,N,VIIRS,n,2,285.2,2.61,N,0
36.35719,-114.91323,319.08,0.44,0.38,2025-08-19,945,N,VIIRS,n,2,296.25,2.32,N,2
36.38406,-114.8784,314.94,0.44,0.38,2025-08-19,945,N,VIIRS,n,2,293.7,1.54,N,0
36.49228,-119.92721,328.07,0.4,0.37,2025-08-19,945,N,VIIRS,n,2,290.08,2.28,N,0
36.51104,-119.93697,317.91,0.4,0.37,2025-08-19,945,N,VIIRS,n,2,288.78,1.21,N,0
36.66447,-120.13303,303.05,0.41,0.37,2025-08-19,945,N,VIIRS,n,2,290.54,0.65,N,2
36.71215,-121.76771,299.67,0.46,0.39,2025-08-19,945,N,VIIRS,n,2,287.15,0.65,N,0
37.45531,-121.93448,309.64,0.47,0.4,2025-08-19,945,N,VIIRS,n,2,287.25,0.65,N,2
37.9502,-122.39987,305.25,0.5,0.41,2025-08-19,945,N,VIIRS,n,2,293.37,1.83,N,2
38.07281,-122.13967,307.8,0.49,0.4,2025-08-19,945,N,VIIRS,n,2,295.18,2.43,N,2
38.31384,-121.83508,297.71,0.48,0.4,2025-08-19,945,N,VIIRS,n,2,287.68,0.52,N,2
32.51003,-116.77203,301.03,0.42,0.38,2025-08-19,946,N,VIIRS,n,2,287.45,1.29,N,2
32.52602,-116.782,299.48,0.42,0.37,2025-08-19,946,N,VIIRS,n,2,288.09,0.46,N,0
32.59793,-117.01125,308.94,0.41,0.37,2025-08-19,946,N,VIIRS,n,2,289.76,1.04,N,2
32.85788,-117.02781,304.47,0.41,0.37,2025-08-19,946,N,VIIRS,n,2,287.87,0.41,N,2
32.85795,-117.14878,311.82,0.41,0.37,2025-08-19,946,N,VIIRS,n,2,285.77,0.65,N,2
33.49375,-117.6171,300.1,0.39,0.36,2025-08-19,946,N,VIIRS,n,2,288.47,0.9,N,2
33.61369,-117.82491,300.59,0.39,0.36,2025-08-19,946,N,VIIRS,n,2,289.17,0.65,N,2
33.71706,-117.71095,301.79,0.39,0.36,2025-08-19,946,N,VIIRS,n,2,289.59,0.46,N,2
33.77449,-118.21793,305.67,0.39,0.36,2025-08-19,946,N,VIIRS,n,2,291.65,0.63,N,2
33.77785,-118.23859,305.21,0.39,0.36,2025-08-19,946,N,VIIRS,n,2,293.9,0.86,N,2
33.79261,-118.35099,299.47,0.39,0.36,2025-08-19,946,N,VIIRS,n,2,288.38,0.19,N,2
33.79338,-117.47528,314.69,0.39,0.37,2025-08-19,946,N,VIIRS,n,2,290.64,1.18,N,2
33.81415,-118.23614,303.77,0.39,0.36,2025-08-19,946,N,VIIRS,n,2,293.31,0.76,N,2
33.8767,-117.00077,302.79,0.4,0.37,2025-08-19,946,N,VIIRS,n,2,288.89,0.38,N,2
33.95454,-117.12191,301.4,0.4,0.37,2025-08-19,946,N,VIIRS,n,2,290.46,0.49,N,2
34.03436,-118.10548,305.59,0.39,0.36,2025-08-19,946,N,VIIRS,n,2,290.2,0.74,N,2
34.03949,-117.82332,302.75,0.39,0.36,2025-08-19,946,N,VIIRS,n,2,290.8,0.28,N,2
34.04156,-117.82009,300.86,0.39,0.36,2025-08-19,946,N,VIIRS,n,2,290.5,0.26,N,2
34.11368,-117.92416,303.52,0.39,0.36,2025-08-19,946,N,VIIRS,n,2,292.34,0.47,N,2
34.14295,-117.4267,309.35,0.39,0.36,2025-08-19,946,N,VIIRS,n,2,291.44,0.57,N,2
34.15386,-118.19109,301.47,0.39,0.36,2025-08-19,946,N,VIIRS,n,2,289.92,0.52,N,2
34.15453,-118.19524,302.47,0.39,0.36,2025-08-19,946,N,VIIRS,n,2,289.04,0.52,N,2
34.2421,-118.38278,299.45,0.38,0.36,2025-08-19,946,N,VIIRS,n,2,288.34,0.35,N,2
34.29234,-118.80276,307.47,0.38,0.36,2025-08-19,946,N,VIIRS,n,2,288.55,0.8,N,2
34.32053,-118.51067,300.39,0.38,0.36,2025-08-19,946,N,VIIRS,n,2,289.78,0.33,N,2
34.33567,-118.52007,311.03,0.38,0.36,2025-08-19,946,N,VIIRS,n,2,290.41,0.79,N,2
34.35471,-116.85178,309.5,0.4,0.37,2025-08-19,946,N,VIIRS,n,2,293.13,1.18,N,2
34.43024,-118.64506,312.54,0.38,0.36,2025-08-19,946,N,VIIRS,n,2,289.92,1.07,N,2
34.60867,-117.33752,310.96,0.39,0.36,2025-08-19,946,N,VIIRS,n,2,293.84,1.43,N,2
34.62271,-117.10155,324.54,0.4,0.37,2025-08-19,946,N,VIIRS,n,2,295.41,1.95,N,2
34.82006,-118.75002,304.56,0.38,0.36,2025-08-19,946,N,VIIRS,n,2,291.62,0.49,N,2
41.38843,-116.29277,342.23,0.73,0.76,2025-08-19,1927,N,VIIRS,n,2,307.13,35.16,D,0
41.39069,-116.28609,356.31,0.73,0.76,2025-08-19,1927,N,VIIRS,n,2,315.01,35.16,D,0
41.39135,-116.27625,355.25,0.73,0.76,2025-08-19,1927,N,VIIRS,n,2,309.99,126.95,D,0
41.39264,-116.29524,367,0.73,0.76,2025-08-19,1927,N,VIIRS,h,2,311.96,33.82,D,0
41.39291,-116.30262,343.47,0.73,0.76,2025-08-19,1927,N,VIIRS,n,2,310.62,15.48,D,0
41.39332,-116.27831,367,0.73,0.76,2025-08-19,1927,N,VIIRS,l,2,326.54,119.9,D,0
41.39451,-116.26706,367,0.73,0.76,2025-08-19,1927,N,VIIRS,h,2,311.64,67.89,D,0
41.39481,-116.28897,355.9,0.73,0.76,2025-08-19,1927,N,VIIRS,n,2,317.44,126.95,D,0
41.39497,-116.29655,349.72,0.73,0.76,2025-08-19,1927,N,VIIRS,n,2,312.88,24.31,D,0
41.39639,-116.26924,367,0.73,0.76,2025-08-19,1927,N,VIIRS,h,2,316.21,119.9,D,0
41.39694,-116.30554,367,0.73,0.76,2025-08-19,1927,N,VIIRS,h,2,314.06,29.15,D,0
41.39707,-116.29037,341.17,0.73,0.76,2025-08-19,1927,N,VIIRS,n,2,311.62,24.31,D,0
41.39886,-116.30815,356.87,0.73,0.76,2025-08-19,1927,N,VIIRS,n,2,309.99,15.48,D,0
41.39946,-116.2833,367,0.73,0.76,2025-08-19,1927,N,VIIRS,h,2,310.67,35.9,D,0
41.40055,-116.27228,367,0.73,0.76,2025-08-19,1927,N,VIIRS,h,2,312.67,67.89,D,0
41.41137,-116.3092,341.78,0.73,0.76,2025-08-19,1927,N,VIIRS,n,2,299.32,12.12,D,0
41.41386,-116.30195,367,0.73,0.76,2025-08-19,1927,N,VIIRS,h,2,312.68,25.2,D,0
41.41583,-116.31904,367,0.73,0.76,2025-08-19,1927,N,VIIRS,h,2,306.25,12.12,D,0
41.41639,-116.29459,344.84,0.73,0.76,2025-08-19,1927,N,VIIRS,n,2,311.19,25.2,D,0
41.41821,-116.3121,347.12,0.73,0.76,2025-08-19,1927,N,VIIRS,n,2,310.84,12.12,D,0
41.42086,-116.32723,349.52,0.73,0.76,2025-08-19,1927,N,VIIRS,n,2,312.12,41.24,D,0
41.42303,-116.32092,367,0.73,0.76,2025-08-19,1927,N,VIIRS,h,2,321.81,64.88,D,0
41.42662,-116.3333,344.03,0.73,0.76,2025-08-19,1927,N,VIIRS,n,2,302.62,41.24,D,0
41.42943,-116.32509,367,0.73,0.76,2025-08-19,1927,N,VIIRS,h,2,303.76,64.88,D,0
41.45492,-116.31467,352.97,0.73,0.76,2025-08-19,1927,N,VIIRS,n,2,307.05,26.74,D,0
41.45608,-116.31588,349.07,0.73,0.76,2025-08-19,1927,N,VIIRS,n,2,305.27,14.72,D,0
41.45897,-116.30741,344.97,0.73,0.76,2025-08-19,1927,N,VIIRS,n,2,309.1,13.01,D,0
41.46389,-116.3114,350.72,0.73,0.76,2025-08-19,1927,N,VIIRS,n,2,304.98,15.42,D,0
41.46406,-116.29245,367,0.73,0.76,2025-08-19,1927,N,VIIRS,h,2,312.58,14.09,D,0
41.46495,-116.3128,341.34,0.73,0.76,2025-08-19,1927,N,VIIRS,n,2,302.54,13.01,D,0
41.46643,-116.30406,336.78,0.73,0.76,2025-08-19,1927,N,VIIRS,n,2,287.52,9.59,D,0
41.46753,-116.30521,342.27,0.73,0.76,2025-08-19,1927,N,VIIRS,n,2,291.18,13.01,D,0
41.46877,-116.29732,347.42,0.73,0.76,2025-08-19,1927,N,VIIRS,n,2,292.64,9.59,D,0
41.46985,-116.29844,341.04,0.73,0.76,2025-08-19,1927,N,VIIRS,n,2,287.22,14.09,D,0
41.47812,-116.29708,336.55,0.73,0.76,2025-08-19,1927,N,VIIRS,n,2,283.24,7.81,D,0
41.50909,-116.18059,349.67,0.72,0.75,2025-08-19,1927,N,VIIRS,n,2,313.98,20.97,D,0
41.50977,-116.18083,347.6,0.72,0.75,2025-08-19,1927,N,VIIRS,n,2,312.83,20.56,D,0
41.51035,-116.13184,367,0.71,0.75,2025-08-19,1927,N,VIIRS,h,2,307.36,52.85,D,0
41.51092,-116.15273,367,0.72,0.75,2025-08-19,1927,N,VIIRS,h,2,317.83,43.74,D,0
41.51147,-116.15289,367,0.72,0.75,2025-08-19,1927,N,VIIRS,h,2,318.1,23.41,D,0
41.51329,-116.12332,367,0.71,0.75,2025-08-19,1927,N,VIIRS,h,2,313.04,52.85,D,0
41.51371,-116.12342,367,0.71,0.75,2025-08-19,1927,N,VIIRS,h,2,317.05,73.38,D,0
41.51679,-116.13569,367,0.71,0.75,2025-08-19,1927,N,VIIRS,h,2,310.6,52.85,D,0
41.51725,-116.13583,367,0.71,0.75,2025-08-19,1927,N,VIIRS,h,2,310.98,45.83,D,0
41.51751,-116.15617,367,0.72,0.75,2025-08-19,1927,N,VIIRS,h,2,313.81,48.75,D,0
41.51806,-116.15633,367,0.72,0.75,2025-08-19,1927,N,VIIRS,h,2,313.1,23.41,D,0
41.51978,-116.12703,367,0.71,0.75,2025-08-19,1927,N,VIIRS,h,2,310.08,52.85,D,0
41.5202,-116.12714,367,0.71,0.75,2025-08-19,1927,N,VIIRS,h,2,311.65,61.33,D,0
41.52324,-116.13953,367,0.71,0.75,2025-08-19,1927,N,VIIRS,h,2,317.3,37.8,D,0
41.52367,-116.13976,367,0.71,0.75,2025-08-19,1927,N,VIIRS,h,2,316.68,45.83,D,0
41.52604,-116.13139,367,0.71,0.75,2025-08-19,1927,N,VIIRS,h,2,304.54,37.8,D,0
41.52642,-116.13163,367,0.71,0.75,2025-08-19,1927,N,VIIRS,h,2,304.43,61.33,D,0
41.53064,-116.2571,344.51,0.72,0.76,2025-08-19,1927,N,VIIRS,n,2,311.88,16.03,D,0
41.53498,-116.12795,367,0.71,0.75,2025-08-19,1927,N,VIIRS,h,2,317.4,230.08,D,0
41.53532,-116.1282,357.06,0.71,0.75,2025-08-19,1927,N,VIIRS,n,2,315.21,85.73,D,0
41.53861,-116.2534,367,0.72,0.76,2025-08-19,1927,N,VIIRS,h,2,311.83,31.01,D,0
41.54171,-116.10834,367,0.71,0.75,2025-08-19,1927,N,VIIRS,h,2,320.77,210.13,D,0
41.54192,-116.10864,367,0.71,0.75,2025-08-19,1927,N,VIIRS,h,2,327.32,159.54,D,0
41.54416,-116.12382,353.62,0.71,0.75,2025-08-19,1927,N,VIIRS,n,2,321.67,242.67,D,0
41.54445,-116.12409,354.83,0.71,0.75,2025-08-19,1927,N,VIIRS,n,2,316.86,159.54,D,0
41.54707,-116.11535,367,0.71,0.75,2025-08-19,1927,N,VIIRS,l,2,347.04,209.43,D,0
41.5473,-116.11563,367,0.71,0.75,2025-08-19,1927,N,VIIRS,l,2,341.34,159.54,D,0
41.54967,-116.10773,367,0.71,0.75,2025-08-19,1927,N,VIIRS,h,2,307.09,209.43,D,0
41.54988,-116.10799,367,0.71,0.75,2025-08-19,1927,N,VIIRS,h,2,317.81,333.52,D,0
41.55282,-116.12117,367,0.71,0.75,2025-08-19,1927,N,VIIRS,h,2,325.33,209.43,D,0
41.55307,-116.12145,367,0.71,0.75,2025-08-19,1927,N,VIIRS,l,2,327.22,180.36,D,0
41.55548,-116.11342,367,0.71,0.75,2025-08-19,1927,N,VIIRS,h,2,329.71,209.43,D,0
41.55569,-116.11368,367,0.71,0.75,2025-08-19,1927,N,VIIRS,l,2,335.37,237.04,D,0
41.5561,-116.29346,353.02,0.72,0.76,2025-08-19,1927,N,VIIRS,n,2,304.59,16.61,D,0
41.55629,-116.13369,353.39,0.71,0.75,2025-08-19,1927,N,VIIRS,n,2,299.94,21.51,D,0
41.55893,-116.12598,367,0.71,0.75,2025-08-19,1927,N,VIIRS,h,2,300.94,30.14,D,0
41.55918,-116.12629,367,0.71,0.75,2025-08-19,1927,N,VIIRS,h,2,301.24,180.36,D,0
41.56015,-116.25878,355.38,0.72,0.76,2025-08-19,1927,N,VIIRS,n,2,309.11,62.03,D,0
41.56154,-116.11834,367,0.71,0.75,2025-08-19,1927,N,VIIRS,h,2,304.89,30.14,D,0
41.56175,-116.11864,367,0.71,0.75,2025-08-19,1927,N,VIIRS,h,2,303.82,237.04,D,0
41.56378,-116.27098,355.01,0.72,0.76,2025-08-19,1927,N,VIIRS,n,2,311.51,62.03,D,0
41.56676,-116.26222,367,0.72,0.76,2025-08-19,1927,N,VIIRS,h,2,317.81,62.03,D,0
41.57108,-116.29528,333.53,0.72,0.76,2025-08-19,1927,N,VIIRS,n,2,291.76,17.38,D,0
41.61004,-116.17657,356.34,0.71,0.75,2025-08-19,1927,N,VIIRS,n,2,301.1,33.66,D,0
41.61142,-116.17656,367,0.71,0.75,2025-08-19,1927,N,VIIRS,h,2,303.14,26.87,D,0
41.61193,-116.17111,367,0.71,0.75,2025-08-19,1927,N,VIIRS,h,2,308.66,33.66,D,0
41.61327,-116.17113,367,0.71,0.75,2025-08-19,1927,N,VIIRS,h,2,311.62,55.65,D,0
41.61861,-116.17426,367,0.71,0.75,2025-08-19,1927,N,VIIRS,h,2,308.81,33.66,D,0
41.61987,-116.17448,367,0.71,0.75,2025-08-19,1927,N,VIIRS,h,2,305.39,33.29,D,0
41.62057,-116.16856,367,0.71,0.75,2025-08-19,1927,N,VIIRS,h,2,305.31,69.9,D,0
41.62162,-116.18803,367,0.71,0.75,2025-08-19,1927,N,VIIRS,h,2,315.42,32.41,D,0
41.62184,-116.16869,367,0.71,0.75,2025-08-19,1927,N,VIIRS,h,2,304.78,33.29,D,0
41.62288,-116.18845,367,0.71,0.75,2025-08-19,1927,N,VIIRS,h,2,317.16,64.66,D,0
41.62358,-116.18233,356.16,0.71,0.75,2025-08-19,1927,N,VIIRS,l,2,319.54,43.42,D,0
41.62489,-116.1825,367,0.71,0.75,2025-08-19,1927,N,VIIRS,h,2,318.01,64.66,D,0
41.62532,-116.1773,367,0.71,0.75,2025-08-19,1927,N,VIIRS,h,2,305.78,43.42,D,0
41.62655,-116.19628,354.9,0.71,0.75,2025-08-19,1927,N,VIIRS,n,2,299.69,32.41,D,0
41.62663,-116.17741,367,0.71,0.75,2025-08-19,1927,N,VIIRS,h,2,304.05,33.29,D,0
41.62719,-116.17186,367,0.71,0.75,2025-08-19,1927,N,VIIRS,h,2,300.15,39.83,D,0
41.62846,-116.172,343.32,0.71,0.75,2025-08-19,1927,N,VIIRS,n,2,298.28,33.29,D,0
41.63019,-116.18568,346.48,0.71,0.75,2025-08-19,1927,N,VIIRS,n,2,299.05,43.42,D,0
32.09704,-115.14233,343.98,0.51,0.41,2025-08-19,2104,N,VIIRS,l,2,314.13,8.12,D,0
32.11719,-115.0335,350.85,0.52,0.42,2025-08-19,2104,N,VIIRS,n,2,316.92,11.07,D,0
32.37957,-114.88486,345.99,0.53,0.42,2025-08-19,2104,N,VIIRS,l,2,316.56,9.83,D,0
32.62711,-114.93827,345.16,0.53,0.42,2025-08-19,2104,N,VIIRS,l,2,315.76,7.06,D,0
32.49584,-116.83321,345.01,0.44,0.38,2025-08-19,2105,N,VIIRS,l,2,318.76,10.5,D,0
33.15214,-117.1964,344.47,0.43,0.38,2025-08-19,2105,N,VIIRS,n,2,314.67,5.15,D,0
34.44884,-119.77611,340.85,0.39,0.36,2025-08-19,2105,N,VIIRS,n,2,307.42,1.08,D,0
34.77209,-119.42873,340.16,0.39,0.36,2025-08-19,2105,N,VIIRS,l,2,313.65,5.01,D,0
36.75484,-121.67078,335.23,0.38,0.36,2025-08-19,2106,N,VIIRS,l,2,306.04,0.81,D,0
38.35806,-121.37453,342.29,0.38,0.36,2025-08-19,2106,N,VIIRS,l,2,316.2,4.58,D,0
38.36135,-121.37533,341.5,0.38,0.36,2025-08-19,2106,N,VIIRS,l,2,315.59,4.58,D,0
38.36201,-121.37096,348.05,0.38,0.36,2025-08-19,2106,N,VIIRS,n,2,314.98,9.7,D,0
38.36399,-121.38051,343.17,0.38,0.36,2025-08-19,2106,N,VIIRS,l,2,317.82,6.97,D,0
38.3653,-121.37175,348.27,0.38,0.36,2025-08-19,2106,N,VIIRS,n,2,316.63,6.43,D,0
38.85345,-119.65604,350.36,0.41,0.37,2025-08-19,2106,N,VIIRS,n,2,321.11,11.23,D,0
39.38636,-121.66254,345,0.38,0.36,2025-08-19,2107,N,VIIRS,n,2,311.02,7.39,D,0
41.39059,-116.2916,356.23,0.38,0.44,2025-08-19,2107,N,VIIRS,n,2,321.66,32.35,D,0
41.39106,-116.28666,351.49,0.39,0.44,2025-08-19,2107,N,VIIRS,n,2,325.3,32.35,D,0
41.39151,-116.28199,367,0.39,0.44,2025-08-19,2107,N,VIIRS,l,2,339.82,61.12,D,0
41.39195,-116.27739,367,0.39,0.44,2025-08-19,2107,N,VIIRS,l,2,336.03,61.12,D,0
41.39238,-116.27281,367,0.39,0.44,2025-08-19,2107,N,VIIRS,l,2,335.35,70.22,D,0
41.39317,-116.30721,342.75,0.38,0.44,2025-08-19,2107,N,VIIRS,n,2,315.76,7.13,D,0
41.39362,-116.30252,367,0.38,0.44,2025-08-19,2107,N,VIIRS,h,2,322.11,29.93,D,0
41.39412,-116.29729,367,0.38,0.44,2025-08-19,2107,N,VIIRS,l,2,330.54,29.93,D,0
41.3951,-116.2871,345.16,0.39,0.44,2025-08-19,2107,N,VIIRS,n,2,317.44,49.28,D,0
41.39555,-116.28235,367,0.39,0.44,2025-08-19,2107,N,VIIRS,h,2,323.81,21.1,D,0
41.396,-116.27773,354.39,0.39,0.44,2025-08-19,2107,N,VIIRS,n,2,324.77,21.1,D,0
41.39642,-116.27325,351.88,0.39,0.44,2025-08-19,2107,N,VIIRS,l,2,328.26,33.81,D,0
41.39684,-116.26891,344.71,0.39,0.44,2025-08-19,2107,N,VIIRS,l,2,318.58,33.81,D,0
41.40127,-116.30766,339.13,0.38,0.44,2025-08-19,2107,N,VIIRS,n,2,312.57,12.33,D,0
41.40171,-116.30309,367,0.38,0.44,2025-08-19,2107,N,VIIRS,h,2,327.57,29.03,D,0
41.40577,-116.30334,346.75,0.38,0.44,2025-08-19,2107,N,VIIRS,n,2,321.62,29.03,D,0
41.4062,-116.29879,347.04,0.38,0.44,2025-08-19,2107,N,VIIRS,n,2,319.22,29.03,D,0
41.40981,-116.30367,351.34,0.38,0.44,2025-08-19,2107,N,VIIRS,n,2,317.16,22.59,D,0
41.41025,-116.29908,346.45,0.38,0.44,2025-08-19,2107,N,VIIRS,n,2,316.27,22.59,D,0
41.41337,-116.30898,355.63,0.38,0.44,2025-08-19,2107,N,VIIRS,n,2,330.08,49.84,D,0
41.41384,-116.30412,350.1,0.38,0.44,2025-08-19,2107,N,VIIRS,n,2,323.92,22.59,D,0
41.4143,-116.29941,346.22,0.38,0.44,2025-08-19,2107,N,VIIRS,l,2,318.96,22.59,D,0
41.41688,-116.31479,367,0.38,0.43,2025-08-19,2107,N,VIIRS,h,2,321.17,21.45,D,0
41.41985,-116.32606,341.08,0.38,0.43,2025-08-19,2107,N,VIIRS,n,2,315.19,58.32,D,0
41.42035,-116.32094,367,0.38,0.43,2025-08-19,2107,N,VIIRS,h,2,349.11,58.32,D,0
41.42435,-116.32172,348.34,0.38,0.43,2025-08-19,2107,N,VIIRS,n,2,318.35,58.46,D,0
41.4324,-116.32262,357.43,0.38,0.43,2025-08-19,2107,N,VIIRS,n,2,316.63,15.05,D,0
41.43645,-116.32291,367,0.38,0.43,2025-08-19,2107,N,VIIRS,h,2,319.83,15.05,D,0
41.44048,-116.32341,345.28,0.38,0.43,2025-08-19,2107,N,VIIRS,n,2,313.66,10.87,D,0
41.44095,-116.31856,346.26,0.38,0.43,2025-08-19,2107,N,VIIRS,n,2,315.36,13.57,D,0
41.44498,-116.31909,355.19,0.38,0.43,2025-08-19,2107,N,VIIRS,n,2,321.43,13.57,D,0
41.44545,-116.31432,342.01,0.38,0.44,2025-08-19,2107,N,VIIRS,l,2,312.47,13.57,D,0
41.44899,-116.31971,345.52,0.38,0.43,2025-08-19,2107,N,VIIRS,n,2,319.48,11.43,D,0
41.45301,-116.32023,367,0.38,0.43,2025-08-19,2107,N,VIIRS,h,2,321.61,11.43,D,0
41.45705,-116.32065,353.61,0.38,0.43,2025-08-19,2107,N,VIIRS,l,2,330.28,23.25,D,0
41.45748,-116.31631,349.45,0.38,0.44,2025-08-19,2107,N,VIIRS,n,2,322.37,23.25,D,0
41.46152,-116.31671,355.32,0.38,0.44,2025-08-19,2107,N,VIIRS,l,2,325.59,23.25,D,0
41.46513,-116.32141,367,0.38,0.43,2025-08-19,2107,N,VIIRS,l,2,330.88,29.7,D,0
41.46556,-116.31705,356.74,0.38,0.44,2025-08-19,2107,N,VIIRS,l,2,331.65,29.7,D,0
41.46618,-116.32003,367,0.38,0.44,2025-08-19,2107,N,VIIRS,l,2,341.32,29.88,D,0
41.46659,-116.31565,351.44,0.38,0.44,2025-08-19,2107,N,VIIRS,n,2,325.08,29.88,D,0
41.46916,-116.32185,367,0.38,0.43,2025-08-19,2107,N,VIIRS,l,2,325.21,29.7,D,0
41.4696,-116.3174,352.26,0.38,0.44,2025-08-19,2107,N,VIIRS,l,2,337.89,29.7,D,0
41.47006,-116.31286,351.44,0.38,0.44,2025-08-19,2107,N,VIIRS,n,2,319.83,21.46,D,0
41.47021,-116.32043,353.71,0.38,0.44,2025-08-19,2107,N,VIIRS,l,2,326.1,29.88,D,0
41.47064,-116.31593,353.92,0.38,0.44,2025-08-19,2107,N,VIIRS,l,2,328.29,29.88,D,0
41.47108,-116.31133,344.09,0.38,0.44,2025-08-19,2107,N,VIIRS,l,2,316.21,11.28,D,0
41.47515,-116.31128,353.39,0.38,0.44,2025-08-19,2107,N,VIIRS,n,2,316.79,15.97,D,0
41.4756,-116.3066,339.59,0.39,0.44,2025-08-19,2107,N,VIIRS,n,2,313.54,15.97,D,0
41.47922,-116.3113,355.71,0.38,0.44,2025-08-19,2107,N,VIIRS,n,2,318.94,15.97,D,0
41.47966,-116.3067,367,0.39,0.44,2025-08-19,2107,N,VIIRS,h,2,317.36,15.97,D,0
41.4801,-116.30214,346.55,0.39,0.44,2025-08-19,2107,N,VIIRS,n,2,318.36,10.17,D,0
41.48545,-116.2887,340.79,0.39,0.44,2025-08-19,2107,N,VIIRS,l,2,313.08,3.66,D,0
41.50795,-116.18053,355.01,0.39,0.44,2025-08-19,2107,N,VIIRS,n,2,322.55,21.85,D,0
41.50877,-116.12816,350.69,0.39,0.44,2025-08-19,2107,N,VIIRS,n,2,319.74,5.22,D,0
41.51062,-116.15215,352.94,0.39,0.44,2025-08-19,2107,N,VIIRS,n,2,315.76,9.39,D,0
41.51281,-116.12887,342.46,0.39,0.44,2025-08-19,2107,N,VIIRS,n,2,317.13,5.22,D,0
41.51325,-116.12417,346.06,0.39,0.44,2025-08-19,2107,N,VIIRS,n,2,313.95,5.22,D,0
41.51466,-116.15292,353.9,0.39,0.44,2025-08-19,2107,N,VIIRS,n,2,316.29,11.88,D,0
41.51598,-116.13889,344.34,0.39,0.44,2025-08-19,2107,N,VIIRS,n,2,316.77,16.51,D,0
41.51643,-116.1342,352.1,0.39,0.44,2025-08-19,2107,N,VIIRS,n,2,324.41,16.51,D,0
41.51686,-116.12958,350.06,0.39,0.44,2025-08-19,2107,N,VIIRS,n,2,320.55,17.76,D,0
41.5173,-116.12482,367,0.39,0.44,2025-08-19,2107,N,VIIRS,h,2,327.76,17.76,D,0
41.52003,-116.13961,367,0.39,0.44,2025-08-19,2107,N,VIIRS,h,2,312.16,16.51,D,0
41.52047,-116.13493,352.27,0.39,0.44,2025-08-19,2107,N,VIIRS,n,2,322.78,16.51,D,0
41.52091,-116.13029,346.21,0.39,0.44,2025-08-19,2107,N,VIIRS,n,2,317.79,17.76,D,0
41.52136,-116.12548,352.08,0.39,0.44,2025-08-19,2107,N,VIIRS,l,2,328.21,17.76,D,0
41.52182,-116.12064,344.99,0.39,0.44,2025-08-19,2107,N,VIIRS,n,2,310.52,14.31,D,0
41.52408,-116.14022,349.64,0.39,0.44,2025-08-19,2107,N,VIIRS,n,2,312.87,7.86,D,0
41.52453,-116.13548,350.42,0.39,0.44,2025-08-19,2107,N,VIIRS,n,2,314.28,7.86,D,0
41.52497,-116.13081,342.57,0.39,0.44,2025-08-19,2107,N,VIIRS,l,2,315.86,54.63,D,0
41.52542,-116.12605,367,0.39,0.44,2025-08-19,2107,N,VIIRS,l,2,332.16,54.63,D,0
41.52588,-116.12129,347.37,0.39,0.44,2025-08-19,2107,N,VIIRS,n,2,310.52,35.9,D,0
41.52946,-116.17014,345.6,0.39,0.44,2025-08-19,2107,N,VIIRS,l,2,316.48,6.23,D,0
41.52948,-116.1266,353.66,0.39,0.44,2025-08-19,2107,N,VIIRS,n,2,316.39,54.63,D,0
41.52993,-116.12195,352.72,0.39,0.44,2025-08-19,2107,N,VIIRS,n,2,318.49,35.9,D,0
41.53217,-116.27012,341.34,0.39,0.44,2025-08-19,2107,N,VIIRS,n,2,310.6,3.19,D,0
41.53352,-116.1707,345.78,0.39,0.44,2025-08-19,2107,N,VIIRS,n,2,315.6,6.23,D,0
41.53355,-116.12717,367,0.39,0.44,2025-08-19,2107,N,VIIRS,h,2,336.26,106.55,D,0
41.53364,-116.25488,340.54,0.39,0.44,2025-08-19,2107,N,VIIRS,l,2,314.21,3.52,D,0
41.53397,-116.16596,345.68,0.39,0.44,2025-08-19,2107,N,VIIRS,l,2,315.89,6.23,D,0
41.53398,-116.12263,367,0.39,0.44,2025-08-19,2107,N,VIIRS,h,2,328.67,84.74,D,0
41.53439,-116.11824,367,0.39,0.44,2025-08-19,2107,N,VIIRS,h,2,332.39,84.74,D,0
41.5348,-116.11397,356.45,0.39,0.44,2025-08-19,2107,N,VIIRS,n,2,315.34,94,D,0
41.5352,-116.10969,353.83,0.39,0.44,2025-08-19,2107,N,VIIRS,n,2,313.05,94,D,0
41.53562,-116.10535,367,0.39,0.44,2025-08-19,2107,N,VIIRS,h,2,315.65,62.62,D,0
41.53573,-116.27544,347.81,0.39,0.44,2025-08-19,2107,N,VIIRS,n,2,310.63,3.99,D,0
41.53605,-116.10078,342.89,0.39,0.44,2025-08-19,2107,N,VIIRS,n,2,306.96,62.62,D,0
41.53717,-116.13232,347.22,0.39,0.44,2025-08-19,2107,N,VIIRS,n,2,305.82,106.55,D,0
41.53761,-116.12769,367,0.39,0.44,2025-08-19,2107,N,VIIRS,h,2,311.59,106.55,D,0
41.53804,-116.12323,367,0.39,0.44,2025-08-19,2107,N,VIIRS,h,2,309.68,84.74,D,0
41.53886,-116.11459,367,0.39,0.44,2025-08-19,2107,N,VIIRS,h,2,339.47,94,D,0
41.53927,-116.11021,367,0.39,0.44,2025-08-19,2107,N,VIIRS,h,2,353.37,94,D,0
41.53931,-116.28071,343.34,0.39,0.44,2025-08-19,2107,N,VIIRS,n,2,309.87,1.96,D,0
41.5397,-116.10571,367,0.39,0.44,2025-08-19,2107,N,VIIRS,l,2,333.55,62.62,D,0
41.53979,-116.27579,335.9,0.39,0.44,2025-08-19,2107,N,VIIRS,l,2,308.84,3.99,D,0
41.54015,-116.10099,367,0.39,0.44,2025-08-19,2107,N,VIIRS,h,2,304.24,62.62,D,0
41.54061,-116.0961,343.29,0.39,0.44,2025-08-19,2107,N,VIIRS,n,2,300.97,7.75,D,0
41.54168,-116.12827,350.04,0.39,0.44,2025-08-19,2107,N,VIIRS,n,2,308.08,14.64,D,0
41.54211,-116.12373,367,0.39,0.44,2025-08-19,2107,N,VIIRS,h,2,313.23,35.74,D,0
41.54218,-116.25121,337.85,0.39,0.44,2025-08-19,2107,N,VIIRS,l,2,312.54,4.77,D,0
41.54253,-116.11924,367,0.39,0.44,2025-08-19,2107,N,VIIRS,h,2,312.86,35.74,D,0
41.54296,-116.11478,367,0.39,0.44,2025-08-19,2107,N,VIIRS,h,2,315.81,24.02,D,0
41.54339,-116.11024,350.54,0.39,0.44,2025-08-19,2107,N,VIIRS,n,2,320.49,24.02,D,0
41.54384,-116.10555,367,0.39,0.44,2025-08-19,2107,N,VIIRS,h,2,333.71,78.63,D,0
41.54429,-116.10078,367,0.39,0.44,2025-08-19,2107,N,VIIRS,h,2,305.5,78.63,D,0
41.54475,-116.09593,347.04,0.39,0.44,2025-08-19,2107,N,VIIRS,n,2,305.65,8.05,D,0
41.5453,-116.13338,343.74,0.39,0.44,2025-08-19,2107,N,VIIRS,n,2,303.44,14.64,D,0
41.54574,-116.12885,355.96,0.39,0.44,2025-08-19,2107,N,VIIRS,n,2,312.41,14.64,D,0
41.54618,-116.12423,367,0.39,0.44,2025-08-19,2107,N,VIIRS,l,2,332.66,35.74,D,0
41.54649,-116.29094,343.66,0.39,0.44,2025-08-19,2107,N,VIIRS,l,2,315.31,3.35,D,0
41.54662,-116.1196,367,0.39,0.44,2025-08-19,2107,N,VIIRS,h,2,315.03,35.74,D,0
41.54706,-116.11497,367,0.39,0.44,2025-08-19,2107,N,VIIRS,h,2,317.61,24.02,D,0
41.54751,-116.11029,367,0.39,0.44,2025-08-19,2107,N,VIIRS,h,2,322.08,24.02,D,0
41.54796,-116.10554,367,0.39,0.44,2025-08-19,2107,N,VIIRS,h,2,340.85,78.63,D,0
41.54841,-116.1008,367,0.39,0.44,2025-08-19,2107,N,VIIRS,h,2,313.36,78.63,D,0
41.54886,-116.09605,347.66,0.39,0.44,2025-08-19,2107,N,VIIRS,n,2,309.25,8.05,D,0
41.54937,-116.13393,342.05,0.39,0.44,2025-08-19,2107,N,VIIRS,n,2,304.57,13.54,D,0
41.5498,-116.12933,367,0.39,0.44,2025-08-19,2107,N,VIIRS,h,2,312.76,13.54,D,0
41.55026,-116.12462,367,0.39,0.44,2025-08-19,2107,N,VIIRS,h,2,311.7,11.38,D,0
41.55054,-116.29125,355.16,0.39,0.44,2025-08-19,2107,N,VIIRS,n,2,321.31,11.3,D,0
41.55072,-116.1199,353.42,0.39,0.44,2025-08-19,2107,N,VIIRS,n,2,310.27,11.38,D,0
41.55116,-116.11518,367,0.39,0.44,2025-08-19,2107,N,VIIRS,h,2,313.9,13.15,D,0
41.55161,-116.11044,367,0.39,0.44,2025-08-19,2107,N,VIIRS,h,2,320.9,13.15,D,0
41.55207,-116.10566,367,0.39,0.44,2025-08-19,2107,N,VIIRS,h,2,340.92,53.41,D,0
41.55252,-116.10099,367,0.39,0.44,2025-08-19,2107,N,VIIRS,h,2,310.18,53.41,D,0
41.55297,-116.09631,349.6,0.39,0.44,2025-08-19,2107,N,VIIRS,n,2,305.49,8.13,D,0
41.55388,-116.12984,367,0.39,0.44,2025-08-19,2107,N,VIIRS,h,2,314.92,13.54,D,0
41.55416,-116.29606,344.23,0.39,0.44,2025-08-19,2107,N,VIIRS,n,2,317.38,11.3,D,0
41.55434,-116.12503,351.37,0.39,0.44,2025-08-19,2107,N,VIIRS,n,2,305.01,11.38,D,0
41.5546,-116.29155,346.9,0.39,0.44,2025-08-19,2107,N,VIIRS,n,2,318.38,11.3,D,0
41.5548,-116.12022,352,0.39,0.44,2025-08-19,2107,N,VIIRS,n,2,303.1,11.38,D,0
41.55525,-116.11549,354.96,0.39,0.44,2025-08-19,2107,N,VIIRS,n,2,306.42,13.15,D,0
41.55571,-116.11076,367,0.39,0.44,2025-08-19,2107,N,VIIRS,h,2,312.13,13.15,D,0
41.55616,-116.10599,353.74,0.39,0.44,2025-08-19,2107,N,VIIRS,n,2,323.28,53.41,D,0
41.55661,-116.10132,354.82,0.39,0.44,2025-08-19,2107,N,VIIRS,n,2,302.7,53.41,D,0
41.55705,-116.09669,342.41,0.39,0.44,2025-08-19,2107,N,VIIRS,n,2,301.84,8.13,D,0
41.55795,-116.13026,367,0.39,0.44,2025-08-19,2107,N,VIIRS,h,2,315.19,11.83,D,0
41.5582,-116.29655,367,0.39,0.44,2025-08-19,2107,N,VIIRS,h,2,322.17,22.79,D,0
41.55888,-116.12066,348.73,0.39,0.44,2025-08-19,2107,N,VIIRS,n,2,305.01,13.1,D,0
41.55933,-116.11595,357.4,0.39,0.44,2025-08-19,2107,N,VIIRS,n,2,311.03,18.35,D,0
41.55978,-116.11124,354.3,0.39,0.44,2025-08-19,2107,N,VIIRS,n,2,308.43,18.35,D,0
41.56024,-116.10643,367,0.39,0.44,2025-08-19,2107,N,VIIRS,h,2,310.22,23.59,D,0
41.56203,-116.1307,367,0.39,0.44,2025-08-19,2107,N,VIIRS,h,2,313.67,11.83,D,0
41.56223,-116.29706,356.28,0.39,0.44,2025-08-19,2107,N,VIIRS,n,2,328.82,22.79,D,0
41.56295,-116.12112,344.04,0.39,0.44,2025-08-19,2107,N,VIIRS,n,2,312.09,13.1,D,0
41.5634,-116.11646,351.04,0.39,0.44,2025-08-19,2107,N,VIIRS,n,2,325.3,18.35,D,0
41.56385,-116.11174,350.45,0.39,0.44,2025-08-19,2107,N,VIIRS,n,2,308.32,18.35,D,0
41.56628,-116.29752,350.02,0.39,0.44,2025-08-19,2107,N,VIIRS,l,2,325.29,26,D,0
41.56702,-116.12171,344.55,0.39,0.44,2025-08-19,2107,N,VIIRS,n,2,308.14,20.02,D,0
41.5672,-116.28818,367,0.39,0.44,2025-08-19,2107,N,VIIRS,l,2,327.87,34.58,D,0
41.56747,-116.11699,367,0.39,0.44,2025-08-19,2107,N,VIIRS,h,2,343.51,49.02,D,0
41.56767,-116.28344,340.79,0.39,0.44,2025-08-19,2107,N,VIIRS,l,2,315.16,34.58,D,0
41.56793,-116.11227,367,0.39,0.44,2025-08-19,2107,N,VIIRS,l,2,331.27,49.02,D,0
41.56839,-116.10752,345.54,0.39,0.44,2025-08-19,2107,N,VIIRS,n,2,303.84,38.56,D,0
41.57032,-116.29801,351.3,0.39,0.44,2025-08-19,2107,N,VIIRS,n,2,320.38,26,D,0
41.57153,-116.1176,350.32,0.39,0.44,2025-08-19,2107,N,VIIRS,n,2,321.06,49.02,D,0
41.57199,-116.11283,350.35,0.39,0.44,2025-08-19,2107,N,VIIRS,n,2,307.29,49.02,D,0
41.57388,-116.30328,367,0.39,0.44,2025-08-19,2107,N,VIIRS,h,2,328.67,45.78,D,0
41.57422,-116.30228,367,0.39,0.44,2025-08-19,2107,N,VIIRS,h,2,342,53.16,D,0
41.57433,-116.29874,367,0.39,0.44,2025-08-19,2107,N,VIIRS,l,2,327.51,63.88,D,0
41.57465,-116.29777,344.89,0.39,0.44,2025-08-19,2107,N,VIIRS,n,2,314.01,40.58,D,0
41.57693,-116.31689,345.1,0.39,0.44,2025-08-19,2107,N,VIIRS,l,2,319.65,17.64,D,0
41.57698,-116.3132,367,0.39,0.44,2025-08-19,2107,N,VIIRS,h,2,327.66,20.93,D,0
41.57737,-116.31219,356.89,0.39,0.44,2025-08-19,2107,N,VIIRS,n,2,324.99,17.64,D,0
41.57745,-116.30852,354.09,0.39,0.44,2025-08-19,2107,N,VIIRS,n,2,320.95,45.78,D,0
41.57781,-116.30751,320.69,0.39,0.44,2025-08-19,2107,N,VIIRS,l,2,320.88,53.16,D,0
41.57791,-116.30389,367,0.39,0.44,2025-08-19,2107,N,VIIRS,l,2,330.89,45.78,D,0
41.57796,-116.26198,338.47,0.39,0.44,2025-08-19,2107,N,VIIRS,l,2,312.66,3.3,D,0
41.57824,-116.30293,349.64,0.39,0.44,2025-08-19,2107,N,VIIRS,n,2,319.35,53.16,D,0
41.58497,-116.31816,346.41,0.39,0.44,2025-08-19,2107,N,VIIRS,l,2,321.38,13.88,D,0
41.61086,-116.17371,339.56,0.39,0.44,2025-08-19,2107,N,VIIRS,l,2,313.8,6.88,D,0
41.61489,-116.17445,352.36,0.39,0.44,2025-08-19,2107,N,VIIRS,n,2,320.14,6.88,D,0
41.61895,-116.17499,353.83,0.39,0.44,2025-08-19,2107,N,VIIRS,l,2,326.15,28.39,D,0
41.61947,-116.16953,353.13,0.39,0.44,2025-08-19,2107,N,VIIRS,n,2,316.63,28.39,D,0
41.62149,-116.19171,340.42,0.39,0.44,2025-08-19,2107,N,VIIRS,n,2,308.3,5.25,D,0
41.62193,-116.18707,348.51,0.39,0.44,2025-08-19,2107,N,VIIRS,l,2,319.08,51.34,D,0
41.62301,-116.17558,349.2,0.39,0.44,2025-08-19,2107,N,VIIRS,n,2,312.87,28.39,D,0
41.62352,-116.17014,367,0.39,0.44,2025-08-19,2107,N,VIIRS,l,2,328.07,28.39,D,0
41.624,-116.16496,367,0.39,0.44,2025-08-19,2107,N,VIIRS,h,2,316.85,35.74,D,0
41.62557,-116.19194,336.65,0.39,0.44,2025-08-19,2107,N,VIIRS,l,2,308.58,10.33,D,0
41.62588,-116.14506,349.46,0.39,0.44,2025-08-19,2107,N,VIIRS,n,2,314.91,19.26,D,0
41.62597,-116.18768,351.76,0.39,0.44,2025-08-19,2107,N,VIIRS,l,2,324.13,42.21,D,0
41.62634,-116.14024,346.51,0.39,0.44,2025-08-19,2107,N,VIIRS,n,2,312.36,19.26,D,0
41.6265,-116.18211,352.51,0.39,0.44,2025-08-19,2107,N,VIIRS,n,2,324.35,42.21,D,0
41.62705,-116.17632,352.91,0.39,0.44,2025-08-19,2107,N,VIIRS,n,2,325.92,59.56,D,0
41.62757,-116.17078,367,0.39,0.44,2025-08-19,2107,N,VIIRS,h,2,344.35,59.56,D,0
41.62806,-116.16555,367,0.39,0.44,2025-08-19,2107,N,VIIRS,l,2,347.93,73.84,D,0
41.62854,-116.16047,344.24,0.39,0.44,2025-08-19,2107,N,VIIRS,n,2,314.85,73.84,D,0
41.63056,-116.18266,367,0.39,0.44,2025-08-19,2107,N,VIIRS,l,2,326.02,42.21,D,0
41.6311,-116.17692,367,0.39,0.44,2025-08-19,2107,N,VIIRS,h,2,323.44,59.56,D,0
41.63163,-116.17136,367,0.39,0.44,2025-08-19,2107,N,VIIRS,h,2,343.8,59.56,D,0
41.63213,-116.16608,367,0.39,0.44,2025-08-19,2107,N,VIIRS,h,2,346.38,73.84,D,0
41.63261,-116.16101,353.63,0.39,0.44,2025-08-19,2107,N,VIIRS,n,2,322.83,73.84,D,0
41.63308,-116.15605,342.15,0.39,0.44,2025-08-19,2107,N,VIIRS,n,2,310.12,23.4,D,0
41.63464,-116.18297,342.43,0.39,0.44,2025-08-19,2107,N,VIIRS,n,2,303.85,6.21,D,0
41.63517,-116.17737,346.83,0.39,0.44,2025-08-19,2107,N,VIIRS,n,2,304.63,18.67,D,0
41.63569,-116.17189,354.89,0.39,0.44,2025-08-19,2107,N,VIIRS,n,2,306.16,18.67,D,0
41.63619,-116.16664,345.7,0.39,0.44,2025-08-19,2107,N,VIIRS,n,2,313.21,58.6,D,0
41.37505,-116.28515,345.25,0.48,0.4,2025-08-20,925,N,VIIRS,n,2,296.51,7.94,N,0
41.37571,-116.29089,304.44,0.48,0.4,2025-08-20,925,N,VIIRS,n,2,285.51,7.94,N,0
41.37635,-116.2964,316.36,0.48,0.4,2025-08-20,925,N,VIIRS,n,2,285.71,2.67,N,0
41.37806,-116.27871,300.96,0.48,0.4,2025-08-20,925,N,VIIRS,n,2,287.97,2.37,N,0
41.37874,-116.28464,327.23,0.48,0.4,2025-08-20,925,N,VIIRS,n,2,291.74,6.76,N,0
41.37904,-116.25481,339.37,0.48,0.4,2025-08-20,925,N,VIIRS,n,2,291.18,6.32,N,0
41.37939,-116.2903,347.58,0.48,0.4,2025-08-20,925,N,VIIRS,n,2,291.92,6.76,N,0
41.37967,-116.2603,317.43,0.48,0.4,2025-08-20,925,N,VIIRS,n,2,284.77,5.5,N,0
41.38002,-116.29569,346.68,0.48,0.4,2025-08-20,925,N,VIIRS,n,2,294.21,9.82,N,0
41.38271,-116.25417,303.64,0.48,0.4,2025-08-20,925,N,VIIRS,n,2,286.87,1.34,N,0
41.38335,-116.2597,346.14,0.48,0.4,2025-08-20,925,N,VIIRS,n,2,293.57,6.76,N,0
41.38371,-116.29513,326.7,0.48,0.4,2025-08-20,925,N,VIIRS,n,2,294.03,9.82,N,0
41.38434,-116.30055,333.36,0.48,0.4,2025-08-20,925,N,VIIRS,n,2,291.13,9.82,N,0
41.38703,-116.25911,297.69,0.48,0.4,2025-08-20,925,N,VIIRS,n,2,286.31,6.76,N,0
41.40177,-116.32139,344.8,0.48,0.4,2025-08-20,925,N,VIIRS,n,2,283.96,7.15,N,0
41.40343,-116.30334,308.29,0.48,0.4,2025-08-20,925,N,VIIRS,n,2,286.47,3.33,N,0
41.40412,-116.30923,337.64,0.48,0.4,2025-08-20,925,N,VIIRS,n,2,289.07,3.33,N,0
41.40479,-116.31501,337.9,0.48,0.4,2025-08-20,925,N,VIIRS,n,2,288.29,6.3,N,0
41.40545,-116.32066,342.76,0.48,0.4,2025-08-20,925,N,VIIRS,n,2,289.48,6.3,N,0
41.40975,-116.32531,297.77,0.48,0.4,2025-08-20,925,N,VIIRS,n,2,287.1,5.37,N,0
41.41038,-116.33073,345.03,0.48,0.4,2025-08-20,925,N,VIIRS,n,2,290.63,5.37,N,0
41.41278,-116.31906,299.52,0.48,0.4,2025-08-20,925,N,VIIRS,n,2,287.01,1.06,N,0
41.41341,-116.32442,299.41,0.48,0.4,2025-08-20,925,N,VIIRS,n,2,288.01,2.06,N,0
41.41404,-116.32984,304.15,0.48,0.4,2025-08-20,925,N,VIIRS,n,2,288.01,2.06,N,0
41.41471,-116.33562,331.49,0.48,0.4,2025-08-20,925,N,VIIRS,n,2,287.49,4.14,N,0
41.41837,-116.33477,309.93,0.48,0.4,2025-08-20,925,N,VIIRS,n,2,285.35,4.14,N,0
41.43614,-116.32588,330.1,0.48,0.4,2025-08-20,925,N,VIIRS,n,2,286.06,2.93,N,0
41.43681,-116.33154,314.09,0.48,0.4,2025-08-20,925,N,VIIRS,n,2,286.01,2.05,N,0
41.43983,-116.32525,312.08,0.48,0.4,2025-08-20,925,N,VIIRS,n,2,286.64,2.93,N,0
41.44049,-116.33088,320.8,0.48,0.4,2025-08-20,925,N,VIIRS,n,2,286.46,2.05,N,0
41.44418,-116.3302,328.52,0.48,0.4,2025-08-20,925,N,VIIRS,n,2,286.76,16.25,N,0
41.44857,-116.33559,354.57,0.48,0.4,2025-08-20,925,N,VIIRS,n,2,296.94,16.25,N,0
41.45229,-116.33517,357.14,0.48,0.4,2025-08-20,925,N,VIIRS,n,2,298.92,15.88,N,0
41.45297,-116.34095,302.09,0.48,0.4,2025-08-20,925,N,VIIRS,n,2,284.84,3.46,N,0
41.45393,-116.33446,345.83,0.48,0.4,2025-08-20,925,N,VIIRS,n,2,293.23,6.74,N,0
41.45458,-116.34023,328.78,0.48,0.4,2025-08-20,925,N,VIIRS,n,2,288.32,6.74,N,0
41.456,-116.33469,340.37,0.48,0.4,2025-08-20,925,N,VIIRS,n,2,289.92,15.88,N,0
41.45668,-116.34045,328.32,0.48,0.4,2025-08-20,925,N,VIIRS,n,2,287.45,3.46,N,0
41.45763,-116.3339,303.72,0.48,0.4,2025-08-20,925,N,VIIRS,n,2,285.78,6.74,N,0
41.45829,-116.33973,353.92,0.48,0.4,2025-08-20,925,N,VIIRS,n,2,290.8,6.74,N,0
41.45892,-116.34533,304.17,0.48,0.4,2025-08-20,925,N,VIIRS,n,2,285.68,1.83,N,0
41.46038,-116.33992,348.96,0.48,0.4,2025-08-20,925,N,VIIRS,n,2,291.87,4.63,N,0
41.46105,-116.34554,305.24,0.48,0.4,2025-08-20,925,N,VIIRS,n,2,285.68,4.63,N,0
41.46198,-116.33916,323.1,0.48,0.4,2025-08-20,925,N,VIIRS,n,2,288.06,2.8,N,0
41.46263,-116.3448,310.59,0.48,0.4,2025-08-20,925,N,VIIRS,n,2,286.38,2.33,N,0
41.46475,-116.34501,316.24,0.48,0.4,2025-08-20,925,N,VIIRS,n,2,286.14,4.63,N,0
41.46632,-116.34422,321.98,0.48,0.4,2025-08-20,925,N,VIIRS,n,2,286.43,2.33,N,0
41.47002,-116.34367,321.19,0.48,0.4,2025-08-20,925,N,VIIRS,n,2,286.17,2.58,N,0
41.47373,-116.34313,315.44,0.48,0.4,2025-08-20,925,N,VIIRS,n,2,285.76,2.58,N,0
41.47744,-116.34268,327.52,0.48,0.4,2025-08-20,925,N,VIIRS,n,2,285.98,2.84,N,0
41.48047,-116.33629,303.23,0.48,0.4,2025-08-20,925,N,VIIRS,n,2,284.54,1.94,N,0
41.48113,-116.34204,325.66,0.48,0.4,2025-08-20,925,N,VIIRS,n,2,284.45,2.84,N,0
41.50622,-116.1067,305.05,0.47,0.4,2025-08-20,925,N,VIIRS,n,2,285.01,0.98,N,0
41.50919,-116.10025,343.05,0.47,0.4,2025-08-20,925,N,VIIRS,n,2,289.5,4.66,N,0
41.50986,-116.10588,317.31,0.47,0.4,2025-08-20,925,N,VIIRS,n,2,288.3,4.66,N,0
41.51054,-116.1116,296.13,0.47,0.4,2025-08-20,925,N,VIIRS,n,2,281.97,1.97,N,0
41.51282,-116.09939,309.56,0.47,0.4,2025-08-20,925,N,VIIRS,n,2,288.5,4.66,N,0
41.51349,-116.10502,305.95,0.47,0.4,2025-08-20,925,N,VIIRS,n,2,288.06,4.66,N,0
41.51418,-116.11079,311.93,0.47,0.4,2025-08-20,925,N,VIIRS,n,2,284.39,1.97,N,0
41.51645,-116.09852,307.06,0.47,0.4,2025-08-20,925,N,VIIRS,n,2,289.49,0.93,N,0
41.51712,-116.10415,298.84,0.47,0.4,2025-08-20,925,N,VIIRS,n,2,285.97,0.93,N,0
41.51781,-116.10994,330.48,0.47,0.4,2025-08-20,925,N,VIIRS,n,2,288.39,4.51,N,0
41.51849,-116.11565,329.91,0.47,0.4,2025-08-20,925,N,VIIRS,n,2,287.88,4.51,N,0
41.52007,-116.09762,297.34,0.47,0.4,2025-08-20,925,N,VIIRS,n,2,286.78,0.93,N,0
41.52074,-116.10324,298.66,0.47,0.4,2025-08-20,925,N,VIIRS,n,2,287.24,0.93,N,0
41.52143,-116.10904,297.85,0.47,0.4,2025-08-20,925,N,VIIRS,n,2,285.08,4.51,N,0
41.52213,-116.11483,315.78,0.47,0.4,2025-08-20,925,N,VIIRS,n,2,286.17,4.51,N,0
41.52645,-116.11977,327.51,0.47,0.4,2025-08-20,925,N,VIIRS,n,2,284.45,2.91,N,0
41.53687,-116.08675,319.02,0.47,0.4,2025-08-20,925,N,VIIRS,n,2,287.02,2.18,N,0
41.5375,-116.09219,303.31,0.47,0.4,2025-08-20,925,N,VIIRS,n,2,287.71,2.18,N,0
41.53753,-116.08763,324.61,0.47,0.4,2025-08-20,925,N,VIIRS,n,2,288.33,3.05,N,0
41.53819,-116.09306,311.26,0.47,0.4,2025-08-20,925,N,VIIRS,n,2,287.87,1.89,N,0
41.54118,-116.09176,310.5,0.47,0.4,2025-08-20,925,N,VIIRS,n,2,285.97,2.31,N,0
41.54183,-116.0974,319.3,0.47,0.4,2025-08-20,925,N,VIIRS,n,2,289.61,2.7,N,0
41.54188,-116.0927,314.1,0.47,0.4,2025-08-20,925,N,VIIRS,n,2,286.88,1.89,N,0
41.54256,-116.09837,313.03,0.47,0.4,2025-08-20,925,N,VIIRS,n,2,288.58,1.89,N,0
41.55111,-116.04885,311.65,0.47,0.4,2025-08-20,925,N,VIIRS,n,2,288.34,2.17,N,0
41.55337,-116.03627,306.88,0.47,0.4,2025-08-20,925,N,VIIRS,n,2,287.09,2.38,N,0
41.55972,-116.05879,295.42,0.47,0.4,2025-08-20,925,N,VIIRS,n,2,285.31,0.65,N,0
41.56334,-116.05782,302.35,0.47,0.4,2025-08-20,925,N,VIIRS,n,2,287.32,0.65,N,0
41.56692,-116.05662,304.3,0.47,0.4,2025-08-20,925,N,VIIRS,n,2,287.53,2.22,N,0
41.56987,-116.04994,310.92,0.47,0.4,2025-08-20,925,N,VIIRS,n,2,285.96,2.38,N,0
41.57051,-116.05546,326.04,0.47,0.4,2025-08-20,925,N,VIIRS,n,2,287.31,2.22,N,0
41.57324,-116.07877,300.45,0.47,0.4,2025-08-20,925,N,VIIRS,n,2,286.11,0.8,N,0
41.58052,-116.07722,305.99,0.47,0.4,2025-08-20,925,N,VIIRS,n,2,284.58,0.95,N,0
41.58174,-116.11964,303.52,0.47,0.4,2025-08-20,925,N,VIIRS,n,2,283.65,1.02,N,0
41.5842,-116.07674,298.86,0.47,0.4,2025-08-20,925,N,VIIRS,n,2,285.99,1.01,N,0
41.58539,-116.11886,301.07,0.47,0.4,2025-08-20,925,N,VIIRS,n,2,283.99,1.02,N,0
41.59,-116.09442,307.66,0.47,0.4,2025-08-20,925,N,VIIRS,n,2,286.18,2.07,N,0
41.59069,-116.10033,315.72,0.47,0.4,2025-08-20,925,N,VIIRS,n,2,283.62,2.49,N,0
41.59202,-116.11167,305.4,0.47,0.4,2025-08-20,925,N,VIIRS,n,2,282.86,1.68,N,0
41.59267,-116.11722,310.48,0.47,0.4,2025-08-20,925,N,VIIRS,n,2,283.46,1.68,N,0
41.59294,-116.08767,302.41,0.47,0.4,2025-08-20,925,N,VIIRS,n,2,287.91,1.19,N,0
41.59365,-116.09367,295.69,0.47,0.4,2025-08-20,925,N,VIIRS,n,2,284.58,1.19,N,0
41.59434,-116.09954,317.41,0.47,0.4,2025-08-20,925,N,VIIRS,n,2,283.96,1.46,N,0
41.59567,-116.11086,315.21,0.47,0.4,2025-08-20,925,N,VIIRS,n,2,286.56,2.92,N,0
41.59588,-116.08098,302.5,0.47,0.4,2025-08-20,925,N,VIIRS,n,2,286.86,0.95,N,0
41.59632,-116.1164,333.88,0.47,0.4,2025-08-20,925,N,VIIRS,n,2,288.66,2.92,N,0
41.59659,-116.08699,317.17,0.47,0.4,2025-08-20,925,N,VIIRS,n,2,287.52,1.19,N,0
41.59729,-116.0929,298.32,0.47,0.4,2025-08-20,925,N,VIIRS,n,2,286.75,1.19,N,0
41.59797,-116.09872,302,0.47,0.4,2025-08-20,925,N,VIIRS,n,2,285.42,1.46,N,0
41.59832,-116.13345,303.85,0.48,0.4,2025-08-20,925,N,VIIRS,n,2,283.64,0.9,N,0
41.59865,-116.10446,299.24,0.47,0.4,2025-08-20,925,N,VIIRS,n,2,284.68,1.46,N,0
41.59931,-116.11006,299.59,0.47,0.4,2025-08-20,925,N,VIIRS,n,2,285.69,2.92,N,0
41.59996,-116.11561,305.27,0.47,0.4,2025-08-20,925,N,VIIRS,n,2,284.91,2.92,N,0
41.60041,-116.05609,310.12,0.47,0.4,2025-08-20,925,N,VIIRS,n,2,284.99,1.46,N,0
41.60092,-116.09206,300.36,0.47,0.4,2025-08-20,925,N,VIIRS,n,2,287.51,2.13,N,0
41.60112,-116.06206,345,0.47,0.4,2025-08-20,925,N,VIIRS,n,2,290.69,6.81,N,0
41.60161,-116.09785,319.28,0.47,0.4,2025-08-20,925,N,VIIRS,n,2,287.93,1.76,N,0
41.60172,-116.19456,330.6,0.48,0.4,2025-08-20,925,N,VIIRS,n,2,286.01,4.67,N,0
41.60181,-116.06796,337.76,0.47,0.4,2025-08-20,925,N,VIIRS,n,2,291.08,6.81,N,0
41.60196,-116.13263,300.05,0.48,0.4,2025-08-20,925,N,VIIRS,n,2,282.93,0.9,N,0
41.60229,-116.10364,296.81,0.47,0.4,2025-08-20,925,N,VIIRS,n,2,285.39,1.76,N,0
41.6025,-116.07379,298.32,0.47,0.4,2025-08-20,925,N,VIIRS,n,2,286.96,2.13,N,0
41.60263,-116.13837,297.78,0.48,0.4,2025-08-20,925,N,VIIRS,n,2,281.72,0.9,N,0
41.60295,-116.10927,299.96,0.47,0.4,2025-08-20,925,N,VIIRS,n,2,284.09,0.97,N,0
41.60361,-116.11481,303.76,0.47,0.4,2025-08-20,925,N,VIIRS,n,2,285.23,0.97,N,0
41.60402,-116.05515,298.07,0.47,0.4,2025-08-20,925,N,VIIRS,n,2,286.06,1.07,N,0
41.60474,-116.06123,301.47,0.47,0.4,2025-08-20,925,N,VIIRS,n,2,288.08,4.16,N,0
41.60535,-116.1935,314.3,0.48,0.4,2025-08-20,925,N,VIIRS,n,2,286.23,1.64,N,0
41.60545,-116.06722,335.8,0.47,0.4,2025-08-20,925,N,VIIRS,n,2,295.72,4.16,N,0
41.60561,-116.13184,297.39,0.48,0.4,2025-08-20,925,N,VIIRS,n,2,283.22,0.93,N,0
41.60615,-116.07308,302.95,0.47,0.4,2025-08-20,925,N,VIIRS,n,2,286.94,6.55,N,0
41.60629,-116.13763,301.74,0.48,0.4,2025-08-20,925,N,VIIRS,n,2,283.29,0.93,N,0
41.60909,-116.06639,305.43,0.47,0.4,2025-08-20,925,N,VIIRS,n,2,286.54,4.16,N,0
41.62,-116.19061,318,0.48,0.4,2025-08-20,925,N,VIIRS,n,2,285.75,1.49,N,0
41.62736,-116.18944,330.45,0.48,0.4,2025-08-20,925,N,VIIRS,n,2,287.69,5.57,N,0
41.62755,-116.12753,306.47,0.48,0.4,2025-08-20,925,N,VIIRS,n,2,284.88,1.62,N,0
41.62814,-116.19602,299.21,0.48,0.4,2025-08-20,925,N,VIIRS,n,2,286.42,4.89,N,0
41.62891,-116.13901,295.49,0.48,0.4,2025-08-20,925,N,VIIRS,n,2,281.54,0.51,N,0
41.63105,-116.1889,336.46,0.48,0.4,2025-08-20,925,N,VIIRS,n,2,292.42,5.57,N,0
41.63183,-116.19557,328.19,0.48,0.4,2025-08-20,925,N,VIIRS,n,2,289.85,4.89,N,0
41.63347,-116.17765,298.11,0.48,0.4,2025-08-20,925,N,VIIRS,n,2,286.4,0.94,N,0
41.63476,-116.18855,331.98,0.48,0.4,2025-08-20,925,N,VIIRS,n,2,289.44,5.57,N,0
41.64082,-116.17635,302.78,0.48,0.4,2025-08-20,925,N,VIIRS,n,2,288.57,1.26,N,0
41.64146,-116.18178,304.77,0.48,0.4,2025-08-20,925,N,VIIRS,n,2,287.91,1.5,N,0
41.6475,-116.16947,301.52,0.48,0.4,2025-08-20,925,N,VIIRS,n,2,288.15,1.47,N,0
41.64814,-116.17493,298.15,0.48,0.4,2025-08-20,925,N,VIIRS,n,2,287.05,1.47,N,0
41.6495,-116.16759,313.98,0.48,0.4,2025-08-20,925,N,VIIRS,n,2,289.66,2.74,N,0
41.65014,-116.17317,301.45,0.48,0.4,2025-08-20,925,N,VIIRS,n,2,287.47,1.59,N,0
41.65048,-116.16298,313.3,0.48,0.4,2025-08-20,925,N,VIIRS,n,2,289.34,1.6,N,0
36.50965,-119.91911,324.66,0.41,0.45,2025-08-20,926,N,VIIRS,n,2,291.78,2.2,N,0
36.86423,-120.14562,302.35,0.43,0.46,2025-08-20,926,N,VIIRS,n,2,290.34,0.82,N,0
37.45447,-121.93501,303.17,0.54,0.51,2025-08-20,926,N,VIIRS,n,2,288.11,1.13,N,2
38.07112,-122.1414,306.5,0.56,0.52,2025-08-20,926,N,VIIRS,n,2,293.89,2.16,N,2
38.07147,-122.1414,307.34,0.56,0.52,2025-08-20,926,N,VIIRS,n,2,293.97,1.76,N,2
39.62082,-119.26126,302.67,0.41,0.45,2025-08-20,926,N,VIIRS,n,2,290.02,0.48,N,2
32.39895,-114.76736,302.82,0.38,0.36,2025-08-20,927,N,VIIRS,n,2,280.09,0.4,N,2
32.43456,-117.07954,300.96,0.42,0.38,2025-08-20,927,N,VIIRS,n,2,289.88,0.65,N,0
32.47034,-117.08185,300.06,0.42,0.38,2025-08-20,927,N,VIIRS,n,2,289.97,0.56,N,0
32.51061,-116.77106,299.66,0.41,0.37,2025-08-20,927,N,VIIRS,n,2,288.44,0.26,N,2
32.55614,-114.94933,304.4,0.39,0.36,2025-08-20,927,N,VIIRS,n,2,286.33,0.36,N,0
32.85938,-117.03015,302.48,0.42,0.38,2025-08-20,927,N,VIIRS,n,2,289.15,0.59,N,2
33.49343,-117.61797,301.53,0.45,0.39,2025-08-20,927,N,VIIRS,n,2,289.62,0.89,N,2
33.61287,-117.82413,310.38,0.46,0.39,2025-08-20,927,N,VIIRS,n,2,288.84,1.06,N,2
33.71717,-117.7125,313.19,0.46,0.39,2025-08-20,927,N,VIIRS,n,2,290.68,1.45,N,2
33.79465,-117.47532,311.92,0.45,0.39,2025-08-20,927,N,VIIRS,n,2,291.52,1.07,N,2
33.85322,-118.33463,306.05,0.48,0.4,2025-08-20,927,N,VIIRS,n,2,294.76,1.8,N,2
33.87584,-117.00103,304.23,0.43,0.38,2025-08-20,927,N,VIIRS,n,2,290.23,0.62,N,2
34.03368,-118.104,301.32,0.48,0.4,2025-08-20,927,N,VIIRS,n,2,289.61,0.3,N,2
34.03894,-117.82016,302.28,0.46,0.39,2025-08-20,927,N,VIIRS,n,2,289.4,0.4,N,2
34.11521,-117.92538,304.06,0.47,0.4,2025-08-20,927,N,VIIRS,n,2,292.22,0.76,N,2
34.14426,-117.42896,302.65,0.45,0.39,2025-08-20,927,N,VIIRS,n,2,290.43,0.2,N,2
34.1523,-118.19111,304.2,0.48,0.4,2025-08-20,927,N,VIIRS,n,2,290.9,0.86,N,2
34.15295,-118.19634,306.27,0.48,0.4,2025-08-20,927,N,VIIRS,n,2,290.46,1.18,N,2
34.29109,-118.80047,314.94,0.51,0.41,2025-08-20,927,N,VIIRS,n,2,289.82,1.13,N,2
34.31848,-118.51091,305.72,0.5,0.41,2025-08-20,927,N,VIIRS,n,2,290.98,0.46,N,2
34.33471,-118.51881,313.41,0.5,0.41,2025-08-20,927,N,VIIRS,n,2,293.27,1.44,N,2
34.42926,-118.64265,303.31,0.51,0.41,2025-08-20,927,N,VIIRS,n,2,290.11,1.24,N,2
34.43015,-118.6434,312.78,0.51,0.41,2025-08-20,927,N,VIIRS,n,2,290.7,1.11,N,2
34.60918,-117.33911,307.85,0.45,0.39,2025-08-20,927,N,VIIRS,n,2,292.76,2.34,N,2
34.62225,-117.10175,316.98,0.44,0.38,2025-08-20,927,N,VIIRS,n,2,293.7,1.72,N,2
32.23035,-115.29878,356.88,0.38,0.36,2025-08-20,2046,N,VIIRS,n,2,314.79,16.26,D,0
32.53399,-115.06459,348.53,0.38,0.36,2025-08-20,2046,N,VIIRS,n,2,314.89,9.3,D,0
32.53729,-115.06528,346.73,0.38,0.36,2025-08-20,2046,N,VIIRS,n,2,317.44,7.46,D,0
32.57673,-115.1145,346.99,0.38,0.36,2025-08-20,2046,N,VIIRS,l,2,317.56,25.61,D,0
32.58003,-115.11522,352.67,0.38,0.36,2025-08-20,2046,N,VIIRS,n,2,317.91,25.61,D,0
38.35072,-121.38008,349.08,0.48,0.4,2025-08-20,2048,N,VIIRS,n,2,314.3,7.51,D,0
38.35174,-121.37473,345.34,0.47,0.4,2025-08-20,2048,N,VIIRS,n,2,314.75,7.51,D,0
38.35432,-121.3812,349.33,0.48,0.4,2025-08-20,2048,N,VIIRS,n,2,314.31,7.51,D,0
38.36559,-121.36201,347.54,0.47,0.4,2025-08-20,2048,N,VIIRS,n,2,313.31,7.42,D,0
39.0297,-121.90974,348.47,0.49,0.4,2025-08-20,2048,N,VIIRS,n,2,316.05,13.54,D,0
39.38792,-121.66022,346.51,0.47,0.4,2025-08-20,2048,N,VIIRS,n,2,312.37,9.72,D,0
39.81606,-121.97572,352.04,0.48,0.4,2025-08-20,2048,N,VIIRS,n,2,320.1,29.85,D,0
39.81966,-121.97688,349.39,0.48,0.4,2025-08-20,2048,N,VIIRS,n,2,313.67,29.85,D,0
41.36704,-116.30494,345.4,0.4,0.37,2025-08-20,2048,N,VIIRS,n,2,311.31,35.05,D,0
41.36838,-116.29531,353.47,0.4,0.37,2025-08-20,2048,N,VIIRS,n,2,322.43,14.5,D,0
41.36904,-116.29058,357.66,0.4,0.37,2025-08-20,2048,N,VIIRS,n,2,324.47,14.63,D,0
41.3704,-116.30565,353.62,0.4,0.37,2025-08-20,2048,N,VIIRS,l,2,344.86,35.05,D,0
41.37107,-116.30083,367,0.4,0.37,2025-08-20,2048,N,VIIRS,h,2,327.81,14.5,D,0
41.37174,-116.29602,367,0.4,0.37,2025-08-20,2048,N,VIIRS,h,2,325.21,14.5,D,0
41.37239,-116.29132,353.73,0.4,0.37,2025-08-20,2048,N,VIIRS,n,2,326.97,14.63,D,0
41.37373,-116.30647,350.63,0.4,0.37,2025-08-20,2048,N,VIIRS,n,2,325.25,27.17,D,0
41.37441,-116.30167,353.95,0.4,0.37,2025-08-20,2048,N,VIIRS,l,2,345.96,42.29,D,0
41.37508,-116.29688,353.48,0.4,0.37,2025-08-20,2048,N,VIIRS,n,2,326.62,42.29,D,0
41.3764,-116.31214,350.86,0.4,0.37,2025-08-20,2048,N,VIIRS,n,2,319.72,27.17,D,0
41.37774,-116.30254,367,0.4,0.37,2025-08-20,2048,N,VIIRS,l,2,338.19,42.29,D,0
41.37841,-116.29773,367,0.4,0.37,2025-08-20,2048,N,VIIRS,l,2,336.4,42.29,D,0
41.37973,-116.31294,367,0.4,0.37,2025-08-20,2048,N,VIIRS,h,2,360.33,163.83,D,0
41.38041,-116.30817,354.23,0.4,0.37,2025-08-20,2048,N,VIIRS,n,2,312.4,163.83,D,0
41.38108,-116.30334,345.03,0.4,0.37,2025-08-20,2048,N,VIIRS,n,2,308.48,27.57,D,0
41.38243,-116.31838,367,0.4,0.37,2025-08-20,2048,N,VIIRS,h,2,352.51,137,D,0
41.38309,-116.31365,367,0.4,0.37,2025-08-20,2048,N,VIIRS,l,2,373.62,163.83,D,0
41.38341,-116.32169,367,0.4,0.37,2025-08-20,2048,N,VIIRS,h,2,367.13,135.07,D,0
41.38376,-116.30888,367,0.4,0.37,2025-08-20,2048,N,VIIRS,l,2,338.14,163.83,D,0
41.38406,-116.31696,367,0.4,0.37,2025-08-20,2048,N,VIIRS,l,2,374.38,135.07,D,0
41.38471,-116.31222,367,0.4,0.37,2025-08-20,2048,N,VIIRS,h,2,376.4,105.11,D,0
41.38536,-116.30746,348.62,0.4,0.37,2025-08-20,2048,N,VIIRS,n,2,308.39,105.11,D,0
41.38611,-116.32713,367,0.4,0.37,2025-08-20,2048,N,VIIRS,h,2,357.34,192.54,D,0
41.38676,-116.3224,367,0.4,0.37,2025-08-20,2048,N,VIIRS,h,2,350.71,135.07,D,0
41.38741,-116.31767,367,0.4,0.37,2025-08-20,2048,N,VIIRS,h,2,347.39,135.07,D,0
41.38806,-116.31293,367,0.4,0.37,2025-08-20,2048,N,VIIRS,h,2,354.7,105.11,D,0
41.38871,-116.30819,348.1,0.4,0.37,2025-08-20,2048,N,VIIRS,n,2,313.39,105.11,D,0
41.38882,-116.33252,367,0.4,0.37,2025-08-20,2048,N,VIIRS,l,2,330.04,76.87,D,0
41.38947,-116.32782,367,0.4,0.37,2025-08-20,2048,N,VIIRS,h,2,376.98,76.87,D,0
41.39011,-116.3231,367,0.4,0.37,2025-08-20,2048,N,VIIRS,l,2,333.99,42.32,D,0
41.39076,-116.31837,367,0.4,0.37,2025-08-20,2048,N,VIIRS,l,2,335.65,42.32,D,0
41.39141,-116.31365,367,0.4,0.37,2025-08-20,2048,N,VIIRS,l,2,334.23,63.88,D,0
41.39206,-116.30895,367,0.4,0.37,2025-08-20,2048,N,VIIRS,l,2,329.74,63.88,D,0
41.39282,-116.32849,367,0.4,0.37,2025-08-20,2048,N,VIIRS,h,2,355.51,76.87,D,0
41.39347,-116.32379,357.25,0.4,0.37,2025-08-20,2048,N,VIIRS,n,2,324.06,42.32,D,0
41.39412,-116.31908,356.4,0.4,0.37,2025-08-20,2048,N,VIIRS,n,2,318.36,42.32,D,0
41.39476,-116.31436,356.28,0.4,0.37,2025-08-20,2048,N,VIIRS,n,2,319.63,63.88,D,0
41.3954,-116.30971,367,0.4,0.37,2025-08-20,2048,N,VIIRS,h,2,337.64,63.88,D,0
41.39552,-116.33394,317.17,0.4,0.37,2025-08-20,2048,N,VIIRS,l,2,320.65,43.13,D,0
41.39617,-116.32923,367,0.4,0.37,2025-08-20,2048,N,VIIRS,h,2,351.84,43.13,D,0
41.39682,-116.3245,356.62,0.4,0.37,2025-08-20,2048,N,VIIRS,n,2,327.08,14.84,D,0
41.39746,-116.31982,367,0.4,0.37,2025-08-20,2048,N,VIIRS,h,2,311.64,14.84,D,0
41.39811,-116.31509,356.59,0.4,0.37,2025-08-20,2048,N,VIIRS,n,2,311.72,9.38,D,0
41.39886,-116.33482,367,0.4,0.37,2025-08-20,2048,N,VIIRS,h,2,332.59,43.13,D,0
41.39951,-116.33005,355.93,0.4,0.37,2025-08-20,2048,N,VIIRS,n,2,329.24,43.13,D,0
41.40016,-116.32532,355.43,0.4,0.37,2025-08-20,2048,N,VIIRS,n,2,314.41,14.84,D,0
41.40081,-116.32059,349.76,0.4,0.37,2025-08-20,2048,N,VIIRS,n,2,309.89,14.84,D,0
41.40146,-116.31586,345.71,0.4,0.37,2025-08-20,2048,N,VIIRS,n,2,309.76,9.38,D,0
41.40153,-116.34043,317.52,0.4,0.37,2025-08-20,2048,N,VIIRS,l,2,318.93,29.33,D,0
41.40218,-116.3357,367,0.4,0.37,2025-08-20,2048,N,VIIRS,h,2,356.62,38.86,D,0
41.40284,-116.33093,351.23,0.4,0.37,2025-08-20,2048,N,VIIRS,n,2,323.38,38.86,D,0
41.40487,-116.34128,367,0.4,0.37,2025-08-20,2048,N,VIIRS,h,2,334.25,29.33,D,0
41.40551,-116.33656,367,0.4,0.37,2025-08-20,2048,N,VIIRS,l,2,327.68,38.86,D,0
41.40617,-116.33183,346.12,0.4,0.37,2025-08-20,2048,N,VIIRS,n,2,320.47,38.86,D,0
41.4082,-116.34209,367,0.4,0.37,2025-08-20,2048,N,VIIRS,l,2,330.86,35.19,D,0
41.40885,-116.33741,367,0.4,0.37,2025-08-20,2048,N,VIIRS,l,2,326.42,45.97,D,0
41.41154,-116.34289,367,0.4,0.37,2025-08-20,2048,N,VIIRS,h,2,332.22,35.19,D,0
41.41219,-116.33824,367,0.4,0.37,2025-08-20,2048,N,VIIRS,l,2,327.61,45.97,D,0
41.41951,-116.33518,355.46,0.4,0.37,2025-08-20,2048,N,VIIRS,n,2,324.28,43.94,D,0
41.42015,-116.33058,367,0.4,0.37,2025-08-20,2048,N,VIIRS,h,2,318.81,13.78,D,0
41.44023,-116.33517,349.31,0.4,0.37,2025-08-20,2048,N,VIIRS,n,2,314.06,9.44,D,0
41.44227,-116.34534,348.35,0.4,0.37,2025-08-20,2048,N,VIIRS,l,2,319.98,11.33,D,0
41.44497,-116.35078,354.36,0.4,0.37,2025-08-20,2048,N,VIIRS,n,2,324.96,18.98,D,0
41.44832,-116.35155,350.71,0.4,0.37,2025-08-20,2048,N,VIIRS,l,2,330.02,63.53,D,0
41.45436,-116.3578,354.14,0.4,0.37,2025-08-20,2048,N,VIIRS,l,2,326.51,17.75,D,0
41.45705,-116.36331,367,0.4,0.37,2025-08-20,2048,N,VIIRS,l,2,325.93,9.99,D,0
41.4577,-116.35863,367,0.4,0.37,2025-08-20,2048,N,VIIRS,l,2,330.31,17.75,D,0
41.58311,-116.10623,347.37,0.4,0.37,2025-08-20,2048,N,VIIRS,n,2,313.43,7.22,D,0
41.58712,-116.10227,349.31,0.4,0.37,2025-08-20,2048,N,VIIRS,n,2,318.14,9.34,D,0
41.59013,-116.05447,367,0.4,0.37,2025-08-20,2048,N,VIIRS,h,2,344.36,62.79,D,0
41.5908,-116.0496,348.57,0.4,0.37,2025-08-20,2048,N,VIIRS,n,2,307.46,62.79,D,0
41.59288,-116.05983,367,0.4,0.37,2025-08-20,2048,N,VIIRS,l,2,356.38,189.44,D,0
41.59352,-116.05508,367,0.4,0.37,2025-08-20,2048,N,VIIRS,l,2,335.39,62.79,D,0
41.59418,-116.05027,356.89,0.4,0.37,2025-08-20,2048,N,VIIRS,n,2,317.49,62.79,D,0
41.59483,-116.04546,367,0.4,0.37,2025-08-20,2048,N,VIIRS,h,2,337.8,44.88,D,0
41.59497,-116.07006,367,0.4,0.37,2025-08-20,2048,N,VIIRS,h,2,344.93,168.42,D,0
41.59548,-116.0407,352.39,0.4,0.37,2025-08-20,2048,N,VIIRS,n,2,307.82,44.88,D,0
41.59562,-116.06525,356.07,0.4,0.37,2025-08-20,2048,N,VIIRS,n,2,317.88,76.76,D,0
41.59627,-116.06047,367,0.4,0.37,2025-08-20,2048,N,VIIRS,l,2,331.08,76.76,D,0
41.59691,-116.05577,367,0.4,0.37,2025-08-20,2048,N,VIIRS,h,2,324.44,27.36,D,0
41.59755,-116.05102,357.25,0.4,0.37,2025-08-20,2048,N,VIIRS,n,2,331.16,27.36,D,0
41.59769,-116.07557,320.92,0.4,0.37,2025-08-20,2048,N,VIIRS,l,2,323.15,168.42,D,0
41.59819,-116.04633,355.9,0.4,0.37,2025-08-20,2048,N,VIIRS,l,2,334.17,104.24,D,0
41.59834,-116.07082,367,0.4,0.37,2025-08-20,2048,N,VIIRS,l,2,377.12,168.42,D,0
41.59882,-116.04163,367,0.4,0.37,2025-08-20,2048,N,VIIRS,h,2,356.39,104.24,D,0
41.59899,-116.06602,353.77,0.4,0.37,2025-08-20,2048,N,VIIRS,n,2,319.62,76.76,D,0
41.59946,-116.03693,356.08,0.4,0.37,2025-08-20,2048,N,VIIRS,n,2,316.02,156.75,D,0
41.59963,-116.06126,345.52,0.4,0.37,2025-08-20,2048,N,VIIRS,n,2,316.06,76.76,D,0
41.59998,-116.13519,335.88,0.4,0.37,2025-08-20,2048,N,VIIRS,l,2,309.32,3.75,D,0
41.60009,-116.03223,340.16,0.4,0.37,2025-08-20,2048,N,VIIRS,n,2,305.76,156.75,D,0
41.60027,-116.05659,353,0.4,0.37,2025-08-20,2048,N,VIIRS,n,2,324.53,27.36,D,0
41.60153,-116.04728,353.55,0.4,0.37,2025-08-20,2048,N,VIIRS,n,2,327.73,104.24,D,0
41.60172,-116.07154,353.55,0.4,0.37,2025-08-20,2048,N,VIIRS,n,2,322.07,51.83,D,0
41.60216,-116.0426,367,0.4,0.37,2025-08-20,2048,N,VIIRS,l,2,377.13,104.24,D,0
41.6028,-116.0379,367,0.4,0.37,2025-08-20,2048,N,VIIRS,l,2,377.43,156.75,D,0
41.60346,-116.03303,367,0.4,0.37,2025-08-20,2048,N,VIIRS,l,2,325.67,156.75,D,0
41.60363,-116.05741,347.17,0.4,0.37,2025-08-20,2048,N,VIIRS,n,2,312.94,10.2,D,0
41.60552,-116.04345,367,0.4,0.37,2025-08-20,2048,N,VIIRS,h,2,349.49,149.57,D,0
41.60617,-116.03867,356.68,0.4,0.37,2025-08-20,2048,N,VIIRS,n,2,314.29,77.99,D,0
41.61671,-116.18985,336.59,0.4,0.37,2025-08-20,2048,N,VIIRS,n,2,305.73,2.03,D,0
41.61796,-116.1881,335,0.4,0.37,2025-08-20,2048,N,VIIRS,l,2,308.46,6.75,D,0
41.63142,-116.19094,351.37,0.4,0.37,2025-08-20,2048,N,VIIRS,n,2,318.57,21.79,D,0
41.6348,-116.19157,346.95,0.4,0.37,2025-08-20,2048,N,VIIRS,n,2,311.41,21.79,D,0
41.64816,-116.16974,340.01,0.4,0.37,2025-08-20,2048,N,VIIRS,n,2,304.64,2.84,D,0
40.82123,-114.25581,310.12,0.42,0.45,2025-08-21,906,N,VIIRS,n,2,290.67,1.91,N,2
41.37273,-116.31339,296.04,0.53,0.5,2025-08-21,906,N,VIIRS,n,2,284.27,0.65,N,0
41.38836,-116.33302,296.83,0.54,0.51,2025-08-21,906,N,VIIRS,n,2,284.36,3.41,N,0
41.38888,-116.33994,340.53,0.54,0.51,2025-08-21,906,N,VIIRS,n,2,287.53,3.41,N,0
41.38936,-116.34631,302.65,0.54,0.51,2025-08-21,906,N,VIIRS,n,2,283.77,1.3,N,0
41.3931,-116.33334,304.56,0.54,0.51,2025-08-21,906,N,VIIRS,n,2,284.8,3.41,N,0
41.39359,-116.33974,314.5,0.54,0.51,2025-08-21,906,N,VIIRS,n,2,285.25,3.41,N,0
41.3992,-116.35144,315.87,0.54,0.51,2025-08-21,906,N,VIIRS,n,2,282.78,15.3,N,0
41.40389,-116.35094,367,0.54,0.51,2025-08-21,906,N,VIIRS,h,2,292.67,15.3,N,0
41.4052,-116.30629,298.89,0.53,0.5,2025-08-21,906,N,VIIRS,n,2,284.26,1.06,N,0
41.40808,-116.34389,300.25,0.54,0.51,2025-08-21,906,N,VIIRS,n,2,284.8,29.3,N,0
41.40861,-116.35073,350.42,0.54,0.51,2025-08-21,906,N,VIIRS,n,2,299.21,29.3,N,0
41.40912,-116.35746,307.75,0.54,0.51,2025-08-21,906,N,VIIRS,n,2,284.37,17.64,N,0
41.41006,-116.34368,303.9,0.54,0.51,2025-08-21,906,N,VIIRS,n,2,285.06,4.42,N,0
41.41055,-116.35068,341.07,0.54,0.51,2025-08-21,906,N,VIIRS,n,2,309.61,32.06,N,0
41.41103,-116.35751,331.46,0.54,0.51,2025-08-21,906,N,VIIRS,n,2,285.32,32.06,N,0
41.41276,-116.34327,305.72,0.54,0.51,2025-08-21,906,N,VIIRS,n,2,284.22,29.3,N,0
41.4133,-116.35037,349.52,0.54,0.51,2025-08-21,906,N,VIIRS,n,2,307.39,29.3,N,0
41.41383,-116.35726,328.47,0.54,0.51,2025-08-21,906,N,VIIRS,n,2,284.86,17.64,N,0
41.41523,-116.3501,341.71,0.54,0.51,2025-08-21,906,N,VIIRS,n,2,288.13,32.06,N,0
41.41573,-116.35708,314.42,0.54,0.51,2025-08-21,906,N,VIIRS,n,2,284.33,32.06,N,0
41.41908,-116.36399,298.92,0.54,0.51,2025-08-21,906,N,VIIRS,n,2,283.44,1.1,N,0
41.41961,-116.3709,299.11,0.54,0.51,2025-08-21,906,N,VIIRS,n,2,284.37,1.7,N,0
41.42093,-116.36385,304.76,0.54,0.51,2025-08-21,906,N,VIIRS,n,2,283.84,1.19,N,0
41.42142,-116.37073,299.68,0.54,0.51,2025-08-21,906,N,VIIRS,n,2,283.95,1.19,N,0
41.42318,-116.3558,301.96,0.54,0.51,2025-08-21,906,N,VIIRS,n,2,284.57,1.1,N,0
41.42376,-116.36331,305.96,0.54,0.51,2025-08-21,906,N,VIIRS,n,2,284.57,1.1,N,0
41.42506,-116.35535,303.47,0.54,0.51,2025-08-21,906,N,VIIRS,n,2,284.43,2.12,N,0
41.4256,-116.36294,299.2,0.54,0.51,2025-08-21,906,N,VIIRS,n,2,283.96,1.19,N,0
41.42896,-116.3694,301.09,0.54,0.51,2025-08-21,906,N,VIIRS,n,2,282.96,1.05,N,0
41.43077,-116.36912,301.55,0.54,0.51,2025-08-21,906,N,VIIRS,n,2,283.35,0.97,N,0
41.43544,-116.36832,295.92,0.54,0.51,2025-08-21,906,N,VIIRS,n,2,282.79,0.97,N,0
41.44172,-116.38992,300.45,0.54,0.51,2025-08-21,906,N,VIIRS,n,2,283.66,1.35,N,0
41.44591,-116.38229,308.54,0.54,0.51,2025-08-21,906,N,VIIRS,n,2,283.65,2.26,N,0
41.44643,-116.38947,302.32,0.54,0.51,2025-08-21,906,N,VIIRS,n,2,284.04,1.35,N,0
41.45063,-116.38201,333.44,0.54,0.51,2025-08-21,906,N,VIIRS,n,2,285.97,2.73,N,0
41.4548,-116.37417,302.89,0.54,0.51,2025-08-21,906,N,VIIRS,n,2,285.28,2.73,N,0
41.45534,-116.38165,317.2,0.54,0.51,2025-08-21,906,N,VIIRS,n,2,285.95,2.73,N,0
41.46003,-116.38106,324.59,0.54,0.51,2025-08-21,906,N,VIIRS,n,2,285.96,1.87,N,0
41.46054,-116.38795,302.45,0.54,0.51,2025-08-21,906,N,VIIRS,n,2,284.18,1.97,N,0
41.46471,-116.3803,295.13,0.54,0.51,2025-08-21,906,N,VIIRS,n,2,284.98,1.87,N,0
41.46523,-116.38734,307.22,0.54,0.51,2025-08-21,906,N,VIIRS,n,2,285.09,1.97,N,0
41.46892,-116.37296,305.12,0.54,0.51,2025-08-21,906,N,VIIRS,n,2,285.36,4.25,N,0
41.46939,-116.37946,325.83,0.54,0.51,2025-08-21,906,N,VIIRS,n,2,287.67,4.25,N,0
41.46991,-116.38654,341.75,0.54,0.51,2025-08-21,906,N,VIIRS,n,2,292.25,18.04,N,0
41.47364,-116.37282,332.77,0.54,0.51,2025-08-21,906,N,VIIRS,n,2,286.8,4.25,N,0
41.4741,-116.37902,315.36,0.54,0.51,2025-08-21,906,N,VIIRS,n,2,285.36,4.25,N,0
41.48212,-116.35935,297.89,0.54,0.51,2025-08-21,906,N,VIIRS,n,2,283.32,1.77,N,0
41.48262,-116.3661,317.34,0.54,0.51,2025-08-21,906,N,VIIRS,n,2,284.47,1.77,N,0
41.58356,-116.05807,341.68,0.52,0.5,2025-08-21,906,N,VIIRS,n,2,286.93,4.08,N,0
41.5841,-116.0651,306.16,0.52,0.5,2025-08-21,906,N,VIIRS,n,2,285.87,4.08,N,0
41.5882,-116.05779,297.7,0.52,0.5,2025-08-21,906,N,VIIRS,n,2,285.32,2.1,N,0
41.58933,-116.07237,342.2,0.52,0.5,2025-08-21,906,N,VIIRS,n,2,288.38,4.66,N,0
41.59191,-116.0455,298.52,0.52,0.5,2025-08-21,906,N,VIIRS,n,2,284.28,2.3,N,0
41.59239,-116.05172,318.27,0.52,0.5,2025-08-21,906,N,VIIRS,n,2,286.43,2.3,N,0
41.59398,-116.07201,311.07,0.52,0.5,2025-08-21,906,N,VIIRS,n,2,286.38,4.66,N,0
41.61589,-116.20253,356.65,0.53,0.5,2025-08-21,906,N,VIIRS,n,2,289.92,23.75,N,0
41.6182,-116.20307,350.43,0.53,0.5,2025-08-21,906,N,VIIRS,n,2,301.19,20.55,N,0
41.61892,-116.21238,297.14,0.53,0.5,2025-08-21,906,N,VIIRS,n,2,285.66,4.93,N,0
41.62067,-116.20361,356,0.53,0.5,2025-08-21,906,N,VIIRS,n,2,302.78,16.26,N,0
41.62127,-116.21217,310.18,0.53,0.5,2025-08-21,906,N,VIIRS,n,2,285.59,16.26,N,0
41.62227,-116.19488,296.7,0.53,0.5,2025-08-21,906,N,VIIRS,n,2,286.09,20.55,N,0
41.62297,-116.20391,341.17,0.53,0.5,2025-08-21,906,N,VIIRS,n,2,294.2,20.55,N,0
41.62361,-116.21202,297.37,0.53,0.5,2025-08-21,906,N,VIIRS,n,2,284.55,4.93,N,0
41.63895,-116.19643,300.32,0.53,0.5,2025-08-21,906,N,VIIRS,n,2,286.06,1.28,N,0
41.64421,-116.20415,299.58,0.53,0.5,2025-08-21,906,N,VIIRS,n,2,285.92,1.76,N,0
41.64471,-116.21109,309.52,0.53,0.5,2025-08-21,906,N,VIIRS,n,2,287.17,1.76,N,0
37.95052,-122.39971,306.59,0.53,0.67,2025-08-21,907,N,VIIRS,n,2,293.19,1.84,N,2
38.07011,-122.14108,308.36,0.51,0.66,2025-08-21,907,N,VIIRS,n,2,296.13,1.61,N,2
38.52294,-120.61382,307.67,0.43,0.62,2025-08-21,907,N,VIIRS,n,2,288.79,1.29,N,0
38.52319,-120.61891,313.16,0.43,0.62,2025-08-21,907,N,VIIRS,n,2,289.07,1.8,N,0
38.52399,-120.61498,322.2,0.43,0.62,2025-08-21,907,N,VIIRS,n,2,290.49,1.66,N,0
38.52422,-120.62009,316.17,0.43,0.62,2025-08-21,907,N,VIIRS,n,2,290.38,1.9,N,0
38.5287,-120.61367,311.56,0.43,0.62,2025-08-21,907,N,VIIRS,n,2,291.43,1.29,N,0
38.52896,-120.61889,312.74,0.43,0.62,2025-08-21,907,N,VIIRS,n,2,291.45,1.8,N,0
38.52922,-120.62402,311.25,0.43,0.62,2025-08-21,907,N,VIIRS,n,2,291.76,1.8,N,0
38.52948,-120.62923,311.37,0.43,0.62,2025-08-21,907,N,VIIRS,n,2,291.83,1.28,N,0
38.52974,-120.61468,306.94,0.43,0.62,2025-08-21,907,N,VIIRS,n,2,290.73,1.66,N,0
38.52975,-120.63464,305.4,0.43,0.62,2025-08-21,907,N,VIIRS,n,2,291.32,1.28,N,0
38.52998,-120.61996,303.27,0.43,0.62,2025-08-21,907,N,VIIRS,n,2,290.83,1.9,N,0
38.53021,-120.62517,309.97,0.43,0.62,2025-08-21,907,N,VIIRS,n,2,291.76,1.9,N,0
38.53045,-120.63046,312.42,0.43,0.62,2025-08-21,907,N,VIIRS,n,2,292.15,1.43,N,0
38.53069,-120.63584,302.3,0.43,0.62,2025-08-21,907,N,VIIRS,n,2,291.4,1.43,N,0
38.53523,-120.62897,303.76,0.43,0.62,2025-08-21,907,N,VIIRS,n,2,290.97,1.66,N,0
38.53551,-120.63432,309.83,0.43,0.62,2025-08-21,907,N,VIIRS,n,2,291.42,1.66,N,0
38.53577,-120.63957,313.99,0.43,0.62,2025-08-21,907,N,VIIRS,n,2,291.54,4.43,N,0
38.5362,-120.63014,305.24,0.43,0.62,2025-08-21,907,N,VIIRS,n,2,291.27,1.61,N,0
38.53644,-120.63544,324.82,0.43,0.62,2025-08-21,907,N,VIIRS,n,2,292.04,1.61,N,0
38.53667,-120.6407,310.55,0.43,0.62,2025-08-21,907,N,VIIRS,n,2,291.86,3.73,N,0
38.54121,-120.63316,325.47,0.43,0.62,2025-08-21,907,N,VIIRS,n,2,293.78,1.66,N,0
38.54214,-120.63406,316.8,0.43,0.62,2025-08-21,907,N,VIIRS,n,2,293.19,1.61,N,0
39.61853,-119.26579,301.88,0.37,0.58,2025-08-21,907,N,VIIRS,n,2,290.28,1.18,N,2
39.62011,-119.26446,310.31,0.37,0.58,2025-08-21,907,N,VIIRS,n,2,291.13,0.78,N,2
39.8163,-121.98128,328.73,0.51,0.66,2025-08-21,907,N,VIIRS,n,2,293.08,3.94,N,0
39.81775,-121.97475,303.2,0.51,0.66,2025-08-21,907,N,VIIRS,n,2,291.13,1.89,N,0
39.81796,-121.98095,328.72,0.51,0.66,2025-08-21,907,N,VIIRS,n,2,292.4,1.89,N,0
33.77744,-118.23666,304.97,0.56,0.52,2025-08-21,908,N,VIIRS,n,2,294.71,1.42,N,2
33.84729,-118.3352,304.87,0.57,0.52,2025-08-21,908,N,VIIRS,n,2,292.04,1.25,N,2
33.84891,-118.33459,307.33,0.57,0.52,2025-08-21,908,N,VIIRS,n,2,292,1.07,N,2
33.85212,-118.33463,307.28,0.57,0.52,2025-08-21,908,N,VIIRS,n,2,294.52,1.73,N,2
33.85374,-118.33402,308.07,0.57,0.52,2025-08-21,908,N,VIIRS,n,2,294.88,1.76,N,2
34.15376,-118.19578,309.71,0.57,0.52,2025-08-21,908,N,VIIRS,n,2,292.09,1.24,N,2
34.15405,-118.19112,304.2,0.57,0.52,2025-08-21,908,N,VIIRS,n,2,291.72,1.35,N,2
34.60756,-117.33548,314.24,0.51,0.5,2025-08-21,908,N,VIIRS,n,2,292.19,1.61,N,2
34.60848,-117.33562,316.1,0.51,0.5,2025-08-21,908,N,VIIRS,n,2,292.71,2.55,N,2
32.35381,-115.07499,308.62,0.55,0.42,2025-08-21,909,N,VIIRS,n,2,295.29,4.08,N,0
32.35432,-115.07577,314.8,0.55,0.42,2025-08-21,909,N,VIIRS,n,2,295.35,3.98,N,0
32.49443,-116.78775,309.23,0.45,0.47,2025-08-21,909,N,VIIRS,n,2,289.71,0.76,N,0
32.49928,-116.79236,301.47,0.45,0.47,2025-08-21,909,N,VIIRS,n,2,288.94,0.76,N,2
32.52854,-116.77771,307.55,0.45,0.47,2025-08-21,909,N,VIIRS,n,2,289.65,0.57,N,0
32.5387,-116.87726,300.6,0.46,0.47,2025-08-21,909,N,VIIRS,n,2,286.64,0.29,N,0
32.85848,-117.14841,297.83,0.48,0.48,2025-08-21,909,N,VIIRS,n,2,282.78,0.27,N,2
41.38993,-116.34219,312.59,0.54,0.68,2025-08-21,1046,N,VIIRS,n,2,283.39,2.36,N,0
41.39972,-116.35162,323.97,0.54,0.68,2025-08-21,1046,N,VIIRS,n,2,282.71,4.88,N,0
41.40543,-116.34795,332.51,0.54,0.68,2025-08-21,1046,N,VIIRS,n,2,285.38,4.88,N,0
41.40723,-116.35374,336.9,0.54,0.68,2025-08-21,1046,N,VIIRS,n,2,285.16,6.86,N,0
41.40897,-116.35931,298.49,0.54,0.68,2025-08-21,1046,N,VIIRS,n,2,281.75,6.86,N,0
41.41289,-116.34998,338.87,0.54,0.68,2025-08-21,1046,N,VIIRS,n,2,288.02,6.44,N,0
41.41461,-116.35545,336.8,0.54,0.68,2025-08-21,1046,N,VIIRS,n,2,285.8,6.44,N,0
41.41965,-116.3716,295.25,0.54,0.68,2025-08-21,1046,N,VIIRS,n,2,282.89,1.43,N,0
41.42675,-116.35059,296.22,0.54,0.68,2025-08-21,1046,N,VIIRS,n,2,282.72,0.72,N,0
41.44543,-116.38866,333,0.53,0.67,2025-08-21,1046,N,VIIRS,n,2,283.47,4.1,N,0
41.45118,-116.38522,319.99,0.53,0.67,2025-08-21,1046,N,VIIRS,n,2,283.74,3.64,N,0
41.45872,-116.38754,316.82,0.53,0.67,2025-08-21,1046,N,VIIRS,n,2,283.7,3.84,N,0
41.46457,-116.38445,296.34,0.53,0.67,2025-08-21,1046,N,VIIRS,n,2,283.04,1.92,N,0
41.47062,-116.382,297.36,0.53,0.67,2025-08-21,1046,N,VIIRS,n,2,282.48,1.92,N,0
41.47077,-116.38896,319.47,0.53,0.67,2025-08-21,1046,N,VIIRS,n,2,284.23,3.15,N,0
41.47229,-116.38738,331.72,0.53,0.67,2025-08-21,1046,N,VIIRS,n,2,284.4,1.92,N,0
41.47289,-116.37402,303.16,0.53,0.67,2025-08-21,1046,N,VIIRS,n,2,282.94,2.23,N,0
41.47428,-116.3718,303.38,0.53,0.67,2025-08-21,1046,N,VIIRS,n,2,282.73,1.34,N,0
41.47488,-116.38035,302.67,0.53,0.67,2025-08-21,1046,N,VIIRS,n,2,282.7,2.23,N,0
41.47625,-116.37817,295.74,0.53,0.67,2025-08-21,1046,N,VIIRS,n,2,282.49,1.72,N,0
41.47667,-116.38602,317.16,0.53,0.67,2025-08-21,1046,N,VIIRS,n,2,282.99,3.15,N,0
41.47813,-116.38425,298.03,0.53,0.67,2025-08-21,1046,N,VIIRS,n,2,282.29,1.72,N,0
41.47828,-116.36948,305.12,0.53,0.67,2025-08-21,1046,N,VIIRS,n,2,282.59,1.59,N,0
41.47972,-116.36736,308.86,0.53,0.67,2025-08-21,1046,N,VIIRS,n,2,282.73,1.34,N,0
41.48382,-116.36536,306.97,0.53,0.67,2025-08-21,1046,N,VIIRS,n,2,282.6,1.59,N,0
41.48531,-116.3634,298.82,0.53,0.67,2025-08-21,1046,N,VIIRS,n,2,281.86,0.57,N,0
41.58488,-116.05923,312.2,0.55,0.68,2025-08-21,1046,N,VIIRS,n,2,283.89,1.95,N,0
41.58953,-116.07407,331.61,0.55,0.68,2025-08-21,1046,N,VIIRS,n,2,286.96,5.36,N,0
41.5904,-116.05482,307.02,0.55,0.68,2025-08-21,1046,N,VIIRS,n,2,283.42,1.32,N,0
41.59332,-116.05271,322.94,0.55,0.68,2025-08-21,1046,N,VIIRS,n,2,284.41,3.35,N,0
41.59568,-116.04967,310.65,0.55,0.68,2025-08-21,1046,N,VIIRS,n,2,283.78,1.32,N,0
41.60214,-116.04827,299.71,0.55,0.68,2025-08-21,1046,N,VIIRS,n,2,282.83,0.66,N,0
41.60567,-116.0481,300.01,0.55,0.68,2025-08-21,1046,N,VIIRS,n,2,283.25,0.88,N,0
41.61463,-116.1983,300.23,0.54,0.68,2025-08-21,1046,N,VIIRS,n,2,284.9,21.28,N,0
41.6158,-116.20205,353.39,0.54,0.68,2025-08-21,1046,N,VIIRS,n,2,296.85,21.28,N,0
41.61691,-116.20559,367,0.54,0.68,2025-08-21,1046,N,VIIRS,h,2,293.59,35.33,N,0
41.61806,-116.20926,367,0.54,0.68,2025-08-21,1046,N,VIIRS,h,2,295.79,35.33,N,0
41.61935,-116.21339,330.9,0.54,0.68,2025-08-21,1046,N,VIIRS,n,2,285.67,21.2,N,0
41.62136,-116.19788,353.35,0.54,0.68,2025-08-21,1046,N,VIIRS,n,2,291.94,12.06,N,0
41.62257,-116.20175,328.31,0.54,0.68,2025-08-21,1046,N,VIIRS,n,2,294.42,9.36,N,0
41.62383,-116.2058,335.65,0.54,0.68,2025-08-21,1046,N,VIIRS,n,2,290.03,9.36,N,0
41.62523,-116.21027,318.36,0.54,0.68,2025-08-21,1046,N,VIIRS,n,2,284.28,7.22,N,0
38.52722,-120.61269,314.97,0.4,0.6,2025-08-21,1047,N,VIIRS,n,2,291.25,1.39,N,0
38.52766,-120.61452,324.94,0.4,0.6,2025-08-21,1047,N,VIIRS,n,2,292.27,1.97,N,0
38.5284,-120.61694,316.75,0.4,0.6,2025-08-21,1047,N,VIIRS,n,2,291.06,1.88,N,0
38.52882,-120.61879,303.19,0.4,0.6,2025-08-21,1047,N,VIIRS,n,2,290,1.97,N,0
38.5296,-120.62124,304.23,0.4,0.6,2025-08-21,1047,N,VIIRS,n,2,289.93,1.88,N,0
38.52998,-120.62308,307.96,0.4,0.6,2025-08-21,1047,N,VIIRS,n,2,290.63,1.37,N,0
38.53079,-120.62549,303.55,0.4,0.6,2025-08-21,1047,N,VIIRS,n,2,289.93,1.35,N,0
38.53114,-120.62731,303.92,0.4,0.6,2025-08-21,1047,N,VIIRS,n,2,290.85,1.37,N,0
38.53194,-120.62966,308.94,0.4,0.6,2025-08-21,1047,N,VIIRS,n,2,291.06,1.35,N,0
38.53227,-120.63149,309.71,0.4,0.6,2025-08-21,1047,N,VIIRS,n,2,292,2.17,N,0
38.5331,-120.63382,302.12,0.4,0.6,2025-08-21,1047,N,VIIRS,n,2,290.64,0.92,N,0
38.53757,-120.62924,300.94,0.4,0.6,2025-08-21,1047,N,VIIRS,n,2,289.48,0.77,N,0
38.53843,-120.63166,309.45,0.4,0.6,2025-08-21,1047,N,VIIRS,n,2,291.08,0.92,N,0
38.53875,-120.63356,312.51,0.4,0.6,2025-08-21,1047,N,VIIRS,n,2,291.83,0.77,N,0
38.53966,-120.63607,304.16,0.4,0.6,2025-08-21,1047,N,VIIRS,n,2,291.6,0.92,N,0
39.6207,-119.26124,297.68,0.44,0.62,2025-08-21,1047,N,VIIRS,n,2,286.91,0.89,N,2
39.81574,-121.97701,319.01,0.63,0.54,2025-08-21,1047,N,VIIRS,n,2,291.55,2.92,N,0
39.81632,-121.97779,324.21,0.63,0.54,2025-08-21,1047,N,VIIRS,n,2,292.07,2.76,N,0
39.81755,-121.98415,311.93,0.63,0.54,2025-08-21,1047,N,VIIRS,n,2,291.01,3.04,N,0
39.81818,-121.98491,302.28,0.63,0.54,2025-08-21,1047,N,VIIRS,n,2,290.55,2.76,N,0
33.85146,-118.33649,302.33,0.7,0.75,2025-08-21,1048,N,VIIRS,n,2,290.16,1.29,N,2
37.45686,-121.93352,299.42,0.36,0.58,2025-08-21,1048,N,VIIRS,n,2,289.14,0.69,N,2
37.94857,-122.40113,302.66,0.33,0.56,2025-08-21,1048,N,VIIRS,n,2,292.34,0.89,N,2
37.95339,-122.39864,304.98,0.33,0.56,2025-08-21,1048,N,VIIRS,n,2,292.21,0.71,N,0
38.07164,-122.14132,307.35,0.34,0.56,2025-08-21,1048,N,VIIRS,n,2,296.39,1.3,N,2
33.85052,-118.33501,304.76,0.7,0.75,2025-08-21,1049,N,VIIRS,n,2,289.72,1.63,N,2
32.62154,-114.93068,349.25,0.49,0.4,2025-08-21,2027,N,VIIRS,n,2,314.35,13.66,D,0
32.64751,-114.91577,353.9,0.49,0.4,2025-08-21,2027,N,VIIRS,n,2,315.01,23.3,D,0
33.44748,-117.52884,346.13,0.43,0.46,2025-08-21,2027,N,VIIRS,n,2,300.72,22.78,D,0
33.45066,-117.53459,367,0.43,0.46,2025-08-21,2027,N,VIIRS,h,2,304.79,24.56,D,0
33.45163,-117.52992,354.79,0.43,0.46,2025-08-21,2027,N,VIIRS,n,2,303.41,22.78,D,0
33.45574,-117.53117,336.89,0.43,0.46,2025-08-21,2027,N,VIIRS,n,2,300.1,4.64,D,0
35.22707,-120.32227,346.41,0.55,0.51,2025-08-21,2028,N,VIIRS,l,2,319.1,16.12,D,0
37.25966,-122.32541,339.47,0.63,0.54,2025-08-21,2029,N,VIIRS,n,2,299.47,6.73,D,0
38.7719,-122.66553,342.48,0.6,0.53,2025-08-21,2029,N,VIIRS,n,2,311.92,6.4,D,0
38.99433,-121.52931,355.24,0.52,0.5,2025-08-21,2029,N,VIIRS,n,2,323.19,48.01,D,0
38.99524,-121.52522,340.89,0.52,0.5,2025-08-21,2029,N,VIIRS,n,2,310.65,58.75,D,0
39.03826,-121.90908,339.22,0.54,0.51,2025-08-21,2029,N,VIIRS,n,2,308.72,6.77,D,0
39.38805,-121.66377,341.4,0.52,0.5,2025-08-21,2029,N,VIIRS,n,2,311.76,5.76,D,0
39.81701,-121.97777,348.58,0.52,0.5,2025-08-21,2029,N,VIIRS,n,2,319.1,16.99,D,0
41.36987,-116.3159,345.14,0.42,0.38,2025-08-21,2029,N,VIIRS,n,2,308.13,5.42,D,0
41.37579,-116.32304,347.72,0.42,0.38,2025-08-21,2029,N,VIIRS,n,2,293.84,10.29,D,0
41.37738,-116.3342,336.88,0.42,0.38,2025-08-21,2029,N,VIIRS,n,2,288.62,89.32,D,0
41.37986,-116.34047,340.63,0.43,0.38,2025-08-21,2029,N,VIIRS,n,2,306.47,54.62,D,0
41.38234,-116.34671,336.65,0.43,0.38,2025-08-21,2029,N,VIIRS,n,2,296.14,42.02,D,0
41.38323,-116.3418,367,0.43,0.38,2025-08-21,2029,N,VIIRS,h,2,336.55,42.02,D,0
41.38503,-116.33181,339.58,0.42,0.38,2025-08-21,2029,N,VIIRS,n,2,290.23,68.84,D,0
41.3866,-116.34311,337.86,0.43,0.38,2025-08-21,2029,N,VIIRS,n,2,297.98,42.02,D,0
41.38749,-116.33816,367,0.42,0.38,2025-08-21,2029,N,VIIRS,h,2,306.02,68.84,D,0
41.39251,-116.3503,356.15,0.43,0.38,2025-08-21,2029,N,VIIRS,n,2,305.15,11.64,D,0
41.39593,-116.35141,339.77,0.43,0.38,2025-08-21,2029,N,VIIRS,n,2,304.05,4.54,D,0
41.39933,-116.35251,339.49,0.43,0.38,2025-08-21,2029,N,VIIRS,n,2,302.18,4.54,D,0
41.40052,-116.35543,338.86,0.43,0.38,2025-08-21,2029,N,VIIRS,n,2,299.43,3.66,D,0
41.40143,-116.35046,338.48,0.42,0.38,2025-08-21,2029,N,VIIRS,n,2,298.48,3.74,D,0
41.40483,-116.35158,349.74,0.42,0.38,2025-08-21,2029,N,VIIRS,n,2,302.15,10.05,D,0
41.4073,-116.35777,338.83,0.43,0.38,2025-08-21,2029,N,VIIRS,n,2,297.3,19.07,D,0
41.40822,-116.35278,341.33,0.42,0.38,2025-08-21,2029,N,VIIRS,n,2,299.83,10.05,D,0
41.40913,-116.34775,337.88,0.42,0.38,2025-08-21,2029,N,VIIRS,n,2,299.87,10.05,D,0
41.41409,-116.36015,339.78,0.43,0.38,2025-08-21,2029,N,VIIRS,n,2,307.62,30.87,D,0
41.415,-116.35513,348.46,0.42,0.38,2025-08-21,2029,N,VIIRS,n,2,302.52,21.28,D,0
41.41594,-116.35002,351.94,0.42,0.38,2025-08-21,2029,N,VIIRS,n,2,308.24,21.28,D,0
41.41748,-116.36137,349.58,0.43,0.38,2025-08-21,2029,N,VIIRS,n,2,302.62,11.41,D,0
41.41841,-116.35625,342.52,0.42,0.38,2025-08-21,2029,N,VIIRS,n,2,303.95,4.97,D,0
41.41935,-116.35108,337.06,0.42,0.38,2025-08-21,2029,N,VIIRS,n,2,302.92,4.97,D,0
41.48027,-116.39324,330.63,0.43,0.38,2025-08-21,2029,N,VIIRS,n,2,293.18,3.21,D,0
41.48225,-116.36228,330.38,0.42,0.38,2025-08-21,2029,N,VIIRS,n,2,290.68,2.54,D,0
41.48297,-116.37828,333.72,0.42,0.38,2025-08-21,2029,N,VIIRS,n,2,287.36,3.56,D,0
41.48315,-116.35726,336.41,0.42,0.38,2025-08-21,2029,N,VIIRS,n,2,295.7,4.68,D,0
41.4846,-116.38928,339.48,0.43,0.38,2025-08-21,2029,N,VIIRS,n,2,293,4.77,D,0
41.48549,-116.38431,349.89,0.43,0.38,2025-08-21,2029,N,VIIRS,n,2,294.3,4.77,D,0
41.61784,-116.19608,355.09,0.42,0.38,2025-08-21,2029,N,VIIRS,n,2,323.01,26.98,D,0
39.0777,-121.90733,367,0.62,0.72,2025-08-21,2210,N,VIIRS,h,2,314.58,20.96,D,0
39.07962,-121.91348,352.29,0.62,0.72,2025-08-21,2210,N,VIIRS,n,2,313.07,14.31,D,0
39.07973,-121.90595,367,0.62,0.72,2025-08-21,2210,N,VIIRS,h,2,314.96,19.32,D,0
39.8147,-121.97929,345.05,0.62,0.72,2025-08-21,2210,N,VIIRS,n,2,311.59,6.02,D,0
39.81885,-121.97874,343.67,0.62,0.72,2025-08-21,2210,N,VIIRS,n,2,311.92,5.28,D,0
41.35755,-116.35603,296.08,0.48,0.64,2025-08-22,847,N,VIIRS,n,2,285.78,1.02,N,0
41.36134,-116.34918,349.75,0.47,0.64,2025-08-22,847,N,VIIRS,n,2,287.07,8.49,N,0
41.36155,-116.35502,323.54,0.48,0.64,2025-08-22,847,N,VIIRS,n,2,286.6,9.12,N,0
41.36332,-116.34823,342.34,0.48,0.64,2025-08-22,847,N,VIIRS,n,2,287.13,6.13,N,0
41.36351,-116.3541,340.15,0.48,0.64,2025-08-22,847,N,VIIRS,n,2,287.44,6.13,N,0
41.36368,-116.35948,297.26,0.48,0.64,2025-08-22,847,N,VIIRS,n,2,285.99,4.03,N,0
41.3695,-116.35315,316.03,0.48,0.64,2025-08-22,847,N,VIIRS,n,2,285.97,6.13,N,0
41.36967,-116.3587,332.75,0.48,0.64,2025-08-22,847,N,VIIRS,n,2,291.15,4.03,N,0
41.3699,-116.36615,310.71,0.48,0.64,2025-08-22,847,N,VIIRS,n,2,288.19,4.03,N,0
41.37555,-116.35458,306.1,0.48,0.64,2025-08-22,847,N,VIIRS,n,2,286.45,1.9,N,0
41.37574,-116.36055,312.55,0.48,0.64,2025-08-22,847,N,VIIRS,n,2,287.3,4.03,N,0
41.38143,-116.35018,297.75,0.48,0.64,2025-08-22,847,N,VIIRS,n,2,285.91,1.9,N,0
41.38162,-116.35626,322.87,0.48,0.64,2025-08-22,847,N,VIIRS,n,2,287.81,1.9,N,0
41.38731,-116.34605,303.5,0.47,0.64,2025-08-22,847,N,VIIRS,n,2,286.5,1.14,N,0
41.38808,-116.36991,296.48,0.48,0.64,2025-08-22,847,N,VIIRS,n,2,284.49,0.67,N,0
41.38832,-116.3773,295.11,0.48,0.64,2025-08-22,847,N,VIIRS,n,2,283.37,0.52,N,0
41.41267,-116.38477,300.5,0.48,0.64,2025-08-22,847,N,VIIRS,n,2,283.09,0.85,N,0
41.41757,-116.35141,337.97,0.48,0.64,2025-08-22,847,N,VIIRS,n,2,284.09,5.66,N,0
41.42355,-116.35037,301.45,0.48,0.64,2025-08-22,847,N,VIIRS,n,2,284.82,1.02,N,0
41.42471,-116.38433,295.81,0.48,0.64,2025-08-22,847,N,VIIRS,n,2,282.71,3.34,N,0
41.42493,-116.39079,322.19,0.48,0.64,2025-08-22,847,N,VIIRS,n,2,284.49,3.86,N,0
41.42513,-116.39661,312.11,0.48,0.64,2025-08-22,847,N,VIIRS,n,2,284.45,3.86,N,0
41.43073,-116.38402,335.92,0.48,0.64,2025-08-22,847,N,VIIRS,n,2,285.75,3.34,N,0
41.43097,-116.39088,341.16,0.48,0.64,2025-08-22,847,N,VIIRS,n,2,287.12,3.86,N,0
41.43117,-116.39703,313,0.48,0.64,2025-08-22,847,N,VIIRS,n,2,285.06,3.86,N,0
41.43136,-116.40245,297.18,0.48,0.65,2025-08-22,847,N,VIIRS,n,2,284.81,2.69,N,0
41.43195,-116.38583,321.36,0.48,0.64,2025-08-22,847,N,VIIRS,n,2,285.08,2.88,N,0
41.43214,-116.39249,333.43,0.48,0.64,2025-08-22,847,N,VIIRS,n,2,286.34,2.88,N,0
41.43231,-116.39836,303.1,0.48,0.65,2025-08-22,847,N,VIIRS,n,2,284.17,2.99,N,0
41.45744,-116.4314,300.74,0.48,0.65,2025-08-22,847,N,VIIRS,n,2,283.95,1.2,N,0
41.4623,-116.42416,307.17,0.48,0.65,2025-08-22,847,N,VIIRS,n,2,284.61,1.28,N,0
41.46251,-116.43015,303.4,0.48,0.65,2025-08-22,847,N,VIIRS,n,2,285.17,1.75,N,0
41.46331,-116.42541,303.27,0.48,0.65,2025-08-22,847,N,VIIRS,n,2,284.77,1.2,N,0
41.48774,-116.43403,297.81,0.48,0.65,2025-08-22,847,N,VIIRS,n,2,283.95,0.79,N,0
41.48795,-116.44083,298.18,0.48,0.65,2025-08-22,847,N,VIIRS,n,2,283.4,0.89,N,0
41.49189,-116.37417,298.02,0.48,0.64,2025-08-22,847,N,VIIRS,n,2,283.43,0.91,N,0
41.49208,-116.38014,305.13,0.48,0.64,2025-08-22,847,N,VIIRS,n,2,284.09,0.91,N,0
41.49292,-116.40682,331.51,0.48,0.65,2025-08-22,847,N,VIIRS,n,2,287.76,3.82,N,0
41.49306,-116.41123,301.5,0.48,0.65,2025-08-22,847,N,VIIRS,n,2,286.25,3.82,N,0
41.49379,-116.43436,318.57,0.48,0.65,2025-08-22,847,N,VIIRS,n,2,285.12,3.26,N,0
41.49398,-116.44048,304.01,0.48,0.65,2025-08-22,847,N,VIIRS,n,2,284.09,2.96,N,0
41.49895,-116.4063,320.07,0.48,0.65,2025-08-22,847,N,VIIRS,n,2,286.97,3.82,N,0
41.4991,-116.41097,342.16,0.48,0.65,2025-08-22,847,N,VIIRS,n,2,290,3.82,N,0
41.49927,-116.41631,299.23,0.48,0.65,2025-08-22,847,N,VIIRS,n,2,285.83,4.72,N,0
41.50534,-116.41738,307.7,0.48,0.65,2025-08-22,847,N,VIIRS,n,2,284.63,4.86,N,0
41.50554,-116.42347,308.59,0.48,0.65,2025-08-22,847,N,VIIRS,n,2,285.57,4.86,N,0
41.5114,-116.41782,314.87,0.48,0.65,2025-08-22,847,N,VIIRS,n,2,285.41,4.86,N,0
41.5116,-116.42404,367,0.48,0.65,2025-08-22,847,N,VIIRS,h,2,291.63,4.86,N,0
41.51179,-116.43008,299.73,0.48,0.65,2025-08-22,847,N,VIIRS,n,2,285.13,8.3,N,0
41.5741,-116.06719,295.52,0.46,0.64,2025-08-22,847,N,VIIRS,n,2,285.33,1.07,N,0
41.59223,-116.07624,308.89,0.46,0.64,2025-08-22,847,N,VIIRS,n,2,284.89,3.15,N,0
41.59246,-116.08304,330.96,0.46,0.64,2025-08-22,847,N,VIIRS,n,2,288.21,3.15,N,0
41.59271,-116.09036,297.5,0.46,0.64,2025-08-22,847,N,VIIRS,n,2,285.19,2.93,N,0
41.6436,-116.18107,306.77,0.47,0.64,2025-08-22,847,N,VIIRS,n,2,285.5,10.7,N,0
41.64384,-116.18786,367,0.47,0.64,2025-08-22,847,N,VIIRS,h,2,296.42,20.37,N,0
41.64418,-116.19738,306.59,0.47,0.64,2025-08-22,847,N,VIIRS,n,2,285.79,20.37,N,0
41.64567,-116.17922,307.44,0.47,0.64,2025-08-22,847,N,VIIRS,n,2,287.1,9.89,N,0
41.64587,-116.18581,352.07,0.47,0.64,2025-08-22,847,N,VIIRS,n,2,300.21,9.89,N,0
41.64614,-116.19511,367,0.47,0.64,2025-08-22,847,N,VIIRS,h,2,290.52,31.56,N,0
41.64903,-116.1659,321.03,0.47,0.64,2025-08-22,847,N,VIIRS,n,2,288.68,3.07,N,0
41.64921,-116.17108,325.4,0.47,0.64,2025-08-22,847,N,VIIRS,n,2,290.88,3.07,N,0
41.6494,-116.17623,324.42,0.47,0.64,2025-08-22,847,N,VIIRS,n,2,292.98,5.11,N,0
41.64962,-116.18237,325.86,0.47,0.64,2025-08-22,847,N,VIIRS,n,2,294.58,5.11,N,0
41.64992,-116.19057,327.42,0.47,0.64,2025-08-22,847,N,VIIRS,n,2,293.75,5.27,N,0
41.65115,-116.16301,311.73,0.47,0.64,2025-08-22,847,N,VIIRS,n,2,287.42,1.94,N,0
41.65133,-116.16911,325.69,0.47,0.64,2025-08-22,847,N,VIIRS,n,2,291.64,5.74,N,0
41.6515,-116.17467,331.51,0.47,0.64,2025-08-22,847,N,VIIRS,n,2,295.86,5.74,N,0
41.65169,-116.18071,330,0.47,0.64,2025-08-22,847,N,VIIRS,n,2,295.48,9.89,N,0
41.65192,-116.18845,306.57,0.47,0.64,2025-08-22,847,N,VIIRS,n,2,289.97,9.89,N,0
41.65514,-116.16989,305.92,0.47,0.64,2025-08-22,847,N,VIIRS,n,2,290.28,3.07,N,0
41.65537,-116.17611,322.3,0.47,0.64,2025-08-22,847,N,VIIRS,n,2,293,5.11,N,0
41.65564,-116.18347,339.26,0.47,0.64,2025-08-22,847,N,VIIRS,n,2,293.11,5.11,N,0
41.65594,-116.19172,305.09,0.47,0.64,2025-08-22,847,N,VIIRS,n,2,286.56,5.27,N,0
41.65742,-116.17248,300.92,0.47,0.64,2025-08-22,847,N,VIIRS,n,2,289.61,2.34,N,0
41.65763,-116.17947,327.14,0.47,0.64,2025-08-22,847,N,VIIRS,n,2,291.69,3.21,N,0
41.65791,-116.18842,314.27,0.47,0.64,2025-08-22,847,N,VIIRS,n,2,288.82,3.21,N,0
37.22971,-120.42585,302.1,0.73,0.76,2025-08-22,848,N,VIIRS,n,2,287.99,1.11,N,0
37.23201,-120.42561,302.5,0.73,0.76,2025-08-22,848,N,VIIRS,n,2,288.34,0.7,N,0
39.61837,-119.26338,301.39,0.66,0.73,2025-08-22,848,N,VIIRS,n,2,289.5,1.62,N,2
33.8493,-118.33371,302.13,0.54,0.68,2025-08-22,849,N,VIIRS,n,2,289.99,1.43,N,2
33.85157,-118.33466,307.19,0.54,0.68,2025-08-22,849,N,VIIRS,n,2,290.83,1.81,N,2
34.1515,-118.19586,302.18,0.53,0.67,2025-08-22,849,N,VIIRS,n,2,289.52,0.69,N,2
34.15444,-118.19511,304,0.53,0.67,2025-08-22,849,N,VIIRS,n,2,289.73,0.58,N,2
34.33287,-118.52136,301.32,0.55,0.68,2025-08-22,849,N,VIIRS,n,2,288.94,0.4,N,2
34.60785,-117.33882,312.62,0.48,0.65,2025-08-22,849,N,VIIRS,n,2,292.84,1.62,N,2
34.60909,-117.33894,311.75,0.48,0.65,2025-08-22,849,N,VIIRS,n,2,292.61,1.75,N,2
36.35529,-114.91159,318.86,0.36,0.57,2025-08-22,849,N,VIIRS,n,2,294.95,6.32,N,2
36.35801,-114.91404,312.35,0.36,0.57,2025-08-22,849,N,VIIRS,n,2,294.65,7.24,N,2
32.03981,-116.12591,302,0.39,0.59,2025-08-22,850,N,VIIRS,n,2,287.68,4.57,N,0
32.04012,-116.13055,317.29,0.39,0.59,2025-08-22,850,N,VIIRS,n,2,288.26,9.05,N,0
32.04029,-116.12738,323.11,0.39,0.59,2025-08-22,850,N,VIIRS,n,2,288.29,2.19,N,0
32.04063,-116.13197,305.18,0.39,0.59,2025-08-22,850,N,VIIRS,n,2,288.28,2.19,N,0
32.0453,-116.12527,327.8,0.39,0.59,2025-08-22,850,N,VIIRS,n,2,288.24,4.57,N,0
32.04562,-116.12985,367,0.39,0.59,2025-08-22,850,N,VIIRS,h,2,292.26,9.05,N,0
32.05048,-116.1199,308.09,0.39,0.59,2025-08-22,850,N,VIIRS,n,2,286.1,2.02,N,0
32.05078,-116.1243,319.57,0.39,0.59,2025-08-22,850,N,VIIRS,n,2,288.13,2.02,N,0
32.48221,-116.85764,312.77,0.43,0.62,2025-08-22,850,N,VIIRS,n,2,291.87,0.9,N,0
32.4824,-116.8595,311.7,0.43,0.62,2025-08-22,850,N,VIIRS,n,2,292.03,0.96,N,0
32.49578,-116.79167,303.43,0.43,0.62,2025-08-22,850,N,VIIRS,n,2,291.67,0.68,N,2
32.50092,-116.78947,320.35,0.43,0.62,2025-08-22,850,N,VIIRS,n,2,291.45,1.12,N,2
32.50153,-116.79122,313.32,0.43,0.62,2025-08-22,850,N,VIIRS,n,2,291.26,0.85,N,2
32.5761,-115.07247,350.41,0.34,0.56,2025-08-22,850,N,VIIRS,n,2,276.52,3.03,N,0
32.57626,-115.07033,314.64,0.34,0.56,2025-08-22,850,N,VIIRS,n,2,274.17,2.99,N,0
32.57638,-115.07616,303.49,0.34,0.56,2025-08-22,850,N,VIIRS,n,2,275.04,3.03,N,0
32.57653,-115.07401,334.72,0.34,0.56,2025-08-22,850,N,VIIRS,n,2,274.06,4.89,N,0
32.58848,-115.03043,316.38,0.34,0.56,2025-08-22,850,N,VIIRS,n,2,290.04,3.02,N,0
39.61801,-119.26189,305.54,0.5,0.49,2025-08-22,1028,N,VIIRS,n,2,290.06,1.91,N,2
39.61975,-119.26534,307.07,0.5,0.49,2025-08-22,1028,N,VIIRS,n,2,290.88,0.77,N,2
39.81602,-121.98021,312.35,0.56,0.43,2025-08-22,1028,N,VIIRS,n,2,292.32,1.8,N,0
41.36289,-116.35211,317.9,0.32,0.54,2025-08-22,1028,N,VIIRS,n,2,279.25,1.78,N,0
41.3861,-116.37899,299.38,0.63,0.54,2025-08-22,1028,N,VIIRS,n,2,277.05,1.88,N,0
41.4151,-116.38738,300.22,0.63,0.54,2025-08-22,1028,N,VIIRS,n,2,284.14,1.28,N,0
41.42173,-116.3923,301.93,0.63,0.54,2025-08-22,1028,N,VIIRS,n,2,283.35,1.93,N,0
41.42645,-116.38986,313.42,0.63,0.54,2025-08-22,1028,N,VIIRS,n,2,285.99,1.93,N,0
41.42826,-116.39684,320.16,0.63,0.54,2025-08-22,1028,N,VIIRS,n,2,286.92,4.11,N,0
41.42952,-116.38116,300.27,0.63,0.54,2025-08-22,1028,N,VIIRS,n,2,284.18,5.22,N,0
41.43022,-116.40429,302.42,0.63,0.54,2025-08-22,1028,N,VIIRS,n,2,285.56,4.11,N,0
41.4312,-116.38757,344.96,0.63,0.54,2025-08-22,1028,N,VIIRS,n,2,288.93,5.22,N,0
41.49466,-116.40585,310.61,0.63,0.54,2025-08-22,1028,N,VIIRS,n,2,285.01,2.57,N,0
41.49583,-116.40693,314.68,0.63,0.54,2025-08-22,1028,N,VIIRS,n,2,285.21,1.77,N,0
41.50039,-116.40399,298.92,0.63,0.54,2025-08-22,1028,N,VIIRS,n,2,284.72,1.77,N,0
41.50256,-116.41223,303.18,0.63,0.54,2025-08-22,1028,N,VIIRS,n,2,280.76,1.77,N,0
41.50906,-116.41664,298.22,0.63,0.54,2025-08-22,1028,N,VIIRS,n,2,281.74,4.87,N,0
41.5127,-116.43048,310.26,0.63,0.54,2025-08-22,1028,N,VIIRS,n,2,285.25,3.01,N,0
41.51371,-116.41403,319.69,0.63,0.54,2025-08-22,1028,N,VIIRS,n,2,284.62,4.87,N,0
41.51553,-116.42097,339.63,0.63,0.54,2025-08-22,1028,N,VIIRS,n,2,285.77,4.87,N,0
41.5174,-116.42806,300.31,0.63,0.54,2025-08-22,1028,N,VIIRS,n,2,283.85,3.01,N,0
41.52018,-116.41837,303.64,0.63,0.54,2025-08-22,1028,N,VIIRS,n,2,283.57,2.06,N,0
41.5916,-116.07937,295.07,0.32,0.55,2025-08-22,1028,N,VIIRS,n,2,271.51,0.98,N,0
41.59634,-116.07677,315.29,0.32,0.55,2025-08-22,1028,N,VIIRS,n,2,274.62,1.45,N,0
41.61849,-116.20231,308.69,0.32,0.54,2025-08-22,1028,N,VIIRS,n,2,289.98,2.35,N,0
41.62093,-116.19112,304.44,0.32,0.55,2025-08-22,1028,N,VIIRS,n,2,285.22,3.4,N,0
41.62171,-116.1941,354.33,0.32,0.55,2025-08-22,1028,N,VIIRS,n,2,293.95,3.4,N,0
41.62244,-116.19688,301.84,0.32,0.54,2025-08-22,1028,N,VIIRS,n,2,289.54,2.35,N,0
41.64143,-116.18722,300.44,0.32,0.54,2025-08-22,1028,N,VIIRS,n,2,286.14,7.74,N,0
41.64491,-116.18003,309.58,0.32,0.55,2025-08-22,1028,N,VIIRS,n,2,287.96,1.82,N,0
41.64518,-116.18109,329.32,0.32,0.54,2025-08-22,1028,N,VIIRS,n,2,289.21,5.05,N,0
41.6458,-116.18347,367,0.32,0.54,2025-08-22,1028,N,VIIRS,h,2,301.51,7.1,N,0
41.64607,-116.18443,367,0.32,0.54,2025-08-22,1028,N,VIIRS,h,2,305.61,7.74,N,0
41.64658,-116.18645,367,0.32,0.54,2025-08-22,1028,N,VIIRS,h,2,301.2,7.1,N,0
41.64684,-116.18731,367,0.32,0.54,2025-08-22,1028,N,VIIRS,h,2,297.71,7.74,N,0
41.64733,-116.18932,313.17,0.32,0.54,2025-08-22,1028,N,VIIRS,n,2,287.06,5.34,N,0
41.64846,-116.17305,299.05,0.32,0.55,2025-08-22,1028,N,VIIRS,n,2,286.64,1.82,N,0
41.64876,-116.17431,306.61,0.32,0.54,2025-08-22,1028,N,VIIRS,n,2,288.44,1.86,N,0
41.64951,-116.17705,312.1,0.32,0.55,2025-08-22,1028,N,VIIRS,n,2,291,1.82,N,0
41.64978,-116.17812,318.67,0.32,0.54,2025-08-22,1028,N,VIIRS,n,2,292.37,1.86,N,0
41.65038,-116.18041,328.56,0.32,0.54,2025-08-22,1028,N,VIIRS,n,2,296.44,7.1,N,0
41.65064,-116.18137,327.47,0.32,0.54,2025-08-22,1028,N,VIIRS,n,2,296.87,2.39,N,0
41.65119,-116.1835,323.74,0.32,0.54,2025-08-22,1028,N,VIIRS,n,2,296.28,7.1,N,0
41.65145,-116.1844,322.96,0.32,0.54,2025-08-22,1028,N,VIIRS,n,2,293.79,2.39,N,0
41.65196,-116.18645,309.17,0.32,0.54,2025-08-22,1028,N,VIIRS,n,2,289.59,5.34,N,0
41.65346,-116.17174,324.18,0.32,0.54,2025-08-22,1028,N,VIIRS,n,2,291.88,1.86,N,0
41.65446,-116.17549,321.58,0.32,0.54,2025-08-22,1028,N,VIIRS,n,2,292.71,1.86,N,0
41.65541,-116.17906,321.3,0.32,0.54,2025-08-22,1028,N,VIIRS,n,2,294.04,2.39,N,0
41.65627,-116.18227,300.76,0.32,0.54,2025-08-22,1028,N,VIIRS,n,2,288.65,2.39,N,0
41.65708,-116.18534,309.97,0.32,0.54,2025-08-22,1028,N,VIIRS,n,2,286.98,3.87,N,0
37.23208,-120.42042,308.03,0.5,0.49,2025-08-22,1029,N,VIIRS,n,2,288.31,1.6,N,0
37.45525,-121.93227,306.26,0.41,0.45,2025-08-22,1029,N,VIIRS,n,2,289.26,1.18,N,2
38.07056,-122.13739,304.28,0.39,0.44,2025-08-22,1029,N,VIIRS,n,2,293.91,1.85,N,2
38.09731,-121.37633,301.65,0.43,0.46,2025-08-22,1029,N,VIIRS,n,2,287.81,0.48,N,0
38.60144,-122.54893,301.37,0.55,0.43,2025-08-22,1029,N,VIIRS,n,2,290.17,1.14,N,0
38.60155,-122.53004,305.07,0.55,0.43,2025-08-22,1029,N,VIIRS,n,2,291.32,1.94,N,0
38.60281,-122.55533,313.84,0.55,0.43,2025-08-22,1029,N,VIIRS,n,2,291.37,3.34,N,0
38.60412,-122.54214,302.02,0.55,0.43,2025-08-22,1029,N,VIIRS,n,2,290.36,1.1,N,0
38.6042,-122.56188,330.05,0.55,0.43,2025-08-22,1029,N,VIIRS,n,2,291.27,3.34,N,0
38.60535,-122.54798,310.09,0.55,0.43,2025-08-22,1029,N,VIIRS,n,2,291.41,1.1,N,0
38.60674,-122.5545,313.22,0.55,0.43,2025-08-22,1029,N,VIIRS,n,2,291.89,2.92,N,0
38.60806,-122.54135,307.43,0.55,0.43,2025-08-22,1029,N,VIIRS,n,2,291.6,1.1,N,0
38.60808,-122.56081,338.15,0.55,0.43,2025-08-22,1029,N,VIIRS,n,2,295.11,2.92,N,0
38.60933,-122.54733,305.66,0.55,0.43,2025-08-22,1029,N,VIIRS,n,2,291.47,1.1,N,0
38.61074,-122.55395,303.39,0.55,0.43,2025-08-22,1029,N,VIIRS,n,2,291.65,2.92,N,0
38.61195,-122.52086,326.31,0.55,0.43,2025-08-22,1029,N,VIIRS,n,2,294.25,3.93,N,0
38.61198,-122.55985,306.08,0.55,0.43,2025-08-22,1029,N,VIIRS,n,2,292.49,2.92,N,0
38.61201,-122.5406,308.32,0.55,0.43,2025-08-22,1029,N,VIIRS,n,2,292.62,1.48,N,0
38.6133,-122.54664,305.12,0.55,0.43,2025-08-22,1029,N,VIIRS,n,2,291.86,1.48,N,0
38.61334,-122.52744,322.56,0.55,0.43,2025-08-22,1029,N,VIIRS,n,2,294.69,4.42,N,0
38.61336,-122.50808,325.33,0.55,0.43,2025-08-22,1029,N,VIIRS,n,2,294.06,15.69,N,0
38.61458,-122.51387,350.53,0.55,0.43,2025-08-22,1029,N,VIIRS,n,2,299.33,13.05,N,0
38.6159,-122.52008,324.81,0.55,0.43,2025-08-22,1029,N,VIIRS,n,2,294.49,13.05,N,0
38.6159,-122.50065,339.65,0.55,0.43,2025-08-22,1029,N,VIIRS,n,2,297.28,15.69,N,0
38.61719,-122.50671,344.3,0.55,0.43,2025-08-22,1029,N,VIIRS,n,2,306.52,15.69,N,0
38.61849,-122.51286,346.4,0.55,0.43,2025-08-22,1029,N,VIIRS,n,2,302.07,13.05,N,0
38.61857,-122.53272,310.78,0.55,0.43,2025-08-22,1029,N,VIIRS,n,2,294.3,1.98,N,0
38.61963,-122.49877,344.3,0.55,0.43,2025-08-22,1029,N,VIIRS,n,2,300.8,6.08,N,0
38.61982,-122.51917,310.36,0.55,0.43,2025-08-22,1029,N,VIIRS,n,2,294.4,13.05,N,0
38.62096,-122.50508,347.68,0.55,0.43,2025-08-22,1029,N,VIIRS,n,2,299.68,6.08,N,0
38.62125,-122.54538,303.19,0.55,0.43,2025-08-22,1029,N,VIIRS,n,2,292.39,1.26,N,0
38.62206,-122.4908,325.56,0.56,0.43,2025-08-22,1029,N,VIIRS,n,2,294.45,2.7,N,0
38.62228,-122.51137,315.98,0.55,0.43,2025-08-22,1029,N,VIIRS,n,2,295.47,1.83,N,0
38.62241,-122.53141,303.77,0.55,0.43,2025-08-22,1029,N,VIIRS,n,2,293.31,1.98,N,0
38.62334,-122.49687,324.01,0.55,0.43,2025-08-22,1029,N,VIIRS,n,2,296.18,6.08,N,0
38.62359,-122.51754,313.04,0.55,0.43,2025-08-22,1029,N,VIIRS,n,2,294.21,1.83,N,0
38.62373,-122.5377,304.78,0.55,0.43,2025-08-22,1029,N,VIIRS,n,2,292.97,1.26,N,0
38.62468,-122.50319,321.14,0.55,0.43,2025-08-22,1029,N,VIIRS,n,2,296.18,6.08,N,0
38.62487,-122.5236,309.5,0.55,0.43,2025-08-22,1029,N,VIIRS,n,2,292.32,1.38,N,0
38.62599,-122.50943,312.63,0.55,0.43,2025-08-22,1029,N,VIIRS,n,2,293.72,1.83,N,0
38.62614,-122.52966,312.16,0.55,0.43,2025-08-22,1029,N,VIIRS,n,2,294.06,1.38,N,0
38.62729,-122.51558,304.61,0.55,0.43,2025-08-22,1029,N,VIIRS,n,2,294.4,1.83,N,0
38.62751,-122.53611,304.27,0.55,0.43,2025-08-22,1029,N,VIIRS,n,2,293.37,1.37,N,0
38.62839,-122.50129,320.1,0.55,0.43,2025-08-22,1029,N,VIIRS,n,2,295.83,2.34,N,0
38.6286,-122.52177,307.8,0.55,0.43,2025-08-22,1029,N,VIIRS,n,2,295.03,1.38,N,0
38.62891,-122.54276,309.12,0.55,0.43,2025-08-22,1029,N,VIIRS,n,2,292.98,1.37,N,0
38.62993,-122.52813,310.13,0.55,0.43,2025-08-22,1029,N,VIIRS,n,2,294.14,1.38,N,0
38.63212,-122.49946,309.63,0.55,0.43,2025-08-22,1029,N,VIIRS,n,2,293.87,2.34,N,0
38.6335,-122.50599,307.8,0.55,0.43,2025-08-22,1029,N,VIIRS,n,2,293.12,2.87,N,0
32.04028,-116.1279,307.72,0.57,0.69,2025-08-22,1030,N,VIIRS,n,2,287.24,2.99,N,0
32.04178,-116.13323,299.91,0.57,0.69,2025-08-22,1030,N,VIIRS,n,2,284.76,3.2,N,0
32.04652,-116.12586,322.63,0.57,0.69,2025-08-22,1030,N,VIIRS,n,2,288.45,2.99,N,0
32.04808,-116.13142,314.89,0.57,0.69,2025-08-22,1030,N,VIIRS,n,2,286.57,3.2,N,0
33.84775,-118.33598,305.61,0.39,0.59,2025-08-22,1030,N,VIIRS,n,2,289.85,1,N,2
33.85302,-118.33395,304.5,0.39,0.59,2025-08-22,1030,N,VIIRS,n,2,291.57,1,N,2
34.07828,-117.50124,305.88,0.43,0.62,2025-08-22,1030,N,VIIRS,n,2,291.92,0.83,N,2
34.13223,-117.33137,308.46,0.43,0.62,2025-08-22,1030,N,VIIRS,n,2,290.92,0.79,N,0
34.13778,-117.32933,308,0.43,0.62,2025-08-22,1030,N,VIIRS,n,2,291.32,0.67,N,0
34.29005,-118.80116,299.87,0.36,0.57,2025-08-22,1030,N,VIIRS,n,2,288.54,0.56,N,2
34.31767,-118.51116,301.47,0.37,0.58,2025-08-22,1030,N,VIIRS,n,2,289.86,0.37,N,2
34.33459,-118.52143,309.27,0.37,0.58,2025-08-22,1030,N,VIIRS,n,2,290.57,0.38,N,2
34.3547,-116.85303,305.74,0.46,0.63,2025-08-22,1030,N,VIIRS,n,2,293.05,0.55,N,2
34.42799,-118.64405,300.05,0.36,0.58,2025-08-22,1030,N,VIIRS,n,2,288.85,0.52,N,2
34.60946,-117.33723,319.15,0.42,0.61,2025-08-22,1030,N,VIIRS,n,2,292.85,2.09,N,2
34.61948,-117.10193,307.4,0.43,0.62,2025-08-22,1030,N,VIIRS,n,2,291.74,1.6,N,2
34.62103,-117.10285,311.28,0.43,0.62,2025-08-22,1030,N,VIIRS,n,2,293.63,1.24,N,2
32.49356,-115.14666,346.11,0.6,0.53,2025-08-22,2008,N,VIIRS,n,2,305.36,15.56,D,0
32.49503,-115.14038,343.54,0.6,0.53,2025-08-22,2008,N,VIIRS,n,2,303.48,10.97,D,0
32.64552,-114.96474,345.74,0.58,0.52,2025-08-22,2008,N,VIIRS,n,2,303.92,7.02,D,0
33.06959,-116.91034,331.96,0.37,0.58,2025-08-22,2008,N,VIIRS,n,2,301.26,3.78,D,0
33.28093,-115.50971,347.08,0.6,0.53,2025-08-22,2008,N,VIIRS,n,2,301.91,23.31,D,0
33.29629,-117.44939,347.78,0.39,0.59,2025-08-22,2009,N,VIIRS,n,2,297.73,7.82,D,0
33.29741,-117.44767,338.49,0.39,0.59,2025-08-22,2009,N,VIIRS,n,2,297.23,6.18,D,0
33.34708,-117.3885,340.51,0.38,0.59,2025-08-22,2009,N,VIIRS,n,2,299.92,3.75,D,0
33.34812,-117.3844,330.03,0.38,0.59,2025-08-22,2009,N,VIIRS,l,2,300.72,4.28,D,0
33.35122,-117.39482,353.5,0.38,0.59,2025-08-22,2009,N,VIIRS,n,2,301.42,5.01,D,0
33.35232,-117.39047,347.61,0.38,0.59,2025-08-22,2009,N,VIIRS,n,2,301.86,5.01,D,0
33.35647,-117.39679,353.95,0.38,0.59,2025-08-22,2009,N,VIIRS,n,2,301.59,5.01,D,0
36.34829,-119.34742,339.56,0.41,0.61,2025-08-22,2009,N,VIIRS,n,2,302.94,3.27,D,0
36.35183,-119.34808,341.49,0.41,0.61,2025-08-22,2009,N,VIIRS,n,2,303.75,4.98,D,0
37.88264,-120.45395,367,0.43,0.62,2025-08-22,2010,N,VIIRS,h,2,310.26,21.38,D,0
38.60164,-122.56535,341.52,0.52,0.67,2025-08-22,2010,N,VIIRS,n,2,304.8,4.78,D,0
38.60342,-122.55927,331.53,0.52,0.67,2025-08-22,2010,N,VIIRS,l,2,305.74,12.31,D,0
38.60557,-122.50625,330.05,0.52,0.67,2025-08-22,2010,N,VIIRS,n,2,303.79,6.71,D,0
38.60648,-122.52242,339.18,0.52,0.67,2025-08-22,2010,N,VIIRS,n,2,306.29,13.55,D,0
38.6076,-122.56345,345.42,0.52,0.67,2025-08-22,2010,N,VIIRS,n,2,305.32,6.21,D,0
38.60867,-122.51846,367,0.52,0.67,2025-08-22,2010,N,VIIRS,h,2,309.41,6.71,D,0
38.60916,-122.51342,350.21,0.52,0.67,2025-08-22,2010,N,VIIRS,n,2,305.67,8.15,D,0
38.61129,-122.50947,349.65,0.52,0.67,2025-08-22,2010,N,VIIRS,n,2,306.23,6.71,D,0
38.61173,-122.50481,367,0.52,0.67,2025-08-22,2010,N,VIIRS,h,2,308.57,8.15,D,0
38.61341,-122.50216,367,0.52,0.67,2025-08-22,2010,N,VIIRS,h,2,309.13,11.66,D,0
38.61349,-122.49889,348.71,0.52,0.67,2025-08-22,2010,N,VIIRS,n,2,307.03,23.88,D,0
38.61494,-122.49696,332.29,0.52,0.67,2025-08-22,2010,N,VIIRS,n,2,305.06,11.66,D,0
38.61528,-122.51526,341.86,0.52,0.67,2025-08-22,2010,N,VIIRS,n,2,308.13,8.15,D,0
38.61637,-122.49203,355.69,0.52,0.67,2025-08-22,2010,N,VIIRS,n,2,308.39,26.91,D,0
38.61646,-122.48895,354.88,0.52,0.66,2025-08-22,2010,N,VIIRS,n,2,322.04,71.9,D,0
38.6171,-122.51234,333.77,0.52,0.67,2025-08-22,2010,N,VIIRS,n,2,306.73,13.04,D,0
38.61726,-122.50861,336.81,0.52,0.67,2025-08-22,2010,N,VIIRS,n,2,308.1,8.15,D,0
38.61787,-122.4869,367,0.52,0.66,2025-08-22,2010,N,VIIRS,h,2,323.34,26.91,D,0
38.61802,-122.48372,342.39,0.51,0.66,2025-08-22,2010,N,VIIRS,n,2,307.22,71.9,D,0
38.61883,-122.50642,336.19,0.52,0.67,2025-08-22,2010,N,VIIRS,n,2,309.64,22.15,D,0
38.62032,-122.49834,356.11,0.52,0.66,2025-08-22,2010,N,VIIRS,n,2,310.83,23.88,D,0
38.62169,-122.4966,357.5,0.52,0.67,2025-08-22,2010,N,VIIRS,n,2,311.57,92.3,D,0
38.6218,-122.49338,208,0.52,0.66,2025-08-22,2010,N,VIIRS,l,2,321.55,71.9,D,0
38.62319,-122.49146,367,0.52,0.66,2025-08-22,2010,N,VIIRS,l,2,330.56,92.3,D,0
38.62336,-122.48814,367,0.51,0.66,2025-08-22,2010,N,VIIRS,h,2,329.26,71.9,D,0
38.62471,-122.48627,367,0.52,0.66,2025-08-22,2010,N,VIIRS,h,2,314.1,166.37,D,0
38.62708,-122.49805,335.44,0.52,0.66,2025-08-22,2010,N,VIIRS,n,2,309.53,5.87,D,0
38.62854,-122.49312,333.9,0.51,0.66,2025-08-22,2010,N,VIIRS,n,2,304.14,5.87,D,0
38.63259,-122.5019,367,0.52,0.66,2025-08-22,2010,N,VIIRS,h,2,306.66,5.87,D,0
39.81548,-121.97927,354.86,0.45,0.63,2025-08-22,2011,N,VIIRS,n,2,311.54,17.29,D,0
39.81694,-121.97419,367,0.45,0.63,2025-08-22,2011,N,VIIRS,h,2,309.24,22.65,D,0
41.37028,-116.35844,367,0.44,0.46,2025-08-22,2011,N,VIIRS,h,2,306.86,12.83,D,0
41.3936,-116.39388,352.22,0.44,0.46,2025-08-22,2011,N,VIIRS,n,2,309.23,18.27,D,0
41.39767,-116.39571,356.99,0.44,0.46,2025-08-22,2011,N,VIIRS,n,2,313.91,28.42,D,0
41.39872,-116.39107,367,0.44,0.46,2025-08-22,2011,N,VIIRS,h,2,314.17,25.36,D,0
41.39964,-116.40685,351.62,0.44,0.46,2025-08-22,2011,N,VIIRS,n,2,314.18,46.28,D,0
41.39982,-116.38618,347.27,0.44,0.46,2025-08-22,2011,N,VIIRS,n,2,314.35,25.36,D,0
41.4007,-116.40215,367,0.44,0.46,2025-08-22,2011,N,VIIRS,h,2,314.18,28.42,D,0
41.40175,-116.39748,367,0.44,0.46,2025-08-22,2011,N,VIIRS,h,2,313.9,28.42,D,0
41.40388,-116.38805,367,0.44,0.46,2025-08-22,2011,N,VIIRS,h,2,315.43,25.36,D,0
41.40476,-116.40401,349.3,0.44,0.46,2025-08-22,2011,N,VIIRS,n,2,308.76,9.58,D,0
41.40584,-116.39924,347.75,0.44,0.46,2025-08-22,2011,N,VIIRS,n,2,310.93,9.58,D,0
41.40691,-116.39451,343.06,0.44,0.46,2025-08-22,2011,N,VIIRS,n,2,311.86,21.16,D,0
41.41508,-116.39799,348.51,0.44,0.46,2025-08-22,2011,N,VIIRS,n,2,315.64,6.01,D,0
41.41615,-116.39323,343.47,0.44,0.46,2025-08-22,2011,N,VIIRS,n,2,309.94,6.01,D,0
41.4184,-116.38324,339.75,0.44,0.46,2025-08-22,2011,N,VIIRS,l,2,311.74,4.06,D,0
41.41913,-116.39993,341.46,0.44,0.46,2025-08-22,2011,N,VIIRS,n,2,304.24,6.01,D,0
41.42022,-116.39507,339.83,0.44,0.46,2025-08-22,2011,N,VIIRS,n,2,306.9,6.01,D,0
41.4254,-116.39198,345.31,0.44,0.46,2025-08-22,2011,N,VIIRS,n,2,313.66,9.03,D,0
41.42608,-116.36897,340.34,0.44,0.46,2025-08-22,2011,N,VIIRS,l,2,313.75,8.58,D,0
41.43019,-116.37057,354.72,0.44,0.46,2025-08-22,2011,N,VIIRS,n,2,316.47,24.97,D,0
41.43305,-116.37778,340.74,0.44,0.46,2025-08-22,2011,N,VIIRS,l,2,313.77,9.32,D,0
41.43341,-116.37481,348.43,0.44,0.46,2025-08-22,2011,N,VIIRS,n,2,317.65,9.86,D,0
41.43616,-116.38231,346.82,0.44,0.46,2025-08-22,2011,N,VIIRS,n,2,317.83,9.86,D,0
41.43706,-116.37987,353.04,0.44,0.46,2025-08-22,2011,N,VIIRS,n,2,317.46,8.9,D,0
41.43987,-116.3873,352.37,0.44,0.46,2025-08-22,2011,N,VIIRS,n,2,316.65,8.9,D,0
41.44019,-116.38428,367,0.44,0.46,2025-08-22,2011,N,VIIRS,h,2,318.07,15.39,D,0
41.44109,-116.38182,346.29,0.44,0.46,2025-08-22,2011,N,VIIRS,n,2,318.25,8.9,D,0
41.45955,-116.4172,345.98,0.44,0.46,2025-08-22,2011,N,VIIRS,l,2,318.35,10.68,D,0
41.4606,-116.4126,343.77,0.44,0.46,2025-08-22,2011,N,VIIRS,l,2,314.71,9.67,D,0
41.50074,-116.45307,338.2,0.44,0.46,2025-08-22,2011,N,VIIRS,n,2,310.9,2.99,D,0
41.50194,-116.44777,345.74,0.44,0.46,2025-08-22,2011,N,VIIRS,n,2,308.64,2.99,D,0
41.5049,-116.39502,353.94,0.44,0.46,2025-08-22,2011,N,VIIRS,n,2,315.1,10.74,D,0
41.50599,-116.4497,333.78,0.44,0.46,2025-08-22,2011,N,VIIRS,l,2,308.64,1.86,D,0
41.50713,-116.44463,350.98,0.44,0.46,2025-08-22,2011,N,VIIRS,n,2,309.13,23.57,D,0
41.50795,-116.40128,346.08,0.44,0.46,2025-08-22,2011,N,VIIRS,l,2,317.77,18.2,D,0
41.50826,-116.43966,367,0.44,0.46,2025-08-22,2011,N,VIIRS,h,2,316.77,23.57,D,0
41.50939,-116.4346,346.45,0.44,0.46,2025-08-22,2011,N,VIIRS,n,2,316.98,17.9,D,0
41.51205,-116.40294,351.78,0.44,0.46,2025-08-22,2011,N,VIIRS,l,2,322.55,18.2,D,0
41.51311,-116.39825,344.1,0.44,0.46,2025-08-22,2011,N,VIIRS,n,2,315.24,18.2,D,0
41.51346,-116.43645,367,0.44,0.46,2025-08-22,2011,N,VIIRS,h,2,319.76,17.9,D,0
41.5146,-116.43138,352.06,0.44,0.46,2025-08-22,2011,N,VIIRS,n,2,318.32,17.9,D,0
41.51612,-116.40477,343.68,0.44,0.46,2025-08-22,2011,N,VIIRS,l,2,317.53,6.6,D,0
41.51719,-116.40003,344.03,0.44,0.46,2025-08-22,2011,N,VIIRS,l,2,315.36,6.6,D,0
41.51755,-116.43816,343.21,0.44,0.46,2025-08-22,2011,N,VIIRS,n,2,311.42,73.62,D,0
41.51869,-116.43311,367,0.44,0.46,2025-08-22,2011,N,VIIRS,h,2,343.28,73.62,D,0
41.51982,-116.42808,348.81,0.44,0.46,2025-08-22,2011,N,VIIRS,n,2,318.2,20.71,D,0
41.52017,-116.40665,345.46,0.44,0.46,2025-08-22,2011,N,VIIRS,n,2,319.53,6.6,D,0
41.52316,-116.41325,349.29,0.44,0.46,2025-08-22,2011,N,VIIRS,n,2,322.07,18.34,D,0
41.52392,-116.42974,367,0.44,0.46,2025-08-22,2011,N,VIIRS,h,2,318.11,20.71,D,0
41.52424,-116.40843,367,0.44,0.46,2025-08-22,2011,N,VIIRS,h,2,321.19,21.21,D,0
41.52504,-116.42478,367,0.44,0.46,2025-08-22,2011,N,VIIRS,h,2,318.53,20.71,D,0
41.52613,-116.41989,367,0.44,0.46,2025-08-22,2011,N,VIIRS,h,2,321.21,18.34,D,0
41.52724,-116.415,367,0.44,0.46,2025-08-22,2011,N,VIIRS,h,2,322.96,18.34,D,0
41.63268,-116.18239,352.42,0.42,0.45,2025-08-22,2011,N,VIIRS,n,2,319.99,9.58,D,0
41.64569,-116.18335,355.4,0.42,0.45,2025-08-22,2011,N,VIIRS,n,2,316.22,10.02,D,0
32.04729,-116.12916,367,0.65,0.73,2025-08-22,2149,N,VIIRS,h,2,298.91,27.1,D,0
32.37405,-115.11163,330.95,0.74,0.76,2025-08-22,2149,N,VIIRS,n,2,295.05,3.86,D,0
32.37674,-115.11598,334.73,0.74,0.76,2025-08-22,2149,N,VIIRS,n,2,295.18,5.62,D,0
33.35169,-117.38651,348.14,0.56,0.69,2025-08-22,2149,N,VIIRS,n,2,299.19,9.37,D,0
33.93181,-118.36382,337.76,0.5,0.65,2025-08-22,2149,N,VIIRS,n,2,301.43,3.58,D,0
37.87897,-120.45596,339.57,0.41,0.6,2025-08-22,2150,N,VIIRS,n,2,309.52,2.44,D,0
37.87921,-120.45113,335.8,0.41,0.6,2025-08-22,2150,N,VIIRS,l,2,306.3,2.44,D,0
38.51851,-121.48304,334.47,0.36,0.58,2025-08-22,2151,N,VIIRS,l,2,309.38,2.06,D,0
38.60325,-122.50307,335.49,0.32,0.55,2025-08-22,2151,N,VIIRS,l,2,309.66,0.93,D,0
38.60468,-122.56048,349.97,0.64,0.54,2025-08-22,2151,N,VIIRS,n,2,314.37,19.93,D,0
38.6071,-122.52269,367,0.32,0.54,2025-08-22,2151,N,VIIRS,h,2,319.06,6.47,D,0
38.60771,-122.51321,351.96,0.32,0.55,2025-08-22,2151,N,VIIRS,n,2,309.93,16.91,D,0
38.60789,-122.51031,367,0.32,0.55,2025-08-22,2151,N,VIIRS,h,2,318.08,16.91,D,0
38.60808,-122.50738,367,0.32,0.55,2025-08-22,2151,N,VIIRS,l,2,325.75,27.43,D,0
38.60828,-122.5043,354.98,0.32,0.55,2025-08-22,2151,N,VIIRS,n,2,325.35,27.43,D,0
38.60851,-122.50067,353.19,0.32,0.55,2025-08-22,2151,N,VIIRS,n,2,310.59,19.9,D,0
38.6097,-122.56164,352.63,0.64,0.54,2025-08-22,2151,N,VIIRS,n,2,311.41,19.93,D,0
38.6118,-122.52895,343.53,0.32,0.54,2025-08-22,2151,N,VIIRS,n,2,317.22,6.47,D,0
38.61206,-122.52496,344.11,0.32,0.54,2025-08-22,2151,N,VIIRS,n,2,315.1,6.47,D,0
38.61253,-122.51765,367,0.32,0.55,2025-08-22,2151,N,VIIRS,h,2,315.92,14.83,D,0
38.61275,-122.51424,351.23,0.32,0.55,2025-08-22,2151,N,VIIRS,n,2,317.44,16.91,D,0
38.61295,-122.51105,367,0.32,0.55,2025-08-22,2151,N,VIIRS,h,2,321.09,16.91,D,0
38.61315,-122.508,356.16,0.32,0.55,2025-08-22,2151,N,VIIRS,n,2,318.5,27.43,D,0
38.61336,-122.50473,355.91,0.32,0.55,2025-08-22,2151,N,VIIRS,n,2,317.54,27.43,D,0
38.61359,-122.50117,367,0.32,0.55,2025-08-22,2151,N,VIIRS,h,2,315.64,19.9,D,0
38.61409,-122.49329,344.91,0.32,0.55,2025-08-22,2151,N,VIIRS,n,2,308.48,6.7,D,0
38.61435,-122.48925,367,0.32,0.55,2025-08-22,2151,N,VIIRS,h,2,316.43,6.7,D,0
38.61824,-122.50824,356.62,0.32,0.55,2025-08-22,2151,N,VIIRS,n,2,315.33,9.49,D,0
38.61849,-122.50442,367,0.32,0.55,2025-08-22,2151,N,VIIRS,h,2,311.41,9.49,D,0
38.61874,-122.50045,348.48,0.32,0.55,2025-08-22,2151,N,VIIRS,n,2,311.14,9.74,D,0
38.619,-122.49642,367,0.32,0.55,2025-08-22,2151,N,VIIRS,h,2,311.08,9.74,D,0
38.61925,-122.49255,367,0.32,0.55,2025-08-22,2151,N,VIIRS,h,2,316.05,19.33,D,0
38.6195,-122.48873,367,0.32,0.55,2025-08-22,2151,N,VIIRS,h,2,315.79,19.33,D,0
38.61974,-122.48493,335.97,0.32,0.55,2025-08-22,2151,N,VIIRS,n,2,310.54,11.74,D,0
38.62418,-122.49543,367,0.32,0.55,2025-08-22,2151,N,VIIRS,h,2,313.09,9.74,D,0
38.62443,-122.49163,352.47,0.32,0.55,2025-08-22,2151,N,VIIRS,n,2,319.05,19.33,D,0
38.62466,-122.48792,367,0.32,0.55,2025-08-22,2151,N,VIIRS,h,2,311.05,19.33,D,0
38.62619,-122.5432,354.69,0.32,0.54,2025-08-22,2151,N,VIIRS,n,2,313.61,4.26,D,0
38.62936,-122.49447,353.02,0.32,0.55,2025-08-22,2151,N,VIIRS,n,2,325.29,60.54,D,0
38.6296,-122.49073,367,0.32,0.55,2025-08-22,2151,N,VIIRS,h,2,307.17,29.11,D,0
38.63396,-122.50227,352.04,0.32,0.55,2025-08-22,2151,N,VIIRS,n,2,310.2,6.78,D,0
39.81719,-121.97932,367,0.35,0.57,2025-08-22,2151,N,VIIRS,h,2,315.85,12.03,D,0
39.81743,-121.97514,367,0.35,0.57,2025-08-22,2151,N,VIIRS,h,2,313.51,15.14,D,0
41.41208,-116.38595,330.4,0.71,0.75,2025-08-22,2151,N,VIIRS,n,2,299.81,8.89,D,0
41.41674,-116.38995,367,0.71,0.75,2025-08-22,2151,N,VIIRS,h,2,301.01,16.23,D,0
41.43084,-116.37392,340.9,0.71,0.75,2025-08-22,2151,N,VIIRS,n,2,301.73,10.73,D,0
41.43086,-116.36627,349.59,0.71,0.75,2025-08-22,2151,N,VIIRS,n,2,300.98,14.41,D,0
41.43784,-116.38752,333.41,0.71,0.75,2025-08-22,2151,N,VIIRS,n,2,305.14,10.62,D,0
41.44484,-116.39734,339.07,0.7,0.75,2025-08-22,2151,N,VIIRS,n,2,305.4,10.62,D,0
41.44487,-116.38667,367,0.71,0.75,2025-08-22,2151,N,VIIRS,h,2,305.7,10.62,D,0
41.46995,-116.41234,331.92,0.7,0.75,2025-08-22,2151,N,VIIRS,n,2,299.22,11.24,D,0
41.47284,-116.42026,336.32,0.7,0.75,2025-08-22,2151,N,VIIRS,n,2,298.05,7.61,D,0
41.50502,-116.44963,345.35,0.7,0.75,2025-08-22,2151,N,VIIRS,n,2,289.33,5.14,D,0
41.50777,-116.44762,338.15,0.7,0.75,2025-08-22,2151,N,VIIRS,n,2,291.38,9.98,D,0
41.51204,-116.44866,335.71,0.7,0.75,2025-08-22,2151,N,VIIRS,n,2,293.97,12.18,D,0
41.51205,-116.43967,339.37,0.7,0.75,2025-08-22,2151,N,VIIRS,n,2,299.81,16.7,D,0
41.51486,-116.43774,341.82,0.7,0.75,2025-08-22,2151,N,VIIRS,n,2,300.38,9.98,D,0
41.51907,-116.43922,356.77,0.7,0.75,2025-08-22,2151,N,VIIRS,n,2,304.47,16.7,D,0
41.52612,-116.43003,351.31,0.7,0.75,2025-08-22,2151,N,VIIRS,n,2,300.02,14.44,D,0
41.63654,-116.19491,335.6,0.72,0.76,2025-08-22,2151,N,VIIRS,n,2,289.4,7.31,D,0
41.63654,-116.18921,367,0.72,0.76,2025-08-22,2151,N,VIIRS,h,2,303.15,24.03,D,0
41.63654,-116.17829,367,0.72,0.76,2025-08-22,2151,N,VIIRS,h,2,303.93,24.03,D,0
41.64363,-116.19885,349.23,0.72,0.76,2025-08-22,2151,N,VIIRS,n,2,294.68,191.02,D,0
41.64363,-116.19279,367,0.72,0.76,2025-08-22,2151,N,VIIRS,l,2,367.7,191.02,D,0
41.64364,-116.18684,367,0.72,0.76,2025-08-22,2151,N,VIIRS,h,2,304.03,205.1,D,0
41.64364,-116.17815,367,0.72,0.76,2025-08-22,2151,N,VIIRS,h,2,301.25,205.1,D,0
41.65074,-116.19054,346.6,0.72,0.76,2025-08-22,2151,N,VIIRS,n,2,300.55,191.02,D,0