latitude,longitude,bright_ti4,scan,track,acq_date,acq_time,satellite,instrument,confidence,version,bright_ti5,frp,daynight,type
40.82215,-114.25393,317.24,0.41,0.37,2025-08-03,944,N,VIIRS,n,2,290.01,1.23,N,2
40.93987,-117.86333,299.3,0.39,0.36,2025-08-03,944,N,VIIRS,n,2,285.86,0.46,N,0
41.19104,-116.96234,321.83,0.38,0.36,2025-08-03,944,N,VIIRS,n,2,290.7,1.64,N,0
41.19175,-116.9669,301.86,0.38,0.36,2025-08-03,944,N,VIIRS,n,2,288.84,1.64,N,0
41.19878,-116.94601,302.39,0.38,0.36,2025-08-03,944,N,VIIRS,n,2,289.14,0.91,N,0
41.21914,-116.87904,300.13,0.38,0.36,2025-08-03,944,N,VIIRS,n,2,286.46,1.75,N,0
41.22102,-116.86914,303.7,0.38,0.36,2025-08-03,944,N,VIIRS,n,2,287.28,0.98,N,0
41.22242,-116.87814,351.72,0.38,0.36,2025-08-03,944,N,VIIRS,n,2,305.9,22.35,N,0
41.22429,-116.86823,303.08,0.38,0.36,2025-08-03,944,N,VIIRS,n,2,284.03,0.98,N,0
41.22686,-116.86282,308.72,0.38,0.36,2025-08-03,944,N,VIIRS,n,2,281.75,1.21,N,0
41.2911,-122.99117,322.18,0.38,0.43,2025-08-03,944,N,VIIRS,n,2,285,2.28,N,0
41.29199,-122.9999,317.85,0.38,0.43,2025-08-03,944,N,VIIRS,n,2,283.89,2.53,N,0
41.29562,-122.99557,338.39,0.38,0.43,2025-08-03,944,N,VIIRS,n,2,294.45,14.55,N,0
41.29604,-122.9997,352.41,0.38,0.43,2025-08-03,944,N,VIIRS,n,2,297.31,14.55,N,0
41.29645,-123.00372,306.97,0.38,0.43,2025-08-03,944,N,VIIRS,n,2,284.54,2.47,N,0
41.29969,-122.99552,335.46,0.38,0.43,2025-08-03,944,N,VIIRS,n,2,286.98,14.55,N,0
41.30013,-122.99982,323.31,0.38,0.43,2025-08-03,944,N,VIIRS,n,2,285.39,14.55,N,0
41.30056,-123.00401,317.16,0.38,0.43,2025-08-03,944,N,VIIRS,n,2,285.05,2.47,N,0
41.30421,-122.99986,335.05,0.38,0.43,2025-08-03,944,N,VIIRS,n,2,287.48,3.96,N,0
41.30466,-123.00426,340.55,0.38,0.43,2025-08-03,944,N,VIIRS,n,2,287.43,9.16,N,0
41.30468,-122.99829,321.65,0.38,0.43,2025-08-03,944,N,VIIRS,n,2,285.44,2.19,N,0
41.30511,-123.00862,347.94,0.38,0.43,2025-08-03,944,N,VIIRS,n,2,288.29,9.16,N,0
41.30511,-123.00272,317.76,0.38,0.43,2025-08-03,944,N,VIIRS,n,2,285.74,2.19,N,0
41.30554,-123.00713,351.94,0.38,0.43,2025-08-03,944,N,VIIRS,n,2,291.64,7.81,N,0
41.30558,-123.01318,309.18,0.38,0.43,2025-08-03,944,N,VIIRS,n,2,284.8,4.83,N,0
41.30598,-123.01167,347.72,0.38,0.43,2025-08-03,944,N,VIIRS,n,2,287.06,7.81,N,0
41.30646,-123.01661,302.55,0.38,0.43,2025-08-03,944,N,VIIRS,n,2,284.8,1.35,N,0
41.30923,-123.00904,354.43,0.38,0.43,2025-08-03,944,N,VIIRS,n,2,291.88,9.16,N,0
41.30962,-123.00732,323.44,0.38,0.43,2025-08-03,944,N,VIIRS,n,2,285.23,7.81,N,0
41.30975,-123.01407,336.13,0.38,0.43,2025-08-03,944,N,VIIRS,n,2,287.62,4.83,N,0
41.31012,-123.01243,344.05,0.38,0.43,2025-08-03,944,N,VIIRS,n,2,287.37,7.81,N,0
41.3106,-123.01742,306.35,0.38,0.43,2025-08-03,944,N,VIIRS,n,2,285.64,1.35,N,0
41.3138,-116.94093,321.2,0.38,0.36,2025-08-03,944,N,VIIRS,n,2,285.93,3.94,N,0
41.31568,-116.93101,325.75,0.38,0.36,2025-08-03,944,N,VIIRS,n,2,284.28,13.76,N,0
41.31638,-116.93553,345.47,0.38,0.36,2025-08-03,944,N,VIIRS,n,2,295.91,13.76,N,0
41.31707,-116.94005,345.2,0.38,0.36,2025-08-03,944,N,VIIRS,n,2,294.52,3.94,N,0
41.31755,-116.92107,300.28,0.38,0.36,2025-08-03,944,N,VIIRS,n,2,283.09,4.89,N,0
41.31777,-116.94459,327.44,0.38,0.36,2025-08-03,944,N,VIIRS,n,2,284.39,3.94,N,0
41.31826,-116.9256,347.11,0.38,0.36,2025-08-03,944,N,VIIRS,n,2,289.64,4.89,N,0
41.31895,-116.93014,317.35,0.38,0.36,2025-08-03,944,N,VIIRS,n,2,288.33,1.94,N,0
41.31965,-116.93464,333.68,0.38,0.36,2025-08-03,944,N,VIIRS,n,2,290.32,1.94,N,0
41.32035,-116.93918,332.77,0.38,0.36,2025-08-03,944,N,VIIRS,n,2,290.67,4.72,N,0
41.32084,-116.9202,356.76,0.38,0.36,2025-08-03,944,N,VIIRS,n,2,291.54,4.89,N,0
41.32104,-116.94369,329.83,0.38,0.36,2025-08-03,944,N,VIIRS,n,2,288.96,4.72,N,0
41.32153,-116.92472,327.99,0.38,0.36,2025-08-03,944,N,VIIRS,n,2,290.18,4.89,N,0
41.32223,-116.92924,306.33,0.38,0.36,2025-08-03,944,N,VIIRS,n,2,287.8,1.94,N,0
41.32293,-116.93377,306.51,0.38,0.36,2025-08-03,944,N,VIIRS,n,2,288.13,1.94,N,0
41.32341,-116.91479,297.23,0.38,0.36,2025-08-03,944,N,VIIRS,n,2,284.12,3.12,N,0
41.32363,-116.9383,345.94,0.38,0.36,2025-08-03,944,N,VIIRS,n,2,292.92,4.72,N,0
41.32411,-116.91931,316.2,0.38,0.36,2025-08-03,944,N,VIIRS,n,2,289.54,1.14,N,0
41.32481,-116.92385,303.62,0.38,0.36,2025-08-03,944,N,VIIRS,n,2,287.27,1.14,N,0
41.32502,-116.94736,299.48,0.38,0.36,2025-08-03,944,N,VIIRS,n,2,287.43,0.67,N,0
41.32551,-116.92838,300.31,0.38,0.36,2025-08-03,944,N,VIIRS,n,2,286.54,1.06,N,0
41.32599,-116.90937,302.46,0.38,0.36,2025-08-03,944,N,VIIRS,n,2,282.82,3.12,N,0
41.3262,-116.93291,304.22,0.38,0.36,2025-08-03,944,N,VIIRS,n,2,287.32,1.06,N,0
41.32642,-116.95647,297.81,0.38,0.36,2025-08-03,944,N,VIIRS,n,2,284.69,0.52,N,0
41.32669,-116.9139,341.65,0.38,0.36,2025-08-03,944,N,VIIRS,n,2,290.9,3.12,N,0
41.3269,-116.93742,307.86,0.38,0.36,2025-08-03,944,N,VIIRS,n,2,285.67,0.96,N,0
41.32739,-116.91844,300.76,0.38,0.36,2025-08-03,944,N,VIIRS,n,2,286.57,1.14,N,0
41.32922,-116.97466,336.94,0.38,0.36,2025-08-03,944,N,VIIRS,n,2,287.21,4.35,N,0
41.32927,-116.90849,335.44,0.38,0.36,2025-08-03,944,N,VIIRS,n,2,287.03,2.28,N,0
41.3297,-116.95558,332.97,0.38,0.36,2025-08-03,944,N,VIIRS,n,2,290.22,2.59,N,0
41.32991,-116.97922,327.41,0.38,0.36,2025-08-03,944,N,VIIRS,n,2,285.52,4.35,N,0
41.32996,-116.91302,308.29,0.38,0.36,2025-08-03,944,N,VIIRS,n,2,285.09,2.28,N,0
41.33018,-116.93655,296.6,0.38,0.36,2025-08-03,944,N,VIIRS,n,2,285.15,0.96,N,0
41.3304,-116.96014,329.64,0.38,0.36,2025-08-03,944,N,VIIRS,n,2,290.3,2.59,N,0
41.3311,-116.96468,309.36,0.38,0.36,2025-08-03,944,N,VIIRS,n,2,288.39,1.15,N,0
41.33249,-116.97375,302.24,0.38,0.36,2025-08-03,944,N,VIIRS,n,2,284.03,0.49,N,0
41.33297,-116.9547,306.53,0.38,0.36,2025-08-03,944,N,VIIRS,n,2,285.86,2.59,N,0
41.33319,-116.9783,299.34,0.38,0.36,2025-08-03,944,N,VIIRS,n,2,283.76,0.49,N,0
41.33367,-116.95926,304.85,0.38,0.36,2025-08-03,944,N,VIIRS,n,2,287.23,2.59,N,0
41.33437,-116.96379,304.22,0.38,0.36,2025-08-03,944,N,VIIRS,n,2,286.74,1.15,N,0
41.33625,-116.9538,295.78,0.38,0.36,2025-08-03,944,N,VIIRS,n,2,285.3,1.48,N,0
41.33695,-116.95836,296.74,0.38,0.36,2025-08-03,944,N,VIIRS,n,2,286.06,1.48,N,0
41.33953,-116.95292,296.76,0.38,0.36,2025-08-03,944,N,VIIRS,n,2,285.59,1.48,N,0
41.34023,-116.95748,334.25,0.38,0.36,2025-08-03,944,N,VIIRS,n,2,290.05,1.48,N,0
41.3421,-116.94749,328.42,0.38,0.36,2025-08-03,944,N,VIIRS,n,2,285.4,2.57,N,0
41.34281,-116.95204,311.7,0.38,0.36,2025-08-03,944,N,VIIRS,n,2,288.82,8.93,N,0
41.3435,-116.9566,318.55,0.38,0.36,2025-08-03,944,N,VIIRS,n,2,286.67,8.93,N,0
41.34402,-116.87138,301.05,0.38,0.36,2025-08-03,944,N,VIIRS,n,2,285.09,1.01,N,0
41.34539,-116.94662,323.48,0.38,0.36,2025-08-03,944,N,VIIRS,n,2,288.08,2.57,N,0
41.34608,-116.95117,319.57,0.38,0.36,2025-08-03,944,N,VIIRS,n,2,287.07,8.93,N,0
41.34678,-116.95573,350.78,0.38,0.36,2025-08-03,944,N,VIIRS,n,2,312.15,8.93,N,0
41.34729,-116.87051,310.73,0.38,0.36,2025-08-03,944,N,VIIRS,n,2,285.02,1.01,N,0
41.34748,-116.96028,303.88,0.38,0.36,2025-08-03,944,N,VIIRS,n,2,285.88,9.54,N,0
41.34866,-116.94576,319.91,0.38,0.36,2025-08-03,944,N,VIIRS,n,2,290.45,1.83,N,0
41.34937,-116.95031,323.5,0.38,0.36,2025-08-03,944,N,VIIRS,n,2,291.15,35.37,N,0
41.35006,-116.95487,367,0.38,0.36,2025-08-03,944,N,VIIRS,h,2,343.26,35.37,N,0
41.35076,-116.95941,303.64,0.38,0.36,2025-08-03,944,N,VIIRS,n,2,286.71,6.3,N,0
41.35195,-116.9449,307.98,0.38,0.36,2025-08-03,944,N,VIIRS,n,2,287.78,1.83,N,0
41.35264,-116.94946,304.22,0.38,0.36,2025-08-03,944,N,VIIRS,n,2,287.82,35.37,N,0
41.35335,-116.95399,301.66,0.38,0.36,2025-08-03,944,N,VIIRS,n,2,286.85,35.37,N,0
41.35633,-115.69183,331.64,0.39,0.36,2025-08-03,944,N,VIIRS,n,2,293.19,9.85,N,0
41.3585,-116.94317,299.14,0.38,0.36,2025-08-03,944,N,VIIRS,n,2,285.8,1.68,N,0
41.35961,-115.6909,312.07,0.39,0.36,2025-08-03,944,N,VIIRS,n,2,286.71,1.48,N,0
41.36038,-116.9332,296.03,0.38,0.36,2025-08-03,944,N,VIIRS,n,2,284.04,3.89,N,0
41.36108,-116.93774,303.11,0.38,0.36,2025-08-03,944,N,VIIRS,n,2,285.45,1.99,N,0
41.36178,-116.94228,301.27,0.38,0.36,2025-08-03,944,N,VIIRS,n,2,286.19,1.99,N,0
41.36188,-115.70461,326.26,0.39,0.36,2025-08-03,944,N,VIIRS,n,2,286.61,2.66,N,0
41.36289,-115.68996,306.51,0.39,0.36,2025-08-03,944,N,VIIRS,n,2,285.86,1.48,N,0
41.36366,-116.93232,344.91,0.38,0.36,2025-08-03,944,N,VIIRS,n,2,288.71,3.89,N,0
41.36412,-115.71822,305.53,0.39,0.36,2025-08-03,944,N,VIIRS,n,2,283.45,1.06,N,0
41.36436,-116.93685,325.45,0.38,0.36,2025-08-03,944,N,VIIRS,n,2,287.56,1.99,N,0
41.36438,-116.87063,302.46,0.38,0.36,2025-08-03,944,N,VIIRS,n,2,287.4,1.14,N,0
41.36694,-116.93142,320.44,0.38,0.36,2025-08-03,944,N,VIIRS,n,2,305.51,29.26,N,0
41.36764,-116.93597,346.02,0.38,0.36,2025-08-03,944,N,VIIRS,n,2,291.15,27.26,N,0
41.37164,-116.87341,336.56,0.38,0.36,2025-08-03,944,N,VIIRS,n,2,289.36,3.87,N,0
41.37171,-115.70179,301.94,0.39,0.36,2025-08-03,944,N,VIIRS,n,2,285.45,0.84,N,0
41.37246,-115.70633,299.48,0.39,0.36,2025-08-03,944,N,VIIRS,n,2,287.59,1.65,N,0
41.37395,-115.7154,306.06,0.39,0.36,2025-08-03,944,N,VIIRS,n,2,286.06,1.29,N,0
41.37648,-115.70993,301.75,0.39,0.36,2025-08-03,944,N,VIIRS,n,2,287.07,2.48,N,0
41.37724,-115.71447,344.83,0.39,0.36,2025-08-03,944,N,VIIRS,n,2,291.77,7.03,N,0
41.37976,-115.70899,329.11,0.39,0.36,2025-08-03,944,N,VIIRS,n,2,288.73,2.48,N,0
41.38051,-115.71354,327.91,0.39,0.36,2025-08-03,944,N,VIIRS,n,2,288.29,7.03,N,0
41.38406,-115.69342,337.3,0.39,0.36,2025-08-03,944,N,VIIRS,n,2,285.69,5.83,N,0
41.38734,-115.69246,310.92,0.39,0.36,2025-08-03,944,N,VIIRS,n,2,283.83,0.84,N,0
41.39317,-116.92439,295.68,0.38,0.36,2025-08-03,944,N,VIIRS,n,2,283.94,0.71,N,0
41.39576,-116.91896,304.41,0.38,0.36,2025-08-03,944,N,VIIRS,n,2,282.75,0.71,N,0
41.39666,-116.90721,317.03,0.38,0.36,2025-08-03,944,N,VIIRS,n,2,285.15,2.46,N,0
41.39736,-116.91174,330.24,0.38,0.36,2025-08-03,944,N,VIIRS,n,2,285.09,3.53,N,0
41.39784,-116.89269,298.5,0.38,0.36,2025-08-03,944,N,VIIRS,n,2,285.42,0.53,N,0
41.39806,-116.9163,320.81,0.38,0.36,2025-08-03,944,N,VIIRS,n,2,283.05,3.53,N,0
41.39854,-116.89722,296.74,0.38,0.36,2025-08-03,944,N,VIIRS,n,2,283.26,0.53,N,0
41.39876,-116.92083,315.08,0.38,0.36,2025-08-03,944,N,VIIRS,n,2,284.17,1.67,N,0
41.40064,-116.91086,334.98,0.38,0.36,2025-08-03,944,N,VIIRS,n,2,284.21,3.53,N,0
41.40134,-116.91541,341.84,0.38,0.36,2025-08-03,944,N,VIIRS,n,2,286.64,3.53,N,0
36.35757,-114.90842,306.89,0.44,0.38,2025-08-03,945,N,VIIRS,n,2,294.83,1.15,N,2
36.35765,-114.91043,318.64,0.44,0.38,2025-08-03,945,N,VIIRS,n,2,295.97,2.27,N,2
36.35847,-114.91325,309.34,0.44,0.38,2025-08-03,945,N,VIIRS,n,2,296.38,1.15,N,2
37.18461,-121.68165,300.54,0.46,0.39,2025-08-03,945,N,VIIRS,n,2,286.9,0.5,N,2
37.45307,-121.93064,300.66,0.47,0.4,2025-08-03,945,N,VIIRS,n,2,286.6,0.6,N,2
37.45671,-121.92994,299.24,0.47,0.4,2025-08-03,945,N,VIIRS,n,2,286.68,0.23,N,2
37.88272,-121.18652,307.42,0.44,0.39,2025-08-03,945,N,VIIRS,n,2,290.27,1.08,N,2
37.88441,-121.18391,307.3,0.44,0.39,2025-08-03,945,N,VIIRS,n,2,290.13,0.74,N,2
38.0709,-122.13739,305.26,0.48,0.4,2025-08-03,945,N,VIIRS,n,2,293.45,2.09,N,2
38.30175,-122.74844,296.12,0.52,0.41,2025-08-03,945,N,VIIRS,n,2,284.99,0.76,N,2
39.61948,-119.26234,310.48,0.41,0.37,2025-08-03,945,N,VIIRS,n,2,292.49,1.52,N,2
32.4972,-116.83385,327.1,0.42,0.38,2025-08-03,946,N,VIIRS,n,2,288.23,2.19,N,0
32.51088,-116.77043,307,0.42,0.38,2025-08-03,946,N,VIIRS,n,2,287.1,0.83,N,2
32.71283,-114.76122,315.87,0.5,0.41,2025-08-03,946,N,VIIRS,n,2,295.92,2.22,N,0
32.71332,-114.75958,316.15,0.5,0.41,2025-08-03,946,N,VIIRS,n,2,296.62,2.04,N,0
33.79358,-118.35151,300.55,0.39,0.36,2025-08-03,946,N,VIIRS,n,2,287.97,0.23,N,2
33.79437,-117.47312,307.18,0.4,0.37,2025-08-03,946,N,VIIRS,n,2,291.7,0.73,N,2
33.95601,-117.12312,303.94,0.4,0.37,2025-08-03,946,N,VIIRS,n,2,290.12,0.45,N,2
34.03588,-118.10448,306.4,0.39,0.36,2025-08-03,946,N,VIIRS,n,2,290.58,0.48,N,2
34.14132,-117.42887,307.93,0.39,0.37,2025-08-03,946,N,VIIRS,n,2,291.78,0.8,N,2
34.15287,-118.19517,310.39,0.39,0.36,2025-08-03,946,N,VIIRS,n,2,289.27,0.63,N,2
34.24376,-118.3814,305.94,0.38,0.36,2025-08-03,946,N,VIIRS,n,2,290.91,0.46,N,2
34.29104,-118.80283,308.77,0.38,0.36,2025-08-03,946,N,VIIRS,n,2,288.67,1,N,2
34.31899,-118.51008,299.53,0.38,0.36,2025-08-03,946,N,VIIRS,n,2,289.43,0.36,N,2
34.33413,-118.51946,314.24,0.38,0.36,2025-08-03,946,N,VIIRS,n,2,290.36,0.85,N,2
34.35264,-116.8531,305.21,0.4,0.37,2025-08-03,946,N,VIIRS,n,2,291.27,1.69,N,2
34.4289,-118.64503,307.88,0.38,0.36,2025-08-03,946,N,VIIRS,n,2,289.23,0.67,N,2
34.56719,-118.15117,304.72,0.39,0.36,2025-08-03,946,N,VIIRS,n,2,291.83,0.2,N,2
34.6086,-117.3363,316.04,0.39,0.36,2025-08-03,946,N,VIIRS,n,2,296.25,1.93,N,2
34.62078,-117.10279,306.58,0.4,0.37,2025-08-03,946,N,VIIRS,n,2,291.74,0.65,N,2
34.62412,-117.10202,302.18,0.4,0.37,2025-08-03,946,N,VIIRS,n,2,291.33,0.65,N,2
34.99728,-120.09198,331.6,0.4,0.37,2025-08-03,946,N,VIIRS,n,2,295.2,2.75,N,0
35.00062,-120.0912,324.28,0.4,0.37,2025-08-03,946,N,VIIRS,n,2,295.04,2.75,N,0
35.00269,-120.08168,307.86,0.4,0.37,2025-08-03,946,N,VIIRS,n,2,293.44,6.19,N,0
35.00331,-120.08602,339.82,0.4,0.37,2025-08-03,946,N,VIIRS,n,2,296.53,6.19,N,0
35.00395,-120.09041,305.43,0.4,0.37,2025-08-03,946,N,VIIRS,n,2,293.69,1.77,N,0
35.00665,-120.08524,342.87,0.4,0.37,2025-08-03,946,N,VIIRS,n,2,299.02,6.19,N,0
35.00797,-119.99988,340.19,0.39,0.37,2025-08-03,946,N,VIIRS,n,2,294.11,3.53,N,0
35.00858,-120.00406,322.35,0.39,0.37,2025-08-03,946,N,VIIRS,n,2,294.24,3.53,N,0
35.00921,-120.00836,312.63,0.39,0.37,2025-08-03,946,N,VIIRS,n,2,293.12,1.15,N,0
35.01048,-120.01701,315.67,0.4,0.37,2025-08-03,946,N,VIIRS,n,2,293.75,1.2,N,0
35.01072,-119.99512,332.7,0.39,0.37,2025-08-03,946,N,VIIRS,n,2,315.3,20.52,N,0
35.01112,-120.02141,314.08,0.4,0.37,2025-08-03,946,N,VIIRS,n,2,293.08,1.2,N,0
35.01133,-119.99931,367,0.39,0.37,2025-08-03,946,N,VIIRS,h,2,347.6,23.23,N,0
35.01194,-120.00349,320.41,0.39,0.37,2025-08-03,946,N,VIIRS,n,2,296.84,23.23,N,0
35.01318,-120.01192,303.49,0.39,0.37,2025-08-03,946,N,VIIRS,n,2,291.14,0.88,N,0
35.01347,-119.99033,342.24,0.39,0.37,2025-08-03,946,N,VIIRS,n,2,297.11,20.52,N,0
35.01381,-120.01626,314.69,0.4,0.37,2025-08-03,946,N,VIIRS,n,2,293.11,1.94,N,0
35.01409,-119.99454,354.27,0.39,0.37,2025-08-03,946,N,VIIRS,n,2,307.41,20.52,N,0
35.01445,-120.02063,313.78,0.4,0.37,2025-08-03,946,N,VIIRS,n,2,293.85,1.94,N,0
35.01469,-119.99873,351.9,0.39,0.37,2025-08-03,946,N,VIIRS,n,2,325.5,23.23,N,0
35.01498,-120.04781,317.56,0.4,0.37,2025-08-03,946,N,VIIRS,n,2,295.23,1.97,N,0
35.01509,-120.02502,311.31,0.4,0.37,2025-08-03,946,N,VIIRS,n,2,292.55,2.34,N,0
35.01524,-120.09692,330.31,0.4,0.37,2025-08-03,946,N,VIIRS,n,2,294.78,2.17,N,0
35.0153,-120.00291,312.7,0.39,0.37,2025-08-03,946,N,VIIRS,n,2,296,23.23,N,0
35.01589,-120.10136,304.86,0.4,0.37,2025-08-03,946,N,VIIRS,n,2,292.31,2.17,N,0
35.01591,-120.0071,306.33,0.39,0.37,2025-08-03,946,N,VIIRS,n,2,292.34,0.88,N,0
35.01625,-120.05647,309.16,0.4,0.37,2025-08-03,946,N,VIIRS,n,2,294.24,1.37,N,0
35.01652,-120.01128,311.76,0.39,0.37,2025-08-03,946,N,VIIRS,n,2,293.4,0.88,N,0
35.01684,-119.98977,367,0.39,0.37,2025-08-03,946,N,VIIRS,h,2,344,41.14,N,0
35.01715,-120.01559,322.2,0.4,0.37,2025-08-03,946,N,VIIRS,n,2,298.92,1.94,N,0
35.01745,-119.99398,367,0.39,0.37,2025-08-03,946,N,VIIRS,h,2,311.22,41.14,N,0
35.01779,-120.01996,335.7,0.4,0.37,2025-08-03,946,N,VIIRS,n,2,298.24,1.94,N,0
35.01806,-119.99818,317.99,0.39,0.37,2025-08-03,946,N,VIIRS,n,2,296.84,4.07,N,0
35.01832,-120.04707,343.23,0.4,0.37,2025-08-03,946,N,VIIRS,n,2,300.4,6.02,N,0
35.01842,-120.02429,335.53,0.4,0.37,2025-08-03,946,N,VIIRS,n,2,295.33,2.34,N,0
35.01857,-120.09612,325.19,0.4,0.37,2025-08-03,946,N,VIIRS,n,2,320.18,47.73,N,0
35.01896,-120.05145,323.91,0.4,0.37,2025-08-03,946,N,VIIRS,n,2,294.38,1.39,N,0
35.01922,-120.10056,351.7,0.4,0.37,2025-08-03,946,N,VIIRS,n,2,312.32,47.73,N,0
35.01928,-120.00653,305.19,0.39,0.37,2025-08-03,946,N,VIIRS,n,2,292.83,1.83,N,0
35.01959,-120.05578,312.37,0.4,0.37,2025-08-03,946,N,VIIRS,n,2,293.35,1.39,N,0
35.01986,-120.10498,305.35,0.4,0.37,2025-08-03,946,N,VIIRS,n,2,294.69,16.6,N,0
35.0202,-119.98921,342.83,0.39,0.37,2025-08-03,946,N,VIIRS,n,2,299.88,41.14,N,0
35.02022,-120.06007,305.92,0.4,0.37,2025-08-03,946,N,VIIRS,n,2,293.21,0.87,N,0
35.0205,-120.01498,305.42,0.4,0.37,2025-08-03,946,N,VIIRS,n,2,294.11,1.07,N,0
35.02081,-119.99342,327.22,0.39,0.37,2025-08-03,946,N,VIIRS,n,2,296.7,41.14,N,0
35.02114,-120.0193,317.85,0.4,0.37,2025-08-03,946,N,VIIRS,n,2,297.17,1.07,N,0
35.02126,-120.09096,304.47,0.4,0.37,2025-08-03,946,N,VIIRS,n,2,293.03,1.3,N,0
35.02158,-119.98647,305.22,0.39,0.37,2025-08-03,946,N,VIIRS,n,2,290.81,1.45,N,0
35.02165,-120.0463,314.87,0.4,0.37,2025-08-03,946,N,VIIRS,n,2,294.89,6.02,N,0
35.02177,-120.02362,310.26,0.4,0.37,2025-08-03,946,N,VIIRS,n,2,294.32,1.84,N,0
35.02192,-120.09539,347.88,0.4,0.37,2025-08-03,946,N,VIIRS,n,2,301.38,47.73,N,0
35.02219,-119.9907,347.69,0.39,0.37,2025-08-03,946,N,VIIRS,n,2,299.22,3.16,N,0
35.02229,-120.0507,309.5,0.4,0.37,2025-08-03,946,N,VIIRS,n,2,294.59,1.39,N,0
35.02256,-120.09983,367,0.4,0.37,2025-08-03,946,N,VIIRS,h,2,351.23,47.73,N,0
35.0228,-119.9949,306.59,0.39,0.37,2025-08-03,946,N,VIIRS,n,2,292.92,3.16,N,0
35.02321,-120.10429,331.11,0.4,0.37,2025-08-03,946,N,VIIRS,n,2,295.11,16.6,N,0
35.0242,-120.06371,304.17,0.4,0.37,2025-08-03,946,N,VIIRS,n,2,293.51,0.87,N,0
35.02451,-120.01875,306.42,0.4,0.37,2025-08-03,946,N,VIIRS,n,2,294.82,1.07,N,0
35.02493,-119.98584,321.17,0.39,0.37,2025-08-03,946,N,VIIRS,n,2,290.62,1.45,N,0
35.02497,-120.04549,315.03,0.4,0.37,2025-08-03,946,N,VIIRS,n,2,294.51,1.04,N,0
35.02554,-119.99007,337.18,0.39,0.37,2025-08-03,946,N,VIIRS,n,2,296.28,3.16,N,0
35.02592,-120.09919,304.95,0.4,0.37,2025-08-03,946,N,VIIRS,n,2,292.64,1.78,N,0
35.02616,-119.99432,313.06,0.39,0.37,2025-08-03,946,N,VIIRS,n,2,293.27,3.16,N,0
35.02649,-120.02026,307.07,0.4,0.37,2025-08-03,946,N,VIIRS,n,2,295.17,1.46,N,0
35.02677,-119.99854,312.89,0.39,0.37,2025-08-03,946,N,VIIRS,n,2,292.51,2.57,N,0
35.02766,-120.13487,322.35,0.4,0.37,2025-08-03,946,N,VIIRS,n,2,290.2,2.67,N,0
35.02829,-120.13921,305.28,0.4,0.37,2025-08-03,946,N,VIIRS,n,2,290.62,1.16,N,0
35.02889,-119.98946,315.08,0.39,0.37,2025-08-03,946,N,VIIRS,n,2,292.6,1.51,N,0
35.02892,-120.14358,305.26,0.4,0.37,2025-08-03,946,N,VIIRS,n,2,289.93,1.16,N,0
35.02951,-119.99371,311.76,0.39,0.37,2025-08-03,946,N,VIIRS,n,2,293.18,1.51,N,0
35.02956,-120.14799,301.57,0.4,0.37,2025-08-03,946,N,VIIRS,n,2,289.65,0.91,N,0
35.02983,-120.01968,306.51,0.4,0.37,2025-08-03,946,N,VIIRS,n,2,295.67,1.46,N,0
35.03012,-119.99797,312.49,0.39,0.37,2025-08-03,946,N,VIIRS,n,2,291.95,1.2,N,0
35.03045,-120.02388,332.85,0.4,0.37,2025-08-03,946,N,VIIRS,n,2,296.28,3.75,N,0
35.03074,-120.00221,305.2,0.39,0.37,2025-08-03,946,N,VIIRS,n,2,292.95,1.2,N,0
35.031,-120.13409,367,0.4,0.37,2025-08-03,946,N,VIIRS,h,2,346.38,61.04,N,0
35.03163,-120.13844,351.41,0.4,0.37,2025-08-03,946,N,VIIRS,n,2,312.61,41.22,N,0
35.03182,-120.11602,327.77,0.4,0.37,2025-08-03,946,N,VIIRS,n,2,294.2,6.56,N,0
35.03223,-119.9888,308.41,0.39,0.37,2025-08-03,946,N,VIIRS,n,2,292.17,1.51,N,0
35.03226,-120.14282,352.44,0.4,0.37,2025-08-03,946,N,VIIRS,n,2,313.05,41.22,N,0
35.03244,-120.12029,332.18,0.4,0.37,2025-08-03,946,N,VIIRS,n,2,297.32,6.86,N,0
35.03285,-119.99308,328.02,0.39,0.37,2025-08-03,946,N,VIIRS,n,2,293.94,1.51,N,0
35.03291,-120.14722,342.5,0.4,0.37,2025-08-03,946,N,VIIRS,n,2,302.77,17.22,N,0
35.03307,-120.12463,329.15,0.4,0.37,2025-08-03,946,N,VIIRS,n,2,291.45,6.86,N,0
35.03347,-119.99735,315.46,0.39,0.37,2025-08-03,946,N,VIIRS,n,2,292.81,1.2,N,0
35.03355,-120.04546,303.62,0.4,0.37,2025-08-03,946,N,VIIRS,n,2,292.08,0.83,N,0
35.0337,-120.12896,339.4,0.4,0.37,2025-08-03,946,N,VIIRS,n,2,296.54,61.04,N,0
35.03379,-120.02325,308.7,0.4,0.37,2025-08-03,946,N,VIIRS,n,2,293.65,1.29,N,0
35.03409,-120.00163,311.53,0.39,0.37,2025-08-03,946,N,VIIRS,n,2,293.2,1.2,N,0
35.03434,-120.1333,334.02,0.4,0.37,2025-08-03,946,N,VIIRS,n,2,319.71,61.04,N,0
35.03471,-120.00587,305.22,0.4,0.37,2025-08-03,946,N,VIIRS,n,2,291.92,1.04,N,0
35.03497,-120.13767,367,0.4,0.37,2025-08-03,946,N,VIIRS,h,2,320.92,41.22,N,0
35.03515,-120.1152,343.66,0.4,0.37,2025-08-03,946,N,VIIRS,n,2,297.74,5.72,N,0
35.03532,-120.01007,303.62,0.4,0.37,2025-08-03,946,N,VIIRS,n,2,292.76,1.04,N,0
35.03558,-119.98814,308.16,0.39,0.37,2025-08-03,946,N,VIIRS,n,2,291.59,1.55,N,0
35.03561,-120.14207,352.06,0.4,0.37,2025-08-03,946,N,VIIRS,n,2,311.7,41.22,N,0
35.03563,-120.03594,301.87,0.4,0.37,2025-08-03,946,N,VIIRS,n,2,290.63,1.01,N,0
35.03579,-120.11958,341.74,0.4,0.37,2025-08-03,946,N,VIIRS,n,2,295.28,3.53,N,0
35.03586,-120.08571,304.24,0.4,0.37,2025-08-03,946,N,VIIRS,n,2,293.24,1.19,N,0
35.0362,-119.99245,324.16,0.39,0.37,2025-08-03,946,N,VIIRS,n,2,292.78,1.55,N,0
35.03624,-120.14647,338.93,0.4,0.37,2025-08-03,946,N,VIIRS,n,2,307.03,17.22,N,0
35.03625,-120.04028,301.81,0.4,0.37,2025-08-03,946,N,VIIRS,n,2,290.45,1.01,N,0
35.03641,-120.12388,333.63,0.4,0.37,2025-08-03,946,N,VIIRS,n,2,296.71,3.53,N,0
35.03682,-119.99673,301.59,0.39,0.37,2025-08-03,946,N,VIIRS,n,2,290.78,1.17,N,0
35.03688,-120.15083,302.08,0.4,0.37,2025-08-03,946,N,VIIRS,n,2,290.74,17.22,N,0
35.03704,-120.12818,314.82,0.4,0.37,2025-08-03,946,N,VIIRS,n,2,295.86,2.19,N,0
35.03745,-120.00103,308.57,0.39,0.37,2025-08-03,946,N,VIIRS,n,2,292.69,1.17,N,0
35.03767,-120.13252,320.72,0.4,0.37,2025-08-03,946,N,VIIRS,n,2,297.02,2.19,N,0
35.03806,-120.00528,303.33,0.4,0.37,2025-08-03,946,N,VIIRS,n,2,290.88,0.91,N,0
35.03831,-120.13691,367,0.4,0.37,2025-08-03,946,N,VIIRS,h,2,312.53,37.07,N,0
35.03893,-119.98749,317.82,0.39,0.37,2025-08-03,946,N,VIIRS,n,2,290.84,1.55,N,0
35.03895,-120.14132,345.5,0.4,0.37,2025-08-03,946,N,VIIRS,n,2,316.3,37.07,N,0
35.03912,-120.11878,336.65,0.4,0.37,2025-08-03,946,N,VIIRS,n,2,296.8,3.53,N,0
35.0394,-120.16822,348.57,0.4,0.37,2025-08-03,946,N,VIIRS,n,2,295.85,14.1,N,0
35.03955,-119.99178,318.97,0.39,0.37,2025-08-03,946,N,VIIRS,n,2,291.62,1.55,N,0
35.03959,-120.14573,334.26,0.4,0.37,2025-08-03,946,N,VIIRS,n,2,311.19,93.07,N,0
35.03975,-120.12311,319.57,0.4,0.37,2025-08-03,946,N,VIIRS,n,2,296.12,3.53,N,0
35.04005,-120.17265,330.07,0.4,0.37,2025-08-03,946,N,VIIRS,n,2,291.97,6.82,N,0
35.04022,-120.15006,339.49,0.4,0.37,2025-08-03,946,N,VIIRS,n,2,304.46,93.07,N,0
35.04082,-120.12032,319.41,0.4,0.37,2025-08-03,946,N,VIIRS,n,2,294.91,3.08,N,0
35.04085,-120.1544,341.39,0.4,0.37,2025-08-03,946,N,VIIRS,n,2,299.11,27.47,N,0
35.04101,-120.13176,309.17,0.4,0.37,2025-08-03,946,N,VIIRS,n,2,293.15,2.19,N,0
35.04141,-120.00465,308.65,0.4,0.37,2025-08-03,946,N,VIIRS,n,2,291.14,0.91,N,0
35.04148,-120.15875,307.91,0.4,0.37,2025-08-03,946,N,VIIRS,n,2,292.22,27.47,N,0
35.04165,-120.13617,342.17,0.4,0.37,2025-08-03,946,N,VIIRS,n,2,300.61,37.07,N,0
35.04211,-120.16311,346.15,0.4,0.37,2025-08-03,946,N,VIIRS,n,2,294.59,19.49,N,0
35.0423,-120.14058,367,0.4,0.37,2025-08-03,946,N,VIIRS,h,2,346.23,37.07,N,0
35.04269,-120.13337,323.5,0.4,0.37,2025-08-03,946,N,VIIRS,n,2,294.95,1.94,N,0
35.04274,-120.16743,356.29,0.4,0.37,2025-08-03,946,N,VIIRS,n,2,305.38,19.49,N,0
35.04289,-119.99111,310.84,0.39,0.37,2025-08-03,946,N,VIIRS,n,2,289.36,1.08,N,0
35.04294,-120.145,367,0.4,0.37,2025-08-03,946,N,VIIRS,h,2,379.28,93.07,N,0
35.04332,-120.13781,348.02,0.4,0.37,2025-08-03,946,N,VIIRS,n,2,314.59,26.28,N,0
35.04338,-120.17181,340.11,0.4,0.37,2025-08-03,946,N,VIIRS,n,2,301.18,10.96,N,0
35.04351,-119.99541,308.11,0.39,0.37,2025-08-03,946,N,VIIRS,n,2,290.56,0.99,N,0
35.04357,-120.14932,367,0.4,0.37,2025-08-03,946,N,VIIRS,h,2,345.58,93.07,N,0
35.04358,-120.04333,309.86,0.4,0.37,2025-08-03,946,N,VIIRS,n,2,292.92,0.71,N,0
35.04395,-120.1422,349.66,0.4,0.37,2025-08-03,946,N,VIIRS,n,2,345.8,26.28,N,0
35.04419,-120.15364,355.45,0.4,0.37,2025-08-03,946,N,VIIRS,n,2,325.76,27.47,N,0
35.04482,-120.15797,350.03,0.4,0.37,2025-08-03,946,N,VIIRS,n,2,311.9,27.47,N,0
35.04519,-120.15091,367,0.4,0.37,2025-08-03,946,N,VIIRS,h,2,351.79,77.25,N,0
35.04541,-120.1282,307.76,0.4,0.37,2025-08-03,946,N,VIIRS,n,2,292.62,1.94,N,0
35.04545,-120.16232,355.69,0.4,0.37,2025-08-03,946,N,VIIRS,n,2,309.04,19.49,N,0
35.04581,-120.15523,367,0.4,0.37,2025-08-03,946,N,VIIRS,h,2,317.13,26.31,N,0
35.04599,-120.01246,302.58,0.4,0.37,2025-08-03,946,N,VIIRS,n,2,290.51,1.48,N,0
35.04604,-120.13263,313.36,0.4,0.37,2025-08-03,946,N,VIIRS,n,2,295.09,1.94,N,0
35.04608,-120.16666,352.71,0.4,0.37,2025-08-03,946,N,VIIRS,n,2,306.63,19.49,N,0
35.04643,-120.15958,345.11,0.4,0.37,2025-08-03,946,N,VIIRS,n,2,331.27,26.31,N,0
35.04667,-120.13707,332.86,0.4,0.37,2025-08-03,946,N,VIIRS,n,2,298.4,26.28,N,0
35.04672,-120.17103,318.27,0.4,0.37,2025-08-03,946,N,VIIRS,n,2,292.33,10.96,N,0
35.04686,-119.99474,305.82,0.39,0.37,2025-08-03,946,N,VIIRS,n,2,290.39,0.99,N,0
35.04705,-120.16393,354.21,0.4,0.37,2025-08-03,946,N,VIIRS,n,2,306.47,7.94,N,0
35.04729,-120.14146,351.55,0.4,0.37,2025-08-03,946,N,VIIRS,n,2,306.44,26.28,N,0
35.04748,-119.99903,302.98,0.39,0.37,2025-08-03,946,N,VIIRS,n,2,289.98,0.99,N,0
35.04767,-120.16829,350.21,0.4,0.37,2025-08-03,946,N,VIIRS,n,2,299.39,7.94,N,0
35.04791,-120.14581,355.65,0.4,0.37,2025-08-03,946,N,VIIRS,n,2,327.37,77.25,N,0
35.0481,-120.00331,300.76,0.4,0.37,2025-08-03,946,N,VIIRS,n,2,289.88,1.01,N,0
35.04853,-120.15015,348.56,0.4,0.37,2025-08-03,946,N,VIIRS,n,2,312.87,77.25,N,0
35.04872,-120.00757,307.48,0.4,0.37,2025-08-03,946,N,VIIRS,n,2,290.29,1.01,N,0
35.04915,-120.15447,339.08,0.4,0.37,2025-08-03,946,N,VIIRS,n,2,300.65,26.31,N,0
35.04938,-120.1319,313.87,0.4,0.37,2025-08-03,946,N,VIIRS,n,2,294.38,5.66,N,0
35.04977,-120.15884,356.8,0.4,0.37,2025-08-03,946,N,VIIRS,n,2,308.7,26.31,N,0
35.05001,-120.13632,346.58,0.4,0.37,2025-08-03,946,N,VIIRS,n,2,300.05,19.51,N,0
35.0504,-120.1632,349.81,0.4,0.37,2025-08-03,946,N,VIIRS,n,2,299.77,7.94,N,0
35.05064,-120.14068,353.79,0.4,0.37,2025-08-03,946,N,VIIRS,n,2,317.05,19.51,N,0
35.05083,-119.99835,300.36,0.39,0.37,2025-08-03,946,N,VIIRS,n,2,288.96,0.48,N,0
35.05102,-120.1676,339.93,0.4,0.37,2025-08-03,946,N,VIIRS,n,2,294.66,7.94,N,0
35.05125,-120.14502,343.4,0.4,0.37,2025-08-03,946,N,VIIRS,n,2,306.56,3.98,N,0
35.05188,-120.14935,327.74,0.4,0.37,2025-08-03,946,N,VIIRS,n,2,301.03,3.98,N,0
35.05207,-120.0069,307.53,0.4,0.37,2025-08-03,946,N,VIIRS,n,2,290.56,0.79,N,0
35.0525,-120.15369,323.53,0.4,0.37,2025-08-03,946,N,VIIRS,n,2,298.47,2.32,N,0
35.05273,-120.13119,346.75,0.4,0.37,2025-08-03,946,N,VIIRS,n,2,301.42,5.66,N,0
35.05312,-120.15808,326.25,0.4,0.37,2025-08-03,946,N,VIIRS,n,2,296.05,2.32,N,0
35.05336,-120.13557,367,0.4,0.37,2025-08-03,946,N,VIIRS,h,2,316.96,19.51,N,0
35.05375,-120.16248,345.74,0.4,0.37,2025-08-03,946,N,VIIRS,n,2,299.27,11.22,N,0
35.05381,-120.09055,303.82,0.4,0.37,2025-08-03,946,N,VIIRS,n,2,292.42,0.91,N,0
35.05398,-120.13992,344.27,0.4,0.37,2025-08-03,946,N,VIIRS,n,2,308.42,19.51,N,0
35.05417,-119.99767,301.33,0.39,0.37,2025-08-03,946,N,VIIRS,n,2,288.96,0.48,N,0
35.05441,-120.09474,307.4,0.4,0.37,2025-08-03,946,N,VIIRS,n,2,292.26,0.91,N,0
35.05453,-120.02386,305.28,0.4,0.37,2025-08-03,946,N,VIIRS,n,2,292.29,0.88,N,0
35.05459,-120.1442,320.38,0.4,0.37,2025-08-03,946,N,VIIRS,n,2,299.98,3.98,N,0
35.05479,-120.00195,303.22,0.4,0.37,2025-08-03,946,N,VIIRS,n,2,289.73,0.79,N,0
35.05503,-120.09903,303.06,0.4,0.37,2025-08-03,946,N,VIIRS,n,2,291.39,1,N,0
35.05541,-120.00623,301.64,0.4,0.37,2025-08-03,946,N,VIIRS,n,2,290.22,0.79,N,0
35.05584,-120.15296,312.88,0.4,0.37,2025-08-03,946,N,VIIRS,n,2,295.83,2.32,N,0
35.05608,-120.13043,318.42,0.4,0.37,2025-08-03,946,N,VIIRS,n,2,297.71,2.95,N,0
35.05647,-120.15736,329.08,0.4,0.37,2025-08-03,946,N,VIIRS,n,2,298.31,2.32,N,0
35.0567,-120.13479,341.64,0.4,0.37,2025-08-03,946,N,VIIRS,n,2,305.98,3.7,N,0
35.0571,-120.16178,346.99,0.4,0.37,2025-08-03,946,N,VIIRS,n,2,297.02,11.22,N,0
35.05715,-120.08985,303.89,0.4,0.37,2025-08-03,946,N,VIIRS,n,2,292.26,1.46,N,0
35.05732,-120.13911,320.53,0.4,0.37,2025-08-03,946,N,VIIRS,n,2,298.38,3.7,N,0
35.05814,-120.00127,305.56,0.4,0.37,2025-08-03,946,N,VIIRS,n,2,289.39,0.86,N,0
35.05876,-120.00556,306.68,0.4,0.37,2025-08-03,946,N,VIIRS,n,2,290.32,0.86,N,0
35.06003,-120.13399,306.43,0.4,0.37,2025-08-03,946,N,VIIRS,n,2,294.4,3.7,N,0
35.06046,-120.16112,321.11,0.4,0.37,2025-08-03,946,N,VIIRS,n,2,292.72,3.77,N,0
35.06318,-120.15596,307.84,0.4,0.37,2025-08-03,946,N,VIIRS,n,2,291.28,2.53,N,0
35.0636,-120.11069,304.25,0.4,0.37,2025-08-03,946,N,VIIRS,n,2,292.35,1.32,N,0
35.06381,-120.16045,329.36,0.4,0.37,2025-08-03,946,N,VIIRS,n,2,293.73,3.77,N,0
35.06422,-120.11507,304.7,0.4,0.37,2025-08-03,946,N,VIIRS,n,2,292.15,2.06,N,0
35.06445,-120.16496,339.94,0.4,0.37,2025-08-03,946,N,VIIRS,n,2,294.54,3.77,N,0
35.06571,-120.10136,320.53,0.4,0.37,2025-08-03,946,N,VIIRS,n,2,293.2,1.55,N,0
35.0659,-120.15084,308.7,0.4,0.37,2025-08-03,946,N,VIIRS,n,2,292.91,1.95,N,0
35.06633,-120.10571,311.81,0.4,0.37,2025-08-03,946,N,VIIRS,n,2,293.03,2.92,N,0
35.06654,-120.15535,319.14,0.4,0.37,2025-08-03,946,N,VIIRS,n,2,292.25,1.95,N,0
35.06718,-120.15984,337.45,0.4,0.37,2025-08-03,946,N,VIIRS,n,2,293.38,2.71,N,0
35.06907,-120.10075,304.97,0.4,0.37,2025-08-03,946,N,VIIRS,n,2,293.71,1.55,N,0
35.06926,-120.1502,337.72,0.4,0.37,2025-08-03,946,N,VIIRS,n,2,296.55,1.95,N,0
35.06969,-120.10508,323.4,0.4,0.37,2025-08-03,946,N,VIIRS,n,2,296.63,2.92,N,0
35.0699,-120.15473,312.46,0.4,0.37,2025-08-03,946,N,VIIRS,n,2,292.5,1.95,N,0
35.07031,-120.10941,345.49,0.4,0.37,2025-08-03,946,N,VIIRS,n,2,295.92,2.92,N,0
35.07054,-120.15923,306.42,0.4,0.37,2025-08-03,946,N,VIIRS,n,2,290.5,2.71,N,0
35.07093,-120.11375,309.8,0.4,0.37,2025-08-03,946,N,VIIRS,n,2,291.65,1.71,N,0
35.07156,-120.11808,308.96,0.4,0.37,2025-08-03,946,N,VIIRS,n,2,291.36,1.71,N,0
35.07242,-120.10015,305.41,0.4,0.37,2025-08-03,946,N,VIIRS,n,2,292.51,0.91,N,0
35.07262,-120.1496,339.65,0.4,0.37,2025-08-03,946,N,VIIRS,n,2,299.42,5.58,N,0
35.07282,-120.12691,342.73,0.4,0.37,2025-08-03,946,N,VIIRS,n,2,296.07,6.49,N,0
35.07306,-120.10452,308.35,0.4,0.37,2025-08-03,946,N,VIIRS,n,2,292.56,1.52,N,0
35.07345,-120.13129,306.04,0.4,0.37,2025-08-03,946,N,VIIRS,n,2,291.7,2.3,N,0
35.07367,-120.10883,330.52,0.4,0.37,2025-08-03,946,N,VIIRS,n,2,293.71,1.52,N,0
35.0743,-120.11314,302.69,0.4,0.37,2025-08-03,946,N,VIIRS,n,2,291.4,1.22,N,0
35.07492,-120.11747,304.99,0.4,0.37,2025-08-03,946,N,VIIRS,n,2,291.06,1.22,N,0
35.07618,-120.12628,321.13,0.4,0.37,2025-08-03,946,N,VIIRS,n,2,293.04,2.22,N,0
35.07682,-120.13068,351.26,0.4,0.37,2025-08-03,946,N,VIIRS,n,2,296.92,3.79,N,0
35.07704,-120.10828,305.35,0.4,0.37,2025-08-03,946,N,VIIRS,n,2,291.64,1.52,N,0
35.07744,-120.13503,307.15,0.4,0.37,2025-08-03,946,N,VIIRS,n,2,290.76,3.79,N,0
35.07954,-120.12565,322.46,0.4,0.37,2025-08-03,946,N,VIIRS,n,2,292.63,2.22,N,0
35.07999,-120.15283,316.91,0.4,0.37,2025-08-03,946,N,VIIRS,n,2,289.98,6.35,N,0
35.08018,-120.13008,347.68,0.4,0.37,2025-08-03,946,N,VIIRS,n,2,296.55,3.79,N,0
35.0808,-120.13445,306.2,0.4,0.37,2025-08-03,946,N,VIIRS,n,2,290.69,3.79,N,0
35.08227,-120.1206,305.97,0.4,0.37,2025-08-03,946,N,VIIRS,n,2,290.88,0.76,N,0
35.0829,-120.12502,308.61,0.4,0.37,2025-08-03,946,N,VIIRS,n,2,290.58,0.76,N,0
35.08334,-120.1521,332.63,0.4,0.37,2025-08-03,946,N,VIIRS,n,2,295.8,6.35,N,0
35.08354,-120.12945,308.53,0.4,0.37,2025-08-03,946,N,VIIRS,n,2,291.27,1.32,N,0
35.08563,-120.11998,303,0.4,0.37,2025-08-03,946,N,VIIRS,n,2,290.4,0.76,N,0
35.08626,-120.1244,308.9,0.4,0.37,2025-08-03,946,N,VIIRS,n,2,290.53,0.76,N,0
35.0869,-120.12881,312.11,0.4,0.37,2025-08-03,946,N,VIIRS,n,2,291.15,1.32,N,0
35.08816,-120.13757,304.47,0.4,0.37,2025-08-03,946,N,VIIRS,n,2,290.78,0.72,N,0
35.08963,-120.12378,304.63,0.4,0.37,2025-08-03,946,N,VIIRS,n,2,290.85,1.34,N,0
35.09161,-120.18561,303.61,0.4,0.37,2025-08-03,946,N,VIIRS,n,2,292.49,1.11,N,0
35.09224,-120.19003,320.25,0.4,0.37,2025-08-03,946,N,VIIRS,n,2,291.32,3.94,N,0
35.09496,-120.18488,301.46,0.4,0.37,2025-08-03,946,N,VIIRS,n,2,291.28,1.11,N,0
35.09558,-120.18927,335.6,0.4,0.37,2025-08-03,946,N,VIIRS,n,2,295.97,3.94,N,0
35.09621,-120.19363,343.2,0.4,0.37,2025-08-03,946,N,VIIRS,n,2,298.35,3.94,N,0
35.09831,-120.18414,301.92,0.4,0.37,2025-08-03,946,N,VIIRS,n,2,291.87,0.66,N,0
35.09893,-120.18851,307.51,0.4,0.37,2025-08-03,946,N,VIIRS,n,2,292.53,7.57,N,0
35.09956,-120.19287,337.89,0.4,0.37,2025-08-03,946,N,VIIRS,n,2,304.39,7.57,N,0
35.10019,-120.19729,314.93,0.4,0.37,2025-08-03,946,N,VIIRS,n,2,292.73,12.18,N,0
35.10102,-120.17899,302.11,0.4,0.37,2025-08-03,946,N,VIIRS,n,2,291.58,0.66,N,0
35.10165,-120.18336,305.69,0.4,0.37,2025-08-03,946,N,VIIRS,n,2,291.8,0.66,N,0
35.10228,-120.18777,335.34,0.4,0.37,2025-08-03,946,N,VIIRS,n,2,294.16,7.57,N,0
35.10291,-120.19215,345.04,0.4,0.37,2025-08-03,946,N,VIIRS,n,2,297.43,7.57,N,0
35.10313,-120.16961,324.29,0.4,0.37,2025-08-03,946,N,VIIRS,n,2,293.64,1.39,N,0
35.10375,-120.17394,320,0.4,0.37,2025-08-03,946,N,VIIRS,n,2,292.43,1.39,N,0
35.10564,-120.18707,311.1,0.4,0.37,2025-08-03,946,N,VIIRS,n,2,291.76,1.26,N,0
35.10649,-120.16895,308.15,0.4,0.37,2025-08-03,946,N,VIIRS,n,2,292.03,1.39,N,0
35.10712,-120.17332,311.05,0.4,0.37,2025-08-03,946,N,VIIRS,n,2,292.73,1.39,N,0
35.10986,-120.16833,305.25,0.4,0.37,2025-08-03,946,N,VIIRS,n,2,292.55,1.02,N,0
35.11638,-120.04641,342.93,0.4,0.37,2025-08-03,946,N,VIIRS,n,2,291.46,4.67,N,0
35.11702,-120.05077,320.75,0.4,0.37,2025-08-03,946,N,VIIRS,n,2,288.86,2.75,N,0
35.11971,-120.04562,302.99,0.4,0.37,2025-08-03,946,N,VIIRS,n,2,289.51,2.62,N,0
35.12139,-120.1525,304.24,0.4,0.37,2025-08-03,946,N,VIIRS,n,2,290.03,1.15,N,0
35.12181,-118.36912,301.76,0.38,0.36,2025-08-03,946,N,VIIRS,n,2,290.42,0.65,N,0
35.1224,-120.0404,340.04,0.4,0.37,2025-08-03,946,N,VIIRS,n,2,294.89,2.62,N,0
35.12413,-120.14754,311.52,0.4,0.37,2025-08-03,946,N,VIIRS,n,2,290.36,1.15,N,0
35.12687,-120.14258,321.16,0.4,0.37,2025-08-03,946,N,VIIRS,n,2,289.78,1.04,N,0
35.1275,-120.14692,351.22,0.4,0.37,2025-08-03,946,N,VIIRS,n,2,297.86,8.71,N,0
35.12769,-120.12434,324.96,0.4,0.37,2025-08-03,946,N,VIIRS,n,2,290.93,3.31,N,0
35.12809,-120.07954,307.66,0.4,0.37,2025-08-03,946,N,VIIRS,n,2,290.67,1.37,N,0
35.12873,-120.08391,306.23,0.4,0.37,2025-08-03,946,N,VIIRS,n,2,290.81,0.7,N,0
35.12936,-120.08826,301.98,0.4,0.37,2025-08-03,946,N,VIIRS,n,2,290.4,0.7,N,0
35.12979,-120.115,320.22,0.4,0.37,2025-08-03,946,N,VIIRS,n,2,291.65,2.22,N,0
35.13,-120.09264,305.89,0.4,0.37,2025-08-03,946,N,VIIRS,n,2,289.94,1.16,N,0
35.13023,-120.14192,307.1,0.4,0.37,2025-08-03,946,N,VIIRS,n,2,288.62,1.04,N,0
35.13041,-120.11932,326.93,0.4,0.37,2025-08-03,946,N,VIIRS,n,2,292.83,2.15,N,0
35.13086,-120.14629,326.18,0.4,0.37,2025-08-03,946,N,VIIRS,n,2,289.58,8.71,N,0
35.13104,-120.12367,325.35,0.4,0.37,2025-08-03,946,N,VIIRS,n,2,291.55,2.15,N,0
35.13251,-120.10995,317.2,0.4,0.37,2025-08-03,946,N,VIIRS,n,2,291.78,2.22,N,0
35.13286,-120.0649,320.73,0.4,0.37,2025-08-03,946,N,VIIRS,n,2,292,2.24,N,0
35.13377,-120.11866,324.34,0.4,0.37,2025-08-03,946,N,VIIRS,n,2,290.43,2.15,N,0
35.13492,-120.05538,303.59,0.4,0.37,2025-08-03,946,N,VIIRS,n,2,292.76,1.65,N,0
35.13605,-120.0868,318.01,0.4,0.37,2025-08-03,946,N,VIIRS,n,2,290.52,1.09,N,0
35.13619,-120.06409,335.02,0.4,0.37,2025-08-03,946,N,VIIRS,n,2,295.73,4.95,N,0
35.13668,-120.09116,308.85,0.4,0.37,2025-08-03,946,N,VIIRS,n,2,290.19,1.65,N,0
35.13794,-120.09982,311.63,0.4,0.37,2025-08-03,946,N,VIIRS,n,2,292.6,1.86,N,0
35.13824,-120.05453,313.12,0.4,0.37,2025-08-03,946,N,VIIRS,n,2,294.58,1.65,N,0
35.13839,-120.04754,308.59,0.4,0.37,2025-08-03,946,N,VIIRS,n,2,290.2,1.25,N,0
35.13876,-120.0817,316.81,0.4,0.37,2025-08-03,946,N,VIIRS,n,2,290.91,0.84,N,0
35.13888,-120.05892,311.15,0.4,0.37,2025-08-03,946,N,VIIRS,n,2,295.07,1.65,N,0
35.13939,-120.08607,301.49,0.4,0.37,2025-08-03,946,N,VIIRS,n,2,290.44,0.84,N,0
35.13952,-120.06332,342.21,0.4,0.37,2025-08-03,946,N,VIIRS,n,2,300.4,4.95,N,0
35.13964,-120.05637,320.84,0.4,0.37,2025-08-03,946,N,VIIRS,n,2,295.29,11.58,N,0
35.14017,-120.06774,315.53,0.4,0.37,2025-08-03,946,N,VIIRS,n,2,295.13,4.95,N,0
35.14027,-120.06075,356.12,0.4,0.37,2025-08-03,946,N,VIIRS,n,2,303.46,11.58,N,0
35.1409,-120.06519,325.38,0.4,0.37,2025-08-03,946,N,VIIRS,n,2,295.78,9.42,N,0
35.14153,-120.0696,327.83,0.4,0.37,2025-08-03,946,N,VIIRS,n,2,296.25,9.42,N,0
35.14173,-120.04683,315.92,0.4,0.37,2025-08-03,946,N,VIIRS,n,2,290.63,1.25,N,0
35.14209,-120.08096,303.28,0.4,0.37,2025-08-03,946,N,VIIRS,n,2,290.85,0.84,N,0
35.14216,-120.07401,323.24,0.4,0.37,2025-08-03,946,N,VIIRS,n,2,292.86,1.91,N,0
35.14235,-120.05119,308.29,0.4,0.37,2025-08-03,946,N,VIIRS,n,2,290.17,1.25,N,0
35.14298,-120.05556,344.46,0.4,0.37,2025-08-03,946,N,VIIRS,n,2,297.29,11.58,N,0
35.14362,-120.06001,350.97,0.4,0.37,2025-08-03,946,N,VIIRS,n,2,305.72,11.58,N,0
35.14424,-120.06442,318.38,0.4,0.37,2025-08-03,946,N,VIIRS,n,2,297.15,9.42,N,0
35.14487,-120.06881,354.12,0.4,0.37,2025-08-03,946,N,VIIRS,n,2,303.83,9.42,N,0
35.14508,-120.04615,304.24,0.4,0.37,2025-08-03,946,N,VIIRS,n,2,290.22,1,N,0
35.1455,-120.07322,321.11,0.4,0.37,2025-08-03,946,N,VIIRS,n,2,294.94,1.91,N,0
35.14613,-120.07765,306.82,0.4,0.37,2025-08-03,946,N,VIIRS,n,2,291.68,1.91,N,0
35.14632,-120.05478,342.44,0.4,0.37,2025-08-03,946,N,VIIRS,n,2,293.56,5.33,N,0
35.14695,-120.05922,348.85,0.4,0.37,2025-08-03,946,N,VIIRS,n,2,300.3,5.33,N,0
35.14821,-120.06806,341.05,0.4,0.37,2025-08-03,946,N,VIIRS,n,2,296.79,6.1,N,0
35.14884,-120.07244,317.57,0.4,0.37,2025-08-03,946,N,VIIRS,n,2,293.29,3.48,N,0
35.14966,-120.05405,328.97,0.4,0.37,2025-08-03,946,N,VIIRS,n,2,290.88,5.33,N,0
35.1503,-120.05849,305.42,0.4,0.37,2025-08-03,946,N,VIIRS,n,2,290.3,5.33,N,0
41.28853,-122.99284,309.85,0.74,0.76,2025-08-03,1124,N,VIIRS,n,2,282.98,2.63,N,0
41.29398,-122.98581,302.16,0.74,0.76,2025-08-03,1124,N,VIIRS,n,2,283.42,2.63,N,0
41.29996,-123.00317,299.44,0.74,0.76,2025-08-03,1124,N,VIIRS,n,2,283.64,4.9,N,0
41.30293,-123.0118,303.98,0.74,0.76,2025-08-03,1124,N,VIIRS,n,2,283.47,2.6,N,0
41.30489,-123.0175,310.97,0.74,0.76,2025-08-03,1124,N,VIIRS,n,2,283.19,2.6,N,0
41.30778,-123.00304,298.27,0.74,0.76,2025-08-03,1124,N,VIIRS,n,2,283.76,4.64,N,0
41.30991,-123.00923,338.47,0.74,0.76,2025-08-03,1124,N,VIIRS,n,2,285.27,4.64,N,0
41.21822,-116.85577,337.83,0.78,0.78,2025-08-03,1927,N,VIIRS,l,2,312.2,14.67,D,0
41.21939,-116.86925,339.53,0.78,0.78,2025-08-03,1927,N,VIIRS,n,2,312,19.02,D,0
41.22178,-116.86857,367,0.78,0.78,2025-08-03,1927,N,VIIRS,h,2,316.35,27.99,D,0
41.22438,-116.86115,338.42,0.78,0.78,2025-08-03,1927,N,VIIRS,n,2,311.47,14.67,D,0
41.22484,-116.87672,354.27,0.78,0.78,2025-08-03,1927,N,VIIRS,n,2,301.55,32.73,D,0
41.22488,-116.85333,332.01,0.78,0.78,2025-08-03,1927,N,VIIRS,n,2,306.31,13.32,D,0
41.22678,-116.8773,351.55,0.78,0.78,2025-08-03,1927,N,VIIRS,n,2,300.41,45.29,D,0
41.22739,-116.86933,367,0.78,0.78,2025-08-03,1927,N,VIIRS,h,2,318.77,95.52,D,0
41.2294,-116.86978,367,0.78,0.78,2025-08-03,1927,N,VIIRS,h,2,313.49,45.29,D,0
41.23024,-116.86107,367,0.78,0.78,2025-08-03,1927,N,VIIRS,h,2,318.35,95.52,D,0
41.23218,-116.86187,367,0.78,0.78,2025-08-03,1927,N,VIIRS,h,2,316.4,198.23,D,0
41.234,-116.87346,352.63,0.78,0.78,2025-08-03,1927,N,VIIRS,n,2,302.53,95.52,D,0
41.23499,-116.85387,354.84,0.78,0.78,2025-08-03,1927,N,VIIRS,n,2,304.9,198.23,D,0
41.23579,-116.87459,352.78,0.78,0.78,2025-08-03,1927,N,VIIRS,n,2,302.9,45.29,D,0
41.2367,-116.86562,367,0.78,0.78,2025-08-03,1927,N,VIIRS,h,2,329.93,95.52,D,0
41.23848,-116.8669,367,0.78,0.78,2025-08-03,1927,N,VIIRS,l,2,333.5,198.23,D,0
41.23978,-116.85668,353.03,0.78,0.78,2025-08-03,1927,N,VIIRS,l,2,344.56,229.88,D,0
41.24173,-116.85758,367,0.78,0.78,2025-08-03,1927,N,VIIRS,h,2,354.73,198.23,D,0
41.24255,-116.84863,333.86,0.78,0.78,2025-08-03,1927,N,VIIRS,n,2,301.71,229.88,D,0
41.24464,-116.84927,338.76,0.78,0.78,2025-08-03,1927,N,VIIRS,n,2,301.87,302.27,D,0
41.24471,-116.87209,367,0.78,0.78,2025-08-03,1927,N,VIIRS,h,2,297.68,117.88,D,0
41.24792,-116.8629,348.57,0.78,0.78,2025-08-03,1927,N,VIIRS,n,2,304.4,117.88,D,0
41.25118,-116.85355,338.15,0.78,0.78,2025-08-03,1927,N,VIIRS,n,2,296.78,97.45,D,0
41.30919,-116.92766,350.62,0.78,0.78,2025-08-03,1927,N,VIIRS,n,2,308.03,88.83,D,0
41.30931,-116.94091,367,0.78,0.78,2025-08-03,1927,N,VIIRS,h,2,305.12,32.81,D,0
41.31078,-116.94609,337.64,0.78,0.78,2025-08-03,1927,N,VIIRS,n,2,301.18,24.23,D,0
41.3117,-116.92055,367,0.78,0.78,2025-08-03,1927,N,VIIRS,h,2,313.67,94.36,D,0
41.31176,-116.93385,349.09,0.78,0.78,2025-08-03,1927,N,VIIRS,n,2,314.28,292.04,D,0
41.31358,-116.93814,353.89,0.78,0.78,2025-08-03,1927,N,VIIRS,n,2,314.72,88.83,D,0
41.31435,-116.91298,332.38,0.78,0.78,2025-08-03,1927,N,VIIRS,n,2,300.63,94.36,D,0
41.31596,-116.93135,367,0.78,0.78,2025-08-03,1927,N,VIIRS,h,2,314.86,88.83,D,0
41.31842,-116.92433,347.98,0.78,0.78,2025-08-03,1927,N,VIIRS,n,2,308.71,94.36,D,0
41.31848,-116.93766,340.04,0.78,0.78,2025-08-03,1927,N,VIIRS,n,2,308.48,22.74,D,0
41.31915,-116.91247,355.85,0.78,0.78,2025-08-03,1927,N,VIIRS,n,2,313.19,354.3,D,0
41.32035,-116.94179,367,0.78,0.78,2025-08-03,1927,N,VIIRS,h,2,313.4,22.39,D,0
41.32088,-116.93071,339.44,0.78,0.78,2025-08-03,1927,N,VIIRS,n,2,306.57,22.74,D,0
41.32093,-116.91718,355.47,0.78,0.78,2025-08-03,1927,N,VIIRS,n,2,315.89,94.36,D,0
41.32184,-116.90467,367,0.78,0.78,2025-08-03,1927,N,VIIRS,h,2,313.37,123.77,D,0
41.32227,-116.94997,337.94,0.78,0.78,2025-08-03,1927,N,VIIRS,n,2,299.5,30.22,D,0
41.32269,-116.93515,367,0.78,0.78,2025-08-03,1927,N,VIIRS,h,2,311.07,22.39,D,0
41.32355,-116.90971,345.48,0.78,0.78,2025-08-03,1927,N,VIIRS,n,2,318.13,138.26,D,0
41.32515,-116.94164,367,0.78,0.78,2025-08-03,1927,N,VIIRS,h,2,316.78,22.74,D,0
41.32574,-116.91665,332.94,0.78,0.78,2025-08-03,1927,N,VIIRS,n,2,302.25,38.6,D,0
41.32639,-116.90164,367,0.78,0.78,2025-08-03,1927,N,VIIRS,h,2,311.44,138.26,D,0
41.32684,-116.94627,367,0.78,0.78,2025-08-03,1927,N,VIIRS,h,2,310.35,22.39,D,0
41.32743,-116.93502,347.83,0.78,0.78,2025-08-03,1927,N,VIIRS,n,2,305.6,22.74,D,0
41.32841,-116.90892,367,0.78,0.78,2025-08-03,1927,N,VIIRS,h,2,304.11,48.51,D,0
41.32932,-116.93923,349.08,0.78,0.78,2025-08-03,1927,N,VIIRS,n,2,307.32,22.39,D,0
41.32938,-116.89309,367,0.78,0.78,2025-08-03,1927,N,VIIRS,h,2,306.44,46.33,D,0
41.32986,-116.96068,342.18,0.78,0.78,2025-08-03,1927,N,VIIRS,n,2,304.95,43.27,D,0
41.3314,-116.90025,367,0.78,0.78,2025-08-03,1927,N,VIIRS,h,2,309.45,48.51,D,0
41.33231,-116.88475,367,0.77,0.78,2025-08-03,1927,N,VIIRS,h,2,308.88,46.33,D,0
41.33334,-116.90477,340.08,0.78,0.78,2025-08-03,1927,N,VIIRS,n,2,301.07,16.01,D,0
41.33347,-116.95036,367,0.78,0.78,2025-08-03,1927,N,VIIRS,h,2,310.34,91.42,D,0
41.33397,-116.972,367,0.78,0.78,2025-08-03,1927,N,VIIRS,h,2,305.93,43.27,D,0
41.33437,-116.89162,357.57,0.78,0.78,2025-08-03,1927,N,VIIRS,n,2,310.48,51.56,D,0
41.3363,-116.89632,355.05,0.78,0.78,2025-08-03,1927,N,VIIRS,n,2,303.52,16.45,D,0
41.33666,-116.96429,352.13,0.78,0.78,2025-08-03,1927,N,VIIRS,n,2,308.14,43.27,D,0
41.33714,-116.88361,367,0.77,0.78,2025-08-03,1927,N,VIIRS,h,2,305.48,51.56,D,0
41.3391,-116.88834,339.14,0.77,0.78,2025-08-03,1927,N,VIIRS,n,2,305.09,16.45,D,0
41.33972,-116.95553,351.85,0.78,0.78,2025-08-03,1927,N,VIIRS,n,2,313.85,91.42,D,0
41.34273,-116.94694,367,0.78,0.78,2025-08-03,1927,N,VIIRS,h,2,300.38,91.42,D,0
41.34916,-115.66997,339.34,0.68,0.74,2025-08-03,1927,N,VIIRS,n,2,306.58,7,D,0
41.34946,-115.67042,342.77,0.68,0.74,2025-08-03,1927,N,VIIRS,n,2,306.32,4.02,D,0
41.35731,-115.69111,367,0.68,0.74,2025-08-03,1927,N,VIIRS,h,2,311.43,26.75,D,0
41.35758,-115.6914,353.39,0.68,0.74,2025-08-03,1927,N,VIIRS,n,2,313.01,26.4,D,0
41.35994,-115.68321,367,0.68,0.74,2025-08-03,1927,N,VIIRS,h,2,305.9,35.72,D,0
41.36024,-115.68353,367,0.68,0.74,2025-08-03,1927,N,VIIRS,h,2,308.81,26.4,D,0
41.37713,-115.70004,353.8,0.68,0.74,2025-08-03,1927,N,VIIRS,n,2,316.9,63.6,D,0
41.37743,-115.70029,352.66,0.68,0.74,2025-08-03,1927,N,VIIRS,n,2,316.16,40.68,D,0
41.37963,-115.69252,345.53,0.68,0.74,2025-08-03,1927,N,VIIRS,n,2,306.83,64.34,D,0
41.37997,-115.69276,352.86,0.68,0.74,2025-08-03,1927,N,VIIRS,n,2,307.11,40.68,D,0
41.39021,-115.70645,367,0.68,0.74,2025-08-03,1927,N,VIIRS,h,2,314.51,23.86,D,0
41.39057,-115.70649,367,0.68,0.74,2025-08-03,1927,N,VIIRS,h,2,313.06,37,D,0
41.39794,-115.68461,336.14,0.68,0.74,2025-08-03,1927,N,VIIRS,l,2,306.35,21.58,D,0
41.40085,-116.90272,341.05,0.77,0.77,2025-08-03,1927,N,VIIRS,n,2,300.07,20.06,D,0
41.40543,-116.90538,367,0.77,0.77,2025-08-03,1927,N,VIIRS,h,2,293.56,19.64,D,0
41.4081,-116.89769,339.39,0.77,0.77,2025-08-03,1927,N,VIIRS,n,2,294.61,19.64,D,0
34.9979,-120.07795,352.64,0.39,0.36,2025-08-03,2105,N,VIIRS,n,2,315.04,20.37,D,0
34.99853,-120.07373,356.54,0.39,0.36,2025-08-03,2105,N,VIIRS,n,2,303.55,20.37,D,0
34.99915,-120.0695,356.37,0.39,0.36,2025-08-03,2105,N,VIIRS,n,2,303.89,15.57,D,0
34.99998,-120.08189,347.27,0.39,0.36,2025-08-03,2105,N,VIIRS,n,2,306.1,11.56,D,0
35.0006,-120.07769,367,0.39,0.36,2025-08-03,2105,N,VIIRS,l,2,327.78,30.18,D,0
35.00121,-120.07349,348.9,0.39,0.36,2025-08-03,2105,N,VIIRS,n,2,321.71,30.18,D,0
35.00145,-120.09515,351.42,0.39,0.36,2025-08-03,2105,N,VIIRS,n,2,306.72,9.5,D,0
35.00183,-120.06927,367,0.39,0.36,2025-08-03,2105,N,VIIRS,l,2,334.84,48,D,0
35.00245,-120.06501,330.78,0.39,0.36,2025-08-03,2105,N,VIIRS,n,2,299.16,48,D,0
35.0039,-120.07843,346.82,0.39,0.36,2025-08-03,2105,N,VIIRS,n,2,304.54,30.18,D,0
35.00452,-120.07423,356.08,0.39,0.36,2025-08-03,2105,N,VIIRS,n,2,312.06,30.18,D,0
35.00475,-120.09587,335.25,0.39,0.36,2025-08-03,2105,N,VIIRS,n,2,303.09,6.2,D,0
35.00513,-120.07004,367,0.39,0.36,2025-08-03,2105,N,VIIRS,h,2,336.56,48,D,0
35.00536,-120.09171,353.21,0.39,0.36,2025-08-03,2105,N,VIIRS,n,2,305.58,6.2,D,0
35.00575,-120.06579,340.21,0.39,0.36,2025-08-03,2105,N,VIIRS,n,2,301.06,48,D,0
35.00598,-120.08754,338.31,0.39,0.36,2025-08-03,2105,N,VIIRS,n,2,306.47,4.81,D,0
35.0066,-120.08336,346.32,0.39,0.36,2025-08-03,2105,N,VIIRS,n,2,305.92,4.81,D,0
35.00721,-120.07918,348.51,0.39,0.36,2025-08-03,2105,N,VIIRS,n,2,306.95,16.47,D,0
35.00759,-119.98878,344.64,0.39,0.36,2025-08-03,2105,N,VIIRS,n,2,303.74,115.5,D,0
35.00782,-120.075,349.55,0.39,0.36,2025-08-03,2105,N,VIIRS,n,2,317.78,16.47,D,0
35.00823,-119.98448,334.47,0.39,0.36,2025-08-03,2105,N,VIIRS,n,2,301.94,18.96,D,0
35.00843,-120.07082,367,0.39,0.36,2025-08-03,2105,N,VIIRS,h,2,348.29,54.54,D,0
35.00886,-119.98017,338.83,0.39,0.36,2025-08-03,2105,N,VIIRS,n,2,300.98,18.96,D,0
35.00899,-120.00241,342.39,0.39,0.36,2025-08-03,2105,N,VIIRS,n,2,301.5,4.62,D,0
35.00906,-120.06657,336.66,0.39,0.36,2025-08-03,2105,N,VIIRS,n,2,300.61,54.54,D,0
35.0095,-119.97588,351.22,0.39,0.36,2025-08-03,2105,N,VIIRS,n,2,298.92,14.24,D,0
35.0099,-120.08412,341.88,0.39,0.36,2025-08-03,2105,N,VIIRS,n,2,302.39,4.81,D,0
35.01013,-119.97159,339.93,0.39,0.36,2025-08-03,2105,N,VIIRS,n,2,297.74,14.24,D,0
35.01027,-119.99377,339.71,0.39,0.36,2025-08-03,2105,N,VIIRS,n,2,306.29,115.5,D,0
35.01051,-120.07994,338.39,0.39,0.36,2025-08-03,2105,N,VIIRS,n,2,300.61,16.47,D,0
35.0109,-119.98947,367,0.39,0.36,2025-08-03,2105,N,VIIRS,l,2,357.61,115.5,D,0
35.01113,-120.07577,357.1,0.39,0.36,2025-08-03,2105,N,VIIRS,n,2,304.08,16.47,D,0
35.01155,-119.98515,347.7,0.39,0.36,2025-08-03,2105,N,VIIRS,n,2,305.22,18.96,D,0
35.01174,-120.07157,341.39,0.39,0.36,2025-08-03,2105,N,VIIRS,n,2,300.51,54.54,D,0
35.01219,-119.98083,346.49,0.39,0.36,2025-08-03,2105,N,VIIRS,n,2,304.72,18.96,D,0
35.01282,-119.97653,354.25,0.39,0.36,2025-08-03,2105,N,VIIRS,n,2,309.64,14.24,D,0
35.0129,-119.99341,340.08,0.39,0.36,2025-08-03,2105,N,VIIRS,n,2,306.91,69.59,D,0
35.01345,-119.97226,355.26,0.39,0.36,2025-08-03,2105,N,VIIRS,n,2,304.14,14.24,D,0
35.01352,-119.98911,367,0.39,0.36,2025-08-03,2105,N,VIIRS,h,2,347.56,69.59,D,0
35.01415,-119.98477,353.98,0.39,0.36,2025-08-03,2105,N,VIIRS,n,2,306.17,274.31,D,0
35.01477,-119.98045,367,0.39,0.36,2025-08-03,2105,N,VIIRS,h,2,354.48,274.31,D,0
35.01539,-119.97615,367,0.39,0.36,2025-08-03,2105,N,VIIRS,l,2,384.68,0,D,0
35.01546,-120.04613,337.94,0.39,0.36,2025-08-03,2105,N,VIIRS,n,2,305.64,3.68,D,0
35.01601,-119.97186,352.24,0.39,0.36,2025-08-03,2105,N,VIIRS,n,2,308.45,0,D,0
35.01607,-120.04197,333.65,0.39,0.36,2025-08-03,2105,N,VIIRS,n,2,303.38,3.68,D,0
35.01676,-120.1071,344.94,0.39,0.36,2025-08-03,2105,N,VIIRS,n,2,306.16,28.82,D,0
35.01685,-119.98973,367,0.39,0.36,2025-08-03,2105,N,VIIRS,l,2,325.24,69.59,D,0
35.01737,-120.10295,342.2,0.39,0.36,2025-08-03,2105,N,VIIRS,n,2,305.68,28.82,D,0
35.01747,-119.98541,367,0.39,0.36,2025-08-03,2105,N,VIIRS,h,2,350.15,274.31,D,0
35.01809,-119.98112,367,0.39,0.36,2025-08-03,2105,N,VIIRS,l,2,384.41,274.31,D,0
35.01871,-119.97684,367,0.39,0.36,2025-08-03,2105,N,VIIRS,l,2,384.8,0,D,0
35.01933,-119.97256,354.77,0.39,0.36,2025-08-03,2105,N,VIIRS,n,2,313.72,0,D,0
35.02016,-119.99037,351.17,0.39,0.36,2025-08-03,2105,N,VIIRS,n,2,313.46,6.35,D,0
35.02068,-120.1037,357,0.39,0.36,2025-08-03,2105,N,VIIRS,n,2,314.45,28.82,D,0
35.02079,-119.98607,355.32,0.39,0.36,2025-08-03,2105,N,VIIRS,n,2,326.9,80.71,D,0
35.02129,-120.09952,335.81,0.39,0.36,2025-08-03,2105,N,VIIRS,n,2,304.79,9.81,D,0
35.02141,-119.98178,367,0.39,0.36,2025-08-03,2105,N,VIIRS,h,2,358.79,80.71,D,0
35.02153,-120.1211,350.73,0.39,0.36,2025-08-03,2105,N,VIIRS,n,2,307.09,35.14,D,0
35.02203,-119.9775,367,0.39,0.36,2025-08-03,2105,N,VIIRS,h,2,353.96,116.76,D,0
35.02264,-119.97324,348.89,0.39,0.36,2025-08-03,2105,N,VIIRS,n,2,309.63,116.76,D,0
35.02299,-120.13445,356.95,0.39,0.36,2025-08-03,2105,N,VIIRS,n,2,320.35,29.09,D,0
35.02313,-120.08699,357.38,0.39,0.36,2025-08-03,2105,N,VIIRS,n,2,325,25.6,D,0
35.02338,-120.10852,367,0.39,0.36,2025-08-03,2105,N,VIIRS,l,2,327.48,52.03,D,0
35.02348,-119.99104,338.25,0.39,0.36,2025-08-03,2105,N,VIIRS,l,2,310.99,6.35,D,0
35.0236,-120.13024,355.16,0.39,0.36,2025-08-03,2105,N,VIIRS,n,2,319.79,29.09,D,0
35.02375,-120.08281,367,0.39,0.36,2025-08-03,2105,N,VIIRS,h,2,353.04,44.67,D,0
35.02399,-120.10437,353.24,0.39,0.36,2025-08-03,2105,N,VIIRS,n,2,315.44,52.03,D,0
35.02411,-119.98676,346.14,0.39,0.36,2025-08-03,2105,N,VIIRS,n,2,315.99,80.71,D,0
35.02422,-120.12605,367,0.39,0.36,2025-08-03,2105,N,VIIRS,h,2,337.42,35.14,D,0
35.02437,-120.07859,341.29,0.39,0.36,2025-08-03,2105,N,VIIRS,n,2,304.7,44.67,D,0
35.02473,-119.98248,367,0.39,0.36,2025-08-03,2105,N,VIIRS,l,2,330.21,80.71,D,0
35.02484,-120.12186,352.33,0.39,0.36,2025-08-03,2105,N,VIIRS,n,2,319.62,35.14,D,0
35.02522,-120.09601,351.83,0.39,0.36,2025-08-03,2105,N,VIIRS,n,2,305.68,22.11,D,0
35.02534,-119.97822,349.95,0.39,0.36,2025-08-03,2105,N,VIIRS,n,2,307.88,116.76,D,0
35.02583,-120.09184,367,0.39,0.36,2025-08-03,2105,N,VIIRS,h,2,305.66,44.79,D,0
35.02629,-120.13519,367,0.39,0.36,2025-08-03,2105,N,VIIRS,h,2,315.23,41.57,D,0
35.02645,-120.08768,367,0.39,0.36,2025-08-03,2105,N,VIIRS,h,2,335.87,44.79,D,0
35.02691,-120.13098,353.68,0.39,0.36,2025-08-03,2105,N,VIIRS,n,2,317.68,41.57,D,0
35.02707,-120.08347,367,0.39,0.36,2025-08-03,2105,N,VIIRS,l,2,370.12,159.21,D,0
35.02731,-120.10504,350.47,0.39,0.36,2025-08-03,2105,N,VIIRS,n,2,315.05,52.03,D,0
35.02753,-120.12679,354.94,0.39,0.36,2025-08-03,2105,N,VIIRS,n,2,322.87,29.32,D,0
35.02768,-120.07926,342,0.39,0.36,2025-08-03,2105,N,VIIRS,n,2,301.58,159.21,D,0
35.02792,-120.10086,352.67,0.39,0.36,2025-08-03,2105,N,VIIRS,n,2,316.6,22.11,D,0
35.02836,-120.14431,367,0.39,0.36,2025-08-03,2105,N,VIIRS,h,2,341.89,197.4,D,0
35.02845,-120.02737,367,0.39,0.36,2025-08-03,2105,N,VIIRS,h,2,310.33,17.98,D,0
35.02854,-120.09668,356.89,0.39,0.36,2025-08-03,2105,N,VIIRS,n,2,308.97,22.11,D,0
35.02907,-120.02309,338.42,0.39,0.36,2025-08-03,2105,N,VIIRS,n,2,306.59,11.3,D,0
35.03083,-120.12751,354.97,0.39,0.36,2025-08-03,2105,N,VIIRS,n,2,318.34,29.32,D,0
35.03123,-120.10155,347.98,0.39,0.36,2025-08-03,2105,N,VIIRS,n,2,303.38,9.18,D,0
35.03145,-120.12333,352.82,0.39,0.36,2025-08-03,2105,N,VIIRS,n,2,308.36,29.32,D,0
35.03176,-120.02808,357.35,0.39,0.36,2025-08-03,2105,N,VIIRS,n,2,322.73,17.98,D,0
35.03207,-120.11913,353.29,0.39,0.36,2025-08-03,2105,N,VIIRS,n,2,309.03,9.55,D,0
35.03239,-120.02377,347.75,0.39,0.36,2025-08-03,2105,N,VIIRS,n,2,311.69,11.3,D,0
35.03507,-120.02876,338.5,0.39,0.36,2025-08-03,2105,N,VIIRS,n,2,306.63,2.9,D,0
35.03519,-120.1675,367,0.39,0.36,2025-08-03,2105,N,VIIRS,l,2,334.95,25.13,D,0
35.03538,-120.11984,367,0.39,0.36,2025-08-03,2105,N,VIIRS,h,2,312.96,24.56,D,0
35.03581,-120.16328,367,0.39,0.36,2025-08-03,2105,N,VIIRS,h,2,343.3,56.82,D,0
35.036,-120.11565,354.35,0.39,0.36,2025-08-03,2105,N,VIIRS,n,2,321.84,24.56,D,0
35.03643,-120.1591,367,0.39,0.36,2025-08-03,2105,N,VIIRS,h,2,358.12,56.82,D,0
35.03705,-120.1549,367,0.39,0.36,2025-08-03,2105,N,VIIRS,l,2,325.9,47.27,D,0
35.03767,-120.1507,367,0.39,0.36,2025-08-03,2105,N,VIIRS,h,2,339,47.27,D,0
35.03788,-120.17241,355.6,0.39,0.36,2025-08-03,2105,N,VIIRS,n,2,324.41,25.13,D,0
35.03829,-120.1465,367,0.39,0.36,2025-08-03,2105,N,VIIRS,h,2,337.51,141.76,D,0
35.03849,-120.16824,367,0.39,0.36,2025-08-03,2105,N,VIIRS,h,2,322.99,25.13,D,0
35.03911,-120.16404,353.91,0.39,0.36,2025-08-03,2105,N,VIIRS,l,2,336.22,56.82,D,0
35.03973,-120.15984,367,0.39,0.36,2025-08-03,2105,N,VIIRS,h,2,358.36,56.82,D,0
35.04035,-120.15564,356.37,0.39,0.36,2025-08-03,2105,N,VIIRS,l,2,339.1,47.27,D,0
35.04097,-120.15144,348.65,0.39,0.36,2025-08-03,2105,N,VIIRS,n,2,315.06,47.27,D,0
35.04118,-120.17315,367,0.39,0.36,2025-08-03,2105,N,VIIRS,h,2,339.98,45.12,D,0
35.04242,-120.16479,345.05,0.39,0.36,2025-08-03,2105,N,VIIRS,n,2,317.9,17.38,D,0
35.04304,-120.16058,352.04,0.39,0.36,2025-08-03,2105,N,VIIRS,l,2,329.16,17.38,D,0
35.04366,-120.15639,352.87,0.39,0.36,2025-08-03,2105,N,VIIRS,l,2,330.56,49.72,D,0
35.04388,-120.17804,348.87,0.39,0.36,2025-08-03,2105,N,VIIRS,n,2,320.96,20.23,D,0
35.04449,-120.1739,347.02,0.39,0.36,2025-08-03,2105,N,VIIRS,n,2,321.91,45.12,D,0
35.0478,-120.17461,352.59,0.39,0.36,2025-08-03,2105,N,VIIRS,n,2,322.08,19.9,D,0
35.04841,-120.17046,351.21,0.39,0.36,2025-08-03,2105,N,VIIRS,n,2,316.44,19.9,D,0
35.05027,-120.15786,343.66,0.39,0.36,2025-08-03,2105,N,VIIRS,l,2,314.01,4.74,D,0
35.05111,-120.17531,367,0.39,0.36,2025-08-03,2105,N,VIIRS,l,2,326.82,19.9,D,0
35.05172,-120.17116,355.11,0.39,0.36,2025-08-03,2105,N,VIIRS,n,2,319.28,19.9,D,0
35.05234,-120.16696,353.74,0.39,0.36,2025-08-03,2105,N,VIIRS,n,2,327.08,26.08,D,0
35.05291,-120.02351,337.14,0.39,0.36,2025-08-03,2105,N,VIIRS,n,2,307.49,1.63,D,0
35.05296,-120.16278,344.99,0.39,0.36,2025-08-03,2105,N,VIIRS,l,2,316.48,26.08,D,0
35.05503,-120.17184,367,0.39,0.36,2025-08-03,2105,N,VIIRS,h,2,316.82,32.43,D,0
35.05565,-120.16766,367,0.39,0.36,2025-08-03,2105,N,VIIRS,l,2,333.4,44.46,D,0
35.05627,-120.16348,367,0.39,0.36,2025-08-03,2105,N,VIIRS,l,2,337.52,44.46,D,0
35.05688,-120.15929,353.37,0.39,0.36,2025-08-03,2105,N,VIIRS,n,2,317.19,52.85,D,0
35.05897,-120.16834,348.86,0.39,0.36,2025-08-03,2105,N,VIIRS,n,2,310.33,44.46,D,0
35.05958,-120.16416,367,0.39,0.36,2025-08-03,2105,N,VIIRS,l,2,332.26,44.46,D,0
35.0602,-120.16,367,0.39,0.36,2025-08-03,2105,N,VIIRS,h,2,344.93,52.85,D,0
35.0629,-120.16484,367,0.39,0.36,2025-08-03,2105,N,VIIRS,h,2,340.68,81.24,D,0
35.06351,-120.16068,344.94,0.39,0.36,2025-08-03,2105,N,VIIRS,n,2,314.13,10.03,D,0
35.06597,-120.14398,352.21,0.39,0.36,2025-08-03,2105,N,VIIRS,l,2,322.91,36.06,D,0
35.06683,-120.16135,351.65,0.39,0.36,2025-08-03,2105,N,VIIRS,n,2,315.35,10.03,D,0
35.06744,-120.15717,351.07,0.39,0.36,2025-08-03,2105,N,VIIRS,n,2,318.04,10.03,D,0
35.06806,-120.15298,351.58,0.39,0.36,2025-08-03,2105,N,VIIRS,n,2,311.74,26.3,D,0
35.06928,-120.14467,367,0.39,0.36,2025-08-03,2105,N,VIIRS,l,2,329.07,36.06,D,0
35.07138,-120.15366,367,0.39,0.36,2025-08-03,2105,N,VIIRS,h,2,349.92,77.46,D,0
35.07199,-120.14949,344.98,0.39,0.36,2025-08-03,2105,N,VIIRS,n,2,311.16,77.46,D,0
35.07552,-120.17188,354.96,0.39,0.36,2025-08-03,2105,N,VIIRS,n,2,317.29,13.17,D,0
35.07755,-120.18118,367,0.39,0.36,2025-08-03,2105,N,VIIRS,h,2,328.98,107.28,D,0
35.07819,-120.1769,367,0.39,0.36,2025-08-03,2105,N,VIIRS,h,2,347.45,107.28,D,0
35.07882,-120.17263,356.4,0.39,0.36,2025-08-03,2105,N,VIIRS,n,2,318.96,13.17,D,0
35.07946,-120.16838,350.82,0.39,0.36,2025-08-03,2105,N,VIIRS,n,2,315.56,13.17,D,0
35.08085,-120.18192,367,0.39,0.36,2025-08-03,2105,N,VIIRS,h,2,328.91,58.19,D,0
35.08149,-120.17768,367,0.39,0.36,2025-08-03,2105,N,VIIRS,h,2,328.71,58.19,D,0
35.08212,-120.17342,352.28,0.39,0.36,2025-08-03,2105,N,VIIRS,n,2,321.1,14.21,D,0
35.09242,-120.18827,347.1,0.39,0.36,2025-08-03,2105,N,VIIRS,l,2,317.53,5.95,D,0
35.09449,-120.19741,349.81,0.39,0.36,2025-08-03,2105,N,VIIRS,n,2,315.71,5.86,D,0
35.09573,-120.18901,348.71,0.39,0.36,2025-08-03,2105,N,VIIRS,l,2,321.19,5.95,D,0
35.0978,-120.19814,367,0.39,0.36,2025-08-03,2105,N,VIIRS,h,2,363.09,124.81,D,0
35.09842,-120.19394,352.86,0.39,0.36,2025-08-03,2105,N,VIIRS,n,2,319.74,26.78,D,0
35.10172,-120.19466,351.33,0.39,0.36,2025-08-03,2105,N,VIIRS,l,2,345.52,26.78,D,0
35.10234,-120.19047,350.56,0.39,0.36,2025-08-03,2105,N,VIIRS,n,2,316.12,26.78,D,0
35.10441,-120.19957,367,0.39,0.36,2025-08-03,2105,N,VIIRS,l,2,328.87,32.85,D,0
35.10503,-120.19537,353.74,0.39,0.36,2025-08-03,2105,N,VIIRS,n,2,321.15,32.08,D,0
35.10627,-120.18697,348.6,0.39,0.36,2025-08-03,2105,N,VIIRS,n,2,320.85,17.17,D,0
35.10689,-120.18275,367,0.39,0.36,2025-08-03,2105,N,VIIRS,h,2,315.89,17.17,D,0
35.10751,-120.17853,367,0.39,0.36,2025-08-03,2105,N,VIIRS,l,2,328.03,92.36,D,0
35.10834,-120.19607,353.87,0.39,0.36,2025-08-03,2105,N,VIIRS,n,2,322.74,32.08,D,0
35.10896,-120.19186,367,0.39,0.36,2025-08-03,2105,N,VIIRS,l,2,335.79,32.08,D,0
35.10958,-120.18765,350.25,0.39,0.36,2025-08-03,2105,N,VIIRS,n,2,324.46,17.17,D,0
35.11345,-120.04462,348.24,0.39,0.36,2025-08-03,2105,N,VIIRS,n,2,308.05,3.97,D,0
35.11676,-120.04537,345.25,0.39,0.36,2025-08-03,2105,N,VIIRS,n,2,308.13,3.97,D,0
35.12302,-120.14265,351.72,0.39,0.36,2025-08-03,2105,N,VIIRS,l,2,330.04,14.78,D,0
35.12386,-120.16022,355.57,0.39,0.36,2025-08-03,2105,N,VIIRS,n,2,325.36,24.54,D,0
35.12426,-120.13419,350.48,0.39,0.36,2025-08-03,2105,N,VIIRS,l,2,321.29,9.55,D,0
35.12634,-120.14333,352.81,0.39,0.36,2025-08-03,2105,N,VIIRS,l,2,325.7,17.4,D,0
35.12696,-120.13909,353.43,0.39,0.36,2025-08-03,2105,N,VIIRS,l,2,328.53,6.14,D,0
35.12717,-120.16093,350.35,0.39,0.36,2025-08-03,2105,N,VIIRS,l,2,331.94,24.54,D,0
35.12758,-120.1349,352.96,0.39,0.36,2025-08-03,2105,N,VIIRS,l,2,324.74,6.14,D,0
35.12779,-120.15672,347.26,0.39,0.36,2025-08-03,2105,N,VIIRS,n,2,320.06,7.41,D,0
35.12841,-120.1525,344.59,0.39,0.36,2025-08-03,2105,N,VIIRS,n,2,319.3,7.41,D,0
35.12944,-120.12226,367,0.39,0.36,2025-08-03,2105,N,VIIRS,h,2,317.7,28.98,D,0
35.13005,-120.11802,349.48,0.39,0.36,2025-08-03,2105,N,VIIRS,n,2,311.13,28.98,D,0
35.13027,-120.13979,351.01,0.39,0.36,2025-08-03,2105,N,VIIRS,n,2,323.46,6.14,D,0
35.13048,-120.16164,350.3,0.39,0.36,2025-08-03,2105,N,VIIRS,l,2,330.08,39.53,D,0
35.13068,-120.11379,356.34,0.39,0.36,2025-08-03,2105,N,VIIRS,n,2,312.5,10.14,D,0
35.13089,-120.13558,354.94,0.39,0.36,2025-08-03,2105,N,VIIRS,n,2,325.37,6.14,D,0
35.1311,-120.15741,367,0.39,0.36,2025-08-03,2105,N,VIIRS,h,2,324.2,33.16,D,0
35.13151,-120.13139,352.85,0.39,0.36,2025-08-03,2105,N,VIIRS,l,2,331.47,36.52,D,0
35.13172,-120.15319,367,0.39,0.36,2025-08-03,2105,N,VIIRS,h,2,322.75,33.16,D,0
35.13213,-120.12717,367,0.39,0.36,2025-08-03,2105,N,VIIRS,h,2,338.39,36.52,D,0
35.13234,-120.14894,352.53,0.39,0.36,2025-08-03,2105,N,VIIRS,n,2,323.57,38.24,D,0
35.13274,-120.12295,367,0.39,0.36,2025-08-03,2105,N,VIIRS,l,2,328.87,28.98,D,0
35.13337,-120.11873,367,0.39,0.36,2025-08-03,2105,N,VIIRS,l,2,325.21,28.98,D,0
35.13358,-120.1405,354.44,0.39,0.36,2025-08-03,2105,N,VIIRS,n,2,325.69,50.97,D,0
35.13399,-120.11449,348.4,0.39,0.36,2025-08-03,2105,N,VIIRS,n,2,308.51,10.14,D,0
35.1342,-120.13628,367,0.39,0.36,2025-08-03,2105,N,VIIRS,h,2,350.34,50.97,D,0
35.13438,-120.08844,367,0.39,0.36,2025-08-03,2105,N,VIIRS,l,2,327.8,38.37,D,0
35.13441,-120.15811,367,0.39,0.36,2025-08-03,2105,N,VIIRS,h,2,336.48,33.16,D,0
35.13482,-120.13207,367,0.39,0.36,2025-08-03,2105,N,VIIRS,l,2,377.87,163.61,D,0
35.13504,-120.15386,350.55,0.39,0.36,2025-08-03,2105,N,VIIRS,l,2,343.15,33.16,D,0
35.13565,-120.14964,367,0.39,0.36,2025-08-03,2105,N,VIIRS,l,2,333.53,38.24,D,0
35.13584,-120.10184,356.98,0.39,0.36,2025-08-03,2105,N,VIIRS,n,2,328.38,10.56,D,0
35.13606,-120.12363,348.84,0.39,0.36,2025-08-03,2105,N,VIIRS,n,2,310.36,18.35,D,0
35.13628,-120.14542,367,0.39,0.36,2025-08-03,2105,N,VIIRS,h,2,350.1,38.24,D,0
35.13689,-120.1412,367,0.39,0.36,2025-08-03,2105,N,VIIRS,h,2,340.82,50.97,D,0
35.13752,-120.13699,367,0.39,0.36,2025-08-03,2105,N,VIIRS,h,2,336.89,50.97,D,0
35.1377,-120.08918,367,0.39,0.36,2025-08-03,2105,N,VIIRS,l,2,339.8,38.37,D,0
35.13813,-120.13277,343.57,0.39,0.36,2025-08-03,2105,N,VIIRS,n,2,316.02,163.61,D,0
35.13831,-120.08496,353.47,0.39,0.36,2025-08-03,2105,N,VIIRS,n,2,315.74,38.37,D,0
35.13834,-120.15457,367,0.39,0.36,2025-08-03,2105,N,VIIRS,l,2,330.71,49.36,D,0
35.13897,-120.15035,355.36,0.39,0.36,2025-08-03,2105,N,VIIRS,n,2,322.06,19.4,D,0
35.13915,-120.10258,354.11,0.39,0.36,2025-08-03,2105,N,VIIRS,n,2,319.1,15.82,D,0
35.13958,-120.14614,348.67,0.39,0.36,2025-08-03,2105,N,VIIRS,n,2,316.01,19.4,D,0
35.13977,-120.09834,355.06,0.39,0.36,2025-08-03,2105,N,VIIRS,l,2,327.26,16.27,D,0
35.14039,-120.09412,356.38,0.39,0.36,2025-08-03,2105,N,VIIRS,n,2,324.52,16.27,D,0
35.14101,-120.08991,367,0.39,0.36,2025-08-03,2105,N,VIIRS,h,2,345.26,36.78,D,0
35.14138,-120.064,351.81,0.39,0.36,2025-08-03,2105,N,VIIRS,n,2,307.84,26.42,D,0
35.14162,-120.08569,367,0.39,0.36,2025-08-03,2105,N,VIIRS,h,2,327.65,36.78,D,0
35.14308,-120.09908,350.27,0.39,0.36,2025-08-03,2105,N,VIIRS,l,2,327.94,16.27,D,0
35.1437,-120.09486,355.78,0.39,0.36,2025-08-03,2105,N,VIIRS,l,2,334.14,16.27,D,0
35.14431,-120.09064,354.42,0.39,0.36,2025-08-03,2105,N,VIIRS,l,2,343.31,36.78,D,0
35.14493,-120.08643,367,0.39,0.36,2025-08-03,2105,N,VIIRS,h,2,359.21,36.78,D,0
35.14555,-120.08222,352.08,0.39,0.36,2025-08-03,2105,N,VIIRS,l,2,333.95,18.6,D,0
35.14616,-120.07802,342.09,0.39,0.36,2025-08-03,2105,N,VIIRS,n,2,311.96,18.6,D,0
35.14677,-120.07384,343.49,0.39,0.36,2025-08-03,2105,N,VIIRS,n,2,311.22,6.07,D,0
35.14701,-120.0956,355.29,0.39,0.36,2025-08-03,2105,N,VIIRS,n,2,329.61,30.25,D,0
35.14762,-120.09138,367,0.39,0.36,2025-08-03,2105,N,VIIRS,h,2,352.04,51.06,D,0
35.148,-120.06545,348.07,0.39,0.36,2025-08-03,2105,N,VIIRS,n,2,312.59,9.54,D,0
35.14824,-120.08717,367,0.39,0.36,2025-08-03,2105,N,VIIRS,h,2,372.04,51.06,D,0
35.14886,-120.08296,352.28,0.39,0.36,2025-08-03,2105,N,VIIRS,l,2,327.64,25.38,D,0
35.14947,-120.07877,345.03,0.39,0.36,2025-08-03,2105,N,VIIRS,n,2,316.5,25.38,D,0
35.15008,-120.07458,350.27,0.39,0.36,2025-08-03,2105,N,VIIRS,n,2,316.64,7.37,D,0
35.1507,-120.07038,350.16,0.39,0.36,2025-08-03,2105,N,VIIRS,n,2,314.18,7.37,D,0
35.15093,-120.09212,367,0.39,0.36,2025-08-03,2105,N,VIIRS,h,2,324.88,51.06,D,0
35.15155,-120.08791,367,0.39,0.36,2025-08-03,2105,N,VIIRS,h,2,355.24,51.06,D,0
35.15216,-120.08372,367,0.39,0.36,2025-08-03,2105,N,VIIRS,h,2,347.39,25.38,D,0
35.15277,-120.07952,352.18,0.39,0.36,2025-08-03,2105,N,VIIRS,n,2,322,25.38,D,0
35.15339,-120.07531,352.61,0.39,0.36,2025-08-03,2105,N,VIIRS,n,2,321.37,7.37,D,0
35.15401,-120.07111,367,0.39,0.36,2025-08-03,2105,N,VIIRS,h,2,321.39,7.37,D,0
35.15462,-120.06691,344.57,0.39,0.36,2025-08-03,2105,N,VIIRS,n,2,313.49,5.89,D,0
35.15608,-120.08027,348.37,0.39,0.36,2025-08-03,2105,N,VIIRS,n,2,315.27,22.84,D,0
35.1567,-120.07607,367,0.39,0.36,2025-08-03,2105,N,VIIRS,h,2,326.44,26.03,D,0
35.15731,-120.07185,367,0.39,0.36,2025-08-03,2105,N,VIIRS,l,2,334.34,26.03,D,0
35.15793,-120.06763,350.37,0.39,0.36,2025-08-03,2105,N,VIIRS,n,2,319.34,67.34,D,0
35.16,-120.07681,356.28,0.39,0.36,2025-08-03,2105,N,VIIRS,l,2,333.71,26.03,D,0
35.16062,-120.07261,351.77,0.39,0.36,2025-08-03,2105,N,VIIRS,l,2,337.17,26.03,D,0
35.16124,-120.06839,367,0.39,0.36,2025-08-03,2105,N,VIIRS,h,2,350.93,67.34,D,0
35.16331,-120.07755,355.76,0.39,0.36,2025-08-03,2105,N,VIIRS,l,2,338.18,25.27,D,0
35.16393,-120.07333,353.37,0.39,0.36,2025-08-03,2105,N,VIIRS,l,2,340.14,25.27,D,0
35.16455,-120.0691,354.91,0.39,0.36,2025-08-03,2105,N,VIIRS,n,2,310.86,11.55,D,0
35.16662,-120.07831,342.65,0.39,0.36,2025-08-03,2105,N,VIIRS,l,2,315.38,25.27,D,0
39.6576,-121.61156,343.93,0.39,0.36,2025-08-03,2107,N,VIIRS,n,2,316.86,5.43,D,0
41.22435,-116.87562,367,0.54,0.42,2025-08-03,2107,N,VIIRS,h,2,327.95,90.91,D,0
41.22506,-116.86855,350.52,0.55,0.42,2025-08-03,2107,N,VIIRS,l,2,343.46,43.45,D,0
41.22893,-116.86956,353.65,0.55,0.42,2025-08-03,2107,N,VIIRS,n,2,317.67,43.45,D,0
41.22961,-116.86283,367,0.55,0.42,2025-08-03,2107,N,VIIRS,h,2,323.79,43.45,D,0
41.23216,-116.87701,309.56,0.54,0.42,2025-08-03,2107,N,VIIRS,l,2,313.27,76.74,D,0
41.23285,-116.87014,367,0.55,0.42,2025-08-03,2107,N,VIIRS,l,2,339.72,49.12,D,0
41.23352,-116.86349,346.62,0.55,0.42,2025-08-03,2107,N,VIIRS,n,2,318.23,49.12,D,0
41.23418,-116.85683,367,0.55,0.42,2025-08-03,2107,N,VIIRS,l,2,327.41,76.1,D,0
41.23678,-116.87054,354.03,0.55,0.42,2025-08-03,2107,N,VIIRS,l,2,342.77,49.12,D,0
41.23744,-116.86401,367,0.55,0.42,2025-08-03,2107,N,VIIRS,h,2,334.42,49.12,D,0
41.23809,-116.85751,367,0.55,0.42,2025-08-03,2107,N,VIIRS,h,2,348.26,76.1,D,0
41.24071,-116.87103,354.17,0.55,0.42,2025-08-03,2107,N,VIIRS,n,2,326.15,46.97,D,0
41.24136,-116.86454,367,0.55,0.42,2025-08-03,2107,N,VIIRS,h,2,333.54,46.97,D,0
41.242,-116.85815,354.79,0.55,0.42,2025-08-03,2107,N,VIIRS,l,2,346.75,47.35,D,0
41.24266,-116.85163,355.52,0.55,0.42,2025-08-03,2107,N,VIIRS,n,2,325.34,47.35,D,0
41.24529,-116.86504,350.58,0.55,0.42,2025-08-03,2107,N,VIIRS,l,2,329.47,46.97,D,0
41.24592,-116.85877,355.17,0.55,0.42,2025-08-03,2107,N,VIIRS,l,2,336.57,47.35,D,0
41.24658,-116.85229,367,0.55,0.42,2025-08-03,2107,N,VIIRS,l,2,330.2,47.35,D,0
41.24921,-116.8656,367,0.55,0.42,2025-08-03,2107,N,VIIRS,h,2,337.25,87.54,D,0
41.24984,-116.85934,354.26,0.55,0.42,2025-08-03,2107,N,VIIRS,l,2,339.93,72.07,D,0
41.2505,-116.85283,367,0.55,0.42,2025-08-03,2107,N,VIIRS,h,2,311.9,72.07,D,0
41.25313,-116.86617,367,0.55,0.42,2025-08-03,2107,N,VIIRS,h,2,327.99,87.54,D,0
41.25377,-116.85986,367,0.55,0.42,2025-08-03,2107,N,VIIRS,l,2,342.37,72.07,D,0
41.25443,-116.85331,339.94,0.55,0.42,2025-08-03,2107,N,VIIRS,n,2,302.81,72.07,D,0
41.28883,-122.99101,331.17,0.38,0.36,2025-08-03,2107,N,VIIRS,n,2,294.59,5.2,D,0
41.28954,-122.98647,332.51,0.38,0.36,2025-08-03,2107,N,VIIRS,n,2,295.69,5.2,D,0
41.29211,-122.99193,337.27,0.38,0.36,2025-08-03,2107,N,VIIRS,n,2,292.44,5.2,D,0
41.29329,-123.00639,331.54,0.38,0.36,2025-08-03,2107,N,VIIRS,l,2,303.99,7.29,D,0
41.29398,-123.00188,338.98,0.38,0.36,2025-08-03,2107,N,VIIRS,n,2,305.79,21.12,D,0
41.29468,-122.99736,356.12,0.38,0.36,2025-08-03,2107,N,VIIRS,n,2,312.08,21.12,D,0
41.29538,-122.99281,331.36,0.38,0.36,2025-08-03,2107,N,VIIRS,n,2,293.21,9.01,D,0
41.29795,-122.99825,330.02,0.38,0.36,2025-08-03,2107,N,VIIRS,n,2,296.17,21.12,D,0
41.29866,-122.99373,341,0.38,0.36,2025-08-03,2107,N,VIIRS,n,2,297.44,9.01,D,0
41.30053,-123.00368,334.91,0.38,0.36,2025-08-03,2107,N,VIIRS,n,2,300.36,15.13,D,0
41.30123,-122.99917,348.46,0.38,0.36,2025-08-03,2107,N,VIIRS,n,2,313.7,15.13,D,0
41.3038,-123.0046,352.33,0.38,0.36,2025-08-03,2107,N,VIIRS,n,2,300.05,15.13,D,0
41.3045,-123.00007,348.39,0.38,0.36,2025-08-03,2107,N,VIIRS,n,2,297.27,15.13,D,0
41.30638,-123.01006,367,0.38,0.36,2025-08-03,2107,N,VIIRS,l,2,327.83,42.39,D,0
41.30708,-123.00551,332.79,0.38,0.36,2025-08-03,2107,N,VIIRS,n,2,299,11.68,D,0
41.30878,-116.93826,367,0.54,0.42,2025-08-03,2107,N,VIIRS,l,2,332.65,65.52,D,0
41.30894,-123.01552,338.21,0.38,0.36,2025-08-03,2107,N,VIIRS,n,2,302.44,42.39,D,0
41.30945,-116.93646,367,0.54,0.42,2025-08-03,2107,N,VIIRS,h,2,343.54,150.67,D,0
41.30948,-116.93116,367,0.54,0.42,2025-08-03,2107,N,VIIRS,l,2,354.43,87.62,D,0
41.30965,-123.01097,346.43,0.38,0.36,2025-08-03,2107,N,VIIRS,n,2,297.51,42.39,D,0
41.31018,-116.92408,367,0.54,0.42,2025-08-03,2107,N,VIIRS,l,2,336.46,87.62,D,0
41.31021,-116.92928,367,0.54,0.42,2025-08-03,2107,N,VIIRS,h,2,356.15,150.67,D,0
41.31094,-116.92233,367,0.54,0.42,2025-08-03,2107,N,VIIRS,l,2,332.72,93.7,D,0
41.31269,-116.93882,367,0.54,0.42,2025-08-03,2107,N,VIIRS,h,2,323.53,65.52,D,0
41.31337,-116.93699,367,0.54,0.42,2025-08-03,2107,N,VIIRS,h,2,323.28,29.68,D,0
41.3134,-116.9317,367,0.54,0.42,2025-08-03,2107,N,VIIRS,h,2,321.21,87.62,D,0
41.31409,-116.92474,352,0.54,0.42,2025-08-03,2107,N,VIIRS,n,2,324.07,87.62,D,0
41.31411,-116.92989,356.71,0.54,0.42,2025-08-03,2107,N,VIIRS,n,2,317.22,29.68,D,0
41.31477,-116.91788,367,0.54,0.42,2025-08-03,2107,N,VIIRS,l,2,332.97,90.11,D,0
41.31485,-116.92297,350.74,0.54,0.42,2025-08-03,2107,N,VIIRS,l,2,326.49,46.92,D,0
41.31556,-116.91616,351.21,0.54,0.42,2025-08-03,2107,N,VIIRS,l,2,330.18,46.92,D,0
41.31868,-116.9185,356.26,0.54,0.42,2025-08-03,2107,N,VIIRS,n,2,317.59,31.46,D,0
41.31936,-116.91164,352.59,0.54,0.42,2025-08-03,2107,N,VIIRS,l,2,327.42,31.46,D,0
41.31948,-116.91673,356.84,0.54,0.42,2025-08-03,2107,N,VIIRS,n,2,316.76,46.92,D,0
41.32019,-116.90992,367,0.54,0.42,2025-08-03,2107,N,VIIRS,l,2,331.11,94.42,D,0
41.32327,-116.91222,346.45,0.54,0.42,2025-08-03,2107,N,VIIRS,l,2,317.42,31.46,D,0
41.32394,-116.90549,353.16,0.54,0.42,2025-08-03,2107,N,VIIRS,l,2,323.95,76.64,D,0
41.32441,-116.94061,356.27,0.54,0.42,2025-08-03,2107,N,VIIRS,l,2,326.33,19.51,D,0
41.32637,-116.96057,349.37,0.54,0.42,2025-08-03,2107,N,VIIRS,n,2,323.03,33.27,D,0
41.32851,-116.89954,349.62,0.54,0.42,2025-08-03,2107,N,VIIRS,l,2,323.02,39.52,D,0
41.32917,-116.89294,352.47,0.55,0.42,2025-08-03,2107,N,VIIRS,n,2,315.19,29.06,D,0
41.33026,-116.96128,350.94,0.54,0.42,2025-08-03,2107,N,VIIRS,n,2,323.97,27.97,D,0
41.33089,-116.95502,367,0.54,0.42,2025-08-03,2107,N,VIIRS,h,2,322.79,27.97,D,0
41.33153,-116.94865,344.06,0.54,0.42,2025-08-03,2107,N,VIIRS,n,2,318.79,14.05,D,0
41.33241,-116.90035,350,0.54,0.42,2025-08-03,2107,N,VIIRS,n,2,309.71,39.52,D,0
41.33281,-116.97531,353.57,0.54,0.42,2025-08-03,2107,N,VIIRS,n,2,325.13,30.04,D,0
41.33307,-116.89371,357.28,0.55,0.42,2025-08-03,2107,N,VIIRS,n,2,314.44,29.06,D,0
41.33346,-116.96877,367,0.54,0.42,2025-08-03,2107,N,VIIRS,l,2,327.83,30.04,D,0
41.33374,-116.88701,367,0.55,0.42,2025-08-03,2107,N,VIIRS,h,2,320.67,29.06,D,0
41.33415,-116.96201,367,0.54,0.42,2025-08-03,2107,N,VIIRS,h,2,332.8,27.97,D,0
41.33441,-116.88027,349.67,0.55,0.42,2025-08-03,2107,N,VIIRS,n,2,317.98,29.75,D,0
41.33478,-116.95572,353.86,0.54,0.42,2025-08-03,2107,N,VIIRS,n,2,324.54,27.97,D,0
41.33667,-116.97626,367,0.54,0.42,2025-08-03,2107,N,VIIRS,h,2,333.18,100.46,D,0
41.33733,-116.96971,367,0.54,0.42,2025-08-03,2107,N,VIIRS,h,2,354.91,100.46,D,0
41.33804,-116.96268,367,0.54,0.42,2025-08-03,2107,N,VIIRS,h,2,347.45,102.34,D,0
41.33933,-116.94993,367,0.54,0.42,2025-08-03,2107,N,VIIRS,h,2,339.67,96.04,D,0
41.34123,-116.97031,367,0.54,0.42,2025-08-03,2107,N,VIIRS,h,2,337.67,100.46,D,0
41.34195,-116.96323,345.12,0.54,0.42,2025-08-03,2107,N,VIIRS,n,2,316.59,102.34,D,0
41.34261,-116.9567,347.85,0.54,0.42,2025-08-03,2107,N,VIIRS,n,2,314.29,102.34,D,0
41.34393,-116.94364,348.02,0.54,0.42,2025-08-03,2107,N,VIIRS,n,2,314.55,96.04,D,0
41.35538,-116.86962,341.7,0.55,0.42,2025-08-03,2107,N,VIIRS,n,2,293.57,4.72,D,0
41.36094,-115.69999,367,0.41,0.45,2025-08-03,2107,N,VIIRS,l,2,331.72,151.25,D,0
41.36462,-115.7058,367,0.41,0.45,2025-08-03,2107,N,VIIRS,l,2,325.57,52.14,D,0
41.36506,-115.7009,367,0.41,0.45,2025-08-03,2107,N,VIIRS,h,2,354.78,151.25,D,0
41.3702,-116.91962,349.15,0.54,0.42,2025-08-03,2107,N,VIIRS,n,2,306.48,11.2,D,0
41.37795,-115.69812,367,0.41,0.45,2025-08-03,2107,N,VIIRS,l,2,326.18,53.26,D,0
41.37841,-115.69305,352.84,0.41,0.45,2025-08-03,2107,N,VIIRS,l,2,335.33,86.9,D,0
41.38211,-115.69875,367,0.41,0.45,2025-08-03,2107,N,VIIRS,l,2,326.32,53.26,D,0
41.38257,-115.69372,367,0.41,0.45,2025-08-03,2107,N,VIIRS,h,2,359.66,86.9,D,0
41.38304,-115.68861,347.92,0.41,0.45,2025-08-03,2107,N,VIIRS,n,2,314.02,86.9,D,0
41.38673,-115.69432,355.94,0.41,0.45,2025-08-03,2107,N,VIIRS,l,2,330.82,63.93,D,0
41.38718,-115.68941,346.41,0.41,0.45,2025-08-03,2107,N,VIIRS,n,2,305.14,63.93,D,0
41.40041,-116.89675,341.51,0.55,0.42,2025-08-03,2107,N,VIIRS,l,2,313.55,6.13,D,0
41.4016,-115.6702,349,0.41,0.45,2025-08-03,2107,N,VIIRS,n,2,280.08,6.87,D,0
41.40328,-115.69756,355.37,0.41,0.45,2025-08-03,2107,N,VIIRS,n,2,325.65,121.6,D,0
41.4038,-115.69197,355.53,0.41,0.45,2025-08-03,2107,N,VIIRS,n,2,308.26,121.6,D,0
41.40434,-116.89728,341.43,0.55,0.42,2025-08-03,2107,N,VIIRS,l,2,313.33,6.13,D,0
41.40685,-116.91148,343.39,0.54,0.42,2025-08-03,2107,N,VIIRS,n,2,312.73,6.58,D,0
41.40743,-115.69823,367,0.41,0.45,2025-08-03,2107,N,VIIRS,h,2,345.03,121.6,D,0
41.40795,-115.6927,367,0.41,0.45,2025-08-03,2107,N,VIIRS,l,2,377.09,121.6,D,0
41.40845,-115.6873,367,0.41,0.45,2025-08-03,2107,N,VIIRS,h,2,347.09,230.46,D,0
41.40993,-115.67142,351.99,0.41,0.45,2025-08-03,2107,N,VIIRS,n,2,281.32,7.97,D,0
41.41209,-115.69347,367,0.41,0.45,2025-08-03,2107,N,VIIRS,h,2,346.53,119.86,D,0
41.41259,-115.68812,367,0.41,0.45,2025-08-03,2107,N,VIIRS,l,2,379.88,355.85,D,0
41.41309,-115.68274,349.14,0.41,0.45,2025-08-03,2107,N,VIIRS,n,2,303.61,355.85,D,0
41.41621,-115.69453,345.4,0.41,0.45,2025-08-03,2107,N,VIIRS,n,2,310.72,119.86,D,0
41.41673,-115.68903,353.58,0.41,0.45,2025-08-03,2107,N,VIIRS,n,2,304.09,355.85,D,0
40.82047,-114.25551,313.81,0.41,0.37,2025-08-04,925,N,VIIRS,n,2,290.8,2.14,N,2
41.22042,-116.811,299.92,0.5,0.41,2025-08-04,925,N,VIIRS,n,2,286.02,4.15,N,0
41.22107,-116.8169,337.16,0.5,0.41,2025-08-04,925,N,VIIRS,n,2,289.86,4.15,N,0
41.22173,-116.82274,349.72,0.5,0.41,2025-08-04,925,N,VIIRS,n,2,289.24,9.87,N,0
41.22236,-116.82843,319.91,0.5,0.41,2025-08-04,925,N,VIIRS,n,2,287.96,9.87,N,0
41.22414,-116.81011,342.9,0.5,0.41,2025-08-04,925,N,VIIRS,n,2,298.36,43.65,N,0
41.22478,-116.81595,352.34,0.5,0.41,2025-08-04,925,N,VIIRS,n,2,301.18,43.65,N,0
41.22605,-116.82725,350.33,0.5,0.41,2025-08-04,925,N,VIIRS,n,2,300.19,166.32,N,0
41.22667,-116.8328,303.99,0.5,0.41,2025-08-04,925,N,VIIRS,n,2,287.61,7.69,N,0
41.22785,-116.80924,330.37,0.5,0.41,2025-08-04,925,N,VIIRS,n,2,310.97,43.65,N,0
41.2285,-116.815,354.97,0.5,0.41,2025-08-04,925,N,VIIRS,n,2,312.99,43.65,N,0
41.22913,-116.82062,354.97,0.5,0.41,2025-08-04,925,N,VIIRS,n,2,299.37,166.32,N,0
41.22974,-116.82607,348.53,0.5,0.41,2025-08-04,925,N,VIIRS,n,2,314.75,166.32,N,0
41.23035,-116.83154,313.5,0.5,0.41,2025-08-04,925,N,VIIRS,n,2,288.12,7.69,N,0
41.23157,-116.80833,315.16,0.5,0.41,2025-08-04,925,N,VIIRS,n,2,288.86,30.6,N,0
41.2322,-116.814,339.11,0.5,0.41,2025-08-04,925,N,VIIRS,n,2,311.49,30.6,N,0
41.23282,-116.81946,337.01,0.5,0.41,2025-08-04,925,N,VIIRS,n,2,335.58,144.27,N,0
41.23342,-116.8248,349.75,0.5,0.41,2025-08-04,925,N,VIIRS,n,2,302.73,144.27,N,0
41.23403,-116.83025,305.31,0.5,0.41,2025-08-04,925,N,VIIRS,n,2,286.84,2.31,N,0
41.23468,-116.83603,300.8,0.5,0.41,2025-08-04,925,N,VIIRS,n,2,286.88,2.31,N,0
41.23529,-116.80745,306.03,0.5,0.41,2025-08-04,925,N,VIIRS,n,2,287.57,30.6,N,0
41.23531,-116.8416,309.28,0.5,0.41,2025-08-04,925,N,VIIRS,n,2,285.25,1.72,N,0
41.23544,-116.87702,300.23,0.5,0.41,2025-08-04,925,N,VIIRS,n,2,283.78,1.69,N,0
41.23591,-116.81301,319.84,0.5,0.41,2025-08-04,925,N,VIIRS,n,2,293.42,30.6,N,0
41.23592,-116.84712,311.03,0.5,0.41,2025-08-04,925,N,VIIRS,n,2,285.81,1.72,N,0
41.23651,-116.81832,367,0.5,0.41,2025-08-04,925,N,VIIRS,h,2,362.49,144.27,N,0
41.23711,-116.82361,340.09,0.5,0.41,2025-08-04,925,N,VIIRS,n,2,324.92,144.27,N,0
41.23772,-116.82903,310.77,0.5,0.41,2025-08-04,925,N,VIIRS,n,2,287.46,2.31,N,0
41.23838,-116.83495,336.57,0.5,0.41,2025-08-04,925,N,VIIRS,n,2,288.34,2.31,N,0
41.239,-116.80653,301.5,0.5,0.41,2025-08-04,925,N,VIIRS,n,2,287.13,1.58,N,0
41.23903,-116.84071,312.27,0.5,0.41,2025-08-04,925,N,VIIRS,n,2,288.06,1.72,N,0
41.23962,-116.81205,321.03,0.5,0.41,2025-08-04,925,N,VIIRS,n,2,287.67,1.58,N,0
41.23965,-116.8463,299.06,0.5,0.41,2025-08-04,925,N,VIIRS,n,2,285.49,1.72,N,0
41.24022,-116.81738,355.8,0.5,0.41,2025-08-04,925,N,VIIRS,n,2,294.82,5.21,N,0
41.24083,-116.82271,315.59,0.5,0.41,2025-08-04,925,N,VIIRS,n,2,287.98,5.21,N,0
41.24117,-116.89414,295.14,0.5,0.41,2025-08-04,925,N,VIIRS,n,2,282.22,2.65,N,0
41.24144,-116.82817,303.43,0.5,0.41,2025-08-04,925,N,VIIRS,n,2,285.75,1.53,N,0
41.24182,-116.89999,295.53,0.5,0.41,2025-08-04,925,N,VIIRS,n,2,282.7,1.65,N,0
41.24245,-116.90565,295.68,0.5,0.41,2025-08-04,925,N,VIIRS,n,2,281.85,1.65,N,0
41.2431,-116.91146,298.21,0.5,0.41,2025-08-04,925,N,VIIRS,n,2,281.1,7.42,N,0
41.24333,-116.8111,304.64,0.5,0.41,2025-08-04,925,N,VIIRS,n,2,286.24,1.58,N,0
41.24361,-116.88175,299.21,0.5,0.41,2025-08-04,925,N,VIIRS,n,2,282.18,4.67,N,0
41.24384,-116.91815,298.16,0.5,0.41,2025-08-04,925,N,VIIRS,n,2,281.9,7.42,N,0
41.24394,-116.81648,307.84,0.5,0.41,2025-08-04,925,N,VIIRS,n,2,286.65,5.21,N,0
41.24427,-116.88765,307.38,0.5,0.41,2025-08-04,925,N,VIIRS,n,2,282.63,2.65,N,0
41.24455,-116.8219,299.97,0.5,0.41,2025-08-04,925,N,VIIRS,n,2,287.19,5.21,N,0
41.24495,-116.89371,310.68,0.5,0.41,2025-08-04,925,N,VIIRS,n,2,283.99,2.65,N,0
41.2456,-116.89954,307.45,0.5,0.41,2025-08-04,925,N,VIIRS,n,2,283.48,1.65,N,0
41.24623,-116.9052,308.65,0.5,0.41,2025-08-04,925,N,VIIRS,n,2,283.82,1.65,N,0
41.24673,-116.87545,298.3,0.5,0.41,2025-08-04,925,N,VIIRS,n,2,283.02,5.93,N,0
41.24688,-116.91098,352.18,0.5,0.41,2025-08-04,925,N,VIIRS,n,2,284.66,7.42,N,0
41.24739,-116.88126,309.93,0.5,0.41,2025-08-04,925,N,VIIRS,n,2,282.95,5.93,N,0
41.24762,-116.91765,349.85,0.5,0.41,2025-08-04,925,N,VIIRS,n,2,283.93,7.42,N,0
41.24805,-116.88723,333.12,0.5,0.41,2025-08-04,925,N,VIIRS,n,2,291.41,203.09,N,0
41.24837,-116.92451,316.09,0.5,0.41,2025-08-04,925,N,VIIRS,n,2,283.31,4.59,N,0
41.24873,-116.8933,349.87,0.5,0.41,2025-08-04,925,N,VIIRS,n,2,289.95,203.09,N,0
41.24938,-116.89915,353.49,0.5,0.41,2025-08-04,925,N,VIIRS,n,2,288.16,680.11,N,0
41.24983,-116.86893,325.19,0.5,0.41,2025-08-04,925,N,VIIRS,n,2,284.89,8.56,N,0
41.25002,-116.90486,336.12,0.5,0.41,2025-08-04,925,N,VIIRS,n,2,299.59,680.11,N,0
41.2505,-116.87488,303.58,0.5,0.41,2025-08-04,925,N,VIIRS,n,2,283.6,5.93,N,0
41.25069,-116.91082,367,0.5,0.41,2025-08-04,925,N,VIIRS,h,2,329.12,291.54,N,0
41.25116,-116.88077,330.16,0.5,0.41,2025-08-04,925,N,VIIRS,n,2,284.72,5.93,N,0
41.25141,-116.91734,367,0.5,0.41,2025-08-04,925,N,VIIRS,h,2,285.31,291.54,N,0
41.25215,-116.92401,336.21,0.5,0.41,2025-08-04,925,N,VIIRS,n,2,283.97,7.64,N,0
41.25251,-116.89285,367,0.5,0.41,2025-08-04,925,N,VIIRS,h,2,336.87,203.09,N,0
41.25358,-116.86828,327.4,0.5,0.41,2025-08-04,925,N,VIIRS,n,2,287.44,5.63,N,0
41.25426,-116.87436,313.82,0.5,0.41,2025-08-04,925,N,VIIRS,n,2,285.41,82.8,N,0
41.25449,-116.91056,367,0.5,0.41,2025-08-04,925,N,VIIRS,h,2,342.89,291.54,N,0
41.25492,-116.88027,350.71,0.5,0.41,2025-08-04,925,N,VIIRS,n,2,296.76,82.8,N,0
41.25519,-116.91687,350.46,0.5,0.41,2025-08-04,925,N,VIIRS,n,2,290.6,291.54,N,0
41.2556,-116.88632,367,0.5,0.41,2025-08-04,925,N,VIIRS,h,2,344.83,119.53,N,0
41.25591,-116.92332,348.59,0.5,0.41,2025-08-04,925,N,VIIRS,n,2,285.14,7.64,N,0
41.25629,-116.89239,367,0.5,0.41,2025-08-04,925,N,VIIRS,h,2,363.25,119.53,N,0
41.25662,-116.92975,299.16,0.5,0.41,2025-08-04,925,N,VIIRS,n,2,283.69,7.64,N,0
41.25735,-116.86776,327.33,0.5,0.41,2025-08-04,925,N,VIIRS,n,2,287.81,5.63,N,0
41.2576,-116.90417,367,0.5,0.41,2025-08-04,925,N,VIIRS,h,2,357.8,210.05,N,0
41.25804,-116.87391,309.82,0.5,0.41,2025-08-04,925,N,VIIRS,n,2,294.41,82.8,N,0
41.25826,-116.9101,367,0.5,0.41,2025-08-04,925,N,VIIRS,h,2,327.33,373.19,N,0
41.25871,-116.87988,367,0.5,0.41,2025-08-04,925,N,VIIRS,h,2,356.04,82.8,N,0
41.25894,-116.91618,340.28,0.5,0.41,2025-08-04,925,N,VIIRS,n,2,333.9,373.19,N,0
41.25938,-116.88586,355.7,0.5,0.41,2025-08-04,925,N,VIIRS,n,2,322.83,119.53,N,0
41.25964,-116.92245,354.34,0.5,0.41,2025-08-04,925,N,VIIRS,n,2,286,28.44,N,0
41.26006,-116.89191,367,0.5,0.41,2025-08-04,925,N,VIIRS,h,2,303.87,119.53,N,0
41.26035,-116.92876,314.95,0.5,0.41,2025-08-04,925,N,VIIRS,n,2,282.93,28.44,N,0
41.26041,-116.861,301.78,0.5,0.41,2025-08-04,925,N,VIIRS,n,2,284.8,4.09,N,0
41.26073,-116.89791,355.47,0.5,0.41,2025-08-04,925,N,VIIRS,n,2,304.44,210.05,N,0
41.26112,-116.86727,334.83,0.5,0.41,2025-08-04,925,N,VIIRS,n,2,290.34,4.09,N,0
41.26139,-116.90376,338.07,0.5,0.41,2025-08-04,925,N,VIIRS,n,2,325.54,210.05,N,0
41.26182,-116.87347,332.31,0.5,0.41,2025-08-04,925,N,VIIRS,n,2,307.31,35.92,N,0
41.26203,-116.90952,367,0.5,0.41,2025-08-04,925,N,VIIRS,h,2,326.81,373.19,N,0
41.26249,-116.87946,367,0.5,0.41,2025-08-04,925,N,VIIRS,h,2,304.16,35.92,N,0
41.26315,-116.88537,367,0.5,0.41,2025-08-04,925,N,VIIRS,h,2,297.85,17.18,N,0
41.26337,-116.9215,353.84,0.5,0.41,2025-08-04,925,N,VIIRS,n,2,287.87,28.44,N,0
41.26349,-116.85442,348.2,0.5,0.41,2025-08-04,925,N,VIIRS,n,2,288.51,15.03,N,0
41.26382,-116.89134,367,0.5,0.41,2025-08-04,925,N,VIIRS,h,2,299.58,17.18,N,0
41.26406,-116.9277,314.69,0.5,0.41,2025-08-04,925,N,VIIRS,n,2,283.6,28.44,N,0
41.26418,-116.8605,305.44,0.5,0.41,2025-08-04,925,N,VIIRS,n,2,283.87,4.09,N,0
41.26449,-116.89729,367,0.5,0.41,2025-08-04,925,N,VIIRS,h,2,295.49,34.45,N,0
41.26476,-116.93388,297.78,0.5,0.41,2025-08-04,925,N,VIIRS,n,2,285.82,2.02,N,0
41.26488,-116.86672,304.07,0.5,0.41,2025-08-04,925,N,VIIRS,n,2,285.13,4.09,N,0
41.26514,-116.9031,354.76,0.5,0.41,2025-08-04,925,N,VIIRS,n,2,302.56,34.45,N,0
41.26558,-116.87289,344.9,0.5,0.41,2025-08-04,925,N,VIIRS,n,2,299.68,35.92,N,0
41.26577,-116.9087,326.01,0.5,0.41,2025-08-04,925,N,VIIRS,n,2,317.34,727.28,N,0
41.26625,-116.87887,349.24,0.5,0.41,2025-08-04,925,N,VIIRS,n,2,294.42,35.92,N,0
41.26658,-116.84792,327.56,0.5,0.41,2025-08-04,925,N,VIIRS,n,2,290.01,26.23,N,0
41.26691,-116.8848,343.84,0.5,0.41,2025-08-04,925,N,VIIRS,n,2,292.67,17.18,N,0
41.26707,-116.9203,335.97,0.5,0.41,2025-08-04,925,N,VIIRS,n,2,328.23,286.76,N,0
41.26726,-116.85385,348.34,0.5,0.41,2025-08-04,925,N,VIIRS,n,2,323.39,26.23,N,0
41.26758,-116.89071,355.25,0.5,0.41,2025-08-04,925,N,VIIRS,n,2,293.28,17.18,N,0
41.26777,-116.92648,327.85,0.5,0.41,2025-08-04,925,N,VIIRS,n,2,283.88,286.76,N,0
41.26794,-116.85992,328.98,0.5,0.41,2025-08-04,925,N,VIIRS,n,2,284.89,28.9,N,0
41.26824,-116.89657,367,0.5,0.41,2025-08-04,925,N,VIIRS,h,2,289.47,34.45,N,0
41.26845,-116.93262,297.87,0.5,0.41,2025-08-04,925,N,VIIRS,n,2,282.87,0.56,N,0
41.26864,-116.8661,311.73,0.5,0.41,2025-08-04,925,N,VIIRS,n,2,284.87,28.9,N,0
41.26888,-116.90227,356.06,0.5,0.41,2025-08-04,925,N,VIIRS,n,2,291.8,34.45,N,0
41.26933,-116.87225,347.14,0.5,0.41,2025-08-04,925,N,VIIRS,n,2,289.85,9.22,N,0
41.2695,-116.90781,320.52,0.5,0.41,2025-08-04,925,N,VIIRS,n,2,309.39,727.28,N,0
41.26966,-116.84129,312.67,0.5,0.41,2025-08-04,925,N,VIIRS,n,2,283.77,2.26,N,0
41.27001,-116.87823,334.38,0.5,0.41,2025-08-04,925,N,VIIRS,n,2,291.31,9.22,N,0
41.27035,-116.84735,322.21,0.5,0.41,2025-08-04,925,N,VIIRS,n,2,285.51,26.23,N,0
41.27068,-116.88418,342.12,0.5,0.41,2025-08-04,925,N,VIIRS,n,2,291.39,7.97,N,0
41.27077,-116.91912,332.87,0.5,0.41,2025-08-04,925,N,VIIRS,n,2,330.4,286.76,N,0
41.27102,-116.85329,347.01,0.5,0.41,2025-08-04,925,N,VIIRS,n,2,297.08,26.23,N,0
41.27134,-116.89005,345.61,0.5,0.41,2025-08-04,925,N,VIIRS,n,2,288.16,7.97,N,0
41.27145,-116.92522,343.87,0.5,0.41,2025-08-04,925,N,VIIRS,n,2,286.81,286.76,N,0
41.2717,-116.85936,339.89,0.5,0.41,2025-08-04,925,N,VIIRS,n,2,308.44,28.9,N,0
41.27197,-116.82794,318.53,0.5,0.41,2025-08-04,925,N,VIIRS,n,2,283.76,2.99,N,0
41.27199,-116.89586,353.53,0.5,0.41,2025-08-04,925,N,VIIRS,n,2,289.91,16.11,N,0
41.27214,-116.93128,296.62,0.5,0.41,2025-08-04,925,N,VIIRS,n,2,282.91,0.56,N,0
41.2724,-116.86546,332.27,0.5,0.41,2025-08-04,925,N,VIIRS,n,2,288.11,28.9,N,0
41.27263,-116.90153,367,0.5,0.41,2025-08-04,925,N,VIIRS,h,2,286.15,16.11,N,0
41.27308,-116.8716,344.29,0.5,0.41,2025-08-04,925,N,VIIRS,n,2,292.59,9.22,N,0
41.27325,-116.90706,349.06,0.5,0.41,2025-08-04,925,N,VIIRS,n,2,292.21,44.3,N,0
41.27376,-116.87759,328.35,0.5,0.41,2025-08-04,925,N,VIIRS,n,2,289.49,9.22,N,0
41.27387,-116.91255,354.86,0.5,0.41,2025-08-04,925,N,VIIRS,n,2,286.05,44.3,N,0
41.2741,-116.84675,326.39,0.5,0.41,2025-08-04,925,N,VIIRS,n,2,289.1,9.65,N,0
41.27443,-116.88351,328.48,0.5,0.41,2025-08-04,925,N,VIIRS,n,2,284.95,7.97,N,0
41.2745,-116.91811,356.72,0.5,0.41,2025-08-04,925,N,VIIRS,n,2,286.45,16.2,N,0
41.27478,-116.85271,336.92,0.5,0.41,2025-08-04,925,N,VIIRS,n,2,297.28,9.65,N,0
41.27509,-116.88936,335.39,0.5,0.41,2025-08-04,925,N,VIIRS,n,2,286.95,7.97,N,0
41.27515,-116.92393,333.63,0.5,0.41,2025-08-04,925,N,VIIRS,n,2,283.13,16.2,N,0
41.27546,-116.85873,352.64,0.5,0.41,2025-08-04,925,N,VIIRS,n,2,313.83,26.27,N,0
41.27574,-116.89515,343.62,0.5,0.41,2025-08-04,925,N,VIIRS,n,2,290.17,16.11,N,0
41.27615,-116.86481,317.73,0.5,0.41,2025-08-04,925,N,VIIRS,n,2,284.99,26.27,N,0
41.27638,-116.90083,354.01,0.5,0.41,2025-08-04,925,N,VIIRS,n,2,286.72,16.11,N,0
41.27683,-116.87089,328.05,0.5,0.41,2025-08-04,925,N,VIIRS,n,2,287.34,5.65,N,0
41.27701,-116.9064,367,0.5,0.41,2025-08-04,925,N,VIIRS,h,2,278.57,44.3,N,0
41.27752,-116.87694,322.27,0.5,0.41,2025-08-04,925,N,VIIRS,n,2,285.41,5.65,N,0
41.27762,-116.91186,367,0.5,0.41,2025-08-04,925,N,VIIRS,h,2,281.62,44.3,N,0
41.27785,-116.84614,317.89,0.5,0.41,2025-08-04,925,N,VIIRS,n,2,288.82,9.65,N,0
41.27818,-116.88286,323.95,0.5,0.41,2025-08-04,925,N,VIIRS,n,2,284.3,4.6,N,0
41.27824,-116.91727,347.37,0.5,0.41,2025-08-04,925,N,VIIRS,n,2,282.48,16.2,N,0
41.27853,-116.8521,335.5,0.5,0.41,2025-08-04,925,N,VIIRS,n,2,294.2,9.65,N,0
41.27884,-116.88867,333.74,0.5,0.41,2025-08-04,925,N,VIIRS,n,2,288.02,4.6,N,0
41.27886,-116.92284,304.31,0.5,0.41,2025-08-04,925,N,VIIRS,n,2,281.33,16.2,N,0
41.27921,-116.8581,347.03,0.5,0.41,2025-08-04,925,N,VIIRS,n,2,305.81,26.27,N,0
41.2795,-116.89445,333.02,0.5,0.41,2025-08-04,925,N,VIIRS,n,2,291.13,5.24,N,0
41.2799,-116.86415,309.47,0.5,0.41,2025-08-04,925,N,VIIRS,n,2,283.59,26.27,N,0
41.28014,-116.90015,335.03,0.5,0.41,2025-08-04,925,N,VIIRS,n,2,285.78,5.24,N,0
41.28058,-116.87021,338.64,0.5,0.41,2025-08-04,925,N,VIIRS,n,2,286.96,5.65,N,0
41.28077,-116.90576,341.78,0.5,0.41,2025-08-04,925,N,VIIRS,n,2,277.71,6.7,N,0
41.28127,-116.87623,331.41,0.5,0.41,2025-08-04,925,N,VIIRS,n,2,284.33,5.65,N,0
41.28139,-116.91127,345.14,0.5,0.41,2025-08-04,925,N,VIIRS,n,2,277.61,6.7,N,0
41.2816,-116.8455,301.74,0.5,0.41,2025-08-04,925,N,VIIRS,n,2,284.24,1.32,N,0
41.28193,-116.88213,319.33,0.5,0.41,2025-08-04,925,N,VIIRS,n,2,283.82,4.6,N,0
41.28201,-116.9167,327.63,0.5,0.41,2025-08-04,925,N,VIIRS,n,2,280.17,3.47,N,0
41.28229,-116.8515,311.12,0.5,0.41,2025-08-04,925,N,VIIRS,n,2,287.36,1.32,N,0
41.28259,-116.88792,324.12,0.5,0.41,2025-08-04,925,N,VIIRS,n,2,283.82,4.6,N,0
41.28297,-116.8575,354.78,0.5,0.41,2025-08-04,925,N,VIIRS,n,2,294.29,5.69,N,0
41.28325,-116.89375,325.98,0.5,0.41,2025-08-04,925,N,VIIRS,n,2,285.34,5.24,N,0
41.28365,-116.86353,306.53,0.5,0.41,2025-08-04,925,N,VIIRS,n,2,282.64,5.69,N,0
41.2839,-116.89949,327.43,0.5,0.41,2025-08-04,925,N,VIIRS,n,2,282.67,5.24,N,0
41.28434,-116.86955,338.99,0.5,0.41,2025-08-04,925,N,VIIRS,n,2,284.68,3.78,N,0
41.28453,-116.90514,328.69,0.5,0.41,2025-08-04,925,N,VIIRS,n,2,279.25,6.7,N,0
41.28502,-116.8755,325.47,0.5,0.41,2025-08-04,925,N,VIIRS,n,2,283.41,3.78,N,0
41.28516,-116.91072,329.24,0.5,0.41,2025-08-04,925,N,VIIRS,n,2,279.24,6.7,N,0
41.28536,-116.84485,305.56,0.5,0.41,2025-08-04,925,N,VIIRS,n,2,283.33,1.32,N,0
41.28568,-116.88136,315.32,0.5,0.41,2025-08-04,925,N,VIIRS,n,2,282.42,2.73,N,0
41.28579,-116.91625,307.65,0.5,0.41,2025-08-04,925,N,VIIRS,n,2,280.77,3.47,N,0
41.28605,-116.85091,303.07,0.5,0.41,2025-08-04,925,N,VIIRS,n,2,285.48,1.32,N,0
41.28633,-116.88716,320.57,0.5,0.41,2025-08-04,925,N,VIIRS,n,2,281.03,2.73,N,0
41.28672,-116.8569,306.06,0.5,0.41,2025-08-04,925,N,VIIRS,n,2,284.02,5.69,N,0
41.28699,-116.89302,320.63,0.5,0.41,2025-08-04,925,N,VIIRS,n,2,279.16,3,N,0
41.28741,-116.8629,316.85,0.5,0.41,2025-08-04,925,N,VIIRS,n,2,282.45,5.69,N,0
41.28765,-116.8988,322.14,0.5,0.41,2025-08-04,925,N,VIIRS,n,2,279.1,3,N,0
41.28809,-116.8689,313.75,0.5,0.41,2025-08-04,925,N,VIIRS,n,2,282.12,3.78,N,0
41.2883,-116.90452,320.74,0.5,0.41,2025-08-04,925,N,VIIRS,n,2,278.06,2.99,N,0
41.28876,-116.87477,312.82,0.5,0.41,2025-08-04,925,N,VIIRS,n,2,282.34,3.78,N,0
41.28894,-116.91019,324.55,0.5,0.41,2025-08-04,925,N,VIIRS,n,2,280.97,2.99,N,0
41.28942,-116.88058,312.51,0.5,0.41,2025-08-04,925,N,VIIRS,n,2,280.25,2.73,N,0
41.28958,-116.9158,335.93,0.5,0.41,2025-08-04,925,N,VIIRS,n,2,284.41,6.2,N,0
41.2898,-116.85026,300.36,0.5,0.41,2025-08-04,925,N,VIIRS,n,2,283.75,1.84,N,0
41.29007,-122.98792,309.96,0.33,0.55,2025-08-04,925,N,VIIRS,n,2,280.51,1.76,N,0
41.29007,-116.88639,312.46,0.5,0.41,2025-08-04,925,N,VIIRS,n,2,278.86,2.73,N,0
41.29037,-122.99274,310.64,0.33,0.55,2025-08-04,925,N,VIIRS,n,2,280.96,1.76,N,0
41.29049,-116.85632,316.43,0.5,0.41,2025-08-04,925,N,VIIRS,n,2,284.07,2.09,N,0
41.29061,-122.99677,349.04,0.33,0.56,2025-08-04,925,N,VIIRS,n,2,282.27,10.6,N,0
41.29074,-116.89224,314.16,0.5,0.41,2025-08-04,925,N,VIIRS,n,2,278.94,3,N,0
41.2908,-122.99986,367,0.33,0.56,2025-08-04,925,N,VIIRS,h,2,288.79,10.6,N,0
41.29098,-123.00282,341.42,0.33,0.56,2025-08-04,925,N,VIIRS,n,2,282.5,7.18,N,0
41.29116,-116.86226,318.22,0.5,0.41,2025-08-04,925,N,VIIRS,n,2,282.71,2.09,N,0
41.29118,-123.00612,339.8,0.33,0.56,2025-08-04,925,N,VIIRS,n,2,280.61,7.18,N,0
41.2914,-123.00981,304.53,0.33,0.56,2025-08-04,925,N,VIIRS,n,2,280.39,3.09,N,0
41.2914,-116.89807,313.15,0.5,0.41,2025-08-04,925,N,VIIRS,n,2,279.75,3,N,0
41.29184,-116.86816,309.78,0.5,0.41,2025-08-04,925,N,VIIRS,n,2,282.7,1.29,N,0
41.29206,-116.90385,311.87,0.5,0.41,2025-08-04,925,N,VIIRS,n,2,278.16,2.99,N,0
41.2925,-116.87402,307.07,0.5,0.41,2025-08-04,925,N,VIIRS,n,2,283.2,1.29,N,0
41.29271,-116.90965,311.66,0.5,0.41,2025-08-04,925,N,VIIRS,n,2,280.58,2.99,N,0
41.29316,-116.87981,308.03,0.5,0.41,2025-08-04,925,N,VIIRS,n,2,279.62,1.43,N,0
41.29336,-116.91537,329.38,0.5,0.41,2025-08-04,925,N,VIIRS,n,2,287.9,6.2,N,0
41.29382,-116.88561,308.21,0.5,0.41,2025-08-04,925,N,VIIRS,n,2,278.78,1.43,N,0
41.294,-116.92102,334.73,0.5,0.41,2025-08-04,925,N,VIIRS,n,2,285.6,6.2,N,0
41.29448,-116.89145,309.13,0.5,0.41,2025-08-04,925,N,VIIRS,n,2,280.13,1.38,N,0
41.29492,-116.86163,300.75,0.5,0.41,2025-08-04,925,N,VIIRS,n,2,281.77,2.09,N,0
41.29515,-116.89731,306,0.5,0.41,2025-08-04,925,N,VIIRS,n,2,278.56,1.38,N,0
41.2953,-116.93256,331.94,0.5,0.41,2025-08-04,925,N,VIIRS,n,2,283.61,4.95,N,0
41.29558,-116.86746,299.92,0.5,0.41,2025-08-04,925,N,VIIRS,n,2,281.05,1.29,N,0
41.29561,-122.99361,333.74,0.33,0.55,2025-08-04,925,N,VIIRS,n,2,283.21,3.99,N,0
41.29581,-116.90318,307.41,0.5,0.41,2025-08-04,925,N,VIIRS,n,2,278.65,1.44,N,0
41.29582,-122.99703,355.69,0.33,0.56,2025-08-04,925,N,VIIRS,n,2,287.04,4.75,N,0
41.29597,-116.93847,352.14,0.5,0.41,2025-08-04,925,N,VIIRS,n,2,293.08,27.91,N,0
41.29601,-123.00027,306.09,0.33,0.56,2025-08-04,925,N,VIIRS,n,2,282.27,4.75,N,0
41.2962,-123.00339,299.24,0.33,0.56,2025-08-04,925,N,VIIRS,n,2,280.72,2.41,N,0
41.29625,-116.87327,301.42,0.5,0.41,2025-08-04,925,N,VIIRS,n,2,281.11,1.29,N,0
41.29641,-123.00672,324.47,0.33,0.56,2025-08-04,925,N,VIIRS,n,2,282.83,2.41,N,0
41.29648,-116.90908,302.81,0.5,0.41,2025-08-04,925,N,VIIRS,n,2,282.27,1.44,N,0
41.29691,-116.8791,302.13,0.5,0.41,2025-08-04,925,N,VIIRS,n,2,279,1.43,N,0
41.29715,-116.9149,308.56,0.5,0.41,2025-08-04,925,N,VIIRS,n,2,288.67,4.16,N,0
41.29721,-122.99545,354.85,0.33,0.56,2025-08-04,925,N,VIIRS,n,2,286.38,3.87,N,0
41.2974,-122.99879,319.81,0.33,0.56,2025-08-04,925,N,VIIRS,n,2,282.18,3.38,N,0
41.29757,-116.88496,303.81,0.5,0.41,2025-08-04,925,N,VIIRS,n,2,277.83,1.43,N,0
41.29758,-123.00204,297.58,0.33,0.56,2025-08-04,925,N,VIIRS,n,2,280.34,3.38,N,0
41.29779,-116.92062,345.99,0.5,0.41,2025-08-04,925,N,VIIRS,n,2,294.59,4.16,N,0
41.29799,-116.855,296.87,0.5,0.41,2025-08-04,925,N,VIIRS,n,2,281.49,0.93,N,0
41.29824,-116.89081,301.96,0.5,0.41,2025-08-04,925,N,VIIRS,n,2,279.18,1.38,N,0
41.29844,-116.92636,295.13,0.5,0.41,2025-08-04,925,N,VIIRS,n,2,282.26,3.74,N,0
41.29866,-116.86085,296.65,0.5,0.41,2025-08-04,925,N,VIIRS,n,2,280.42,0.93,N,0
41.29891,-116.89667,300.97,0.5,0.41,2025-08-04,925,N,VIIRS,n,2,279.48,1.38,N,0
41.29908,-116.93208,318.79,0.5,0.41,2025-08-04,925,N,VIIRS,n,2,287.62,3.74,N,0
41.29932,-116.86664,298.6,0.5,0.41,2025-08-04,925,N,VIIRS,n,2,280.09,1.11,N,0
41.29958,-116.90261,297.37,0.5,0.41,2025-08-04,925,N,VIIRS,n,2,277.84,1.44,N,0
41.29974,-116.93781,345.99,0.5,0.41,2025-08-04,925,N,VIIRS,n,2,294.75,5.47,N,0
41.29999,-116.87253,298.54,0.5,0.41,2025-08-04,925,N,VIIRS,n,2,279.98,1.11,N,0
41.30067,-116.87846,298.21,0.5,0.41,2025-08-04,925,N,VIIRS,n,2,279.07,1.16,N,0
41.30085,-122.99447,319.52,0.33,0.55,2025-08-04,925,N,VIIRS,n,2,282.29,3.99,N,0
41.30107,-122.99812,343.58,0.33,0.56,2025-08-04,925,N,VIIRS,n,2,285.14,4.75,N,0
41.30128,-123.00159,347.67,0.33,0.56,2025-08-04,925,N,VIIRS,n,2,284.07,4.75,N,0
41.30134,-116.88438,298.69,0.5,0.41,2025-08-04,925,N,VIIRS,n,2,278.22,1.16,N,0
41.3015,-123.005,315.44,0.33,0.56,2025-08-04,925,N,VIIRS,n,2,281.56,2.41,N,0
41.30158,-116.92022,301.86,0.5,0.41,2025-08-04,925,N,VIIRS,n,2,284.7,4.16,N,0
41.30173,-116.85425,309.24,0.5,0.41,2025-08-04,925,N,VIIRS,n,2,282.17,0.93,N,0
41.30246,-122.99651,316.73,0.33,0.56,2025-08-04,925,N,VIIRS,n,2,281.74,3.87,N,0
41.30265,-123.00011,323.64,0.33,0.56,2025-08-04,925,N,VIIRS,n,2,283,3.38,N,0
41.30285,-123.00365,352.68,0.33,0.56,2025-08-04,925,N,VIIRS,n,2,286.02,3.38,N,0
41.30304,-123.00706,303.81,0.33,0.56,2025-08-04,925,N,VIIRS,n,2,281.59,3.99,N,0
41.3035,-116.93719,297,0.5,0.41,2025-08-04,925,N,VIIRS,n,2,281.05,5.47,N,0
41.30491,-116.94962,329.81,0.5,0.41,2025-08-04,925,N,VIIRS,n,2,284.12,16.79,N,0
41.30563,-116.95596,350.68,0.51,0.41,2025-08-04,925,N,VIIRS,n,2,295.8,16.79,N,0
41.30578,-116.88969,305.95,0.5,0.41,2025-08-04,925,N,VIIRS,n,2,278.36,2.71,N,0
41.30634,-116.96227,309.58,0.51,0.41,2025-08-04,925,N,VIIRS,n,2,286.13,3.31,N,0
41.30644,-116.89549,314.77,0.5,0.41,2025-08-04,925,N,VIIRS,n,2,282.76,2.71,N,0
41.30653,-123.00244,304.63,0.33,0.56,2025-08-04,925,N,VIIRS,n,2,281.29,1.42,N,0
41.30678,-123.00645,330.6,0.33,0.56,2025-08-04,925,N,VIIRS,n,2,283.46,4.18,N,0
41.30703,-123.01051,346.9,0.33,0.56,2025-08-04,925,N,VIIRS,n,2,284,4.18,N,0
41.30712,-116.90142,316.51,0.5,0.41,2025-08-04,925,N,VIIRS,n,2,283.86,3.51,N,0
41.3073,-123.01492,307.91,0.33,0.56,2025-08-04,925,N,VIIRS,n,2,282.24,3.63,N,0
41.30833,-123.00878,345.06,0.33,0.56,2025-08-04,925,N,VIIRS,n,2,284.62,3.96,N,0
41.30858,-123.01339,341.81,0.33,0.56,2025-08-04,925,N,VIIRS,n,2,284.46,3.96,N,0
41.30865,-116.94877,347.68,0.5,0.41,2025-08-04,925,N,VIIRS,n,2,289.89,8.33,N,0
41.30919,-116.88882,299.54,0.5,0.41,2025-08-04,925,N,VIIRS,n,2,279.83,0.97,N,0
41.30937,-116.95506,329.03,0.51,0.41,2025-08-04,925,N,VIIRS,n,2,290.95,8.33,N,0
41.30954,-116.88905,297.83,0.5,0.41,2025-08-04,925,N,VIIRS,n,2,279.13,1,N,0
41.30999,-116.82632,309.16,0.5,0.41,2025-08-04,925,N,VIIRS,n,2,281.48,1.29,N,0
41.31003,-116.82666,309.91,0.5,0.41,2025-08-04,925,N,VIIRS,n,2,281.39,2.42,N,0
41.31009,-116.96137,367,0.51,0.41,2025-08-04,925,N,VIIRS,h,2,293.15,43.83,N,0
41.31136,-116.83872,317.99,0.5,0.41,2025-08-04,925,N,VIIRS,n,2,282.14,4.27,N,0
41.31146,-116.83907,320.62,0.5,0.41,2025-08-04,925,N,VIIRS,n,2,282.16,1.72,N,0
41.3124,-116.94792,336.66,0.5,0.41,2025-08-04,925,N,VIIRS,n,2,294.34,8.33,N,0
41.31312,-116.95425,343.92,0.51,0.41,2025-08-04,925,N,VIIRS,n,2,305.64,8.33,N,0
41.31384,-116.96054,350.28,0.51,0.41,2025-08-04,925,N,VIIRS,n,2,328.31,43.83,N,0
41.31556,-116.94701,328.48,0.51,0.41,2025-08-04,925,N,VIIRS,n,2,289.61,2.33,N,0
41.31581,-116.8445,296.07,0.5,0.41,2025-08-04,925,N,VIIRS,n,2,280.03,1.62,N,0
41.31596,-116.84484,302.18,0.5,0.41,2025-08-04,925,N,VIIRS,n,2,280.46,1.72,N,0
41.31615,-116.94717,323.44,0.5,0.41,2025-08-04,925,N,VIIRS,n,2,288.86,5.53,N,0
41.31625,-116.9534,340.26,0.51,0.41,2025-08-04,925,N,VIIRS,n,2,305.7,17.69,N,0
41.31651,-116.85086,317.75,0.5,0.41,2025-08-04,925,N,VIIRS,n,2,280.8,1.62,N,0
41.31669,-116.85117,316.48,0.5,0.41,2025-08-04,925,N,VIIRS,n,2,280.86,2.55,N,0
41.31688,-116.95356,341.58,0.51,0.41,2025-08-04,925,N,VIIRS,n,2,307.97,5.53,N,0
41.31693,-116.95974,347.67,0.51,0.41,2025-08-04,925,N,VIIRS,n,2,312.86,17.69,N,0
41.3176,-116.95987,345.63,0.51,0.41,2025-08-04,925,N,VIIRS,n,2,305.26,23.02,N,0
41.31786,-116.8632,295.97,0.5,0.41,2025-08-04,925,N,VIIRS,n,2,280.69,1.44,N,0
41.3181,-116.86347,299.84,0.5,0.41,2025-08-04,925,N,VIIRS,n,2,280.8,0.63,N,0
41.31931,-116.9463,296.74,0.51,0.41,2025-08-04,925,N,VIIRS,n,2,282.6,2.33,N,0
41.31954,-116.84372,295.43,0.5,0.41,2025-08-04,925,N,VIIRS,n,2,280.21,0.5,N,0
41.31992,-116.94644,304.71,0.5,0.41,2025-08-04,925,N,VIIRS,n,2,283.61,5.53,N,0
41.32,-116.95267,327.88,0.51,0.41,2025-08-04,925,N,VIIRS,n,2,290.56,17.69,N,0
41.32024,-116.85007,298.14,0.5,0.41,2025-08-04,925,N,VIIRS,n,2,279.95,0.5,N,0
41.32064,-116.95283,316.92,0.51,0.41,2025-08-04,925,N,VIIRS,n,2,289.52,5.53,N,0
41.32069,-116.95904,327.91,0.51,0.41,2025-08-04,925,N,VIIRS,n,2,288.12,17.69,N,0
41.32137,-116.95916,336.93,0.51,0.41,2025-08-04,925,N,VIIRS,n,2,289.96,23.02,N,0
41.32161,-116.86247,317.45,0.5,0.41,2025-08-04,925,N,VIIRS,n,2,281.81,1.73,N,0
41.32376,-116.95191,303.05,0.51,0.41,2025-08-04,925,N,VIIRS,n,2,283.66,4,N,0
41.32445,-116.95822,337.16,0.51,0.41,2025-08-04,925,N,VIIRS,n,2,291.05,4,N,0
41.32512,-116.95834,332.02,0.51,0.41,2025-08-04,925,N,VIIRS,n,2,289.41,5.72,N,0
41.349,-116.97186,345.8,0.51,0.41,2025-08-04,925,N,VIIRS,n,2,289.79,31.61,N,0
41.3497,-116.97822,330.78,0.51,0.41,2025-08-04,925,N,VIIRS,n,2,297.68,31.61,N,0
41.35018,-116.94766,296.1,0.51,0.41,2025-08-04,925,N,VIIRS,n,2,280.54,1.15,N,0
41.35279,-116.97131,342.73,0.51,0.41,2025-08-04,925,N,VIIRS,n,2,302.72,31.61,N,0
41.35349,-116.97773,329.9,0.51,0.41,2025-08-04,925,N,VIIRS,n,2,286.41,31.61,N,0
41.35657,-116.97075,302.56,0.51,0.41,2025-08-04,925,N,VIIRS,n,2,282.75,7.03,N,0
41.3597,-116.96429,334.25,0.51,0.41,2025-08-04,925,N,VIIRS,n,2,287.27,6.66,N,0
41.36036,-116.9702,346.18,0.51,0.41,2025-08-04,925,N,VIIRS,n,2,289.73,7.03,N,0
41.36284,-116.95795,346.69,0.51,0.41,2025-08-04,925,N,VIIRS,n,2,289.53,31.83,N,0
41.36349,-116.96384,367,0.51,0.41,2025-08-04,925,N,VIIRS,h,2,323,31.83,N,0
41.36415,-116.96972,336.36,0.51,0.41,2025-08-04,925,N,VIIRS,n,2,297.92,63.83,N,0
41.36662,-116.95731,337.22,0.51,0.41,2025-08-04,925,N,VIIRS,n,2,284.03,31.83,N,0
41.36728,-116.9633,347.1,0.51,0.41,2025-08-04,925,N,VIIRS,n,2,286.27,31.83,N,0
41.41518,-115.62636,298.01,0.45,0.39,2025-08-04,925,N,VIIRS,n,2,283.58,1.48,N,0
41.41584,-115.6317,317.57,0.45,0.39,2025-08-04,925,N,VIIRS,n,2,283.98,1.48,N,0
36.35788,-114.90887,310.39,0.4,0.37,2025-08-04,926,N,VIIRS,n,2,298.17,1.55,N,2
37.4543,-121.93008,295.99,0.53,0.5,2025-08-04,926,N,VIIRS,n,2,285.9,0.98,N,2
38.0715,-122.14101,305.55,0.56,0.51,2025-08-04,926,N,VIIRS,n,2,291.82,1.92,N,2
38.07151,-122.14088,305.3,0.56,0.51,2025-08-04,926,N,VIIRS,n,2,292.47,1.75,N,2
38.97546,-122.63956,301.55,0.61,0.53,2025-08-04,926,N,VIIRS,n,2,288.49,1.38,N,0
38.97939,-122.63812,300.76,0.6,0.53,2025-08-04,926,N,VIIRS,n,2,288.98,1.23,N,0
38.97988,-122.64467,301.68,0.61,0.53,2025-08-04,926,N,VIIRS,n,2,288.19,1.46,N,0
38.98083,-122.64512,299.8,0.61,0.53,2025-08-04,926,N,VIIRS,n,2,288.17,1.16,N,0
38.98135,-122.6529,298.46,0.61,0.53,2025-08-04,926,N,VIIRS,n,2,288.27,0.66,N,0
39.62115,-119.26326,305.12,0.41,0.45,2025-08-04,926,N,VIIRS,n,2,289.62,0.79,N,2
33.41096,-117.4025,314.38,0.44,0.38,2025-08-04,927,N,VIIRS,n,2,290.79,1.07,N,0
33.4116,-117.4073,306.35,0.44,0.38,2025-08-04,927,N,VIIRS,n,2,291.13,1.07,N,0
33.4151,-117.40651,333.97,0.44,0.38,2025-08-04,927,N,VIIRS,n,2,294.56,3.86,N,0
33.4186,-117.40576,308.36,0.44,0.38,2025-08-04,927,N,VIIRS,n,2,292.12,3.86,N,0
33.77808,-118.23595,304.66,0.48,0.4,2025-08-04,927,N,VIIRS,n,2,294.44,1.05,N,2
33.79348,-117.47375,313.24,0.44,0.39,2025-08-04,927,N,VIIRS,n,2,291.01,0.68,N,2
33.82027,-118.24416,306.03,0.48,0.4,2025-08-04,927,N,VIIRS,n,2,294.55,1.5,N,2
33.8539,-118.33326,305.14,0.48,0.4,2025-08-04,927,N,VIIRS,n,2,294.68,1.59,N,2
33.9559,-117.12231,301.79,0.43,0.38,2025-08-04,927,N,VIIRS,n,2,290.89,0.55,N,2
34.03689,-118.10714,304.61,0.47,0.4,2025-08-04,927,N,VIIRS,n,2,290.85,0.61,N,2
34.04181,-117.81986,300.1,0.46,0.39,2025-08-04,927,N,VIIRS,n,2,290.1,0.22,N,2
34.14281,-117.4259,310.34,0.45,0.39,2025-08-04,927,N,VIIRS,n,2,291.46,0.29,N,2
34.14732,-118.72236,301.51,0.5,0.41,2025-08-04,927,N,VIIRS,n,2,288.55,0.45,N,0
34.15174,-118.19398,310.76,0.48,0.4,2025-08-04,927,N,VIIRS,n,2,283.28,0.78,N,2
34.29071,-118.80297,312.29,0.51,0.41,2025-08-04,927,N,VIIRS,n,2,288.98,1.63,N,2
34.31795,-118.51084,300.47,0.49,0.41,2025-08-04,927,N,VIIRS,n,2,289.48,0.44,N,2
34.32093,-118.51161,301.8,0.49,0.41,2025-08-04,927,N,VIIRS,n,2,289.38,0.58,N,2
34.33411,-118.51866,313.18,0.5,0.41,2025-08-04,927,N,VIIRS,n,2,290.35,1.03,N,2
34.35491,-116.85202,302.36,0.43,0.38,2025-08-04,927,N,VIIRS,n,2,291.71,0.95,N,2
34.42981,-118.64765,306.13,0.5,0.41,2025-08-04,927,N,VIIRS,n,2,288.37,1.44,N,2
34.60806,-117.33631,316.2,0.45,0.39,2025-08-04,927,N,VIIRS,n,2,294.03,2.56,N,2
34.62112,-117.10051,315.94,0.44,0.38,2025-08-04,927,N,VIIRS,n,2,294.86,1.69,N,2
34.96507,-119.97782,302.59,0.39,0.44,2025-08-04,927,N,VIIRS,n,2,289.03,0.7,N,0
34.96775,-119.96423,299.35,0.39,0.44,2025-08-04,927,N,VIIRS,n,2,288.63,0.52,N,0
34.96909,-119.97681,314.04,0.39,0.44,2025-08-04,927,N,VIIRS,n,2,290.31,0.7,N,0
34.96953,-119.98097,310.92,0.39,0.44,2025-08-04,927,N,VIIRS,n,2,288.52,1.43,N,0
34.97143,-119.96003,303.53,0.39,0.44,2025-08-04,927,N,VIIRS,n,2,290.6,1.29,N,0
34.97271,-119.97205,298.73,0.39,0.44,2025-08-04,927,N,VIIRS,n,2,287.53,0.76,N,0
34.97316,-119.97629,308.3,0.39,0.44,2025-08-04,927,N,VIIRS,n,2,290.5,0.76,N,0
34.9736,-119.9804,317.19,0.39,0.44,2025-08-04,927,N,VIIRS,n,2,291.28,1.41,N,0
34.97402,-119.98436,320.72,0.4,0.44,2025-08-04,927,N,VIIRS,n,2,291.94,1.41,N,0
34.9747,-119.95206,302.38,0.39,0.44,2025-08-04,927,N,VIIRS,n,2,289.6,1.03,N,0
34.97513,-119.95603,305.82,0.39,0.44,2025-08-04,927,N,VIIRS,n,2,292.09,1.29,N,0
34.97684,-119.97215,305.37,0.39,0.44,2025-08-04,927,N,VIIRS,n,2,290.04,0.76,N,0
34.97728,-119.9762,306.04,0.39,0.44,2025-08-04,927,N,VIIRS,n,2,291.29,0.76,N,0
34.9777,-119.98014,311.98,0.39,0.44,2025-08-04,927,N,VIIRS,n,2,291.24,1.41,N,0
34.97811,-119.98398,302.71,0.4,0.44,2025-08-04,927,N,VIIRS,n,2,290.91,1.41,N,0
34.97841,-119.94817,308.33,0.39,0.44,2025-08-04,927,N,VIIRS,n,2,289.18,0.89,N,0
34.97884,-119.95223,306.08,0.39,0.44,2025-08-04,927,N,VIIRS,n,2,290.81,0.89,N,0
34.98079,-119.93189,306.4,0.39,0.44,2025-08-04,927,N,VIIRS,n,2,287.58,4.08,N,0
34.98123,-119.93604,353.64,0.39,0.44,2025-08-04,927,N,VIIRS,n,2,293.69,4.08,N,0
34.98166,-119.94008,310.45,0.39,0.44,2025-08-04,927,N,VIIRS,n,2,290.63,2.08,N,0
34.9818,-119.97991,302.78,0.39,0.44,2025-08-04,927,N,VIIRS,n,2,290.97,0.87,N,0
34.98209,-119.94409,312.19,0.39,0.44,2025-08-04,927,N,VIIRS,n,2,290.78,2.08,N,0
34.98221,-119.98372,307.67,0.4,0.44,2025-08-04,927,N,VIIRS,n,2,293.96,0.87,N,0
34.98253,-119.94814,300.5,0.39,0.44,2025-08-04,927,N,VIIRS,n,2,289.44,0.89,N,0
34.9844,-120.08258,338.4,0.4,0.44,2025-08-04,927,N,VIIRS,n,2,289.47,8.91,N,0
34.98487,-119.93155,328.21,0.39,0.44,2025-08-04,927,N,VIIRS,n,2,289.12,7.94,N,0
34.98531,-119.93569,351.54,0.39,0.44,2025-08-04,927,N,VIIRS,n,2,299.88,7.94,N,0
34.98576,-119.93983,314.2,0.39,0.44,2025-08-04,927,N,VIIRS,n,2,291.72,2.19,N,0
34.9859,-119.97969,304.24,0.39,0.44,2025-08-04,927,N,VIIRS,n,2,292.38,0.87,N,0
34.98792,-119.96002,301.61,0.39,0.44,2025-08-04,927,N,VIIRS,n,2,290.22,1.82,N,0
34.98798,-120.07724,326.95,0.4,0.44,2025-08-04,927,N,VIIRS,n,2,292.96,2.67,N,0
34.98845,-120.08158,356.25,0.4,0.44,2025-08-04,927,N,VIIRS,n,2,301.1,8.91,N,0
34.98893,-120.08623,325.56,0.4,0.44,2025-08-04,927,N,VIIRS,n,2,288.73,8.91,N,0
34.9894,-119.93535,338.6,0.39,0.44,2025-08-04,927,N,VIIRS,n,2,289.93,7.94,N,0
34.98985,-119.93951,305.19,0.39,0.44,2025-08-04,927,N,VIIRS,n,2,290.15,2.19,N,0
34.99085,-119.9873,331.34,0.4,0.44,2025-08-04,927,N,VIIRS,n,2,293.36,3.1,N,0
34.99114,-120.06781,337.59,0.4,0.44,2025-08-04,927,N,VIIRS,n,2,289.5,4.36,N,0
34.99128,-119.99132,316.84,0.4,0.44,2025-08-04,927,N,VIIRS,n,2,292.75,3.1,N,0
34.9916,-120.0722,311.18,0.4,0.44,2025-08-04,927,N,VIIRS,n,2,290.72,2.19,N,0
34.99172,-119.99548,343.32,0.4,0.44,2025-08-04,927,N,VIIRS,n,2,292.49,5.97,N,0
34.99203,-120.07624,323.43,0.4,0.44,2025-08-04,927,N,VIIRS,n,2,292.08,2.19,N,0
34.99249,-120.08049,344.91,0.4,0.44,2025-08-04,927,N,VIIRS,n,2,294.79,3.7,N,0
34.99298,-120.08524,351.6,0.4,0.44,2025-08-04,927,N,VIIRS,n,2,291.17,3.7,N,0
34.99393,-119.93916,315.7,0.39,0.44,2025-08-04,927,N,VIIRS,n,2,290.41,1.57,N,0
34.99438,-119.94337,301.49,0.39,0.44,2025-08-04,927,N,VIIRS,n,2,289.31,1.57,N,0
34.99519,-120.06691,347.85,0.4,0.44,2025-08-04,927,N,VIIRS,n,2,294.01,4.36,N,0
34.99565,-120.07116,314.75,0.4,0.44,2025-08-04,927,N,VIIRS,n,2,292.81,2.19,N,0
34.99608,-120.07526,309.35,0.4,0.44,2025-08-04,927,N,VIIRS,n,2,292.12,2.19,N,0
34.99613,-119.95959,305.77,0.39,0.44,2025-08-04,927,N,VIIRS,n,2,290.93,2.13,N,0
34.99652,-120.07944,306,0.4,0.44,2025-08-04,927,N,VIIRS,n,2,291.32,3.7,N,0
34.99656,-119.96355,308.17,0.39,0.44,2025-08-04,927,N,VIIRS,n,2,291.9,1.76,N,0
34.99703,-120.08422,328.07,0.4,0.44,2025-08-04,927,N,VIIRS,n,2,292.86,3.7,N,0
34.99923,-120.06582,303.07,0.4,0.44,2025-08-04,927,N,VIIRS,n,2,291.98,1.08,N,0
35.00037,-119.99908,302.25,0.4,0.44,2025-08-04,927,N,VIIRS,n,2,289.53,2.68,N,0
35.00081,-120.0032,304.82,0.4,0.44,2025-08-04,927,N,VIIRS,n,2,290.93,1.25,N,0
35.00325,-119.98738,305.12,0.4,0.44,2025-08-04,927,N,VIIRS,n,2,289.6,3.64,N,0
35.00367,-119.99125,348.06,0.4,0.44,2025-08-04,927,N,VIIRS,n,2,297.19,3.64,N,0
35.00408,-119.99509,326.09,0.4,0.44,2025-08-04,927,N,VIIRS,n,2,297.92,2.68,N,0
35.00448,-119.99886,317.82,0.4,0.44,2025-08-04,927,N,VIIRS,n,2,296.88,2.68,N,0
35.0049,-120.00272,308.68,0.4,0.44,2025-08-04,927,N,VIIRS,n,2,293.37,1.25,N,0
35.00613,-120.09171,307.22,0.4,0.44,2025-08-04,927,N,VIIRS,n,2,291.67,1.44,N,0
35.00753,-119.9505,309.86,0.39,0.44,2025-08-04,927,N,VIIRS,n,2,288.64,2.21,N,0
35.00779,-119.99115,307.08,0.4,0.44,2025-08-04,927,N,VIIRS,n,2,293.83,1.43,N,0
35.00798,-119.95469,306.43,0.39,0.44,2025-08-04,927,N,VIIRS,n,2,289.48,2.08,N,0
35.0082,-119.99499,313.53,0.4,0.44,2025-08-04,927,N,VIIRS,n,2,295.77,1.55,N,0
35.00861,-119.9988,311.91,0.4,0.44,2025-08-04,927,N,VIIRS,n,2,293.68,1.55,N,0
35.0112,-119.95249,310.31,0.39,0.44,2025-08-04,927,N,VIIRS,n,2,290,1.83,N,0
35.01163,-119.95674,305.84,0.39,0.44,2025-08-04,927,N,VIIRS,n,2,288.86,1.04,N,0
35.01206,-119.95422,310.46,0.39,0.44,2025-08-04,927,N,VIIRS,n,2,289.74,1.18,N,0
35.01207,-119.96096,304.52,0.39,0.44,2025-08-04,927,N,VIIRS,n,2,288.62,1.04,N,0
35.0125,-119.96523,308.18,0.39,0.44,2025-08-04,927,N,VIIRS,n,2,289.24,1.22,N,0
35.01252,-119.95847,306.65,0.39,0.44,2025-08-04,927,N,VIIRS,n,2,288.52,1.18,N,0
35.01298,-119.96272,315.52,0.39,0.44,2025-08-04,927,N,VIIRS,n,2,289.53,1.75,N,0
35.01571,-119.95626,300.84,0.39,0.44,2025-08-04,927,N,VIIRS,n,2,288.48,1.04,N,0
35.01615,-119.96055,315.32,0.39,0.44,2025-08-04,927,N,VIIRS,n,2,289.91,1.04,N,0
35.01659,-119.96485,301.65,0.39,0.44,2025-08-04,927,N,VIIRS,n,2,288.38,1.22,N,0
35.0166,-119.95802,305.61,0.39,0.44,2025-08-04,927,N,VIIRS,n,2,288.58,1.18,N,0
35.01707,-119.9623,310.85,0.39,0.44,2025-08-04,927,N,VIIRS,n,2,289.43,1.75,N,0
35.01834,-120.12817,332.96,0.4,0.44,2025-08-04,927,N,VIIRS,n,2,288.99,2.12,N,0
35.01881,-120.13263,302.77,0.4,0.44,2025-08-04,927,N,VIIRS,n,2,287.81,1.91,N,0
35.02098,-120.11396,319.05,0.4,0.44,2025-08-04,927,N,VIIRS,n,2,289.46,1.32,N,0
35.02157,-119.97309,303.39,0.39,0.44,2025-08-04,927,N,VIIRS,n,2,288.53,0.69,N,0
35.02199,-119.97722,307.97,0.4,0.44,2025-08-04,927,N,VIIRS,n,2,288.58,0.69,N,0
35.02242,-120.12737,300.1,0.4,0.44,2025-08-04,927,N,VIIRS,n,2,289.72,0.7,N,0
35.02242,-119.98137,298.44,0.4,0.44,2025-08-04,927,N,VIIRS,n,2,288.14,0.63,N,0
35.02284,-119.98548,302,0.4,0.44,2025-08-04,927,N,VIIRS,n,2,289.4,0.63,N,0
35.02338,-120.13639,319.78,0.4,0.44,2025-08-04,927,N,VIIRS,n,2,289.25,2.68,N,0
35.02387,-120.14098,313.93,0.4,0.44,2025-08-04,927,N,VIIRS,n,2,288.31,2.61,N,0
35.02437,-120.14564,339.29,0.4,0.44,2025-08-04,927,N,VIIRS,n,2,288.73,2.61,N,0
35.02486,-120.15028,317.84,0.4,0.44,2025-08-04,927,N,VIIRS,n,2,286.03,2.59,N,0
35.02507,-120.11324,309.43,0.4,0.44,2025-08-04,927,N,VIIRS,n,2,289.04,1.32,N,0
35.02564,-119.97261,301.66,0.39,0.44,2025-08-04,927,N,VIIRS,n,2,288.46,0.69,N,0
35.02583,-120.09597,301.81,0.4,0.44,2025-08-04,927,N,VIIRS,n,2,290.39,1.95,N,0
35.02586,-120.15965,323.37,0.4,0.44,2025-08-04,927,N,VIIRS,n,2,285.66,4.48,N,0
35.02608,-119.97684,300.61,0.4,0.44,2025-08-04,927,N,VIIRS,n,2,288.41,0.69,N,0
35.02649,-120.08784,331.12,0.4,0.44,2025-08-04,927,N,VIIRS,n,2,291.23,6.04,N,0
35.02652,-119.98104,308.25,0.4,0.44,2025-08-04,927,N,VIIRS,n,2,289.02,0.63,N,0
35.02695,-119.98524,299.61,0.4,0.44,2025-08-04,927,N,VIIRS,n,2,289.47,0.63,N,0
35.02704,-120.0929,308.91,0.4,0.44,2025-08-04,927,N,VIIRS,n,2,291.18,2.5,N,0
35.02733,-120.11097,301.5,0.4,0.44,2025-08-04,927,N,VIIRS,n,2,288.72,0.9,N,0
35.02743,-120.02995,300.25,0.4,0.44,2025-08-04,927,N,VIIRS,n,2,288.77,1.53,N,0
35.02759,-120.09793,301.96,0.4,0.44,2025-08-04,927,N,VIIRS,n,2,290.49,2.5,N,0
35.02812,-120.10288,304.92,0.4,0.44,2025-08-04,927,N,VIIRS,n,2,290.33,1,N,0
35.02864,-120.10776,298.55,0.4,0.44,2025-08-04,927,N,VIIRS,n,2,288.53,1,N,0
35.02895,-120.14951,326.04,0.4,0.44,2025-08-04,927,N,VIIRS,n,2,290.36,2.59,N,0
35.02896,-120.08586,341.35,0.4,0.44,2025-08-04,927,N,VIIRS,n,2,294.29,8.34,N,0
35.02945,-120.09076,340.21,0.4,0.44,2025-08-04,927,N,VIIRS,n,2,298.04,8.34,N,0
35.02947,-120.15435,317.4,0.4,0.44,2025-08-04,927,N,VIIRS,n,2,287.54,2.59,N,0
35.02996,-120.15894,355.56,0.4,0.44,2025-08-04,927,N,VIIRS,n,2,294.25,4.48,N,0
35.02996,-120.09579,320.32,0.4,0.44,2025-08-04,927,N,VIIRS,n,2,292.27,1.95,N,0
35.03014,-120.08308,330.35,0.4,0.44,2025-08-04,927,N,VIIRS,n,2,292.65,6.04,N,0
35.03045,-120.16349,302.7,0.4,0.44,2025-08-04,927,N,VIIRS,n,2,287.65,4.48,N,0
35.03045,-120.10065,326.55,0.4,0.44,2025-08-04,927,N,VIIRS,n,2,292.17,1.95,N,0
35.03066,-120.08785,367,0.4,0.44,2025-08-04,927,N,VIIRS,h,2,301.12,6.04,N,0
35.03093,-120.10538,305.5,0.4,0.44,2025-08-04,927,N,VIIRS,n,2,289.41,0.9,N,0
35.03118,-120.09273,312.75,0.4,0.44,2025-08-04,927,N,VIIRS,n,2,291.61,2.5,N,0
35.03146,-120.15198,328.95,0.4,0.44,2025-08-04,927,N,VIIRS,n,2,289.96,1.62,N,0
35.0317,-120.09756,325.43,0.4,0.44,2025-08-04,927,N,VIIRS,n,2,291.78,2.5,N,0
35.03193,-120.15663,315.56,0.4,0.44,2025-08-04,927,N,VIIRS,n,2,289.58,1.62,N,0
35.03221,-120.10226,305.27,0.4,0.44,2025-08-04,927,N,VIIRS,n,2,289.83,1,N,0
35.03238,-120.16118,303.05,0.4,0.45,2025-08-04,927,N,VIIRS,n,2,289.05,1.16,N,0
35.03302,-120.14856,311.33,0.4,0.44,2025-08-04,927,N,VIIRS,n,2,289.12,1.98,N,0
35.03312,-120.08598,337.33,0.4,0.44,2025-08-04,927,N,VIIRS,n,2,292.02,3.64,N,0
35.03353,-120.15327,322.68,0.4,0.44,2025-08-04,927,N,VIIRS,n,2,290.29,1.98,N,0
35.0336,-120.09075,329.65,0.4,0.44,2025-08-04,927,N,VIIRS,n,2,291.27,3.64,N,0
35.03552,-120.15091,299.82,0.4,0.44,2025-08-04,927,N,VIIRS,n,2,289.41,1.62,N,0
35.05422,-120.17073,301.75,0.4,0.45,2025-08-04,927,N,VIIRS,n,2,288.17,0.99,N,0
35.10358,-120.2035,304.94,0.41,0.45,2025-08-04,927,N,VIIRS,n,2,289.85,1.77,N,0
35.10408,-120.20834,328.29,0.41,0.45,2025-08-04,927,N,VIIRS,n,2,290.42,1.77,N,0
35.10771,-120.20297,313.26,0.41,0.45,2025-08-04,927,N,VIIRS,n,2,289.69,1.77,N,0
35.10822,-120.20789,323.43,0.41,0.45,2025-08-04,927,N,VIIRS,n,2,289.97,1.77,N,0
35.10847,-120.17017,301.25,0.4,0.45,2025-08-04,927,N,VIIRS,n,2,287.87,0.93,N,0
35.10895,-120.17477,306.82,0.41,0.45,2025-08-04,927,N,VIIRS,n,2,289,0.87,N,0
35.10943,-120.17934,305.71,0.41,0.45,2025-08-04,927,N,VIIRS,n,2,288.64,0.87,N,0
35.11087,-120.19315,304.48,0.41,0.45,2025-08-04,927,N,VIIRS,n,2,289.31,3.29,N,0
35.11136,-120.19781,326.79,0.41,0.45,2025-08-04,927,N,VIIRS,n,2,290.98,3.29,N,0
35.11185,-120.20256,345.86,0.41,0.45,2025-08-04,927,N,VIIRS,n,2,293.38,8.84,N,0
35.11311,-120.17461,304.18,0.41,0.45,2025-08-04,927,N,VIIRS,n,2,288.91,0.87,N,0
35.11503,-120.19289,327.18,0.41,0.45,2025-08-04,927,N,VIIRS,n,2,291.38,3.29,N,0
35.11552,-120.19757,337.63,0.41,0.45,2025-08-04,927,N,VIIRS,n,2,291.92,3.29,N,0
35.11601,-120.20226,335.03,0.41,0.45,2025-08-04,927,N,VIIRS,n,2,290.8,8.84,N,0
35.12917,-120.16834,306.81,0.4,0.45,2025-08-04,927,N,VIIRS,n,2,288.7,1.35,N,0
35.12967,-120.17303,336.88,0.41,0.45,2025-08-04,927,N,VIIRS,n,2,291.46,4.05,N,0
35.13016,-120.17768,333.84,0.41,0.45,2025-08-04,927,N,VIIRS,n,2,291.46,4.05,N,0
35.13378,-120.17239,319.67,0.41,0.45,2025-08-04,927,N,VIIRS,n,2,289.86,4.73,N,0
35.13428,-120.17706,348.03,0.41,0.45,2025-08-04,927,N,VIIRS,n,2,294.47,4.73,N,0
35.13478,-120.18176,319.41,0.41,0.45,2025-08-04,927,N,VIIRS,n,2,289.19,5.22,N,0
35.13695,-120.16286,298.77,0.4,0.45,2025-08-04,927,N,VIIRS,n,2,287.71,0.93,N,0
35.13742,-120.16727,306.06,0.4,0.45,2025-08-04,927,N,VIIRS,n,2,288.6,0.93,N,0
35.1379,-120.17178,312.35,0.41,0.45,2025-08-04,927,N,VIIRS,n,2,288.93,4.73,N,0
35.13819,-120.13532,301.77,0.4,0.44,2025-08-04,927,N,VIIRS,n,2,288.81,1.35,N,0
35.1384,-120.17645,343.26,0.41,0.45,2025-08-04,927,N,VIIRS,n,2,294.27,4.73,N,0
35.1389,-120.18115,335.77,0.41,0.45,2025-08-04,927,N,VIIRS,n,2,288.76,5.22,N,0
35.13969,-120.16482,307.73,0.41,0.45,2025-08-04,927,N,VIIRS,n,2,288.45,0.94,N,0
35.14014,-120.16928,309.12,0.41,0.45,2025-08-04,927,N,VIIRS,n,2,288.93,0.94,N,0
35.1406,-120.1739,331.41,0.41,0.45,2025-08-04,927,N,VIIRS,n,2,290.51,5.47,N,0
35.14107,-120.1786,349.86,0.41,0.45,2025-08-04,927,N,VIIRS,n,2,292.26,5.47,N,0
35.14108,-120.1623,303.49,0.4,0.45,2025-08-04,927,N,VIIRS,n,2,288.49,1.42,N,0
35.14155,-120.16676,312.14,0.4,0.45,2025-08-04,927,N,VIIRS,n,2,288.44,1.42,N,0
35.14203,-120.17132,329.52,0.41,0.45,2025-08-04,927,N,VIIRS,n,2,289.35,2.5,N,0
35.14253,-120.17599,322.89,0.41,0.45,2025-08-04,927,N,VIIRS,n,2,288.71,2.5,N,0
35.14381,-120.16423,308.98,0.41,0.45,2025-08-04,927,N,VIIRS,n,2,289,0.94,N,0
35.14427,-120.16879,302.14,0.41,0.45,2025-08-04,927,N,VIIRS,n,2,288.08,0.94,N,0
35.14488,-120.05116,299.54,0.4,0.44,2025-08-04,927,N,VIIRS,n,2,288.66,3.86,N,0
35.14854,-120.04643,311.4,0.4,0.44,2025-08-04,927,N,VIIRS,n,2,288.34,1.96,N,0
35.14898,-120.05064,351.11,0.4,0.44,2025-08-04,927,N,VIIRS,n,2,292.57,3.86,N,0
35.14942,-120.055,328.87,0.4,0.44,2025-08-04,927,N,VIIRS,n,2,289.01,3.86,N,0
35.14992,-120.05989,305.57,0.4,0.44,2025-08-04,927,N,VIIRS,n,2,288.29,1.72,N,0
35.15154,-120.158,340.35,0.4,0.45,2025-08-04,927,N,VIIRS,n,2,291.85,5.4,N,0
35.15266,-120.04617,326.41,0.4,0.44,2025-08-04,927,N,VIIRS,n,2,294.49,17.34,N,0
35.15309,-120.05033,350.97,0.4,0.44,2025-08-04,927,N,VIIRS,n,2,300.5,7.34,N,0
35.15353,-120.05457,343.14,0.4,0.44,2025-08-04,927,N,VIIRS,n,2,291.27,7.34,N,0
35.15399,-120.05911,330.28,0.4,0.44,2025-08-04,927,N,VIIRS,n,2,290.49,2.13,N,0
35.15447,-120.06381,329,0.4,0.44,2025-08-04,927,N,VIIRS,n,2,289.45,2.13,N,0
35.15497,-120.06862,304.37,0.4,0.44,2025-08-04,927,N,VIIRS,n,2,287.51,0.88,N,0
35.15563,-120.15714,338.87,0.4,0.45,2025-08-04,927,N,VIIRS,n,2,292.67,16.47,N,0
35.15611,-120.16178,316.01,0.41,0.45,2025-08-04,927,N,VIIRS,n,2,290.21,8.79,N,0
35.15722,-120.05018,301.63,0.4,0.44,2025-08-04,927,N,VIIRS,n,2,287.91,7.34,N,0
35.15735,-120.09198,303.28,0.4,0.44,2025-08-04,927,N,VIIRS,n,2,287.41,0.89,N,0
35.15767,-120.05444,303.05,0.4,0.44,2025-08-04,927,N,VIIRS,n,2,288.87,7.34,N,0
35.15784,-120.09676,301.23,0.4,0.44,2025-08-04,927,N,VIIRS,n,2,287.31,0.81,N,0
35.15811,-120.05875,305.65,0.4,0.44,2025-08-04,927,N,VIIRS,n,2,289.82,2.13,N,0
35.15855,-120.06312,303.5,0.4,0.44,2025-08-04,927,N,VIIRS,n,2,287.69,2.13,N,0
35.15903,-120.06772,298.05,0.4,0.44,2025-08-04,927,N,VIIRS,n,2,286.62,0.88,N,0
35.15927,-120.15177,310.34,0.4,0.45,2025-08-04,927,N,VIIRS,n,2,289.99,16.47,N,0
35.15973,-120.15636,345.28,0.4,0.45,2025-08-04,927,N,VIIRS,n,2,306.95,16.47,N,0
35.16016,-120.11951,301.27,0.4,0.44,2025-08-04,927,N,VIIRS,n,2,288.81,1.39,N,0
35.16061,-120.12397,301.75,0.4,0.44,2025-08-04,927,N,VIIRS,n,2,288.11,0.54,N,0
35.16093,-120.08623,311.29,0.4,0.44,2025-08-04,927,N,VIIRS,n,2,289.03,0.89,N,0
35.16137,-120.05011,329.34,0.4,0.44,2025-08-04,927,N,VIIRS,n,2,288.86,4.27,N,0
35.16143,-120.09115,307.73,0.4,0.44,2025-08-04,927,N,VIIRS,n,2,288.17,0.89,N,0
35.16181,-120.05438,341.23,0.4,0.44,2025-08-04,927,N,VIIRS,n,2,291.88,4.27,N,0
35.16192,-120.09602,301.49,0.4,0.44,2025-08-04,927,N,VIIRS,n,2,287.96,0.81,N,0
35.16224,-120.05849,305.97,0.4,0.44,2025-08-04,927,N,VIIRS,n,2,288.86,1.91,N,0
35.1624,-120.10065,304.32,0.4,0.44,2025-08-04,927,N,VIIRS,n,2,291.08,0.81,N,0
35.16245,-120.14199,300.42,0.4,0.45,2025-08-04,927,N,VIIRS,n,2,288.56,3.98,N,0
35.16266,-120.06261,303.8,0.4,0.44,2025-08-04,927,N,VIIRS,n,2,286.94,1.91,N,0
35.16336,-120.15094,319.4,0.4,0.45,2025-08-04,927,N,VIIRS,n,2,290.83,23.8,N,0
35.16356,-120.07133,300.6,0.4,0.44,2025-08-04,927,N,VIIRS,n,2,287.09,1.34,N,0
35.16383,-120.15554,354.68,0.4,0.45,2025-08-04,927,N,VIIRS,n,2,305.7,23.8,N,0
35.16448,-120.08026,299.96,0.4,0.44,2025-08-04,927,N,VIIRS,n,2,288.86,3.57,N,0
35.1647,-120.1231,301.54,0.4,0.44,2025-08-04,927,N,VIIRS,n,2,287.86,0.54,N,0
35.16516,-120.12762,300.13,0.4,0.44,2025-08-04,927,N,VIIRS,n,2,288.07,0.54,N,0
35.16549,-120.04984,304.14,0.4,0.44,2025-08-04,927,N,VIIRS,n,2,285.64,4.27,N,0
35.16562,-120.13214,300.18,0.4,0.45,2025-08-04,927,N,VIIRS,n,2,288.34,0.74,N,0
35.16594,-120.05412,336.57,0.4,0.44,2025-08-04,927,N,VIIRS,n,2,289.89,4.27,N,0
35.16598,-120.09496,300.82,0.4,0.44,2025-08-04,927,N,VIIRS,n,2,288,0.58,N,0
35.16608,-120.13669,301.05,0.4,0.45,2025-08-04,927,N,VIIRS,n,2,288.07,0.74,N,0
35.16636,-120.05823,329.99,0.4,0.44,2025-08-04,927,N,VIIRS,n,2,290.43,1.91,N,0
35.16646,-120.0996,301.18,0.4,0.44,2025-08-04,927,N,VIIRS,n,2,288.81,0.58,N,0
35.16654,-120.14111,312.29,0.4,0.45,2025-08-04,927,N,VIIRS,n,2,289.4,3.98,N,0
35.16679,-120.06235,320.1,0.4,0.44,2025-08-04,927,N,VIIRS,n,2,289.14,1.91,N,0
35.16693,-120.10418,301.88,0.4,0.44,2025-08-04,927,N,VIIRS,n,2,289.41,1.01,N,0
35.16699,-120.14557,340.52,0.4,0.45,2025-08-04,927,N,VIIRS,n,2,291.86,3.98,N,0
35.16722,-120.06653,303.77,0.4,0.44,2025-08-04,927,N,VIIRS,n,2,288.12,1.34,N,0
35.16746,-120.15016,339.3,0.4,0.45,2025-08-04,927,N,VIIRS,n,2,297.77,23.8,N,0
35.16766,-120.07074,317.96,0.4,0.44,2025-08-04,927,N,VIIRS,n,2,289.84,1.34,N,0
35.16809,-120.07496,355.77,0.4,0.44,2025-08-04,927,N,VIIRS,n,2,294.46,3.57,N,0
35.16853,-120.07914,313.23,0.4,0.44,2025-08-04,927,N,VIIRS,n,2,289.63,3.57,N,0
35.16879,-120.12229,311.36,0.4,0.44,2025-08-04,927,N,VIIRS,n,2,290.36,1.62,N,0
35.16903,-120.08403,309.49,0.4,0.44,2025-08-04,927,N,VIIRS,n,2,290.11,1.47,N,0
35.16925,-120.12682,309.39,0.4,0.44,2025-08-04,927,N,VIIRS,n,2,289.67,1.62,N,0
35.16953,-120.08892,309.32,0.4,0.44,2025-08-04,927,N,VIIRS,n,2,290.54,1.47,N,0
35.16971,-120.13135,309.39,0.4,0.45,2025-08-04,927,N,VIIRS,n,2,289.76,5.58,N,0
35.17003,-120.09381,300.11,0.4,0.44,2025-08-04,927,N,VIIRS,n,2,288.88,0.58,N,0
35.17017,-120.1358,367,0.4,0.45,2025-08-04,927,N,VIIRS,h,2,293.79,5.58,N,0
35.17063,-120.14028,324.42,0.4,0.45,2025-08-04,927,N,VIIRS,n,2,289.42,4.31,N,0
35.17109,-120.14481,305.6,0.4,0.45,2025-08-04,927,N,VIIRS,n,2,287.86,4.31,N,0
35.17147,-120.10781,302.76,0.4,0.44,2025-08-04,927,N,VIIRS,n,2,289.84,1.01,N,0
35.17195,-120.1125,307.05,0.4,0.44,2025-08-04,927,N,VIIRS,n,2,290.32,1.92,N,0
35.17241,-120.11706,314.73,0.4,0.44,2025-08-04,927,N,VIIRS,n,2,289.84,1.92,N,0
35.17288,-120.12157,325.45,0.4,0.44,2025-08-04,927,N,VIIRS,n,2,290.75,1.62,N,0
35.17307,-120.08284,313.83,0.4,0.44,2025-08-04,927,N,VIIRS,n,2,290.84,1.2,N,0
35.17335,-120.12614,308.14,0.4,0.44,2025-08-04,927,N,VIIRS,n,2,289.63,1.62,N,0
35.17356,-120.08765,307.12,0.4,0.44,2025-08-04,927,N,VIIRS,n,2,290.04,1.2,N,0
35.17381,-120.13068,308.77,0.4,0.45,2025-08-04,927,N,VIIRS,n,2,290.8,5.58,N,0
35.17407,-120.09257,299.95,0.4,0.44,2025-08-04,927,N,VIIRS,n,2,289.04,0.73,N,0
35.17427,-120.13517,356.33,0.4,0.45,2025-08-04,927,N,VIIRS,n,2,299.81,5.58,N,0
35.17457,-120.09741,299.42,0.4,0.44,2025-08-04,927,N,VIIRS,n,2,288.63,0.73,N,0
35.17505,-120.1021,301.51,0.4,0.44,2025-08-04,927,N,VIIRS,n,2,288.68,0.6,N,0
35.17554,-120.10684,306.71,0.4,0.44,2025-08-04,927,N,VIIRS,n,2,288.28,0.6,N,0
35.17603,-120.1116,302.77,0.4,0.44,2025-08-04,927,N,VIIRS,n,2,287.72,1.62,N,0
35.17651,-120.11631,328.83,0.4,0.44,2025-08-04,927,N,VIIRS,n,2,289.74,1.62,N,0
35.17699,-120.12099,325.94,0.4,0.44,2025-08-04,927,N,VIIRS,n,2,289.04,1.75,N,0
35.17711,-120.0817,312.19,0.4,0.44,2025-08-04,927,N,VIIRS,n,2,289.69,1.2,N,0
35.17746,-120.12554,319.16,0.4,0.44,2025-08-04,927,N,VIIRS,n,2,287.66,1.75,N,0
35.17759,-120.08633,317.53,0.4,0.44,2025-08-04,927,N,VIIRS,n,2,291.58,1.2,N,0
35.17809,-120.09122,311.6,0.4,0.44,2025-08-04,927,N,VIIRS,n,2,290.34,0.73,N,0
35.17839,-120.1346,304.83,0.4,0.45,2025-08-04,927,N,VIIRS,n,2,286.79,0.65,N,0
35.17861,-120.09623,300.85,0.4,0.44,2025-08-04,927,N,VIIRS,n,2,289.09,0.73,N,0
35.18165,-120.08538,320.44,0.4,0.44,2025-08-04,927,N,VIIRS,n,2,290.31,2.33,N,0
35.18216,-120.09024,306.33,0.4,0.44,2025-08-04,927,N,VIIRS,n,2,289.79,2.53,N,0
35.18267,-120.09525,336.58,0.4,0.44,2025-08-04,927,N,VIIRS,n,2,293.36,2.53,N,0
32.49807,-116.79099,299.52,0.41,0.37,2025-08-04,928,N,VIIRS,n,2,288.8,0.53,N,2
37.95118,-122.40106,297.63,0.59,0.7,2025-08-04,1106,N,VIIRS,n,2,287.5,1.2,N,2
41.28825,-122.98933,314.23,0.44,0.63,2025-08-04,1106,N,VIIRS,n,2,280.97,3.72,N,0
41.28836,-122.9888,312.29,0.44,0.63,2025-08-04,1106,N,VIIRS,n,2,281.2,2.53,N,0
41.28936,-122.99313,313.13,0.44,0.63,2025-08-04,1106,N,VIIRS,n,2,280.87,2.68,N,0
41.28948,-122.99255,320.7,0.44,0.63,2025-08-04,1106,N,VIIRS,n,2,281.96,2.53,N,0
41.29087,-122.99727,303.53,0.44,0.63,2025-08-04,1106,N,VIIRS,n,2,280.07,2.05,N,0
41.29091,-122.99846,307.68,0.44,0.63,2025-08-04,1106,N,VIIRS,n,2,279.91,2.68,N,0
41.29744,-122.99934,300.21,0.44,0.63,2025-08-04,1106,N,VIIRS,n,2,280.55,2.32,N,0
41.29749,-122.99841,301.48,0.44,0.63,2025-08-04,1106,N,VIIRS,n,2,281.09,2.05,N,0
41.29926,-123.00437,297.1,0.44,0.63,2025-08-04,1106,N,VIIRS,n,2,279.89,1.75,N,0
41.30344,-122.99846,318.71,0.44,0.63,2025-08-04,1106,N,VIIRS,n,2,281.82,3.57,N,0
41.30361,-122.99789,311.66,0.44,0.63,2025-08-04,1106,N,VIIRS,n,2,281.07,2.51,N,0
41.30508,-123.00413,322.96,0.44,0.63,2025-08-04,1106,N,VIIRS,n,2,281.99,2.94,N,0
41.30523,-123.00337,327.2,0.44,0.63,2025-08-04,1106,N,VIIRS,n,2,282.39,2.51,N,0
41.30647,-123.0089,299.15,0.44,0.63,2025-08-04,1106,N,VIIRS,n,2,280.89,2.94,N,0
41.30666,-123.00819,296.8,0.44,0.63,2025-08-04,1106,N,VIIRS,n,2,280.97,3.36,N,0
41.30771,-123.0132,340.5,0.44,0.63,2025-08-04,1106,N,VIIRS,n,2,283.46,3.69,N,0
41.30791,-123.01242,333.01,0.44,0.63,2025-08-04,1106,N,VIIRS,n,2,283.14,3.36,N,0
41.30884,-123.01706,307.15,0.44,0.63,2025-08-04,1106,N,VIIRS,n,2,281,3.69,N,0
41.30906,-123.0163,320.67,0.44,0.62,2025-08-04,1106,N,VIIRS,n,2,281.84,5.44,N,0
33.40734,-117.40742,367,0.4,0.37,2025-08-04,2046,N,VIIRS,h,2,317.5,9.02,D,0
33.41891,-117.40089,347.54,0.4,0.37,2025-08-04,2046,N,VIIRS,l,2,322.34,8.91,D,0
33.42564,-117.4024,338.99,0.4,0.37,2025-08-04,2046,N,VIIRS,l,2,313.72,4.41,D,0
33.56425,-116.53248,352.73,0.39,0.36,2025-08-04,2046,N,VIIRS,n,2,324.9,7.89,D,0
33.56491,-116.52831,347.22,0.39,0.36,2025-08-04,2046,N,VIIRS,n,2,320.44,7.89,D,0
33.56755,-116.53322,350.92,0.39,0.36,2025-08-04,2046,N,VIIRS,n,2,324.65,58.55,D,0
33.56822,-116.52909,367,0.39,0.36,2025-08-04,2046,N,VIIRS,h,2,358.88,58.55,D,0
33.56889,-116.52493,367,0.39,0.36,2025-08-04,2046,N,VIIRS,h,2,360.94,132.88,D,0
33.56955,-116.52079,367,0.39,0.36,2025-08-04,2046,N,VIIRS,h,2,359.54,132.88,D,0
33.57021,-116.51665,367,0.39,0.36,2025-08-04,2046,N,VIIRS,l,2,368.96,310.12,D,0
33.57219,-116.5257,367,0.39,0.36,2025-08-04,2046,N,VIIRS,h,2,346.85,132.88,D,0
33.57285,-116.52158,367,0.39,0.36,2025-08-04,2046,N,VIIRS,l,2,372.88,132.88,D,0
33.57351,-116.51746,367,0.39,0.36,2025-08-04,2046,N,VIIRS,l,2,373.17,310.12,D,0
33.57417,-116.51333,367,0.39,0.36,2025-08-04,2046,N,VIIRS,l,2,342.93,310.12,D,0
33.5755,-116.52151,353.85,0.39,0.36,2025-08-04,2046,N,VIIRS,n,2,314.62,20.12,D,0
33.57616,-116.5174,356.18,0.39,0.36,2025-08-04,2046,N,VIIRS,n,2,312.15,16.91,D,0
33.57682,-116.51329,343.94,0.39,0.36,2025-08-04,2046,N,VIIRS,n,2,307.44,16.91,D,0
34.31916,-116.90388,356.44,0.39,0.36,2025-08-04,2046,N,VIIRS,n,2,330.84,33.41,D,0
34.31985,-116.89962,342.57,0.39,0.36,2025-08-04,2046,N,VIIRS,n,2,314.07,7.7,D,0
34.32122,-116.89114,340.08,0.39,0.36,2025-08-04,2046,N,VIIRS,n,2,309.39,5.08,D,0
34.32246,-116.90464,367,0.39,0.36,2025-08-04,2046,N,VIIRS,h,2,348.61,48.14,D,0
34.32315,-116.90042,367,0.39,0.36,2025-08-04,2046,N,VIIRS,h,2,353.41,99.85,D,0
34.32383,-116.8962,367,0.39,0.36,2025-08-04,2046,N,VIIRS,l,2,368.54,99.85,D,0
34.32451,-116.89199,367,0.39,0.36,2025-08-04,2046,N,VIIRS,l,2,382.55,212.05,D,0
34.32518,-116.88783,367,0.39,0.36,2025-08-04,2046,N,VIIRS,l,2,333.83,212.05,D,0
34.32576,-116.90543,367,0.39,0.36,2025-08-04,2046,N,VIIRS,l,2,332.37,48.14,D,0
34.32645,-116.90125,367,0.39,0.36,2025-08-04,2046,N,VIIRS,h,2,357.83,99.85,D,0
34.32713,-116.89705,367,0.39,0.36,2025-08-04,2046,N,VIIRS,h,2,354.8,99.85,D,0
34.3278,-116.89285,367,0.39,0.36,2025-08-04,2046,N,VIIRS,l,2,356.84,212.05,D,0
34.32974,-116.90208,367,0.39,0.36,2025-08-04,2046,N,VIIRS,h,2,310.88,19.9,D,0
34.33041,-116.89795,352.74,0.39,0.36,2025-08-04,2046,N,VIIRS,n,2,304.26,19.9,D,0
34.97217,-119.93494,356,0.46,0.39,2025-08-04,2047,N,VIIRS,n,2,327.57,43.24,D,0
34.97306,-119.93018,367,0.46,0.39,2025-08-04,2047,N,VIIRS,h,2,343.38,142.75,D,0
34.9757,-119.9361,355.2,0.46,0.39,2025-08-04,2047,N,VIIRS,n,2,323.58,43.24,D,0
34.97659,-119.93134,367,0.46,0.39,2025-08-04,2047,N,VIIRS,l,2,329.62,142.75,D,0
34.97859,-120.0813,367,0.47,0.4,2025-08-04,2047,N,VIIRS,h,2,315.23,42.52,D,0
34.97954,-120.07624,367,0.47,0.4,2025-08-04,2047,N,VIIRS,l,2,326.5,42.52,D,0
34.98013,-119.93246,367,0.46,0.39,2025-08-04,2047,N,VIIRS,h,2,320.43,39.02,D,0
34.98222,-120.0821,356.26,0.47,0.4,2025-08-04,2047,N,VIIRS,n,2,315.54,71.01,D,0
34.98317,-120.07702,367,0.47,0.4,2025-08-04,2047,N,VIIRS,h,2,343.98,71.01,D,0
34.98411,-120.07199,342.3,0.47,0.4,2025-08-04,2047,N,VIIRS,n,2,308.25,53.22,D,0
34.98486,-120.08814,340.85,0.47,0.4,2025-08-04,2047,N,VIIRS,n,2,310.48,11.39,D,0
34.98585,-120.08292,350.31,0.47,0.4,2025-08-04,2047,N,VIIRS,n,2,314.6,71.01,D,0
34.98616,-120.06105,352.01,0.47,0.4,2025-08-04,2047,N,VIIRS,n,2,304.86,58.75,D,0
34.98721,-120.05545,355.17,0.47,0.4,2025-08-04,2047,N,VIIRS,n,2,308.03,58.75,D,0
34.98724,-119.93467,367,0.46,0.39,2025-08-04,2047,N,VIIRS,l,2,329.02,102.26,D,0
34.98772,-120.07285,367,0.47,0.4,2025-08-04,2047,N,VIIRS,l,2,336.69,53.22,D,0
34.98823,-119.98959,367,0.47,0.39,2025-08-04,2047,N,VIIRS,h,2,313.6,82.03,D,0
34.9887,-120.06763,354.58,0.47,0.4,2025-08-04,2047,N,VIIRS,n,2,314.41,53.22,D,0
34.98946,-120.08376,355.44,0.47,0.4,2025-08-04,2047,N,VIIRS,n,2,319.01,15.33,D,0
34.98973,-120.06217,367,0.47,0.4,2025-08-04,2047,N,VIIRS,h,2,340.26,58.75,D,0
34.99044,-120.07851,342.98,0.47,0.4,2025-08-04,2047,N,VIIRS,l,2,314.9,15.33,D,0
34.99078,-120.0565,367,0.47,0.4,2025-08-04,2047,N,VIIRS,h,2,352.44,58.75,D,0
34.99079,-119.93575,367,0.46,0.39,2025-08-04,2047,N,VIIRS,h,2,337.43,102.26,D,0
34.99088,-119.99554,367,0.47,0.39,2025-08-04,2047,N,VIIRS,h,2,299.55,228.82,D,0
34.99137,-120.07358,356.24,0.47,0.4,2025-08-04,2047,N,VIIRS,n,2,322.85,42.97,D,0
34.99178,-119.9907,367,0.47,0.39,2025-08-04,2047,N,VIIRS,h,2,309.85,228.82,D,0
34.99231,-120.06853,354.31,0.47,0.4,2025-08-04,2047,N,VIIRS,n,2,321.99,42.97,D,0
34.99308,-120.08463,356.51,0.47,0.4,2025-08-04,2047,N,VIIRS,n,2,316.23,15.33,D,0
34.9933,-120.06325,367,0.47,0.4,2025-08-04,2047,N,VIIRS,h,2,343.95,116.91,D,0
34.99434,-119.93682,367,0.46,0.39,2025-08-04,2047,N,VIIRS,h,2,313.36,23.62,D,0
34.99435,-120.05758,367,0.47,0.4,2025-08-04,2047,N,VIIRS,h,2,372.76,116.91,D,0
34.99444,-119.99661,367,0.47,0.39,2025-08-04,2047,N,VIIRS,l,2,335.21,228.82,D,0
34.99533,-119.99181,367,0.47,0.39,2025-08-04,2047,N,VIIRS,h,2,361.87,228.82,D,0
34.9962,-119.98719,367,0.47,0.39,2025-08-04,2047,N,VIIRS,h,2,365.74,683.21,D,0
34.99689,-120.06421,367,0.47,0.4,2025-08-04,2047,N,VIIRS,l,2,328.48,116.91,D,0
34.99789,-119.9379,367,0.46,0.39,2025-08-04,2047,N,VIIRS,h,2,316.2,23.62,D,0
34.99791,-120.05877,353.03,0.47,0.4,2025-08-04,2047,N,VIIRS,n,2,317.96,116.91,D,0
34.99799,-119.99778,367,0.47,0.39,2025-08-04,2047,N,VIIRS,h,2,357.21,183.23,D,0
34.99887,-119.99306,367,0.47,0.39,2025-08-04,2047,N,VIIRS,h,2,347.58,183.23,D,0
34.99972,-119.98849,367,0.47,0.39,2025-08-04,2047,N,VIIRS,l,2,383.27,434.16,D,0
35.00057,-119.98392,367,0.47,0.39,2025-08-04,2047,N,VIIRS,l,2,325.81,434.16,D,0
35.00153,-119.99894,367,0.47,0.39,2025-08-04,2047,N,VIIRS,h,2,359.38,183.23,D,0
35.0024,-119.99432,367,0.47,0.39,2025-08-04,2047,N,VIIRS,l,2,340.12,183.23,D,0
35.0041,-119.98518,367,0.47,0.39,2025-08-04,2047,N,VIIRS,h,2,353.91,434.16,D,0
35.00676,-120.133,354.64,0.47,0.4,2025-08-04,2047,N,VIIRS,n,2,301.01,12.05,D,0
35.00772,-120.12782,367,0.47,0.4,2025-08-04,2047,N,VIIRS,h,2,300.37,12.05,D,0
35.00846,-120.1442,353.54,0.47,0.4,2025-08-04,2047,N,VIIRS,n,2,302.04,204.48,D,0
35.00869,-120.12259,356.81,0.47,0.4,2025-08-04,2047,N,VIIRS,n,2,298.35,19.63,D,0
35.01033,-119.99208,350.31,0.47,0.39,2025-08-04,2047,N,VIIRS,l,2,321.24,41.51,D,0
35.0104,-120.13374,367,0.47,0.4,2025-08-04,2047,N,VIIRS,l,2,366.18,273.49,D,0
35.01096,-120.14774,367,0.47,0.4,2025-08-04,2047,N,VIIRS,l,2,326.74,77.65,D,0
35.01135,-120.12863,367,0.47,0.4,2025-08-04,2047,N,VIIRS,l,2,370.65,273.49,D,0
35.01198,-120.14243,367,0.47,0.4,2025-08-04,2047,N,VIIRS,l,2,385.9,165.4,D,0
35.01207,-120.14512,367,0.47,0.4,2025-08-04,2047,N,VIIRS,h,2,362.39,204.48,D,0
35.01229,-120.1236,367,0.47,0.4,2025-08-04,2047,N,VIIRS,h,2,343.88,440.44,D,0
35.01299,-120.13717,367,0.47,0.4,2025-08-04,2047,N,VIIRS,l,2,340.62,165.4,D,0
35.01307,-120.13978,367,0.47,0.4,2025-08-04,2047,N,VIIRS,h,2,364.92,204.48,D,0
35.01396,-120.13209,367,0.47,0.4,2025-08-04,2047,N,VIIRS,h,2,350.59,260.73,D,0
35.01403,-120.13461,352.95,0.47,0.4,2025-08-04,2047,N,VIIRS,l,2,335.69,273.49,D,0
35.01455,-120.14878,367,0.47,0.4,2025-08-04,2047,N,VIIRS,h,2,349.89,77.65,D,0
35.01491,-120.12703,367,0.47,0.4,2025-08-04,2047,N,VIIRS,l,2,386.3,260.73,D,0
35.01497,-120.12955,367,0.47,0.4,2025-08-04,2047,N,VIIRS,h,2,365.12,273.49,D,0
35.01526,-120.1076,367,0.47,0.4,2025-08-04,2047,N,VIIRS,h,2,342.18,178.8,D,0
35.01556,-120.14349,367,0.47,0.4,2025-08-04,2047,N,VIIRS,l,2,344.63,165.4,D,0
35.01566,-120.14619,367,0.47,0.4,2025-08-04,2047,N,VIIRS,h,2,355.63,73.51,D,0
35.01588,-120.12198,367,0.47,0.4,2025-08-04,2047,N,VIIRS,h,2,344.45,229.54,D,0
35.01591,-120.12449,367,0.47,0.4,2025-08-04,2047,N,VIIRS,l,2,373.79,440.44,D,0
35.01657,-120.13822,367,0.47,0.4,2025-08-04,2047,N,VIIRS,h,2,328.46,165.4,D,0
35.01664,-120.14087,355.12,0.47,0.4,2025-08-04,2047,N,VIIRS,l,2,338.06,73.51,D,0
35.01686,-120.11934,354.9,0.47,0.4,2025-08-04,2047,N,VIIRS,n,2,304.93,440.44,D,0
35.01687,-120.11678,348.61,0.47,0.4,2025-08-04,2047,N,VIIRS,n,2,302.37,229.54,D,0
35.01716,-120.15498,367,0.47,0.4,2025-08-04,2047,N,VIIRS,h,2,340.18,110.91,D,0
35.01755,-120.13309,356.22,0.47,0.4,2025-08-04,2047,N,VIIRS,l,2,332.03,260.73,D,0
35.01762,-120.13567,356.99,0.47,0.4,2025-08-04,2047,N,VIIRS,n,2,328.55,54.83,D,0
35.01815,-120.14977,367,0.47,0.4,2025-08-04,2047,N,VIIRS,h,2,364.26,110.91,D,0
35.0183,-120.15241,367,0.47,0.4,2025-08-04,2047,N,VIIRS,h,2,358.73,226.65,D,0
35.01853,-120.12798,367,0.47,0.4,2025-08-04,2047,N,VIIRS,h,2,338.61,260.73,D,0
35.01857,-120.13054,367,0.47,0.4,2025-08-04,2047,N,VIIRS,l,2,342.05,54.83,D,0
35.01886,-120.10855,367,0.47,0.4,2025-08-04,2047,N,VIIRS,h,2,346.26,178.8,D,0
35.01899,-120.10572,367,0.47,0.4,2025-08-04,2047,N,VIIRS,h,2,342.67,184.98,D,0
35.01915,-120.14458,367,0.47,0.4,2025-08-04,2047,N,VIIRS,l,2,349.58,45.86,D,0
35.01926,-120.14721,367,0.47,0.4,2025-08-04,2047,N,VIIRS,h,2,361.91,73.51,D,0
35.01952,-120.12539,367,0.47,0.4,2025-08-04,2047,N,VIIRS,l,2,329.65,75.03,D,0
35.02015,-120.1393,351.93,0.47,0.4,2025-08-04,2047,N,VIIRS,l,2,335.34,45.86,D,0
35.02023,-120.14198,355.14,0.47,0.4,2025-08-04,2047,N,VIIRS,l,2,337.23,73.51,D,0
35.02048,-120.12022,353.15,0.47,0.4,2025-08-04,2047,N,VIIRS,n,2,309.15,75.03,D,0
35.02049,-120.11769,350.94,0.47,0.4,2025-08-04,2047,N,VIIRS,n,2,320.58,229.54,D,0
35.02114,-120.13409,367,0.47,0.4,2025-08-04,2047,N,VIIRS,h,2,352.67,43.5,D,0
35.02121,-120.13669,367,0.47,0.4,2025-08-04,2047,N,VIIRS,h,2,356.72,54.83,D,0
35.02148,-120.1125,353.81,0.47,0.4,2025-08-04,2047,N,VIIRS,n,2,312.48,184.98,D,0
35.02176,-120.15075,367,0.47,0.4,2025-08-04,2047,N,VIIRS,l,2,332.44,110.91,D,0
35.02213,-120.12891,352.33,0.47,0.4,2025-08-04,2047,N,VIIRS,n,2,309.43,43.5,D,0
35.02217,-120.1315,354.41,0.47,0.4,2025-08-04,2047,N,VIIRS,n,2,323.34,54.83,D,0
35.02275,-120.14555,355.93,0.47,0.4,2025-08-04,2047,N,VIIRS,n,2,330.08,45.86,D,0
35.02377,-120.14023,353.57,0.47,0.4,2025-08-04,2047,N,VIIRS,l,2,331.59,45.86,D,0
35.02411,-120.11851,350.48,0.47,0.4,2025-08-04,2047,N,VIIRS,n,2,311.69,13.75,D,0
35.02476,-120.13499,352.28,0.47,0.4,2025-08-04,2047,N,VIIRS,n,2,313.08,43.5,D,0
35.02507,-120.11349,352.71,0.47,0.4,2025-08-04,2047,N,VIIRS,n,2,311.55,19.41,D,0
35.02533,-120.03287,367,0.47,0.4,2025-08-04,2047,N,VIIRS,h,2,331.46,88.59,D,0
35.02535,-120.15177,355.68,0.47,0.4,2025-08-04,2047,N,VIIRS,l,2,332.46,37.28,D,0
35.026,-120.1108,351.11,0.47,0.4,2025-08-04,2047,N,VIIRS,n,2,309.04,78.45,D,0
35.02618,-119.98778,350.26,0.47,0.39,2025-08-04,2047,N,VIIRS,l,2,321.79,19.42,D,0
35.02627,-120.02779,367,0.47,0.4,2025-08-04,2047,N,VIIRS,h,2,337.33,195.82,D,0
35.02637,-120.14643,354.49,0.47,0.4,2025-08-04,2047,N,VIIRS,n,2,318.05,12.6,D,0
35.02739,-120.1411,351.55,0.47,0.4,2025-08-04,2047,N,VIIRS,n,2,312.25,12.6,D,0
35.02794,-120.15811,353.66,0.47,0.4,2025-08-04,2047,N,VIIRS,n,2,316.12,37.28,D,0
35.02894,-120.15283,367,0.47,0.4,2025-08-04,2047,N,VIIRS,h,2,326.68,37.28,D,0
35.02917,-120.09202,350.5,0.47,0.4,2025-08-04,2047,N,VIIRS,n,2,313.72,34.27,D,0
35.02983,-120.02891,367,0.47,0.4,2025-08-04,2047,N,VIIRS,h,2,333.56,103.68,D,0
35.02998,-120.08929,356.23,0.47,0.4,2025-08-04,2047,N,VIIRS,n,2,319.49,23.5,D,0
35.03017,-120.08675,348.34,0.47,0.4,2025-08-04,2047,N,VIIRS,n,2,315.73,34.27,D,0
35.03094,-120.08408,367,0.47,0.4,2025-08-04,2047,N,VIIRS,h,2,328.52,73,D,0
35.03115,-120.08163,367,0.47,0.4,2025-08-04,2047,N,VIIRS,h,2,343.43,139.38,D,0
35.03157,-120.15897,344.54,0.47,0.4,2025-08-04,2047,N,VIIRS,n,2,312.89,12.73,D,0
35.0317,-120.09856,356.35,0.47,0.4,2025-08-04,2047,N,VIIRS,n,2,316.14,26.3,D,0
35.03188,-120.079,367,0.47,0.4,2025-08-04,2047,N,VIIRS,l,2,326.35,73,D,0
35.03257,-120.15367,357,0.47,0.4,2025-08-04,2047,N,VIIRS,n,2,320.15,12.73,D,0
35.0327,-120.09333,367,0.47,0.4,2025-08-04,2047,N,VIIRS,l,2,330.87,34.27,D,0
35.03359,-120.14832,347.59,0.47,0.4,2025-08-04,2047,N,VIIRS,n,2,316.51,14.46,D,0
35.03368,-120.08818,348.47,0.47,0.4,2025-08-04,2047,N,VIIRS,n,2,310.75,34.27,D,0
35.0343,-120.10478,350.29,0.47,0.4,2025-08-04,2047,N,VIIRS,l,2,323.05,55.8,D,0
35.09993,-120.1986,339.97,0.47,0.4,2025-08-04,2047,N,VIIRS,n,2,308.16,4.75,D,0
35.10151,-120.21041,331.73,0.47,0.4,2025-08-04,2047,N,VIIRS,n,2,299.74,8.44,D,0
35.10252,-120.20502,367,0.47,0.4,2025-08-04,2047,N,VIIRS,h,2,312.59,8.44,D,0
35.10352,-120.19964,337.39,0.47,0.4,2025-08-04,2047,N,VIIRS,n,2,304,4.75,D,0
35.10512,-120.21143,350.84,0.47,0.4,2025-08-04,2047,N,VIIRS,n,2,305.74,27.46,D,0
35.10611,-120.20611,367,0.47,0.4,2025-08-04,2047,N,VIIRS,h,2,304.79,27.46,D,0
35.1071,-120.20078,367,0.47,0.4,2025-08-04,2047,N,VIIRS,l,2,349.45,197.23,D,0
35.10788,-120.21523,330.69,0.47,0.4,2025-08-04,2047,N,VIIRS,l,2,300.93,1.96,D,0
35.10808,-120.19554,346.38,0.47,0.4,2025-08-04,2047,N,VIIRS,n,2,303.68,197.23,D,0
35.10868,-120.21271,343.33,0.47,0.4,2025-08-04,2047,N,VIIRS,n,2,302.09,27.46,D,0
35.1089,-120.20991,352.1,0.47,0.4,2025-08-04,2047,N,VIIRS,n,2,313.05,163.56,D,0
35.10968,-120.20734,367,0.47,0.4,2025-08-04,2047,N,VIIRS,l,2,327.33,27.46,D,0
35.10993,-120.20453,367,0.47,0.4,2025-08-04,2047,N,VIIRS,h,2,360.42,163.56,D,0
35.11067,-120.20196,367,0.47,0.4,2025-08-04,2047,N,VIIRS,l,2,359.44,197.23,D,0
35.11094,-120.19928,367,0.47,0.4,2025-08-04,2047,N,VIIRS,h,2,327.05,124.4,D,0
35.11164,-120.19675,344.6,0.47,0.4,2025-08-04,2047,N,VIIRS,n,2,315.69,197.23,D,0
35.11188,-120.17514,354.88,0.47,0.4,2025-08-04,2047,N,VIIRS,n,2,316.74,17.34,D,0
35.11193,-120.19411,345.99,0.47,0.4,2025-08-04,2047,N,VIIRS,n,2,309.34,124.4,D,0
35.11245,-120.21118,346.56,0.47,0.4,2025-08-04,2047,N,VIIRS,n,2,312.06,163.56,D,0
35.1126,-120.1916,344.84,0.47,0.4,2025-08-04,2047,N,VIIRS,n,2,302.81,12.71,D,0
35.1129,-120.18901,347.38,0.47,0.4,2025-08-04,2047,N,VIIRS,n,2,304.34,53.82,D,0
35.11349,-120.20573,367,0.47,0.4,2025-08-04,2047,N,VIIRS,h,2,365.84,163.56,D,0
35.11424,-120.20319,367,0.47,0.4,2025-08-04,2047,N,VIIRS,h,2,360.02,132.93,D,0
35.1145,-120.20049,350.21,0.47,0.4,2025-08-04,2047,N,VIIRS,n,2,313.44,124.4,D,0
35.11486,-120.17875,340.73,0.47,0.4,2025-08-04,2047,N,VIIRS,n,2,306.9,10.19,D,0
35.1152,-120.198,355.5,0.47,0.4,2025-08-04,2047,N,VIIRS,n,2,305.75,132.93,D,0
35.11547,-120.17621,349.32,0.47,0.4,2025-08-04,2047,N,VIIRS,n,2,307.07,17.34,D,0
35.11548,-120.19534,367,0.47,0.4,2025-08-04,2047,N,VIIRS,h,2,309.71,124.4,D,0
35.11705,-120.20697,348.92,0.47,0.4,2025-08-04,2047,N,VIIRS,n,2,313.18,25.34,D,0
35.11714,-120.1876,339.51,0.47,0.4,2025-08-04,2047,N,VIIRS,n,2,303.51,180.71,D,0
35.1178,-120.20441,353.49,0.47,0.4,2025-08-04,2047,N,VIIRS,n,2,313.49,132.93,D,0
35.11805,-120.20174,367,0.47,0.4,2025-08-04,2047,N,VIIRS,h,2,311.14,89.18,D,0
35.11876,-120.19926,354.65,0.47,0.4,2025-08-04,2047,N,VIIRS,n,2,312.08,132.93,D,0
35.11972,-120.19411,367,0.47,0.4,2025-08-04,2047,N,VIIRS,h,2,346.43,180.71,D,0
35.12003,-120.19136,367,0.47,0.4,2025-08-04,2047,N,VIIRS,h,2,359.81,263.38,D,0
35.12752,-120.17199,367,0.47,0.4,2025-08-04,2047,N,VIIRS,h,2,344.79,121.61,D,0
35.13109,-120.17312,367,0.47,0.4,2025-08-04,2047,N,VIIRS,h,2,316.42,50.75,D,0
35.13368,-120.17939,352.1,0.47,0.4,2025-08-04,2047,N,VIIRS,n,2,320.44,71.9,D,0
35.13627,-120.18571,347.48,0.47,0.4,2025-08-04,2047,N,VIIRS,n,2,317.35,17.74,D,0
35.13726,-120.18047,350.58,0.47,0.4,2025-08-04,2047,N,VIIRS,n,2,323.07,17.74,D,0
35.13987,-120.18671,341.15,0.47,0.4,2025-08-04,2047,N,VIIRS,n,2,312.77,17.74,D,0
35.14085,-120.18151,348.69,0.47,0.4,2025-08-04,2047,N,VIIRS,n,2,313.43,17.74,D,0
35.14184,-120.17636,343.97,0.47,0.4,2025-08-04,2047,N,VIIRS,n,2,310.22,11.08,D,0
35.14282,-120.17118,348.89,0.47,0.4,2025-08-04,2047,N,VIIRS,n,2,311.15,11.08,D,0
35.14446,-120.1825,342.51,0.47,0.4,2025-08-04,2047,N,VIIRS,n,2,311.33,5.65,D,0
35.14478,-120.16087,353.44,0.47,0.4,2025-08-04,2047,N,VIIRS,n,2,319.44,55.08,D,0
35.14839,-120.1618,367,0.47,0.4,2025-08-04,2047,N,VIIRS,h,2,341.85,172.46,D,0
35.152,-120.1627,367,0.47,0.4,2025-08-04,2047,N,VIIRS,h,2,318.32,172.46,D,0
35.15552,-120.04444,353.57,0.47,0.39,2025-08-04,2047,N,VIIRS,n,2,317.88,10.3,D,0
35.15561,-120.16363,353.42,0.47,0.4,2025-08-04,2047,N,VIIRS,n,2,319.09,70.08,D,0
35.15815,-120.05047,367,0.47,0.39,2025-08-04,2047,N,VIIRS,h,2,317.9,10.3,D,0
35.15905,-120.04563,355.74,0.47,0.39,2025-08-04,2047,N,VIIRS,n,2,319.87,10.3,D,0
35.15921,-120.16461,355.62,0.47,0.4,2025-08-04,2047,N,VIIRS,n,2,322.79,70.08,D,0
35.1626,-120.04681,355.26,0.47,0.39,2025-08-04,2047,N,VIIRS,n,2,318.7,15.49,D,0
35.16282,-120.16554,367,0.47,0.4,2025-08-04,2047,N,VIIRS,h,2,340.82,237.67,D,0
35.1638,-120.16035,367,0.47,0.4,2025-08-04,2047,N,VIIRS,h,2,353.04,77.38,D,0
35.16479,-120.15511,367,0.47,0.4,2025-08-04,2047,N,VIIRS,h,2,346.27,77.38,D,0
35.16742,-120.16118,342.32,0.47,0.4,2025-08-04,2047,N,VIIRS,n,2,308.13,77.38,D,0
35.16938,-120.15086,367,0.47,0.4,2025-08-04,2047,N,VIIRS,h,2,335.5,173.33,D,0
35.17421,-120.12519,367,0.47,0.4,2025-08-04,2047,N,VIIRS,h,2,337.63,124.35,D,0
35.17518,-120.12005,350.72,0.47,0.4,2025-08-04,2047,N,VIIRS,n,2,310.97,11.86,D,0
35.17587,-120.13644,351.39,0.47,0.4,2025-08-04,2047,N,VIIRS,n,2,321.39,19.74,D,0
35.17616,-120.11483,367,0.47,0.4,2025-08-04,2047,N,VIIRS,h,2,321.19,11.86,D,0
35.17683,-120.13133,352.55,0.47,0.4,2025-08-04,2047,N,VIIRS,n,2,320.51,53.48,D,0
35.17715,-120.10952,367,0.47,0.4,2025-08-04,2047,N,VIIRS,l,2,334.61,77.38,D,0
35.17779,-120.12623,367,0.47,0.4,2025-08-04,2047,N,VIIRS,h,2,342.22,53.48,D,0
35.17876,-120.12108,367,0.47,0.4,2025-08-04,2047,N,VIIRS,h,2,336.13,140.22,D,0
35.17945,-120.1375,367,0.47,0.4,2025-08-04,2047,N,VIIRS,h,2,313.97,19.74,D,0
35.17975,-120.11579,367,0.47,0.4,2025-08-04,2047,N,VIIRS,h,2,349.38,140.22,D,0
35.18041,-120.13236,356.25,0.47,0.4,2025-08-04,2047,N,VIIRS,n,2,319.52,53.48,D,0
35.18076,-120.11039,367,0.47,0.4,2025-08-04,2047,N,VIIRS,h,2,341.64,221.38,D,0
35.18179,-120.10494,367,0.47,0.4,2025-08-04,2047,N,VIIRS,h,2,339.32,221.38,D,0
38.44675,-121.7934,335.61,0.49,0.4,2025-08-04,2048,N,VIIRS,n,2,309.16,11.2,D,0
39.11202,-122.2021,339.86,0.49,0.41,2025-08-04,2048,N,VIIRS,n,2,313.45,6.6,D,0
39.1139,-122.19879,338.62,0.49,0.41,2025-08-04,2048,N,VIIRS,n,2,310.2,5.64,D,0
39.35917,-122.10162,343.99,0.49,0.4,2025-08-04,2048,N,VIIRS,n,2,307.68,9.4,D,0
39.36075,-122.10423,331.41,0.49,0.4,2025-08-04,2048,N,VIIRS,l,2,306.3,4.87,D,0
39.36184,-122.0987,346.28,0.49,0.4,2025-08-04,2048,N,VIIRS,n,2,303.93,4.87,D,0
39.47813,-122.02726,336.25,0.48,0.4,2025-08-04,2048,N,VIIRS,n,2,310.69,6.82,D,0
39.47921,-122.02177,340.83,0.48,0.4,2025-08-04,2048,N,VIIRS,n,2,307.59,7.92,D,0
39.48017,-122.02545,348.11,0.48,0.4,2025-08-04,2048,N,VIIRS,n,2,307.87,9.75,D,0
39.71074,-121.84998,337.56,0.47,0.4,2025-08-04,2048,N,VIIRS,l,2,310.71,4.92,D,0
41.2237,-116.83286,367,0.39,0.36,2025-08-04,2048,N,VIIRS,l,2,326.43,17.12,D,0
41.22437,-116.8282,367,0.39,0.36,2025-08-04,2048,N,VIIRS,l,2,325.6,8.49,D,0
41.22504,-116.82355,367,0.39,0.36,2025-08-04,2048,N,VIIRS,l,2,328.55,8.49,D,0
41.22766,-116.82915,352.81,0.39,0.36,2025-08-04,2048,N,VIIRS,l,2,325.6,12.76,D,0
41.22833,-116.82447,367,0.39,0.36,2025-08-04,2048,N,VIIRS,l,2,325.37,12.76,D,0
41.23481,-116.815,367,0.39,0.36,2025-08-04,2048,N,VIIRS,l,2,326.49,22.94,D,0
41.23548,-116.8103,354.79,0.39,0.36,2025-08-04,2048,N,VIIRS,l,2,330.18,36.9,D,0
41.23611,-116.83012,353.25,0.39,0.36,2025-08-04,2048,N,VIIRS,l,2,324.31,44.63,D,0
41.23812,-116.81593,367,0.39,0.36,2025-08-04,2048,N,VIIRS,l,2,338.29,22.94,D,0
41.23879,-116.81118,367,0.39,0.36,2025-08-04,2048,N,VIIRS,h,2,350.07,36.9,D,0
41.23942,-116.831,354.78,0.39,0.36,2025-08-04,2048,N,VIIRS,n,2,321.77,34.41,D,0
41.23944,-116.87913,356.77,0.39,0.36,2025-08-04,2048,N,VIIRS,n,2,314.42,32.28,D,0
41.23945,-116.8065,367,0.39,0.36,2025-08-04,2048,N,VIIRS,l,2,336.16,36.9,D,0
41.24011,-116.87444,367,0.39,0.36,2025-08-04,2048,N,VIIRS,l,2,326.12,32.28,D,0
41.24209,-116.81211,367,0.39,0.36,2025-08-04,2048,N,VIIRS,h,2,351.38,87.45,D,0
41.24276,-116.87992,356.32,0.39,0.36,2025-08-04,2048,N,VIIRS,l,2,343.3,32.28,D,0
41.24276,-116.80738,367,0.39,0.36,2025-08-04,2048,N,VIIRS,h,2,364.12,87.45,D,0
41.24342,-116.87524,367,0.39,0.36,2025-08-04,2048,N,VIIRS,h,2,356.1,32.28,D,0
41.24607,-116.80828,367,0.39,0.36,2025-08-04,2048,N,VIIRS,h,2,369.95,87.45,D,0
41.24673,-116.80356,350.71,0.39,0.36,2025-08-04,2048,N,VIIRS,n,2,309.4,62.73,D,0
41.24674,-116.87605,367,0.39,0.36,2025-08-04,2048,N,VIIRS,l,2,332.98,70.11,D,0
41.24677,-116.92387,367,0.39,0.36,2025-08-04,2048,N,VIIRS,h,2,339.46,75.61,D,0
41.24806,-116.91485,355.94,0.39,0.36,2025-08-04,2048,N,VIIRS,n,2,322.38,30.57,D,0
41.24943,-116.92918,367,0.39,0.36,2025-08-04,2048,N,VIIRS,l,2,336.77,75.61,D,0
41.25008,-116.92463,367,0.39,0.36,2025-08-04,2048,N,VIIRS,l,2,343.67,75.61,D,0
41.25074,-116.92009,354.45,0.39,0.36,2025-08-04,2048,N,VIIRS,l,2,328.35,30.57,D,0
41.25138,-116.91554,355.8,0.39,0.36,2025-08-04,2048,N,VIIRS,l,2,338.64,30.57,D,0
41.25209,-116.93452,355.17,0.39,0.36,2025-08-04,2048,N,VIIRS,n,2,315.77,25.26,D,0
41.25405,-116.92085,353.09,0.39,0.36,2025-08-04,2048,N,VIIRS,l,2,325.36,14.81,D,0
41.2547,-116.9163,367,0.39,0.36,2025-08-04,2048,N,VIIRS,h,2,319.51,14.81,D,0
41.25541,-116.93534,349.24,0.39,0.36,2025-08-04,2048,N,VIIRS,n,2,316.08,25.26,D,0
41.25736,-116.92166,367,0.39,0.36,2025-08-04,2048,N,VIIRS,h,2,325.54,14.81,D,0
41.25801,-116.86914,367,0.39,0.36,2025-08-04,2048,N,VIIRS,h,2,314.11,82.4,D,0
41.26662,-116.85689,350.48,0.39,0.36,2025-08-04,2048,N,VIIRS,l,2,331.57,55.88,D,0
41.26794,-116.84761,367,0.39,0.36,2025-08-04,2048,N,VIIRS,h,2,364.6,154.58,D,0
41.26796,-116.87151,367,0.39,0.36,2025-08-04,2048,N,VIIRS,h,2,330.76,61.44,D,0
41.2686,-116.84298,367,0.39,0.36,2025-08-04,2048,N,VIIRS,h,2,341.52,154.58,D,0
41.2706,-116.85305,354.57,0.39,0.36,2025-08-04,2048,N,VIIRS,n,2,318.83,44,D,0
41.27586,-116.91219,352.65,0.39,0.36,2025-08-04,2048,N,VIIRS,l,2,330.96,75.34,D,0
41.27591,-116.86389,354.25,0.39,0.36,2025-08-04,2048,N,VIIRS,n,2,314.53,15.75,D,0
41.27849,-116.91776,367,0.39,0.36,2025-08-04,2048,N,VIIRS,h,2,332.28,75.34,D,0
41.27917,-116.91302,367,0.39,0.36,2025-08-04,2048,N,VIIRS,h,2,374.39,75.34,D,0
41.27985,-116.90829,367,0.39,0.36,2025-08-04,2048,N,VIIRS,l,2,336.09,125.63,D,0
41.27989,-116.86008,356.47,0.39,0.36,2025-08-04,2048,N,VIIRS,n,2,322.66,32.33,D,0
41.28248,-116.91385,367,0.39,0.36,2025-08-04,2048,N,VIIRS,h,2,350.26,139.06,D,0
41.28254,-116.86551,367,0.39,0.36,2025-08-04,2048,N,VIIRS,l,2,337.38,70.58,D,0
41.28321,-116.86089,367,0.39,0.36,2025-08-04,2048,N,VIIRS,h,2,316.8,88.72,D,0
41.28586,-116.86631,367,0.39,0.36,2025-08-04,2048,N,VIIRS,h,2,354.85,70.58,D,0
41.28652,-116.86169,367,0.39,0.36,2025-08-04,2048,N,VIIRS,h,2,348.65,88.72,D,0
41.28718,-116.85705,367,0.39,0.36,2025-08-04,2048,N,VIIRS,h,2,349.81,88.72,D,0
41.28775,-116.92492,350.2,0.39,0.36,2025-08-04,2048,N,VIIRS,l,2,331.23,81.22,D,0
41.28911,-116.91547,350.84,0.39,0.36,2025-08-04,2048,N,VIIRS,l,2,325.35,59.49,D,0
41.28918,-116.86713,367,0.39,0.36,2025-08-04,2048,N,VIIRS,h,2,351.14,243.02,D,0
41.28984,-116.86249,367,0.39,0.36,2025-08-04,2048,N,VIIRS,h,2,361.56,202.6,D,0
41.29039,-116.93038,367,0.39,0.36,2025-08-04,2048,N,VIIRS,h,2,336.79,81.22,D,0
41.2904,-122.98846,343.98,0.49,0.4,2025-08-04,2048,N,VIIRS,n,2,301.21,9.75,D,0
41.29107,-116.92568,367,0.39,0.36,2025-08-04,2048,N,VIIRS,h,2,354.26,81.22,D,0
41.29175,-116.92095,367,0.39,0.36,2025-08-04,2048,N,VIIRS,h,2,338.14,59.49,D,0
41.29179,-123.00089,346.33,0.49,0.4,2025-08-04,2048,N,VIIRS,n,2,306.26,31.45,D,0
41.29243,-116.91625,367,0.39,0.36,2025-08-04,2048,N,VIIRS,l,2,332.6,59.49,D,0
41.2928,-122.99585,355.82,0.49,0.4,2025-08-04,2048,N,VIIRS,n,2,301.4,31.45,D,0
41.29316,-116.8633,355.25,0.39,0.36,2025-08-04,2048,N,VIIRS,n,2,295.38,202.6,D,0
41.29437,-123.0074,367,0.49,0.4,2025-08-04,2048,N,VIIRS,h,2,303.3,22.91,D,0
41.29439,-116.92645,356.95,0.39,0.36,2025-08-04,2048,N,VIIRS,n,2,313.57,35.15,D,0
41.29506,-116.92173,354.29,0.39,0.36,2025-08-04,2048,N,VIIRS,l,2,338.85,36.45,D,0
41.29569,-116.94122,367,0.39,0.36,2025-08-04,2048,N,VIIRS,h,2,330.92,49.19,D,0
41.29636,-116.93655,353.33,0.39,0.36,2025-08-04,2048,N,VIIRS,n,2,317.76,49.19,D,0
41.29639,-122.99727,349.73,0.49,0.4,2025-08-04,2048,N,VIIRS,n,2,297.5,31.45,D,0
41.29746,-122.99194,331.18,0.49,0.4,2025-08-04,2048,N,VIIRS,n,2,292.16,5.68,D,0
41.29838,-116.92252,350.75,0.39,0.36,2025-08-04,2048,N,VIIRS,n,2,317.49,36.45,D,0
41.29967,-116.93739,367,0.39,0.36,2025-08-04,2048,N,VIIRS,h,2,352.8,128.87,D,0
41.29995,-122.99886,348.96,0.49,0.4,2025-08-04,2048,N,VIIRS,n,2,296.84,157.46,D,0
41.30166,-116.94739,356.49,0.39,0.36,2025-08-04,2048,N,VIIRS,n,2,291.94,16.93,D,0
41.30232,-116.94281,367,0.39,0.36,2025-08-04,2048,N,VIIRS,l,2,341.03,128.87,D,0
41.30298,-116.93821,367,0.39,0.36,2025-08-04,2048,N,VIIRS,h,2,345.17,128.87,D,0
41.30497,-116.9482,356.54,0.39,0.36,2025-08-04,2048,N,VIIRS,n,2,298.48,5.39,D,0
41.30711,-123.00192,336.07,0.49,0.4,2025-08-04,2048,N,VIIRS,n,2,301.65,79.59,D,0
41.30836,-123.01509,328.66,0.49,0.4,2025-08-04,2048,N,VIIRS,n,2,296.68,6.38,D,0
41.30949,-123.00947,350.09,0.49,0.4,2025-08-04,2048,N,VIIRS,n,2,300.01,79.59,D,0
41.31689,-116.96066,356.35,0.39,0.36,2025-08-04,2048,N,VIIRS,n,2,317.69,25.25,D,0
41.31755,-116.95608,356.28,0.39,0.36,2025-08-04,2048,N,VIIRS,n,2,313.36,14.38,D,0
41.32087,-116.95689,350.02,0.39,0.36,2025-08-04,2048,N,VIIRS,n,2,317.03,14.38,D,0
41.32166,-116.856,354.42,0.39,0.36,2025-08-04,2048,N,VIIRS,n,2,312.24,10.1,D,0
41.32217,-116.94777,351.81,0.39,0.36,2025-08-04,2048,N,VIIRS,n,2,318.58,19.13,D,0
41.32432,-116.86143,354.21,0.39,0.36,2025-08-04,2048,N,VIIRS,n,2,313.47,8.88,D,0
41.32498,-116.85682,339.17,0.39,0.36,2025-08-04,2048,N,VIIRS,n,2,306.83,8.88,D,0
41.32564,-116.85222,354.55,0.39,0.36,2025-08-04,2048,N,VIIRS,n,2,307.81,6.07,D,0
41.32629,-116.84764,348.48,0.39,0.36,2025-08-04,2048,N,VIIRS,n,2,305.15,6.07,D,0
41.32668,-116.95667,367,0.39,0.36,2025-08-04,2048,N,VIIRS,h,2,327.55,36.01,D,0
41.32694,-116.84306,335.75,0.39,0.36,2025-08-04,2048,N,VIIRS,n,2,300.3,2.56,D,0
41.32933,-116.96211,367,0.39,0.36,2025-08-04,2048,N,VIIRS,l,2,325.19,10.03,D,0
41.34122,-116.97479,367,0.39,0.36,2025-08-04,2048,N,VIIRS,h,2,354.76,57.81,D,0
41.34388,-116.98017,367,0.39,0.36,2025-08-04,2048,N,VIIRS,l,2,330.4,57.81,D,0
41.34454,-116.97558,355.32,0.39,0.36,2025-08-04,2048,N,VIIRS,l,2,335.72,57.81,D,0
41.34719,-116.98096,367,0.39,0.36,2025-08-04,2048,N,VIIRS,l,2,326.69,57.05,D,0
41.34785,-116.97636,367,0.39,0.36,2025-08-04,2048,N,VIIRS,h,2,363.8,57.05,D,0
41.34851,-116.97177,367,0.39,0.36,2025-08-04,2048,N,VIIRS,h,2,317.27,38.31,D,0
41.35051,-116.98174,367,0.39,0.36,2025-08-04,2048,N,VIIRS,l,2,326.04,57.05,D,0
41.35117,-116.97715,367,0.39,0.36,2025-08-04,2048,N,VIIRS,l,2,330.57,57.05,D,0
41.35182,-116.97258,353.29,0.39,0.36,2025-08-04,2048,N,VIIRS,l,2,331.32,38.31,D,0
41.35249,-116.96793,367,0.39,0.36,2025-08-04,2048,N,VIIRS,h,2,351.01,38.31,D,0
41.35448,-116.97792,367,0.39,0.36,2025-08-04,2048,N,VIIRS,h,2,337.88,71.78,D,0
41.35514,-116.97337,367,0.39,0.36,2025-08-04,2048,N,VIIRS,h,2,361.15,168.66,D,0
41.3558,-116.96875,367,0.39,0.36,2025-08-04,2048,N,VIIRS,h,2,349.48,168.66,D,0
41.36045,-116.9602,350.3,0.39,0.36,2025-08-04,2048,N,VIIRS,n,2,317.18,28.83,D,0
41.36243,-116.97034,367,0.39,0.36,2025-08-04,2048,N,VIIRS,h,2,324.99,15.32,D,0
41.36574,-116.97112,353.93,0.39,0.36,2025-08-04,2048,N,VIIRS,n,2,320.35,15.32,D,0
40.82028,-114.25542,307.11,0.41,0.45,2025-08-05,906,N,VIIRS,n,2,289.18,1.34,N,2
41.21745,-116.81877,302.97,0.56,0.52,2025-08-05,906,N,VIIRS,n,2,284.51,2.07,N,0
41.21793,-116.82542,337.64,0.56,0.52,2025-08-05,906,N,VIIRS,n,2,288.59,4.55,N,0
41.22219,-116.8177,302.31,0.56,0.52,2025-08-05,906,N,VIIRS,n,2,284.82,2.07,N,0
41.22266,-116.82413,304.46,0.56,0.52,2025-08-05,906,N,VIIRS,n,2,286.08,4.55,N,0
41.23629,-116.94684,328.17,0.57,0.52,2025-08-05,906,N,VIIRS,n,2,288.39,6.85,N,0
41.23687,-116.95501,295.49,0.57,0.52,2025-08-05,906,N,VIIRS,n,2,284.96,13.09,N,0
41.24064,-116.93978,333.99,0.57,0.52,2025-08-05,906,N,VIIRS,n,2,291.62,6.85,N,0
41.24121,-116.94787,325.41,0.57,0.52,2025-08-05,906,N,VIIRS,n,2,293.58,6.85,N,0
41.2418,-116.9561,355.22,0.57,0.52,2025-08-05,906,N,VIIRS,n,2,295.21,13.09,N,0
41.24239,-116.96434,310.34,0.57,0.52,2025-08-05,906,N,VIIRS,n,2,288.25,13.09,N,0
41.24559,-116.94125,307.26,0.57,0.52,2025-08-05,906,N,VIIRS,n,2,288.06,16.36,N,0
41.24615,-116.94915,303.84,0.57,0.52,2025-08-05,906,N,VIIRS,n,2,287.84,16.36,N,0
41.24671,-116.9568,355.81,0.57,0.52,2025-08-05,906,N,VIIRS,n,2,292.51,13.58,N,0
41.25046,-116.94158,327.47,0.57,0.52,2025-08-05,906,N,VIIRS,n,2,287.66,16.36,N,0
41.25101,-116.94917,352.58,0.57,0.52,2025-08-05,906,N,VIIRS,n,2,294.45,16.36,N,0
41.25153,-116.95638,320.64,0.57,0.52,2025-08-05,906,N,VIIRS,n,2,287.1,13.58,N,0
41.25384,-116.94112,327,0.57,0.52,2025-08-05,906,N,VIIRS,n,2,288.36,5.52,N,0
41.25433,-116.94851,352.27,0.57,0.52,2025-08-05,906,N,VIIRS,n,2,306.21,35.91,N,0
41.25479,-116.95549,338.89,0.57,0.52,2025-08-05,906,N,VIIRS,n,2,291.8,35.91,N,0
41.2553,-116.94134,327.72,0.57,0.52,2025-08-05,906,N,VIIRS,n,2,289.27,12.99,N,0
41.25583,-116.9486,356.67,0.57,0.52,2025-08-05,906,N,VIIRS,n,2,299.88,12.99,N,0
41.25632,-116.95551,338.65,0.57,0.52,2025-08-05,906,N,VIIRS,n,2,287.1,17.24,N,0
41.25862,-116.94008,319.97,0.57,0.52,2025-08-05,906,N,VIIRS,n,2,287.05,5.52,N,0
41.2591,-116.94733,340.22,0.57,0.52,2025-08-05,906,N,VIIRS,n,2,290.3,35.91,N,0
41.26006,-116.94012,338.3,0.57,0.52,2025-08-05,906,N,VIIRS,n,2,289.22,12.99,N,0
41.26058,-116.94733,327.37,0.57,0.52,2025-08-05,906,N,VIIRS,n,2,286.79,12.99,N,0
41.26337,-116.93859,328.07,0.57,0.52,2025-08-05,906,N,VIIRS,n,2,288.4,5.53,N,0
41.26385,-116.94572,311.47,0.57,0.52,2025-08-05,906,N,VIIRS,n,2,286.39,6.38,N,0
41.26479,-116.9384,337.44,0.57,0.52,2025-08-05,906,N,VIIRS,n,2,289.27,6.58,N,0
41.2653,-116.94549,298.58,0.57,0.52,2025-08-05,906,N,VIIRS,n,2,285.88,6.58,N,0
41.26809,-116.93642,338.04,0.57,0.52,2025-08-05,906,N,VIIRS,n,2,286.94,5.53,N,0
41.26855,-116.94352,322.89,0.57,0.52,2025-08-05,906,N,VIIRS,n,2,286.1,6.38,N,0
41.26947,-116.93619,336.31,0.57,0.52,2025-08-05,906,N,VIIRS,n,2,286.51,6.58,N,0
41.27232,-116.92726,299.78,0.57,0.52,2025-08-05,906,N,VIIRS,n,2,282.97,4.48,N,0
41.27314,-116.9201,298.72,0.57,0.52,2025-08-05,906,N,VIIRS,n,2,281.67,2.56,N,0
41.27365,-116.92709,320.88,0.57,0.52,2025-08-05,906,N,VIIRS,n,2,283.26,2.56,N,0
41.27414,-116.93378,303.48,0.57,0.52,2025-08-05,906,N,VIIRS,n,2,283.72,4.31,N,0
41.27703,-116.92518,320.04,0.57,0.52,2025-08-05,906,N,VIIRS,n,2,283.63,4.48,N,0
41.27747,-116.9317,330.93,0.57,0.52,2025-08-05,906,N,VIIRS,n,2,286.68,4.48,N,0
41.2779,-116.938,306.23,0.57,0.52,2025-08-05,906,N,VIIRS,n,2,285.94,2.52,N,0
41.27835,-116.92519,324.08,0.57,0.52,2025-08-05,906,N,VIIRS,n,2,284.51,2.56,N,0
41.27882,-116.93158,309.48,0.57,0.52,2025-08-05,906,N,VIIRS,n,2,285.45,4.31,N,0
41.28229,-116.86079,299.9,0.57,0.52,2025-08-05,906,N,VIIRS,n,2,278.38,2.29,N,0
41.29238,-116.86691,297.84,0.57,0.52,2025-08-05,906,N,VIIRS,n,2,280,1.38,N,0
41.29281,-122.99468,322.73,0.59,0.7,2025-08-05,906,N,VIIRS,n,2,282.18,5.71,N,0
41.29291,-123.0001,338.37,0.59,0.7,2025-08-05,906,N,VIIRS,n,2,283.88,9.75,N,0
41.293,-123.00488,337.67,0.59,0.7,2025-08-05,906,N,VIIRS,n,2,284.35,9.75,N,0
41.29311,-123.01075,307.1,0.59,0.7,2025-08-05,906,N,VIIRS,n,2,282.24,5.74,N,0
41.29727,-122.99265,321.98,0.59,0.7,2025-08-05,906,N,VIIRS,n,2,282.59,3.72,N,0
41.29735,-122.99837,325.81,0.59,0.7,2025-08-05,906,N,VIIRS,n,2,283.42,5.61,N,0
41.29742,-123.00356,307.4,0.59,0.7,2025-08-05,906,N,VIIRS,n,2,281.66,5.61,N,0
41.29928,-122.98997,296.42,0.59,0.7,2025-08-05,906,N,VIIRS,n,2,281.65,5.84,N,0
41.29941,-122.99683,328.84,0.59,0.7,2025-08-05,906,N,VIIRS,n,2,284.22,5.84,N,0
41.29951,-123.00228,321.72,0.59,0.7,2025-08-05,906,N,VIIRS,n,2,282.98,8.48,N,0
41.3031,-116.95197,315.59,0.57,0.52,2025-08-05,906,N,VIIRS,n,2,284.16,2.79,N,0
41.30386,-122.99454,298.75,0.59,0.7,2025-08-05,906,N,VIIRS,n,2,281.42,3.72,N,0
41.30395,-123.00143,346.26,0.59,0.7,2025-08-05,906,N,VIIRS,n,2,284.61,5.61,N,0
41.30403,-123.00721,315.07,0.59,0.7,2025-08-05,906,N,VIIRS,n,2,283.11,5.61,N,0
41.306,-122.99841,336.21,0.59,0.7,2025-08-05,906,N,VIIRS,n,2,283.59,5.84,N,0
41.30614,-123.00545,367,0.59,0.7,2025-08-05,906,N,VIIRS,h,2,287.25,8.48,N,0
41.30626,-123.01218,295.29,0.59,0.7,2025-08-05,906,N,VIIRS,n,2,282.25,8.48,N,0
41.31051,-123.00146,331.98,0.59,0.7,2025-08-05,906,N,VIIRS,n,2,283.69,5.86,N,0
41.31067,-123.01258,334.07,0.59,0.7,2025-08-05,906,N,VIIRS,n,2,284.82,5.86,N,0
41.31279,-123.01019,302.05,0.59,0.7,2025-08-05,906,N,VIIRS,n,2,283.14,2.54,N,0
41.33556,-116.86235,306.9,0.57,0.52,2025-08-05,906,N,VIIRS,n,2,281.79,1.49,N,0
41.3441,-116.84685,295.98,0.56,0.52,2025-08-05,906,N,VIIRS,n,2,279.11,3.56,N,0
41.34586,-116.80443,302.87,0.56,0.52,2025-08-05,906,N,VIIRS,n,2,280.59,2.09,N,0
41.34682,-116.81767,317.61,0.56,0.52,2025-08-05,906,N,VIIRS,n,2,280.59,4.11,N,0
41.34731,-116.82442,308.08,0.56,0.52,2025-08-05,906,N,VIIRS,n,2,279.82,5.75,N,0
41.34771,-116.76473,295.36,0.56,0.51,2025-08-05,906,N,VIIRS,n,2,281.49,1.41,N,0
41.34781,-116.83128,341.26,0.56,0.52,2025-08-05,906,N,VIIRS,n,2,281.06,5.75,N,0
41.34816,-116.77142,308.39,0.56,0.51,2025-08-05,906,N,VIIRS,n,2,281.8,1.41,N,0
41.34823,-116.7711,309.34,0.56,0.51,2025-08-05,906,N,VIIRS,n,2,282.15,2.02,N,0
41.34835,-116.83866,330.79,0.56,0.52,2025-08-05,906,N,VIIRS,n,2,281.58,3.56,N,0
41.34861,-116.77808,300.9,0.56,0.52,2025-08-05,906,N,VIIRS,n,2,281.8,2.96,N,0
41.34872,-116.77774,301.57,0.56,0.51,2025-08-05,906,N,VIIRS,n,2,281.81,2.02,N,0
41.3489,-116.84635,320.32,0.56,0.52,2025-08-05,906,N,VIIRS,n,2,280.53,3.56,N,0
41.34905,-116.78471,326.49,0.56,0.52,2025-08-05,906,N,VIIRS,n,2,282.62,2.96,N,0
41.34921,-116.78439,327.14,0.56,0.52,2025-08-05,906,N,VIIRS,n,2,282.48,4.31,N,0
41.34995,-116.798,296.55,0.56,0.52,2025-08-05,906,N,VIIRS,n,2,279.82,1.43,N,0
41.35219,-116.83131,335.32,0.56,0.52,2025-08-05,906,N,VIIRS,n,2,281.96,8.8,N,0
41.35261,-116.83095,322.98,0.56,0.52,2025-08-05,906,N,VIIRS,n,2,281.81,4.44,N,0
41.35266,-116.83836,340.28,0.56,0.52,2025-08-05,906,N,VIIRS,n,2,286.64,8.8,N,0
41.35312,-116.83793,338.94,0.56,0.52,2025-08-05,906,N,VIIRS,n,2,285.81,12.92,N,0
41.35318,-116.84623,346.83,0.57,0.52,2025-08-05,906,N,VIIRS,n,2,285.25,17.52,N,0
41.35369,-116.84576,350.39,0.56,0.52,2025-08-05,906,N,VIIRS,n,2,285.44,12.92,N,0
37.45287,-121.93274,297.71,0.49,0.65,2025-08-05,907,N,VIIRS,n,2,287.03,1.05,N,2
38.07189,-122.1393,305.39,0.51,0.66,2025-08-05,907,N,VIIRS,n,2,293.47,1.57,N,2
38.07288,-122.13941,304.22,0.51,0.66,2025-08-05,907,N,VIIRS,n,2,293.31,1.49,N,2
38.69377,-122.81853,310.24,0.56,0.68,2025-08-05,907,N,VIIRS,n,2,285.1,1.35,N,0
39.61919,-119.26257,310.75,0.36,0.58,2025-08-05,907,N,VIIRS,n,2,289.38,1.25,N,2
39.62202,-119.26214,302.79,0.36,0.58,2025-08-05,907,N,VIIRS,n,2,287.98,0.84,N,2
33.4044,-117.41286,298.1,0.5,0.49,2025-08-05,908,N,VIIRS,n,2,287.68,0.52,N,0
33.57665,-116.53061,315.49,0.45,0.47,2025-08-05,908,N,VIIRS,n,2,288.96,2.26,N,0
33.57668,-116.488,307.33,0.44,0.46,2025-08-05,908,N,VIIRS,n,2,292.29,2.13,N,0
33.57719,-116.49292,309.09,0.44,0.46,2025-08-05,908,N,VIIRS,n,2,292.29,2.13,N,0
33.58052,-116.48292,315.76,0.44,0.46,2025-08-05,908,N,VIIRS,n,2,294.09,2.84,N,0
33.58102,-116.4878,329.82,0.44,0.46,2025-08-05,908,N,VIIRS,n,2,295.8,2.13,N,0
33.58152,-116.4927,323.74,0.44,0.46,2025-08-05,908,N,VIIRS,n,2,293.39,2.13,N,0
33.58202,-116.49767,310.67,0.44,0.46,2025-08-05,908,N,VIIRS,n,2,292.31,2.17,N,0
33.58584,-116.49242,305.45,0.44,0.46,2025-08-05,908,N,VIIRS,n,2,293.47,1.97,N,0
33.58636,-116.49745,337,0.44,0.46,2025-08-05,908,N,VIIRS,n,2,294.77,3.82,N,0
33.58803,-116.49595,307.54,0.45,0.47,2025-08-05,908,N,VIIRS,n,2,292.26,1.13,N,0
33.71375,-117.71033,302.7,0.52,0.5,2025-08-05,908,N,VIIRS,n,2,287.77,0.92,N,2
33.71669,-117.70958,304.7,0.52,0.5,2025-08-05,908,N,VIIRS,n,2,288.89,0.72,N,2
33.79315,-117.47372,299.9,0.51,0.49,2025-08-05,908,N,VIIRS,n,2,289.73,0.75,N,2
33.79322,-117.47623,301.33,0.51,0.49,2025-08-05,908,N,VIIRS,n,2,289.41,0.86,N,2
33.81958,-118.24376,303.16,0.56,0.52,2025-08-05,908,N,VIIRS,n,2,293,1.48,N,2
34.15271,-118.19526,306.16,0.56,0.52,2025-08-05,908,N,VIIRS,n,2,289.65,1.1,N,2
34.32046,-116.8825,307.82,0.48,0.48,2025-08-05,908,N,VIIRS,n,2,285.76,6.11,N,0
34.32092,-116.88732,350.88,0.48,0.48,2025-08-05,908,N,VIIRS,n,2,290.5,6.11,N,0
34.3214,-116.89257,330.14,0.48,0.48,2025-08-05,908,N,VIIRS,n,2,287.65,3.91,N,0
34.32193,-116.89819,314.37,0.48,0.48,2025-08-05,908,N,VIIRS,n,2,287.76,3.91,N,0
34.32247,-116.90395,311.57,0.48,0.48,2025-08-05,908,N,VIIRS,n,2,287.08,2.83,N,0
34.32497,-116.88276,322.15,0.48,0.48,2025-08-05,908,N,VIIRS,n,2,302.78,49.91,N,0
34.32542,-116.8875,356.35,0.48,0.48,2025-08-05,908,N,VIIRS,n,2,310.59,49.91,N,0
34.32591,-116.89275,344.32,0.48,0.48,2025-08-05,908,N,VIIRS,n,2,293.21,17.95,N,0
34.32642,-116.89817,324.73,0.48,0.48,2025-08-05,908,N,VIIRS,n,2,289.63,17.95,N,0
34.32692,-116.90351,318.2,0.48,0.48,2025-08-05,908,N,VIIRS,n,2,289.17,2.46,N,0
34.3295,-116.88329,339.8,0.48,0.48,2025-08-05,908,N,VIIRS,n,2,297.08,49.91,N,0
34.32995,-116.88806,335.92,0.48,0.48,2025-08-05,908,N,VIIRS,n,2,322.86,49.91,N,0
34.33046,-116.89346,351.54,0.48,0.48,2025-08-05,908,N,VIIRS,n,2,299.55,17.95,N,0
34.33096,-116.89871,345.07,0.48,0.48,2025-08-05,908,N,VIIRS,n,2,291.82,17.95,N,0
34.33143,-116.9037,304.47,0.48,0.48,2025-08-05,908,N,VIIRS,n,2,286.71,2.46,N,0
34.33362,-116.87948,321.69,0.48,0.48,2025-08-05,908,N,VIIRS,n,2,303.83,63.2,N,0
34.33407,-116.88416,367,0.48,0.48,2025-08-05,908,N,VIIRS,h,2,335.33,91.82,N,0
34.33455,-116.88924,341.65,0.48,0.48,2025-08-05,908,N,VIIRS,n,2,333.81,91.82,N,0
34.33508,-116.89484,305.9,0.48,0.48,2025-08-05,908,N,VIIRS,n,2,290.5,13.56,N,0
34.33819,-116.88034,367,0.48,0.48,2025-08-05,908,N,VIIRS,h,2,324.33,63.2,N,0
34.33864,-116.88508,344.21,0.48,0.48,2025-08-05,908,N,VIIRS,n,2,322.53,91.82,N,0
34.33914,-116.89037,340.03,0.48,0.48,2025-08-05,908,N,VIIRS,n,2,303.59,91.82,N,0
34.34277,-116.88132,346.33,0.48,0.48,2025-08-05,908,N,VIIRS,n,2,296.14,8.2,N,0
34.34323,-116.88609,305.07,0.48,0.48,2025-08-05,908,N,VIIRS,n,2,292.46,3.99,N,0
34.43182,-118.64671,298.01,0.6,0.53,2025-08-05,908,N,VIIRS,n,2,283.21,0.7,N,2
34.60672,-117.33595,303.95,0.51,0.49,2025-08-05,908,N,VIIRS,n,2,279.89,1.15,N,2
34.62305,-117.09981,303.06,0.49,0.49,2025-08-05,908,N,VIIRS,n,2,291.8,0.93,N,2
34.96649,-119.93594,333.91,0.36,0.57,2025-08-05,908,N,VIIRS,n,2,290.92,3.22,N,0
34.96672,-119.93941,312.02,0.36,0.57,2025-08-05,908,N,VIIRS,n,2,290.32,3.67,N,0
34.9758,-120.08027,312.4,0.37,0.58,2025-08-05,908,N,VIIRS,n,2,289.53,0.67,N,0
34.97685,-119.93011,303.31,0.36,0.57,2025-08-05,908,N,VIIRS,n,2,289.62,0.71,N,0
34.97935,-120.05125,331.4,0.37,0.58,2025-08-05,908,N,VIIRS,n,2,292.09,2.53,N,0
34.97992,-120.06007,306.78,0.37,0.58,2025-08-05,908,N,VIIRS,n,2,291.6,2.91,N,0
34.98028,-120.06561,326.15,0.37,0.58,2025-08-05,908,N,VIIRS,n,2,293.02,1.86,N,0
34.98061,-120.07072,322.77,0.37,0.58,2025-08-05,908,N,VIIRS,n,2,290.9,1.86,N,0
34.98088,-120.07501,301.14,0.37,0.58,2025-08-05,908,N,VIIRS,n,2,288.56,0.84,N,0
34.98114,-120.07897,299.09,0.37,0.58,2025-08-05,908,N,VIIRS,n,2,288.85,0.84,N,0
34.98224,-119.93037,304.1,0.36,0.57,2025-08-05,908,N,VIIRS,n,2,288.76,0.75,N,0
34.9847,-120.05022,334.58,0.37,0.58,2025-08-05,908,N,VIIRS,n,2,292.56,2.53,N,0
34.98493,-120.05374,302.75,0.37,0.58,2025-08-05,908,N,VIIRS,n,2,291.05,2.91,N,0
34.98596,-120.06976,309.81,0.37,0.58,2025-08-05,908,N,VIIRS,n,2,290.73,1.86,N,0
34.98623,-120.07385,300.44,0.37,0.58,2025-08-05,908,N,VIIRS,n,2,289.63,0.84,N,0
34.987,-120.0859,300.15,0.37,0.58,2025-08-05,908,N,VIIRS,n,2,289.46,0.88,N,0
34.98983,-120.0459,325.18,0.37,0.58,2025-08-05,908,N,VIIRS,n,2,292.92,2.58,N,0
35.00394,-120.09605,303.13,0.37,0.58,2025-08-05,908,N,VIIRS,n,2,290,2.36,N,0
35.00458,-120.10591,307.82,0.37,0.58,2025-08-05,908,N,VIIRS,n,2,289.54,1.82,N,0
35.00693,-120.14201,298.84,0.37,0.58,2025-08-05,908,N,VIIRS,n,2,287.45,0.45,N,0
35.00927,-120.0947,349,0.37,0.58,2025-08-05,908,N,VIIRS,n,2,296.19,2.36,N,0
35.00963,-120.10014,304.05,0.37,0.58,2025-08-05,908,N,VIIRS,n,2,291.19,2.36,N,0
35.01062,-120.11523,309.57,0.37,0.58,2025-08-05,908,N,VIIRS,n,2,288.33,0.82,N,0
35.01093,-120.11994,300.56,0.37,0.58,2025-08-05,908,N,VIIRS,n,2,288.42,0.82,N,0
35.01459,-120.09312,314.92,0.37,0.58,2025-08-05,908,N,VIIRS,n,2,291.42,1.41,N,0
35.02658,-120.02921,299.69,0.37,0.58,2025-08-05,908,N,VIIRS,n,2,289.05,0.77,N,0
35.02859,-120.05906,301.04,0.37,0.58,2025-08-05,908,N,VIIRS,n,2,290.35,0.72,N,0
35.0321,-120.11161,300.91,0.37,0.58,2025-08-05,908,N,VIIRS,n,2,290.46,0.9,N,0
35.034,-120.05907,304.96,0.37,0.58,2025-08-05,908,N,VIIRS,n,2,291.02,0.83,N,0
35.1059,-120.21342,304.45,0.37,0.58,2025-08-05,908,N,VIIRS,n,2,290.89,3.55,N,0
35.11108,-120.20882,304.41,0.37,0.58,2025-08-05,908,N,VIIRS,n,2,289.7,3.55,N,0
35.1114,-120.21386,367,0.37,0.58,2025-08-05,908,N,VIIRS,h,2,292.67,3.55,N,0
35.11656,-120.20902,302.91,0.37,0.58,2025-08-05,908,N,VIIRS,n,2,289.95,0.65,N,0
35.11686,-120.21369,299.55,0.37,0.58,2025-08-05,908,N,VIIRS,n,2,289.38,0.65,N,0
35.11942,-120.16866,299.37,0.37,0.58,2025-08-05,908,N,VIIRS,n,2,288.51,0.82,N,0
35.12144,-120.1999,308.69,0.37,0.58,2025-08-05,908,N,VIIRS,n,2,290.36,1.35,N,0
35.12172,-120.20431,308.51,0.37,0.58,2025-08-05,908,N,VIIRS,n,2,290.86,1.35,N,0
35.12202,-120.20895,302.75,0.37,0.58,2025-08-05,908,N,VIIRS,n,2,289.71,0.65,N,0
35.1315,-120.1867,300.34,0.37,0.58,2025-08-05,908,N,VIIRS,n,2,290.05,0.99,N,0
35.14776,-120.18481,304.73,0.37,0.58,2025-08-05,908,N,VIIRS,n,2,290.75,2.16,N,0
35.15173,-120.05362,297.5,0.37,0.58,2025-08-05,908,N,VIIRS,n,2,287.34,0.93,N,0
35.15229,-120.06265,298.57,0.37,0.58,2025-08-05,908,N,VIIRS,n,2,287.96,0.97,N,0
35.15261,-120.17559,301.98,0.37,0.58,2025-08-05,908,N,VIIRS,n,2,290.37,1.22,N,0
35.1529,-120.17998,310.43,0.37,0.58,2025-08-05,908,N,VIIRS,n,2,291.6,2.16,N,0
35.15318,-120.18423,329.29,0.37,0.58,2025-08-05,908,N,VIIRS,n,2,293.89,2.16,N,0
35.15344,-120.18816,339.76,0.37,0.58,2025-08-05,908,N,VIIRS,n,2,292.36,5.22,N,0
35.1536,-120.17397,302.47,0.37,0.58,2025-08-05,908,N,VIIRS,n,2,290.46,2.04,N,0
35.15367,-120.19159,320.51,0.37,0.58,2025-08-05,908,N,VIIRS,n,2,289.99,5.22,N,0
35.15387,-120.17838,310.85,0.37,0.58,2025-08-05,908,N,VIIRS,n,2,292.19,2.04,N,0
35.15413,-120.18272,321.06,0.37,0.58,2025-08-05,908,N,VIIRS,n,2,294.16,18.08,N,0
35.15438,-120.18697,367,0.37,0.58,2025-08-05,908,N,VIIRS,h,2,296.37,18.08,N,0
35.1546,-120.19047,367,0.37,0.58,2025-08-05,908,N,VIIRS,h,2,292.89,27.55,N,0
35.1548,-120.19389,305.65,0.37,0.58,2025-08-05,908,N,VIIRS,n,2,289.08,27.55,N,0
35.15671,-120.04657,297.54,0.37,0.58,2025-08-05,908,N,VIIRS,n,2,287.22,0.67,N,0
35.15827,-120.1787,321.19,0.37,0.58,2025-08-05,908,N,VIIRS,n,2,295.08,7.72,N,0
35.15857,-120.18316,331.48,0.37,0.58,2025-08-05,908,N,VIIRS,n,2,296.57,7.72,N,0
35.15886,-120.18741,339.06,0.37,0.58,2025-08-05,908,N,VIIRS,n,2,308.62,38.79,N,0
35.1591,-120.19109,367,0.37,0.58,2025-08-05,908,N,VIIRS,h,2,300.58,38.79,N,0
35.15925,-120.17709,314.86,0.37,0.58,2025-08-05,908,N,VIIRS,n,2,293.93,2.04,N,0
35.15934,-120.19461,307.66,0.37,0.58,2025-08-05,908,N,VIIRS,n,2,289.5,10.8,N,0
35.15952,-120.18153,322.14,0.37,0.58,2025-08-05,908,N,VIIRS,n,2,295.02,18.08,N,0
35.15979,-120.186,344.62,0.37,0.58,2025-08-05,908,N,VIIRS,n,2,303,18.08,N,0
35.16002,-120.18986,367,0.37,0.58,2025-08-05,908,N,VIIRS,h,2,314.1,27.55,N,0
35.16007,-120.04437,301,0.37,0.58,2025-08-05,908,N,VIIRS,n,2,286.55,0.52,N,0
35.16024,-120.19346,318.43,0.37,0.58,2025-08-05,908,N,VIIRS,n,2,290.71,27.55,N,0
35.16034,-120.04829,299.08,0.37,0.58,2025-08-05,908,N,VIIRS,n,2,287.52,0.64,N,0
35.16216,-120.04716,300.65,0.37,0.58,2025-08-05,908,N,VIIRS,n,2,287.29,0.67,N,0
35.16309,-120.16905,300.69,0.37,0.58,2025-08-05,908,N,VIIRS,n,2,289.96,1.97,N,0
35.16337,-120.17324,307.38,0.37,0.58,2025-08-05,908,N,VIIRS,n,2,289.85,1.97,N,0
35.16365,-120.17754,320.66,0.37,0.58,2025-08-05,908,N,VIIRS,n,2,291.79,7.72,N,0
35.16397,-120.18217,346.12,0.37,0.58,2025-08-05,908,N,VIIRS,n,2,293.5,7.72,N,0
35.16426,-120.1867,333.15,0.37,0.58,2025-08-05,908,N,VIIRS,n,2,310.03,38.79,N,0
35.16438,-120.17168,306.35,0.37,0.58,2025-08-05,908,N,VIIRS,n,2,290.07,2.72,N,0
35.16453,-120.19059,367,0.37,0.58,2025-08-05,908,N,VIIRS,h,2,293.77,38.79,N,0
35.16464,-120.17602,314.6,0.37,0.58,2025-08-05,908,N,VIIRS,n,2,290.72,2.72,N,0
35.16478,-120.19424,302.08,0.37,0.58,2025-08-05,908,N,VIIRS,n,2,289.4,10.8,N,0
35.16492,-120.18058,367,0.37,0.58,2025-08-05,908,N,VIIRS,h,2,293.54,13.73,N,0
35.1652,-120.18524,347.95,0.37,0.58,2025-08-05,908,N,VIIRS,n,2,295.32,13.73,N,0
35.16545,-120.18938,367,0.37,0.58,2025-08-05,908,N,VIIRS,h,2,297.38,16.64,N,0
35.16568,-120.19305,304.95,0.37,0.58,2025-08-05,908,N,VIIRS,n,2,289.32,16.64,N,0
35.16875,-120.17223,306.54,0.37,0.58,2025-08-05,908,N,VIIRS,n,2,290.66,1.96,N,0
35.16908,-120.17696,347.47,0.37,0.58,2025-08-05,908,N,VIIRS,n,2,292.55,11.44,N,0
35.1694,-120.18174,367,0.37,0.58,2025-08-05,908,N,VIIRS,h,2,296.28,11.44,N,0
35.1697,-120.18632,305.4,0.37,0.58,2025-08-05,908,N,VIIRS,n,2,288.69,8.1,N,0
35.16977,-120.17049,301.57,0.37,0.58,2025-08-05,908,N,VIIRS,n,2,290.26,2.72,N,0
35.17006,-120.17525,321.1,0.37,0.58,2025-08-05,908,N,VIIRS,n,2,291.12,2.72,N,0
35.17036,-120.18015,367,0.37,0.58,2025-08-05,908,N,VIIRS,h,2,299.57,13.73,N,0
35.17064,-120.18476,321.17,0.37,0.58,2025-08-05,908,N,VIIRS,n,2,289.07,13.73,N,0
35.17241,-120.14557,301.25,0.37,0.58,2025-08-05,908,N,VIIRS,n,2,288.62,1.29,N,0
35.17413,-120.17103,308.39,0.37,0.58,2025-08-05,908,N,VIIRS,n,2,290.91,1.96,N,0
35.17447,-120.17593,330.42,0.37,0.58,2025-08-05,908,N,VIIRS,n,2,292.92,11.44,N,0
35.17479,-120.18074,367,0.37,0.58,2025-08-05,908,N,VIIRS,h,2,297.98,11.44,N,0
35.17509,-120.18516,301.61,0.37,0.58,2025-08-05,908,N,VIIRS,n,2,288.52,8.1,N,0
35.17515,-120.1693,306.35,0.37,0.58,2025-08-05,908,N,VIIRS,n,2,290.86,2.83,N,0
35.17544,-120.17408,325,0.37,0.58,2025-08-05,908,N,VIIRS,n,2,292.08,2.83,N,0
35.17574,-120.17899,367,0.37,0.58,2025-08-05,908,N,VIIRS,h,2,297.04,6.06,N,0
35.17602,-120.18352,320.84,0.37,0.58,2025-08-05,908,N,VIIRS,n,2,288.64,6.06,N,0
35.17876,-120.13952,300.67,0.37,0.58,2025-08-05,908,N,VIIRS,n,2,289.24,1.6,N,0
35.17903,-120.14384,305.07,0.37,0.58,2025-08-05,908,N,VIIRS,n,2,289.67,1.43,N,0
35.17929,-120.14811,307.42,0.37,0.58,2025-08-05,908,N,VIIRS,n,2,289.87,1.43,N,0
35.17955,-120.15224,307.64,0.37,0.58,2025-08-05,908,N,VIIRS,n,2,289.94,1.7,N,0
35.1798,-120.15623,304.34,0.37,0.58,2025-08-05,908,N,VIIRS,n,2,290.03,1.7,N,0
35.18004,-120.16016,317.23,0.37,0.58,2025-08-05,908,N,VIIRS,n,2,290.78,3.5,N,0
35.18029,-120.16416,336.23,0.37,0.58,2025-08-05,908,N,VIIRS,n,2,292.5,3.5,N,0
35.18056,-120.16861,330.27,0.37,0.58,2025-08-05,908,N,VIIRS,n,2,292.55,2.83,N,0
35.18085,-120.17338,308.03,0.37,0.58,2025-08-05,908,N,VIIRS,n,2,288.44,2.83,N,0
35.18115,-120.1782,301.23,0.37,0.58,2025-08-05,908,N,VIIRS,n,2,288.29,6.06,N,0
35.18125,-120.09207,304.27,0.37,0.58,2025-08-05,908,N,VIIRS,n,2,288.88,2.16,N,0
35.18157,-120.0972,302.72,0.37,0.58,2025-08-05,908,N,VIIRS,n,2,290.22,2.85,N,0
35.18247,-120.11165,302.13,0.37,0.58,2025-08-05,908,N,VIIRS,n,2,290.23,1.55,N,0
35.18279,-120.11671,301.91,0.37,0.58,2025-08-05,908,N,VIIRS,n,2,290.22,0.81,N,0
35.18309,-120.12164,304.55,0.37,0.58,2025-08-05,908,N,VIIRS,n,2,289.58,0.81,N,0
35.18337,-120.12606,308.92,0.37,0.58,2025-08-05,908,N,VIIRS,n,2,289.82,2.56,N,0
35.18364,-120.1304,329.48,0.37,0.58,2025-08-05,908,N,VIIRS,n,2,291.56,2.56,N,0
35.18391,-120.1347,330.26,0.37,0.58,2025-08-05,908,N,VIIRS,n,2,293.72,4.54,N,0
35.18418,-120.13902,322.71,0.37,0.58,2025-08-05,908,N,VIIRS,n,2,293.03,4.54,N,0
35.18445,-120.14345,310.73,0.37,0.58,2025-08-05,908,N,VIIRS,n,2,289.42,2.21,N,0
35.18472,-120.14782,307.6,0.37,0.58,2025-08-05,908,N,VIIRS,n,2,289.88,2.21,N,0
35.18499,-120.15208,311.45,0.37,0.58,2025-08-05,908,N,VIIRS,n,2,290.42,2.93,N,0
35.18525,-120.15632,320.29,0.37,0.58,2025-08-05,908,N,VIIRS,n,2,290.13,2.93,N,0
35.18552,-120.1605,343.83,0.37,0.58,2025-08-05,908,N,VIIRS,n,2,293.28,6.03,N,0
35.18578,-120.1648,344.98,0.37,0.58,2025-08-05,908,N,VIIRS,n,2,291.22,6.03,N,0
35.18605,-120.16921,309.02,0.37,0.58,2025-08-05,908,N,VIIRS,n,2,288.31,3.8,N,0
35.18662,-120.09105,328.24,0.37,0.58,2025-08-05,908,N,VIIRS,n,2,291.22,2.16,N,0
35.18692,-120.09592,336.2,0.37,0.58,2025-08-05,908,N,VIIRS,n,2,293.5,2.85,N,0
35.18719,-120.10016,308.64,0.37,0.58,2025-08-05,908,N,VIIRS,n,2,294.58,2.85,N,0
35.18779,-120.10963,304.94,0.37,0.58,2025-08-05,908,N,VIIRS,n,2,291.11,1.55,N,0
35.18813,-120.11512,302.5,0.37,0.58,2025-08-05,908,N,VIIRS,n,2,292.19,0.81,N,0
35.18845,-120.12041,302.84,0.37,0.58,2025-08-05,908,N,VIIRS,n,2,290.04,0.81,N,0
35.18875,-120.12509,312.41,0.37,0.58,2025-08-05,908,N,VIIRS,n,2,290.92,2.56,N,0
35.18903,-120.12959,333.73,0.37,0.58,2025-08-05,908,N,VIIRS,n,2,294.17,2.56,N,0
35.18931,-120.13399,340.49,0.37,0.58,2025-08-05,908,N,VIIRS,n,2,293.71,4.54,N,0
35.18958,-120.13838,341.34,0.37,0.58,2025-08-05,908,N,VIIRS,n,2,291.49,4.54,N,0
35.18986,-120.14284,315.49,0.37,0.58,2025-08-05,908,N,VIIRS,n,2,289.43,2.21,N,0
35.19014,-120.14725,317.88,0.37,0.58,2025-08-05,908,N,VIIRS,n,2,290.1,2.21,N,0
35.19041,-120.15154,328.52,0.37,0.58,2025-08-05,908,N,VIIRS,n,2,291.77,2.93,N,0
35.19067,-120.15578,325.18,0.37,0.58,2025-08-05,908,N,VIIRS,n,2,292.12,2.93,N,0
35.19094,-120.16002,355.53,0.37,0.58,2025-08-05,908,N,VIIRS,n,2,294.07,6.03,N,0
35.1912,-120.16431,339.47,0.37,0.58,2025-08-05,908,N,VIIRS,n,2,292.54,6.03,N,0
35.19148,-120.16871,315.07,0.37,0.58,2025-08-05,908,N,VIIRS,n,2,288.51,3.8,N,0
35.19201,-120.09042,305.21,0.37,0.58,2025-08-05,908,N,VIIRS,n,2,289.52,4.36,N,0
35.19228,-120.09471,367,0.37,0.58,2025-08-05,908,N,VIIRS,h,2,301.56,8.32,N,0
35.19253,-120.09872,318,0.37,0.58,2025-08-05,908,N,VIIRS,n,2,293.14,8.32,N,0
35.19278,-120.10258,324.85,0.37,0.58,2025-08-05,908,N,VIIRS,n,2,291.78,1.9,N,0
35.19308,-120.10741,307.68,0.37,0.58,2025-08-05,908,N,VIIRS,n,2,291.86,1.9,N,0
35.19344,-120.113,309.03,0.37,0.58,2025-08-05,908,N,VIIRS,n,2,292.76,1.8,N,0
35.19376,-120.11825,309.67,0.37,0.58,2025-08-05,908,N,VIIRS,n,2,293.09,1.8,N,0
35.19408,-120.12322,307.33,0.37,0.58,2025-08-05,908,N,VIIRS,n,2,292.22,4.78,N,0
35.19438,-120.12804,321.64,0.37,0.58,2025-08-05,908,N,VIIRS,n,2,292.06,4.78,N,0
35.19468,-120.13277,367,0.37,0.58,2025-08-05,908,N,VIIRS,h,2,296.65,34.6,N,0
35.19497,-120.13743,367,0.37,0.58,2025-08-05,908,N,VIIRS,h,2,301.1,34.6,N,0
35.19526,-120.14198,310.24,0.37,0.58,2025-08-05,908,N,VIIRS,n,2,288.25,15.37,N,0
35.1958,-120.15062,299.29,0.37,0.58,2025-08-05,908,N,VIIRS,n,2,287.74,1.15,N,0
35.19606,-120.15483,328.06,0.37,0.58,2025-08-05,908,N,VIIRS,n,2,289.12,1.15,N,0
35.19633,-120.15903,318.61,0.37,0.58,2025-08-05,908,N,VIIRS,n,2,288.76,3.11,N,0
35.19816,-120.10171,300.28,0.37,0.58,2025-08-05,908,N,VIIRS,n,2,288.62,1.9,N,0
35.19844,-120.10606,334.43,0.37,0.58,2025-08-05,908,N,VIIRS,n,2,292.42,1.9,N,0
35.19875,-120.11104,308.53,0.37,0.58,2025-08-05,908,N,VIIRS,n,2,292.91,1.8,N,0
35.19906,-120.11584,310.69,0.37,0.58,2025-08-05,908,N,VIIRS,n,2,294.34,1.8,N,0
35.19936,-120.12062,309.76,0.37,0.58,2025-08-05,908,N,VIIRS,n,2,293.23,4.78,N,0
35.19968,-120.12568,333.64,0.37,0.58,2025-08-05,908,N,VIIRS,n,2,297.43,4.78,N,0
35.2,-120.13076,343.73,0.37,0.58,2025-08-05,908,N,VIIRS,n,2,305.39,34.6,N,0
35.20031,-120.13572,367,0.37,0.58,2025-08-05,908,N,VIIRS,h,2,294.29,34.6,N,0
35.20061,-120.14051,339.76,0.37,0.58,2025-08-05,908,N,VIIRS,n,2,289.5,15.37,N,0
35.20091,-120.14514,315.95,0.37,0.58,2025-08-05,908,N,VIIRS,n,2,289.09,15.37,N,0
35.20119,-120.14961,305.09,0.37,0.58,2025-08-05,908,N,VIIRS,n,2,287.9,1.15,N,0
35.20146,-120.15395,298.96,0.37,0.58,2025-08-05,908,N,VIIRS,n,2,287.98,1.15,N,0
35.20413,-120.10999,309.6,0.37,0.58,2025-08-05,908,N,VIIRS,n,2,289.98,1.98,N,0
35.20439,-120.11412,320.27,0.37,0.58,2025-08-05,908,N,VIIRS,n,2,292.89,1.98,N,0
35.20466,-120.11834,316.2,0.37,0.58,2025-08-05,908,N,VIIRS,n,2,295.08,7.82,N,0
35.20496,-120.12304,340.52,0.37,0.58,2025-08-05,908,N,VIIRS,n,2,297.7,7.82,N,0
35.20594,-120.1385,367,0.37,0.58,2025-08-05,908,N,VIIRS,h,2,297.31,67.18,N,0
35.20625,-120.14333,326.21,0.37,0.58,2025-08-05,908,N,VIIRS,n,2,290.49,67.18,N,0
35.20654,-120.14799,307.29,0.37,0.58,2025-08-05,908,N,VIIRS,n,2,288.1,1.62,N,0
35.20684,-120.15269,298.86,0.37,0.58,2025-08-05,908,N,VIIRS,n,2,287.29,1.62,N,0
35.21007,-120.1179,300.59,0.37,0.58,2025-08-05,908,N,VIIRS,n,2,289.66,7.82,N,0
35.21032,-120.12176,326.23,0.37,0.58,2025-08-05,908,N,VIIRS,n,2,292.7,7.82,N,0
35.21059,-120.12599,340.75,0.37,0.58,2025-08-05,908,N,VIIRS,n,2,311.84,308.46,N,0
35.2109,-120.13073,367,0.37,0.58,2025-08-05,908,N,VIIRS,h,2,299.2,308.46,N,0
35.21124,-120.13614,310.72,0.37,0.58,2025-08-05,908,N,VIIRS,n,2,290.16,67.18,N,0
35.21155,-120.14098,303.24,0.37,0.58,2025-08-05,908,N,VIIRS,n,2,290.38,67.18,N,0
35.21598,-120.12508,307.05,0.37,0.58,2025-08-05,908,N,VIIRS,n,2,288.94,1.4,N,0
32.49343,-116.83436,312.11,0.45,0.47,2025-08-05,909,N,VIIRS,n,2,287.92,2.97,N,0
32.4977,-116.83323,339.02,0.45,0.47,2025-08-05,909,N,VIIRS,n,2,289.08,2.97,N,0
32.85848,-117.02987,297.06,0.47,0.47,2025-08-05,909,N,VIIRS,n,2,287.03,0.56,N,2
40.81963,-114.25385,298.72,0.71,0.75,2025-08-05,1046,N,VIIRS,n,2,285.5,2.7,N,2
40.82183,-114.26115,304.28,0.71,0.75,2025-08-05,1046,N,VIIRS,n,2,286.04,2.9,N,2
41.23661,-116.94213,296.29,0.51,0.66,2025-08-05,1046,N,VIIRS,n,2,282.98,1.12,N,0
41.23801,-116.94668,308.45,0.51,0.66,2025-08-05,1046,N,VIIRS,n,2,287.17,1.51,N,0
41.23936,-116.95103,296.82,0.51,0.66,2025-08-05,1046,N,VIIRS,n,2,285.52,1.51,N,0
41.2418,-116.93721,299.71,0.51,0.66,2025-08-05,1046,N,VIIRS,n,2,285.59,1.86,N,0
41.24192,-116.95938,322.15,0.51,0.66,2025-08-05,1046,N,VIIRS,n,2,287.84,3.4,N,0
41.24313,-116.94154,297.38,0.51,0.66,2025-08-05,1046,N,VIIRS,n,2,285.63,2.74,N,0
41.24733,-116.9552,309.53,0.51,0.66,2025-08-05,1046,N,VIIRS,n,2,286.48,4.06,N,0
41.25135,-116.94653,306.9,0.51,0.66,2025-08-05,1046,N,VIIRS,n,2,285.55,4.06,N,0
41.25297,-116.95176,344.09,0.51,0.66,2025-08-05,1046,N,VIIRS,n,2,288.99,4.06,N,0
41.25477,-116.95766,325.31,0.51,0.66,2025-08-05,1046,N,VIIRS,n,2,285.55,9.65,N,0
41.25719,-116.94373,305.68,0.51,0.66,2025-08-05,1046,N,VIIRS,n,2,286.14,3.7,N,0
41.25897,-116.94953,313.63,0.51,0.66,2025-08-05,1046,N,VIIRS,n,2,285.41,3.7,N,0
41.26342,-116.94222,350.93,0.51,0.66,2025-08-05,1046,N,VIIRS,n,2,291.62,3.7,N,0
41.2654,-116.9487,298.31,0.51,0.66,2025-08-05,1046,N,VIIRS,n,2,284.56,3.7,N,0
41.27018,-116.94251,306.34,0.51,0.66,2025-08-05,1046,N,VIIRS,n,2,285.34,1.97,N,0
41.2729,-116.9295,323.62,0.51,0.66,2025-08-05,1046,N,VIIRS,n,2,283.84,4.93,N,0
41.27755,-116.92285,297.49,0.51,0.66,2025-08-05,1046,N,VIIRS,n,2,280.59,2.6,N,0
41.27969,-116.9299,322.75,0.51,0.66,2025-08-05,1046,N,VIIRS,n,2,283.26,3.65,N,0
41.30183,-116.95869,295.09,0.51,0.66,2025-08-05,1046,N,VIIRS,n,2,283.73,1.84,N,0
41.33769,-116.85749,319.83,0.51,0.66,2025-08-05,1046,N,VIIRS,n,2,280.25,3.98,N,0
41.3394,-116.86306,325.97,0.51,0.66,2025-08-05,1046,N,VIIRS,n,2,283.63,6.58,N,0
41.34285,-116.98425,305.84,0.51,0.66,2025-08-05,1046,N,VIIRS,n,2,282.32,1.18,N,0
41.34327,-116.98425,304.81,0.51,0.66,2025-08-05,1046,N,VIIRS,n,2,281.92,1.46,N,0
41.34666,-116.77736,295.85,0.52,0.67,2025-08-05,1046,N,VIIRS,n,2,278.88,1.85,N,0
41.3485,-116.78336,304.05,0.52,0.67,2025-08-05,1046,N,VIIRS,n,2,279.66,1.85,N,0
41.34919,-116.85127,305.7,0.51,0.66,2025-08-05,1046,N,VIIRS,n,2,280.27,1.77,N,0
41.34967,-116.76476,308.23,0.52,0.67,2025-08-05,1046,N,VIIRS,n,2,279.7,1.23,N,0
41.35025,-116.8329,308.29,0.52,0.67,2025-08-05,1046,N,VIIRS,n,2,280.74,2.18,N,0
41.35033,-116.78931,301.23,0.52,0.67,2025-08-05,1046,N,VIIRS,n,2,279.76,1.91,N,0
41.35037,-116.81139,316.21,0.52,0.67,2025-08-05,1046,N,VIIRS,n,2,279.88,3.94,N,0
41.35039,-116.76758,306.81,0.52,0.67,2025-08-05,1046,N,VIIRS,n,2,279.7,2.73,N,0
41.3515,-116.77064,300.83,0.52,0.67,2025-08-05,1046,N,VIIRS,n,2,278.72,1.23,N,0
41.35217,-116.81725,305.73,0.52,0.67,2025-08-05,1046,N,VIIRS,n,2,279.59,2.98,N,0
41.35396,-116.82309,302.66,0.52,0.67,2025-08-05,1046,N,VIIRS,n,2,279.35,2.98,N,0
41.35492,-116.84811,310.37,0.51,0.66,2025-08-05,1046,N,VIIRS,n,2,281.38,5.07,N,0
41.35582,-116.82919,303.56,0.52,0.67,2025-08-05,1046,N,VIIRS,n,2,280.47,2.18,N,0
41.35651,-116.85329,314.71,0.51,0.66,2025-08-05,1046,N,VIIRS,n,2,281.35,9.52,N,0
41.3578,-116.83563,311.14,0.52,0.66,2025-08-05,1046,N,VIIRS,n,2,281.17,2.18,N,0
41.35944,-116.84099,305.01,0.52,0.66,2025-08-05,1046,N,VIIRS,n,2,282.14,5.07,N,0
41.36093,-116.84585,350.38,0.51,0.66,2025-08-05,1046,N,VIIRS,n,2,285.66,5.07,N,0
41.36241,-116.85069,353.85,0.51,0.66,2025-08-05,1046,N,VIIRS,n,2,285.57,9.52,N,0
39.61859,-119.26639,298.5,0.44,0.62,2025-08-05,1047,N,VIIRS,n,2,287.11,1.14,N,0
39.61897,-119.26223,302.71,0.44,0.62,2025-08-05,1047,N,VIIRS,n,2,286.66,0.89,N,2
41.28924,-122.99051,318.82,0.52,0.5,2025-08-05,1047,N,VIIRS,n,2,282.46,1.99,N,0
41.28925,-122.99015,317.12,0.52,0.5,2025-08-05,1047,N,VIIRS,n,2,282.06,1.76,N,0
41.29052,-122.9958,306.95,0.52,0.5,2025-08-05,1047,N,VIIRS,n,2,282.28,3.83,N,0
41.29053,-122.99537,299.9,0.52,0.5,2025-08-05,1047,N,VIIRS,n,2,281.91,1.76,N,0
41.29236,-123.00349,330.79,0.52,0.5,2025-08-05,1047,N,VIIRS,n,2,283.27,3.83,N,0
41.2924,-123.0029,330.4,0.52,0.5,2025-08-05,1047,N,VIIRS,n,2,283.51,3.47,N,0
41.29409,-123.00974,302.38,0.52,0.5,2025-08-05,1047,N,VIIRS,n,2,279.72,3.47,N,0
41.29477,-122.99274,296.16,0.52,0.5,2025-08-05,1047,N,VIIRS,n,2,282.25,1.76,N,0
41.2964,-122.99936,319.85,0.52,0.5,2025-08-05,1047,N,VIIRS,n,2,283.48,3.47,N,0
41.30042,-122.99589,323.37,0.52,0.5,2025-08-05,1047,N,VIIRS,n,2,284.07,2.53,N,0
41.30198,-123.0022,301.22,0.52,0.5,2025-08-05,1047,N,VIIRS,n,2,282.95,2.53,N,0
41.30357,-123.00864,297.59,0.52,0.5,2025-08-05,1047,N,VIIRS,n,2,282.33,7.82,N,0
41.30618,-122.99944,307.96,0.52,0.5,2025-08-05,1047,N,VIIRS,n,2,282.39,2.53,N,0
41.3076,-123.00525,367,0.52,0.5,2025-08-05,1047,N,VIIRS,h,2,289.4,7.82,N,0
41.30891,-123.01057,330.35,0.52,0.5,2025-08-05,1047,N,VIIRS,n,2,285.77,7.82,N,0
41.31017,-123.01567,333.47,0.52,0.5,2025-08-05,1047,N,VIIRS,n,2,285.6,5.27,N,0
34.97806,-119.93274,302.61,0.54,0.68,2025-08-05,1048,N,VIIRS,n,2,287.91,1.73,N,0
34.98107,-120.06086,302.42,0.53,0.67,2025-08-05,1048,N,VIIRS,n,2,289.9,1.16,N,0
34.98129,-119.93063,304.67,0.54,0.68,2025-08-05,1048,N,VIIRS,n,2,288.13,1.04,N,0
34.9823,-120.06516,306.15,0.53,0.67,2025-08-05,1048,N,VIIRS,n,2,290.04,1.16,N,0
34.98357,-120.0696,314.78,0.53,0.67,2025-08-05,1048,N,VIIRS,n,2,289.58,3.04,N,0
34.98856,-120.08717,297.91,0.53,0.67,2025-08-05,1048,N,VIIRS,n,2,287.65,1.14,N,0
35.00774,-120.11396,299.76,0.53,0.67,2025-08-05,1048,N,VIIRS,n,2,287.07,0.79,N,0
35.00849,-120.09357,300.53,0.53,0.67,2025-08-05,1048,N,VIIRS,n,2,289.68,0.65,N,0
35.00927,-120.11318,299.87,0.53,0.67,2025-08-05,1048,N,VIIRS,n,2,287.46,0.75,N,0
35.00978,-120.09799,300.16,0.53,0.67,2025-08-05,1048,N,VIIRS,n,2,288.96,0.65,N,0
35.01024,-120.09318,301.66,0.53,0.67,2025-08-05,1048,N,VIIRS,n,2,290.18,1.19,N,0
35.10899,-120.2123,322.89,0.52,0.67,2025-08-05,1048,N,VIIRS,n,2,290.17,5.3,N,0
35.11034,-120.21706,301.06,0.52,0.67,2025-08-05,1048,N,VIIRS,n,2,289.31,2.72,N,0
35.11354,-120.20509,313.1,0.52,0.67,2025-08-05,1048,N,VIIRS,n,2,288.78,4.78,N,0
35.11477,-120.20937,367,0.52,0.67,2025-08-05,1048,N,VIIRS,h,2,295.38,4.78,N,0
35.11616,-120.21429,304.41,0.52,0.67,2025-08-05,1048,N,VIIRS,n,2,288.98,8.38,N,0
35.11921,-120.20181,299.74,0.52,0.67,2025-08-05,1048,N,VIIRS,n,2,289.24,4.78,N,0
35.12055,-120.20652,301.91,0.52,0.67,2025-08-05,1048,N,VIIRS,n,2,289.24,4.78,N,0
35.12483,-120.19833,301.31,0.52,0.67,2025-08-05,1048,N,VIIRS,n,2,289.19,1.25,N,0
35.12797,-120.20939,302.89,0.52,0.67,2025-08-05,1048,N,VIIRS,n,2,288.21,0.85,N,0
35.1466,-120.18211,303.13,0.52,0.67,2025-08-05,1048,N,VIIRS,n,2,289.05,5.22,N,0
35.14683,-120.18275,304.96,0.52,0.67,2025-08-05,1048,N,VIIRS,n,2,289.42,1.8,N,0
35.14844,-120.18848,321.48,0.52,0.67,2025-08-05,1048,N,VIIRS,n,2,290.28,5.22,N,0
35.14867,-120.18925,332.65,0.52,0.67,2025-08-05,1048,N,VIIRS,n,2,289.7,14.3,N,0
35.15051,-120.19563,367,0.52,0.67,2025-08-05,1048,N,VIIRS,h,2,291.12,18.05,N,0
35.15069,-120.19643,367,0.52,0.67,2025-08-05,1048,N,VIIRS,h,2,289.83,14.3,N,0
35.15128,-120.17514,298.48,0.52,0.67,2025-08-05,1048,N,VIIRS,n,2,288.44,1.8,N,0
35.15261,-120.18002,307.69,0.52,0.67,2025-08-05,1048,N,VIIRS,n,2,289.99,7.72,N,0
35.15283,-120.1806,309.91,0.52,0.67,2025-08-05,1048,N,VIIRS,n,2,290.23,1.8,N,0
35.15419,-120.1855,334.45,0.52,0.67,2025-08-05,1048,N,VIIRS,n,2,292.87,7.72,N,0
35.15438,-120.18613,354.39,0.52,0.67,2025-08-05,1048,N,VIIRS,n,2,294.64,14.3,N,0
35.15624,-120.19257,367,0.52,0.67,2025-08-05,1048,N,VIIRS,h,2,300.09,17.68,N,0
35.15644,-120.19342,367,0.52,0.67,2025-08-05,1048,N,VIIRS,h,2,295.25,14.3,N,0
35.15835,-120.19991,298.76,0.52,0.67,2025-08-05,1048,N,VIIRS,n,2,288.33,17.68,N,0
35.15879,-120.17852,306.93,0.52,0.67,2025-08-05,1048,N,VIIRS,n,2,291.17,7.72,N,0
35.15899,-120.17906,308.33,0.52,0.67,2025-08-05,1048,N,VIIRS,n,2,291.55,3.69,N,0
35.16033,-120.18385,340.47,0.52,0.67,2025-08-05,1048,N,VIIRS,n,2,293.89,7.72,N,0
35.16049,-120.18438,352.71,0.52,0.67,2025-08-05,1048,N,VIIRS,n,2,295.37,12.96,N,0
35.16195,-120.18946,367,0.52,0.67,2025-08-05,1048,N,VIIRS,h,2,300.54,17.68,N,0
35.16212,-120.19019,367,0.52,0.67,2025-08-05,1048,N,VIIRS,h,2,298.71,12.96,N,0
35.16333,-120.17132,300.78,0.52,0.67,2025-08-05,1048,N,VIIRS,n,2,288.7,2.06,N,0
35.16356,-120.17184,302.84,0.52,0.67,2025-08-05,1048,N,VIIRS,n,2,288.94,3.69,N,0
35.16394,-120.19639,319.57,0.52,0.67,2025-08-05,1048,N,VIIRS,n,2,289.47,17.68,N,0
35.16409,-120.19717,303.9,0.52,0.67,2025-08-05,1048,N,VIIRS,n,2,288.34,13.11,N,0
35.16488,-120.1767,311.65,0.52,0.67,2025-08-05,1048,N,VIIRS,n,2,290.16,11.41,N,0
35.16507,-120.17719,318.45,0.52,0.67,2025-08-05,1048,N,VIIRS,n,2,290.96,3.69,N,0
35.16633,-120.18172,367,0.52,0.67,2025-08-05,1048,N,VIIRS,h,2,295.28,11.41,N,0
35.16647,-120.18217,367,0.52,0.67,2025-08-05,1048,N,VIIRS,h,2,295.8,12.96,N,0
35.16776,-120.1867,332.55,0.52,0.67,2025-08-05,1048,N,VIIRS,n,2,289.43,24.95,N,0
35.1679,-120.18727,318.73,0.52,0.67,2025-08-05,1048,N,VIIRS,n,2,288.5,12.96,N,0
35.16949,-120.16971,299.82,0.52,0.67,2025-08-05,1048,N,VIIRS,n,2,289.39,2.06,N,0
35.16969,-120.17017,302.18,0.52,0.67,2025-08-05,1048,N,VIIRS,n,2,289.56,9.04,N,0
35.17093,-120.17472,311.23,0.52,0.67,2025-08-05,1048,N,VIIRS,n,2,289.69,11.41,N,0
35.17109,-120.17514,315.24,0.52,0.67,2025-08-05,1048,N,VIIRS,n,2,290.19,9.04,N,0
35.17231,-120.17953,355.69,0.52,0.67,2025-08-05,1048,N,VIIRS,n,2,295.93,11.41,N,0
35.17244,-120.17996,353.81,0.52,0.67,2025-08-05,1048,N,VIIRS,n,2,297.36,24.25,N,0
35.17381,-120.18472,367,0.52,0.67,2025-08-05,1048,N,VIIRS,h,2,296.48,24.95,N,0
35.17393,-120.18524,367,0.52,0.67,2025-08-05,1048,N,VIIRS,h,2,293.18,24.25,N,0
35.17566,-120.16816,310.38,0.52,0.67,2025-08-05,1048,N,VIIRS,n,2,289.66,3.25,N,0
35.17585,-120.16862,314.02,0.52,0.67,2025-08-05,1048,N,VIIRS,n,2,289.18,9.04,N,0
35.17666,-120.14861,298.72,0.52,0.67,2025-08-05,1048,N,VIIRS,n,2,287.93,2.6,N,0
35.17709,-120.17315,346.71,0.52,0.67,2025-08-05,1048,N,VIIRS,n,2,291.45,18.12,N,0
35.17723,-120.17357,354.63,0.52,0.67,2025-08-05,1048,N,VIIRS,n,2,293.82,9.04,N,0
35.17846,-120.17792,367,0.52,0.67,2025-08-05,1048,N,VIIRS,h,2,303.6,18.12,N,0
35.17858,-120.17834,367,0.52,0.67,2025-08-05,1048,N,VIIRS,h,2,300.53,24.25,N,0
35.17995,-120.18314,320.38,0.52,0.67,2025-08-05,1048,N,VIIRS,n,2,288.67,21.36,N,0
35.18002,-120.16032,303.15,0.52,0.67,2025-08-05,1048,N,VIIRS,n,2,289.1,3.25,N,0
35.18007,-120.18365,299.18,0.52,0.67,2025-08-05,1048,N,VIIRS,n,2,287.87,24.25,N,0
35.18097,-120.14056,303.18,0.52,0.67,2025-08-05,1048,N,VIIRS,n,2,288.02,2.27,N,0
35.18153,-120.16557,339.84,0.52,0.67,2025-08-05,1048,N,VIIRS,n,2,291.42,3.25,N,0
35.18232,-120.12218,298.05,0.52,0.67,2025-08-05,1048,N,VIIRS,n,2,287.09,1.4,N,0
35.18248,-120.14581,301.81,0.52,0.67,2025-08-05,1048,N,VIIRS,n,2,287.81,1.73,N,0
35.18294,-120.17049,309.46,0.52,0.67,2025-08-05,1048,N,VIIRS,n,2,287.88,18.12,N,0
35.18382,-120.12741,302.59,0.52,0.67,2025-08-05,1048,N,VIIRS,n,2,288.08,1.4,N,0
35.18401,-120.15117,302.55,0.52,0.67,2025-08-05,1048,N,VIIRS,n,2,288.27,1.73,N,0
35.18536,-120.13278,316.79,0.52,0.67,2025-08-05,1048,N,VIIRS,n,2,289.42,2.27,N,0
35.18555,-120.15654,307.99,0.52,0.67,2025-08-05,1048,N,VIIRS,n,2,288.46,4.65,N,0
35.18643,-120.09022,340.08,0.53,0.67,2025-08-05,1048,N,VIIRS,n,2,291.66,6.12,N,0
35.18689,-120.13812,312.42,0.52,0.67,2025-08-05,1048,N,VIIRS,n,2,289.28,2.27,N,0
35.18708,-120.16187,336.1,0.52,0.67,2025-08-05,1048,N,VIIRS,n,2,290.53,4.65,N,0
35.1878,-120.09501,329.29,0.53,0.67,2025-08-05,1048,N,VIIRS,n,2,290.93,6.12,N,0
35.18838,-120.14333,305.05,0.52,0.67,2025-08-05,1048,N,VIIRS,n,2,287.96,1.73,N,0
35.18859,-120.16715,317.37,0.52,0.67,2025-08-05,1048,N,VIIRS,n,2,288.06,10.3,N,0
35.1899,-120.14864,310.68,0.52,0.67,2025-08-05,1048,N,VIIRS,n,2,287.92,1.73,N,0
35.18995,-120.12569,304.24,0.52,0.67,2025-08-05,1048,N,VIIRS,n,2,287.87,2.37,N,0
35.19146,-120.13094,322.33,0.52,0.67,2025-08-05,1048,N,VIIRS,n,2,288.9,7.17,N,0
35.19148,-120.15414,317.83,0.52,0.67,2025-08-05,1048,N,VIIRS,n,2,288.88,4.65,N,0
35.19294,-120.13612,367,0.52,0.67,2025-08-05,1048,N,VIIRS,h,2,292.52,7.17,N,0
35.19308,-120.15977,367,0.52,0.67,2025-08-05,1048,N,VIIRS,h,2,292.79,4.65,N,0
35.1939,-120.09317,300.56,0.53,0.67,2025-08-05,1048,N,VIIRS,n,2,287.58,1.07,N,0
35.19442,-120.1413,323.53,0.52,0.67,2025-08-05,1048,N,VIIRS,n,2,287.45,8.33,N,0
35.19566,-120.09934,300.25,0.52,0.67,2025-08-05,1048,N,VIIRS,n,2,288.51,1.36,N,0
35.19637,-120.12497,302.07,0.52,0.67,2025-08-05,1048,N,VIIRS,n,2,290.05,2.37,N,0
35.19728,-120.105,303.47,0.52,0.67,2025-08-05,1048,N,VIIRS,n,2,289.56,1.36,N,0
35.1978,-120.12997,314.24,0.52,0.67,2025-08-05,1048,N,VIIRS,n,2,291.77,7.17,N,0
35.19913,-120.15778,319.18,0.52,0.67,2025-08-05,1048,N,VIIRS,n,2,286.78,1.92,N,0
35.19922,-120.13496,352.34,0.52,0.67,2025-08-05,1048,N,VIIRS,n,2,292.17,7.17,N,0
35.20065,-120.13998,300.78,0.52,0.67,2025-08-05,1048,N,VIIRS,n,2,287.34,8.33,N,0
35.20299,-120.12498,316.78,0.52,0.67,2025-08-05,1048,N,VIIRS,n,2,294.87,4.78,N,0
35.20433,-120.12971,335.64,0.52,0.67,2025-08-05,1048,N,VIIRS,n,2,296.79,8.68,N,0
35.20569,-120.13446,367,0.52,0.67,2025-08-05,1048,N,VIIRS,h,2,299.32,8.68,N,0
35.20782,-120.11875,305.67,0.52,0.67,2025-08-05,1048,N,VIIRS,n,2,289.02,4.78,N,0
35.20942,-120.12435,340.3,0.52,0.67,2025-08-05,1048,N,VIIRS,n,2,293.22,4.78,N,0
35.21091,-120.12959,337.92,0.52,0.67,2025-08-05,1048,N,VIIRS,n,2,292.44,8.68,N,0
35.21224,-120.13425,301.48,0.52,0.67,2025-08-05,1048,N,VIIRS,n,2,289.86,8.68,N,0
37.45372,-121.93113,297.72,0.37,0.58,2025-08-05,1048,N,VIIRS,n,2,286.41,0.46,N,2
37.94398,-122.39462,298.92,0.34,0.56,2025-08-05,1048,N,VIIRS,n,2,286.78,0.87,N,2
37.95085,-122.39997,302.47,0.34,0.56,2025-08-05,1048,N,VIIRS,n,2,291.09,1.17,N,2
38.00329,-121.93614,298.06,0.35,0.57,2025-08-05,1048,N,VIIRS,n,2,286.75,0.44,N,2
32.16882,-116.68204,340.22,0.4,0.44,2025-08-05,2027,N,VIIRS,n,2,310.09,0.86,D,0
32.17361,-116.67941,343.49,0.4,0.44,2025-08-05,2027,N,VIIRS,n,2,311.74,11.55,D,0
33.57727,-116.49938,367,0.56,0.43,2025-08-05,2027,N,VIIRS,l,2,325.59,23.52,D,0
33.57846,-116.49349,346.02,0.56,0.43,2025-08-05,2027,N,VIIRS,n,2,317.95,23.52,D,0
33.57964,-116.48765,352.36,0.56,0.43,2025-08-05,2027,N,VIIRS,l,2,327.95,51.57,D,0
33.58083,-116.48177,353.23,0.56,0.43,2025-08-05,2027,N,VIIRS,n,2,321.99,51.57,D,0
33.58228,-116.4949,350.16,0.56,0.43,2025-08-05,2027,N,VIIRS,n,2,321.09,23.52,D,0
33.58348,-116.48895,367,0.56,0.43,2025-08-05,2027,N,VIIRS,h,2,348.76,51.57,D,0
33.58731,-116.49027,350.77,0.56,0.43,2025-08-05,2027,N,VIIRS,n,2,325.12,51.98,D,0
33.6037,-117.13504,367,0.4,0.44,2025-08-05,2027,N,VIIRS,h,2,348.86,140.63,D,0
33.60772,-117.13618,354.79,0.4,0.44,2025-08-05,2027,N,VIIRS,n,2,313.66,36.27,D,0
34.31819,-116.88091,338.72,0.57,0.43,2025-08-05,2027,N,VIIRS,n,2,307.2,42.54,D,0
34.32096,-116.8876,349.83,0.57,0.43,2025-08-05,2027,N,VIIRS,n,2,313.56,42.54,D,0
34.32208,-116.88205,367,0.57,0.43,2025-08-05,2027,N,VIIRS,l,2,331.39,42.54,D,0
34.32316,-116.87671,367,0.57,0.43,2025-08-05,2027,N,VIIRS,l,2,325.29,97.3,D,0
34.32477,-116.88918,348.8,0.57,0.43,2025-08-05,2027,N,VIIRS,n,2,313.77,15.08,D,0
34.32587,-116.88371,355.57,0.57,0.43,2025-08-05,2027,N,VIIRS,n,2,310.62,15.08,D,0
34.32854,-116.89095,335.92,0.57,0.43,2025-08-05,2027,N,VIIRS,l,2,309.19,15.08,D,0
34.32966,-116.88541,348.56,0.57,0.43,2025-08-05,2027,N,VIIRS,l,2,321.71,15.08,D,0
34.33071,-116.88022,347.08,0.57,0.43,2025-08-05,2027,N,VIIRS,n,2,311.76,35.81,D,0
34.33821,-116.88399,338.7,0.57,0.43,2025-08-05,2027,N,VIIRS,n,2,307.89,9.71,D,0
34.97467,-120.05272,347.07,0.53,0.5,2025-08-05,2028,N,VIIRS,n,2,310.63,18.8,D,0
34.97594,-120.05656,344.8,0.53,0.5,2025-08-05,2028,N,VIIRS,n,2,310.74,20.34,D,0
34.97604,-120.04688,347.28,0.53,0.5,2025-08-05,2028,N,VIIRS,n,2,310.37,18.8,D,0
34.9761,-120.07735,339.42,0.54,0.51,2025-08-05,2028,N,VIIRS,n,2,306.78,6.45,D,0
34.97733,-120.05047,352.69,0.53,0.5,2025-08-05,2028,N,VIIRS,n,2,319.15,20.34,D,0
34.97798,-120.05944,341.06,0.53,0.5,2025-08-05,2028,N,VIIRS,n,2,303.75,41.77,D,0
34.97803,-120.08012,348.99,0.54,0.5,2025-08-05,2028,N,VIIRS,n,2,308.55,11.09,D,0
34.97855,-120.0451,342.37,0.53,0.5,2025-08-05,2028,N,VIIRS,n,2,304.17,22.35,D,0
34.97906,-120.06429,341.7,0.54,0.5,2025-08-05,2028,N,VIIRS,n,2,304.4,7.4,D,0
34.97954,-120.05283,367,0.53,0.5,2025-08-05,2028,N,VIIRS,h,2,315.12,25.91,D,0
34.98071,-120.05701,338.9,0.53,0.5,2025-08-05,2028,N,VIIRS,n,2,304.69,20.34,D,0
34.98075,-120.04765,354.17,0.53,0.5,2025-08-05,2028,N,VIIRS,n,2,307,25.91,D,0
34.98088,-120.06792,349.33,0.53,0.5,2025-08-05,2028,N,VIIRS,n,2,317.2,41.77,D,0
34.98205,-120.05113,334.61,0.53,0.5,2025-08-05,2028,N,VIIRS,l,2,306.61,20.34,D,0
34.98207,-120.07258,342.4,0.54,0.5,2025-08-05,2028,N,VIIRS,n,2,310.32,38.69,D,0
34.9832,-120.0461,353.47,0.53,0.5,2025-08-05,2028,N,VIIRS,n,2,309.68,22.35,D,0
34.98357,-120.06594,353.36,0.54,0.5,2025-08-05,2028,N,VIIRS,n,2,315.92,38.69,D,0
34.98396,-119.99237,355.06,0.53,0.5,2025-08-05,2028,N,VIIRS,n,2,319.03,55.91,D,0
34.98448,-120.04044,342.15,0.53,0.5,2025-08-05,2028,N,VIIRS,n,2,308.34,22.35,D,0
34.98663,-120.04337,355.16,0.53,0.5,2025-08-05,2028,N,VIIRS,n,2,307.59,28.01,D,0
34.98909,-120.04163,342.97,0.53,0.5,2025-08-05,2028,N,VIIRS,n,2,307.57,38.65,D,0
34.98967,-119.98878,349.76,0.53,0.5,2025-08-05,2028,N,VIIRS,n,2,314.44,52.07,D,0
34.99262,-120.03867,348.53,0.53,0.5,2025-08-05,2028,N,VIIRS,l,2,318.88,70.99,D,0
34.99369,-120.04277,367,0.53,0.5,2025-08-05,2028,N,VIIRS,l,2,327.12,38.65,D,0
34.99504,-120.03686,342.88,0.53,0.5,2025-08-05,2028,N,VIIRS,n,2,310.79,54.94,D,0
34.99724,-120.03977,356.9,0.53,0.5,2025-08-05,2028,N,VIIRS,n,2,316.2,70.99,D,0
35.00061,-119.98354,350.75,0.53,0.5,2025-08-05,2028,N,VIIRS,n,2,316.04,17.06,D,0
35.0043,-120.0934,353.91,0.54,0.51,2025-08-05,2028,N,VIIRS,n,2,313.97,23.07,D,0
35.00575,-120.10824,340.42,0.54,0.51,2025-08-05,2028,N,VIIRS,l,2,314.03,11.4,D,0
35.00874,-120.11649,346.99,0.54,0.51,2025-08-05,2028,N,VIIRS,n,2,313.43,11.4,D,0
35.00887,-120.09482,355.06,0.54,0.51,2025-08-05,2028,N,VIIRS,n,2,316.99,58.82,D,0
35.02299,-120.05496,353.49,0.53,0.5,2025-08-05,2028,N,VIIRS,n,2,318.53,24.2,D,0
35.03242,-120.07757,344.94,0.53,0.5,2025-08-05,2028,N,VIIRS,n,2,315.77,9.33,D,0
35.10682,-120.214,347.42,0.54,0.51,2025-08-05,2028,N,VIIRS,n,2,302.15,5.86,D,0
35.12437,-120.20187,352.29,0.54,0.51,2025-08-05,2028,N,VIIRS,n,2,302.66,10.84,D,0
35.1382,-120.2058,344.43,0.54,0.51,2025-08-05,2028,N,VIIRS,n,2,302.73,22.85,D,0
35.13949,-120.20018,367,0.54,0.51,2025-08-05,2028,N,VIIRS,h,2,310.27,22.85,D,0
35.14079,-120.19451,348,0.54,0.51,2025-08-05,2028,N,VIIRS,n,2,302.78,11.02,D,0
35.14208,-120.18896,354.09,0.54,0.51,2025-08-05,2028,N,VIIRS,n,2,303.61,11.02,D,0
35.14279,-120.20716,336.89,0.54,0.51,2025-08-05,2028,N,VIIRS,n,2,300.81,11.72,D,0
35.14413,-120.20135,348.52,0.54,0.51,2025-08-05,2028,N,VIIRS,n,2,301.75,11.72,D,0
35.1455,-120.1954,367,0.54,0.51,2025-08-05,2028,N,VIIRS,h,2,304.07,21.36,D,0
35.14608,-120.21421,353.74,0.54,0.51,2025-08-05,2028,N,VIIRS,n,2,304.11,21.97,D,0
35.14674,-120.19002,354.22,0.54,0.51,2025-08-05,2028,N,VIIRS,n,2,308.88,21.36,D,0
35.14742,-120.20839,367,0.54,0.51,2025-08-05,2028,N,VIIRS,h,2,307.64,11.72,D,0
35.14796,-120.18469,354.55,0.54,0.51,2025-08-05,2028,N,VIIRS,n,2,309.85,39.33,D,0
35.1488,-120.20235,342.9,0.54,0.51,2025-08-05,2028,N,VIIRS,n,2,301.33,11.72,D,0
35.14941,-120.2211,337.27,0.54,0.51,2025-08-05,2028,N,VIIRS,n,2,305.26,61.4,D,0
35.15014,-120.19653,338.49,0.54,0.51,2025-08-05,2028,N,VIIRS,n,2,300.75,21.36,D,0
35.15074,-120.21528,367,0.54,0.51,2025-08-05,2028,N,VIIRS,l,2,334.97,61.4,D,0
35.15133,-120.19135,343.6,0.54,0.51,2025-08-05,2028,N,VIIRS,n,2,304.11,21.36,D,0
35.15213,-120.2092,367,0.54,0.51,2025-08-05,2028,N,VIIRS,h,2,344.95,81.73,D,0
35.15226,-120.21806,367,0.54,0.51,2025-08-05,2028,N,VIIRS,l,2,331.82,72.37,D,0
35.15253,-120.18613,344.93,0.54,0.51,2025-08-05,2028,N,VIIRS,n,2,305.78,39.33,D,0
35.15353,-120.20309,367,0.54,0.51,2025-08-05,2028,N,VIIRS,h,2,308.21,81.73,D,0
35.15368,-120.21203,367,0.54,0.51,2025-08-05,2028,N,VIIRS,l,2,330.63,72.37,D,0
35.15404,-120.22233,335.35,0.54,0.51,2025-08-05,2028,N,VIIRS,l,2,308.57,61.4,D,0
35.15477,-120.19769,367,0.54,0.51,2025-08-05,2028,N,VIIRS,h,2,307.78,118.77,D,0
35.15514,-120.20584,367,0.54,0.51,2025-08-05,2028,N,VIIRS,h,2,313.55,64.84,D,0
35.15542,-120.2163,367,0.54,0.51,2025-08-05,2028,N,VIIRS,l,2,328.58,61.4,D,0
35.15594,-120.19264,354.58,0.54,0.51,2025-08-05,2028,N,VIIRS,n,2,318.43,118.77,D,0
35.15644,-120.20035,350.98,0.54,0.51,2025-08-05,2028,N,VIIRS,n,2,322.77,64.84,D,0
35.15682,-120.21017,367,0.54,0.51,2025-08-05,2028,N,VIIRS,h,2,317.26,81.73,D,0
35.15694,-120.21908,344.11,0.54,0.51,2025-08-05,2028,N,VIIRS,n,2,312.41,72.37,D,0
35.15764,-120.19524,367,0.54,0.51,2025-08-05,2028,N,VIIRS,l,2,351.81,120.47,D,0
35.15815,-120.20434,367,0.54,0.51,2025-08-05,2028,N,VIIRS,h,2,308.69,81.73,D,0
35.15839,-120.2129,355.52,0.54,0.51,2025-08-05,2028,N,VIIRS,n,2,323.55,72.37,D,0
35.15884,-120.19016,348.5,0.54,0.51,2025-08-05,2028,N,VIIRS,n,2,309.78,120.47,D,0
35.15936,-120.1991,367,0.54,0.51,2025-08-05,2028,N,VIIRS,h,2,346.52,118.77,D,0
35.15976,-120.20707,355.34,0.54,0.51,2025-08-05,2028,N,VIIRS,n,2,304.11,64.84,D,0
35.16052,-120.19402,367,0.54,0.51,2025-08-05,2028,N,VIIRS,h,2,356.74,118.77,D,0
35.1615,-120.21117,346.87,0.54,0.51,2025-08-05,2028,N,VIIRS,n,2,307.38,52.72,D,0
35.16173,-120.18875,345.74,0.54,0.51,2025-08-05,2028,N,VIIRS,n,2,303.8,67.64,D,0
35.16221,-120.19667,367,0.54,0.51,2025-08-05,2028,N,VIIRS,h,2,338.68,120.47,D,0
35.16306,-120.21398,337.19,0.54,0.51,2025-08-05,2028,N,VIIRS,l,2,308.54,7.2,D,0
35.16342,-120.19154,347.41,0.54,0.51,2025-08-05,2028,N,VIIRS,n,2,307.46,120.47,D,0
35.16393,-120.20055,367,0.54,0.51,2025-08-05,2028,N,VIIRS,h,2,304.86,31.5,D,0
35.16471,-120.18602,344.02,0.54,0.51,2025-08-05,2028,N,VIIRS,n,2,305.96,8.49,D,0
35.16509,-120.19546,349.08,0.54,0.51,2025-08-05,2028,N,VIIRS,n,2,304.86,31.5,D,0
35.17674,-120.17664,341.16,0.54,0.51,2025-08-05,2028,N,VIIRS,n,2,311.31,6.12,D,0
35.17814,-120.18121,341.05,0.54,0.51,2025-08-05,2028,N,VIIRS,n,2,307.08,16.28,D,0
35.17828,-120.17009,342.18,0.54,0.51,2025-08-05,2028,N,VIIRS,n,2,310.01,6.12,D,0
35.17958,-120.17487,357.17,0.54,0.51,2025-08-05,2028,N,VIIRS,n,2,317.8,16.28,D,0
35.18099,-120.16867,356.77,0.54,0.51,2025-08-05,2028,N,VIIRS,n,2,309.25,14.16,D,0
35.18124,-120.17831,367,0.54,0.51,2025-08-05,2028,N,VIIRS,h,2,311.26,23.22,D,0
35.18269,-120.17213,367,0.54,0.51,2025-08-05,2028,N,VIIRS,h,2,313.6,23.22,D,0
35.18401,-120.17695,347.93,0.54,0.51,2025-08-05,2028,N,VIIRS,n,2,307.21,16.28,D,0
35.18405,-120.16633,367,0.54,0.5,2025-08-05,2028,N,VIIRS,h,2,309.68,22.31,D,0
35.18536,-120.17096,348.63,0.54,0.51,2025-08-05,2028,N,VIIRS,n,2,308.03,14.16,D,0
35.18668,-120.16517,352.9,0.54,0.51,2025-08-05,2028,N,VIIRS,n,2,311.83,14.16,D,0
35.19078,-120.09594,348.02,0.53,0.5,2025-08-05,2028,N,VIIRS,l,2,320.63,21.08,D,0
35.19178,-120.09972,367,0.53,0.5,2025-08-05,2028,N,VIIRS,l,2,329.28,20.2,D,0
35.19207,-120.14147,345.63,0.53,0.5,2025-08-05,2028,N,VIIRS,n,2,312.07,10.97,D,0
35.19308,-120.094,353.12,0.53,0.5,2025-08-05,2028,N,VIIRS,n,2,315.19,19.15,D,0
35.19402,-120.14467,348,0.53,0.5,2025-08-05,2028,N,VIIRS,n,2,311.91,8.65,D,0
35.1954,-120.09703,350.83,0.53,0.5,2025-08-05,2028,N,VIIRS,n,2,315.6,21.08,D,0
35.19545,-120.13853,349.06,0.53,0.5,2025-08-05,2028,N,VIIRS,n,2,314.22,8.65,D,0
35.19584,-120.15779,351.04,0.53,0.5,2025-08-05,2028,N,VIIRS,n,2,317.06,13.88,D,0
35.19641,-120.10076,350.46,0.53,0.5,2025-08-05,2028,N,VIIRS,n,2,318.53,17.07,D,0
35.19865,-120.10401,367,0.53,0.5,2025-08-05,2028,N,VIIRS,h,2,311.35,12.03,D,0
35.19954,-120.10844,345.65,0.53,0.5,2025-08-05,2028,N,VIIRS,l,2,315.85,17.07,D,0
35.20009,-120.1396,356.08,0.53,0.5,2025-08-05,2028,N,VIIRS,n,2,316.71,29.59,D,0
35.20172,-120.11173,344.93,0.53,0.5,2025-08-05,2028,N,VIIRS,n,2,316.96,17.72,D,0
35.20309,-120.10587,340.95,0.53,0.5,2025-08-05,2028,N,VIIRS,n,2,303.79,12.03,D,0
35.20475,-120.14057,352.6,0.53,0.5,2025-08-05,2028,N,VIIRS,n,2,313,29.59,D,0
35.20623,-120.11329,367,0.53,0.5,2025-08-05,2028,N,VIIRS,h,2,307.33,10.18,D,0
35.20637,-120.13363,346.41,0.53,0.5,2025-08-05,2028,N,VIIRS,l,2,316.44,29.94,D,0
35.20948,-120.12031,338.24,0.53,0.5,2025-08-05,2028,N,VIIRS,n,2,309.38,10.18,D,0
36.39738,-119.68381,335.69,0.47,0.48,2025-08-05,2028,N,VIIRS,n,2,306.82,2.25,D,0
39.12369,-121.93195,337.99,0.54,0.5,2025-08-05,2029,N,VIIRS,n,2,312.22,5.3,D,0
39.42003,-121.64474,333.58,0.51,0.49,2025-08-05,2029,N,VIIRS,l,2,305.55,2.41,D,0
39.91045,-122.20348,348.29,0.53,0.5,2025-08-05,2029,N,VIIRS,n,2,312.97,7.58,D,0
39.91159,-122.20382,367,0.53,0.5,2025-08-05,2029,N,VIIRS,h,2,313.7,10.22,D,0
39.91494,-122.20527,349.19,0.53,0.5,2025-08-05,2029,N,VIIRS,n,2,306.84,7.58,D,0
41.24008,-116.87984,367,0.44,0.38,2025-08-05,2029,N,VIIRS,l,2,327.79,52.88,D,0
41.2426,-116.88606,352.52,0.44,0.38,2025-08-05,2029,N,VIIRS,n,2,321.48,27.97,D,0
41.24717,-116.96091,348.52,0.44,0.39,2025-08-05,2029,N,VIIRS,n,2,312.48,13.27,D,0
41.25064,-116.96204,367,0.44,0.39,2025-08-05,2029,N,VIIRS,l,2,326.62,19.89,D,0
41.25072,-116.95895,350.36,0.44,0.39,2025-08-05,2029,N,VIIRS,l,2,323.94,49.29,D,0
41.25413,-116.96313,346.92,0.44,0.39,2025-08-05,2029,N,VIIRS,l,2,321.26,19.89,D,0
41.2587,-116.95583,356.31,0.44,0.39,2025-08-05,2029,N,VIIRS,l,2,331.48,25.34,D,0
41.25969,-116.9506,353.95,0.44,0.39,2025-08-05,2029,N,VIIRS,n,2,325.76,25.34,D,0
41.26321,-116.9515,367,0.44,0.39,2025-08-05,2029,N,VIIRS,h,2,335.03,25.34,D,0
41.2642,-116.94621,351.9,0.44,0.39,2025-08-05,2029,N,VIIRS,n,2,319.87,17.44,D,0
41.26522,-116.94084,351.69,0.44,0.39,2025-08-05,2029,N,VIIRS,n,2,324.02,17.44,D,0
41.26676,-116.95222,355.73,0.44,0.39,2025-08-05,2029,N,VIIRS,l,2,343.27,52.17,D,0
41.26775,-116.94698,367,0.44,0.39,2025-08-05,2029,N,VIIRS,h,2,339.13,53.71,D,0
41.26876,-116.94161,367,0.44,0.39,2025-08-05,2029,N,VIIRS,h,2,365.31,53.71,D,0
41.26977,-116.93624,351.82,0.44,0.38,2025-08-05,2029,N,VIIRS,l,2,336.34,105.21,D,0
41.27031,-116.95292,367,0.44,0.39,2025-08-05,2029,N,VIIRS,l,2,341.89,52.17,D,0
41.2713,-116.94766,354.49,0.44,0.39,2025-08-05,2029,N,VIIRS,l,2,334.81,53.71,D,0
41.27232,-116.94229,367,0.44,0.39,2025-08-05,2029,N,VIIRS,h,2,349.93,53.71,D,0
41.27333,-116.93691,367,0.44,0.38,2025-08-05,2029,N,VIIRS,h,2,362.03,105.21,D,0
41.27488,-116.94829,367,0.44,0.39,2025-08-05,2029,N,VIIRS,l,2,333.89,165.75,D,0
41.27691,-116.93748,367,0.44,0.38,2025-08-05,2029,N,VIIRS,h,2,366.82,216.89,D,0
41.28043,-116.93833,367,0.44,0.38,2025-08-05,2029,N,VIIRS,h,2,339.17,216.89,D,0
41.3373,-116.85015,341.44,0.44,0.38,2025-08-05,2029,N,VIIRS,l,2,312.89,7.36,D,0
41.35352,-116.98079,353.43,0.44,0.39,2025-08-05,2029,N,VIIRS,l,2,329.44,49.48,D,0
41.35451,-116.97542,367,0.44,0.39,2025-08-05,2029,N,VIIRS,l,2,326.96,15.47,D,0
41.35664,-116.97913,353.28,0.44,0.39,2025-08-05,2029,N,VIIRS,l,2,324.84,21.96,D,0
41.35697,-116.98206,348.25,0.44,0.39,2025-08-05,2029,N,VIIRS,l,2,318.44,12.59,D,0
41.35702,-116.86252,338.5,0.44,0.38,2025-08-05,2029,N,VIIRS,n,2,307.06,2.3,D,0
41.36603,-114.79871,344.77,0.39,0.36,2025-08-05,2029,N,VIIRS,l,2,319.67,30.99,D,0
41.36747,-116.80579,351.71,0.44,0.38,2025-08-05,2029,N,VIIRS,n,2,317.86,63.89,D,0
41.36841,-116.8007,367,0.44,0.38,2025-08-05,2029,N,VIIRS,l,2,334.49,63.89,D,0
41.36881,-116.83828,341.37,0.44,0.38,2025-08-05,2029,N,VIIRS,n,2,308.26,3.37,D,0
41.36905,-116.81714,344.28,0.44,0.38,2025-08-05,2029,N,VIIRS,n,2,318.74,7.26,D,0
41.36935,-116.79562,367,0.44,0.38,2025-08-05,2029,N,VIIRS,l,2,343.11,131.29,D,0
41.36974,-116.83325,342.93,0.44,0.38,2025-08-05,2029,N,VIIRS,n,2,310.84,3.37,D,0
41.36998,-116.81205,353.39,0.44,0.38,2025-08-05,2029,N,VIIRS,n,2,320.41,7.26,D,0
41.37065,-116.82831,351.24,0.44,0.38,2025-08-05,2029,N,VIIRS,n,2,317.05,14.46,D,0
41.37092,-116.80697,367,0.44,0.38,2025-08-05,2029,N,VIIRS,l,2,339.5,63.89,D,0
41.37157,-116.82333,367,0.44,0.38,2025-08-05,2029,N,VIIRS,h,2,325.84,14.46,D,0
41.37185,-116.80186,367,0.44,0.38,2025-08-05,2029,N,VIIRS,h,2,356.62,63.89,D,0
41.37249,-116.81831,367,0.44,0.38,2025-08-05,2029,N,VIIRS,h,2,353.21,87.46,D,0
41.37342,-116.81324,351.56,0.44,0.38,2025-08-05,2029,N,VIIRS,l,2,330.72,87.46,D,0
41.37436,-116.80816,367,0.44,0.38,2025-08-05,2029,N,VIIRS,h,2,345.48,161.7,D,0
41.37466,-116.78662,343.15,0.44,0.38,2025-08-05,2029,N,VIIRS,n,2,309.84,5.15,D,0
41.37501,-116.82452,352.64,0.44,0.38,2025-08-05,2029,N,VIIRS,n,2,312.69,14.46,D,0
41.37593,-116.8195,367,0.44,0.38,2025-08-05,2029,N,VIIRS,h,2,329.78,87.46,D,0
41.28938,-123.00147,367,0.54,0.51,2025-08-05,2030,N,VIIRS,h,2,299.79,16.23,D,0
41.29056,-122.99667,346.74,0.54,0.51,2025-08-05,2030,N,VIIRS,n,2,299.19,16.23,D,0
41.29122,-123.00107,367,0.54,0.51,2025-08-05,2030,N,VIIRS,h,2,302.38,28.46,D,0
41.29239,-122.99625,347.83,0.54,0.51,2025-08-05,2030,N,VIIRS,n,2,299.29,21.68,D,0
41.29253,-123.00874,330.59,0.54,0.51,2025-08-05,2030,N,VIIRS,n,2,299.72,6.75,D,0
41.29382,-123.00356,342.7,0.54,0.51,2025-08-05,2030,N,VIIRS,n,2,297.1,16.23,D,0
41.29627,-122.99359,341.46,0.54,0.51,2025-08-05,2030,N,VIIRS,n,2,295.75,10.19,D,0
41.29932,-123.00131,336.88,0.54,0.51,2025-08-05,2030,N,VIIRS,n,2,296.24,10.58,D,0
41.30056,-122.9963,349.48,0.54,0.51,2025-08-05,2030,N,VIIRS,n,2,299.34,32.03,D,0
41.3078,-123.00709,341.63,0.54,0.51,2025-08-05,2030,N,VIIRS,n,2,299.11,28.51,D,0
41.30944,-123.00043,343.55,0.54,0.51,2025-08-05,2030,N,VIIRS,n,2,306.88,45.04,D,0
41.31184,-123.0108,367,0.54,0.51,2025-08-05,2030,N,VIIRS,h,2,298.58,28.51,D,0
41.31373,-123.00316,332.25,0.54,0.51,2025-08-05,2030,N,VIIRS,n,2,291.65,45.04,D,0
34.97711,-120.0686,336.85,0.75,0.77,2025-08-05,2208,N,VIIRS,n,2,298.67,13.91,D,0
34.97725,-120.06221,367,0.75,0.77,2025-08-05,2208,N,VIIRS,h,2,302.68,19.8,D,0
34.97738,-120.05602,349.07,0.75,0.77,2025-08-05,2208,N,VIIRS,n,2,298.44,19.8,D,0
34.9776,-120.04575,356.35,0.75,0.77,2025-08-05,2208,N,VIIRS,n,2,298.94,23.53,D,0
34.97848,-120.07012,337.11,0.75,0.77,2025-08-05,2208,N,VIIRS,n,2,298.86,19.18,D,0
34.97858,-120.06388,367,0.75,0.77,2025-08-05,2208,N,VIIRS,h,2,303.36,19.18,D,0
34.97868,-120.05785,343.8,0.75,0.77,2025-08-05,2208,N,VIIRS,n,2,298.22,19.96,D,0
34.97883,-120.04884,347.22,0.76,0.77,2025-08-05,2208,N,VIIRS,n,2,297.73,19.96,D,0
34.98431,-120.06945,333.44,0.75,0.77,2025-08-05,2208,N,VIIRS,n,2,300.47,11.32,D,0
34.98444,-120.06328,331.71,0.75,0.77,2025-08-05,2208,N,VIIRS,n,2,301,15.02,D,0
34.99218,-120.04016,367,0.76,0.77,2025-08-05,2208,N,VIIRS,h,2,305.88,32.08,D,0
34.99235,-120.03254,351.93,0.76,0.77,2025-08-05,2208,N,VIIRS,n,2,298.39,15.39,D,0
34.99251,-120.0254,330.95,0.76,0.77,2025-08-05,2208,N,VIIRS,n,2,296.05,15.39,D,0
34.99341,-120.04204,367,0.76,0.77,2025-08-05,2208,N,VIIRS,h,2,311.8,39.89,D,0
34.99354,-120.03409,367,0.76,0.77,2025-08-05,2208,N,VIIRS,h,2,302.36,39.89,D,0
34.99367,-120.02671,337.62,0.76,0.77,2025-08-05,2208,N,VIIRS,n,2,296.68,24.44,D,0
34.99918,-120.05019,342.71,0.75,0.77,2025-08-05,2208,N,VIIRS,n,2,297.77,138.11,D,0
34.99937,-120.04182,310.76,0.76,0.77,2025-08-05,2208,N,VIIRS,l,2,314.78,138.11,D,0
34.99955,-120.03404,367,0.76,0.77,2025-08-05,2208,N,VIIRS,l,2,378.76,409.8,D,0
34.99972,-120.02644,367,0.76,0.77,2025-08-05,2208,N,VIIRS,h,2,320.94,409.8,D,0
34.99987,-120.01951,367,0.76,0.77,2025-08-05,2208,N,VIIRS,h,2,298.11,100.64,D,0
35,-120.01372,343.5,0.76,0.77,2025-08-05,2208,N,VIIRS,n,2,295.19,100.64,D,0
35.00011,-120.00835,333.51,0.76,0.77,2025-08-05,2208,N,VIIRS,n,2,293.77,16.76,D,0
35.00074,-120.03608,367,0.76,0.77,2025-08-05,2208,N,VIIRS,l,2,379.26,577.62,D,0
35.00087,-120.02846,367,0.76,0.77,2025-08-05,2208,N,VIIRS,h,2,329.82,388.43,D,0
35.001,-120.02115,367,0.76,0.77,2025-08-05,2208,N,VIIRS,h,2,298.85,388.43,D,0
35.00111,-120.01507,344.82,0.76,0.77,2025-08-05,2208,N,VIIRS,n,2,295.71,29.82,D,0
35.00533,-120.09694,343.68,0.75,0.77,2025-08-05,2208,N,VIIRS,n,2,301.86,13.79,D,0
35.00658,-120.04284,349.91,0.76,0.77,2025-08-05,2208,N,VIIRS,n,2,299.64,138.11,D,0
35.00673,-120.0362,208,0.76,0.77,2025-08-05,2208,N,VIIRS,l,2,305.39,409.8,D,0
35.00686,-120.09841,340.7,0.75,0.77,2025-08-05,2208,N,VIIRS,n,2,301.6,11.31,D,0
35.00689,-120.02924,367,0.76,0.77,2025-08-05,2208,N,VIIRS,h,2,301.06,409.8,D,0
35.00705,-120.02215,341.5,0.76,0.77,2025-08-05,2208,N,VIIRS,n,2,297.41,100.64,D,0
35.00795,-120.03775,367,0.76,0.77,2025-08-05,2208,N,VIIRS,h,2,299.04,577.62,D,0
35.00807,-120.03107,367,0.76,0.77,2025-08-05,2208,N,VIIRS,h,2,298.89,388.43,D,0
35.02103,-120.11189,337.46,0.75,0.77,2025-08-05,2208,N,VIIRS,n,2,303.31,6.88,D,0
35.02824,-120.11195,356.78,0.75,0.77,2025-08-05,2208,N,VIIRS,n,2,303.57,18.49,D,0
35.02837,-120.1052,353.29,0.75,0.77,2025-08-05,2208,N,VIIRS,n,2,301.99,21.52,D,0
35.0354,-120.11462,344.42,0.75,0.77,2025-08-05,2208,N,VIIRS,n,2,302.48,18.49,D,0
35.03556,-120.10632,335.97,0.75,0.77,2025-08-05,2208,N,VIIRS,n,2,301.67,21.52,D,0
35.10518,-120.21293,367,0.74,0.76,2025-08-05,2208,N,VIIRS,h,2,301.53,11.63,D,0
35.10786,-120.21233,353.29,0.74,0.76,2025-08-05,2209,N,VIIRS,n,2,300.52,15.04,D,0
35.12241,-120.20277,333.16,0.74,0.76,2025-08-05,2209,N,VIIRS,n,2,300.74,10.05,D,0
35.13675,-120.20386,354.26,0.74,0.76,2025-08-05,2209,N,VIIRS,n,2,303.09,10.2,D,0
35.13695,-120.19394,340.09,0.74,0.76,2025-08-05,2209,N,VIIRS,n,2,301.56,9.5,D,0
35.14372,-120.21409,367,0.74,0.76,2025-08-05,2209,N,VIIRS,h,2,305.89,32.13,D,0
35.14391,-120.20493,367,0.74,0.76,2025-08-05,2209,N,VIIRS,h,2,310.34,32.13,D,0
35.14408,-120.19651,367,0.74,0.76,2025-08-05,2209,N,VIIRS,h,2,306.04,15.58,D,0
35.14429,-120.18625,367,0.74,0.76,2025-08-05,2209,N,VIIRS,h,2,303.12,15.58,D,0
35.14571,-120.21588,356.64,0.74,0.76,2025-08-05,2209,N,VIIRS,n,2,306.35,44.46,D,0
35.14585,-120.20678,367,0.74,0.76,2025-08-05,2209,N,VIIRS,h,2,312.9,33.62,D,0
35.14613,-120.18832,349.78,0.74,0.76,2025-08-05,2209,N,VIIRS,n,2,303.28,27.21,D,0
35.15068,-120.22458,331.58,0.74,0.76,2025-08-05,2209,N,VIIRS,n,2,303.26,28.38,D,0
35.15087,-120.21563,367,0.74,0.76,2025-08-05,2209,N,VIIRS,h,2,318.53,32.13,D,0
35.15104,-120.20735,350.6,0.74,0.76,2025-08-05,2209,N,VIIRS,n,2,311.87,32.13,D,0
35.15122,-120.19852,331.46,0.74,0.76,2025-08-05,2209,N,VIIRS,n,2,306.19,15.58,D,0
35.15287,-120.21765,355.89,0.74,0.76,2025-08-05,2209,N,VIIRS,n,2,316.02,44.46,D,0
35.15299,-120.20949,355.75,0.74,0.76,2025-08-05,2209,N,VIIRS,n,2,313.29,33.62,D,0
35.15313,-120.2008,338.53,0.74,0.76,2025-08-05,2209,N,VIIRS,n,2,307.74,33.62,D,0
35.158,-120.21782,346.86,0.74,0.76,2025-08-05,2209,N,VIIRS,n,2,311.05,58.64,D,0
35.15817,-120.20961,357.35,0.74,0.76,2025-08-05,2209,N,VIIRS,n,2,323.13,58.64,D,0
35.15839,-120.19959,357.18,0.74,0.76,2025-08-05,2209,N,VIIRS,n,2,314.67,55.53,D,0
35.15864,-120.18752,367,0.74,0.76,2025-08-05,2209,N,VIIRS,h,2,304.67,55.53,D,0
35.16001,-120.2198,353.67,0.74,0.76,2025-08-05,2209,N,VIIRS,n,2,305.79,56.55,D,0
35.16014,-120.21177,351.96,0.74,0.76,2025-08-05,2209,N,VIIRS,n,2,324.33,138.88,D,0
35.16029,-120.20181,353.76,0.74,0.76,2025-08-05,2209,N,VIIRS,n,2,315.51,138.88,D,0
35.16049,-120.18946,367,0.74,0.76,2025-08-05,2209,N,VIIRS,h,2,308.34,90.76,D,0
35.16514,-120.21925,333.27,0.74,0.76,2025-08-05,2209,N,VIIRS,n,2,303.6,58.64,D,0
35.16533,-120.21056,367,0.74,0.76,2025-08-05,2209,N,VIIRS,h,2,304.84,58.64,D,0
35.16558,-120.19916,367,0.74,0.76,2025-08-05,2209,N,VIIRS,h,2,303.28,55.53,D,0
35.16582,-120.18786,343.55,0.74,0.76,2025-08-05,2209,N,VIIRS,n,2,305.51,55.53,D,0
35.18034,-120.18124,355.7,0.74,0.76,2025-08-05,2209,N,VIIRS,n,2,308.46,94.61,D,0
35.1805,-120.17403,367,0.74,0.76,2025-08-05,2209,N,VIIRS,l,2,325.07,94.61,D,0
35.18066,-120.1667,367,0.74,0.76,2025-08-05,2209,N,VIIRS,h,2,311.78,97.73,D,0
35.18216,-120.18291,335.93,0.74,0.76,2025-08-05,2209,N,VIIRS,l,2,306.62,36.32,D,0
35.18229,-120.09032,341.81,0.75,0.77,2025-08-05,2209,N,VIIRS,n,2,303.29,13.62,D,0
35.18242,-120.16752,367,0.75,0.77,2025-08-05,2209,N,VIIRS,h,2,312.44,238.83,D,0
35.18257,-120.15887,335.02,0.75,0.77,2025-08-05,2209,N,VIIRS,n,2,305.57,34.53,D,0
35.18366,-120.09148,367,0.75,0.77,2025-08-05,2209,N,VIIRS,h,2,305.51,21.8,D,0
35.18377,-120.08467,367,0.75,0.77,2025-08-05,2209,N,VIIRS,h,2,304.73,21.94,D,0
35.18773,-120.17265,338.31,0.74,0.76,2025-08-05,2209,N,VIIRS,n,2,305.25,12.69,D,0
35.1895,-120.09063,367,0.75,0.77,2025-08-05,2209,N,VIIRS,h,2,304.43,34.41,D,0
35.18978,-120.15803,367,0.75,0.77,2025-08-05,2209,N,VIIRS,h,2,313.37,42.72,D,0
35.19005,-120.14188,334.36,0.75,0.77,2025-08-05,2209,N,VIIRS,l,2,306.82,10.71,D,0
35.19088,-120.0919,343.73,0.75,0.77,2025-08-05,2209,N,VIIRS,n,2,302.21,25.55,D,0
35.19508,-120.16547,349.24,0.74,0.76,2025-08-05,2209,N,VIIRS,n,2,305.92,61.93,D,0
35.19526,-120.15732,367,0.75,0.77,2025-08-05,2209,N,VIIRS,h,2,318.75,61.93,D,0
35.19545,-120.14893,345.05,0.75,0.77,2025-08-05,2209,N,VIIRS,n,2,305.71,32.31,D,0
35.19562,-120.1411,351.96,0.75,0.77,2025-08-05,2209,N,VIIRS,n,2,307.09,32.31,D,0
35.19651,-120.10038,353.41,0.75,0.77,2025-08-05,2209,N,VIIRS,n,2,306.2,55.18,D,0
35.19673,-120.09032,346.35,0.75,0.77,2025-08-05,2209,N,VIIRS,n,2,298.93,34.41,D,0
35.19696,-120.15908,367,0.75,0.77,2025-08-05,2209,N,VIIRS,h,2,315.88,42.72,D,0
35.19711,-120.15067,338.64,0.75,0.77,2025-08-05,2209,N,VIIRS,n,2,305.43,42.72,D,0
35.19724,-120.14277,355.09,0.75,0.77,2025-08-05,2209,N,VIIRS,n,2,308.3,10.71,D,0
35.19736,-120.13544,339.86,0.75,0.77,2025-08-05,2209,N,VIIRS,n,2,308.01,10.71,D,0
35.19793,-120.10223,351.25,0.75,0.77,2025-08-05,2209,N,VIIRS,n,2,305.3,25.55,D,0
35.1981,-120.09174,367,0.75,0.77,2025-08-05,2209,N,VIIRS,h,2,298.92,25.55,D,0
35.20279,-120.14277,367,0.75,0.77,2025-08-05,2209,N,VIIRS,h,2,310.46,35.48,D,0
35.20293,-120.13603,367,0.75,0.77,2025-08-05,2209,N,VIIRS,h,2,319.13,148.35,D,0
35.20308,-120.12965,337.86,0.75,0.77,2025-08-05,2209,N,VIIRS,n,2,309.11,148.35,D,0
35.20354,-120.10835,351.07,0.75,0.77,2025-08-05,2209,N,VIIRS,n,2,304.39,17.4,D,0
35.20442,-120.14449,346.11,0.75,0.77,2025-08-05,2209,N,VIIRS,n,2,308.19,78.8,D,0
35.20453,-120.13774,351.63,0.75,0.77,2025-08-05,2209,N,VIIRS,l,2,328.23,78.8,D,0
35.20465,-120.13135,367,0.75,0.77,2025-08-05,2209,N,VIIRS,h,2,318.89,123.5,D,0
35.20475,-120.1252,330.91,0.75,0.77,2025-08-05,2209,N,VIIRS,n,2,305.57,123.5,D,0
35.20487,-120.11834,333.16,0.75,0.77,2025-08-05,2209,N,VIIRS,n,2,305.32,21.9,D,0
35.20502,-120.10968,337.96,0.75,0.77,2025-08-05,2209,N,VIIRS,n,2,301.77,21.9,D,0
35.20518,-120.10026,334.02,0.75,0.77,2025-08-05,2209,N,VIIRS,n,2,299.3,11.33,D,0
35.20993,-120.14546,344.32,0.75,0.77,2025-08-05,2209,N,VIIRS,n,2,307.35,35.48,D,0
35.21022,-120.13233,367,0.75,0.77,2025-08-05,2209,N,VIIRS,h,2,349.3,148.35,D,0
35.21037,-120.12571,367,0.75,0.77,2025-08-05,2209,N,VIIRS,h,2,302.05,234.06,D,0
35.2117,-120.14047,367,0.75,0.77,2025-08-05,2209,N,VIIRS,h,2,305.29,78.8,D,0
35.21181,-120.134,367,0.75,0.77,2025-08-05,2209,N,VIIRS,l,2,336.01,123.5,D,0
35.21192,-120.12766,367,0.75,0.77,2025-08-05,2209,N,VIIRS,h,2,303.65,123.5,D,0
37.09821,-120.86383,330.35,0.7,0.75,2025-08-05,2209,N,VIIRS,l,2,303.49,4.54,D,0
37.93791,-121.26009,342,0.67,0.74,2025-08-05,2209,N,VIIRS,n,2,304.79,3.42,D,0
38.05151,-122.13008,330.92,0.6,0.71,2025-08-05,2209,N,VIIRS,n,2,301.3,4.51,D,0
38.05815,-122.13029,331.21,0.6,0.71,2025-08-05,2209,N,VIIRS,n,2,301.36,4.51,D,0
39.90922,-122.20595,334.84,0.61,0.71,2025-08-05,2210,N,VIIRS,n,2,304.24,2.34,D,0
41.29068,-122.99406,343.14,0.57,0.69,2025-08-05,2210,N,VIIRS,n,2,293.62,12.21,D,0
41.291,-123.001,347.68,0.57,0.69,2025-08-05,2210,N,VIIRS,n,2,296.13,14.26,D,0
41.30373,-123.01139,328.59,0.57,0.69,2025-08-05,2210,N,VIIRS,n,2,296.66,6.98,D,0
41.30977,-123.01482,342.34,0.57,0.69,2025-08-05,2210,N,VIIRS,n,2,294.89,7.06,D,0
41.30987,-123.00869,336.6,0.57,0.69,2025-08-05,2210,N,VIIRS,n,2,294.61,7.06,D,0
41.3102,-123.01212,333.21,0.57,0.69,2025-08-05,2210,N,VIIRS,n,2,294.63,8.12,D,0
41.31032,-123.00624,343.34,0.57,0.69,2025-08-05,2210,N,VIIRS,n,2,295.15,6.98,D,0
40.8205,-114.25744,309.03,0.36,0.58,2025-08-06,847,N,VIIRS,n,2,289.97,1.42,N,2
41.22485,-116.9127,330.72,0.5,0.66,2025-08-06,847,N,VIIRS,n,2,279.79,6.35,N,0
41.22529,-116.9069,307.06,0.5,0.66,2025-08-06,847,N,VIIRS,n,2,280.45,3.01,N,0
41.22548,-116.91286,332.62,0.5,0.66,2025-08-06,847,N,VIIRS,n,2,279.76,5.85,N,0
41.23102,-116.91286,340.46,0.5,0.66,2025-08-06,847,N,VIIRS,n,2,289.24,6.35,N,0
41.2312,-116.91986,301.09,0.5,0.66,2025-08-06,847,N,VIIRS,n,2,282.07,6.14,N,0
41.23164,-116.91305,331.84,0.5,0.66,2025-08-06,847,N,VIIRS,n,2,289.29,7.33,N,0
41.23702,-116.90704,304.03,0.5,0.66,2025-08-06,847,N,VIIRS,n,2,284.69,2.62,N,0
41.23761,-116.9072,307.8,0.5,0.66,2025-08-06,847,N,VIIRS,n,2,285.84,3.38,N,0
41.23883,-116.97649,304.62,0.51,0.66,2025-08-06,847,N,VIIRS,n,2,286.51,2.24,N,0
41.23902,-116.98402,317.08,0.51,0.66,2025-08-06,847,N,VIIRS,n,2,286.81,3.88,N,0
41.23983,-116.97659,310.38,0.51,0.66,2025-08-06,847,N,VIIRS,n,2,287.4,1.81,N,0
41.24006,-116.98392,316.61,0.51,0.66,2025-08-06,847,N,VIIRS,n,2,286.88,1.81,N,0
41.26321,-116.96365,311.64,0.51,0.66,2025-08-06,847,N,VIIRS,n,2,286.57,1.86,N,0
41.28091,-116.93431,310.84,0.51,0.66,2025-08-06,847,N,VIIRS,n,2,285.58,1.96,N,0
41.30014,-116.95895,298.07,0.51,0.66,2025-08-06,847,N,VIIRS,n,2,285.22,1.78,N,0
41.30035,-116.9664,310.96,0.51,0.66,2025-08-06,847,N,VIIRS,n,2,286.5,1.78,N,0
41.31746,-116.96987,319.51,0.51,0.66,2025-08-06,847,N,VIIRS,n,2,283.88,2.8,N,0
41.31883,-116.96458,295.09,0.51,0.66,2025-08-06,847,N,VIIRS,n,2,281.48,1.83,N,0
41.31904,-116.97134,334.77,0.51,0.66,2025-08-06,847,N,VIIRS,n,2,284.71,5.67,N,0
41.32361,-116.96892,328.59,0.51,0.66,2025-08-06,847,N,VIIRS,n,2,283.8,2.8,N,0
41.32518,-116.9702,307.38,0.51,0.66,2025-08-06,847,N,VIIRS,n,2,281.61,1.48,N,0
39.61941,-119.26491,304.36,0.65,0.73,2025-08-06,848,N,VIIRS,n,2,288.08,1.29,N,2
39.62033,-119.26715,300.45,0.65,0.73,2025-08-06,848,N,VIIRS,n,2,287.56,1.5,N,2
33.58114,-116.4817,306.58,0.42,0.61,2025-08-06,849,N,VIIRS,n,2,291.11,0.9,N,0
33.79486,-117.47662,299.88,0.48,0.64,2025-08-06,849,N,VIIRS,n,2,289.36,0.66,N,2
34.32019,-116.87906,306.24,0.45,0.63,2025-08-06,849,N,VIIRS,n,2,287.45,1.71,N,0
34.32042,-116.88312,306.81,0.45,0.63,2025-08-06,849,N,VIIRS,n,2,287.85,1.21,N,0
34.32067,-116.88751,302.73,0.45,0.63,2025-08-06,849,N,VIIRS,n,2,286.83,1.21,N,0
34.32592,-116.87653,336.21,0.45,0.63,2025-08-06,849,N,VIIRS,n,2,290.11,2.88,N,0
34.32615,-116.88055,321.83,0.45,0.63,2025-08-06,849,N,VIIRS,n,2,289.9,2.88,N,0
34.32637,-116.88454,301.42,0.45,0.63,2025-08-06,849,N,VIIRS,n,2,288.71,1.13,N,0
34.3266,-116.88867,313.4,0.45,0.63,2025-08-06,849,N,VIIRS,n,2,288.61,1.13,N,0
34.3269,-116.89382,298.42,0.45,0.63,2025-08-06,849,N,VIIRS,n,2,286.88,2.32,N,0
34.33213,-116.88272,302.87,0.45,0.63,2025-08-06,849,N,VIIRS,n,2,289.01,2.88,N,0
34.33237,-116.88689,300.59,0.45,0.63,2025-08-06,849,N,VIIRS,n,2,287.75,1.13,N,0
34.33266,-116.89198,299.92,0.45,0.63,2025-08-06,849,N,VIIRS,n,2,288.95,1.13,N,0
34.33645,-118.51993,302.05,0.55,0.68,2025-08-06,849,N,VIIRS,n,2,289.56,0.29,N,2
34.33686,-116.88214,304.44,0.45,0.63,2025-08-06,849,N,VIIRS,n,2,290.65,1.87,N,0
34.33709,-116.88653,334.31,0.45,0.63,2025-08-06,849,N,VIIRS,n,2,291.17,1.87,N,0
34.33792,-116.88131,302.78,0.45,0.63,2025-08-06,849,N,VIIRS,n,2,290.52,2.7,N,0
34.33817,-116.88552,334.94,0.45,0.63,2025-08-06,849,N,VIIRS,n,2,291.91,2.7,N,0
34.33845,-116.89059,306.5,0.45,0.63,2025-08-06,849,N,VIIRS,n,2,290.37,4.05,N,0
34.3431,-116.8895,302.82,0.45,0.63,2025-08-06,849,N,VIIRS,n,2,291.01,1.87,N,0
34.60971,-117.33521,302.49,0.48,0.64,2025-08-06,849,N,VIIRS,n,2,289.92,2,N,2
34.97197,-120.05157,319.62,0.68,0.74,2025-08-06,849,N,VIIRS,n,2,290.74,3.38,N,0
34.97216,-120.06017,317.01,0.68,0.74,2025-08-06,849,N,VIIRS,n,2,290.55,3.38,N,0
34.97236,-120.06918,300.2,0.68,0.74,2025-08-06,849,N,VIIRS,n,2,289.62,2.32,N,0
34.97311,-120.05099,323.52,0.68,0.74,2025-08-06,849,N,VIIRS,n,2,291.12,4.46,N,0
34.97335,-120.05956,315.58,0.68,0.74,2025-08-06,849,N,VIIRS,n,2,290.58,2.81,N,0
34.97361,-120.06893,299.9,0.68,0.74,2025-08-06,849,N,VIIRS,n,2,289.73,2.81,N,0
35.12889,-120.19327,299.15,0.69,0.74,2025-08-06,849,N,VIIRS,n,2,288.66,1.14,N,0
35.14142,-120.1858,356.91,0.69,0.74,2025-08-06,849,N,VIIRS,n,2,291.13,18.69,N,0
35.14159,-120.1928,356.04,0.69,0.74,2025-08-06,849,N,VIIRS,n,2,291.28,18.69,N,0
35.16283,-120.20286,302.07,0.69,0.75,2025-08-06,849,N,VIIRS,n,2,290.31,2.25,N,0
35.16299,-120.20943,305.74,0.69,0.75,2025-08-06,849,N,VIIRS,n,2,290.39,4.17,N,0
35.16319,-120.21718,321.97,0.7,0.75,2025-08-06,849,N,VIIRS,n,2,291.18,4.17,N,0
35.16952,-120.19054,302.19,0.69,0.74,2025-08-06,849,N,VIIRS,n,2,289.83,2.64,N,0
35.16968,-120.19693,304.21,0.69,0.74,2025-08-06,849,N,VIIRS,n,2,290.19,2.25,N,0
35.16984,-120.20341,313.39,0.69,0.75,2025-08-06,849,N,VIIRS,n,2,291.03,2.25,N,0
35.17001,-120.21008,332.43,0.69,0.75,2025-08-06,849,N,VIIRS,n,2,292.56,4.17,N,0
35.17019,-120.21725,327.92,0.7,0.75,2025-08-06,849,N,VIIRS,n,2,291.52,4.17,N,0
35.18826,-120.16738,305.3,0.69,0.74,2025-08-06,849,N,VIIRS,n,2,288.99,1.75,N,0
35.18843,-120.17596,305.72,0.69,0.74,2025-08-06,849,N,VIIRS,n,2,289.88,3.23,N,0
35.1898,-120.1639,299.97,0.69,0.74,2025-08-06,849,N,VIIRS,n,2,289.04,4.08,N,0
35.19003,-120.17237,311.86,0.69,0.74,2025-08-06,849,N,VIIRS,n,2,290.16,4.08,N,0
35.19024,-120.18041,301.14,0.69,0.74,2025-08-06,849,N,VIIRS,n,2,288.77,5.13,N,0
35.19365,-120.09272,300.38,0.69,0.74,2025-08-06,849,N,VIIRS,n,2,289.43,3.23,N,0
35.19381,-120.1,324.43,0.69,0.74,2025-08-06,849,N,VIIRS,n,2,290.63,3.08,N,0
35.19478,-120.08975,300.11,0.68,0.74,2025-08-06,849,N,VIIRS,n,2,289.41,2.8,N,0
35.19487,-120.14993,302.57,0.69,0.74,2025-08-06,849,N,VIIRS,n,2,288.07,1.54,N,0
35.19498,-120.09703,320.95,0.69,0.74,2025-08-06,849,N,VIIRS,n,2,289.97,2.8,N,0
35.19519,-120.10456,309.74,0.69,0.74,2025-08-06,849,N,VIIRS,n,2,290.23,4.78,N,0
35.19522,-120.16631,319.08,0.69,0.74,2025-08-06,849,N,VIIRS,n,2,291.5,5.34,N,0
35.1954,-120.17472,335.61,0.69,0.74,2025-08-06,849,N,VIIRS,n,2,293.87,10.66,N,0
35.19632,-120.14645,300.97,0.69,0.74,2025-08-06,849,N,VIIRS,n,2,287.75,1.56,N,0
35.19654,-120.15459,300.48,0.69,0.74,2025-08-06,849,N,VIIRS,n,2,288.09,1.56,N,0
35.19676,-120.16266,306.21,0.69,0.74,2025-08-06,849,N,VIIRS,n,2,290.12,4.08,N,0
35.19699,-120.17137,351.35,0.69,0.74,2025-08-06,849,N,VIIRS,n,2,295.03,4.08,N,0
35.19721,-120.1795,302.97,0.69,0.74,2025-08-06,849,N,VIIRS,n,2,289.41,5.13,N,0
35.20077,-120.09969,310.63,0.69,0.74,2025-08-06,849,N,VIIRS,n,2,289.93,3.08,N,0
35.20094,-120.10758,316.33,0.69,0.74,2025-08-06,849,N,VIIRS,n,2,291.9,3.08,N,0
35.20183,-120.14853,310.16,0.69,0.74,2025-08-06,849,N,VIIRS,n,2,288.5,1.54,N,0
35.20201,-120.15691,311.89,0.69,0.74,2025-08-06,849,N,VIIRS,n,2,289.88,5.34,N,0
35.20215,-120.10445,311.35,0.69,0.74,2025-08-06,849,N,VIIRS,n,2,290.1,3.77,N,0
35.20219,-120.16529,318.95,0.69,0.74,2025-08-06,849,N,VIIRS,n,2,290.57,5.34,N,0
35.20238,-120.17405,343.07,0.69,0.74,2025-08-06,849,N,VIIRS,n,2,292.53,10.66,N,0
35.20325,-120.14443,298.53,0.69,0.74,2025-08-06,849,N,VIIRS,n,2,288.33,2.45,N,0
35.20349,-120.15347,315.13,0.69,0.74,2025-08-06,849,N,VIIRS,n,2,289.27,2.45,N,0
35.20372,-120.16171,311.76,0.69,0.74,2025-08-06,849,N,VIIRS,n,2,290.05,4.13,N,0
35.20397,-120.17073,343.62,0.69,0.74,2025-08-06,849,N,VIIRS,n,2,292.21,4.13,N,0
35.2081,-120.11575,301.49,0.69,0.74,2025-08-06,849,N,VIIRS,n,2,289.34,1.28,N,0
35.20827,-120.12343,301.12,0.69,0.74,2025-08-06,849,N,VIIRS,n,2,290.22,1.28,N,0
35.20896,-120.15524,320.05,0.69,0.74,2025-08-06,849,N,VIIRS,n,2,290.33,3.15,N,0
35.20917,-120.16456,304.71,0.69,0.74,2025-08-06,849,N,VIIRS,n,2,288.93,3.15,N,0
35.20935,-120.1733,322.45,0.69,0.74,2025-08-06,849,N,VIIRS,n,2,289.64,4.17,N,0
35.20955,-120.12009,311.51,0.69,0.74,2025-08-06,849,N,VIIRS,n,2,291.19,2.99,N,0
35.2104,-120.15046,317.49,0.69,0.74,2025-08-06,849,N,VIIRS,n,2,290.7,2.45,N,0
35.21068,-120.16083,302.67,0.69,0.74,2025-08-06,849,N,VIIRS,n,2,289.16,4.13,N,0
35.21093,-120.16995,312.47,0.69,0.74,2025-08-06,849,N,VIIRS,n,2,289.6,4.13,N,0
35.21586,-120.15113,323.75,0.69,0.74,2025-08-06,849,N,VIIRS,n,2,291.51,3.15,N,0
35.21725,-120.14599,310.13,0.69,0.74,2025-08-06,849,N,VIIRS,n,2,291.13,8.35,N,0
35.22251,-120.13609,321.72,0.69,0.74,2025-08-06,849,N,VIIRS,n,2,290.17,9.45,N,0
35.22276,-120.14735,334.15,0.69,0.74,2025-08-06,849,N,VIIRS,n,2,292.15,21,N,0
35.22385,-120.13274,299.9,0.69,0.74,2025-08-06,849,N,VIIRS,n,2,289.7,8.35,N,0
35.22413,-120.1423,367,0.69,0.74,2025-08-06,849,N,VIIRS,h,2,297.73,8.35,N,0
35.22448,-120.15449,304.64,0.69,0.74,2025-08-06,849,N,VIIRS,n,2,291.43,15.86,N,0
35.22946,-120.13486,319.62,0.69,0.74,2025-08-06,849,N,VIIRS,n,2,290.05,9.45,N,0
35.22968,-120.14457,367,0.69,0.74,2025-08-06,849,N,VIIRS,h,2,297.86,21,N,0
35.23104,-120.14012,352.21,0.69,0.74,2025-08-06,849,N,VIIRS,n,2,292.24,11.59,N,0
35.23138,-120.15208,315.25,0.69,0.74,2025-08-06,849,N,VIIRS,n,2,290.93,11.49,N,0
36.35591,-114.91183,318.87,0.36,0.57,2025-08-06,849,N,VIIRS,n,2,295.02,2.48,N,2
32.37162,-117.06943,304.38,0.44,0.62,2025-08-06,850,N,VIIRS,n,2,289.27,1.02,N,2
32.37245,-117.06979,303.46,0.44,0.62,2025-08-06,850,N,VIIRS,n,2,289.25,0.8,N,2
32.39912,-114.76634,311,0.32,0.55,2025-08-06,850,N,VIIRS,n,2,296.78,0.88,N,2
32.48214,-114.94158,312.22,0.33,0.55,2025-08-06,850,N,VIIRS,n,2,294.72,0.82,N,0
32.49992,-117.07246,299.19,0.44,0.62,2025-08-06,850,N,VIIRS,n,2,287.9,0.55,N,0
32.50465,-116.76762,299.06,0.42,0.61,2025-08-06,850,N,VIIRS,n,2,288.04,0.49,N,2
32.85888,-117.14928,297.59,0.45,0.63,2025-08-06,850,N,VIIRS,n,2,286.67,0.15,N,2
39.49325,-119.62117,296.61,0.49,0.49,2025-08-06,1028,N,VIIRS,n,2,285.84,0.49,N,2
39.6214,-119.2627,302.37,0.51,0.49,2025-08-06,1028,N,VIIRS,n,2,287.99,1.59,N,2
40.82078,-114.25494,309.24,0.42,0.61,2025-08-06,1028,N,VIIRS,n,2,288.97,1.72,N,2
40.82241,-114.2607,299.27,0.42,0.61,2025-08-06,1028,N,VIIRS,n,2,288.1,1.91,N,2
40.82378,-114.25468,311.79,0.42,0.61,2025-08-06,1028,N,VIIRS,n,2,289.02,1.38,N,2
41.22781,-116.91079,314.25,0.61,0.53,2025-08-06,1028,N,VIIRS,n,2,281.65,2.96,N,0
41.22993,-116.90882,308.34,0.61,0.53,2025-08-06,1028,N,VIIRS,n,2,283.93,2.46,N,0
41.23164,-116.91557,306.3,0.61,0.53,2025-08-06,1028,N,VIIRS,n,2,283.76,2.63,N,0
41.23287,-116.99049,310.48,0.6,0.53,2025-08-06,1028,N,VIIRS,n,2,283.16,2.54,N,0
41.23417,-116.91508,298.64,0.61,0.53,2025-08-06,1028,N,VIIRS,n,2,283.81,2.96,N,0
41.23465,-116.98891,343.53,0.6,0.53,2025-08-06,1028,N,VIIRS,n,2,286.03,6.67,N,0
41.2375,-116.98817,346.45,0.6,0.53,2025-08-06,1028,N,VIIRS,n,2,287.98,5.73,N,0
41.2377,-116.98039,306.71,0.6,0.53,2025-08-06,1028,N,VIIRS,n,2,285.46,2.46,N,0
41.23936,-116.98691,322.46,0.6,0.53,2025-08-06,1028,N,VIIRS,n,2,285.78,2.46,N,0
41.2406,-116.98001,316.7,0.6,0.53,2025-08-06,1028,N,VIIRS,n,2,286.83,4.64,N,0
41.24233,-116.98667,305.45,0.6,0.53,2025-08-06,1028,N,VIIRS,n,2,285.24,5.73,N,0
41.2425,-116.97877,314.09,0.6,0.53,2025-08-06,1028,N,VIIRS,n,2,287.13,2.46,N,0
41.24421,-116.9855,305.75,0.6,0.53,2025-08-06,1028,N,VIIRS,n,2,285.91,2.46,N,0
41.24542,-116.97845,304.47,0.6,0.53,2025-08-06,1028,N,VIIRS,n,2,286.46,1.85,N,0
41.2631,-116.96602,299.14,0.6,0.53,2025-08-06,1028,N,VIIRS,n,2,284.63,1.13,N,0
41.27635,-116.95663,301.92,0.6,0.53,2025-08-06,1028,N,VIIRS,n,2,280.32,1.14,N,0
41.28667,-122.99812,328.54,0.48,0.4,2025-08-06,1028,N,VIIRS,n,2,273.13,4.01,N,0
41.28794,-123.00441,345.81,0.48,0.4,2025-08-06,1028,N,VIIRS,n,2,280.89,13.37,N,0
41.28908,-122.99105,295.92,0.48,0.4,2025-08-06,1028,N,VIIRS,n,2,270.84,4.01,N,0
41.29016,-122.99641,329.58,0.48,0.4,2025-08-06,1028,N,VIIRS,n,2,273.19,4.01,N,0
41.29144,-123.00272,315.93,0.48,0.4,2025-08-06,1028,N,VIIRS,n,2,274.14,13.37,N,0
41.29368,-122.99488,306.94,0.48,0.4,2025-08-06,1028,N,VIIRS,n,2,272.18,1.59,N,0
41.29836,-122.99905,302.39,0.48,0.4,2025-08-06,1028,N,VIIRS,n,2,274.37,2.65,N,0
41.29957,-116.96569,312.85,0.6,0.53,2025-08-06,1028,N,VIIRS,n,2,286.05,2.9,N,0
41.30071,-122.99169,305.38,0.48,0.4,2025-08-06,1028,N,VIIRS,n,2,272.09,2.14,N,0
41.3011,-116.95133,295.18,0.6,0.53,2025-08-06,1028,N,VIIRS,n,2,283.51,1.31,N,0
41.30181,-122.99715,347.13,0.48,0.4,2025-08-06,1028,N,VIIRS,n,2,276.47,7.84,N,0
41.30538,-122.99583,346.91,0.48,0.4,2025-08-06,1028,N,VIIRS,n,2,277.93,7.84,N,0
41.30648,-123.00135,309.91,0.48,0.4,2025-08-06,1028,N,VIIRS,n,2,274.06,7.84,N,0
41.30759,-123.00684,300.59,0.48,0.4,2025-08-06,1028,N,VIIRS,n,2,273.53,1.73,N,0
41.3111,-123.00526,296.95,0.48,0.4,2025-08-06,1028,N,VIIRS,n,2,272.72,1.45,N,0
41.32185,-116.97127,339.76,0.6,0.53,2025-08-06,1028,N,VIIRS,n,2,285.25,10.09,N,0
35.12176,-118.36694,296.91,0.36,0.58,2025-08-06,1029,N,VIIRS,n,2,285.89,0.43,N,0
36.35911,-114.90881,304.81,0.51,0.66,2025-08-06,1029,N,VIIRS,n,2,293.01,1.4,N,2
37.45378,-121.93398,303.12,0.42,0.45,2025-08-06,1029,N,VIIRS,n,2,286.1,0.45,N,2
37.88154,-121.18545,298.46,0.44,0.46,2025-08-06,1029,N,VIIRS,n,2,288.41,0.57,N,2
37.94962,-122.39788,302.26,0.39,0.44,2025-08-06,1029,N,VIIRS,n,2,291.41,1.05,N,2
37.95086,-122.3999,303.88,0.39,0.44,2025-08-06,1029,N,VIIRS,n,2,292.34,1.59,N,2
38.07324,-122.13974,303.72,0.4,0.44,2025-08-06,1029,N,VIIRS,n,2,292.82,1.43,N,2
32.49871,-116.79003,304.96,0.51,0.66,2025-08-06,1030,N,VIIRS,n,2,288.14,0.89,N,2
33.71621,-117.71144,301.31,0.43,0.62,2025-08-06,1030,N,VIIRS,n,2,288.13,0.47,N,2
33.73566,-117.90048,301.69,0.42,0.61,2025-08-06,1030,N,VIIRS,n,2,289.55,4.66,N,0
33.73681,-117.9049,367,0.42,0.61,2025-08-06,1030,N,VIIRS,h,2,292.87,15.39,N,0
33.81948,-118.24554,300.35,0.4,0.6,2025-08-06,1030,N,VIIRS,n,2,288.74,1.11,N,2
33.85377,-118.33333,301.98,0.39,0.59,2025-08-06,1030,N,VIIRS,n,2,289.98,0.96,N,2
34.2887,-118.80171,300.69,0.36,0.57,2025-08-06,1030,N,VIIRS,n,2,288.29,0.64,N,2
34.32022,-118.50999,299.31,0.37,0.58,2025-08-06,1030,N,VIIRS,n,2,286.86,0.58,N,2
34.32223,-116.87968,326.33,0.46,0.63,2025-08-06,1030,N,VIIRS,n,2,288.47,8.57,N,0
34.32371,-116.88516,314.93,0.46,0.63,2025-08-06,1030,N,VIIRS,n,2,287.19,8.57,N,0
34.32504,-116.89001,297.25,0.46,0.63,2025-08-06,1030,N,VIIRS,n,2,285.76,1.77,N,0
34.32684,-116.87376,367,0.46,0.63,2025-08-06,1030,N,VIIRS,h,2,296.16,8.57,N,0
34.32744,-116.89883,296.71,0.46,0.63,2025-08-06,1030,N,VIIRS,n,2,286.28,1.34,N,0
34.32833,-116.87921,333.77,0.46,0.63,2025-08-06,1030,N,VIIRS,n,2,289.71,8.57,N,0
34.32986,-116.88488,300.24,0.46,0.63,2025-08-06,1030,N,VIIRS,n,2,288.03,1.77,N,0
34.33113,-116.88955,302.32,0.46,0.63,2025-08-06,1030,N,VIIRS,n,2,287.99,1.77,N,0
34.33224,-116.89359,313.16,0.46,0.63,2025-08-06,1030,N,VIIRS,n,2,289.62,1.34,N,0
34.33342,-116.89795,302.02,0.46,0.63,2025-08-06,1030,N,VIIRS,n,2,288.55,1.34,N,0
34.33383,-118.51875,309.44,0.37,0.58,2025-08-06,1030,N,VIIRS,n,2,289.64,1.18,N,2
34.33572,-116.88352,322,0.46,0.63,2025-08-06,1030,N,VIIRS,n,2,289.9,10.34,N,0
34.33697,-116.88813,367,0.46,0.63,2025-08-06,1030,N,VIIRS,h,2,299.58,15.99,N,0
34.33805,-116.89209,326.54,0.46,0.63,2025-08-06,1030,N,VIIRS,n,2,290.55,15.99,N,0
34.35242,-116.85314,302.79,0.46,0.63,2025-08-06,1030,N,VIIRS,n,2,289.59,0.55,N,0
34.60511,-117.33738,306.16,0.43,0.62,2025-08-06,1030,N,VIIRS,n,2,289.99,1.02,N,2
34.60759,-117.33504,307.66,0.43,0.62,2025-08-06,1030,N,VIIRS,n,2,290.52,1.07,N,2
34.60874,-117.33926,301.65,0.42,0.61,2025-08-06,1030,N,VIIRS,n,2,290.61,1.07,N,2
34.61068,-117.33562,307.9,0.43,0.62,2025-08-06,1030,N,VIIRS,n,2,290.97,1.02,N,2
34.62352,-117.10148,308.16,0.44,0.62,2025-08-06,1030,N,VIIRS,n,2,291.32,1.22,N,2
34.97044,-120.05618,315.66,0.59,0.53,2025-08-06,1030,N,VIIRS,n,2,289.91,3.09,N,0
34.97108,-120.04925,302.81,0.59,0.53,2025-08-06,1030,N,VIIRS,n,2,290.52,2.13,N,0
34.97195,-120.06238,320.12,0.59,0.53,2025-08-06,1030,N,VIIRS,n,2,289.4,3.09,N,0
34.97261,-120.05569,320.56,0.59,0.53,2025-08-06,1030,N,VIIRS,n,2,291.92,2.13,N,0
34.97384,-120.0491,302.78,0.59,0.53,2025-08-06,1030,N,VIIRS,n,2,290.82,1.03,N,0
34.9741,-120.06191,334.86,0.59,0.53,2025-08-06,1030,N,VIIRS,n,2,292.5,3.41,N,0
34.97449,-120.04204,305.28,0.59,0.53,2025-08-06,1030,N,VIIRS,n,2,291.2,2.02,N,0
34.97552,-120.06787,300.34,0.59,0.53,2025-08-06,1030,N,VIIRS,n,2,289.7,3.41,N,0
34.97699,-120.06198,325.32,0.59,0.53,2025-08-06,1030,N,VIIRS,n,2,292.63,4.37,N,0
34.97711,-120.04149,302.96,0.59,0.53,2025-08-06,1030,N,VIIRS,n,2,291.22,1.03,N,0
34.97836,-120.06757,301.53,0.59,0.53,2025-08-06,1030,N,VIIRS,n,2,289.74,1.27,N,0
34.97912,-120.06155,304.78,0.59,0.53,2025-08-06,1030,N,VIIRS,n,2,290.95,1.62,N,0
35.00102,-120.05536,305.11,0.59,0.53,2025-08-06,1030,N,VIIRS,n,2,291.92,1.95,N,0
35.13964,-120.18941,319.97,0.58,0.52,2025-08-06,1030,N,VIIRS,n,2,290.19,3.76,N,0
35.15709,-120.2197,310.09,0.58,0.52,2025-08-06,1030,N,VIIRS,n,2,292.07,2.94,N,0
35.15885,-120.20599,304.54,0.58,0.52,2025-08-06,1030,N,VIIRS,n,2,291.14,1.9,N,0
35.16349,-120.20425,304.79,0.58,0.52,2025-08-06,1030,N,VIIRS,n,2,290.79,5.93,N,0
35.1651,-120.21095,321.38,0.58,0.52,2025-08-06,1030,N,VIIRS,n,2,292.2,4.03,N,0
35.16634,-120.19503,302.22,0.58,0.52,2025-08-06,1030,N,VIIRS,n,2,290.43,5.93,N,0
35.16659,-120.21713,311.48,0.58,0.52,2025-08-06,1030,N,VIIRS,n,2,291.28,4.03,N,0
35.16801,-120.202,356.55,0.58,0.52,2025-08-06,1030,N,VIIRS,n,2,293.96,5.93,N,0
35.16964,-120.20873,331.6,0.58,0.52,2025-08-06,1030,N,VIIRS,n,2,292.71,4.03,N,0
35.17092,-120.19301,304.15,0.58,0.52,2025-08-06,1030,N,VIIRS,n,2,289.93,1.69,N,0
35.1712,-120.21525,306.48,0.58,0.52,2025-08-06,1030,N,VIIRS,n,2,290.7,4.03,N,0
35.17255,-120.19981,327.44,0.58,0.52,2025-08-06,1030,N,VIIRS,n,2,291.5,1.69,N,0
35.17557,-120.19129,298.07,0.58,0.52,2025-08-06,1030,N,VIIRS,n,2,287.87,1.69,N,0
35.17708,-120.1976,305.85,0.58,0.52,2025-08-06,1030,N,VIIRS,n,2,287.7,1.69,N,0
35.18669,-120.17429,304.4,0.58,0.52,2025-08-06,1030,N,VIIRS,n,2,289.13,1.7,N,0
35.18817,-120.18046,311.1,0.58,0.52,2025-08-06,1030,N,VIIRS,n,2,289.18,1.7,N,0
35.18993,-120.16662,309.99,0.58,0.52,2025-08-06,1030,N,VIIRS,n,2,290.1,2.73,N,0
35.19063,-120.08443,303.78,0.59,0.52,2025-08-06,1030,N,VIIRS,n,2,290.43,1.4,N,0
35.19138,-120.17272,316.41,0.58,0.52,2025-08-06,1030,N,VIIRS,n,2,291.64,1.7,N,0
35.19172,-120.15289,298.74,0.58,0.52,2025-08-06,1030,N,VIIRS,n,2,287.79,0.86,N,0
35.19204,-120.09034,300.43,0.58,0.52,2025-08-06,1030,N,VIIRS,n,2,289.41,1.4,N,0
35.19287,-120.17892,299.56,0.58,0.52,2025-08-06,1030,N,VIIRS,n,2,289.13,1.7,N,0
35.19353,-120.09663,332.17,0.58,0.52,2025-08-06,1030,N,VIIRS,n,2,289.41,4.03,N,0
35.19468,-120.16527,307.95,0.58,0.52,2025-08-06,1030,N,VIIRS,n,2,291.11,2.09,N,0
35.19497,-120.14526,303.07,0.58,0.52,2025-08-06,1030,N,VIIRS,n,2,287.34,0.86,N,0
35.19512,-120.10329,302.96,0.58,0.52,2025-08-06,1030,N,VIIRS,n,2,288.61,4.03,N,0
35.19611,-120.17128,343.4,0.58,0.52,2025-08-06,1030,N,VIIRS,n,2,295.06,10.17,N,0
35.19645,-120.15147,302.11,0.58,0.52,2025-08-06,1030,N,VIIRS,n,2,287.12,0.86,N,0
35.19703,-120.09587,338.26,0.58,0.52,2025-08-06,1030,N,VIIRS,n,2,291.24,8.46,N,0
35.19758,-120.17747,311.4,0.58,0.52,2025-08-06,1030,N,VIIRS,n,2,289.81,10.17,N,0
35.19794,-120.15771,302.78,0.58,0.52,2025-08-06,1030,N,VIIRS,n,2,288.25,2.09,N,0
35.19822,-120.09493,338.63,0.58,0.52,2025-08-06,1030,N,VIIRS,n,2,290.85,5.35,N,0
35.19864,-120.10249,329.29,0.58,0.52,2025-08-06,1030,N,VIIRS,n,2,290.69,9.99,N,0
35.19941,-120.16387,311.16,0.58,0.52,2025-08-06,1030,N,VIIRS,n,2,289.59,2.09,N,0
35.19978,-120.10154,322.52,0.58,0.52,2025-08-06,1030,N,VIIRS,n,2,290.55,5.35,N,0
35.20081,-120.16976,346.72,0.58,0.52,2025-08-06,1030,N,VIIRS,n,2,299.2,10.17,N,0
35.2012,-120.15012,346.34,0.58,0.52,2025-08-06,1030,N,VIIRS,n,2,290.96,4.81,N,0
35.20227,-120.17588,308.63,0.58,0.52,2025-08-06,1030,N,VIIRS,n,2,288.95,10.17,N,0
35.20266,-120.15623,309.61,0.58,0.52,2025-08-06,1030,N,VIIRS,n,2,288.85,2.58,N,0
35.20413,-120.16242,308.84,0.58,0.52,2025-08-06,1030,N,VIIRS,n,2,289.58,2.58,N,0
35.20552,-120.16827,345.07,0.58,0.52,2025-08-06,1030,N,VIIRS,n,2,301.43,18.44,N,0
35.20602,-120.14906,300.11,0.58,0.52,2025-08-06,1030,N,VIIRS,n,2,288.01,4.81,N,0
35.20697,-120.17434,335.12,0.58,0.52,2025-08-06,1030,N,VIIRS,n,2,290.29,18.44,N,0
35.20744,-120.15502,314.73,0.58,0.52,2025-08-06,1030,N,VIIRS,n,2,289.3,2.58,N,0
35.20998,-120.14886,341.92,0.58,0.52,2025-08-06,1030,N,VIIRS,n,2,291.52,8.87,N,0
35.21023,-120.16679,325.54,0.58,0.52,2025-08-06,1030,N,VIIRS,n,2,289.95,18.44,N,0
35.21093,-120.14842,357.64,0.58,0.52,2025-08-06,1030,N,VIIRS,n,2,295.22,10.99,N,0
35.21136,-120.15454,308.57,0.58,0.52,2025-08-06,1030,N,VIIRS,n,2,289.8,8.87,N,0
35.21228,-120.15407,309.55,0.58,0.52,2025-08-06,1030,N,VIIRS,n,2,290.19,6.91,N,0
35.21491,-120.14828,353.66,0.58,0.52,2025-08-06,1030,N,VIIRS,n,2,298.62,8.87,N,0
35.21585,-120.14782,329.74,0.58,0.52,2025-08-06,1030,N,VIIRS,n,2,295.57,10.99,N,0
35.22194,-120.13544,323.98,0.58,0.52,2025-08-06,1030,N,VIIRS,n,2,292.84,44.28,N,0
35.22289,-120.13482,336.04,0.58,0.52,2025-08-06,1030,N,VIIRS,n,2,295.88,7.88,N,0
35.22334,-120.14116,340.43,0.58,0.52,2025-08-06,1030,N,VIIRS,n,2,312.48,44.28,N,0
35.22427,-120.14061,337.42,0.58,0.52,2025-08-06,1030,N,VIIRS,n,2,316.54,80.19,N,0
35.22466,-120.14659,340.1,0.58,0.52,2025-08-06,1030,N,VIIRS,n,2,295.18,65.72,N,0
35.22556,-120.14607,339.68,0.58,0.52,2025-08-06,1030,N,VIIRS,n,2,295,80.19,N,0
35.2267,-120.13409,330.77,0.58,0.52,2025-08-06,1030,N,VIIRS,n,2,295.39,10.29,N,0
35.22762,-120.13335,315.12,0.58,0.52,2025-08-06,1030,N,VIIRS,n,2,292.35,2.94,N,0
35.22816,-120.14014,367,0.58,0.52,2025-08-06,1030,N,VIIRS,h,2,303.24,10.29,N,0
35.22908,-120.13954,353.82,0.58,0.52,2025-08-06,1030,N,VIIRS,n,2,301.53,90.17,N,0
35.22948,-120.14558,317.26,0.58,0.52,2025-08-06,1030,N,VIIRS,n,2,292.62,149.27,N,0
35.23038,-120.14505,323.26,0.58,0.52,2025-08-06,1030,N,VIIRS,n,2,292.4,90.17,N,0
35.23077,-120.15091,305.77,0.58,0.52,2025-08-06,1030,N,VIIRS,n,2,292.25,149.27,N,0
35.23124,-120.13192,299.72,0.58,0.52,2025-08-06,1030,N,VIIRS,n,2,288.61,10.29,N,0
35.23166,-120.15046,319.85,0.58,0.52,2025-08-06,1030,N,VIIRS,n,2,292.24,148.63,N,0
35.23207,-120.13076,301.11,0.58,0.52,2025-08-06,1030,N,VIIRS,n,2,288.75,2.94,N,0
35.23287,-120.13862,342.57,0.58,0.52,2025-08-06,1030,N,VIIRS,n,2,292.46,10.29,N,0
35.23372,-120.13776,342.34,0.58,0.52,2025-08-06,1030,N,VIIRS,n,2,291.71,90.17,N,0
35.2343,-120.14452,367,0.58,0.52,2025-08-06,1030,N,VIIRS,h,2,330.69,149.27,N,0
35.23517,-120.1439,367,0.58,0.52,2025-08-06,1030,N,VIIRS,h,2,342.89,90.17,N,0
35.23554,-120.12871,300.16,0.58,0.52,2025-08-06,1030,N,VIIRS,n,2,288.78,2.56,N,0
35.23568,-120.15018,351.72,0.58,0.52,2025-08-06,1030,N,VIIRS,n,2,316.85,149.27,N,0
35.23653,-120.14965,349.14,0.58,0.52,2025-08-06,1030,N,VIIRS,n,2,332.22,148.63,N,0
35.23705,-120.15587,308.26,0.58,0.52,2025-08-06,1030,N,VIIRS,n,2,291.23,6.33,N,0
35.23738,-120.13629,316.84,0.58,0.52,2025-08-06,1030,N,VIIRS,n,2,289.08,2.56,N,0
35.23787,-120.15531,309.43,0.58,0.52,2025-08-06,1030,N,VIIRS,n,2,291.06,148.63,N,0
35.23895,-120.14277,326.72,0.58,0.52,2025-08-06,1030,N,VIIRS,n,2,304.35,77.77,N,0
35.24035,-120.14859,346.59,0.58,0.52,2025-08-06,1030,N,VIIRS,n,2,316.38,77.77,N,0
35.24174,-120.1543,302.71,0.58,0.52,2025-08-06,1030,N,VIIRS,n,2,289.36,2.66,N,0
35.24338,-120.14012,307.26,0.58,0.52,2025-08-06,1030,N,VIIRS,n,2,289.4,77.77,N,0
32.31475,-115.08881,344.64,0.6,0.53,2025-08-06,2008,N,VIIRS,l,2,316.38,29.91,D,0
32.96249,-115.64609,353.78,0.62,0.54,2025-08-06,2008,N,VIIRS,n,2,315.02,95.67,D,0
33.15151,-115.37064,353.19,0.59,0.53,2025-08-06,2008,N,VIIRS,n,2,323.01,57.82,D,0
33.28792,-115.51242,354.41,0.6,0.53,2025-08-06,2008,N,VIIRS,n,2,324.01,34.52,D,0
33.42402,-117.39683,339.6,0.38,0.59,2025-08-06,2009,N,VIIRS,n,2,309.48,4.22,D,0
33.5732,-116.4923,351.42,0.33,0.56,2025-08-06,2009,N,VIIRS,n,2,319.36,12.96,D,0
33.57405,-116.48885,367,0.33,0.56,2025-08-06,2009,N,VIIRS,h,2,318.11,12.96,D,0
33.57798,-116.49484,367,0.33,0.56,2025-08-06,2009,N,VIIRS,h,2,317.65,7.82,D,0
33.57883,-116.49143,344.2,0.33,0.56,2025-08-06,2009,N,VIIRS,n,2,318.75,7.82,D,0
34.32387,-116.87948,336.33,0.34,0.56,2025-08-06,2009,N,VIIRS,n,2,306.18,7.99,D,0
34.32456,-116.87668,367,0.34,0.56,2025-08-06,2009,N,VIIRS,h,2,312.92,6.5,D,0
34.32525,-116.87386,367,0.34,0.56,2025-08-06,2009,N,VIIRS,h,2,308.68,6.5,D,0
34.3259,-116.8783,367,0.34,0.56,2025-08-06,2009,N,VIIRS,h,2,313.19,12.43,D,0
34.3266,-116.87555,367,0.34,0.56,2025-08-06,2009,N,VIIRS,h,2,312.41,12.43,D,0
34.32925,-116.87971,341.13,0.34,0.56,2025-08-06,2009,N,VIIRS,n,2,310.58,6.5,D,0
34.32991,-116.87701,339.09,0.34,0.56,2025-08-06,2009,N,VIIRS,n,2,307.38,6.5,D,0
34.33448,-116.88751,355.41,0.34,0.56,2025-08-06,2009,N,VIIRS,n,2,311.75,4.04,D,0
34.33769,-116.88971,350.38,0.34,0.56,2025-08-06,2009,N,VIIRS,n,2,306.99,6.46,D,0
34.97106,-120.06911,354.32,0.48,0.65,2025-08-06,2009,N,VIIRS,n,2,306.01,21.73,D,0
34.97274,-120.06307,354.46,0.48,0.65,2025-08-06,2009,N,VIIRS,n,2,316.95,57.85,D,0
34.97537,-120.07661,340.36,0.48,0.65,2025-08-06,2009,N,VIIRS,n,2,306.57,30.13,D,0
34.97703,-120.07066,353.74,0.48,0.65,2025-08-06,2009,N,VIIRS,n,2,315.15,30.13,D,0
34.97866,-120.08785,355.52,0.48,0.65,2025-08-06,2009,N,VIIRS,n,2,308.11,10.26,D,0
34.97905,-120.06338,367,0.48,0.65,2025-08-06,2009,N,VIIRS,h,2,310.69,66.4,D,0
34.98006,-120.0828,352.46,0.48,0.65,2025-08-06,2009,N,VIIRS,n,2,311.91,10.26,D,0
35.00974,-120.11441,347.79,0.48,0.65,2025-08-06,2009,N,VIIRS,n,2,308.71,10.32,D,0
35.02695,-120.02859,350.61,0.48,0.65,2025-08-06,2009,N,VIIRS,n,2,311.81,6.75,D,0
35.03531,-120.0996,367,0.48,0.65,2025-08-06,2009,N,VIIRS,h,2,315.04,17.95,D,0
35.03636,-120.11068,343.93,0.48,0.65,2025-08-06,2009,N,VIIRS,n,2,309.35,14.77,D,0
35.03677,-120.09441,343.31,0.48,0.65,2025-08-06,2009,N,VIIRS,n,2,306.92,13.8,D,0
35.03782,-120.10534,355.61,0.48,0.65,2025-08-06,2009,N,VIIRS,n,2,311.99,14.77,D,0
35.03839,-120.11149,344.65,0.48,0.65,2025-08-06,2009,N,VIIRS,n,2,311.53,7.82,D,0
35.03934,-120.09978,367,0.48,0.65,2025-08-06,2009,N,VIIRS,h,2,324.48,102.72,D,0
35.03992,-120.106,352.54,0.48,0.65,2025-08-06,2009,N,VIIRS,n,2,313.47,28.44,D,0
35.04148,-120.10042,367,0.48,0.65,2025-08-06,2009,N,VIIRS,h,2,318.04,28.44,D,0
35.13489,-120.18993,351.73,0.48,0.65,2025-08-06,2009,N,VIIRS,n,2,302.17,10.47,D,0
35.13749,-120.19321,347.84,0.48,0.65,2025-08-06,2009,N,VIIRS,n,2,298.83,13.86,D,0
35.13885,-120.18827,367,0.48,0.65,2025-08-06,2009,N,VIIRS,h,2,309.52,37.28,D,0
35.14085,-120.19157,367,0.48,0.65,2025-08-06,2009,N,VIIRS,h,2,303.73,24.56,D,0
35.14124,-120.21312,349.92,0.49,0.65,2025-08-06,2009,N,VIIRS,n,2,298.13,6.77,D,0
35.1425,-120.22176,338.3,0.49,0.65,2025-08-06,2009,N,VIIRS,n,2,283.8,14.15,D,0
35.14391,-120.21663,367,0.49,0.65,2025-08-06,2009,N,VIIRS,h,2,308.69,14.15,D,0
35.14528,-120.21159,355.25,0.49,0.65,2025-08-06,2009,N,VIIRS,n,2,302.73,21.41,D,0
35.14571,-120.22012,355.53,0.49,0.65,2025-08-06,2009,N,VIIRS,n,2,306.68,22.7,D,0
35.14712,-120.21506,367,0.49,0.65,2025-08-06,2009,N,VIIRS,h,2,303.79,22.7,D,0
35.15765,-120.22334,344.34,0.49,0.65,2025-08-06,2009,N,VIIRS,n,2,289.71,11.67,D,0
35.16668,-120.21398,332.63,0.49,0.65,2025-08-06,2009,N,VIIRS,n,2,280.5,9.6,D,0
35.1692,-120.20491,336.82,0.48,0.65,2025-08-06,2009,N,VIIRS,n,2,278.33,5.29,D,0
35.17042,-120.20055,334.58,0.48,0.65,2025-08-06,2009,N,VIIRS,n,2,273.56,5.29,D,0
35.17238,-120.21658,347.44,0.49,0.65,2025-08-06,2009,N,VIIRS,n,2,276.64,10.52,D,0
35.17368,-120.21189,347.68,0.48,0.65,2025-08-06,2009,N,VIIRS,n,2,275.44,10.52,D,0
35.17491,-120.20747,356.7,0.48,0.65,2025-08-06,2009,N,VIIRS,l,2,278.47,25.85,D,0
35.17612,-120.2031,356.72,0.48,0.65,2025-08-06,2009,N,VIIRS,l,2,271.18,25.85,D,0
35.17733,-120.19876,356.7,0.48,0.65,2025-08-06,2009,N,VIIRS,l,2,264.72,29.99,D,0
35.17817,-120.21886,345.02,0.49,0.65,2025-08-06,2009,N,VIIRS,n,2,274,10.52,D,0
35.17942,-120.21432,356.72,0.48,0.65,2025-08-06,2009,N,VIIRS,l,2,271.48,10.52,D,0
35.18064,-120.20994,356.63,0.48,0.65,2025-08-06,2009,N,VIIRS,l,2,268.64,25.85,D,0
35.2082,-120.15662,348.25,0.48,0.65,2025-08-06,2009,N,VIIRS,n,2,281.49,6.67,D,0
35.21003,-120.14998,331.62,0.48,0.65,2025-08-06,2009,N,VIIRS,n,2,270.86,7.64,D,0
35.21235,-120.16477,336.95,0.48,0.65,2025-08-06,2009,N,VIIRS,n,2,283.73,16.96,D,0
35.21414,-120.15825,367,0.48,0.65,2025-08-06,2009,N,VIIRS,h,2,298.98,16.96,D,0
35.21824,-120.14337,357.22,0.48,0.65,2025-08-06,2009,N,VIIRS,l,2,285.45,73.59,D,0
35.21825,-120.16653,331.65,0.48,0.65,2025-08-06,2009,N,VIIRS,n,2,290.39,16.96,D,0
35.22021,-120.15938,367,0.48,0.65,2025-08-06,2009,N,VIIRS,h,2,298.5,16.96,D,0
35.22233,-120.1517,367,0.48,0.65,2025-08-06,2009,N,VIIRS,h,2,294.44,73.59,D,0
35.22418,-120.16817,353.54,0.48,0.65,2025-08-06,2009,N,VIIRS,n,2,304.35,81.77,D,0
35.22425,-120.14468,357.18,0.48,0.65,2025-08-06,2009,N,VIIRS,l,2,289.26,73.59,D,0
35.22602,-120.16148,367,0.48,0.65,2025-08-06,2009,N,VIIRS,h,2,304.65,81.77,D,0
35.22795,-120.15445,346.28,0.48,0.65,2025-08-06,2009,N,VIIRS,n,2,290.52,67.07,D,0
35.22831,-120.1764,338.18,0.48,0.65,2025-08-06,2009,N,VIIRS,n,2,296.61,22.97,D,0
35.23021,-120.16949,208,0.48,0.65,2025-08-06,2009,N,VIIRS,l,2,310.24,81.77,D,0
35.23216,-120.16235,356.13,0.48,0.65,2025-08-06,2009,N,VIIRS,l,2,334.3,81.77,D,0
35.23406,-120.15543,351.69,0.48,0.65,2025-08-06,2009,N,VIIRS,n,2,300.27,67.07,D,0
35.23547,-120.15957,367,0.48,0.65,2025-08-06,2009,N,VIIRS,h,2,306.33,133.07,D,0
39.22116,-121.60898,352.96,0.44,0.63,2025-08-06,2010,N,VIIRS,n,2,300.5,7.72,D,0
39.22145,-121.60597,367,0.45,0.63,2025-08-06,2010,N,VIIRS,h,2,301.25,12.6,D,0
39.2226,-121.60398,354.57,0.44,0.63,2025-08-06,2010,N,VIIRS,n,2,297.9,7.72,D,0
41.20704,-116.89349,351.95,0.46,0.47,2025-08-06,2011,N,VIIRS,n,2,320.98,16.97,D,0
41.20829,-116.88799,352.1,0.46,0.47,2025-08-06,2011,N,VIIRS,n,2,322.66,20.33,D,0
41.21262,-116.89059,355.23,0.46,0.47,2025-08-06,2011,N,VIIRS,l,2,338.18,42.23,D,0
41.21291,-116.88795,367,0.46,0.47,2025-08-06,2011,N,VIIRS,h,2,327.46,38.37,D,0
41.21395,-116.88493,345.87,0.46,0.47,2025-08-06,2011,N,VIIRS,n,2,316.95,17.97,D,0
41.216,-116.8959,342.28,0.46,0.47,2025-08-06,2011,N,VIIRS,n,2,311.31,42.23,D,0
41.21733,-116.89021,357.31,0.46,0.47,2025-08-06,2011,N,VIIRS,n,2,325.42,42.23,D,0
41.2176,-116.88754,351.97,0.46,0.47,2025-08-06,2011,N,VIIRS,n,2,320.4,38.37,D,0
41.2267,-116.90936,367,0.47,0.47,2025-08-06,2011,N,VIIRS,h,2,328.84,70.61,D,0
41.22962,-116.91661,367,0.47,0.47,2025-08-06,2011,N,VIIRS,h,2,340.71,89.27,D,0
41.2309,-116.91116,355.01,0.47,0.47,2025-08-06,2011,N,VIIRS,n,2,324.85,70.61,D,0
41.23135,-116.84752,342.8,0.46,0.47,2025-08-06,2011,N,VIIRS,l,2,317.48,9.44,D,0
41.23209,-116.90605,367,0.46,0.47,2025-08-06,2011,N,VIIRS,l,2,341.5,70.61,D,0
41.23273,-116.88364,343.63,0.46,0.47,2025-08-06,2011,N,VIIRS,l,2,315.7,6.98,D,0
41.23388,-116.87873,345.09,0.46,0.47,2025-08-06,2011,N,VIIRS,l,2,316.02,16.55,D,0
41.24104,-116.88754,344.37,0.46,0.47,2025-08-06,2011,N,VIIRS,n,2,311.84,7.05,D,0
41.24893,-116.9725,350.1,0.47,0.48,2025-08-06,2011,N,VIIRS,l,2,321.76,15.43,D,0
41.25064,-116.98502,348.11,0.47,0.48,2025-08-06,2011,N,VIIRS,l,2,321.86,22.31,D,0
41.25505,-116.98603,367,0.47,0.48,2025-08-06,2011,N,VIIRS,l,2,336.92,30.36,D,0
41.25638,-116.98028,350.37,0.47,0.48,2025-08-06,2011,N,VIIRS,n,2,317.41,30.36,D,0
41.25894,-116.96927,355.74,0.47,0.48,2025-08-06,2011,N,VIIRS,n,2,322.01,10.84,D,0
41.25955,-116.9866,351.16,0.47,0.48,2025-08-06,2011,N,VIIRS,l,2,325.12,30.36,D,0
41.26018,-116.96391,355.27,0.47,0.48,2025-08-06,2011,N,VIIRS,n,2,320.63,40.93,D,0
41.26084,-116.981,353.33,0.47,0.48,2025-08-06,2011,N,VIIRS,l,2,323.73,30.36,D,0
41.26212,-116.97552,349.49,0.47,0.48,2025-08-06,2011,N,VIIRS,n,2,318.75,10.84,D,0
41.26339,-116.97002,346.9,0.47,0.48,2025-08-06,2011,N,VIIRS,l,2,319.32,10.84,D,0
41.26467,-116.96455,367,0.47,0.48,2025-08-06,2011,N,VIIRS,l,2,325.35,40.93,D,0
41.26526,-116.9819,350.93,0.47,0.48,2025-08-06,2011,N,VIIRS,n,2,318.87,10.82,D,0
41.26661,-116.97611,350.5,0.47,0.48,2025-08-06,2011,N,VIIRS,n,2,314.75,60.74,D,0
41.26793,-116.97037,354.59,0.47,0.48,2025-08-06,2011,N,VIIRS,n,2,317.74,60.74,D,0
41.27208,-116.91266,345.46,0.46,0.47,2025-08-06,2011,N,VIIRS,l,2,318.7,9.37,D,0
41.28032,-116.93685,347.01,0.47,0.47,2025-08-06,2011,N,VIIRS,l,2,318.88,16.28,D,0
41.28151,-116.93168,345.99,0.47,0.47,2025-08-06,2011,N,VIIRS,l,2,319.67,10.88,D,0
41.28267,-116.92668,342.03,0.46,0.47,2025-08-06,2011,N,VIIRS,l,2,314.74,10.88,D,0
41.2845,-123.00817,342.37,0.46,0.63,2025-08-06,2011,N,VIIRS,n,2,293.74,23.43,D,0
41.28572,-123.00594,344.96,0.46,0.63,2025-08-06,2011,N,VIIRS,n,2,298.13,58.89,D,0
41.28594,-123.00335,350.03,0.46,0.63,2025-08-06,2011,N,VIIRS,n,2,314.46,44.26,D,0
41.28687,-123.00205,357.05,0.46,0.63,2025-08-06,2011,N,VIIRS,n,2,312.35,58.89,D,0
41.28692,-123.00005,367,0.46,0.63,2025-08-06,2011,N,VIIRS,h,2,304.89,44.26,D,0
41.28791,-122.99847,367,0.46,0.63,2025-08-06,2011,N,VIIRS,h,2,300.05,14.24,D,0
41.288,-122.99644,343.32,0.46,0.63,2025-08-06,2011,N,VIIRS,n,2,294.23,10.15,D,0
41.28907,-122.99451,343.24,0.46,0.63,2025-08-06,2011,N,VIIRS,n,2,293.17,14.24,D,0
41.29239,-123.00307,335.32,0.46,0.63,2025-08-06,2011,N,VIIRS,n,2,292.84,44.26,D,0
41.29339,-123.00147,327.14,0.46,0.63,2025-08-06,2011,N,VIIRS,n,2,293.44,14.24,D,0
41.29346,-122.99947,326.62,0.46,0.63,2025-08-06,2011,N,VIIRS,n,2,296.43,10.15,D,0
41.29443,-122.99791,331.78,0.46,0.63,2025-08-06,2011,N,VIIRS,n,2,296.3,14.24,D,0
41.29456,-122.9958,336.85,0.46,0.63,2025-08-06,2011,N,VIIRS,n,2,295.91,10.15,D,0
41.29559,-122.99393,330.23,0.46,0.63,2025-08-06,2011,N,VIIRS,n,2,294.75,11.44,D,0
41.29578,-122.99167,367,0.46,0.63,2025-08-06,2011,N,VIIRS,h,2,293.66,11,D,0
41.29688,-122.98952,367,0.46,0.63,2025-08-06,2011,N,VIIRS,h,2,293.57,11.44,D,0
41.29718,-122.98697,367,0.46,0.63,2025-08-06,2011,N,VIIRS,h,2,292.35,11,D,0
41.29847,-122.98403,331.45,0.46,0.63,2025-08-06,2011,N,VIIRS,n,2,289.86,9.98,D,0
33.42846,-117.40545,367,0.56,0.69,2025-08-06,2149,N,VIIRS,h,2,312.32,19.4,D,0
33.42873,-117.39944,367,0.56,0.69,2025-08-06,2149,N,VIIRS,h,2,307.93,15.45,D,0
33.42896,-117.40248,367,0.56,0.69,2025-08-06,2149,N,VIIRS,h,2,312.76,31.83,D,0
33.42899,-117.39368,336.18,0.56,0.69,2025-08-06,2149,N,VIIRS,n,2,305.01,15.45,D,0
33.42919,-117.39653,353.22,0.56,0.69,2025-08-06,2149,N,VIIRS,n,2,306.68,21.85,D,0
33.57699,-116.48943,338.05,0.63,0.72,2025-08-06,2149,N,VIIRS,l,2,311.56,8.8,D,0
33.58354,-116.49504,340.2,0.63,0.72,2025-08-06,2149,N,VIIRS,l,2,311.09,8.8,D,0
33.90616,-118.40764,331.29,0.49,0.65,2025-08-06,2149,N,VIIRS,l,2,304.8,3.71,D,0
33.90619,-118.40544,335.54,0.49,0.65,2025-08-06,2149,N,VIIRS,n,2,306,5.53,D,2
34.02723,-117.36418,367,0.57,0.69,2025-08-06,2149,N,VIIRS,h,2,315.11,34.05,D,0
34.02748,-117.36726,355.98,0.57,0.69,2025-08-06,2149,N,VIIRS,n,2,312.68,17.42,D,0
34.02776,-117.36078,367,0.57,0.69,2025-08-06,2149,N,VIIRS,h,2,313.08,17.42,D,0
34.96914,-120.05589,367,0.41,0.6,2025-08-06,2149,N,VIIRS,h,2,295.49,21.47,D,0
34.97126,-120.06228,352.44,0.41,0.6,2025-08-06,2150,N,VIIRS,n,2,299.1,12.22,D,0
34.9715,-120.05813,367,0.41,0.6,2025-08-06,2150,N,VIIRS,h,2,303.13,19.88,D,0
34.97173,-120.05398,367,0.41,0.6,2025-08-06,2150,N,VIIRS,h,2,298.22,19.88,D,0
34.97196,-120.04968,332.97,0.41,0.6,2025-08-06,2150,N,VIIRS,n,2,286.77,9.96,D,0
34.9764,-120.07185,350.19,0.41,0.6,2025-08-06,2150,N,VIIRS,n,2,293.19,9.16,D,0
34.97662,-120.06787,341.34,0.41,0.6,2025-08-06,2150,N,VIIRS,n,2,298.32,8.32,D,0
34.97683,-120.06411,346.43,0.41,0.6,2025-08-06,2150,N,VIIRS,n,2,301.14,8.32,D,0
34.97703,-120.06046,367,0.41,0.6,2025-08-06,2150,N,VIIRS,h,2,303.61,15.74,D,0
34.97723,-120.05683,367,0.41,0.6,2025-08-06,2150,N,VIIRS,h,2,304.11,15.74,D,0
34.97747,-120.05254,367,0.41,0.6,2025-08-06,2150,N,VIIRS,h,2,302.53,28.21,D,0
34.98201,-120.07284,352.43,0.41,0.6,2025-08-06,2150,N,VIIRS,n,2,291.45,9.16,D,0
34.98223,-120.06876,335.52,0.41,0.6,2025-08-06,2150,N,VIIRS,n,2,294.54,8.32,D,0
35.03699,-120.10064,333.62,0.41,0.6,2025-08-06,2150,N,VIIRS,n,2,300.72,5.47,D,0
35.03726,-120.09613,340.29,0.41,0.6,2025-08-06,2150,N,VIIRS,n,2,302.94,5.47,D,0
35.10713,-120.21459,350.33,0.4,0.6,2025-08-06,2150,N,VIIRS,n,2,313.39,37.6,D,0
35.10736,-120.21063,367,0.4,0.6,2025-08-06,2150,N,VIIRS,h,2,309.11,22.01,D,0
35.11301,-120.2102,333.83,0.4,0.6,2025-08-06,2150,N,VIIRS,n,2,300.29,22.01,D,0
35.13682,-120.18853,341.32,0.4,0.6,2025-08-06,2150,N,VIIRS,n,2,301.88,2.51,D,0
35.14094,-120.21361,331.22,0.4,0.6,2025-08-06,2150,N,VIIRS,n,2,300.77,4.89,D,0
35.14391,-120.21849,341.17,0.4,0.6,2025-08-06,2150,N,VIIRS,n,2,304.91,2.75,D,0
35.14416,-120.21378,346.22,0.4,0.6,2025-08-06,2150,N,VIIRS,n,2,305.14,8.81,D,0
35.14624,-120.21898,349.96,0.4,0.6,2025-08-06,2150,N,VIIRS,n,2,304.15,4.95,D,0
35.14653,-120.21424,338.34,0.4,0.6,2025-08-06,2150,N,VIIRS,n,2,305.7,4.89,D,0
35.14947,-120.2196,335.36,0.4,0.6,2025-08-06,2150,N,VIIRS,n,2,303.46,2.75,D,0
35.15735,-120.22126,367,0.4,0.6,2025-08-06,2150,N,VIIRS,h,2,309.25,13.76,D,0
35.15761,-120.21704,335.22,0.4,0.6,2025-08-06,2150,N,VIIRS,n,2,305.37,13.64,D,0
35.16059,-120.22202,367,0.4,0.6,2025-08-06,2150,N,VIIRS,h,2,309.98,15.28,D,0
35.16666,-120.21404,334.97,0.4,0.6,2025-08-06,2150,N,VIIRS,l,2,306.62,4.63,D,0
35.16722,-120.20384,337.52,0.4,0.6,2025-08-06,2150,N,VIIRS,l,2,309.06,6.25,D,0
35.16752,-120.19838,338.65,0.4,0.6,2025-08-06,2150,N,VIIRS,n,2,304.89,5.67,D,0
35.16905,-120.21404,343.67,0.4,0.6,2025-08-06,2150,N,VIIRS,n,2,308.3,6.39,D,0
35.16935,-120.20904,336.73,0.4,0.6,2025-08-06,2150,N,VIIRS,n,2,306.65,5.17,D,0
35.16968,-120.2038,350.47,0.4,0.6,2025-08-06,2150,N,VIIRS,n,2,311.32,5.17,D,0
35.17001,-120.19846,346.65,0.4,0.6,2025-08-06,2150,N,VIIRS,n,2,306.6,4.96,D,0
35.17034,-120.19312,338.25,0.4,0.6,2025-08-06,2150,N,VIIRS,n,2,304.36,4.96,D,0
35.17228,-120.21406,344.85,0.4,0.6,2025-08-06,2150,N,VIIRS,n,2,309.88,4.63,D,0
35.17256,-120.20898,342.19,0.4,0.6,2025-08-06,2150,N,VIIRS,n,2,310.56,6.25,D,0
35.17286,-120.2037,356.43,0.4,0.6,2025-08-06,2150,N,VIIRS,n,2,311.14,6.25,D,0
35.17315,-120.19841,355.19,0.4,0.6,2025-08-06,2150,N,VIIRS,n,2,306.49,5.67,D,0
35.17343,-120.1933,335.59,0.4,0.6,2025-08-06,2150,N,VIIRS,n,2,302.46,5.67,D,0
35.17761,-120.21935,339.49,0.4,0.6,2025-08-06,2150,N,VIIRS,n,2,305.41,20.54,D,0
35.17789,-120.21426,367,0.4,0.6,2025-08-06,2150,N,VIIRS,h,2,315.32,20.54,D,0
35.17849,-120.20361,367,0.4,0.6,2025-08-06,2150,N,VIIRS,h,2,334.35,155.67,D,0
35.17879,-120.19824,355.33,0.4,0.6,2025-08-06,2150,N,VIIRS,n,2,328.89,262.1,D,0
35.17905,-120.19363,355.95,0.4,0.6,2025-08-06,2150,N,VIIRS,n,2,312.82,262.1,D,0
35.17928,-120.18951,367,0.4,0.6,2025-08-06,2150,N,VIIRS,h,2,304.73,141.66,D,0
35.17952,-120.18523,336.11,0.4,0.6,2025-08-06,2150,N,VIIRS,n,2,302.11,141.66,D,0
35.18383,-120.20884,349.49,0.4,0.6,2025-08-06,2150,N,VIIRS,n,2,305.92,155.67,D,0
35.18411,-120.20389,367,0.4,0.6,2025-08-06,2150,N,VIIRS,l,2,331.44,155.67,D,0
35.18438,-120.19913,367,0.4,0.6,2025-08-06,2150,N,VIIRS,l,2,362.31,262.1,D,0
35.18463,-120.19466,367,0.4,0.6,2025-08-06,2150,N,VIIRS,l,2,368.85,262.1,D,0
35.18486,-120.19047,367,0.4,0.6,2025-08-06,2150,N,VIIRS,h,2,348.71,141.66,D,0
35.18511,-120.18603,367,0.4,0.6,2025-08-06,2150,N,VIIRS,h,2,303.38,141.66,D,0
35.18539,-120.18105,346.84,0.4,0.6,2025-08-06,2150,N,VIIRS,n,2,301.1,9.49,D,0
35.18565,-120.17651,336.75,0.4,0.6,2025-08-06,2150,N,VIIRS,n,2,300.86,9.49,D,0
35.1902,-120.19579,330.94,0.4,0.6,2025-08-06,2150,N,VIIRS,n,2,303.54,3.93,D,0
35.19046,-120.19121,333.64,0.4,0.6,2025-08-06,2150,N,VIIRS,n,2,303.51,3.56,D,0
35.20857,-120.17018,335.96,0.4,0.6,2025-08-06,2150,N,VIIRS,l,2,308.5,8.93,D,0
35.20881,-120.16598,344.78,0.4,0.6,2025-08-06,2150,N,VIIRS,n,2,307.91,87.21,D,0
35.20905,-120.16185,367,0.4,0.6,2025-08-06,2150,N,VIIRS,l,2,335.71,87.21,D,0
35.20928,-120.15777,367,0.4,0.6,2025-08-06,2150,N,VIIRS,h,2,339.39,121.32,D,0
35.20951,-120.15375,346.6,0.4,0.6,2025-08-06,2150,N,VIIRS,n,2,308.24,121.32,D,0
35.21486,-120.15887,347.25,0.4,0.6,2025-08-06,2150,N,VIIRS,n,2,316.51,50.71,D,0
35.21507,-120.1552,367,0.4,0.6,2025-08-06,2150,N,VIIRS,h,2,320.75,50.71,D,0
35.21528,-120.15151,367,0.4,0.6,2025-08-06,2150,N,VIIRS,h,2,313.07,13.48,D,0
35.21549,-120.14782,367,0.4,0.6,2025-08-06,2150,N,VIIRS,h,2,317.58,13.48,D,0
35.21571,-120.144,367,0.41,0.6,2025-08-06,2150,N,VIIRS,h,2,315.27,8.46,D,0
35.21593,-120.14008,342.67,0.41,0.6,2025-08-06,2150,N,VIIRS,n,2,309.42,8.46,D,0
35.22022,-120.1638,367,0.4,0.6,2025-08-06,2150,N,VIIRS,h,2,313.07,108.88,D,0
35.22043,-120.16017,367,0.4,0.6,2025-08-06,2150,N,VIIRS,h,2,316.77,50.71,D,0
35.22063,-120.1567,367,0.4,0.6,2025-08-06,2150,N,VIIRS,h,2,310.37,50.71,D,0
35.22084,-120.15312,346.32,0.4,0.6,2025-08-06,2150,N,VIIRS,n,2,308.6,13.48,D,0
35.22105,-120.14935,343.61,0.4,0.6,2025-08-06,2150,N,VIIRS,n,2,308.98,13.48,D,0
35.22127,-120.14555,349.01,0.41,0.6,2025-08-06,2150,N,VIIRS,n,2,310.86,8.46,D,0
35.22148,-120.14182,342.68,0.41,0.6,2025-08-06,2150,N,VIIRS,n,2,306.71,8.46,D,0
35.2217,-120.13804,357.77,0.41,0.6,2025-08-06,2150,N,VIIRS,n,2,308.37,21.2,D,0
35.22193,-120.13399,367,0.41,0.6,2025-08-06,2150,N,VIIRS,h,2,310.15,21.2,D,0
35.22557,-120.16883,367,0.4,0.6,2025-08-06,2150,N,VIIRS,h,2,310.32,9.97,D,0
35.2258,-120.16494,367,0.4,0.6,2025-08-06,2150,N,VIIRS,h,2,316.92,9.97,D,0
35.22602,-120.16112,355.02,0.4,0.6,2025-08-06,2150,N,VIIRS,n,2,317.17,11.59,D,0
35.22623,-120.15739,342.19,0.4,0.6,2025-08-06,2150,N,VIIRS,n,2,311.3,11.59,D,0
35.22666,-120.1501,333.48,0.4,0.6,2025-08-06,2150,N,VIIRS,l,2,308.26,15.06,D,0
35.22686,-120.14654,354.05,0.41,0.6,2025-08-06,2150,N,VIIRS,n,2,311.63,47.43,D,0
35.22707,-120.14292,367,0.41,0.6,2025-08-06,2150,N,VIIRS,l,2,338.42,47.43,D,0
35.22728,-120.13919,367,0.41,0.6,2025-08-06,2150,N,VIIRS,h,2,323.69,67.65,D,0
35.23136,-120.1664,351.4,0.4,0.6,2025-08-06,2150,N,VIIRS,n,2,316.19,9.97,D,0
35.23158,-120.16257,367,0.4,0.6,2025-08-06,2150,N,VIIRS,h,2,321.6,11.59,D,0
35.23267,-120.14379,332.37,0.41,0.6,2025-08-06,2150,N,VIIRS,n,2,305.83,47.43,D,0
35.23291,-120.13973,339.3,0.41,0.6,2025-08-06,2150,N,VIIRS,n,2,305.44,67.65,D,0
35.23804,-120.14856,338.58,0.41,0.6,2025-08-06,2150,N,VIIRS,n,2,307.09,3.19,D,0
37.62035,-121.29469,345.65,0.37,0.58,2025-08-06,2150,N,VIIRS,n,2,310.14,5.57,D,0
37.62191,-121.29751,335.65,0.37,0.58,2025-08-06,2150,N,VIIRS,l,2,309.47,6.35,D,0
37.62214,-121.29324,337.06,0.37,0.58,2025-08-06,2150,N,VIIRS,l,2,309.21,6.84,D,0
38.47105,-121.09969,357,0.38,0.59,2025-08-06,2150,N,VIIRS,l,2,283.48,4.26,D,0
38.47131,-121.0952,336.84,0.38,0.59,2025-08-06,2150,N,VIIRS,n,2,287.28,4.63,D,0
39.41837,-121.64213,338.12,0.36,0.58,2025-08-06,2151,N,VIIRS,n,2,302.51,3.77,D,0
39.71067,-121.85075,339.89,0.36,0.57,2025-08-06,2151,N,VIIRS,n,2,309.09,4.45,D,0
41.20488,-116.8984,343.19,0.67,0.73,2025-08-06,2151,N,VIIRS,n,2,309.19,11.67,D,0
41.20491,-116.89895,349.35,0.67,0.73,2025-08-06,2151,N,VIIRS,n,2,309.93,8.68,D,0
41.20498,-116.88799,342.43,0.67,0.73,2025-08-06,2151,N,VIIRS,n,2,310.14,8.68,D,0
41.20501,-116.88768,346.94,0.67,0.73,2025-08-06,2151,N,VIIRS,n,2,311.41,26.7,D,0
41.21179,-116.89537,351.75,0.67,0.73,2025-08-06,2151,N,VIIRS,n,2,315.85,26.7,D,0
41.21181,-116.89613,353.09,0.67,0.73,2025-08-06,2151,N,VIIRS,n,2,320.94,88.41,D,0
41.21188,-116.88592,352.92,0.67,0.73,2025-08-06,2151,N,VIIRS,n,2,314.9,117.41,D,0
41.21191,-116.88552,367,0.67,0.73,2025-08-06,2151,N,VIIRS,h,2,316.96,26.7,D,0
41.21863,-116.90588,338.48,0.67,0.73,2025-08-06,2151,N,VIIRS,n,2,306.57,88.41,D,0
41.2187,-116.8947,367,0.67,0.73,2025-08-06,2151,N,VIIRS,h,2,327.85,117.41,D,0
41.21877,-116.88602,367,0.67,0.73,2025-08-06,2151,N,VIIRS,h,2,307.67,117.41,D,0
41.21884,-116.87419,340.8,0.67,0.74,2025-08-06,2151,N,VIIRS,n,2,304.89,27.92,D,0
41.22544,-116.91509,356.58,0.67,0.73,2025-08-06,2151,N,VIIRS,n,2,309.96,19.76,D,0
41.2255,-116.90656,367,0.67,0.73,2025-08-06,2151,N,VIIRS,h,2,307.52,19.76,D,0
41.23227,-116.92133,335.87,0.67,0.73,2025-08-06,2151,N,VIIRS,n,2,302.87,17.02,D,0
41.23233,-116.91422,367,0.67,0.73,2025-08-06,2151,N,VIIRS,h,2,317.32,19.76,D,0
41.23239,-116.90564,338,0.67,0.73,2025-08-06,2151,N,VIIRS,n,2,309.58,19.76,D,0
41.23259,-116.87784,340.33,0.67,0.74,2025-08-06,2151,N,VIIRS,n,2,302.13,2.61,D,0
41.23942,-116.88638,346.16,0.67,0.73,2025-08-06,2151,N,VIIRS,n,2,306.99,10.43,D,0
41.24554,-116.97979,367,0.66,0.73,2025-08-06,2151,N,VIIRS,h,2,312.12,18.89,D,0
41.2461,-116.91217,344.5,0.67,0.73,2025-08-06,2151,N,VIIRS,n,2,306.8,7.76,D,0
41.24618,-116.90213,338.55,0.67,0.73,2025-08-06,2151,N,VIIRS,n,2,301.62,7.76,D,0
41.24626,-116.89205,342.65,0.67,0.73,2025-08-06,2151,N,VIIRS,n,2,306.85,10.43,D,0
41.2523,-116.99026,355.03,0.66,0.73,2025-08-06,2151,N,VIIRS,n,2,312.67,13.97,D,0
41.25237,-116.98186,346.04,0.66,0.73,2025-08-06,2151,N,VIIRS,n,2,314.32,24.55,D,0
41.25911,-116.96982,346.95,0.66,0.73,2025-08-06,2151,N,VIIRS,n,2,311.91,15.25,D,0
41.25915,-116.96042,340.64,0.66,0.73,2025-08-06,2151,N,VIIRS,n,2,308.54,15.85,D,0
41.25936,-116.96785,353.16,0.66,0.73,2025-08-06,2151,N,VIIRS,n,2,311.7,17.11,D,0
41.26595,-116.97445,353.24,0.66,0.73,2025-08-06,2151,N,VIIRS,n,2,308.59,15.25,D,0
41.266,-116.96532,367,0.66,0.73,2025-08-06,2151,N,VIIRS,h,2,315.14,15.85,D,0
41.26604,-116.95575,334.94,0.66,0.73,2025-08-06,2151,N,VIIRS,n,2,309.86,15.85,D,0
41.26617,-116.97267,367,0.66,0.73,2025-08-06,2151,N,VIIRS,h,2,309.4,75.62,D,0
41.26626,-116.96341,367,0.66,0.73,2025-08-06,2151,N,VIIRS,h,2,315.59,75.62,D,0
41.2728,-116.97737,341.25,0.66,0.73,2025-08-06,2151,N,VIIRS,n,2,304.57,33.71,D,0
41.27288,-116.96143,367,0.66,0.73,2025-08-06,2151,N,VIIRS,l,2,339.65,215.08,D,0
41.27292,-116.95248,367,0.66,0.73,2025-08-06,2151,N,VIIRS,h,2,320.02,182.23,D,0
41.27299,-116.97578,354.88,0.66,0.73,2025-08-06,2151,N,VIIRS,n,2,307.27,75.62,D,0
41.27316,-116.95947,367,0.66,0.73,2025-08-06,2151,N,VIIRS,l,2,339.11,146.92,D,0
41.27324,-116.95072,367,0.66,0.73,2025-08-06,2151,N,VIIRS,h,2,311.99,146.92,D,0
41.27974,-116.96317,304.34,0.66,0.73,2025-08-06,2151,N,VIIRS,l,2,308.34,215.08,D,0
41.27977,-116.95612,367,0.66,0.73,2025-08-06,2151,N,VIIRS,h,2,334.98,182.23,D,0
41.2798,-116.9491,367,0.66,0.73,2025-08-06,2151,N,VIIRS,h,2,303.93,182.23,D,0
41.27984,-116.9418,347.02,0.66,0.73,2025-08-06,2151,N,VIIRS,n,2,308.76,26.16,D,0
41.27999,-116.96161,208,0.66,0.73,2025-08-06,2151,N,VIIRS,l,2,314.99,206.44,D,0
41.28007,-116.95458,355.48,0.66,0.73,2025-08-06,2151,N,VIIRS,l,2,331.26,206.44,D,0
41.28013,-116.94762,344.93,0.66,0.73,2025-08-06,2151,N,VIIRS,n,2,304.86,63.7,D,0
41.2802,-116.94041,347.9,0.66,0.73,2025-08-06,2151,N,VIIRS,n,2,308.66,63.7,D,0
41.28238,-123.00429,339.25,0.32,0.55,2025-08-06,2151,N,VIIRS,n,2,298.55,10.53,D,0
41.28519,-123.00294,367,0.32,0.55,2025-08-06,2151,N,VIIRS,h,2,302.51,11.28,D,0
41.28753,-123.00368,352.13,0.32,0.55,2025-08-06,2151,N,VIIRS,n,2,298.89,10.53,D,0
41.2879,-122.9978,367,0.32,0.55,2025-08-06,2151,N,VIIRS,h,2,295.43,10.53,D,0
41.29034,-123.00213,344.44,0.32,0.55,2025-08-06,2151,N,VIIRS,n,2,297.99,11.28,D,0
41.29067,-122.99635,331.79,0.32,0.55,2025-08-06,2151,N,VIIRS,n,2,293.76,11.28,D,0
41.2909,-122.99227,367,0.32,0.55,2025-08-06,2151,N,VIIRS,h,2,298.43,9.51,D,0
41.29305,-122.99723,335.31,0.32,0.55,2025-08-06,2151,N,VIIRS,n,2,297.11,3.88,D,0
41.29333,-122.99267,352.49,0.32,0.55,2025-08-06,2151,N,VIIRS,n,2,295.26,8.35,D,0
41.29349,-116.95926,335.57,0.66,0.73,2025-08-06,2151,N,VIIRS,n,2,304.18,8.49,D,0
41.29353,-116.95292,352.71,0.66,0.73,2025-08-06,2151,N,VIIRS,n,2,311.26,94.27,D,0
41.29356,-116.9467,367,0.66,0.73,2025-08-06,2151,N,VIIRS,h,2,317.44,94.27,D,0
41.29359,-122.98858,367,0.32,0.55,2025-08-06,2151,N,VIIRS,h,2,300.91,8.35,D,0
41.29377,-116.95757,367,0.66,0.73,2025-08-06,2151,N,VIIRS,h,2,306.61,126.26,D,0
41.2939,-116.94483,367,0.66,0.73,2025-08-06,2151,N,VIIRS,h,2,309.21,153.25,D,0
41.29581,-122.99578,345.21,0.32,0.55,2025-08-06,2151,N,VIIRS,n,2,296.14,4.62,D,0
41.29608,-122.99108,367,0.32,0.55,2025-08-06,2151,N,VIIRS,h,2,297.5,15.05,D,0
41.29823,-122.99625,334.67,0.32,0.55,2025-08-06,2151,N,VIIRS,n,2,294.61,3.88,D,0
41.29851,-122.99181,367,0.32,0.55,2025-08-06,2151,N,VIIRS,h,2,298.19,8.35,D,0
41.30036,-116.95819,355.24,0.66,0.73,2025-08-06,2151,N,VIIRS,n,2,307.83,74.28,D,0
41.3004,-116.95171,317.2,0.66,0.73,2025-08-06,2151,N,VIIRS,l,2,324.64,164.05,D,0
41.30044,-116.94495,367,0.66,0.73,2025-08-06,2151,N,VIIRS,h,2,310.43,164.05,D,0
41.30058,-116.9632,343.88,0.66,0.73,2025-08-06,2151,N,VIIRS,n,2,306.01,18.51,D,0
41.30065,-116.9566,350.29,0.66,0.73,2025-08-06,2151,N,VIIRS,n,2,308.49,126.26,D,0
41.30072,-116.95004,367,0.66,0.73,2025-08-06,2151,N,VIIRS,l,2,325.24,126.26,D,0
41.30079,-116.94314,367,0.66,0.73,2025-08-06,2151,N,VIIRS,h,2,304.13,153.25,D,0
41.30099,-122.99452,340.44,0.32,0.55,2025-08-06,2151,N,VIIRS,n,2,293.23,4.62,D,0
41.34851,-116.94807,335.96,0.66,0.73,2025-08-06,2151,N,VIIRS,l,2,307.23,9.49,D,0
40.82256,-114.25652,303.91,0.64,0.72,2025-08-07,828,N,VIIRS,n,2,290,1.79,N,2
40.82357,-114.25941,301.47,0.64,0.72,2025-08-07,828,N,VIIRS,n,2,289.53,1.32,N,2
36.35997,-114.91079,307.79,0.66,0.73,2025-08-07,830,N,VIIRS,n,2,297.12,3.74,N,2
36.36073,-114.91228,307.42,0.66,0.73,2025-08-07,830,N,VIIRS,n,2,296.82,5.07,N,2
32.54144,-114.90277,312.57,0.62,0.71,2025-08-07,831,N,VIIRS,n,2,294.04,2.08,N,0
40.82122,-114.25561,311.84,0.49,0.49,2025-08-07,1009,N,VIIRS,n,2,291.02,2.33,N,2
41.27709,-116.97079,325.59,0.54,0.42,2025-08-07,1009,N,VIIRS,n,2,286.42,8.92,N,0
41.27837,-116.96978,347.41,0.54,0.42,2025-08-07,1009,N,VIIRS,n,2,293.38,11.54,N,0
41.27961,-116.96346,299.85,0.54,0.42,2025-08-07,1009,N,VIIRS,n,2,284.74,1.27,N,0
41.27964,-116.97572,301.27,0.54,0.42,2025-08-07,1009,N,VIIRS,n,2,283.27,2.86,N,0
41.28086,-116.96939,338.52,0.54,0.42,2025-08-07,1009,N,VIIRS,n,2,293.41,8.92,N,0
41.28086,-116.96244,295.87,0.54,0.42,2025-08-07,1009,N,VIIRS,n,2,284.2,2.03,N,0
41.28213,-116.96835,326.23,0.54,0.42,2025-08-07,1009,N,VIIRS,n,2,284.83,2.03,N,0
41.28327,-123.00026,304.5,0.38,0.36,2025-08-07,1009,N,VIIRS,n,2,281.67,1.03,N,0
41.28398,-123.00478,322.63,0.38,0.36,2025-08-07,1009,N,VIIRS,n,2,284.3,2.34,N,0
41.28655,-122.99937,355.76,0.38,0.36,2025-08-07,1009,N,VIIRS,n,2,291.03,7.79,N,0
41.28725,-123.00388,306.59,0.38,0.36,2025-08-07,1009,N,VIIRS,n,2,282.52,1.23,N,0
41.28983,-122.99848,331.74,0.38,0.36,2025-08-07,1009,N,VIIRS,n,2,285.19,7.79,N,0
41.29053,-123.00299,301.56,0.38,0.36,2025-08-07,1009,N,VIIRS,n,2,281.48,1.23,N,0
41.2923,-122.99582,324.67,0.38,0.36,2025-08-07,1009,N,VIIRS,n,2,282.95,1.57,N,0
41.2945,-116.95016,323.54,0.54,0.42,2025-08-07,1009,N,VIIRS,n,2,290.1,2.97,N,0
41.29557,-122.99493,305.26,0.38,0.36,2025-08-07,1009,N,VIIRS,n,2,282.04,1.57,N,0
41.29696,-116.94263,307.74,0.54,0.42,2025-08-07,1009,N,VIIRS,n,2,282.62,2.97,N,0
41.29813,-122.98951,297.87,0.38,0.36,2025-08-07,1009,N,VIIRS,n,2,282.45,0.49,N,0
41.29884,-122.99404,301.6,0.38,0.36,2025-08-07,1009,N,VIIRS,n,2,282.99,0.85,N,0
41.30211,-122.99314,299.1,0.38,0.36,2025-08-07,1009,N,VIIRS,n,2,282.39,0.85,N,0
37.18515,-121.67995,301.31,0.42,0.37,2025-08-07,1010,N,VIIRS,n,2,289.02,0.75,N,2
37.45606,-121.93137,313.97,0.41,0.37,2025-08-07,1010,N,VIIRS,n,2,287.82,0.93,N,2
37.75551,-121.73055,299.34,0.41,0.37,2025-08-07,1010,N,VIIRS,n,2,281.49,0.41,N,0
37.75676,-121.65788,299.93,0.41,0.37,2025-08-07,1010,N,VIIRS,n,2,285.33,0.26,N,0
37.88319,-121.18324,305.16,0.42,0.38,2025-08-07,1010,N,VIIRS,n,2,283.87,0.29,N,2
37.9503,-122.39828,302.91,0.4,0.37,2025-08-07,1010,N,VIIRS,n,2,289.75,1.2,N,2
38.03226,-122.10038,298.42,0.4,0.37,2025-08-07,1010,N,VIIRS,n,2,284.99,0.63,N,2
38.0701,-122.13715,304.99,0.4,0.37,2025-08-07,1010,N,VIIRS,n,2,291.11,1.18,N,2
38.30061,-122.74732,301.05,0.39,0.36,2025-08-07,1010,N,VIIRS,n,2,285.93,0.56,N,2
38.31432,-121.83337,300.49,0.4,0.37,2025-08-07,1010,N,VIIRS,n,2,286.54,0.42,N,2
39.49409,-119.62127,300.99,0.45,0.39,2025-08-07,1010,N,VIIRS,n,2,286.81,0.67,N,2
32.50938,-116.76882,300.69,0.56,0.51,2025-08-07,1011,N,VIIRS,n,2,290.36,0.53,N,2
32.60783,-115.56818,308.73,0.32,0.55,2025-08-07,1011,N,VIIRS,n,2,297.44,1.56,N,0
32.68819,-114.74818,306,0.36,0.57,2025-08-07,1011,N,VIIRS,n,2,294.87,1.28,N,0
33.41913,-117.41022,306.87,0.49,0.49,2025-08-07,1011,N,VIIRS,n,2,293.15,1.91,N,0
33.42149,-117.40846,310.34,0.49,0.49,2025-08-07,1011,N,VIIRS,n,2,294.97,1.9,N,0
33.42258,-117.41328,322.33,0.49,0.49,2025-08-07,1011,N,VIIRS,n,2,295.59,2.79,N,0
33.42365,-117.4095,308.45,0.49,0.49,2025-08-07,1011,N,VIIRS,n,2,294.29,1.91,N,0
33.42373,-117.41833,325.38,0.49,0.49,2025-08-07,1011,N,VIIRS,n,2,294.55,2.79,N,0
33.42475,-117.41447,320.66,0.49,0.49,2025-08-07,1011,N,VIIRS,n,2,295.61,1.91,N,0
33.42583,-117.4194,328.46,0.49,0.49,2025-08-07,1011,N,VIIRS,n,2,295.56,4.28,N,0
33.42828,-117.41769,316.05,0.49,0.49,2025-08-07,1011,N,VIIRS,n,2,294.27,2.84,N,0
33.43378,-117.42126,313,0.49,0.49,2025-08-07,1011,N,VIIRS,n,2,294.06,2.23,N,0
33.43819,-117.42007,319.57,0.49,0.49,2025-08-07,1011,N,VIIRS,n,2,292.77,1.67,N,0
33.61547,-117.82307,301.76,0.46,0.47,2025-08-07,1011,N,VIIRS,n,2,289.01,0.46,N,2
33.71577,-117.71304,299.9,0.47,0.48,2025-08-07,1011,N,VIIRS,n,2,289.49,0.61,N,2
33.79501,-117.47275,302.25,0.48,0.48,2025-08-07,1011,N,VIIRS,n,2,292.03,0.7,N,2
33.82037,-118.2439,302.67,0.44,0.46,2025-08-07,1011,N,VIIRS,n,2,289.69,0.98,N,2
33.85305,-118.33356,305.68,0.43,0.46,2025-08-07,1011,N,VIIRS,n,2,293.68,1.47,N,2
34.0419,-117.81993,300.33,0.45,0.47,2025-08-07,1011,N,VIIRS,n,2,289.9,0.16,N,2
34.15292,-118.1926,305.64,0.43,0.46,2025-08-07,1011,N,VIIRS,n,2,279.03,0.64,N,2
34.33456,-118.51907,301.4,0.41,0.45,2025-08-07,1011,N,VIIRS,n,2,276.08,1.12,N,2
34.33527,-116.89069,301.07,0.5,0.49,2025-08-07,1011,N,VIIRS,n,2,290.1,1.01,N,0
34.35503,-116.85261,308.05,0.51,0.49,2025-08-07,1011,N,VIIRS,n,2,296.19,1.77,N,2
34.43022,-118.64547,296.32,0.4,0.45,2025-08-07,1011,N,VIIRS,n,2,273.01,0.65,N,2
34.60664,-117.33657,315.13,0.47,0.48,2025-08-07,1011,N,VIIRS,n,2,293.03,2.42,N,2
34.60718,-117.33892,310.63,0.47,0.48,2025-08-07,1011,N,VIIRS,n,2,293.35,3,N,2
34.62305,-117.10249,310.71,0.48,0.48,2025-08-07,1011,N,VIIRS,n,2,292.95,1.66,N,2
34.97013,-120.05989,299.71,0.51,0.41,2025-08-07,1011,N,VIIRS,n,2,286.44,0.86,N,0
34.97068,-120.06432,309.6,0.51,0.41,2025-08-07,1011,N,VIIRS,n,2,287.81,1.45,N,0
34.97118,-120.06522,307.35,0.51,0.41,2025-08-07,1011,N,VIIRS,n,2,287.47,0.86,N,0
34.97284,-120.07507,301.76,0.51,0.41,2025-08-07,1011,N,VIIRS,n,2,286.65,0.55,N,0
34.97329,-120.07597,308.27,0.51,0.41,2025-08-07,1011,N,VIIRS,n,2,286.74,1.17,N,0
34.97396,-120.0806,299.74,0.51,0.41,2025-08-07,1011,N,VIIRS,n,2,286.55,0.55,N,0
35.15857,-120.25873,304.61,0.49,0.41,2025-08-07,1011,N,VIIRS,n,2,292.86,1.77,N,0
35.15911,-120.24181,308.3,0.5,0.41,2025-08-07,1011,N,VIIRS,n,2,292.33,2.08,N,0
35.16015,-120.24706,311.31,0.5,0.41,2025-08-07,1011,N,VIIRS,n,2,292.41,2.08,N,0
35.16069,-120.23016,305.7,0.5,0.41,2025-08-07,1011,N,VIIRS,n,2,293.36,2,N,0
35.16119,-120.25231,315.53,0.49,0.41,2025-08-07,1011,N,VIIRS,n,2,292.07,1.77,N,0
35.16172,-120.23536,311.27,0.5,0.41,2025-08-07,1011,N,VIIRS,n,2,292.63,2,N,0
35.16221,-120.25753,314.33,0.49,0.41,2025-08-07,1011,N,VIIRS,n,2,292.57,1.77,N,0
35.16275,-120.24059,317.56,0.5,0.41,2025-08-07,1011,N,VIIRS,n,2,292.02,5.31,N,0
35.16324,-120.26273,309.54,0.49,0.41,2025-08-07,1011,N,VIIRS,n,2,293.38,1.68,N,0
35.1638,-120.24589,327.45,0.5,0.41,2025-08-07,1011,N,VIIRS,n,2,291.88,5.31,N,0
35.1643,-120.26813,305.6,0.49,0.41,2025-08-07,1011,N,VIIRS,n,2,293.3,1.68,N,0
35.16438,-120.22914,311.81,0.5,0.41,2025-08-07,1011,N,VIIRS,n,2,293.05,2,N,0
35.16483,-120.25115,332.64,0.49,0.41,2025-08-07,1011,N,VIIRS,n,2,292.07,7.28,N,0
35.1654,-120.23434,320.73,0.5,0.41,2025-08-07,1011,N,VIIRS,n,2,292.59,2,N,0
35.16586,-120.25638,327.45,0.49,0.41,2025-08-07,1011,N,VIIRS,n,2,292.83,7.28,N,0
35.16605,-120.21798,306.56,0.5,0.41,2025-08-07,1011,N,VIIRS,n,2,292.37,2.47,N,0
35.16644,-120.23961,332.25,0.5,0.41,2025-08-07,1011,N,VIIRS,n,2,293.21,5.31,N,0
35.16689,-120.2616,318.79,0.49,0.41,2025-08-07,1011,N,VIIRS,n,2,293.41,2.89,N,0
35.16708,-120.22318,310.93,0.5,0.41,2025-08-07,1011,N,VIIRS,n,2,292.92,2.47,N,0
35.16745,-120.2448,352.25,0.5,0.41,2025-08-07,1011,N,VIIRS,n,2,294.28,5.31,N,0
35.16793,-120.26688,311.14,0.49,0.41,2025-08-07,1011,N,VIIRS,n,2,292.78,2.89,N,0
35.16808,-120.22824,322.58,0.5,0.41,2025-08-07,1011,N,VIIRS,n,2,292.92,6.13,N,0
35.16849,-120.25003,355.8,0.49,0.41,2025-08-07,1011,N,VIIRS,n,2,294.63,7.28,N,0
35.16864,-120.21141,306.35,0.5,0.41,2025-08-07,1011,N,VIIRS,n,2,292.03,3.88,N,0
35.16896,-120.27215,304.28,0.49,0.41,2025-08-07,1011,N,VIIRS,n,2,293.31,1.56,N,0
35.1691,-120.23346,336.49,0.5,0.41,2025-08-07,1011,N,VIIRS,n,2,293.71,6.13,N,0
35.16951,-120.25523,345.11,0.49,0.41,2025-08-07,1011,N,VIIRS,n,2,293.81,7.28,N,0
35.16971,-120.21685,310.42,0.5,0.41,2025-08-07,1011,N,VIIRS,n,2,291.75,2.47,N,0
35.17013,-120.23871,352.91,0.5,0.41,2025-08-07,1011,N,VIIRS,n,2,295.92,185.56,N,0
35.17055,-120.26051,332.53,0.49,0.41,2025-08-07,1011,N,VIIRS,n,2,293.58,2.89,N,0
35.17076,-120.22216,318.8,0.5,0.41,2025-08-07,1011,N,VIIRS,n,2,292.76,2.47,N,0
35.17114,-120.24383,341.46,0.5,0.41,2025-08-07,1011,N,VIIRS,n,2,302.05,185.56,N,0
35.17158,-120.26574,320.11,0.49,0.41,2025-08-07,1011,N,VIIRS,n,2,293.17,2.89,N,0
35.17178,-120.22736,335.97,0.5,0.41,2025-08-07,1011,N,VIIRS,n,2,293.67,6.13,N,0
35.17216,-120.24901,325.12,0.49,0.41,2025-08-07,1011,N,VIIRS,n,2,318.91,297.48,N,0
35.17228,-120.21018,307.66,0.5,0.41,2025-08-07,1011,N,VIIRS,n,2,291.34,3.25,N,0
35.17261,-120.27096,308.3,0.49,0.41,2025-08-07,1011,N,VIIRS,n,2,292.94,1.56,N,0
35.17282,-120.23265,347.53,0.5,0.41,2025-08-07,1011,N,VIIRS,n,2,295.18,6.13,N,0
35.17319,-120.25425,367,0.49,0.41,2025-08-07,1011,N,VIIRS,h,2,295.74,297.48,N,0
35.17337,-120.2157,319.02,0.5,0.41,2025-08-07,1011,N,VIIRS,n,2,292.44,29.84,N,0
35.17386,-120.23794,348.41,0.5,0.41,2025-08-07,1011,N,VIIRS,n,2,301.94,185.56,N,0
35.17422,-120.25948,367,0.49,0.41,2025-08-07,1011,N,VIIRS,h,2,294.86,40.34,N,0
35.17443,-120.22115,330.22,0.5,0.41,2025-08-07,1011,N,VIIRS,n,2,293.88,29.84,N,0
35.17525,-120.2647,333.96,0.49,0.41,2025-08-07,1011,N,VIIRS,n,2,293.61,40.34,N,0
35.17549,-120.22651,349.99,0.5,0.41,2025-08-07,1011,N,VIIRS,n,2,295.54,177.19,N,0
35.17593,-120.20895,307.6,0.5,0.41,2025-08-07,1011,N,VIIRS,n,2,291.54,3.25,N,0
35.17627,-120.26989,312.5,0.49,0.41,2025-08-07,1011,N,VIIRS,n,2,292.96,1.96,N,0
35.17631,-120.19111,325.15,0.5,0.41,2025-08-07,1011,N,VIIRS,n,2,294.69,2.41,N,0
35.17655,-120.2319,356.44,0.5,0.41,2025-08-07,1011,N,VIIRS,n,2,298.18,177.19,N,0
35.17689,-120.25335,329.26,0.49,0.41,2025-08-07,1011,N,VIIRS,n,2,319.41,297.48,N,0
35.17702,-120.21454,325.92,0.5,0.41,2025-08-07,1011,N,VIIRS,n,2,293.05,29.84,N,0
35.17736,-120.19646,309.52,0.5,0.41,2025-08-07,1011,N,VIIRS,n,2,292.29,2.41,N,0
35.17761,-120.23728,367,0.5,0.41,2025-08-07,1011,N,VIIRS,h,2,331.18,258.14,N,0
35.17791,-120.25854,330.6,0.49,0.41,2025-08-07,1011,N,VIIRS,n,2,315.58,40.34,N,0
35.17811,-120.22009,335.62,0.5,0.41,2025-08-07,1011,N,VIIRS,n,2,304.11,29.84,N,0
35.17892,-120.26369,342.86,0.49,0.41,2025-08-07,1011,N,VIIRS,n,2,295.54,40.34,N,0
35.17896,-120.18485,303.89,0.5,0.41,2025-08-07,1011,N,VIIRS,n,2,291.8,2.33,N,0
35.17918,-120.22556,339.89,0.5,0.41,2025-08-07,1011,N,VIIRS,n,2,333.28,177.19,N,0
35.17957,-120.20771,308.17,0.5,0.41,2025-08-07,1011,N,VIIRS,n,2,292.78,2.66,N,0
35.17994,-120.26887,310.9,0.49,0.41,2025-08-07,1011,N,VIIRS,n,2,291.91,1.96,N,0
35.18001,-120.19016,317.07,0.5,0.41,2025-08-07,1011,N,VIIRS,n,2,293.65,2.41,N,0
35.18026,-120.23106,367,0.5,0.41,2025-08-07,1011,N,VIIRS,h,2,360,177.19,N,0
35.18066,-120.21331,336.88,0.5,0.41,2025-08-07,1011,N,VIIRS,n,2,297.41,78.85,N,0
35.18103,-120.1954,310.52,0.5,0.41,2025-08-07,1011,N,VIIRS,n,2,292.64,2.41,N,0
35.18133,-120.23652,367,0.5,0.41,2025-08-07,1011,N,VIIRS,h,2,363.03,258.14,N,0
35.18161,-120.25768,351.44,0.49,0.41,2025-08-07,1011,N,VIIRS,n,2,311.12,27.1,N,0
35.18176,-120.21891,367,0.5,0.41,2025-08-07,1011,N,VIIRS,h,2,358.74,78.85,N,0
35.18212,-120.20092,304.68,0.5,0.41,2025-08-07,1011,N,VIIRS,n,2,292.31,2.66,N,0
35.18234,-120.24165,367,0.5,0.41,2025-08-07,1011,N,VIIRS,h,2,352.2,258.14,N,0
35.18261,-120.26276,327.79,0.49,0.41,2025-08-07,1011,N,VIIRS,n,2,294.52,27.1,N,0
35.18265,-120.18382,309.86,0.5,0.41,2025-08-07,1011,N,VIIRS,n,2,291.05,2.41,N,0
35.18285,-120.22449,343.43,0.5,0.41,2025-08-07,1011,N,VIIRS,n,2,334.86,68.77,N,0
35.1832,-120.20645,313.56,0.5,0.41,2025-08-07,1011,N,VIIRS,n,2,294.34,2.66,N,0
35.18335,-120.2468,367,0.49,0.41,2025-08-07,1011,N,VIIRS,h,2,374.84,503.57,N,0
35.18364,-120.26798,309.51,0.49,0.41,2025-08-07,1011,N,VIIRS,n,2,292.99,3.18,N,0
35.18372,-120.18925,309.87,0.5,0.41,2025-08-07,1011,N,VIIRS,n,2,292.83,1.62,N,0
35.18395,-120.2301,367,0.5,0.41,2025-08-07,1011,N,VIIRS,h,2,336.26,68.77,N,0
35.18428,-120.21198,348.23,0.5,0.41,2025-08-07,1011,N,VIIRS,n,2,304.44,78.85,N,0
35.18435,-120.25188,355.34,0.49,0.41,2025-08-07,1011,N,VIIRS,n,2,309.72,503.57,N,0
35.18473,-120.1945,310.06,0.5,0.41,2025-08-07,1011,N,VIIRS,n,2,293.22,1.62,N,0
35.18502,-120.23557,349.98,0.5,0.41,2025-08-07,1011,N,VIIRS,n,2,326.04,41.79,N,0
35.18533,-120.25691,335.95,0.49,0.41,2025-08-07,1011,N,VIIRS,n,2,295.84,27.1,N,0
35.18539,-120.21767,367,0.5,0.41,2025-08-07,1011,N,VIIRS,h,2,309.82,78.85,N,0
35.18607,-120.24092,340.18,0.5,0.41,2025-08-07,1011,N,VIIRS,n,2,326.45,41.79,N,0
35.18632,-120.26192,317.82,0.49,0.41,2025-08-07,1011,N,VIIRS,n,2,294.89,27.1,N,0
35.18632,-120.18272,325.17,0.5,0.41,2025-08-07,1011,N,VIIRS,n,2,291.92,2.41,N,0
35.18652,-120.22339,355.02,0.5,0.41,2025-08-07,1011,N,VIIRS,n,2,307.8,68.77,N,0
35.18686,-120.20532,316.2,0.5,0.41,2025-08-07,1011,N,VIIRS,n,2,295.83,4.85,N,0
35.1871,-120.24616,348.11,0.49,0.41,2025-08-07,1011,N,VIIRS,n,2,297.31,3.52,N,0
35.1874,-120.18829,311.3,0.5,0.41,2025-08-07,1011,N,VIIRS,n,2,291.4,1.62,N,0
35.18763,-120.22905,367,0.5,0.41,2025-08-07,1011,N,VIIRS,h,2,303.71,68.77,N,0
35.18793,-120.21078,349.72,0.5,0.41,2025-08-07,1011,N,VIIRS,n,2,305.86,15.36,N,0
35.18809,-120.25123,327.9,0.49,0.41,2025-08-07,1011,N,VIIRS,n,2,295.15,3.52,N,0
35.18845,-120.1936,306.48,0.5,0.41,2025-08-07,1011,N,VIIRS,n,2,293.02,1.62,N,0
35.18869,-120.23453,340.01,0.5,0.41,2025-08-07,1011,N,VIIRS,n,2,297.65,41.79,N,0
35.18905,-120.21651,354.75,0.5,0.41,2025-08-07,1011,N,VIIRS,n,2,311.38,15.36,N,0
35.18907,-120.25622,311.53,0.49,0.41,2025-08-07,1011,N,VIIRS,n,2,295.07,2.94,N,0
35.18975,-120.23992,320.6,0.5,0.41,2025-08-07,1011,N,VIIRS,n,2,293.62,41.79,N,0
35.18999,-120.18163,302.12,0.5,0.41,2025-08-07,1011,N,VIIRS,n,2,289.99,1.88,N,0
35.19018,-120.22227,367,0.5,0.41,2025-08-07,1011,N,VIIRS,h,2,313.49,14.75,N,0
35.19058,-120.2045,326.17,0.5,0.41,2025-08-07,1011,N,VIIRS,n,2,303.71,4.85,N,0
35.1908,-120.24526,313.22,0.49,0.41,2025-08-07,1011,N,VIIRS,n,2,293.86,3.52,N,0
35.19107,-120.18713,344.38,0.5,0.41,2025-08-07,1011,N,VIIRS,n,2,299.29,10.81,N,0
35.19128,-120.22793,346.83,0.5,0.41,2025-08-07,1011,N,VIIRS,n,2,304.06,14.75,N,0
35.19166,-120.21004,356.28,0.5,0.41,2025-08-07,1011,N,VIIRS,n,2,323.66,15.36,N,0
35.1918,-120.25037,304.82,0.49,0.41,2025-08-07,1011,N,VIIRS,n,2,293.26,3.52,N,0
35.19214,-120.19263,332.42,0.5,0.41,2025-08-07,1011,N,VIIRS,n,2,295.27,10.81,N,0
35.19235,-120.23342,307.13,0.5,0.41,2025-08-07,1011,N,VIIRS,n,2,292.03,1.52,N,0
35.19275,-120.21563,367,0.5,0.41,2025-08-07,1011,N,VIIRS,h,2,317.5,15.36,N,0
35.19341,-120.23882,304.66,0.5,0.41,2025-08-07,1011,N,VIIRS,n,2,292.57,1.52,N,0
35.19384,-120.22122,367,0.5,0.41,2025-08-07,1011,N,VIIRS,h,2,319.07,14.75,N,0
35.19431,-120.20375,319.13,0.5,0.41,2025-08-07,1011,N,VIIRS,n,2,301.28,8.12,N,0
35.19472,-120.18597,317.43,0.5,0.41,2025-08-07,1011,N,VIIRS,n,2,290.97,10.81,N,0
35.19493,-120.22678,306.18,0.5,0.41,2025-08-07,1011,N,VIIRS,n,2,293.38,14.75,N,0
35.19539,-120.20928,349.66,0.5,0.41,2025-08-07,1011,N,VIIRS,n,2,322.86,25.85,N,0
35.1958,-120.19151,335.83,0.5,0.41,2025-08-07,1011,N,VIIRS,n,2,294.35,10.81,N,0
35.19646,-120.21478,352.57,0.5,0.41,2025-08-07,1011,N,VIIRS,n,2,313.02,25.85,N,0
35.19753,-120.22021,345.13,0.5,0.41,2025-08-07,1011,N,VIIRS,n,2,296.95,15.13,N,0
35.19907,-120.20827,342.55,0.5,0.41,2025-08-07,1011,N,VIIRS,n,2,308.22,25.85,N,0
35.19946,-120.19032,345.29,0.5,0.41,2025-08-07,1011,N,VIIRS,n,2,296.9,5.52,N,0
35.20015,-120.21376,302.99,0.5,0.41,2025-08-07,1011,N,VIIRS,n,2,291.32,25.85,N,0
35.20055,-120.19595,334,0.5,0.41,2025-08-07,1011,N,VIIRS,n,2,298.33,7.05,N,0
35.20164,-120.20154,346.75,0.5,0.41,2025-08-07,1011,N,VIIRS,n,2,298.23,7.05,N,0
35.20311,-120.18915,303.4,0.5,0.41,2025-08-07,1011,N,VIIRS,n,2,290.3,5.52,N,0
35.2042,-120.19472,342.33,0.5,0.41,2025-08-07,1011,N,VIIRS,n,2,295.13,7.05,N,0
35.21002,-120.16482,302.86,0.5,0.41,2025-08-07,1011,N,VIIRS,n,2,290.02,1.66,N,0
35.21029,-120.16273,300.72,0.5,0.41,2025-08-07,1011,N,VIIRS,n,2,290.18,1.28,N,0
35.21105,-120.17007,327.77,0.5,0.41,2025-08-07,1011,N,VIIRS,n,2,291.51,2.14,N,0
35.21134,-120.16796,324.45,0.5,0.41,2025-08-07,1011,N,VIIRS,n,2,291.68,1.28,N,0
35.21241,-120.1733,302.95,0.5,0.41,2025-08-07,1011,N,VIIRS,n,2,289.94,1.5,N,0
35.21474,-120.16911,306.67,0.5,0.41,2025-08-07,1011,N,VIIRS,n,2,290.25,2.14,N,0
35.21504,-120.16702,305.94,0.5,0.41,2025-08-07,1011,N,VIIRS,n,2,290.91,1.28,N,0
35.21876,-120.16614,302.87,0.5,0.41,2025-08-07,1011,N,VIIRS,n,2,291.05,1.06,N,0
32.25569,-115.18727,367,0.56,0.68,2025-08-07,1949,N,VIIRS,h,2,307.65,25.81,D,0
32.63719,-115.35091,340.38,0.56,0.68,2025-08-07,1949,N,VIIRS,l,2,312.61,7,D,0
33.28512,-115.51298,367,0.55,0.68,2025-08-07,1950,N,VIIRS,h,2,319.57,24.14,D,0
33.28888,-115.51396,367,0.55,0.68,2025-08-07,1950,N,VIIRS,h,2,319.91,32.05,D,0
33.69093,-115.20061,349.64,0.51,0.66,2025-08-07,1950,N,VIIRS,n,2,316.95,9.2,D,0
35.97193,-119.06487,335.73,0.71,0.75,2025-08-07,1951,N,VIIRS,l,2,307.49,13.46,D,0
35.97433,-119.05719,356.66,0.71,0.75,2025-08-07,1951,N,VIIRS,l,2,304.54,16.17,D,0
36.19652,-119.88658,350.83,0.76,0.77,2025-08-07,1951,N,VIIRS,n,2,312.3,15.43,D,0
36.20031,-119.88755,357.47,0.76,0.77,2025-08-07,1951,N,VIIRS,l,2,313.39,11,D,0
36.20295,-119.87931,357.51,0.76,0.77,2025-08-07,1951,N,VIIRS,l,2,311.3,17.06,D,0
36.20331,-119.88976,357.01,0.76,0.77,2025-08-07,1951,N,VIIRS,l,2,311.87,16.1,D,0
36.20599,-119.88154,357.16,0.76,0.77,2025-08-07,1951,N,VIIRS,l,2,311.99,16.1,D,0
36.20708,-119.89082,337.57,0.76,0.77,2025-08-07,1951,N,VIIRS,l,2,309.56,11,D,0
36.20972,-119.88257,356.75,0.76,0.77,2025-08-07,1951,N,VIIRS,l,2,311.93,17.06,D,0
41.2157,-116.91145,342.52,0.4,0.6,2025-08-07,1952,N,VIIRS,n,2,300.83,2.47,D,0
41.21693,-116.90707,331.57,0.4,0.6,2025-08-07,1952,N,VIIRS,n,2,298.66,2.47,D,0
41.22247,-116.90856,337.86,0.4,0.6,2025-08-07,1952,N,VIIRS,n,2,304.83,7.57,D,0
41.22317,-116.8849,331.07,0.4,0.6,2025-08-07,1952,N,VIIRS,n,2,298.89,1.42,D,0
41.23135,-116.91933,344.27,0.4,0.6,2025-08-07,1952,N,VIIRS,n,2,300.78,4.13,D,0
41.23233,-116.89466,338.19,0.4,0.6,2025-08-07,1952,N,VIIRS,n,2,303.6,4.94,D,0
41.23743,-116.89766,367,0.4,0.6,2025-08-07,1952,N,VIIRS,h,2,294.5,11.25,D,0
33.28896,-115.51066,346.42,0.38,0.59,2025-08-07,2130,N,VIIRS,l,2,320.08,11.48,D,0
33.4113,-117.47992,345.31,0.59,0.53,2025-08-07,2130,N,VIIRS,n,2,317.73,10.44,D,0
33.42133,-117.41466,352.88,0.59,0.53,2025-08-07,2130,N,VIIRS,n,2,316.16,14.73,D,0
33.42572,-117.42185,339.29,0.59,0.53,2025-08-07,2130,N,VIIRS,l,2,313.41,5.21,D,0
34.44251,-118.72901,354.25,0.51,0.5,2025-08-07,2130,N,VIIRS,l,2,330.23,26.18,D,0
34.44299,-118.72358,367,0.51,0.5,2025-08-07,2130,N,VIIRS,h,2,347.12,85.12,D,0
34.44349,-118.71806,352.36,0.51,0.5,2025-08-07,2130,N,VIIRS,l,2,330.42,85.12,D,0
34.44588,-118.73131,367,0.51,0.5,2025-08-07,2130,N,VIIRS,h,2,330.02,51.95,D,0
34.44657,-118.73566,345.66,0.51,0.5,2025-08-07,2130,N,VIIRS,n,2,320.42,26.18,D,0
34.4468,-118.72018,367,0.51,0.5,2025-08-07,2130,N,VIIRS,h,2,334.41,56.43,D,0
34.44707,-118.73003,367,0.51,0.5,2025-08-07,2130,N,VIIRS,h,2,332.82,26.18,D,0
34.44727,-118.71459,339.91,0.51,0.5,2025-08-07,2130,N,VIIRS,n,2,310.47,56.43,D,0
34.44756,-118.72451,350.26,0.51,0.5,2025-08-07,2130,N,VIIRS,n,2,323.12,85.12,D,0
34.44806,-118.71897,351.18,0.51,0.5,2025-08-07,2130,N,VIIRS,n,2,323.2,85.12,D,0
34.44855,-118.71344,345.84,0.51,0.5,2025-08-07,2130,N,VIIRS,n,2,311.42,14.3,D,0
34.44999,-118.73787,344.14,0.51,0.5,2025-08-07,2130,N,VIIRS,n,2,316.81,19.53,D,0
34.45043,-118.73251,353.76,0.51,0.5,2025-08-07,2130,N,VIIRS,l,2,328.93,51.95,D,0
34.45089,-118.72702,367,0.51,0.5,2025-08-07,2130,N,VIIRS,h,2,330.65,51.95,D,0
34.45113,-118.73661,346.79,0.51,0.5,2025-08-07,2130,N,VIIRS,n,2,315.64,36.26,D,0
34.45135,-118.72149,356.55,0.51,0.5,2025-08-07,2130,N,VIIRS,n,2,328.81,56.43,D,0
34.4516,-118.73129,356.23,0.51,0.5,2025-08-07,2130,N,VIIRS,n,2,326.93,36.26,D,0
34.4518,-118.71598,352.55,0.51,0.5,2025-08-07,2130,N,VIIRS,n,2,320.76,56.43,D,0
34.45209,-118.72579,367,0.51,0.5,2025-08-07,2130,N,VIIRS,l,2,331.16,57.81,D,0
34.45259,-118.72027,355.89,0.51,0.5,2025-08-07,2130,N,VIIRS,n,2,327.24,57.81,D,0
34.45307,-118.71481,351.2,0.51,0.5,2025-08-07,2130,N,VIIRS,n,2,318.69,27.37,D,0
34.455,-118.73343,342.57,0.51,0.5,2025-08-07,2130,N,VIIRS,n,2,316.42,44.35,D,0
34.45546,-118.72792,353.67,0.51,0.5,2025-08-07,2130,N,VIIRS,n,2,323.66,44.35,D,0
34.45593,-118.72227,367,0.51,0.5,2025-08-07,2130,N,VIIRS,h,2,310.51,51.71,D,0
34.45669,-118.72638,367,0.51,0.5,2025-08-07,2130,N,VIIRS,h,2,314.4,57.81,D,0
34.97512,-120.08571,345.46,0.44,0.46,2025-08-07,2131,N,VIIRS,n,2,310,3.85,D,0
35.153,-120.26686,367,0.43,0.46,2025-08-07,2131,N,VIIRS,h,2,308.88,14.58,D,0
35.15347,-120.26213,356.3,0.43,0.46,2025-08-07,2131,N,VIIRS,n,2,311.14,14.58,D,0
35.15393,-120.25739,367,0.43,0.46,2025-08-07,2131,N,VIIRS,h,2,309.21,16.98,D,0
35.1544,-120.25264,355.63,0.43,0.46,2025-08-07,2131,N,VIIRS,n,2,309.54,16.98,D,0
35.15487,-120.24796,352.02,0.43,0.46,2025-08-07,2131,N,VIIRS,n,2,309.87,27.85,D,0
35.15533,-120.24327,354.05,0.43,0.46,2025-08-07,2131,N,VIIRS,n,2,316.15,27.85,D,0
35.1558,-120.23853,354.03,0.43,0.46,2025-08-07,2131,N,VIIRS,n,2,314.4,43.91,D,0
35.15632,-120.27671,341.79,0.43,0.46,2025-08-07,2131,N,VIIRS,n,2,308.35,24.07,D,0
35.15678,-120.27208,344.7,0.43,0.46,2025-08-07,2131,N,VIIRS,n,2,310.68,24.07,D,0
35.15725,-120.26733,345.48,0.43,0.46,2025-08-07,2131,N,VIIRS,n,2,308.87,9.13,D,0
35.1582,-120.25774,346.59,0.43,0.46,2025-08-07,2131,N,VIIRS,n,2,310.76,11.13,D,0
35.15867,-120.25302,353.12,0.43,0.46,2025-08-07,2131,N,VIIRS,n,2,312.76,11.13,D,0
35.15913,-120.28034,367,0.43,0.46,2025-08-07,2131,N,VIIRS,l,2,325.12,63.56,D,0
35.15914,-120.24831,367,0.43,0.46,2025-08-07,2131,N,VIIRS,h,2,313.35,22.98,D,0
35.15956,-120.27573,353.14,0.43,0.46,2025-08-07,2131,N,VIIRS,n,2,313.12,56.55,D,0
35.1596,-120.24357,354.15,0.43,0.46,2025-08-07,2131,N,VIIRS,n,2,319.76,22.98,D,0
35.16008,-120.2388,367,0.43,0.46,2025-08-07,2131,N,VIIRS,h,2,313.64,22.22,D,0
35.16012,-120.28176,367,0.43,0.46,2025-08-07,2131,N,VIIRS,l,2,326.64,66.2,D,0
35.16054,-120.23409,367,0.43,0.46,2025-08-07,2131,N,VIIRS,h,2,306.95,22.22,D,0
35.16057,-120.27716,367,0.43,0.46,2025-08-07,2131,N,VIIRS,h,2,319.75,24.07,D,0
35.16143,-120.22511,367,0.43,0.46,2025-08-07,2131,N,VIIRS,h,2,333.67,48.03,D,0
35.16152,-120.26765,343.84,0.43,0.46,2025-08-07,2131,N,VIIRS,n,2,310.6,9.13,D,0
35.16185,-120.22078,352.24,0.43,0.46,2025-08-07,2131,N,VIIRS,n,2,312.3,37.05,D,0
35.16222,-120.24718,367,0.43,0.46,2025-08-07,2131,N,VIIRS,h,2,318.38,16.06,D,0
35.16266,-120.24242,367,0.43,0.46,2025-08-07,2131,N,VIIRS,h,2,309.94,16.06,D,0
35.16338,-120.28074,367,0.43,0.46,2025-08-07,2131,N,VIIRS,l,2,333.89,63.56,D,0
35.16341,-120.24868,349.75,0.43,0.46,2025-08-07,2131,N,VIIRS,n,2,312.43,22.98,D,0
35.16352,-120.23308,367,0.43,0.46,2025-08-07,2131,N,VIIRS,h,2,309.31,24.36,D,0
35.16387,-120.24397,348.74,0.43,0.46,2025-08-07,2131,N,VIIRS,n,2,310.92,22.98,D,0
35.16435,-120.22428,351.95,0.43,0.46,2025-08-07,2131,N,VIIRS,l,2,327.03,39.81,D,0
35.16438,-120.28209,348.53,0.43,0.46,2025-08-07,2131,N,VIIRS,n,2,317.47,49.63,D,0
35.16475,-120.21989,355.88,0.43,0.46,2025-08-07,2131,N,VIIRS,l,2,310.61,39.91,D,0
35.16479,-120.23467,367,0.43,0.46,2025-08-07,2131,N,VIIRS,h,2,310.76,22.22,D,0
35.16484,-120.27747,350.57,0.43,0.46,2025-08-07,2131,N,VIIRS,n,2,316.6,17.09,D,0
35.16524,-120.23011,367,0.43,0.46,2025-08-07,2131,N,VIIRS,h,2,314.15,48.03,D,0
35.16531,-120.27279,345.73,0.43,0.46,2025-08-07,2131,N,VIIRS,n,2,309.27,17.09,D,0
35.16567,-120.22577,367,0.43,0.46,2025-08-07,2131,N,VIIRS,h,2,316.29,48.03,D,0
35.16609,-120.22145,367,0.43,0.46,2025-08-07,2131,N,VIIRS,h,2,314.59,37.05,D,0
35.16809,-120.27633,367,0.43,0.46,2025-08-07,2131,N,VIIRS,h,2,315.14,27.17,D,0
35.16818,-120.22935,355.75,0.43,0.46,2025-08-07,2131,N,VIIRS,l,2,311.39,39.81,D,0
35.16859,-120.22492,367,0.43,0.46,2025-08-07,2131,N,VIIRS,h,2,310.03,39.81,D,0
35.16912,-120.27769,367,0.43,0.46,2025-08-07,2131,N,VIIRS,h,2,319.05,17.09,D,0
35.16959,-120.27299,354.22,0.43,0.46,2025-08-07,2131,N,VIIRS,n,2,313.78,17.09,D,0
35.17235,-120.27668,367,0.43,0.46,2025-08-07,2131,N,VIIRS,l,2,338.85,27.17,D,0
35.1728,-120.27197,354.67,0.43,0.46,2025-08-07,2131,N,VIIRS,n,2,320.52,27.17,D,0
35.1766,-120.27724,356.02,0.43,0.46,2025-08-07,2131,N,VIIRS,n,2,313.03,101.88,D,0
35.17704,-120.2725,350.81,0.43,0.46,2025-08-07,2131,N,VIIRS,l,2,330.6,101.88,D,0
35.17748,-120.26787,367,0.43,0.46,2025-08-07,2131,N,VIIRS,h,2,320.36,61.42,D,0
35.17791,-120.26332,353.8,0.43,0.46,2025-08-07,2131,N,VIIRS,n,2,315.72,61.42,D,0
35.18127,-120.27322,367,0.43,0.46,2025-08-07,2131,N,VIIRS,l,2,360.24,101.88,D,0
35.18171,-120.26859,367,0.43,0.46,2025-08-07,2131,N,VIIRS,h,2,360.98,61.42,D,0
35.18214,-120.26406,354.33,0.43,0.46,2025-08-07,2131,N,VIIRS,n,2,317.26,61.42,D,0
35.18548,-120.27414,314.57,0.43,0.46,2025-08-07,2131,N,VIIRS,l,2,317.92,110.17,D,0
35.18593,-120.26945,367,0.43,0.46,2025-08-07,2131,N,VIIRS,h,2,380.4,139.9,D,0
35.18636,-120.26488,367,0.43,0.46,2025-08-07,2131,N,VIIRS,h,2,327.26,139.9,D,0
35.18677,-120.26055,367,0.43,0.46,2025-08-07,2131,N,VIIRS,h,2,317.13,37.02,D,0
35.18756,-120.25221,353.77,0.43,0.46,2025-08-07,2131,N,VIIRS,n,2,315.92,29.6,D,0
35.18796,-120.24803,352.05,0.43,0.46,2025-08-07,2131,N,VIIRS,n,2,309.11,29.6,D,0
35.18837,-120.2436,356.44,0.43,0.46,2025-08-07,2131,N,VIIRS,n,2,302.41,100.6,D,0
35.18883,-120.23878,367,0.43,0.46,2025-08-07,2131,N,VIIRS,h,2,303.15,100.6,D,0
35.18929,-120.23391,367,0.43,0.46,2025-08-07,2131,N,VIIRS,h,2,298.85,38.27,D,0
35.18976,-120.22891,367,0.43,0.46,2025-08-07,2131,N,VIIRS,h,2,293.67,38.27,D,0
35.19011,-120.27074,367,0.43,0.46,2025-08-07,2131,N,VIIRS,h,2,363.39,139.9,D,0
35.19025,-120.22369,367,0.43,0.46,2025-08-07,2131,N,VIIRS,h,2,291.43,19.45,D,0
35.19054,-120.2662,354.21,0.43,0.46,2025-08-07,2131,N,VIIRS,l,2,352.55,139.9,D,0
35.19074,-120.21843,353.04,0.43,0.46,2025-08-07,2131,N,VIIRS,n,2,290.83,19.45,D,0
35.19096,-120.26179,355.89,0.43,0.46,2025-08-07,2131,N,VIIRS,l,2,339.05,37.02,D,0
35.19136,-120.25746,355.79,0.43,0.46,2025-08-07,2131,N,VIIRS,l,2,343.56,37.02,D,0
35.19178,-120.25313,356.09,0.43,0.46,2025-08-07,2131,N,VIIRS,l,2,334.74,29.6,D,0
35.19219,-120.24875,352.06,0.43,0.46,2025-08-07,2131,N,VIIRS,l,2,325.21,29.6,D,0
35.19354,-120.23444,353.89,0.43,0.46,2025-08-07,2131,N,VIIRS,n,2,304.73,38.27,D,0
35.19401,-120.22948,367,0.43,0.46,2025-08-07,2131,N,VIIRS,h,2,294.84,38.27,D,0
35.19427,-120.27217,367,0.43,0.46,2025-08-07,2131,N,VIIRS,h,2,354.05,538.46,D,0
35.19449,-120.22439,367,0.43,0.46,2025-08-07,2131,N,VIIRS,h,2,294.24,19.45,D,0
35.19469,-120.26773,367,0.43,0.46,2025-08-07,2131,N,VIIRS,l,2,384.07,538.46,D,0
35.19497,-120.21935,367,0.43,0.46,2025-08-07,2131,N,VIIRS,h,2,293.12,19.45,D,0
35.19511,-120.26327,367,0.43,0.46,2025-08-07,2131,N,VIIRS,h,2,368.88,299.93,D,0
35.19543,-120.21445,367,0.43,0.46,2025-08-07,2131,N,VIIRS,h,2,293.68,17.91,D,0
35.19555,-120.25867,367,0.43,0.46,2025-08-07,2131,N,VIIRS,h,2,351.78,299.93,D,0
35.19589,-120.20956,356.67,0.43,0.46,2025-08-07,2131,N,VIIRS,n,2,293.63,17.91,D,0
35.196,-120.25402,351.76,0.43,0.46,2025-08-07,2131,N,VIIRS,n,2,322.55,105.37,D,0
35.19636,-120.20464,355.49,0.43,0.46,2025-08-07,2131,N,VIIRS,n,2,293.48,12.36,D,0
35.19684,-120.19954,351.15,0.43,0.46,2025-08-07,2131,N,VIIRS,n,2,292.72,12.36,D,0
35.19688,-120.24469,367,0.43,0.46,2025-08-07,2131,N,VIIRS,l,2,331.66,101.04,D,0
35.19733,-120.19434,344.55,0.44,0.46,2025-08-07,2131,N,VIIRS,n,2,292,7.21,D,0
35.19734,-120.23984,304.76,0.43,0.46,2025-08-07,2131,N,VIIRS,l,2,316.29,101.04,D,0
35.19783,-120.18903,338.93,0.44,0.46,2025-08-07,2131,N,VIIRS,n,2,291.69,7.21,D,0
35.19826,-120.23011,208,0.43,0.46,2025-08-07,2131,N,VIIRS,l,2,316.65,200.49,D,0
35.19885,-120.26917,367,0.43,0.46,2025-08-07,2131,N,VIIRS,l,2,379.28,538.46,D,0
35.19921,-120.22012,355.05,0.43,0.46,2025-08-07,2131,N,VIIRS,n,2,299.27,389.69,D,0
35.1993,-120.26448,367,0.43,0.46,2025-08-07,2131,N,VIIRS,l,2,378.28,299.93,D,0
35.19967,-120.21526,355.89,0.43,0.46,2025-08-07,2131,N,VIIRS,n,2,302.14,50.51,D,0
35.19976,-120.25962,367,0.43,0.46,2025-08-07,2131,N,VIIRS,l,2,355.43,299.93,D,0
35.20014,-120.21029,355.02,0.43,0.46,2025-08-07,2131,N,VIIRS,n,2,296.02,50.51,D,0
35.20024,-120.25463,367,0.43,0.46,2025-08-07,2131,N,VIIRS,h,2,333.69,105.37,D,0
35.20061,-120.20519,353.56,0.43,0.46,2025-08-07,2131,N,VIIRS,n,2,302.88,87.23,D,0
35.2007,-120.24979,367,0.43,0.46,2025-08-07,2131,N,VIIRS,h,2,304.96,105.37,D,0
35.20111,-120.20002,350.82,0.43,0.46,2025-08-07,2131,N,VIIRS,n,2,301.55,87.23,D,0
35.20115,-120.24504,355.68,0.43,0.46,2025-08-07,2131,N,VIIRS,n,2,301.84,101.04,D,0
35.2016,-120.24029,367,0.43,0.46,2025-08-07,2131,N,VIIRS,h,2,297.1,101.04,D,0
35.2016,-120.1948,367,0.44,0.46,2025-08-07,2131,N,VIIRS,h,2,292.27,19.97,D,0
35.20205,-120.23557,367,0.43,0.46,2025-08-07,2131,N,VIIRS,h,2,295.94,200.49,D,0
35.20209,-120.18958,350.07,0.44,0.46,2025-08-07,2131,N,VIIRS,n,2,290.61,19.97,D,0
35.20255,-120.18471,337.5,0.44,0.46,2025-08-07,2131,N,VIIRS,n,2,291.89,6.15,D,0
35.20392,-120.2159,351.04,0.43,0.46,2025-08-07,2131,N,VIIRS,n,2,302.49,50.51,D,0
35.20398,-120.26047,353.22,0.43,0.46,2025-08-07,2131,N,VIIRS,n,2,304.51,19.59,D,0
35.2044,-120.21085,367,0.43,0.46,2025-08-07,2131,N,VIIRS,h,2,294.03,50.51,D,0
35.20488,-120.20566,308.87,0.43,0.46,2025-08-07,2131,N,VIIRS,l,2,312.31,87.23,D,0
35.20538,-120.20044,344.26,0.43,0.46,2025-08-07,2131,N,VIIRS,n,2,302.72,87.23,D,0
35.20587,-120.19525,367,0.44,0.46,2025-08-07,2131,N,VIIRS,h,2,290.93,19.97,D,0
35.20636,-120.19016,352.49,0.44,0.46,2025-08-07,2131,N,VIIRS,n,2,289.04,19.97,D,0
35.20677,-120.23123,354.53,0.43,0.46,2025-08-07,2131,N,VIIRS,n,2,295.28,19.78,D,0
35.20681,-120.18533,339.74,0.44,0.46,2025-08-07,2131,N,VIIRS,n,2,290.93,6.15,D,0
35.20724,-120.22627,367,0.43,0.46,2025-08-07,2131,N,VIIRS,h,2,294.66,16.07,D,0
35.20773,-120.22118,367,0.43,0.46,2025-08-07,2131,N,VIIRS,h,2,295.13,16.07,D,0
35.20821,-120.21613,367,0.43,0.46,2025-08-07,2131,N,VIIRS,h,2,294.34,15.82,D,0
35.20869,-120.21104,367,0.43,0.46,2025-08-07,2131,N,VIIRS,h,2,293.5,15.82,D,0
35.20917,-120.20597,367,0.43,0.46,2025-08-07,2131,N,VIIRS,h,2,294.02,10.16,D,0
35.20966,-120.20087,367,0.43,0.46,2025-08-07,2131,N,VIIRS,h,2,292.43,10.16,D,0
35.21014,-120.19573,352.56,0.44,0.46,2025-08-07,2131,N,VIIRS,n,2,288.79,5.73,D,0
35.21062,-120.19077,341.81,0.44,0.46,2025-08-07,2131,N,VIIRS,n,2,286.9,5.73,D,0
35.21107,-120.186,332.59,0.44,0.46,2025-08-07,2131,N,VIIRS,n,2,288.07,8.13,D,0
35.21346,-120.20633,338.52,0.43,0.46,2025-08-07,2131,N,VIIRS,n,2,292.72,10.16,D,0
35.21393,-120.20135,339.3,0.43,0.46,2025-08-07,2131,N,VIIRS,n,2,291.09,10.16,D,0
35.2144,-120.19634,336.36,0.44,0.46,2025-08-07,2131,N,VIIRS,n,2,289.91,5.73,D,0
35.21487,-120.19145,331.8,0.44,0.46,2025-08-07,2131,N,VIIRS,n,2,288.13,5.73,D,0
37.08562,-121.64017,349.21,0.39,0.44,2025-08-07,2131,N,VIIRS,n,2,312.86,13.12,D,0
37.40409,-120.7238,344.03,0.43,0.46,2025-08-07,2131,N,VIIRS,n,2,310.87,7.64,D,0
37.8749,-120.96571,340.98,0.43,0.46,2025-08-07,2131,N,VIIRS,n,2,301,2.65,D,0
38.05407,-121.05788,344.32,0.42,0.45,2025-08-07,2131,N,VIIRS,n,2,312.24,8.53,D,0
38.98285,-122.0757,336.22,0.39,0.44,2025-08-07,2132,N,VIIRS,n,2,289.9,4.35,D,0
38.9833,-122.07122,348.86,0.39,0.44,2025-08-07,2132,N,VIIRS,n,2,290.2,10.35,D,0
39.07503,-121.64523,331.25,0.41,0.45,2025-08-07,2132,N,VIIRS,l,2,302,1.4,D,0
41.21769,-116.87851,331.62,0.38,0.59,2025-08-07,2132,N,VIIRS,n,2,299.69,1,D,0
41.21855,-116.87835,339.69,0.38,0.59,2025-08-07,2132,N,VIIRS,n,2,300.63,2.82,D,0
41.22169,-116.90694,341.61,0.38,0.59,2025-08-07,2132,N,VIIRS,n,2,299.54,5.41,D,0
41.22255,-116.91084,344.58,0.38,0.59,2025-08-07,2132,N,VIIRS,n,2,299.08,4.06,D,0
41.22271,-116.88724,334.92,0.38,0.59,2025-08-07,2132,N,VIIRS,n,2,299.96,2.42,D,0
41.22298,-116.88198,341.06,0.38,0.59,2025-08-07,2132,N,VIIRS,n,2,300.96,2.42,D,0
41.22367,-116.88634,338.61,0.38,0.59,2025-08-07,2132,N,VIIRS,n,2,301.16,2.82,D,0
41.23308,-116.91943,339.87,0.38,0.58,2025-08-07,2132,N,VIIRS,n,2,293.61,3.28,D,0
41.2337,-116.90614,334.78,0.38,0.59,2025-08-07,2132,N,VIIRS,n,2,295.78,7.8,D,0
41.23394,-116.90096,367,0.38,0.59,2025-08-07,2132,N,VIIRS,h,2,303.52,7.8,D,0
41.23417,-116.896,341.94,0.38,0.59,2025-08-07,2132,N,VIIRS,n,2,301.12,12.37,D,0
41.23775,-116.93636,367,0.38,0.58,2025-08-07,2132,N,VIIRS,h,2,297.98,6.11,D,0
41.23796,-116.93196,339.92,0.38,0.58,2025-08-07,2132,N,VIIRS,n,2,290.88,11.18,D,0
41.23917,-116.90609,348.68,0.38,0.59,2025-08-07,2132,N,VIIRS,n,2,291.47,17.71,D,0
41.23943,-116.90064,367,0.38,0.59,2025-08-07,2132,N,VIIRS,h,2,305.68,17.71,D,0
41.23966,-116.89556,354.43,0.38,0.59,2025-08-07,2132,N,VIIRS,n,2,298.67,11.12,D,0
41.23988,-116.89095,336.45,0.38,0.59,2025-08-07,2132,N,VIIRS,n,2,297.47,11.12,D,0
41.24332,-116.93417,336.63,0.38,0.58,2025-08-07,2132,N,VIIRS,n,2,291.37,6.11,D,0
41.2799,-116.96781,330.21,0.37,0.58,2025-08-07,2132,N,VIIRS,n,2,284.91,2.35,D,0
41.28667,-123.00131,336.58,0.56,0.43,2025-08-07,2132,N,VIIRS,n,2,286.2,5.27,D,0
41.29167,-116.95054,340.51,0.38,0.58,2025-08-07,2132,N,VIIRS,n,2,284.4,4.45,D,0
41.29186,-116.94663,356.14,0.38,0.58,2025-08-07,2132,N,VIIRS,n,2,287.65,8.99,D,0
41.97057,-121.14201,352.34,0.46,0.47,2025-08-07,2133,N,VIIRS,n,2,308.09,7.07,D,0
41.97449,-121.14815,334.58,0.46,0.47,2025-08-07,2133,N,VIIRS,n,2,307.41,2.46,D,0
41.97498,-121.14233,348.6,0.46,0.47,2025-08-07,2133,N,VIIRS,n,2,306.07,7.07,D,0