latitude,longitude,bright_ti4,scan,track,acq_date,acq_time,satellite,instrument,confidence,version,bright_ti5,frp,daynight,type
39.61784,-119.26237,301.13,0.38,0.36,2021-07-28,949,N,VIIRS,n,2,288.13,1.17,N,2
39.62113,-119.26152,299.66,0.38,0.36,2021-07-28,949,N,VIIRS,n,2,288.37,0.53,N,2
39.71012,-121.93349,303.06,0.43,0.38,2021-07-28,949,N,VIIRS,n,2,290.65,0.5,N,0
39.92528,-121.16383,298.5,0.41,0.37,2021-07-28,949,N,VIIRS,n,2,284.34,0.63,N,0
39.92594,-121.1687,295.71,0.41,0.37,2021-07-28,949,N,VIIRS,n,2,284.01,0.98,N,0
39.92867,-121.16295,296.76,0.41,0.37,2021-07-28,949,N,VIIRS,n,2,284.27,0.94,N,0
39.92933,-121.16787,299.99,0.41,0.37,2021-07-28,949,N,VIIRS,n,2,285.46,1.03,N,0
39.92999,-121.17274,300.16,0.41,0.37,2021-07-28,949,N,VIIRS,n,2,284.95,1.03,N,0
39.93272,-121.16699,310.5,0.41,0.37,2021-07-28,949,N,VIIRS,n,2,286.62,1.03,N,0
39.93338,-121.17188,315.28,0.41,0.37,2021-07-28,949,N,VIIRS,n,2,287.36,1.03,N,0
39.93533,-121.18629,317.9,0.41,0.37,2021-07-28,949,N,VIIRS,n,2,285.24,2.45,N,0
39.93544,-121.16115,319.95,0.41,0.37,2021-07-28,949,N,VIIRS,n,2,286.23,1.62,N,0
39.93611,-121.16609,319.56,0.41,0.37,2021-07-28,949,N,VIIRS,n,2,288.15,1.74,N,0
39.93677,-121.171,308.26,0.41,0.37,2021-07-28,949,N,VIIRS,n,2,286.72,1.74,N,0
39.93742,-121.1758,305.88,0.41,0.37,2021-07-28,949,N,VIIRS,n,2,285.54,0.83,N,0
39.93806,-121.1806,299.52,0.41,0.37,2021-07-28,949,N,VIIRS,n,2,284.76,0.83,N,0
39.93816,-121.1553,311.13,0.41,0.37,2021-07-28,949,N,VIIRS,n,2,283.56,1.62,N,0
39.93872,-121.18545,326.78,0.41,0.37,2021-07-28,949,N,VIIRS,n,2,287.48,1.82,N,0
39.93883,-121.16028,319.36,0.41,0.37,2021-07-28,949,N,VIIRS,n,2,287.7,1.62,N,0
39.93937,-121.19026,315.92,0.41,0.37,2021-07-28,949,N,VIIRS,n,2,284.57,1.82,N,0
39.9395,-121.16521,326.51,0.41,0.37,2021-07-28,949,N,VIIRS,n,2,290.57,1.74,N,0
39.94016,-121.17012,295.79,0.41,0.37,2021-07-28,949,N,VIIRS,n,2,284.32,1.74,N,0
39.94081,-121.17495,305.14,0.41,0.37,2021-07-28,949,N,VIIRS,n,2,282.6,0.83,N,0
39.94146,-121.17976,311.31,0.41,0.37,2021-07-28,949,N,VIIRS,n,2,283.74,0.83,N,0
39.94156,-121.15455,317.01,0.41,0.37,2021-07-28,949,N,VIIRS,n,2,286.03,2.35,N,0
39.94211,-121.18458,305.52,0.41,0.37,2021-07-28,949,N,VIIRS,n,2,284.09,1.82,N,0
39.94222,-121.15942,343.13,0.41,0.37,2021-07-28,949,N,VIIRS,n,2,289.59,2.35,N,0
39.94289,-121.16433,330.32,0.41,0.37,2021-07-28,949,N,VIIRS,n,2,287.4,3.79,N,0
39.94485,-121.17889,314.43,0.41,0.37,2021-07-28,949,N,VIIRS,n,2,286.88,0.99,N,0
39.94562,-121.15859,303.08,0.41,0.37,2021-07-28,949,N,VIIRS,n,2,284.04,2.35,N,0
39.94759,-121.17321,306.88,0.41,0.37,2021-07-28,949,N,VIIRS,n,2,284.32,0.99,N,0
39.94824,-121.17803,302.48,0.41,0.37,2021-07-28,949,N,VIIRS,n,2,286.38,0.99,N,0
39.94927,-121.13391,302.18,0.41,0.37,2021-07-28,949,N,VIIRS,n,2,283.94,0.64,N,0
39.95032,-121.16746,305.44,0.41,0.37,2021-07-28,949,N,VIIRS,n,2,283.83,0.56,N,0
39.95098,-121.17231,311.23,0.41,0.37,2021-07-28,949,N,VIIRS,n,2,286.13,1.67,N,0
39.95141,-121.12387,300.3,0.41,0.37,2021-07-28,949,N,VIIRS,n,2,283.84,0.86,N,0
39.95163,-121.17713,307.6,0.41,0.37,2021-07-28,949,N,VIIRS,n,2,284.99,1.67,N,0
39.95204,-121.12852,303.7,0.41,0.37,2021-07-28,949,N,VIIRS,n,2,284.11,0.86,N,0
39.95229,-121.18197,295.03,0.41,0.37,2021-07-28,949,N,VIIRS,n,2,282.67,0.9,N,0
39.95267,-121.13317,297.65,0.41,0.37,2021-07-28,949,N,VIIRS,n,2,284.52,0.57,N,0
39.95332,-121.13786,295.78,0.41,0.37,2021-07-28,949,N,VIIRS,n,2,284.05,0.57,N,3
39.95354,-121.1138,325.08,0.41,0.37,2021-07-28,949,N,VIIRS,n,2,287.43,1.41,N,0
39.95417,-121.11846,302.97,0.41,0.37,2021-07-28,949,N,VIIRS,n,2,286.21,1.41,N,0
39.95436,-121.17142,323.8,0.41,0.37,2021-07-28,949,N,VIIRS,n,2,286.65,1.67,N,0
39.95481,-121.12311,312.82,0.41,0.37,2021-07-28,949,N,VIIRS,n,2,287.32,0.86,N,0
39.95502,-121.17625,318.75,0.41,0.37,2021-07-28,949,N,VIIRS,n,2,287.2,1.67,N,0
39.95544,-121.12774,303.43,0.41,0.37,2021-07-28,949,N,VIIRS,n,2,284.22,0.86,N,0
39.95567,-121.18109,302.27,0.41,0.37,2021-07-28,949,N,VIIRS,n,2,283.45,0.9,N,0
39.95693,-121.11297,323.21,0.41,0.37,2021-07-28,949,N,VIIRS,n,2,287.97,1.21,N,0
39.95776,-121.17056,311.97,0.41,0.37,2021-07-28,949,N,VIIRS,n,2,286.46,1.1,N,0
39.95863,-121.15116,298.49,0.41,0.37,2021-07-28,949,N,VIIRS,n,2,284.46,0.48,N,0
39.95906,-121.18023,322.39,0.41,0.37,2021-07-28,949,N,VIIRS,n,2,287.67,1.63,N,0
39.96032,-121.11212,311.3,0.41,0.37,2021-07-28,949,N,VIIRS,n,2,288.11,1.21,N,0
39.96095,-121.11675,299.51,0.41,0.37,2021-07-28,949,N,VIIRS,n,2,286.79,1.21,N,0
39.96116,-121.16978,299.52,0.41,0.37,2021-07-28,949,N,VIIRS,n,2,285.41,1.1,N,0
39.96183,-121.09755,296.13,0.41,0.37,2021-07-28,949,N,VIIRS,n,2,284.7,0.96,N,0
39.96247,-121.17941,316.7,0.41,0.37,2021-07-28,949,N,VIIRS,n,2,286.62,1.63,N,0
39.96309,-121.10671,297.48,0.41,0.37,2021-07-28,949,N,VIIRS,n,2,285.42,0.7,N,0
39.96312,-121.18427,301.19,0.41,0.37,2021-07-28,949,N,VIIRS,n,2,284.61,1.63,N,0
39.96434,-121.11596,305.26,0.41,0.37,2021-07-28,949,N,VIIRS,n,2,287.16,1.44,N,0
39.97348,-121.08024,296.1,0.41,0.37,2021-07-28,949,N,VIIRS,n,2,284.6,1.06,N,0
39.98907,-120.86282,304.63,0.4,0.37,2021-07-28,949,N,VIIRS,n,2,285.97,1.05,N,0
39.98972,-120.86753,305.21,0.4,0.37,2021-07-28,949,N,VIIRS,n,2,286.15,1.05,N,0
39.99244,-120.86193,306.15,0.4,0.37,2021-07-28,949,N,VIIRS,n,2,286.62,1.05,N,0
39.99255,-121.06614,311.84,0.41,0.37,2021-07-28,949,N,VIIRS,n,2,287.37,2.05,N,0
39.99308,-120.86665,310.39,0.4,0.37,2021-07-28,949,N,VIIRS,n,2,287.98,1.05,N,0
39.99374,-120.87141,300.37,0.4,0.37,2021-07-28,949,N,VIIRS,n,2,285.32,1.04,N,0
39.99394,-121.0508,325.24,0.41,0.37,2021-07-28,949,N,VIIRS,n,2,286.37,2,N,0
39.9958,-120.86103,300.68,0.4,0.37,2021-07-28,949,N,VIIRS,n,2,286.03,2.47,N,0
39.99599,-121.06561,321.64,0.41,0.37,2021-07-28,949,N,VIIRS,n,2,287.91,2.05,N,0
39.99645,-120.86576,339.61,0.4,0.37,2021-07-28,949,N,VIIRS,n,2,290.31,2.47,N,0
39.9971,-120.87052,319.49,0.4,0.37,2021-07-28,949,N,VIIRS,n,2,287.17,1.7,N,0
39.99734,-121.05008,299.92,0.41,0.37,2021-07-28,949,N,VIIRS,n,2,286.94,0.99,N,0
39.99802,-121.05497,298.29,0.41,0.37,2021-07-28,949,N,VIIRS,n,2,286.29,0.86,N,0
39.99872,-121.06004,307.46,0.41,0.37,2021-07-28,949,N,VIIRS,n,2,286.4,0.86,N,0
39.99916,-120.86015,296.39,0.4,0.37,2021-07-28,949,N,VIIRS,n,2,285.37,2.47,N,0
39.99981,-120.86488,336.19,0.4,0.37,2021-07-28,949,N,VIIRS,n,2,291.15,2.47,N,0
40.00008,-121.06987,302.83,0.41,0.37,2021-07-28,949,N,VIIRS,n,2,287.38,0.83,N,0
40.00047,-120.86965,302.58,0.4,0.37,2021-07-28,949,N,VIIRS,n,2,285.68,1.7,N,0
40.00147,-121.05643,299.62,0.41,0.37,2021-07-28,949,N,VIIRS,n,2,286.91,0.87,N,0
40.00212,-121.05933,306.63,0.41,0.37,2021-07-28,949,N,VIIRS,n,2,287.88,0.86,N,0
40.00215,-121.06145,308.98,0.41,0.37,2021-07-28,949,N,VIIRS,n,2,287.82,0.87,N,0
40.00253,-120.85927,296.29,0.4,0.37,2021-07-28,949,N,VIIRS,n,2,284.87,1.04,N,0
40.00282,-121.06647,299.24,0.41,0.37,2021-07-28,949,N,VIIRS,n,2,286.72,0.66,N,0
40.00282,-121.06434,304.82,0.41,0.37,2021-07-28,949,N,VIIRS,n,2,287.2,0.83,N,0
40.00318,-120.86401,316.03,0.4,0.37,2021-07-28,949,N,VIIRS,n,2,287.32,1.04,N,0
40.00348,-121.0714,303.17,0.41,0.37,2021-07-28,949,N,VIIRS,n,2,287.3,0.66,N,0
40.00351,-121.0693,303.56,0.41,0.37,2021-07-28,949,N,VIIRS,n,2,287.27,0.83,N,0
40.0059,-120.85845,300.68,0.4,0.37,2021-07-28,949,N,VIIRS,n,2,285.38,1.04,N,0
40.00622,-121.06577,304.6,0.41,0.37,2021-07-28,949,N,VIIRS,n,2,287.86,0.66,N,0
40.00689,-121.07075,302.46,0.41,0.37,2021-07-28,949,N,VIIRS,n,2,287.34,0.66,N,0
40.00992,-120.8623,300.07,0.4,0.37,2021-07-28,949,N,VIIRS,n,2,284.03,0.68,N,0
40.01303,-121.06436,296.88,0.41,0.37,2021-07-28,949,N,VIIRS,n,2,286.61,1.14,N,0
40.01329,-120.86148,298.34,0.4,0.37,2021-07-28,949,N,VIIRS,n,2,284.23,0.68,N,0
40.0173,-120.8653,304.05,0.4,0.37,2021-07-28,949,N,VIIRS,n,2,284.7,0.99,N,0
40.018,-121.12702,297.42,0.41,0.37,2021-07-28,949,N,VIIRS,n,2,285.76,0.87,N,0
40.02043,-120.96447,296.26,0.41,0.37,2021-07-28,949,N,VIIRS,n,2,285.38,0.52,N,0
40.02068,-120.86447,311.55,0.4,0.37,2021-07-28,949,N,VIIRS,n,2,285.37,0.99,N,0
40.02106,-120.96907,297.05,0.41,0.37,2021-07-28,949,N,VIIRS,n,2,285.63,0.52,N,0
40.02132,-120.8691,302.77,0.41,0.37,2021-07-28,949,N,VIIRS,n,2,284.72,0.99,N,0
40.0226,-120.8784,301.6,0.41,0.37,2021-07-28,949,N,VIIRS,n,2,285.37,0.83,N,0
40.02449,-121.40425,313.54,0.42,0.37,2021-07-28,949,N,VIIRS,n,2,283.31,1.02,N,0
40.03401,-120.88528,298.65,0.41,0.37,2021-07-28,949,N,VIIRS,n,2,284.86,0.94,N,0
40.03466,-120.89001,302.84,0.41,0.37,2021-07-28,949,N,VIIRS,n,2,285.79,1.11,N,0
40.03716,-121.11307,304.28,0.41,0.37,2021-07-28,949,N,VIIRS,n,2,287.81,1.05,N,0
40.03737,-120.88436,322.57,0.41,0.37,2021-07-28,949,N,VIIRS,n,2,287.84,0.94,N,0
40.03802,-120.88909,298.44,0.41,0.37,2021-07-28,949,N,VIIRS,n,2,285.61,1.11,N,0
40.04073,-120.88346,295.58,0.41,0.37,2021-07-28,949,N,VIIRS,n,2,284.22,0.58,N,0
40.04368,-121.4156,304.28,0.42,0.37,2021-07-28,949,N,VIIRS,n,2,283.65,1.14,N,0
40.04436,-120.85931,297.45,0.4,0.37,2021-07-28,949,N,VIIRS,n,2,284.34,1.11,N,0
40.04775,-120.8586,312.65,0.4,0.37,2021-07-28,949,N,VIIRS,n,2,285.97,1.11,N,0
40.04843,-121.42466,296.93,0.42,0.37,2021-07-28,949,N,VIIRS,n,2,284.43,0.79,N,0
40.04902,-120.86772,297.04,0.41,0.37,2021-07-28,949,N,VIIRS,n,2,286.24,1.09,N,0
40.04964,-120.87228,316.94,0.41,0.37,2021-07-28,949,N,VIIRS,n,2,287.78,1.09,N,0
40.05011,-120.90088,299.54,0.41,0.37,2021-07-28,949,N,VIIRS,n,2,285.91,0.31,N,0
40.05114,-120.85794,309.39,0.4,0.37,2021-07-28,949,N,VIIRS,n,2,285.87,1.06,N,0
40.05179,-120.86257,314.4,0.41,0.37,2021-07-28,949,N,VIIRS,n,2,287.62,1.06,N,0
40.05243,-120.8672,317.11,0.41,0.37,2021-07-28,949,N,VIIRS,n,2,287.82,1.38,N,0
40.05306,-120.87178,305.21,0.41,0.37,2021-07-28,949,N,VIIRS,n,2,287.11,1.38,N,0
40.05384,-121.43856,310.33,0.42,0.38,2021-07-28,949,N,VIIRS,n,2,285.47,1.18,N,0
40.05454,-120.85725,298.94,0.4,0.37,2021-07-28,949,N,VIIRS,n,2,285.4,1.06,N,0
40.05556,-121.4352,297.51,0.42,0.38,2021-07-28,949,N,VIIRS,n,2,286.9,1.19,N,0
40.05621,-121.44018,307.73,0.42,0.38,2021-07-28,949,N,VIIRS,n,2,286.66,1.33,N,0
40.05712,-120.87586,317.68,0.41,0.37,2021-07-28,949,N,VIIRS,n,2,287.07,2.53,N,0
40.05759,-120.90447,295.46,0.41,0.37,2021-07-28,949,N,VIIRS,n,2,284.2,0.4,N,0
40.05839,-120.88502,297.56,0.41,0.37,2021-07-28,949,N,VIIRS,n,2,284.36,0.96,N,0
40.05969,-120.89443,299.98,0.41,0.37,2021-07-28,949,N,VIIRS,n,2,286.59,0.87,N,0
40.06055,-120.8754,335.19,0.41,0.37,2021-07-28,949,N,VIIRS,n,2,288.07,4.25,N,0
40.06092,-121.44907,302.68,0.42,0.38,2021-07-28,949,N,VIIRS,n,2,287.78,0.83,N,0
40.06105,-121.42316,301.06,0.42,0.38,2021-07-28,949,N,VIIRS,n,2,287.59,1.65,N,0
40.06157,-121.45409,298.03,0.42,0.38,2021-07-28,949,N,VIIRS,n,2,287.3,0.83,N,0
40.06183,-120.88465,337.51,0.41,0.37,2021-07-28,949,N,VIIRS,n,2,290.73,2.98,N,0
40.06224,-121.45921,297.84,0.42,0.38,2021-07-28,949,N,VIIRS,n,2,286.93,3.59,N,0
40.06247,-120.88932,317.38,0.41,0.37,2021-07-28,949,N,VIIRS,n,2,288.24,2.98,N,0
40.06296,-120.91806,298.17,0.41,0.37,2021-07-28,949,N,VIIRS,n,2,284.86,0.37,N,0
40.06313,-120.89405,312.91,0.41,0.37,2021-07-28,949,N,VIIRS,n,2,287.36,1.69,N,0
40.0638,-120.89884,309.01,0.41,0.37,2021-07-28,949,N,VIIRS,n,2,287.48,1.69,N,0
40.06461,-121.18629,300.89,0.41,0.37,2021-07-28,949,N,VIIRS,n,2,287.32,0.7,N,0
40.065,-121.45328,302.08,0.42,0.38,2021-07-28,949,N,VIIRS,n,2,289.48,0.83,N,0
40.06526,-120.88422,334.68,0.41,0.37,2021-07-28,949,N,VIIRS,n,2,289.62,2.98,N,0
40.06567,-121.45838,337.86,0.42,0.38,2021-07-28,949,N,VIIRS,n,2,292.87,3.59,N,0
40.06573,-120.91284,302.15,0.41,0.37,2021-07-28,949,N,VIIRS,n,2,285.05,1.12,N,0
40.06591,-120.88892,327.86,0.41,0.37,2021-07-28,949,N,VIIRS,n,2,289.03,2.98,N,0
40.06633,-121.46344,334.34,0.42,0.38,2021-07-28,949,N,VIIRS,n,2,288.54,3.59,N,0
40.0664,-120.91766,309.49,0.41,0.37,2021-07-28,949,N,VIIRS,n,2,286.62,1.12,N,0
40.06657,-120.89366,314.34,0.41,0.37,2021-07-28,949,N,VIIRS,n,2,286.82,1.69,N,0
40.06711,-120.94799,312.57,0.41,0.37,2021-07-28,949,N,VIIRS,n,2,286.43,1.26,N,0
40.06723,-120.89845,319.71,0.41,0.37,2021-07-28,949,N,VIIRS,n,2,288.12,1.69,N,0
40.06911,-121.45762,306.42,0.42,0.38,2021-07-28,949,N,VIIRS,n,2,287.19,2.84,N,0
40.06915,-120.93743,299.69,0.41,0.37,2021-07-28,949,N,VIIRS,n,2,286.62,2.43,N,0
40.06935,-120.8885,300.47,0.41,0.37,2021-07-28,949,N,VIIRS,n,2,285.56,1.32,N,0
40.06976,-121.46262,347.56,0.42,0.38,2021-07-28,949,N,VIIRS,n,2,294,2.84,N,0
40.06984,-120.94246,308.71,0.41,0.37,2021-07-28,949,N,VIIRS,n,2,286.39,0.7,N,0
40.06985,-120.91728,312.68,0.41,0.37,2021-07-28,949,N,VIIRS,n,2,288.07,1.12,N,0
40.07001,-120.89326,326.96,0.41,0.37,2021-07-28,949,N,VIIRS,n,2,287.13,2.83,N,0
40.07121,-120.92709,299.06,0.41,0.37,2021-07-28,949,N,VIIRS,n,2,286.98,2.13,N,0
40.07154,-121.31624,295.5,0.42,0.37,2021-07-28,949,N,VIIRS,n,2,279.67,0.31,N,0
40.07189,-120.932,338.46,0.41,0.37,2021-07-28,949,N,VIIRS,n,2,288.98,2.43,N,0
40.07257,-120.93691,315.5,0.41,0.37,2021-07-28,949,N,VIIRS,n,2,286.6,2.43,N,0
40.07319,-121.46181,310.89,0.42,0.38,2021-07-28,949,N,VIIRS,n,2,288.55,2.84,N,0
40.07325,-120.94179,299.02,0.41,0.37,2021-07-28,949,N,VIIRS,n,2,285.34,0.7,N,0
40.07329,-120.91686,317.11,0.41,0.37,2021-07-28,949,N,VIIRS,n,2,287.14,1.16,N,0
40.0739,-120.9465,300.47,0.41,0.37,2021-07-28,949,N,VIIRS,n,2,285.39,0.7,N,0
40.07396,-120.92174,309.85,0.41,0.37,2021-07-28,949,N,VIIRS,n,2,287.69,1.64,N,0
40.07464,-120.92661,315.41,0.41,0.37,2021-07-28,949,N,VIIRS,n,2,287.09,1.64,N,0
40.07531,-120.93148,317.4,0.41,0.37,2021-07-28,949,N,VIIRS,n,2,285.81,2.95,N,0
40.07663,-120.94101,306.26,0.41,0.37,2021-07-28,949,N,VIIRS,n,2,285.04,3.05,N,0
40.07672,-120.9164,301.21,0.41,0.37,2021-07-28,949,N,VIIRS,n,2,285.44,1.16,N,0
40.07727,-120.94557,298.38,0.41,0.37,2021-07-28,949,N,VIIRS,n,2,286.02,3.05,N,0
40.07728,-121.46603,297.49,0.42,0.38,2021-07-28,949,N,VIIRS,n,2,287.06,2.08,N,0
40.07739,-120.92125,327.81,0.41,0.37,2021-07-28,949,N,VIIRS,n,2,288.74,1.64,N,0
40.07807,-120.92611,299.75,0.41,0.37,2021-07-28,949,N,VIIRS,n,2,285.33,1.64,N,0
40.07939,-120.93563,328.12,0.41,0.37,2021-07-28,949,N,VIIRS,n,2,286.91,2.95,N,0
40.07941,-121.45528,316.6,0.42,0.38,2021-07-28,949,N,VIIRS,n,2,286.72,1.28,N,0
40.07962,-121.16734,297.47,0.41,0.37,2021-07-28,949,N,VIIRS,n,2,285.13,0.7,N,0
40.08002,-120.94025,339.94,0.41,0.37,2021-07-28,949,N,VIIRS,n,2,289.11,3.05,N,0
40.08006,-121.46021,301.16,0.42,0.38,2021-07-28,949,N,VIIRS,n,2,287.86,1.28,N,0
40.08072,-121.46524,331.44,0.42,0.38,2021-07-28,949,N,VIIRS,n,2,289.67,2.08,N,0
40.08276,-120.93477,317.55,0.41,0.37,2021-07-28,949,N,VIIRS,n,2,287.32,3.36,N,0
40.0834,-120.93937,339.08,0.41,0.37,2021-07-28,949,N,VIIRS,n,2,295.66,5.51,N,0
40.08349,-121.45943,296.5,0.42,0.38,2021-07-28,949,N,VIIRS,n,2,285,1.16,N,0
40.08415,-121.46448,324.65,0.42,0.38,2021-07-28,949,N,VIIRS,n,2,289.02,1.43,N,0
40.08657,-120.96238,306.56,0.41,0.37,2021-07-28,949,N,VIIRS,n,2,287.79,1.08,N,0
40.08677,-120.93847,315.46,0.41,0.37,2021-07-28,949,N,VIIRS,n,2,288.34,5.51,N,0
40.08724,-120.96722,309.99,0.41,0.37,2021-07-28,949,N,VIIRS,n,2,286.64,1.05,N,0
40.08759,-121.46368,298.07,0.42,0.38,2021-07-28,949,N,VIIRS,n,2,287.07,1.43,N,0
40.08825,-121.46869,305.13,0.42,0.38,2021-07-28,949,N,VIIRS,n,2,286.44,1.43,N,0
40.08852,-121.15529,300.67,0.41,0.37,2021-07-28,949,N,VIIRS,n,2,285.77,0.74,N,0
40.08998,-120.96169,303.02,0.41,0.37,2021-07-28,949,N,VIIRS,n,2,286.15,1.08,N,0
40.09126,-121.1496,308.47,0.41,0.37,2021-07-28,949,N,VIIRS,n,2,286.15,0.93,N,0
40.09129,-120.97121,297.24,0.41,0.37,2021-07-28,949,N,VIIRS,n,2,285.7,1.05,N,0
40.09167,-121.46778,306.35,0.42,0.38,2021-07-28,949,N,VIIRS,n,2,289.03,1.59,N,0
40.09193,-120.97582,298.92,0.41,0.37,2021-07-28,949,N,VIIRS,n,2,285.61,0.88,N,0
40.09232,-121.47277,302.55,0.42,0.38,2021-07-28,949,N,VIIRS,n,2,286.19,2.39,N,0
40.0927,-120.95615,301.9,0.41,0.37,2021-07-28,949,N,VIIRS,n,2,286.85,1.18,N,0
40.09338,-120.96101,311.33,0.41,0.37,2021-07-28,949,N,VIIRS,n,2,286.18,1.18,N,0
40.09462,-121.14846,310.97,0.41,0.37,2021-07-28,949,N,VIIRS,n,2,285.58,0.93,N,0
40.09476,-120.94913,296.86,0.41,0.37,2021-07-28,949,N,VIIRS,n,2,286.08,0.81,N,0
40.09541,-120.95388,306.77,0.41,0.37,2021-07-28,949,N,VIIRS,n,2,286.4,0.81,N,0
40.09545,-120.95072,296.19,0.41,0.37,2021-07-28,949,N,VIIRS,n,2,285.72,1.36,N,0
40.09575,-121.47189,331.86,0.42,0.38,2021-07-28,949,N,VIIRS,n,2,290.76,2.39,N,0
40.09595,-120.9796,298.5,0.41,0.37,2021-07-28,949,N,VIIRS,n,2,286.02,0.49,N,0
40.09607,-120.9587,322.41,0.41,0.37,2021-07-28,949,N,VIIRS,n,2,286.88,1.83,N,0
40.09612,-120.95551,318.02,0.41,0.37,2021-07-28,949,N,VIIRS,n,2,287.5,1.18,N,0
40.09658,-120.98418,297.66,0.41,0.37,2021-07-28,949,N,VIIRS,n,2,285.75,0.78,N,0
40.09678,-120.96031,303.21,0.41,0.37,2021-07-28,949,N,VIIRS,n,2,284.12,1.18,N,0
40.09711,-121.01338,303.95,0.41,0.37,2021-07-28,949,N,VIIRS,n,2,281.73,0.95,N,0
40.09721,-120.98879,303.42,0.41,0.37,2021-07-28,949,N,VIIRS,n,2,285.53,0.78,N,0
40.09737,-121.1429,310.06,0.41,0.37,2021-07-28,949,N,VIIRS,n,2,285.42,1.12,N,0
40.09853,-121.46617,299.05,0.42,0.38,2021-07-28,949,N,VIIRS,n,2,287.55,1.63,N,0
40.09861,-120.97735,297.58,0.41,0.37,2021-07-28,949,N,VIIRS,n,2,285.37,0.75,N,0
40.09919,-121.47116,315.07,0.42,0.38,2021-07-28,949,N,VIIRS,n,2,289.45,1.71,N,0
40.09934,-120.97884,296.19,0.41,0.37,2021-07-28,949,N,VIIRS,n,2,285.15,0.49,N,0
40.09986,-120.9865,307.67,0.41,0.37,2021-07-28,949,N,VIIRS,n,2,285.98,0.8,N,0
40.10001,-121.45064,304.94,0.42,0.38,2021-07-28,949,N,VIIRS,n,2,286.42,2.05,N,0
40.10043,-121.03743,301.06,0.41,0.37,2021-07-28,949,N,VIIRS,n,2,283.81,0.62,N,0
40.10051,-121.4811,303.61,0.42,0.38,2021-07-28,949,N,VIIRS,n,2,286.87,3.74,N,0
40.10061,-120.98801,303.94,0.41,0.37,2021-07-28,949,N,VIIRS,n,2,285.44,0.78,N,0
40.10067,-121.45564,329.65,0.42,0.38,2021-07-28,949,N,VIIRS,n,2,288.29,2.05,N,0
40.10078,-121.14212,309.72,0.41,0.37,2021-07-28,949,N,VIIRS,n,2,285.24,1.12,N,0
40.10106,-121.04202,308.68,0.41,0.37,2021-07-28,949,N,VIIRS,n,2,285.67,1.42,N,0
40.10118,-121.48621,333.18,0.42,0.38,2021-07-28,949,N,VIIRS,n,2,293,3.74,N,0
40.10133,-121.46062,322.34,0.42,0.38,2021-07-28,949,N,VIIRS,n,2,286.48,1.63,N,0
40.10215,-121.44013,325.58,0.42,0.38,2021-07-28,949,N,VIIRS,n,2,284.97,1.56,N,0
40.10281,-121.44509,323.23,0.42,0.38,2021-07-28,949,N,VIIRS,n,2,285.21,1.56,N,0
40.10325,-120.98576,296.99,0.41,0.37,2021-07-28,949,N,VIIRS,n,2,284.81,0.8,N,0
40.10329,-121.47538,313.95,0.42,0.38,2021-07-28,949,N,VIIRS,n,2,287.97,1.71,N,0
40.10347,-121.45007,296.76,0.42,0.38,2021-07-28,949,N,VIIRS,n,2,283.56,0.68,N,0
40.10357,-121.1368,298.19,0.41,0.37,2021-07-28,949,N,VIIRS,n,2,286.13,1.02,N,0
40.10394,-121.48034,318.42,0.42,0.38,2021-07-28,949,N,VIIRS,n,2,290.18,3.74,N,0
40.10418,-121.14136,303.55,0.41,0.37,2021-07-28,949,N,VIIRS,n,2,285.36,0.78,N,0
40.1048,-121.1459,295.39,0.41,0.37,2021-07-28,949,N,VIIRS,n,2,284.38,0.78,N,0
40.10559,-121.43937,297.74,0.42,0.38,2021-07-28,949,N,VIIRS,n,2,283.56,1.56,N,0
40.10609,-121.46987,310.72,0.42,0.38,2021-07-28,949,N,VIIRS,n,2,285.18,2.01,N,0
40.10624,-121.4443,301.14,0.42,0.38,2021-07-28,949,N,VIIRS,n,2,284.16,1.56,N,0
40.10675,-121.47478,330.1,0.42,0.38,2021-07-28,949,N,VIIRS,n,2,289.15,2.01,N,0
40.10696,-121.13596,324.99,0.41,0.37,2021-07-28,949,N,VIIRS,n,2,286.75,1.02,N,0
40.10756,-121.45428,300.5,0.42,0.38,2021-07-28,949,N,VIIRS,n,2,284.77,0.68,N,0
40.1076,-121.14063,303.73,0.41,0.37,2021-07-28,949,N,VIIRS,n,2,285.31,0.78,N,0
40.10823,-121.45927,296.33,0.42,0.38,2021-07-28,949,N,VIIRS,n,2,285.08,0.78,N,0
40.10823,-121.14526,297.05,0.41,0.37,2021-07-28,949,N,VIIRS,n,2,285.83,0.78,N,0
40.10887,-121.14995,296.9,0.41,0.37,2021-07-28,949,N,VIIRS,n,2,285.74,0.78,N,0
40.10955,-121.46925,313.23,0.42,0.38,2021-07-28,949,N,VIIRS,n,2,283.79,2.01,N,0
40.11668,-121.31129,295.03,0.42,0.37,2021-07-28,949,N,VIIRS,n,2,282.32,0.55,N,0
40.11786,-121.45181,311.09,0.42,0.38,2021-07-28,949,N,VIIRS,n,2,287.08,1.57,N,0
40.12129,-121.45102,315.2,0.42,0.38,2021-07-28,949,N,VIIRS,n,2,287.79,1.57,N,0
40.13079,-121.13799,301.92,0.41,0.37,2021-07-28,949,N,VIIRS,n,2,284.16,1.13,N,0
40.13419,-121.13716,311.05,0.41,0.37,2021-07-28,949,N,VIIRS,n,2,284.27,0.87,N,0
40.13485,-121.14198,299.7,0.41,0.37,2021-07-28,949,N,VIIRS,n,2,284.91,0.87,N,0
40.13852,-121.4212,297.64,0.42,0.38,2021-07-28,949,N,VIIRS,n,2,283.58,0.68,N,0
40.13954,-121.15081,295.11,0.41,0.37,2021-07-28,949,N,VIIRS,n,2,284.43,0.61,N,0
40.14194,-121.42033,300.74,0.42,0.38,2021-07-28,949,N,VIIRS,n,2,284.38,0.73,N,0
40.14357,-121.37989,303.07,0.42,0.37,2021-07-28,949,N,VIIRS,n,2,286.19,1.03,N,0
40.14388,-121.43486,309.76,0.42,0.38,2021-07-28,949,N,VIIRS,n,2,287.77,0.92,N,0
40.14401,-121.40949,329.5,0.42,0.38,2021-07-28,949,N,VIIRS,n,2,288.71,4.13,N,0
40.14423,-121.38477,304.23,0.42,0.37,2021-07-28,949,N,VIIRS,n,2,285.83,1.03,N,0
40.14455,-121.4398,299.89,0.42,0.38,2021-07-28,949,N,VIIRS,n,2,285.94,0.74,N,0
40.14535,-121.41944,299.86,0.42,0.38,2021-07-28,949,N,VIIRS,n,2,285.76,0.73,N,0
40.14616,-121.39915,298.08,0.42,0.38,2021-07-28,949,N,VIIRS,n,2,284.14,0.43,N,0
40.14632,-121.14893,305.24,0.41,0.37,2021-07-28,949,N,VIIRS,n,2,283.74,1.29,N,0
40.14637,-121.37446,305.73,0.42,0.37,2021-07-28,949,N,VIIRS,n,2,284.61,1.54,N,0
40.1468,-121.40392,297.2,0.42,0.38,2021-07-28,949,N,VIIRS,n,2,283.98,0.43,N,0
40.14701,-121.37925,305.77,0.42,0.37,2021-07-28,949,N,VIIRS,n,2,284.57,1.03,N,0
40.1473,-121.43396,298.07,0.42,0.38,2021-07-28,949,N,VIIRS,n,2,286.11,0.92,N,0
40.14766,-121.38406,314.04,0.42,0.37,2021-07-28,949,N,VIIRS,n,2,284.61,1.03,N,0
40.14796,-121.43895,300.55,0.42,0.38,2021-07-28,949,N,VIIRS,n,2,285.81,0.74,N,0
40.1481,-121.4136,318.54,0.42,0.38,2021-07-28,949,N,VIIRS,n,2,287.96,1.69,N,0
40.14877,-121.41858,300.57,0.42,0.38,2021-07-28,949,N,VIIRS,n,2,286.3,0.67,N,0
40.14945,-121.35728,297.16,0.42,0.37,2021-07-28,949,N,VIIRS,n,2,283.8,0.51,N,0
40.15062,-121.35364,302.63,0.42,0.37,2021-07-28,949,N,VIIRS,n,2,284.76,1.33,N,0
40.15088,-121.40799,321.46,0.42,0.38,2021-07-28,949,N,VIIRS,n,2,287.17,1.69,N,0
40.15153,-121.41279,298.23,0.42,0.38,2021-07-28,949,N,VIIRS,n,2,286.66,1.69,N,0
40.15219,-121.41772,298.3,0.42,0.38,2021-07-28,949,N,VIIRS,n,2,285.74,0.67,N,0
40.15225,-121.35179,300.32,0.42,0.37,2021-07-28,949,N,VIIRS,n,2,283.84,0.51,N,0
40.15431,-121.40724,303.59,0.42,0.38,2021-07-28,949,N,VIIRS,n,2,284.5,0.45,N,0
40.15496,-121.41203,298.99,0.42,0.38,2021-07-28,949,N,VIIRS,n,2,284.05,0.45,N,0
40.15695,-121.42686,296.9,0.42,0.38,2021-07-28,949,N,VIIRS,n,2,286.1,0.83,N,0
40.15773,-121.42011,299.45,0.42,0.38,2021-07-28,949,N,VIIRS,n,2,284.57,0.78,N,0
40.15775,-121.4065,298.86,0.42,0.38,2021-07-28,949,N,VIIRS,n,2,283.96,0.45,N,0
40.15838,-121.42506,301.72,0.42,0.38,2021-07-28,949,N,VIIRS,n,2,286.33,0.78,N,0
40.15907,-121.41628,303.66,0.42,0.38,2021-07-28,949,N,VIIRS,n,2,285.27,0.95,N,0
40.15923,-121.40465,295.23,0.42,0.38,2021-07-28,949,N,VIIRS,n,2,284.27,0.48,N,0
40.15933,-121.32532,301.08,0.42,0.37,2021-07-28,949,N,VIIRS,n,2,286.32,0.83,N,0
40.15975,-121.42135,301.17,0.42,0.38,2021-07-28,949,N,VIIRS,n,2,285.23,0.95,N,0
40.16005,-121.12057,303.71,0.41,0.37,2021-07-28,949,N,VIIRS,n,2,283.53,0.98,N,0
40.16042,-121.42632,303.13,0.42,0.38,2021-07-28,949,N,VIIRS,n,2,287.57,0.83,N,0
40.16061,-121.33502,309.62,0.42,0.37,2021-07-28,949,N,VIIRS,n,2,284.19,4.73,N,0
40.16118,-121.41949,303.46,0.42,0.38,2021-07-28,949,N,VIIRS,n,2,285.19,0.78,N,0
40.16125,-121.33978,351.99,0.42,0.37,2021-07-28,949,N,VIIRS,n,2,292.98,4.54,N,0
40.16184,-121.42452,305.8,0.42,0.38,2021-07-28,949,N,VIIRS,n,2,287.05,0.78,N,0
40.16187,-121.34451,318.91,0.42,0.37,2021-07-28,949,N,VIIRS,n,2,286.74,4.54,N,0
40.16212,-121.31984,307.19,0.42,0.37,2021-07-28,949,N,VIIRS,n,2,287.12,0.83,N,0
40.16341,-121.32954,316.05,0.42,0.37,2021-07-28,949,N,VIIRS,n,2,284.67,4.73,N,0
40.16356,-121.38393,300.76,0.42,0.37,2021-07-28,949,N,VIIRS,n,2,285.55,0.64,N,0
40.16404,-121.33427,367,0.42,0.37,2021-07-28,949,N,VIIRS,h,2,295.47,4.73,N,0
40.16463,-121.41889,305.51,0.42,0.38,2021-07-28,949,N,VIIRS,n,2,285.23,0.79,N,0
40.16467,-121.33897,314.3,0.42,0.37,2021-07-28,949,N,VIIRS,n,2,286.53,4.54,N,0
40.16493,-121.31448,300.08,0.42,0.37,2021-07-28,949,N,VIIRS,n,2,285.98,0.47,N,0
40.1655,-121.39864,308.35,0.42,0.38,2021-07-28,949,N,VIIRS,n,2,284.42,2.29,N,0
40.16561,-121.10986,302.94,0.41,0.37,2021-07-28,949,N,VIIRS,n,2,283.07,0.76,N,0
40.16613,-121.40344,324.8,0.42,0.38,2021-07-28,949,N,VIIRS,n,2,287.92,2.29,N,0
40.16677,-121.40833,306.95,0.42,0.38,2021-07-28,949,N,VIIRS,n,2,285.75,1.07,N,0
40.16683,-121.32875,320.64,0.42,0.37,2021-07-28,949,N,VIIRS,n,2,286.59,1.5,N,0
40.16702,-121.3834,341.25,0.42,0.37,2021-07-28,949,N,VIIRS,n,2,288.78,4.36,N,0
40.16743,-121.41331,302.71,0.42,0.38,2021-07-28,949,N,VIIRS,n,2,285.4,1.07,N,0
40.16767,-121.38832,315.68,0.42,0.38,2021-07-28,949,N,VIIRS,n,2,283.88,1.14,N,0
40.16809,-121.41833,295.64,0.42,0.38,2021-07-28,949,N,VIIRS,n,2,283.28,0.79,N,0
40.16832,-121.39326,303.06,0.42,0.38,2021-07-28,949,N,VIIRS,n,2,282.12,1.14,N,0
40.16896,-121.39812,306.43,0.42,0.38,2021-07-28,949,N,VIIRS,n,2,281.96,1.35,N,0
40.16923,-121.29379,312.81,0.42,0.37,2021-07-28,949,N,VIIRS,n,2,285.45,1.16,N,0
40.16937,-121.34779,303.98,0.42,0.37,2021-07-28,949,N,VIIRS,n,2,286.45,1.1,N,0
40.1696,-121.40295,323.12,0.42,0.38,2021-07-28,949,N,VIIRS,n,2,285.89,1.35,N,0
40.16963,-121.32327,317.72,0.42,0.37,2021-07-28,949,N,VIIRS,n,2,285.96,1.46,N,0
40.16987,-121.2986,346.63,0.42,0.37,2021-07-28,949,N,VIIRS,n,2,289.64,7.04,N,0
40.17002,-121.35274,303.37,0.42,0.37,2021-07-28,949,N,VIIRS,n,2,286.17,1.1,N,0
40.17002,-121.16846,300.59,0.41,0.37,2021-07-28,949,N,VIIRS,n,2,283.3,0.49,N,0
40.17025,-121.40785,309.59,0.42,0.38,2021-07-28,949,N,VIIRS,n,2,284.23,0.61,N,0
40.17025,-121.32796,300.44,0.42,0.37,2021-07-28,949,N,VIIRS,n,2,285.16,1.5,N,0
40.17071,-121.17354,296.4,0.41,0.37,2021-07-28,949,N,VIIRS,n,2,283.15,0.49,N,0
40.17179,-121.31304,308.16,0.42,0.37,2021-07-28,949,N,VIIRS,n,2,285.35,1.47,N,0
40.17182,-121.20792,299.42,0.41,0.37,2021-07-28,949,N,VIIRS,n,2,285.35,0.66,N,0
40.17242,-121.31778,329.45,0.42,0.37,2021-07-28,949,N,VIIRS,n,2,288.07,2.13,N,0
40.17261,-121.3723,295.28,0.42,0.37,2021-07-28,949,N,VIIRS,n,2,282.88,0.5,N,0
40.17263,-121.29289,300.39,0.42,0.37,2021-07-28,949,N,VIIRS,n,2,285.27,1.16,N,0
40.17281,-121.34711,310.48,0.42,0.37,2021-07-28,949,N,VIIRS,n,2,288.69,1.1,N,0
40.17305,-121.32249,319.47,0.42,0.37,2021-07-28,949,N,VIIRS,n,2,288.02,2.13,N,0
40.17328,-121.29775,349.47,0.42,0.37,2021-07-28,949,N,VIIRS,n,2,291.79,7.04,N,0
40.17346,-121.35208,313.57,0.42,0.37,2021-07-28,949,N,VIIRS,n,2,284.99,1.1,N,0
40.17368,-121.32716,297.35,0.42,0.37,2021-07-28,949,N,VIIRS,n,2,285.89,0.98,N,0
40.17393,-121.30257,336.55,0.42,0.37,2021-07-28,949,N,VIIRS,n,2,289.24,7.04,N,0
40.17521,-121.3122,323.75,0.42,0.37,2021-07-28,949,N,VIIRS,n,2,288.12,1.47,N,0
40.17523,-121.20712,297.03,0.41,0.37,2021-07-28,949,N,VIIRS,n,2,285.48,0.66,N,0
40.17538,-121.28703,303.67,0.42,0.37,2021-07-28,949,N,VIIRS,n,2,286.81,1.66,N,0
40.17585,-121.31696,298.36,0.42,0.37,2021-07-28,949,N,VIIRS,n,2,287.15,2.13,N,0
40.17603,-121.29192,324.65,0.42,0.37,2021-07-28,949,N,VIIRS,n,2,287.11,1.66,N,0
40.17625,-121.34653,306.27,0.42,0.37,2021-07-28,949,N,VIIRS,n,2,284.81,0.7,N,0
40.17669,-121.29685,324.05,0.42,0.37,2021-07-28,949,N,VIIRS,n,2,287.26,3.04,N,0
40.17735,-121.30176,327.02,0.42,0.37,2021-07-28,949,N,VIIRS,n,2,287.84,3.04,N,0
40.17748,-121.27634,299.62,0.42,0.37,2021-07-28,949,N,VIIRS,n,2,285.5,1.12,N,0
40.17799,-121.30662,332.44,0.42,0.37,2021-07-28,949,N,VIIRS,n,2,287.99,2.04,N,0
40.17863,-121.3114,296.81,0.42,0.37,2021-07-28,949,N,VIIRS,n,2,285.49,2.04,N,0
40.17877,-121.28602,312.7,0.42,0.37,2021-07-28,949,N,VIIRS,n,2,286.87,1.66,N,0
40.17898,-121.26122,303.36,0.41,0.37,2021-07-28,949,N,VIIRS,n,2,285.29,1.47,N,0
40.17944,-121.29099,318.25,0.42,0.37,2021-07-28,949,N,VIIRS,n,2,287.93,1.66,N,0
40.17956,-121.16101,298.98,0.41,0.37,2021-07-28,949,N,VIIRS,n,2,283.13,0.36,N,0
40.17961,-121.26598,298.15,0.41,0.37,2021-07-28,949,N,VIIRS,n,2,285.15,1.07,N,0
40.1801,-121.29597,323.66,0.42,0.37,2021-07-28,949,N,VIIRS,n,2,287.97,3.04,N,0
40.18025,-121.27074,309.28,0.41,0.37,2021-07-28,949,N,VIIRS,n,2,285.89,1.07,N,0
40.18076,-121.30092,338.74,0.42,0.37,2021-07-28,949,N,VIIRS,n,2,289.18,3.04,N,0
40.18089,-121.27553,296.07,0.42,0.37,2021-07-28,949,N,VIIRS,n,2,284.7,1.57,N,0
40.18141,-121.30581,310.49,0.42,0.37,2021-07-28,949,N,VIIRS,n,2,284.76,2.04,N,0
40.18205,-121.31061,317.08,0.42,0.37,2021-07-28,949,N,VIIRS,n,2,285.62,2.04,N,0
40.18219,-121.28524,299.99,0.42,0.37,2021-07-28,949,N,VIIRS,n,2,285.84,0.76,N,0
40.18225,-121.18092,331.61,0.41,0.37,2021-07-28,949,N,VIIRS,n,2,284.37,2.29,N,0
40.18285,-121.29018,309.58,0.42,0.37,2021-07-28,949,N,VIIRS,n,2,286.43,0.76,N,0
40.18304,-121.2653,304.53,0.41,0.37,2021-07-28,949,N,VIIRS,n,2,285.43,1.07,N,0
40.18368,-121.27008,310,0.41,0.37,2021-07-28,949,N,VIIRS,n,2,286,1.07,N,0
40.18417,-121.3001,326.22,0.42,0.37,2021-07-28,949,N,VIIRS,n,2,287.03,2.66,N,0
40.18432,-121.27484,316.05,0.42,0.37,2021-07-28,949,N,VIIRS,n,2,286.35,1.57,N,0
40.18483,-121.30501,354.53,0.42,0.37,2021-07-28,949,N,VIIRS,n,2,291.37,3.89,N,0
40.18497,-121.17504,310.45,0.41,0.37,2021-07-28,949,N,VIIRS,n,2,284.46,2.29,N,0
40.18547,-121.30981,321.41,0.42,0.37,2021-07-28,949,N,VIIRS,n,2,285.89,3.89,N,0
40.18562,-121.28452,295.64,0.42,0.37,2021-07-28,949,N,VIIRS,n,2,284.89,0.76,N,0
40.18565,-121.18004,322,0.41,0.37,2021-07-28,949,N,VIIRS,n,2,285.47,2.29,N,0
40.18584,-121.25986,305.86,0.41,0.37,2021-07-28,949,N,VIIRS,n,2,282.96,0.78,N,0
40.18628,-121.28941,301.05,0.42,0.37,2021-07-28,949,N,VIIRS,n,2,286.05,0.76,N,0
40.18648,-121.26464,338.95,0.41,0.37,2021-07-28,949,N,VIIRS,n,2,286.79,4.65,N,0
40.18712,-121.26941,347.99,0.41,0.37,2021-07-28,949,N,VIIRS,n,2,290.75,4.65,N,0
40.18759,-121.29929,326.84,0.42,0.37,2021-07-28,949,N,VIIRS,n,2,285.73,2.66,N,0
40.18776,-121.27418,325.6,0.42,0.37,2021-07-28,949,N,VIIRS,n,2,288.65,2.35,N,0
40.18824,-121.30416,298.26,0.42,0.37,2021-07-28,949,N,VIIRS,n,2,283.74,3.89,N,0
40.1884,-121.27895,301.64,0.42,0.37,2021-07-28,949,N,VIIRS,n,2,285.86,2.35,N,0
40.18905,-121.28382,300.73,0.42,0.37,2021-07-28,949,N,VIIRS,n,2,285.57,0.83,N,0
40.18991,-121.26393,316.92,0.41,0.37,2021-07-28,949,N,VIIRS,n,2,284.44,4.65,N,0
40.19055,-121.26871,344.79,0.41,0.37,2021-07-28,949,N,VIIRS,n,2,289.5,4.65,N,0
40.19119,-121.27351,314.73,0.42,0.37,2021-07-28,949,N,VIIRS,n,2,286.11,2.35,N,0
40.19249,-121.2832,301.49,0.42,0.37,2021-07-28,949,N,VIIRS,n,2,284.39,0.83,N,0
40.19398,-121.26799,337.28,0.41,0.37,2021-07-28,949,N,VIIRS,n,2,287.4,3.35,N,0
40.19463,-121.27283,331.48,0.42,0.37,2021-07-28,949,N,VIIRS,n,2,285.41,4.67,N,0
40.1974,-121.26723,305.58,0.41,0.37,2021-07-28,949,N,VIIRS,n,2,282.39,3.35,N,0
39.93317,-121.1475,344.91,0.42,0.38,2021-07-28,2111,N,VIIRS,n,2,276.04,21.5,D,0
39.93824,-121.16336,330.05,0.42,0.38,2021-07-28,2111,N,VIIRS,n,2,275.57,6.45,D,0
39.9423,-121.1594,348.44,0.42,0.38,2021-07-28,2111,N,VIIRS,n,2,276.61,6.45,D,0
39.98373,-121.06685,351.67,0.43,0.38,2021-07-28,2111,N,VIIRS,n,2,289.14,8.96,D,0
39.99064,-120.86739,345.96,0.43,0.38,2021-07-28,2111,N,VIIRS,n,2,314.77,7.54,D,0
39.99126,-120.8624,353.74,0.43,0.38,2021-07-28,2111,N,VIIRS,n,2,315.74,9.91,D,0
39.99412,-120.86824,347.19,0.43,0.38,2021-07-28,2111,N,VIIRS,n,2,316.22,7.54,D,0
39.99473,-120.86328,347.03,0.43,0.38,2021-07-28,2111,N,VIIRS,n,2,314.08,9.91,D,0
39.9976,-120.86909,354.22,0.43,0.38,2021-07-28,2111,N,VIIRS,n,2,315.67,80.81,D,0
39.99821,-120.86413,352.19,0.43,0.38,2021-07-28,2111,N,VIIRS,l,2,322.39,130.48,D,0
40.00214,-120.89037,346.35,0.43,0.38,2021-07-28,2111,N,VIIRS,n,2,313.58,17.21,D,0
40.00274,-120.88554,347.88,0.43,0.38,2021-07-28,2111,N,VIIRS,n,2,318.69,37.44,D,0
40.0058,-120.8608,344.63,0.43,0.38,2021-07-28,2111,N,VIIRS,n,2,307.55,4.32,D,0
40.0062,-120.88656,367,0.43,0.38,2021-07-28,2111,N,VIIRS,l,2,326.25,37.44,D,0
40.00929,-120.86159,340.6,0.43,0.38,2021-07-28,2111,N,VIIRS,n,2,305.11,4.32,D,0
40.01433,-120.87886,347.88,0.43,0.38,2021-07-28,2111,N,VIIRS,n,2,310.09,9.07,D,0
40.01496,-120.87376,345.25,0.43,0.38,2021-07-28,2111,N,VIIRS,n,2,307,9.07,D,0
40.01781,-120.87965,344.52,0.43,0.38,2021-07-28,2111,N,VIIRS,n,2,307.76,99.24,D,0
40.02238,-121.40168,334.87,0.42,0.38,2021-07-28,2111,N,VIIRS,n,2,297.34,21.33,D,0
40.02361,-121.40515,338.66,0.42,0.38,2021-07-28,2111,N,VIIRS,n,2,300.24,10.09,D,0
40.02424,-121.40018,336.65,0.42,0.38,2021-07-28,2111,N,VIIRS,n,2,304.53,30.68,D,0
40.02582,-121.4024,341.81,0.42,0.38,2021-07-28,2111,N,VIIRS,n,2,305.17,21.33,D,0
40.03808,-120.88963,348.76,0.43,0.38,2021-07-28,2111,N,VIIRS,n,2,307.28,11.48,D,0
40.0387,-120.88462,348.51,0.43,0.38,2021-07-28,2111,N,VIIRS,n,2,310.16,9.26,D,0
40.05768,-121.44206,343.92,0.42,0.37,2021-07-28,2111,N,VIIRS,n,2,310.65,33.51,D,0
40.06048,-121.44775,340.47,0.42,0.37,2021-07-28,2111,N,VIIRS,n,2,302.35,17.27,D,0
40.06329,-121.45328,354.97,0.42,0.37,2021-07-28,2111,N,VIIRS,n,2,309.11,34.47,D,0
40.06612,-121.45867,348.78,0.42,0.37,2021-07-28,2111,N,VIIRS,n,2,300.32,16.56,D,0
40.06894,-121.46416,344.65,0.42,0.37,2021-07-28,2111,N,VIIRS,n,2,297.03,35.44,D,0
40.06956,-121.45938,348.18,0.42,0.37,2021-07-28,2111,N,VIIRS,n,2,312.52,16.56,D,0
40.0699,-120.95016,339.76,0.43,0.38,2021-07-28,2111,N,VIIRS,n,2,304.61,4.76,D,0
40.07179,-120.93526,348.81,0.43,0.38,2021-07-28,2111,N,VIIRS,n,2,306.84,23.97,D,0
40.07237,-121.46491,335.49,0.42,0.37,2021-07-28,2111,N,VIIRS,n,2,300.34,18.05,D,0
40.07299,-121.46012,348.05,0.42,0.37,2021-07-28,2111,N,VIIRS,n,2,303.04,21.66,D,0
40.07404,-120.94579,342.9,0.43,0.38,2021-07-28,2111,N,VIIRS,n,2,305.66,5.58,D,0
40.07469,-120.94071,354.14,0.43,0.38,2021-07-28,2111,N,VIIRS,n,2,307.56,56.49,D,0
40.0758,-121.46564,348.81,0.42,0.37,2021-07-28,2111,N,VIIRS,n,2,301.87,18.05,D,0
40.07597,-120.93059,349.34,0.43,0.38,2021-07-28,2111,N,VIIRS,n,2,304.93,7.36,D,0
40.07642,-121.46087,343.72,0.42,0.37,2021-07-28,2111,N,VIIRS,n,2,303.05,21.66,D,0
40.07661,-120.92555,344.34,0.43,0.38,2021-07-28,2111,N,VIIRS,n,2,307.17,7.36,D,0
40.07923,-121.46636,342.32,0.42,0.37,2021-07-28,2111,N,VIIRS,n,2,303.33,26.71,D,0
40.07985,-121.46164,343.32,0.42,0.37,2021-07-28,2111,N,VIIRS,n,2,297.19,34.17,D,0
40.08267,-121.46707,340.74,0.42,0.37,2021-07-28,2111,N,VIIRS,n,2,309.81,26.71,D,0
40.08329,-121.46233,349.75,0.42,0.37,2021-07-28,2111,N,VIIRS,n,2,309.75,34.17,D,0
40.08611,-121.46778,338.42,0.42,0.37,2021-07-28,2111,N,VIIRS,n,2,298.92,10.27,D,0
40.08953,-121.46859,346.99,0.42,0.37,2021-07-28,2111,N,VIIRS,n,2,300.78,10.27,D,0
40.09015,-121.46385,333.15,0.42,0.37,2021-07-28,2111,N,VIIRS,l,2,304.99,12.31,D,0
40.09196,-120.97446,345.67,0.43,0.38,2021-07-28,2111,N,VIIRS,n,2,300.91,5.28,D,0
40.09295,-121.46944,350.31,0.42,0.37,2021-07-28,2111,N,VIIRS,n,2,301.91,18.13,D,0
40.09504,-121.14939,335.63,0.43,0.38,2021-07-28,2111,N,VIIRS,n,2,301.46,7.62,D,0
40.09543,-120.97527,331.85,0.43,0.38,2021-07-28,2111,N,VIIRS,n,2,300.37,5.28,D,0
40.09637,-121.47025,338.04,0.42,0.37,2021-07-28,2111,N,VIIRS,n,2,303.35,18.13,D,0
40.09695,-120.99193,330.95,0.43,0.38,2021-07-28,2111,N,VIIRS,l,2,301.95,9.4,D,0
40.09759,-120.98672,342.79,0.43,0.38,2021-07-28,2111,N,VIIRS,n,2,304.63,12.52,D,0
40.09762,-121.46059,333.02,0.42,0.37,2021-07-28,2111,N,VIIRS,l,2,303.22,6.11,D,0
40.09794,-121.48525,333.56,0.42,0.37,2021-07-28,2111,N,VIIRS,n,2,296.69,22.69,D,0
40.0998,-121.13989,347.22,0.43,0.38,2021-07-28,2111,N,VIIRS,n,2,307.36,26.33,D,0
40.09982,-121.47089,355.55,0.42,0.37,2021-07-28,2111,N,VIIRS,n,2,304.49,72.08,D,0
40.10045,-121.46601,348.87,0.42,0.37,2021-07-28,2111,N,VIIRS,n,2,296.59,7.88,D,0
40.10107,-120.9875,348.3,0.43,0.38,2021-07-28,2111,N,VIIRS,n,2,299.49,12.52,D,0
40.10109,-121.46112,350.57,0.42,0.37,2021-07-28,2111,N,VIIRS,n,2,296.94,7.88,D,0
40.10138,-121.48596,344.83,0.42,0.37,2021-07-28,2111,N,VIIRS,n,2,306.69,22.69,D,0
40.10176,-121.0392,338.49,0.43,0.38,2021-07-28,2111,N,VIIRS,n,2,299.46,3.1,D,0
40.10199,-121.48127,351.27,0.42,0.37,2021-07-28,2111,N,VIIRS,n,2,319.65,22.69,D,0
40.10261,-121.47647,338.04,0.42,0.37,2021-07-28,2111,N,VIIRS,n,2,311.26,72.08,D,0
40.10326,-121.47153,367,0.42,0.37,2021-07-28,2111,N,VIIRS,h,2,336.41,72.08,D,0
40.10362,-121.44165,353.58,0.42,0.37,2021-07-28,2111,N,VIIRS,n,2,302.05,10,D,0
40.10643,-121.44723,343.74,0.42,0.37,2021-07-28,2111,N,VIIRS,n,2,305.67,10,D,0
40.10671,-121.47215,351.73,0.42,0.37,2021-07-28,2111,N,VIIRS,n,2,307.12,52.9,D,0
40.10672,-121.14156,333.89,0.43,0.38,2021-07-28,2111,N,VIIRS,n,2,298.42,4.58,D,0
40.10738,-121.13634,335.11,0.43,0.38,2021-07-28,2111,N,VIIRS,n,2,298.87,4.58,D,0
40.10861,-121.45757,335.06,0.42,0.37,2021-07-28,2111,N,VIIRS,n,2,296.67,5.5,D,0
40.10923,-121.45283,340.92,0.42,0.37,2021-07-28,2111,N,VIIRS,n,2,299.17,5.5,D,0
40.11671,-121.4496,339.34,0.42,0.37,2021-07-28,2111,N,VIIRS,n,2,302.07,12.96,D,0
40.12015,-121.45029,347.06,0.42,0.37,2021-07-28,2111,N,VIIRS,n,2,302.29,12.96,D,0
40.13218,-121.13739,337.76,0.43,0.38,2021-07-28,2111,N,VIIRS,n,2,303.9,3.82,D,0
40.14534,-121.14581,342.24,0.43,0.38,2021-07-28,2111,N,VIIRS,n,2,306.21,4.59,D,0
40.14548,-121.43453,354.3,0.42,0.38,2021-07-28,2111,N,VIIRS,n,2,297.51,11.18,D,0
40.1486,-121.4101,341.89,0.42,0.38,2021-07-28,2111,N,VIIRS,n,2,292,8.88,D,0
40.16095,-121.34093,332.04,0.42,0.38,2021-07-28,2111,N,VIIRS,n,2,271.6,4.14,D,0
40.16437,-121.10857,334.03,0.43,0.38,2021-07-28,2111,N,VIIRS,n,2,302.17,3.74,D,0
40.16632,-121.21433,334.35,0.42,0.38,2021-07-28,2111,N,VIIRS,n,2,299.2,2.89,D,0
40.17017,-121.29623,344.41,0.42,0.38,2021-07-28,2111,N,VIIRS,n,2,283.61,5.43,D,0
40.17041,-121.21007,332.1,0.42,0.38,2021-07-28,2111,N,VIIRS,n,2,298.42,3.18,D,0
40.17137,-121.17406,333.96,0.43,0.38,2021-07-28,2111,N,VIIRS,l,2,308.37,29.98,D,0
40.17196,-121.16939,351,0.43,0.38,2021-07-28,2111,N,VIIRS,n,2,305.95,29.98,D,0
40.17255,-121.16473,335.69,0.43,0.38,2021-07-28,2111,N,VIIRS,n,2,301.02,10.26,D,0
40.17298,-121.30202,337.47,0.42,0.38,2021-07-28,2111,N,VIIRS,n,2,280.44,5.02,D,0
40.17361,-121.29708,351.53,0.42,0.38,2021-07-28,2111,N,VIIRS,n,2,285.13,7.27,D,0
40.17643,-121.30282,346.13,0.42,0.38,2021-07-28,2111,N,VIIRS,n,2,280.86,5.02,D,0
40.17705,-121.29794,332.19,0.42,0.38,2021-07-28,2111,N,VIIRS,n,2,278.97,7.27,D,0
40.17732,-121.21168,343.45,0.42,0.38,2021-07-28,2111,N,VIIRS,n,2,298.21,5.29,D,0
40.17766,-121.29311,345.1,0.42,0.38,2021-07-28,2111,N,VIIRS,n,2,283.94,7.27,D,0
40.17768,-121.23694,344.21,0.42,0.38,2021-07-28,2111,N,VIIRS,n,2,299.18,4.87,D,0
40.17827,-121.28833,351.36,0.42,0.38,2021-07-28,2111,N,VIIRS,n,2,286.82,6.21,D,0
40.17987,-121.30361,341.16,0.42,0.38,2021-07-28,2111,N,VIIRS,n,2,280.62,5.22,D,0
40.1801,-121.16122,330.22,0.43,0.38,2021-07-28,2111,N,VIIRS,l,2,300.8,5.64,D,0
40.18049,-121.29875,354.18,0.42,0.38,2021-07-28,2111,N,VIIRS,n,2,280.72,6.54,D,0
40.18115,-121.18119,335.03,0.43,0.38,2021-07-28,2111,N,VIIRS,n,2,302.12,4.88,D,0
40.18175,-121.17646,330.73,0.43,0.38,2021-07-28,2111,N,VIIRS,l,2,302.7,7.93,D,0
40.18332,-121.30437,339.78,0.42,0.38,2021-07-28,2111,N,VIIRS,n,2,282.1,5.22,D,0
40.18394,-121.2995,338.54,0.42,0.38,2021-07-28,2111,N,VIIRS,n,2,279.62,6.54,D,0
40.18426,-121.26908,334.19,0.42,0.38,2021-07-28,2111,N,VIIRS,n,2,293.23,6.36,D,0
40.18461,-121.18195,342.13,0.43,0.38,2021-07-28,2111,N,VIIRS,n,2,301.51,4.88,D,0
40.18491,-121.26398,330.05,0.42,0.38,2021-07-28,2111,N,VIIRS,n,2,293.71,6.36,D,0
40.18521,-121.17719,354.35,0.43,0.38,2021-07-28,2111,N,VIIRS,n,2,307.28,7.93,D,0
40.18582,-121.17238,335.36,0.43,0.38,2021-07-28,2111,N,VIIRS,n,2,301.42,7.93,D,0
40.18708,-121.27486,331.69,0.42,0.38,2021-07-28,2111,N,VIIRS,n,2,295.43,4.29,D,0
40.18773,-121.26974,367,0.42,0.38,2021-07-28,2111,N,VIIRS,h,2,298.55,6.36,D,0
40.18837,-121.26464,354.61,0.42,0.38,2021-07-28,2111,N,VIIRS,n,2,298.35,6.36,D,0
40.19119,-121.27042,354.34,0.42,0.38,2021-07-28,2111,N,VIIRS,n,2,299.5,10.18,D,0
40.19183,-121.26537,340.93,0.42,0.38,2021-07-28,2111,N,VIIRS,n,2,295.16,10.18,D,0
40.19466,-121.27109,348.07,0.42,0.38,2021-07-28,2111,N,VIIRS,n,2,300.08,10.18,D,0
40.1953,-121.26609,348.38,0.42,0.38,2021-07-28,2111,N,VIIRS,n,2,296.06,10.18,D,0
39.92928,-121.16165,305.5,0.42,0.45,2021-07-29,930,N,VIIRS,n,2,288.09,1.79,N,0
39.93027,-121.17245,302.51,0.42,0.45,2021-07-29,930,N,VIIRS,n,2,287.52,1.24,N,0
39.93193,-121.14447,323.24,0.42,0.45,2021-07-29,930,N,VIIRS,n,2,289.27,2.32,N,0
39.93241,-121.14952,331.7,0.42,0.45,2021-07-29,930,N,VIIRS,n,2,291.96,6.06,N,0
39.93394,-121.16607,304.32,0.42,0.45,2021-07-29,930,N,VIIRS,n,2,288.69,1.16,N,0
39.93443,-121.17138,302.4,0.42,0.45,2021-07-29,930,N,VIIRS,n,2,288.3,1.39,N,0
39.93583,-121.18655,302.4,0.42,0.45,2021-07-29,930,N,VIIRS,n,2,286.38,1.18,N,0
39.93614,-121.14409,298.6,0.42,0.45,2021-07-29,930,N,VIIRS,n,2,286.44,2.32,N,0
39.93658,-121.14883,339.12,0.42,0.45,2021-07-29,930,N,VIIRS,n,2,292.12,6.06,N,0
39.93757,-121.15942,300.98,0.42,0.45,2021-07-29,930,N,VIIRS,n,2,287.24,1.16,N,0
39.93808,-121.16496,312.67,0.42,0.45,2021-07-29,930,N,VIIRS,n,2,289.96,1.16,N,0
39.93858,-121.17033,315.14,0.42,0.45,2021-07-29,930,N,VIIRS,n,2,288.92,1.39,N,0
39.93905,-121.17542,303.09,0.42,0.45,2021-07-29,930,N,VIIRS,n,2,287.34,1.39,N,0
39.93999,-121.18559,303.72,0.42,0.45,2021-07-29,930,N,VIIRS,n,2,287.13,1.18,N,0
39.94024,-121.23412,315.32,0.42,0.46,2021-07-29,930,N,VIIRS,n,2,286.08,1.4,N,0
39.94125,-121.15331,310.8,0.42,0.45,2021-07-29,930,N,VIIRS,n,2,287.4,1,N,0
39.94173,-121.1585,316.25,0.42,0.45,2021-07-29,930,N,VIIRS,n,2,288.05,1.71,N,0
39.94223,-121.16389,315.52,0.42,0.45,2021-07-29,930,N,VIIRS,n,2,289.47,1.71,N,0
39.94273,-121.1693,300.9,0.42,0.45,2021-07-29,930,N,VIIRS,n,2,287.65,0.6,N,0
39.94368,-121.17951,309.41,0.42,0.45,2021-07-29,930,N,VIIRS,n,2,286.96,1.95,N,0
39.9459,-121.15774,300.08,0.42,0.45,2021-07-29,930,N,VIIRS,n,2,286.84,1.71,N,0
39.94737,-121.17345,298.99,0.42,0.45,2021-07-29,930,N,VIIRS,n,2,286.89,0.6,N,0
39.95003,-121.11148,325.39,0.42,0.45,2021-07-29,930,N,VIIRS,n,2,290.11,3.02,N,0
39.95009,-121.15717,311.4,0.42,0.45,2021-07-29,930,N,VIIRS,n,2,287.38,1.26,N,0
39.95045,-121.11601,323.42,0.42,0.45,2021-07-29,930,N,VIIRS,n,2,290.54,3.02,N,0
39.95089,-121.12057,322.66,0.42,0.45,2021-07-29,930,N,VIIRS,n,2,290.22,1.73,N,0
39.95103,-121.16714,304.21,0.42,0.45,2021-07-29,930,N,VIIRS,n,2,286.92,1.6,N,0
39.95131,-121.12505,301.49,0.42,0.45,2021-07-29,930,N,VIIRS,n,2,287.83,1.73,N,0
39.95152,-121.17233,303.49,0.42,0.45,2021-07-29,930,N,VIIRS,n,2,287.48,1.6,N,0
39.95174,-121.12958,316.54,0.42,0.45,2021-07-29,930,N,VIIRS,n,2,289.14,2.65,N,0
39.9542,-121.11073,347.16,0.42,0.45,2021-07-29,930,N,VIIRS,n,2,295.78,5.2,N,0
39.95462,-121.1153,304.52,0.42,0.45,2021-07-29,930,N,VIIRS,n,2,290.28,5.2,N,0
39.95549,-121.12439,304.52,0.42,0.45,2021-07-29,930,N,VIIRS,n,2,288.94,1.01,N,0
39.95567,-121.17129,325.67,0.42,0.45,2021-07-29,930,N,VIIRS,n,2,289.79,1.6,N,0
39.95615,-121.17639,303.38,0.42,0.45,2021-07-29,930,N,VIIRS,n,2,287.45,1.43,N,0
39.95663,-121.18154,307.01,0.42,0.45,2021-07-29,930,N,VIIRS,n,2,287.07,1.43,N,0
39.95835,-121.10984,347.64,0.42,0.45,2021-07-29,930,N,VIIRS,n,2,296.45,5.2,N,0
39.95938,-121.16566,299.26,0.42,0.45,2021-07-29,930,N,VIIRS,n,2,287.68,0.65,N,0
39.95984,-121.17045,301.23,0.42,0.45,2021-07-29,930,N,VIIRS,n,2,288.39,0.65,N,0
39.9603,-121.17542,318.92,0.42,0.45,2021-07-29,930,N,VIIRS,n,2,289.14,1.75,N,0
39.96079,-121.18059,319.55,0.42,0.45,2021-07-29,930,N,VIIRS,n,2,289.49,1.75,N,0
39.96085,-121.09166,300.72,0.42,0.45,2021-07-29,930,N,VIIRS,n,2,288.66,2.58,N,0
39.96251,-121.10902,311.38,0.42,0.45,2021-07-29,930,N,VIIRS,n,2,290.97,1.25,N,0
39.96294,-121.1135,301.47,0.42,0.45,2021-07-29,930,N,VIIRS,n,2,289.97,1.25,N,0
39.9646,-121.08656,306.96,0.42,0.45,2021-07-29,930,N,VIIRS,n,2,288.57,1.19,N,0
39.96501,-121.18022,298.85,0.42,0.45,2021-07-29,930,N,VIIRS,n,2,287.37,1.75,N,0
39.96503,-121.09104,329.12,0.42,0.45,2021-07-29,930,N,VIIRS,n,2,292.16,2.58,N,0
39.96828,-121.08069,328.78,0.42,0.45,2021-07-29,930,N,VIIRS,n,2,289.88,1.98,N,0
39.96874,-121.08556,323.74,0.42,0.45,2021-07-29,930,N,VIIRS,n,2,289.78,1.98,N,0
39.96919,-121.09026,307.84,0.42,0.45,2021-07-29,930,N,VIIRS,n,2,289.78,2.19,N,0
39.97239,-121.07946,317.98,0.42,0.45,2021-07-29,930,N,VIIRS,n,2,290.12,1.98,N,0
39.97287,-121.08446,298.61,0.42,0.45,2021-07-29,930,N,VIIRS,n,2,287.64,1.98,N,0
39.97787,-120.87658,339.9,0.41,0.45,2021-07-29,930,N,VIIRS,n,2,289.03,87.67,N,0
39.97866,-120.86971,319.96,0.41,0.45,2021-07-29,930,N,VIIRS,n,2,292.52,17.85,N,0
39.97913,-120.87476,345.87,0.41,0.45,2021-07-29,930,N,VIIRS,n,2,305.85,18.43,N,0
39.97962,-120.88,299.11,0.41,0.45,2021-07-29,930,N,VIIRS,n,2,287.31,18.43,N,0
39.98143,-120.87019,344.54,0.41,0.45,2021-07-29,930,N,VIIRS,n,2,297.21,8.23,N,0
39.98195,-120.87534,343.49,0.41,0.45,2021-07-29,930,N,VIIRS,n,2,292.95,8.23,N,0
39.98273,-120.86846,340.19,0.41,0.45,2021-07-29,930,N,VIIRS,n,2,295.15,17.85,N,0
39.98295,-121.05729,302.41,0.42,0.45,2021-07-29,930,N,VIIRS,n,2,290.34,11.21,N,0
39.9832,-120.87347,367,0.41,0.45,2021-07-29,930,N,VIIRS,h,2,297.5,18.43,N,0
39.9837,-120.87879,301.2,0.41,0.45,2021-07-29,930,N,VIIRS,n,2,288.34,18.43,N,0
39.98386,-121.06669,319.93,0.42,0.45,2021-07-29,930,N,VIIRS,n,2,291.34,8.64,N,0
39.98502,-120.8642,300.75,0.41,0.45,2021-07-29,930,N,VIIRS,n,2,289.73,3.05,N,0
39.9855,-120.86893,354.77,0.41,0.45,2021-07-29,930,N,VIIRS,n,2,298.88,8.23,N,0
39.986,-120.87404,316.89,0.41,0.45,2021-07-29,930,N,VIIRS,n,2,290.54,8.23,N,0
39.98681,-120.8672,352.12,0.41,0.45,2021-07-29,930,N,VIIRS,n,2,297.48,4.14,N,0
39.98711,-121.05662,355.98,0.42,0.45,2021-07-29,930,N,VIIRS,n,2,296.83,11.21,N,0
39.98727,-120.87215,303.2,0.41,0.45,2021-07-29,930,N,VIIRS,n,2,290.03,4.94,N,0
39.98758,-121.06147,367,0.42,0.45,2021-07-29,930,N,VIIRS,h,2,303.55,11.21,N,0
39.98804,-121.06622,347.21,0.42,0.45,2021-07-29,930,N,VIIRS,n,2,297.79,8.64,N,0
39.9908,-121.05103,309.83,0.42,0.45,2021-07-29,930,N,VIIRS,n,2,291.19,3.38,N,0
39.9909,-120.8661,303.56,0.41,0.45,2021-07-29,930,N,VIIRS,n,2,290.84,4.14,N,0
39.99129,-121.0561,328.84,0.42,0.45,2021-07-29,930,N,VIIRS,n,2,292.96,3.83,N,0
39.99182,-121.06149,337.86,0.42,0.45,2021-07-29,930,N,VIIRS,n,2,296.56,3.83,N,0
39.99184,-120.87622,351.25,0.41,0.45,2021-07-29,930,N,VIIRS,n,2,292.62,4.94,N,0
39.9923,-121.06647,320.01,0.42,0.45,2021-07-29,930,N,VIIRS,n,2,293.35,2.45,N,0
39.99401,-121.04063,311.5,0.42,0.45,2021-07-29,930,N,VIIRS,n,2,290.84,1.66,N,0
39.99431,-120.90261,313.27,0.41,0.45,2021-07-29,930,N,VIIRS,n,2,289.68,1.32,N,0
39.99438,-121.03945,312.09,0.42,0.45,2021-07-29,930,N,VIIRS,n,2,290.41,1.33,N,0
39.99447,-121.04538,314.87,0.42,0.45,2021-07-29,930,N,VIIRS,n,2,292.31,3.38,N,0
39.99482,-121.04414,312.94,0.42,0.45,2021-07-29,930,N,VIIRS,n,2,291.7,1.33,N,0
39.99495,-121.05029,344.61,0.42,0.45,2021-07-29,930,N,VIIRS,n,2,294.92,3.38,N,0
39.99527,-121.04908,334.36,0.42,0.45,2021-07-29,930,N,VIIRS,n,2,293.34,3.42,N,0
39.99545,-120.87,306.16,0.41,0.45,2021-07-29,930,N,VIIRS,n,2,290.61,1.84,N,0
39.99548,-121.05572,329.86,0.42,0.45,2021-07-29,930,N,VIIRS,n,2,292.72,3.83,N,0
39.99575,-121.05438,337.11,0.42,0.45,2021-07-29,930,N,VIIRS,n,2,293.93,3.42,N,0
39.99592,-120.87502,318.53,0.41,0.45,2021-07-29,930,N,VIIRS,n,2,290.2,1.84,N,0
39.99605,-121.06151,321.04,0.42,0.45,2021-07-29,930,N,VIIRS,n,2,291.84,3.83,N,0
39.99627,-121.06019,307.8,0.42,0.45,2021-07-29,930,N,VIIRS,n,2,290.92,1.96,N,0
39.99656,-121.06677,305.31,0.42,0.45,2021-07-29,930,N,VIIRS,n,2,291.58,2.45,N,0
39.99678,-121.06567,319.91,0.42,0.45,2021-07-29,930,N,VIIRS,n,2,292.48,1.96,N,0
39.99819,-121.04015,311.5,0.42,0.45,2021-07-29,930,N,VIIRS,n,2,290.49,1.76,N,0
39.99856,-121.03897,304.27,0.42,0.45,2021-07-29,930,N,VIIRS,n,2,290.19,1.33,N,0
39.99866,-121.045,312.31,0.42,0.45,2021-07-29,930,N,VIIRS,n,2,290.24,2.77,N,0
39.999,-121.04382,317.06,0.42,0.45,2021-07-29,930,N,VIIRS,n,2,290.58,1.33,N,0
39.99907,-120.86397,308.36,0.41,0.45,2021-07-29,930,N,VIIRS,n,2,291.34,2.18,N,0
39.99955,-120.86894,316.77,0.41,0.45,2021-07-29,930,N,VIIRS,n,2,292.65,1.84,N,0
39.99969,-121.05546,313.13,0.42,0.45,2021-07-29,930,N,VIIRS,n,2,291.71,2.12,N,0
39.99995,-121.05416,306.82,0.42,0.45,2021-07-29,930,N,VIIRS,n,2,290.93,3.42,N,0
40.00001,-120.87394,303.52,0.41,0.45,2021-07-29,930,N,VIIRS,n,2,288.86,1.84,N,0
40.00027,-121.06133,316.68,0.42,0.45,2021-07-29,930,N,VIIRS,n,2,292.51,2.12,N,0
40.00048,-121.06,312.1,0.42,0.45,2021-07-29,930,N,VIIRS,n,2,292.34,1.96,N,0
40.00049,-120.87898,367,0.41,0.45,2021-07-29,930,N,VIIRS,h,2,297.03,8.2,N,0
40.0008,-121.06686,315.93,0.42,0.45,2021-07-29,930,N,VIIRS,n,2,291.71,1.85,N,0
40.00098,-120.88417,331.89,0.41,0.45,2021-07-29,930,N,VIIRS,n,2,292.12,8.2,N,0
40.001,-121.06564,319.28,0.42,0.45,2021-07-29,930,N,VIIRS,n,2,292.63,1.96,N,0
40.00146,-120.88936,307.79,0.41,0.45,2021-07-29,930,N,VIIRS,n,2,290.01,2.1,N,0
40.00317,-120.86295,319.41,0.41,0.45,2021-07-29,930,N,VIIRS,n,2,292.4,1.55,N,0
40.00363,-120.86786,318.65,0.41,0.45,2021-07-29,930,N,VIIRS,n,2,290.62,2.28,N,0
40.00409,-120.8728,336.54,0.41,0.45,2021-07-29,930,N,VIIRS,n,2,292.26,2.28,N,0
40.00456,-120.87772,320.59,0.41,0.45,2021-07-29,930,N,VIIRS,n,2,291.32,4.44,N,0
40.00504,-121.06684,318.09,0.42,0.45,2021-07-29,930,N,VIIRS,n,2,292.2,1.85,N,0
40.00521,-121.0655,307.18,0.42,0.45,2021-07-29,930,N,VIIRS,n,2,291.34,1.53,N,0
40.00557,-121.07227,308.62,0.42,0.45,2021-07-29,930,N,VIIRS,n,2,290.87,1.85,N,0
40.00571,-121.07106,319.21,0.42,0.45,2021-07-29,930,N,VIIRS,n,2,291.34,1.26,N,0
40.00618,-121.07614,301.84,0.42,0.45,2021-07-29,930,N,VIIRS,n,2,290.08,1.26,N,0
40.00726,-120.86198,304.03,0.41,0.45,2021-07-29,930,N,VIIRS,n,2,289.37,1.55,N,0
40.00815,-120.87133,302.45,0.41,0.45,2021-07-29,930,N,VIIRS,n,2,289.88,2.28,N,0
40.01041,-121.07614,307.98,0.42,0.45,2021-07-29,930,N,VIIRS,n,2,290.27,1.26,N,0
40.01137,-120.86119,308.38,0.41,0.45,2021-07-29,930,N,VIIRS,n,2,288.34,1.16,N,0
40.0118,-120.86563,307.15,0.41,0.45,2021-07-29,930,N,VIIRS,n,2,290.03,2.05,N,0
40.01591,-120.86487,331.4,0.41,0.45,2021-07-29,930,N,VIIRS,n,2,289.9,2.05,N,0
40.01633,-120.86927,304.41,0.41,0.45,2021-07-29,930,N,VIIRS,n,2,290,2.05,N,0
40.01676,-120.87376,324.32,0.41,0.45,2021-07-29,930,N,VIIRS,n,2,292.4,1.78,N,0
40.01721,-120.87843,304.49,0.41,0.45,2021-07-29,930,N,VIIRS,n,2,286.93,1.78,N,0
40.02003,-120.86411,320.66,0.41,0.45,2021-07-29,930,N,VIIRS,n,2,289.28,2.18,N,0
40.02046,-120.86861,325.02,0.41,0.45,2021-07-29,930,N,VIIRS,n,2,290.48,2.18,N,0
40.02089,-120.87308,308.24,0.41,0.45,2021-07-29,930,N,VIIRS,n,2,289.86,1.07,N,0
40.02133,-120.87767,301.08,0.41,0.45,2021-07-29,930,N,VIIRS,n,2,288.65,1.07,N,0
40.02434,-121.40138,327.09,0.43,0.46,2021-07-29,930,N,VIIRS,n,2,287.34,3.96,N,0
40.02694,-121.40025,304.45,0.43,0.46,2021-07-29,930,N,VIIRS,n,2,286.76,1.44,N,0
40.02737,-121.4051,309.39,0.43,0.46,2021-07-29,930,N,VIIRS,n,2,285.7,1.02,N,0
40.03242,-121.39584,301.66,0.43,0.46,2021-07-29,930,N,VIIRS,n,2,286.31,0.7,N,0
40.03456,-120.88455,303.31,0.41,0.45,2021-07-29,930,N,VIIRS,n,2,288.39,0.48,N,0
40.03502,-120.88937,306.77,0.41,0.45,2021-07-29,930,N,VIIRS,n,2,289.91,1.87,N,0
40.03548,-121.3996,305.66,0.43,0.46,2021-07-29,930,N,VIIRS,n,2,286.19,1.16,N,0
40.03714,-121.40025,301.29,0.43,0.46,2021-07-29,930,N,VIIRS,n,2,286.14,1.18,N,0
40.03864,-120.88339,308.44,0.41,0.45,2021-07-29,930,N,VIIRS,n,2,288.65,0.79,N,0
40.03958,-120.89316,300.64,0.41,0.45,2021-07-29,930,N,VIIRS,n,2,289.44,0.99,N,0
40.03992,-121.12005,348.19,0.42,0.45,2021-07-29,930,N,VIIRS,n,2,293.46,6.94,N,0
40.04039,-121.12505,309.26,0.42,0.45,2021-07-29,930,N,VIIRS,n,2,289.13,2.72,N,0
40.04444,-120.85676,305.14,0.41,0.45,2021-07-29,930,N,VIIRS,n,2,289.75,0.83,N,0
40.04604,-120.87327,324.83,0.41,0.45,2021-07-29,930,N,VIIRS,n,2,289.45,2.13,N,0
40.04637,-121.42527,304.01,0.43,0.46,2021-07-29,930,N,VIIRS,n,2,285.14,1.11,N,0
40.04859,-120.85633,305.15,0.41,0.45,2021-07-29,930,N,VIIRS,n,2,290.42,0.83,N,0
40.04943,-120.86504,306.12,0.41,0.45,2021-07-29,930,N,VIIRS,n,2,290.26,1.97,N,0
40.05026,-120.8735,325.18,0.41,0.45,2021-07-29,930,N,VIIRS,n,2,291.99,2.13,N,0
40.05104,-121.42933,312.05,0.43,0.46,2021-07-29,930,N,VIIRS,n,2,288.08,1.11,N,0
40.05152,-121.43468,311.62,0.44,0.46,2021-07-29,930,N,VIIRS,n,2,287.47,2.65,N,0
40.052,-121.44006,326.63,0.44,0.46,2021-07-29,930,N,VIIRS,n,2,286.97,2.65,N,0
40.0523,-120.85136,304.23,0.41,0.45,2021-07-29,930,N,VIIRS,n,2,290.44,4.33,N,0
40.05275,-120.85596,349.76,0.41,0.45,2021-07-29,930,N,VIIRS,n,2,299.78,4.33,N,0
40.0532,-120.86065,313.55,0.41,0.45,2021-07-29,930,N,VIIRS,n,2,291.27,3.97,N,0
40.05364,-120.8652,313.87,0.41,0.45,2021-07-29,930,N,VIIRS,n,2,291.32,3.97,N,0
40.05531,-120.88235,313.64,0.41,0.45,2021-07-29,930,N,VIIRS,n,2,289.76,5.74,N,0
40.05573,-120.88662,323.03,0.41,0.45,2021-07-29,930,N,VIIRS,n,2,288.98,3.06,N,0
40.05621,-121.43888,321.32,0.44,0.46,2021-07-29,930,N,VIIRS,n,2,290.17,3.25,N,0
40.05624,-121.48772,351.52,0.44,0.46,2021-07-29,930,N,VIIRS,n,2,290.18,5.77,N,0
40.05669,-121.44427,332.83,0.44,0.46,2021-07-29,930,N,VIIRS,n,2,290.54,2.42,N,0
40.0567,-121.49294,301.26,0.44,0.46,2021-07-29,930,N,VIIRS,n,2,288.94,5.77,N,0
40.05691,-120.85572,308.28,0.41,0.45,2021-07-29,930,N,VIIRS,n,2,290.23,4.33,N,0
40.05717,-121.44972,302.1,0.44,0.46,2021-07-29,930,N,VIIRS,n,2,288.39,2.42,N,0
40.05873,-120.8744,311.7,0.41,0.45,2021-07-29,930,N,VIIRS,n,2,291.42,2.39,N,0
40.05916,-120.87881,333.25,0.41,0.45,2021-07-29,930,N,VIIRS,n,2,292.46,5.74,N,0
40.05958,-120.88315,367,0.41,0.45,2021-07-29,930,N,VIIRS,h,2,296.83,5.74,N,0
40.06002,-120.88757,313.61,0.41,0.45,2021-07-29,930,N,VIIRS,n,2,290.49,3.06,N,0
40.06005,-121.48196,342,0.44,0.46,2021-07-29,930,N,VIIRS,n,2,289.69,46.31,N,0
40.06052,-121.48727,345.45,0.44,0.46,2021-07-29,930,N,VIIRS,n,2,306.29,55.45,N,0
40.06098,-121.49249,326.22,0.44,0.46,2021-07-29,930,N,VIIRS,n,2,289.93,55.45,N,0
40.06135,-121.44814,312.07,0.44,0.46,2021-07-29,930,N,VIIRS,n,2,289.7,2.42,N,0
40.06145,-121.4978,302.48,0.44,0.46,2021-07-29,930,N,VIIRS,n,2,289.02,1.57,N,0
40.06186,-121.45382,320.38,0.44,0.46,2021-07-29,930,N,VIIRS,n,2,291.57,3.4,N,0
40.06238,-121.45967,327.64,0.44,0.46,2021-07-29,930,N,VIIRS,n,2,291.42,3.4,N,0
40.06289,-121.46539,326.31,0.44,0.46,2021-07-29,930,N,VIIRS,n,2,288.16,2.83,N,0
40.06338,-121.47089,298.27,0.44,0.46,2021-07-29,930,N,VIIRS,n,2,285.87,2.83,N,0
40.06342,-120.87943,333.46,0.41,0.45,2021-07-29,930,N,VIIRS,n,2,292.93,3.46,N,0
40.06385,-121.47621,343.06,0.44,0.46,2021-07-29,930,N,VIIRS,n,2,290.92,46.31,N,0
40.06385,-120.88394,319.13,0.41,0.45,2021-07-29,930,N,VIIRS,n,2,292.14,3.46,N,0
40.06432,-121.48147,327.83,0.44,0.46,2021-07-29,930,N,VIIRS,n,2,321.35,46.31,N,0
40.06479,-121.48669,343.61,0.44,0.46,2021-07-29,930,N,VIIRS,n,2,327.61,55.45,N,0
40.06523,-121.54043,310.86,0.44,0.46,2021-07-29,930,N,VIIRS,n,2,287.77,21.72,N,0
40.06526,-121.49194,327.6,0.44,0.46,2021-07-29,930,N,VIIRS,n,2,289.75,55.45,N,0
40.06574,-121.49733,309.77,0.44,0.46,2021-07-29,930,N,VIIRS,n,2,288.22,1.57,N,0
40.06655,-121.1776,309.53,0.42,0.45,2021-07-29,930,N,VIIRS,n,2,289.8,0.98,N,0
40.06657,-120.91182,334.88,0.41,0.45,2021-07-29,930,N,VIIRS,n,2,291.85,2.54,N,0
40.06703,-121.18265,301.13,0.42,0.45,2021-07-29,930,N,VIIRS,n,2,289.85,1.21,N,0
40.06705,-120.91675,307.89,0.41,0.45,2021-07-29,930,N,VIIRS,n,2,290.06,3.07,N,0
40.06713,-121.46455,342.72,0.44,0.46,2021-07-29,930,N,VIIRS,n,2,294.58,6.56,N,0
40.06763,-121.47004,345.67,0.44,0.46,2021-07-29,930,N,VIIRS,n,2,300.33,6.56,N,0
40.0681,-121.4754,352.38,0.44,0.46,2021-07-29,930,N,VIIRS,n,2,311.7,17.1,N,0
40.06811,-120.88454,328.68,0.41,0.45,2021-07-29,930,N,VIIRS,n,2,292.47,3.46,N,0
40.06857,-121.48067,346.88,0.44,0.46,2021-07-29,930,N,VIIRS,n,2,293.7,17.1,N,0
40.06857,-120.8893,333.26,0.41,0.45,2021-07-29,930,N,VIIRS,n,2,292.31,4.04,N,0
40.06905,-121.48592,317.98,0.44,0.46,2021-07-29,930,N,VIIRS,n,2,289.38,1.95,N,0
40.06905,-120.89413,314.75,0.41,0.45,2021-07-29,930,N,VIIRS,n,2,291.59,4.04,N,0
40.06907,-121.53483,307.46,0.44,0.46,2021-07-29,930,N,VIIRS,n,2,290.06,7.17,N,0
40.06952,-120.89902,323.03,0.41,0.45,2021-07-29,930,N,VIIRS,n,2,291.59,4.48,N,0
40.06953,-121.54008,351.69,0.44,0.46,2021-07-29,930,N,VIIRS,n,2,308.67,21.72,N,0
40.06953,-121.49132,305.54,0.44,0.46,2021-07-29,930,N,VIIRS,n,2,288.51,1.95,N,0
40.07,-121.54537,308.82,0.44,0.46,2021-07-29,930,N,VIIRS,n,2,288.48,21.72,N,0
40.07086,-120.9127,303.2,0.41,0.45,2021-07-29,930,N,VIIRS,n,2,290.6,2.54,N,0
40.07136,-120.91782,324.32,0.41,0.45,2021-07-29,930,N,VIIRS,n,2,291.7,3.07,N,0
40.07138,-121.46373,322.75,0.44,0.46,2021-07-29,930,N,VIIRS,n,2,293.53,6.56,N,0
40.07187,-121.46925,337.65,0.44,0.46,2021-07-29,930,N,VIIRS,n,2,295.02,6.56,N,0
40.07236,-121.47469,304.41,0.44,0.46,2021-07-29,930,N,VIIRS,n,2,290.03,17.1,N,0
40.07283,-120.88982,301,0.41,0.45,2021-07-29,930,N,VIIRS,n,2,289.67,1.5,N,0
40.07285,-121.48015,303.3,0.44,0.46,2021-07-29,930,N,VIIRS,n,2,289.25,17.1,N,0
40.07291,-120.93375,304.42,0.41,0.45,2021-07-29,930,N,VIIRS,n,2,290.55,1.82,N,0
40.07386,-121.53996,311.63,0.44,0.46,2021-07-29,930,N,VIIRS,n,2,289.14,2.06,N,0
40.07563,-121.46294,304.49,0.44,0.46,2021-07-29,930,N,VIIRS,n,2,289.79,6.09,N,0
40.07564,-120.91857,317.02,0.41,0.45,2021-07-29,930,N,VIIRS,n,2,291.07,1.35,N,0
40.07614,-121.46861,339.67,0.44,0.46,2021-07-29,930,N,VIIRS,n,2,292.79,6.09,N,0
40.07665,-120.92896,316.32,0.41,0.45,2021-07-29,930,N,VIIRS,n,2,289.32,2.21,N,0
40.0794,-121.45689,299.49,0.44,0.46,2021-07-29,930,N,VIIRS,n,2,288.06,0.52,N,0
40.07988,-121.46218,311.2,0.44,0.46,2021-07-29,930,N,VIIRS,n,2,290.91,6.09,N,0
40.07988,-120.91895,303.46,0.41,0.45,2021-07-29,930,N,VIIRS,n,2,287.37,1.35,N,0
40.08036,-120.92388,310.24,0.41,0.45,2021-07-29,930,N,VIIRS,n,2,287.37,1.35,N,0
40.0804,-121.46793,349.58,0.44,0.46,2021-07-29,930,N,VIIRS,n,2,297.45,6.09,N,0
40.08415,-121.46161,312.53,0.44,0.46,2021-07-29,930,N,VIIRS,n,2,291.84,1.78,N,0
40.08466,-121.46724,316.92,0.44,0.46,2021-07-29,930,N,VIIRS,n,2,291.6,1.78,N,0
40.08665,-121.48934,312.87,0.44,0.46,2021-07-29,930,N,VIIRS,n,2,288.87,3.62,N,0
40.08765,-121.50037,299.74,0.44,0.46,2021-07-29,930,N,VIIRS,n,2,287.41,8.56,N,0
40.08814,-121.50583,303.27,0.44,0.46,2021-07-29,930,N,VIIRS,n,2,288.12,11.84,N,0
40.08863,-121.51131,327.81,0.44,0.46,2021-07-29,930,N,VIIRS,n,2,287.31,11.84,N,0
40.08891,-121.46641,304.54,0.44,0.46,2021-07-29,930,N,VIIRS,n,2,289.44,1.78,N,0
40.08912,-121.51674,299.93,0.44,0.46,2021-07-29,930,N,VIIRS,n,2,286.8,1.9,N,0
40.0894,-121.47189,355.72,0.44,0.46,2021-07-29,930,N,VIIRS,n,2,293.58,15.1,N,0
40.08989,-121.47726,352.02,0.44,0.46,2021-07-29,930,N,VIIRS,n,2,291.26,15.1,N,0
40.09039,-121.48278,324.61,0.44,0.46,2021-07-29,930,N,VIIRS,n,2,290.41,3.62,N,0
40.09089,-121.48837,327.17,0.44,0.46,2021-07-29,930,N,VIIRS,n,2,290.2,3.62,N,0
40.09139,-121.49386,341.3,0.44,0.46,2021-07-29,930,N,VIIRS,n,2,291.95,8.56,N,0
40.09189,-121.4994,347.49,0.44,0.46,2021-07-29,930,N,VIIRS,n,2,292.11,8.56,N,0
40.0924,-121.50497,352.7,0.44,0.46,2021-07-29,930,N,VIIRS,n,2,292.32,11.84,N,0
40.0929,-121.51061,367,0.44,0.46,2021-07-29,930,N,VIIRS,h,2,293.47,11.84,N,0
40.0934,-121.5161,307.65,0.44,0.46,2021-07-29,930,N,VIIRS,n,2,286.72,1.9,N,0
40.09362,-121.47072,339.34,0.44,0.46,2021-07-29,930,N,VIIRS,n,2,295.08,29.08,N,0
40.09377,-121.15017,311.93,0.42,0.45,2021-07-29,930,N,VIIRS,n,2,288.71,1.15,N,0
40.09388,-121.52143,299.33,0.44,0.46,2021-07-29,930,N,VIIRS,n,2,286.66,1.9,N,0
40.09412,-121.4762,341.79,0.44,0.46,2021-07-29,930,N,VIIRS,n,2,310.79,29.08,N,0
40.09462,-121.48176,351.68,0.44,0.46,2021-07-29,930,N,VIIRS,n,2,294.46,26.64,N,0
40.09513,-121.4874,354.12,0.44,0.46,2021-07-29,930,N,VIIRS,n,2,300.54,26.64,N,0
40.09563,-121.4929,367,0.44,0.46,2021-07-29,930,N,VIIRS,h,2,299.27,17.42,N,0
40.09588,-120.98431,302.15,0.41,0.45,2021-07-29,930,N,VIIRS,n,2,289.53,1.31,N,0
40.09613,-121.49847,367,0.44,0.46,2021-07-29,930,N,VIIRS,h,2,298.81,17.42,N,0
40.09664,-121.50409,355.37,0.44,0.46,2021-07-29,930,N,VIIRS,n,2,299.08,7.38,N,0
40.09688,-121.45908,299.21,0.44,0.46,2021-07-29,930,N,VIIRS,n,2,286.34,2.38,N,0
40.09705,-121.13999,309.91,0.42,0.45,2021-07-29,930,N,VIIRS,n,2,289.13,1.21,N,0
40.09716,-121.50974,318.2,0.44,0.46,2021-07-29,930,N,VIIRS,n,2,287.62,7.38,N,0
40.09743,-121.14409,336.61,0.42,0.45,2021-07-29,930,N,VIIRS,n,2,290.33,2.5,N,0
40.09765,-121.51524,304.16,0.44,0.46,2021-07-29,930,N,VIIRS,n,2,286.97,1.73,N,0
40.09787,-121.46999,301.3,0.44,0.46,2021-07-29,930,N,VIIRS,n,2,289.51,29.08,N,0
40.09817,-120.97673,301.04,0.41,0.45,2021-07-29,930,N,VIIRS,n,2,289.76,0.91,N,0
40.09837,-121.4754,346.85,0.44,0.46,2021-07-29,930,N,VIIRS,n,2,305.34,29.08,N,0
40.09859,-120.98103,308.01,0.41,0.45,2021-07-29,930,N,VIIRS,n,2,289.66,1.23,N,0
40.09887,-121.48091,353.77,0.44,0.46,2021-07-29,930,N,VIIRS,n,2,294.96,26.64,N,0
40.09901,-120.98538,315.94,0.41,0.45,2021-07-29,930,N,VIIRS,n,2,290.32,1.23,N,0
40.09939,-121.48666,367,0.44,0.46,2021-07-29,930,N,VIIRS,h,2,306.03,26.64,N,0
40.09945,-120.98985,303.99,0.41,0.45,2021-07-29,930,N,VIIRS,n,2,290.12,1.2,N,0
40.09963,-120.97935,318.31,0.41,0.45,2021-07-29,930,N,VIIRS,n,2,291.12,2.85,N,0
40.09991,-121.49235,328.3,0.44,0.46,2021-07-29,930,N,VIIRS,n,2,292.29,17.42,N,0
40.10003,-120.98367,306.41,0.41,0.45,2021-07-29,930,N,VIIRS,n,2,289.64,1.31,N,0
40.10011,-121.03994,332.35,0.42,0.45,2021-07-29,930,N,VIIRS,n,2,290.48,4.31,N,0
40.10022,-121.44839,304.71,0.44,0.46,2021-07-29,930,N,VIIRS,n,2,288.06,2.2,N,0
40.10041,-121.49792,310.93,0.44,0.46,2021-07-29,930,N,VIIRS,n,2,286.87,17.42,N,0
40.10044,-120.98811,306.3,0.41,0.45,2021-07-29,930,N,VIIRS,n,2,290.58,1.31,N,0
40.10071,-121.45378,304.24,0.44,0.46,2021-07-29,930,N,VIIRS,n,2,289.27,2.2,N,0
40.10082,-121.03825,311.63,0.42,0.45,2021-07-29,930,N,VIIRS,n,2,288.64,1.61,N,0
40.10091,-121.50336,307.23,0.44,0.46,2021-07-29,930,N,VIIRS,n,2,286.39,7.38,N,0
40.10121,-121.45921,318.89,0.44,0.46,2021-07-29,930,N,VIIRS,n,2,290.92,2.1,N,0
40.10122,-121.13922,300.91,0.42,0.45,2021-07-29,930,N,VIIRS,n,2,289.06,1.21,N,0
40.10123,-121.04269,326.14,0.42,0.45,2021-07-29,930,N,VIIRS,n,2,290.51,2.83,N,0
40.10139,-121.50872,300.55,0.44,0.46,2021-07-29,930,N,VIIRS,n,2,286.93,7.38,N,0
40.10162,-121.14333,299.14,0.42,0.45,2021-07-29,930,N,VIIRS,n,2,287.43,2.5,N,0
40.1017,-121.46456,312.01,0.44,0.46,2021-07-29,930,N,VIIRS,n,2,290.97,2.1,N,0
40.10218,-121.46978,314.64,0.44,0.46,2021-07-29,930,N,VIIRS,n,2,294.43,4.23,N,0
40.10264,-121.47488,347.67,0.44,0.46,2021-07-29,930,N,VIIRS,n,2,300.45,4.23,N,0
40.10275,-120.98046,303.84,0.41,0.45,2021-07-29,930,N,VIIRS,n,2,290.09,1.23,N,0
40.10313,-121.48022,304.71,0.44,0.46,2021-07-29,930,N,VIIRS,n,2,290.37,2.75,N,0
40.10403,-121.44293,322.69,0.44,0.46,2021-07-29,930,N,VIIRS,n,2,288.1,2.73,N,0
40.10453,-121.44832,319.87,0.44,0.46,2021-07-29,930,N,VIIRS,n,2,292.27,2.2,N,0
40.10502,-121.4537,319.33,0.44,0.46,2021-07-29,930,N,VIIRS,n,2,292.58,2.2,N,0
40.10541,-121.13853,322.08,0.42,0.45,2021-07-29,930,N,VIIRS,n,2,289.22,2.21,N,0
40.10552,-121.45907,314.87,0.44,0.46,2021-07-29,930,N,VIIRS,n,2,292.48,2.1,N,0
40.10582,-121.14281,309.63,0.42,0.45,2021-07-29,930,N,VIIRS,n,2,288.32,2.23,N,0
40.106,-121.46439,310.92,0.44,0.46,2021-07-29,930,N,VIIRS,n,2,291.49,2.1,N,0
40.10648,-121.46963,305.08,0.44,0.46,2021-07-29,930,N,VIIRS,n,2,291.54,4.23,N,0
40.1096,-121.13783,316.41,0.42,0.45,2021-07-29,930,N,VIIRS,n,2,289.22,2.21,N,0
40.10971,-121.13619,300.14,0.42,0.45,2021-07-29,930,N,VIIRS,n,2,288.26,0.62,N,0
40.11014,-121.14095,303.38,0.42,0.45,2021-07-29,930,N,VIIRS,n,2,287.88,0.62,N,0
40.1147,-121.32607,295.8,0.43,0.46,2021-07-29,930,N,VIIRS,n,2,281.7,0.4,N,0
40.11753,-121.31055,304.28,0.43,0.46,2021-07-29,930,N,VIIRS,n,2,285.74,0.92,N,0
40.11776,-121.45124,304.09,0.44,0.46,2021-07-29,930,N,VIIRS,n,2,288.15,1.38,N,0
40.11797,-121.31531,298.26,0.43,0.46,2021-07-29,930,N,VIIRS,n,2,285.95,0.92,N,0
40.13142,-121.14101,332.49,0.42,0.45,2021-07-29,930,N,VIIRS,n,2,288.62,3.66,N,0
40.13557,-121.13996,310.51,0.42,0.45,2021-07-29,930,N,VIIRS,n,2,288.17,1.33,N,0
40.13974,-121.13901,310.74,0.42,0.45,2021-07-29,930,N,VIIRS,n,2,287.14,1.33,N,0
40.14412,-121.37626,302.09,0.43,0.46,2021-07-29,930,N,VIIRS,n,2,287.65,1.27,N,0
40.14456,-121.38123,319.66,0.43,0.46,2021-07-29,930,N,VIIRS,n,2,289.48,2.87,N,0
40.1448,-121.14772,300.22,0.42,0.45,2021-07-29,930,N,VIIRS,n,2,287.87,0.81,N,0
40.14525,-121.43758,305.97,0.44,0.46,2021-07-29,930,N,VIIRS,n,2,288.8,1.23,N,0
40.1463,-121.43322,301.95,0.44,0.46,2021-07-29,930,N,VIIRS,n,2,288.65,0.81,N,0
40.14631,-121.40076,301.15,0.43,0.46,2021-07-29,930,N,VIIRS,n,2,287.05,1.37,N,0
40.14718,-121.41063,311.61,0.44,0.46,2021-07-29,930,N,VIIRS,n,2,288.89,2.53,N,0
40.14882,-121.38062,304.83,0.43,0.46,2021-07-29,930,N,VIIRS,n,2,285.57,1.1,N,0
40.151,-121.40511,309.46,0.43,0.46,2021-07-29,930,N,VIIRS,n,2,288.35,1.23,N,0
40.15144,-121.40994,315.32,0.44,0.46,2021-07-29,930,N,VIIRS,n,2,288.26,3.23,N,0
40.1571,-121.42519,303.28,0.44,0.46,2021-07-29,930,N,VIIRS,n,2,287.37,1.49,N,0
40.15799,-121.33916,331.7,0.43,0.46,2021-07-29,930,N,VIIRS,n,2,286.62,2.75,N,0
40.15844,-121.34417,312.61,0.43,0.46,2021-07-29,930,N,VIIRS,n,2,287.3,2.75,N,0
40.15952,-121.40392,307.21,0.43,0.46,2021-07-29,930,N,VIIRS,n,2,288.32,1.51,N,0
40.16042,-121.41405,299.59,0.44,0.46,2021-07-29,930,N,VIIRS,n,2,287.4,2.39,N,0
40.16093,-121.41985,316.06,0.44,0.46,2021-07-29,930,N,VIIRS,n,2,288.81,3.02,N,0
40.1618,-121.33383,325.29,0.43,0.46,2021-07-29,930,N,VIIRS,n,2,289.2,2.58,N,0
40.16223,-121.33857,341.94,0.43,0.46,2021-07-29,930,N,VIIRS,n,2,293.6,3.17,N,0
40.16265,-121.34328,313.31,0.43,0.46,2021-07-29,930,N,VIIRS,n,2,289.2,3.17,N,0
40.16309,-121.348,306.4,0.43,0.46,2021-07-29,930,N,VIIRS,n,2,288.82,1.79,N,0
40.1643,-121.31409,301.78,0.43,0.46,2021-07-29,930,N,VIIRS,n,2,289.73,1.33,N,0
40.16472,-121.31872,307.4,0.43,0.46,2021-07-29,930,N,VIIRS,n,2,289.42,1.89,N,0
40.16561,-121.32848,315.08,0.43,0.46,2021-07-29,930,N,VIIRS,n,2,289.21,2.58,N,0
40.16599,-121.19269,315.7,0.42,0.46,2021-07-29,930,N,VIIRS,n,2,288.41,0.68,N,3
40.16604,-121.33316,318.73,0.43,0.46,2021-07-29,930,N,VIIRS,n,2,291.38,2.58,N,0
40.16631,-121.38369,325.29,0.43,0.46,2021-07-29,930,N,VIIRS,n,2,290.18,1.71,N,0
40.16646,-121.33778,304.69,0.43,0.46,2021-07-29,930,N,VIIRS,n,2,288.48,3.17,N,0
40.16671,-121.10912,301.33,0.42,0.45,2021-07-29,930,N,VIIRS,n,2,285.27,0.42,N,0
40.16677,-121.38885,317.52,0.43,0.46,2021-07-29,930,N,VIIRS,n,2,287.49,1.39,N,0
40.16722,-121.29908,309.9,0.43,0.46,2021-07-29,930,N,VIIRS,n,2,288.16,1.86,N,0
40.16723,-121.20609,302.82,0.42,0.46,2021-07-29,930,N,VIIRS,n,2,288.61,1.24,N,0
40.16724,-121.3941,296.29,0.43,0.46,2021-07-29,930,N,VIIRS,n,2,284.94,1.39,N,0
40.1676,-121.16414,354.51,0.42,0.45,2021-07-29,930,N,VIIRS,n,2,292.4,9.7,N,0
40.16765,-121.2106,310.12,0.43,0.46,2021-07-29,930,N,VIIRS,n,2,289.82,1.24,N,0
40.1677,-121.39912,317.26,0.43,0.46,2021-07-29,930,N,VIIRS,n,2,287.74,1.58,N,0
40.16808,-121.2152,317.01,0.43,0.46,2021-07-29,930,N,VIIRS,n,2,290.37,2.43,N,0
40.16814,-121.40405,314.18,0.43,0.46,2021-07-29,930,N,VIIRS,n,2,289.55,1.58,N,0
40.16817,-121.17023,343.09,0.42,0.45,2021-07-29,930,N,VIIRS,n,2,290.86,9.7,N,0
40.1686,-121.40919,304.74,0.44,0.46,2021-07-29,930,N,VIIRS,n,2,288.38,0.84,N,0
40.16872,-121.17611,297.75,0.42,0.45,2021-07-29,930,N,VIIRS,n,2,287.05,1.3,N,0
40.16898,-121.31842,302.85,0.43,0.46,2021-07-29,930,N,VIIRS,n,2,287.57,1.91,N,0
40.16941,-121.3231,314.59,0.43,0.46,2021-07-29,930,N,VIIRS,n,2,289.14,1.91,N,0
40.16983,-121.32774,320.22,0.43,0.46,2021-07-29,930,N,VIIRS,n,2,289.63,3.35,N,0
40.17019,-121.19203,299.96,0.42,0.46,2021-07-29,930,N,VIIRS,n,2,286.83,0.68,N,0
40.17062,-121.3838,299.19,0.43,0.46,2021-07-29,930,N,VIIRS,n,2,283.61,1.71,N,0
40.17097,-121.29322,316.4,0.43,0.46,2021-07-29,930,N,VIIRS,n,2,289.05,2.75,N,0
40.17143,-121.2982,317.98,0.43,0.46,2021-07-29,930,N,VIIRS,n,2,291.16,1.86,N,0
40.17143,-121.20537,303.2,0.42,0.46,2021-07-29,930,N,VIIRS,n,2,289.3,1.24,N,0
40.1716,-121.34702,307.29,0.43,0.46,2021-07-29,930,N,VIIRS,n,2,290.46,1.55,N,0
40.17176,-121.16302,309,0.42,0.45,2021-07-29,930,N,VIIRS,n,2,287.06,1.62,N,0
40.17184,-121.20977,308.16,0.43,0.46,2021-07-29,930,N,VIIRS,n,2,290.7,1.24,N,0
40.17188,-121.30315,311.11,0.43,0.46,2021-07-29,930,N,VIIRS,n,2,289.11,1.86,N,0
40.17208,-121.35245,319.32,0.43,0.46,2021-07-29,930,N,VIIRS,n,2,288.9,1.55,N,0
40.17231,-121.16896,316.69,0.42,0.45,2021-07-29,930,N,VIIRS,n,2,289.02,1.62,N,0
40.17279,-121.31304,317.09,0.43,0.46,2021-07-29,930,N,VIIRS,n,2,290.22,2.09,N,0
40.17322,-121.31779,321.3,0.43,0.46,2021-07-29,930,N,VIIRS,n,2,290.95,1.91,N,0
40.17365,-121.32243,315.45,0.43,0.46,2021-07-29,930,N,VIIRS,n,2,290.74,1.91,N,0
40.17467,-121.28674,304.72,0.43,0.46,2021-07-29,930,N,VIIRS,n,2,289.92,1.67,N,0
40.17514,-121.29196,303.69,0.43,0.46,2021-07-29,930,N,VIIRS,n,2,289.32,1.67,N,0
40.17562,-121.29718,316.82,0.43,0.46,2021-07-29,930,N,VIIRS,n,2,290.62,2.59,N,0
40.17564,-121.20461,301.42,0.42,0.46,2021-07-29,930,N,VIIRS,n,2,289.72,1.49,N,0
40.17605,-121.20907,315.71,0.43,0.46,2021-07-29,930,N,VIIRS,n,2,290.02,1.49,N,0
40.1761,-121.30235,315.02,0.43,0.46,2021-07-29,930,N,VIIRS,n,2,290.12,2.59,N,0
40.17648,-121.2137,303.89,0.43,0.46,2021-07-29,930,N,VIIRS,n,2,288.77,1.16,N,0
40.17656,-121.30736,299.19,0.43,0.46,2021-07-29,930,N,VIIRS,n,2,288.21,1.01,N,0
40.17844,-121.23486,297.72,0.43,0.46,2021-07-29,930,N,VIIRS,n,2,287.52,0.77,N,0
40.17882,-121.28529,306.6,0.43,0.46,2021-07-29,930,N,VIIRS,n,2,290.49,1.67,N,0
40.17894,-121.2402,299.84,0.43,0.46,2021-07-29,930,N,VIIRS,n,2,286.86,0.77,N,0
40.17932,-121.29068,324.59,0.43,0.46,2021-07-29,930,N,VIIRS,n,2,292.77,1.67,N,0
40.17982,-121.29611,332.04,0.43,0.46,2021-07-29,930,N,VIIRS,n,2,292.67,2.59,N,0
40.18018,-121.16196,303.37,0.42,0.45,2021-07-29,930,N,VIIRS,n,2,286.45,0.71,N,0
40.18027,-121.20853,317.07,0.43,0.46,2021-07-29,930,N,VIIRS,n,2,290.62,1.49,N,0
40.18031,-121.30148,312.38,0.43,0.46,2021-07-29,930,N,VIIRS,n,2,289.9,2.59,N,0
40.18036,-121.25547,295.37,0.43,0.46,2021-07-29,930,N,VIIRS,n,2,284.97,0.53,N,0
40.18071,-121.21326,300.56,0.43,0.46,2021-07-29,930,N,VIIRS,n,2,288.32,1.16,N,0
40.18078,-121.3066,304.83,0.43,0.46,2021-07-29,930,N,VIIRS,n,2,287.77,1.01,N,0
40.18079,-121.2602,298.61,0.43,0.46,2021-07-29,930,N,VIIRS,n,2,288.17,0.53,N,0
40.18123,-121.31149,298.76,0.43,0.46,2021-07-29,930,N,VIIRS,n,2,287.93,1.01,N,0
40.18123,-121.26497,310.67,0.43,0.46,2021-07-29,930,N,VIIRS,n,2,289.37,1.56,N,0
40.18172,-121.17841,314.6,0.42,0.45,2021-07-29,930,N,VIIRS,n,2,286.97,2.82,N,0
40.18216,-121.22885,300.83,0.43,0.46,2021-07-29,930,N,VIIRS,n,2,288.47,1.23,N,0
40.18225,-121.18417,314.77,0.42,0.45,2021-07-29,930,N,VIIRS,n,2,286.35,1.47,N,0
40.18267,-121.23437,306.38,0.43,0.46,2021-07-29,930,N,VIIRS,n,2,287.73,0.77,N,0
40.18305,-121.28464,307.72,0.43,0.46,2021-07-29,930,N,VIIRS,n,2,289.82,1.11,N,0
40.18317,-121.23975,296.33,0.43,0.46,2021-07-29,930,N,VIIRS,n,2,284.72,0.77,N,0
40.18354,-121.28992,300.53,0.43,0.46,2021-07-29,930,N,VIIRS,n,2,289.67,1.11,N,0
40.18365,-121.19901,304.26,0.42,0.46,2021-07-29,930,N,VIIRS,n,2,288.09,0.87,N,0
40.18453,-121.30067,336.08,0.43,0.46,2021-07-29,930,N,VIIRS,n,2,291.05,4.92,N,0
40.1849,-121.16685,296.19,0.42,0.45,2021-07-29,930,N,VIIRS,n,2,284.67,0.71,N,0
40.18496,-121.21306,298.56,0.43,0.46,2021-07-29,930,N,VIIRS,n,2,287.43,1.31,N,0
40.185,-121.30584,317.24,0.43,0.46,2021-07-29,930,N,VIIRS,n,2,288.93,2.31,N,0
40.18504,-121.25987,299.92,0.43,0.46,2021-07-29,930,N,VIIRS,n,2,286.08,0.53,N,0
40.18539,-121.17202,309.41,0.42,0.45,2021-07-29,930,N,VIIRS,n,2,285.94,2.82,N,0
40.18542,-121.21793,307.02,0.43,0.46,2021-07-29,930,N,VIIRS,n,2,289.01,1.31,N,0
40.18546,-121.31076,314.07,0.43,0.46,2021-07-29,930,N,VIIRS,n,2,288.53,2.31,N,0
40.18549,-121.26468,306.01,0.43,0.46,2021-07-29,930,N,VIIRS,n,2,288.16,1.56,N,0
40.18589,-121.22301,314.43,0.43,0.46,2021-07-29,930,N,VIIRS,n,2,290.07,1.42,N,0
40.18591,-121.17756,337.84,0.42,0.45,2021-07-29,930,N,VIIRS,n,2,288.54,2.82,N,0
40.18593,-121.2695,306.45,0.43,0.46,2021-07-29,930,N,VIIRS,n,2,289.27,1.56,N,0
40.18638,-121.27425,301.45,0.43,0.46,2021-07-29,930,N,VIIRS,n,2,289.27,2.58,N,0
40.18639,-121.2284,312.09,0.43,0.46,2021-07-29,930,N,VIIRS,n,2,289.76,1.42,N,0
40.18643,-121.18321,302.27,0.42,0.45,2021-07-29,930,N,VIIRS,n,2,287.14,1.47,N,0
40.1869,-121.23389,306.91,0.43,0.46,2021-07-29,930,N,VIIRS,n,2,287.28,2.02,N,0
40.18729,-121.2842,302.56,0.43,0.46,2021-07-29,930,N,VIIRS,n,2,288.95,1.11,N,0
40.18922,-121.21284,303.78,0.43,0.46,2021-07-29,930,N,VIIRS,n,2,288.17,1.31,N,0
40.18967,-121.21773,314.89,0.43,0.46,2021-07-29,930,N,VIIRS,n,2,289.98,1.31,N,0
40.18973,-121.26428,311.9,0.43,0.46,2021-07-29,930,N,VIIRS,n,2,288.65,2.05,N,0
40.19014,-121.22276,298.83,0.43,0.46,2021-07-29,930,N,VIIRS,n,2,288.22,1.42,N,0
40.19019,-121.26913,320.42,0.43,0.46,2021-07-29,930,N,VIIRS,n,2,290.42,2.05,N,0
40.19063,-121.22797,307.65,0.43,0.46,2021-07-29,930,N,VIIRS,n,2,288.01,1.42,N,0
40.19064,-121.27401,313.63,0.43,0.46,2021-07-29,930,N,VIIRS,n,2,289.11,1.97,N,0
40.19109,-121.27895,301.02,0.43,0.46,2021-07-29,930,N,VIIRS,n,2,288.04,1.97,N,0
40.19157,-121.28403,306.99,0.43,0.46,2021-07-29,930,N,VIIRS,n,2,287.33,0.87,N,0
40.19439,-121.22248,314.59,0.43,0.46,2021-07-29,930,N,VIIRS,n,2,288.44,1.86,N,0
40.19443,-121.2687,313.74,0.43,0.46,2021-07-29,930,N,VIIRS,n,2,288.17,2.05,N,0
40.19487,-121.22759,300.11,0.43,0.46,2021-07-29,930,N,VIIRS,n,2,286.85,1.86,N,0
40.19722,-121.20717,296.24,0.43,0.46,2021-07-29,930,N,VIIRS,n,2,283.24,0.7,N,0
40.201,-121.24741,304.39,0.43,0.46,2021-07-29,930,N,VIIRS,n,2,283.74,0.4,N,0
39.93031,-121.14999,307.94,0.72,0.76,2021-07-29,1110,N,VIIRS,n,2,283.36,6.55,N,0
39.93682,-121.14634,342.99,0.72,0.76,2021-07-29,1110,N,VIIRS,n,2,285.07,6.55,N,0
39.93686,-121.16953,301.29,0.72,0.75,2021-07-29,1110,N,VIIRS,n,2,282.59,4.09,N,0
39.93943,-121.15414,301.79,0.72,0.76,2021-07-29,1110,N,VIIRS,n,2,281.75,5.46,N,0
39.94172,-121.16096,307.48,0.72,0.76,2021-07-29,1110,N,VIIRS,n,2,282.67,5.46,N,0
39.95358,-121.17338,295.93,0.72,0.75,2021-07-29,1110,N,VIIRS,n,2,282.37,2.02,N,0
39.95617,-121.18112,299,0.72,0.75,2021-07-29,1110,N,VIIRS,n,2,282.3,1.85,N,0
39.96291,-121.17822,300.08,0.72,0.75,2021-07-29,1110,N,VIIRS,n,2,283.22,1.85,N,0
39.96616,-121.07464,306.51,0.72,0.76,2021-07-29,1110,N,VIIRS,n,2,285.34,2.69,N,0
39.96753,-121.07611,313.63,0.72,0.76,2021-07-29,1110,N,VIIRS,n,2,285.76,3.04,N,0
39.96927,-121.08383,310.27,0.72,0.76,2021-07-29,1110,N,VIIRS,n,2,285.61,4.63,N,0
39.97053,-121.08514,303.95,0.72,0.76,2021-07-29,1110,N,VIIRS,n,2,285.12,3.04,N,0
39.97657,-120.87498,329.52,0.74,0.76,2021-07-29,1110,N,VIIRS,n,2,286.51,7.35,N,0
39.98116,-120.86542,306.05,0.74,0.76,2021-07-29,1110,N,VIIRS,n,2,286.59,4.23,N,0
39.98362,-120.85916,300.15,0.74,0.76,2021-07-29,1110,N,VIIRS,n,2,285.65,3.15,N,0
39.98401,-120.87389,324.43,0.74,0.76,2021-07-29,1110,N,VIIRS,n,2,287.63,4.23,N,0
39.98432,-121.05953,311.06,0.72,0.76,2021-07-29,1110,N,VIIRS,n,2,286.3,3.53,N,0
39.98553,-121.06043,317.91,0.72,0.76,2021-07-29,1110,N,VIIRS,n,2,287.12,6.21,N,0
39.98688,-120.86869,316.75,0.74,0.76,2021-07-29,1110,N,VIIRS,n,2,287.19,3.15,N,0
39.98729,-121.0683,321.05,0.72,0.76,2021-07-29,1110,N,VIIRS,n,2,286.15,3.53,N,0
39.98833,-121.0689,319.03,0.72,0.76,2021-07-29,1110,N,VIIRS,n,2,286.17,6.66,N,0
39.9887,-120.86462,311.7,0.74,0.76,2021-07-29,1110,N,VIIRS,n,2,286.87,4.23,N,0
39.98917,-121.04808,302.53,0.72,0.76,2021-07-29,1110,N,VIIRS,n,2,285,2.95,N,0
39.98943,-120.87611,317.65,0.74,0.76,2021-07-29,1110,N,VIIRS,n,2,286.7,5.93,N,0
39.9906,-121.05515,315.24,0.72,0.76,2021-07-29,1110,N,VIIRS,n,2,285.64,3.53,N,0
39.99146,-120.8728,333.56,0.74,0.76,2021-07-29,1110,N,VIIRS,n,2,287.36,4.23,N,0
39.99173,-121.05582,314.74,0.72,0.76,2021-07-29,1110,N,VIIRS,n,2,285.21,2.95,N,0
39.99269,-121.06136,305.96,0.72,0.76,2021-07-29,1110,N,VIIRS,n,2,285.81,3.53,N,0
39.99366,-121.06162,300.38,0.72,0.76,2021-07-29,1110,N,VIIRS,n,2,285.96,3.27,N,0
39.99414,-120.86701,304.78,0.74,0.76,2021-07-29,1110,N,VIIRS,n,2,286.46,3.15,N,0
39.99456,-121.0439,302.04,0.72,0.76,2021-07-29,1110,N,VIIRS,n,2,283.89,1.95,N,0
39.99576,-121.04462,301.91,0.72,0.76,2021-07-29,1110,N,VIIRS,n,2,284.53,2.95,N,0
39.99681,-120.87482,316.53,0.74,0.76,2021-07-29,1110,N,VIIRS,n,2,287.01,5.93,N,0
39.99707,-121.05135,298.66,0.72,0.76,2021-07-29,1110,N,VIIRS,n,2,284.54,2.9,N,0
39.99866,-120.87104,308.95,0.74,0.76,2021-07-29,1110,N,VIIRS,n,2,286.96,3.25,N,0
39.99897,-121.05698,306.77,0.72,0.76,2021-07-29,1110,N,VIIRS,n,2,284.79,2.9,N,0
39.99932,-120.88216,326.23,0.74,0.76,2021-07-29,1110,N,VIIRS,n,2,287.59,5.93,N,0
39.99996,-121.05729,309.11,0.72,0.76,2021-07-29,1110,N,VIIRS,n,2,285.12,3.27,N,0
40.00044,-121.03831,301.4,0.72,0.76,2021-07-29,1110,N,VIIRS,n,2,282.68,1.95,N,0
40.00073,-121.06219,307.17,0.72,0.76,2021-07-29,1110,N,VIIRS,n,2,285.97,3.41,N,0
40.00127,-120.87879,325.69,0.74,0.76,2021-07-29,1110,N,VIIRS,n,2,287.71,5.04,N,0
40.00136,-120.86523,307.02,0.74,0.76,2021-07-29,1110,N,VIIRS,n,2,286.9,2.7,N,0
40.00171,-121.06256,309.17,0.72,0.76,2021-07-29,1110,N,VIIRS,n,2,286.11,3.27,N,0
40.00184,-120.88956,305.11,0.74,0.76,2021-07-29,1110,N,VIIRS,n,2,286.52,6.32,N,0
40.00266,-121.0679,314.46,0.72,0.76,2021-07-29,1110,N,VIIRS,n,2,286.41,3.41,N,0
40.00357,-121.06818,309.74,0.72,0.76,2021-07-29,1110,N,VIIRS,n,2,286.09,5.24,N,0
40.00389,-120.88662,315.49,0.74,0.76,2021-07-29,1110,N,VIIRS,n,2,286.61,5.04,N,0
40.00409,-120.87321,304.57,0.74,0.76,2021-07-29,1110,N,VIIRS,n,2,286.46,3.41,N,0
40.00604,-120.86977,302.71,0.74,0.76,2021-07-29,1110,N,VIIRS,n,2,286.24,3.25,N,0
40.04483,-121.12444,301.73,0.71,0.75,2021-07-29,1110,N,VIIRS,n,2,283.87,3.22,N,0
40.04982,-120.8698,300.83,0.74,0.76,2021-07-29,1110,N,VIIRS,n,2,286.54,2.42,N,0
40.05326,-120.8711,303.01,0.74,0.76,2021-07-29,1110,N,VIIRS,n,2,286.72,2.02,N,0
40.05349,-120.88063,297,0.73,0.76,2021-07-29,1110,N,VIIRS,n,2,285.69,2.42,N,0
40.05661,-120.8812,300.39,0.73,0.76,2021-07-29,1110,N,VIIRS,n,2,286.43,2.02,N,0
40.05663,-120.88991,299.1,0.73,0.76,2021-07-29,1110,N,VIIRS,n,2,285.65,2.01,N,0
40.0594,-120.88956,302.16,0.73,0.76,2021-07-29,1110,N,VIIRS,n,2,286.24,2.7,N,0
40.06009,-120.87704,303.49,0.73,0.76,2021-07-29,1110,N,VIIRS,n,2,286.89,2.01,N,0
40.06291,-120.8854,304.36,0.73,0.76,2021-07-29,1110,N,VIIRS,n,2,286.67,2.01,N,0
40.06746,-120.89884,298.12,0.73,0.76,2021-07-29,1110,N,VIIRS,n,2,286.13,4.25,N,0
40.07296,-120.93812,313.87,0.73,0.76,2021-07-29,1110,N,VIIRS,n,2,285.8,4.25,N,0
40.07403,-120.9335,313.26,0.73,0.76,2021-07-29,1110,N,VIIRS,n,2,286.22,5.06,N,0
40.07641,-120.94066,300.88,0.73,0.76,2021-07-29,1110,N,VIIRS,n,2,284.57,5.52,N,0
40.07645,-120.92542,297.42,0.73,0.76,2021-07-29,1110,N,VIIRS,n,2,285.6,4.9,N,0
40.07856,-120.93166,314.85,0.73,0.76,2021-07-29,1110,N,VIIRS,n,2,285.35,4.25,N,0
40.08153,-121.48539,299.19,0.69,0.74,2021-07-29,1110,N,VIIRS,n,2,266.4,3.46,N,0
40.08376,-121.46938,299.72,0.69,0.74,2021-07-29,1110,N,VIIRS,n,2,268.65,3.44,N,0
40.08517,-121.47806,301.09,0.69,0.74,2021-07-29,1110,N,VIIRS,n,2,267.67,4.36,N,0
40.08599,-121.47605,302.31,0.69,0.74,2021-07-29,1110,N,VIIRS,n,2,269.5,3.46,N,0
40.08744,-121.48495,321.47,0.69,0.74,2021-07-29,1110,N,VIIRS,n,2,268.79,4,N,0
40.08832,-121.483,320.8,0.69,0.74,2021-07-29,1110,N,VIIRS,n,2,270.39,3.46,N,0
40.08969,-121.49178,299.03,0.69,0.74,2021-07-29,1110,N,VIIRS,n,2,263.76,4,N,0
40.08969,-121.46875,298.82,0.69,0.74,2021-07-29,1110,N,VIIRS,n,2,267.47,4.36,N,0
40.09058,-121.48976,307.65,0.69,0.74,2021-07-29,1110,N,VIIRS,n,2,267.57,7.91,N,0
40.09065,-121.51263,300.63,0.68,0.74,2021-07-29,1110,N,VIIRS,n,2,257.82,2.8,N,0
40.09207,-121.47597,325.27,0.69,0.74,2021-07-29,1110,N,VIIRS,n,2,271.87,4.36,N,0
40.09292,-121.47405,319.86,0.69,0.74,2021-07-29,1110,N,VIIRS,n,2,269.82,5.86,N,0
40.09432,-121.48283,311.16,0.69,0.74,2021-07-29,1110,N,VIIRS,n,2,270.15,4,N,0
40.09522,-121.48093,320.14,0.69,0.74,2021-07-29,1110,N,VIIRS,n,2,270.01,5.86,N,0
40.09647,-121.4894,297.93,0.69,0.74,2021-07-29,1110,N,VIIRS,n,2,266.62,4,N,0
40.09736,-121.48734,298.24,0.69,0.74,2021-07-29,1110,N,VIIRS,n,2,267.41,3.15,N,0
40.09875,-121.47327,308.93,0.69,0.74,2021-07-29,1110,N,VIIRS,n,2,266.81,1.32,N,0
40.16434,-121.16389,316.45,0.71,0.75,2021-07-29,1110,N,VIIRS,n,2,280.94,3.68,N,0
40.16618,-121.1694,295.54,0.71,0.75,2021-07-29,1110,N,VIIRS,n,2,273.74,3.68,N,0
40.16813,-121.17521,299.94,0.71,0.75,2021-07-29,1110,N,VIIRS,n,2,278.43,3.59,N,0
40.17146,-121.16223,316.05,0.71,0.75,2021-07-29,1110,N,VIIRS,n,2,281.72,3.68,N,0
40.17306,-121.34987,298.13,0.69,0.74,2021-07-29,1110,N,VIIRS,n,2,282.04,2.37,N,0
40.17706,-121.29196,295.73,0.7,0.75,2021-07-29,1110,N,VIIRS,n,2,279.01,1.47,N,0
40.17752,-121.29485,299.3,0.7,0.75,2021-07-29,1110,N,VIIRS,n,2,281.05,4.19,N,0
40.17945,-121.29922,298.91,0.7,0.75,2021-07-29,1110,N,VIIRS,n,2,282.62,1.47,N,0
40.17997,-121.30216,298.28,0.7,0.75,2021-07-29,1110,N,VIIRS,n,2,282,2.19,N,0
40.18661,-121.2992,297.12,0.7,0.75,2021-07-29,1110,N,VIIRS,n,2,281.32,2.19,N,0
39.96788,-121.08079,347.22,0.4,0.37,2021-07-29,2052,N,VIIRS,n,2,301.18,10.23,D,0
39.98187,-120.87331,352.93,0.39,0.37,2021-07-29,2052,N,VIIRS,n,2,314.12,27.75,D,0
39.98434,-121.06583,333.06,0.4,0.37,2021-07-29,2052,N,VIIRS,n,2,299.25,20.9,D,0
39.98695,-120.88443,342.52,0.39,0.37,2021-07-29,2052,N,VIIRS,n,2,310.38,9.72,D,0
39.98774,-120.87975,355.05,0.39,0.37,2021-07-29,2052,N,VIIRS,n,2,318.95,9.72,D,0
39.98853,-120.87505,356.09,0.39,0.37,2021-07-29,2052,N,VIIRS,n,2,318.71,37.71,D,0
39.98931,-120.87038,355.51,0.39,0.37,2021-07-29,2052,N,VIIRS,n,2,313.78,37.71,D,0
39.99106,-120.88061,339.99,0.39,0.37,2021-07-29,2052,N,VIIRS,n,2,309.31,3.55,D,0
39.99185,-120.87592,350.18,0.39,0.37,2021-07-29,2052,N,VIIRS,n,2,314.41,6.35,D,0
39.99458,-120.9011,344.33,0.39,0.37,2021-07-29,2052,N,VIIRS,n,2,312.95,52.81,D,0
39.99594,-120.87216,343.78,0.39,0.37,2021-07-29,2052,N,VIIRS,n,2,305.53,6.35,D,0
39.99849,-120.87769,350.5,0.39,0.37,2021-07-29,2052,N,VIIRS,l,2,326.2,54.32,D,0
40.00004,-120.86842,351.92,0.39,0.37,2021-07-29,2052,N,VIIRS,n,2,312.53,43.71,D,0
40.00081,-120.8638,351.68,0.39,0.37,2021-07-29,2052,N,VIIRS,n,2,309.68,43.71,D,0
40.00104,-120.88322,367,0.39,0.37,2021-07-29,2052,N,VIIRS,l,2,325.7,106.91,D,0
40.00182,-120.87854,355.08,0.39,0.37,2021-07-29,2052,N,VIIRS,n,2,315.06,54.32,D,0
40.01002,-120.87096,367,0.39,0.37,2021-07-29,2052,N,VIIRS,h,2,355.02,241.76,D,0
40.05679,-120.86077,344.49,0.39,0.36,2021-07-29,2052,N,VIIRS,n,2,300.45,14.1,D,0
40.10119,-121.03938,356.93,0.4,0.37,2021-07-29,2053,N,VIIRS,n,2,301.16,18.8,D,0
39.93864,-121.14988,299.9,0.37,0.58,2021-07-30,911,N,VIIRS,n,2,283.23,1.26,N,0
39.94532,-121.1739,295.82,0.37,0.58,2021-07-30,911,N,VIIRS,n,2,279.42,1.15,N,0
39.94556,-121.17853,299.28,0.37,0.58,2021-07-30,911,N,VIIRS,n,2,282.92,1.63,N,0
39.94997,-121.15826,302.59,0.37,0.58,2021-07-30,911,N,VIIRS,n,2,280.59,1.62,N,0
39.9528,-121.10832,316.34,0.37,0.58,2021-07-30,911,N,VIIRS,n,2,288.99,3.53,N,0
39.95665,-121.07822,321.87,0.37,0.58,2021-07-30,911,N,VIIRS,n,2,286.62,1.9,N,0
39.9578,-121.09987,312.09,0.37,0.58,2021-07-30,911,N,VIIRS,n,2,287.82,3.59,N,0
39.958,-121.10365,328.58,0.37,0.58,2021-07-30,911,N,VIIRS,n,2,290.32,3.53,N,0
39.95819,-121.10741,331.06,0.37,0.58,2021-07-30,911,N,VIIRS,n,2,291.79,3.53,N,0
39.9584,-121.11118,305.72,0.37,0.58,2021-07-30,911,N,VIIRS,n,2,288.36,5.63,N,0
39.9634,-121.10308,312.33,0.37,0.58,2021-07-30,911,N,VIIRS,n,2,288.64,2.43,N,0
39.9636,-121.1067,324.25,0.37,0.58,2021-07-30,911,N,VIIRS,n,2,289.3,2.43,N,0
39.96379,-121.11039,308.97,0.37,0.58,2021-07-30,911,N,VIIRS,n,2,287.88,4.05,N,0
39.96804,-121.08805,302.31,0.37,0.58,2021-07-30,911,N,VIIRS,n,2,286.53,1.8,N,0
39.99302,-121.04827,309.24,0.37,0.58,2021-07-30,911,N,VIIRS,n,2,281.13,1.63,N,0
39.99327,-121.05295,323.69,0.37,0.58,2021-07-30,911,N,VIIRS,n,2,282.8,1.63,N,0
39.99844,-121.0483,306.86,0.37,0.58,2021-07-30,911,N,VIIRS,n,2,280.11,1.63,N,0
40.01912,-121.12717,301.6,0.37,0.58,2021-07-30,911,N,VIIRS,n,2,284.17,1.56,N,0
40.03101,-121.14489,299.86,0.37,0.58,2021-07-30,911,N,VIIRS,n,2,282.59,8.57,N,0
40.03121,-121.14857,301.27,0.37,0.58,2021-07-30,911,N,VIIRS,n,2,283.54,3.03,N,0
40.03202,-121.16306,302.63,0.37,0.58,2021-07-30,911,N,VIIRS,n,2,281.72,0.91,N,0
40.03222,-121.16673,303.26,0.37,0.58,2021-07-30,911,N,VIIRS,n,2,281.36,0.91,N,0
40.03242,-121.17027,302,0.37,0.58,2021-07-30,911,N,VIIRS,n,2,279.66,0.87,N,0
40.03261,-121.17377,299.9,0.37,0.58,2021-07-30,911,N,VIIRS,n,2,278.8,0.87,N,0
40.03524,-121.12337,311.57,0.37,0.58,2021-07-30,911,N,VIIRS,n,2,288.76,4.21,N,0
40.03548,-121.12762,327.35,0.37,0.58,2021-07-30,911,N,VIIRS,n,2,290.88,4.21,N,0
40.03569,-121.1313,367,0.37,0.58,2021-07-30,911,N,VIIRS,h,2,295.78,26.25,N,0
40.0359,-121.13486,356.47,0.37,0.58,2021-07-30,911,N,VIIRS,n,2,299.69,26.25,N,0
40.03609,-121.13837,341.28,0.37,0.58,2021-07-30,911,N,VIIRS,n,2,289.35,8.57,N,0
40.03629,-121.14195,305.8,0.37,0.58,2021-07-30,911,N,VIIRS,n,2,281.93,8.57,N,0
40.0365,-121.14566,332.54,0.37,0.58,2021-07-30,911,N,VIIRS,n,2,279.35,3.03,N,0
40.03669,-121.14913,322.47,0.37,0.58,2021-07-30,911,N,VIIRS,n,2,286.3,3.03,N,0
40.03688,-121.15239,310.81,0.37,0.58,2021-07-30,911,N,VIIRS,n,2,286.61,2.4,N,0
40.03704,-121.12494,324.8,0.37,0.58,2021-07-30,911,N,VIIRS,n,2,290.56,6.87,N,0
40.03706,-121.15579,306.81,0.37,0.58,2021-07-30,911,N,VIIRS,n,2,281.59,2.4,N,0
40.03725,-121.12902,356.79,0.37,0.58,2021-07-30,911,N,VIIRS,n,2,292.78,6.87,N,0
40.03727,-121.15945,302.2,0.37,0.58,2021-07-30,911,N,VIIRS,n,2,277.65,0.91,N,0
40.03743,-121.13268,353.34,0.37,0.58,2021-07-30,911,N,VIIRS,n,2,298.37,19.47,N,0
40.03747,-121.16303,302.1,0.37,0.58,2021-07-30,911,N,VIIRS,n,2,277.03,0.91,N,0
40.03761,-121.13621,367,0.37,0.58,2021-07-30,911,N,VIIRS,h,2,296.75,19.47,N,0
40.03767,-121.16659,303.42,0.37,0.58,2021-07-30,911,N,VIIRS,n,2,277.35,0.87,N,0
40.0378,-121.13976,319.56,0.37,0.58,2021-07-30,911,N,VIIRS,n,2,286.75,9.89,N,0
40.03788,-121.17039,302.05,0.37,0.58,2021-07-30,911,N,VIIRS,n,2,276.61,0.87,N,0
40.03799,-121.14352,349.27,0.37,0.58,2021-07-30,911,N,VIIRS,n,2,284.57,9.89,N,0
40.03809,-121.17418,301.37,0.37,0.58,2021-07-30,911,N,VIIRS,n,2,275.5,2.14,N,0
40.03817,-121.14715,367,0.37,0.58,2021-07-30,911,N,VIIRS,h,2,298.55,14.39,N,0
40.03835,-121.15054,321.45,0.37,0.58,2021-07-30,911,N,VIIRS,n,2,288.28,14.39,N,0
40.03852,-121.15394,311.97,0.37,0.58,2021-07-30,911,N,VIIRS,n,2,285.16,4.53,N,0
40.04257,-121.1264,327.04,0.37,0.58,2021-07-30,911,N,VIIRS,n,2,290.36,6.87,N,0
40.0428,-121.13113,329.47,0.37,0.58,2021-07-30,911,N,VIIRS,n,2,291.82,19.47,N,0
40.04302,-121.13528,322.5,0.37,0.58,2021-07-30,911,N,VIIRS,n,2,291.74,19.47,N,0
40.04322,-121.13935,319.94,0.37,0.58,2021-07-30,911,N,VIIRS,n,2,290.5,9.89,N,0
40.04343,-121.14336,336.79,0.37,0.58,2021-07-30,911,N,VIIRS,n,2,291.28,9.89,N,0
40.04362,-121.14705,353.36,0.37,0.58,2021-07-30,911,N,VIIRS,n,2,292.82,14.39,N,0
40.0438,-121.15057,338.71,0.37,0.58,2021-07-30,911,N,VIIRS,n,2,289.69,14.39,N,0
40.04397,-121.15394,313.77,0.37,0.58,2021-07-30,911,N,VIIRS,n,2,284.47,4.53,N,0
40.04431,-121.16049,307.55,0.37,0.58,2021-07-30,911,N,VIIRS,n,2,281.15,4.28,N,0
40.04466,-121.1673,308.22,0.37,0.58,2021-07-30,911,N,VIIRS,n,2,280.42,4.12,N,0
40.04778,-121.12167,311.33,0.37,0.58,2021-07-30,911,N,VIIRS,n,2,287.49,2.74,N,0
40.0481,-121.12802,316.75,0.37,0.58,2021-07-30,911,N,VIIRS,n,2,290.04,3.22,N,0
40.04836,-121.13312,315.53,0.37,0.58,2021-07-30,911,N,VIIRS,n,2,290.63,3.22,N,0
40.04859,-121.1376,314.72,0.37,0.58,2021-07-30,911,N,VIIRS,n,2,290.18,2.69,N,0
40.0488,-121.14171,314.78,0.37,0.58,2021-07-30,911,N,VIIRS,n,2,289.31,2.69,N,0
40.049,-121.14568,318.43,0.37,0.58,2021-07-30,911,N,VIIRS,n,2,289.45,7.72,N,0
40.0494,-121.15344,323.99,0.37,0.58,2021-07-30,911,N,VIIRS,n,2,286.63,2.53,N,0
40.0496,-121.15728,318.39,0.37,0.58,2021-07-30,911,N,VIIRS,n,2,285.08,2.53,N,0
40.05018,-121.16862,307.15,0.37,0.58,2021-07-30,911,N,VIIRS,n,2,278.72,1.75,N,0
40.05233,-121.43459,309.41,0.39,0.59,2021-07-30,911,N,VIIRS,n,2,275.83,1.46,N,0
40.05248,-121.43674,318.97,0.39,0.59,2021-07-30,911,N,VIIRS,n,2,277.71,2.68,N,0
40.05386,-121.13413,310.61,0.37,0.58,2021-07-30,911,N,VIIRS,n,2,287.81,2.69,N,0
40.05479,-121.15209,308.46,0.37,0.58,2021-07-30,911,N,VIIRS,n,2,281.81,2.53,N,0
40.05578,-121.17153,306.07,0.37,0.58,2021-07-30,911,N,VIIRS,n,2,280.74,1.75,N,0
40.0567,-121.18983,306.13,0.37,0.58,2021-07-30,911,N,VIIRS,n,2,278.39,2.21,N,0
40.05965,-121.1406,312.35,0.37,0.58,2021-07-30,911,N,VIIRS,n,2,282.62,2.38,N,0
40.05991,-121.14568,315.62,0.37,0.58,2021-07-30,911,N,VIIRS,n,2,281.99,2.38,N,0
40.06019,-121.15102,315.16,0.37,0.58,2021-07-30,911,N,VIIRS,n,2,283.09,3.47,N,0
40.06049,-121.15701,313.03,0.37,0.58,2021-07-30,911,N,VIIRS,n,2,281.15,3.47,N,0
40.06505,-121.13956,316.41,0.37,0.58,2021-07-30,911,N,VIIRS,n,2,284.98,2.38,N,0
40.06538,-121.14592,313.26,0.37,0.58,2021-07-30,911,N,VIIRS,n,2,282.58,2.38,N,0
40.0657,-121.15208,321.29,0.37,0.58,2021-07-30,911,N,VIIRS,n,2,283.81,3.47,N,0
40.06606,-121.15925,342.77,0.37,0.58,2021-07-30,911,N,VIIRS,n,2,283.82,3.47,N,0
40.0674,-121.51823,308.66,0.39,0.59,2021-07-30,911,N,VIIRS,n,2,291.98,2.66,N,0
40.06762,-121.52287,311.4,0.39,0.59,2021-07-30,911,N,VIIRS,n,2,291.98,2.66,N,0
40.07217,-121.17188,313.92,0.37,0.58,2021-07-30,911,N,VIIRS,n,2,281.45,1.73,N,0
40.07322,-121.52368,304.29,0.39,0.59,2021-07-30,911,N,VIIRS,n,2,288.96,2.66,N,0
40.07345,-121.52848,302.53,0.39,0.59,2021-07-30,911,N,VIIRS,n,2,285.89,6.21,N,0
40.07805,-121.50863,306.49,0.39,0.59,2021-07-30,911,N,VIIRS,n,2,291.43,5.64,N,0
40.09294,-121.1516,309.73,0.37,0.58,2021-07-30,911,N,VIIRS,n,2,284.62,2.3,N,0
40.13592,-121.13936,300.94,0.37,0.58,2021-07-30,911,N,VIIRS,n,2,266.93,1.24,N,0
40.15008,-121.40963,297.32,0.39,0.59,2021-07-30,911,N,VIIRS,n,2,260.43,1.63,N,0
40.15054,-121.40805,301.34,0.39,0.59,2021-07-30,911,N,VIIRS,n,2,259.89,1.47,N,0
40.1654,-121.16303,345.23,0.37,0.58,2021-07-30,911,N,VIIRS,n,2,277.16,3.69,N,0
40.16574,-121.16977,338.03,0.37,0.58,2021-07-30,911,N,VIIRS,n,2,284.63,6.12,N,0
40.16608,-121.39754,299.91,0.39,0.59,2021-07-30,911,N,VIIRS,n,2,266.82,1.41,N,0
40.16701,-121.19483,313.33,0.38,0.58,2021-07-30,911,N,VIIRS,n,2,283.96,5.05,N,0
40.16719,-121.19849,344.28,0.38,0.58,2021-07-30,911,N,VIIRS,n,2,284.33,8.37,N,0
40.16738,-121.20209,354.2,0.38,0.58,2021-07-30,911,N,VIIRS,n,2,284.88,8.37,N,0
40.16756,-121.20571,342.07,0.38,0.58,2021-07-30,911,N,VIIRS,n,2,279.31,5.07,N,0
40.16776,-121.20941,309.09,0.38,0.58,2021-07-30,911,N,VIIRS,n,2,273.05,5.07,N,0
40.16795,-121.21326,298.72,0.38,0.59,2021-07-30,911,N,VIIRS,n,2,271.83,2.38,N,0
40.16833,-121.33085,306.9,0.38,0.59,2021-07-30,911,N,VIIRS,n,2,280.51,1.67,N,0
40.17078,-121.16139,301.52,0.37,0.58,2021-07-30,911,N,VIIRS,n,2,273,3.69,N,0
40.1711,-121.16779,319.6,0.37,0.58,2021-07-30,911,N,VIIRS,n,2,281.29,6.12,N,0
40.17245,-121.19434,345.33,0.38,0.58,2021-07-30,911,N,VIIRS,n,2,284.3,5.05,N,0
40.1726,-121.30598,301.92,0.38,0.59,2021-07-30,911,N,VIIRS,n,2,273.88,1.38,N,0
40.17264,-121.19801,344.41,0.38,0.58,2021-07-30,911,N,VIIRS,n,2,286.51,8.37,N,0
40.17282,-121.20153,348.03,0.38,0.58,2021-07-30,911,N,VIIRS,n,2,285.9,8.37,N,0
40.173,-121.20504,335.48,0.38,0.58,2021-07-30,911,N,VIIRS,n,2,279.63,5.07,N,0
40.17319,-121.20865,311.9,0.38,0.58,2021-07-30,911,N,VIIRS,n,2,274.47,5.07,N,0
40.1765,-121.16647,314.9,0.37,0.58,2021-07-30,911,N,VIIRS,n,2,281.47,3.25,N,0
40.17678,-121.17204,318.67,0.38,0.58,2021-07-30,911,N,VIIRS,n,2,284.72,3.25,N,0
40.17709,-121.17817,345.56,0.38,0.58,2021-07-30,911,N,VIIRS,n,2,284.88,4.84,N,0
40.17784,-121.30061,299.1,0.38,0.59,2021-07-30,911,N,VIIRS,n,2,273.74,1.5,N,0
40.17788,-121.19347,336.25,0.38,0.58,2021-07-30,911,N,VIIRS,n,2,282.88,4.86,N,0
40.17807,-121.30529,307.64,0.38,0.59,2021-07-30,911,N,VIIRS,n,2,279.69,1.38,N,0
40.17807,-121.19724,345.72,0.38,0.58,2021-07-30,911,N,VIIRS,n,2,283.77,5.73,N,0
40.17826,-121.20081,341.69,0.38,0.58,2021-07-30,911,N,VIIRS,n,2,283.3,5.73,N,0
40.17844,-121.20433,326.6,0.38,0.58,2021-07-30,911,N,VIIRS,n,2,278.23,2.87,N,0
40.17863,-121.20805,308.29,0.38,0.58,2021-07-30,911,N,VIIRS,n,2,271.39,2.87,N,0
40.18033,-121.24136,296.92,0.38,0.59,2021-07-30,911,N,VIIRS,n,2,271.86,1.21,N,0
40.1828,-121.18276,311.29,0.38,0.58,2021-07-30,911,N,VIIRS,n,2,284.23,4.84,N,0
40.18331,-121.1926,326.34,0.38,0.58,2021-07-30,911,N,VIIRS,n,2,282.27,4.86,N,0
40.18352,-121.19664,326.37,0.38,0.58,2021-07-30,911,N,VIIRS,n,2,282.23,5.73,N,0
40.18354,-121.30454,316.6,0.38,0.59,2021-07-30,911,N,VIIRS,n,2,281.09,1.86,N,0
40.18372,-121.20052,326.03,0.38,0.58,2021-07-30,911,N,VIIRS,n,2,282.04,5.73,N,0
40.18375,-121.30891,311.25,0.38,0.59,2021-07-30,911,N,VIIRS,n,2,284.36,1.86,N,0
40.18392,-121.20437,325.33,0.38,0.58,2021-07-30,911,N,VIIRS,n,2,279.24,2.87,N,0
40.18412,-121.20834,298.85,0.38,0.58,2021-07-30,911,N,VIIRS,n,2,271.23,2.87,N,0
40.18557,-121.23646,296.5,0.38,0.59,2021-07-30,911,N,VIIRS,n,2,271.94,1.49,N,0
40.18582,-121.24139,298.55,0.38,0.59,2021-07-30,911,N,VIIRS,n,2,270.85,1.21,N,0
40.18793,-121.17632,314.57,0.38,0.58,2021-07-30,911,N,VIIRS,n,2,281.97,1.88,N,0
40.18921,-121.30793,308.57,0.38,0.59,2021-07-30,911,N,VIIRS,n,2,286.43,1.86,N,0
40.1894,-121.20451,301.38,0.38,0.58,2021-07-30,911,N,VIIRS,n,2,277.41,1.13,N,0
40.19078,-121.23122,297.52,0.38,0.59,2021-07-30,911,N,VIIRS,n,2,272.1,0.82,N,0
40.19104,-121.2363,298.42,0.38,0.59,2021-07-30,911,N,VIIRS,n,2,269.39,0.82,N,0
40.19129,-121.2411,300.76,0.38,0.59,2021-07-30,911,N,VIIRS,n,2,273.79,1.59,N,0
40.19153,-121.2457,315.78,0.38,0.59,2021-07-30,911,N,VIIRS,n,2,278.27,1.59,N,0
40.19487,-121.20445,298.63,0.38,0.58,2021-07-30,911,N,VIIRS,n,2,276.13,1.13,N,0
40.19602,-121.22652,301.02,0.38,0.59,2021-07-30,911,N,VIIRS,n,2,272.64,2.01,N,0
40.19626,-121.23122,303.5,0.38,0.59,2021-07-30,911,N,VIIRS,n,2,272.65,0.82,N,0
40.19651,-121.23601,301.94,0.38,0.59,2021-07-30,911,N,VIIRS,n,2,275.19,0.82,N,0
40.19698,-121.24517,313.66,0.38,0.59,2021-07-30,911,N,VIIRS,n,2,281.97,1.59,N,0
40.20173,-121.23093,303.19,0.38,0.59,2021-07-30,911,N,VIIRS,n,2,277.45,2.5,N,0
40.20267,-121.24893,310.95,0.38,0.59,2021-07-30,911,N,VIIRS,n,2,274.31,1.78,N,0
40.17504,-120.8227,319.99,0.43,0.62,2021-07-30,1051,N,VIIRS,n,2,267.44,4.67,N,0
40.17611,-120.82643,353.74,0.43,0.62,2021-07-30,1051,N,VIIRS,n,2,264.42,6.32,N,0
40.17723,-120.83032,327.24,0.43,0.62,2021-07-30,1051,N,VIIRS,n,2,263.97,6.32,N,0
39.92628,-121.15596,315.75,0.43,0.62,2021-07-30,1052,N,VIIRS,n,2,268.96,1.72,N,0
39.92742,-121.15996,295.26,0.43,0.62,2021-07-30,1052,N,VIIRS,n,2,266.36,1.46,N,0
39.93082,-121.15038,315.29,0.43,0.62,2021-07-30,1052,N,VIIRS,n,2,267.84,1.72,N,0
39.93201,-121.15459,310.44,0.43,0.62,2021-07-30,1052,N,VIIRS,n,2,265.01,1.72,N,0
39.93314,-121.15855,303.42,0.43,0.62,2021-07-30,1052,N,VIIRS,n,2,264.65,1.46,N,0
39.9351,-121.18707,303.65,0.42,0.61,2021-07-30,1052,N,VIIRS,n,2,273.55,1.45,N,0
39.93544,-121.16669,301.88,0.42,0.61,2021-07-30,1052,N,VIIRS,n,2,275.26,1.24,N,0
39.93668,-121.17107,303.34,0.42,0.61,2021-07-30,1052,N,VIIRS,n,2,278.83,1.24,N,0
39.94112,-121.16515,312.02,0.42,0.61,2021-07-30,1052,N,VIIRS,n,2,274.08,1.4,N,0
39.94232,-121.16941,303.02,0.42,0.61,2021-07-30,1052,N,VIIRS,n,2,276.72,1.4,N,0
39.95315,-121.07744,299.02,0.43,0.62,2021-07-30,1052,N,VIIRS,n,2,277.19,2.24,N,0
39.95593,-121.08112,297.94,0.43,0.62,2021-07-30,1052,N,VIIRS,n,2,278.87,1.36,N,0
39.95624,-121.17542,300.96,0.42,0.61,2021-07-30,1052,N,VIIRS,n,2,279.25,1.48,N,0
39.95628,-121.10367,297.96,0.43,0.62,2021-07-30,1052,N,VIIRS,n,2,267.22,0.9,N,0
39.95754,-121.18004,303.52,0.42,0.61,2021-07-30,1052,N,VIIRS,n,2,279.35,1.68,N,0
39.96038,-121.10317,299.51,0.43,0.62,2021-07-30,1052,N,VIIRS,n,2,270.68,1.94,N,0
39.96157,-121.10072,297.84,0.43,0.62,2021-07-30,1052,N,VIIRS,n,2,275.08,1.32,N,0
39.963,-121.17775,305.49,0.42,0.61,2021-07-30,1052,N,VIIRS,n,2,279.26,1.68,N,0
39.96741,-121.08456,310.02,0.43,0.62,2021-07-30,1052,N,VIIRS,n,2,281.3,3.14,N,0
39.96876,-121.08297,313.49,0.43,0.62,2021-07-30,1052,N,VIIRS,n,2,282.24,2.06,N,0
39.97745,-120.89777,306.42,0.44,0.62,2021-07-30,1052,N,VIIRS,n,2,282.24,6.62,N,0
39.9786,-120.90178,349.41,0.44,0.62,2021-07-30,1052,N,VIIRS,n,2,283.41,7.4,N,0
39.97994,-120.90648,317.17,0.44,0.62,2021-07-30,1052,N,VIIRS,n,2,280.92,7.4,N,0
39.98189,-120.8916,322.39,0.44,0.62,2021-07-30,1052,N,VIIRS,n,2,283.27,6.62,N,0
39.98307,-120.89575,367,0.44,0.62,2021-07-30,1052,N,VIIRS,h,2,288.9,6.62,N,0
39.98423,-120.89981,312.24,0.44,0.62,2021-07-30,1052,N,VIIRS,n,2,283,7.4,N,0
39.98521,-120.88154,299.81,0.44,0.62,2021-07-30,1052,N,VIIRS,n,2,279.12,1.89,N,0
39.98645,-120.88588,313.54,0.44,0.62,2021-07-30,1052,N,VIIRS,n,2,281.45,1.89,N,0
39.98765,-120.89008,344.13,0.44,0.62,2021-07-30,1052,N,VIIRS,n,2,284.48,3.39,N,0
39.98885,-120.89428,313.48,0.44,0.62,2021-07-30,1052,N,VIIRS,n,2,282.68,3.39,N,0
39.98987,-120.87615,297.5,0.44,0.62,2021-07-30,1052,N,VIIRS,n,2,278.13,2.41,N,0
39.99007,-120.89855,303.52,0.44,0.62,2021-07-30,1052,N,VIIRS,n,2,282.29,4,N,0
39.99075,-121.05243,301.59,0.43,0.62,2021-07-30,1052,N,VIIRS,n,2,282.11,1.57,N,0
39.99109,-120.88044,308.62,0.44,0.62,2021-07-30,1052,N,VIIRS,n,2,280.13,1.89,N,0
39.99229,-120.88465,303.39,0.44,0.62,2021-07-30,1052,N,VIIRS,n,2,279.16,1.89,N,0
39.99334,-121.03997,298.24,0.43,0.62,2021-07-30,1052,N,VIIRS,n,2,281.03,1.33,N,0
39.99349,-120.88885,306.4,0.44,0.62,2021-07-30,1052,N,VIIRS,n,2,280.79,3.39,N,0
39.99397,-120.91225,318.8,0.43,0.62,2021-07-30,1052,N,VIIRS,n,2,282.32,2.26,N,0
39.99474,-120.89326,321.88,0.44,0.62,2021-07-30,1052,N,VIIRS,n,2,283.01,3.39,N,0
39.99482,-121.04514,330.97,0.43,0.62,2021-07-30,1052,N,VIIRS,n,2,283.29,2.49,N,0
39.99571,-120.87489,299.72,0.44,0.62,2021-07-30,1052,N,VIIRS,n,2,272.16,2.59,N,0
39.99615,-121.0498,316.01,0.43,0.62,2021-07-30,1052,N,VIIRS,n,2,281.87,2.49,N,0
39.99995,-121.04158,298.51,0.43,0.62,2021-07-30,1052,N,VIIRS,n,2,278.45,2.49,N,0
40.03016,-121.12626,299.77,0.42,0.61,2021-07-30,1052,N,VIIRS,n,2,269.72,3.85,N,0
40.03114,-121.39931,313.63,0.41,0.61,2021-07-30,1052,N,VIIRS,n,2,283.63,1.28,N,0
40.03181,-121.13204,326.88,0.42,0.61,2021-07-30,1052,N,VIIRS,n,2,273,3.85,N,0
40.03379,-121.39546,307.88,0.41,0.61,2021-07-30,1052,N,VIIRS,n,2,284.18,1.51,N,0
40.03386,-121.13928,367,0.42,0.61,2021-07-30,1052,N,VIIRS,h,2,279.42,13.86,N,0
40.03456,-121.12017,299.05,0.42,0.61,2021-07-30,1052,N,VIIRS,n,2,273.97,1.23,N,0
40.03522,-121.40049,309.18,0.41,0.61,2021-07-30,1052,N,VIIRS,n,2,284.41,2.3,N,0
40.03606,-121.14705,367,0.42,0.61,2021-07-30,1052,N,VIIRS,h,2,281.07,13.86,N,0
40.03608,-121.12555,311.88,0.42,0.61,2021-07-30,1052,N,VIIRS,n,2,273.56,3.85,N,0
40.03759,-121.40086,304.04,0.41,0.61,2021-07-30,1052,N,VIIRS,n,2,284.65,1.28,N,0
40.03785,-121.13178,341.43,0.42,0.61,2021-07-30,1052,N,VIIRS,n,2,279.16,3.85,N,0
40.03825,-121.1548,303.14,0.42,0.61,2021-07-30,1052,N,VIIRS,n,2,280.16,5.19,N,0
40.03972,-121.13842,367,0.42,0.61,2021-07-30,1052,N,VIIRS,h,2,280.14,13.86,N,0
40.04082,-121.12071,303.52,0.42,0.61,2021-07-30,1052,N,VIIRS,n,2,276.92,1.01,N,0
40.04134,-121.14416,367,0.42,0.61,2021-07-30,1052,N,VIIRS,h,2,281.28,13.86,N,0
40.04224,-121.12572,316.86,0.42,0.61,2021-07-30,1052,N,VIIRS,n,2,279.27,1.47,N,0
40.0431,-121.15034,317.78,0.42,0.61,2021-07-30,1052,N,VIIRS,n,2,279.92,5.19,N,0
40.04361,-121.13059,308.96,0.42,0.61,2021-07-30,1052,N,VIIRS,n,2,279.37,1.47,N,0
40.04509,-121.1358,307.85,0.42,0.61,2021-07-30,1052,N,VIIRS,n,2,277.19,1.67,N,0
40.04511,-121.15749,312.8,0.42,0.61,2021-07-30,1052,N,VIIRS,n,2,279.16,5.19,N,0
40.04607,-121.1177,303.05,0.42,0.61,2021-07-30,1052,N,VIIRS,n,2,277.59,1.01,N,0
40.04664,-121.14127,307.5,0.42,0.61,2021-07-30,1052,N,VIIRS,n,2,275.31,1.67,N,0
40.04701,-121.16421,298.23,0.42,0.61,2021-07-30,1052,N,VIIRS,n,2,275.84,1.48,N,0
40.04739,-121.12233,299.91,0.42,0.61,2021-07-30,1052,N,VIIRS,n,2,277.49,1.01,N,0
40.04839,-121.1475,312.46,0.42,0.61,2021-07-30,1052,N,VIIRS,n,2,277.79,11.49,N,0
40.04852,-121.44013,301.39,0.41,0.61,2021-07-30,1052,N,VIIRS,n,2,281.59,0.84,N,0
40.04858,-121.12656,301.58,0.42,0.61,2021-07-30,1052,N,VIIRS,n,2,278.39,1.47,N,0
40.04977,-121.4446,303.01,0.41,0.61,2021-07-30,1052,N,VIIRS,n,2,280.62,0.84,N,0
40.04981,-121.13091,302.93,0.42,0.61,2021-07-30,1052,N,VIIRS,n,2,279.96,1.47,N,0
40.05014,-121.1537,328.3,0.42,0.61,2021-07-30,1052,N,VIIRS,n,2,280.13,11.49,N,0
40.05044,-121.43279,299.4,0.41,0.61,2021-07-30,1052,N,VIIRS,n,2,279.95,1.11,N,0
40.0513,-121.13616,310.59,0.42,0.61,2021-07-30,1052,N,VIIRS,n,2,279.25,1.67,N,0
40.0516,-121.15885,330.8,0.42,0.61,2021-07-30,1052,N,VIIRS,n,2,279.97,28.27,N,0
40.05169,-121.43717,312.11,0.41,0.61,2021-07-30,1052,N,VIIRS,n,2,281.75,1.11,N,0
40.05272,-121.43363,302.27,0.41,0.61,2021-07-30,1052,N,VIIRS,n,2,280.5,1.1,N,0
40.05279,-121.11988,297.17,0.42,0.61,2021-07-30,1052,N,VIIRS,n,2,278,0.4,N,0
40.05293,-121.44154,312.13,0.41,0.6,2021-07-30,1052,N,VIIRS,n,2,282.43,2.41,N,0
40.05293,-121.16357,305.22,0.42,0.61,2021-07-30,1052,N,VIIRS,n,2,278.51,28.27,N,0
40.05296,-121.14208,309.73,0.42,0.61,2021-07-30,1052,N,VIIRS,n,2,277.67,1.67,N,0
40.0539,-121.43787,306.33,0.41,0.61,2021-07-30,1052,N,VIIRS,n,2,283.22,1.23,N,0
40.05393,-121.12389,298.24,0.42,0.61,2021-07-30,1052,N,VIIRS,n,2,276.87,0.4,N,0
40.05416,-121.44586,322.04,0.41,0.6,2021-07-30,1052,N,VIIRS,n,2,281.8,2.41,N,0
40.05425,-121.16823,295.84,0.42,0.61,2021-07-30,1052,N,VIIRS,n,2,279.16,2.27,N,0
40.0545,-121.14751,324.88,0.42,0.61,2021-07-30,1052,N,VIIRS,n,2,277.24,11.49,N,0
40.05495,-121.12752,300.04,0.42,0.61,2021-07-30,1052,N,VIIRS,n,2,278.48,1.19,N,0
40.05513,-121.44232,305.19,0.41,0.61,2021-07-30,1052,N,VIIRS,n,2,281.73,1.23,N,0
40.05539,-121.4502,300.72,0.41,0.6,2021-07-30,1052,N,VIIRS,n,2,281.66,2.34,N,0
40.05576,-121.15199,348.05,0.42,0.61,2021-07-30,1052,N,VIIRS,n,2,283.04,11.49,N,0
40.05616,-121.13178,301.62,0.42,0.61,2021-07-30,1052,N,VIIRS,n,2,279.47,1.19,N,0
40.05639,-121.44683,319.33,0.41,0.6,2021-07-30,1052,N,VIIRS,n,2,282.64,2.97,N,0
40.0569,-121.156,367,0.42,0.61,2021-07-30,1052,N,VIIRS,h,2,295.8,28.27,N,0
40.05754,-121.13667,307.23,0.42,0.61,2021-07-30,1052,N,VIIRS,n,2,279.49,3.41,N,0
40.05792,-121.45911,305.92,0.41,0.6,2021-07-30,1052,N,VIIRS,n,2,282.68,0.94,N,0
40.05798,-121.15985,344.88,0.42,0.61,2021-07-30,1052,N,VIIRS,n,2,282.26,28.27,N,0
40.05884,-121.45565,301.06,0.41,0.6,2021-07-30,1052,N,VIIRS,n,2,285.09,2.26,N,0
40.05888,-121.14145,335.47,0.42,0.61,2021-07-30,1052,N,VIIRS,n,2,281.71,3.41,N,0
40.05908,-121.16372,311.88,0.42,0.61,2021-07-30,1052,N,VIIRS,n,2,282.67,2.27,N,0
40.05912,-121.46336,300.96,0.41,0.6,2021-07-30,1052,N,VIIRS,n,2,282.73,0.94,N,0
40.06,-121.45983,330.3,0.41,0.6,2021-07-30,1052,N,VIIRS,n,2,284.75,2.26,N,0
40.06016,-121.14597,355.52,0.42,0.61,2021-07-30,1052,N,VIIRS,n,2,285.03,13.55,N,0
40.06025,-121.16787,304.53,0.42,0.61,2021-07-30,1052,N,VIIRS,n,2,283.2,2.27,N,0
40.06113,-121.46389,312.35,0.41,0.6,2021-07-30,1052,N,VIIRS,n,2,284.41,1.52,N,0
40.06133,-121.15009,367,0.42,0.61,2021-07-30,1052,N,VIIRS,h,2,285.2,13.55,N,0
40.06188,-120.90577,295.43,0.43,0.62,2021-07-30,1052,N,VIIRS,n,2,277.69,1.63,N,0
40.06206,-120.92794,299.43,0.43,0.62,2021-07-30,1052,N,VIIRS,n,2,281.41,0.69,N,0
40.06226,-121.46799,298.67,0.41,0.6,2021-07-30,1052,N,VIIRS,n,2,283.09,1.52,N,0
40.06235,-121.15372,367,0.42,0.61,2021-07-30,1052,N,VIIRS,h,2,285.39,13.21,N,0
40.06312,-121.49268,303.43,0.41,0.6,2021-07-30,1052,N,VIIRS,n,2,290.88,3.01,N,0
40.0633,-121.15708,367,0.42,0.61,2021-07-30,1052,N,VIIRS,h,2,289.55,13.21,N,0
40.06345,-121.45741,314.93,0.41,0.6,2021-07-30,1052,N,VIIRS,n,2,286.35,1.77,N,0
40.06345,-121.13602,307.6,0.42,0.61,2021-07-30,1052,N,VIIRS,n,2,281.24,3.41,N,0
40.06348,-120.91134,307.58,0.43,0.62,2021-07-30,1052,N,VIIRS,n,2,279.06,1.57,N,0
40.06419,-121.16023,350.93,0.42,0.61,2021-07-30,1052,N,VIIRS,n,2,286.73,8.43,N,0
40.06449,-121.1397,314.95,0.42,0.61,2021-07-30,1052,N,VIIRS,n,2,280.96,3.41,N,0
40.06453,-121.46123,309.88,0.41,0.6,2021-07-30,1052,N,VIIRS,n,2,284.38,1.77,N,0
40.06514,-121.16358,326.71,0.42,0.61,2021-07-30,1052,N,VIIRS,n,2,286.59,8.43,N,0
40.06549,-121.14324,329.29,0.42,0.61,2021-07-30,1052,N,VIIRS,n,2,281.13,13.55,N,0
40.06567,-121.46524,311.62,0.41,0.6,2021-07-30,1052,N,VIIRS,n,2,285.69,3.01,N,0
40.06647,-121.1467,323.26,0.42,0.61,2021-07-30,1052,N,VIIRS,n,2,280.23,13.55,N,0
40.06651,-121.48938,305.72,0.41,0.6,2021-07-30,1052,N,VIIRS,n,2,291.25,3.55,N,0
40.06718,-121.4857,309.22,0.41,0.6,2021-07-30,1052,N,VIIRS,n,2,291.4,2.02,N,0
40.06742,-121.1501,332.47,0.42,0.61,2021-07-30,1052,N,VIIRS,n,2,281.24,13.21,N,0
40.06768,-121.46591,304.71,0.41,0.6,2021-07-30,1052,N,VIIRS,n,2,285.35,1.52,N,0
40.06809,-121.47378,308.19,0.41,0.6,2021-07-30,1052,N,VIIRS,n,2,284.59,1.18,N,0
40.06824,-121.17456,322.96,0.42,0.61,2021-07-30,1052,N,VIIRS,n,2,285.98,1.9,N,0
40.06836,-121.1534,333.66,0.42,0.61,2021-07-30,1052,N,VIIRS,n,2,283.11,13.21,N,0
40.06892,-120.90879,304.1,0.43,0.62,2021-07-30,1052,N,VIIRS,n,2,281.21,2.14,N,0
40.06924,-121.15652,299.69,0.42,0.61,2021-07-30,1052,N,VIIRS,n,2,282.89,8.43,N,0
40.06934,-121.4782,301.51,0.41,0.6,2021-07-30,1052,N,VIIRS,n,2,284.53,1.18,N,0
40.06956,-121.17925,303.19,0.42,0.61,2021-07-30,1052,N,VIIRS,n,2,284.85,1.9,N,0
40.06957,-121.5213,306.9,0.4,0.6,2021-07-30,1052,N,VIIRS,n,2,292.68,2.11,N,0
40.07,-121.51744,305.07,0.4,0.6,2021-07-30,1052,N,VIIRS,n,2,292.96,4.73,N,0
40.07007,-121.47453,313,0.41,0.6,2021-07-30,1052,N,VIIRS,n,2,287.09,2.91,N,0
40.07028,-120.9135,299.5,0.43,0.62,2021-07-30,1052,N,VIIRS,n,2,280.64,1.63,N,0
40.07062,-120.8931,304.64,0.43,0.62,2021-07-30,1052,N,VIIRS,n,2,283.49,3.67,N,0
40.07078,-121.5256,304.91,0.4,0.6,2021-07-30,1052,N,VIIRS,n,2,291.98,2.11,N,0
40.07127,-121.47886,300.68,0.41,0.6,2021-07-30,1052,N,VIIRS,n,2,286.01,2.02,N,0
40.07189,-120.89754,311.02,0.43,0.62,2021-07-30,1052,N,VIIRS,n,2,283.06,2.14,N,0
40.07323,-120.90223,313.89,0.43,0.62,2021-07-30,1052,N,VIIRS,n,2,280.54,2.14,N,0
40.07342,-121.47139,303.85,0.41,0.6,2021-07-30,1052,N,VIIRS,n,2,287.58,1.18,N,0
40.07399,-121.51027,305.78,0.4,0.6,2021-07-30,1052,N,VIIRS,n,2,293.04,4.01,N,0
40.07457,-121.47543,307.5,0.41,0.6,2021-07-30,1052,N,VIIRS,n,2,286.21,1.18,N,0
40.07465,-120.90717,298.69,0.43,0.62,2021-07-30,1052,N,VIIRS,n,2,276.24,1.63,N,0
40.07532,-121.47187,303.5,0.41,0.6,2021-07-30,1052,N,VIIRS,n,2,286.39,1.9,N,0
40.07571,-121.47948,304.21,0.41,0.6,2021-07-30,1052,N,VIIRS,n,2,286.88,4.18,N,0
40.076,-120.91189,312.97,0.43,0.62,2021-07-30,1052,N,VIIRS,n,2,276.01,1.63,N,0
40.07642,-121.47583,309.8,0.41,0.6,2021-07-30,1052,N,VIIRS,n,2,287.23,1.88,N,0
40.07666,-120.8926,304.99,0.43,0.62,2021-07-30,1052,N,VIIRS,n,2,283.9,1.58,N,0
40.07719,-120.91605,296.75,0.43,0.62,2021-07-30,1052,N,VIIRS,n,2,270.73,0.76,N,0
40.07753,-121.47982,303.66,0.41,0.6,2021-07-30,1052,N,VIIRS,n,2,287.24,1.88,N,0
40.07797,-120.89718,309.61,0.43,0.62,2021-07-30,1052,N,VIIRS,n,2,282.78,1.58,N,0
40.07874,-121.46897,306.05,0.41,0.6,2021-07-30,1052,N,VIIRS,n,2,289.73,2.32,N,0
40.07933,-120.90192,298.21,0.43,0.62,2021-07-30,1052,N,VIIRS,n,2,279.36,1.17,N,0
40.07985,-121.47288,314.06,0.41,0.6,2021-07-30,1052,N,VIIRS,n,2,290.79,2.32,N,0
40.08066,-121.46949,309.16,0.41,0.6,2021-07-30,1052,N,VIIRS,n,2,290.41,1.9,N,0
40.08071,-120.90675,306.1,0.43,0.62,2021-07-30,1052,N,VIIRS,n,2,279.81,1.17,N,0
40.08098,-121.47688,314.27,0.41,0.6,2021-07-30,1052,N,VIIRS,n,2,289.17,1.86,N,0
40.08176,-121.4735,311.76,0.41,0.6,2021-07-30,1052,N,VIIRS,n,2,289.3,1.88,N,0
40.08216,-121.48106,301.86,0.41,0.6,2021-07-30,1052,N,VIIRS,n,2,284.32,1.86,N,0
40.0829,-121.47761,315.44,0.41,0.6,2021-07-30,1052,N,VIIRS,n,2,288.1,1.88,N,0
40.08644,-121.47497,307.08,0.41,0.6,2021-07-30,1052,N,VIIRS,n,2,290.3,1.86,N,0
40.09054,-121.14554,307.79,0.42,0.61,2021-07-30,1052,N,VIIRS,n,2,285.99,1.03,N,0
40.09224,-121.15164,307.69,0.42,0.61,2021-07-30,1052,N,VIIRS,n,2,286.95,1.03,N,0
40.09512,-121.15034,313.3,0.42,0.61,2021-07-30,1052,N,VIIRS,n,2,286.72,2.35,N,0
40.10048,-121.04066,299.57,0.43,0.62,2021-07-30,1052,N,VIIRS,n,2,281.44,1.25,N,0
40.10186,-121.17387,298.98,0.42,0.61,2021-07-30,1052,N,VIIRS,n,2,283.16,0.3,N,0
40.1022,-121.04668,316.1,0.43,0.62,2021-07-30,1052,N,VIIRS,n,2,282.09,2.25,N,0
40.10535,-121.15499,308.81,0.42,0.61,2021-07-30,1052,N,VIIRS,n,2,286.99,1.13,N,0
40.10763,-121.15138,313.26,0.42,0.61,2021-07-30,1052,N,VIIRS,n,2,287.42,1.78,N,0
40.14224,-121.4387,298.78,0.41,0.6,2021-07-30,1052,N,VIIRS,n,2,280.83,0.83,N,0
40.14318,-121.14782,299.5,0.42,0.61,2021-07-30,1052,N,VIIRS,n,2,280.71,0.98,N,0
40.14677,-121.41196,310.12,0.41,0.6,2021-07-30,1052,N,VIIRS,n,2,287.02,3.69,N,0
40.14868,-121.14571,295.97,0.42,0.61,2021-07-30,1052,N,VIIRS,n,2,278.1,0.63,N,0
40.15052,-121.408,310.38,0.41,0.6,2021-07-30,1052,N,VIIRS,n,2,287.17,3.09,N,0
40.1506,-121.40414,303.17,0.41,0.6,2021-07-30,1052,N,VIIRS,n,2,286.26,2.3,N,0
40.15831,-121.38863,306.93,0.41,0.61,2021-07-30,1052,N,VIIRS,n,2,282.72,1.84,N,0
40.15955,-121.39313,309.38,0.41,0.6,2021-07-30,1052,N,VIIRS,n,2,284.69,3.71,N,0
40.15972,-121.41537,301,0.41,0.6,2021-07-30,1052,N,VIIRS,n,2,285.38,1.33,N,0
40.15989,-121.12076,295.63,0.42,0.61,2021-07-30,1052,N,VIIRS,n,2,276.93,0.9,N,0
40.16187,-121.38447,303.14,0.41,0.6,2021-07-30,1052,N,VIIRS,n,2,277.88,3.7,N,0
40.16232,-121.4031,302.51,0.41,0.6,2021-07-30,1052,N,VIIRS,n,2,285.5,1.65,N,0
40.16315,-121.38896,329.91,0.41,0.6,2021-07-30,1052,N,VIIRS,n,2,287.55,3.7,N,0
40.16337,-121.38522,307.61,0.41,0.61,2021-07-30,1052,N,VIIRS,n,2,284.05,1.33,N,0
40.16362,-121.40778,306.23,0.41,0.6,2021-07-30,1052,N,VIIRS,n,2,281.19,1.65,N,0
40.16371,-121.19881,300.67,0.42,0.61,2021-07-30,1052,N,VIIRS,n,2,285.82,1.66,N,0
40.16431,-121.39307,336.07,0.41,0.6,2021-07-30,1052,N,VIIRS,n,2,286.87,6.3,N,0
40.16458,-121.38962,335.35,0.41,0.6,2021-07-30,1052,N,VIIRS,n,2,288.25,4.33,N,0
40.16474,-121.41183,301.69,0.41,0.6,2021-07-30,1052,N,VIIRS,n,2,280.04,1.33,N,0
40.16493,-121.16013,352.54,0.42,0.61,2021-07-30,1052,N,VIIRS,n,2,293.88,27.74,N,0
40.16544,-121.20494,315.5,0.42,0.61,2021-07-30,1052,N,VIIRS,n,2,285.98,2.53,N,0
40.16547,-121.35466,297.23,0.41,0.61,2021-07-30,1052,N,VIIRS,n,2,273.43,0.97,N,0
40.16554,-121.39741,322.06,0.41,0.6,2021-07-30,1052,N,VIIRS,n,2,284.41,6.3,N,0
40.16569,-121.39361,320.3,0.41,0.6,2021-07-30,1052,N,VIIRS,n,2,285.43,4.33,N,0
40.16609,-121.16424,347.54,0.42,0.61,2021-07-30,1052,N,VIIRS,n,2,295.68,24.69,N,0
40.16666,-121.38011,316.17,0.41,0.6,2021-07-30,1052,N,VIIRS,n,2,271.39,1.95,N,0
40.16689,-121.37629,296.17,0.41,0.61,2021-07-30,1052,N,VIIRS,n,2,269.88,1.33,N,0
40.1669,-121.40216,314.54,0.41,0.6,2021-07-30,1052,N,VIIRS,n,2,282.59,3.29,N,0
40.16692,-121.39803,328.03,0.41,0.6,2021-07-30,1052,N,VIIRS,n,2,284.46,2.14,N,0
40.16696,-121.31735,296.36,0.41,0.61,2021-07-30,1052,N,VIIRS,n,2,277.22,1.07,N,0
40.16709,-121.16776,367,0.42,0.61,2021-07-30,1052,N,VIIRS,h,2,292.4,24.69,N,0
40.16723,-121.1898,302.98,0.42,0.61,2021-07-30,1052,N,VIIRS,n,2,284.47,1.66,N,0
40.16779,-121.29893,299.33,0.41,0.61,2021-07-30,1052,N,VIIRS,n,2,275.25,0.98,N,0
40.1681,-121.38062,307.91,0.41,0.61,2021-07-30,1052,N,VIIRS,n,2,271.92,1.33,N,0
40.16813,-121.17142,318.3,0.42,0.61,2021-07-30,1052,N,VIIRS,n,2,287.15,5.71,N,0
40.16816,-121.40662,301.72,0.41,0.6,2021-07-30,1052,N,VIIRS,n,2,275.05,3.29,N,0
40.16823,-121.40277,295.96,0.41,0.6,2021-07-30,1052,N,VIIRS,n,2,278.57,2.14,N,0
40.16878,-121.19527,320.87,0.42,0.61,2021-07-30,1052,N,VIIRS,n,2,285.37,1.66,N,0
40.1692,-121.17525,318.21,0.42,0.61,2021-07-30,1052,N,VIIRS,n,2,285.47,5.71,N,0
40.16922,-121.30399,304.49,0.41,0.61,2021-07-30,1052,N,VIIRS,n,2,276.61,0.98,N,0
40.17003,-121.32822,301.68,0.41,0.61,2021-07-30,1052,N,VIIRS,n,2,280.42,1.96,N,0
40.17048,-121.35108,308.61,0.41,0.61,2021-07-30,1052,N,VIIRS,n,2,276.9,1.72,N,0
40.17058,-121.20167,323.31,0.42,0.61,2021-07-30,1052,N,VIIRS,n,2,286.33,2.53,N,0
40.17064,-121.309,307.92,0.41,0.61,2021-07-30,1052,N,VIIRS,n,2,279.97,1.25,N,0
40.17166,-121.35525,295.67,0.41,0.61,2021-07-30,1052,N,VIIRS,n,2,272.55,1.23,N,0
40.17172,-121.16265,304.8,0.42,0.61,2021-07-30,1052,N,VIIRS,n,2,285.22,24.69,N,0
40.17188,-121.29202,307.97,0.41,0.61,2021-07-30,1052,N,VIIRS,n,2,279.64,2.01,N,0
40.17207,-121.31405,298.7,0.41,0.61,2021-07-30,1052,N,VIIRS,n,2,279.04,1.25,N,0
40.17246,-121.20831,300.76,0.42,0.61,2021-07-30,1052,N,VIIRS,n,2,284.24,2.53,N,0
40.17279,-121.16644,325.23,0.42,0.61,2021-07-30,1052,N,VIIRS,n,2,286.55,24.69,N,0
40.17325,-121.29685,301.89,0.41,0.61,2021-07-30,1052,N,VIIRS,n,2,278.04,0.98,N,0
40.17409,-121.19255,303.85,0.42,0.61,2021-07-30,1052,N,VIIRS,n,2,283.25,1.56,N,0
40.17461,-121.3017,298.6,0.41,0.61,2021-07-30,1052,N,VIIRS,n,2,274.94,0.98,N,0
40.17493,-121.17402,302.23,0.42,0.61,2021-07-30,1052,N,VIIRS,n,2,284.49,5.71,N,0
40.17579,-121.19861,309.01,0.42,0.61,2021-07-30,1052,N,VIIRS,n,2,284.34,1.37,N,0
40.17599,-121.30655,306.29,0.41,0.61,2021-07-30,1052,N,VIIRS,n,2,276.01,1.25,N,0
40.17601,-121.17787,367,0.42,0.61,2021-07-30,1052,N,VIIRS,h,2,285.49,6.23,N,0
40.17707,-121.1601,304.2,0.42,0.61,2021-07-30,1052,N,VIIRS,n,2,283.4,1.12,N,0
40.17711,-121.18176,312.69,0.42,0.61,2021-07-30,1052,N,VIIRS,n,2,283.18,6.23,N,0
40.17767,-121.20527,303.24,0.42,0.61,2021-07-30,1052,N,VIIRS,n,2,283.46,1.37,N,0
40.17825,-121.16428,310.03,0.42,0.61,2021-07-30,1052,N,VIIRS,n,2,283.41,1.12,N,0
40.17826,-121.18582,298.55,0.42,0.61,2021-07-30,1052,N,VIIRS,n,2,283.26,1.56,N,0
40.17929,-121.21105,298.32,0.42,0.61,2021-07-30,1052,N,VIIRS,n,2,282.36,2.14,N,0
40.18009,-121.29969,298.6,0.41,0.61,2021-07-30,1052,N,VIIRS,n,2,278.82,1.31,N,0
40.18103,-121.19567,312.8,0.42,0.61,2021-07-30,1052,N,VIIRS,n,2,283.26,1.37,N,0
40.18132,-121.23975,308.08,0.41,0.61,2021-07-30,1052,N,VIIRS,n,2,288.68,2.79,N,0
40.18135,-121.30418,303.13,0.41,0.61,2021-07-30,1052,N,VIIRS,n,2,275.25,0.99,N,0
40.18164,-121.1763,297.85,0.42,0.61,2021-07-30,1052,N,VIIRS,n,2,282.78,0.97,N,0
40.18268,-121.20155,306.94,0.42,0.61,2021-07-30,1052,N,VIIRS,n,2,282.85,1.37,N,0
40.18272,-121.18012,305.49,0.42,0.61,2021-07-30,1052,N,VIIRS,n,2,282.54,0.97,N,0
40.18274,-121.30907,302.16,0.41,0.61,2021-07-30,1052,N,VIIRS,n,2,275.2,0.99,N,0
40.18382,-121.18403,305.44,0.42,0.61,2021-07-30,1052,N,VIIRS,n,2,281.55,1.64,N,0
40.18542,-121.23283,309.35,0.41,0.61,2021-07-30,1052,N,VIIRS,n,2,288.19,1.59,N,0
40.18551,-121.29753,300.02,0.41,0.61,2021-07-30,1052,N,VIIRS,n,2,280.77,1.31,N,0
40.18657,-121.23687,306.25,0.41,0.61,2021-07-30,1052,N,VIIRS,n,2,288.26,1.96,N,0
40.18675,-121.30192,295.73,0.41,0.61,2021-07-30,1052,N,VIIRS,n,2,276.84,0.99,N,0
40.18702,-121.21698,299.54,0.42,0.61,2021-07-30,1052,N,VIIRS,n,2,282.71,2.17,N,0
40.18707,-121.17402,302.62,0.42,0.61,2021-07-30,1052,N,VIIRS,n,2,282.2,0.97,N,0
40.18777,-121.24116,315.42,0.41,0.61,2021-07-30,1052,N,VIIRS,n,2,288.54,1.96,N,0
40.18834,-121.28612,296.24,0.41,0.61,2021-07-30,1052,N,VIIRS,n,2,278.21,1.15,N,0
40.18906,-121.24575,303.82,0.41,0.61,2021-07-30,1052,N,VIIRS,n,2,286.09,3.73,N,0
40.18925,-121.20332,299.17,0.42,0.61,2021-07-30,1052,N,VIIRS,n,2,281.75,1.79,N,0
40.18953,-121.22588,301.29,0.41,0.61,2021-07-30,1052,N,VIIRS,n,2,284.52,1.59,N,0
40.1907,-121.23006,303.42,0.41,0.61,2021-07-30,1052,N,VIIRS,n,2,286.28,1.59,N,0
40.19188,-121.23425,312.3,0.41,0.61,2021-07-30,1052,N,VIIRS,n,2,287.83,1.96,N,0
40.19202,-121.2132,296.89,0.42,0.61,2021-07-30,1052,N,VIIRS,n,2,280.5,0.71,N,0
40.1931,-121.23856,312.45,0.41,0.61,2021-07-30,1052,N,VIIRS,n,2,287.93,1.96,N,0
40.19336,-121.21793,299.59,0.42,0.61,2021-07-30,1052,N,VIIRS,n,2,282.03,0.71,N,0
40.19464,-121.22253,299.4,0.41,0.61,2021-07-30,1052,N,VIIRS,n,2,284.01,2.04,N,0
40.19591,-121.22704,312.2,0.41,0.61,2021-07-30,1052,N,VIIRS,n,2,285.77,2.04,N,0
40.19714,-121.20982,299.35,0.42,0.61,2021-07-30,1052,N,VIIRS,n,2,279.98,0.71,N,0
40.19717,-121.23151,310.57,0.41,0.61,2021-07-30,1052,N,VIIRS,n,2,287.46,2.06,N,0
40.19842,-121.23598,319.71,0.41,0.61,2021-07-30,1052,N,VIIRS,n,2,288.23,2.06,N,0
40.19848,-121.2146,297.93,0.42,0.61,2021-07-30,1052,N,VIIRS,n,2,279.97,0.71,N,0
40.20243,-121.25028,303.52,0.41,0.61,2021-07-30,1052,N,VIIRS,n,2,286.91,2.08,N,0
40.20375,-121.2334,304.15,0.41,0.61,2021-07-30,1052,N,VIIRS,n,2,286.01,2.06,N,0
40.15128,-121.40681,330.74,0.4,0.44,2021-07-30,2034,N,VIIRS,n,2,283.98,3.89,D,0
39.98425,-120.89858,300.44,0.51,0.49,2021-07-31,1033,N,VIIRS,n,2,283.64,1.42,N,0
39.98754,-120.89227,303.46,0.51,0.49,2021-07-31,1033,N,VIIRS,n,2,287.22,1.42,N,0
39.98876,-120.89742,303.26,0.51,0.49,2021-07-31,1033,N,VIIRS,n,2,288.11,1.42,N,0
39.99135,-120.90829,311.02,0.5,0.49,2021-07-31,1033,N,VIIRS,n,2,281.16,2.46,N,0
40.03008,-121.13213,303.55,0.49,0.49,2021-07-31,1033,N,VIIRS,n,2,268.41,6.75,N,0
40.03161,-121.13865,327.29,0.49,0.49,2021-07-31,1033,N,VIIRS,n,2,267.75,6.75,N,0
40.0346,-121.13127,317.76,0.49,0.49,2021-07-31,1033,N,VIIRS,n,2,275.91,6.75,N,0
40.03627,-121.13837,344.61,0.49,0.49,2021-07-31,1033,N,VIIRS,n,2,275.38,6.75,N,0
40.03788,-121.14521,297.23,0.49,0.49,2021-07-31,1033,N,VIIRS,n,2,270.04,1.68,N,0
40.05234,-121.44508,300.36,0.47,0.48,2021-07-31,1033,N,VIIRS,n,2,258.94,1.74,N,0
40.05355,-121.4502,322.96,0.47,0.48,2021-07-31,1033,N,VIIRS,n,2,263.51,1.74,N,0
40.05479,-121.45545,320.51,0.47,0.48,2021-07-31,1033,N,VIIRS,n,2,266.47,2.64,N,0
40.05604,-121.46075,304.16,0.47,0.48,2021-07-31,1033,N,VIIRS,n,2,263.51,2.64,N,0
40.05796,-121.44917,306.24,0.47,0.48,2021-07-31,1033,N,VIIRS,n,2,257.85,2.38,N,0
40.05918,-121.45435,335.29,0.47,0.48,2021-07-31,1033,N,VIIRS,n,2,267.61,6.15,N,0
40.06035,-121.45936,341.97,0.47,0.48,2021-07-31,1033,N,VIIRS,n,2,270.22,6.15,N,0
40.06152,-121.46432,323.77,0.47,0.48,2021-07-31,1033,N,VIIRS,n,2,268.64,4.31,N,0
40.06369,-121.15456,315.37,0.49,0.48,2021-07-31,1033,N,VIIRS,n,2,264.19,1.17,N,0
40.0647,-121.15884,322.15,0.49,0.48,2021-07-31,1033,N,VIIRS,n,2,264.76,2.3,N,0
40.06783,-121.15209,295.17,0.49,0.48,2021-07-31,1033,N,VIIRS,n,2,271.26,1.17,N,0
40.06884,-121.15636,303.54,0.49,0.48,2021-07-31,1033,N,VIIRS,n,2,266.27,2.3,N,0
40.17623,-121.18133,313.36,0.48,0.48,2021-07-31,1033,N,VIIRS,n,2,274.59,2.51,N,0
40.17741,-121.18633,298.62,0.48,0.48,2021-07-31,1033,N,VIIRS,n,2,279.58,2.51,N,0
40.18065,-121.1801,298.99,0.48,0.48,2021-07-31,1033,N,VIIRS,n,2,279.52,2.9,N,0
39.93035,-121.15917,367,0.33,0.55,2021-07-31,2015,N,VIIRS,h,2,302.42,8.15,D,0
39.93161,-121.15436,367,0.33,0.55,2021-07-31,2015,N,VIIRS,h,2,297.97,8.15,D,0
39.93531,-121.16109,331.19,0.33,0.55,2021-07-31,2015,N,VIIRS,n,2,297.09,8.15,D,0
39.93906,-121.16766,336.58,0.33,0.56,2021-07-31,2015,N,VIIRS,n,2,297.91,4.31,D,0
39.94194,-121.17764,336.66,0.33,0.56,2021-07-31,2015,N,VIIRS,n,2,293.77,4.03,D,0
39.94696,-121.17933,334.22,0.33,0.56,2021-07-31,2015,N,VIIRS,n,2,294.02,2.14,D,0
39.966,-121.08509,338.08,0.33,0.55,2021-07-31,2015,N,VIIRS,n,2,294.51,4.64,D,0
39.98707,-120.89943,338.59,0.32,0.55,2021-07-31,2015,N,VIIRS,n,2,295.16,4.76,D,0
39.99273,-120.91918,344.77,0.32,0.55,2021-07-31,2015,N,VIIRS,n,2,298.62,4.85,D,0
39.99383,-120.91496,355.4,0.32,0.55,2021-07-31,2015,N,VIIRS,n,2,299.95,4.85,D,0
39.99763,-120.9211,339.6,0.32,0.55,2021-07-31,2015,N,VIIRS,n,2,298.3,4.85,D,0
39.99886,-120.91629,348.32,0.32,0.55,2021-07-31,2015,N,VIIRS,n,2,299.3,4.85,D,0
40.03249,-121.13421,367,0.33,0.55,2021-07-31,2015,N,VIIRS,h,2,297.84,9.48,D,0
40.03366,-121.40289,208,0.34,0.56,2021-07-31,2015,N,VIIRS,l,2,317.85,86.75,D,0
40.03457,-121.39938,367,0.34,0.56,2021-07-31,2015,N,VIIRS,h,2,305.78,85.06,D,0
40.03615,-121.14107,367,0.33,0.55,2021-07-31,2015,N,VIIRS,h,2,297.6,5.24,D,0
40.03704,-121.13763,336.95,0.33,0.55,2021-07-31,2015,N,VIIRS,n,2,297.64,5.24,D,0
40.04039,-121.14568,330.77,0.33,0.55,2021-07-31,2015,N,VIIRS,n,2,292.05,3.88,D,0
40.04377,-121.15363,331.49,0.33,0.55,2021-07-31,2015,N,VIIRS,n,2,287.45,1.91,D,0
40.05251,-121.44476,332.7,0.34,0.56,2021-07-31,2015,N,VIIRS,n,2,298.64,2.58,D,0
40.06386,-121.16021,331.71,0.33,0.55,2021-07-31,2015,N,VIIRS,n,2,286.13,3.15,D,0
40.06511,-121.1554,337.2,0.33,0.55,2021-07-31,2015,N,VIIRS,n,2,287.94,3.15,D,0
40.06625,-121.151,367,0.33,0.55,2021-07-31,2015,N,VIIRS,h,2,290.46,10.83,D,0
40.0912,-120.97115,331.96,0.32,0.55,2021-07-31,2015,N,VIIRS,n,2,291.3,4.15,D,0
40.09875,-121.47935,332.15,0.34,0.56,2021-07-31,2015,N,VIIRS,n,2,296.8,4.67,D,0
40.14499,-121.40794,330.73,0.34,0.56,2021-07-31,2015,N,VIIRS,n,2,295.4,4.56,D,0
40.14593,-121.4043,330.46,0.34,0.56,2021-07-31,2015,N,VIIRS,n,2,294.92,6.93,D,0
40.15957,-121.12096,331.11,0.33,0.55,2021-07-31,2015,N,VIIRS,n,2,295.45,2.21,D,0
40.16519,-121.16198,334.08,0.33,0.55,2021-07-31,2015,N,VIIRS,n,2,297.95,3.82,D,0
40.17599,-121.18318,356.14,0.33,0.55,2021-07-31,2015,N,VIIRS,n,2,298.21,7.39,D,0
40.19385,-121.24046,330.14,0.33,0.55,2021-07-31,2015,N,VIIRS,n,2,295.27,3.57,D,0
40.19778,-121.24634,367,0.33,0.55,2021-07-31,2015,N,VIIRS,h,2,297.97,8.71,D,0
40.20018,-121.24792,341.79,0.33,0.55,2021-07-31,2015,N,VIIRS,n,2,294.64,4.73,D,0
39.92794,-121.1581,367,0.48,0.65,2021-07-31,2156,N,VIIRS,h,2,302.46,22.37,D,0
39.9281,-121.15356,357.48,0.48,0.65,2021-07-31,2156,N,VIIRS,n,2,296.62,15.29,D,0
39.93398,-121.15916,352.11,0.48,0.65,2021-07-31,2156,N,VIIRS,n,2,301.73,22.37,D,0
39.93414,-121.15454,347.63,0.48,0.65,2021-07-31,2156,N,VIIRS,n,2,295.27,15.29,D,0
39.93431,-121.14939,330.85,0.49,0.65,2021-07-31,2156,N,VIIRS,n,2,292.01,15.29,D,0
39.93522,-121.1609,332.24,0.48,0.65,2021-07-31,2156,N,VIIRS,n,2,300.22,6.38,D,0
39.93536,-121.15634,335.87,0.49,0.65,2021-07-31,2156,N,VIIRS,n,2,295.41,6.38,D,0
39.9355,-121.15147,330.47,0.49,0.65,2021-07-31,2156,N,VIIRS,n,2,292.68,7.12,D,0
39.93968,-121.16959,367,0.48,0.65,2021-07-31,2156,N,VIIRS,h,2,299.23,15.9,D,0
39.93985,-121.16471,367,0.48,0.65,2021-07-31,2156,N,VIIRS,h,2,296.46,15.77,D,0
39.9408,-121.17715,342.49,0.48,0.65,2021-07-31,2156,N,VIIRS,n,2,295.34,8.72,D,0
39.94096,-121.17162,367,0.48,0.65,2021-07-31,2156,N,VIIRS,h,2,296.68,17.66,D,0
39.94112,-121.16661,367,0.48,0.65,2021-07-31,2156,N,VIIRS,h,2,297.2,17.66,D,0
39.94126,-121.1618,334.77,0.48,0.65,2021-07-31,2156,N,VIIRS,n,2,293.93,6.38,D,0
39.94141,-121.15688,335.1,0.49,0.65,2021-07-31,2156,N,VIIRS,n,2,294.81,6.38,D,0
39.94531,-121.1815,339.57,0.48,0.65,2021-07-31,2156,N,VIIRS,n,2,296.89,8.51,D,0
39.94551,-121.17603,347.14,0.48,0.65,2021-07-31,2156,N,VIIRS,n,2,295.18,15.9,D,0
39.94588,-121.16571,346.63,0.48,0.65,2021-07-31,2156,N,VIIRS,n,2,292.46,15.77,D,0
39.94657,-121.14658,344.09,0.49,0.65,2021-07-31,2156,N,VIIRS,n,2,295.93,15.72,D,0
39.94683,-121.17825,345.08,0.48,0.65,2021-07-31,2156,N,VIIRS,n,2,296.19,7.77,D,0
39.94685,-121.13865,346.17,0.49,0.65,2021-07-31,2156,N,VIIRS,n,2,296.7,11.2,D,0
39.94765,-121.11658,347.91,0.49,0.65,2021-07-31,2156,N,VIIRS,n,2,296.48,7.46,D,0
39.9477,-121.1495,333.3,0.49,0.65,2021-07-31,2156,N,VIIRS,n,2,294.76,14.3,D,0
39.94791,-121.10906,350.03,0.49,0.65,2021-07-31,2156,N,VIIRS,n,2,295.09,12.69,D,0
39.94796,-121.14115,367,0.49,0.65,2021-07-31,2156,N,VIIRS,h,2,301.96,14.3,D,0
39.94847,-121.09354,330.1,0.49,0.65,2021-07-31,2156,N,VIIRS,n,2,293.69,6.86,D,0
39.94861,-121.11924,338.25,0.49,0.65,2021-07-31,2156,N,VIIRS,n,2,295.95,8.17,D,0
39.94884,-121.11177,353.03,0.49,0.65,2021-07-31,2156,N,VIIRS,n,2,295.99,8.17,D,0
39.94953,-121.08833,338.86,0.49,0.65,2021-07-31,2156,N,VIIRS,n,2,294.35,24.27,D,0
39.95302,-121.17423,331.11,0.48,0.65,2021-07-31,2156,N,VIIRS,n,2,294.34,3.68,D,0
39.95318,-121.16889,331.98,0.48,0.65,2021-07-31,2156,N,VIIRS,n,2,292.05,3.68,D,0
39.95356,-121.15659,338.25,0.49,0.65,2021-07-31,2156,N,VIIRS,n,2,294.07,10.09,D,0
39.95383,-121.14782,349.5,0.49,0.65,2021-07-31,2156,N,VIIRS,n,2,293.66,14.3,D,0
39.95423,-121.10284,353.06,0.49,0.65,2021-07-31,2156,N,VIIRS,n,2,295.68,21.69,D,0
39.95449,-121.09553,346.69,0.49,0.65,2021-07-31,2156,N,VIIRS,n,2,301.7,31.37,D,0
39.95485,-121.08565,367,0.49,0.65,2021-07-31,2156,N,VIIRS,h,2,295.25,31.37,D,0
39.95511,-121.10545,351.56,0.49,0.65,2021-07-31,2156,N,VIIRS,n,2,295.07,24.9,D,0
39.95532,-121.09853,351.91,0.49,0.65,2021-07-31,2156,N,VIIRS,n,2,297.29,24.9,D,0
39.9556,-121.08894,367,0.49,0.65,2021-07-31,2156,N,VIIRS,h,2,297.57,24.27,D,0
39.9585,-121.15252,367,0.48,0.65,2021-07-31,2156,N,VIIRS,h,2,296.03,16.24,D,0
39.95876,-121.14547,347.05,0.49,0.65,2021-07-31,2156,N,VIIRS,n,2,295.42,16.24,D,0
39.95888,-121.18076,331.72,0.48,0.65,2021-07-31,2156,N,VIIRS,n,2,293.8,3.69,D,0
39.95905,-121.17541,333.05,0.48,0.65,2021-07-31,2156,N,VIIRS,n,2,293.15,7.11,D,0
39.9599,-121.14798,347.63,0.49,0.65,2021-07-31,2156,N,VIIRS,n,2,295.09,8.49,D,0
39.96058,-121.09551,367,0.49,0.65,2021-07-31,2156,N,VIIRS,h,2,296.53,31.37,D,0
39.96091,-121.08649,340.58,0.49,0.65,2021-07-31,2156,N,VIIRS,n,2,294.11,31.37,D,0
39.96114,-121.07998,333.59,0.49,0.65,2021-07-31,2156,N,VIIRS,n,2,295.35,14.83,D,0
39.96141,-121.09868,351.61,0.49,0.65,2021-07-31,2156,N,VIIRS,n,2,295.49,9,D,0
39.96169,-121.08938,353.06,0.49,0.65,2021-07-31,2156,N,VIIRS,n,2,295.09,7.73,D,0
39.96189,-121.0824,339.62,0.49,0.65,2021-07-31,2156,N,VIIRS,n,2,295.59,7.73,D,0
39.96695,-121.08791,367,0.49,0.65,2021-07-31,2156,N,VIIRS,h,2,295.59,9.35,D,0
39.96717,-121.08171,334.04,0.49,0.65,2021-07-31,2156,N,VIIRS,n,2,294.69,11.14,D,0
39.96774,-121.09071,338.15,0.49,0.65,2021-07-31,2156,N,VIIRS,n,2,293.12,7.73,D,0
39.96794,-121.08408,344.98,0.49,0.65,2021-07-31,2156,N,VIIRS,n,2,294.89,7.73,D,0
40.01507,-121.13306,367,0.49,0.65,2021-07-31,2156,N,VIIRS,h,2,299.49,6.75,D,0
40.02133,-121.12793,367,0.49,0.65,2021-07-31,2156,N,VIIRS,h,2,299.11,9.23,D,0
40.02974,-121.40201,351.62,0.47,0.64,2021-07-31,2156,N,VIIRS,n,2,300.75,6.68,D,0
40.0316,-121.40534,354.73,0.47,0.64,2021-07-31,2156,N,VIIRS,n,2,300.82,21.43,D,0
40.0318,-121.39899,367,0.47,0.64,2021-07-31,2156,N,VIIRS,h,2,304.14,21.43,D,0
40.03331,-121.13348,334.89,0.49,0.65,2021-07-31,2156,N,VIIRS,n,2,301.77,8.29,D,0
40.03578,-121.40101,367,0.47,0.64,2021-07-31,2156,N,VIIRS,h,2,304.63,27.26,D,0
40.03897,-121.14528,355.56,0.49,0.65,2021-07-31,2156,N,VIIRS,n,2,303.75,10.73,D,0
40.03925,-121.13747,343.62,0.49,0.65,2021-07-31,2156,N,VIIRS,n,2,305.58,8.29,D,0
40.03936,-121.15019,349.28,0.49,0.65,2021-07-31,2156,N,VIIRS,n,2,301.46,9.84,D,0
40.03961,-121.14176,351.07,0.49,0.65,2021-07-31,2156,N,VIIRS,n,2,304.97,9.84,D,0
40.04488,-121.16921,332.52,0.48,0.65,2021-07-31,2156,N,VIIRS,n,2,296.21,6.75,D,0
40.04569,-121.12714,331.78,0.49,0.65,2021-07-31,2156,N,VIIRS,l,2,306.46,12.34,D,0
40.0508,-121.15453,331.13,0.48,0.65,2021-07-31,2156,N,VIIRS,n,2,300.8,7.19,D,0
40.05128,-121.15804,349.04,0.49,0.65,2021-07-31,2156,N,VIIRS,n,2,299.87,6.31,D,0
40.0567,-121.15966,344.28,0.48,0.65,2021-07-31,2156,N,VIIRS,n,2,298.92,17.07,D,0
40.05686,-121.15493,367,0.48,0.65,2021-07-31,2156,N,VIIRS,h,2,304.05,17.65,D,0
40.05722,-121.1625,339.27,0.48,0.65,2021-07-31,2156,N,VIIRS,n,2,298.7,6.31,D,0
40.05737,-121.1576,355.29,0.49,0.65,2021-07-31,2156,N,VIIRS,n,2,301.57,6.31,D,0
40.05966,-121.46362,343.64,0.47,0.64,2021-07-31,2156,N,VIIRS,n,2,300.57,5.21,D,0
40.06265,-121.16319,367,0.48,0.65,2021-07-31,2156,N,VIIRS,h,2,299.77,17.07,D,0
40.06279,-121.15899,352.63,0.48,0.65,2021-07-31,2156,N,VIIRS,n,2,305.63,17.07,D,0
40.06295,-121.15479,367,0.48,0.65,2021-07-31,2156,N,VIIRS,h,2,303.16,17.65,D,0
40.0631,-121.15037,367,0.49,0.65,2021-07-31,2156,N,VIIRS,h,2,299.61,17.65,D,0
40.06319,-121.1659,345.76,0.48,0.65,2021-07-31,2156,N,VIIRS,n,2,297.62,16.32,D,0
40.06333,-121.16119,352.56,0.48,0.65,2021-07-31,2156,N,VIIRS,n,2,300.11,30.67,D,0
40.06343,-121.14104,347.14,0.49,0.65,2021-07-31,2156,N,VIIRS,n,2,299.44,13.66,D,0
40.06346,-121.15707,367,0.49,0.65,2021-07-31,2156,N,VIIRS,h,2,310.17,30.67,D,0
40.06359,-121.15287,367,0.49,0.65,2021-07-31,2156,N,VIIRS,h,2,302.16,16.2,D,0
40.06374,-121.14819,341.15,0.49,0.65,2021-07-31,2156,N,VIIRS,n,2,297.22,16.2,D,0
40.06387,-121.14361,334.31,0.49,0.65,2021-07-31,2156,N,VIIRS,n,2,297.04,5.19,D,0
40.06401,-121.13908,331.51,0.49,0.65,2021-07-31,2156,N,VIIRS,n,2,297.92,5.19,D,0
40.06828,-121.17554,367,0.48,0.65,2021-07-31,2156,N,VIIRS,h,2,290.51,5.08,D,0
40.06848,-121.17004,345,0.48,0.65,2021-07-31,2156,N,VIIRS,n,2,297.5,12.4,D,0
40.06896,-121.15662,367,0.48,0.65,2021-07-31,2156,N,VIIRS,h,2,300.35,29.33,D,0
40.06904,-121.17303,367,0.48,0.65,2021-07-31,2156,N,VIIRS,h,2,298.31,13.17,D,0
40.06911,-121.15252,347.94,0.48,0.65,2021-07-31,2156,N,VIIRS,n,2,296.85,14.24,D,0
40.06926,-121.14827,342.89,0.49,0.65,2021-07-31,2156,N,VIIRS,n,2,296.77,14.24,D,0
40.06948,-121.15871,344.14,0.48,0.65,2021-07-31,2156,N,VIIRS,n,2,297.21,30.67,D,0
40.06961,-121.15475,352.16,0.49,0.65,2021-07-31,2156,N,VIIRS,n,2,296.97,30.67,D,0
40.06974,-121.15054,332.4,0.49,0.65,2021-07-31,2156,N,VIIRS,n,2,296.39,16.2,D,0
40.09383,-121.15745,335.96,0.49,0.65,2021-07-31,2156,N,VIIRS,n,2,305.12,9.39,D,0
40.09402,-121.15147,341.76,0.49,0.65,2021-07-31,2156,N,VIIRS,n,2,301.89,10.62,D,0
40.09493,-121.4814,367,0.47,0.64,2021-07-31,2156,N,VIIRS,h,2,303.78,15.89,D,0
40.10089,-121.48188,350.77,0.47,0.64,2021-07-31,2156,N,VIIRS,n,2,298.45,6.18,D,0
40.10107,-121.4768,339.76,0.47,0.64,2021-07-31,2156,N,VIIRS,n,2,297.94,6.18,D,0
40.11383,-121.45475,337.97,0.47,0.64,2021-07-31,2156,N,VIIRS,n,2,297.82,3.77,D,0
40.15758,-121.4065,331.56,0.47,0.64,2021-07-31,2156,N,VIIRS,n,2,293.42,6.1,D,0
40.15783,-121.39983,367,0.47,0.64,2021-07-31,2156,N,VIIRS,h,2,293.77,34.07,D,0
40.15807,-121.39362,367,0.47,0.64,2021-07-31,2156,N,VIIRS,h,2,299.74,34.07,D,0
40.15828,-121.38799,350.52,0.47,0.64,2021-07-31,2156,N,VIIRS,n,2,294,35.84,D,0
40.16001,-121.40896,332.7,0.47,0.64,2021-07-31,2156,N,VIIRS,n,2,295.49,13.87,D,0
40.16022,-121.40244,367,0.47,0.64,2021-07-31,2156,N,VIIRS,h,2,295.64,13.87,D,0
40.16045,-121.39561,345.74,0.47,0.64,2021-07-31,2156,N,VIIRS,n,2,301.67,68.81,D,0
40.16063,-121.38998,367,0.47,0.64,2021-07-31,2156,N,VIIRS,h,2,293.59,68.81,D,0
40.1636,-121.40597,367,0.47,0.64,2021-07-31,2156,N,VIIRS,h,2,300.53,23.53,D,0
40.16388,-121.39892,367,0.47,0.64,2021-07-31,2156,N,VIIRS,h,2,294.57,38.01,D,0
40.16608,-121.40712,367,0.47,0.64,2021-07-31,2156,N,VIIRS,h,2,295.2,13.87,D,0
40.16629,-121.40047,343.89,0.47,0.64,2021-07-31,2156,N,VIIRS,n,2,293,13.87,D,0
39.68342,-122.1544,303.32,0.43,0.38,2021-08-01,1014,N,VIIRS,n,2,291.67,0.61,N,0
39.92802,-121.15754,314.92,0.46,0.39,2021-08-01,1014,N,VIIRS,n,2,267.15,1.69,N,0
39.92897,-121.16248,295.88,0.46,0.39,2021-08-01,1014,N,VIIRS,n,2,269.44,1.69,N,0
39.93158,-121.15662,296.6,0.46,0.39,2021-08-01,1014,N,VIIRS,n,2,261.86,0.63,N,0
39.93392,-121.18822,307.11,0.45,0.39,2021-08-01,1014,N,VIIRS,n,2,271.24,1.9,N,0
39.93415,-121.15059,301.54,0.46,0.39,2021-08-01,1014,N,VIIRS,n,2,251.21,1.76,N,0
39.93745,-121.18717,319.18,0.45,0.39,2021-08-01,1014,N,VIIRS,n,2,275.04,2.37,N,0
39.938,-121.17062,296.35,0.45,0.39,2021-08-01,1014,N,VIIRS,n,2,259.15,0.98,N,0
39.93845,-121.19236,305.55,0.45,0.39,2021-08-01,1014,N,VIIRS,n,2,270.5,2.37,N,0
39.939,-121.1758,299.39,0.45,0.39,2021-08-01,1014,N,VIIRS,n,2,262.3,1.9,N,0
39.93986,-121.08274,310.13,0.46,0.39,2021-08-01,1014,N,VIIRS,n,2,240.92,2.22,N,0
39.94058,-121.1646,305.1,0.46,0.39,2021-08-01,1014,N,VIIRS,n,2,257.76,3.85,N,0
39.94092,-121.08829,310.84,0.46,0.39,2021-08-01,1014,N,VIIRS,n,2,236.64,2.22,N,0
39.94155,-121.16962,317.18,0.45,0.39,2021-08-01,1014,N,VIIRS,n,2,258.52,3.85,N,0
39.94254,-121.17477,308.49,0.45,0.39,2021-08-01,1014,N,VIIRS,n,2,261.2,3.54,N,0
39.94316,-121.15857,299.13,0.46,0.39,2021-08-01,1014,N,VIIRS,n,2,255.41,1.77,N,0
39.94353,-121.17997,319.14,0.45,0.39,2021-08-01,1014,N,VIIRS,n,2,269.54,3.54,N,0
39.96122,-121.17499,330.81,0.45,0.39,2021-08-01,1014,N,VIIRS,n,2,265.76,8.65,N,0
40.0328,-121.4023,298.44,0.45,0.39,2021-08-01,1014,N,VIIRS,n,2,253.53,1.14,N,0
40.05456,-120.86901,303.07,0.46,0.39,2021-08-01,1014,N,VIIRS,n,2,272.75,1.64,N,0
40.07321,-120.90651,313.09,0.46,0.39,2021-08-01,1014,N,VIIRS,n,2,275.27,1.65,N,0
40.07665,-120.9048,298.03,0.46,0.39,2021-08-01,1014,N,VIIRS,n,2,275.69,1.65,N,0
40.07803,-120.8926,305.5,0.46,0.39,2021-08-01,1014,N,VIIRS,n,2,278.19,1.16,N,0
40.09282,-120.9685,318.17,0.46,0.39,2021-08-01,1014,N,VIIRS,n,2,276.44,2.31,N,0
40.0939,-120.97406,330.37,0.46,0.39,2021-08-01,1014,N,VIIRS,n,2,278.23,3.31,N,0
40.09742,-120.9728,312.48,0.46,0.39,2021-08-01,1014,N,VIIRS,n,2,277.68,3.31,N,0
40.09963,-120.98419,296.98,0.46,0.39,2021-08-01,1014,N,VIIRS,n,2,274.7,0.91,N,0
40.10177,-121.03389,338.12,0.46,0.39,2021-08-01,1014,N,VIIRS,n,2,268.45,6.73,N,0
40.10203,-120.97721,310.65,0.46,0.39,2021-08-01,1014,N,VIIRS,n,2,276.48,2.29,N,0
40.10284,-121.03938,348.49,0.46,0.39,2021-08-01,1014,N,VIIRS,n,2,266.8,5.79,N,0
40.10314,-120.98293,316.38,0.46,0.39,2021-08-01,1014,N,VIIRS,n,2,275.42,2.73,N,0
40.10392,-121.04494,310.29,0.46,0.39,2021-08-01,1014,N,VIIRS,n,2,259.95,5.79,N,0
40.10531,-121.03281,302.66,0.46,0.39,2021-08-01,1014,N,VIIRS,n,2,264.09,0.88,N,0
40.1055,-120.97578,324.74,0.46,0.39,2021-08-01,1014,N,VIIRS,n,2,278.26,2.29,N,0
40.10638,-121.0383,338.1,0.46,0.39,2021-08-01,1014,N,VIIRS,n,2,266.86,4.91,N,0
40.1066,-120.98142,321.86,0.46,0.39,2021-08-01,1014,N,VIIRS,n,2,278.11,2.73,N,0
40.10746,-121.04388,336.7,0.46,0.39,2021-08-01,1014,N,VIIRS,n,2,261.88,4.91,N,0
40.14156,-121.41376,304.61,0.44,0.39,2021-08-01,1014,N,VIIRS,n,2,262.58,0.88,N,0
40.14506,-121.41272,299.14,0.44,0.39,2021-08-01,1014,N,VIIRS,n,2,259.54,0.88,N,0
40.14755,-121.40646,308.48,0.44,0.39,2021-08-01,1014,N,VIIRS,n,2,259.5,2.21,N,0
40.16591,-121.17305,296.28,0.45,0.39,2021-08-01,1014,N,VIIRS,n,2,255.79,1,N,0
40.17767,-120.82069,299.72,0.46,0.39,2021-08-01,1014,N,VIIRS,n,2,279.6,0.35,N,0
40.19122,-121.24744,296.44,0.45,0.39,2021-08-01,1014,N,VIIRS,n,2,251.81,1.19,N,0
40.19373,-121.24113,301.02,0.45,0.39,2021-08-01,1014,N,VIIRS,n,2,255.04,1.19,N,0
40.19821,-121.24517,297.72,0.45,0.39,2021-08-01,1014,N,VIIRS,n,2,252.82,0.52,N,0
40.73672,-122.32336,309.3,0.41,0.37,2021-08-01,1014,N,VIIRS,n,2,293.61,0.8,N,2
39.9366,-121.091,367,0.56,0.69,2021-08-01,1956,N,VIIRS,h,2,305.61,49.08,D,0
39.93822,-121.09875,341.7,0.56,0.69,2021-08-01,1956,N,VIIRS,n,2,298.2,41.03,D,0
39.93939,-121.17167,330.31,0.57,0.69,2021-08-01,1956,N,VIIRS,n,2,296.48,12.11,D,0
39.93985,-121.09341,336.2,0.56,0.69,2021-08-01,1956,N,VIIRS,n,2,306.92,41.03,D,0
39.94132,-121.09819,367,0.56,0.69,2021-08-01,1956,N,VIIRS,h,2,298.39,41.95,D,0
39.94153,-121.08791,367,0.56,0.69,2021-08-01,1956,N,VIIRS,h,2,290.17,68.77,D,0
39.94299,-121.09282,367,0.56,0.69,2021-08-01,1956,N,VIIRS,h,2,302.69,49.08,D,0
39.94469,-121.08737,351,0.56,0.69,2021-08-01,1956,N,VIIRS,n,2,291.3,49.08,D,0
39.94569,-121.1739,367,0.57,0.69,2021-08-01,1956,N,VIIRS,h,2,295.56,12.11,D,0
39.9463,-121.09505,332.58,0.56,0.69,2021-08-01,1956,N,VIIRS,n,2,289.48,9.48,D,0
39.94738,-121.14596,339,0.57,0.69,2021-08-01,1956,N,VIIRS,n,2,291.06,13.3,D,0
39.94791,-121.08976,330.19,0.56,0.69,2021-08-01,1956,N,VIIRS,n,2,295.5,9.83,D,0
39.94816,-121.16595,367,0.57,0.69,2021-08-01,1956,N,VIIRS,h,2,296,21.59,D,0
39.9503,-121.15903,340.66,0.57,0.69,2021-08-01,1956,N,VIIRS,n,2,296.12,21.59,D,0
39.95121,-121.10172,332.91,0.56,0.69,2021-08-01,1956,N,VIIRS,n,2,296.85,9.48,D,0
39.95436,-121.16843,344.61,0.57,0.69,2021-08-01,1956,N,VIIRS,n,2,293.12,9.33,D,0
39.95632,-121.16212,339.82,0.57,0.69,2021-08-01,1956,N,VIIRS,n,2,295.39,9.33,D,0
40.02908,-121.40591,367,0.58,0.7,2021-08-01,1956,N,VIIRS,h,2,298.17,14.68,D,0
40.03081,-121.40033,348.19,0.58,0.7,2021-08-01,1956,N,VIIRS,n,2,300.3,18.79,D,0
40.03655,-121.40453,357.03,0.58,0.7,2021-08-01,1956,N,VIIRS,n,2,299.41,12.84,D,0
40.04683,-121.16231,330.4,0.57,0.69,2021-08-01,1956,N,VIIRS,n,2,295.35,5.39,D,0
40.09171,-120.96936,367,0.55,0.68,2021-08-01,1956,N,VIIRS,h,2,300.6,13.23,D,0
40.09383,-120.97232,367,0.55,0.68,2021-08-01,1956,N,VIIRS,h,2,299.9,25.29,D,0
40.09542,-120.96719,367,0.55,0.68,2021-08-01,1956,N,VIIRS,h,2,302.27,25.29,D,0
40.09632,-120.97681,356.73,0.55,0.68,2021-08-01,1956,N,VIIRS,n,2,297.46,39.94,D,0
40.09705,-120.98421,340.45,0.55,0.68,2021-08-01,1956,N,VIIRS,n,2,296.64,10.34,D,0
40.09775,-120.97213,352.29,0.55,0.68,2021-08-01,1956,N,VIIRS,n,2,303.34,39.94,D,0
40.09853,-120.97942,339.22,0.55,0.68,2021-08-01,1956,N,VIIRS,n,2,295.38,10.34,D,0
40.09896,-121.29334,367,0.57,0.69,2021-08-01,1956,N,VIIRS,h,2,305.19,44.1,D,0
40.09928,-120.9671,367,0.55,0.68,2021-08-01,1956,N,VIIRS,h,2,303.39,68.78,D,0
40.09995,-120.97484,345.07,0.55,0.68,2021-08-01,1956,N,VIIRS,n,2,304.25,55.83,D,0
40.10063,-121.2955,354.49,0.57,0.69,2021-08-01,1956,N,VIIRS,n,2,303.95,33.55,D,0
40.10105,-120.9839,367,0.55,0.68,2021-08-01,1956,N,VIIRS,h,2,296.79,24.18,D,0
40.10136,-120.97028,367,0.55,0.68,2021-08-01,1956,N,VIIRS,h,2,308.62,55.83,D,0
40.10246,-120.97928,337.51,0.55,0.68,2021-08-01,1956,N,VIIRS,n,2,295.29,39.94,D,0
40.10258,-121.28928,343.35,0.57,0.69,2021-08-01,1956,N,VIIRS,n,2,299.4,31.66,D,0
40.10318,-120.98672,367,0.55,0.68,2021-08-01,1956,N,VIIRS,h,2,293.79,10.34,D,0
40.10381,-120.97484,354.94,0.55,0.68,2021-08-01,1956,N,VIIRS,n,2,302.32,39.94,D,0
40.10462,-120.98202,330.85,0.55,0.68,2021-08-01,1956,N,VIIRS,n,2,294.14,10.34,D,0
40.1052,-120.97026,367,0.55,0.68,2021-08-01,1956,N,VIIRS,h,2,295.29,68.78,D,0
40.10599,-120.97759,336,0.55,0.68,2021-08-01,1956,N,VIIRS,n,2,293.7,55.83,D,0
40.15896,-121.4009,330.5,0.58,0.69,2021-08-01,1956,N,VIIRS,n,2,280.57,7.42,D,0
40.17293,-121.10839,333.43,0.56,0.69,2021-08-01,1956,N,VIIRS,n,2,295.51,4.37,D,0
39.93064,-121.14992,340.84,0.54,0.51,2021-08-01,2137,N,VIIRS,n,2,302.72,7.51,D,0
39.9321,-121.15154,349.29,0.54,0.51,2021-08-01,2137,N,VIIRS,n,2,306.23,13.17,D,0
39.93426,-121.18758,339.47,0.54,0.51,2021-08-01,2137,N,VIIRS,n,2,301.11,4.05,D,0
39.93489,-121.15638,333.83,0.54,0.51,2021-08-01,2137,N,VIIRS,l,2,305.92,14.74,D,0
39.93492,-121.09476,334.41,0.54,0.51,2021-08-01,2137,N,VIIRS,n,2,304.91,52.08,D,0
39.93534,-121.15054,340.16,0.54,0.51,2021-08-01,2137,N,VIIRS,n,2,302.91,7.51,D,0
39.93547,-121.08755,342.48,0.54,0.51,2021-08-01,2137,N,VIIRS,n,2,305.44,62.96,D,0
39.93597,-121.09667,342.01,0.54,0.51,2021-08-01,2137,N,VIIRS,n,2,306.71,61.99,D,0
39.93638,-121.158,347.32,0.54,0.51,2021-08-01,2137,N,VIIRS,n,2,307.47,13.17,D,0
39.93648,-121.08938,349.93,0.54,0.51,2021-08-01,2137,N,VIIRS,n,2,314.31,61.99,D,0
39.93961,-121.09569,367,0.54,0.51,2021-08-01,2137,N,VIIRS,h,2,328.19,52.08,D,0
39.94017,-121.08842,352.38,0.54,0.51,2021-08-01,2137,N,VIIRS,l,2,328.76,62.96,D,0
39.94026,-121.17006,355.54,0.54,0.51,2021-08-01,2137,N,VIIRS,n,2,312,88.17,D,0
39.94065,-121.09776,316.95,0.54,0.51,2021-08-01,2137,N,VIIRS,l,2,320.65,61.99,D,0
39.94067,-121.16438,336.72,0.54,0.51,2021-08-01,2137,N,VIIRS,n,2,305.1,88.17,D,0
39.94107,-121.15871,337.17,0.54,0.51,2021-08-01,2137,N,VIIRS,n,2,305.15,39.13,D,0
39.94117,-121.0904,367,0.54,0.51,2021-08-01,2137,N,VIIRS,l,2,332.65,61.99,D,0
39.94448,-121.17715,351.34,0.54,0.51,2021-08-01,2137,N,VIIRS,n,2,304.2,19.97,D,0
39.94492,-121.17103,367,0.54,0.51,2021-08-01,2137,N,VIIRS,h,2,339.68,88.17,D,0
39.94532,-121.09906,343.47,0.54,0.51,2021-08-01,2137,N,VIIRS,n,2,306.04,8.49,D,0
39.94534,-121.16526,346.63,0.54,0.51,2021-08-01,2137,N,VIIRS,n,2,312.85,88.17,D,0
39.94576,-121.15937,355.07,0.54,0.51,2021-08-01,2137,N,VIIRS,n,2,319.81,39.13,D,0
39.94585,-121.09156,348.66,0.54,0.51,2021-08-01,2137,N,VIIRS,n,2,310.48,8.49,D,0
39.94624,-121.15273,342.61,0.54,0.51,2021-08-01,2137,N,VIIRS,n,2,303.48,39.13,D,0
39.94682,-121.14463,348.47,0.54,0.51,2021-08-01,2137,N,VIIRS,n,2,308.59,16.08,D,0
39.94946,-121.10775,347.05,0.54,0.51,2021-08-01,2137,N,VIIRS,n,2,307.94,14.24,D,0
39.94959,-121.17208,367,0.54,0.51,2021-08-01,2137,N,VIIRS,h,2,303.64,19.88,D,0
39.95002,-121.16615,355.37,0.54,0.51,2021-08-01,2137,N,VIIRS,n,2,304.3,19.88,D,0
39.95047,-121.15993,349.93,0.54,0.51,2021-08-01,2137,N,VIIRS,n,2,304.48,21.6,D,0
39.95053,-121.09273,339.12,0.54,0.51,2021-08-01,2137,N,VIIRS,n,2,309.12,8.49,D,0
39.95098,-121.15272,340.85,0.54,0.51,2021-08-01,2137,N,VIIRS,n,2,302.41,21.6,D,0
39.95259,-121.13042,334.35,0.54,0.51,2021-08-01,2137,N,VIIRS,l,2,306.63,4.41,D,0
39.95381,-121.17919,343.69,0.54,0.51,2021-08-01,2137,N,VIIRS,n,2,309.06,30.07,D,0
39.95425,-121.17314,354.28,0.54,0.51,2021-08-01,2137,N,VIIRS,n,2,305.06,19.88,D,0
39.95467,-121.10148,331.35,0.54,0.51,2021-08-01,2137,N,VIIRS,l,2,305.89,6,D,0
39.9547,-121.16699,339.06,0.54,0.51,2021-08-01,2137,N,VIIRS,n,2,297.24,19.88,D,0
39.95518,-121.16035,354.63,0.54,0.51,2021-08-01,2137,N,VIIRS,n,2,302.77,21.6,D,0
39.95573,-121.15273,337.55,0.54,0.51,2021-08-01,2137,N,VIIRS,n,2,301.39,21.6,D,0
39.95848,-121.18017,345.3,0.54,0.51,2021-08-01,2137,N,VIIRS,n,2,303.77,14.61,D,0
39.95937,-121.10227,340.53,0.54,0.51,2021-08-01,2137,N,VIIRS,n,2,302.73,6,D,0
39.95939,-121.16764,342.93,0.54,0.51,2021-08-01,2137,N,VIIRS,n,2,309.89,71.68,D,0
39.95994,-121.09439,338.77,0.54,0.51,2021-08-01,2137,N,VIIRS,n,2,304.49,6,D,0
39.96363,-121.17443,340.93,0.54,0.51,2021-08-01,2137,N,VIIRS,n,2,302.05,71.68,D,0
39.96408,-121.10298,367,0.54,0.51,2021-08-01,2137,N,VIIRS,h,2,309.76,24.52,D,0
39.96414,-121.1675,343.95,0.54,0.51,2021-08-01,2137,N,VIIRS,n,2,302.27,71.68,D,0
40.0288,-121.12881,351.01,0.54,0.51,2021-08-01,2137,N,VIIRS,n,2,304.97,13.29,D,0
40.02899,-121.40083,339.78,0.53,0.5,2021-08-01,2137,N,VIIRS,n,2,313.38,46.86,D,0
40.02943,-121.13108,350.36,0.54,0.51,2021-08-01,2137,N,VIIRS,n,2,304.08,9.67,D,0
40.03367,-121.40088,350.98,0.53,0.5,2021-08-01,2137,N,VIIRS,n,2,312.34,46.86,D,0
40.03685,-121.14768,339.19,0.54,0.51,2021-08-01,2137,N,VIIRS,n,2,302.98,6.32,D,0
40.03745,-121.14005,342.59,0.54,0.51,2021-08-01,2137,N,VIIRS,n,2,306.16,6.32,D,0
40.03757,-121.15054,342,0.54,0.51,2021-08-01,2137,N,VIIRS,n,2,303.21,5.04,D,0
40.03813,-121.14267,345.44,0.54,0.51,2021-08-01,2137,N,VIIRS,n,2,306.6,16.45,D,0
40.0388,-121.39489,336.3,0.53,0.5,2021-08-01,2137,N,VIIRS,n,2,301.36,2.66,D,0
40.04155,-121.14836,337.31,0.54,0.51,2021-08-01,2137,N,VIIRS,n,2,304.92,6.32,D,0
40.04229,-121.15109,335.15,0.54,0.51,2021-08-01,2137,N,VIIRS,n,2,302.42,5.04,D,0
40.06547,-121.15902,367,0.54,0.51,2021-08-01,2137,N,VIIRS,h,2,308.64,30.11,D,0
40.06584,-121.15387,341.54,0.54,0.51,2021-08-01,2137,N,VIIRS,n,2,305.8,30.11,D,0
40.06624,-121.14841,343.55,0.54,0.51,2021-08-01,2137,N,VIIRS,n,2,309.74,47.04,D,0
40.0697,-121.10029,335.89,0.55,0.51,2021-08-01,2137,N,VIIRS,n,2,300.19,4.5,D,0
40.07066,-121.15297,332.42,0.54,0.51,2021-08-01,2137,N,VIIRS,n,2,302.52,30.11,D,0
40.07104,-121.14772,343.08,0.54,0.51,2021-08-01,2137,N,VIIRS,n,2,301.83,47.04,D,0
40.07948,-120.89442,338.14,0.56,0.51,2021-08-01,2137,N,VIIRS,n,2,306.24,6.53,D,0
40.0877,-121.49055,332.3,0.52,0.5,2021-08-01,2137,N,VIIRS,l,2,303.03,4.32,D,0
40.09304,-120.97475,342.86,0.55,0.51,2021-08-01,2137,N,VIIRS,n,2,302.73,6.66,D,0
40.09357,-120.96725,354.82,0.55,0.51,2021-08-01,2137,N,VIIRS,n,2,309.85,31.94,D,0
40.0972,-120.98359,335.3,0.55,0.51,2021-08-01,2137,N,VIIRS,n,2,301.06,70.65,D,0
40.09778,-120.97546,367,0.55,0.51,2021-08-01,2137,N,VIIRS,h,2,307.21,70.65,D,0
40.09779,-121.48084,344.25,0.52,0.5,2021-08-01,2137,N,VIIRS,n,2,308.18,14.26,D,0
40.09784,-121.29716,335.38,0.53,0.5,2021-08-01,2137,N,VIIRS,n,2,307,29.79,D,0
40.09817,-121.03655,336.19,0.55,0.51,2021-08-01,2137,N,VIIRS,n,2,300.92,5.39,D,0
40.09835,-121.29042,346.53,0.53,0.5,2021-08-01,2137,N,VIIRS,n,2,320.3,29.79,D,0
40.09835,-120.96754,354.31,0.55,0.51,2021-08-01,2137,N,VIIRS,n,2,310.9,197.61,D,0
40.09866,-121.02983,343.77,0.55,0.51,2021-08-01,2137,N,VIIRS,n,2,301.84,5.39,D,0
40.10194,-120.98429,367,0.55,0.51,2021-08-01,2137,N,VIIRS,l,2,328.16,70.65,D,0
40.10249,-121.29801,337.12,0.53,0.5,2021-08-01,2137,N,VIIRS,l,2,308.64,41.07,D,0
40.10255,-120.97593,353.39,0.55,0.51,2021-08-01,2137,N,VIIRS,n,2,304.86,70.65,D,0
40.10287,-121.03762,367,0.55,0.51,2021-08-01,2137,N,VIIRS,h,2,304.57,17.42,D,0
40.103,-121.29143,349.25,0.53,0.5,2021-08-01,2137,N,VIIRS,n,2,315.18,41.07,D,0
40.10339,-121.16018,340.08,0.54,0.51,2021-08-01,2137,N,VIIRS,n,2,305.33,10.43,D,0
40.10676,-120.98402,353.53,0.55,0.51,2021-08-01,2137,N,VIIRS,n,2,297.49,17.94,D,0
40.11961,-121.32068,367,0.53,0.5,2021-08-01,2137,N,VIIRS,h,2,297.83,6.47,D,0
40.15534,-121.37883,331.87,0.53,0.5,2021-08-01,2137,N,VIIRS,n,2,299.54,5.23,D,0
40.15805,-121.40569,344.03,0.53,0.5,2021-08-01,2137,N,VIIRS,n,2,298.15,9.27,D,0
40.15856,-121.39877,344.83,0.53,0.5,2021-08-01,2137,N,VIIRS,n,2,302.48,9.27,D,0
40.15904,-121.39223,349.97,0.53,0.5,2021-08-01,2137,N,VIIRS,n,2,300.29,17.39,D,0
40.16001,-121.37918,332.73,0.53,0.5,2021-08-01,2137,N,VIIRS,n,2,300.98,5.23,D,0
40.1605,-121.37272,341.51,0.53,0.5,2021-08-01,2137,N,VIIRS,n,2,301.02,5.23,D,0
40.1616,-121.16269,347.43,0.54,0.51,2021-08-01,2137,N,VIIRS,n,2,303.14,11.39,D,0
40.16201,-121.15695,340.07,0.54,0.51,2021-08-01,2137,N,VIIRS,n,2,298.91,11.1,D,0
40.16222,-121.41267,341.25,0.53,0.5,2021-08-01,2137,N,VIIRS,n,2,301.04,7.66,D,0
40.1627,-121.40616,334.71,0.53,0.5,2021-08-01,2137,N,VIIRS,n,2,299.75,8.26,D,0
40.16591,-121.16885,344.99,0.54,0.51,2021-08-01,2137,N,VIIRS,n,2,303.52,11.39,D,0
40.16628,-121.16374,338.11,0.54,0.51,2021-08-01,2137,N,VIIRS,n,2,305.27,11.39,D,0
40.16668,-121.15806,341.04,0.54,0.51,2021-08-01,2137,N,VIIRS,n,2,301.93,11.1,D,0
40.17002,-121.1114,336.14,0.55,0.51,2021-08-01,2137,N,VIIRS,n,2,298.5,3.68,D,0
41.43679,-122.24891,332.17,0.49,0.49,2021-08-01,2137,N,VIIRS,l,2,304.49,5.64,D,0
41.49879,-121.92569,347.96,0.51,0.49,2021-08-01,2137,N,VIIRS,n,2,306.49,141.44,D,0