latitude,longitude,bright_ti4,scan,track,acq_date,acq_time,satellite,instrument,confidence,version,bright_ti5,frp,daynight,type
40.1693,-120.41925,302.71,0.56,0.43,2021-08-22,1020,N,VIIRS,n,2,283.27,19.93,N,0
40.17081,-120.42619,354.2,0.56,0.43,2021-08-22,1020,N,VIIRS,n,2,286.77,64.79,N,0
40.17295,-120.41698,312.08,0.56,0.43,2021-08-22,1020,N,VIIRS,n,2,287.93,19.93,N,0
40.17449,-120.42405,367,0.56,0.43,2021-08-22,1020,N,VIIRS,h,2,342.67,64.79,N,0
40.17604,-120.43117,312.05,0.56,0.43,2021-08-22,1020,N,VIIRS,n,2,284.11,64.79,N,0
40.17657,-120.41453,299.7,0.56,0.43,2021-08-22,1020,N,VIIRS,n,2,284.29,2.38,N,0
40.1781,-120.42162,347.82,0.56,0.43,2021-08-22,1020,N,VIIRS,n,2,293.41,3.88,N,0
40.1797,-120.42898,324.15,0.56,0.43,2021-08-22,1020,N,VIIRS,n,2,287.47,3.88,N,0
40.18175,-120.41931,306.78,0.56,0.43,2021-08-22,1020,N,VIIRS,n,2,287.11,3.88,N,0
40.1833,-120.42648,297.11,0.56,0.43,2021-08-22,1020,N,VIIRS,n,2,285.96,3.88,N,0
40.1849,-120.43385,297.54,0.56,0.43,2021-08-22,1020,N,VIIRS,n,2,285.55,1.99,N,0
40.18848,-120.43129,314.6,0.56,0.43,2021-08-22,1020,N,VIIRS,n,2,287.26,2.7,N,0
40.19216,-120.42913,313.48,0.56,0.43,2021-08-22,1020,N,VIIRS,n,2,287.53,2.7,N,0
40.1975,-120.47299,297.53,0.56,0.43,2021-08-22,1020,N,VIIRS,n,2,279.22,0.85,N,0
40.23154,-120.53555,305.81,0.55,0.43,2021-08-22,1020,N,VIIRS,n,2,284.05,2.51,N,0
40.23536,-120.53413,309.92,0.55,0.43,2021-08-22,1020,N,VIIRS,n,2,282.81,1.5,N,0
40.23776,-120.52608,295.23,0.55,0.43,2021-08-22,1020,N,VIIRS,n,2,277.77,1.5,N,0
40.24157,-120.52464,316.83,0.55,0.43,2021-08-22,1020,N,VIIRS,n,2,278.96,2.76,N,0
40.27616,-120.89855,303.21,0.53,0.42,2021-08-22,1020,N,VIIRS,n,2,280.94,1.84,N,0
40.30175,-120.84729,295.36,0.53,0.42,2021-08-22,1020,N,VIIRS,n,2,281.69,1.67,N,0
40.32806,-120.85706,298.51,0.53,0.42,2021-08-22,1020,N,VIIRS,n,2,283.34,1,N,0
40.33171,-120.85519,296.52,0.53,0.42,2021-08-22,1020,N,VIIRS,n,2,283.37,1,N,0
40.33554,-120.87352,301.12,0.53,0.42,2021-08-22,1020,N,VIIRS,n,2,281.14,1.06,N,0
40.33674,-120.87924,311.78,0.53,0.42,2021-08-22,1020,N,VIIRS,n,2,283.59,3.08,N,0
40.34045,-120.87771,345.64,0.53,0.42,2021-08-22,1020,N,VIIRS,n,2,290.15,12.86,N,0
40.36055,-121.07089,299.25,0.52,0.42,2021-08-22,1020,N,VIIRS,n,2,284.13,1.11,N,0
40.36542,-121.11364,296.86,0.52,0.41,2021-08-22,1020,N,VIIRS,n,2,279.75,1.39,N,0
40.36791,-121.10638,300.42,0.52,0.41,2021-08-22,1020,N,VIIRS,n,2,280,1.09,N,0
40.37165,-121.10514,300.56,0.52,0.41,2021-08-22,1020,N,VIIRS,n,2,279.6,1.08,N,0
40.38343,-121.39224,304.31,0.5,0.41,2021-08-22,1020,N,VIIRS,n,2,283.52,0.95,N,0
40.38467,-121.39819,305.26,0.5,0.41,2021-08-22,1020,N,VIIRS,n,2,285.29,3.21,N,0
40.38589,-121.38507,296.14,0.51,0.41,2021-08-22,1020,N,VIIRS,n,2,281.27,0.95,N,0
40.38714,-121.39111,301.86,0.5,0.41,2021-08-22,1020,N,VIIRS,n,2,284.6,0.95,N,0
40.39087,-121.39007,297.16,0.5,0.41,2021-08-22,1020,N,VIIRS,n,2,284.36,1.49,N,0
40.3921,-121.39603,304.09,0.5,0.41,2021-08-22,1020,N,VIIRS,n,2,283.46,1.79,N,0
40.40576,-121.405,299.56,0.5,0.41,2021-08-22,1020,N,VIIRS,n,2,283.12,2.01,N,0
40.42784,-121.10699,297.42,0.52,0.41,2021-08-22,1020,N,VIIRS,n,2,277.81,1.07,N,0
40.4335,-121.30956,303.72,0.51,0.41,2021-08-22,1020,N,VIIRS,n,2,279.94,1.52,N,0
40.46783,-121.42041,297.66,0.5,0.41,2021-08-22,1020,N,VIIRS,n,2,282.13,1.23,N,0
40.46909,-121.42664,300.01,0.5,0.41,2021-08-22,1020,N,VIIRS,n,2,282.4,1.23,N,0
40.47038,-121.43303,295.12,0.5,0.41,2021-08-22,1020,N,VIIRS,n,2,277.5,1.17,N,0
40.47231,-121.32594,299.33,0.51,0.41,2021-08-22,1020,N,VIIRS,n,2,278.04,1.18,N,0
40.47253,-121.32506,296.61,0.51,0.41,2021-08-22,1020,N,VIIRS,n,2,278.22,2.14,N,0
40.47276,-121.42538,307.29,0.5,0.41,2021-08-22,1020,N,VIIRS,n,2,280.44,1.23,N,0
40.47404,-121.43176,305.75,0.5,0.41,2021-08-22,1020,N,VIIRS,n,2,280.18,1.17,N,0
40.47642,-121.42411,315.83,0.5,0.41,2021-08-22,1020,N,VIIRS,n,2,283.43,3.26,N,0
40.4777,-121.43044,314.65,0.5,0.41,2021-08-22,1020,N,VIIRS,n,2,280.59,5.77,N,0
40.4782,-121.35511,304.16,0.51,0.41,2021-08-22,1020,N,VIIRS,n,2,277.87,1.67,N,0
40.47835,-121.33636,299.71,0.51,0.41,2021-08-22,1020,N,VIIRS,n,2,278.16,1.86,N,0
40.47856,-121.35416,309.1,0.5,0.41,2021-08-22,1020,N,VIIRS,n,2,277.6,2.05,N,0
40.47862,-121.33541,300.8,0.51,0.41,2021-08-22,1020,N,VIIRS,n,2,277.77,1.41,N,0
40.47886,-121.41678,299.27,0.5,0.41,2021-08-22,1020,N,VIIRS,n,2,282.17,3.26,N,0
40.48009,-121.42285,334.9,0.5,0.41,2021-08-22,1020,N,VIIRS,n,2,290.31,3.26,N,0
40.48107,-121.32819,297.44,0.51,0.41,2021-08-22,1020,N,VIIRS,n,2,277.09,1.3,N,0
40.48133,-121.42903,345.77,0.5,0.41,2021-08-22,1020,N,VIIRS,n,2,290.72,5.77,N,0
40.48137,-121.40977,328.38,0.5,0.41,2021-08-22,1020,N,VIIRS,n,2,287.68,7.49,N,0
40.4819,-121.35395,317.19,0.51,0.41,2021-08-22,1020,N,VIIRS,n,2,278.78,1.67,N,0
40.48227,-121.35302,313.8,0.5,0.41,2021-08-22,1020,N,VIIRS,n,2,278.59,2.05,N,0
40.48255,-121.4156,315.78,0.5,0.41,2021-08-22,1020,N,VIIRS,n,2,286.58,5.55,N,0
40.48375,-121.42159,344.66,0.5,0.41,2021-08-22,1020,N,VIIRS,n,2,292.69,5.55,N,0
40.48391,-121.40291,328.73,0.5,0.41,2021-08-22,1020,N,VIIRS,n,2,286.19,7.49,N,0
40.48497,-121.42761,332.49,0.5,0.41,2021-08-22,1020,N,VIIRS,n,2,285.87,9.89,N,0
40.48508,-121.40868,353.22,0.5,0.41,2021-08-22,1020,N,VIIRS,n,2,299.42,7.49,N,0
40.48561,-121.35289,295.92,0.51,0.41,2021-08-22,1020,N,VIIRS,n,2,279.6,0.9,N,0
40.48625,-121.41448,328.75,0.5,0.41,2021-08-22,1020,N,VIIRS,n,2,289.58,5.55,N,0
40.48646,-121.39606,299.99,0.5,0.41,2021-08-22,1020,N,VIIRS,n,2,280.74,4.53,N,0
40.48702,-121.39503,314.9,0.5,0.41,2021-08-22,1020,N,VIIRS,n,2,282.83,4.24,N,0
40.48743,-121.42033,336.93,0.5,0.41,2021-08-22,1020,N,VIIRS,n,2,287.42,5.55,N,0
40.48762,-121.40186,321.33,0.5,0.41,2021-08-22,1020,N,VIIRS,n,2,286.86,13.66,N,0
40.48821,-121.40082,310.07,0.5,0.41,2021-08-22,1020,N,VIIRS,n,2,283.15,4.24,N,0
40.48879,-121.40762,367,0.5,0.41,2021-08-22,1020,N,VIIRS,h,2,303.94,13.66,N,0
40.48898,-121.38908,334.14,0.5,0.41,2021-08-22,1020,N,VIIRS,n,2,283.88,4.53,N,0
40.4894,-121.40657,350.59,0.5,0.41,2021-08-22,1020,N,VIIRS,n,2,296.45,13.47,N,0
40.48951,-121.38805,325.13,0.5,0.41,2021-08-22,1020,N,VIIRS,n,2,280.75,4.91,N,0
40.48994,-121.41339,356.48,0.5,0.41,2021-08-22,1020,N,VIIRS,n,2,297.26,7.33,N,0
40.49016,-121.39496,340.84,0.5,0.41,2021-08-22,1020,N,VIIRS,n,2,286.8,4.53,N,0
40.49059,-121.41232,352.68,0.5,0.41,2021-08-22,1020,N,VIIRS,n,2,294.72,13.47,N,0
40.49072,-121.39388,340.19,0.5,0.41,2021-08-22,1020,N,VIIRS,n,2,285.25,4.24,N,0
40.4911,-121.41911,345.1,0.5,0.41,2021-08-22,1020,N,VIIRS,n,2,286.74,7.33,N,0
40.49133,-121.40078,343.85,0.5,0.41,2021-08-22,1020,N,VIIRS,n,2,286.65,13.66,N,0
40.49176,-121.41803,347.31,0.5,0.41,2021-08-22,1020,N,VIIRS,n,2,287.25,8.87,N,0
40.49192,-121.39973,340.93,0.5,0.41,2021-08-22,1020,N,VIIRS,n,2,284.59,4.24,N,0
40.4925,-121.4066,367,0.5,0.41,2021-08-22,1020,N,VIIRS,h,2,293.97,13.66,N,0
40.49312,-121.40555,356.1,0.5,0.41,2021-08-22,1020,N,VIIRS,n,2,292.61,13.47,N,0
40.49319,-121.38682,296.66,0.5,0.41,2021-08-22,1020,N,VIIRS,n,2,276.99,1.13,N,0
40.49365,-121.41231,321.13,0.5,0.41,2021-08-22,1020,N,VIIRS,n,2,280.7,7.33,N,0
40.49384,-121.39373,295.89,0.5,0.41,2021-08-22,1020,N,VIIRS,n,2,277.49,1.41,N,0
40.4943,-121.41127,333.99,0.5,0.41,2021-08-22,1020,N,VIIRS,n,2,282.82,13.47,N,0
40.49479,-121.41796,296.17,0.5,0.41,2021-08-22,1020,N,VIIRS,n,2,278.69,7.33,N,0
40.49515,-121.38071,298.81,0.5,0.41,2021-08-22,1020,N,VIIRS,n,2,278.91,1.13,N,0
40.49621,-121.40555,303.85,0.5,0.41,2021-08-22,1020,N,VIIRS,n,2,277.26,1.73,N,0
40.49687,-121.3856,297.44,0.5,0.41,2021-08-22,1020,N,VIIRS,n,2,277.94,1.13,N,0
40.49695,-121.32876,312.51,0.51,0.41,2021-08-22,1020,N,VIIRS,n,2,278.07,2.47,N,0
40.49883,-121.22279,300.91,0.51,0.41,2021-08-22,1020,N,VIIRS,n,2,278.45,1.25,N,0
40.4993,-121.37832,324.17,0.5,0.41,2021-08-22,1020,N,VIIRS,n,2,281.09,2.63,N,0
40.5026,-121.24113,295.97,0.51,0.41,2021-08-22,1020,N,VIIRS,n,2,279.44,0.74,N,0
40.50295,-121.37698,305.57,0.5,0.41,2021-08-22,1020,N,VIIRS,n,2,279.62,2.63,N,0
40.50301,-121.35815,295.28,0.5,0.41,2021-08-22,1020,N,VIIRS,n,2,275.24,0.47,N,0
40.50705,-121.28196,305.06,0.51,0.41,2021-08-22,1020,N,VIIRS,n,2,277.71,1.2,N,0
40.50742,-121.22607,295.84,0.51,0.41,2021-08-22,1020,N,VIIRS,n,2,277.98,1.07,N,0
40.5172,-121.21587,300.12,0.51,0.41,2021-08-22,1020,N,VIIRS,n,2,276.73,2.03,N,0
40.51966,-121.2086,298.45,0.51,0.41,2021-08-22,1020,N,VIIRS,n,2,278.11,1.57,N,0
40.5268,-121.26278,316.86,0.51,0.41,2021-08-22,1020,N,VIIRS,n,2,279.53,2.17,N,0
40.52746,-121.30454,334.56,0.51,0.41,2021-08-22,1020,N,VIIRS,n,2,281.71,6.08,N,3
40.52996,-121.29749,333.72,0.51,0.41,2021-08-22,1020,N,VIIRS,n,2,280.92,6.82,N,3
40.53114,-121.3033,333.42,0.51,0.41,2021-08-22,1020,N,VIIRS,n,2,284.15,11.09,N,3
40.53162,-121.26701,295.19,0.51,0.41,2021-08-22,1020,N,VIIRS,n,2,276.89,1.34,N,0
40.53296,-121.25426,308.85,0.51,0.41,2021-08-22,1020,N,VIIRS,n,2,276.46,1.88,N,0
40.53363,-121.29617,346.24,0.51,0.41,2021-08-22,1020,N,VIIRS,n,2,283.14,6.82,N,0
40.53613,-121.28908,322.84,0.51,0.41,2021-08-22,1020,N,VIIRS,n,2,280.18,6.22,N,0
40.53664,-121.25296,312.87,0.51,0.41,2021-08-22,1020,N,VIIRS,n,2,279.96,1.44,N,0
40.5373,-121.29483,329.53,0.51,0.41,2021-08-22,1020,N,VIIRS,n,2,280.11,6.22,N,0
40.5378,-121.25861,305.89,0.51,0.41,2021-08-22,1020,N,VIIRS,n,2,279.77,1.44,N,0
40.53979,-121.28774,345.39,0.51,0.41,2021-08-22,1020,N,VIIRS,n,2,286.12,6.22,N,0
40.54033,-121.25166,295.01,0.51,0.41,2021-08-22,1020,N,VIIRS,n,2,279.96,1.44,N,0
40.54229,-121.28064,300.4,0.51,0.41,2021-08-22,1020,N,VIIRS,n,2,279.77,1.13,N,0
40.54347,-121.28638,325.19,0.51,0.41,2021-08-22,1020,N,VIIRS,n,2,281.79,3.29,N,0
40.54401,-121.25038,307.74,0.51,0.41,2021-08-22,1020,N,VIIRS,n,2,278.31,1.93,N,0
40.546,-121.27945,298.47,0.51,0.41,2021-08-22,1020,N,VIIRS,n,2,279.93,1.13,N,0
40.54715,-121.28509,321.69,0.51,0.41,2021-08-22,1020,N,VIIRS,n,2,280.47,3.29,N,0
40.55001,-121.26043,313.11,0.51,0.41,2021-08-22,1020,N,VIIRS,n,2,278.31,1.48,N,0
40.55085,-121.28393,336.42,0.51,0.41,2021-08-22,1020,N,VIIRS,n,2,286.47,10.76,N,3
40.55119,-121.2662,297.82,0.51,0.41,2021-08-22,1020,N,VIIRS,n,2,277.33,1.48,N,0
40.55234,-121.27192,297.42,0.51,0.41,2021-08-22,1020,N,VIIRS,n,2,279.75,1.56,N,0
40.55251,-121.25332,297.95,0.51,0.41,2021-08-22,1020,N,VIIRS,n,2,278.57,2.03,N,0
40.55368,-121.25906,306.68,0.51,0.41,2021-08-22,1020,N,VIIRS,n,2,279.09,2.38,N,0
40.55458,-121.28285,340.96,0.51,0.41,2021-08-22,1020,N,VIIRS,n,2,287.19,10.76,N,0
40.55485,-121.26485,327.06,0.51,0.41,2021-08-22,1020,N,VIIRS,n,2,280.21,2.38,N,0
40.55566,-121.28818,339.47,0.51,0.41,2021-08-22,1020,N,VIIRS,n,2,286.19,10.76,N,3
40.55827,-121.28163,326.99,0.51,0.41,2021-08-22,1020,N,VIIRS,n,2,286.14,58.44,N,0
40.56664,-121.24643,295.01,0.51,0.41,2021-08-22,1020,N,VIIRS,n,2,279.92,1.97,N,0
40.56701,-121.2664,304.23,0.51,0.41,2021-08-22,1020,N,VIIRS,n,2,278.22,1.13,N,0
40.56718,-121.24781,306.53,0.51,0.41,2021-08-22,1020,N,VIIRS,n,2,280.75,1.75,N,0
40.57018,-121.26353,299.57,0.51,0.41,2021-08-22,1020,N,VIIRS,n,2,278.54,3.25,N,0
40.57146,-121.25066,314.83,0.51,0.41,2021-08-22,1020,N,VIIRS,n,2,280.21,1.97,N,0
40.57199,-121.25208,322.68,0.51,0.41,2021-08-22,1020,N,VIIRS,n,2,280.12,4.15,N,0
40.57265,-121.25638,330.83,0.51,0.41,2021-08-22,1020,N,VIIRS,n,2,281.66,3.25,N,0
40.57315,-121.25781,328.36,0.51,0.41,2021-08-22,1020,N,VIIRS,n,2,281.99,4.15,N,0
40.57512,-121.24926,298.31,0.51,0.41,2021-08-22,1020,N,VIIRS,n,2,279.56,0.93,N,0
40.57565,-121.25066,295.09,0.51,0.41,2021-08-22,1020,N,VIIRS,n,2,280.15,1.13,N,0
40.57631,-121.25498,296.68,0.51,0.41,2021-08-22,1020,N,VIIRS,n,2,280.25,0.82,N,0
41.4383,-121.88029,300.35,0.47,0.39,2021-08-22,1020,N,VIIRS,n,2,280.94,1.51,N,0
41.44376,-121.90822,306.38,0.46,0.39,2021-08-22,1020,N,VIIRS,n,2,284.16,1.21,N,0
41.44488,-121.91395,304.22,0.46,0.39,2021-08-22,1020,N,VIIRS,n,2,283.65,1.21,N,0
41.44843,-121.91281,296.33,0.46,0.39,2021-08-22,1020,N,VIIRS,n,2,283.59,1.82,N,0
41.45001,-121.88209,298.54,0.47,0.39,2021-08-22,1020,N,VIIRS,n,2,282.21,1.43,N,0
41.45109,-121.88763,299.37,0.47,0.39,2021-08-22,1020,N,VIIRS,n,2,282.75,1.43,N,0
41.45219,-121.89328,295.07,0.46,0.39,2021-08-22,1020,N,VIIRS,n,2,281.73,1.28,N,0
41.45288,-121.93564,307.97,0.46,0.39,2021-08-22,1020,N,VIIRS,n,2,283.07,1.44,N,0
41.45356,-121.88089,305.05,0.47,0.39,2021-08-22,1020,N,VIIRS,n,2,281.5,1.43,N,0
41.45418,-121.9229,296.39,0.46,0.39,2021-08-22,1020,N,VIIRS,n,2,280.57,1.63,N,0
41.45464,-121.88644,319.17,0.47,0.39,2021-08-22,1020,N,VIIRS,n,2,284.26,1.43,N,0
41.45573,-121.89206,308.91,0.46,0.39,2021-08-22,1020,N,VIIRS,n,2,284.52,1.28,N,0
41.45638,-121.9342,298.62,0.46,0.39,2021-08-22,1020,N,VIIRS,n,2,282.64,1.44,N,0
41.45659,-121.91589,299.67,0.46,0.39,2021-08-22,1020,N,VIIRS,n,2,280.28,1.19,N,0
41.4571,-121.87965,306.36,0.47,0.39,2021-08-22,1020,N,VIIRS,n,2,282.21,2.79,N,0
41.45818,-121.88522,337.14,0.47,0.39,2021-08-22,1020,N,VIIRS,n,2,289.45,2.79,N,0
41.45876,-121.92706,303.03,0.46,0.39,2021-08-22,1020,N,VIIRS,n,2,283.79,1.55,N,0
41.45927,-121.89083,295.88,0.46,0.39,2021-08-22,1020,N,VIIRS,n,2,281.73,1.7,N,0
41.45984,-121.93259,325.83,0.46,0.39,2021-08-22,1020,N,VIIRS,n,2,285.51,1.55,N,0
41.46064,-121.87844,309.51,0.47,0.39,2021-08-22,1020,N,VIIRS,n,2,283.97,2.79,N,0
41.46093,-121.93818,303.28,0.46,0.39,2021-08-22,1020,N,VIIRS,n,2,281.89,1.45,N,0
41.46117,-121.92001,303.32,0.46,0.39,2021-08-22,1020,N,VIIRS,n,2,279.84,1.19,N,0
41.46172,-121.88399,321.15,0.47,0.39,2021-08-22,1020,N,VIIRS,n,2,282.15,2.79,N,0
41.46204,-121.94392,304.23,0.46,0.39,2021-08-22,1020,N,VIIRS,n,2,281.59,1.45,N,0
41.46312,-121.8717,306.2,0.47,0.39,2021-08-22,1020,N,VIIRS,n,2,280.99,1.42,N,0
41.46334,-121.93118,296.93,0.46,0.39,2021-08-22,1020,N,VIIRS,n,2,282.47,1.55,N,0
41.4642,-121.87727,325.47,0.47,0.39,2021-08-22,1020,N,VIIRS,n,2,286.99,3.11,N,0
41.46446,-121.93697,311.02,0.46,0.39,2021-08-22,1020,N,VIIRS,n,2,284.64,1.45,N,0
41.46529,-121.88285,317.89,0.47,0.39,2021-08-22,1020,N,VIIRS,n,2,285.05,3.11,N,0
41.46561,-121.94289,310.45,0.46,0.39,2021-08-22,1020,N,VIIRS,n,2,283.59,1.45,N,0
41.46668,-121.87054,308.97,0.47,0.39,2021-08-22,1020,N,VIIRS,n,2,283.09,1.42,N,0
41.46677,-121.94886,297.09,0.46,0.39,2021-08-22,1020,N,VIIRS,n,2,281.55,1.76,N,0
41.4672,-121.86914,299.49,0.47,0.39,2021-08-22,1020,N,VIIRS,n,2,282.49,1.8,N,0
41.46777,-121.87617,313.3,0.47,0.39,2021-08-22,1020,N,VIIRS,n,2,284.3,3.11,N,0
41.46832,-121.87474,315.64,0.47,0.39,2021-08-22,1020,N,VIIRS,n,2,284.14,1.8,N,0
41.47134,-121.87508,295.88,0.47,0.39,2021-08-22,1020,N,VIIRS,n,2,282.46,0.56,N,0
41.47202,-121.97592,296.14,0.46,0.39,2021-08-22,1020,N,VIIRS,n,2,278.62,0.48,N,0
41.47272,-121.86269,296.66,0.47,0.39,2021-08-22,1020,N,VIIRS,n,2,279.65,2.13,N,0
41.47433,-121.86686,302.18,0.47,0.39,2021-08-22,1020,N,VIIRS,n,2,282.6,1.58,N,0
41.48246,-121.88874,298.75,0.46,0.39,2021-08-22,1020,N,VIIRS,n,2,280.42,1.27,N,0
41.48258,-121.87027,296.6,0.47,0.39,2021-08-22,1020,N,VIIRS,n,2,281.64,1.16,N,0
41.48331,-121.99531,307.66,0.46,0.39,2021-08-22,1020,N,VIIRS,n,2,284.41,2.08,N,0
41.4843,-122.00039,314.92,0.46,0.39,2021-08-22,1020,N,VIIRS,n,2,282.7,2.24,N,0
41.48597,-121.88735,313.27,0.46,0.39,2021-08-22,1020,N,VIIRS,n,2,281.99,3.17,N,0
41.48627,-122.01055,312.18,0.46,0.39,2021-08-22,1020,N,VIIRS,n,2,277.65,1.47,N,0
41.48667,-121.93474,320.53,0.46,0.39,2021-08-22,1020,N,VIIRS,n,2,283.29,2.76,N,0
41.48708,-121.89294,327.15,0.46,0.39,2021-08-22,1020,N,VIIRS,n,2,284.25,3.17,N,0
41.48724,-121.87469,335.67,0.46,0.39,2021-08-22,1020,N,VIIRS,n,2,285.67,4.97,N,0
41.48748,-121.93312,321.39,0.46,0.39,2021-08-22,1020,N,VIIRS,n,2,283.43,3.04,N,0
41.4879,-121.99958,303.72,0.46,0.39,2021-08-22,1020,N,VIIRS,n,2,283.31,1.85,N,0
41.48837,-121.88036,327.63,0.46,0.39,2021-08-22,1020,N,VIIRS,n,2,284.35,4.97,N,0
41.48887,-122.00461,309.77,0.46,0.39,2021-08-22,1020,N,VIIRS,n,2,284.69,1.85,N,0
41.48948,-121.88596,337.98,0.46,0.39,2021-08-22,1020,N,VIIRS,n,2,285.07,3.17,N,0
41.48986,-122.00967,328.47,0.46,0.39,2021-08-22,1020,N,VIIRS,n,2,283.36,5.04,N,0
41.49058,-121.89149,320.26,0.46,0.39,2021-08-22,1020,N,VIIRS,n,2,285.16,3.17,N,0
41.49189,-121.87904,312.24,0.46,0.39,2021-08-22,1020,N,VIIRS,n,2,281.9,2.34,N,0
41.49299,-121.88459,302.74,0.46,0.39,2021-08-22,1020,N,VIIRS,n,2,280.44,1.18,N,0
41.49345,-122.00886,340.42,0.46,0.39,2021-08-22,1020,N,VIIRS,n,2,287,5.04,N,0
41.49463,-122.00735,317.5,0.46,0.39,2021-08-22,1020,N,VIIRS,n,2,285.14,2.31,N,0
41.49479,-121.91281,296.98,0.46,0.39,2021-08-22,1020,N,VIIRS,n,2,280.48,1.43,N,0
41.49529,-121.95354,297.26,0.46,0.39,2021-08-22,1020,N,VIIRS,n,2,279.99,0.91,N,0
41.49564,-122.01249,309.56,0.46,0.39,2021-08-22,1020,N,VIIRS,n,2,282.39,1.95,N,0
41.49832,-121.91155,311.9,0.46,0.39,2021-08-22,1020,N,VIIRS,n,2,280.86,1.32,N,0
41.54692,-121.77358,295.57,0.47,0.4,2021-08-22,1020,N,VIIRS,n,2,282.08,0.87,N,0
41.55783,-121.7516,309.75,0.47,0.4,2021-08-22,1020,N,VIIRS,n,2,281.21,2.13,N,0
41.55795,-121.75237,310.17,0.47,0.4,2021-08-22,1020,N,VIIRS,n,2,280.24,1.9,N,0
41.5596,-121.77956,298.72,0.47,0.4,2021-08-22,1020,N,VIIRS,n,2,281.43,0.88,N,0
41.55963,-121.7804,300.67,0.47,0.4,2021-08-22,1020,N,VIIRS,n,2,280.95,1.56,N,0
41.56069,-121.78502,296.12,0.47,0.4,2021-08-22,1020,N,VIIRS,n,2,279.58,1.31,N,0
41.56669,-121.77771,297.12,0.47,0.4,2021-08-22,1020,N,VIIRS,n,2,277.81,0.86,N,0
41.56882,-121.78868,296.55,0.47,0.4,2021-08-22,1020,N,VIIRS,n,2,277.32,1.23,N,0
41.5699,-121.79418,313.28,0.47,0.39,2021-08-22,1020,N,VIIRS,n,2,278.18,1.23,N,0
41.56993,-121.79333,309.34,0.47,0.39,2021-08-22,1020,N,VIIRS,n,2,278.72,1.45,N,0
41.57098,-121.79974,295.59,0.47,0.39,2021-08-22,1020,N,VIIRS,n,2,279.55,1.04,N,0
41.57103,-121.79886,305.6,0.47,0.39,2021-08-22,1020,N,VIIRS,n,2,280.53,1.45,N,0
41.57349,-121.79215,300.84,0.47,0.39,2021-08-22,1020,N,VIIRS,n,2,280.59,1.45,N,0
41.5795,-121.78417,296.99,0.47,0.39,2021-08-22,1020,N,VIIRS,n,2,279.48,0.67,N,0
41.58178,-121.79563,296.67,0.47,0.39,2021-08-22,1020,N,VIIRS,n,2,282.46,2.27,N,0
41.58513,-121.81252,300.3,0.47,0.39,2021-08-22,1020,N,VIIRS,n,2,282,1.03,N,0
41.58659,-121.7817,302.44,0.47,0.39,2021-08-22,1020,N,VIIRS,n,2,280.91,1.03,N,0
41.58775,-121.78751,303.86,0.47,0.39,2021-08-22,1020,N,VIIRS,n,2,281.45,1.82,N,0
41.60891,-121.77954,297.05,0.47,0.39,2021-08-22,1020,N,VIIRS,n,2,281.01,1.2,N,0
41.61242,-121.77812,300.57,0.47,0.39,2021-08-22,1020,N,VIIRS,n,2,282.62,1.97,N,0
39.61867,-119.26328,305.48,0.43,0.46,2021-08-22,1021,N,VIIRS,n,2,286.19,1.24,N,2
40.03338,-120.7786,319.02,0.54,0.42,2021-08-22,1021,N,VIIRS,n,2,286.07,2.58,N,0
40.03374,-120.78004,321.51,0.54,0.42,2021-08-22,1021,N,VIIRS,n,2,286.01,2.06,N,0
40.03489,-120.78565,299.68,0.54,0.42,2021-08-22,1021,N,VIIRS,n,2,285.22,1.96,N,0
40.03517,-120.78693,296.73,0.54,0.42,2021-08-22,1021,N,VIIRS,n,2,285,2.06,N,0
40.0373,-120.79704,303.12,0.54,0.42,2021-08-22,1021,N,VIIRS,n,2,286.26,2.09,N,0
40.03752,-120.79822,299.55,0.54,0.42,2021-08-22,1021,N,VIIRS,n,2,286.1,1.46,N,0
40.03791,-120.70388,322.35,0.55,0.43,2021-08-22,1021,N,VIIRS,n,2,285.13,7.47,N,0
40.03846,-120.78328,304.45,0.54,0.42,2021-08-22,1021,N,VIIRS,n,2,286.31,1.96,N,0
40.03876,-120.78455,306,0.54,0.42,2021-08-22,1021,N,VIIRS,n,2,286.62,1.5,N,0
40.03904,-120.7092,350.69,0.55,0.42,2021-08-22,1021,N,VIIRS,n,2,290.23,7.47,N,0
40.03976,-120.78938,322.57,0.54,0.42,2021-08-22,1021,N,VIIRS,n,2,288.02,1.96,N,0
40.04,-120.79053,335.38,0.54,0.42,2021-08-22,1021,N,VIIRS,n,2,289.38,3.27,N,0
40.0402,-120.71468,354.02,0.55,0.42,2021-08-22,1021,N,VIIRS,n,2,292.2,10.3,N,0
40.04096,-120.79505,319.09,0.54,0.42,2021-08-22,1021,N,VIIRS,n,2,287.22,2.09,N,0
40.04119,-120.79624,298.45,0.54,0.42,2021-08-22,1021,N,VIIRS,n,2,286.29,3.27,N,0
40.04141,-120.72033,319.11,0.55,0.42,2021-08-22,1021,N,VIIRS,n,2,284.73,10.3,N,0
40.04162,-120.70208,308.94,0.55,0.43,2021-08-22,1021,N,VIIRS,n,2,284.76,2.8,N,0
40.04398,-120.7132,300.18,0.55,0.42,2021-08-22,1021,N,VIIRS,n,2,286.03,2,N,0
40.04519,-120.71889,324.83,0.55,0.42,2021-08-22,1021,N,VIIRS,n,2,286.18,2,N,0
40.0454,-120.7391,329.83,0.55,0.42,2021-08-22,1021,N,VIIRS,n,2,285.54,2.71,N,0
40.04558,-120.75919,311.74,0.54,0.42,2021-08-22,1021,N,VIIRS,n,2,283.99,1.52,N,0
40.04594,-120.79927,295.98,0.54,0.42,2021-08-22,1021,N,VIIRS,n,2,285.3,13.53,N,0
40.04674,-120.74538,302.05,0.55,0.42,2021-08-22,1021,N,VIIRS,n,2,284.42,2.71,N,0
40.04696,-120.76566,341.11,0.54,0.42,2021-08-22,1021,N,VIIRS,n,2,288.65,5.11,N,0
40.04827,-120.77183,348.54,0.54,0.42,2021-08-22,1021,N,VIIRS,n,2,289.85,5.11,N,0
40.04847,-120.79198,323.84,0.54,0.42,2021-08-22,1021,N,VIIRS,n,2,286.95,13.53,N,0
40.04929,-120.73813,302.38,0.55,0.42,2021-08-22,1021,N,VIIRS,n,2,284.27,1.12,N,0
40.04957,-120.77792,321.99,0.54,0.42,2021-08-22,1021,N,VIIRS,n,2,287.29,2.69,N,0
40.04991,-120.7987,356.85,0.54,0.42,2021-08-22,1021,N,VIIRS,n,2,297.4,13.53,N,0
40.05084,-120.76467,315.52,0.54,0.42,2021-08-22,1021,N,VIIRS,n,2,287.1,5.11,N,0
40.05218,-120.77097,307.95,0.54,0.42,2021-08-22,1021,N,VIIRS,n,2,287.26,5.11,N,0
40.05345,-120.77694,299.55,0.54,0.42,2021-08-22,1021,N,VIIRS,n,2,286.3,2.69,N,0
40.05391,-120.79832,332.23,0.54,0.42,2021-08-22,1021,N,VIIRS,n,2,301.07,22.57,N,0
40.05525,-120.80464,327.81,0.54,0.42,2021-08-22,1021,N,VIIRS,n,2,286.53,17.18,N,0
40.05608,-120.77012,299.11,0.54,0.42,2021-08-22,1021,N,VIIRS,n,2,284.86,0.93,N,0
40.05646,-120.69473,306.73,0.55,0.43,2021-08-22,1021,N,VIIRS,n,2,281.52,1.11,N,0
40.05735,-120.77609,301.39,0.54,0.42,2021-08-22,1021,N,VIIRS,n,2,285.94,1.29,N,0
40.05787,-120.79777,329.7,0.54,0.42,2021-08-22,1021,N,VIIRS,n,2,289.39,22.57,N,0
40.05922,-120.80409,317.1,0.54,0.42,2021-08-22,1021,N,VIIRS,n,2,286.8,17.18,N,0
40.05998,-120.7692,298.1,0.54,0.42,2021-08-22,1021,N,VIIRS,n,2,284.75,0.93,N,0
40.06025,-120.69331,305.77,0.55,0.43,2021-08-22,1021,N,VIIRS,n,2,283.2,1.11,N,0
40.06126,-120.77528,300.66,0.54,0.42,2021-08-22,1021,N,VIIRS,n,2,285.85,1.29,N,0
40.06154,-120.69937,300.04,0.55,0.42,2021-08-22,1021,N,VIIRS,n,2,280.27,1.11,N,0
40.0618,-120.79704,298.53,0.54,0.42,2021-08-22,1021,N,VIIRS,n,2,285.06,2.39,N,0
40.06313,-120.8033,335.08,0.54,0.42,2021-08-22,1021,N,VIIRS,n,2,289.72,7.88,N,0
40.06541,-120.69828,333.33,0.55,0.42,2021-08-22,1021,N,VIIRS,n,2,286.98,4.62,N,0
40.06703,-120.80247,340.71,0.54,0.42,2021-08-22,1021,N,VIIRS,n,2,289.79,7.88,N,0
40.06791,-120.69071,320.78,0.55,0.43,2021-08-22,1021,N,VIIRS,n,2,284.69,4.62,N,0
40.06929,-120.69726,332.01,0.55,0.42,2021-08-22,1021,N,VIIRS,n,2,289.03,4.62,N,0
40.07039,-120.68305,312.21,0.55,0.43,2021-08-22,1021,N,VIIRS,n,2,285.32,6.71,N,0
40.07089,-120.80147,307.46,0.54,0.42,2021-08-22,1021,N,VIIRS,n,2,285.81,1.22,N,0
40.07176,-120.68955,341.07,0.55,0.43,2021-08-22,1021,N,VIIRS,n,2,291.28,2.89,N,0
40.07323,-120.69652,297.03,0.55,0.42,2021-08-22,1021,N,VIIRS,n,2,285.37,2.89,N,0
40.07428,-120.68209,350.94,0.55,0.43,2021-08-22,1021,N,VIIRS,n,2,291.35,6.71,N,0
40.07463,-120.7999,303.23,0.54,0.42,2021-08-22,1021,N,VIIRS,n,2,284.62,1.22,N,0
40.07489,-121.0768,296.36,0.53,0.42,2021-08-22,1021,N,VIIRS,n,2,283.36,0.58,N,0
40.07568,-120.68872,312.7,0.55,0.43,2021-08-22,1021,N,VIIRS,n,2,288.8,2.89,N,0
40.07691,-120.67511,330.01,0.55,0.43,2021-08-22,1021,N,VIIRS,n,2,288.38,3.73,N,0
40.07707,-120.79211,296.86,0.54,0.42,2021-08-22,1021,N,VIIRS,n,2,284.41,0.83,N,0
40.0772,-120.69591,297.91,0.55,0.42,2021-08-22,1021,N,VIIRS,n,2,285.6,2.89,N,0
40.07821,-120.68129,334.25,0.55,0.43,2021-08-22,1021,N,VIIRS,n,2,291.32,3.73,N,0
40.07835,-120.79821,298.04,0.54,0.42,2021-08-22,1021,N,VIIRS,n,2,284.56,0.79,N,0
40.07859,-121.09473,299.11,0.53,0.42,2021-08-22,1021,N,VIIRS,n,2,282.88,1.46,N,0
40.07963,-120.68803,304.06,0.55,0.43,2021-08-22,1021,N,VIIRS,n,2,287.42,1.33,N,0
40.08062,-120.77027,306.99,0.54,0.42,2021-08-22,1021,N,VIIRS,n,2,284.57,1.95,N,0
40.08072,-120.79012,302.75,0.54,0.42,2021-08-22,1021,N,VIIRS,n,2,286.75,0.83,N,0
40.08088,-120.67452,303.01,0.55,0.43,2021-08-22,1021,N,VIIRS,n,2,286.02,3.73,N,0
40.08115,-120.69525,299.46,0.55,0.42,2021-08-22,1021,N,VIIRS,n,2,285.91,1.33,N,0
40.082,-120.7962,296.84,0.54,0.42,2021-08-22,1021,N,VIIRS,n,2,285.81,0.79,N,0
40.08218,-120.6807,314.63,0.55,0.43,2021-08-22,1021,N,VIIRS,n,2,288.45,3.73,N,0
40.08486,-120.67393,302.35,0.55,0.43,2021-08-22,1021,N,VIIRS,n,2,286.03,1.08,N,0
40.0856,-120.79391,306.46,0.54,0.42,2021-08-22,1021,N,VIIRS,n,2,287.02,2.59,N,0
40.0862,-120.68036,305.6,0.55,0.43,2021-08-22,1021,N,VIIRS,n,2,287.2,1.08,N,0
40.08686,-120.79987,321.7,0.54,0.42,2021-08-22,1021,N,VIIRS,n,2,286.83,2.59,N,0
40.08885,-120.67346,298.56,0.55,0.43,2021-08-22,1021,N,VIIRS,n,2,284.92,1.08,N,0
40.08925,-120.79189,302.77,0.54,0.42,2021-08-22,1021,N,VIIRS,n,2,287.43,2.59,N,0
40.09028,-120.68025,302.51,0.55,0.43,2021-08-22,1021,N,VIIRS,n,2,286.62,1.08,N,0
40.09051,-120.79785,328.9,0.54,0.42,2021-08-22,1021,N,VIIRS,n,2,288.5,2.59,N,0
40.09288,-121.12514,331.95,0.52,0.42,2021-08-22,1021,N,VIIRS,n,2,286.02,3.55,N,0
40.09421,-120.79607,306.57,0.54,0.42,2021-08-22,1021,N,VIIRS,n,2,287.28,1.77,N,0
40.09437,-120.68026,297.78,0.55,0.43,2021-08-22,1021,N,VIIRS,n,2,285.44,1.92,N,0
40.09652,-121.12332,312.79,0.52,0.42,2021-08-22,1021,N,VIIRS,n,2,285.97,3.55,N,0
40.09719,-120.6937,295.53,0.55,0.42,2021-08-22,1021,N,VIIRS,n,2,281.55,0.89,N,0
40.09798,-120.79462,303.66,0.54,0.42,2021-08-22,1021,N,VIIRS,n,2,286.5,1.77,N,0
40.09916,-120.80024,298.14,0.54,0.42,2021-08-22,1021,N,VIIRS,n,2,285.53,1.83,N,0
40.10179,-120.79336,298.46,0.54,0.42,2021-08-22,1021,N,VIIRS,n,2,285.86,1.56,N,0
40.11735,-120.71186,317.05,0.55,0.42,2021-08-22,1021,N,VIIRS,n,2,285.03,1.67,N,0
40.11861,-120.67873,296.07,0.55,0.43,2021-08-22,1021,N,VIIRS,n,2,283.22,1.34,N,0
40.12,-120.72455,302.25,0.55,0.42,2021-08-22,1021,N,VIIRS,n,2,283.79,2.26,N,0
40.12122,-120.71088,301.28,0.55,0.42,2021-08-22,1021,N,VIIRS,n,2,283.48,1.67,N,0
40.12157,-120.71041,302.01,0.55,0.42,2021-08-22,1021,N,VIIRS,n,2,283.33,2.01,N,0
40.12376,-120.70343,302.89,0.55,0.42,2021-08-22,1021,N,VIIRS,n,2,282.26,1.34,N,0
40.12407,-120.703,303.94,0.55,0.42,2021-08-22,1021,N,VIIRS,n,2,282.28,2.28,N,0
40.12627,-120.69589,295.08,0.55,0.42,2021-08-22,1021,N,VIIRS,n,2,281.48,0.74,N,0
40.16527,-120.51054,297.88,0.56,0.43,2021-08-22,1021,N,VIIRS,n,2,278.48,0.35,N,0
40.1705,-120.51574,296.86,0.56,0.43,2021-08-22,1021,N,VIIRS,n,2,277.92,1.23,N,0
40.17062,-120.41853,328.82,0.56,0.43,2021-08-22,1021,N,VIIRS,n,2,284.44,57.57,N,0
40.1721,-120.42554,341.93,0.56,0.43,2021-08-22,1021,N,VIIRS,n,2,309.22,57.57,N,0
40.17426,-120.41607,317.68,0.56,0.43,2021-08-22,1021,N,VIIRS,n,2,291.02,40.08,N,0
40.17576,-120.42324,349.42,0.56,0.43,2021-08-22,1021,N,VIIRS,n,2,322.49,40.08,N,0
40.17603,-120.60035,308.65,0.55,0.43,2021-08-22,1021,N,VIIRS,n,2,278.62,2.59,N,0
40.17657,-120.71919,298.8,0.54,0.42,2021-08-22,1021,N,VIIRS,n,2,279.4,1.76,N,0
40.17729,-120.43051,318.7,0.56,0.43,2021-08-22,1021,N,VIIRS,n,2,285.33,4.6,N,0
40.17735,-120.60659,331.62,0.55,0.43,2021-08-22,1021,N,VIIRS,n,2,281.02,7.6,N,0
40.1787,-120.61296,326.37,0.55,0.43,2021-08-22,1021,N,VIIRS,n,2,280.35,7.6,N,0
40.17939,-120.42075,319.62,0.56,0.43,2021-08-22,1021,N,VIIRS,n,2,289.75,40.08,N,0
40.17981,-120.59876,331.63,0.55,0.43,2021-08-22,1021,N,VIIRS,n,2,288.47,7.23,N,3
40.18028,-120.71742,307.28,0.54,0.42,2021-08-22,1021,N,VIIRS,n,2,280.63,2.43,N,0
40.18093,-120.42813,312.06,0.56,0.43,2021-08-22,1021,N,VIIRS,n,2,286.83,4.6,N,0
40.18159,-120.72362,296.09,0.54,0.42,2021-08-22,1021,N,VIIRS,n,2,280.66,2.43,N,0
40.18291,-120.72989,309.06,0.54,0.42,2021-08-22,1021,N,VIIRS,n,2,279.72,4.06,N,0
40.18349,-120.5578,309.28,0.55,0.43,2021-08-22,1021,N,VIIRS,n,2,280.5,4.01,N,0
40.18529,-120.72183,326.93,0.54,0.42,2021-08-22,1021,N,VIIRS,n,2,283.03,2.43,N,0
40.1861,-120.43302,303.75,0.56,0.43,2021-08-22,1021,N,VIIRS,n,2,285.66,2.94,N,0
40.18613,-120.5508,300.49,0.55,0.43,2021-08-22,1021,N,VIIRS,n,2,281.51,1.22,N,0
40.18663,-120.72817,330.34,0.54,0.42,2021-08-22,1021,N,VIIRS,n,2,282.19,4.06,N,0
40.18737,-120.5567,302.1,0.55,0.43,2021-08-22,1021,N,VIIRS,n,2,280.55,1.22,N,0
40.18973,-120.43053,323.24,0.56,0.43,2021-08-22,1021,N,VIIRS,n,2,288.1,2.94,N,0
40.19469,-120.47402,300.68,0.56,0.43,2021-08-22,1021,N,VIIRS,n,2,280.57,1.79,N,0
40.27506,-120.89924,305.09,0.53,0.42,2021-08-22,1021,N,VIIRS,n,2,281.44,1.69,N,0
40.3134,-121.43446,301.74,0.5,0.41,2021-08-22,1021,N,VIIRS,n,2,281.84,2.13,N,0
40.3146,-121.44032,305.48,0.5,0.41,2021-08-22,1021,N,VIIRS,n,2,280.55,2.22,N,0
40.31566,-121.50301,301.3,0.5,0.41,2021-08-22,1021,N,VIIRS,n,2,283.42,1.13,N,0
40.31836,-121.43947,323.65,0.5,0.41,2021-08-22,1021,N,VIIRS,n,2,285.05,2.22,N,0
40.31974,-121.42698,298.8,0.5,0.41,2021-08-22,1021,N,VIIRS,n,2,281.27,0.85,N,0
40.32185,-121.4565,303.75,0.5,0.41,2021-08-22,1021,N,VIIRS,n,2,281.03,0.99,N,0
40.32211,-121.43856,302.58,0.5,0.41,2021-08-22,1021,N,VIIRS,n,2,284.08,1.01,N,0
40.32225,-121.41998,309.26,0.5,0.41,2021-08-22,1021,N,VIIRS,n,2,283.08,2.22,N,0
40.32303,-121.46228,309.89,0.5,0.41,2021-08-22,1021,N,VIIRS,n,2,282.62,1.71,N,0
40.32328,-121.44424,309.62,0.5,0.41,2021-08-22,1021,N,VIIRS,n,2,284.18,1.01,N,0
40.32344,-121.42582,295.16,0.5,0.41,2021-08-22,1021,N,VIIRS,n,2,279.86,0.85,N,0
40.32444,-121.44994,322.97,0.5,0.41,2021-08-22,1021,N,VIIRS,n,2,285.58,1.91,N,0
40.32583,-121.4375,298.26,0.5,0.41,2021-08-22,1021,N,VIIRS,n,2,282,1.01,N,0
40.32703,-121.44334,297.08,0.5,0.41,2021-08-22,1021,N,VIIRS,n,2,283.47,1.01,N,0
40.3271,-121.42448,295.54,0.5,0.41,2021-08-22,1021,N,VIIRS,n,2,282.28,0.89,N,0
40.32721,-121.40571,317.36,0.51,0.41,2021-08-22,1021,N,VIIRS,n,2,283.54,2.55,N,0
40.3282,-121.44913,297.45,0.5,0.41,2021-08-22,1021,N,VIIRS,n,2,283.16,1.91,N,0
40.32838,-121.41146,295.1,0.51,0.41,2021-08-22,1021,N,VIIRS,n,2,280.13,1.44,N,0
40.33071,-121.44213,297.39,0.5,0.41,2021-08-22,1021,N,VIIRS,n,2,283.77,0.62,N,0
40.33093,-121.40466,296.1,0.51,0.41,2021-08-22,1021,N,VIIRS,n,2,282.13,3.73,N,0
40.33211,-121.41042,306.8,0.51,0.41,2021-08-22,1021,N,VIIRS,n,2,282.21,1.24,N,0
40.3335,-121.39794,344.72,0.51,0.41,2021-08-22,1021,N,VIIRS,n,2,287.76,3.73,N,0
40.33434,-121.44065,298.29,0.5,0.41,2021-08-22,1021,N,VIIRS,n,2,282.64,0.62,N,0
40.33469,-121.40375,305.29,0.51,0.41,2021-08-22,1021,N,VIIRS,n,2,284.19,3.73,N,0
40.33587,-121.40954,297.92,0.51,0.41,2021-08-22,1021,N,VIIRS,n,2,284.08,1.24,N,0
40.33725,-121.39701,329.43,0.51,0.41,2021-08-22,1021,N,VIIRS,n,2,285.9,2.16,N,0
40.33799,-121.43926,297.09,0.5,0.41,2021-08-22,1021,N,VIIRS,n,2,281.5,0.76,N,0
40.33842,-121.40273,303.71,0.51,0.41,2021-08-22,1021,N,VIIRS,n,2,283.02,2.16,N,0
40.33958,-121.40845,300.26,0.51,0.41,2021-08-22,1021,N,VIIRS,n,2,282.25,0.86,N,0
40.3421,-121.40147,300.02,0.51,0.41,2021-08-22,1021,N,VIIRS,n,2,282.44,2.16,N,0
40.34327,-121.40721,297.46,0.51,0.41,2021-08-22,1021,N,VIIRS,n,2,282.99,0.86,N,0
40.34692,-121.40583,295.87,0.51,0.41,2021-08-22,1021,N,VIIRS,n,2,281.4,0.9,N,0
40.34699,-121.3868,298.22,0.51,0.41,2021-08-22,1021,N,VIIRS,n,2,280.48,0.51,N,0
40.35023,-121.44147,315.73,0.5,0.41,2021-08-22,1021,N,VIIRS,n,2,283.82,2.92,N,0
40.35036,-121.42272,305.2,0.5,0.41,2021-08-22,1021,N,VIIRS,n,2,280.53,1.24,N,0
40.3506,-121.38516,310.46,0.51,0.41,2021-08-22,1021,N,VIIRS,n,2,281.9,1.13,N,0
40.35303,-121.37768,296.12,0.51,0.41,2021-08-22,1021,N,VIIRS,n,2,280.07,1.13,N,0
40.35383,-121.45921,307.62,0.5,0.41,2021-08-22,1021,N,VIIRS,n,2,283.99,2.05,N,0
40.35422,-121.38357,299.86,0.51,0.41,2021-08-22,1021,N,VIIRS,n,2,280.9,1.13,N,0
40.35678,-121.35732,300.47,0.51,0.41,2021-08-22,1021,N,VIIRS,n,2,281.23,0.76,N,0
40.36165,-121.36188,295.89,0.51,0.41,2021-08-22,1021,N,VIIRS,n,2,278.04,0.21,N,0
40.36523,-121.37958,308.54,0.51,0.41,2021-08-22,1021,N,VIIRS,n,2,281.92,2.59,N,0
40.36643,-121.38551,310.33,0.51,0.41,2021-08-22,1021,N,VIIRS,n,2,281.82,1.57,N,0
40.38364,-121.39281,304.95,0.51,0.41,2021-08-22,1021,N,VIIRS,n,2,283.75,1.58,N,0
40.38484,-121.39879,306.24,0.5,0.41,2021-08-22,1021,N,VIIRS,n,2,285.01,1.58,N,0
40.38613,-121.38563,300.21,0.51,0.41,2021-08-22,1021,N,VIIRS,n,2,281.97,0.81,N,0
40.38734,-121.39169,300.74,0.51,0.41,2021-08-22,1021,N,VIIRS,n,2,284.83,1.58,N,0
40.03387,-120.77795,337.91,0.45,0.63,2021-08-22,2003,N,VIIRS,n,2,295.9,5.66,D,0
40.03448,-120.77665,330.48,0.45,0.63,2021-08-22,2003,N,VIIRS,n,2,294.74,3.8,D,0
40.03811,-120.78517,333.51,0.45,0.63,2021-08-22,2003,N,VIIRS,n,2,294.49,4.94,D,0
40.03875,-120.78367,346.52,0.45,0.63,2021-08-22,2003,N,VIIRS,n,2,295.56,6.86,D,0
40.04593,-120.73564,330.16,0.45,0.63,2021-08-22,2003,N,VIIRS,n,2,297.29,7.82,D,0
40.04697,-120.73372,356.81,0.45,0.63,2021-08-22,2003,N,VIIRS,n,2,298.98,8.78,D,0
40.04729,-120.73083,350.33,0.45,0.63,2021-08-22,2003,N,VIIRS,n,2,298.25,11.56,D,0
40.04755,-120.79684,338.49,0.45,0.63,2021-08-22,2003,N,VIIRS,n,2,297.43,9.97,D,0
40.05252,-120.80145,346.26,0.45,0.63,2021-08-22,2003,N,VIIRS,n,2,297.86,8.17,D,0
40.16606,-120.51529,367,0.44,0.62,2021-08-22,2003,N,VIIRS,h,2,304.85,19.25,D,0
40.16694,-120.42545,355.47,0.43,0.62,2021-08-22,2003,N,VIIRS,n,2,296.17,22.71,D,0
40.16755,-120.51006,367,0.44,0.62,2021-08-22,2003,N,VIIRS,h,2,304.87,22.1,D,0
40.16817,-120.42113,354.23,0.43,0.62,2021-08-22,2003,N,VIIRS,n,2,296.51,22.76,D,0
40.17238,-120.42802,351.59,0.43,0.62,2021-08-22,2003,N,VIIRS,n,2,305.36,22.71,D,0
40.17275,-120.53535,337.83,0.44,0.62,2021-08-22,2003,N,VIIRS,n,2,303.77,6.11,D,0
40.17341,-120.4244,367,0.43,0.62,2021-08-22,2003,N,VIIRS,h,2,298.83,22.76,D,0
40.17439,-120.42096,367,0.43,0.62,2021-08-22,2003,N,VIIRS,h,2,295.91,22.76,D,0
40.17535,-120.4176,367,0.43,0.62,2021-08-22,2003,N,VIIRS,h,2,300.35,20.7,D,0
40.17632,-120.41422,367,0.43,0.62,2021-08-22,2003,N,VIIRS,h,2,298.55,20.7,D,0
40.17638,-120.61003,337.59,0.44,0.62,2021-08-22,2003,N,VIIRS,n,2,300.44,6.14,D,0
40.17768,-120.43105,367,0.43,0.62,2021-08-22,2003,N,VIIRS,h,2,293.79,13.25,D,0
40.17781,-120.605,343.27,0.44,0.62,2021-08-22,2003,N,VIIRS,n,2,299.63,6.14,D,0
40.17814,-120.60636,350.38,0.44,0.62,2021-08-22,2003,N,VIIRS,n,2,300.12,13.25,D,0
40.17863,-120.42775,367,0.43,0.62,2021-08-22,2003,N,VIIRS,h,2,294.05,16.24,D,0
40.17918,-120.60021,341.01,0.44,0.62,2021-08-22,2003,N,VIIRS,n,2,297.65,6.55,D,3
40.23839,-120.5268,344.98,0.44,0.62,2021-08-22,2003,N,VIIRS,n,2,299,8.62,D,0
40.33582,-121.40466,339.74,0.48,0.64,2021-08-22,2003,N,VIIRS,n,2,297.59,5.73,D,0
40.33763,-121.39851,330.2,0.48,0.64,2021-08-22,2003,N,VIIRS,n,2,292.9,5.73,D,0
40.3489,-121.38219,331.67,0.48,0.64,2021-08-22,2003,N,VIIRS,n,2,296.73,4.28,D,0
40.47326,-121.43057,333.98,0.47,0.64,2021-08-22,2003,N,VIIRS,n,2,304.98,7.32,D,0
40.47453,-121.42623,338.31,0.47,0.64,2021-08-22,2003,N,VIIRS,n,2,305.42,6.92,D,0
40.47586,-121.42172,341.81,0.47,0.64,2021-08-22,2003,N,VIIRS,n,2,303.31,6.92,D,0
40.48038,-121.42824,367,0.47,0.64,2021-08-22,2003,N,VIIRS,h,2,301.55,87.08,D,0
40.48171,-121.42371,355.78,0.47,0.64,2021-08-22,2003,N,VIIRS,n,2,311.79,87.08,D,0
40.48315,-121.41879,367,0.47,0.64,2021-08-22,2003,N,VIIRS,h,2,302.58,154.37,D,0
40.48473,-121.4134,338.75,0.47,0.64,2021-08-22,2003,N,VIIRS,n,2,298.72,154.37,D,0
40.48602,-121.43097,353.5,0.47,0.64,2021-08-22,2003,N,VIIRS,n,2,295.89,87.08,D,0
40.48643,-121.40759,367,0.47,0.64,2021-08-22,2003,N,VIIRS,h,2,301.88,96.14,D,0
40.48743,-121.42616,367,0.47,0.64,2021-08-22,2003,N,VIIRS,l,2,334.05,87.08,D,0
40.48818,-121.4016,347.23,0.47,0.64,2021-08-22,2003,N,VIIRS,n,2,298.57,96.14,D,0
40.4889,-121.42113,352.56,0.47,0.64,2021-08-22,2003,N,VIIRS,n,2,319.81,154.37,D,0
40.48989,-121.39578,356.57,0.47,0.64,2021-08-22,2003,N,VIIRS,n,2,298.58,27.32,D,0
40.49146,-121.39043,367,0.47,0.64,2021-08-22,2003,N,VIIRS,h,2,294.07,27.32,D,0
40.49233,-121.40939,367,0.47,0.64,2021-08-22,2003,N,VIIRS,l,2,339.94,96.14,D,0
40.49296,-121.42924,330.08,0.47,0.64,2021-08-22,2003,N,VIIRS,n,2,288.07,8.53,D,0
40.49406,-121.40346,367,0.47,0.64,2021-08-22,2003,N,VIIRS,h,2,301.24,96.14,D,0
40.49452,-121.42392,335.26,0.47,0.64,2021-08-22,2003,N,VIIRS,n,2,285.45,7.88,D,0
40.49629,-121.41785,343.15,0.47,0.64,2021-08-22,2003,N,VIIRS,n,2,286.08,7.88,D,0
40.49818,-121.41134,340.52,0.47,0.64,2021-08-22,2003,N,VIIRS,n,2,286.56,11.15,D,0
40.50161,-121.37761,352.31,0.47,0.64,2021-08-22,2003,N,VIIRS,n,2,293.86,9.21,D,0
40.52723,-121.26786,330.4,0.46,0.64,2021-08-22,2003,N,VIIRS,n,2,293.35,6.82,D,0
40.52929,-121.3047,333.63,0.47,0.64,2021-08-22,2003,N,VIIRS,n,2,294.64,7.79,D,3
40.53085,-121.29931,367,0.47,0.64,2021-08-22,2003,N,VIIRS,h,2,296.18,17.41,D,3
40.53241,-121.29393,367,0.47,0.64,2021-08-22,2003,N,VIIRS,h,2,294.93,17.41,D,0
40.53945,-121.29169,367,0.47,0.64,2021-08-22,2003,N,VIIRS,h,2,295.2,53.41,D,0
40.54102,-121.28628,352.15,0.46,0.64,2021-08-22,2003,N,VIIRS,n,2,303.75,53.41,D,0
40.54265,-121.28066,367,0.46,0.64,2021-08-22,2003,N,VIIRS,h,2,296.15,45.77,D,0
40.54817,-121.28358,347.51,0.46,0.64,2021-08-22,2003,N,VIIRS,n,2,289.47,8.09,D,0
40.55577,-121.27938,330.76,0.46,0.64,2021-08-22,2003,N,VIIRS,n,2,288.42,8.09,D,0
40.55994,-121.28284,354.9,0.46,0.64,2021-08-22,2003,N,VIIRS,n,2,295.88,26.8,D,0
40.56091,-121.28362,355.85,0.46,0.64,2021-08-22,2003,N,VIIRS,n,2,292.21,30.88,D,3
40.56186,-121.27634,367,0.46,0.64,2021-08-22,2003,N,VIIRS,h,2,293.58,26.8,D,0
40.56281,-121.27705,367,0.46,0.64,2021-08-22,2003,N,VIIRS,h,2,294.01,37.13,D,0
41.45486,-121.88544,356.58,0.47,0.64,2021-08-22,2003,N,VIIRS,n,2,297.38,8.36,D,0
41.45638,-121.88034,327.87,0.47,0.64,2021-08-22,2003,N,VIIRS,n,2,294.44,8.36,D,0
41.46359,-121.87768,338.69,0.47,0.64,2021-08-22,2003,N,VIIRS,n,2,294.89,6.12,D,0
41.46515,-121.87242,340.15,0.47,0.64,2021-08-22,2003,N,VIIRS,n,2,295.35,6.12,D,0
41.48166,-121.88168,347.79,0.47,0.64,2021-08-22,2003,N,VIIRS,n,2,297.88,16.02,D,0
41.48423,-121.87295,367,0.47,0.64,2021-08-22,2003,N,VIIRS,h,2,299.86,29.47,D,0
41.48581,-121.88937,330.43,0.47,0.64,2021-08-22,2003,N,VIIRS,n,2,293.48,9.87,D,0
41.48717,-121.88475,353.32,0.47,0.64,2021-08-22,2003,N,VIIRS,n,2,296.53,16.02,D,0
41.48851,-121.88019,367,0.47,0.64,2021-08-22,2003,N,VIIRS,h,2,295.86,16.02,D,0
41.48994,-121.87537,367,0.47,0.64,2021-08-22,2003,N,VIIRS,h,2,300.28,29.47,D,0
40.03502,-120.70998,335.32,0.35,0.57,2021-08-22,2143,N,VIIRS,n,2,300.87,2.73,D,0
40.0356,-120.79814,367,0.34,0.56,2021-08-22,2143,N,VIIRS,h,2,301.6,7.42,D,0
40.03577,-120.71326,337.94,0.35,0.57,2021-08-22,2143,N,VIIRS,n,2,300.97,6.15,D,0
40.03582,-120.7942,347.17,0.35,0.56,2021-08-22,2143,N,VIIRS,n,2,300.71,7.42,D,0
40.03595,-120.71014,367,0.35,0.57,2021-08-22,2143,N,VIIRS,h,2,303.81,6.15,D,0
40.03602,-120.79806,351.59,0.34,0.56,2021-08-22,2143,N,VIIRS,n,2,300.07,7.65,D,0
40.03613,-120.70706,367,0.35,0.57,2021-08-22,2143,N,VIIRS,h,2,304.14,10.67,D,0
40.03625,-120.79411,367,0.34,0.56,2021-08-22,2143,N,VIIRS,h,2,302.46,7.65,D,0
40.03632,-120.70393,338.59,0.35,0.57,2021-08-22,2143,N,VIIRS,n,2,299.97,10.67,D,0
40.0365,-120.70075,344.66,0.35,0.57,2021-08-22,2143,N,VIIRS,n,2,311.02,22.89,D,0
40.03669,-120.69753,367,0.35,0.57,2021-08-22,2143,N,VIIRS,h,2,299.71,22.89,D,0
40.03979,-120.71976,367,0.35,0.57,2021-08-22,2143,N,VIIRS,h,2,302.88,6.56,D,0
40.03998,-120.71629,367,0.35,0.57,2021-08-22,2143,N,VIIRS,h,2,305.21,6.56,D,0
40.04016,-120.71291,367,0.35,0.57,2021-08-22,2143,N,VIIRS,h,2,304.76,12.46,D,0
40.04034,-120.70958,367,0.35,0.57,2021-08-22,2143,N,VIIRS,h,2,301.46,12.46,D,0
40.04052,-120.70628,367,0.35,0.57,2021-08-22,2143,N,VIIRS,h,2,301.85,19.78,D,0
40.04068,-120.71995,357.62,0.35,0.57,2021-08-22,2143,N,VIIRS,n,2,302.7,9.64,D,0
40.0407,-120.70293,354.76,0.35,0.57,2021-08-22,2143,N,VIIRS,n,2,303.22,19.78,D,0
40.04088,-120.69946,345.42,0.35,0.57,2021-08-22,2143,N,VIIRS,n,2,314.26,47.71,D,0
40.04089,-120.71644,367,0.35,0.57,2021-08-22,2143,N,VIIRS,h,2,304.42,9.64,D,0
40.04106,-120.69598,350.24,0.35,0.57,2021-08-22,2143,N,VIIRS,n,2,297.76,47.71,D,0
40.04108,-120.71304,367,0.35,0.57,2021-08-22,2143,N,VIIRS,h,2,302.34,9.43,D,0
40.04128,-120.70967,335.35,0.35,0.57,2021-08-22,2143,N,VIIRS,n,2,299.97,9.43,D,0
40.0414,-120.78835,333.68,0.35,0.56,2021-08-22,2143,N,VIIRS,n,2,298.95,3.24,D,0
40.04148,-120.70628,337.13,0.35,0.57,2021-08-22,2143,N,VIIRS,n,2,299.9,9.6,D,0
40.04165,-120.7838,332,0.35,0.56,2021-08-22,2143,N,VIIRS,n,2,298.67,3.24,D,0
40.04168,-120.70286,348.3,0.35,0.57,2021-08-22,2143,N,VIIRS,n,2,300.24,9.6,D,0
40.04189,-120.69932,367,0.35,0.57,2021-08-22,2143,N,VIIRS,h,2,301.57,18.55,D,0
40.04209,-120.69582,341.44,0.35,0.57,2021-08-22,2143,N,VIIRS,n,2,298.4,18.55,D,0
40.04216,-120.78377,339.41,0.35,0.56,2021-08-22,2143,N,VIIRS,n,2,299.11,8.88,D,0
40.04263,-120.76564,344.1,0.35,0.56,2021-08-22,2143,N,VIIRS,n,2,302.75,4.55,D,0
40.04298,-120.77,338.85,0.35,0.56,2021-08-22,2143,N,VIIRS,n,2,300.6,4.64,D,0
40.04323,-120.76595,367,0.35,0.56,2021-08-22,2143,N,VIIRS,h,2,304.88,4.64,D,0
40.04444,-120.7319,342.21,0.35,0.57,2021-08-22,2143,N,VIIRS,n,2,304.43,4.54,D,0
40.04509,-120.7197,330.01,0.35,0.57,2021-08-22,2143,N,VIIRS,n,2,300.97,6.56,D,0
40.04524,-120.73228,367,0.35,0.57,2021-08-22,2143,N,VIIRS,h,2,305.1,7.88,D,0
40.04607,-120.79942,342.69,0.34,0.56,2021-08-22,2143,N,VIIRS,n,2,302.53,5.94,D,0
40.0463,-120.79526,333.68,0.34,0.56,2021-08-22,2143,N,VIIRS,n,2,300.52,8.65,D,0
40.04763,-120.77067,367,0.35,0.56,2021-08-22,2143,N,VIIRS,h,2,304.84,10.16,D,0
40.04784,-120.76678,367,0.35,0.56,2021-08-22,2143,N,VIIRS,h,2,305.3,10.16,D,0
40.04965,-120.73325,367,0.35,0.57,2021-08-22,2143,N,VIIRS,h,2,303.01,6.8,D,0
40.05119,-120.80222,347.23,0.34,0.56,2021-08-22,2143,N,VIIRS,n,2,304.43,5.94,D,0
40.0514,-120.79822,367,0.34,0.56,2021-08-22,2143,N,VIIRS,h,2,308.43,8.65,D,0
40.05614,-120.80786,344.59,0.34,0.56,2021-08-22,2143,N,VIIRS,n,2,300.27,14.41,D,0
40.05632,-120.80468,367,0.34,0.56,2021-08-22,2143,N,VIIRS,h,2,311.99,14.41,D,0
40.05651,-120.80112,355.8,0.34,0.56,2021-08-22,2143,N,VIIRS,n,2,306.02,20.79,D,0
40.06149,-120.80643,353.46,0.34,0.56,2021-08-22,2143,N,VIIRS,n,2,308.88,14.41,D,0
40.06166,-120.80331,367,0.34,0.56,2021-08-22,2143,N,VIIRS,h,2,308.44,20.79,D,0
40.06668,-120.80774,367,0.34,0.56,2021-08-22,2143,N,VIIRS,h,2,304.74,13.48,D,0
40.06684,-120.80483,367,0.34,0.56,2021-08-22,2143,N,VIIRS,h,2,303.29,10.31,D,0
40.06796,-120.68858,367,0.35,0.57,2021-08-22,2143,N,VIIRS,h,2,304.61,11.56,D,0
40.06819,-120.68428,367,0.35,0.57,2021-08-22,2143,N,VIIRS,h,2,306.65,11.56,D,0
40.06842,-120.68005,355.11,0.35,0.57,2021-08-22,2143,N,VIIRS,n,2,307.8,17.33,D,0
40.06864,-120.676,367,0.35,0.57,2021-08-22,2143,N,VIIRS,h,2,301.49,17.33,D,0
40.07226,-120.80221,331.66,0.35,0.56,2021-08-22,2143,N,VIIRS,n,2,296.54,10.31,D,0
40.07246,-120.79865,332.9,0.35,0.56,2021-08-22,2143,N,VIIRS,n,2,297.19,3.49,D,0
40.07342,-120.68558,337.27,0.35,0.57,2021-08-22,2143,N,VIIRS,n,2,300.86,9.4,D,0
40.07386,-120.67749,367,0.35,0.57,2021-08-22,2143,N,VIIRS,l,2,334.62,144.8,D,0
40.07407,-120.67377,367,0.35,0.57,2021-08-22,2143,N,VIIRS,h,2,302.81,78.17,D,0
40.08831,-120.79807,345.94,0.35,0.56,2021-08-22,2143,N,VIIRS,n,2,299.97,3.57,D,0
40.09366,-120.79678,331.87,0.35,0.56,2021-08-22,2143,N,VIIRS,l,2,302.16,3.57,D,0
40.11889,-120.72485,333.57,0.35,0.57,2021-08-22,2143,N,VIIRS,n,2,296.51,4.24,D,0
40.11911,-120.72095,341.93,0.35,0.57,2021-08-22,2143,N,VIIRS,n,2,297.49,4.76,D,0
40.11959,-120.71271,355.13,0.35,0.57,2021-08-22,2143,N,VIIRS,n,2,297.35,6.03,D,0
40.11983,-120.70851,349.08,0.35,0.57,2021-08-22,2143,N,VIIRS,n,2,297.47,6.03,D,0
40.12551,-120.70172,344.51,0.35,0.57,2021-08-22,2143,N,VIIRS,n,2,297.23,3.18,D,0
40.12576,-120.69738,335.84,0.35,0.57,2021-08-22,2143,N,VIIRS,n,2,296.12,2.79,D,0
40.1656,-120.51395,367,0.36,0.57,2021-08-22,2143,N,VIIRS,h,2,310.11,35.28,D,0
40.16581,-120.50971,342.46,0.36,0.57,2021-08-22,2143,N,VIIRS,n,2,302.82,25.31,D,0
40.16796,-120.42564,367,0.36,0.58,2021-08-22,2143,N,VIIRS,h,2,303.52,8.65,D,0
40.16825,-120.42052,367,0.36,0.58,2021-08-22,2143,N,VIIRS,h,2,299.28,8.65,D,0
40.16996,-120.42891,354.08,0.36,0.58,2021-08-22,2143,N,VIIRS,n,2,304.05,14.35,D,0
40.17022,-120.4236,367,0.36,0.58,2021-08-22,2143,N,VIIRS,h,2,305.83,41.34,D,0
40.1709,-120.51498,342.7,0.36,0.57,2021-08-22,2143,N,VIIRS,n,2,307.99,35.28,D,0
40.17112,-120.51078,367,0.36,0.57,2021-08-22,2143,N,VIIRS,h,2,303.98,25.31,D,0
40.17537,-120.42804,367,0.36,0.58,2021-08-22,2143,N,VIIRS,h,2,300.83,14.35,D,0
40.17623,-120.51533,330.17,0.36,0.57,2021-08-22,2143,N,VIIRS,n,2,299.38,1.86,D,0
40.17637,-120.61395,334.51,0.35,0.57,2021-08-22,2143,N,VIIRS,l,2,307.61,12.71,D,0
40.17661,-120.60953,352.51,0.35,0.57,2021-08-22,2143,N,VIIRS,n,2,319.34,22.19,D,0
40.17683,-120.60534,342.93,0.35,0.57,2021-08-22,2143,N,VIIRS,n,2,303.92,22.19,D,0
40.17706,-120.60109,334.72,0.35,0.57,2021-08-22,2143,N,VIIRS,n,2,303.46,5.94,D,0
40.18055,-120.73281,355.71,0.35,0.57,2021-08-22,2143,N,VIIRS,n,2,297.87,1.98,D,0
40.18511,-120.54996,367,0.36,0.57,2021-08-22,2143,N,VIIRS,h,2,302.55,9.33,D,0
40.18639,-120.72309,332.29,0.35,0.57,2021-08-22,2143,N,VIIRS,n,2,297.56,2.11,D,0
40.18663,-120.71857,343.3,0.35,0.57,2021-08-22,2143,N,VIIRS,n,2,297.28,1.7,D,0
40.31422,-121.4379,331.15,0.32,0.55,2021-08-22,2143,N,VIIRS,n,2,298.44,4.65,D,0
40.31627,-121.44144,348.39,0.32,0.55,2021-08-22,2143,N,VIIRS,n,2,299.76,3.23,D,0
40.3165,-121.43784,333.15,0.32,0.55,2021-08-22,2143,N,VIIRS,n,2,300.68,3.23,D,0
40.31742,-121.42352,331.68,0.32,0.55,2021-08-22,2143,N,VIIRS,n,2,300.94,3.01,D,0
40.31902,-121.44315,367,0.32,0.55,2021-08-22,2143,N,VIIRS,h,2,303.53,4.65,D,0
40.31923,-121.43963,367,0.32,0.55,2021-08-22,2143,N,VIIRS,h,2,305.84,4.65,D,0
40.32008,-121.42508,344.3,0.32,0.55,2021-08-22,2143,N,VIIRS,n,2,301.23,4.94,D,0
40.32029,-121.42136,367,0.32,0.55,2021-08-22,2143,N,VIIRS,h,2,304.22,6.08,D,0
40.32051,-121.41756,341.17,0.32,0.55,2021-08-22,2143,N,VIIRS,n,2,300.06,6.08,D,0
40.32321,-121.45859,334.69,0.32,0.55,2021-08-22,2143,N,VIIRS,n,2,301.4,5.02,D,0
40.32342,-121.45501,343.33,0.32,0.55,2021-08-22,2143,N,VIIRS,n,2,303.06,5.02,D,0
40.32363,-121.4515,354.22,0.32,0.55,2021-08-22,2143,N,VIIRS,n,2,311.18,21.12,D,0
40.32383,-121.44804,367,0.32,0.55,2021-08-22,2143,N,VIIRS,h,2,314.56,21.12,D,0
40.32404,-121.44453,331.52,0.32,0.55,2021-08-22,2143,N,VIIRS,n,2,301.01,8.94,D,0
40.32425,-121.44102,341.85,0.32,0.55,2021-08-22,2143,N,VIIRS,n,2,298.99,8.94,D,0
40.32629,-121.40629,349.57,0.32,0.55,2021-08-22,2143,N,VIIRS,n,2,303.05,5.87,D,0
40.32652,-121.4025,352.32,0.32,0.55,2021-08-22,2143,N,VIIRS,n,2,301.02,5.87,D,0
40.32674,-121.39869,332.38,0.32,0.55,2021-08-22,2143,N,VIIRS,n,2,297.24,8.43,D,0
40.33114,-121.41084,342.88,0.32,0.55,2021-08-22,2143,N,VIIRS,n,2,298.29,4.9,D,0
40.33135,-121.40724,349.36,0.32,0.55,2021-08-22,2143,N,VIIRS,n,2,298.69,5.87,D,0
40.33156,-121.40365,331.49,0.32,0.55,2021-08-22,2143,N,VIIRS,n,2,296.66,5.87,D,0
40.33178,-121.39999,367,0.32,0.55,2021-08-22,2143,N,VIIRS,h,2,302.18,8.43,D,0
40.33199,-121.39638,342.72,0.32,0.55,2021-08-22,2143,N,VIIRS,n,2,298.05,8.43,D,0
40.33439,-121.44225,334.85,0.32,0.55,2021-08-22,2143,N,VIIRS,n,2,296.18,2.77,D,0
40.33522,-120.87416,330.36,0.34,0.56,2021-08-22,2143,N,VIIRS,l,2,302.05,5.66,D,0
40.33638,-121.40876,330.59,0.32,0.55,2021-08-22,2143,N,VIIRS,n,2,298.34,2.21,D,0
40.33659,-121.40517,337.79,0.32,0.55,2021-08-22,2143,N,VIIRS,n,2,299.18,2.21,D,0
40.33702,-121.39784,339.14,0.32,0.55,2021-08-22,2143,N,VIIRS,n,2,295.47,5.3,D,0
40.33724,-121.39414,335.83,0.32,0.55,2021-08-22,2143,N,VIIRS,n,2,294.72,4.44,D,0
40.3403,-120.87762,352.74,0.34,0.56,2021-08-22,2143,N,VIIRS,n,2,300.63,8.2,D,0
40.34076,-120.87712,349.69,0.34,0.56,2021-08-22,2143,N,VIIRS,n,2,300.43,7.71,D,0
40.34167,-121.40588,332.06,0.32,0.55,2021-08-22,2143,N,VIIRS,n,2,296.46,2.21,D,0
40.34211,-121.39838,335.01,0.32,0.55,2021-08-22,2143,N,VIIRS,n,2,295.38,5.3,D,0
40.34499,-121.43572,348.86,0.32,0.55,2021-08-22,2143,N,VIIRS,n,2,300.27,3.39,D,0
40.35337,-121.38126,339.16,0.32,0.55,2021-08-22,2143,N,VIIRS,n,2,296.47,4.84,D,0
40.36383,-121.37782,330.52,0.32,0.55,2021-08-22,2143,N,VIIRS,n,2,298.22,3.97,D,0
40.36952,-121.10576,336.48,0.33,0.56,2021-08-22,2143,N,VIIRS,n,2,298.58,3.09,D,0
40.41233,-121.42149,332.42,0.32,0.55,2021-08-22,2143,N,VIIRS,l,2,304.44,1.65,D,0
40.42085,-121.11678,337.97,0.33,0.56,2021-08-22,2143,N,VIIRS,n,2,297.55,3.09,D,0
40.47657,-121.42828,335.15,0.32,0.55,2021-08-22,2143,N,VIIRS,l,2,306.25,4.69,D,0
40.47685,-121.42359,349.88,0.32,0.55,2021-08-22,2143,N,VIIRS,n,2,305.22,4.69,D,0
40.48107,-121.35393,334.85,0.33,0.55,2021-08-22,2143,N,VIIRS,n,2,298.08,7.19,D,0
40.4813,-121.3502,367,0.33,0.55,2021-08-22,2143,N,VIIRS,h,2,305.45,17.08,D,0
40.48164,-121.42898,353.28,0.32,0.55,2021-08-22,2143,N,VIIRS,n,2,301.74,53.74,D,0
40.48192,-121.42444,350.03,0.32,0.55,2021-08-22,2143,N,VIIRS,l,2,335.23,53.74,D,0
40.48219,-121.4201,367,0.32,0.55,2021-08-22,2143,N,VIIRS,h,2,306.01,47.03,D,0
40.48243,-121.41604,333.3,0.32,0.55,2021-08-22,2143,N,VIIRS,n,2,302.73,47.03,D,0
40.48267,-121.41213,336.9,0.32,0.55,2021-08-22,2143,N,VIIRS,n,2,303.8,34.21,D,0
40.4829,-121.40837,340.99,0.32,0.55,2021-08-22,2143,N,VIIRS,n,2,305.91,34.21,D,0
40.48313,-121.40465,339.74,0.32,0.55,2021-08-22,2143,N,VIIRS,n,2,307.31,29.85,D,0
40.48382,-121.39328,338.73,0.32,0.55,2021-08-22,2143,N,VIIRS,n,2,304.64,10.25,D,0
40.48674,-121.42926,208,0.32,0.55,2021-08-22,2143,N,VIIRS,l,2,312.84,53.74,D,0
40.487,-121.42503,367,0.32,0.55,2021-08-22,2143,N,VIIRS,h,2,351.72,53.74,D,0
40.48725,-121.42093,367,0.32,0.55,2021-08-22,2143,N,VIIRS,l,2,327.62,47.03,D,0
40.48749,-121.41704,367,0.32,0.55,2021-08-22,2143,N,VIIRS,h,2,321.41,47.03,D,0
40.48773,-121.41322,367,0.32,0.55,2021-08-22,2143,N,VIIRS,h,2,336.13,34.21,D,0
40.48795,-121.40947,356.5,0.32,0.55,2021-08-22,2143,N,VIIRS,n,2,324.98,34.21,D,0
40.48818,-121.40578,351.98,0.32,0.55,2021-08-22,2143,N,VIIRS,l,2,337.02,29.85,D,0
40.48841,-121.40206,367,0.32,0.55,2021-08-22,2143,N,VIIRS,h,2,308.9,29.85,D,0
40.48863,-121.39835,341.06,0.32,0.55,2021-08-22,2143,N,VIIRS,n,2,305.81,10.25,D,0
40.48886,-121.39459,357.17,0.32,0.55,2021-08-22,2143,N,VIIRS,n,2,307.89,10.25,D,0
40.48911,-121.39064,352.22,0.32,0.55,2021-08-22,2143,N,VIIRS,n,2,317.07,107.31,D,0
40.48958,-121.38286,367,0.32,0.55,2021-08-22,2143,N,VIIRS,h,2,303.72,32.72,D,0
40.48983,-121.37885,336.33,0.32,0.55,2021-08-22,2143,N,VIIRS,n,2,299.31,32.72,D,0
40.4921,-121.42541,354.64,0.32,0.55,2021-08-22,2143,N,VIIRS,n,2,323.22,152.88,D,0
40.49233,-121.42155,367,0.32,0.55,2021-08-22,2143,N,VIIRS,l,2,339.15,208.22,D,0
40.49256,-121.41787,367,0.32,0.55,2021-08-22,2143,N,VIIRS,l,2,350.22,208.22,D,0
40.49278,-121.41425,367,0.32,0.55,2021-08-22,2143,N,VIIRS,l,2,354.46,124.62,D,0
40.493,-121.41064,367,0.32,0.55,2021-08-22,2143,N,VIIRS,l,2,374.27,124.62,D,0
40.49323,-121.40698,367,0.32,0.55,2021-08-22,2143,N,VIIRS,l,2,366.58,93.02,D,0
40.49346,-121.40324,367,0.32,0.55,2021-08-22,2143,N,VIIRS,h,2,338.55,93.02,D,0
40.4937,-121.39933,367,0.32,0.55,2021-08-22,2143,N,VIIRS,h,2,300.62,49.76,D,0
40.49395,-121.39534,357.44,0.32,0.55,2021-08-22,2143,N,VIIRS,l,2,296.59,49.76,D,0
40.49419,-121.39138,357.51,0.32,0.55,2021-08-22,2143,N,VIIRS,l,2,297.14,21.39,D,0
40.49784,-121.41523,340.43,0.32,0.55,2021-08-22,2143,N,VIIRS,n,2,290.5,124.62,D,0
40.49805,-121.41174,367,0.32,0.55,2021-08-22,2143,N,VIIRS,h,2,291.82,124.62,D,0
40.49828,-121.4081,355.57,0.32,0.55,2021-08-22,2143,N,VIIRS,n,2,294.46,93.02,D,0
40.49851,-121.40437,356.74,0.32,0.55,2021-08-22,2143,N,VIIRS,l,2,290.76,93.02,D,0
40.50002,-121.37997,339.34,0.32,0.55,2021-08-22,2143,N,VIIRS,n,2,289.21,5.59,D,0
40.50029,-121.37558,331.89,0.32,0.55,2021-08-22,2143,N,VIIRS,n,2,289.82,4.47,D,0
40.50601,-121.28217,331.29,0.33,0.55,2021-08-22,2143,N,VIIRS,n,2,295.35,2.34,D,0
40.52254,-121.26482,331.16,0.33,0.55,2021-08-22,2143,N,VIIRS,n,2,295.89,4.98,D,0
40.52441,-121.26373,367,0.33,0.55,2021-08-22,2143,N,VIIRS,h,2,297.95,14.37,D,0
40.52736,-121.30314,367,0.33,0.55,2021-08-22,2143,N,VIIRS,h,2,301.38,8.18,D,3
40.52757,-121.29932,335.92,0.33,0.55,2021-08-22,2143,N,VIIRS,n,2,296.87,8.18,D,0
40.52772,-121.26471,367,0.33,0.55,2021-08-22,2143,N,VIIRS,h,2,296.4,4.98,D,0
40.53041,-121.30465,346.84,0.33,0.55,2021-08-22,2143,N,VIIRS,n,2,297.47,14.25,D,3
40.53065,-121.30073,357.26,0.33,0.55,2021-08-22,2143,N,VIIRS,n,2,304.62,14.25,D,3
40.53113,-121.29303,367,0.33,0.55,2021-08-22,2143,N,VIIRS,h,2,296.87,45.32,D,0
40.53247,-121.3038,332.78,0.33,0.55,2021-08-22,2143,N,VIIRS,n,2,296.49,14.31,D,3
40.5327,-121.29983,367,0.33,0.55,2021-08-22,2143,N,VIIRS,h,2,305.29,14.31,D,3
40.53313,-121.29207,367,0.33,0.55,2021-08-22,2143,N,VIIRS,h,2,299.23,51.87,D,0
40.53358,-121.25341,367,0.33,0.55,2021-08-22,2143,N,VIIRS,h,2,297.8,13.44,D,0
40.53516,-121.25616,352.31,0.33,0.55,2021-08-22,2143,N,VIIRS,n,2,294.82,8.24,D,0
40.53537,-121.25247,367,0.33,0.55,2021-08-22,2143,N,VIIRS,h,2,294.11,12.34,D,0
40.53603,-121.2972,334.64,0.33,0.55,2021-08-22,2143,N,VIIRS,n,2,295.91,45.32,D,0
40.53651,-121.28946,367,0.33,0.55,2021-08-22,2143,N,VIIRS,h,2,306.92,37.22,D,0
40.53675,-121.28566,367,0.33,0.55,2021-08-22,2143,N,VIIRS,h,2,298.05,37.22,D,0
40.53828,-121.29233,346.18,0.33,0.55,2021-08-22,2143,N,VIIRS,n,2,313.81,51.87,D,0
40.53849,-121.28852,367,0.33,0.55,2021-08-22,2143,N,VIIRS,h,2,301.22,37.14,D,0
40.53871,-121.28469,367,0.33,0.55,2021-08-22,2143,N,VIIRS,h,2,298.02,37.14,D,0
40.54363,-121.28883,339.21,0.33,0.55,2021-08-22,2143,N,VIIRS,n,2,293.61,13.31,D,0
40.54385,-121.28497,351.54,0.33,0.55,2021-08-22,2143,N,VIIRS,n,2,305.07,13.31,D,0
40.54407,-121.28116,367,0.33,0.55,2021-08-22,2143,N,VIIRS,h,2,297.84,19.02,D,0
40.54898,-121.28546,352.65,0.33,0.55,2021-08-22,2143,N,VIIRS,n,2,296.41,13.31,D,0
40.54918,-121.28196,367,0.33,0.55,2021-08-22,2143,N,VIIRS,h,2,295.77,19.02,D,0
40.55038,-121.26095,367,0.33,0.55,2021-08-22,2143,N,VIIRS,h,2,294.84,9.6,D,0
40.55925,-121.28635,367,0.33,0.55,2021-08-22,2143,N,VIIRS,h,2,300.06,20.57,D,3
40.55943,-121.28311,351.91,0.33,0.55,2021-08-22,2143,N,VIIRS,n,2,307.26,64.48,D,0
40.55962,-121.27983,367,0.33,0.55,2021-08-22,2143,N,VIIRS,h,2,327.84,64.48,D,0
40.55983,-121.27637,367,0.33,0.55,2021-08-22,2143,N,VIIRS,l,2,353.47,99.81,D,0
40.56003,-121.27275,367,0.33,0.55,2021-08-22,2143,N,VIIRS,h,2,302.23,99.81,D,0
40.56478,-121.27991,339.61,0.33,0.55,2021-08-22,2143,N,VIIRS,n,2,299.61,45.1,D,0
40.56519,-121.27281,367,0.33,0.55,2021-08-22,2143,N,VIIRS,h,2,299.21,146.39,D,0
40.56541,-121.26908,331.94,0.33,0.55,2021-08-22,2143,N,VIIRS,n,2,290.85,16.7,D,0
40.57147,-121.25367,336.99,0.33,0.55,2021-08-22,2143,N,VIIRS,n,2,291.51,6.97,D,0
41.45187,-121.87896,333.07,0.62,0.54,2021-08-22,2144,N,VIIRS,n,2,297.59,10.66,D,0
41.45634,-121.88568,367,0.62,0.54,2021-08-22,2144,N,VIIRS,h,2,300.25,22.13,D,0
41.45636,-121.8875,346.87,0.62,0.54,2021-08-22,2144,N,VIIRS,n,2,300.7,10.66,D,0
41.45688,-121.87956,336.88,0.62,0.54,2021-08-22,2144,N,VIIRS,n,2,298.08,10.66,D,0
41.46181,-121.87843,337.42,0.62,0.54,2021-08-22,2144,N,VIIRS,n,2,297.99,16.45,D,0
41.4668,-121.87951,342.73,0.62,0.54,2021-08-22,2144,N,VIIRS,n,2,297.07,10.15,D,0
41.46727,-121.87151,342.28,0.62,0.54,2021-08-22,2144,N,VIIRS,n,2,297.17,10.15,D,0
41.48036,-121.98779,335.56,0.62,0.54,2021-08-22,2144,N,VIIRS,n,2,295.71,4.64,D,0
41.48113,-121.89272,338.6,0.62,0.54,2021-08-22,2144,N,VIIRS,n,2,298.16,13.72,D,0
41.48163,-121.88444,343.08,0.62,0.54,2021-08-22,2144,N,VIIRS,n,2,299.24,14.22,D,0
41.48616,-121.89291,334.43,0.62,0.54,2021-08-22,2144,N,VIIRS,n,2,293.18,4.16,D,0
41.48667,-121.88449,350.09,0.62,0.54,2021-08-22,2144,N,VIIRS,n,2,299.6,13.56,D,0
41.4872,-121.87585,354.78,0.62,0.54,2021-08-22,2144,N,VIIRS,n,2,299.46,13.56,D,0
41.48908,-122.00884,337.13,0.61,0.54,2021-08-22,2144,N,VIIRS,n,2,295.45,8.93,D,0
41.49171,-121.88459,339.61,0.62,0.54,2021-08-22,2144,N,VIIRS,n,2,293.74,13.56,D,0
41.57182,-121.79539,337.3,0.63,0.54,2021-08-22,2144,N,VIIRS,n,2,294.02,10.62,D,0
41.43299,-121.89087,304.57,0.38,0.36,2021-08-23,1001,N,VIIRS,n,2,281.9,1.68,N,0
41.43557,-121.88541,297.02,0.38,0.36,2021-08-23,1001,N,VIIRS,n,2,280.49,0.61,N,0
41.43816,-121.87996,295.08,0.38,0.36,2021-08-23,1001,N,VIIRS,n,2,280.34,0.68,N,0
41.43886,-121.88452,295.11,0.38,0.36,2021-08-23,1001,N,VIIRS,n,2,279.46,0.61,N,0
41.44632,-121.9109,297.94,0.38,0.36,2021-08-23,1001,N,VIIRS,n,2,284.29,1.04,N,0
41.44701,-121.91544,299.14,0.38,0.36,2021-08-23,1001,N,VIIRS,n,2,284.09,1.04,N,0
41.4487,-121.88184,313.6,0.38,0.36,2021-08-23,1001,N,VIIRS,n,2,283.79,0.91,N,0
41.4491,-121.92904,297.49,0.39,0.36,2021-08-23,1001,N,VIIRS,n,2,282.11,0.88,N,0
41.4494,-121.88641,297.16,0.38,0.36,2021-08-23,1001,N,VIIRS,n,2,282.25,0.91,N,0
41.4496,-121.91,317.39,0.38,0.36,2021-08-23,1001,N,VIIRS,n,2,286.06,1.04,N,0
41.45199,-121.88096,306.36,0.38,0.36,2021-08-23,1001,N,VIIRS,n,2,282.02,0.91,N,0
41.45269,-121.88552,301.62,0.38,0.36,2021-08-23,1001,N,VIIRS,n,2,282.21,0.91,N,0
41.45308,-121.93269,303.28,0.39,0.36,2021-08-23,1001,N,VIIRS,n,2,283.06,0.88,N,0
41.45338,-121.89005,308.14,0.38,0.36,2021-08-23,1001,N,VIIRS,n,2,284.19,1.06,N,0
41.45358,-121.91366,301.47,0.38,0.36,2021-08-23,1001,N,VIIRS,n,2,281.94,0.83,N,0
41.45408,-121.8946,298.4,0.38,0.36,2021-08-23,1001,N,VIIRS,n,2,282.43,1.06,N,0
41.45497,-121.92274,295.88,0.39,0.36,2021-08-23,1001,N,VIIRS,n,2,281.17,0.56,N,0
41.45597,-121.88461,333.17,0.38,0.36,2021-08-23,1001,N,VIIRS,n,2,288.38,2.53,N,0
41.45666,-121.88917,306.17,0.38,0.36,2021-08-23,1001,N,VIIRS,n,2,283.67,1.21,N,0
41.45705,-121.93639,296.65,0.39,0.36,2021-08-23,1001,N,VIIRS,n,2,281.53,3.84,N,0
41.45736,-121.89371,304.33,0.38,0.36,2021-08-23,1001,N,VIIRS,n,2,283.87,1.21,N,0
41.45756,-121.91734,297.3,0.38,0.36,2021-08-23,1001,N,VIIRS,n,2,281.07,0.56,N,0
41.45826,-121.92188,295.47,0.39,0.36,2021-08-23,1001,N,VIIRS,n,2,282.71,0.56,N,0
41.45855,-121.87917,306.96,0.38,0.36,2021-08-23,1001,N,VIIRS,n,2,281.68,2.53,N,0
41.45895,-121.92643,309.78,0.39,0.36,2021-08-23,1001,N,VIIRS,n,2,285.5,1.93,N,0
41.45914,-121.95002,304.94,0.39,0.36,2021-08-23,1001,N,VIIRS,n,2,281.01,1.44,N,0
41.45925,-121.88373,324.06,0.38,0.36,2021-08-23,1001,N,VIIRS,n,2,286.27,2.53,N,0
41.45965,-121.93098,323.31,0.39,0.36,2021-08-23,1001,N,VIIRS,n,2,285.95,1.93,N,0
41.45995,-121.88829,302.14,0.38,0.36,2021-08-23,1001,N,VIIRS,n,2,283.5,1.21,N,0
41.46035,-121.93553,345.36,0.39,0.36,2021-08-23,1001,N,VIIRS,n,2,290.18,3.84,N,0
41.46154,-121.92102,301.09,0.39,0.36,2021-08-23,1001,N,VIIRS,n,2,280.8,0.92,N,0
41.46173,-121.94461,319.08,0.39,0.36,2021-08-23,1001,N,VIIRS,n,2,282.25,1.44,N,0
41.46183,-121.87828,302.81,0.38,0.36,2021-08-23,1001,N,VIIRS,n,2,283.23,1.94,N,0
41.46224,-121.92557,299.08,0.39,0.36,2021-08-23,1001,N,VIIRS,n,2,283.09,0.88,N,0
41.46253,-121.88284,336.44,0.38,0.36,2021-08-23,1001,N,VIIRS,n,2,288.69,1.94,N,0
41.46293,-121.93012,296.8,0.39,0.36,2021-08-23,1001,N,VIIRS,n,2,283.4,0.88,N,0
41.46363,-121.93465,325.82,0.39,0.36,2021-08-23,1001,N,VIIRS,n,2,286.93,2.63,N,0
41.46432,-121.93919,321.99,0.39,0.36,2021-08-23,1001,N,VIIRS,n,2,286.05,2.63,N,0
41.46442,-121.87283,324.2,0.38,0.36,2021-08-23,1001,N,VIIRS,n,2,283.79,2.55,N,0
41.46501,-121.94371,323.48,0.39,0.36,2021-08-23,1001,N,VIIRS,n,2,287.18,1.9,N,0
41.46511,-121.87739,315.58,0.38,0.36,2021-08-23,1001,N,VIIRS,n,2,286.52,1.94,N,0
41.4657,-121.9482,313.82,0.39,0.36,2021-08-23,1001,N,VIIRS,n,2,282.66,1.9,N,0
41.46581,-121.88194,298.42,0.38,0.36,2021-08-23,1001,N,VIIRS,n,2,283.24,1.94,N,0
41.46729,-121.98099,315.79,0.39,0.36,2021-08-23,1001,N,VIIRS,n,2,281.13,1.34,N,0
41.4677,-121.87194,338.47,0.38,0.36,2021-08-23,1001,N,VIIRS,n,2,290.17,4.24,N,0
41.4684,-121.87649,313.7,0.38,0.36,2021-08-23,1001,N,VIIRS,n,2,285.84,2.57,N,0
41.46967,-121.95181,311.61,0.39,0.36,2021-08-23,1001,N,VIIRS,n,2,282.65,1.54,N,0
41.47057,-121.98013,298.27,0.39,0.36,2021-08-23,1001,N,VIIRS,n,2,280.69,0.52,N,0
41.47386,-121.97927,296.27,0.39,0.36,2021-08-23,1001,N,VIIRS,n,2,280.7,0.52,N,0
41.47584,-121.90277,296.12,0.38,0.36,2021-08-23,1001,N,VIIRS,n,2,281.62,0.91,N,0
41.47953,-121.94923,298.96,0.39,0.36,2021-08-23,1001,N,VIIRS,n,2,280.93,0.44,N,0
41.47982,-121.90643,297.87,0.38,0.36,2021-08-23,1001,N,VIIRS,n,2,283.19,1.2,N,0
41.48171,-121.89648,308.45,0.38,0.36,2021-08-23,1001,N,VIIRS,n,2,284.87,0.83,N,0
41.4818,-121.98656,312.71,0.39,0.36,2021-08-23,1001,N,VIIRS,n,2,281.69,0.97,N,0
41.48251,-121.99114,295.71,0.39,0.36,2021-08-23,1001,N,VIIRS,n,2,281.7,0.97,N,0
41.48291,-121.88194,302.55,0.38,0.36,2021-08-23,1001,N,VIIRS,n,2,282.58,0.81,N,0
41.4836,-121.88649,297.25,0.38,0.36,2021-08-23,1001,N,VIIRS,n,2,281.78,0.81,N,0
41.48391,-122.00036,303.24,0.39,0.36,2021-08-23,1001,N,VIIRS,n,2,282.92,1.37,N,0
41.4848,-121.87198,305.92,0.38,0.36,2021-08-23,1001,N,VIIRS,n,2,283.29,1.1,N,0
41.48549,-121.87653,298.36,0.38,0.36,2021-08-23,1001,N,VIIRS,n,2,283.26,1.1,N,0
41.48689,-121.8856,305.4,0.38,0.36,2021-08-23,1001,N,VIIRS,n,2,282.31,0.81,N,0
41.48731,-121.93303,310.75,0.39,0.36,2021-08-23,1001,N,VIIRS,n,2,285.25,1.38,N,0
41.48758,-121.89015,309.59,0.38,0.36,2021-08-23,1001,N,VIIRS,n,2,284.95,4.46,N,0
41.48808,-121.87108,295.16,0.38,0.36,2021-08-23,1001,N,VIIRS,n,2,283.12,1.18,N,0
41.48828,-121.89471,334.96,0.38,0.36,2021-08-23,1001,N,VIIRS,n,2,290.06,4.46,N,0
41.48859,-122.00865,345.35,0.39,0.36,2021-08-23,1001,N,VIIRS,n,2,288.62,5.69,N,0
41.48877,-121.87564,325.34,0.38,0.36,2021-08-23,1001,N,VIIRS,n,2,288.4,1.18,N,0
41.4889,-121.96584,305.2,0.39,0.36,2021-08-23,1001,N,VIIRS,n,2,282.47,0.89,N,0
41.48947,-121.88018,320.57,0.38,0.36,2021-08-23,1001,N,VIIRS,n,2,286.98,2.07,N,0
41.4896,-121.97041,304.62,0.39,0.36,2021-08-23,1001,N,VIIRS,n,2,283.97,0.89,N,0
41.49017,-121.88473,324.31,0.38,0.36,2021-08-23,1001,N,VIIRS,n,2,286.98,2.07,N,0
41.49086,-121.88929,334.35,0.38,0.36,2021-08-23,1001,N,VIIRS,n,2,287.28,1.93,N,0
41.49157,-121.89385,299.13,0.38,0.36,2021-08-23,1001,N,VIIRS,n,2,283.87,1.93,N,0
41.49187,-122.00772,344.9,0.39,0.36,2021-08-23,1001,N,VIIRS,n,2,291.42,5.69,N,0
41.49206,-121.87474,297.84,0.38,0.36,2021-08-23,1001,N,VIIRS,n,2,281.3,1.18,N,0
41.49275,-121.8793,300.63,0.38,0.36,2021-08-23,1001,N,VIIRS,n,2,283.91,2.07,N,0
41.49339,-121.9504,295.45,0.39,0.36,2021-08-23,1001,N,VIIRS,n,2,280.64,0.56,N,0
41.49367,-121.90756,323.24,0.38,0.36,2021-08-23,1001,N,VIIRS,n,2,284.13,2.02,N,0
41.49437,-121.91214,301.3,0.39,0.36,2021-08-23,1001,N,VIIRS,n,2,282.4,2.02,N,0
41.49514,-122.0068,322.87,0.39,0.36,2021-08-23,1001,N,VIIRS,n,2,284.02,11.94,N,0
41.49584,-122.0114,324.59,0.39,0.36,2021-08-23,1001,N,VIIRS,n,2,285.29,4.53,N,0
41.49766,-121.91125,331.87,0.39,0.36,2021-08-23,1001,N,VIIRS,n,2,287.45,2.02,N,0
41.49842,-122.00591,343.04,0.39,0.36,2021-08-23,1001,N,VIIRS,n,2,294.86,11.94,N,0
41.49913,-122.01051,330.97,0.39,0.36,2021-08-23,1001,N,VIIRS,n,2,282.36,4.53,N,0
41.50093,-121.91037,315.81,0.39,0.36,2021-08-23,1001,N,VIIRS,n,2,284.31,1.69,N,0
41.51115,-121.9549,295.3,0.39,0.36,2021-08-23,1001,N,VIIRS,n,2,280.26,0.43,N,0
41.53439,-121.95603,302.77,0.39,0.36,2021-08-23,1001,N,VIIRS,n,2,282.99,1.12,N,0
41.55024,-121.7473,300.47,0.38,0.36,2021-08-23,1001,N,VIIRS,n,2,282.17,0.5,N,0
41.55119,-121.77565,300.04,0.38,0.36,2021-08-23,1001,N,VIIRS,n,2,281.38,1.18,N,0
41.55352,-121.74641,295.29,0.38,0.36,2021-08-23,1001,N,VIIRS,n,2,282.2,0.5,N,0
41.5575,-121.7501,307.02,0.38,0.36,2021-08-23,1001,N,VIIRS,n,2,283.38,1.56,N,0
41.55775,-121.77387,297.13,0.38,0.36,2021-08-23,1001,N,VIIRS,n,2,281.48,0.47,N,0
41.55845,-121.77845,295.54,0.38,0.36,2021-08-23,1001,N,VIIRS,n,2,282.47,0.6,N,0
41.55916,-121.78301,297.13,0.38,0.36,2021-08-23,1001,N,VIIRS,n,2,281.2,0.6,N,0
41.57111,-121.79404,301.82,0.38,0.36,2021-08-23,1001,N,VIIRS,n,2,280.97,0.81,N,0
41.57181,-121.7986,298.7,0.38,0.36,2021-08-23,1001,N,VIIRS,n,2,282.34,0.81,N,0
41.57439,-121.79314,308.71,0.38,0.36,2021-08-23,1001,N,VIIRS,n,2,284.23,0.81,N,0
41.57696,-121.78768,316.81,0.38,0.36,2021-08-23,1001,N,VIIRS,n,2,284.31,1.35,N,0
41.57766,-121.79223,302.19,0.38,0.36,2021-08-23,1001,N,VIIRS,n,2,281.33,1.53,N,0
41.5793,-121.75849,300.35,0.38,0.36,2021-08-23,1001,N,VIIRS,n,2,283.04,1.44,N,0
41.57954,-121.78223,306.31,0.38,0.36,2021-08-23,1001,N,VIIRS,n,2,281.12,1.35,N,0
41.58024,-121.78678,312.87,0.38,0.36,2021-08-23,1001,N,VIIRS,n,2,282.36,1.35,N,0
41.58094,-121.79133,316.92,0.38,0.36,2021-08-23,1001,N,VIIRS,n,2,284.84,1.53,N,0
41.58282,-121.78133,303.76,0.38,0.36,2021-08-23,1001,N,VIIRS,n,2,282.09,1.08,N,0
41.58374,-121.80954,296.71,0.38,0.36,2021-08-23,1001,N,VIIRS,n,2,283.24,1.3,N,0
41.58444,-121.8141,320.26,0.38,0.36,2021-08-23,1001,N,VIIRS,n,2,283.91,1.3,N,0
41.5861,-121.78043,297.15,0.38,0.36,2021-08-23,1001,N,VIIRS,n,2,281.67,1.08,N,0
41.5868,-121.78499,317.73,0.38,0.36,2021-08-23,1001,N,VIIRS,n,2,284.99,1.08,N,0
41.59008,-121.78409,305.65,0.38,0.36,2021-08-23,1001,N,VIIRS,n,2,284.23,1.47,N,0
41.60014,-121.80508,298.55,0.38,0.36,2021-08-23,1001,N,VIIRS,n,2,283.5,1.29,N,0
41.60977,-121.7813,296.99,0.38,0.36,2021-08-23,1001,N,VIIRS,n,2,282.77,1.24,N,0
41.61633,-121.77956,299.38,0.38,0.36,2021-08-23,1001,N,VIIRS,n,2,283.51,0.98,N,0
39.62126,-119.26368,310.09,0.42,0.38,2021-08-23,1002,N,VIIRS,n,2,289.08,1.45,N,2
40.02428,-120.7878,299.62,0.39,0.36,2021-08-23,1002,N,VIIRS,n,2,284.4,0.64,N,0
40.02678,-120.78206,309.13,0.39,0.36,2021-08-23,1002,N,VIIRS,n,2,286.08,1.09,N,0
40.02928,-120.7763,299.85,0.39,0.36,2021-08-23,1002,N,VIIRS,n,2,285,1.09,N,0
40.03074,-120.77359,306.46,0.39,0.36,2021-08-23,1002,N,VIIRS,n,2,285.01,1.29,N,0
40.03153,-120.77827,315.71,0.39,0.36,2021-08-23,1002,N,VIIRS,n,2,287.16,3.01,N,0
40.03233,-120.79462,318.25,0.39,0.36,2021-08-23,1002,N,VIIRS,n,2,286.36,2.14,N,0
40.03405,-120.71124,307.41,0.39,0.36,2021-08-23,1002,N,VIIRS,n,2,284.12,3.87,N,0
40.03458,-120.79642,322.21,0.39,0.36,2021-08-23,1002,N,VIIRS,n,2,289.16,2.36,N,0
40.03481,-120.77722,347.16,0.39,0.36,2021-08-23,1002,N,VIIRS,n,2,289.89,3.01,N,0
40.03514,-120.69717,310.8,0.39,0.36,2021-08-23,1002,N,VIIRS,n,2,284.19,1.95,N,0
40.03559,-120.78185,307.95,0.39,0.36,2021-08-23,1002,N,VIIRS,n,2,286.39,3.01,N,0
40.03588,-120.70156,356.24,0.39,0.36,2021-08-23,1002,N,VIIRS,n,2,293.42,12.73,N,0
40.03662,-120.70593,356.97,0.39,0.36,2021-08-23,1002,N,VIIRS,n,2,293.33,12.73,N,0
40.03735,-120.7103,350.19,0.39,0.36,2021-08-23,1002,N,VIIRS,n,2,292.05,3.87,N,0
40.03808,-120.71468,329.66,0.39,0.36,2021-08-23,1002,N,VIIRS,n,2,287.25,3.87,N,0
40.03843,-120.69617,320.6,0.39,0.36,2021-08-23,1002,N,VIIRS,n,2,285.45,1.79,N,0
40.03885,-120.78079,344.6,0.39,0.36,2021-08-23,1002,N,VIIRS,n,2,289.85,4.47,N,0
40.03917,-120.70056,336.74,0.39,0.36,2021-08-23,1002,N,VIIRS,n,2,289.74,2.73,N,0
40.03962,-120.78535,307.5,0.39,0.36,2021-08-23,1002,N,VIIRS,n,2,287.11,10.99,N,0
40.0399,-120.70493,311.37,0.39,0.36,2021-08-23,1002,N,VIIRS,n,2,287.59,2.73,N,0
40.04037,-120.78985,313.02,0.39,0.36,2021-08-23,1002,N,VIIRS,n,2,287.25,10.99,N,0
40.04063,-120.70934,296.17,0.39,0.36,2021-08-23,1002,N,VIIRS,n,2,285.06,0.76,N,0
40.04111,-120.79427,309.13,0.39,0.36,2021-08-23,1002,N,VIIRS,n,2,287.35,12.85,N,0
40.04137,-120.71371,296.38,0.39,0.36,2021-08-23,1002,N,VIIRS,n,2,285.5,0.76,N,0
40.04186,-120.79874,306.7,0.39,0.36,2021-08-23,1002,N,VIIRS,n,2,285.6,12.85,N,0
40.04211,-120.71815,299.96,0.39,0.36,2021-08-23,1002,N,VIIRS,n,2,285.26,0.74,N,0
40.04288,-120.78426,331.83,0.39,0.36,2021-08-23,1002,N,VIIRS,n,2,289.05,10.99,N,0
40.04364,-120.78876,354.33,0.39,0.36,2021-08-23,1002,N,VIIRS,n,2,301.74,10.99,N,0
40.04388,-120.7697,336.28,0.39,0.36,2021-08-23,1002,N,VIIRS,n,2,288.05,1.8,N,0
40.04439,-120.79324,299.9,0.39,0.36,2021-08-23,1002,N,VIIRS,n,2,285.44,12.85,N,0
40.04515,-120.79774,326.79,0.39,0.36,2021-08-23,1002,N,VIIRS,n,2,312.28,12.85,N,0
40.04589,-120.80222,334.15,0.39,0.36,2021-08-23,1002,N,VIIRS,n,2,288.5,11.58,N,0
40.04666,-120.80676,303.84,0.39,0.36,2021-08-23,1002,N,VIIRS,n,2,285.2,11.58,N,0
40.04692,-120.78777,349.87,0.39,0.36,2021-08-23,1002,N,VIIRS,n,2,289.26,5.15,N,0
40.04719,-120.7688,300.93,0.39,0.36,2021-08-23,1002,N,VIIRS,n,2,286.3,1.8,N,0
40.04845,-120.79688,312.01,0.39,0.36,2021-08-23,1002,N,VIIRS,n,2,288.09,2.13,N,0
40.04922,-120.80143,318.61,0.39,0.36,2021-08-23,1002,N,VIIRS,n,2,288.1,3.17,N,0
40.04998,-120.80594,330.12,0.39,0.36,2021-08-23,1002,N,VIIRS,n,2,290.47,3.17,N,0
40.05254,-120.80067,302.96,0.39,0.36,2021-08-23,1002,N,VIIRS,n,2,287.45,3.17,N,0
40.0533,-120.80518,332.36,0.39,0.36,2021-08-23,1002,N,VIIRS,n,2,289.99,3.17,N,0
40.05404,-120.80957,328.63,0.39,0.36,2021-08-23,1002,N,VIIRS,n,2,287.35,2.55,N,0
40.05586,-120.79986,299.54,0.39,0.36,2021-08-23,1002,N,VIIRS,n,2,286.26,0.98,N,0
40.05662,-120.80435,307.42,0.39,0.36,2021-08-23,1002,N,VIIRS,n,2,288.54,0.98,N,0
40.05735,-120.80877,355.22,0.39,0.36,2021-08-23,1002,N,VIIRS,n,2,292.31,5.63,N,0
40.05994,-120.80356,310.41,0.39,0.36,2021-08-23,1002,N,VIIRS,n,2,288.86,0.98,N,0
40.06067,-120.80796,329.94,0.39,0.36,2021-08-23,1002,N,VIIRS,n,2,289.94,5.63,N,0
40.06325,-120.80273,302.84,0.39,0.36,2021-08-23,1002,N,VIIRS,n,2,287.31,1.06,N,0
40.06398,-120.80713,333.4,0.39,0.36,2021-08-23,1002,N,VIIRS,n,2,290.54,4.39,N,0
40.06471,-120.81149,328.33,0.39,0.36,2021-08-23,1002,N,VIIRS,n,2,288.41,4.39,N,0
40.0673,-120.8063,339.94,0.39,0.36,2021-08-23,1002,N,VIIRS,n,2,291.78,4.39,N,0
40.06799,-120.68708,343.4,0.39,0.36,2021-08-23,1002,N,VIIRS,n,2,290.22,5.68,N,0
40.06976,-120.67708,297.62,0.39,0.36,2021-08-23,1002,N,VIIRS,n,2,284.73,0.7,N,0
40.07052,-120.68162,301.76,0.39,0.36,2021-08-23,1002,N,VIIRS,n,2,286.11,0.88,N,0
40.0706,-120.80544,308.35,0.39,0.36,2021-08-23,1002,N,VIIRS,n,2,286.58,0.91,N,0
40.07129,-120.68615,302.65,0.39,0.36,2021-08-23,1002,N,VIIRS,n,2,286.96,0.88,N,0
40.07307,-120.67621,304.32,0.39,0.36,2021-08-23,1002,N,VIIRS,n,2,286.41,0.7,N,0
40.07315,-120.80006,324.61,0.39,0.36,2021-08-23,1002,N,VIIRS,n,2,286.01,1.72,N,0
40.07383,-120.68074,303.9,0.39,0.36,2021-08-23,1002,N,VIIRS,n,2,287.2,0.88,N,0
40.07388,-120.80447,297.47,0.39,0.36,2021-08-23,1002,N,VIIRS,n,2,285.16,0.91,N,0
40.07563,-120.67091,296.94,0.39,0.36,2021-08-23,1002,N,VIIRS,n,2,284.39,0.5,N,0
40.07639,-120.6754,296.01,0.39,0.36,2021-08-23,1002,N,VIIRS,n,2,284.3,0.5,N,0
40.07643,-120.79908,296.03,0.39,0.36,2021-08-23,1002,N,VIIRS,n,2,283.92,0.51,N,0
40.07714,-120.67988,297.4,0.39,0.36,2021-08-23,1002,N,VIIRS,n,2,286.09,1.02,N,0
40.07814,-121.09241,300.36,0.39,0.36,2021-08-23,1002,N,VIIRS,n,2,282.43,1.19,N,0
40.07922,-121.07806,297.38,0.39,0.36,2021-08-23,1002,N,VIIRS,n,2,283.43,0.82,N,0
40.08069,-121.08698,295,0.39,0.36,2021-08-23,1002,N,VIIRS,n,2,282.21,0.92,N,0
40.0825,-120.77355,302.24,0.39,0.36,2021-08-23,1002,N,VIIRS,n,2,285.14,0.78,N,0
40.08372,-120.80145,302.34,0.39,0.36,2021-08-23,1002,N,VIIRS,n,2,285.7,4.1,N,0
40.08403,-121.09322,312.81,0.39,0.36,2021-08-23,1002,N,VIIRS,n,2,285.38,0.88,N,0
40.08475,-121.09766,295.61,0.39,0.36,2021-08-23,1002,N,VIIRS,n,2,284.21,0.88,N,0
40.08625,-120.79593,297.82,0.39,0.36,2021-08-23,1002,N,VIIRS,n,2,286.88,1.11,N,0
40.08699,-120.80041,335.07,0.39,0.36,2021-08-23,1002,N,VIIRS,n,2,292.33,4.1,N,0
40.08952,-120.79486,299.13,0.39,0.36,2021-08-23,1002,N,VIIRS,n,2,286.36,1.22,N,0
40.09023,-121.11006,295.26,0.39,0.36,2021-08-23,1002,N,VIIRS,n,2,284.34,0.54,N,0
40.09027,-120.79935,340.22,0.39,0.36,2021-08-23,1002,N,VIIRS,n,2,291.25,4.77,N,0
40.09354,-120.79832,320.86,0.39,0.36,2021-08-23,1002,N,VIIRS,n,2,287.84,4.77,N,0
40.10697,-120.6725,297.62,0.39,0.36,2021-08-23,1002,N,VIIRS,n,2,283.14,0.62,N,0
40.11857,-120.72111,295.55,0.39,0.36,2021-08-23,1002,N,VIIRS,n,2,281.97,0.64,N,0
40.11932,-120.72562,295.14,0.39,0.36,2021-08-23,1002,N,VIIRS,n,2,283.19,0.83,N,0
40.12008,-120.73014,311.42,0.39,0.36,2021-08-23,1002,N,VIIRS,n,2,283.58,0.83,N,0
40.12035,-120.71117,307.09,0.39,0.36,2021-08-23,1002,N,VIIRS,n,2,284.96,1.09,N,0
40.12111,-120.71571,298.52,0.39,0.36,2021-08-23,1002,N,VIIRS,n,2,281.7,0.64,N,0
40.12365,-120.7103,336.42,0.39,0.36,2021-08-23,1002,N,VIIRS,n,2,286.25,1.79,N,0
40.1262,-120.70488,295.07,0.39,0.36,2021-08-23,1002,N,VIIRS,n,2,281.38,1.79,N,0
40.12736,-120.69754,305.04,0.39,0.36,2021-08-23,1002,N,VIIRS,n,2,282.95,0.88,N,0
40.12813,-120.70212,301.47,0.39,0.36,2021-08-23,1002,N,VIIRS,n,2,282.85,0.88,N,0
40.12911,-120.68748,327.61,0.39,0.36,2021-08-23,1002,N,VIIRS,n,2,282.65,2.64,N,0
40.13552,-120.70496,329.68,0.39,0.36,2021-08-23,1002,N,VIIRS,n,2,284.71,3.32,N,0
40.1363,-120.70953,330.62,0.39,0.36,2021-08-23,1002,N,VIIRS,n,2,286.78,3.32,N,0
40.13882,-120.70405,303.64,0.39,0.36,2021-08-23,1002,N,VIIRS,n,2,282.66,3.32,N,0
40.1649,-120.51067,297.35,0.39,0.36,2021-08-23,1002,N,VIIRS,n,2,277.11,0.49,N,0
40.16795,-120.73369,328.74,0.39,0.36,2021-08-23,1002,N,VIIRS,n,2,283.66,6.04,N,0
40.16898,-120.51433,310.07,0.39,0.36,2021-08-23,1002,N,VIIRS,n,2,280.93,1.37,N,0
40.17083,-120.42303,313.06,0.39,0.36,2021-08-23,1002,N,VIIRS,n,2,285.52,1.29,N,0
40.17161,-120.42766,298.31,0.39,0.36,2021-08-23,1002,N,VIIRS,n,2,282.3,1.14,N,0
40.17331,-120.41723,301.68,0.39,0.36,2021-08-23,1002,N,VIIRS,n,2,284.11,1.29,N,0
40.1741,-120.42189,313.85,0.39,0.36,2021-08-23,1002,N,VIIRS,n,2,286.98,1.29,N,0
40.1749,-120.42657,308.52,0.39,0.36,2021-08-23,1002,N,VIIRS,n,2,285.48,1.14,N,0
40.17659,-120.41607,296.75,0.39,0.36,2021-08-23,1002,N,VIIRS,n,2,286.3,0.99,N,0
40.17738,-120.42075,307.85,0.39,0.36,2021-08-23,1002,N,VIIRS,n,2,287.24,0.99,N,0
40.17817,-120.42545,298.58,0.39,0.36,2021-08-23,1002,N,VIIRS,n,2,283.97,0.69,N,0
40.17841,-120.61113,331.2,0.39,0.36,2021-08-23,1002,N,VIIRS,n,2,278.04,4.72,N,0
40.17897,-120.43017,297.15,0.39,0.36,2021-08-23,1002,N,VIIRS,n,2,283.88,0.69,N,0
40.17957,-120.72074,296.51,0.39,0.36,2021-08-23,1002,N,VIIRS,n,2,281.45,1.02,N,0
40.18108,-120.72978,321.09,0.39,0.36,2021-08-23,1002,N,VIIRS,n,2,281.98,1.74,N,0
40.18145,-120.42431,297.02,0.39,0.36,2021-08-23,1002,N,VIIRS,n,2,285.79,0.69,N,0
40.18171,-120.61018,307.6,0.39,0.36,2021-08-23,1002,N,VIIRS,n,2,278.94,2.2,N,0
40.18171,-120.54868,297.49,0.39,0.36,2021-08-23,1002,N,VIIRS,n,2,281.87,1.18,N,0
40.18185,-120.73433,310.6,0.39,0.36,2021-08-23,1002,N,VIIRS,n,2,281,1.74,N,0
40.18361,-120.72425,312.47,0.39,0.36,2021-08-23,1002,N,VIIRS,n,2,280.41,1.02,N,0
40.18513,-120.73333,302.78,0.39,0.36,2021-08-23,1002,N,VIIRS,n,2,280.29,1.74,N,0
40.18613,-120.71872,318.62,0.39,0.36,2021-08-23,1002,N,VIIRS,n,2,279.93,1.64,N,0
40.18689,-120.72325,317.21,0.39,0.36,2021-08-23,1002,N,VIIRS,n,2,280.92,1.64,N,0
40.18941,-120.71774,316.78,0.39,0.36,2021-08-23,1002,N,VIIRS,n,2,279.62,1.64,N,0
40.20229,-120.54774,295.94,0.39,0.36,2021-08-23,1002,N,VIIRS,n,2,276.59,0.75,N,0
40.23242,-120.53147,299.49,0.39,0.36,2021-08-23,1002,N,VIIRS,n,2,282.43,0.76,N,0
40.24004,-120.93914,299.41,0.39,0.36,2021-08-23,1002,N,VIIRS,n,2,279.64,0.83,N,0
40.24079,-120.94366,300.15,0.39,0.36,2021-08-23,1002,N,VIIRS,n,2,280.57,0.83,N,0
40.27667,-120.89765,300.55,0.39,0.36,2021-08-23,1002,N,VIIRS,n,2,281.35,0.71,N,0
40.30216,-120.84392,299.44,0.39,0.36,2021-08-23,1002,N,VIIRS,n,2,282.12,0.87,N,0
40.3029,-120.84838,295.29,0.39,0.36,2021-08-23,1002,N,VIIRS,n,2,282.41,0.77,N,0
40.30545,-120.84299,296.97,0.39,0.36,2021-08-23,1002,N,VIIRS,n,2,281.79,0.87,N,0
40.30873,-120.84206,301.43,0.39,0.36,2021-08-23,1002,N,VIIRS,n,2,282,0.88,N,0
40.31201,-120.84111,304.8,0.39,0.36,2021-08-23,1002,N,VIIRS,n,2,282.47,0.88,N,0
40.31324,-121.43002,297.84,0.38,0.36,2021-08-23,1002,N,VIIRS,n,2,281.46,0.63,N,0
40.31396,-121.43451,304.8,0.38,0.36,2021-08-23,1002,N,VIIRS,n,2,282.01,2.2,N,0
40.31454,-120.83558,295.88,0.39,0.36,2021-08-23,1002,N,VIIRS,n,2,282.23,0.78,N,0
40.31468,-121.43897,330.31,0.38,0.36,2021-08-23,1002,N,VIIRS,n,2,282.58,2.2,N,0
40.31796,-121.43811,306.74,0.38,0.36,2021-08-23,1002,N,VIIRS,n,2,283.77,1.42,N,0
40.31868,-121.44258,332.21,0.38,0.36,2021-08-23,1002,N,VIIRS,n,2,284.94,2.6,N,0
40.31908,-121.42381,295.39,0.38,0.36,2021-08-23,1002,N,VIIRS,n,2,278.39,0.59,N,0
40.3198,-121.42829,295.67,0.38,0.36,2021-08-23,1002,N,VIIRS,n,2,280.92,0.59,N,0
40.32012,-121.45152,315.06,0.38,0.36,2021-08-23,1002,N,VIIRS,n,2,279.9,1.43,N,0
40.32084,-121.45598,310.22,0.38,0.36,2021-08-23,1002,N,VIIRS,n,2,279.81,1.43,N,0
40.32123,-120.87592,297.33,0.39,0.36,2021-08-23,1002,N,VIIRS,n,2,281.65,0.76,N,0
40.32155,-121.46045,330.57,0.38,0.36,2021-08-23,1002,N,VIIRS,n,2,281.96,1.83,N,0
40.32164,-121.41844,298.43,0.38,0.36,2021-08-23,1002,N,VIIRS,n,2,281.34,0.57,N,0
40.32196,-121.4417,314.12,0.38,0.36,2021-08-23,1002,N,VIIRS,n,2,284.38,2.6,N,0
40.32227,-121.46491,296.26,0.38,0.36,2021-08-23,1002,N,VIIRS,n,2,277.88,1.83,N,0
40.32236,-121.42292,321.21,0.38,0.36,2021-08-23,1002,N,VIIRS,n,2,281.06,1.57,N,0
40.3234,-121.45064,320.74,0.38,0.36,2021-08-23,1002,N,VIIRS,n,2,284.38,1.43,N,0
40.32412,-121.45511,303.86,0.38,0.36,2021-08-23,1002,N,VIIRS,n,2,282.49,1.43,N,0
40.32524,-121.44082,310.5,0.38,0.36,2021-08-23,1002,N,VIIRS,n,2,282.99,1.3,N,0
40.32564,-121.42202,314.67,0.38,0.36,2021-08-23,1002,N,VIIRS,n,2,283.95,1.57,N,0
40.32636,-121.4265,304.41,0.38,0.36,2021-08-23,1002,N,VIIRS,n,2,279.76,1.57,N,0
40.3278,-121.43546,295.99,0.38,0.36,2021-08-23,1002,N,VIIRS,n,2,280.9,0.96,N,0
40.32888,-120.85983,301.15,0.39,0.36,2021-08-23,1002,N,VIIRS,n,2,283.09,1.27,N,0
40.32924,-121.44443,305.58,0.38,0.36,2021-08-23,1002,N,VIIRS,n,2,283.87,1.3,N,0
40.32931,-121.40231,323.52,0.38,0.36,2021-08-23,1002,N,VIIRS,n,2,284.63,1.59,N,0
40.32996,-121.44889,297.64,0.38,0.36,2021-08-23,1002,N,VIIRS,n,2,283.12,0.96,N,0
40.33003,-121.40679,296.55,0.38,0.36,2021-08-23,1002,N,VIIRS,n,2,279.56,1.59,N,0
40.33187,-121.39697,302.2,0.38,0.36,2021-08-23,1002,N,VIIRS,n,2,283.31,1.55,N,0
40.33252,-121.44352,308.81,0.38,0.36,2021-08-23,1002,N,VIIRS,n,2,284.12,1.33,N,0
40.33259,-121.40144,341.02,0.38,0.36,2021-08-23,1002,N,VIIRS,n,2,290.39,2.94,N,0
40.33308,-121.09357,296.09,0.39,0.36,2021-08-23,1002,N,VIIRS,n,2,278.07,0.56,N,0
40.33332,-121.40591,295.18,0.38,0.36,2021-08-23,1002,N,VIIRS,n,2,281.62,2.94,N,0
40.33467,-120.85327,297.38,0.39,0.36,2021-08-23,1002,N,VIIRS,n,2,284.15,0.77,N,0
40.33508,-121.43811,317.72,0.38,0.36,2021-08-23,1002,N,VIIRS,n,2,281.47,1.33,N,0
40.33515,-121.39608,320.67,0.38,0.36,2021-08-23,1002,N,VIIRS,n,2,286.58,1.55,N,0
40.33579,-121.4426,309.59,0.38,0.36,2021-08-23,1002,N,VIIRS,n,2,282.77,1.33,N,0
40.33587,-121.40056,322.12,0.38,0.36,2021-08-23,1002,N,VIIRS,n,2,286.69,2.94,N,0
40.33731,-121.40951,305.36,0.38,0.36,2021-08-23,1002,N,VIIRS,n,2,283.58,1.6,N,0
40.33843,-121.3952,310.76,0.38,0.36,2021-08-23,1002,N,VIIRS,n,2,284.33,1.43,N,0
40.33915,-121.39967,306.85,0.38,0.36,2021-08-23,1002,N,VIIRS,n,2,282.98,1.39,N,0
40.33916,-120.88033,300.43,0.39,0.36,2021-08-23,1002,N,VIIRS,n,2,283.43,1.02,N,0
40.33928,-121.50702,296.52,0.38,0.36,2021-08-23,1002,N,VIIRS,n,2,282.82,0.88,N,0
40.33987,-121.40415,314,0.38,0.36,2021-08-23,1002,N,VIIRS,n,2,280.55,1.39,N,0
40.34059,-121.40862,305.22,0.38,0.36,2021-08-23,1002,N,VIIRS,n,2,280.64,1.27,N,0
40.34163,-121.43633,296.88,0.38,0.36,2021-08-23,1002,N,VIIRS,n,2,276.85,0.7,N,0
40.34242,-121.39877,321.17,0.38,0.36,2021-08-23,1002,N,VIIRS,n,2,285.59,1.39,N,0
40.34244,-120.87933,300.62,0.39,0.36,2021-08-23,1002,N,VIIRS,n,2,283.49,1.48,N,0
40.34315,-121.40324,300.88,0.38,0.36,2021-08-23,1002,N,VIIRS,n,2,280.92,1.39,N,0
40.34497,-120.87389,318.73,0.39,0.36,2021-08-23,1002,N,VIIRS,n,2,285.87,1.48,N,0
40.3457,-121.39786,299.09,0.38,0.36,2021-08-23,1002,N,VIIRS,n,2,281.47,0.85,N,0
40.34642,-121.40234,305.62,0.38,0.36,2021-08-23,1002,N,VIIRS,n,2,281.93,0.85,N,0
40.34746,-121.43005,313.68,0.38,0.36,2021-08-23,1002,N,VIIRS,n,2,281.04,1.33,N,0
40.34825,-120.87292,299.77,0.39,0.36,2021-08-23,1002,N,VIIRS,n,2,283.29,0.8,N,0
40.3489,-121.43902,302.22,0.38,0.36,2021-08-23,1002,N,VIIRS,n,2,283.17,1.02,N,0
40.34898,-121.39693,298.71,0.38,0.36,2021-08-23,1002,N,VIIRS,n,2,280.87,0.85,N,0
40.3493,-121.42022,304.53,0.38,0.36,2021-08-23,1002,N,VIIRS,n,2,283.01,1.02,N,0
40.34959,-121.38445,297.28,0.38,0.36,2021-08-23,1002,N,VIIRS,n,2,279.71,0.76,N,0
40.34962,-121.4435,299.96,0.38,0.36,2021-08-23,1002,N,VIIRS,n,2,283.11,1.1,N,0
40.35042,-121.40589,297.27,0.38,0.36,2021-08-23,1002,N,VIIRS,n,2,281.11,0.61,N,0
40.35248,-121.40237,297.54,0.38,0.36,2021-08-23,1002,N,VIIRS,n,2,281.15,0.91,N,0
40.35286,-121.38353,300.73,0.38,0.36,2021-08-23,1002,N,VIIRS,n,2,280.18,0.76,N,0
40.35505,-121.45604,296.88,0.38,0.36,2021-08-23,1002,N,VIIRS,n,2,281.19,0.62,N,0
40.35689,-121.34493,295.86,0.39,0.36,2021-08-23,1002,N,VIIRS,n,2,278.49,0.42,N,0
40.35907,-121.35838,310.43,0.38,0.36,2021-08-23,1002,N,VIIRS,n,2,282.22,1.34,N,0
40.36269,-121.12769,302.2,0.39,0.36,2021-08-23,1002,N,VIIRS,n,2,278.63,1.05,N,0
40.36377,-121.11328,306.63,0.39,0.36,2021-08-23,1002,N,VIIRS,n,2,278.66,1.2,N,0
40.36524,-121.37541,308.15,0.38,0.36,2021-08-23,1002,N,VIIRS,n,2,277.29,2.36,N,0
40.36597,-121.37991,337.36,0.38,0.36,2021-08-23,1002,N,VIIRS,n,2,286.1,2.36,N,0
40.36669,-121.38438,297.38,0.38,0.36,2021-08-23,1002,N,VIIRS,n,2,279.96,1.07,N,0
40.36703,-121.40772,297.74,0.38,0.36,2021-08-23,1002,N,VIIRS,n,2,279.21,0.77,N,0
40.36705,-121.11238,299.24,0.39,0.36,2021-08-23,1002,N,VIIRS,n,2,278.79,1.16,N,0
40.36959,-121.10697,305.52,0.39,0.36,2021-08-23,1002,N,VIIRS,n,2,279.52,1.44,N,0
40.37287,-121.10606,310.15,0.39,0.36,2021-08-23,1002,N,VIIRS,n,2,279.04,1.38,N,0
40.38526,-121.39339,297.8,0.38,0.36,2021-08-23,1002,N,VIIRS,n,2,283.47,0.92,N,0
40.38599,-121.39787,298.03,0.38,0.36,2021-08-23,1002,N,VIIRS,n,2,283.76,0.72,N,0
40.38782,-121.38799,304.37,0.38,0.36,2021-08-23,1002,N,VIIRS,n,2,283.7,0.92,N,0
40.38926,-121.39698,295.52,0.38,0.36,2021-08-23,1002,N,VIIRS,n,2,282.94,0.72,N,0
40.39109,-121.38712,295.57,0.38,0.36,2021-08-23,1002,N,VIIRS,n,2,283.64,1.24,N,0
40.39254,-121.39611,320.38,0.38,0.36,2021-08-23,1002,N,VIIRS,n,2,286.74,1.96,N,0
40.39423,-121.47047,295.22,0.38,0.36,2021-08-23,1002,N,VIIRS,n,2,278.97,1.15,N,0
40.40383,-121.40242,306.56,0.38,0.36,2021-08-23,1002,N,VIIRS,n,2,284.48,1.88,N,0
40.40455,-121.40693,324.12,0.38,0.36,2021-08-23,1002,N,VIIRS,n,2,285.17,1.88,N,0
40.4224,-121.11834,306.59,0.39,0.36,2021-08-23,1002,N,VIIRS,n,2,281.83,1.19,N,0
40.42822,-121.112,296.66,0.39,0.36,2021-08-23,1002,N,VIIRS,n,2,279.77,1.48,N,0
40.43343,-121.31017,304.02,0.39,0.36,2021-08-23,1002,N,VIIRS,n,2,280.42,1.08,N,0
40.43402,-121.10562,300.1,0.39,0.36,2021-08-23,1002,N,VIIRS,n,2,281.06,1.3,N,0
40.4589,-121.34277,302.81,0.38,0.36,2021-08-23,1002,N,VIIRS,n,2,280.13,1.17,N,0
40.45963,-121.34724,318.5,0.38,0.36,2021-08-23,1002,N,VIIRS,n,2,281.24,1.17,N,0
40.46477,-121.48409,300.9,0.38,0.36,2021-08-23,1002,N,VIIRS,n,2,279.95,1.03,N,0
40.4659,-121.46973,295.54,0.38,0.36,2021-08-23,1002,N,VIIRS,n,2,278.36,0.44,N,0
40.46788,-121.41979,302.86,0.38,0.36,2021-08-23,1002,N,VIIRS,n,2,281,1.09,N,0
40.46861,-121.4243,306.04,0.38,0.36,2021-08-23,1002,N,VIIRS,n,2,282.55,1.83,N,0
40.46982,-121.32566,307,0.38,0.36,2021-08-23,1002,N,VIIRS,n,2,279.25,0.89,N,0
40.47198,-121.33907,295.08,0.38,0.36,2021-08-23,1002,N,VIIRS,n,2,282.11,0.82,N,0
40.47271,-121.34356,303.96,0.38,0.36,2021-08-23,1002,N,VIIRS,n,2,278.02,0.82,N,0
40.47309,-121.32475,305.88,0.38,0.36,2021-08-23,1002,N,VIIRS,n,2,279.76,0.89,N,0
40.47382,-121.32922,295.5,0.38,0.36,2021-08-23,1002,N,VIIRS,n,2,277.22,1.3,N,0
40.47589,-121.42699,295.81,0.38,0.36,2021-08-23,1002,N,VIIRS,n,2,279.09,1.04,N,0
40.47744,-121.35165,299.17,0.38,0.36,2021-08-23,1002,N,VIIRS,n,2,276.92,0.96,N,0
40.47816,-121.35612,317.71,0.38,0.36,2021-08-23,1002,N,VIIRS,n,2,280.26,2.13,N,0
40.47916,-121.42609,296.45,0.38,0.36,2021-08-23,1002,N,VIIRS,n,2,279.17,1.2,N,0
40.47927,-121.34178,327.63,0.38,0.36,2021-08-23,1002,N,VIIRS,n,2,281.69,1.93,N,0
40.47964,-121.32293,297.89,0.38,0.36,2021-08-23,1002,N,VIIRS,n,2,279.47,0.72,N,0
40.48027,-121.41172,295.5,0.38,0.36,2021-08-23,1002,N,VIIRS,n,2,279.15,0.55,N,0
40.48071,-121.35075,325.68,0.38,0.36,2021-08-23,1002,N,VIIRS,n,2,281.43,6.68,N,0
40.48099,-121.4162,295.38,0.38,0.36,2021-08-23,1002,N,VIIRS,n,2,280.09,0.55,N,0
40.48143,-121.35522,318.97,0.38,0.36,2021-08-23,1002,N,VIIRS,n,2,280.29,2.25,N,0
40.48171,-121.4207,298.76,0.38,0.36,2021-08-23,1002,N,VIIRS,n,2,281.21,1.2,N,0
40.48243,-121.42519,318.35,0.38,0.36,2021-08-23,1002,N,VIIRS,n,2,284.8,1.2,N,0
40.48316,-121.42969,298.21,0.38,0.36,2021-08-23,1002,N,VIIRS,n,2,279.94,1.11,N,0
40.48355,-121.41084,300.05,0.38,0.36,2021-08-23,1002,N,VIIRS,n,2,282.9,1.25,N,0
40.48399,-121.34985,347.45,0.38,0.36,2021-08-23,1002,N,VIIRS,n,2,287.64,6.68,N,0
40.48437,-121.33099,319.03,0.38,0.36,2021-08-23,1002,N,VIIRS,n,2,279.17,2.53,N,0
40.48472,-121.35433,313.23,0.38,0.36,2021-08-23,1002,N,VIIRS,n,2,281.93,2.25,N,0
40.48499,-121.41981,303.51,0.38,0.36,2021-08-23,1002,N,VIIRS,n,2,282.65,3.02,N,0
40.48571,-121.42429,339.92,0.38,0.36,2021-08-23,1002,N,VIIRS,n,2,292.17,3.02,N,0
40.4861,-121.40546,309.8,0.38,0.36,2021-08-23,1002,N,VIIRS,n,2,284.05,2.38,N,0
40.48643,-121.42878,327.63,0.38,0.36,2021-08-23,1002,N,VIIRS,n,2,283.74,4.69,N,0
40.48682,-121.40994,308.41,0.38,0.36,2021-08-23,1002,N,VIIRS,n,2,283.17,1.25,N,0
40.48722,-121.39112,307.87,0.38,0.36,2021-08-23,1002,N,VIIRS,n,2,281.78,5.89,N,0
40.48755,-121.41443,306.18,0.38,0.36,2021-08-23,1002,N,VIIRS,n,2,281.42,1.25,N,0
40.48794,-121.39561,313.63,0.38,0.36,2021-08-23,1002,N,VIIRS,n,2,280.62,5.89,N,0
40.488,-121.35345,300.46,0.38,0.36,2021-08-23,1002,N,VIIRS,n,2,281.8,1.23,N,0
40.48826,-121.41891,304.72,0.38,0.36,2021-08-23,1002,N,VIIRS,n,2,280.85,3.02,N,0
40.48866,-121.40009,297.17,0.38,0.36,2021-08-23,1002,N,VIIRS,n,2,279.63,2.75,N,0
40.48899,-121.42339,342.1,0.38,0.36,2021-08-23,1002,N,VIIRS,n,2,290.89,3.02,N,0
40.48905,-121.38126,310.98,0.38,0.36,2021-08-23,1002,N,VIIRS,n,2,278.58,3.58,N,0
40.48938,-121.40456,309.58,0.38,0.36,2021-08-23,1002,N,VIIRS,n,2,283.05,2.75,N,0
40.48971,-121.42788,354.23,0.38,0.36,2021-08-23,1002,N,VIIRS,n,2,295.54,4.69,N,0
40.48977,-121.38574,345.11,0.38,0.36,2021-08-23,1002,N,VIIRS,n,2,288.31,3.58,N,0
40.4901,-121.40906,322.39,0.38,0.36,2021-08-23,1002,N,VIIRS,n,2,287.76,3.49,N,0
40.49043,-121.43237,304,0.38,0.36,2021-08-23,1002,N,VIIRS,n,2,278.9,4.69,N,0
40.49049,-121.39024,354.62,0.38,0.36,2021-08-23,1002,N,VIIRS,n,2,295,5.89,N,0
40.49082,-121.41354,326.35,0.38,0.36,2021-08-23,1002,N,VIIRS,n,2,288.68,3.49,N,0
40.49122,-121.39471,352.54,0.38,0.36,2021-08-23,1002,N,VIIRS,n,2,292.93,5.89,N,0
40.49154,-121.41802,341.75,0.38,0.36,2021-08-23,1002,N,VIIRS,n,2,290.48,10.13,N,0
40.49194,-121.39919,329.67,0.38,0.36,2021-08-23,1002,N,VIIRS,n,2,283.7,2.75,N,0
40.49208,-121.23055,299.12,0.39,0.36,2021-08-23,1002,N,VIIRS,n,2,278.28,0.65,N,0
40.49226,-121.4225,341.43,0.38,0.36,2021-08-23,1002,N,VIIRS,n,2,291.56,10.13,N,0
40.49266,-121.40369,342.07,0.38,0.36,2021-08-23,1002,N,VIIRS,n,2,288.1,2.75,N,0
40.49281,-121.23508,298.98,0.39,0.36,2021-08-23,1002,N,VIIRS,n,2,278.46,0.65,N,0
40.49298,-121.42698,341.91,0.38,0.36,2021-08-23,1002,N,VIIRS,n,2,288.34,5.26,N,0
40.49305,-121.38483,342.6,0.38,0.36,2021-08-23,1002,N,VIIRS,n,2,286.79,3.39,N,0
40.49338,-121.40817,334.27,0.38,0.36,2021-08-23,1002,N,VIIRS,n,2,288.9,3.49,N,0
40.49377,-121.38932,341.3,0.38,0.36,2021-08-23,1002,N,VIIRS,n,2,289.12,6.39,N,0
40.4941,-121.41264,336.91,0.38,0.36,2021-08-23,1002,N,VIIRS,n,2,290.59,3.49,N,0
40.49449,-121.39383,335.09,0.38,0.36,2021-08-23,1002,N,VIIRS,n,2,285.8,6.39,N,0
40.49463,-121.22512,313.46,0.39,0.36,2021-08-23,1002,N,VIIRS,n,2,279.51,1.03,N,0
40.49482,-121.41711,356.63,0.38,0.36,2021-08-23,1002,N,VIIRS,n,2,302.1,10.13,N,0
40.49522,-121.39831,310,0.38,0.36,2021-08-23,1002,N,VIIRS,n,2,280.51,9.35,N,0
40.49554,-121.42159,355.79,0.38,0.36,2021-08-23,1002,N,VIIRS,n,2,297.9,10.13,N,0
40.49594,-121.4028,367,0.38,0.36,2021-08-23,1002,N,VIIRS,h,2,300.65,9.35,N,0
40.49609,-121.23416,306.09,0.39,0.36,2021-08-23,1002,N,VIIRS,n,2,280.7,1.01,N,0
40.49625,-121.42608,337.24,0.38,0.36,2021-08-23,1002,N,VIIRS,n,2,283.06,5.26,N,0
40.49633,-121.38393,309.48,0.38,0.36,2021-08-23,1002,N,VIIRS,n,2,281.02,3.39,N,0
40.49666,-121.40728,367,0.38,0.36,2021-08-23,1002,N,VIIRS,h,2,297.23,16.1,N,0
40.49717,-121.2197,301.66,0.39,0.36,2021-08-23,1002,N,VIIRS,n,2,279,1.03,N,0
40.49738,-121.41175,367,0.38,0.36,2021-08-23,1002,N,VIIRS,h,2,297.58,16.1,N,0
40.49747,-121.32734,315.67,0.38,0.36,2021-08-23,1002,N,VIIRS,n,2,279.18,1.14,N,0
40.49789,-121.22421,305.86,0.39,0.36,2021-08-23,1002,N,VIIRS,n,2,278.59,1.03,N,0
40.49809,-121.41623,353.65,0.38,0.36,2021-08-23,1002,N,VIIRS,n,2,298.13,16.95,N,0
40.49815,-121.37405,301.86,0.38,0.36,2021-08-23,1002,N,VIIRS,n,2,278.29,1.08,N,0
40.49819,-121.33185,298.69,0.38,0.36,2021-08-23,1002,N,VIIRS,n,2,277.83,0.66,N,0
40.49881,-121.4207,351.57,0.38,0.36,2021-08-23,1002,N,VIIRS,n,2,297.67,16.95,N,0
40.49887,-121.37854,331.9,0.38,0.36,2021-08-23,1002,N,VIIRS,n,2,281.36,3.04,N,0
40.49921,-121.40192,351.44,0.38,0.36,2021-08-23,1002,N,VIIRS,n,2,294.29,9.35,N,0
40.49936,-121.23324,298.37,0.39,0.36,2021-08-23,1002,N,VIIRS,n,2,280.54,1.01,N,0
40.49953,-121.42516,313.09,0.38,0.36,2021-08-23,1002,N,VIIRS,n,2,281.19,7.49,N,0
40.4996,-121.38303,295.37,0.38,0.36,2021-08-23,1002,N,VIIRS,n,2,278.93,3.04,N,0
40.49994,-121.40639,367,0.38,0.36,2021-08-23,1002,N,VIIRS,h,2,299.28,16.1,N,0
40.50066,-121.41087,367,0.38,0.36,2021-08-23,1002,N,VIIRS,h,2,295.23,16.1,N,0
40.50074,-121.32642,303.12,0.38,0.36,2021-08-23,1002,N,VIIRS,n,2,278.75,1.14,N,0
40.50117,-121.22329,303.37,0.39,0.36,2021-08-23,1002,N,VIIRS,n,2,279.81,1.06,N,0
40.50138,-121.41534,356.7,0.38,0.36,2021-08-23,1002,N,VIIRS,n,2,302.16,16.95,N,0
40.50142,-121.37312,313.25,0.38,0.36,2021-08-23,1002,N,VIIRS,n,2,285.6,1.08,N,0
40.50209,-121.41981,346.18,0.38,0.36,2021-08-23,1002,N,VIIRS,n,2,303.63,16.95,N,0
40.50215,-121.37764,339.59,0.38,0.36,2021-08-23,1002,N,VIIRS,n,2,284.04,3.04,N,0
40.50253,-121.35877,307.82,0.38,0.36,2021-08-23,1002,N,VIIRS,n,2,276.77,1.07,N,0
40.50321,-121.4055,323.79,0.38,0.36,2021-08-23,1002,N,VIIRS,n,2,281.88,2.95,N,0
40.50336,-121.2368,306.44,0.39,0.36,2021-08-23,1002,N,VIIRS,n,2,280.8,0.79,N,0
40.50401,-121.3255,310.16,0.38,0.36,2021-08-23,1002,N,VIIRS,n,2,276.7,0.64,N,0
40.50465,-121.41445,350.13,0.38,0.36,2021-08-23,1002,N,VIIRS,n,2,288.74,4.5,N,0
40.50504,-121.39563,295.55,0.38,0.36,2021-08-23,1002,N,VIIRS,n,2,278.17,0.87,N,0
40.50699,-121.25923,296.57,0.39,0.36,2021-08-23,1002,N,VIIRS,n,2,278.42,1.23,N,0
40.50733,-121.28248,318.62,0.39,0.36,2021-08-23,1002,N,VIIRS,n,2,280.32,2.26,N,0
40.50793,-121.41357,295.6,0.38,0.36,2021-08-23,1002,N,VIIRS,n,2,280.01,4.5,N,0
40.50845,-121.22594,300.03,0.39,0.36,2021-08-23,1002,N,VIIRS,n,2,278.69,0.45,N,0
40.51172,-121.22502,296.17,0.39,0.36,2021-08-23,1002,N,VIIRS,n,2,277.88,0.45,N,0
40.51209,-121.24843,301.25,0.39,0.36,2021-08-23,1002,N,VIIRS,n,2,279.52,1.03,N,0
40.51427,-121.21961,299.39,0.39,0.36,2021-08-23,1002,N,VIIRS,n,2,276.88,0.64,N,0
40.51464,-121.243,308.35,0.39,0.36,2021-08-23,1002,N,VIIRS,n,2,280.36,1.03,N,0
40.51537,-121.2475,303.43,0.39,0.36,2021-08-23,1002,N,VIIRS,n,2,280.1,1.03,N,0
40.51609,-121.2097,299.15,0.39,0.36,2021-08-23,1002,N,VIIRS,n,2,277.39,0.63,N,0
40.51682,-121.2142,298.2,0.39,0.36,2021-08-23,1002,N,VIIRS,n,2,277.7,0.64,N,0
40.51755,-121.21869,296.42,0.39,0.36,2021-08-23,1002,N,VIIRS,n,2,277.03,0.64,N,0
40.51937,-121.20879,314.95,0.39,0.36,2021-08-23,1002,N,VIIRS,n,2,280.1,2.05,N,0
40.52009,-121.21328,304.84,0.39,0.36,2021-08-23,1002,N,VIIRS,n,2,278.23,1.19,N,0
40.52481,-121.26359,324.43,0.39,0.36,2021-08-23,1002,N,VIIRS,n,2,280.21,2.48,N,0
40.52554,-121.26807,313.55,0.39,0.36,2021-08-23,1002,N,VIIRS,n,2,278.93,1.94,N,0
40.52805,-121.30473,312.67,0.38,0.36,2021-08-23,1002,N,VIIRS,n,2,279.46,2.17,N,3
40.52809,-121.26266,336.75,0.39,0.36,2021-08-23,1002,N,VIIRS,n,2,283.76,3.94,N,0
40.52881,-121.26715,328.18,0.39,0.36,2021-08-23,1002,N,VIIRS,n,2,283.39,5.54,N,0
40.52987,-121.29485,295.91,0.39,0.36,2021-08-23,1002,N,VIIRS,n,2,278.4,1.2,N,0
40.53059,-121.29935,317.84,0.38,0.36,2021-08-23,1002,N,VIIRS,n,2,278.04,1.2,N,3
40.53132,-121.30383,328.04,0.38,0.36,2021-08-23,1002,N,VIIRS,n,2,281.99,2.17,N,3
40.53315,-121.29395,332.94,0.39,0.36,2021-08-23,1002,N,VIIRS,n,2,283.02,7.35,N,0
40.53319,-121.25187,305.53,0.39,0.36,2021-08-23,1002,N,VIIRS,n,2,278.69,6.18,N,0
40.53387,-121.29844,340.6,0.38,0.36,2021-08-23,1002,N,VIIRS,n,2,284.39,7.35,N,0
40.53391,-121.25635,295.48,0.39,0.36,2021-08-23,1002,N,VIIRS,n,2,278.39,2.49,N,0
40.53643,-121.29303,344.1,0.39,0.36,2021-08-23,1002,N,VIIRS,n,2,288.07,7.35,N,0
40.53646,-121.25095,367,0.39,0.36,2021-08-23,1002,N,VIIRS,h,2,293.84,6.18,N,0
40.53714,-121.29753,327.21,0.38,0.36,2021-08-23,1002,N,VIIRS,n,2,280.01,7.35,N,0
40.53719,-121.25543,321.96,0.39,0.36,2021-08-23,1002,N,VIIRS,n,2,284.8,2.49,N,0
40.53897,-121.28764,328.47,0.39,0.36,2021-08-23,1002,N,VIIRS,n,2,283.34,2.8,N,0
40.5397,-121.29211,352.39,0.39,0.36,2021-08-23,1002,N,VIIRS,n,2,293.01,13.41,N,0
40.53973,-121.25005,309.04,0.39,0.36,2021-08-23,1002,N,VIIRS,n,2,282.69,1.1,N,0
40.54046,-121.25452,303.59,0.39,0.36,2021-08-23,1002,N,VIIRS,n,2,282.24,1.1,N,0
40.54153,-121.28223,296.64,0.39,0.36,2021-08-23,1002,N,VIIRS,n,2,277.71,2.8,N,0
40.54225,-121.28673,338.54,0.39,0.36,2021-08-23,1002,N,VIIRS,n,2,284.97,2.8,N,0
40.54298,-121.29122,344.7,0.39,0.36,2021-08-23,1002,N,VIIRS,n,2,285.92,13.41,N,0
40.54301,-121.24914,306.97,0.39,0.36,2021-08-23,1002,N,VIIRS,n,2,278.45,1.1,N,0
40.5448,-121.28133,338.12,0.39,0.36,2021-08-23,1002,N,VIIRS,n,2,284.05,6.53,N,0
40.54552,-121.28581,354.37,0.39,0.36,2021-08-23,1002,N,VIIRS,n,2,291.57,6.53,N,0
40.54808,-121.28043,317.99,0.39,0.36,2021-08-23,1002,N,VIIRS,n,2,283.05,6.53,N,0
40.54881,-121.2849,348.96,0.39,0.36,2021-08-23,1002,N,VIIRS,n,2,290.9,6.53,N,0
40.55069,-121.25894,317.63,0.39,0.36,2021-08-23,1002,N,VIIRS,n,2,280.81,2.17,N,0
40.55102,-121.2822,330.67,0.39,0.36,2021-08-23,1002,N,VIIRS,n,2,286.81,2.34,N,0
40.55141,-121.26343,319.86,0.39,0.36,2021-08-23,1002,N,VIIRS,n,2,280.33,2.07,N,0
40.55173,-121.28669,320.21,0.38,0.36,2021-08-23,1002,N,VIIRS,n,2,282.13,2.34,N,3
40.55214,-121.26792,315.12,0.39,0.36,2021-08-23,1002,N,VIIRS,n,2,279.62,2.07,N,0
40.55286,-121.2724,345.27,0.39,0.36,2021-08-23,1002,N,VIIRS,n,2,283.2,3.91,N,0
40.55323,-121.25353,305.06,0.39,0.36,2021-08-23,1002,N,VIIRS,n,2,279.87,0.71,N,0
40.55358,-121.27686,300.14,0.39,0.36,2021-08-23,1002,N,VIIRS,n,2,282.25,3.91,N,0
40.55396,-121.25803,299.41,0.39,0.36,2021-08-23,1002,N,VIIRS,n,2,279.38,0.71,N,0
40.55396,-121.21579,309.57,0.39,0.36,2021-08-23,1002,N,VIIRS,n,2,276.77,1.39,N,0
40.55429,-121.28132,301.37,0.39,0.36,2021-08-23,1002,N,VIIRS,n,2,284.45,2.34,N,0
40.55468,-121.26252,342.35,0.39,0.36,2021-08-23,1002,N,VIIRS,n,2,285.32,4.77,N,0
40.55501,-121.28577,328.87,0.38,0.36,2021-08-23,1002,N,VIIRS,n,2,287.77,2.34,N,0
40.55541,-121.26699,337.76,0.39,0.36,2021-08-23,1002,N,VIIRS,n,2,283.79,4.77,N,0
40.55578,-121.24814,310.52,0.39,0.36,2021-08-23,1002,N,VIIRS,n,2,280.79,1.98,N,0
40.55613,-121.27148,330.85,0.39,0.36,2021-08-23,1002,N,VIIRS,n,2,286.61,12.59,N,0
40.55686,-121.27596,352.4,0.39,0.36,2021-08-23,1002,N,VIIRS,n,2,303.16,12.59,N,0
40.55724,-121.21489,299.68,0.39,0.36,2021-08-23,1002,N,VIIRS,n,2,279.36,1.39,N,0
40.55758,-121.28042,327.99,0.39,0.36,2021-08-23,1002,N,VIIRS,n,2,288.22,22.34,N,0
40.55761,-121.23827,309.8,0.39,0.36,2021-08-23,1002,N,VIIRS,n,2,279.85,3.46,N,0
40.55796,-121.21937,321.39,0.39,0.36,2021-08-23,1002,N,VIIRS,n,2,275.43,1.39,N,0
40.55829,-121.28487,317.56,0.38,0.36,2021-08-23,1002,N,VIIRS,n,2,287.28,22.34,N,0
40.55941,-121.27055,338.29,0.39,0.36,2021-08-23,1002,N,VIIRS,n,2,285.84,12.59,N,0
40.55943,-121.22842,306.59,0.39,0.36,2021-08-23,1002,N,VIIRS,n,2,280.06,1.07,N,0
40.56013,-121.27503,351.82,0.39,0.36,2021-08-23,1002,N,VIIRS,n,2,296.07,12.59,N,0
40.56016,-121.23289,342.79,0.39,0.36,2021-08-23,1002,N,VIIRS,n,2,283.57,3.46,N,0
40.56085,-121.27952,340.1,0.39,0.36,2021-08-23,1002,N,VIIRS,n,2,293.04,22.34,N,0
40.56089,-121.23737,323.91,0.39,0.36,2021-08-23,1002,N,VIIRS,n,2,282.87,3.46,N,0
40.56229,-121.28844,318.16,0.38,0.36,2021-08-23,1002,N,VIIRS,n,2,285.64,7.22,N,3
40.56268,-121.26964,314.72,0.39,0.36,2021-08-23,1002,N,VIIRS,n,2,281.47,8.12,N,0
40.56271,-121.22751,335.64,0.39,0.36,2021-08-23,1002,N,VIIRS,n,2,284.47,2.34,N,0
40.56305,-121.25078,305.93,0.39,0.36,2021-08-23,1002,N,VIIRS,n,2,278.51,0.74,N,0
40.5634,-121.27412,353.58,0.39,0.36,2021-08-23,1002,N,VIIRS,n,2,294.32,8.12,N,0
40.56344,-121.23199,346.71,0.39,0.36,2021-08-23,1002,N,VIIRS,n,2,286.96,10.53,N,0
40.56413,-121.2786,355.16,0.39,0.36,2021-08-23,1002,N,VIIRS,n,2,302.14,14.46,N,0
40.56446,-121.3019,342.97,0.38,0.36,2021-08-23,1002,N,VIIRS,n,2,283.89,5.49,N,0
40.56485,-121.28307,338.79,0.38,0.36,2021-08-23,1002,N,VIIRS,n,2,287.1,14.46,N,0
40.56519,-121.30641,305.19,0.38,0.36,2021-08-23,1002,N,VIIRS,n,2,280.43,1.76,N,0
40.56596,-121.26874,296.15,0.39,0.36,2021-08-23,1002,N,VIIRS,n,2,280.73,8.12,N,0
40.56598,-121.22657,300.31,0.39,0.36,2021-08-23,1002,N,VIIRS,n,2,281.38,2.34,N,0
40.56633,-121.24987,320.74,0.39,0.36,2021-08-23,1002,N,VIIRS,n,2,281.72,1.12,N,0
40.56668,-121.27321,352.08,0.39,0.36,2021-08-23,1002,N,VIIRS,n,2,302.15,8.12,N,0
40.56671,-121.23106,349.37,0.39,0.36,2021-08-23,1002,N,VIIRS,n,2,291.72,10.53,N,0
40.5674,-121.27767,332.16,0.39,0.36,2021-08-23,1002,N,VIIRS,n,2,286.6,14.46,N,0
40.56744,-121.23554,331.85,0.39,0.36,2021-08-23,1002,N,VIIRS,n,2,283.64,10.53,N,0
40.56775,-121.301,355.88,0.38,0.36,2021-08-23,1002,N,VIIRS,n,2,300.97,13.88,N,0
40.56847,-121.3055,344.25,0.38,0.36,2021-08-23,1002,N,VIIRS,n,2,291.99,16.47,N,0
40.56925,-121.22564,339.75,0.39,0.36,2021-08-23,1002,N,VIIRS,n,2,281.65,3.15,N,0
40.5696,-121.24895,300.24,0.39,0.36,2021-08-23,1002,N,VIIRS,n,2,281.2,1.12,N,0
40.56998,-121.23012,332.44,0.39,0.36,2021-08-23,1002,N,VIIRS,n,2,282.56,9.93,N,0
40.57033,-121.25343,301.35,0.39,0.36,2021-08-23,1002,N,VIIRS,n,2,278.6,1.12,N,0
40.57071,-121.23463,345.69,0.39,0.36,2021-08-23,1002,N,VIIRS,n,2,285.83,9.93,N,0
40.57102,-121.3001,297.31,0.38,0.36,2021-08-23,1002,N,VIIRS,n,2,281.11,13.88,N,0
40.57105,-121.2579,324.1,0.39,0.36,2021-08-23,1002,N,VIIRS,n,2,281.15,3.2,N,0
40.57174,-121.3046,343.62,0.38,0.36,2021-08-23,1002,N,VIIRS,n,2,298.78,16.47,N,0
40.57215,-121.24356,295.53,0.39,0.36,2021-08-23,1002,N,VIIRS,n,2,279.71,6.68,N,0
40.5725,-121.26689,323.21,0.39,0.36,2021-08-23,1002,N,VIIRS,n,2,280.93,3.25,N,0
40.57252,-121.22471,296.55,0.39,0.36,2021-08-23,1002,N,VIIRS,n,2,277.6,3.15,N,0
40.57288,-121.24803,299.76,0.39,0.36,2021-08-23,1002,N,VIIRS,n,2,280.89,1.82,N,0
40.57325,-121.22919,352.6,0.39,0.36,2021-08-23,1002,N,VIIRS,n,2,287.62,9.93,N,0
40.5736,-121.25251,333.51,0.39,0.36,2021-08-23,1002,N,VIIRS,n,2,284.5,1.82,N,0
40.57398,-121.23369,367,0.39,0.36,2021-08-23,1002,N,VIIRS,h,2,288.66,9.93,N,0
40.57433,-121.25699,327.78,0.39,0.36,2021-08-23,1002,N,VIIRS,n,2,283.66,3.78,N,0
40.5747,-121.23817,356.92,0.39,0.36,2021-08-23,1002,N,VIIRS,n,2,293.28,6.68,N,0
40.57502,-121.30368,345.73,0.38,0.36,2021-08-23,1002,N,VIIRS,n,2,293.02,10.82,N,0
40.57505,-121.26148,340.36,0.39,0.36,2021-08-23,1002,N,VIIRS,n,2,285,3.78,N,0
40.57542,-121.24263,345.42,0.39,0.36,2021-08-23,1002,N,VIIRS,n,2,287.95,6.68,N,0
40.57575,-121.3082,318.58,0.38,0.36,2021-08-23,1002,N,VIIRS,n,2,281.53,10.82,N,0
40.57578,-121.26597,351.78,0.39,0.36,2021-08-23,1002,N,VIIRS,n,2,287,6.7,N,0
40.57653,-121.22826,295.5,0.39,0.36,2021-08-23,1002,N,VIIRS,n,2,281.28,7.89,N,0
40.57725,-121.23276,352.82,0.39,0.36,2021-08-23,1002,N,VIIRS,n,2,293.26,7.89,N,0
40.57757,-121.29826,327.57,0.38,0.36,2021-08-23,1002,N,VIIRS,n,2,283.64,3.88,N,0
40.57798,-121.23724,347.11,0.39,0.36,2021-08-23,1002,N,VIIRS,n,2,287.05,4.69,N,0
40.57829,-121.30276,367,0.38,0.36,2021-08-23,1002,N,VIIRS,h,2,295.39,10.82,N,0
40.5787,-121.24171,326.44,0.39,0.36,2021-08-23,1002,N,VIIRS,n,2,284.81,4.69,N,0
40.57903,-121.30727,327.91,0.38,0.36,2021-08-23,1002,N,VIIRS,n,2,285.7,10.82,N,0
40.58084,-121.29734,345.09,0.38,0.36,2021-08-23,1002,N,VIIRS,n,2,288.15,6.03,N,0
40.58121,-121.27847,306.18,0.38,0.36,2021-08-23,1002,N,VIIRS,n,2,280.65,1.11,N,0
40.58157,-121.30185,327.5,0.38,0.36,2021-08-23,1002,N,VIIRS,n,2,286.32,4.9,N,0
40.58194,-121.28296,317.54,0.38,0.36,2021-08-23,1002,N,VIIRS,n,2,281.89,2.69,N,0
40.58266,-121.28745,329.52,0.38,0.36,2021-08-23,1002,N,VIIRS,n,2,282.54,2.69,N,0
40.58339,-121.29192,337.77,0.38,0.36,2021-08-23,1002,N,VIIRS,n,2,284.71,6.03,N,0
40.58411,-121.29642,354.08,0.38,0.36,2021-08-23,1002,N,VIIRS,n,2,294.39,6.03,N,0
40.58449,-121.27755,338.44,0.38,0.36,2021-08-23,1002,N,VIIRS,n,2,291.91,5.2,N,0
40.58521,-121.28203,355.95,0.38,0.36,2021-08-23,1002,N,VIIRS,n,2,298.11,8.65,N,0
40.58594,-121.28652,350.55,0.38,0.36,2021-08-23,1002,N,VIIRS,n,2,296.56,8.65,N,0
40.58667,-121.29102,345.84,0.38,0.36,2021-08-23,1002,N,VIIRS,n,2,297.08,4.18,N,0
40.58739,-121.2955,316.69,0.38,0.36,2021-08-23,1002,N,VIIRS,n,2,285.85,4.18,N,0
40.03303,-120.77658,330.88,0.76,0.77,2021-08-23,1944,N,VIIRS,n,2,293.7,6.76,D,0
40.48776,-121.39176,336.65,0.79,0.78,2021-08-23,1944,N,VIIRS,n,2,298.14,21.7,D,0
40.48987,-121.40399,335.73,0.79,0.78,2021-08-23,1944,N,VIIRS,n,2,297.87,17.35,D,0
40.49014,-121.4266,336.12,0.79,0.78,2021-08-23,1944,N,VIIRS,n,2,297.11,37.25,D,0
40.49154,-121.40405,346.34,0.79,0.78,2021-08-23,1944,N,VIIRS,n,2,299.03,21.7,D,0
40.49155,-121.42709,336.79,0.79,0.78,2021-08-23,1944,N,VIIRS,n,2,295.86,69.05,D,0
40.49315,-121.39445,367,0.79,0.78,2021-08-23,1944,N,VIIRS,h,2,299.36,33.04,D,0
40.49332,-121.41737,367,0.79,0.78,2021-08-23,1944,N,VIIRS,h,2,299.89,64.45,D,0
40.49477,-121.3948,367,0.79,0.78,2021-08-23,1944,N,VIIRS,h,2,296.84,21.7,D,0
40.49487,-121.41758,367,0.79,0.78,2021-08-23,1944,N,VIIRS,h,2,299.96,69.05,D,0
40.49515,-121.4399,331.36,0.79,0.78,2021-08-23,1944,N,VIIRS,n,2,289.62,30.12,D,0
40.49621,-121.38556,354.82,0.79,0.78,2021-08-23,1944,N,VIIRS,n,2,293.97,33.04,D,0
40.49663,-121.43119,351.15,0.79,0.78,2021-08-23,1944,N,VIIRS,n,2,294.26,37.25,D,0
40.4972,-121.40609,356.95,0.79,0.78,2021-08-23,1944,N,VIIRS,n,2,302.54,64.45,D,0
40.49789,-121.38588,344.37,0.79,0.78,2021-08-23,1944,N,VIIRS,n,2,292.43,26.68,D,0
40.49808,-121.4315,341.79,0.79,0.78,2021-08-23,1944,N,VIIRS,n,2,296.37,69.05,D,0
40.49883,-121.40627,367,0.79,0.78,2021-08-23,1944,N,VIIRS,h,2,303.03,40.09,D,0
40.49896,-121.37757,340.33,0.79,0.78,2021-08-23,1944,N,VIIRS,n,2,296.85,18.18,D,0
40.50021,-121.44422,330.43,0.79,0.78,2021-08-23,1944,N,VIIRS,n,2,289.34,27.67,D,0
40.50033,-121.42041,367,0.79,0.78,2021-08-23,1944,N,VIIRS,h,2,303.05,64.45,D,0
40.50034,-121.39693,356.48,0.79,0.78,2021-08-23,1944,N,VIIRS,n,2,293.09,42.51,D,0
40.50061,-121.37811,344.76,0.79,0.78,2021-08-23,1944,N,VIIRS,n,2,297.35,26.68,D,0
40.50196,-121.42041,367,0.79,0.78,2021-08-23,1944,N,VIIRS,h,2,299.66,69.05,D,0
40.50204,-121.39708,367,0.79,0.78,2021-08-23,1944,N,VIIRS,h,2,294.01,40.09,D,0
40.5032,-121.43549,356.8,0.79,0.78,2021-08-23,1944,N,VIIRS,n,2,290.02,27.67,D,0
40.50431,-121.4088,367,0.79,0.78,2021-08-23,1944,N,VIIRS,h,2,293.53,64.45,D,0
40.50464,-121.43584,343.99,0.79,0.78,2021-08-23,1944,N,VIIRS,n,2,289.46,13.99,D,0
40.50587,-121.40919,344.12,0.79,0.78,2021-08-23,1944,N,VIIRS,n,2,289.04,40.09,D,0
40.50711,-121.42413,367,0.79,0.78,2021-08-23,1944,N,VIIRS,h,2,290.29,60,D,0
40.50731,-121.40005,354.5,0.79,0.78,2021-08-23,1944,N,VIIRS,n,2,291.71,42.51,D,0
40.50864,-121.42442,337.6,0.79,0.78,2021-08-23,1944,N,VIIRS,n,2,287.75,13.99,D,0
40.50888,-121.40057,338.98,0.79,0.78,2021-08-23,1944,N,VIIRS,n,2,290.31,40.09,D,0
40.52903,-121.2667,367,0.78,0.78,2021-08-23,1944,N,VIIRS,h,2,298.65,33.93,D,0
40.534,-121.2989,344.12,0.78,0.78,2021-08-23,1944,N,VIIRS,n,2,296.22,10.45,D,0
40.53545,-121.24798,350.58,0.78,0.78,2021-08-23,1944,N,VIIRS,n,2,294.37,16.52,D,0
40.53599,-121.29983,343.58,0.78,0.78,2021-08-23,1944,N,VIIRS,n,2,297,22.64,D,0
40.53706,-121.28999,339.39,0.78,0.78,2021-08-23,1944,N,VIIRS,n,2,294.58,10.45,D,0
40.53751,-121.24944,367,0.77,0.78,2021-08-23,1944,N,VIIRS,h,2,293.56,22.08,D,0
40.539,-121.29118,355.95,0.78,0.78,2021-08-23,1944,N,VIIRS,n,2,296.7,20.91,D,0
40.54358,-121.29431,342.33,0.78,0.78,2021-08-23,1944,N,VIIRS,n,2,295.08,10.45,D,3
40.54662,-121.28545,343.18,0.78,0.78,2021-08-23,1944,N,VIIRS,n,2,294.95,12.41,D,0
40.54866,-121.28645,345.79,0.78,0.78,2021-08-23,1944,N,VIIRS,n,2,295.81,20.91,D,0
40.55134,-121.27158,336.89,0.78,0.78,2021-08-23,1944,N,VIIRS,n,2,293.48,12.41,D,0
40.55339,-121.27285,367,0.78,0.78,2021-08-23,1944,N,VIIRS,h,2,296.23,25.81,D,0
40.55747,-121.27707,356.51,0.78,0.78,2021-08-23,1944,N,VIIRS,n,2,294.76,17.98,D,0
40.55935,-121.27878,331.88,0.78,0.78,2021-08-23,1944,N,VIIRS,n,2,291.68,12.61,D,0
40.56039,-121.22968,337.77,0.77,0.77,2021-08-23,1944,N,VIIRS,n,2,292.08,16.66,D,0
40.56318,-121.28377,343.75,0.78,0.78,2021-08-23,1944,N,VIIRS,n,2,291.89,17.98,D,0
40.56455,-121.23291,333.93,0.77,0.78,2021-08-23,1944,N,VIIRS,n,2,290.97,14.7,D,0
40.56509,-121.28529,346.48,0.78,0.78,2021-08-23,1944,N,VIIRS,n,2,291.81,12.61,D,0
40.56636,-121.29786,343.6,0.78,0.78,2021-08-23,1944,N,VIIRS,n,2,291.6,11.41,D,0
40.56692,-121.27278,342.64,0.78,0.78,2021-08-23,1944,N,VIIRS,n,2,292.63,31.02,D,0
40.56849,-121.2986,347.15,0.78,0.78,2021-08-23,1944,N,VIIRS,n,2,291.69,12.91,D,0
40.56886,-121.27444,339.13,0.77,0.78,2021-08-23,1944,N,VIIRS,n,2,291.1,12.61,D,0
40.57053,-121.23877,331.12,0.77,0.78,2021-08-23,1944,N,VIIRS,n,2,291.17,13.76,D,0
40.57249,-121.2409,344.15,0.77,0.77,2021-08-23,1944,N,VIIRS,n,2,291.32,15.46,D,0
40.57307,-121.30164,335.17,0.78,0.78,2021-08-23,1944,N,VIIRS,n,2,290.78,11.41,D,0
40.57515,-121.30252,331.31,0.78,0.78,2021-08-23,1944,N,VIIRS,n,2,291.65,12.91,D,0
41.46381,-121.94452,332.95,0.78,0.78,2021-08-23,1945,N,VIIRS,n,2,294.6,13.93,D,0
40.02396,-120.78762,335.47,0.39,0.44,2021-08-23,2124,N,VIIRS,n,2,299.91,3.22,D,0
40.02457,-120.7812,341.97,0.39,0.44,2021-08-23,2124,N,VIIRS,n,2,300.41,3.22,D,0
40.03131,-120.79671,332.87,0.39,0.44,2021-08-23,2124,N,VIIRS,n,2,300.26,4.98,D,0
40.03202,-120.70212,367,0.4,0.44,2021-08-23,2124,N,VIIRS,h,2,343.41,155.67,D,0
40.03241,-120.69799,367,0.4,0.44,2021-08-23,2124,N,VIIRS,h,2,348.13,155.67,D,0
40.03281,-120.69377,367,0.4,0.44,2021-08-23,2124,N,VIIRS,l,2,362.89,97.47,D,0
40.03323,-120.68945,342.79,0.4,0.44,2021-08-23,2124,N,VIIRS,n,2,301.59,97.47,D,0
40.03333,-120.77547,344.48,0.39,0.44,2021-08-23,2124,N,VIIRS,n,2,300.75,5.55,D,0
40.03538,-120.71029,335.53,0.4,0.44,2021-08-23,2124,N,VIIRS,n,2,307.79,105.15,D,0
40.03576,-120.70638,367,0.4,0.44,2021-08-23,2124,N,VIIRS,h,2,329.56,105.15,D,0
40.03613,-120.70239,367,0.4,0.44,2021-08-23,2124,N,VIIRS,h,2,331.88,155.67,D,0
40.03651,-120.69833,367,0.4,0.44,2021-08-23,2124,N,VIIRS,l,2,328.83,155.67,D,0
40.03691,-120.69417,340.94,0.4,0.44,2021-08-23,2124,N,VIIRS,n,2,314.8,97.47,D,0
40.03732,-120.68984,343.78,0.4,0.44,2021-08-23,2124,N,VIIRS,n,2,296.06,97.47,D,0
40.03968,-120.79519,344.29,0.39,0.44,2021-08-23,2124,N,VIIRS,n,2,303.91,8.04,D,0
40.04425,-120.79044,348.25,0.39,0.44,2021-08-23,2124,N,VIIRS,n,2,303.2,8.04,D,0
40.0447,-120.78571,351.51,0.39,0.44,2021-08-23,2124,N,VIIRS,n,2,304.45,11.97,D,0
40.05014,-120.81464,367,0.39,0.44,2021-08-23,2124,N,VIIRS,h,2,313.66,15.1,D,0
40.05055,-120.81042,354.58,0.39,0.44,2021-08-23,2124,N,VIIRS,n,2,310.38,15.1,D,0
40.05095,-120.80634,332.37,0.39,0.44,2021-08-23,2124,N,VIIRS,l,2,305.39,8.93,D,0
40.05456,-120.81151,355.3,0.39,0.44,2021-08-23,2124,N,VIIRS,n,2,307.23,9.43,D,0
40.05493,-120.80766,347.39,0.39,0.44,2021-08-23,2124,N,VIIRS,n,2,306.95,12.8,D,0
40.05857,-120.81252,332.43,0.39,0.44,2021-08-23,2124,N,VIIRS,n,2,303.31,9.43,D,0
40.05893,-120.80879,367,0.39,0.44,2021-08-23,2124,N,VIIRS,h,2,308.82,12.8,D,0
40.05929,-120.80505,330.97,0.39,0.44,2021-08-23,2124,N,VIIRS,n,2,303.8,12.8,D,0
40.06294,-120.80983,367,0.39,0.44,2021-08-23,2124,N,VIIRS,h,2,308.56,53.23,D,0
40.0633,-120.80613,337.54,0.39,0.44,2021-08-23,2124,N,VIIRS,n,2,305.43,53.23,D,0
40.06731,-120.8071,367,0.39,0.44,2021-08-23,2124,N,VIIRS,l,2,344.17,53.23,D,0
40.06769,-120.80319,342.5,0.39,0.44,2021-08-23,2124,N,VIIRS,n,2,304.76,16.99,D,0
40.07135,-120.80784,350.21,0.39,0.44,2021-08-23,2124,N,VIIRS,n,2,303.42,41.36,D,0
40.07174,-120.80389,349.62,0.39,0.44,2021-08-23,2124,N,VIIRS,n,2,299.56,19.91,D,0
40.08453,-120.79934,367,0.39,0.44,2021-08-23,2124,N,VIIRS,h,2,306.2,12.55,D,0
40.08868,-120.79901,342.55,0.39,0.44,2021-08-23,2124,N,VIIRS,n,2,305.3,8.71,D,0
40.09281,-120.79884,342.59,0.39,0.44,2021-08-23,2124,N,VIIRS,n,2,307.54,8.71,D,0
40.11958,-120.73087,342.03,0.4,0.44,2021-08-23,2124,N,VIIRS,n,2,304.18,4.35,D,0
40.11993,-120.73261,345.98,0.4,0.44,2021-08-23,2124,N,VIIRS,n,2,302.52,4.11,D,0
40.12042,-120.72189,334.74,0.4,0.44,2021-08-23,2124,N,VIIRS,n,2,301.65,1.66,D,0
40.12172,-120.70797,344.56,0.4,0.44,2021-08-23,2124,N,VIIRS,n,2,302.53,13.31,D,0
40.12218,-120.70982,356.69,0.4,0.44,2021-08-23,2124,N,VIIRS,n,2,303.78,7.44,D,0
40.12264,-120.70514,335.55,0.4,0.44,2021-08-23,2124,N,VIIRS,n,2,301.71,7.44,D,0
40.12759,-120.69682,355.5,0.4,0.44,2021-08-23,2124,N,VIIRS,n,2,300.9,7.63,D,0
40.12797,-120.68511,346.28,0.4,0.44,2021-08-23,2124,N,VIIRS,n,2,301.44,4.84,D,0
40.12857,-120.68697,339.98,0.4,0.44,2021-08-23,2124,N,VIIRS,n,2,300.04,4.04,D,0
40.14955,-120.47249,335.75,0.41,0.45,2021-08-23,2124,N,VIIRS,n,2,304.76,1.68,D,0
40.15185,-120.47093,352.93,0.41,0.45,2021-08-23,2124,N,VIIRS,n,2,319.48,24.49,D,0
40.15409,-120.49212,338.64,0.41,0.45,2021-08-23,2124,N,VIIRS,n,2,308.94,4.29,D,0
40.15596,-120.47178,367,0.41,0.45,2021-08-23,2124,N,VIIRS,h,2,306.94,24.49,D,0
40.16347,-120.52634,337.3,0.4,0.45,2021-08-23,2124,N,VIIRS,n,2,308.95,4.82,D,0
40.16437,-120.51659,333.05,0.41,0.45,2021-08-23,2124,N,VIIRS,l,2,306.18,18.41,D,0
40.16481,-120.51186,355.73,0.41,0.45,2021-08-23,2124,N,VIIRS,n,2,322.38,37.78,D,0
40.16846,-120.51742,343.35,0.41,0.45,2021-08-23,2124,N,VIIRS,n,2,308.76,18.41,D,0
40.16889,-120.51283,350.21,0.41,0.45,2021-08-23,2124,N,VIIRS,n,2,309.8,37.78,D,0
40.16898,-120.73242,342.55,0.4,0.44,2021-08-23,2124,N,VIIRS,n,2,309.86,36.16,D,0
40.173,-120.51357,334.95,0.41,0.45,2021-08-23,2124,N,VIIRS,n,2,303.33,1.91,D,0
40.18034,-120.52435,339.48,0.41,0.45,2021-08-23,2124,N,VIIRS,n,2,303.63,3.61,D,0
40.2296,-120.53309,333.45,0.41,0.45,2021-08-23,2124,N,VIIRS,n,2,299.58,4.02,D,0
40.23975,-120.51441,331.7,0.41,0.45,2021-08-23,2124,N,VIIRS,n,2,303.01,1.97,D,0
40.243,-120.94012,345.59,0.39,0.44,2021-08-23,2124,N,VIIRS,n,2,312.51,12.97,D,0
40.31609,-121.44469,334.2,0.55,0.43,2021-08-23,2124,N,VIIRS,n,2,304.56,8.65,D,0
40.31673,-121.43836,337.97,0.55,0.43,2021-08-23,2124,N,VIIRS,n,2,304.45,8.65,D,0
40.318,-121.42582,332.37,0.55,0.43,2021-08-23,2124,N,VIIRS,l,2,305.16,6.41,D,0
40.31872,-121.45819,349.27,0.55,0.43,2021-08-23,2124,N,VIIRS,n,2,304.12,16.25,D,0
40.31937,-121.45186,367,0.55,0.43,2021-08-23,2124,N,VIIRS,h,2,309.79,16.25,D,0
40.31999,-121.44564,356.55,0.55,0.43,2021-08-23,2124,N,VIIRS,n,2,315.04,48.69,D,0
40.32062,-121.43951,339.7,0.55,0.43,2021-08-23,2124,N,VIIRS,n,2,308.21,48.69,D,0
40.32191,-121.42677,341.23,0.55,0.43,2021-08-23,2124,N,VIIRS,n,2,306.51,16.34,D,0
40.32257,-121.42023,348,0.55,0.43,2021-08-23,2124,N,VIIRS,n,2,306.98,19.71,D,0
40.32263,-121.45908,355.46,0.55,0.43,2021-08-23,2124,N,VIIRS,n,2,307.23,16.25,D,0
40.32326,-121.45284,343.99,0.55,0.43,2021-08-23,2124,N,VIIRS,n,2,308.31,16.25,D,0
40.32452,-121.44049,338.66,0.55,0.43,2021-08-23,2124,N,VIIRS,n,2,300.15,48.69,D,0
40.32584,-121.42744,347.92,0.55,0.43,2021-08-23,2124,N,VIIRS,n,2,302.93,16.34,D,0
40.3285,-121.40128,343.74,0.55,0.43,2021-08-23,2124,N,VIIRS,n,2,304.36,10.36,D,0
40.33176,-121.40861,345.57,0.55,0.43,2021-08-23,2124,N,VIIRS,n,2,304.25,23.52,D,0
40.33236,-121.44203,336.08,0.55,0.43,2021-08-23,2124,N,VIIRS,n,2,300.59,7.14,D,0
40.3324,-121.40234,367,0.55,0.43,2021-08-23,2124,N,VIIRS,h,2,311.29,23.52,D,0
40.33304,-121.396,336.45,0.56,0.43,2021-08-23,2124,N,VIIRS,n,2,302.55,8.42,D,0
40.3363,-121.40342,346.1,0.55,0.43,2021-08-23,2124,N,VIIRS,n,2,304.45,23.52,D,0
40.33957,-121.41059,334.29,0.55,0.43,2021-08-23,2124,N,VIIRS,l,2,306.07,53.28,D,0
40.34022,-121.40421,346.57,0.55,0.43,2021-08-23,2124,N,VIIRS,n,2,319.26,53.28,D,0
40.34088,-121.39777,336.61,0.56,0.43,2021-08-23,2124,N,VIIRS,n,2,298.57,9.21,D,0
40.34483,-121.39832,330.36,0.56,0.43,2021-08-23,2124,N,VIIRS,n,2,297.69,9.21,D,0
40.35406,-121.42549,343.09,0.55,0.43,2021-08-23,2124,N,VIIRS,n,2,307.19,28.34,D,0
40.37055,-121.1031,338.11,0.57,0.43,2021-08-23,2124,N,VIIRS,n,2,306.37,13.09,D,0
40.39816,-121.03047,355.92,0.39,0.44,2021-08-23,2124,N,VIIRS,n,2,310.03,15.21,D,0
40.42745,-121.11018,343.59,0.38,0.43,2021-08-23,2124,N,VIIRS,n,2,307.06,10.87,D,0
40.45653,-121.34727,339.03,0.56,0.43,2021-08-23,2124,N,VIIRS,n,2,300.61,5.27,D,0
40.46053,-121.34754,337.96,0.56,0.43,2021-08-23,2124,N,VIIRS,n,2,301.1,4.49,D,0
40.46676,-121.44347,346.69,0.55,0.43,2021-08-23,2124,N,VIIRS,n,2,306.42,15.22,D,0
40.47053,-121.32841,337.65,0.56,0.43,2021-08-23,2124,N,VIIRS,n,2,302.16,3.21,D,0
40.47315,-121.34218,340.56,0.56,0.43,2021-08-23,2124,N,VIIRS,n,2,298.97,12.13,D,0
40.47435,-121.08839,341.33,0.38,0.43,2021-08-23,2124,N,VIIRS,n,2,304.31,4.65,D,0
40.4745,-121.32894,339.54,0.56,0.43,2021-08-23,2124,N,VIIRS,n,2,302.29,3.21,D,0
40.47481,-121.08378,340.11,0.38,0.43,2021-08-23,2124,N,VIIRS,n,2,303.17,4.65,D,0
40.47515,-121.32253,333.02,0.56,0.43,2021-08-23,2124,N,VIIRS,n,2,299.41,5.97,D,0
40.47708,-121.34311,345.98,0.56,0.43,2021-08-23,2124,N,VIIRS,n,2,305.91,22.25,D,0
40.47846,-121.32964,333.58,0.56,0.43,2021-08-23,2124,N,VIIRS,n,2,301.99,13.89,D,0
40.47857,-121.35123,349.2,0.56,0.43,2021-08-23,2124,N,VIIRS,n,2,308.64,31.53,D,0
40.4792,-121.3447,342.04,0.56,0.43,2021-08-23,2124,N,VIIRS,n,2,311.98,96.88,D,0
40.48034,-121.35051,353.58,0.56,0.43,2021-08-23,2124,N,VIIRS,n,2,308.41,22.25,D,0
40.48101,-121.34399,345.75,0.56,0.43,2021-08-23,2124,N,VIIRS,n,2,304.02,22.25,D,0
40.48116,-121.32442,344.4,0.56,0.43,2021-08-23,2124,N,VIIRS,n,2,302.59,24.89,D,0
40.4824,-121.33043,337.8,0.56,0.43,2021-08-23,2124,N,VIIRS,n,2,305.45,13.89,D,0
40.4825,-121.35212,346.53,0.56,0.43,2021-08-23,2124,N,VIIRS,n,2,312.07,31.53,D,0
40.4831,-121.32364,339.85,0.56,0.43,2021-08-23,2124,N,VIIRS,n,2,304.44,30.65,D,0
40.4833,-121.42617,344.17,0.56,0.43,2021-08-23,2124,N,VIIRS,n,2,307.51,14.74,D,0
40.48427,-121.35139,346.74,0.56,0.43,2021-08-23,2124,N,VIIRS,n,2,311.32,80.33,D,0
40.48469,-121.42515,344.31,0.56,0.43,2021-08-23,2124,N,VIIRS,n,2,307.35,6.82,D,0
40.48512,-121.32511,339.6,0.56,0.43,2021-08-23,2124,N,VIIRS,n,2,301.02,24.89,D,0
40.48717,-121.3867,347.7,0.56,0.43,2021-08-23,2124,N,VIIRS,n,2,311.72,15,D,0
40.48808,-121.39245,355.65,0.56,0.43,2021-08-23,2124,N,VIIRS,n,2,313.65,63.66,D,0
40.48863,-121.42583,345.34,0.56,0.43,2021-08-23,2124,N,VIIRS,n,2,308.55,6.82,D,0
40.48876,-121.38586,367,0.56,0.43,2021-08-23,2124,N,VIIRS,h,2,316.32,63.66,D,0
40.48918,-121.40714,346.73,0.56,0.43,2021-08-23,2124,N,VIIRS,n,2,316.71,17.18,D,0
40.48932,-121.41914,347.39,0.56,0.43,2021-08-23,2124,N,VIIRS,n,2,313.81,17.62,D,0
40.49045,-121.39414,355.47,0.56,0.43,2021-08-23,2124,N,VIIRS,n,2,319.63,103.52,D,0
40.49065,-121.40633,344.12,0.56,0.43,2021-08-23,2124,N,VIIRS,l,2,317.06,13.11,D,0
40.4911,-121.38751,367,0.56,0.43,2021-08-23,2124,N,VIIRS,l,2,335.77,178.08,D,0
40.49118,-121.42746,349.79,0.56,0.43,2021-08-23,2124,N,VIIRS,n,2,309.46,35.87,D,0
40.49133,-121.39985,355.85,0.56,0.43,2021-08-23,2124,N,VIIRS,n,2,312.61,13.11,D,0
40.49184,-121.42083,354.43,0.56,0.43,2021-08-23,2124,N,VIIRS,n,2,314.11,35.87,D,0
40.49201,-121.39325,347.97,0.56,0.43,2021-08-23,2124,N,VIIRS,n,2,322.48,63.66,D,0
40.49247,-121.41444,350.41,0.56,0.43,2021-08-23,2124,N,VIIRS,l,2,322.26,17.18,D,0
40.4927,-121.38661,367,0.56,0.43,2021-08-23,2124,N,VIIRS,h,2,347.02,63.66,D,0
40.49309,-121.40809,350.35,0.56,0.43,2021-08-23,2124,N,VIIRS,n,2,317.36,17.18,D,0
40.49373,-121.40163,367,0.56,0.43,2021-08-23,2124,N,VIIRS,l,2,326.58,103.52,D,0
40.49394,-121.23386,344.89,0.57,0.43,2021-08-23,2124,N,VIIRS,n,2,299.24,8.68,D,0
40.49464,-121.22647,339.16,0.57,0.43,2021-08-23,2124,N,VIIRS,n,2,300.06,10.32,D,0
40.49504,-121.38828,367,0.56,0.43,2021-08-23,2124,N,VIIRS,h,2,371.92,178.08,D,0
40.4957,-121.38156,348.34,0.56,0.43,2021-08-23,2124,N,VIIRS,n,2,306.78,178.08,D,0
40.49577,-121.42155,350.02,0.56,0.43,2021-08-23,2124,N,VIIRS,l,2,326.57,117.5,D,0
40.49639,-121.4153,355.28,0.56,0.43,2021-08-23,2124,N,VIIRS,n,2,320.19,86.17,D,0
40.49701,-121.40903,354.43,0.56,0.43,2021-08-23,2124,N,VIIRS,n,2,317.2,86.17,D,0
40.49765,-121.40256,367,0.56,0.43,2021-08-23,2124,N,VIIRS,l,2,335.42,181.53,D,0
40.49897,-121.38917,367,0.56,0.43,2021-08-23,2124,N,VIIRS,h,2,360.4,287.31,D,0
40.49907,-121.42872,367,0.56,0.43,2021-08-23,2124,N,VIIRS,h,2,344.11,117.5,D,0
40.4997,-121.4224,352.43,0.56,0.43,2021-08-23,2124,N,VIIRS,l,2,335.3,117.5,D,0
40.50031,-121.41621,356.4,0.56,0.43,2021-08-23,2124,N,VIIRS,n,2,315.43,86.17,D,0
40.50033,-121.37531,347.59,0.56,0.43,2021-08-23,2124,N,VIIRS,n,2,300.82,42.51,D,0
40.50093,-121.40993,367,0.56,0.43,2021-08-23,2124,N,VIIRS,l,2,366.3,86.17,D,0
40.50158,-121.40343,367,0.56,0.43,2021-08-23,2124,N,VIIRS,h,2,377.43,181.53,D,0
40.50224,-121.39672,347.62,0.56,0.43,2021-08-23,2124,N,VIIRS,n,2,302.01,181.53,D,0
40.5029,-121.39008,344.79,0.56,0.43,2021-08-23,2124,N,VIIRS,n,2,299.26,287.31,D,0
40.50301,-121.42945,367,0.56,0.43,2021-08-23,2124,N,VIIRS,h,2,341.66,219.22,D,0
40.50358,-121.38313,352.19,0.56,0.43,2021-08-23,2124,N,VIIRS,n,2,297.46,287.31,D,0
40.50362,-121.42328,367,0.56,0.43,2021-08-23,2124,N,VIIRS,h,2,354.5,219.22,D,0
40.50364,-121.28061,335.38,0.56,0.43,2021-08-23,2124,N,VIIRS,n,2,303.26,3.27,D,0
40.50396,-121.25571,333.45,0.57,0.43,2021-08-23,2124,N,VIIRS,n,2,298.6,5.66,D,0
40.50424,-121.41708,367,0.56,0.43,2021-08-23,2124,N,VIIRS,l,2,335.31,125.23,D,0
40.50487,-121.41075,367,0.56,0.43,2021-08-23,2124,N,VIIRS,l,2,331.21,125.23,D,0
40.50546,-121.28181,341.65,0.56,0.43,2021-08-23,2124,N,VIIRS,n,2,302.95,6.14,D,0
40.50551,-121.4042,367,0.56,0.43,2021-08-23,2124,N,VIIRS,l,2,381.91,0,D,0
40.50617,-121.39751,367,0.56,0.43,2021-08-23,2124,N,VIIRS,l,2,365.35,0,D,0
40.50756,-121.424,367,0.56,0.43,2021-08-23,2124,N,VIIRS,h,2,355.32,219.22,D,0
40.50818,-121.41779,367,0.56,0.43,2021-08-23,2124,N,VIIRS,l,2,336.82,125.23,D,0
40.50881,-121.41144,345.48,0.56,0.43,2021-08-23,2124,N,VIIRS,n,2,295.8,125.23,D,0
40.51012,-121.39814,347.22,0.56,0.43,2021-08-23,2124,N,VIIRS,n,2,302.81,0,D,0
40.51078,-121.39149,353.38,0.56,0.43,2021-08-23,2124,N,VIIRS,n,2,299.67,198.25,D,0
40.51525,-121.22254,333.33,0.57,0.43,2021-08-23,2124,N,VIIRS,n,2,298.77,2.76,D,0
40.51658,-121.20881,339.18,0.57,0.43,2021-08-23,2124,N,VIIRS,n,2,301.34,7.52,D,0
40.52057,-121.20947,339.12,0.57,0.43,2021-08-23,2124,N,VIIRS,n,2,299.25,7.52,D,0
40.52391,-121.25815,347.51,0.57,0.43,2021-08-23,2124,N,VIIRS,n,2,303.18,15.14,D,0
40.52749,-121.30389,334.38,0.56,0.43,2021-08-23,2124,N,VIIRS,n,2,301.73,2.95,D,3
40.52792,-121.25854,336.22,0.57,0.43,2021-08-23,2124,N,VIIRS,n,2,300.63,20.92,D,0
40.53127,-121.26561,340.71,0.57,0.43,2021-08-23,2124,N,VIIRS,n,2,300.17,78.63,D,0
40.53145,-121.30463,335.51,0.56,0.43,2021-08-23,2124,N,VIIRS,n,2,301.17,8.61,D,3
40.53191,-121.25903,346.91,0.57,0.43,2021-08-23,2124,N,VIIRS,n,2,298.94,20.92,D,0
40.53255,-121.25249,340.98,0.57,0.43,2021-08-23,2124,N,VIIRS,n,2,300.12,20.92,D,0
40.53654,-121.25308,339.1,0.57,0.43,2021-08-23,2124,N,VIIRS,n,2,309.01,81.64,D,0
40.53675,-121.29189,347.26,0.56,0.43,2021-08-23,2124,N,VIIRS,n,2,313.01,142.98,D,0
40.54073,-121.29251,367,0.56,0.43,2021-08-23,2124,N,VIIRS,h,2,348.24,336.07,D,0
40.54115,-121.24725,367,0.57,0.43,2021-08-23,2124,N,VIIRS,h,2,330.97,233.8,D,0
40.54138,-121.28587,345.99,0.56,0.43,2021-08-23,2124,N,VIIRS,n,2,302.66,95.66,D,0
40.54178,-121.24093,367,0.57,0.43,2021-08-23,2124,N,VIIRS,l,2,326.99,233.8,D,0
40.54514,-121.24785,342.82,0.57,0.43,2021-08-23,2124,N,VIIRS,n,2,296.68,10.1,D,0
40.54536,-121.28647,367,0.56,0.43,2021-08-23,2124,N,VIIRS,h,2,341.67,95.66,D,0
40.54601,-121.28001,337.47,0.57,0.43,2021-08-23,2124,N,VIIRS,n,2,297.45,95.66,D,0
40.54934,-121.28711,339.62,0.56,0.43,2021-08-23,2124,N,VIIRS,n,2,300.43,88.05,D,0
40.55117,-121.26862,352.47,0.57,0.43,2021-08-23,2124,N,VIIRS,n,2,301.87,41.64,D,0
40.55183,-121.26196,348.38,0.57,0.43,2021-08-23,2124,N,VIIRS,n,2,307.6,46.12,D,0
40.55452,-121.27558,338.57,0.57,0.43,2021-08-23,2124,N,VIIRS,n,2,302.69,41.64,D,0
40.55516,-121.26915,348.16,0.57,0.43,2021-08-23,2124,N,VIIRS,n,2,312.29,41.64,D,0
40.55582,-121.2625,342.35,0.57,0.43,2021-08-23,2124,N,VIIRS,n,2,299.26,46.12,D,0
40.55841,-121.2364,348.9,0.57,0.43,2021-08-23,2124,N,VIIRS,n,2,299.63,16.45,D,0
40.55851,-121.27613,347.79,0.57,0.43,2021-08-23,2124,N,VIIRS,n,2,298.36,29.1,D,0
40.55906,-121.22991,350.94,0.57,0.43,2021-08-23,2124,N,VIIRS,n,2,299.54,16.45,D,0
40.55915,-121.26965,346.56,0.57,0.43,2021-08-23,2124,N,VIIRS,n,2,307.59,29.1,D,0
40.56113,-121.24976,344.44,0.57,0.43,2021-08-23,2124,N,VIIRS,n,2,299,9.37,D,0
40.56189,-121.28278,353.68,0.57,0.43,2021-08-23,2124,N,VIIRS,n,2,314.36,58.67,D,0
40.56303,-121.23067,342,0.57,0.43,2021-08-23,2124,N,VIIRS,n,2,295.05,12.55,D,0
40.56315,-121.27014,354.71,0.57,0.43,2021-08-23,2124,N,VIIRS,n,2,297.39,29.1,D,0
40.56381,-121.2635,339.79,0.57,0.43,2021-08-23,2124,N,VIIRS,n,2,296.22,10.81,D,0
40.56458,-121.29626,336.84,0.56,0.43,2021-08-23,2124,N,VIIRS,n,2,295.28,37.5,D,0
40.56513,-121.25024,349.1,0.57,0.43,2021-08-23,2124,N,VIIRS,n,2,297.31,9.37,D,0
40.56587,-121.28329,346.84,0.57,0.43,2021-08-23,2124,N,VIIRS,n,2,313.11,102.3,D,0
40.56638,-121.23766,346.35,0.57,0.43,2021-08-23,2124,N,VIIRS,n,2,302.24,12.55,D,0
40.56651,-121.277,353.43,0.57,0.43,2021-08-23,2124,N,VIIRS,n,2,327.25,73.99,D,0
40.56704,-121.23109,345.87,0.57,0.43,2021-08-23,2124,N,VIIRS,n,2,295.65,12.55,D,0
40.56714,-121.27062,351.72,0.57,0.43,2021-08-23,2124,N,VIIRS,n,2,315.44,73.99,D,0
40.5678,-121.264,336.21,0.57,0.43,2021-08-23,2124,N,VIIRS,n,2,294.7,15.31,D,0
40.56786,-121.30379,339.88,0.56,0.43,2021-08-23,2124,N,VIIRS,n,2,305.54,37.5,D,0
40.56847,-121.25732,341.49,0.57,0.43,2021-08-23,2124,N,VIIRS,n,2,297.5,15.31,D,0
40.56854,-121.297,340.73,0.56,0.43,2021-08-23,2124,N,VIIRS,n,2,306.72,37.5,D,0
40.57039,-121.23813,348.2,0.57,0.43,2021-08-23,2124,N,VIIRS,n,2,305.24,86.78,D,0
40.57051,-121.2774,341.12,0.57,0.43,2021-08-23,2124,N,VIIRS,n,2,312.17,73.99,D,0
40.57106,-121.23138,345.47,0.57,0.43,2021-08-23,2124,N,VIIRS,n,2,297.26,86.78,D,0
40.57114,-121.27106,354.46,0.57,0.43,2021-08-23,2124,N,VIIRS,n,2,300,73.99,D,0
40.5718,-121.26449,353.58,0.57,0.43,2021-08-23,2124,N,VIIRS,n,2,297.76,15.31,D,0
40.57182,-121.30451,339.94,0.56,0.43,2021-08-23,2124,N,VIIRS,n,2,298.42,14.29,D,0
40.57247,-121.25782,349.74,0.57,0.43,2021-08-23,2124,N,VIIRS,n,2,296.13,15.31,D,0
40.57313,-121.2512,351.39,0.57,0.43,2021-08-23,2124,N,VIIRS,n,2,299.39,21.96,D,0
40.57378,-121.24468,339.24,0.57,0.43,2021-08-23,2124,N,VIIRS,n,2,297.94,21.96,D,0
40.57441,-121.23844,367,0.57,0.43,2021-08-23,2124,N,VIIRS,h,2,338.91,86.78,D,0
40.57451,-121.27777,349.56,0.57,0.43,2021-08-23,2124,N,VIIRS,n,2,296.02,12.31,D,0
40.57507,-121.23174,338.78,0.57,0.43,2021-08-23,2124,N,VIIRS,n,2,294.37,86.78,D,0
40.57579,-121.30517,346.22,0.56,0.43,2021-08-23,2124,N,VIIRS,n,2,297.47,14.29,D,0
40.5758,-121.26492,335.93,0.57,0.43,2021-08-23,2124,N,VIIRS,n,2,291.89,7.99,D,0
40.5765,-121.29812,337.91,0.56,0.43,2021-08-23,2124,N,VIIRS,n,2,295.7,14.29,D,0
40.57843,-121.2387,343.45,0.57,0.43,2021-08-23,2124,N,VIIRS,n,2,294.47,9.26,D,0
40.57851,-121.27812,337.44,0.57,0.43,2021-08-23,2124,N,VIIRS,n,2,292.77,12.31,D,0
40.58049,-121.29868,346.57,0.56,0.43,2021-08-23,2124,N,VIIRS,n,2,296.88,9.02,D,0
40.58118,-121.29186,345.72,0.56,0.43,2021-08-23,2124,N,VIIRS,n,2,296.93,10.95,D,0
40.58185,-121.2852,356.28,0.57,0.43,2021-08-23,2124,N,VIIRS,n,2,297.63,10.95,D,0
40.58252,-121.27857,337.7,0.57,0.43,2021-08-23,2124,N,VIIRS,n,2,295.37,8.92,D,0
40.58517,-121.29238,345.71,0.56,0.43,2021-08-23,2124,N,VIIRS,n,2,296.21,10.95,D,0
41.42938,-121.88982,347.3,0.54,0.42,2021-08-23,2125,N,VIIRS,n,2,306.51,8.2,D,0
41.43328,-121.89053,341.54,0.54,0.42,2021-08-23,2125,N,VIIRS,n,2,303.7,7.77,D,0
41.43393,-121.88407,330.9,0.54,0.42,2021-08-23,2125,N,VIIRS,l,2,302.81,5.41,D,0
41.43783,-121.88477,335.25,0.54,0.42,2021-08-23,2125,N,VIIRS,n,2,303.79,5.41,D,0
41.44741,-121.90766,333.8,0.54,0.42,2021-08-23,2125,N,VIIRS,n,2,300.64,10.7,D,0
41.45019,-121.88038,338.65,0.54,0.42,2021-08-23,2125,N,VIIRS,n,2,300.65,7.87,D,0
41.4534,-121.88783,349.5,0.54,0.42,2021-08-23,2125,N,VIIRS,n,2,308.24,7.87,D,0
41.45408,-121.88113,346.78,0.54,0.42,2021-08-23,2125,N,VIIRS,n,2,302.47,7.87,D,0
41.45448,-121.91606,337.98,0.54,0.42,2021-08-23,2125,N,VIIRS,n,2,303.75,4.44,D,0
41.45729,-121.88859,345.89,0.54,0.42,2021-08-23,2125,N,VIIRS,n,2,302.32,15.15,D,0
41.45798,-121.88187,351.78,0.54,0.42,2021-08-23,2125,N,VIIRS,n,2,306.58,15.15,D,0
41.45839,-121.9166,337.19,0.54,0.42,2021-08-23,2125,N,VIIRS,n,2,298.47,4.44,D,0
41.45865,-121.87523,331.72,0.54,0.42,2021-08-23,2125,N,VIIRS,l,2,302.51,4.63,D,0
41.45945,-121.94478,341.14,0.54,0.42,2021-08-23,2125,N,VIIRS,n,2,302.7,8.09,D,0
41.46018,-121.9377,342.87,0.54,0.42,2021-08-23,2125,N,VIIRS,n,2,298.17,8.09,D,0
41.46187,-121.88264,353.88,0.54,0.42,2021-08-23,2125,N,VIIRS,n,2,309.39,15.15,D,0
41.46255,-121.87598,339.55,0.54,0.42,2021-08-23,2125,N,VIIRS,n,2,302.02,4.63,D,0
41.46333,-121.94551,341.91,0.54,0.42,2021-08-23,2125,N,VIIRS,n,2,300.78,8.09,D,0
41.46407,-121.93844,337.09,0.54,0.42,2021-08-23,2125,N,VIIRS,n,2,299.22,8.09,D,0
41.46505,-121.89031,331.21,0.54,0.42,2021-08-23,2125,N,VIIRS,l,2,305.45,6.11,D,0
41.46546,-121.92494,335.98,0.54,0.42,2021-08-23,2125,N,VIIRS,n,2,301.48,14.61,D,0
41.46643,-121.8769,355.28,0.54,0.42,2021-08-23,2125,N,VIIRS,n,2,308.77,19.3,D,0
41.46712,-121.8702,337.71,0.54,0.42,2021-08-23,2125,N,VIIRS,n,2,305.96,19.3,D,0
41.46714,-121.94698,343.43,0.54,0.42,2021-08-23,2125,N,VIIRS,n,2,304.61,6.64,D,0
41.46786,-121.93998,337.25,0.54,0.42,2021-08-23,2125,N,VIIRS,l,2,308.05,6.64,D,0
41.47972,-121.90192,338.02,0.54,0.42,2021-08-23,2125,N,VIIRS,n,2,301.08,4.99,D,0
41.48044,-121.89503,349.78,0.54,0.42,2021-08-23,2125,N,VIIRS,n,2,309.28,10.27,D,0
41.48186,-121.88132,331.19,0.54,0.42,2021-08-23,2125,N,VIIRS,n,2,301.16,4.62,D,0
41.48261,-121.87405,342.36,0.54,0.42,2021-08-23,2125,N,VIIRS,n,2,303.03,4.62,D,0
41.48336,-121.98498,331.48,0.54,0.42,2021-08-23,2125,N,VIIRS,n,2,297.85,2.99,D,0
41.48506,-121.88879,336.25,0.54,0.42,2021-08-23,2125,N,VIIRS,n,2,300.34,10.27,D,0
41.48577,-121.88183,336.05,0.54,0.42,2021-08-23,2125,N,VIIRS,n,2,301.23,4.62,D,0
41.4865,-121.87483,339.69,0.54,0.42,2021-08-23,2125,N,VIIRS,n,2,299.48,4.62,D,0
41.48827,-121.89608,330.23,0.54,0.42,2021-08-23,2125,N,VIIRS,n,2,293.83,5.14,D,0
41.48832,-122.00932,347.36,0.54,0.42,2021-08-23,2125,N,VIIRS,n,2,303.64,18.84,D,0
41.48871,-122.01048,342.16,0.54,0.42,2021-08-23,2125,N,VIIRS,n,2,302.66,16.49,D,0
41.48898,-121.88929,343.61,0.54,0.42,2021-08-23,2125,N,VIIRS,n,2,300.89,5.14,D,0
41.48969,-121.8824,336.38,0.54,0.42,2021-08-23,2125,N,VIIRS,n,2,298.62,5.66,D,0
41.4904,-121.8756,333.04,0.54,0.42,2021-08-23,2125,N,VIIRS,n,2,299.62,5.66,D,0
41.49216,-122.0104,354.9,0.54,0.42,2021-08-23,2125,N,VIIRS,n,2,302.62,13.92,D,0
41.49255,-122.01162,355.43,0.54,0.42,2021-08-23,2125,N,VIIRS,n,2,302.8,16.49,D,0
41.49466,-121.91072,334.97,0.54,0.42,2021-08-23,2125,N,VIIRS,n,2,297.37,6.72,D,0
41.4948,-121.90965,342.59,0.54,0.42,2021-08-23,2125,N,VIIRS,n,2,297.14,14.46,D,0
41.49699,-122.00666,331.3,0.54,0.42,2021-08-23,2125,N,VIIRS,n,2,299.46,3.7,D,0
41.49856,-121.91132,354.96,0.54,0.42,2021-08-23,2125,N,VIIRS,n,2,304.41,17.65,D,0
41.49871,-121.91024,351.51,0.54,0.42,2021-08-23,2125,N,VIIRS,n,2,302.08,14.46,D,0
41.50246,-121.91205,335.16,0.54,0.42,2021-08-23,2125,N,VIIRS,n,2,297.76,17.65,D,0
41.57414,-121.79214,339.78,0.55,0.43,2021-08-23,2125,N,VIIRS,n,2,298.57,4.66,D,0
41.57803,-121.79312,330.73,0.55,0.43,2021-08-23,2125,N,VIIRS,n,2,297.68,4.66,D,0
41.57873,-121.78622,351.11,0.55,0.43,2021-08-23,2125,N,VIIRS,n,2,300.61,13.23,D,0
39.62077,-119.2606,302.81,0.4,0.37,2021-08-24,943,N,VIIRS,n,2,287.25,1.51,N,2
40.02304,-120.7888,300.02,0.44,0.39,2021-08-24,943,N,VIIRS,n,2,285.05,1.72,N,0
40.02546,-120.77919,326.71,0.44,0.39,2021-08-24,943,N,VIIRS,n,2,287.34,2.24,N,0
40.02603,-120.78368,302.77,0.44,0.39,2021-08-24,943,N,VIIRS,n,2,286.5,2.24,N,0
40.02682,-120.70419,342.84,0.44,0.38,2021-08-24,943,N,VIIRS,n,2,289.66,29.58,N,0
40.02792,-120.79868,304.87,0.44,0.39,2021-08-24,943,N,VIIRS,n,2,284.83,0.94,N,0
40.02845,-120.77409,302.79,0.44,0.39,2021-08-24,943,N,VIIRS,n,2,285.58,2.85,N,0
40.02903,-120.77867,316.24,0.44,0.39,2021-08-24,943,N,VIIRS,n,2,288.12,1.52,N,0
40.02963,-120.69779,367,0.44,0.38,2021-08-24,943,N,VIIRS,h,2,294.92,13.57,N,0
40.03034,-120.70332,351.71,0.44,0.38,2021-08-24,943,N,VIIRS,n,2,311.06,29.58,N,0
40.03088,-120.79338,303,0.44,0.39,2021-08-24,943,N,VIIRS,n,2,286.87,1.21,N,0
40.03108,-120.70911,329.81,0.44,0.38,2021-08-24,943,N,VIIRS,n,2,290.95,29.58,N,0
40.03156,-120.79877,301.48,0.44,0.39,2021-08-24,943,N,VIIRS,n,2,286.32,0.95,N,0
40.03202,-120.77361,335.72,0.44,0.39,2021-08-24,943,N,VIIRS,n,2,288.76,2.85,N,0
40.03246,-120.6916,345.24,0.44,0.38,2021-08-24,943,N,VIIRS,n,2,289.85,4.36,N,0
40.03316,-120.69704,332.25,0.44,0.38,2021-08-24,943,N,VIIRS,n,2,291.3,4.36,N,0
40.0332,-120.78294,298.01,0.44,0.39,2021-08-24,943,N,VIIRS,n,2,285.57,1.52,N,0
40.03388,-120.70265,321.35,0.44,0.38,2021-08-24,943,N,VIIRS,n,2,288.41,1.45,N,0
40.03462,-120.70842,311.88,0.44,0.38,2021-08-24,943,N,VIIRS,n,2,286.64,1.45,N,0
40.03495,-120.76804,328.27,0.44,0.39,2021-08-24,943,N,VIIRS,n,2,284.65,3.47,N,0
40.03521,-120.79881,302.22,0.44,0.39,2021-08-24,943,N,VIIRS,n,2,287.25,0.95,N,0
40.03559,-120.77304,335.46,0.44,0.39,2021-08-24,943,N,VIIRS,n,2,289.61,3.47,N,0
40.03599,-120.69085,331.5,0.44,0.38,2021-08-24,943,N,VIIRS,n,2,291.86,4.36,N,0
40.03619,-120.77781,305.08,0.44,0.39,2021-08-24,943,N,VIIRS,n,2,286.98,1.33,N,0
40.0367,-120.69638,310.74,0.44,0.38,2021-08-24,943,N,VIIRS,n,2,287.2,4.36,N,0
40.03743,-120.70205,305.73,0.44,0.38,2021-08-24,943,N,VIIRS,n,2,286.71,1.45,N,0
40.03816,-120.70777,297.59,0.44,0.38,2021-08-24,943,N,VIIRS,n,2,285.86,1.45,N,0
40.03831,-120.689,303.52,0.44,0.38,2021-08-24,943,N,VIIRS,n,2,285.69,0.69,N,0
40.03851,-120.76742,331.63,0.44,0.39,2021-08-24,943,N,VIIRS,n,2,287.62,3.47,N,0
40.03914,-120.77245,305.07,0.44,0.39,2021-08-24,943,N,VIIRS,n,2,286.63,3.47,N,0
40.03977,-120.7774,312.32,0.44,0.39,2021-08-24,943,N,VIIRS,n,2,288.26,1.33,N,0
40.0404,-120.78237,306.69,0.44,0.39,2021-08-24,943,N,VIIRS,n,2,286.8,1.33,N,0
40.04174,-120.79292,305.23,0.44,0.39,2021-08-24,943,N,VIIRS,n,2,287.5,1.2,N,0
40.04204,-120.76661,296.58,0.44,0.39,2021-08-24,943,N,VIIRS,n,2,281.45,0.94,N,0
40.04335,-120.77692,304.7,0.44,0.39,2021-08-24,943,N,VIIRS,n,2,286.6,1.73,N,0
40.044,-120.78209,308.24,0.44,0.39,2021-08-24,943,N,VIIRS,n,2,287.21,1.73,N,0
40.04532,-120.79251,342.02,0.44,0.39,2021-08-24,943,N,VIIRS,n,2,293.93,8.34,N,0
40.0469,-120.77627,315.26,0.44,0.39,2021-08-24,943,N,VIIRS,n,2,285.94,1.73,N,0
40.04756,-120.78147,326.79,0.44,0.39,2021-08-24,943,N,VIIRS,n,2,289.45,1.73,N,0
40.04885,-120.79161,331.18,0.44,0.39,2021-08-24,943,N,VIIRS,n,2,289.23,8.34,N,0
40.04945,-120.77964,326.59,0.44,0.39,2021-08-24,943,N,VIIRS,n,2,287.18,2.36,N,0
40.05109,-120.78061,296.29,0.44,0.39,2021-08-24,943,N,VIIRS,n,2,285.1,0.73,N,0
40.0515,-120.81249,298.67,0.45,0.39,2021-08-24,943,N,VIIRS,n,2,287.09,0.96,N,0
40.0522,-120.81799,300.8,0.45,0.39,2021-08-24,943,N,VIIRS,n,2,285.04,0.45,N,0
40.05394,-120.81613,322.89,0.45,0.39,2021-08-24,943,N,VIIRS,n,2,287.11,1.84,N,0
40.055,-120.81142,315.65,0.45,0.39,2021-08-24,943,N,VIIRS,n,2,288.51,1.67,N,0
40.05573,-120.81714,310.48,0.45,0.39,2021-08-24,943,N,VIIRS,n,2,285.11,1,N,0
40.05675,-120.80926,304.31,0.45,0.39,2021-08-24,943,N,VIIRS,n,2,287.7,1.84,N,0
40.05745,-120.81509,312.83,0.45,0.39,2021-08-24,943,N,VIIRS,n,2,286.95,1.84,N,0
40.05848,-120.81021,314.32,0.45,0.39,2021-08-24,943,N,VIIRS,n,2,288.08,1.67,N,0
40.05923,-120.81607,296.55,0.45,0.39,2021-08-24,943,N,VIIRS,n,2,286.13,1,N,0
40.06096,-120.81397,313.7,0.45,0.39,2021-08-24,943,N,VIIRS,n,2,287.07,2.61,N,0
40.06446,-120.8128,323,0.45,0.39,2021-08-24,943,N,VIIRS,n,2,288.3,2.61,N,0
40.06796,-120.81164,324.08,0.45,0.39,2021-08-24,943,N,VIIRS,n,2,288.67,2.46,N,0
40.06869,-120.81764,312.15,0.45,0.39,2021-08-24,943,N,VIIRS,n,2,286.79,2.52,N,0
40.07075,-120.80471,296.76,0.45,0.39,2021-08-24,943,N,VIIRS,n,2,286.28,2.46,N,0
40.07148,-120.81064,336.16,0.45,0.39,2021-08-24,943,N,VIIRS,n,2,291.75,2.46,N,0
40.07221,-120.81665,301.56,0.45,0.39,2021-08-24,943,N,VIIRS,n,2,286.08,2.52,N,0
40.07432,-120.80414,321.35,0.45,0.39,2021-08-24,943,N,VIIRS,n,2,290.82,7.51,N,0
40.07503,-120.81,347.72,0.45,0.39,2021-08-24,943,N,VIIRS,n,2,295.06,7.51,N,0
40.07719,-120.798,328.33,0.45,0.39,2021-08-24,943,N,VIIRS,n,2,288.18,3.09,N,0
40.07787,-121.081,299.56,0.46,0.39,2021-08-24,943,N,VIIRS,n,2,282.46,0.71,N,0
40.07789,-120.8037,354.78,0.45,0.39,2021-08-24,943,N,VIIRS,n,2,297.09,7.51,N,0
40.0786,-120.80946,335.81,0.45,0.39,2021-08-24,943,N,VIIRS,n,2,290.52,7.51,N,0
40.08078,-120.79762,345.33,0.45,0.39,2021-08-24,943,N,VIIRS,n,2,296.25,5.45,N,0
40.08147,-120.80323,344.47,0.45,0.39,2021-08-24,943,N,VIIRS,n,2,295.37,8.75,N,0
40.08438,-120.79742,316.66,0.45,0.39,2021-08-24,943,N,VIIRS,n,2,287.46,5.45,N,0
40.08505,-120.80281,336.74,0.45,0.39,2021-08-24,943,N,VIIRS,n,2,289.61,8.75,N,0
40.08864,-120.80247,345.95,0.45,0.39,2021-08-24,943,N,VIIRS,n,2,292.84,11.09,N,0
40.09224,-120.80219,344.14,0.45,0.39,2021-08-24,943,N,VIIRS,n,2,292.32,11.09,N,0
40.09428,-121.12413,301.3,0.46,0.39,2021-08-24,943,N,VIIRS,n,2,284.62,0.42,N,0
40.09583,-120.8018,302.84,0.45,0.39,2021-08-24,943,N,VIIRS,n,2,285.17,0.77,N,0
40.11661,-120.73556,299.72,0.44,0.39,2021-08-24,943,N,VIIRS,n,2,281.6,0.86,N,0
40.11816,-120.71907,296.62,0.44,0.39,2021-08-24,943,N,VIIRS,n,2,282.72,0.93,N,0
40.12166,-120.71806,304.33,0.44,0.39,2021-08-24,943,N,VIIRS,n,2,282.64,1.21,N,0
40.12451,-120.71194,318.27,0.44,0.39,2021-08-24,943,N,VIIRS,n,2,285.85,2.84,N,0
40.12608,-120.69572,295.81,0.44,0.39,2021-08-24,943,N,VIIRS,n,2,282.28,0.62,N,0
40.128,-120.71091,302.72,0.44,0.39,2021-08-24,943,N,VIIRS,n,2,282.4,0.97,N,0
40.12831,-120.68478,298.15,0.44,0.39,2021-08-24,943,N,VIIRS,n,2,277.85,0.69,N,0
40.13022,-120.69982,295.27,0.44,0.39,2021-08-24,943,N,VIIRS,n,2,281.97,0.62,N,0
40.13186,-120.68414,296.45,0.44,0.39,2021-08-24,943,N,VIIRS,n,2,281.53,0.72,N,0
40.13499,-120.70882,301.74,0.44,0.39,2021-08-24,943,N,VIIRS,n,2,282.86,1.16,N,0
40.13786,-120.70293,302.22,0.44,0.39,2021-08-24,943,N,VIIRS,n,2,283.25,1.16,N,0
40.14016,-120.69247,301.97,0.44,0.39,2021-08-24,943,N,VIIRS,n,2,282.8,0.96,N,0
40.16791,-120.51619,318.58,0.44,0.38,2021-08-24,943,N,VIIRS,n,2,278.08,1.51,N,0
40.1696,-120.73151,302.6,0.44,0.39,2021-08-24,943,N,VIIRS,n,2,278.33,1.58,N,0
40.17024,-120.73671,315.5,0.44,0.39,2021-08-24,943,N,VIIRS,n,2,279.23,1.58,N,0
40.1714,-120.51533,295.75,0.44,0.38,2021-08-24,943,N,VIIRS,n,2,278.63,1.51,N,0
40.17491,-120.51455,305.54,0.44,0.38,2021-08-24,943,N,VIIRS,n,2,280.86,1.23,N,0
40.17897,-120.71938,295.87,0.44,0.39,2021-08-24,943,N,VIIRS,n,2,280.75,1.34,N,0
40.18317,-120.72404,309.48,0.44,0.39,2021-08-24,943,N,VIIRS,n,2,281.58,1.34,N,0
40.18609,-120.71835,308.98,0.44,0.39,2021-08-24,943,N,VIIRS,n,2,280.38,2.66,N,0
40.23852,-120.93546,306.66,0.45,0.39,2021-08-24,943,N,VIIRS,n,2,279.32,1.99,N,0
40.30208,-120.8467,297.69,0.45,0.39,2021-08-24,943,N,VIIRS,n,2,281.96,0.78,N,0
40.30562,-120.84586,299.62,0.45,0.39,2021-08-24,943,N,VIIRS,n,2,282.86,0.78,N,0
40.30917,-120.84508,295.55,0.45,0.39,2021-08-24,943,N,VIIRS,n,2,281.87,1.07,N,0
40.31428,-121.43745,305.97,0.47,0.4,2021-08-24,943,N,VIIRS,n,2,280.22,1.12,N,0
40.31495,-121.443,308.91,0.47,0.4,2021-08-24,943,N,VIIRS,n,2,280.01,1.75,N,0
40.31566,-120.83856,298.11,0.45,0.39,2021-08-24,943,N,VIIRS,n,2,282.72,0.69,N,0
40.31855,-121.44196,336.08,0.47,0.4,2021-08-24,943,N,VIIRS,n,2,286.22,3.64,N,0
40.31924,-121.44765,325.9,0.47,0.4,2021-08-24,943,N,VIIRS,n,2,281.76,3.64,N,0
40.31992,-121.45336,326.31,0.47,0.4,2021-08-24,943,N,VIIRS,n,2,282.34,2.97,N,0
40.32059,-121.45903,301.74,0.47,0.4,2021-08-24,943,N,VIIRS,n,2,278.4,2.97,N,0
40.32284,-121.44661,319.44,0.47,0.4,2021-08-24,943,N,VIIRS,n,2,285.97,3.64,N,0
40.32378,-121.42332,297.36,0.47,0.4,2021-08-24,943,N,VIIRS,n,2,280.26,1.04,N,0
40.32906,-121.4052,297.47,0.47,0.4,2021-08-24,943,N,VIIRS,n,2,279.6,1.88,N,0
40.33266,-121.40418,319.92,0.47,0.4,2021-08-24,943,N,VIIRS,n,2,285.21,1.88,N,0
40.33306,-121.43845,296.45,0.47,0.4,2021-08-24,943,N,VIIRS,n,2,281.98,0.92,N,0
40.33372,-121.44398,297.64,0.47,0.4,2021-08-24,943,N,VIIRS,n,2,282.52,0.92,N,0
40.33738,-121.44333,304.74,0.47,0.4,2021-08-24,943,N,VIIRS,n,2,282.01,0.92,N,0
40.33883,-121.40078,300.39,0.47,0.4,2021-08-24,943,N,VIIRS,n,2,282.81,1.19,N,0
40.33949,-121.40642,314.55,0.47,0.4,2021-08-24,943,N,VIIRS,n,2,285.01,1.55,N,0
40.33988,-121.40227,318.66,0.47,0.4,2021-08-24,943,N,VIIRS,n,2,284.24,2.81,N,0
40.34015,-121.41209,299.93,0.47,0.4,2021-08-24,943,N,VIIRS,n,2,282.91,1.55,N,0
40.34056,-121.4079,321.68,0.47,0.4,2021-08-24,943,N,VIIRS,n,2,287.03,2.81,N,0
40.34247,-121.40002,309.3,0.47,0.4,2021-08-24,943,N,VIIRS,n,2,284.1,1.19,N,0
40.34313,-121.40565,305.36,0.47,0.4,2021-08-24,943,N,VIIRS,n,2,284.3,1.55,N,0
40.34352,-121.40153,295.25,0.47,0.4,2021-08-24,943,N,VIIRS,n,2,282.75,0.93,N,0
40.34529,-120.87155,295.11,0.45,0.39,2021-08-24,943,N,VIIRS,n,2,283.36,0.8,N,0
40.34597,-120.87704,305.92,0.45,0.39,2021-08-24,943,N,VIIRS,n,2,283.53,0.8,N,0
40.34612,-121.3994,298.8,0.47,0.4,2021-08-24,943,N,VIIRS,n,2,281.2,1.99,N,0
40.34642,-121.43403,299.33,0.47,0.4,2021-08-24,943,N,VIIRS,n,2,278.45,0.61,N,0
40.34696,-121.42995,299.48,0.47,0.4,2021-08-24,943,N,VIIRS,n,2,279.92,1.18,N,0
40.34718,-121.40094,297.64,0.47,0.4,2021-08-24,943,N,VIIRS,n,2,281.44,0.93,N,0
40.34787,-121.38253,296.91,0.47,0.4,2021-08-24,943,N,VIIRS,n,2,279.83,0.66,N,0
40.34942,-121.42777,312.47,0.47,0.4,2021-08-24,943,N,VIIRS,n,2,279.2,1.56,N,0
40.35061,-121.42924,313.27,0.47,0.4,2021-08-24,943,N,VIIRS,n,2,276.66,1.18,N,0
40.35071,-121.43887,295.59,0.47,0.4,2021-08-24,943,N,VIIRS,n,2,281.68,1.59,N,0
40.35195,-121.44028,299.55,0.47,0.4,2021-08-24,943,N,VIIRS,n,2,280.73,0.91,N,0
40.35242,-121.42149,295.69,0.47,0.4,2021-08-24,943,N,VIIRS,n,2,277.91,1.1,N,0
40.35987,-121.35799,296.84,0.47,0.4,2021-08-24,943,N,VIIRS,n,2,279.17,0.71,N,0
40.36252,-121.07133,304.63,0.46,0.39,2021-08-24,943,N,VIIRS,n,2,283.43,1.22,N,0
40.36423,-121.11568,300.15,0.46,0.39,2021-08-24,943,N,VIIRS,n,2,277.8,1.88,N,0
40.36554,-121.12646,298.35,0.46,0.39,2021-08-24,943,N,VIIRS,n,2,278.18,1.29,N,0
40.36569,-121.40745,296.74,0.47,0.4,2021-08-24,943,N,VIIRS,n,2,278.89,1.04,N,0
40.37435,-121.10792,312.61,0.46,0.39,2021-08-24,943,N,VIIRS,n,2,280.31,2.35,N,0
40.40617,-121.40292,310.33,0.47,0.4,2021-08-24,943,N,VIIRS,n,2,284.69,2.33,N,0
40.42063,-121.12439,305.95,0.46,0.39,2021-08-24,943,N,VIIRS,n,2,282.08,1.99,N,0
40.42112,-121.12306,308.84,0.46,0.39,2021-08-24,943,N,VIIRS,n,2,282.27,2.2,N,0
40.427,-121.11048,333.81,0.46,0.39,2021-08-24,943,N,VIIRS,n,2,284.42,3.59,N,0
40.43061,-121.10987,314.54,0.46,0.39,2021-08-24,943,N,VIIRS,n,2,281.33,3.59,N,0
40.4357,-121.30931,300.85,0.47,0.4,2021-08-24,943,N,VIIRS,n,2,279.56,1.18,N,0
40.43598,-121.31032,302.58,0.47,0.4,2021-08-24,943,N,VIIRS,n,2,279.92,1.18,N,0
40.45843,-121.34479,307.57,0.47,0.4,2021-08-24,943,N,VIIRS,n,2,280.78,1.4,N,0
40.45909,-121.35041,300.39,0.47,0.4,2021-08-24,943,N,VIIRS,n,2,280.33,0.92,N,0
40.46054,-121.49106,297.68,0.48,0.4,2021-08-24,943,N,VIIRS,n,2,279,0.97,N,0
40.46159,-121.49161,297.69,0.48,0.4,2021-08-24,943,N,VIIRS,n,2,278.38,1.08,N,0
40.46357,-121.48499,311.8,0.48,0.4,2021-08-24,943,N,VIIRS,n,2,279.2,2.84,N,0
40.46461,-121.48558,316.53,0.48,0.4,2021-08-24,943,N,VIIRS,n,2,279.41,2.61,N,0
40.47005,-121.44419,295.16,0.47,0.4,2021-08-24,943,N,VIIRS,n,2,278.54,1.12,N,0
40.47106,-121.32568,295.55,0.47,0.4,2021-08-24,943,N,VIIRS,n,2,278.95,1.54,N,0
40.47304,-121.34249,323.47,0.47,0.4,2021-08-24,943,N,VIIRS,n,2,281.45,3.77,N,0
40.47469,-121.325,306.66,0.47,0.4,2021-08-24,943,N,VIIRS,n,2,279.74,1.38,N,0
40.47536,-121.33064,295.28,0.47,0.4,2021-08-24,943,N,VIIRS,n,2,277.35,1.38,N,0
40.47963,-121.33525,304.57,0.47,0.4,2021-08-24,943,N,VIIRS,n,2,279.38,1.56,N,0
40.48027,-121.3407,312.52,0.47,0.4,2021-08-24,943,N,VIIRS,n,2,280.73,1.56,N,0
40.48093,-121.34622,321.27,0.47,0.4,2021-08-24,943,N,VIIRS,n,2,282.9,5.1,N,0
40.48158,-121.35179,342.53,0.47,0.4,2021-08-24,943,N,VIIRS,n,2,284.16,5.1,N,0
40.48262,-121.32906,297.05,0.47,0.4,2021-08-24,943,N,VIIRS,n,2,278.85,4.09,N,0
40.4842,-121.187,296.06,0.46,0.39,2021-08-24,943,N,VIIRS,n,2,280.63,0.97,N,0
40.48454,-121.34534,298.43,0.47,0.4,2021-08-24,943,N,VIIRS,n,2,278.53,2.7,N,0
40.4852,-121.35089,333.51,0.47,0.4,2021-08-24,943,N,VIIRS,n,2,286.24,2.7,N,0
40.48618,-121.20343,297.35,0.46,0.39,2021-08-24,943,N,VIIRS,n,2,278.57,1.77,N,0
40.48624,-121.32829,342.21,0.47,0.4,2021-08-24,943,N,VIIRS,n,2,285.88,4.09,N,0
40.48647,-121.42496,298.03,0.47,0.4,2021-08-24,943,N,VIIRS,n,2,280.9,1.33,N,0
40.48914,-121.38422,300.24,0.47,0.4,2021-08-24,943,N,VIIRS,n,2,277.67,1.74,N,0
40.48949,-121.35569,298.61,0.47,0.4,2021-08-24,943,N,VIIRS,n,2,280.89,1.48,N,0
40.48978,-121.20271,296.05,0.46,0.39,2021-08-24,943,N,VIIRS,n,2,279.63,1.57,N,0
40.48979,-121.38979,312.5,0.47,0.4,2021-08-24,943,N,VIIRS,n,2,281.71,5.58,N,0
40.48988,-121.32759,308.87,0.47,0.4,2021-08-24,943,N,VIIRS,n,2,279.93,2.5,N,0
40.49011,-121.42425,298.95,0.47,0.4,2021-08-24,943,N,VIIRS,n,2,281.13,1.33,N,0
40.49044,-121.39532,319.64,0.47,0.4,2021-08-24,943,N,VIIRS,n,2,282.32,5.58,N,0
40.49076,-121.42976,317.75,0.47,0.4,2021-08-24,943,N,VIIRS,n,2,281.18,1.33,N,0
40.4911,-121.40089,297.48,0.47,0.4,2021-08-24,943,N,VIIRS,n,2,279.07,3.69,N,0
40.49277,-121.38346,321.04,0.47,0.4,2021-08-24,943,N,VIIRS,n,2,283.28,1.74,N,0
40.4931,-121.41784,304.66,0.47,0.4,2021-08-24,943,N,VIIRS,n,2,279.81,1.39,N,0
40.49314,-121.16924,297.96,0.46,0.39,2021-08-24,943,N,VIIRS,n,2,280.89,1.31,N,0
40.49342,-121.38899,351.26,0.47,0.4,2021-08-24,943,N,VIIRS,n,2,294.52,5.58,N,0
40.49363,-121.23466,302.57,0.47,0.39,2021-08-24,943,N,VIIRS,n,2,279.8,1.55,N,0
40.49376,-121.42354,303.08,0.47,0.4,2021-08-24,943,N,VIIRS,n,2,283.1,2.9,N,0
40.49408,-121.39451,347,0.47,0.4,2021-08-24,943,N,VIIRS,n,2,290.75,5.58,N,0
40.49415,-121.33224,296.08,0.47,0.4,2021-08-24,943,N,VIIRS,n,2,278.31,0.6,N,0
40.49427,-121.2399,307.85,0.47,0.39,2021-08-24,943,N,VIIRS,n,2,279.21,2.43,N,0
40.49473,-121.4,346.29,0.47,0.4,2021-08-24,943,N,VIIRS,n,2,289.55,3.69,N,0
40.49538,-121.4055,304.41,0.47,0.4,2021-08-24,943,N,VIIRS,n,2,281.03,3.69,N,0
40.496,-121.22351,312.78,0.47,0.39,2021-08-24,943,N,VIIRS,n,2,280.49,1.56,N,0
40.49641,-121.38268,324.4,0.47,0.4,2021-08-24,943,N,VIIRS,n,2,285.52,3.78,N,0
40.49672,-121.41695,299.86,0.47,0.4,2021-08-24,943,N,VIIRS,n,2,280.97,1.39,N,0
40.49706,-121.38815,341.02,0.47,0.4,2021-08-24,943,N,VIIRS,n,2,294.07,5.68,N,0
40.49726,-121.234,305.06,0.47,0.39,2021-08-24,943,N,VIIRS,n,2,280.89,1.55,N,0
40.4974,-121.42271,330.91,0.47,0.4,2021-08-24,943,N,VIIRS,n,2,286.61,2.9,N,0
40.49771,-121.39366,335.68,0.47,0.4,2021-08-24,943,N,VIIRS,n,2,288.75,5.68,N,0
40.4978,-121.3316,300.59,0.47,0.4,2021-08-24,943,N,VIIRS,n,2,276.65,0.89,N,0
40.49807,-121.4284,316.88,0.47,0.4,2021-08-24,943,N,VIIRS,n,2,283.12,2.9,N,0
40.49835,-121.39912,337.2,0.47,0.4,2021-08-24,943,N,VIIRS,n,2,290.34,3.91,N,0
40.49874,-121.43407,323.09,0.47,0.4,2021-08-24,943,N,VIIRS,n,2,281.51,2.54,N,0
40.499,-121.40462,322.2,0.47,0.4,2021-08-24,943,N,VIIRS,n,2,283.95,3.91,N,0
40.49939,-121.43967,309.78,0.47,0.4,2021-08-24,943,N,VIIRS,n,2,278.72,2.54,N,0
40.49941,-121.37656,299.81,0.47,0.4,2021-08-24,943,N,VIIRS,n,2,279.09,3.78,N,0
40.49962,-121.2228,301.95,0.47,0.39,2021-08-24,943,N,VIIRS,n,2,279.24,1.6,N,0
40.49966,-121.41025,324.03,0.47,0.4,2021-08-24,943,N,VIIRS,n,2,284.82,3.94,N,0
40.50004,-121.3819,347.7,0.47,0.4,2021-08-24,943,N,VIIRS,n,2,293.13,3.78,N,0
40.50034,-121.41597,306.62,0.47,0.4,2021-08-24,943,N,VIIRS,n,2,281.18,3.94,N,0
40.50069,-121.38728,329.26,0.47,0.4,2021-08-24,943,N,VIIRS,n,2,290.76,5.68,N,0
40.5009,-121.23341,299.47,0.47,0.39,2021-08-24,943,N,VIIRS,n,2,279.94,1.35,N,0
40.50102,-121.42176,306.25,0.47,0.4,2021-08-24,943,N,VIIRS,n,2,284.93,2.65,N,0
40.50109,-121.35924,313.15,0.47,0.4,2021-08-24,943,N,VIIRS,n,2,277.43,1.42,N,0
40.50133,-121.39275,336.85,0.47,0.4,2021-08-24,943,N,VIIRS,n,2,288.15,5.68,N,0
40.50171,-121.42757,330.39,0.47,0.4,2021-08-24,943,N,VIIRS,n,2,289.81,2.65,N,0
40.50176,-121.36494,300.19,0.47,0.4,2021-08-24,943,N,VIIRS,n,2,276.65,2.95,N,0
40.50198,-121.39824,320.58,0.47,0.4,2021-08-24,943,N,VIIRS,n,2,284.51,3.91,N,0
40.50219,-121.24408,302.21,0.47,0.39,2021-08-24,943,N,VIIRS,n,2,279.62,1.91,N,0
40.50238,-121.43332,352.15,0.47,0.4,2021-08-24,943,N,VIIRS,n,2,297.42,8.7,N,0
40.50242,-121.37047,301.66,0.47,0.4,2021-08-24,943,N,VIIRS,n,2,283.23,2.95,N,0
40.50263,-121.40373,326.64,0.47,0.4,2021-08-24,943,N,VIIRS,n,2,286.99,3.91,N,0
40.50305,-121.43903,355.72,0.47,0.4,2021-08-24,943,N,VIIRS,n,2,297.05,8.7,N,0
40.50306,-121.37585,299.35,0.47,0.4,2021-08-24,943,N,VIIRS,n,2,281.6,3.89,N,0
40.5033,-121.40933,334.52,0.47,0.4,2021-08-24,943,N,VIIRS,n,2,289.26,3.94,N,0
40.50354,-121.25542,302.63,0.47,0.39,2021-08-24,943,N,VIIRS,n,2,278.81,1.38,N,0
40.50368,-121.38116,334.82,0.47,0.4,2021-08-24,943,N,VIIRS,n,2,285.97,3.89,N,0
40.50372,-121.44467,344.69,0.47,0.4,2021-08-24,943,N,VIIRS,n,2,289.59,16.43,N,0
40.50389,-121.22744,297.82,0.47,0.39,2021-08-24,943,N,VIIRS,n,2,278.84,1.35,N,0
40.50396,-121.41502,332.92,0.47,0.4,2021-08-24,943,N,VIIRS,n,2,288.59,3.94,N,0
40.50431,-121.38644,323.86,0.47,0.4,2021-08-24,943,N,VIIRS,n,2,287.5,8.16,N,0
40.50438,-121.45027,356.24,0.47,0.4,2021-08-24,943,N,VIIRS,n,2,288.6,16.43,N,0
40.50465,-121.42083,307.85,0.47,0.4,2021-08-24,943,N,VIIRS,n,2,283.95,2.65,N,0
40.50473,-121.35853,313.72,0.47,0.4,2021-08-24,943,N,VIIRS,n,2,277.77,1.42,N,0
40.50496,-121.39191,334.74,0.47,0.4,2021-08-24,943,N,VIIRS,n,2,287.34,8.16,N,0
40.50534,-121.4267,320.78,0.47,0.4,2021-08-24,943,N,VIIRS,n,2,284.48,2.65,N,0
40.5054,-121.36421,335.91,0.47,0.4,2021-08-24,943,N,VIIRS,n,2,284.36,2.95,N,0
40.50562,-121.39745,344.92,0.47,0.4,2021-08-24,943,N,VIIRS,n,2,288.1,7.85,N,0
40.50602,-121.4325,344.52,0.47,0.4,2021-08-24,943,N,VIIRS,n,2,289.42,8.7,N,0
40.50627,-121.40296,347.67,0.47,0.4,2021-08-24,943,N,VIIRS,n,2,291.9,7.85,N,0
40.5067,-121.43826,341.64,0.47,0.4,2021-08-24,943,N,VIIRS,n,2,292.98,8.7,N,0
40.50693,-121.40854,341.69,0.47,0.4,2021-08-24,943,N,VIIRS,n,2,291.96,6.81,N,0
40.50699,-121.28408,307.96,0.47,0.4,2021-08-24,943,N,VIIRS,n,2,278.52,1.12,N,0
40.50718,-121.25475,309.04,0.47,0.39,2021-08-24,943,N,VIIRS,n,2,279.52,1.38,N,0
40.50732,-121.38037,333.09,0.47,0.4,2021-08-24,943,N,VIIRS,n,2,282.43,3.89,N,0
40.50738,-121.44398,367,0.47,0.4,2021-08-24,943,N,VIIRS,h,2,295.48,16.43,N,0
40.50751,-121.22678,299.39,0.47,0.39,2021-08-24,943,N,VIIRS,n,2,278.81,0.92,N,0
40.5076,-121.41421,309.33,0.47,0.4,2021-08-24,943,N,VIIRS,n,2,284.27,6.81,N,0
40.50786,-121.26042,299.85,0.47,0.39,2021-08-24,943,N,VIIRS,n,2,278.55,1.33,N,0
40.50795,-121.3857,355.89,0.47,0.4,2021-08-24,943,N,VIIRS,n,2,290.96,8.16,N,0
40.50804,-121.44965,342.36,0.47,0.4,2021-08-24,943,N,VIIRS,n,2,289.13,16.43,N,0
40.5081,-121.3244,327.89,0.47,0.4,2021-08-24,943,N,VIIRS,n,2,279.5,3.68,N,0
40.50829,-121.42,296.67,0.47,0.4,2021-08-24,943,N,VIIRS,n,2,282.71,5.4,N,0
40.5086,-121.39116,347.52,0.47,0.4,2021-08-24,943,N,VIIRS,n,2,287.39,8.16,N,0
40.50897,-121.42582,347.17,0.47,0.4,2021-08-24,943,N,VIIRS,n,2,286.63,5.4,N,0
40.50926,-121.39672,349.18,0.47,0.4,2021-08-24,943,N,VIIRS,n,2,293.31,7.85,N,0
40.50966,-121.43165,347.77,0.47,0.4,2021-08-24,943,N,VIIRS,n,2,287.05,8.81,N,0
40.50992,-121.40227,342.01,0.47,0.4,2021-08-24,943,N,VIIRS,n,2,291.69,7.85,N,0
40.51035,-121.43745,367,0.47,0.4,2021-08-24,943,N,VIIRS,h,2,295.96,8.81,N,0
40.51057,-121.40781,344.64,0.47,0.4,2021-08-24,943,N,VIIRS,n,2,290.8,6.81,N,0
40.51096,-121.37956,331.2,0.47,0.4,2021-08-24,943,N,VIIRS,n,2,279.42,2.23,N,0
40.51102,-121.44322,353.55,0.47,0.4,2021-08-24,943,N,VIIRS,n,2,293.22,29.17,N,0
40.51114,-121.22614,304.21,0.47,0.39,2021-08-24,943,N,VIIRS,n,2,278.54,0.92,N,0
40.5116,-121.38496,311.6,0.47,0.4,2021-08-24,943,N,VIIRS,n,2,279.1,1.92,N,0
40.51174,-121.32365,311.36,0.47,0.4,2021-08-24,943,N,VIIRS,n,2,276.69,1.45,N,0
40.51201,-121.35711,337.23,0.47,0.4,2021-08-24,943,N,VIIRS,n,2,277.5,5.81,N,0
40.51225,-121.39045,299.64,0.47,0.4,2021-08-24,943,N,VIIRS,n,2,278.97,1.92,N,0
40.51291,-121.39604,336.57,0.47,0.4,2021-08-24,943,N,VIIRS,n,2,284.02,4.46,N,0
40.5133,-121.43083,335.62,0.47,0.4,2021-08-24,943,N,VIIRS,n,2,281.48,8.81,N,0
40.51357,-121.40163,346.24,0.47,0.4,2021-08-24,943,N,VIIRS,n,2,288.76,4.46,N,0
40.51377,-121.24791,315.71,0.47,0.39,2021-08-24,943,N,VIIRS,n,2,280.68,3.43,N,0
40.51399,-121.43668,333.47,0.47,0.4,2021-08-24,943,N,VIIRS,n,2,284.21,8.81,N,0
40.51411,-121.22004,307.99,0.47,0.39,2021-08-24,943,N,VIIRS,n,2,278.07,1.14,N,0
40.51423,-121.4072,334.1,0.47,0.4,2021-08-24,943,N,VIIRS,n,2,287.1,3.82,N,0
40.5146,-121.3789,304.17,0.47,0.4,2021-08-24,943,N,VIIRS,n,2,276.67,2.23,N,0
40.51707,-121.21391,300.73,0.47,0.39,2021-08-24,943,N,VIIRS,n,2,278.55,1.14,N,0
40.51725,-121.40112,298.41,0.47,0.4,2021-08-24,943,N,VIIRS,n,2,279.04,4.46,N,0
40.51741,-121.24732,304.27,0.47,0.39,2021-08-24,943,N,VIIRS,n,2,279.95,1.42,N,0
40.51773,-121.21935,302.79,0.47,0.39,2021-08-24,943,N,VIIRS,n,2,278.01,1.14,N,0
40.51791,-121.40669,295.3,0.47,0.4,2021-08-24,943,N,VIIRS,n,2,279.27,3.82,N,0
40.52003,-121.20773,311.07,0.46,0.39,2021-08-24,943,N,VIIRS,n,2,279.98,1.17,N,0
40.52069,-121.21317,296.8,0.47,0.39,2021-08-24,943,N,VIIRS,n,2,278.76,1.13,N,0
40.52238,-121.25773,313.7,0.47,0.39,2021-08-24,943,N,VIIRS,n,2,279.84,2.49,N,0
40.52365,-121.20702,295.75,0.46,0.39,2021-08-24,943,N,VIIRS,n,2,279.58,1.17,N,0
40.52602,-121.25714,313.31,0.47,0.39,2021-08-24,943,N,VIIRS,n,2,279.86,5.5,N,0
40.5267,-121.26274,321.97,0.47,0.4,2021-08-24,943,N,VIIRS,n,2,280.9,5.5,N,0
40.52739,-121.26839,299.62,0.47,0.4,2021-08-24,943,N,VIIRS,n,2,279.75,1.88,N,0
40.52966,-121.25652,318.57,0.47,0.39,2021-08-24,943,N,VIIRS,n,2,277.55,5.5,N,0
40.53034,-121.26212,356.85,0.47,0.4,2021-08-24,943,N,VIIRS,n,2,296.88,5.5,N,0
40.53102,-121.26778,306,0.47,0.4,2021-08-24,943,N,VIIRS,n,2,279.94,1.88,N,0
40.53156,-121.30285,325.41,0.47,0.4,2021-08-24,943,N,VIIRS,n,2,279.65,4.59,N,3
40.53398,-121.26148,333.59,0.47,0.4,2021-08-24,943,N,VIIRS,n,2,284.03,3.33,N,0
40.53453,-121.29661,308.34,0.47,0.4,2021-08-24,943,N,VIIRS,n,2,279.64,1.62,N,0
40.53467,-121.26718,300.26,0.47,0.4,2021-08-24,943,N,VIIRS,n,2,279.02,1.11,N,0
40.53571,-121.24876,319.19,0.47,0.39,2021-08-24,943,N,VIIRS,n,2,282.57,3.66,N,0
40.53622,-121.24942,324.42,0.47,0.39,2021-08-24,943,N,VIIRS,n,2,283.33,3.58,N,0
40.53637,-121.25443,302.63,0.47,0.4,2021-08-24,943,N,VIIRS,n,2,281.12,3.66,N,0
40.53691,-121.25512,302.73,0.47,0.39,2021-08-24,943,N,VIIRS,n,2,280.87,3.33,N,0
40.53866,-121.24225,311.15,0.47,0.39,2021-08-24,943,N,VIIRS,n,2,281.89,2.25,N,0
40.53914,-121.24295,322.26,0.47,0.39,2021-08-24,943,N,VIIRS,n,2,282.99,5.11,N,0
40.53933,-121.248,339.53,0.47,0.39,2021-08-24,943,N,VIIRS,n,2,289.53,3.66,N,0
40.53984,-121.24869,340.44,0.47,0.39,2021-08-24,943,N,VIIRS,n,2,291.04,5.11,N,0
40.53999,-121.2537,334.53,0.47,0.4,2021-08-24,943,N,VIIRS,n,2,288.55,3.66,N,0
40.54054,-121.25436,329.87,0.47,0.39,2021-08-24,943,N,VIIRS,n,2,286.26,2.98,N,0
40.54103,-121.29457,324.84,0.47,0.4,2021-08-24,943,N,VIIRS,n,2,290.72,43.06,N,0
40.54227,-121.24146,319.4,0.47,0.39,2021-08-24,943,N,VIIRS,n,2,282.53,3.67,N,0
40.54276,-121.24217,324.88,0.47,0.39,2021-08-24,943,N,VIIRS,n,2,283.94,5.11,N,0
40.54295,-121.24724,342.52,0.47,0.39,2021-08-24,943,N,VIIRS,n,2,291.03,6.98,N,0
40.54346,-121.24792,346.76,0.47,0.39,2021-08-24,943,N,VIIRS,n,2,291.68,5.11,N,0
40.54362,-121.25294,315.55,0.47,0.4,2021-08-24,943,N,VIIRS,n,2,283.07,6.98,N,0
40.54402,-121.28826,309.79,0.47,0.4,2021-08-24,943,N,VIIRS,n,2,280.66,2.04,N,0
40.54416,-121.25363,296.2,0.47,0.39,2021-08-24,943,N,VIIRS,n,2,280.3,2.98,N,0
40.54474,-121.28887,318.75,0.47,0.4,2021-08-24,943,N,VIIRS,n,2,282.6,3.85,N,0
40.54542,-121.29442,347.16,0.47,0.4,2021-08-24,943,N,VIIRS,n,2,288.52,3.85,N,3
40.54589,-121.24071,340.29,0.47,0.39,2021-08-24,943,N,VIIRS,n,2,285.49,3.67,N,0
40.54657,-121.2465,347,0.47,0.39,2021-08-24,943,N,VIIRS,n,2,290.16,6.98,N,0
40.54765,-121.28754,319.72,0.47,0.4,2021-08-24,943,N,VIIRS,n,2,285.17,3.17,N,3
40.54768,-121.28248,299.12,0.47,0.4,2021-08-24,943,N,VIIRS,n,2,279.76,1.22,N,0
40.5483,-121.2931,314.17,0.47,0.4,2021-08-24,943,N,VIIRS,n,2,284.11,2.57,N,3
40.54838,-121.28818,317.14,0.47,0.4,2021-08-24,943,N,VIIRS,n,2,285.67,3.85,N,3
40.54905,-121.29369,296.99,0.47,0.4,2021-08-24,943,N,VIIRS,n,2,282.55,3.85,N,3
40.54953,-121.2401,307.71,0.47,0.39,2021-08-24,943,N,VIIRS,n,2,281.51,1.39,N,0
40.5502,-121.24586,311.59,0.47,0.39,2021-08-24,943,N,VIIRS,n,2,281.3,1.05,N,0
40.55153,-121.25719,313.46,0.47,0.4,2021-08-24,943,N,VIIRS,n,2,279.67,3.03,N,0
40.55219,-121.26278,320.27,0.47,0.4,2021-08-24,943,N,VIIRS,n,2,281.2,3.03,N,0
40.55285,-121.26837,340.48,0.47,0.4,2021-08-24,943,N,VIIRS,n,2,284.91,6.72,N,0
40.55351,-121.27406,339.38,0.47,0.4,2021-08-24,943,N,VIIRS,n,2,286.42,6.72,N,0
40.55384,-121.24522,297.49,0.47,0.39,2021-08-24,943,N,VIIRS,n,2,280.72,1.05,N,0
40.5545,-121.2509,296.65,0.47,0.4,2021-08-24,943,N,VIIRS,n,2,281.01,1.05,N,0
40.55517,-121.25652,310.62,0.47,0.4,2021-08-24,943,N,VIIRS,n,2,281.3,3.03,N,0
40.55549,-121.22778,315.06,0.47,0.39,2021-08-24,943,N,VIIRS,n,2,279.94,8.11,N,0
40.55582,-121.26212,339.1,0.47,0.4,2021-08-24,943,N,VIIRS,n,2,286.62,3.03,N,0
40.55614,-121.23322,316.24,0.47,0.39,2021-08-24,943,N,VIIRS,n,2,281.14,4.95,N,0
40.55648,-121.2677,348,0.47,0.4,2021-08-24,943,N,VIIRS,n,2,290.92,6.72,N,0
40.55714,-121.27333,336.57,0.47,0.4,2021-08-24,943,N,VIIRS,n,2,292.97,6.72,N,0
40.55782,-121.27914,314.01,0.47,0.4,2021-08-24,943,N,VIIRS,n,2,286.68,2.13,N,0
40.55853,-121.28519,301.42,0.47,0.4,2021-08-24,943,N,VIIRS,n,2,283.25,2.13,N,3
40.5591,-121.22692,344.87,0.47,0.39,2021-08-24,943,N,VIIRS,n,2,289.28,8.11,N,0
40.55946,-121.26146,318.55,0.47,0.4,2021-08-24,943,N,VIIRS,n,2,280.9,1.23,N,0
40.55974,-121.23231,345.78,0.47,0.39,2021-08-24,943,N,VIIRS,n,2,287.37,4.95,N,0
40.56012,-121.26704,337.41,0.47,0.4,2021-08-24,943,N,VIIRS,n,2,288.07,5.54,N,0
40.56041,-121.23803,302.04,0.47,0.39,2021-08-24,943,N,VIIRS,n,2,281.98,4.95,N,0
40.56078,-121.27267,329.66,0.47,0.4,2021-08-24,943,N,VIIRS,n,2,289.06,5.54,N,0
40.56215,-121.28439,302.29,0.47,0.4,2021-08-24,943,N,VIIRS,n,2,284.66,3.67,N,3
40.56271,-121.22614,331.41,0.47,0.39,2021-08-24,943,N,VIIRS,n,2,285.77,3.39,N,0
40.5631,-121.2608,295.82,0.47,0.4,2021-08-24,943,N,VIIRS,n,2,279.45,1.23,N,0
40.56335,-121.23151,335.01,0.47,0.39,2021-08-24,943,N,VIIRS,n,2,286.31,3.82,N,0
40.56375,-121.26639,339.74,0.47,0.4,2021-08-24,943,N,VIIRS,n,2,285.34,5.54,N,0
40.56403,-121.23725,308.07,0.47,0.39,2021-08-24,943,N,VIIRS,n,2,282.12,3.82,N,0
40.56441,-121.27202,330.17,0.47,0.4,2021-08-24,943,N,VIIRS,n,2,286.05,5.54,N,0
40.56509,-121.27779,307.22,0.47,0.4,2021-08-24,943,N,VIIRS,n,2,285.23,3.67,N,0
40.5654,-121.24889,321.5,0.47,0.4,2021-08-24,943,N,VIIRS,n,2,283.43,4.55,N,0
40.56578,-121.28365,339.5,0.47,0.4,2021-08-24,943,N,VIIRS,n,2,294.27,3.67,N,0
40.56646,-121.28942,328.59,0.47,0.4,2021-08-24,943,N,VIIRS,n,2,289.49,6.84,N,3
40.56699,-121.23093,316.86,0.47,0.39,2021-08-24,943,N,VIIRS,n,2,283.5,3.82,N,0
40.56711,-121.29498,325.73,0.47,0.4,2021-08-24,943,N,VIIRS,n,2,283.09,6.84,N,0
40.56739,-121.26572,335.28,0.47,0.4,2021-08-24,943,N,VIIRS,n,2,286.45,3.88,N,0
40.56766,-121.23656,343.53,0.47,0.39,2021-08-24,943,N,VIIRS,n,2,287.16,3.82,N,0
40.56776,-121.30048,335.87,0.47,0.4,2021-08-24,943,N,VIIRS,n,2,287.63,5.98,N,0
40.56805,-121.27135,334.88,0.47,0.4,2021-08-24,943,N,VIIRS,n,2,290.73,3.88,N,0
40.5684,-121.30591,295.82,0.47,0.4,2021-08-24,943,N,VIIRS,n,2,280.26,5.98,N,0
40.56873,-121.27715,324.56,0.47,0.4,2021-08-24,943,N,VIIRS,n,2,290.17,9.28,N,0
40.56942,-121.28296,349.02,0.47,0.4,2021-08-24,943,N,VIIRS,n,2,299.08,9.28,N,0
40.5697,-121.25389,310.73,0.47,0.4,2021-08-24,943,N,VIIRS,n,2,280.4,2.64,N,0
40.57008,-121.28866,326.45,0.47,0.4,2021-08-24,943,N,VIIRS,n,2,283.88,4.46,N,0
40.57036,-121.25949,320.79,0.47,0.4,2021-08-24,943,N,VIIRS,n,2,282.11,2.64,N,0
40.57063,-121.23041,302.77,0.47,0.39,2021-08-24,943,N,VIIRS,n,2,281.26,2.55,N,0
40.57074,-121.29421,296.18,0.47,0.4,2021-08-24,943,N,VIIRS,n,2,280.94,4.46,N,0
40.57102,-121.26508,316.62,0.47,0.4,2021-08-24,943,N,VIIRS,n,2,283.07,3.88,N,0
40.57129,-121.23592,334.7,0.47,0.39,2021-08-24,943,N,VIIRS,n,2,286.77,2.55,N,0
40.57139,-121.29974,353.44,0.47,0.4,2021-08-24,943,N,VIIRS,n,2,293.17,9.05,N,0
40.57169,-121.27072,325.37,0.47,0.4,2021-08-24,943,N,VIIRS,n,2,292.3,3.88,N,0
40.57198,-121.24171,335.44,0.47,0.39,2021-08-24,943,N,VIIRS,n,2,285.33,4.18,N,0
40.57203,-121.30517,306.64,0.47,0.4,2021-08-24,943,N,VIIRS,n,2,280.89,9.05,N,0
40.57238,-121.27654,336.64,0.47,0.4,2021-08-24,943,N,VIIRS,n,2,295.47,9.28,N,0
40.57306,-121.28233,350.55,0.47,0.4,2021-08-24,943,N,VIIRS,n,2,300.17,9.28,N,0
40.57333,-121.25323,324.8,0.47,0.4,2021-08-24,943,N,VIIRS,n,2,285.68,2.24,N,0
40.57372,-121.28797,312.6,0.47,0.4,2021-08-24,943,N,VIIRS,n,2,282.26,4.46,N,0
40.574,-121.25883,306.47,0.47,0.4,2021-08-24,943,N,VIIRS,n,2,282.1,2.24,N,0
40.57428,-121.22984,295.87,0.47,0.39,2021-08-24,943,N,VIIRS,n,2,278.12,2.55,N,0
40.57467,-121.26447,316.62,0.47,0.4,2021-08-24,943,N,VIIRS,n,2,285.08,6.7,N,0
40.57494,-121.23539,330.76,0.47,0.39,2021-08-24,943,N,VIIRS,n,2,287.03,2.55,N,0
40.57503,-121.29908,349.52,0.47,0.4,2021-08-24,943,N,VIIRS,n,2,287.35,9.05,N,0
40.57534,-121.27016,337.37,0.47,0.4,2021-08-24,943,N,VIIRS,n,2,292.68,6.7,N,0
40.57561,-121.24114,314.86,0.47,0.39,2021-08-24,943,N,VIIRS,n,2,287.39,4.18,N,0
40.57567,-121.30449,341.74,0.47,0.4,2021-08-24,943,N,VIIRS,n,2,283.99,9.05,N,0
40.57602,-121.27596,342.03,0.47,0.4,2021-08-24,943,N,VIIRS,n,2,297.07,9.13,N,0
40.5767,-121.2817,353.36,0.47,0.4,2021-08-24,943,N,VIIRS,n,2,298.99,9.13,N,0
40.57736,-121.28733,298.21,0.47,0.4,2021-08-24,943,N,VIIRS,n,2,281.42,3.02,N,0
40.57858,-121.23485,299.3,0.47,0.39,2021-08-24,943,N,VIIRS,n,2,281.8,0.9,N,0
40.57868,-121.29845,318.38,0.47,0.4,2021-08-24,943,N,VIIRS,n,2,282.76,3,N,0
40.57898,-121.26958,345.61,0.47,0.4,2021-08-24,943,N,VIIRS,n,2,297.61,6.7,N,0
40.57926,-121.24055,303.66,0.47,0.39,2021-08-24,943,N,VIIRS,n,2,283.13,1.36,N,0
40.57931,-121.3038,320.32,0.47,0.4,2021-08-24,943,N,VIIRS,n,2,282.97,3,N,0
40.57967,-121.27536,342.89,0.47,0.4,2021-08-24,943,N,VIIRS,n,2,293.11,9.13,N,0
40.58034,-121.28109,315.45,0.47,0.4,2021-08-24,943,N,VIIRS,n,2,285.8,9.13,N,0
40.58055,-121.31427,327.43,0.47,0.4,2021-08-24,943,N,VIIRS,n,2,281.89,16.34,N,0
40.58101,-121.28667,316.76,0.47,0.4,2021-08-24,943,N,VIIRS,n,2,282.22,3.02,N,0
40.58167,-121.29229,326.57,0.47,0.4,2021-08-24,943,N,VIIRS,n,2,280.16,3.02,N,0
40.58232,-121.29779,333.72,0.47,0.4,2021-08-24,943,N,VIIRS,n,2,284.25,3,N,0
40.58262,-121.26896,315.21,0.47,0.4,2021-08-24,943,N,VIIRS,n,2,283.39,2.02,N,0
40.58295,-121.30312,311.53,0.47,0.4,2021-08-24,943,N,VIIRS,n,2,281.61,3,N,0
40.58357,-121.30838,350.02,0.47,0.4,2021-08-24,943,N,VIIRS,n,2,289.43,16.34,N,0
40.58398,-121.28043,329.44,0.47,0.4,2021-08-24,943,N,VIIRS,n,2,287.15,3.99,N,0
40.58419,-121.31364,354.06,0.47,0.4,2021-08-24,943,N,VIIRS,n,2,295.16,16.34,N,0
40.58464,-121.28603,329.23,0.47,0.4,2021-08-24,943,N,VIIRS,n,2,287.99,4.15,N,0
40.58498,-121.35181,332.41,0.47,0.4,2021-08-24,943,N,VIIRS,n,2,282.5,4.28,N,0
40.58531,-121.29162,331.3,0.47,0.4,2021-08-24,943,N,VIIRS,n,2,286.46,4.15,N,0
40.58545,-121.32424,301.89,0.47,0.4,2021-08-24,943,N,VIIRS,n,2,280.66,2.34,N,0
40.58566,-121.35761,315.66,0.47,0.4,2021-08-24,943,N,VIIRS,n,2,281.43,4.28,N,0
40.58596,-121.29713,299.97,0.47,0.4,2021-08-24,943,N,VIIRS,n,2,282.21,13.86,N,0
40.58607,-121.32948,307.22,0.47,0.4,2021-08-24,943,N,VIIRS,n,2,280.89,1.35,N,0
40.58659,-121.30242,340.13,0.47,0.4,2021-08-24,943,N,VIIRS,n,2,294.99,13.86,N,0
40.58722,-121.3077,352.61,0.47,0.4,2021-08-24,943,N,VIIRS,n,2,295.27,13.16,N,0
40.58784,-121.31298,349.4,0.47,0.4,2021-08-24,943,N,VIIRS,n,2,288.38,13.16,N,0
40.58799,-121.34574,329.91,0.47,0.4,2021-08-24,943,N,VIIRS,n,2,282.77,4.72,N,0
40.58848,-121.3184,338.87,0.47,0.4,2021-08-24,943,N,VIIRS,n,2,284,7.81,N,0
40.58911,-121.32372,329.23,0.47,0.4,2021-08-24,943,N,VIIRS,n,2,283.75,7.81,N,0
40.59023,-121.30177,338.91,0.47,0.4,2021-08-24,943,N,VIIRS,n,2,284.81,13.86,N,0
40.59101,-121.33981,301.26,0.47,0.4,2021-08-24,943,N,VIIRS,n,2,281.64,1,N,0
40.59149,-121.31239,311.4,0.47,0.4,2021-08-24,943,N,VIIRS,n,2,283.31,13.16,N,0
40.59214,-121.31782,350.98,0.47,0.4,2021-08-24,943,N,VIIRS,n,2,289,7.81,N,0
40.59277,-121.3232,339.73,0.47,0.4,2021-08-24,943,N,VIIRS,n,2,284.59,7.81,N,0
40.59643,-121.32269,351.43,0.47,0.4,2021-08-24,943,N,VIIRS,n,2,285.73,9.46,N,0
40.59708,-121.32811,302.15,0.47,0.4,2021-08-24,943,N,VIIRS,n,2,281.77,2.38,N,0
41.43184,-121.89168,299.41,0.51,0.41,2021-08-24,943,N,VIIRS,n,2,280.17,1.61,N,0
41.43492,-121.88482,312.84,0.5,0.41,2021-08-24,943,N,VIIRS,n,2,281.29,3.27,N,0
41.44947,-121.91161,308.21,0.51,0.41,2021-08-24,943,N,VIIRS,n,2,285.53,2.53,N,0
41.44997,-121.88176,320.39,0.5,0.41,2021-08-24,943,N,VIIRS,n,2,283.07,1.96,N,0
41.45064,-121.88769,309.19,0.51,0.41,2021-08-24,943,N,VIIRS,n,2,282.6,1.96,N,0
41.45203,-121.93453,298.87,0.51,0.41,2021-08-24,943,N,VIIRS,n,2,283.36,1.4,N,0
41.45373,-121.88097,300.59,0.5,0.41,2021-08-24,943,N,VIIRS,n,2,280.16,1.96,N,0
41.4544,-121.88691,316.65,0.51,0.41,2021-08-24,943,N,VIIRS,n,2,283.26,1.96,N,0
41.45506,-121.89275,301.26,0.51,0.41,2021-08-24,943,N,VIIRS,n,2,283.15,2.09,N,0
41.45749,-121.88022,314.98,0.5,0.41,2021-08-24,943,N,VIIRS,n,2,282.49,1.54,N,0
41.45767,-121.91608,297.04,0.51,0.41,2021-08-24,943,N,VIIRS,n,2,281.32,1.69,N,0
41.45816,-121.88615,305.01,0.51,0.41,2021-08-24,943,N,VIIRS,n,2,283.28,1.54,N,0
41.45882,-121.89198,302.1,0.51,0.41,2021-08-24,943,N,VIIRS,n,2,283.18,1.72,N,0
41.45899,-121.9278,311.6,0.51,0.41,2021-08-24,943,N,VIIRS,n,2,286.13,3.52,N,0
41.45966,-121.93372,330.93,0.51,0.41,2021-08-24,943,N,VIIRS,n,2,287.06,3.52,N,0
41.46031,-121.9396,335.47,0.51,0.41,2021-08-24,943,N,VIIRS,n,2,285.91,3.37,N,0
41.46095,-121.94528,305.33,0.51,0.41,2021-08-24,943,N,VIIRS,n,2,282.52,3.37,N,0
41.46126,-121.87944,298.82,0.5,0.41,2021-08-24,943,N,VIIRS,n,2,281.95,1.54,N,0
41.46193,-121.88538,303.85,0.51,0.41,2021-08-24,943,N,VIIRS,n,2,282.15,1.54,N,0
41.46214,-121.92147,317.34,0.51,0.41,2021-08-24,943,N,VIIRS,n,2,282.81,2.03,N,0
41.46279,-121.92731,308.29,0.51,0.41,2021-08-24,943,N,VIIRS,n,2,285.45,1.77,N,0
41.46344,-121.93311,318.63,0.51,0.41,2021-08-24,943,N,VIIRS,n,2,287.6,1.77,N,0
41.46408,-121.9388,333.12,0.51,0.41,2021-08-24,943,N,VIIRS,n,2,288.13,3.17,N,0
41.46434,-121.87267,295.48,0.5,0.41,2021-08-24,943,N,VIIRS,n,2,279.13,0.82,N,0
41.46471,-121.9444,303.24,0.51,0.41,2021-08-24,943,N,VIIRS,n,2,284.39,3.17,N,0
41.46501,-121.87859,298.18,0.5,0.41,2021-08-24,943,N,VIIRS,n,2,281.41,2.23,N,0
41.46652,-121.9262,298.77,0.51,0.41,2021-08-24,943,N,VIIRS,n,2,284.03,1.77,N,0
41.46725,-121.87189,303.42,0.5,0.41,2021-08-24,943,N,VIIRS,n,2,282.68,1.62,N,0
41.46788,-121.87777,300.64,0.51,0.41,2021-08-24,943,N,VIIRS,n,2,282.3,1.62,N,0
41.46809,-121.8718,299.35,0.5,0.41,2021-08-24,943,N,VIIRS,n,2,282.29,0.82,N,0
41.46869,-121.97993,297.36,0.51,0.41,2021-08-24,943,N,VIIRS,n,2,281.68,1.02,N,0
41.46968,-121.95439,319.73,0.51,0.41,2021-08-24,943,N,VIIRS,n,2,285.24,3.66,N,0
41.47227,-121.9538,324.96,0.51,0.41,2021-08-24,943,N,VIIRS,n,2,283.13,3.15,N,0
41.47346,-121.95371,320.22,0.51,0.41,2021-08-24,943,N,VIIRS,n,2,282.02,2.51,N,0
41.47435,-121.97323,295.24,0.51,0.41,2021-08-24,943,N,VIIRS,n,2,282.17,1.19,N,0
41.47471,-121.90507,295.46,0.51,0.41,2021-08-24,943,N,VIIRS,n,2,281.82,1.68,N,0
41.47498,-121.97909,297.22,0.51,0.41,2021-08-24,943,N,VIIRS,n,2,282.1,1.3,N,0
41.47565,-121.97315,310.94,0.51,0.41,2021-08-24,943,N,VIIRS,n,2,282.62,1.52,N,0
41.47568,-121.90493,297.19,0.51,0.41,2021-08-24,943,N,VIIRS,n,2,282.29,1.27,N,0
41.4763,-121.97893,301.16,0.51,0.41,2021-08-24,943,N,VIIRS,n,2,282.13,1.52,N,0
41.47877,-121.97851,305.42,0.51,0.41,2021-08-24,943,N,VIIRS,n,2,282.58,1.3,N,0
41.48162,-121.89784,302.32,0.51,0.41,2021-08-24,943,N,VIIRS,n,2,283.45,3.9,N,0
41.48227,-121.90376,323.49,0.51,0.41,2021-08-24,943,N,VIIRS,n,2,284.49,24.67,N,0
41.48377,-121.98894,295.3,0.51,0.41,2021-08-24,943,N,VIIRS,n,2,281.77,0.83,N,0
41.48412,-121.88548,300.53,0.51,0.41,2021-08-24,943,N,VIIRS,n,2,281.65,0.95,N,0
41.48541,-121.89728,310.5,0.51,0.41,2021-08-24,943,N,VIIRS,n,2,284.35,3.9,N,0
41.48607,-121.90339,343.03,0.51,0.41,2021-08-24,943,N,VIIRS,n,2,300.64,24.67,N,0
41.48664,-121.87334,296.03,0.51,0.41,2021-08-24,943,N,VIIRS,n,2,282.31,1.3,N,0
41.48676,-121.90974,332.24,0.51,0.41,2021-08-24,943,N,VIIRS,n,2,284.14,24.67,N,0
41.48791,-121.88489,312.79,0.51,0.41,2021-08-24,943,N,VIIRS,n,2,284.29,1.49,N,0
41.48855,-121.89076,311.36,0.51,0.41,2021-08-24,943,N,VIIRS,n,2,285.16,4.93,N,0
41.4892,-121.89674,347.53,0.51,0.41,2021-08-24,943,N,VIIRS,n,2,289.64,4.93,N,0
41.48956,-121.97112,300.05,0.51,0.41,2021-08-24,943,N,VIIRS,n,2,284.34,1.23,N,0
41.48966,-122.00797,304.66,0.51,0.41,2021-08-24,943,N,VIIRS,n,2,284.36,2.12,N,0
41.48988,-121.90295,337.18,0.51,0.41,2021-08-24,943,N,VIIRS,n,2,285.89,2.99,N,0
41.49057,-121.90932,299.99,0.51,0.41,2021-08-24,943,N,VIIRS,n,2,282.66,2.99,N,0
41.49105,-121.87843,306.8,0.51,0.41,2021-08-24,943,N,VIIRS,n,2,283.75,1.49,N,0
41.49112,-122.00748,314.56,0.51,0.41,2021-08-24,943,N,VIIRS,n,2,284.73,3.17,N,0
41.49169,-121.88435,296.17,0.51,0.41,2021-08-24,943,N,VIIRS,n,2,283.95,1.49,N,0
41.49234,-121.89029,316.66,0.51,0.41,2021-08-24,943,N,VIIRS,n,2,285.82,4.93,N,0
41.49339,-122.00665,300.28,0.51,0.41,2021-08-24,943,N,VIIRS,n,2,283.65,1.1,N,0
41.4941,-122.01328,297.59,0.51,0.41,2021-08-24,943,N,VIIRS,n,2,283.95,1.84,N,0
41.49436,-121.90881,309.72,0.51,0.41,2021-08-24,943,N,VIIRS,n,2,284.79,2.99,N,0
41.49814,-121.90815,332.22,0.51,0.41,2021-08-24,943,N,VIIRS,n,2,288.38,4.96,N,0
41.49882,-121.9143,302.5,0.51,0.41,2021-08-24,943,N,VIIRS,n,2,280.59,2.25,N,0
41.50191,-121.90742,328.01,0.51,0.41,2021-08-24,943,N,VIIRS,n,2,289.61,4.96,N,0
41.50258,-121.91351,320.21,0.51,0.41,2021-08-24,943,N,VIIRS,n,2,283.28,2.25,N,0
41.50568,-121.90662,331.65,0.51,0.41,2021-08-24,943,N,VIIRS,n,2,291.6,4.5,N,0
41.50635,-121.91273,314.21,0.51,0.41,2021-08-24,943,N,VIIRS,n,2,283.4,3.6,N,0
41.50875,-121.89945,300.56,0.51,0.41,2021-08-24,943,N,VIIRS,n,2,283.27,4.5,N,0
41.50944,-121.90578,341.27,0.51,0.41,2021-08-24,943,N,VIIRS,n,2,293.63,4.5,N,0
41.51012,-121.91202,323.7,0.51,0.41,2021-08-24,943,N,VIIRS,n,2,283.48,3.6,N,0
41.51321,-121.905,347.82,0.51,0.41,2021-08-24,943,N,VIIRS,n,2,296.83,8.47,N,0
41.5139,-121.91128,299.82,0.51,0.41,2021-08-24,943,N,VIIRS,n,2,281.21,4.15,N,0
41.51698,-121.9043,323.39,0.51,0.41,2021-08-24,943,N,VIIRS,n,2,285.95,8.47,N,0
41.5349,-121.997,295,0.51,0.41,2021-08-24,943,N,VIIRS,n,2,279.81,0.4,N,0
41.54934,-121.74711,296.16,0.5,0.41,2021-08-24,943,N,VIIRS,n,2,282.14,1.05,N,0
41.55757,-121.75208,299.52,0.5,0.41,2021-08-24,943,N,VIIRS,n,2,281.92,1.47,N,0
41.55762,-121.75151,301.02,0.5,0.41,2021-08-24,943,N,VIIRS,n,2,282.72,1.03,N,0
41.56099,-121.78257,302.45,0.5,0.41,2021-08-24,943,N,VIIRS,n,2,282.18,1.04,N,0
41.56109,-121.78305,301.86,0.5,0.41,2021-08-24,943,N,VIIRS,n,2,282,0.95,N,0
41.57357,-121.79252,297.74,0.5,0.41,2021-08-24,943,N,VIIRS,n,2,280.83,0.97,N,0
41.57373,-121.79297,300.53,0.5,0.41,2021-08-24,943,N,VIIRS,n,2,281.47,0.59,N,0
41.57731,-121.79157,304.31,0.5,0.41,2021-08-24,943,N,VIIRS,n,2,282.73,2.09,N,0
41.58042,-121.78493,315.19,0.5,0.41,2021-08-24,943,N,VIIRS,n,2,283.82,1.82,N,0
41.58105,-121.79069,315.54,0.5,0.41,2021-08-24,943,N,VIIRS,n,2,283.31,2.09,N,0
41.58417,-121.78413,300.34,0.5,0.41,2021-08-24,943,N,VIIRS,n,2,281.95,0.78,N,0
41.58792,-121.78336,295.83,0.5,0.41,2021-08-24,943,N,VIIRS,n,2,283.93,0.78,N,0
41.61427,-121.77888,304.39,0.5,0.41,2021-08-24,943,N,VIIRS,n,2,283.53,1.5,N,0
39.33791,-121.73586,338.79,0.39,0.36,2021-08-24,2105,N,VIIRS,l,2,312.96,5.22,D,0
39.68639,-121.83537,342.14,0.39,0.36,2021-08-24,2105,N,VIIRS,n,2,310.61,3.39,D,0
39.78887,-122.03581,346.27,0.38,0.36,2021-08-24,2105,N,VIIRS,l,2,317.94,24.68,D,0
39.79149,-122.04111,335.36,0.38,0.36,2021-08-24,2105,N,VIIRS,l,2,306.82,12.15,D,0
40.02106,-120.78647,367,0.4,0.37,2021-08-24,2105,N,VIIRS,h,2,346.62,81.17,D,0
40.02175,-120.78139,367,0.4,0.37,2021-08-24,2105,N,VIIRS,h,2,361.17,81.17,D,0
40.02242,-120.77637,339.87,0.4,0.37,2021-08-24,2105,N,VIIRS,n,2,305.46,61.98,D,0
40.02442,-120.78719,340.94,0.4,0.37,2021-08-24,2105,N,VIIRS,n,2,305.29,81.17,D,0
40.02457,-120.70282,330.78,0.4,0.37,2021-08-24,2105,N,VIIRS,l,2,304.45,3.5,D,0
40.0251,-120.78216,350.49,0.4,0.37,2021-08-24,2105,N,VIIRS,n,2,303.01,81.17,D,0
40.0252,-120.7051,335.57,0.4,0.37,2021-08-24,2105,N,VIIRS,n,2,307.79,5.81,D,0
40.02581,-120.7006,341.73,0.4,0.37,2021-08-24,2105,N,VIIRS,n,2,309.04,11.19,D,0
40.02642,-120.69608,333.97,0.4,0.37,2021-08-24,2105,N,VIIRS,n,2,308.03,11.19,D,0
40.02645,-120.77213,332.63,0.4,0.37,2021-08-24,2105,N,VIIRS,n,2,297.66,61.98,D,0
40.02856,-120.70589,348.84,0.4,0.37,2021-08-24,2105,N,VIIRS,n,2,305.56,5.81,D,0
40.02916,-120.70141,343.42,0.4,0.37,2021-08-24,2105,N,VIIRS,n,2,304.02,11.19,D,0
40.02978,-120.6969,349.58,0.4,0.37,2021-08-24,2105,N,VIIRS,n,2,308.07,11.19,D,0
40.02981,-120.77288,341.97,0.4,0.37,2021-08-24,2105,N,VIIRS,n,2,300.08,7.95,D,0
40.0304,-120.69232,354.56,0.4,0.37,2021-08-24,2105,N,VIIRS,n,2,317.05,25.61,D,0
40.03102,-120.68775,350.12,0.4,0.37,2021-08-24,2105,N,VIIRS,n,2,318.6,25.61,D,0
40.03192,-120.70657,349.06,0.4,0.37,2021-08-24,2105,N,VIIRS,n,2,304.98,7.24,D,0
40.03314,-120.69761,335.49,0.4,0.37,2021-08-24,2105,N,VIIRS,l,2,309.47,7.15,D,0
40.03376,-120.69306,334.18,0.4,0.37,2021-08-24,2105,N,VIIRS,l,2,307.86,2.34,D,0
40.03439,-120.68851,332.6,0.4,0.37,2021-08-24,2105,N,VIIRS,n,2,304.6,2.34,D,0
40.04068,-120.79459,344.76,0.4,0.37,2021-08-24,2105,N,VIIRS,n,2,303.5,8.18,D,0
40.04406,-120.79519,345.41,0.4,0.37,2021-08-24,2105,N,VIIRS,n,2,306.15,8.18,D,0
40.05157,-120.81606,343.36,0.4,0.37,2021-08-24,2105,N,VIIRS,n,2,305.39,13.09,D,0
40.05492,-120.81686,342.22,0.4,0.37,2021-08-24,2105,N,VIIRS,n,2,312.31,13.09,D,0
40.05553,-120.81242,352.92,0.4,0.37,2021-08-24,2105,N,VIIRS,n,2,319.67,44.02,D,0
40.05888,-120.81327,350.11,0.4,0.37,2021-08-24,2105,N,VIIRS,n,2,305.57,13.3,D,0
40.05947,-120.8089,332.43,0.4,0.37,2021-08-24,2105,N,VIIRS,l,2,304.08,13.3,D,0
40.06222,-120.81411,335.08,0.4,0.37,2021-08-24,2105,N,VIIRS,n,2,304.16,13.3,D,0
40.06281,-120.80978,350.79,0.4,0.37,2021-08-24,2105,N,VIIRS,n,2,315.66,13.3,D,0
40.06556,-120.81496,334.43,0.4,0.37,2021-08-24,2105,N,VIIRS,l,2,305.36,3.79,D,0
40.0689,-120.81579,333.22,0.4,0.37,2021-08-24,2105,N,VIIRS,n,2,301.68,3.79,D,0
40.0695,-120.81143,338.6,0.4,0.37,2021-08-24,2105,N,VIIRS,n,2,303.13,3.79,D,0
40.07286,-120.81216,344.45,0.4,0.37,2021-08-24,2105,N,VIIRS,n,2,302.55,4.73,D,0
40.07684,-120.80837,351.58,0.4,0.37,2021-08-24,2105,N,VIIRS,n,2,305.49,9.41,D,0
40.07746,-120.80388,350.1,0.4,0.37,2021-08-24,2105,N,VIIRS,n,2,306.09,9.41,D,0
40.08083,-120.80449,348.08,0.4,0.37,2021-08-24,2105,N,VIIRS,n,2,299.99,5.55,D,0
40.08146,-120.79994,344.6,0.4,0.37,2021-08-24,2105,N,VIIRS,n,2,302.89,3.77,D,0
40.0821,-120.79531,333.44,0.4,0.37,2021-08-24,2105,N,VIIRS,n,2,302.58,3.77,D,0
40.08484,-120.80049,338.9,0.4,0.37,2021-08-24,2105,N,VIIRS,n,2,302.94,3.77,D,0
40.08758,-120.80577,296.6,0.4,0.37,2021-08-24,2105,N,VIIRS,l,2,307.12,20.96,D,0
40.08822,-120.80109,335.14,0.4,0.37,2021-08-24,2105,N,VIIRS,n,2,304.64,16.44,D,0
40.09161,-120.80165,367,0.4,0.37,2021-08-24,2105,N,VIIRS,h,2,308.18,16.44,D,0
40.11071,-122.15374,344.15,0.38,0.36,2021-08-24,2105,N,VIIRS,l,2,318.52,6.87,D,0
40.12101,-120.71366,333.39,0.4,0.37,2021-08-24,2105,N,VIIRS,n,2,303.02,4.26,D,0
40.12434,-120.71459,336.86,0.4,0.37,2021-08-24,2105,N,VIIRS,n,2,304.96,4.26,D,0
40.12498,-120.70992,347.28,0.4,0.37,2021-08-24,2105,N,VIIRS,n,2,302,4.26,D,0
40.1559,-122.18719,339.36,0.38,0.36,2021-08-24,2105,N,VIIRS,l,2,310.96,2.18,D,0
40.16511,-120.51847,337.87,0.4,0.37,2021-08-24,2105,N,VIIRS,l,2,312.85,5.58,D,0
40.16574,-120.51377,348.89,0.4,0.37,2021-08-24,2105,N,VIIRS,n,2,314.1,5.58,D,0
40.17247,-120.51541,348.31,0.4,0.37,2021-08-24,2105,N,VIIRS,n,2,312.58,9.91,D,0
40.31605,-121.44118,345.63,0.39,0.36,2021-08-24,2105,N,VIIRS,n,2,305.44,4.64,D,0
40.31807,-121.4511,354.01,0.39,0.36,2021-08-24,2105,N,VIIRS,n,2,308.59,8.54,D,0
40.31871,-121.44657,367,0.39,0.36,2021-08-24,2105,N,VIIRS,h,2,308.65,8.54,D,0
40.31936,-121.44206,334.78,0.39,0.36,2021-08-24,2105,N,VIIRS,n,2,309.5,4.64,D,0
40.32073,-121.45644,341.23,0.39,0.36,2021-08-24,2105,N,VIIRS,n,2,305.13,5.37,D,0
40.32138,-121.45193,333.17,0.39,0.36,2021-08-24,2105,N,VIIRS,n,2,307.99,8.75,D,0
40.32202,-121.44743,350.88,0.39,0.36,2021-08-24,2105,N,VIIRS,n,2,313.72,8.75,D,0
40.32661,-121.43925,331.57,0.39,0.36,2021-08-24,2105,N,VIIRS,l,2,303.36,8.35,D,0
40.32727,-121.43467,336.39,0.39,0.36,2021-08-24,2105,N,VIIRS,n,2,302.05,6.13,D,0
40.32734,-121.09223,338.3,0.4,0.37,2021-08-24,2105,N,VIIRS,n,2,307.49,4.22,D,0
40.32822,-121.13551,332.42,0.39,0.37,2021-08-24,2105,N,VIIRS,l,2,307.31,2.53,D,0
40.32851,-121.40186,334.89,0.39,0.36,2021-08-24,2105,N,VIIRS,l,2,306.52,3.94,D,0
40.33182,-121.40272,340.68,0.39,0.36,2021-08-24,2105,N,VIIRS,n,2,307.68,3.94,D,0
40.33325,-121.44084,349.22,0.39,0.36,2021-08-24,2105,N,VIIRS,n,2,302.84,6.9,D,0
40.33657,-121.44163,344.04,0.39,0.36,2021-08-24,2105,N,VIIRS,n,2,301.97,5.93,D,0
40.33779,-121.40897,341.68,0.39,0.36,2021-08-24,2105,N,VIIRS,n,2,308.37,3.9,D,0
40.33844,-121.40444,338.42,0.39,0.36,2021-08-24,2105,N,VIIRS,l,2,309.62,3.9,D,0
40.33908,-121.39989,351.14,0.39,0.36,2021-08-24,2105,N,VIIRS,n,2,310.92,18.68,D,0
40.3411,-121.4098,337.1,0.39,0.36,2021-08-24,2105,N,VIIRS,l,2,307.99,5.04,D,0
40.34572,-121.40147,336.49,0.39,0.36,2021-08-24,2105,N,VIIRS,l,2,307.21,5.85,D,0
40.34637,-121.3969,340.54,0.39,0.36,2021-08-24,2105,N,VIIRS,n,2,303.69,5.85,D,0
40.34836,-121.38302,337.42,0.39,0.36,2021-08-24,2105,N,VIIRS,n,2,306.15,3.25,D,0
40.35239,-121.40295,337.48,0.39,0.36,2021-08-24,2105,N,VIIRS,n,2,305.4,3.17,D,0
40.35304,-121.39835,337.47,0.39,0.36,2021-08-24,2105,N,VIIRS,n,2,305.33,3.17,D,0
40.35446,-121.43652,335.41,0.39,0.36,2021-08-24,2105,N,VIIRS,l,2,306.07,2.83,D,0
40.35611,-121.44001,335.48,0.39,0.36,2021-08-24,2105,N,VIIRS,l,2,306.08,3.6,D,0
40.35894,-121.35696,348.13,0.39,0.36,2021-08-24,2105,N,VIIRS,n,2,305.08,6.64,D,0
40.3646,-121.40418,334.74,0.39,0.36,2021-08-24,2105,N,VIIRS,l,2,307.35,3.17,D,0
40.36605,-121.11126,342.46,0.4,0.37,2021-08-24,2105,N,VIIRS,n,2,308.11,3.44,D,0
40.37337,-121.10825,340.97,0.4,0.37,2021-08-24,2105,N,VIIRS,n,2,309.87,9.07,D,0
40.37402,-121.10362,344.49,0.4,0.37,2021-08-24,2105,N,VIIRS,n,2,317.62,24.09,D,0
40.37735,-121.10443,346.38,0.4,0.37,2021-08-24,2105,N,VIIRS,n,2,307.89,10.35,D,0
40.42111,-121.1233,348.14,0.4,0.37,2021-08-24,2105,N,VIIRS,n,2,308.69,5.21,D,0
40.42284,-121.06092,343.26,0.4,0.37,2021-08-24,2105,N,VIIRS,n,2,307.22,8.35,D,0
40.42636,-121.11029,345.03,0.4,0.37,2021-08-24,2105,N,VIIRS,n,2,310.79,12.27,D,0
40.4297,-121.11105,345.09,0.4,0.37,2021-08-24,2105,N,VIIRS,n,2,311.76,22.23,D,0
40.45764,-121.08361,336.59,0.4,0.37,2021-08-24,2105,N,VIIRS,n,2,307.29,2.61,D,0
40.47099,-121.08681,333.47,0.4,0.37,2021-08-24,2105,N,VIIRS,l,2,304.05,3.3,D,0
40.46481,-121.48447,339.03,0.39,0.36,2021-08-24,2106,N,VIIRS,n,2,304.7,3.36,D,0
40.4803,-121.35007,350.79,0.39,0.36,2021-08-24,2106,N,VIIRS,n,2,309.38,9.42,D,0
40.48289,-121.33163,341.22,0.39,0.36,2021-08-24,2106,N,VIIRS,l,2,315.48,27.95,D,0
40.48354,-121.327,338.59,0.39,0.36,2021-08-24,2106,N,VIIRS,n,2,303.93,9.55,D,0
40.48362,-121.35091,346.18,0.39,0.36,2021-08-24,2106,N,VIIRS,n,2,305.78,9.18,D,0
40.48426,-121.34633,345.36,0.39,0.36,2021-08-24,2106,N,VIIRS,n,2,306.37,3.2,D,0
40.48686,-121.32782,354,0.39,0.36,2021-08-24,2106,N,VIIRS,n,2,306.18,10.21,D,0
40.49083,-121.32395,350.31,0.39,0.36,2021-08-24,2106,N,VIIRS,n,2,303.76,10.21,D,0
40.49108,-121.39555,347.21,0.39,0.36,2021-08-24,2106,N,VIIRS,n,2,313.59,15.81,D,0
40.49173,-121.39096,351.2,0.39,0.36,2021-08-24,2106,N,VIIRS,n,2,314.01,15.81,D,0
40.49237,-121.38634,353.76,0.39,0.36,2021-08-24,2106,N,VIIRS,n,2,312.38,14.92,D,0
40.49375,-121.40097,350.22,0.39,0.36,2021-08-24,2106,N,VIIRS,n,2,314.13,11.34,D,0
40.4944,-121.39637,357.55,0.39,0.36,2021-08-24,2106,N,VIIRS,n,2,319.44,15.81,D,0
40.49569,-121.24009,337.71,0.39,0.36,2021-08-24,2106,N,VIIRS,n,2,302.47,3.56,D,0
40.49635,-121.23538,338.63,0.39,0.36,2021-08-24,2106,N,VIIRS,n,2,298.43,6.9,D,0
40.49683,-121.33019,340.43,0.39,0.36,2021-08-24,2106,N,VIIRS,n,2,306,5.4,D,0
40.49716,-121.42542,345.89,0.39,0.36,2021-08-24,2106,N,VIIRS,n,2,312.36,9.95,D,0
40.4983,-121.22127,341.58,0.39,0.37,2021-08-24,2106,N,VIIRS,n,2,305.24,10.52,D,0
40.49908,-121.4118,341.46,0.39,0.36,2021-08-24,2106,N,VIIRS,l,2,313.05,8.03,D,0
40.49966,-121.38339,345.05,0.39,0.36,2021-08-24,2106,N,VIIRS,n,2,311.37,8.32,D,0
40.49973,-121.40726,342.2,0.39,0.36,2021-08-24,2106,N,VIIRS,l,2,312.53,12.91,D,0
40.49983,-121.43079,349.35,0.39,0.36,2021-08-24,2106,N,VIIRS,n,2,317.01,5.86,D,0
40.50047,-121.42624,342.31,0.39,0.36,2021-08-24,2106,N,VIIRS,l,2,314.89,10.01,D,0
40.50102,-121.39806,350.21,0.39,0.36,2021-08-24,2106,N,VIIRS,n,2,308.84,20.35,D,0
40.50186,-121.44072,347.13,0.39,0.36,2021-08-24,2106,N,VIIRS,n,2,312.82,6.07,D,0
40.50227,-121.36484,354.1,0.39,0.36,2021-08-24,2106,N,VIIRS,n,2,314.16,21.02,D,0
40.50232,-121.38888,350.35,0.39,0.36,2021-08-24,2106,N,VIIRS,n,2,311.85,8.32,D,0
40.5024,-121.41265,352.9,0.39,0.36,2021-08-24,2106,N,VIIRS,n,2,311.32,7.24,D,0
40.5025,-121.43616,349.96,0.39,0.36,2021-08-24,2106,N,VIIRS,n,2,315.08,5.86,D,0
40.50304,-121.4081,342.3,0.39,0.36,2021-08-24,2106,N,VIIRS,n,2,309.48,4.33,D,0
40.50315,-121.43159,350.23,0.39,0.36,2021-08-24,2106,N,VIIRS,n,2,319.18,5.86,D,0
40.50363,-121.37956,356.39,0.39,0.36,2021-08-24,2106,N,VIIRS,n,2,314.76,12.99,D,0
40.50387,-121.45071,367,0.39,0.36,2021-08-24,2106,N,VIIRS,l,2,364.37,209.84,D,0
40.50434,-121.3989,351.36,0.39,0.36,2021-08-24,2106,N,VIIRS,n,2,318.27,12.59,D,0
40.50453,-121.44609,355.34,0.39,0.36,2021-08-24,2106,N,VIIRS,n,2,321.59,80.65,D,0
40.50499,-121.3943,350.42,0.39,0.36,2021-08-24,2106,N,VIIRS,n,2,310.16,12.59,D,0
40.50507,-121.41802,346.65,0.39,0.36,2021-08-24,2106,N,VIIRS,n,2,310.66,7.24,D,0
40.50518,-121.44151,352.53,0.39,0.36,2021-08-24,2106,N,VIIRS,n,2,320.23,80.65,D,0
40.50564,-121.3897,351.68,0.39,0.36,2021-08-24,2106,N,VIIRS,n,2,310.95,7.16,D,0
40.50624,-121.36104,339.01,0.39,0.36,2021-08-24,2106,N,VIIRS,n,2,301.71,6.23,D,0
40.50629,-121.38506,348.82,0.39,0.36,2021-08-24,2106,N,VIIRS,n,2,311.63,7.16,D,0
40.50636,-121.40891,344.84,0.39,0.36,2021-08-24,2106,N,VIIRS,n,2,309.11,4.33,D,0
40.50647,-121.43242,346.77,0.39,0.36,2021-08-24,2106,N,VIIRS,n,2,316.63,7.29,D,0
40.50654,-121.45608,338.21,0.39,0.36,2021-08-24,2106,N,VIIRS,l,2,309.12,209.84,D,0
40.50695,-121.38041,350.54,0.39,0.36,2021-08-24,2106,N,VIIRS,n,2,325.05,25.18,D,0
40.50701,-121.40432,340.48,0.39,0.36,2021-08-24,2106,N,VIIRS,l,2,313.51,4.33,D,0
40.50711,-121.42788,367,0.39,0.36,2021-08-24,2106,N,VIIRS,h,2,314.21,6.15,D,0
40.50719,-121.45147,367,0.39,0.36,2021-08-24,2106,N,VIIRS,l,2,376.85,209.84,D,0
40.50746,-121.32791,334.37,0.39,0.36,2021-08-24,2106,N,VIIRS,l,2,305.41,2.14,D,0
40.50766,-121.3997,344.47,0.39,0.36,2021-08-24,2106,N,VIIRS,n,2,313.22,12.59,D,0
40.50774,-121.42336,341.53,0.39,0.36,2021-08-24,2106,N,VIIRS,n,2,312.55,6.15,D,0
40.50785,-121.44688,367,0.39,0.36,2021-08-24,2106,N,VIIRS,h,2,359.48,80.65,D,0
40.50812,-121.3232,351.09,0.39,0.36,2021-08-24,2106,N,VIIRS,n,2,322.63,26.32,D,0
40.50831,-121.3951,345.96,0.39,0.36,2021-08-24,2106,N,VIIRS,n,2,314.17,12.59,D,0
40.50849,-121.44232,353.74,0.39,0.36,2021-08-24,2106,N,VIIRS,l,2,328.94,80.65,D,0
40.50878,-121.31852,335.6,0.39,0.36,2021-08-24,2106,N,VIIRS,l,2,310.08,26.32,D,0
40.50896,-121.39051,354.77,0.39,0.36,2021-08-24,2106,N,VIIRS,n,2,311.9,7.16,D,0
40.50914,-121.43777,354.14,0.39,0.36,2021-08-24,2106,N,VIIRS,n,2,319.27,7.29,D,0
40.50959,-121.21432,336,0.39,0.37,2021-08-24,2106,N,VIIRS,n,2,300.36,5.09,D,0
40.50961,-121.38589,351.91,0.39,0.36,2021-08-24,2106,N,VIIRS,n,2,311.22,7.16,D,0
40.50978,-121.43324,347.18,0.39,0.36,2021-08-24,2106,N,VIIRS,n,2,316.28,7.29,D,0
40.51021,-121.35725,336.81,0.39,0.36,2021-08-24,2106,N,VIIRS,l,2,310.3,17.51,D,0
40.51026,-121.38125,351.58,0.39,0.36,2021-08-24,2106,N,VIIRS,n,2,316.93,25.18,D,0
40.51033,-121.40511,352.15,0.39,0.36,2021-08-24,2106,N,VIIRS,n,2,315.2,19.76,D,0
40.51042,-121.4287,344.65,0.39,0.36,2021-08-24,2106,N,VIIRS,n,2,315.03,6.15,D,0
40.51052,-121.45224,349.83,0.39,0.36,2021-08-24,2106,N,VIIRS,n,2,304.77,9.77,D,0
40.51085,-121.35268,352.24,0.39,0.36,2021-08-24,2106,N,VIIRS,n,2,315.97,47.08,D,0
40.51092,-121.37659,337.34,0.39,0.36,2021-08-24,2106,N,VIIRS,l,2,311.51,25.18,D,0
40.51097,-121.40051,341.06,0.39,0.36,2021-08-24,2106,N,VIIRS,l,2,314.74,4.44,D,0
40.51162,-121.22443,348.97,0.39,0.37,2021-08-24,2106,N,VIIRS,n,2,303.2,7.43,D,0
40.51163,-121.3959,346.76,0.39,0.36,2021-08-24,2106,N,VIIRS,n,2,311.61,4.44,D,0
40.51181,-121.44313,344.31,0.39,0.36,2021-08-24,2106,N,VIIRS,n,2,308.28,10.97,D,0
40.5121,-121.31935,338.05,0.39,0.36,2021-08-24,2106,N,VIIRS,l,2,309.6,26.32,D,0
40.51236,-121.24382,335.28,0.39,0.36,2021-08-24,2106,N,VIIRS,n,2,302.45,4.05,D,0
40.51246,-121.43858,348.16,0.39,0.36,2021-08-24,2106,N,VIIRS,n,2,314.71,12.23,D,0
40.5131,-121.43403,346.92,0.39,0.36,2021-08-24,2106,N,VIIRS,n,2,310.34,12.23,D,0
40.51365,-121.40589,348.66,0.39,0.36,2021-08-24,2106,N,VIIRS,n,2,309.75,19.76,D,0
40.51417,-121.35349,322.14,0.39,0.36,2021-08-24,2106,N,VIIRS,l,2,323.72,47.08,D,0
40.5143,-121.40127,338.32,0.39,0.36,2021-08-24,2106,N,VIIRS,l,2,310.5,4.44,D,0
40.5149,-121.37272,335.83,0.39,0.36,2021-08-24,2106,N,VIIRS,l,2,310.7,4.5,D,0
40.5156,-121.22056,334.13,0.39,0.37,2021-08-24,2106,N,VIIRS,n,2,302.06,4.89,D,0
40.51569,-121.24458,345.63,0.39,0.36,2021-08-24,2106,N,VIIRS,n,2,303.13,4.05,D,0
40.51754,-121.20663,334.51,0.39,0.37,2021-08-24,2106,N,VIIRS,n,2,303.42,3.98,D,0
40.52087,-121.20743,332.32,0.39,0.37,2021-08-24,2106,N,VIIRS,n,2,301.63,3.98,D,0
40.52439,-121.2561,353.8,0.39,0.36,2021-08-24,2106,N,VIIRS,n,2,310.35,12.25,D,0
40.52709,-121.26147,352.23,0.39,0.36,2021-08-24,2106,N,VIIRS,n,2,311.54,12.25,D,0
40.52773,-121.25685,338.98,0.39,0.36,2021-08-24,2106,N,VIIRS,n,2,303.62,12.25,D,0
40.52978,-121.26682,341.83,0.39,0.36,2021-08-24,2106,N,VIIRS,n,2,307.94,8.88,D,0
40.53042,-121.26222,352.8,0.39,0.36,2021-08-24,2106,N,VIIRS,n,2,319.71,20.37,D,0
40.53107,-121.25763,352.44,0.39,0.36,2021-08-24,2106,N,VIIRS,n,2,312.6,20.37,D,0
40.53375,-121.26299,346.31,0.39,0.36,2021-08-24,2106,N,VIIRS,n,2,301.52,20.37,D,0
40.53594,-121.29649,343.26,0.39,0.36,2021-08-24,2106,N,VIIRS,n,2,310.84,6.66,D,0
40.53901,-121.25002,345.37,0.39,0.36,2021-08-24,2106,N,VIIRS,n,2,306.76,8.29,D,0
40.53965,-121.24545,348,0.39,0.36,2021-08-24,2106,N,VIIRS,n,2,305.07,16.64,D,0
40.53991,-121.29266,337.15,0.39,0.36,2021-08-24,2106,N,VIIRS,n,2,309.4,55.23,D,0
40.54029,-121.2409,349.77,0.39,0.36,2021-08-24,2106,N,VIIRS,n,2,322.82,16.64,D,0
40.54234,-121.25079,353.23,0.39,0.36,2021-08-24,2106,N,VIIRS,n,2,303.59,8.29,D,0
40.54298,-121.24624,350.3,0.39,0.36,2021-08-24,2106,N,VIIRS,n,2,305.33,16.64,D,0
40.54361,-121.24169,338.53,0.39,0.36,2021-08-24,2106,N,VIIRS,n,2,301.91,16.64,D,0
40.54631,-121.24702,351.09,0.39,0.36,2021-08-24,2106,N,VIIRS,n,2,302.46,8.58,D,0
40.54695,-121.24244,354.26,0.39,0.36,2021-08-24,2106,N,VIIRS,n,2,303.82,8.58,D,0
40.54759,-121.23787,344.91,0.39,0.36,2021-08-24,2106,N,VIIRS,n,2,299.87,4.03,D,0
40.5504,-121.26694,342.54,0.39,0.36,2021-08-24,2106,N,VIIRS,n,2,306.76,22.93,D,0
40.55169,-121.25771,352.63,0.39,0.36,2021-08-24,2106,N,VIIRS,n,2,306.89,6.02,D,0
40.55234,-121.25311,344.01,0.39,0.36,2021-08-24,2106,N,VIIRS,n,2,302.31,6.02,D,0
40.55309,-121.2723,351.32,0.39,0.36,2021-08-24,2106,N,VIIRS,n,2,308.41,18.61,D,0
40.55373,-121.26772,367,0.39,0.36,2021-08-24,2106,N,VIIRS,l,2,330.92,22.93,D,0
40.55438,-121.2631,355.37,0.39,0.36,2021-08-24,2106,N,VIIRS,n,2,310.48,22.93,D,0
40.55503,-121.25849,349.46,0.39,0.36,2021-08-24,2106,N,VIIRS,n,2,304.27,6.02,D,0
40.55556,-121.23011,367,0.39,0.37,2021-08-24,2106,N,VIIRS,h,2,309.49,17.29,D,0
40.55621,-121.22545,346.09,0.39,0.37,2021-08-24,2106,N,VIIRS,n,2,303.5,17.29,D,0
40.55706,-121.26849,350.35,0.39,0.36,2021-08-24,2106,N,VIIRS,n,2,316.85,16.77,D,0
40.55771,-121.26388,356.06,0.39,0.36,2021-08-24,2106,N,VIIRS,n,2,306.18,16.77,D,0
40.55824,-121.23554,334.28,0.39,0.37,2021-08-24,2106,N,VIIRS,n,2,300.72,5.85,D,0
40.55888,-121.23096,356.17,0.39,0.37,2021-08-24,2106,N,VIIRS,n,2,308.81,17.29,D,0
40.55954,-121.2263,351.29,0.39,0.37,2021-08-24,2106,N,VIIRS,n,2,304.38,17.29,D,0
40.56039,-121.26926,351.43,0.39,0.36,2021-08-24,2106,N,VIIRS,n,2,309.12,16.77,D,0
40.56104,-121.26463,344.69,0.39,0.36,2021-08-24,2106,N,VIIRS,n,2,302.58,16.77,D,0
40.56221,-121.23179,343.49,0.39,0.37,2021-08-24,2106,N,VIIRS,n,2,297.12,13.08,D,0
40.56286,-121.22716,367,0.39,0.37,2021-08-24,2106,N,VIIRS,h,2,301.14,13.08,D,0
40.56363,-121.24622,335.02,0.39,0.36,2021-08-24,2106,N,VIIRS,n,2,301.1,4.69,D,0
40.56373,-121.27001,353.9,0.39,0.36,2021-08-24,2106,N,VIIRS,n,2,307.87,13.76,D,0
40.56438,-121.2654,351.4,0.39,0.36,2021-08-24,2106,N,VIIRS,n,2,315.2,13.76,D,0
40.5649,-121.23714,339.09,0.39,0.37,2021-08-24,2106,N,VIIRS,n,2,301.63,4.72,D,0
40.56515,-121.28445,347.72,0.39,0.36,2021-08-24,2106,N,VIIRS,l,2,318.39,43.99,D,0
40.56554,-121.23255,367,0.39,0.37,2021-08-24,2106,N,VIIRS,h,2,301.82,13.08,D,0
40.56619,-121.22791,339.42,0.39,0.37,2021-08-24,2106,N,VIIRS,n,2,299.78,13.08,D,0
40.56632,-121.25156,336.08,0.39,0.36,2021-08-24,2106,N,VIIRS,n,2,301.06,4.73,D,0
40.56654,-121.29903,341.94,0.39,0.36,2021-08-24,2106,N,VIIRS,n,2,309.81,9.63,D,0
40.56707,-121.27079,347.73,0.39,0.36,2021-08-24,2106,N,VIIRS,n,2,307.28,13.76,D,0
40.56771,-121.26617,348.63,0.39,0.36,2021-08-24,2106,N,VIIRS,n,2,304.65,13.76,D,0
40.56824,-121.23789,343.46,0.39,0.37,2021-08-24,2106,N,VIIRS,n,2,311.9,19.5,D,0
40.56848,-121.28521,367,0.39,0.36,2021-08-24,2106,N,VIIRS,l,2,325.62,68.49,D,0
40.56888,-121.23331,367,0.39,0.37,2021-08-24,2106,N,VIIRS,h,2,306.77,11.84,D,0
40.56901,-121.25694,345.75,0.39,0.36,2021-08-24,2106,N,VIIRS,n,2,302.35,7.77,D,0
40.56966,-121.25233,337.73,0.39,0.36,2021-08-24,2106,N,VIIRS,n,2,300.52,4.73,D,0
40.56986,-121.29984,346.78,0.39,0.36,2021-08-24,2106,N,VIIRS,n,2,310.54,9.63,D,0
40.57051,-121.29523,350.84,0.39,0.36,2021-08-24,2106,N,VIIRS,n,2,311.33,9.63,D,0
40.57105,-121.26694,340.73,0.39,0.36,2021-08-24,2106,N,VIIRS,n,2,305.64,10.05,D,0
40.57157,-121.23865,354.47,0.39,0.37,2021-08-24,2106,N,VIIRS,n,2,305.87,19.5,D,0
40.5717,-121.26232,346.66,0.39,0.36,2021-08-24,2106,N,VIIRS,n,2,306.12,7.99,D,0
40.57181,-121.28599,343.91,0.39,0.36,2021-08-24,2106,N,VIIRS,n,2,309.83,68.49,D,0
40.57222,-121.23404,349.6,0.39,0.37,2021-08-24,2106,N,VIIRS,n,2,300.66,11.84,D,0
40.57234,-121.2577,342.97,0.39,0.36,2021-08-24,2106,N,VIIRS,n,2,303.88,7.99,D,0
40.57246,-121.2814,343.39,0.39,0.36,2021-08-24,2106,N,VIIRS,n,2,304.12,17.05,D,0
40.57249,-121.32979,334.07,0.39,0.36,2021-08-24,2106,N,VIIRS,n,2,300.68,2.25,D,0
40.57288,-121.22939,337.71,0.39,0.37,2021-08-24,2106,N,VIIRS,n,2,299.36,11.84,D,0
40.57299,-121.2531,345.22,0.39,0.36,2021-08-24,2106,N,VIIRS,n,2,303.3,10.59,D,0
40.57319,-121.30065,367,0.39,0.36,2021-08-24,2106,N,VIIRS,h,2,315.33,29.64,D,0
40.57384,-121.29601,353.27,0.39,0.36,2021-08-24,2106,N,VIIRS,n,2,313.61,29.64,D,0
40.57492,-121.23937,339.19,0.39,0.37,2021-08-24,2106,N,VIIRS,n,2,300.89,8.45,D,0
40.57503,-121.26308,346.01,0.39,0.36,2021-08-24,2106,N,VIIRS,n,2,304.5,7.99,D,0
40.57556,-121.23476,351.6,0.39,0.37,2021-08-24,2106,N,VIIRS,n,2,300.8,7.04,D,0
40.57579,-121.28215,367,0.39,0.36,2021-08-24,2106,N,VIIRS,l,2,337.15,75.89,D,0
40.57581,-121.33058,343.22,0.39,0.36,2021-08-24,2106,N,VIIRS,n,2,300.53,4.93,D,0
40.57644,-121.27757,347.56,0.39,0.36,2021-08-24,2106,N,VIIRS,n,2,303.15,75.89,D,0
40.57652,-121.30143,354.96,0.39,0.36,2021-08-24,2106,N,VIIRS,n,2,314.54,29.64,D,0
40.57891,-121.23549,333.31,0.39,0.37,2021-08-24,2106,N,VIIRS,n,2,298.13,7.04,D,0
40.57913,-121.28292,367,0.39,0.36,2021-08-24,2106,N,VIIRS,h,2,350.84,75.89,D,0
40.57978,-121.27831,353.04,0.39,0.36,2021-08-24,2106,N,VIIRS,n,2,304.49,75.89,D,0
40.57985,-121.30222,351.21,0.39,0.36,2021-08-24,2106,N,VIIRS,n,2,321.11,28.92,D,0
40.58051,-121.29755,350.66,0.39,0.36,2021-08-24,2106,N,VIIRS,n,2,313.01,28.92,D,0
40.58116,-121.29292,352.38,0.39,0.36,2021-08-24,2106,N,VIIRS,n,2,309.89,7.59,D,0
40.58181,-121.2883,353.36,0.39,0.36,2021-08-24,2106,N,VIIRS,n,2,308.6,7.59,D,0
40.58184,-121.31244,367,0.39,0.36,2021-08-24,2106,N,VIIRS,l,2,331.28,44.29,D,0
40.58246,-121.28367,351.85,0.39,0.36,2021-08-24,2106,N,VIIRS,n,2,315.81,28.55,D,0
40.5825,-121.30772,356.55,0.39,0.36,2021-08-24,2106,N,VIIRS,n,2,315.61,44.29,D,0
40.58311,-121.27907,344.05,0.39,0.36,2021-08-24,2106,N,VIIRS,n,2,303.33,28.55,D,0
40.58317,-121.35148,356.33,0.39,0.36,2021-08-24,2106,N,VIIRS,n,2,304.85,12.56,D,0
40.58317,-121.30302,367,0.39,0.36,2021-08-24,2106,N,VIIRS,l,2,331.35,28.92,D,0
40.58382,-121.34689,336.45,0.39,0.36,2021-08-24,2106,N,VIIRS,n,2,295.95,12.56,D,0
40.58384,-121.29832,350.27,0.39,0.36,2021-08-24,2106,N,VIIRS,n,2,317.58,28.92,D,0
40.5845,-121.31793,337.74,0.39,0.36,2021-08-24,2106,N,VIIRS,n,2,300.91,41.54,D,0
40.5845,-121.29369,341.56,0.39,0.36,2021-08-24,2106,N,VIIRS,n,2,305.18,7.59,D,0
40.58464,-121.3549,332.48,0.39,0.36,2021-08-24,2106,N,VIIRS,n,2,300.06,8.21,D,0
40.58515,-121.28906,339.74,0.39,0.36,2021-08-24,2106,N,VIIRS,n,2,304.56,7.59,D,0
40.58517,-121.31324,367,0.39,0.36,2021-08-24,2106,N,VIIRS,l,2,329.2,39.62,D,0
40.58529,-121.35029,350.5,0.39,0.36,2021-08-24,2106,N,VIIRS,n,2,307.26,60.05,D,0
40.58583,-121.30855,352.27,0.39,0.36,2021-08-24,2106,N,VIIRS,n,2,303.66,39.62,D,0
40.58649,-121.32811,356.97,0.39,0.36,2021-08-24,2106,N,VIIRS,n,2,307.39,17.92,D,0
40.5865,-121.30383,356,0.39,0.36,2021-08-24,2106,N,VIIRS,n,2,308.78,10.08,D,0
40.58716,-121.32339,351.84,0.39,0.36,2021-08-24,2106,N,VIIRS,n,2,306.67,41.54,D,0
40.58716,-121.29913,344.73,0.39,0.36,2021-08-24,2106,N,VIIRS,n,2,306.31,10.08,D,0
40.58789,-121.33162,347.35,0.39,0.36,2021-08-24,2106,N,VIIRS,n,2,299.62,11.32,D,0
40.58849,-121.31403,349.51,0.39,0.36,2021-08-24,2106,N,VIIRS,n,2,311.58,39.62,D,0
40.5892,-121.32217,314.22,0.39,0.36,2021-08-24,2106,N,VIIRS,l,2,319.37,47.82,D,0
40.58927,-121.34636,337.3,0.39,0.36,2021-08-24,2106,N,VIIRS,n,2,302.29,60.05,D,0
40.58985,-121.31749,349.32,0.39,0.36,2021-08-24,2106,N,VIIRS,n,2,313.38,47.82,D,0
40.58992,-121.34173,347.21,0.39,0.36,2021-08-24,2106,N,VIIRS,n,2,297.03,24.87,D,0
40.5905,-121.31281,332.74,0.39,0.36,2021-08-24,2106,N,VIIRS,n,2,299.21,3.03,D,0
40.59319,-121.31824,339.67,0.39,0.36,2021-08-24,2106,N,VIIRS,n,2,302.05,47.82,D,0
40.59521,-121.32837,332.75,0.39,0.36,2021-08-24,2106,N,VIIRS,l,2,304.17,18.71,D,0
40.59586,-121.32368,353.56,0.39,0.36,2021-08-24,2106,N,VIIRS,n,2,314.79,21.73,D,0
40.59854,-121.3291,341.71,0.39,0.36,2021-08-24,2106,N,VIIRS,n,2,309.1,18.71,D,0
40.59919,-121.32443,334.24,0.39,0.36,2021-08-24,2106,N,VIIRS,n,2,297.84,21.73,D,0
40.59977,-121.29562,333.78,0.39,0.36,2021-08-24,2106,N,VIIRS,n,2,299.98,5.69,D,0
40.60188,-121.32984,355.17,0.39,0.36,2021-08-24,2106,N,VIIRS,n,2,308.43,30.07,D,0
40.60521,-121.33058,340.77,0.39,0.36,2021-08-24,2106,N,VIIRS,l,2,312.36,30.07,D,0
40.60586,-121.32592,332.36,0.39,0.36,2021-08-24,2106,N,VIIRS,n,2,296.25,27.05,D,0
41.4305,-121.88777,339.3,0.39,0.36,2021-08-24,2106,N,VIIRS,n,2,311.38,3.91,D,0
41.43381,-121.88863,346.92,0.39,0.36,2021-08-24,2106,N,VIIRS,n,2,309.7,3.91,D,0
41.43447,-121.884,345.58,0.39,0.36,2021-08-24,2106,N,VIIRS,n,2,308.53,3.91,D,0
41.45102,-121.88822,337.33,0.39,0.36,2021-08-24,2106,N,VIIRS,n,2,305.34,3.61,D,0
41.45168,-121.88357,348.95,0.39,0.36,2021-08-24,2106,N,VIIRS,n,2,305.08,7.25,D,0
41.45433,-121.88907,344.5,0.39,0.36,2021-08-24,2106,N,VIIRS,n,2,310.01,3.61,D,0
41.455,-121.88441,348.4,0.39,0.36,2021-08-24,2106,N,VIIRS,n,2,309.61,7.25,D,0
41.45566,-121.87975,341.02,0.39,0.36,2021-08-24,2106,N,VIIRS,n,2,305.9,7.25,D,0
41.45617,-121.94773,338.91,0.39,0.36,2021-08-24,2106,N,VIIRS,n,2,307.43,7.38,D,0
41.45752,-121.93837,337.18,0.39,0.36,2021-08-24,2106,N,VIIRS,n,2,301.86,11.68,D,0
41.45758,-121.91415,344.2,0.39,0.36,2021-08-24,2106,N,VIIRS,n,2,303.02,8.35,D,0
41.45764,-121.88993,344.15,0.39,0.36,2021-08-24,2106,N,VIIRS,n,2,306.82,4.51,D,0
41.4583,-121.88526,339.26,0.39,0.36,2021-08-24,2106,N,VIIRS,n,2,306.71,3.19,D,0
41.45888,-121.92899,352.7,0.39,0.36,2021-08-24,2106,N,VIIRS,n,2,301.91,25.98,D,0
41.45897,-121.88062,340.98,0.39,0.36,2021-08-24,2106,N,VIIRS,n,2,305.95,3.19,D,0
41.45956,-121.9243,367,0.39,0.36,2021-08-24,2106,N,VIIRS,h,2,305.76,8.59,D,0
41.46084,-121.93913,351.52,0.39,0.36,2021-08-24,2106,N,VIIRS,n,2,302.33,11.68,D,0
41.46152,-121.93446,356.26,0.39,0.36,2021-08-24,2106,N,VIIRS,n,2,311.37,25.98,D,0
41.46162,-121.88611,338.72,0.39,0.36,2021-08-24,2106,N,VIIRS,n,2,306.45,3.19,D,0
41.46228,-121.88146,342.43,0.39,0.36,2021-08-24,2106,N,VIIRS,n,2,308.88,3.19,D,0
41.46286,-121.9251,341.53,0.39,0.36,2021-08-24,2106,N,VIIRS,n,2,297.31,8.59,D,0
41.46347,-121.94469,345.38,0.39,0.36,2021-08-24,2106,N,VIIRS,n,2,303.78,6.45,D,0
41.46415,-121.94003,350.83,0.39,0.36,2021-08-24,2106,N,VIIRS,n,2,301.26,6.45,D,0
41.4654,-121.95502,346.75,0.39,0.36,2021-08-24,2106,N,VIIRS,n,2,302.72,10.06,D,0
41.46625,-121.87768,350.98,0.39,0.36,2021-08-24,2106,N,VIIRS,n,2,309.61,8.95,D,0
41.46869,-121.95594,341.33,0.39,0.36,2021-08-24,2106,N,VIIRS,n,2,301.91,7.35,D,0
41.47266,-121.95216,350.15,0.39,0.36,2021-08-24,2106,N,VIIRS,n,2,305.86,7.35,D,0
41.47808,-121.97587,346.38,0.39,0.36,2021-08-24,2106,N,VIIRS,n,2,305.67,7.45,D,0
41.48402,-121.88593,339.57,0.39,0.36,2021-08-24,2106,N,VIIRS,n,2,308.54,16.79,D,0
41.48411,-121.87275,339.32,0.39,0.36,2021-08-24,2106,N,VIIRS,n,2,304,4.04,D,0
41.48469,-121.9054,343.46,0.39,0.36,2021-08-24,2106,N,VIIRS,n,2,305.15,4.93,D,0
41.48535,-121.90075,339.83,0.39,0.36,2021-08-24,2106,N,VIIRS,n,2,299.76,4.68,D,0
41.48601,-121.89609,346.01,0.39,0.36,2021-08-24,2106,N,VIIRS,n,2,297.27,4.68,D,0
41.48734,-121.88673,353.52,0.39,0.36,2021-08-24,2106,N,VIIRS,n,2,317.12,16.79,D,0
41.48801,-121.90616,367,0.39,0.36,2021-08-24,2106,N,VIIRS,h,2,310.35,19.94,D,0
41.48933,-121.89688,350.96,0.39,0.36,2021-08-24,2106,N,VIIRS,n,2,311.26,34.3,D,0
41.48934,-121.96896,337.73,0.39,0.36,2021-08-24,2106,N,VIIRS,n,2,297.32,2.47,D,0
41.48999,-121.89223,350.9,0.39,0.36,2021-08-24,2106,N,VIIRS,n,2,304.49,89.83,D,0
41.49063,-122.00784,337.38,0.39,0.36,2021-08-24,2106,N,VIIRS,n,2,300.62,3.31,D,0
41.49065,-121.88754,346.5,0.39,0.36,2021-08-24,2106,N,VIIRS,n,2,304.45,89.83,D,0
41.49132,-121.88285,338.35,0.39,0.36,2021-08-24,2106,N,VIIRS,n,2,300.61,15.38,D,0
41.49133,-121.90692,355.84,0.39,0.36,2021-08-24,2106,N,VIIRS,n,2,313.95,19.94,D,0
41.49331,-121.89301,367,0.39,0.36,2021-08-24,2106,N,VIIRS,l,2,333.49,89.83,D,0
41.49397,-121.88834,367,0.39,0.36,2021-08-24,2106,N,VIIRS,h,2,363.79,89.83,D,0
41.49464,-121.9077,350.39,0.39,0.36,2021-08-24,2106,N,VIIRS,n,2,303,6.73,D,0
41.4953,-121.90307,355.51,0.39,0.36,2021-08-24,2106,N,VIIRS,n,2,307.42,10.61,D,0
41.49596,-121.89845,356.26,0.39,0.36,2021-08-24,2106,N,VIIRS,n,2,307.06,10.61,D,0
41.49662,-121.89381,342.08,0.39,0.36,2021-08-24,2106,N,VIIRS,n,2,312.2,91.63,D,0
41.49728,-121.88918,367,0.39,0.36,2021-08-24,2106,N,VIIRS,h,2,359.92,91.63,D,0
41.4973,-121.91314,347.77,0.39,0.36,2021-08-24,2106,N,VIIRS,n,2,306.18,6.73,D,0
41.49796,-121.90852,338.68,0.39,0.36,2021-08-24,2106,N,VIIRS,n,2,300.52,6.73,D,0
41.49862,-121.90389,349.89,0.39,0.36,2021-08-24,2106,N,VIIRS,n,2,304.73,10.61,D,0
41.49927,-121.89928,351.18,0.39,0.36,2021-08-24,2106,N,VIIRS,n,2,299.65,10.61,D,0
41.49993,-121.89465,347.91,0.39,0.36,2021-08-24,2106,N,VIIRS,n,2,306.32,91.63,D,0
41.50058,-121.89004,335.05,0.39,0.36,2021-08-24,2106,N,VIIRS,n,2,297.57,91.63,D,0
41.50061,-121.91399,338.9,0.39,0.36,2021-08-24,2106,N,VIIRS,n,2,306.35,16.06,D,0
41.50127,-121.90934,345.83,0.39,0.36,2021-08-24,2106,N,VIIRS,n,2,313.17,16.06,D,0
41.50193,-121.90474,336.82,0.39,0.36,2021-08-24,2106,N,VIIRS,n,2,302.27,2.69,D,0
41.50458,-121.91019,352.19,0.39,0.36,2021-08-24,2106,N,VIIRS,n,2,304.91,16.06,D,0
41.50524,-121.90556,339.88,0.39,0.36,2021-08-24,2106,N,VIIRS,l,2,310.83,2.69,D,0
41.50589,-121.90097,337.77,0.39,0.36,2021-08-24,2106,N,VIIRS,n,2,307.59,2.69,D,0
41.50789,-121.91102,351.91,0.39,0.36,2021-08-24,2106,N,VIIRS,n,2,307.92,27.11,D,0
41.50854,-121.90642,337.94,0.39,0.36,2021-08-24,2106,N,VIIRS,l,2,309.74,5.84,D,0
41.51186,-121.90725,348.08,0.39,0.36,2021-08-24,2106,N,VIIRS,n,2,309.01,5.84,D,0
41.51251,-121.90265,339.83,0.39,0.36,2021-08-24,2106,N,VIIRS,n,2,304.69,5.84,D,0
41.51517,-121.90807,334.72,0.39,0.36,2021-08-24,2106,N,VIIRS,n,2,305.93,7.4,D,0
41.51582,-121.90347,353.86,0.39,0.36,2021-08-24,2106,N,VIIRS,n,2,303.18,7.4,D,0
41.53617,-122.00066,342.73,0.39,0.36,2021-08-24,2106,N,VIIRS,n,2,308.12,8.83,D,0
41.54881,-121.98435,336.67,0.39,0.36,2021-08-24,2106,N,VIIRS,n,2,304.23,6.23,D,0
41.55006,-121.99934,332.38,0.39,0.36,2021-08-24,2106,N,VIIRS,n,2,300.19,3.82,D,0
41.55477,-121.74995,333.42,0.39,0.36,2021-08-24,2106,N,VIIRS,n,2,298.29,1.91,D,0
41.57673,-121.78896,332.16,0.39,0.36,2021-08-24,2106,N,VIIRS,n,2,295.49,4.47,D,0
41.58004,-121.78983,342.91,0.39,0.36,2021-08-24,2106,N,VIIRS,n,2,299.05,5.97,D,0
41.58071,-121.7851,355.56,0.39,0.36,2021-08-24,2106,N,VIIRS,n,2,301.11,5.97,D,0
41.58138,-121.78039,334.01,0.39,0.36,2021-08-24,2106,N,VIIRS,n,2,299.28,3.25,D,0
41.58335,-121.7907,332.65,0.39,0.36,2021-08-24,2106,N,VIIRS,n,2,292.83,5.97,D,0
41.58469,-121.78125,332.75,0.39,0.36,2021-08-24,2106,N,VIIRS,n,2,299.8,3.25,D,0
39.61774,-119.26405,297.28,0.4,0.44,2021-08-25,924,N,VIIRS,n,2,286.67,0.9,N,2
39.62183,-119.26337,301.21,0.4,0.44,2021-08-25,924,N,VIIRS,n,2,286.72,0.54,N,2
39.78844,-122.03927,296.51,0.56,0.51,2021-08-25,924,N,VIIRS,n,2,286.48,0.78,N,0
40.00521,-120.7774,304.9,0.48,0.48,2021-08-25,924,N,VIIRS,n,2,282.88,2.8,N,0
40.00561,-120.78233,324.52,0.48,0.48,2021-08-25,924,N,VIIRS,n,2,283.09,4.71,N,0
40.0094,-120.77362,347.33,0.48,0.48,2021-08-25,924,N,VIIRS,n,2,290.21,14.24,N,0
40.00979,-120.77826,353.23,0.48,0.48,2021-08-25,924,N,VIIRS,n,2,308.19,14.24,N,0
40.01019,-120.78316,339.9,0.48,0.48,2021-08-25,924,N,VIIRS,n,2,293.35,15.15,N,0
40.01319,-120.76493,299.62,0.48,0.48,2021-08-25,924,N,VIIRS,n,2,286.41,2.76,N,0
40.0136,-120.76989,305.06,0.48,0.48,2021-08-25,924,N,VIIRS,n,2,287.47,2.76,N,0
40.01399,-120.77457,325.23,0.48,0.48,2021-08-25,924,N,VIIRS,n,2,290.01,14.24,N,0
40.01437,-120.77915,334.24,0.48,0.48,2021-08-25,924,N,VIIRS,n,2,289.34,14.24,N,0
40.01476,-120.78385,311.45,0.48,0.48,2021-08-25,924,N,VIIRS,n,2,284.98,15.15,N,0
40.01775,-120.76559,327.91,0.48,0.48,2021-08-25,924,N,VIIRS,n,2,287.47,4.31,N,0
40.01819,-120.77091,315.26,0.48,0.48,2021-08-25,924,N,VIIRS,n,2,289.84,4.31,N,0
40.01858,-120.77556,309.06,0.48,0.48,2021-08-25,924,N,VIIRS,n,2,289.49,2.14,N,0
40.01895,-120.78002,321.22,0.48,0.48,2021-08-25,924,N,VIIRS,n,2,289.89,2.14,N,0
40.01931,-120.78437,314.29,0.48,0.48,2021-08-25,924,N,VIIRS,n,2,289.01,2.27,N,0
40.01966,-120.7886,307.61,0.48,0.48,2021-08-25,924,N,VIIRS,n,2,286.78,2.27,N,0
40.02176,-120.75948,354.31,0.48,0.48,2021-08-25,924,N,VIIRS,n,2,290.49,11.78,N,0
40.0223,-120.76597,329.5,0.48,0.48,2021-08-25,924,N,VIIRS,n,2,288.65,4.31,N,0
40.02275,-120.77143,325.27,0.48,0.48,2021-08-25,924,N,VIIRS,n,2,291.06,4.31,N,0
40.02313,-120.77599,304.88,0.48,0.48,2021-08-25,924,N,VIIRS,n,2,289.18,2.14,N,0
40.0251,-120.7453,296.86,0.48,0.48,2021-08-25,924,N,VIIRS,n,2,273.48,2.11,N,0
40.02562,-120.75149,353.89,0.48,0.48,2021-08-25,924,N,VIIRS,n,2,287.6,10.66,N,0
40.02621,-120.75864,354.25,0.48,0.48,2021-08-25,924,N,VIIRS,n,2,296.13,10.66,N,0
40.02679,-120.76567,329.82,0.48,0.48,2021-08-25,924,N,VIIRS,n,2,290.17,3.52,N,0
40.02726,-120.77134,307.32,0.48,0.48,2021-08-25,924,N,VIIRS,n,2,288.3,3.52,N,0
40.02908,-120.68507,315.02,0.48,0.48,2021-08-25,924,N,VIIRS,n,2,279.86,1.39,N,0
40.02958,-120.69095,326.35,0.48,0.48,2021-08-25,924,N,VIIRS,n,2,284.08,3.17,N,0
40.02962,-120.74545,299.04,0.48,0.48,2021-08-25,924,N,VIIRS,n,2,273.66,2.11,N,0
40.03011,-120.69733,295.95,0.48,0.48,2021-08-25,924,N,VIIRS,n,2,280.52,3.17,N,0
40.03012,-120.75135,355.63,0.48,0.48,2021-08-25,924,N,VIIRS,n,2,287.61,10.66,N,0
40.03071,-120.75855,329.3,0.48,0.48,2021-08-25,924,N,VIIRS,n,2,291.08,10.66,N,0
40.03129,-120.76556,316.24,0.48,0.48,2021-08-25,924,N,VIIRS,n,2,286.96,3.52,N,0
40.03353,-120.68454,309.14,0.48,0.48,2021-08-25,924,N,VIIRS,n,2,279.54,1.39,N,0
40.03476,-120.75294,313.54,0.48,0.48,2021-08-25,924,N,VIIRS,n,2,277.98,2.47,N,0
40.03529,-120.75944,319.82,0.48,0.48,2021-08-25,924,N,VIIRS,n,2,285.3,2.47,N,0
40.0585,-120.82068,298.52,0.49,0.48,2021-08-25,924,N,VIIRS,n,2,284.58,0.72,N,0
40.0717,-120.81593,299.88,0.49,0.48,2021-08-25,924,N,VIIRS,n,2,287.15,1.16,N,0
40.07617,-120.81532,303.13,0.49,0.48,2021-08-25,924,N,VIIRS,n,2,288.04,6.67,N,0
40.08007,-120.80788,301.17,0.49,0.48,2021-08-25,924,N,VIIRS,n,2,288.11,1.68,N,0
40.08066,-120.81484,332.12,0.49,0.48,2021-08-25,924,N,VIIRS,n,2,286.97,6.67,N,0
40.08127,-120.82194,341.94,0.49,0.48,2021-08-25,924,N,VIIRS,n,2,290.58,6.67,N,0
40.08459,-120.80779,334.59,0.49,0.48,2021-08-25,924,N,VIIRS,n,2,289.13,10.23,N,0
40.08514,-120.81419,367,0.49,0.48,2021-08-25,924,N,VIIRS,h,2,297.91,12.65,N,0
40.08575,-120.82133,304.8,0.49,0.48,2021-08-25,924,N,VIIRS,n,2,286.28,12.65,N,0
40.08914,-120.808,351.28,0.49,0.48,2021-08-25,924,N,VIIRS,n,2,293.98,10.23,N,0
40.08966,-120.81403,329.49,0.49,0.48,2021-08-25,924,N,VIIRS,n,2,288.97,12.65,N,0
40.09021,-120.8007,298.62,0.49,0.48,2021-08-25,924,N,VIIRS,n,2,287.22,1.44,N,0
40.09069,-120.80662,346.5,0.49,0.48,2021-08-25,924,N,VIIRS,n,2,293.88,9.64,N,0
40.09115,-120.81244,348.46,0.49,0.48,2021-08-25,924,N,VIIRS,n,2,292.56,9.64,N,0
40.09167,-120.819,297.77,0.49,0.48,2021-08-25,924,N,VIIRS,n,2,285.19,11.28,N,0
40.09324,-120.80292,317.78,0.48,0.48,2021-08-25,924,N,VIIRS,n,2,288.2,6.56,N,0
40.09372,-120.80864,341.14,0.49,0.48,2021-08-25,924,N,VIIRS,n,2,292.92,6.56,N,0
40.09422,-120.81442,349,0.49,0.48,2021-08-25,924,N,VIIRS,n,2,290.88,11.8,N,0
40.09478,-120.8209,332.55,0.49,0.48,2021-08-25,924,N,VIIRS,n,2,286.75,11.8,N,0
40.09479,-120.80135,310.23,0.49,0.48,2021-08-25,924,N,VIIRS,n,2,286.94,1.44,N,0
40.09526,-120.80722,306.93,0.49,0.48,2021-08-25,924,N,VIIRS,n,2,285.66,9.64,N,0
40.0957,-120.81281,349.85,0.49,0.48,2021-08-25,924,N,VIIRS,n,2,290.62,9.64,N,0
40.09619,-120.81898,350.98,0.49,0.48,2021-08-25,924,N,VIIRS,n,2,291.95,11.28,N,0
40.09878,-120.81468,338.03,0.49,0.48,2021-08-25,924,N,VIIRS,n,2,287.45,11.8,N,0
40.09931,-120.8209,338.86,0.49,0.48,2021-08-25,924,N,VIIRS,n,2,289.66,11.8,N,0
40.10024,-120.813,308.61,0.49,0.48,2021-08-25,924,N,VIIRS,n,2,282.57,2.31,N,0
40.10073,-120.81911,343.52,0.49,0.48,2021-08-25,924,N,VIIRS,n,2,285.15,7.36,N,0
40.12379,-120.71342,298.96,0.48,0.48,2021-08-25,924,N,VIIRS,n,2,270.2,1.31,N,0
40.12773,-120.70652,297.26,0.48,0.48,2021-08-25,924,N,VIIRS,n,2,271.75,1.23,N,0
40.12817,-120.71193,307.4,0.48,0.48,2021-08-25,924,N,VIIRS,n,2,275.53,1.66,N,0
40.13211,-120.70507,304.04,0.48,0.48,2021-08-25,924,N,VIIRS,n,2,272.82,1.23,N,0
40.13256,-120.7104,297.65,0.48,0.48,2021-08-25,924,N,VIIRS,n,2,270.7,1.66,N,0
40.17348,-120.51792,323.9,0.47,0.48,2021-08-25,924,N,VIIRS,n,2,280.16,3.52,N,0
40.17392,-120.51292,310.67,0.47,0.48,2021-08-25,924,N,VIIRS,n,2,281.04,2.25,N,0
40.17444,-120.51884,313.83,0.47,0.48,2021-08-25,924,N,VIIRS,n,2,278.85,2.25,N,0
40.32069,-121.44605,300.04,0.53,0.5,2021-08-25,924,N,VIIRS,n,2,282.92,1.89,N,0
40.33406,-121.43686,295.16,0.53,0.5,2021-08-25,924,N,VIIRS,n,2,281.96,0.64,N,0
40.33454,-121.44299,299.76,0.53,0.5,2021-08-25,924,N,VIIRS,n,2,283.26,1.6,N,0
40.37632,-121.10735,301.02,0.51,0.49,2021-08-25,924,N,VIIRS,n,2,279.75,1.21,N,0
40.40617,-121.0769,297.19,0.51,0.49,2021-08-25,924,N,VIIRS,n,2,281.48,0.84,N,0
40.45909,-121.35107,296.05,0.52,0.5,2021-08-25,924,N,VIIRS,n,2,279.58,1.08,N,0
40.4726,-121.34428,303.46,0.52,0.5,2021-08-25,924,N,VIIRS,n,2,279.98,1.03,N,0
40.48054,-121.20369,296.83,0.51,0.5,2021-08-25,924,N,VIIRS,n,2,279.13,1.17,N,0
40.48274,-121.35484,307.57,0.52,0.5,2021-08-25,924,N,VIIRS,n,2,281.67,1.93,N,0
40.48462,-121.19647,295.19,0.51,0.5,2021-08-25,924,N,VIIRS,n,2,278.5,1,N,0
40.4855,-121.32946,327.89,0.52,0.5,2021-08-25,924,N,VIIRS,n,2,285.55,9.78,N,0
40.49013,-121.32889,356.23,0.52,0.5,2021-08-25,924,N,VIIRS,n,2,290.71,9.78,N,0
40.49018,-121.39141,297.03,0.53,0.5,2021-08-25,924,N,VIIRS,n,2,280.43,1.28,N,0
40.49065,-121.39767,297.13,0.53,0.5,2021-08-25,924,N,VIIRS,n,2,279.84,1.28,N,0
40.49197,-121.23143,295.71,0.52,0.5,2021-08-25,924,N,VIIRS,n,2,279.13,0.68,N,0
40.49476,-121.32849,296.76,0.52,0.5,2021-08-25,924,N,VIIRS,n,2,281.07,1.44,N,0
40.49481,-121.39062,296.24,0.53,0.5,2021-08-25,924,N,VIIRS,n,2,282.53,1.28,N,0
40.49527,-121.39675,311.41,0.53,0.5,2021-08-25,924,N,VIIRS,n,2,283.92,1.28,N,0
40.49573,-121.40282,303.4,0.53,0.5,2021-08-25,924,N,VIIRS,n,2,280.79,1.89,N,0
40.49699,-121.23623,296.23,0.52,0.5,2021-08-25,924,N,VIIRS,n,2,280.73,1.45,N,0
40.49988,-121.39574,316.38,0.53,0.5,2021-08-25,924,N,VIIRS,n,2,283.43,5.1,N,0
40.50073,-121.22466,304.68,0.52,0.5,2021-08-25,924,N,VIIRS,n,2,281.84,1.48,N,0
40.50082,-121.40809,295.9,0.53,0.5,2021-08-25,924,N,VIIRS,n,2,280.07,3,N,0
40.50118,-121.23041,296.26,0.52,0.5,2021-08-25,924,N,VIIRS,n,2,281.32,1.48,N,0
40.50163,-121.23615,295.66,0.52,0.5,2021-08-25,924,N,VIIRS,n,2,281.2,1.45,N,0
40.50225,-121.3653,300.51,0.52,0.5,2021-08-25,924,N,VIIRS,n,2,280.24,2.32,N,0
40.50286,-121.43527,295.69,0.53,0.5,2021-08-25,924,N,VIIRS,n,2,279.85,1.37,N,0
40.50335,-121.44179,296.82,0.53,0.5,2021-08-25,924,N,VIIRS,n,2,280.23,3.09,N,0
40.50359,-121.38288,309.14,0.53,0.5,2021-08-25,924,N,VIIRS,n,2,281.05,3.74,N,0
40.50383,-121.44813,306.88,0.53,0.5,2021-08-25,924,N,VIIRS,n,2,279.1,3.09,N,0
40.50403,-121.38862,302.47,0.53,0.5,2021-08-25,924,N,VIIRS,n,2,280.71,5.1,N,0
40.50431,-121.45442,308.6,0.53,0.5,2021-08-25,924,N,VIIRS,n,2,277.8,9.16,N,0
40.5045,-121.39477,340.91,0.53,0.5,2021-08-25,924,N,VIIRS,n,2,289.31,5.1,N,0
40.50497,-121.40094,327.72,0.53,0.5,2021-08-25,924,N,VIIRS,n,2,284.45,3,N,0
40.50698,-121.42757,308.1,0.53,0.5,2021-08-25,924,N,VIIRS,n,2,277.78,1.37,N,0
40.5075,-121.43448,299.62,0.53,0.5,2021-08-25,924,N,VIIRS,n,2,278.96,1.37,N,0
40.50801,-121.4412,315.09,0.53,0.5,2021-08-25,924,N,VIIRS,n,2,279.14,3.09,N,0
40.50822,-121.38213,350.76,0.53,0.5,2021-08-25,924,N,VIIRS,n,2,282.36,4.62,N,0
40.50826,-121.32182,307.37,0.52,0.5,2021-08-25,924,N,VIIRS,n,2,277.02,0.76,N,0
40.50851,-121.44778,340.28,0.53,0.5,2021-08-25,924,N,VIIRS,n,2,283.27,3.09,N,0
40.50867,-121.38796,323.06,0.53,0.5,2021-08-25,924,N,VIIRS,n,2,280.95,2.75,N,0
40.50868,-121.32723,324.12,0.52,0.5,2021-08-25,924,N,VIIRS,n,2,282.19,5.45,N,0
40.509,-121.45428,352.4,0.53,0.5,2021-08-25,924,N,VIIRS,n,2,283.95,9.16,N,0
40.50914,-121.39417,310.93,0.53,0.5,2021-08-25,924,N,VIIRS,n,2,281.11,2.75,N,0
40.50995,-121.22375,302.79,0.52,0.5,2021-08-25,924,N,VIIRS,n,2,281.22,1.96,N,0
40.51009,-121.4066,312.13,0.53,0.5,2021-08-25,924,N,VIIRS,n,2,280.07,1.7,N,0
40.51053,-121.35122,335.35,0.52,0.5,2021-08-25,924,N,VIIRS,n,2,281.61,5.5,N,0
40.51103,-121.3577,323.63,0.52,0.5,2021-08-25,924,N,VIIRS,n,2,279.79,5.5,N,0
40.51213,-121.43359,300.91,0.53,0.5,2021-08-25,924,N,VIIRS,n,2,277.17,1.67,N,0
40.51241,-121.37569,298.08,0.53,0.5,2021-08-25,924,N,VIIRS,n,2,277.75,4.62,N,0
40.51266,-121.44051,322.54,0.53,0.5,2021-08-25,924,N,VIIRS,n,2,280.62,4.4,N,0
40.51285,-121.38145,322.16,0.53,0.5,2021-08-25,924,N,VIIRS,n,2,280.32,4.62,N,0
40.51288,-121.32115,332.72,0.52,0.5,2021-08-25,924,N,VIIRS,n,2,278.04,4.17,N,0
40.51367,-121.45399,297.32,0.53,0.5,2021-08-25,924,N,VIIRS,n,2,274.94,1.04,N,0
40.5138,-121.39377,302.01,0.53,0.5,2021-08-25,924,N,VIIRS,n,2,279.25,2.75,N,0
40.51428,-121.40009,295.93,0.53,0.5,2021-08-25,924,N,VIIRS,n,2,275.97,1.7,N,0
40.51457,-121.22334,295.62,0.52,0.5,2021-08-25,924,N,VIIRS,n,2,280.48,0.91,N,0
40.51476,-121.40634,311.78,0.53,0.5,2021-08-25,924,N,VIIRS,n,2,278.53,1.7,N,0
40.51516,-121.35059,342.6,0.52,0.5,2021-08-25,924,N,VIIRS,n,2,297.65,27.45,N,0
40.51565,-121.35694,337.83,0.52,0.5,2021-08-25,924,N,VIIRS,n,2,284.86,27.45,N,0
40.516,-121.24147,304.14,0.52,0.5,2021-08-25,924,N,VIIRS,n,2,281.74,1,N,0
40.51648,-121.24757,297.05,0.52,0.5,2021-08-25,924,N,VIIRS,n,2,281.58,2.11,N,0
40.51663,-121.36964,326.52,0.52,0.5,2021-08-25,924,N,VIIRS,n,2,279.03,3.65,N,0
40.51707,-121.37545,311.05,0.53,0.5,2021-08-25,924,N,VIIRS,n,2,280.51,3.77,N,0
40.51746,-121.26015,296.63,0.52,0.5,2021-08-25,924,N,VIIRS,n,2,280.76,0.86,N,0
40.51978,-121.34988,353.76,0.52,0.5,2021-08-25,924,N,VIIRS,n,2,294.93,27.45,N,0
40.52026,-121.35603,341.9,0.52,0.5,2021-08-25,924,N,VIIRS,n,2,288.92,27.45,N,0
40.52129,-121.36942,308.62,0.52,0.5,2021-08-25,924,N,VIIRS,n,2,278.46,3.65,N,0
40.52209,-121.25975,301.92,0.52,0.5,2021-08-25,924,N,VIIRS,n,2,280.45,0.86,N,0
40.52282,-121.21019,296.26,0.51,0.5,2021-08-25,924,N,VIIRS,n,2,280.7,0.88,N,0
40.52351,-121.33759,356.03,0.52,0.5,2021-08-25,924,N,VIIRS,n,2,283.26,8.37,N,0
40.52398,-121.34372,298.94,0.52,0.5,2021-08-25,924,N,VIIRS,n,2,280.04,8.37,N,0
40.52445,-121.34969,355.11,0.52,0.5,2021-08-25,924,N,VIIRS,n,2,297.7,24.38,N,0
40.52493,-121.35597,332.64,0.52,0.5,2021-08-25,924,N,VIIRS,n,2,284.65,24.38,N,0
40.52623,-121.2532,301.33,0.52,0.5,2021-08-25,924,N,VIIRS,n,2,281.24,1.55,N,0
40.52673,-121.25958,336.33,0.52,0.5,2021-08-25,924,N,VIIRS,n,2,285.23,4.97,N,0
40.52816,-121.33736,354.24,0.52,0.5,2021-08-25,924,N,VIIRS,n,2,282.71,8.37,N,0
40.52864,-121.34349,317.86,0.52,0.5,2021-08-25,924,N,VIIRS,n,2,279.93,8.37,N,0
40.53136,-121.2593,319.18,0.52,0.5,2021-08-25,924,N,VIIRS,n,2,284.09,4.97,N,0
40.53188,-121.26582,331.39,0.52,0.5,2021-08-25,924,N,VIIRS,n,2,284.87,4.97,N,0
40.53899,-121.23817,298.49,0.52,0.5,2021-08-25,924,N,VIIRS,n,2,280.91,1.21,N,0
40.53953,-121.24496,313.19,0.52,0.5,2021-08-25,924,N,VIIRS,n,2,283.82,2.24,N,0
40.54007,-121.25168,298.83,0.52,0.5,2021-08-25,924,N,VIIRS,n,2,283.14,2.24,N,0
40.54379,-121.29844,304.46,0.52,0.5,2021-08-25,924,N,VIIRS,n,2,281.43,2.31,N,3
40.54413,-121.24429,307.32,0.52,0.5,2021-08-25,924,N,VIIRS,n,2,282.91,1.55,N,0
40.54467,-121.25109,310.47,0.52,0.5,2021-08-25,924,N,VIIRS,n,2,282.53,1.55,N,0
40.54677,-121.2359,296.59,0.52,0.5,2021-08-25,924,N,VIIRS,n,2,281.64,1.47,N,0
40.54726,-121.24258,311.87,0.52,0.5,2021-08-25,924,N,VIIRS,n,2,283.24,1.47,N,0
40.54777,-121.24941,311.59,0.52,0.5,2021-08-25,924,N,VIIRS,n,2,282.94,1.67,N,0
40.54821,-121.23718,299.02,0.52,0.5,2021-08-25,924,N,VIIRS,n,2,281.62,1.45,N,0
40.54876,-121.2439,308.31,0.52,0.5,2021-08-25,924,N,VIIRS,n,2,282.83,1.55,N,0
40.5493,-121.25065,296.16,0.52,0.5,2021-08-25,924,N,VIIRS,n,2,282.02,1.55,N,0
40.5524,-121.24907,299.39,0.52,0.5,2021-08-25,924,N,VIIRS,n,2,282.23,1.67,N,0
40.55288,-121.25561,310.51,0.52,0.5,2021-08-25,924,N,VIIRS,n,2,283.19,1.67,N,0
40.55335,-121.262,316.73,0.52,0.5,2021-08-25,924,N,VIIRS,n,2,283.45,2.35,N,0
40.55383,-121.26836,310.7,0.52,0.5,2021-08-25,924,N,VIIRS,n,2,283.61,2.35,N,0
40.55392,-121.25028,298.48,0.52,0.5,2021-08-25,924,N,VIIRS,n,2,282.45,1.65,N,0
40.55445,-121.25677,310.49,0.52,0.5,2021-08-25,924,N,VIIRS,n,2,283.42,2.02,N,0
40.55496,-121.26314,312.81,0.52,0.5,2021-08-25,924,N,VIIRS,n,2,283.31,2.02,N,0
40.55547,-121.26948,318.45,0.52,0.5,2021-08-25,924,N,VIIRS,n,2,285.23,3.52,N,0
40.55603,-121.23547,329.71,0.52,0.5,2021-08-25,924,N,VIIRS,n,2,284.63,3.26,N,0
40.55696,-121.2303,304.21,0.52,0.5,2021-08-25,924,N,VIIRS,n,2,283.39,3.17,N,0
40.55747,-121.23656,324.38,0.52,0.5,2021-08-25,924,N,VIIRS,n,2,284.29,3.17,N,0
40.55798,-121.2616,305.92,0.52,0.5,2021-08-25,924,N,VIIRS,n,2,283.19,1.88,N,0
40.55846,-121.26796,321.22,0.52,0.5,2021-08-25,924,N,VIIRS,n,2,286.49,1.88,N,0
40.55959,-121.26277,311.22,0.52,0.5,2021-08-25,924,N,VIIRS,n,2,283.45,2.02,N,0
40.5601,-121.26912,314.7,0.52,0.5,2021-08-25,924,N,VIIRS,n,2,285.3,3.52,N,0
40.56015,-121.22828,302.23,0.52,0.5,2021-08-25,924,N,VIIRS,n,2,283.67,2.92,N,0
40.56062,-121.23454,305.39,0.52,0.5,2021-08-25,924,N,VIIRS,n,2,282.52,3.26,N,0
40.56108,-121.22372,295.61,0.52,0.5,2021-08-25,924,N,VIIRS,n,2,280.75,1.05,N,0
40.56153,-121.22925,305.08,0.52,0.5,2021-08-25,924,N,VIIRS,n,2,283.51,2.09,N,0
40.56205,-121.23572,311.82,0.52,0.5,2021-08-25,924,N,VIIRS,n,2,282.85,2.09,N,0
40.56261,-121.26124,302.23,0.52,0.5,2021-08-25,924,N,VIIRS,n,2,282.52,1.88,N,0
40.56309,-121.26759,312.38,0.52,0.5,2021-08-25,924,N,VIIRS,n,2,284.85,1.88,N,0
40.56422,-121.26241,307.95,0.52,0.5,2021-08-25,924,N,VIIRS,n,2,282.96,1.25,N,0
40.56473,-121.26877,310.38,0.52,0.5,2021-08-25,924,N,VIIRS,n,2,284.87,2.87,N,0
40.56475,-121.22771,305.62,0.52,0.5,2021-08-25,924,N,VIIRS,n,2,283.73,2.14,N,0
40.56509,-121.29466,301.7,0.52,0.5,2021-08-25,924,N,VIIRS,n,2,283.62,1.85,N,3
40.56522,-121.23393,324.28,0.52,0.5,2021-08-25,924,N,VIIRS,n,2,284.91,2.2,N,0
40.56556,-121.30081,297.15,0.52,0.5,2021-08-25,924,N,VIIRS,n,2,281.26,1.37,N,0
40.56615,-121.22894,310.24,0.52,0.5,2021-08-25,924,N,VIIRS,n,2,283.72,2.09,N,0
40.56639,-121.28932,302.92,0.52,0.5,2021-08-25,924,N,VIIRS,n,2,284.6,2.23,N,3
40.56667,-121.23527,310.43,0.52,0.5,2021-08-25,924,N,VIIRS,n,2,283.9,2.09,N,0
40.5669,-121.29561,326.69,0.52,0.5,2021-08-25,924,N,VIIRS,n,2,283.68,3.94,N,0
40.56724,-121.26089,296.83,0.52,0.5,2021-08-25,924,N,VIIRS,n,2,281.83,1.51,N,0
40.56739,-121.30173,295.61,0.52,0.5,2021-08-25,924,N,VIIRS,n,2,281.03,3.94,N,0
40.56771,-121.26721,319.15,0.52,0.5,2021-08-25,924,N,VIIRS,n,2,285.21,1.51,N,0
40.5678,-121.24921,303.59,0.52,0.5,2021-08-25,924,N,VIIRS,n,2,283.15,2.57,N,0
40.56821,-121.27386,298.04,0.52,0.5,2021-08-25,924,N,VIIRS,n,2,284.03,2.91,N,0
40.56834,-121.25571,299.88,0.52,0.5,2021-08-25,924,N,VIIRS,n,2,281.16,1.25,N,0
40.56885,-121.26206,295.97,0.52,0.5,2021-08-25,924,N,VIIRS,n,2,282.34,1.25,N,0
40.56923,-121.28759,312,0.52,0.5,2021-08-25,924,N,VIIRS,n,2,284.81,3.73,N,0
40.56936,-121.26842,314.41,0.52,0.5,2021-08-25,924,N,VIIRS,n,2,284.76,2.87,N,0
40.56971,-121.29395,333.97,0.52,0.5,2021-08-25,924,N,VIIRS,n,2,284.42,3.73,N,0
40.56985,-121.23371,301.69,0.52,0.5,2021-08-25,924,N,VIIRS,n,2,282.67,2.2,N,0
40.57017,-121.30013,315.83,0.52,0.5,2021-08-25,924,N,VIIRS,n,2,282.58,4.21,N,0
40.57036,-121.24042,303.88,0.52,0.5,2021-08-25,924,N,VIIRS,n,2,283.36,2.2,N,0
40.57101,-121.2887,310.34,0.52,0.5,2021-08-25,924,N,VIIRS,n,2,283.61,2.23,N,0
40.57139,-121.25415,303.47,0.52,0.5,2021-08-25,924,N,VIIRS,n,2,282.99,2.66,N,0
40.57152,-121.29497,342.44,0.52,0.5,2021-08-25,924,N,VIIRS,n,2,285.33,3.94,N,0
40.57187,-121.26053,305.61,0.52,0.5,2021-08-25,924,N,VIIRS,n,2,283.47,1.51,N,0
40.57202,-121.30112,314.91,0.52,0.5,2021-08-25,924,N,VIIRS,n,2,282.68,3.94,N,0
40.57235,-121.26694,300.21,0.52,0.5,2021-08-25,924,N,VIIRS,n,2,284.41,1.51,N,0
40.57261,-121.3326,299.49,0.52,0.5,2021-08-25,924,N,VIIRS,n,2,281.02,1.5,N,0
40.57387,-121.28716,310.35,0.52,0.5,2021-08-25,924,N,VIIRS,n,2,284.52,3.73,N,0
40.57434,-121.29355,338.95,0.52,0.5,2021-08-25,924,N,VIIRS,n,2,286.7,3.73,N,0
40.5745,-121.23367,303.91,0.52,0.5,2021-08-25,924,N,VIIRS,n,2,283.28,1.82,N,0
40.57462,-121.33347,304.54,0.52,0.5,2021-08-25,924,N,VIIRS,n,2,281.46,1.26,N,0
40.57481,-121.29969,327.94,0.52,0.5,2021-08-25,924,N,VIIRS,n,2,284.99,4.21,N,0
40.575,-121.2403,298.31,0.52,0.5,2021-08-25,924,N,VIIRS,n,2,283.99,1.82,N,0
40.57524,-121.30554,302,0.52,0.5,2021-08-25,924,N,VIIRS,n,2,281.5,4.21,N,0
40.57802,-121.28038,299.47,0.52,0.5,2021-08-25,924,N,VIIRS,n,2,286.24,1.34,N,0
40.5785,-121.28683,330.52,0.52,0.5,2021-08-25,924,N,VIIRS,n,2,287.18,3.64,N,0
40.57899,-121.29324,315.92,0.52,0.5,2021-08-25,924,N,VIIRS,n,2,281.54,3.64,N,0
40.57915,-121.23363,320.6,0.52,0.5,2021-08-25,924,N,VIIRS,n,2,284.64,1.82,N,0
40.57944,-121.29934,317.98,0.52,0.5,2021-08-25,924,N,VIIRS,n,2,283.69,4.34,N,0
40.57965,-121.24026,309.28,0.52,0.5,2021-08-25,924,N,VIIRS,n,2,283.77,1.82,N,0
40.57988,-121.30503,336.78,0.52,0.5,2021-08-25,924,N,VIIRS,n,2,287.08,4.34,N,0
40.5803,-121.31054,326.16,0.52,0.5,2021-08-25,924,N,VIIRS,n,2,284.35,5.83,N,0
40.58071,-121.31602,333.71,0.52,0.5,2021-08-25,924,N,VIIRS,n,2,286.49,5.83,N,0
40.58266,-121.28009,300.5,0.52,0.5,2021-08-25,924,N,VIIRS,n,2,285.33,1.34,N,0
40.58315,-121.28648,314.48,0.52,0.5,2021-08-25,924,N,VIIRS,n,2,286.29,3.64,N,0
40.58328,-121.35025,319.8,0.52,0.5,2021-08-25,924,N,VIIRS,n,2,283.59,5.91,N,0
40.58363,-121.29285,326.89,0.52,0.5,2021-08-25,924,N,VIIRS,n,2,285.49,3.64,N,0
40.5838,-121.3572,300.08,0.53,0.5,2021-08-25,924,N,VIIRS,n,2,281.86,2.54,N,0
40.58408,-121.29887,308.36,0.52,0.5,2021-08-25,924,N,VIIRS,n,2,284.69,4.34,N,0
40.58451,-121.3045,330.58,0.52,0.5,2021-08-25,924,N,VIIRS,n,2,289.26,4.34,N,0
40.58493,-121.31007,336.97,0.52,0.5,2021-08-25,924,N,VIIRS,n,2,288.64,5.83,N,0
40.58536,-121.31572,328.26,0.52,0.5,2021-08-25,924,N,VIIRS,n,2,288.07,5.83,N,0
40.58578,-121.32143,320.78,0.52,0.5,2021-08-25,924,N,VIIRS,n,2,284.21,3.51,N,0
40.58621,-121.32696,305.43,0.52,0.5,2021-08-25,924,N,VIIRS,n,2,283.29,3.51,N,0
40.58662,-121.3325,305.36,0.52,0.5,2021-08-25,924,N,VIIRS,n,2,283.18,2.56,N,0
40.5868,-121.27311,295.1,0.52,0.5,2021-08-25,924,N,VIIRS,n,2,282.49,1.69,N,0
40.5873,-121.27973,307.32,0.52,0.5,2021-08-25,924,N,VIIRS,n,2,283.42,1.69,N,0
40.58752,-121.34436,330.62,0.52,0.5,2021-08-25,924,N,VIIRS,n,2,285.55,5.91,N,0
40.588,-121.35087,340.89,0.52,0.5,2021-08-25,924,N,VIIRS,n,2,287.81,5.91,N,0
40.58826,-121.29244,301.45,0.52,0.5,2021-08-25,924,N,VIIRS,n,2,284.59,4.44,N,0
40.58871,-121.29839,346.01,0.52,0.5,2021-08-25,924,N,VIIRS,n,2,292.72,6.99,N,0
40.58914,-121.30405,325.33,0.52,0.5,2021-08-25,924,N,VIIRS,n,2,286.65,6.99,N,0
40.58957,-121.30971,343.26,0.52,0.5,2021-08-25,924,N,VIIRS,n,2,288.34,7.12,N,0
40.59001,-121.31547,316.01,0.52,0.5,2021-08-25,924,N,VIIRS,n,2,286.9,7.12,N,0
40.59045,-121.32132,322.86,0.52,0.5,2021-08-25,924,N,VIIRS,n,2,288.83,5.86,N,0
40.59088,-121.32703,318.23,0.52,0.5,2021-08-25,924,N,VIIRS,n,2,284.34,5.86,N,0
40.59223,-121.34481,336.79,0.52,0.5,2021-08-25,924,N,VIIRS,n,2,287.1,6.65,N,0
40.59289,-121.29193,339.55,0.52,0.5,2021-08-25,924,N,VIIRS,n,2,290.63,4.44,N,0
40.59335,-121.29794,340.16,0.52,0.5,2021-08-25,924,N,VIIRS,n,2,293.45,6.99,N,0
40.59378,-121.30367,301.09,0.52,0.5,2021-08-25,924,N,VIIRS,n,2,284.75,6.99,N,0
40.59422,-121.30943,329.36,0.52,0.5,2021-08-25,924,N,VIIRS,n,2,286.9,7.12,N,0
40.59467,-121.31529,346.02,0.52,0.5,2021-08-25,924,N,VIIRS,n,2,292.79,7.12,N,0
40.59512,-121.32121,319.75,0.52,0.5,2021-08-25,924,N,VIIRS,n,2,289.91,5.86,N,0
40.59556,-121.3271,343.75,0.52,0.5,2021-08-25,924,N,VIIRS,n,2,289.28,5.86,N,0
40.59601,-121.33297,298.63,0.52,0.5,2021-08-25,924,N,VIIRS,n,2,283.49,3.03,N,0
40.59655,-121.27882,341.43,0.52,0.5,2021-08-25,924,N,VIIRS,n,2,288.1,4.77,N,0
40.59703,-121.2851,317.04,0.52,0.5,2021-08-25,924,N,VIIRS,n,2,285.45,10.83,N,0
40.59752,-121.29141,356.23,0.52,0.5,2021-08-25,924,N,VIIRS,n,2,295.31,10.83,N,0
40.59798,-121.29752,344.88,0.52,0.5,2021-08-25,924,N,VIIRS,n,2,295.07,7.02,N,0
40.59843,-121.30338,300.42,0.52,0.5,2021-08-25,924,N,VIIRS,n,2,284.74,7.02,N,0
40.59888,-121.30927,298.11,0.52,0.5,2021-08-25,924,N,VIIRS,n,2,284.07,3.2,N,0
40.59933,-121.31519,329.53,0.52,0.5,2021-08-25,924,N,VIIRS,n,2,291.42,3.2,N,0
40.59978,-121.32113,325.39,0.52,0.5,2021-08-25,924,N,VIIRS,n,2,293.71,6.72,N,0
40.60024,-121.32713,347.6,0.52,0.5,2021-08-25,924,N,VIIRS,n,2,293.62,6.72,N,0
40.6007,-121.33319,319.03,0.52,0.5,2021-08-25,924,N,VIIRS,n,2,284.69,3.67,N,0
40.60118,-121.27833,308.19,0.52,0.5,2021-08-25,924,N,VIIRS,n,2,283.3,4.77,N,0
40.60166,-121.28452,325.59,0.52,0.5,2021-08-25,924,N,VIIRS,n,2,285.2,10.83,N,0
40.60214,-121.29082,347.02,0.52,0.5,2021-08-25,924,N,VIIRS,n,2,298.75,10.83,N,0
40.60262,-121.29713,350.42,0.52,0.5,2021-08-25,924,N,VIIRS,n,2,293.92,7.02,N,0
40.60308,-121.30314,298.28,0.52,0.5,2021-08-25,924,N,VIIRS,n,2,284.48,7.02,N,0
40.60354,-121.30914,304.45,0.52,0.5,2021-08-25,924,N,VIIRS,n,2,284.31,3.2,N,0
40.604,-121.3151,321.61,0.52,0.5,2021-08-25,924,N,VIIRS,n,2,291.96,3.2,N,0
40.60445,-121.32106,324.51,0.52,0.5,2021-08-25,924,N,VIIRS,n,2,294.07,6.72,N,0
40.60492,-121.32715,332.36,0.52,0.5,2021-08-25,924,N,VIIRS,n,2,294.64,6.72,N,0
40.60538,-121.33331,306.35,0.52,0.5,2021-08-25,924,N,VIIRS,n,2,285.03,3.67,N,0
40.60628,-121.28398,322.97,0.52,0.5,2021-08-25,924,N,VIIRS,n,2,301.46,35.99,N,0
40.60677,-121.29028,346.28,0.52,0.5,2021-08-25,924,N,VIIRS,n,2,303.65,35.99,N,0
40.60725,-121.29668,335.51,0.52,0.5,2021-08-25,924,N,VIIRS,n,2,290.91,5.79,N,0
40.60773,-121.30281,297.46,0.52,0.5,2021-08-25,924,N,VIIRS,n,2,283.97,5.79,N,0
40.60819,-121.30885,325.53,0.52,0.5,2021-08-25,924,N,VIIRS,n,2,287.83,6.81,N,0
40.60865,-121.31484,326.27,0.52,0.5,2021-08-25,924,N,VIIRS,n,2,293.38,6.81,N,0
40.60912,-121.32088,327.15,0.52,0.5,2021-08-25,924,N,VIIRS,n,2,294.88,5.05,N,0
40.60958,-121.32704,327.05,0.52,0.5,2021-08-25,924,N,VIIRS,n,2,290.26,5.05,N,0
40.61092,-121.28356,340.33,0.52,0.5,2021-08-25,924,N,VIIRS,n,2,295.14,35.99,N,0
40.6114,-121.2898,356.75,0.52,0.5,2021-08-25,924,N,VIIRS,n,2,309.75,35.99,N,0
40.61189,-121.29621,340.35,0.52,0.5,2021-08-25,924,N,VIIRS,n,2,289.35,5.79,N,0
40.61237,-121.30241,301.57,0.52,0.5,2021-08-25,924,N,VIIRS,n,2,282.92,5.79,N,0
40.61283,-121.30849,342.02,0.52,0.5,2021-08-25,924,N,VIIRS,n,2,288.42,6.81,N,0
40.6133,-121.31455,338.84,0.52,0.5,2021-08-25,924,N,VIIRS,n,2,293,6.81,N,0
40.61377,-121.32068,329.13,0.52,0.5,2021-08-25,924,N,VIIRS,n,2,291.03,5.05,N,0
40.61425,-121.32687,313.07,0.52,0.5,2021-08-25,924,N,VIIRS,n,2,285.26,5.05,N,0
40.61555,-121.28316,338.4,0.52,0.5,2021-08-25,924,N,VIIRS,n,2,290.61,11.78,N,0
40.61604,-121.28944,333.46,0.52,0.5,2021-08-25,924,N,VIIRS,n,2,286.08,11.78,N,0
40.61653,-121.2958,301.53,0.52,0.5,2021-08-25,924,N,VIIRS,n,2,282.43,3.63,N,0
40.61748,-121.30811,341.04,0.52,0.5,2021-08-25,924,N,VIIRS,n,2,287.66,7.41,N,0
40.61795,-121.31424,353.73,0.52,0.5,2021-08-25,924,N,VIIRS,n,2,293.68,7.41,N,0
40.61843,-121.3204,326.97,0.52,0.5,2021-08-25,924,N,VIIRS,n,2,285.05,6.71,N,0
40.62212,-121.30771,301.97,0.52,0.5,2021-08-25,924,N,VIIRS,n,2,282.01,7.41,N,0
39.62027,-119.2633,296.05,0.76,0.77,2021-08-25,1104,N,VIIRS,n,2,283.75,0.74,N,2
40.00893,-120.77005,299.37,0.63,0.72,2021-08-25,1104,N,VIIRS,n,2,284.06,2.53,N,0
40.00942,-120.78351,311.78,0.63,0.72,2021-08-25,1104,N,VIIRS,n,2,282.38,2.6,N,0
40.01204,-120.77962,327.7,0.63,0.72,2021-08-25,1104,N,VIIRS,n,2,284.68,3.27,N,0
40.01273,-120.771,318.47,0.63,0.72,2021-08-25,1104,N,VIIRS,n,2,285.34,5.85,N,0
40.01529,-120.76711,310.57,0.63,0.72,2021-08-25,1104,N,VIIRS,n,2,284.96,3.27,N,0
40.01556,-120.79047,311.42,0.63,0.72,2021-08-25,1104,N,VIIRS,n,2,281.17,3.27,N,0
40.01604,-120.78139,331.01,0.63,0.72,2021-08-25,1104,N,VIIRS,n,2,284.81,3.64,N,0
40.01816,-120.77596,315.14,0.63,0.72,2021-08-25,1104,N,VIIRS,n,2,285.35,3.27,N,0
40.0188,-120.75542,334.29,0.63,0.72,2021-08-25,1104,N,VIIRS,n,2,284.89,7.85,N,0
40.01923,-120.76847,298.42,0.63,0.72,2021-08-25,1104,N,VIIRS,n,2,284.16,3.64,N,0
40.02002,-120.7481,298.59,0.63,0.72,2021-08-25,1104,N,VIIRS,n,2,284.4,4.28,N,0
40.02052,-120.76072,334.45,0.63,0.72,2021-08-25,1104,N,VIIRS,n,2,285.94,6.95,N,0
40.02171,-120.75337,348.09,0.63,0.72,2021-08-25,1104,N,VIIRS,n,2,289.68,9.26,N,0
40.0224,-120.76652,317.29,0.63,0.72,2021-08-25,1104,N,VIIRS,n,2,285.43,6.95,N,0
40.02258,-120.779,297.41,0.63,0.72,2021-08-25,1104,N,VIIRS,n,2,284.21,3.64,N,0
40.0233,-120.75836,349.63,0.63,0.72,2021-08-25,1104,N,VIIRS,n,2,289.03,9.26,N,0
40.02373,-120.74807,324.13,0.63,0.72,2021-08-25,1104,N,VIIRS,n,2,286.76,7.85,N,0
40.02488,-120.76329,326,0.63,0.72,2021-08-25,1104,N,VIIRS,n,2,287.07,5.5,N,0
40.02551,-120.75358,339.06,0.63,0.72,2021-08-25,1104,N,VIIRS,n,2,290.47,7.85,N,0
40.02554,-120.77621,295.85,0.63,0.72,2021-08-25,1104,N,VIIRS,n,2,284.47,3.96,N,0
40.02612,-120.74432,316.65,0.63,0.72,2021-08-25,1104,N,VIIRS,n,2,286.83,4.28,N,0
40.02681,-120.76936,308.33,0.63,0.72,2021-08-25,1104,N,VIIRS,n,2,285.44,5.5,N,0
40.02703,-120.75826,323.37,0.63,0.72,2021-08-25,1104,N,VIIRS,n,2,287.84,6.95,N,0
40.02744,-120.69178,321.5,0.63,0.72,2021-08-25,1104,N,VIIRS,n,2,286.21,3.65,N,0
40.02815,-120.75069,322.23,0.63,0.72,2021-08-25,1104,N,VIIRS,n,2,287.99,9.26,N,0
40.02851,-120.76281,322.59,0.63,0.72,2021-08-25,1104,N,VIIRS,n,2,287.53,6.95,N,0
40.02874,-120.7984,296,0.63,0.72,2021-08-25,1104,N,VIIRS,n,2,284.48,1.86,N,0
40.0291,-120.74209,300.73,0.63,0.72,2021-08-25,1104,N,VIIRS,n,2,284.68,3.11,N,0
40.02968,-120.7555,331.42,0.63,0.72,2021-08-25,1104,N,VIIRS,n,2,288.66,9.26,N,0
40.03032,-120.76839,314.79,0.63,0.72,2021-08-25,1104,N,VIIRS,n,2,285.63,3.96,N,0
40.0306,-120.80421,296.17,0.63,0.72,2021-08-25,1104,N,VIIRS,n,2,284.54,1.3,N,0
40.03108,-120.75989,319.22,0.63,0.72,2021-08-25,1104,N,VIIRS,n,2,287.29,5.5,N,0
40.03127,-120.74879,322.79,0.63,0.72,2021-08-25,1104,N,VIIRS,n,2,286.55,3.11,N,0
40.03247,-120.70728,296.49,0.63,0.72,2021-08-25,1104,N,VIIRS,n,2,283.78,1.67,N,0
40.03263,-120.76474,315.73,0.63,0.72,2021-08-25,1104,N,VIIRS,n,2,284.97,5.5,N,0
40.03286,-120.7537,330.47,0.63,0.72,2021-08-25,1104,N,VIIRS,n,2,287.92,5.59,N,0
40.03433,-120.75824,320.76,0.63,0.72,2021-08-25,1104,N,VIIRS,n,2,285.67,5.59,N,0
40.03482,-120.74869,320.47,0.63,0.72,2021-08-25,1104,N,VIIRS,n,2,285.29,3.26,N,0
40.03652,-120.75403,309.29,0.63,0.72,2021-08-25,1104,N,VIIRS,n,2,284.14,3.1,N,0
40.05399,-120.81897,302.79,0.62,0.72,2021-08-25,1104,N,VIIRS,n,2,283.43,3.44,N,0
40.05645,-120.81686,308.08,0.62,0.72,2021-08-25,1104,N,VIIRS,n,2,284.46,1.86,N,0
40.05835,-120.82282,302.26,0.62,0.72,2021-08-25,1104,N,VIIRS,n,2,282.36,4.26,N,0
40.06079,-120.8175,325.12,0.62,0.72,2021-08-25,1104,N,VIIRS,n,2,285.82,3.44,N,0
40.06202,-120.81157,296.46,0.63,0.72,2021-08-25,1104,N,VIIRS,n,2,284.46,1.86,N,0
40.06345,-120.81603,308.09,0.62,0.72,2021-08-25,1104,N,VIIRS,n,2,284.91,1.86,N,0
40.06643,-120.81242,301.6,0.62,0.72,2021-08-25,1104,N,VIIRS,n,2,284.73,2.51,N,0
40.06785,-120.81683,295.19,0.62,0.72,2021-08-25,1104,N,VIIRS,n,2,283.93,1.64,N,0
40.07459,-120.81516,301.77,0.62,0.72,2021-08-25,1104,N,VIIRS,n,2,284.56,1.64,N,0
40.07927,-120.80708,296.14,0.62,0.72,2021-08-25,1104,N,VIIRS,n,2,285.5,1.37,N,0
40.08248,-120.81705,297.86,0.62,0.72,2021-08-25,1104,N,VIIRS,n,2,284.22,1.95,N,0
40.08506,-120.80248,300.74,0.62,0.72,2021-08-25,1104,N,VIIRS,n,2,285.24,1.37,N,0
40.08694,-120.8083,299.35,0.62,0.72,2021-08-25,1104,N,VIIRS,n,2,285.31,1.95,N,0
40.09404,-120.80775,304.56,0.62,0.72,2021-08-25,1104,N,VIIRS,n,2,284.42,2.71,N,0
40.09612,-120.81422,306.87,0.62,0.72,2021-08-25,1104,N,VIIRS,n,2,283.54,3.01,N,0
40.09792,-120.81985,321.13,0.62,0.72,2021-08-25,1104,N,VIIRS,n,2,283.19,3.01,N,0
40.16989,-120.51865,296.57,0.64,0.72,2021-08-25,1104,N,VIIRS,n,2,277.02,1.24,N,0
40.17295,-120.51514,311.04,0.64,0.72,2021-08-25,1104,N,VIIRS,n,2,280,2.57,N,0
40.17627,-120.51566,306.38,0.64,0.72,2021-08-25,1104,N,VIIRS,n,2,280.28,1.24,N,0
40.48734,-121.32939,296.3,0.57,0.69,2021-08-25,1104,N,VIIRS,n,2,265.06,1.03,N,0
40.50541,-121.45376,306.86,0.57,0.69,2021-08-25,1104,N,VIIRS,n,2,264.59,1.73,N,0
40.50734,-121.4599,297.13,0.57,0.69,2021-08-25,1104,N,VIIRS,n,2,267.39,1.89,N,0
40.50933,-121.44403,307.58,0.57,0.69,2021-08-25,1104,N,VIIRS,n,2,265,1.9,N,0
40.51116,-121.44984,313.76,0.57,0.69,2021-08-25,1104,N,VIIRS,n,2,263.49,1.9,N,0
40.52387,-121.26663,296.4,0.58,0.7,2021-08-25,1104,N,VIIRS,n,2,266.03,1.57,N,0
40.52474,-121.26311,303.09,0.58,0.7,2021-08-25,1104,N,VIIRS,n,2,271.22,1.91,N,0
40.52781,-121.25671,307.97,0.58,0.7,2021-08-25,1104,N,VIIRS,n,2,271.5,1.57,N,0
40.52966,-121.26263,304.59,0.58,0.7,2021-08-25,1104,N,VIIRS,n,2,273.38,1.57,N,0
40.53051,-121.25909,302.42,0.58,0.7,2021-08-25,1104,N,VIIRS,n,2,273.99,1.91,N,0
40.53143,-121.26832,296.72,0.58,0.7,2021-08-25,1104,N,VIIRS,n,2,273.72,1.69,N,0
40.53235,-121.2649,310.74,0.58,0.69,2021-08-25,1104,N,VIIRS,n,2,277.32,1.91,N,0
40.54682,-121.24389,299.74,0.58,0.7,2021-08-25,1104,N,VIIRS,n,2,273.78,2.23,N,0
40.55867,-121.23682,313.33,0.58,0.7,2021-08-25,1104,N,VIIRS,n,2,272.7,1.73,N,0
40.5629,-121.22792,299,0.58,0.7,2021-08-25,1104,N,VIIRS,n,2,272.9,1.73,N,0
40.56482,-121.23404,312.44,0.58,0.7,2021-08-25,1104,N,VIIRS,n,2,277.17,1.73,N,0
40.56653,-121.23943,295.71,0.58,0.7,2021-08-25,1104,N,VIIRS,n,2,266.51,3.17,N,0
40.56892,-121.29155,301.01,0.57,0.69,2021-08-25,1104,N,VIIRS,n,2,275.6,2.35,N,0
40.57096,-121.29803,315.12,0.57,0.69,2021-08-25,1104,N,VIIRS,n,2,274.26,2.35,N,0
40.57316,-121.30499,296.58,0.57,0.69,2021-08-25,1104,N,VIIRS,n,2,274.53,2.51,N,0
40.5748,-121.28793,305.56,0.57,0.69,2021-08-25,1104,N,VIIRS,n,2,280.28,2.52,N,0
40.57671,-121.29397,322.46,0.57,0.69,2021-08-25,1104,N,VIIRS,n,2,280.77,2.52,N,0
40.57883,-121.30072,304.84,0.57,0.69,2021-08-25,1104,N,VIIRS,n,2,279.63,2.71,N,0
40.57985,-121.23705,303.02,0.58,0.69,2021-08-25,1104,N,VIIRS,n,2,276.29,3.12,N,0
40.58062,-121.2841,314.53,0.57,0.69,2021-08-25,1104,N,VIIRS,n,2,281.35,2.52,N,0
40.58136,-121.30875,305,0.57,0.69,2021-08-25,1104,N,VIIRS,n,2,280.35,2.71,N,0
40.58252,-121.29015,307.79,0.57,0.69,2021-08-25,1104,N,VIIRS,n,2,277.83,2.52,N,0
40.58392,-121.31686,308.82,0.57,0.69,2021-08-25,1104,N,VIIRS,n,2,280.87,3.1,N,0
40.5845,-121.29642,298.76,0.57,0.69,2021-08-25,1104,N,VIIRS,n,2,279.85,2.71,N,0
40.58571,-121.34484,295.88,0.57,0.69,2021-08-25,1104,N,VIIRS,n,2,270.97,2.67,N,0
40.58696,-121.30427,310.45,0.57,0.69,2021-08-25,1104,N,VIIRS,n,2,282.76,2.71,N,0
40.58741,-121.35025,318.33,0.57,0.69,2021-08-25,1104,N,VIIRS,n,2,271.14,4.23,N,0
40.58941,-121.31206,310.02,0.57,0.69,2021-08-25,1104,N,VIIRS,n,2,281.86,3.1,N,0
40.59032,-121.29264,300.75,0.57,0.69,2021-08-25,1104,N,VIIRS,n,2,279.74,3.44,N,0
40.59086,-121.33894,295.01,0.57,0.69,2021-08-25,1104,N,VIIRS,n,2,270.55,2.83,N,0
40.59165,-121.31916,300.76,0.57,0.69,2021-08-25,1104,N,VIIRS,n,2,278.95,3.1,N,0
40.59233,-121.2767,309.72,0.57,0.69,2021-08-25,1104,N,VIIRS,n,2,283.69,6.86,N,0
40.59255,-121.29974,307.24,0.57,0.69,2021-08-25,1104,N,VIIRS,n,2,282.06,3.44,N,0
40.59275,-121.34493,304.72,0.57,0.69,2021-08-25,1104,N,VIIRS,n,2,273.16,2.86,N,0
40.59385,-121.32618,305.8,0.57,0.69,2021-08-25,1104,N,VIIRS,n,2,276.97,2.83,N,0
40.59491,-121.30724,302.95,0.57,0.69,2021-08-25,1104,N,VIIRS,n,2,282.11,4.75,N,0
40.59623,-121.28911,318.04,0.57,0.69,2021-08-25,1104,N,VIIRS,n,2,284.02,3.44,N,0
40.59711,-121.31427,311.88,0.57,0.69,2021-08-25,1104,N,VIIRS,n,2,284.07,4.75,N,0
40.59826,-121.29558,323.12,0.57,0.69,2021-08-25,1104,N,VIIRS,n,2,285.88,3.44,N,0
40.59924,-121.32103,309.4,0.57,0.69,2021-08-25,1104,N,VIIRS,n,2,283.98,3.24,N,0
40.60017,-121.27931,327.37,0.57,0.69,2021-08-25,1104,N,VIIRS,n,2,283.84,23.73,N,0
40.60043,-121.30249,324.45,0.57,0.69,2021-08-25,1104,N,VIIRS,n,2,283.42,4.75,N,0
40.60129,-121.32758,329.56,0.57,0.69,2021-08-25,1104,N,VIIRS,n,2,283.76,3.24,N,0
40.60221,-121.28583,367,0.57,0.69,2021-08-25,1104,N,VIIRS,h,2,292.07,65.99,N,0
40.60327,-121.33387,300.07,0.57,0.69,2021-08-25,1104,N,VIIRS,n,2,279.79,3.31,N,0
40.60416,-121.29203,324.76,0.57,0.69,2021-08-25,1104,N,VIIRS,n,2,285.91,65.99,N,0
40.60469,-121.31609,303.98,0.57,0.69,2021-08-25,1104,N,VIIRS,n,2,285.09,3.24,N,0
40.60601,-121.27558,338.54,0.57,0.69,2021-08-25,1104,N,VIIRS,n,2,283.6,23.73,N,0
40.60613,-121.29831,333.51,0.57,0.69,2021-08-25,1104,N,VIIRS,n,2,285.75,11.02,N,0
40.6068,-121.32279,305.8,0.57,0.69,2021-08-25,1104,N,VIIRS,n,2,285.4,3.24,N,0
40.60806,-121.28211,327.76,0.57,0.69,2021-08-25,1104,N,VIIRS,n,2,319.19,65.99,N,0
40.6082,-121.30491,298.07,0.57,0.69,2021-08-25,1104,N,VIIRS,n,2,282.38,11.02,N,0
40.60878,-121.3291,303.74,0.57,0.69,2021-08-25,1104,N,VIIRS,n,2,281.95,3.31,N,0
40.60996,-121.26579,303.18,0.57,0.69,2021-08-25,1104,N,VIIRS,n,2,280.96,4.59,N,0
40.61007,-121.28853,367,0.57,0.69,2021-08-25,1104,N,VIIRS,h,2,296.84,65.99,N,0
40.61031,-121.31165,314.54,0.57,0.69,2021-08-25,1104,N,VIIRS,n,2,284.51,3.57,N,0
40.61151,-121.26578,298.79,0.57,0.69,2021-08-25,1104,N,VIIRS,n,2,280.77,3.16,N,0
40.61186,-121.27187,320.31,0.57,0.69,2021-08-25,1104,N,VIIRS,n,2,281.06,4.59,N,0
40.61198,-121.29461,341.12,0.57,0.69,2021-08-25,1104,N,VIIRS,n,2,285.37,11.02,N,0
40.61239,-121.3183,311.31,0.57,0.69,2021-08-25,1104,N,VIIRS,n,2,284.98,3.57,N,0
40.61345,-121.27187,312.96,0.57,0.69,2021-08-25,1104,N,VIIRS,n,2,280.49,4.88,N,0
40.61386,-121.27824,346.16,0.57,0.69,2021-08-25,1104,N,VIIRS,n,2,284.77,21.47,N,0
40.61396,-121.30093,297.73,0.57,0.69,2021-08-25,1104,N,VIIRS,n,2,281.12,11.02,N,0
40.61439,-121.32468,299.96,0.57,0.69,2021-08-25,1104,N,VIIRS,n,2,281.99,5.77,N,0
40.61549,-121.27824,324.58,0.57,0.69,2021-08-25,1104,N,VIIRS,n,2,282.06,4.88,N,0
40.61588,-121.28469,367,0.57,0.69,2021-08-25,1104,N,VIIRS,h,2,291.28,21.47,N,0
40.61601,-121.30752,313.21,0.57,0.69,2021-08-25,1104,N,VIIRS,n,2,283.28,3.57,N,0
40.61753,-121.28464,334.93,0.57,0.69,2021-08-25,1104,N,VIIRS,n,2,283.12,9.88,N,0
40.61782,-121.29088,308.99,0.57,0.69,2021-08-25,1104,N,VIIRS,n,2,279.69,17.44,N,0
40.61807,-121.31408,322.29,0.57,0.69,2021-08-25,1104,N,VIIRS,n,2,283.93,3.57,N,0
41.48503,-121.90395,295.88,0.5,0.66,2021-08-25,1104,N,VIIRS,n,2,278.11,1.13,N,0
41.48654,-121.90887,300.2,0.5,0.66,2021-08-25,1104,N,VIIRS,n,2,276.29,1.13,N,0
41.49089,-122.01032,304.89,0.5,0.66,2021-08-25,1104,N,VIIRS,n,2,277.66,1.63,N,0
41.49195,-121.90481,318.33,0.5,0.66,2021-08-25,1104,N,VIIRS,n,2,278.76,3.08,N,0
41.49253,-122.01573,298.05,0.5,0.66,2021-08-25,1104,N,VIIRS,n,2,273.55,1.63,N,0
41.494,-121.88969,316.09,0.5,0.66,2021-08-25,1104,N,VIIRS,n,2,281.92,5.18,N,0
41.49464,-121.88995,317.14,0.5,0.66,2021-08-25,1104,N,VIIRS,n,2,281.87,2.3,N,0
41.49575,-121.89545,296.22,0.5,0.66,2021-08-25,1104,N,VIIRS,n,2,278.01,3.08,N,0
41.49645,-121.89575,296.79,0.5,0.66,2021-08-25,1104,N,VIIRS,n,2,277.71,2.3,N,0
40.00581,-120.77162,367,0.42,0.38,2021-08-25,2046,N,VIIRS,h,2,336.55,184.17,D,0
40.00662,-120.76714,341.09,0.42,0.38,2021-08-25,2046,N,VIIRS,n,2,298.17,15.38,D,0
40.00756,-120.7819,350.14,0.42,0.38,2021-08-25,2046,N,VIIRS,n,2,309.75,17.19,D,0
40.00837,-120.77739,349.85,0.42,0.38,2021-08-25,2046,N,VIIRS,n,2,314.37,182.67,D,0
40.00917,-120.77299,367,0.42,0.38,2021-08-25,2046,N,VIIRS,l,2,364.73,182.67,D,0
40.00996,-120.76856,367,0.42,0.38,2021-08-25,2046,N,VIIRS,l,2,331.49,150.58,D,0
40.01077,-120.76407,346.4,0.42,0.38,2021-08-25,2046,N,VIIRS,n,2,292.89,150.58,D,0
40.01093,-120.78325,345.74,0.42,0.38,2021-08-25,2046,N,VIIRS,n,2,300.03,17.19,D,0
40.01173,-120.77877,353.55,0.42,0.38,2021-08-25,2046,N,VIIRS,n,2,304.75,182.67,D,0
40.01252,-120.77437,346.86,0.42,0.38,2021-08-25,2046,N,VIIRS,n,2,302.33,182.67,D,0
40.01331,-120.76996,367,0.42,0.38,2021-08-25,2046,N,VIIRS,h,2,333.74,150.58,D,0
40.01349,-120.789,349.08,0.42,0.38,2021-08-25,2046,N,VIIRS,n,2,311.71,130.1,D,0
40.01413,-120.76543,351.89,0.42,0.38,2021-08-25,2046,N,VIIRS,n,2,308.77,150.58,D,0
40.01429,-120.78456,367,0.42,0.38,2021-08-25,2046,N,VIIRS,l,2,362.01,130.1,D,0
40.01497,-120.76078,341.19,0.42,0.38,2021-08-25,2046,N,VIIRS,n,2,292.79,9.93,D,0
40.01509,-120.78012,367,0.42,0.38,2021-08-25,2046,N,VIIRS,h,2,347.15,59.34,D,0
40.01527,-120.79913,330.65,0.42,0.38,2021-08-25,2046,N,VIIRS,l,2,302.91,25.53,D,0
40.01588,-120.77573,355.1,0.42,0.38,2021-08-25,2046,N,VIIRS,n,2,296.04,59.34,D,0
40.01609,-120.79453,332.3,0.42,0.38,2021-08-25,2046,N,VIIRS,l,2,306.69,25.53,D,0
40.01667,-120.77134,352.31,0.42,0.38,2021-08-25,2046,N,VIIRS,n,2,293.36,54.78,D,0
40.01689,-120.79015,367,0.42,0.38,2021-08-25,2046,N,VIIRS,l,2,369.93,130.1,D,0
40.01767,-120.78579,352.49,0.42,0.38,2021-08-25,2046,N,VIIRS,n,2,322.18,130.1,D,0
40.01835,-120.76198,347.3,0.42,0.38,2021-08-25,2046,N,VIIRS,n,2,291.24,18.43,D,0
40.01846,-120.78142,349.78,0.42,0.38,2021-08-25,2046,N,VIIRS,n,2,309.46,59.34,D,0
40.01924,-120.7771,337.16,0.42,0.38,2021-08-25,2046,N,VIIRS,n,2,297.82,59.34,D,0
40.01925,-120.75695,351.39,0.42,0.38,2021-08-25,2046,N,VIIRS,n,2,295.95,18.43,D,0
40.02003,-120.77269,346.83,0.42,0.38,2021-08-25,2046,N,VIIRS,n,2,294.35,54.78,D,0
40.02029,-120.79127,351.55,0.42,0.38,2021-08-25,2046,N,VIIRS,n,2,312.04,30.14,D,0
40.02085,-120.7681,351.36,0.42,0.38,2021-08-25,2046,N,VIIRS,n,2,295.37,54.78,D,0
40.02173,-120.76322,367,0.42,0.38,2021-08-25,2046,N,VIIRS,h,2,294.22,18.43,D,0
40.02265,-120.75806,367,0.42,0.38,2021-08-25,2046,N,VIIRS,h,2,297.43,18.43,D,0
40.02359,-120.7528,352.44,0.42,0.38,2021-08-25,2046,N,VIIRS,n,2,306.89,42.81,D,0
40.02367,-120.7925,340.5,0.42,0.38,2021-08-25,2046,N,VIIRS,n,2,299.95,30.14,D,0
40.02425,-120.76929,335.47,0.42,0.38,2021-08-25,2046,N,VIIRS,n,2,291.77,7.37,D,0
40.02449,-120.74769,351.59,0.42,0.38,2021-08-25,2046,N,VIIRS,n,2,315.53,42.81,D,0
40.02512,-120.76437,338.11,0.42,0.38,2021-08-25,2046,N,VIIRS,n,2,291.1,4.16,D,0
40.02536,-120.74285,340.04,0.42,0.38,2021-08-25,2046,N,VIIRS,n,2,308.28,37.34,D,0
40.02605,-120.75918,336.02,0.42,0.38,2021-08-25,2046,N,VIIRS,n,2,291.53,4.16,D,0
40.02699,-120.75391,339.32,0.42,0.38,2021-08-25,2046,N,VIIRS,n,2,291.92,4.86,D,0
40.02702,-120.79393,333.38,0.42,0.38,2021-08-25,2046,N,VIIRS,n,2,295.36,13.4,D,0
40.02788,-120.74886,345.52,0.42,0.38,2021-08-25,2046,N,VIIRS,n,2,295.11,4.86,D,0
40.02824,-120.68646,367,0.42,0.38,2021-08-25,2046,N,VIIRS,l,2,332.92,116.85,D,0
40.02874,-120.74411,347.33,0.42,0.38,2021-08-25,2046,N,VIIRS,n,2,296.74,14.77,D,0
40.02911,-120.68157,334.48,0.42,0.38,2021-08-25,2046,N,VIIRS,n,2,304.54,11.43,D,0
40.02943,-120.76041,336.76,0.42,0.38,2021-08-25,2046,N,VIIRS,n,2,291.29,4.16,D,0
40.03036,-120.7552,330.91,0.42,0.38,2021-08-25,2046,N,VIIRS,n,2,291.06,4.86,D,0
40.03075,-120.69247,333.43,0.42,0.38,2021-08-25,2046,N,VIIRS,l,2,303.58,6.9,D,0
40.03124,-120.75024,350.08,0.42,0.38,2021-08-25,2046,N,VIIRS,n,2,295.45,4.86,D,0
40.03138,-120.70913,348,0.42,0.38,2021-08-25,2046,N,VIIRS,n,2,301.13,7.48,D,0
40.03164,-120.68748,349.29,0.42,0.38,2021-08-25,2046,N,VIIRS,n,2,303.52,6.9,D,0
40.0319,-120.76678,332.79,0.42,0.38,2021-08-25,2046,N,VIIRS,n,2,293.17,7.24,D,0
40.03251,-120.68266,340.59,0.42,0.38,2021-08-25,2046,N,VIIRS,n,2,303.35,9.26,D,0
40.03278,-120.76179,367,0.42,0.38,2021-08-25,2046,N,VIIRS,h,2,297.2,7.24,D,0
40.03369,-120.75672,339.85,0.42,0.38,2021-08-25,2046,N,VIIRS,n,2,294.99,13.84,D,0
40.03456,-120.75182,351.92,0.42,0.38,2021-08-25,2046,N,VIIRS,n,2,306.44,13.84,D,0
40.03703,-120.75817,345.76,0.42,0.38,2021-08-25,2046,N,VIIRS,n,2,295.44,13.84,D,0
40.03791,-120.75325,347.11,0.42,0.38,2021-08-25,2046,N,VIIRS,n,2,295.73,13.84,D,0
40.05618,-120.81864,345.53,0.42,0.38,2021-08-25,2047,N,VIIRS,n,2,307.78,8.6,D,0
40.05961,-120.81963,345.74,0.42,0.38,2021-08-25,2047,N,VIIRS,n,2,308.83,50.78,D,0
40.06059,-120.81425,331.84,0.42,0.38,2021-08-25,2047,N,VIIRS,l,2,304.01,75.74,D,0
40.07088,-120.81715,332.58,0.42,0.38,2021-08-25,2047,N,VIIRS,n,2,302.15,12.61,D,0
40.07524,-120.81297,352.93,0.42,0.38,2021-08-25,2047,N,VIIRS,n,2,304.4,8.7,D,0
40.08202,-120.81535,346.83,0.42,0.38,2021-08-25,2047,N,VIIRS,n,2,303.13,6.19,D,0
40.08294,-120.81023,341.74,0.42,0.38,2021-08-25,2047,N,VIIRS,n,2,302.87,11.77,D,0
40.08385,-120.8052,348.03,0.42,0.38,2021-08-25,2047,N,VIIRS,n,2,304.41,11.77,D,0
40.08634,-120.81136,353.94,0.42,0.38,2021-08-25,2047,N,VIIRS,n,2,305.58,11.77,D,0
40.08723,-120.80647,353.92,0.42,0.38,2021-08-25,2047,N,VIIRS,n,2,308.05,11.77,D,0
40.09308,-120.81394,332.57,0.42,0.38,2021-08-25,2047,N,VIIRS,l,2,304.78,31.13,D,0
40.09395,-120.80914,346.57,0.42,0.38,2021-08-25,2047,N,VIIRS,n,2,308.78,31.13,D,0
40.09481,-120.80438,348.41,0.42,0.38,2021-08-25,2047,N,VIIRS,n,2,314.94,59.89,D,0
40.09569,-120.79946,335.64,0.42,0.38,2021-08-25,2047,N,VIIRS,n,2,305.31,59.89,D,0
40.12212,-120.71217,342.92,0.42,0.38,2021-08-25,2047,N,VIIRS,n,2,302.72,9.88,D,0
40.12987,-120.70892,340.11,0.42,0.38,2021-08-25,2047,N,VIIRS,n,2,293.55,5.85,D,0
40.13074,-120.70409,354.08,0.42,0.38,2021-08-25,2047,N,VIIRS,n,2,292.6,5.85,D,0
40.13331,-120.70972,335.75,0.42,0.38,2021-08-25,2047,N,VIIRS,n,2,283.41,5.85,D,0
40.13417,-120.70488,356.68,0.42,0.38,2021-08-25,2047,N,VIIRS,l,2,288.34,5.85,D,0
40.17087,-120.51817,338.58,0.42,0.37,2021-08-25,2047,N,VIIRS,l,2,310.01,6.34,D,0
40.17173,-120.51327,336.65,0.42,0.37,2021-08-25,2047,N,VIIRS,l,2,308.09,6.34,D,0
40.17511,-120.51432,349.03,0.42,0.37,2021-08-25,2047,N,VIIRS,n,2,305.66,6.34,D,0
40.31272,-121.43258,341.06,0.44,0.38,2021-08-25,2047,N,VIIRS,n,2,302.15,5.67,D,0
40.31781,-121.44476,348.13,0.44,0.38,2021-08-25,2047,N,VIIRS,n,2,307.58,13.6,D,0
40.32033,-121.45102,340.72,0.44,0.38,2021-08-25,2047,N,VIIRS,n,2,302.89,12.55,D,0
40.3213,-121.44571,337.96,0.44,0.38,2021-08-25,2047,N,VIIRS,n,2,305.61,13.6,D,0
40.32888,-121.40467,335.87,0.44,0.38,2021-08-25,2047,N,VIIRS,n,2,304.89,3.37,D,0
40.33237,-121.40559,339.37,0.44,0.38,2021-08-25,2047,N,VIIRS,n,2,304.91,6.4,D,0
40.3403,-121.40232,335.17,0.44,0.38,2021-08-25,2047,N,VIIRS,n,2,302.95,4.06,D,0
40.34124,-121.3972,333.53,0.44,0.38,2021-08-25,2047,N,VIIRS,n,2,300.24,3.89,D,0
40.3447,-121.39836,330.9,0.44,0.38,2021-08-25,2047,N,VIIRS,l,2,301.03,3.89,D,0
40.34731,-121.1653,333.29,0.43,0.38,2021-08-25,2047,N,VIIRS,n,2,307.59,3.75,D,0
40.34813,-121.3996,331.82,0.44,0.38,2021-08-25,2047,N,VIIRS,l,2,302.62,3.98,D,0
40.35003,-121.15041,334.65,0.43,0.38,2021-08-25,2047,N,VIIRS,n,2,301.2,1.47,D,0
40.35085,-121.38476,330.08,0.44,0.38,2021-08-25,2047,N,VIIRS,l,2,304.86,3.87,D,0
40.35155,-121.4009,336.26,0.44,0.38,2021-08-25,2047,N,VIIRS,n,2,302.1,3.98,D,0
40.35176,-121.37982,332.64,0.44,0.38,2021-08-25,2047,N,VIIRS,n,2,302.4,5.91,D,0
40.35865,-121.38215,337.3,0.44,0.38,2021-08-25,2047,N,VIIRS,n,2,304.59,4.94,D,0
40.35983,-121.35577,336.93,0.44,0.38,2021-08-25,2047,N,VIIRS,n,2,302.67,4.42,D,0
40.3626,-121.34063,334.26,0.44,0.38,2021-08-25,2047,N,VIIRS,n,2,304.42,6.03,D,0
40.36416,-121.11275,340.28,0.43,0.38,2021-08-25,2047,N,VIIRS,n,2,305.18,2.47,D,0
40.37285,-121.10484,337.27,0.43,0.38,2021-08-25,2047,N,VIIRS,l,2,307.51,7.18,D,0
40.37629,-121.1059,350.68,0.43,0.38,2021-08-25,2047,N,VIIRS,n,2,307.11,7.18,D,0
40.39754,-121.02855,333.02,0.43,0.38,2021-08-25,2047,N,VIIRS,n,2,306.31,2.57,D,0
40.4067,-121.07794,331.98,0.43,0.38,2021-08-25,2047,N,VIIRS,n,2,298.72,4.51,D,0
40.40759,-121.07298,333.8,0.43,0.38,2021-08-25,2047,N,VIIRS,n,2,300.52,4.51,D,0
40.44383,-121.86674,347.3,0.45,0.39,2021-08-25,2047,N,VIIRS,n,2,311.17,7.27,D,0
40.46042,-121.34415,333.47,0.44,0.38,2021-08-25,2047,N,VIIRS,n,2,302.27,2.29,D,0
40.47161,-121.34282,347.18,0.44,0.38,2021-08-25,2047,N,VIIRS,n,2,304.79,6.03,D,0
40.47508,-121.3438,334.39,0.44,0.38,2021-08-25,2047,N,VIIRS,n,2,302.07,2.31,D,0
40.48109,-121.35087,336.23,0.44,0.38,2021-08-25,2047,N,VIIRS,n,2,304.58,2.77,D,0
40.48455,-121.35184,338.35,0.44,0.38,2021-08-25,2047,N,VIIRS,n,2,300.74,2.77,D,0
40.48475,-121.33074,347.43,0.44,0.38,2021-08-25,2047,N,VIIRS,n,2,310.6,33.03,D,0
40.48821,-121.33178,367,0.44,0.38,2021-08-25,2047,N,VIIRS,h,2,329.65,33.03,D,0
40.4891,-121.32689,350.59,0.43,0.38,2021-08-25,2047,N,VIIRS,n,2,306.83,33.03,D,0
40.49255,-121.32798,351.81,0.43,0.38,2021-08-25,2047,N,VIIRS,n,2,309,80.09,D,0
40.4927,-121.33066,350.09,0.43,0.38,2021-08-25,2047,N,VIIRS,n,2,308.63,53.12,D,0
40.49279,-121.38917,338.04,0.44,0.38,2021-08-25,2047,N,VIIRS,n,2,306.57,5.02,D,0
40.49438,-121.40028,350.28,0.44,0.38,2021-08-25,2047,N,VIIRS,n,2,310.93,7.78,D,0
40.49532,-121.39525,340.98,0.44,0.38,2021-08-25,2047,N,VIIRS,n,2,305.12,4.51,D,0
40.49879,-121.39623,340.89,0.44,0.38,2021-08-25,2047,N,VIIRS,n,2,301.73,4.51,D,0
40.50226,-121.3972,347.54,0.44,0.38,2021-08-25,2047,N,VIIRS,n,2,309.07,15.05,D,0
40.5032,-121.39214,367,0.44,0.38,2021-08-25,2047,N,VIIRS,h,2,310.93,15.05,D,0
40.50431,-121.36644,347.95,0.44,0.38,2021-08-25,2047,N,VIIRS,n,2,302.31,5.41,D,0
40.50504,-121.38224,338.16,0.44,0.38,2021-08-25,2047,N,VIIRS,l,2,312.85,7.85,D,0
40.50525,-121.36136,339.33,0.44,0.38,2021-08-25,2047,N,VIIRS,n,2,303.72,5.41,D,0
40.50539,-121.41977,343.24,0.44,0.38,2021-08-25,2047,N,VIIRS,n,2,307.67,6.6,D,0
40.50573,-121.39824,349.27,0.44,0.38,2021-08-25,2047,N,VIIRS,n,2,310.3,15.05,D,0
40.50594,-121.37735,341.34,0.44,0.38,2021-08-25,2047,N,VIIRS,n,2,311.42,19.75,D,0
40.50653,-121.45306,341,0.44,0.38,2021-08-25,2047,N,VIIRS,l,2,311.21,29.48,D,0
40.50666,-121.3932,344.74,0.44,0.38,2021-08-25,2047,N,VIIRS,n,2,307.32,15.05,D,0
40.50747,-121.44801,345.79,0.44,0.38,2021-08-25,2047,N,VIIRS,l,2,317.81,29.48,D,0
40.50759,-121.38817,346.13,0.44,0.38,2021-08-25,2047,N,VIIRS,n,2,313.16,7.85,D,0
40.50787,-121.42612,338.29,0.44,0.38,2021-08-25,2047,N,VIIRS,l,2,309.95,8.16,D,0
40.50826,-121.32535,342.63,0.43,0.38,2021-08-25,2047,N,VIIRS,n,2,306.87,5.92,D,0
40.50842,-121.44288,351.58,0.44,0.38,2021-08-25,2047,N,VIIRS,n,2,315.55,13.79,D,0
40.50851,-121.38324,351.2,0.44,0.38,2021-08-25,2047,N,VIIRS,n,2,313.33,7.85,D,0
40.50941,-121.37832,349.19,0.44,0.38,2021-08-25,2047,N,VIIRS,n,2,319,19.75,D,0
40.51058,-121.35227,337.35,0.44,0.38,2021-08-25,2047,N,VIIRS,l,2,308.89,4.71,D,0
40.51092,-121.44915,351.68,0.44,0.38,2021-08-25,2047,N,VIIRS,n,2,314.4,29.48,D,0
40.51104,-121.38927,341.72,0.44,0.38,2021-08-25,2047,N,VIIRS,n,2,307.81,5.28,D,0
40.51169,-121.40546,348.79,0.44,0.38,2021-08-25,2047,N,VIIRS,n,2,309.44,13.97,D,0
40.51188,-121.44398,343.84,0.44,0.38,2021-08-25,2047,N,VIIRS,n,2,308.49,13.79,D,0
40.51196,-121.38429,340.59,0.44,0.38,2021-08-25,2047,N,VIIRS,n,2,310.77,5.28,D,0
40.51261,-121.32155,335.8,0.43,0.38,2021-08-25,2047,N,VIIRS,l,2,307.16,5.92,D,0
40.51284,-121.4388,355.43,0.44,0.38,2021-08-25,2047,N,VIIRS,n,2,316.75,13.79,D,0
40.51288,-121.37935,346.58,0.44,0.38,2021-08-25,2047,N,VIIRS,n,2,309.12,6.96,D,0
40.51308,-121.35849,336.92,0.44,0.38,2021-08-25,2047,N,VIIRS,l,2,311.91,4.71,D,0
40.51403,-121.35336,344.33,0.44,0.38,2021-08-25,2047,N,VIIRS,n,2,312.87,4.71,D,0
40.51436,-121.45031,345.6,0.44,0.38,2021-08-25,2047,N,VIIRS,n,2,311.52,10.14,D,0
40.51495,-121.34837,367,0.44,0.38,2021-08-25,2047,N,VIIRS,l,2,325.7,62.57,D,0
40.51644,-121.24174,343.15,0.43,0.38,2021-08-25,2047,N,VIIRS,n,2,302.02,4.96,D,0
40.51749,-121.35438,349.89,0.44,0.38,2021-08-25,2047,N,VIIRS,n,2,311.44,16.96,D,0
40.51841,-121.34937,348.61,0.44,0.38,2021-08-25,2047,N,VIIRS,n,2,316.31,29.39,D,0
40.51902,-121.36582,337.08,0.44,0.38,2021-08-25,2047,N,VIIRS,l,2,311.19,26.63,D,0
40.51932,-121.34446,337.67,0.43,0.38,2021-08-25,2047,N,VIIRS,l,2,309.12,29.39,D,0
40.52186,-121.35047,354.26,0.44,0.38,2021-08-25,2047,N,VIIRS,n,2,316.27,29.39,D,0
40.52276,-121.3456,367,0.43,0.38,2021-08-25,2047,N,VIIRS,l,2,326.47,29.39,D,0
40.52395,-121.26017,339.03,0.43,0.38,2021-08-25,2047,N,VIIRS,n,2,305.99,5.49,D,0
40.52459,-121.33567,350.99,0.43,0.38,2021-08-25,2047,N,VIIRS,l,2,327.04,44.89,D,0
40.52488,-121.25516,354.68,0.43,0.38,2021-08-25,2047,N,VIIRS,n,2,306.71,8.06,D,0
40.52528,-121.35172,338.06,0.44,0.38,2021-08-25,2047,N,VIIRS,n,2,307.74,96.05,D,0
40.52551,-121.3307,337.71,0.43,0.38,2021-08-25,2047,N,VIIRS,n,2,308.79,13.75,D,0
40.52644,-121.26642,339.99,0.43,0.38,2021-08-25,2047,N,VIIRS,n,2,305.34,9.68,D,0
40.5271,-121.34182,367,0.43,0.38,2021-08-25,2047,N,VIIRS,l,2,331.19,72.33,D,0
40.52736,-121.26138,349.52,0.43,0.38,2021-08-25,2047,N,VIIRS,n,2,309.98,9.68,D,0
40.52802,-121.33685,367,0.43,0.38,2021-08-25,2047,N,VIIRS,h,2,348.97,72.33,D,0
40.52829,-121.25635,352.21,0.43,0.38,2021-08-25,2047,N,VIIRS,n,2,306.87,14.47,D,0
40.52893,-121.33188,367,0.43,0.38,2021-08-25,2047,N,VIIRS,l,2,331.3,128.59,D,0
40.53053,-121.34297,338.77,0.43,0.38,2021-08-25,2047,N,VIIRS,n,2,312.3,72.33,D,0
40.53078,-121.26257,347.85,0.43,0.38,2021-08-25,2047,N,VIIRS,n,2,309.04,9.68,D,0
40.53145,-121.338,343.96,0.43,0.38,2021-08-25,2047,N,VIIRS,n,2,308.38,72.33,D,0
40.53171,-121.25749,345.21,0.43,0.38,2021-08-25,2047,N,VIIRS,n,2,304.06,14.47,D,0
40.5342,-121.26374,349.47,0.43,0.38,2021-08-25,2047,N,VIIRS,n,2,306.53,24.73,D,0
40.54234,-121.23924,340.5,0.43,0.38,2021-08-25,2047,N,VIIRS,n,2,298.78,8.27,D,0
40.54387,-121.25068,337.28,0.43,0.38,2021-08-25,2047,N,VIIRS,n,2,301.61,4.73,D,0
40.54482,-121.24551,336.41,0.43,0.38,2021-08-25,2047,N,VIIRS,n,2,302.03,4.73,D,0
40.54669,-121.23528,333.7,0.43,0.38,2021-08-25,2047,N,VIIRS,n,2,298.41,5.41,D,0
40.54823,-121.2467,343.1,0.43,0.38,2021-08-25,2047,N,VIIRS,n,2,300.82,4.73,D,0
40.55321,-121.25918,341.47,0.43,0.38,2021-08-25,2047,N,VIIRS,n,2,302.63,5.49,D,0
40.55413,-121.25415,343.8,0.43,0.38,2021-08-25,2047,N,VIIRS,n,2,299.88,6.35,D,0
40.55571,-121.26537,341.4,0.43,0.38,2021-08-25,2047,N,VIIRS,n,2,306.34,4.92,D,0
40.55787,-121.23376,342.66,0.43,0.38,2021-08-25,2047,N,VIIRS,n,2,306.83,14.33,D,0
40.55914,-121.26651,341.4,0.43,0.38,2021-08-25,2047,N,VIIRS,n,2,302.07,4.92,D,0
40.55967,-121.22388,341.82,0.43,0.38,2021-08-25,2047,N,VIIRS,n,2,300.75,6.35,D,0
40.56006,-121.26148,347.01,0.43,0.38,2021-08-25,2047,N,VIIRS,n,2,302.27,4.92,D,0
40.56131,-121.23479,342.7,0.43,0.38,2021-08-25,2047,N,VIIRS,n,2,300.19,4.46,D,0
40.56224,-121.22971,344.16,0.43,0.38,2021-08-25,2047,N,VIIRS,n,2,303.11,4.46,D,0
40.56256,-121.26766,339.01,0.43,0.38,2021-08-25,2047,N,VIIRS,n,2,301.53,7.88,D,0
40.56312,-121.22486,340.61,0.43,0.38,2021-08-25,2047,N,VIIRS,n,2,298.47,7.95,D,0
40.56473,-121.23592,338.43,0.43,0.38,2021-08-25,2047,N,VIIRS,n,2,299.89,4.46,D,0
40.56566,-121.23084,346.74,0.43,0.38,2021-08-25,2047,N,VIIRS,n,2,300.13,4.46,D,0
40.56691,-121.26381,342.99,0.43,0.38,2021-08-25,2047,N,VIIRS,n,2,302.89,7.88,D,0
40.56815,-121.2371,339.79,0.43,0.38,2021-08-25,2047,N,VIIRS,n,2,301.96,4,D,0
40.56816,-121.29671,345.9,0.43,0.38,2021-08-25,2047,N,VIIRS,n,2,307.25,7.78,D,0
40.56906,-121.23209,341.98,0.43,0.38,2021-08-25,2047,N,VIIRS,n,2,302.12,4,D,0
40.56966,-121.24867,336.52,0.43,0.38,2021-08-25,2047,N,VIIRS,n,2,299.04,5.38,D,0
40.57001,-121.28664,344.84,0.43,0.38,2021-08-25,2047,N,VIIRS,n,2,300.48,7.75,D,0
40.5716,-121.29781,343.12,0.43,0.38,2021-08-25,2047,N,VIIRS,n,2,306.31,14.05,D,0
40.57247,-121.23328,334.48,0.43,0.38,2021-08-25,2047,N,VIIRS,n,2,299.02,4,D,0
40.57252,-121.29281,342.86,0.43,0.38,2021-08-25,2047,N,VIIRS,n,2,306.65,28.38,D,0
40.57504,-121.29894,349.51,0.43,0.38,2021-08-25,2047,N,VIIRS,n,2,305.17,14.05,D,0
40.57588,-121.23449,336.94,0.43,0.38,2021-08-25,2047,N,VIIRS,n,2,297.41,5.54,D,0
40.57594,-121.29397,344.52,0.43,0.38,2021-08-25,2047,N,VIIRS,n,2,314.05,28.38,D,0
40.57686,-121.28894,345.55,0.43,0.38,2021-08-25,2047,N,VIIRS,n,2,303.13,28.38,D,0
40.57758,-121.30495,344.87,0.43,0.38,2021-08-25,2047,N,VIIRS,n,2,304.22,76.36,D,0
40.57927,-121.31559,342.7,0.43,0.38,2021-08-25,2047,N,VIIRS,n,2,307.94,22.2,D,0
40.58015,-121.31081,356.33,0.43,0.38,2021-08-25,2047,N,VIIRS,n,2,307.84,22.2,D,0
40.58028,-121.2901,355.07,0.43,0.38,2021-08-25,2047,N,VIIRS,n,2,312.91,34.42,D,0
40.5812,-121.28507,346.62,0.43,0.38,2021-08-25,2047,N,VIIRS,n,2,303.82,33.15,D,0
40.58266,-121.33688,339.8,0.43,0.38,2021-08-25,2047,N,VIIRS,n,2,296.45,4.47,D,0
40.58271,-121.3167,343.08,0.43,0.38,2021-08-25,2047,N,VIIRS,n,2,306.21,12.11,D,0
40.58336,-121.35307,349.61,0.43,0.38,2021-08-25,2047,N,VIIRS,n,2,299.61,5.48,D,0
40.58359,-121.31187,347.26,0.43,0.38,2021-08-25,2047,N,VIIRS,n,2,301.16,12.11,D,0
40.58371,-121.29127,348.57,0.43,0.38,2021-08-25,2047,N,VIIRS,n,2,302.93,34.42,D,0
40.58428,-121.348,343.42,0.43,0.38,2021-08-25,2047,N,VIIRS,n,2,297.82,19.89,D,0
40.5844,-121.32741,336.16,0.43,0.38,2021-08-25,2047,N,VIIRS,n,2,299.05,4.68,D,0
40.58447,-121.30705,354.41,0.43,0.38,2021-08-25,2047,N,VIIRS,n,2,308.18,106.67,D,0
40.58526,-121.32264,345.33,0.43,0.38,2021-08-25,2047,N,VIIRS,n,2,302.26,4.68,D,0
40.58535,-121.30222,343.88,0.43,0.38,2021-08-25,2047,N,VIIRS,n,2,302.1,106.67,D,0
40.58615,-121.31783,354.7,0.43,0.38,2021-08-25,2047,N,VIIRS,n,2,306.06,12.11,D,0
40.58624,-121.29736,354.31,0.43,0.38,2021-08-25,2047,N,VIIRS,n,2,316.8,35.13,D,0
40.58675,-121.35445,342.11,0.43,0.38,2021-08-25,2047,N,VIIRS,n,2,297.07,5.48,D,0
40.58695,-121.33338,332.56,0.43,0.38,2021-08-25,2047,N,VIIRS,n,2,298.08,5.33,D,0
40.58704,-121.31294,347.6,0.43,0.38,2021-08-25,2047,N,VIIRS,n,2,303.09,12.11,D,0
40.58767,-121.3494,354.14,0.43,0.38,2021-08-25,2047,N,VIIRS,n,2,306.11,19.89,D,0
40.58782,-121.3286,352.23,0.43,0.38,2021-08-25,2047,N,VIIRS,n,2,300.33,28.02,D,0
40.58858,-121.34441,367,0.43,0.38,2021-08-25,2047,N,VIIRS,h,2,306.85,19.89,D,0
40.58869,-121.32383,344.23,0.43,0.38,2021-08-25,2047,N,VIIRS,n,2,318.21,28.02,D,0
40.58879,-121.3033,367,0.43,0.38,2021-08-25,2047,N,VIIRS,h,2,363.35,106.67,D,0
40.58948,-121.33949,344.22,0.43,0.38,2021-08-25,2047,N,VIIRS,n,2,299.68,5.33,D,0
40.58957,-121.31899,344.49,0.43,0.38,2021-08-25,2047,N,VIIRS,n,2,303.01,9.83,D,0
40.58968,-121.29846,352.77,0.43,0.38,2021-08-25,2047,N,VIIRS,n,2,306.88,35.13,D,0
40.59047,-121.3141,346.88,0.43,0.38,2021-08-25,2047,N,VIIRS,n,2,305.16,9.83,D,0
40.59198,-121.34576,330.98,0.43,0.38,2021-08-25,2047,N,VIIRS,n,2,297.33,2.1,D,0
40.59212,-121.32502,347.83,0.43,0.38,2021-08-25,2047,N,VIIRS,n,2,305.95,28.02,D,0
40.59224,-121.30439,367,0.43,0.38,2021-08-25,2047,N,VIIRS,l,2,376.03,0,D,0
40.59288,-121.34082,344.44,0.43,0.38,2021-08-25,2047,N,VIIRS,n,2,298.76,5.12,D,0
40.593,-121.32015,339.09,0.43,0.38,2021-08-25,2047,N,VIIRS,n,2,303.6,9.83,D,0
40.59312,-121.29955,367,0.43,0.38,2021-08-25,2047,N,VIIRS,l,2,330.93,291.41,D,0
40.59389,-121.31528,343.58,0.43,0.38,2021-08-25,2047,N,VIIRS,n,2,306.28,9.83,D,0
40.59401,-121.29465,357.2,0.43,0.38,2021-08-25,2047,N,VIIRS,n,2,287.83,291.41,D,0
40.59478,-121.31037,367,0.43,0.38,2021-08-25,2047,N,VIIRS,h,2,337.41,0,D,0
40.59554,-121.32622,354.1,0.43,0.38,2021-08-25,2047,N,VIIRS,n,2,308.93,22.8,D,0
40.59567,-121.30551,367,0.43,0.38,2021-08-25,2047,N,VIIRS,l,2,369.76,0,D,0
40.59628,-121.34215,333.63,0.43,0.38,2021-08-25,2047,N,VIIRS,n,2,297.61,5.12,D,0
40.59896,-121.32745,350.88,0.43,0.38,2021-08-25,2047,N,VIIRS,n,2,302.8,22.8,D,0
40.5991,-121.30667,356.69,0.43,0.38,2021-08-25,2047,N,VIIRS,l,2,285.75,62.07,D,0
40.59985,-121.32253,336.06,0.43,0.38,2021-08-25,2047,N,VIIRS,l,2,307.27,20.39,D,0
40.60148,-121.33361,333.36,0.43,0.38,2021-08-25,2047,N,VIIRS,n,2,299.51,7.99,D,0
40.60163,-121.31277,344.16,0.43,0.38,2021-08-25,2047,N,VIIRS,n,2,306.5,62.07,D,0
40.60215,-121.33152,367,0.43,0.38,2021-08-25,2047,N,VIIRS,h,2,302.25,9.76,D,0
40.60238,-121.3287,346.24,0.43,0.38,2021-08-25,2047,N,VIIRS,n,2,301.57,7.99,D,0
40.60489,-121.33488,333.28,0.43,0.38,2021-08-25,2047,N,VIIRS,n,2,299.88,7.99,D,0
40.60556,-121.33276,334.33,0.43,0.38,2021-08-25,2047,N,VIIRS,n,2,298.45,9.76,D,0
40.60579,-121.31187,331.5,0.43,0.38,2021-08-25,2047,N,VIIRS,n,2,299.26,3.61,D,0
40.6058,-121.32993,343.34,0.43,0.38,2021-08-25,2047,N,VIIRS,n,2,300.35,7.99,D,0
40.60648,-121.3278,350.77,0.43,0.38,2021-08-25,2047,N,VIIRS,n,2,307.03,9.76,D,0
40.6067,-121.32497,334.9,0.43,0.38,2021-08-25,2047,N,VIIRS,n,2,307.2,11.92,D,0
40.60921,-121.313,331.28,0.43,0.38,2021-08-25,2047,N,VIIRS,n,2,300.37,3.61,D,0
40.6099,-121.32903,340,0.43,0.38,2021-08-25,2047,N,VIIRS,n,2,301.69,7.5,D,0
40.61082,-121.32405,346.28,0.43,0.38,2021-08-25,2047,N,VIIRS,n,2,311.36,11.96,D,0
40.61265,-121.31415,332.77,0.43,0.38,2021-08-25,2047,N,VIIRS,n,2,301.71,10.78,D,0
40.61356,-121.30919,353.98,0.43,0.38,2021-08-25,2047,N,VIIRS,n,2,293.93,10.78,D,0
40.61424,-121.32523,330.6,0.43,0.38,2021-08-25,2047,N,VIIRS,n,2,298.66,11.96,D,0
40.61516,-121.32025,356.67,0.43,0.38,2021-08-25,2047,N,VIIRS,n,2,305.11,11.96,D,0
40.61607,-121.31528,355.3,0.43,0.38,2021-08-25,2047,N,VIIRS,n,2,303.33,10.78,D,0
40.61699,-121.31032,354.91,0.43,0.38,2021-08-25,2047,N,VIIRS,n,2,301.39,10.78,D,0
40.6179,-121.30536,357.2,0.43,0.38,2021-08-25,2047,N,VIIRS,l,2,287.61,13.27,D,0
40.6195,-121.31644,356.67,0.43,0.38,2021-08-25,2047,N,VIIRS,n,2,306.31,11.07,D,0
40.62042,-121.31147,341.11,0.43,0.38,2021-08-25,2047,N,VIIRS,n,2,298.14,11.07,D,0
40.62226,-121.30152,340.73,0.43,0.38,2021-08-25,2047,N,VIIRS,n,2,290.69,76.31,D,0
40.62569,-121.30263,339.16,0.43,0.38,2021-08-25,2047,N,VIIRS,n,2,289.51,76.31,D,0
41.43317,-121.8856,345.43,0.44,0.38,2021-08-25,2047,N,VIIRS,n,2,308.19,8.76,D,0
41.44107,-121.88266,338.6,0.44,0.38,2021-08-25,2047,N,VIIRS,n,2,305.07,8.5,D,0
41.45148,-121.88598,347.11,0.44,0.38,2021-08-25,2047,N,VIIRS,n,2,302.92,6.32,D,0
41.45243,-121.88086,346.4,0.44,0.38,2021-08-25,2047,N,VIIRS,n,2,306.48,6.32,D,0
41.4559,-121.88197,347.99,0.44,0.38,2021-08-25,2047,N,VIIRS,n,2,304.29,6.32,D,0
41.46127,-121.87283,331.97,0.44,0.38,2021-08-25,2047,N,VIIRS,l,2,306.36,3.55,D,0
41.46132,-121.93204,349.43,0.44,0.38,2021-08-25,2047,N,VIIRS,n,2,299.91,16.89,D,0
41.46387,-121.93813,349.05,0.44,0.38,2021-08-25,2047,N,VIIRS,n,2,299.74,11.82,D,0
41.46728,-121.88001,338.44,0.44,0.38,2021-08-25,2047,N,VIIRS,n,2,303.96,6.56,D,0
41.47925,-121.97298,345.04,0.44,0.39,2021-08-25,2047,N,VIIRS,n,2,302.14,9.34,D,0
41.48494,-121.90363,339.55,0.44,0.38,2021-08-25,2047,N,VIIRS,n,2,304.54,16.96,D,0
41.48835,-121.90501,341.55,0.44,0.38,2021-08-25,2047,N,VIIRS,n,2,302.28,16.96,D,0
41.48883,-121.90248,342.58,0.44,0.38,2021-08-25,2047,N,VIIRS,n,2,303.75,49.01,D,0
41.48933,-121.89982,348.62,0.44,0.38,2021-08-25,2047,N,VIIRS,n,2,306.74,16.96,D,0
41.49165,-121.8872,337.68,0.44,0.38,2021-08-25,2047,N,VIIRS,n,2,301.8,5.51,D,0
41.49178,-121.90636,352.84,0.44,0.38,2021-08-25,2047,N,VIIRS,n,2,303.33,131.38,D,0
41.49218,-121.88461,340.31,0.44,0.38,2021-08-25,2047,N,VIIRS,n,2,301.61,6.51,D,0
41.49467,-121.89091,343.63,0.44,0.38,2021-08-25,2047,N,VIIRS,n,2,306.57,13.96,D,0
41.49563,-121.88578,345.7,0.44,0.38,2021-08-25,2047,N,VIIRS,n,2,302.71,4.69,D,0
41.50755,-121.9006,342.19,0.44,0.38,2021-08-25,2047,N,VIIRS,n,2,303.08,3.76,D,0
41.51348,-121.9082,345.85,0.44,0.38,2021-08-25,2047,N,VIIRS,n,2,309.91,15.1,D,0
41.51693,-121.90939,346.87,0.44,0.38,2021-08-25,2047,N,VIIRS,n,2,307.46,15.1,D,0
41.51791,-121.90414,332.23,0.44,0.38,2021-08-25,2047,N,VIIRS,l,2,302.82,11.54,D,0
41.52234,-121.90012,338.91,0.44,0.38,2021-08-25,2047,N,VIIRS,n,2,305.11,17.41,D,0
41.52578,-121.90137,354.52,0.44,0.38,2021-08-25,2047,N,VIIRS,n,2,307.44,17.41,D,0
41.55068,-121.98491,348.7,0.44,0.39,2021-08-25,2047,N,VIIRS,n,2,305.54,22.46,D,0
41.57552,-121.79115,331.09,0.44,0.38,2021-08-25,2047,N,VIIRS,n,2,299.58,4.46,D,0
41.57899,-121.79214,342.93,0.44,0.38,2021-08-25,2047,N,VIIRS,n,2,299.62,36.14,D,0
41.57992,-121.78712,356.17,0.44,0.38,2021-08-25,2047,N,VIIRS,n,2,314.97,36.14,D,0
41.58084,-121.78212,348.42,0.44,0.38,2021-08-25,2047,N,VIIRS,n,2,308.31,17.54,D,0
41.58339,-121.78815,367,0.44,0.38,2021-08-25,2047,N,VIIRS,l,2,325.09,36.14,D,0
41.5843,-121.78317,344.39,0.44,0.38,2021-08-25,2047,N,VIIRS,n,2,304.28,17.54,D,0
39.21987,-121.03825,297.61,0.44,0.62,2021-08-26,905,N,VIIRS,n,2,286.86,0.43,N,0
39.22036,-121.04205,296.08,0.44,0.62,2021-08-26,905,N,VIIRS,n,2,286.03,0.31,N,0
39.61954,-119.26389,313.82,0.35,0.57,2021-08-26,905,N,VIIRS,n,2,286.57,0.94,N,2
40.00168,-120.75458,301.02,0.43,0.62,2021-08-26,905,N,VIIRS,n,2,285.21,20.73,N,0
40.00183,-120.75816,350.4,0.43,0.62,2021-08-26,905,N,VIIRS,n,2,285.57,20.73,N,0
40.00199,-120.7617,330.55,0.43,0.62,2021-08-26,905,N,VIIRS,n,2,299.25,86.1,N,0
40.00215,-120.76549,367,0.43,0.62,2021-08-26,905,N,VIIRS,h,2,288.08,86.1,N,0
40.00232,-120.76945,328.7,0.43,0.62,2021-08-26,905,N,VIIRS,n,2,285.6,7.56,N,0
40.00249,-120.77338,314.93,0.43,0.62,2021-08-26,905,N,VIIRS,n,2,285.11,7.56,N,0
40.00265,-120.77722,328.25,0.43,0.62,2021-08-26,905,N,VIIRS,n,2,287.61,3.55,N,0
40.00283,-120.78136,313.1,0.43,0.62,2021-08-26,905,N,VIIRS,n,2,284.94,3.55,N,0
40.00303,-120.78601,298.77,0.43,0.62,2021-08-26,905,N,VIIRS,n,2,282.18,1.71,N,0
40.00737,-120.7525,299.41,0.43,0.62,2021-08-26,905,N,VIIRS,n,2,284.85,2.64,N,0
40.00754,-120.7565,344.92,0.43,0.62,2021-08-26,905,N,VIIRS,n,2,289.62,24.55,N,0
40.00771,-120.76032,333.04,0.43,0.62,2021-08-26,905,N,VIIRS,n,2,298.43,24.55,N,0
40.00788,-120.76424,340.86,0.43,0.62,2021-08-26,905,N,VIIRS,n,2,321.99,51.22,N,0
40.00805,-120.76818,367,0.43,0.62,2021-08-26,905,N,VIIRS,h,2,298.9,51.22,N,0
40.00822,-120.77205,340.17,0.43,0.62,2021-08-26,905,N,VIIRS,n,2,288.01,7.67,N,0
40.00837,-120.77565,315.38,0.43,0.62,2021-08-26,905,N,VIIRS,n,2,283.28,7.67,N,0
40.00853,-120.77938,306.08,0.43,0.62,2021-08-26,905,N,VIIRS,n,2,282.5,1.38,N,0
40.00871,-120.78347,300.11,0.43,0.62,2021-08-26,905,N,VIIRS,n,2,282.49,1.38,N,0
40.00888,-120.78764,296.54,0.43,0.62,2021-08-26,905,N,VIIRS,n,2,283.09,1.61,N,0
40.00906,-120.7918,297.8,0.43,0.62,2021-08-26,905,N,VIIRS,n,2,283.12,1.61,N,0
40.00925,-120.79612,350.22,0.43,0.62,2021-08-26,905,N,VIIRS,n,2,288.62,3.91,N,0
40.00946,-120.80095,314.63,0.43,0.62,2021-08-26,905,N,VIIRS,n,2,283.65,3.91,N,0
40.01298,-120.74844,305.88,0.43,0.62,2021-08-26,905,N,VIIRS,n,2,284.75,2.64,N,0
40.01321,-120.75372,319.94,0.43,0.62,2021-08-26,905,N,VIIRS,n,2,286.88,2.64,N,0
40.01341,-120.75842,311.88,0.43,0.62,2021-08-26,905,N,VIIRS,n,2,287.25,24.55,N,0
40.0136,-120.76277,315.6,0.43,0.62,2021-08-26,905,N,VIIRS,n,2,287.21,24.55,N,0
40.01378,-120.76697,327.75,0.43,0.62,2021-08-26,905,N,VIIRS,n,2,288.06,51.22,N,0
40.01396,-120.77097,307.78,0.43,0.62,2021-08-26,905,N,VIIRS,n,2,285.52,51.22,N,0
40.01411,-120.77454,299.83,0.43,0.62,2021-08-26,905,N,VIIRS,n,2,283.58,7.67,N,0
40.01442,-120.78181,300.51,0.43,0.62,2021-08-26,905,N,VIIRS,n,2,283.64,1.38,N,0
40.01458,-120.78549,311.21,0.43,0.62,2021-08-26,905,N,VIIRS,n,2,283.41,1.38,N,0
40.01474,-120.78905,302.93,0.43,0.62,2021-08-26,905,N,VIIRS,n,2,282.75,1.61,N,0
40.01489,-120.7925,313.35,0.43,0.62,2021-08-26,905,N,VIIRS,n,2,284.58,1.61,N,0
40.01505,-120.7962,306.18,0.43,0.62,2021-08-26,905,N,VIIRS,n,2,283.92,3.91,N,0
40.01836,-120.73907,309.38,0.43,0.62,2021-08-26,905,N,VIIRS,n,2,286.02,4.61,N,0
40.01862,-120.74508,333.23,0.43,0.62,2021-08-26,905,N,VIIRS,n,2,289.48,3.38,N,0
40.01891,-120.75175,313.11,0.43,0.62,2021-08-26,905,N,VIIRS,n,2,286.44,3.38,N,0
40.01921,-120.75864,307.97,0.43,0.62,2021-08-26,905,N,VIIRS,n,2,286.12,1.54,N,0
40.01947,-120.76471,301.14,0.43,0.62,2021-08-26,905,N,VIIRS,n,2,286.65,1.54,N,0
40.02072,-120.79343,319.15,0.43,0.62,2021-08-26,905,N,VIIRS,n,2,285.18,1.63,N,0
40.02089,-120.79716,303.14,0.43,0.62,2021-08-26,905,N,VIIRS,n,2,282.33,2.37,N,0
40.02397,-120.73531,336.66,0.43,0.62,2021-08-26,905,N,VIIRS,n,2,288.25,4.61,N,0
40.02415,-120.73946,336.28,0.43,0.62,2021-08-26,905,N,VIIRS,n,2,290.4,4.61,N,0
40.02437,-120.74437,320.64,0.43,0.62,2021-08-26,905,N,VIIRS,n,2,288.9,3.38,N,0
40.02463,-120.75038,309.04,0.43,0.62,2021-08-26,905,N,VIIRS,n,2,287.52,3.38,N,0
40.02497,-120.75811,299.96,0.43,0.62,2021-08-26,905,N,VIIRS,n,2,286.22,1.54,N,0
40.02664,-120.79642,303.82,0.43,0.62,2021-08-26,905,N,VIIRS,n,2,284.91,1.63,N,0
40.02747,-120.68414,306.95,0.43,0.62,2021-08-26,905,N,VIIRS,n,2,285.13,3.14,N,0
40.02772,-120.68961,343.92,0.43,0.62,2021-08-26,905,N,VIIRS,n,2,289.84,3.89,N,0
40.02799,-120.69569,303.52,0.43,0.62,2021-08-26,905,N,VIIRS,n,2,285.95,3.89,N,0
40.02969,-120.73395,324.11,0.43,0.62,2021-08-26,905,N,VIIRS,n,2,286.82,2.28,N,0
40.02986,-120.73785,326.13,0.43,0.62,2021-08-26,905,N,VIIRS,n,2,288.39,2.48,N,0
40.03004,-120.74181,304.49,0.43,0.62,2021-08-26,905,N,VIIRS,n,2,286.66,2.48,N,0
40.03023,-120.74612,305.91,0.43,0.62,2021-08-26,905,N,VIIRS,n,2,286.87,1.19,N,0
40.03046,-120.75152,297.77,0.43,0.62,2021-08-26,905,N,VIIRS,n,2,286,1.19,N,0
40.03555,-120.73582,305.3,0.43,0.62,2021-08-26,905,N,VIIRS,n,2,282.55,2.28,N,0
40.03576,-120.74049,314.8,0.43,0.62,2021-08-26,905,N,VIIRS,n,2,285.05,2.48,N,0
40.03596,-120.74518,305.63,0.43,0.62,2021-08-26,905,N,VIIRS,n,2,285.91,2.48,N,0
40.03619,-120.75022,310.4,0.43,0.62,2021-08-26,905,N,VIIRS,n,2,286.04,1.19,N,0
40.03645,-120.75597,300.51,0.43,0.62,2021-08-26,905,N,VIIRS,n,2,285.08,1.19,N,0
40.06832,-120.82031,302.88,0.43,0.62,2021-08-26,905,N,VIIRS,n,2,286.53,1.89,N,0
40.06862,-120.82726,307.68,0.43,0.62,2021-08-26,905,N,VIIRS,n,2,285.89,2.61,N,0
40.06867,-120.82812,297.98,0.43,0.62,2021-08-26,905,N,VIIRS,n,2,283.56,1.89,N,0
40.07403,-120.81693,302.76,0.43,0.62,2021-08-26,905,N,VIIRS,n,2,287.18,3,N,0
40.07404,-120.81834,323.2,0.43,0.62,2021-08-26,905,N,VIIRS,n,2,288.27,1.89,N,0
40.07439,-120.82612,337.72,0.43,0.62,2021-08-26,905,N,VIIRS,n,2,287.99,2.61,N,0
40.07445,-120.82728,324,0.43,0.62,2021-08-26,905,N,VIIRS,n,2,285.2,1.89,N,0
40.07464,-120.83259,296.64,0.43,0.62,2021-08-26,905,N,VIIRS,n,2,282.63,2.61,N,0
40.07952,-120.80919,304.33,0.43,0.62,2021-08-26,905,N,VIIRS,n,2,287.71,1.89,N,0
40.07983,-120.81676,315.78,0.43,0.62,2021-08-26,905,N,VIIRS,n,2,288.76,1.89,N,0
40.08014,-120.82472,343.9,0.43,0.62,2021-08-26,905,N,VIIRS,n,2,290.92,5.4,N,0
40.08043,-120.8321,312.21,0.43,0.62,2021-08-26,905,N,VIIRS,n,2,284.79,5.4,N,0
40.08535,-120.80984,299.67,0.43,0.62,2021-08-26,905,N,VIIRS,n,2,287.56,1.89,N,0
40.09689,-120.80824,335.39,0.43,0.62,2021-08-26,905,N,VIIRS,n,2,288.63,7.68,N,0
40.0971,-120.81319,348.94,0.43,0.62,2021-08-26,905,N,VIIRS,n,2,289.84,6.05,N,0
40.09733,-120.81893,296.24,0.43,0.62,2021-08-26,905,N,VIIRS,n,2,284.43,6.05,N,0
40.12187,-120.71411,299.93,0.43,0.62,2021-08-26,905,N,VIIRS,n,2,283.52,1.44,N,0
40.13301,-120.70477,301.19,0.43,0.62,2021-08-26,905,N,VIIRS,n,2,285.68,2.02,N,0
40.13322,-120.70943,307.82,0.43,0.62,2021-08-26,905,N,VIIRS,n,2,284.79,2.28,N,0
40.3569,-121.37159,303.49,0.47,0.64,2021-08-26,905,N,VIIRS,n,2,277.31,1.75,N,0
40.35709,-121.37695,323.17,0.47,0.64,2021-08-26,905,N,VIIRS,n,2,280.5,1.75,N,0
40.46991,-121.45986,295.95,0.47,0.64,2021-08-26,905,N,VIIRS,n,2,279.01,0.71,N,0
40.48583,-121.33485,296.76,0.47,0.64,2021-08-26,905,N,VIIRS,n,2,279.03,1.41,N,0
40.489,-121.32979,304.27,0.47,0.64,2021-08-26,905,N,VIIRS,n,2,281.66,1.93,N,0
40.4892,-121.33473,298.86,0.47,0.64,2021-08-26,905,N,VIIRS,n,2,279.54,1.61,N,0
40.48979,-121.19807,300.83,0.46,0.63,2021-08-26,905,N,VIIRS,n,2,281.72,0.86,N,0
40.49162,-121.32957,297.73,0.47,0.64,2021-08-26,905,N,VIIRS,n,2,281.3,1.04,N,0
40.49179,-121.33447,304.68,0.47,0.64,2021-08-26,905,N,VIIRS,n,2,281.11,1.04,N,0
40.49498,-121.32976,303.33,0.47,0.64,2021-08-26,905,N,VIIRS,n,2,280.81,1.02,N,0
40.49516,-121.33456,301.02,0.47,0.64,2021-08-26,905,N,VIIRS,n,2,279.68,1.72,N,0
40.49657,-121.21925,298.15,0.46,0.63,2021-08-26,905,N,VIIRS,n,2,280.36,1.29,N,0
40.49715,-121.23359,297.75,0.46,0.64,2021-08-26,905,N,VIIRS,n,2,281.61,1.51,N,0
40.49751,-121.39556,298.12,0.47,0.64,2021-08-26,905,N,VIIRS,n,2,281.47,1.31,N,0
40.4976,-121.32964,298.4,0.47,0.64,2021-08-26,905,N,VIIRS,n,2,280.18,1.04,N,0
40.49776,-121.33443,304.44,0.47,0.64,2021-08-26,905,N,VIIRS,n,2,280.86,1.04,N,0
40.49976,-121.39489,304.09,0.47,0.64,2021-08-26,905,N,VIIRS,n,2,281.49,2.88,N,0
40.49996,-121.22369,295.79,0.46,0.64,2021-08-26,905,N,VIIRS,n,2,280.85,1.68,N,0
40.5003,-121.23345,295.69,0.46,0.64,2021-08-26,905,N,VIIRS,n,2,281.32,1.13,N,0
40.50096,-121.33,297.34,0.47,0.64,2021-08-26,905,N,VIIRS,n,2,279.79,1.02,N,0
40.50286,-121.37904,302.1,0.47,0.64,2021-08-26,905,N,VIIRS,n,2,279.65,1.09,N,0
40.50345,-121.39432,309.36,0.47,0.64,2021-08-26,905,N,VIIRS,n,2,282.77,1.31,N,0
40.50521,-121.37861,303.13,0.47,0.64,2021-08-26,905,N,VIIRS,n,2,279.03,2.27,N,0
40.50537,-121.38336,303.14,0.47,0.64,2021-08-26,905,N,VIIRS,n,2,278.73,4.1,N,0
40.50571,-121.39383,302.52,0.47,0.64,2021-08-26,905,N,VIIRS,n,2,281.95,1.93,N,0
40.50674,-121.32526,299.31,0.46,0.64,2021-08-26,905,N,VIIRS,n,2,278.34,1.08,N,0
40.50692,-121.32983,297.61,0.47,0.64,2021-08-26,905,N,VIIRS,n,2,279.94,1.08,N,0
40.50754,-121.44945,298.3,0.47,0.64,2021-08-26,905,N,VIIRS,n,2,275.46,2.96,N,0
40.50773,-121.45527,319.01,0.47,0.64,2021-08-26,905,N,VIIRS,n,2,278.3,4.68,N,0
40.50882,-121.37825,328.73,0.47,0.64,2021-08-26,905,N,VIIRS,n,2,279.68,2.62,N,0
40.50901,-121.38317,321.77,0.47,0.64,2021-08-26,905,N,VIIRS,n,2,278.11,2.62,N,0
40.50953,-121.32932,302.83,0.47,0.64,2021-08-26,905,N,VIIRS,n,2,281.03,1.52,N,0
40.51045,-121.35661,323.37,0.47,0.64,2021-08-26,905,N,VIIRS,n,2,278.13,2.16,N,0
40.51117,-121.37773,310.03,0.47,0.64,2021-08-26,905,N,VIIRS,n,2,278.19,2.27,N,0
40.51133,-121.38275,332.9,0.47,0.64,2021-08-26,905,N,VIIRS,n,2,279.69,4.1,N,0
40.51134,-121.44347,311.78,0.47,0.64,2021-08-26,905,N,VIIRS,n,2,277.49,2.09,N,0
40.51159,-121.44979,304.65,0.47,0.64,2021-08-26,905,N,VIIRS,n,2,275.95,3.69,N,0
40.51181,-121.4558,326.46,0.47,0.64,2021-08-26,905,N,VIIRS,n,2,278.33,3.69,N,0
40.51258,-121.24472,295.21,0.46,0.64,2021-08-26,905,N,VIIRS,n,2,280.23,1.12,N,0
40.51334,-121.44315,317.24,0.47,0.64,2021-08-26,905,N,VIIRS,n,2,278.95,2.96,N,0
40.51355,-121.44956,324.64,0.47,0.64,2021-08-26,905,N,VIIRS,n,2,277.04,2.96,N,0
40.51373,-121.35092,300.4,0.47,0.64,2021-08-26,905,N,VIIRS,n,2,279.96,2.77,N,0
40.51375,-121.45567,330.86,0.47,0.64,2021-08-26,905,N,VIIRS,n,2,278.32,4.68,N,0
40.51395,-121.35661,333.36,0.47,0.64,2021-08-26,905,N,VIIRS,n,2,280.8,5.33,N,0
40.51479,-121.37792,296.41,0.47,0.64,2021-08-26,905,N,VIIRS,n,2,277.58,2.62,N,0
40.51622,-121.35029,314.43,0.47,0.64,2021-08-26,905,N,VIIRS,n,2,282.09,4.45,N,0
40.51641,-121.3559,310.11,0.47,0.64,2021-08-26,905,N,VIIRS,n,2,280.94,4.45,N,0
40.51663,-121.36242,307.09,0.47,0.64,2021-08-26,905,N,VIIRS,n,2,279.59,2.71,N,0
40.51734,-121.44324,296.83,0.47,0.64,2021-08-26,905,N,VIIRS,n,2,277.41,2.09,N,0
40.51759,-121.44975,346.09,0.47,0.64,2021-08-26,905,N,VIIRS,n,2,279.53,3.69,N,0
40.51783,-121.45586,304.34,0.47,0.64,2021-08-26,905,N,VIIRS,n,2,276.57,3.69,N,0
40.51854,-121.24524,299.99,0.46,0.64,2021-08-26,905,N,VIIRS,n,2,280.46,1.12,N,0
40.51955,-121.44942,306.18,0.47,0.64,2021-08-26,905,N,VIIRS,n,2,276.68,1.49,N,0
40.51975,-121.45556,306.51,0.47,0.64,2021-08-26,905,N,VIIRS,n,2,276.81,1.92,N,0
40.52164,-121.33409,306.31,0.47,0.64,2021-08-26,905,N,VIIRS,n,2,279.92,1.59,N,0
40.52183,-121.33957,298.18,0.47,0.64,2021-08-26,905,N,VIIRS,n,2,279.2,6.01,N,0
40.52201,-121.34495,352.68,0.47,0.64,2021-08-26,905,N,VIIRS,n,2,282.37,6.01,N,0
40.52219,-121.35001,330.87,0.47,0.64,2021-08-26,905,N,VIIRS,n,2,283.78,4.45,N,0
40.52238,-121.35555,324.59,0.47,0.64,2021-08-26,905,N,VIIRS,n,2,282.65,4.45,N,0
40.52281,-121.36817,300.48,0.47,0.64,2021-08-26,905,N,VIIRS,n,2,275.68,2.71,N,0
40.52332,-121.21237,300.93,0.46,0.63,2021-08-26,905,N,VIIRS,n,2,280.09,1.02,N,0
40.52489,-121.25671,308.46,0.46,0.64,2021-08-26,905,N,VIIRS,n,2,281.27,1.11,N,0
40.52511,-121.26259,300.23,0.46,0.64,2021-08-26,905,N,VIIRS,n,2,280.37,1.11,N,0
40.52533,-121.26878,303.94,0.46,0.64,2021-08-26,905,N,VIIRS,n,2,280.2,1.29,N,0
40.52559,-121.27644,295.58,0.46,0.64,2021-08-26,905,N,VIIRS,n,2,279.83,1.29,N,0
40.52744,-121.32915,297.04,0.47,0.64,2021-08-26,905,N,VIIRS,n,2,280.15,5.17,N,0
40.52763,-121.33453,340.28,0.47,0.64,2021-08-26,905,N,VIIRS,n,2,284.26,5.17,N,0
40.52782,-121.33997,367,0.47,0.64,2021-08-26,905,N,VIIRS,h,2,289.35,11.52,N,0
40.52801,-121.34543,367,0.47,0.64,2021-08-26,905,N,VIIRS,h,2,286.51,11.52,N,0
40.5282,-121.35101,336.6,0.47,0.64,2021-08-26,905,N,VIIRS,n,2,284.01,11.38,N,0
40.53107,-121.2631,295.39,0.46,0.64,2021-08-26,905,N,VIIRS,n,2,279.81,1.11,N,0
40.53342,-121.32934,314.28,0.47,0.64,2021-08-26,905,N,VIIRS,n,2,280.98,5.17,N,3
40.53361,-121.3348,327.06,0.47,0.64,2021-08-26,905,N,VIIRS,n,2,282.14,5.17,N,0
40.5338,-121.34025,341.6,0.47,0.64,2021-08-26,905,N,VIIRS,n,2,283.66,11.52,N,0
40.534,-121.34579,314.69,0.47,0.64,2021-08-26,905,N,VIIRS,n,2,279.75,11.52,N,0
40.53957,-121.3344,312.63,0.47,0.64,2021-08-26,905,N,VIIRS,n,2,276.2,1.11,N,0
40.53976,-121.33983,295.98,0.47,0.64,2021-08-26,905,N,VIIRS,n,2,276.87,1.23,N,0
40.5656,-121.23129,310.15,0.46,0.64,2021-08-26,905,N,VIIRS,n,2,284.38,2.85,N,0
40.56775,-121.28852,298.53,0.46,0.64,2021-08-26,905,N,VIIRS,n,2,282.2,1.21,N,0
40.56796,-121.2943,320.72,0.46,0.64,2021-08-26,905,N,VIIRS,n,2,282.67,3.31,N,0
40.5737,-121.28842,307.59,0.46,0.64,2021-08-26,905,N,VIIRS,n,2,282.66,2.52,N,0
40.57392,-121.29419,326.43,0.46,0.64,2021-08-26,905,N,VIIRS,n,2,284.05,2.94,N,0
40.57412,-121.29965,322.9,0.46,0.64,2021-08-26,905,N,VIIRS,n,2,282.61,2.94,N,0
40.57432,-121.30477,309.25,0.46,0.64,2021-08-26,905,N,VIIRS,n,2,281.23,2.48,N,0
40.57449,-121.30947,300.1,0.46,0.64,2021-08-26,905,N,VIIRS,n,2,281.65,2.48,N,0
40.57482,-121.31824,296.23,0.47,0.64,2021-08-26,905,N,VIIRS,n,2,281.43,2.72,N,0
40.57967,-121.28867,314.59,0.46,0.64,2021-08-26,905,N,VIIRS,n,2,283.98,2.52,N,0
40.5799,-121.29447,321.04,0.46,0.64,2021-08-26,905,N,VIIRS,n,2,284.75,2.94,N,0
40.5801,-121.29974,301.64,0.46,0.64,2021-08-26,905,N,VIIRS,n,2,282.45,2.94,N,0
40.58028,-121.30461,308.98,0.46,0.64,2021-08-26,905,N,VIIRS,n,2,283.91,2.48,N,0
40.58046,-121.30923,327.72,0.46,0.64,2021-08-26,905,N,VIIRS,n,2,285.44,2.48,N,0
40.58063,-121.3138,320.99,0.46,0.64,2021-08-26,905,N,VIIRS,n,2,285.47,2.72,N,0
40.5808,-121.31838,312.45,0.47,0.64,2021-08-26,905,N,VIIRS,n,2,283.02,2.72,N,0
40.58147,-121.33622,300.86,0.47,0.64,2021-08-26,905,N,VIIRS,n,2,281.36,1.08,N,0
40.58184,-121.29016,308.94,0.46,0.64,2021-08-26,905,N,VIIRS,n,2,283.75,2.24,N,0
40.58203,-121.2958,307.04,0.46,0.64,2021-08-26,905,N,VIIRS,n,2,283.52,2.24,N,0
40.58208,-121.35265,297.91,0.47,0.64,2021-08-26,905,N,VIIRS,n,2,281.53,1.05,N,0
40.5825,-121.31026,322.54,0.46,0.64,2021-08-26,905,N,VIIRS,n,2,285.64,2.66,N,0
40.58266,-121.31493,303.98,0.47,0.64,2021-08-26,905,N,VIIRS,n,2,284.12,2.66,N,0
40.5834,-121.33783,301.53,0.47,0.64,2021-08-26,905,N,VIIRS,n,2,281.52,1.64,N,0
40.58374,-121.34854,298.7,0.47,0.64,2021-08-26,905,N,VIIRS,n,2,282.08,1.06,N,0
40.58395,-121.35504,301.36,0.47,0.64,2021-08-26,905,N,VIIRS,n,2,282.37,1.06,N,0
40.58641,-121.30907,313.11,0.46,0.64,2021-08-26,905,N,VIIRS,n,2,285.03,2.28,N,0
40.58697,-121.32355,307.26,0.47,0.64,2021-08-26,905,N,VIIRS,n,2,283.1,1.12,N,0
40.58714,-121.32819,298.05,0.47,0.64,2021-08-26,905,N,VIIRS,n,2,282.38,1.12,N,0
40.5877,-121.34297,303.39,0.47,0.64,2021-08-26,905,N,VIIRS,n,2,281.84,0.95,N,0
40.58792,-121.34876,305.83,0.47,0.64,2021-08-26,905,N,VIIRS,n,2,283.3,0.95,N,0
40.58847,-121.31017,314.25,0.46,0.64,2021-08-26,905,N,VIIRS,n,2,286.62,2.66,N,0
40.58895,-121.32491,313.3,0.47,0.64,2021-08-26,905,N,VIIRS,n,2,284.79,4.02,N,0
40.58911,-121.32964,297.03,0.47,0.64,2021-08-26,905,N,VIIRS,n,2,282.64,2.63,N,0
40.5896,-121.34491,305.85,0.47,0.64,2021-08-26,905,N,VIIRS,n,2,282.86,1.64,N,0
40.58979,-121.35081,297.5,0.47,0.64,2021-08-26,905,N,VIIRS,n,2,283.01,1.06,N,0
40.59116,-121.27725,297.92,0.46,0.64,2021-08-26,905,N,VIIRS,n,2,283.65,1.4,N,0
40.59139,-121.28312,308.6,0.46,0.64,2021-08-26,905,N,VIIRS,n,2,284.26,1.52,N,0
40.59161,-121.28887,297.21,0.46,0.64,2021-08-26,905,N,VIIRS,n,2,283.08,1.52,N,0
40.59239,-121.30923,304.33,0.46,0.64,2021-08-26,905,N,VIIRS,n,2,286.79,2.28,N,0
40.59297,-121.32431,307.73,0.47,0.64,2021-08-26,905,N,VIIRS,n,2,284.26,1.12,N,0
40.59315,-121.32922,301.53,0.47,0.64,2021-08-26,905,N,VIIRS,n,2,282.74,1.12,N,0
40.5932,-121.27269,297.82,0.46,0.64,2021-08-26,905,N,VIIRS,n,2,282.29,1.07,N,0
40.59339,-121.27864,303,0.46,0.64,2021-08-26,905,N,VIIRS,n,2,285.03,1.9,N,0
40.59358,-121.28446,316.43,0.46,0.64,2021-08-26,905,N,VIIRS,n,2,285.33,1.9,N,0
40.59375,-121.34484,295.14,0.47,0.64,2021-08-26,905,N,VIIRS,n,2,283.13,0.95,N,0
40.59377,-121.29018,308.9,0.46,0.64,2021-08-26,905,N,VIIRS,n,2,284.08,3.35,N,0
40.59444,-121.31049,302.29,0.46,0.64,2021-08-26,905,N,VIIRS,n,2,287.04,2.39,N,0
40.59495,-121.32573,301.37,0.47,0.64,2021-08-26,905,N,VIIRS,n,2,283.85,2.52,N,0
40.59512,-121.33077,306.47,0.47,0.64,2021-08-26,905,N,VIIRS,n,2,283.73,1.72,N,0
40.5969,-121.27145,306.71,0.46,0.64,2021-08-26,905,N,VIIRS,n,2,283.58,1.24,N,0
40.59713,-121.27728,300.68,0.46,0.64,2021-08-26,905,N,VIIRS,n,2,285.59,1.24,N,0
40.59735,-121.283,313.4,0.46,0.64,2021-08-26,905,N,VIIRS,n,2,286.1,2.94,N,0
40.59757,-121.28868,310.6,0.46,0.64,2021-08-26,905,N,VIIRS,n,2,285.27,2.94,N,0
40.59838,-121.30968,301.91,0.46,0.64,2021-08-26,905,N,VIIRS,n,2,287.23,1.71,N,0
40.59916,-121.27285,305.93,0.46,0.64,2021-08-26,905,N,VIIRS,n,2,283.94,1.07,N,0
40.59917,-121.33035,303.43,0.47,0.64,2021-08-26,905,N,VIIRS,n,2,283.83,1.74,N,0
40.59935,-121.27856,298.06,0.46,0.64,2021-08-26,905,N,VIIRS,n,2,285.46,1.9,N,0
40.59954,-121.2842,306.38,0.46,0.64,2021-08-26,905,N,VIIRS,n,2,286.46,1.9,N,0
40.59973,-121.2899,299.19,0.46,0.64,2021-08-26,905,N,VIIRS,n,2,284.68,3.35,N,0
40.60026,-121.30592,300.02,0.46,0.64,2021-08-26,905,N,VIIRS,n,2,287.29,4.88,N,0
40.60044,-121.31109,301.62,0.46,0.64,2021-08-26,905,N,VIIRS,n,2,287.32,2.39,N,0
40.60113,-121.33193,297.1,0.47,0.64,2021-08-26,905,N,VIIRS,n,2,284.2,1.72,N,0
40.60286,-121.27157,303.17,0.46,0.64,2021-08-26,905,N,VIIRS,n,2,283.3,1.24,N,0
40.60308,-121.27725,299.94,0.46,0.64,2021-08-26,905,N,VIIRS,n,2,285.29,1.24,N,0
40.60417,-121.30503,308.47,0.46,0.64,2021-08-26,905,N,VIIRS,n,2,287.59,1.71,N,0
40.60437,-121.3103,304.31,0.46,0.64,2021-08-26,905,N,VIIRS,n,2,286.42,1.71,N,0
40.60512,-121.2729,305.11,0.46,0.64,2021-08-26,905,N,VIIRS,n,2,284.2,2.64,N,0
40.60531,-121.27848,300.77,0.46,0.64,2021-08-26,905,N,VIIRS,n,2,285.28,3.3,N,0
40.60624,-121.30632,320.15,0.46,0.64,2021-08-26,905,N,VIIRS,n,2,288.12,2.64,N,0
40.60642,-121.31156,305.97,0.46,0.64,2021-08-26,905,N,VIIRS,n,2,285.89,3.41,N,0
40.60695,-121.32746,298.42,0.47,0.64,2021-08-26,905,N,VIIRS,n,2,283.29,1.75,N,0
40.60714,-121.33293,304.15,0.47,0.64,2021-08-26,905,N,VIIRS,n,2,284.18,2.54,N,0
40.60882,-121.27159,309.42,0.46,0.64,2021-08-26,905,N,VIIRS,n,2,284.73,3.11,N,0
40.60905,-121.27722,301.21,0.46,0.64,2021-08-26,905,N,VIIRS,n,2,285.54,3.11,N,0
40.61014,-121.30521,317.88,0.46,0.64,2021-08-26,905,N,VIIRS,n,2,287.47,2.02,N,0
40.61036,-121.31052,303.6,0.46,0.64,2021-08-26,905,N,VIIRS,n,2,285.01,2.02,N,0
40.61088,-121.2671,314.18,0.46,0.64,2021-08-26,905,N,VIIRS,n,2,283.65,2.64,N,0
40.61098,-121.32668,304.64,0.47,0.64,2021-08-26,905,N,VIIRS,n,2,284.36,2.62,N,0
40.61108,-121.27289,325.9,0.46,0.64,2021-08-26,905,N,VIIRS,n,2,285.9,2.64,N,0
40.6112,-121.33218,307.68,0.47,0.64,2021-08-26,905,N,VIIRS,n,2,283.04,2.62,N,0
40.61127,-121.27845,304.09,0.46,0.64,2021-08-26,905,N,VIIRS,n,2,286.01,3.3,N,0
40.61141,-121.33762,297.51,0.47,0.64,2021-08-26,905,N,VIIRS,n,2,283.01,4.29,N,0
40.61203,-121.30103,301.24,0.46,0.64,2021-08-26,905,N,VIIRS,n,2,286.28,2.64,N,0
40.61222,-121.30644,311.03,0.46,0.64,2021-08-26,905,N,VIIRS,n,2,287.54,2.64,N,0
40.6124,-121.31175,302.97,0.46,0.64,2021-08-26,905,N,VIIRS,n,2,285.8,3.41,N,0
40.61295,-121.32809,297.98,0.47,0.64,2021-08-26,905,N,VIIRS,n,2,284.18,1.75,N,0
40.61313,-121.33359,295.94,0.47,0.64,2021-08-26,905,N,VIIRS,n,2,282.78,2.54,N,0
40.61331,-121.339,327.42,0.47,0.64,2021-08-26,905,N,VIIRS,n,2,284.88,2.54,N,0
40.61349,-121.34439,322.68,0.47,0.64,2021-08-26,905,N,VIIRS,n,2,283.54,6.08,N,0
40.61408,-121.25414,315.11,0.46,0.64,2021-08-26,905,N,VIIRS,n,2,280.22,2.84,N,0
40.61432,-121.26009,310.28,0.46,0.64,2021-08-26,905,N,VIIRS,n,2,282.62,4.95,N,0
40.61456,-121.26597,329.6,0.46,0.64,2021-08-26,905,N,VIIRS,n,2,286.83,4.95,N,0
40.61478,-121.27169,332.36,0.46,0.64,2021-08-26,905,N,VIIRS,n,2,287.65,3.11,N,0
40.61501,-121.27725,308.17,0.46,0.64,2021-08-26,905,N,VIIRS,n,2,287.11,3.11,N,0
40.61612,-121.30529,312.57,0.46,0.64,2021-08-26,905,N,VIIRS,n,2,286.77,2.02,N,0
40.61633,-121.3107,305.11,0.46,0.64,2021-08-26,905,N,VIIRS,n,2,286.22,2.02,N,0
40.61644,-121.25555,367,0.46,0.64,2021-08-26,905,N,VIIRS,h,2,286.53,8.46,N,0
40.61654,-121.31611,300.59,0.46,0.64,2021-08-26,905,N,VIIRS,n,2,284.88,2.27,N,0
40.61665,-121.2615,338.04,0.46,0.64,2021-08-26,905,N,VIIRS,n,2,286.77,8.46,N,0
40.61676,-121.3216,311.48,0.47,0.64,2021-08-26,905,N,VIIRS,n,2,285.5,2.27,N,0
40.61685,-121.26733,327.23,0.46,0.64,2021-08-26,905,N,VIIRS,n,2,287.68,5.75,N,0
40.61704,-121.27297,322.82,0.46,0.64,2021-08-26,905,N,VIIRS,n,2,287.76,5.75,N,0
40.61723,-121.27848,309.52,0.46,0.64,2021-08-26,905,N,VIIRS,n,2,286.98,2.98,N,0
40.61741,-121.33809,338.59,0.47,0.64,2021-08-26,905,N,VIIRS,n,2,286.33,4.29,N,0
40.61742,-121.28403,301.26,0.46,0.64,2021-08-26,905,N,VIIRS,n,2,286.11,2.98,N,0
40.61761,-121.28972,302.07,0.46,0.64,2021-08-26,905,N,VIIRS,n,2,285.97,2.45,N,0
40.61762,-121.34351,332.71,0.47,0.64,2021-08-26,905,N,VIIRS,n,2,284.66,4.29,N,0
40.61819,-121.3065,305.99,0.46,0.64,2021-08-26,905,N,VIIRS,n,2,286.22,4.18,N,0
40.61837,-121.31194,305.24,0.46,0.64,2021-08-26,905,N,VIIRS,n,2,286.13,4.94,N,0
40.61856,-121.3174,326.21,0.47,0.64,2021-08-26,905,N,VIIRS,n,2,288.21,4.94,N,0
40.61874,-121.32293,331.49,0.47,0.64,2021-08-26,905,N,VIIRS,n,2,288.47,6.74,N,0
40.61893,-121.32845,302.08,0.47,0.64,2021-08-26,905,N,VIIRS,n,2,283.31,6.74,N,0
40.61912,-121.33395,298.84,0.47,0.64,2021-08-26,905,N,VIIRS,n,2,282.8,6.26,N,0
40.6193,-121.33942,341.52,0.47,0.64,2021-08-26,905,N,VIIRS,n,2,285.71,6.26,N,0
40.61949,-121.34486,313.82,0.47,0.64,2021-08-26,905,N,VIIRS,n,2,283.89,11.66,N,0
40.6224,-121.25579,336.75,0.46,0.64,2021-08-26,905,N,VIIRS,n,2,284.44,8.46,N,0
40.62261,-121.26172,345.81,0.46,0.64,2021-08-26,905,N,VIIRS,n,2,289.67,8.46,N,0
40.62281,-121.26747,325.24,0.46,0.64,2021-08-26,905,N,VIIRS,n,2,288.37,5.75,N,0
40.623,-121.27307,322.63,0.46,0.64,2021-08-26,905,N,VIIRS,n,2,287.81,5.75,N,0
40.6232,-121.2786,322.24,0.46,0.64,2021-08-26,905,N,VIIRS,n,2,288.32,2.98,N,0
40.62339,-121.28422,304.28,0.46,0.64,2021-08-26,905,N,VIIRS,n,2,285.65,2.98,N,0
40.62358,-121.28991,297.62,0.46,0.64,2021-08-26,905,N,VIIRS,n,2,283.72,2.45,N,0
40.62435,-121.31206,324.38,0.46,0.64,2021-08-26,905,N,VIIRS,n,2,287.04,4.94,N,0
40.62454,-121.31763,343.97,0.47,0.64,2021-08-26,905,N,VIIRS,n,2,290.45,4.94,N,0
40.62473,-121.32317,349.35,0.47,0.64,2021-08-26,905,N,VIIRS,n,2,291.15,6.74,N,0
40.62492,-121.32867,328.7,0.47,0.64,2021-08-26,905,N,VIIRS,n,2,287.81,6.74,N,0
40.6251,-121.33408,330.9,0.47,0.64,2021-08-26,905,N,VIIRS,n,2,287.31,6.26,N,0
40.62529,-121.33949,357.06,0.47,0.64,2021-08-26,905,N,VIIRS,n,2,292.84,6.26,N,0
40.62856,-121.26165,299.42,0.46,0.64,2021-08-26,905,N,VIIRS,n,2,278.99,1.51,N,0
40.62877,-121.26739,296.87,0.46,0.64,2021-08-26,905,N,VIIRS,n,2,280.1,2.36,N,0
40.62916,-121.27876,311.34,0.46,0.64,2021-08-26,905,N,VIIRS,n,2,281.86,3.13,N,0
40.63108,-121.33405,296.07,0.47,0.64,2021-08-26,905,N,VIIRS,n,2,283.37,1.59,N,0
41.45819,-121.93887,300.52,0.51,0.66,2021-08-26,905,N,VIIRS,n,2,282.36,0.81,N,0
41.46232,-121.92451,296.45,0.51,0.66,2021-08-26,905,N,VIIRS,n,2,282.59,0.96,N,0
41.46246,-121.93011,297.38,0.51,0.66,2021-08-26,905,N,VIIRS,n,2,283.1,0.96,N,0
41.4626,-121.93562,298.69,0.51,0.66,2021-08-26,905,N,VIIRS,n,2,283.2,1.62,N,0
41.46273,-121.94073,302.88,0.51,0.66,2021-08-26,905,N,VIIRS,n,2,283.21,1.62,N,0
41.46423,-121.93388,295.16,0.51,0.66,2021-08-26,905,N,VIIRS,n,2,282.66,1.4,N,0
41.46439,-121.93899,300.21,0.51,0.66,2021-08-26,905,N,VIIRS,n,2,282.73,0.79,N,0
41.48665,-121.90913,304.81,0.51,0.66,2021-08-26,905,N,VIIRS,n,2,281.47,1.44,N,0
41.49268,-121.90358,302.82,0.51,0.66,2021-08-26,905,N,VIIRS,n,2,284.1,1.75,N,0
41.49869,-121.8975,295.07,0.5,0.66,2021-08-26,905,N,VIIRS,n,2,281.34,1.75,N,0
41.50484,-121.89669,302.49,0.5,0.66,2021-08-26,905,N,VIIRS,n,2,281.48,1.03,N,0
41.50504,-121.90366,295.06,0.51,0.66,2021-08-26,905,N,VIIRS,n,2,280.08,1.03,N,0
41.51756,-121.9097,312.87,0.51,0.66,2021-08-26,905,N,VIIRS,n,2,281.03,2.64,N,0
41.52356,-121.90324,300.52,0.51,0.66,2021-08-26,905,N,VIIRS,n,2,281.54,1.44,N,0
41.58115,-121.78715,322.79,0.5,0.66,2021-08-26,905,N,VIIRS,n,2,283.25,3.51,N,0
41.5813,-121.79249,297.09,0.5,0.66,2021-08-26,905,N,VIIRS,n,2,282.05,3.42,N,0
40.13489,-120.70486,296.16,0.37,0.58,2021-08-26,1045,N,VIIRS,n,2,284.36,1.28,N,0
40.17504,-120.51441,300.69,0.38,0.59,2021-08-26,1045,N,VIIRS,n,2,279.68,0.5,N,0
40.35566,-121.37362,333.13,0.34,0.56,2021-08-26,1045,N,VIIRS,n,2,284.46,4.39,N,0
40.35672,-121.37759,346.41,0.34,0.56,2021-08-26,1045,N,VIIRS,n,2,281.48,7.1,N,0
40.36412,-121.11272,301.01,0.35,0.57,2021-08-26,1045,N,VIIRS,n,2,279.36,0.55,N,0
40.36475,-121.11475,295.72,0.35,0.57,2021-08-26,1045,N,VIIRS,n,2,278.08,0.44,N,0
40.40791,-121.06722,295.46,0.35,0.57,2021-08-26,1045,N,VIIRS,n,2,282,0.68,N,0
40.48772,-121.19981,297.86,0.34,0.56,2021-08-26,1045,N,VIIRS,n,2,280.52,1.09,N,0
40.48939,-121.18512,295.33,0.34,0.56,2021-08-26,1045,N,VIIRS,n,2,280.05,0.44,N,0
40.48941,-121.33155,300.28,0.34,0.56,2021-08-26,1045,N,VIIRS,n,2,281.5,1.07,N,0
40.49259,-121.19725,303.06,0.34,0.56,2021-08-26,1045,N,VIIRS,n,2,280.96,0.67,N,0
40.49501,-121.39428,297.01,0.33,0.56,2021-08-26,1045,N,VIIRS,n,2,281.57,0.73,N,0
40.49532,-121.33311,307.73,0.34,0.56,2021-08-26,1045,N,VIIRS,n,2,280.13,0.86,N,0
40.49607,-121.39829,296.8,0.33,0.56,2021-08-26,1045,N,VIIRS,n,2,280.74,0.73,N,0
40.49899,-121.22157,298.82,0.34,0.56,2021-08-26,1045,N,VIIRS,n,2,280.74,1.09,N,0
40.50003,-121.3925,296.41,0.33,0.56,2021-08-26,1045,N,VIIRS,n,2,281.9,0.76,N,0
40.50003,-121.33007,301.32,0.34,0.56,2021-08-26,1045,N,VIIRS,n,2,280.2,0.86,N,0
40.50109,-121.39653,306.39,0.33,0.56,2021-08-26,1045,N,VIIRS,n,2,281.84,0.76,N,0
40.50122,-121.23005,301.71,0.34,0.56,2021-08-26,1045,N,VIIRS,n,2,281.06,1.05,N,0
40.50346,-121.23079,298.5,0.34,0.56,2021-08-26,1045,N,VIIRS,n,2,280.47,0.95,N,0
40.50477,-121.4312,301.61,0.33,0.56,2021-08-26,1045,N,VIIRS,n,2,278.1,0.97,N,0
40.50503,-121.39069,300.51,0.33,0.56,2021-08-26,1045,N,VIIRS,n,2,281.17,0.76,N,0
40.50767,-121.37991,346.45,0.34,0.56,2021-08-26,1045,N,VIIRS,n,2,280.45,3.11,N,0
40.50854,-121.44547,304.27,0.33,0.55,2021-08-26,1045,N,VIIRS,n,2,275.72,1.53,N,0
40.51044,-121.45267,318.88,0.33,0.55,2021-08-26,1045,N,VIIRS,n,2,277.27,3.11,N,0
40.5114,-121.45628,338.84,0.33,0.55,2021-08-26,1045,N,VIIRS,n,2,278.53,3.11,N,0
40.51214,-121.35516,317.56,0.34,0.56,2021-08-26,1045,N,VIIRS,n,2,278.52,1.87,N,0
40.51252,-121.43983,303.61,0.33,0.55,2021-08-26,1045,N,VIIRS,n,2,276.93,1.39,N,0
40.51257,-121.37766,316.15,0.34,0.56,2021-08-26,1045,N,VIIRS,n,2,278.48,3.11,N,0
40.51306,-121.2253,295.47,0.34,0.56,2021-08-26,1045,N,VIIRS,n,2,278.87,0.5,N,0
40.51308,-121.35875,325.19,0.34,0.56,2021-08-26,1045,N,VIIRS,n,2,277.99,3.01,N,0
40.51344,-121.44331,312.72,0.33,0.55,2021-08-26,1045,N,VIIRS,n,2,277.58,2.29,N,0
40.51528,-121.45029,341.62,0.33,0.55,2021-08-26,1045,N,VIIRS,n,2,278.45,3.42,N,0
40.51602,-121.24427,306.18,0.34,0.56,2021-08-26,1045,N,VIIRS,n,2,281.35,0.86,N,0
40.51605,-121.34917,322.09,0.34,0.56,2021-08-26,1045,N,VIIRS,n,2,282,1.87,N,0
40.5162,-121.45378,330.93,0.33,0.55,2021-08-26,1045,N,VIIRS,n,2,277.8,3.42,N,0
40.51712,-121.35324,306.06,0.34,0.56,2021-08-26,1045,N,VIIRS,n,2,280.42,1.87,N,0
40.51727,-121.24095,298.79,0.34,0.56,2021-08-26,1045,N,VIIRS,n,2,280.44,0.62,N,0
40.51808,-121.35689,327.63,0.34,0.56,2021-08-26,1045,N,VIIRS,n,2,283.32,3.01,N,0
40.51963,-121.20853,302.95,0.34,0.56,2021-08-26,1045,N,VIIRS,n,2,280.26,0.84,N,0
40.52068,-121.21243,295.16,0.34,0.56,2021-08-26,1045,N,VIIRS,n,2,279.39,0.99,N,0
40.52089,-121.34669,338.27,0.34,0.56,2021-08-26,1045,N,VIIRS,n,2,282.08,5.48,N,0
40.52188,-121.26663,317.66,0.34,0.56,2021-08-26,1045,N,VIIRS,n,2,278.83,1.46,N,0
40.52192,-121.37149,300.98,0.34,0.56,2021-08-26,1045,N,VIIRS,n,2,276.03,1.05,N,0
40.52198,-121.35085,332.4,0.34,0.56,2021-08-26,1045,N,VIIRS,n,2,283.27,5.48,N,0
40.52279,-121.2701,299.82,0.34,0.56,2021-08-26,1045,N,VIIRS,n,2,278.01,2.5,N,0
40.52297,-121.35459,320.37,0.34,0.56,2021-08-26,1045,N,VIIRS,n,2,282.67,4.45,N,0
40.52335,-121.26356,295.74,0.34,0.56,2021-08-26,1045,N,VIIRS,n,2,279.94,1.53,N,0
40.5236,-121.33607,324.23,0.34,0.56,2021-08-26,1045,N,VIIRS,n,2,280.69,3.11,N,0
40.5243,-121.26707,335.51,0.34,0.56,2021-08-26,1045,N,VIIRS,n,2,282.13,1.53,N,0
40.52461,-121.33991,322.35,0.34,0.56,2021-08-26,1045,N,VIIRS,n,2,279.73,3.11,N,0
40.5248,-121.25671,312.66,0.34,0.56,2021-08-26,1045,N,VIIRS,n,2,281.34,2.25,N,0
40.52562,-121.34376,354.19,0.34,0.56,2021-08-26,1045,N,VIIRS,n,2,284.35,5.48,N,0
40.52576,-121.26039,312.03,0.34,0.56,2021-08-26,1045,N,VIIRS,n,2,281.89,1.46,N,0
40.52618,-121.25352,302.82,0.34,0.56,2021-08-26,1045,N,VIIRS,n,2,279.76,1.21,N,0
40.52663,-121.34763,352.46,0.34,0.56,2021-08-26,1045,N,VIIRS,n,2,287.62,5.48,N,0
40.52671,-121.264,297.89,0.34,0.56,2021-08-26,1045,N,VIIRS,n,2,280.27,1.46,N,0
40.52716,-121.25717,306.23,0.34,0.56,2021-08-26,1045,N,VIIRS,n,2,281.13,1.21,N,0
40.52761,-121.35137,322.15,0.34,0.56,2021-08-26,1045,N,VIIRS,n,2,282.2,4.45,N,0
40.52814,-121.26082,308.17,0.34,0.56,2021-08-26,1045,N,VIIRS,n,2,281.51,1.53,N,0
40.52835,-121.33321,330.04,0.34,0.56,2021-08-26,1045,N,VIIRS,n,2,282.18,3.72,N,0
40.52937,-121.3371,367,0.34,0.56,2021-08-26,1045,N,VIIRS,h,2,285.47,3.72,N,0
40.53004,-121.32955,315.78,0.34,0.56,2021-08-26,1045,N,VIIRS,n,2,280.3,2.12,N,0
40.53038,-121.34096,346.04,0.34,0.56,2021-08-26,1045,N,VIIRS,n,2,284.34,5.05,N,0
40.53108,-121.33345,313.82,0.34,0.56,2021-08-26,1045,N,VIIRS,n,2,281.62,2.05,N,0
40.53138,-121.34479,332.7,0.34,0.56,2021-08-26,1045,N,VIIRS,n,2,282.71,5.05,N,0
40.53212,-121.32663,303.02,0.34,0.56,2021-08-26,1045,N,VIIRS,n,2,279.4,2.2,N,0
40.53213,-121.33734,327.63,0.34,0.56,2021-08-26,1045,N,VIIRS,n,2,282.34,2.05,N,0
40.53313,-121.33048,318.15,0.34,0.56,2021-08-26,1045,N,VIIRS,n,2,281.35,3.72,N,0
40.53316,-121.34116,343.27,0.34,0.56,2021-08-26,1045,N,VIIRS,n,2,282.81,3.47,N,0
40.53415,-121.33437,318.95,0.34,0.56,2021-08-26,1045,N,VIIRS,n,2,280.38,3.72,N,0
40.53418,-121.34498,322.25,0.34,0.56,2021-08-26,1045,N,VIIRS,n,2,278.48,3.47,N,0
40.53516,-121.33824,343.47,0.34,0.56,2021-08-26,1045,N,VIIRS,n,2,281.3,5.05,N,0
40.53587,-121.33076,306.28,0.34,0.56,2021-08-26,1045,N,VIIRS,n,2,277.83,2.05,N,3
40.53617,-121.34212,324.52,0.34,0.56,2021-08-26,1045,N,VIIRS,n,2,277.7,5.05,N,0
40.53693,-121.33472,322.29,0.34,0.56,2021-08-26,1045,N,VIIRS,n,2,277.74,2.05,N,0
40.53799,-121.33867,323.5,0.34,0.56,2021-08-26,1045,N,VIIRS,n,2,277.07,3.47,N,0
40.5391,-121.23985,297.91,0.34,0.56,2021-08-26,1045,N,VIIRS,n,2,281.41,1.67,N,0
40.54682,-121.24803,305.57,0.34,0.56,2021-08-26,1045,N,VIIRS,n,2,282.35,1.5,N,0
40.54889,-121.23511,298.24,0.34,0.56,2021-08-26,1045,N,VIIRS,n,2,281.15,0.83,N,0
40.55453,-121.25624,299.03,0.34,0.56,2021-08-26,1045,N,VIIRS,n,2,280.94,0.74,N,0
40.5565,-121.26362,295.01,0.34,0.56,2021-08-26,1045,N,VIIRS,n,2,280.21,0.76,N,0
40.56059,-121.23753,305.16,0.34,0.56,2021-08-26,1045,N,VIIRS,n,2,282.48,1.55,N,0
40.56232,-121.26475,297.66,0.34,0.56,2021-08-26,1045,N,VIIRS,n,2,281.3,0.76,N,0
40.56361,-121.22813,303.61,0.34,0.56,2021-08-26,1045,N,VIIRS,n,2,282.19,1.01,N,0
40.56462,-121.23193,295.85,0.34,0.56,2021-08-26,1045,N,VIIRS,n,2,281.63,1.01,N,0
40.56716,-121.26218,300.47,0.34,0.56,2021-08-26,1045,N,VIIRS,n,2,281.18,1.19,N,0
40.56814,-121.26588,304.06,0.34,0.56,2021-08-26,1045,N,VIIRS,n,2,281.16,1.36,N,0
40.5688,-121.28909,322.68,0.34,0.56,2021-08-26,1045,N,VIIRS,n,2,282.91,2.09,N,0
40.56981,-121.29289,322.03,0.34,0.56,2021-08-26,1045,N,VIIRS,n,2,282.41,2.09,N,0
40.57082,-121.29668,317.89,0.34,0.56,2021-08-26,1045,N,VIIRS,n,2,282.47,3.13,N,0
40.57294,-121.30465,306.03,0.34,0.56,2021-08-26,1045,N,VIIRS,n,2,280.23,0.9,N,0
40.57367,-121.28669,312.09,0.34,0.56,2021-08-26,1045,N,VIIRS,n,2,282.85,2.6,N,0
40.57411,-121.30907,305.78,0.34,0.56,2021-08-26,1045,N,VIIRS,n,2,281.07,0.9,N,0
40.57464,-121.29035,304.07,0.34,0.56,2021-08-26,1045,N,VIIRS,n,2,281.55,2.6,N,0
40.57563,-121.29407,330.52,0.34,0.56,2021-08-26,1045,N,VIIRS,n,2,284.78,2.95,N,0
40.57607,-121.23341,298.31,0.34,0.56,2021-08-26,1045,N,VIIRS,n,2,280.4,0.75,N,0
40.57665,-121.2979,319.62,0.34,0.56,2021-08-26,1045,N,VIIRS,n,2,282.61,2.95,N,0
40.57773,-121.30196,308.54,0.34,0.56,2021-08-26,1045,N,VIIRS,n,2,282.54,2.74,N,0
40.57889,-121.30634,329.74,0.34,0.56,2021-08-26,1045,N,VIIRS,n,2,284.33,2.74,N,0
40.57947,-121.28777,346.45,0.34,0.56,2021-08-26,1045,N,VIIRS,n,2,285.35,2.6,N,0
40.5801,-121.31091,326.93,0.34,0.56,2021-08-26,1045,N,VIIRS,n,2,284.84,2,N,0
40.58044,-121.29144,336.37,0.34,0.56,2021-08-26,1045,N,VIIRS,n,2,285.87,2.95,N,0
40.58131,-121.31546,310.86,0.34,0.56,2021-08-26,1045,N,VIIRS,n,2,284.17,2,N,0
40.58145,-121.29523,308.12,0.34,0.56,2021-08-26,1045,N,VIIRS,n,2,282.83,2.95,N,0
40.58157,-121.33715,302.48,0.34,0.56,2021-08-26,1045,N,VIIRS,n,2,281.18,0.8,N,0
40.58166,-121.35813,299.56,0.33,0.56,2021-08-26,1045,N,VIIRS,n,2,280.16,0.88,N,0
40.58455,-121.34838,313.17,0.33,0.56,2021-08-26,1045,N,VIIRS,n,2,282.36,1.56,N,0
40.58486,-121.30809,304.7,0.34,0.56,2021-08-26,1045,N,VIIRS,n,2,284.6,2,N,0
40.58543,-121.35167,310.25,0.33,0.56,2021-08-26,1045,N,VIIRS,n,2,283.3,1.56,N,0
40.58631,-121.35502,297.74,0.33,0.56,2021-08-26,1045,N,VIIRS,n,2,281.97,0.88,N,0
40.58812,-121.34113,301.31,0.34,0.56,2021-08-26,1045,N,VIIRS,n,2,281.34,1.29,N,0
40.58816,-121.27901,306.57,0.34,0.56,2021-08-26,1045,N,VIIRS,n,2,284.27,1.52,N,0
40.58908,-121.34477,312.96,0.33,0.56,2021-08-26,1045,N,VIIRS,n,2,283.53,0.88,N,0
40.58913,-121.28268,327.73,0.34,0.56,2021-08-26,1045,N,VIIRS,n,2,285.61,1.52,N,0
40.58937,-121.32511,312.62,0.34,0.56,2021-08-26,1045,N,VIIRS,n,2,284.16,2.1,N,0
40.5896,-121.30522,300.26,0.34,0.56,2021-08-26,1045,N,VIIRS,n,2,284.74,1.07,N,0
40.59002,-121.3483,302.53,0.33,0.56,2021-08-26,1045,N,VIIRS,n,2,282.66,0.88,N,0
40.59074,-121.30952,303.98,0.34,0.56,2021-08-26,1045,N,VIIRS,n,2,285.19,1.07,N,0
40.59207,-121.27296,312.14,0.34,0.56,2021-08-26,1045,N,VIIRS,n,2,283.07,1.38,N,0
40.59302,-121.27658,307.21,0.34,0.56,2021-08-26,1045,N,VIIRS,n,2,284.6,2.26,N,0
40.59362,-121.34118,301.16,0.33,0.56,2021-08-26,1045,N,VIIRS,n,2,282.64,0.88,N,0
40.594,-121.28027,327.16,0.34,0.56,2021-08-26,1045,N,VIIRS,n,2,286.94,2.26,N,0
40.59459,-121.34484,295.58,0.33,0.56,2021-08-26,1045,N,VIIRS,n,2,282.31,0.88,N,0
40.59499,-121.284,341.12,0.34,0.56,2021-08-26,1045,N,VIIRS,n,2,286.65,3.49,N,0
40.59505,-121.32584,307.93,0.34,0.56,2021-08-26,1045,N,VIIRS,n,2,283.55,1.3,N,0
40.59599,-121.28778,333.03,0.34,0.56,2021-08-26,1045,N,VIIRS,n,2,287.9,3.49,N,0
40.59611,-121.32981,300.39,0.34,0.56,2021-08-26,1045,N,VIIRS,n,2,283.51,0.75,N,0
40.5969,-121.27045,317.23,0.34,0.56,2021-08-26,1045,N,VIIRS,n,2,283.31,1.38,N,0
40.59716,-121.33378,295.79,0.34,0.56,2021-08-26,1045,N,VIIRS,n,2,282.31,0.75,N,0
40.59787,-121.27409,303.57,0.34,0.56,2021-08-26,1045,N,VIIRS,n,2,284.03,2.26,N,0
40.59987,-121.28165,304.24,0.34,0.56,2021-08-26,1045,N,VIIRS,n,2,286.7,3.49,N,0
40.60174,-121.33035,297.37,0.34,0.56,2021-08-26,1045,N,VIIRS,n,2,284.64,0.75,N,0
40.60272,-121.27158,321.17,0.34,0.56,2021-08-26,1045,N,VIIRS,n,2,283.74,1.23,N,0
40.60274,-121.33414,305.23,0.33,0.56,2021-08-26,1045,N,VIIRS,n,2,284.37,1.52,N,0
40.60371,-121.27534,304.56,0.34,0.56,2021-08-26,1045,N,VIIRS,n,2,285.21,1.23,N,0
40.60593,-121.30463,308.45,0.34,0.56,2021-08-26,1045,N,VIIRS,n,2,287.35,1.74,N,0
40.60663,-121.26554,299.4,0.34,0.56,2021-08-26,1045,N,VIIRS,n,2,283.1,1.74,N,0
40.60698,-121.3086,312.73,0.34,0.56,2021-08-26,1045,N,VIIRS,n,2,286.71,1.74,N,0
40.6074,-121.33102,341.59,0.33,0.56,2021-08-26,1045,N,VIIRS,n,2,287.06,3.69,N,0
40.60757,-121.26913,308.62,0.34,0.56,2021-08-26,1045,N,VIIRS,n,2,282.63,1.23,N,0
40.60855,-121.27283,308.95,0.34,0.56,2021-08-26,1045,N,VIIRS,n,2,284.8,1.23,N,0
40.61073,-121.30199,306.09,0.34,0.56,2021-08-26,1045,N,VIIRS,n,2,286.96,1.38,N,0
40.61177,-121.30589,304.91,0.34,0.56,2021-08-26,1045,N,VIIRS,n,2,286.31,1.38,N,0
40.61212,-121.32806,324.68,0.33,0.56,2021-08-26,1045,N,VIIRS,n,2,286.49,3.69,N,0
40.61242,-121.26662,334.03,0.34,0.56,2021-08-26,1045,N,VIIRS,n,2,286.28,3.64,N,0
40.6134,-121.27034,337.46,0.34,0.56,2021-08-26,1045,N,VIIRS,n,2,287.32,3.64,N,0
40.61412,-121.33569,311.98,0.33,0.56,2021-08-26,1045,N,VIIRS,n,2,284.31,5.49,N,0
40.61437,-121.2531,315.21,0.34,0.56,2021-08-26,1045,N,VIIRS,n,2,280.1,3.5,N,0
40.61439,-121.27411,304.43,0.34,0.56,2021-08-26,1045,N,VIIRS,n,2,287,2.06,N,0
40.61514,-121.33954,367,0.33,0.56,2021-08-26,1045,N,VIIRS,h,2,289.7,5.49,N,0
40.61532,-121.25671,347.28,0.34,0.56,2021-08-26,1045,N,VIIRS,n,2,284.59,6.82,N,0
40.61587,-121.32148,302.9,0.34,0.56,2021-08-26,1045,N,VIIRS,n,2,284.2,3.25,N,0
40.61616,-121.34341,343.8,0.33,0.56,2021-08-26,1045,N,VIIRS,n,2,285.4,10.69,N,0
40.61627,-121.26035,341.57,0.34,0.56,2021-08-26,1045,N,VIIRS,n,2,286.2,6.82,N,0
40.61724,-121.26402,323.64,0.34,0.56,2021-08-26,1045,N,VIIRS,n,2,289.55,3.64,N,0
40.61728,-121.24322,299,0.34,0.56,2021-08-26,1045,N,VIIRS,n,2,281.4,1.85,N,0
40.6176,-121.30717,303.22,0.34,0.56,2021-08-26,1045,N,VIIRS,n,2,285.35,2.1,N,0
40.61821,-121.26772,309.96,0.34,0.56,2021-08-26,1045,N,VIIRS,n,2,287.91,3.64,N,0
40.61824,-121.24688,311.14,0.34,0.56,2021-08-26,1045,N,VIIRS,n,2,281.53,8.87,N,0
40.61862,-121.31106,302.93,0.34,0.56,2021-08-26,1045,N,VIIRS,n,2,284.91,2.1,N,0
40.61888,-121.33292,297.33,0.33,0.56,2021-08-26,1045,N,VIIRS,n,2,282.71,4.06,N,0
40.61915,-121.24409,298.33,0.34,0.56,2021-08-26,1045,N,VIIRS,n,2,280.57,1.78,N,0
40.6192,-121.25052,367,0.34,0.56,2021-08-26,1045,N,VIIRS,h,2,289.43,8.87,N,0
40.61921,-121.27151,306.59,0.34,0.56,2021-08-26,1045,N,VIIRS,n,2,287.55,2.06,N,0
40.61963,-121.31491,324.11,0.34,0.56,2021-08-26,1045,N,VIIRS,n,2,287.22,3.25,N,0
40.6199,-121.33675,351.19,0.33,0.56,2021-08-26,1045,N,VIIRS,n,2,286.51,4.06,N,0
40.62014,-121.24778,310.35,0.34,0.56,2021-08-26,1045,N,VIIRS,n,2,281.41,8.15,N,0
40.62015,-121.25415,367,0.34,0.56,2021-08-26,1045,N,VIIRS,h,2,300.84,11.63,N,0
40.62022,-121.27535,305.49,0.34,0.56,2021-08-26,1045,N,VIIRS,n,2,286.63,2.06,N,0
40.62064,-121.31872,341.85,0.34,0.56,2021-08-26,1045,N,VIIRS,n,2,291.91,3.25,N,0
40.62091,-121.34062,342.07,0.33,0.56,2021-08-26,1045,N,VIIRS,n,2,285.76,6.55,N,0
40.62111,-121.25778,367,0.34,0.56,2021-08-26,1045,N,VIIRS,h,2,296.2,11.63,N,0
40.62112,-121.25143,367,0.34,0.56,2021-08-26,1045,N,VIIRS,h,2,291.34,8.15,N,0
40.62123,-121.27921,306.18,0.34,0.56,2021-08-26,1045,N,VIIRS,n,2,287.13,4.12,N,0
40.62164,-121.32253,333.43,0.33,0.56,2021-08-26,1045,N,VIIRS,n,2,288.48,5.01,N,0
40.62206,-121.26143,332.63,0.34,0.56,2021-08-26,1045,N,VIIRS,n,2,290.34,5.11,N,0
40.6221,-121.25507,367,0.34,0.56,2021-08-26,1045,N,VIIRS,h,2,296.15,10.94,N,0
40.62265,-121.32635,324.44,0.33,0.56,2021-08-26,1045,N,VIIRS,n,2,284.36,5.01,N,0
40.62305,-121.26516,319.66,0.34,0.56,2021-08-26,1045,N,VIIRS,n,2,287.12,5.11,N,0
40.62308,-121.25871,353.44,0.34,0.56,2021-08-26,1045,N,VIIRS,n,2,289.36,10.94,N,0
40.62342,-121.30845,323.98,0.34,0.56,2021-08-26,1045,N,VIIRS,n,2,286.81,3.55,N,0
40.62366,-121.33022,320.58,0.33,0.56,2021-08-26,1045,N,VIIRS,n,2,283.07,4.06,N,0
40.62404,-121.26894,310.45,0.34,0.56,2021-08-26,1045,N,VIIRS,n,2,285.27,2.48,N,0
40.62407,-121.26238,331.67,0.34,0.56,2021-08-26,1045,N,VIIRS,n,2,288.42,3.48,N,0
40.62443,-121.31227,334.56,0.34,0.56,2021-08-26,1045,N,VIIRS,n,2,288.73,4.91,N,0
40.62469,-121.33413,337.62,0.33,0.56,2021-08-26,1045,N,VIIRS,n,2,287.65,4.06,N,0
40.62498,-121.25159,305.69,0.34,0.56,2021-08-26,1045,N,VIIRS,n,2,282.18,11.63,N,0
40.62504,-121.27275,312.06,0.34,0.56,2021-08-26,1045,N,VIIRS,n,2,285.59,2.48,N,0
40.62508,-121.26613,318.84,0.34,0.56,2021-08-26,1045,N,VIIRS,n,2,286.12,3.48,N,0
40.62543,-121.31609,342.59,0.34,0.56,2021-08-26,1045,N,VIIRS,n,2,289.78,4.91,N,0
40.62571,-121.33804,367,0.33,0.56,2021-08-26,1045,N,VIIRS,h,2,295.05,6.55,N,0
40.62595,-121.25529,300.29,0.34,0.56,2021-08-26,1045,N,VIIRS,n,2,279.99,11.63,N,0
40.62604,-121.27658,316.48,0.34,0.56,2021-08-26,1045,N,VIIRS,n,2,285.48,2.35,N,0
40.62609,-121.2699,305.04,0.34,0.56,2021-08-26,1045,N,VIIRS,n,2,283,2.34,N,0
40.62642,-121.31987,318.45,0.33,0.56,2021-08-26,1045,N,VIIRS,n,2,286.48,3.29,N,0
40.62673,-121.3419,295.92,0.33,0.56,2021-08-26,1045,N,VIIRS,n,2,282.11,6.55,N,0
40.62693,-121.259,329.35,0.34,0.56,2021-08-26,1045,N,VIIRS,n,2,283.24,5.11,N,0
40.62703,-121.28035,320.68,0.34,0.56,2021-08-26,1045,N,VIIRS,n,2,283.52,2.35,N,0
40.62711,-121.27367,311.41,0.34,0.56,2021-08-26,1045,N,VIIRS,n,2,283.52,2.34,N,0
40.62743,-121.32369,323.83,0.33,0.56,2021-08-26,1045,N,VIIRS,n,2,287.27,3.29,N,0
40.62793,-121.25624,305.9,0.34,0.56,2021-08-26,1045,N,VIIRS,n,2,279.34,10.94,N,0
40.62811,-121.27743,342.87,0.34,0.56,2021-08-26,1045,N,VIIRS,n,2,285.77,4.52,N,0
40.62845,-121.32758,314.85,0.33,0.56,2021-08-26,1045,N,VIIRS,n,2,285.81,1.94,N,0
40.62894,-121.25997,298.12,0.34,0.56,2021-08-26,1045,N,VIIRS,n,2,277.37,3.48,N,0
40.62913,-121.2812,326.98,0.34,0.56,2021-08-26,1045,N,VIIRS,n,2,282.45,4.52,N,0
40.62948,-121.3315,306.41,0.33,0.56,2021-08-26,1045,N,VIIRS,n,2,285.53,1.94,N,0
40.63088,-121.27408,320.39,0.34,0.56,2021-08-26,1045,N,VIIRS,n,2,279.49,2.35,N,0
40.63188,-121.27788,329.02,0.34,0.56,2021-08-26,1045,N,VIIRS,n,2,279.93,2.35,N,0
41.46135,-121.94141,320.02,0.59,0.53,2021-08-26,1045,N,VIIRS,n,2,284.29,3.17,N,0
41.46204,-121.9237,296.64,0.59,0.53,2021-08-26,1045,N,VIIRS,n,2,282.91,1.42,N,0
41.46398,-121.93134,297,0.59,0.53,2021-08-26,1045,N,VIIRS,n,2,282.86,3.17,N,0
41.48402,-121.90789,307.07,0.6,0.53,2021-08-26,1045,N,VIIRS,n,2,280.22,2.87,N,0
41.48649,-121.9071,312.21,0.59,0.53,2021-08-26,1045,N,VIIRS,n,2,281.02,3.76,N,0
41.48847,-121.90495,319.06,0.6,0.53,2021-08-26,1045,N,VIIRS,n,2,281.69,2.87,N,0
41.49099,-121.90437,321.67,0.59,0.53,2021-08-26,1045,N,VIIRS,n,2,284.31,2.9,N,0
41.4938,-121.8951,303.2,0.6,0.53,2021-08-26,1045,N,VIIRS,n,2,283.05,2.9,N,0
41.49551,-121.9017,302.86,0.59,0.53,2021-08-26,1045,N,VIIRS,n,2,282.52,2.9,N,0
41.50015,-121.89952,306.75,0.59,0.53,2021-08-26,1045,N,VIIRS,n,2,281.56,1.77,N,0
41.50488,-121.89765,306.92,0.59,0.53,2021-08-26,1045,N,VIIRS,n,2,281.24,1.77,N,0
41.51294,-121.90875,298.2,0.59,0.53,2021-08-26,1045,N,VIIRS,n,2,279.07,1.08,N,0
41.51759,-121.90662,300.91,0.59,0.53,2021-08-26,1045,N,VIIRS,n,2,279.89,1.08,N,0
41.57915,-121.78927,297.89,0.6,0.53,2021-08-26,1045,N,VIIRS,n,2,280.6,1.98,N,0
41.58386,-121.78727,301.14,0.6,0.53,2021-08-26,1045,N,VIIRS,n,2,282.27,2.24,N,0
39.2197,-121.0389,301.22,0.38,0.58,2021-08-26,1046,N,VIIRS,n,2,285.71,0.53,N,0
39.61947,-119.26666,299.38,0.45,0.63,2021-08-26,1046,N,VIIRS,n,2,284.54,1.59,N,0
39.61954,-119.26478,307.37,0.45,0.63,2021-08-26,1046,N,VIIRS,n,2,285.84,1.71,N,2
39.9998,-120.78136,306.56,0.37,0.58,2021-08-26,1046,N,VIIRS,n,2,281.32,2.44,N,0
40.00284,-120.77139,295.26,0.37,0.58,2021-08-26,1046,N,VIIRS,n,2,283.21,2.44,N,0
40.00398,-120.75437,300.61,0.37,0.58,2021-08-26,1046,N,VIIRS,n,2,284.98,4.05,N,0
40.00423,-120.77654,350.94,0.37,0.58,2021-08-26,1046,N,VIIRS,n,2,288.29,2.44,N,0
40.00547,-120.75989,332.17,0.37,0.58,2021-08-26,1046,N,VIIRS,n,2,288.36,4.05,N,0
40.00556,-120.78145,320.59,0.37,0.58,2021-08-26,1046,N,VIIRS,n,2,283.32,6.52,N,0
40.00682,-120.76488,352.1,0.37,0.58,2021-08-26,1046,N,VIIRS,n,2,298.52,12.89,N,0
40.00812,-120.76967,347.18,0.37,0.58,2021-08-26,1046,N,VIIRS,n,2,287.25,12.89,N,0
40.00932,-120.79528,324.32,0.37,0.58,2021-08-26,1046,N,VIIRS,n,2,284.73,2.4,N,0
40.00954,-120.77489,299.97,0.37,0.58,2021-08-26,1046,N,VIIRS,n,2,284.04,2.26,N,0
40.00956,-120.75373,298.5,0.37,0.58,2021-08-26,1046,N,VIIRS,n,2,283.6,4.05,N,0
40.01059,-120.79998,299.87,0.37,0.58,2021-08-26,1046,N,VIIRS,n,2,281.56,2.04,N,0
40.01082,-120.75838,315.48,0.37,0.58,2021-08-26,1046,N,VIIRS,n,2,286.15,12.89,N,0
40.01097,-120.7802,299.04,0.37,0.58,2021-08-26,1046,N,VIIRS,n,2,283.29,2.26,N,0
40.0121,-120.7631,318.35,0.37,0.58,2021-08-26,1046,N,VIIRS,n,2,286.46,12.89,N,0
40.01229,-120.78508,319.8,0.37,0.58,2021-08-26,1046,N,VIIRS,n,2,284.14,2.04,N,0
40.0124,-120.74299,298.73,0.37,0.58,2021-08-26,1046,N,VIIRS,n,2,282.77,3.5,N,0
40.01338,-120.76785,303.11,0.37,0.58,2021-08-26,1046,N,VIIRS,n,2,284.73,2.26,N,0
40.01342,-120.74677,303.26,0.37,0.58,2021-08-26,1046,N,VIIRS,n,2,283.93,2.41,N,0
40.01385,-120.79083,303.82,0.37,0.58,2021-08-26,1046,N,VIIRS,n,2,283.39,2.04,N,0
40.01451,-120.75079,336.05,0.37,0.58,2021-08-26,1046,N,VIIRS,n,2,286.36,2.41,N,0
40.0156,-120.75482,319.27,0.37,0.58,2021-08-26,1046,N,VIIRS,n,2,286.01,1.81,N,0
40.01673,-120.75899,307.13,0.37,0.58,2021-08-26,1046,N,VIIRS,n,2,285.81,1.81,N,0
40.01692,-120.73847,346.44,0.37,0.58,2021-08-26,1046,N,VIIRS,n,2,287.94,3.5,N,0
40.01776,-120.7628,301.16,0.37,0.58,2021-08-26,1046,N,VIIRS,n,2,285.66,0.88,N,0
40.01801,-120.74249,331.88,0.37,0.58,2021-08-26,1046,N,VIIRS,n,2,288.39,3.5,N,0
40.01885,-120.76683,302.66,0.37,0.58,2021-08-26,1046,N,VIIRS,n,2,285.31,0.88,N,0
40.01908,-120.74644,318.31,0.37,0.58,2021-08-26,1046,N,VIIRS,n,2,287.83,2.41,N,0
40.02006,-120.75008,314.82,0.37,0.58,2021-08-26,1046,N,VIIRS,n,2,286.7,2.41,N,0
40.02099,-120.75349,304.9,0.37,0.58,2021-08-26,1046,N,VIIRS,n,2,285.06,1.81,N,0
40.02189,-120.75684,299.57,0.37,0.58,2021-08-26,1046,N,VIIRS,n,2,284.65,1.81,N,0
40.02208,-120.7363,327.46,0.37,0.58,2021-08-26,1046,N,VIIRS,n,2,288.61,2.19,N,0
40.02276,-120.76006,299.83,0.37,0.58,2021-08-26,1046,N,VIIRS,n,2,285.12,0.88,N,0
40.02317,-120.74031,318.19,0.37,0.58,2021-08-26,1046,N,VIIRS,n,2,286.78,2.19,N,0
40.02357,-120.68992,316.93,0.37,0.58,2021-08-26,1046,N,VIIRS,n,2,283.58,2.36,N,0
40.02366,-120.76339,298.25,0.37,0.58,2021-08-26,1046,N,VIIRS,n,2,284.92,0.88,N,0
40.02427,-120.74438,308.37,0.37,0.58,2021-08-26,1046,N,VIIRS,n,2,286.62,1.23,N,0
40.02465,-120.69384,333.57,0.37,0.58,2021-08-26,1046,N,VIIRS,n,2,286.24,2.36,N,0
40.02529,-120.74815,299.22,0.37,0.58,2021-08-26,1046,N,VIIRS,n,2,285.19,1.23,N,0
40.02544,-120.68475,314.73,0.37,0.58,2021-08-26,1046,N,VIIRS,n,2,282.51,2.05,N,0
40.02645,-120.795,299.09,0.37,0.58,2021-08-26,1046,N,VIIRS,n,2,283.58,0.72,N,0
40.02656,-120.68888,329.59,0.37,0.58,2021-08-26,1046,N,VIIRS,n,2,287.02,3.71,N,0
40.02738,-120.73459,311.85,0.37,0.58,2021-08-26,1046,N,VIIRS,n,2,285.63,2.19,N,0
40.02763,-120.69286,335.82,0.37,0.58,2021-08-26,1046,N,VIIRS,n,2,287.27,3.71,N,0
40.02785,-120.68449,335.92,0.37,0.58,2021-08-26,1046,N,VIIRS,n,2,285.95,2.15,N,0
40.02869,-120.73946,306.68,0.37,0.58,2021-08-26,1046,N,VIIRS,n,2,286.11,1.23,N,0
40.02899,-120.68861,313.3,0.37,0.58,2021-08-26,1046,N,VIIRS,n,2,285.69,2.06,N,0
40.02996,-120.74416,300.21,0.37,0.58,2021-08-26,1046,N,VIIRS,n,2,285.36,1.23,N,0
40.03004,-120.69244,298.01,0.37,0.58,2021-08-26,1046,N,VIIRS,n,2,284.61,2.06,N,0
40.03068,-120.68283,329.3,0.37,0.58,2021-08-26,1046,N,VIIRS,n,2,286.31,2.44,N,0
40.03074,-120.73682,313.31,0.37,0.58,2021-08-26,1046,N,VIIRS,n,2,285.68,1.29,N,0
40.03107,-120.74831,299.64,0.37,0.58,2021-08-26,1046,N,VIIRS,n,2,284.75,2.49,N,0
40.03202,-120.74145,309.75,0.37,0.58,2021-08-26,1046,N,VIIRS,n,2,285.79,1.29,N,0
40.0329,-120.73372,302.95,0.37,0.58,2021-08-26,1046,N,VIIRS,n,2,282.95,1,N,0
40.03292,-120.68195,296.29,0.37,0.58,2021-08-26,1046,N,VIIRS,n,2,282.86,2.15,N,0
40.03318,-120.74566,312.36,0.37,0.58,2021-08-26,1046,N,VIIRS,n,2,285.73,1.99,N,0
40.0341,-120.73816,312.56,0.37,0.58,2021-08-26,1046,N,VIIRS,n,2,284.48,1,N,0
40.03418,-120.74929,318.85,0.37,0.58,2021-08-26,1046,N,VIIRS,n,2,285.41,1.99,N,0
40.03456,-120.76122,303.99,0.37,0.58,2021-08-26,1046,N,VIIRS,n,2,284.86,1.68,N,0
40.03514,-120.75276,310.26,0.37,0.58,2021-08-26,1046,N,VIIRS,n,2,284.86,1.49,N,0
40.03524,-120.7424,326.5,0.37,0.58,2021-08-26,1046,N,VIIRS,n,2,285.61,1.97,N,0
40.03607,-120.75613,300.39,0.37,0.58,2021-08-26,1046,N,VIIRS,n,2,284.26,1.49,N,0
40.0363,-120.74634,317.77,0.37,0.58,2021-08-26,1046,N,VIIRS,n,2,284.02,1.97,N,0
40.0363,-120.73608,297.38,0.37,0.58,2021-08-26,1046,N,VIIRS,n,2,278.87,1.29,N,0
40.03701,-120.75956,308.28,0.37,0.58,2021-08-26,1046,N,VIIRS,n,2,283.5,0.8,N,0
40.03733,-120.75018,303.96,0.37,0.58,2021-08-26,1046,N,VIIRS,n,2,282.79,0.73,N,0
40.03746,-120.74033,315.79,0.37,0.58,2021-08-26,1046,N,VIIRS,n,2,281.01,1.99,N,0
40.03838,-120.75408,295.69,0.37,0.58,2021-08-26,1046,N,VIIRS,n,2,280.58,0.73,N,0
40.03943,-120.75795,297.44,0.37,0.58,2021-08-26,1046,N,VIIRS,n,2,279.08,0.26,N,0
40.06243,-120.82227,305.41,0.37,0.58,2021-08-26,1046,N,VIIRS,n,2,284.84,1.02,N,0
40.06349,-120.82624,302.82,0.37,0.58,2021-08-26,1046,N,VIIRS,n,2,282.79,1.02,N,0
40.06471,-120.81852,301.66,0.37,0.58,2021-08-26,1046,N,VIIRS,n,2,285.76,2.32,N,0
40.06559,-120.82172,331.51,0.37,0.58,2021-08-26,1046,N,VIIRS,n,2,287.17,11.83,N,0
40.06654,-120.82519,367,0.37,0.58,2021-08-26,1046,N,VIIRS,h,2,291.16,11.83,N,0
40.06697,-120.8179,307.92,0.37,0.58,2021-08-26,1046,N,VIIRS,n,2,286.36,4.86,N,0
40.06782,-120.82108,344.22,0.37,0.58,2021-08-26,1046,N,VIIRS,n,2,289.55,20.46,N,0
40.06869,-120.82431,367,0.37,0.58,2021-08-26,1046,N,VIIRS,h,2,295.21,20.46,N,0
40.06939,-120.8147,296.24,0.37,0.58,2021-08-26,1046,N,VIIRS,n,2,285.74,2.32,N,0
40.06959,-120.82766,296.35,0.37,0.58,2021-08-26,1046,N,VIIRS,n,2,283.11,5.51,N,0
40.07019,-120.81762,324.04,0.37,0.58,2021-08-26,1046,N,VIIRS,n,2,287.91,2.32,N,0
40.07102,-120.82061,367,0.37,0.58,2021-08-26,1046,N,VIIRS,h,2,291.71,11.83,N,0
40.07162,-120.81394,298.66,0.37,0.58,2021-08-26,1046,N,VIIRS,n,2,285.92,4.86,N,0
40.07185,-120.82368,367,0.37,0.58,2021-08-26,1046,N,VIIRS,h,2,292.08,11.83,N,0
40.07239,-120.81683,343.55,0.37,0.58,2021-08-26,1046,N,VIIRS,n,2,288.83,4.86,N,0
40.07274,-120.8269,298.74,0.37,0.58,2021-08-26,1046,N,VIIRS,n,2,283.95,12.06,N,0
40.0732,-120.81983,355.92,0.37,0.58,2021-08-26,1046,N,VIIRS,n,2,298.79,20.46,N,0
40.07402,-120.82289,348.31,0.37,0.58,2021-08-26,1046,N,VIIRS,n,2,287.4,20.46,N,0
40.07465,-120.81297,299.71,0.37,0.58,2021-08-26,1046,N,VIIRS,n,2,285.76,4.97,N,0
40.07486,-120.82603,298.52,0.37,0.58,2021-08-26,1046,N,VIIRS,n,2,284.24,5.51,N,0
40.07547,-120.81594,345.76,0.37,0.58,2021-08-26,1046,N,VIIRS,n,2,290.07,4.97,N,0
40.07631,-120.81902,367,0.37,0.58,2021-08-26,1046,N,VIIRS,h,2,299.35,8.94,N,0
40.07717,-120.82218,321.09,0.37,0.58,2021-08-26,1046,N,VIIRS,n,2,286.16,8.94,N,0
40.07804,-120.82536,297.83,0.37,0.58,2021-08-26,1046,N,VIIRS,n,2,284.78,2.43,N,0
40.07969,-120.81046,326.13,0.37,0.58,2021-08-26,1046,N,VIIRS,n,2,288.09,4.97,N,0
40.08059,-120.81374,346.71,0.37,0.58,2021-08-26,1046,N,VIIRS,n,2,290.99,4.97,N,0
40.0815,-120.81705,324.51,0.37,0.58,2021-08-26,1046,N,VIIRS,n,2,287.32,8.94,N,0
40.08239,-120.8203,306.34,0.37,0.58,2021-08-26,1046,N,VIIRS,n,2,285.75,8.94,N,0
40.08472,-120.80791,316.47,0.37,0.58,2021-08-26,1046,N,VIIRS,n,2,287.79,1.42,N,0
40.0857,-120.8115,309.19,0.37,0.58,2021-08-26,1046,N,VIIRS,n,2,286.15,1.42,N,0
40.09721,-120.81171,321.03,0.37,0.58,2021-08-26,1046,N,VIIRS,n,2,285.95,2.74,N,0
40.09826,-120.81555,307.75,0.37,0.58,2021-08-26,1046,N,VIIRS,n,2,284.54,2.44,N,0
40.12239,-120.71444,297.13,0.37,0.58,2021-08-26,1046,N,VIIRS,n,2,283.05,0.75,N,0
40.13214,-120.70806,300.99,0.37,0.58,2021-08-26,1046,N,VIIRS,n,2,284.69,1.48,N,0
39.99705,-120.76723,347.3,0.44,0.46,2021-08-26,2028,N,VIIRS,n,2,296.96,15.56,D,0
39.99789,-120.76991,334.05,0.44,0.46,2021-08-26,2028,N,VIIRS,n,2,293.45,7.84,D,0
39.99795,-120.76326,367,0.44,0.46,2021-08-26,2028,N,VIIRS,h,2,326.03,167.46,D,0
39.99882,-120.75941,350.95,0.44,0.46,2021-08-26,2028,N,VIIRS,n,2,308.19,167.46,D,0
39.99911,-120.77792,335.56,0.44,0.46,2021-08-26,2028,N,VIIRS,n,2,298.43,3.4,D,0
39.99968,-120.76184,367,0.44,0.46,2021-08-26,2028,N,VIIRS,l,2,372.39,485.2,D,0
40.00007,-120.7737,333.73,0.44,0.46,2021-08-26,2028,N,VIIRS,n,2,297.5,15.56,D,0
40.00053,-120.75803,367,0.44,0.46,2021-08-26,2028,N,VIIRS,h,2,307.28,98.83,D,0
40.00099,-120.76962,345.86,0.44,0.46,2021-08-26,2028,N,VIIRS,n,2,296.29,15.56,D,0
40.00191,-120.76556,367,0.44,0.46,2021-08-26,2028,N,VIIRS,l,2,331.35,167.46,D,0
40.00207,-120.78463,340.09,0.44,0.46,2021-08-26,2028,N,VIIRS,n,2,301.04,6.96,D,0
40.00281,-120.7616,367,0.44,0.46,2021-08-26,2028,N,VIIRS,h,2,348.02,167.46,D,0
40.00311,-120.78005,339.51,0.44,0.46,2021-08-26,2028,N,VIIRS,n,2,300.99,6.96,D,0
40.00368,-120.75773,355.85,0.44,0.46,2021-08-26,2028,N,VIIRS,n,2,307.59,37.43,D,0
40.00405,-120.77592,331.93,0.44,0.46,2021-08-26,2028,N,VIIRS,l,2,304.34,6.26,D,0
40.00457,-120.75381,345.78,0.44,0.46,2021-08-26,2028,N,VIIRS,n,2,298.57,37.43,D,0
40.00494,-120.772,342.89,0.44,0.46,2021-08-26,2028,N,VIIRS,n,2,302.96,6.26,D,0
40.00583,-120.76803,355.7,0.44,0.46,2021-08-26,2028,N,VIIRS,n,2,307.64,24.54,D,0
40.00674,-120.76398,347.81,0.44,0.46,2021-08-26,2028,N,VIIRS,n,2,298.01,24.54,D,0
40.00854,-120.75602,348.97,0.44,0.46,2021-08-26,2028,N,VIIRS,n,2,299.14,12.12,D,0
40.00912,-120.79312,349.58,0.44,0.46,2021-08-26,2028,N,VIIRS,n,2,305.43,115.57,D,0
40.00951,-120.75178,331.71,0.44,0.46,2021-08-26,2028,N,VIIRS,n,2,294.85,9.65,D,0
40.01008,-120.7889,331.29,0.44,0.46,2021-08-26,2028,N,VIIRS,n,2,297.44,6.89,D,0
40.01102,-120.78474,351.2,0.44,0.46,2021-08-26,2028,N,VIIRS,n,2,299.15,6.89,D,0
40.01415,-120.79072,350.54,0.44,0.46,2021-08-26,2028,N,VIIRS,n,2,306.42,6.89,D,0
40.01611,-120.74239,343.77,0.44,0.46,2021-08-26,2028,N,VIIRS,n,2,298.81,5.36,D,0
40.01737,-120.73687,342.78,0.44,0.46,2021-08-26,2028,N,VIIRS,n,2,296.16,5.36,D,0
40.02156,-120.73811,347.63,0.44,0.46,2021-08-26,2028,N,VIIRS,n,2,299.58,9.67,D,0
40.02251,-120.73392,348.56,0.44,0.46,2021-08-26,2028,N,VIIRS,n,2,300.06,12.53,D,0
40.02357,-120.68966,346.55,0.44,0.46,2021-08-26,2028,N,VIIRS,n,2,297.61,16,D,0
40.02479,-120.6843,341.26,0.44,0.46,2021-08-26,2028,N,VIIRS,n,2,299.04,16,D,0
40.02596,-120.67915,349.13,0.43,0.46,2021-08-26,2028,N,VIIRS,n,2,320.8,72.53,D,0
40.02707,-120.67419,336.42,0.43,0.46,2021-08-26,2028,N,VIIRS,n,2,294.65,72.53,D,0
40.02732,-120.73239,354.28,0.44,0.46,2021-08-26,2028,N,VIIRS,n,2,298.85,12.53,D,0
40.02898,-120.68554,343.87,0.44,0.46,2021-08-26,2028,N,VIIRS,n,2,298.3,16,D,0
40.03009,-120.6806,367,0.43,0.46,2021-08-26,2028,N,VIIRS,h,2,334.74,72.53,D,0
40.03092,-120.79593,339.11,0.44,0.46,2021-08-26,2028,N,VIIRS,n,2,302.94,15.09,D,0
40.03112,-120.67602,343.73,0.43,0.46,2021-08-26,2028,N,VIIRS,n,2,300.05,72.53,D,0
40.03129,-120.73466,343.86,0.44,0.46,2021-08-26,2028,N,VIIRS,n,2,301.45,6.92,D,0
40.03426,-120.74129,342.02,0.44,0.46,2021-08-26,2028,N,VIIRS,n,2,299.16,6.92,D,0
40.03467,-120.79919,339.96,0.44,0.46,2021-08-26,2028,N,VIIRS,n,2,297.74,7.1,D,0
40.03713,-120.74847,346.59,0.44,0.46,2021-08-26,2028,N,VIIRS,n,2,298.58,5.35,D,0
40.07444,-120.82201,340.3,0.44,0.46,2021-08-26,2028,N,VIIRS,n,2,303.65,4.08,D,0
40.07586,-120.81564,336.35,0.44,0.46,2021-08-26,2028,N,VIIRS,n,2,300.85,4.08,D,0
40.07853,-120.82383,339.63,0.44,0.46,2021-08-26,2028,N,VIIRS,n,2,306.01,4.08,D,0
40.07988,-120.81773,338.01,0.44,0.46,2021-08-26,2028,N,VIIRS,n,2,304.38,4.08,D,0
40.11992,-120.71606,342,0.43,0.46,2021-08-26,2028,N,VIIRS,n,2,304.39,3.55,D,0
40.12081,-120.71345,342.11,0.43,0.46,2021-08-26,2028,N,VIIRS,n,2,302.95,3.62,D,0
40.16515,-120.51549,345.86,0.42,0.46,2021-08-26,2028,N,VIIRS,n,2,310.04,9.98,D,0
40.16927,-120.51679,354.06,0.42,0.46,2021-08-26,2028,N,VIIRS,n,2,310.59,9.98,D,0
40.17333,-120.51833,342.18,0.42,0.46,2021-08-26,2028,N,VIIRS,n,2,308.17,4.19,D,0
40.17447,-120.51324,341.65,0.42,0.45,2021-08-26,2028,N,VIIRS,n,2,305.53,4.19,D,0
40.35271,-121.37282,336.15,0.46,0.47,2021-08-26,2028,N,VIIRS,n,2,300.25,3.45,D,0
40.3569,-121.3746,355.99,0.46,0.47,2021-08-26,2028,N,VIIRS,n,2,317.37,52.71,D,0
40.4652,-121.46861,341.75,0.46,0.47,2021-08-26,2028,N,VIIRS,n,2,304.54,5.5,D,0
40.47125,-121.34204,333.16,0.46,0.47,2021-08-26,2028,N,VIIRS,n,2,298.63,1.56,D,0
40.47612,-121.36076,336.79,0.46,0.47,2021-08-26,2028,N,VIIRS,n,2,301.42,1.5,D,0
40.48756,-121.33069,345.51,0.46,0.47,2021-08-26,2028,N,VIIRS,n,2,303.16,5.44,D,0
40.49124,-121.1949,331.7,0.45,0.47,2021-08-26,2028,N,VIIRS,n,2,294.44,5.7,D,0
40.49176,-121.33228,342.49,0.46,0.47,2021-08-26,2028,N,VIIRS,n,2,300.89,5.44,D,0
40.50786,-121.44279,335.16,0.46,0.47,2021-08-26,2028,N,VIIRS,l,2,309.71,7.77,D,0
40.50818,-121.44434,341.29,0.46,0.47,2021-08-26,2028,N,VIIRS,n,2,309.74,7.75,D,0
40.50869,-121.37843,367,0.46,0.47,2021-08-26,2028,N,VIIRS,h,2,307.71,9.01,D,0
40.50959,-121.45539,343,0.46,0.47,2021-08-26,2028,N,VIIRS,n,2,305.08,6.83,D,0
40.50986,-121.45689,336.46,0.46,0.47,2021-08-26,2028,N,VIIRS,n,2,302.58,7.08,D,0
40.5108,-121.45007,336.5,0.46,0.47,2021-08-26,2028,N,VIIRS,l,2,308.14,7.77,D,0
40.51109,-121.4516,345.96,0.46,0.47,2021-08-26,2028,N,VIIRS,n,2,307.95,7.08,D,0
40.51204,-121.44456,349.27,0.46,0.47,2021-08-26,2028,N,VIIRS,n,2,305.29,7.77,D,0
40.51236,-121.44614,349.3,0.46,0.47,2021-08-26,2028,N,VIIRS,n,2,305.09,7.75,D,0
40.51295,-121.37981,334.56,0.46,0.47,2021-08-26,2028,N,VIIRS,n,2,305.49,3.61,D,0
40.51328,-121.35817,340.99,0.46,0.47,2021-08-26,2028,N,VIIRS,n,2,304.13,6.44,D,0
40.51332,-121.43892,346,0.46,0.47,2021-08-26,2028,N,VIIRS,n,2,307.94,10.97,D,0
40.51365,-121.44056,348.02,0.46,0.47,2021-08-26,2028,N,VIIRS,n,2,306.92,7.75,D,0
40.51451,-121.35275,331.8,0.46,0.47,2021-08-26,2028,N,VIIRS,n,2,301.26,6.44,D,0
40.51525,-121.45349,340.63,0.46,0.47,2021-08-26,2028,N,VIIRS,n,2,304.95,4.49,D,0
40.51566,-121.34766,335.27,0.46,0.47,2021-08-26,2028,N,VIIRS,n,2,300.93,1.71,D,0
40.51653,-121.44798,342.78,0.46,0.47,2021-08-26,2028,N,VIIRS,n,2,309.21,8.03,D,0
40.51747,-121.35986,335.39,0.46,0.47,2021-08-26,2028,N,VIIRS,n,2,300,3.55,D,0
40.51876,-121.35416,336.17,0.46,0.47,2021-08-26,2028,N,VIIRS,n,2,301.99,3.55,D,0
40.51958,-121.35589,335.73,0.46,0.47,2021-08-26,2028,N,VIIRS,n,2,298.25,4.48,D,0
40.52041,-121.3671,341.43,0.46,0.47,2021-08-26,2028,N,VIIRS,n,2,305.12,5.68,D,0
40.52101,-121.34422,344.88,0.46,0.47,2021-08-26,2028,N,VIIRS,n,2,302.68,6.12,D,0
40.52115,-121.36883,345.67,0.46,0.47,2021-08-26,2028,N,VIIRS,n,2,303.81,6.38,D,0
40.52188,-121.34599,350.2,0.46,0.47,2021-08-26,2028,N,VIIRS,n,2,304.61,17.44,D,0
40.52216,-121.33914,331.01,0.46,0.47,2021-08-26,2028,N,VIIRS,n,2,298.93,27.34,D,0
40.5233,-121.33408,354.6,0.46,0.47,2021-08-26,2028,N,VIIRS,n,2,303.16,27.34,D,0
40.52404,-121.35099,342.13,0.46,0.47,2021-08-26,2028,N,VIIRS,n,2,299.39,6.12,D,0
40.52421,-121.33595,352.06,0.46,0.47,2021-08-26,2028,N,VIIRS,n,2,304.61,23.28,D,0
40.52486,-121.35286,332.64,0.46,0.47,2021-08-26,2028,N,VIIRS,n,2,296.56,4.48,D,0
40.52516,-121.34605,351.02,0.46,0.47,2021-08-26,2028,N,VIIRS,n,2,303.64,6.12,D,0
40.52538,-121.33092,339.86,0.46,0.47,2021-08-26,2028,N,VIIRS,n,2,296.3,23.28,D,0
40.52601,-121.34787,348.81,0.46,0.47,2021-08-26,2028,N,VIIRS,n,2,301.94,17.44,D,0
40.52629,-121.34103,351.35,0.46,0.47,2021-08-26,2028,N,VIIRS,n,2,307,27.34,D,0
40.5265,-121.25946,336.14,0.45,0.47,2021-08-26,2028,N,VIIRS,n,2,296.45,3.8,D,0
40.52718,-121.34287,356.75,0.46,0.47,2021-08-26,2028,N,VIIRS,n,2,306.14,17.44,D,0
40.52744,-121.33598,347.97,0.46,0.47,2021-08-26,2028,N,VIIRS,n,2,307.36,27.34,D,0
40.52768,-121.25424,331.64,0.45,0.47,2021-08-26,2028,N,VIIRS,n,2,293.84,3.8,D,0
40.52834,-121.33782,352.14,0.46,0.47,2021-08-26,2028,N,VIIRS,n,2,311.28,23.28,D,0
40.52857,-121.33095,353.76,0.46,0.47,2021-08-26,2028,N,VIIRS,n,2,298.06,11.13,D,0
40.52928,-121.34804,335.23,0.46,0.47,2021-08-26,2028,N,VIIRS,n,2,298.3,2.79,D,0
40.52951,-121.33279,338.15,0.46,0.47,2021-08-26,2028,N,VIIRS,n,2,297.04,23.28,D,0
40.53043,-121.34291,348.16,0.46,0.47,2021-08-26,2028,N,VIIRS,n,2,300.38,12.91,D,0
40.53069,-121.32772,349.22,0.46,0.47,2021-08-26,2028,N,VIIRS,n,2,295.89,5.05,D,0
40.53131,-121.34476,339.25,0.46,0.47,2021-08-26,2028,N,VIIRS,n,2,298.84,5.53,D,0
40.53158,-121.33782,340.43,0.46,0.47,2021-08-26,2028,N,VIIRS,n,2,302.39,12.91,D,0
40.53249,-121.33965,354.18,0.46,0.47,2021-08-26,2028,N,VIIRS,n,2,304.73,9.94,D,0
40.53366,-121.33459,333.3,0.46,0.47,2021-08-26,2028,N,VIIRS,n,2,300.19,9.94,D,0
40.53388,-121.32763,339.21,0.46,0.47,2021-08-26,2028,N,VIIRS,n,2,295.53,8.29,D,3
40.53457,-121.34479,338.16,0.46,0.47,2021-08-26,2028,N,VIIRS,n,2,301.24,12.91,D,0
40.53484,-121.3295,335.89,0.46,0.47,2021-08-26,2028,N,VIIRS,n,2,296.59,5.02,D,3
40.53573,-121.33966,355.14,0.46,0.47,2021-08-26,2028,N,VIIRS,n,2,307.38,12.91,D,0
40.53664,-121.34145,355.06,0.46,0.47,2021-08-26,2028,N,VIIRS,n,2,302.04,9.94,D,0
40.53688,-121.33454,348.85,0.46,0.47,2021-08-26,2028,N,VIIRS,n,2,302.62,8.29,D,0
40.53783,-121.3363,349.62,0.46,0.47,2021-08-26,2028,N,VIIRS,n,2,301.41,9.94,D,0
40.56644,-121.29134,340.23,0.45,0.47,2021-08-26,2028,N,VIIRS,n,2,291.9,7.75,D,3
40.57063,-121.29293,340.56,0.45,0.47,2021-08-26,2028,N,VIIRS,n,2,292.43,13.24,D,0
40.57137,-121.30954,354.59,0.45,0.47,2021-08-26,2028,N,VIIRS,n,2,296.79,20.02,D,0
40.57246,-121.30476,367,0.45,0.47,2021-08-26,2028,N,VIIRS,h,2,298.74,20.02,D,0
40.57353,-121.32001,335.66,0.45,0.47,2021-08-26,2028,N,VIIRS,n,2,288.11,54.45,D,0
40.57559,-121.31099,367,0.45,0.47,2021-08-26,2028,N,VIIRS,l,2,346.05,219.66,D,0
40.57666,-121.30634,367,0.45,0.47,2021-08-26,2028,N,VIIRS,h,2,341.7,219.66,D,0
40.57875,-121.31709,348.93,0.45,0.47,2021-08-26,2028,N,VIIRS,n,2,295.68,54.45,D,0
40.5798,-121.31249,247.86,0.45,0.47,2021-08-26,2028,N,VIIRS,l,2,318.12,219.66,D,0
40.58086,-121.30785,367,0.45,0.47,2021-08-26,2028,N,VIIRS,l,2,328.79,219.66,D,0
40.58463,-121.35115,331.1,0.46,0.47,2021-08-26,2028,N,VIIRS,n,2,294.95,2.93,D,0
40.5858,-121.34603,341.03,0.46,0.47,2021-08-26,2028,N,VIIRS,n,2,296.01,5.35,D,0
40.59012,-121.32713,339.92,0.45,0.47,2021-08-26,2028,N,VIIRS,n,2,293.51,8.64,D,0
40.59095,-121.34348,330.75,0.46,0.47,2021-08-26,2028,N,VIIRS,n,2,294.76,5.35,D,0
40.59422,-121.32913,341.73,0.45,0.47,2021-08-26,2028,N,VIIRS,n,2,292.85,8.64,D,0
40.59604,-121.28125,342.37,0.45,0.47,2021-08-26,2028,N,VIIRS,n,2,298.54,19.95,D,0
40.59964,-121.26545,347.2,0.45,0.47,2021-08-26,2028,N,VIIRS,n,2,297.9,29.73,D,0
40.60238,-121.33333,333.73,0.45,0.47,2021-08-26,2028,N,VIIRS,n,2,291.07,5.15,D,0
40.60646,-121.33541,333.91,0.45,0.47,2021-08-26,2028,N,VIIRS,n,2,290.95,26.21,D,0
40.6076,-121.3304,351.11,0.45,0.47,2021-08-26,2028,N,VIIRS,n,2,289.42,26.21,D,0
40.60873,-121.32539,349.05,0.45,0.47,2021-08-26,2028,N,VIIRS,n,2,293.06,81.2,D,0
40.60944,-121.34234,335.3,0.45,0.47,2021-08-26,2028,N,VIIRS,n,2,292.26,6.59,D,0
40.60988,-121.32037,337.21,0.45,0.47,2021-08-26,2028,N,VIIRS,n,2,290.19,81.2,D,0
40.61057,-121.33739,355.52,0.45,0.47,2021-08-26,2028,N,VIIRS,n,2,288.52,26.21,D,0
40.6117,-121.33238,342.87,0.45,0.47,2021-08-26,2028,N,VIIRS,n,2,305.9,26.21,D,0
40.61317,-121.26584,347.29,0.45,0.47,2021-08-26,2028,N,VIIRS,n,2,294.36,15.35,D,0
40.61355,-121.34431,348.13,0.45,0.47,2021-08-26,2028,N,VIIRS,n,2,290.72,8.89,D,0
40.614,-121.32227,353.89,0.45,0.47,2021-08-26,2028,N,VIIRS,n,2,299.28,81.2,D,0
40.61469,-121.33931,355.07,0.45,0.47,2021-08-26,2028,N,VIIRS,n,2,289.02,91.24,D,0
40.61514,-121.31722,349.54,0.45,0.47,2021-08-26,2028,N,VIIRS,n,2,286.63,11.17,D,0
40.61629,-121.31219,333.2,0.45,0.47,2021-08-26,2028,N,VIIRS,n,2,285.64,11.17,D,0
40.61697,-121.32922,291.22,0.45,0.47,2021-08-26,2028,N,VIIRS,l,2,315.98,264.45,D,0
40.61768,-121.34621,337.58,0.45,0.47,2021-08-26,2028,N,VIIRS,n,2,291.37,8.89,D,0
40.61813,-121.32414,367,0.45,0.47,2021-08-26,2028,N,VIIRS,h,2,327.22,264.45,D,0
40.61882,-121.34118,356.71,0.45,0.47,2021-08-26,2028,N,VIIRS,l,2,289.73,91.24,D,0
40.61927,-121.31908,367,0.45,0.47,2021-08-26,2028,N,VIIRS,h,2,290.62,32.63,D,0
40.61966,-121.2573,347.16,0.45,0.47,2021-08-26,2028,N,VIIRS,n,2,296.49,10.93,D,0
40.61996,-121.33614,346.51,0.45,0.47,2021-08-26,2028,N,VIIRS,n,2,299.76,91.24,D,0
40.62043,-121.31401,353.56,0.45,0.47,2021-08-26,2028,N,VIIRS,n,2,287.69,32.63,D,0
40.62085,-121.25203,357.04,0.45,0.47,2021-08-26,2028,N,VIIRS,n,2,298.2,16.58,D,0
40.62111,-121.33109,304.79,0.45,0.47,2021-08-26,2028,N,VIIRS,l,2,314.97,264.45,D,0
40.62158,-121.30891,357.02,0.45,0.47,2021-08-26,2028,N,VIIRS,l,2,289.22,9.15,D,0
40.62297,-121.34298,344.71,0.45,0.47,2021-08-26,2028,N,VIIRS,n,2,290.97,12.91,D,0
40.62341,-121.32094,367,0.45,0.47,2021-08-26,2028,N,VIIRS,h,2,290.01,32.63,D,0
40.62377,-121.25915,343.42,0.45,0.47,2021-08-26,2028,N,VIIRS,n,2,294.59,14.51,D,0
40.62411,-121.33791,356.76,0.45,0.47,2021-08-26,2028,N,VIIRS,n,2,291.26,12.91,D,0
40.62456,-121.31581,354.65,0.45,0.47,2021-08-26,2028,N,VIIRS,n,2,289.02,32.63,D,0
40.62496,-121.25391,356.19,0.45,0.47,2021-08-26,2028,N,VIIRS,n,2,295.13,20.23,D,0
40.62526,-121.33285,367,0.45,0.47,2021-08-26,2028,N,VIIRS,h,2,296.15,36.04,D,0
40.62572,-121.31069,333.83,0.45,0.47,2021-08-26,2028,N,VIIRS,n,2,285.9,9.15,D,0
40.6264,-121.32782,367,0.45,0.47,2021-08-26,2028,N,VIIRS,h,2,290.63,36.04,D,0
40.62754,-121.32275,337.43,0.45,0.47,2021-08-26,2028,N,VIIRS,n,2,286.17,11.88,D,0
41.4865,-121.90505,338.25,0.46,0.47,2021-08-26,2028,N,VIIRS,n,2,299.29,4.91,D,0
41.5141,-121.90885,336.35,0.46,0.47,2021-08-26,2028,N,VIIRS,n,2,301.93,5.48,D,0
41.54741,-121.98335,349.43,0.46,0.47,2021-08-26,2028,N,VIIRS,n,2,301.39,7.16,D,0
41.57896,-121.78775,343.89,0.45,0.47,2021-08-26,2028,N,VIIRS,n,2,302.77,8.62,D,0
39.99455,-120.76154,350.38,0.75,0.77,2021-08-26,2208,N,VIIRS,n,2,297.98,13.58,D,0
39.99673,-120.75166,367,0.75,0.77,2021-08-26,2208,N,VIIRS,h,2,298.2,26.21,D,0
40.00161,-120.79258,350.83,0.75,0.77,2021-08-26,2208,N,VIIRS,n,2,297.74,18.06,D,0
40.00171,-120.76907,342.32,0.75,0.77,2021-08-26,2208,N,VIIRS,n,2,295.34,13.58,D,0
40.00393,-120.76135,335.57,0.75,0.77,2021-08-26,2208,N,VIIRS,n,2,294.25,33.74,D,0
40.00395,-120.78142,348.65,0.75,0.77,2021-08-26,2208,N,VIIRS,n,2,296.95,33.74,D,0
40.00396,-120.79199,367,0.75,0.77,2021-08-26,2208,N,VIIRS,h,2,306.93,49.61,D,0
40.00397,-120.80015,335.69,0.75,0.77,2021-08-26,2208,N,VIIRS,n,2,296.42,49.61,D,0
40.0088,-120.7918,353.15,0.75,0.77,2021-08-26,2208,N,VIIRS,n,2,308.68,110.79,D,0
40.00889,-120.773,367,0.75,0.77,2021-08-26,2208,N,VIIRS,h,2,297.68,110.79,D,0
40.00898,-120.75307,339.7,0.75,0.77,2021-08-26,2208,N,VIIRS,n,2,295.22,31.77,D,0
40.01112,-120.75057,337.77,0.75,0.77,2021-08-26,2208,N,VIIRS,n,2,296.25,23.66,D,0
40.01113,-120.7645,351.44,0.75,0.77,2021-08-26,2208,N,VIIRS,n,2,296.03,23.66,D,0
40.01114,-120.78684,367,0.75,0.77,2021-08-26,2208,N,VIIRS,h,2,298.66,49.44,D,0
40.01624,-120.73795,344.95,0.75,0.77,2021-08-26,2208,N,VIIRS,n,2,297.35,16.66,D,0
40.01831,-120.73798,343.61,0.75,0.77,2021-08-26,2208,N,VIIRS,n,2,296.81,18.06,D,0
40.0237,-120.67779,367,0.76,0.77,2021-08-26,2208,N,VIIRS,h,2,299.33,26.55,D,0
40.02374,-120.66958,334.84,0.76,0.77,2021-08-26,2208,N,VIIRS,n,2,292.29,22.71,D,0
40.02548,-120.67693,367,0.76,0.77,2021-08-26,2208,N,VIIRS,h,2,305.99,36.63,D,0
40.02548,-120.66827,331.94,0.76,0.77,2021-08-26,2208,N,VIIRS,n,2,292.14,36.63,D,0
40.02549,-120.68573,332.75,0.76,0.77,2021-08-26,2208,N,VIIRS,n,2,293.5,19.97,D,0
40.03092,-120.67761,367,0.76,0.77,2021-08-26,2208,N,VIIRS,h,2,297.45,26.55,D,0
40.03097,-120.66715,330.15,0.76,0.77,2021-08-26,2208,N,VIIRS,n,2,294.28,22.71,D,0
40.07574,-120.81989,334.07,0.74,0.76,2021-08-26,2208,N,VIIRS,n,2,302.4,11.89,D,0
40.16344,-120.5173,367,0.77,0.77,2021-08-26,2208,N,VIIRS,h,2,306.84,18.47,D,0
40.16379,-120.51839,367,0.77,0.78,2021-08-26,2209,N,VIIRS,h,2,306.56,30.06,D,0
40.17107,-120.51915,330.59,0.77,0.78,2021-08-26,2209,N,VIIRS,n,2,304.19,9.87,D,0
40.35551,-121.37122,333.34,0.7,0.75,2021-08-26,2209,N,VIIRS,n,2,300.17,10.97,D,0
40.35954,-121.37341,331.11,0.7,0.75,2021-08-26,2209,N,VIIRS,l,2,302.52,6.73,D,0
40.50834,-121.45549,367,0.69,0.75,2021-08-26,2209,N,VIIRS,h,2,305.98,14.33,D,0
40.50836,-121.4472,367,0.7,0.75,2021-08-26,2209,N,VIIRS,h,2,306.53,14.33,D,0
40.50838,-121.43937,333.27,0.7,0.75,2021-08-26,2209,N,VIIRS,n,2,304.55,13.4,D,0
40.50852,-121.38316,335.67,0.7,0.75,2021-08-26,2209,N,VIIRS,n,2,302.88,9.2,D,0
40.51077,-121.45344,367,0.69,0.75,2021-08-26,2209,N,VIIRS,h,2,307.05,19.26,D,0
40.51083,-121.44561,367,0.69,0.75,2021-08-26,2209,N,VIIRS,h,2,304.68,17.68,D,0
40.51088,-121.43816,339.01,0.7,0.75,2021-08-26,2209,N,VIIRS,n,2,303.74,17.68,D,0
40.5113,-121.3816,333.1,0.7,0.75,2021-08-26,2209,N,VIIRS,n,2,302.29,11.58,D,0
40.51145,-121.36098,333.42,0.7,0.75,2021-08-26,2209,N,VIIRS,n,2,299.27,8.46,D,0
40.51151,-121.353,349.05,0.7,0.75,2021-08-26,2209,N,VIIRS,n,2,300.09,8.46,D,0
40.51533,-121.45434,354.67,0.69,0.75,2021-08-26,2209,N,VIIRS,n,2,303.5,14.33,D,0
40.51535,-121.44676,344.77,0.7,0.75,2021-08-26,2209,N,VIIRS,n,2,303.54,14.33,D,0
40.51537,-121.4394,336.47,0.7,0.75,2021-08-26,2209,N,VIIRS,n,2,302.44,13.4,D,0
40.51559,-121.35461,367,0.7,0.75,2021-08-26,2209,N,VIIRS,h,2,303.09,35.1,D,0
40.51775,-121.45264,355.11,0.69,0.75,2021-08-26,2209,N,VIIRS,n,2,302.41,12.11,D,0
40.51781,-121.44528,333.36,0.69,0.75,2021-08-26,2209,N,VIIRS,n,2,302.96,18.26,D,0
40.51851,-121.35372,367,0.7,0.75,2021-08-26,2209,N,VIIRS,h,2,300.2,20.09,D,0
40.51859,-121.34379,332.04,0.7,0.75,2021-08-26,2209,N,VIIRS,n,2,299.8,58.07,D,0
40.51865,-121.33463,367,0.7,0.75,2021-08-26,2209,N,VIIRS,h,2,299.18,58.07,D,0
40.52263,-121.34486,356.09,0.7,0.75,2021-08-26,2209,N,VIIRS,n,2,305.75,59.73,D,0
40.52264,-121.33558,367,0.7,0.75,2021-08-26,2209,N,VIIRS,h,2,306.66,102.53,D,0
40.52554,-121.35198,341.29,0.7,0.75,2021-08-26,2209,N,VIIRS,n,2,296.76,20.09,D,0
40.52562,-121.3426,337.46,0.7,0.75,2021-08-26,2209,N,VIIRS,n,2,309.56,58.07,D,0
40.52568,-121.33337,367,0.7,0.75,2021-08-26,2209,N,VIIRS,h,2,303.46,58.07,D,0
40.52965,-121.3433,351.89,0.7,0.75,2021-08-26,2209,N,VIIRS,n,2,302.5,59.73,D,0
40.52968,-121.33411,367,0.7,0.75,2021-08-26,2209,N,VIIRS,h,2,301.96,102.53,D,0
40.53265,-121.34123,367,0.7,0.75,2021-08-26,2209,N,VIIRS,h,2,304.16,22.48,D,0
40.53272,-121.33202,347.37,0.7,0.75,2021-08-26,2209,N,VIIRS,n,2,301.89,22.48,D,0
40.53667,-121.3422,367,0.7,0.75,2021-08-26,2209,N,VIIRS,h,2,300.17,23.65,D,0
40.56818,-121.29512,339.21,0.71,0.75,2021-08-26,2209,N,VIIRS,n,2,292.91,6.94,D,0
40.57187,-121.32129,354.12,0.71,0.75,2021-08-26,2209,N,VIIRS,n,2,296.26,35.13,D,0
40.57194,-121.30659,367,0.71,0.75,2021-08-26,2209,N,VIIRS,h,2,294.94,35.13,D,0
40.57198,-121.29677,343.45,0.71,0.75,2021-08-26,2209,N,VIIRS,n,2,291.64,30.73,D,0
40.57891,-121.3195,345.63,0.71,0.75,2021-08-26,2209,N,VIIRS,n,2,292.42,11.15,D,0
40.57897,-121.3062,348.22,0.71,0.75,2021-08-26,2209,N,VIIRS,n,2,293.18,11.15,D,0
40.57902,-121.29557,330.71,0.71,0.75,2021-08-26,2209,N,VIIRS,n,2,292.26,8.38,D,0
40.57906,-121.28709,344.93,0.71,0.75,2021-08-26,2209,N,VIIRS,n,2,291.98,8.38,D,0
40.58582,-121.34151,331.07,0.7,0.75,2021-08-26,2209,N,VIIRS,n,2,292.82,6.32,D,0
40.60028,-121.26808,330.77,0.71,0.75,2021-08-26,2209,N,VIIRS,n,2,291.24,7.59,D,0
40.60691,-121.34017,339.66,0.7,0.75,2021-08-26,2209,N,VIIRS,n,2,299.92,60.43,D,0
40.60696,-121.33081,367,0.7,0.75,2021-08-26,2209,N,VIIRS,h,2,317.58,116.74,D,0
40.60733,-121.26722,344.12,0.71,0.75,2021-08-26,2209,N,VIIRS,n,2,291.06,8.19,D,0
40.61174,-121.34253,336.16,0.7,0.75,2021-08-26,2209,N,VIIRS,n,2,300.89,37.81,D,0
40.61175,-121.33316,367,0.7,0.75,2021-08-26,2209,N,VIIRS,h,2,335.9,109.91,D,0
40.61176,-121.32405,367,0.71,0.75,2021-08-26,2209,N,VIIRS,h,2,305.43,109.91,D,0
40.61181,-121.26984,352.04,0.71,0.75,2021-08-26,2209,N,VIIRS,n,2,293.45,16.15,D,0
40.61394,-121.33819,349.13,0.7,0.75,2021-08-26,2209,N,VIIRS,n,2,308.75,60.43,D,0
40.614,-121.32898,353.7,0.7,0.75,2021-08-26,2209,N,VIIRS,n,2,325.38,116.74,D,0
40.61406,-121.31994,367,0.71,0.75,2021-08-26,2209,N,VIIRS,h,2,301.02,116.74,D,0
40.61438,-121.26627,333.17,0.71,0.75,2021-08-26,2209,N,VIIRS,n,2,291.88,8.19,D,0
40.61876,-121.34099,345.72,0.7,0.75,2021-08-26,2209,N,VIIRS,n,2,303.42,37.81,D,0
40.61878,-121.33174,352.67,0.7,0.75,2021-08-26,2209,N,VIIRS,n,2,315.83,109.91,D,0
40.61879,-121.32265,367,0.71,0.75,2021-08-26,2209,N,VIIRS,h,2,308.77,109.91,D,0
40.6188,-121.31356,349.25,0.71,0.75,2021-08-26,2209,N,VIIRS,n,2,297.03,61.9,D,0
40.61887,-121.26043,343.86,0.71,0.75,2021-08-26,2209,N,VIIRS,n,2,296.07,15.76,D,0
40.61887,-121.25229,343.5,0.71,0.75,2021-08-26,2209,N,VIIRS,n,2,293.47,15.76,D,0
40.62098,-121.33685,367,0.7,0.75,2021-08-26,2209,N,VIIRS,h,2,303.63,27.21,D,0
40.62104,-121.32765,367,0.7,0.75,2021-08-26,2209,N,VIIRS,h,2,310.56,38.19,D,0
40.62109,-121.31863,355.55,0.71,0.75,2021-08-26,2209,N,VIIRS,n,2,298.29,38.19,D,0
40.62116,-121.30959,348.54,0.71,0.75,2021-08-26,2209,N,VIIRS,n,2,297.3,17.83,D,0
40.62149,-121.2569,367,0.71,0.75,2021-08-26,2209,N,VIIRS,h,2,299.13,31.25,D,0
40.62592,-121.25964,337.31,0.71,0.75,2021-08-26,2209,N,VIIRS,n,2,295.2,11.17,D,0
41.48894,-121.90717,334.17,0.66,0.73,2021-08-26,2209,N,VIIRS,n,2,294.91,9.23,D,0
41.48917,-121.9073,338.52,0.66,0.73,2021-08-26,2209,N,VIIRS,n,2,295.5,9.43,D,0
41.57959,-121.78453,329.97,0.67,0.74,2021-08-26,2209,N,VIIRS,n,2,294.89,8.34,D,0