latitude,longitude,bright_ti4,scan,track,acq_date,acq_time,satellite,instrument,confidence,version,bright_ti5,frp,daynight,type
39.92641,-120.05717,299.76,0.56,0.43,2021-07-13,930,N,VIIRS,n,2,288.25,0.97,N,0
39.92972,-120.05032,307.98,0.56,0.43,2021-07-13,930,N,VIIRS,n,2,289.61,2.07,N,0
40.00285,-120.23286,300.5,0.57,0.43,2021-07-13,930,N,VIIRS,n,2,246.45,1.42,N,0
40.00686,-120.23225,296.25,0.57,0.43,2021-07-13,930,N,VIIRS,n,2,247.86,1.42,N,0
40.01743,-120.21623,306.18,0.57,0.43,2021-07-13,930,N,VIIRS,n,2,254.08,2.89,N,0
41.42072,-122.25877,297.51,0.5,0.49,2021-07-13,930,N,VIIRS,n,2,285.8,1.36,N,0
41.44246,-122.24502,298.02,0.5,0.49,2021-07-13,930,N,VIIRS,n,2,287.55,2,N,0
41.4434,-122.2446,299.82,0.5,0.49,2021-07-13,930,N,VIIRS,n,2,288.05,1.22,N,0
41.44532,-122.22447,297.12,0.5,0.49,2021-07-13,930,N,VIIRS,n,2,284.67,1.74,N,0
41.4464,-122.22412,303.31,0.5,0.49,2021-07-13,930,N,VIIRS,n,2,285.01,1.35,N,0
41.451,-122.22472,312.37,0.5,0.49,2021-07-13,930,N,VIIRS,n,2,287.4,1.35,N,0
39.96249,-120.26678,305.45,0.79,0.78,2021-07-13,1110,N,VIIRS,n,2,281.83,4.97,N,0
39.96437,-120.26552,305.96,0.79,0.78,2021-07-13,1110,N,VIIRS,n,2,284.73,6.91,N,0
39.96721,-120.2506,301.41,0.79,0.78,2021-07-13,1110,N,VIIRS,n,2,279.94,7.39,N,0
39.96968,-120.26437,316.57,0.79,0.78,2021-07-13,1110,N,VIIRS,n,2,281.38,4.97,N,0
39.97146,-120.26279,328.54,0.79,0.78,2021-07-13,1110,N,VIIRS,n,2,280.39,6.91,N,0
39.97197,-120.2476,305.23,0.79,0.78,2021-07-13,1110,N,VIIRS,n,2,280.63,5.31,N,0
39.9758,-120.25881,334.85,0.79,0.78,2021-07-13,1110,N,VIIRS,n,2,283.72,5.31,N,0
39.9775,-120.25703,333.85,0.79,0.78,2021-07-13,1110,N,VIIRS,n,2,286.58,5.26,N,0
39.98192,-120.25325,311.26,0.79,0.78,2021-07-13,1110,N,VIIRS,n,2,281.89,5.31,N,0
39.98356,-120.25136,307.23,0.79,0.78,2021-07-13,1110,N,VIIRS,n,2,279.2,5.26,N,0
39.98692,-120.26101,299.65,0.79,0.78,2021-07-13,1110,N,VIIRS,n,2,278.75,5.26,N,0
39.99452,-120.24319,298.68,0.79,0.78,2021-07-13,1110,N,VIIRS,n,2,266.6,2.95,N,0
39.99639,-120.24201,315.89,0.79,0.78,2021-07-13,1110,N,VIIRS,n,2,270.38,5.88,N,0
39.99752,-120.22846,303.66,0.79,0.78,2021-07-13,1110,N,VIIRS,n,2,268.27,2.97,N,0
39.99931,-120.22724,297.51,0.79,0.78,2021-07-13,1110,N,VIIRS,n,2,267.58,1.78,N,0
40.00122,-120.23933,311.34,0.79,0.78,2021-07-13,1110,N,VIIRS,n,2,273.66,2.97,N,0
40.00313,-120.23825,309.28,0.79,0.78,2021-07-13,1110,N,VIIRS,n,2,273.38,5.11,N,0
41.44698,-122.22517,307.73,0.58,0.69,2021-07-13,1110,N,VIIRS,n,2,285.98,1.63,N,0
41.44845,-122.22446,308.44,0.58,0.69,2021-07-13,1110,N,VIIRS,n,2,285.91,1.83,N,0
41.44854,-122.23012,302.47,0.58,0.69,2021-07-13,1110,N,VIIRS,n,2,287.61,1.63,N,0
41.45007,-122.22947,300.99,0.58,0.69,2021-07-13,1110,N,VIIRS,n,2,287.68,2.89,N,0
39.23291,-121.61382,344.12,0.41,0.37,2021-07-13,2052,N,VIIRS,l,2,307.89,11.69,D,0
39.94974,-120.28728,347.7,0.39,0.36,2021-07-13,2052,N,VIIRS,n,2,313.96,10.75,D,0
39.95374,-120.28378,350.07,0.39,0.36,2021-07-13,2052,N,VIIRS,n,2,311,52.15,D,0
39.95446,-120.27937,367,0.39,0.36,2021-07-13,2052,N,VIIRS,l,2,333.88,52.15,D,0
39.95847,-120.27576,356.58,0.39,0.36,2021-07-13,2052,N,VIIRS,n,2,324.78,34.33,D,0
39.96105,-120.28107,367,0.39,0.36,2021-07-13,2052,N,VIIRS,h,2,334.75,58.82,D,0
39.96177,-120.27664,367,0.39,0.36,2021-07-13,2052,N,VIIRS,h,2,348.82,44.48,D,0
39.96248,-120.27222,354.57,0.39,0.36,2021-07-13,2052,N,VIIRS,l,2,333.68,44.48,D,0
39.9632,-120.26778,353.62,0.39,0.36,2021-07-13,2052,N,VIIRS,n,2,316.92,35.26,D,0
39.96506,-120.2775,367,0.39,0.36,2021-07-13,2052,N,VIIRS,h,2,354.85,44.48,D,0
39.96577,-120.27307,356.48,0.39,0.36,2021-07-13,2052,N,VIIRS,l,2,340.41,44.48,D,0
39.96649,-120.26862,367,0.39,0.36,2021-07-13,2052,N,VIIRS,l,2,343.17,35.26,D,0
39.96835,-120.27837,367,0.39,0.36,2021-07-13,2052,N,VIIRS,h,2,342.53,113.99,D,0
39.96907,-120.27393,367,0.39,0.36,2021-07-13,2052,N,VIIRS,h,2,359.34,113.99,D,0
39.96979,-120.26947,367,0.39,0.36,2021-07-13,2052,N,VIIRS,l,2,368.12,176.49,D,0
39.97051,-120.26501,367,0.39,0.36,2021-07-13,2052,N,VIIRS,l,2,341.87,176.49,D,0
39.97308,-120.27039,367,0.39,0.36,2021-07-13,2052,N,VIIRS,h,2,344.54,176.49,D,0
39.9738,-120.26593,367,0.39,0.36,2021-07-13,2052,N,VIIRS,l,2,372.33,176.49,D,0
39.97452,-120.26147,367,0.39,0.36,2021-07-13,2052,N,VIIRS,l,2,367.37,239.55,D,0
39.97709,-120.26688,353.52,0.39,0.36,2021-07-13,2052,N,VIIRS,n,2,309.14,51.68,D,0
39.98983,-120.25172,356.49,0.39,0.36,2021-07-13,2052,N,VIIRS,l,2,330.09,97.58,D,0
39.99313,-120.25261,367,0.39,0.36,2021-07-13,2052,N,VIIRS,l,2,333.54,85.2,D,0
39.99384,-120.24815,367,0.39,0.36,2021-07-13,2052,N,VIIRS,l,2,337.44,51.47,D,0
39.99714,-120.24902,367,0.39,0.36,2021-07-13,2052,N,VIIRS,h,2,344.84,51.47,D,0
39.99786,-120.24455,357.06,0.39,0.36,2021-07-13,2052,N,VIIRS,l,2,301.56,51.47,D,0
40.00576,-120.23067,350.86,0.39,0.36,2021-07-13,2052,N,VIIRS,n,2,304.54,5.17,D,0
40.12497,-122.15562,348.01,0.42,0.38,2021-07-13,2052,N,VIIRS,l,2,318.77,12.92,D,0
41.44867,-122.22319,350.04,0.41,0.37,2021-07-13,2053,N,VIIRS,n,2,314.9,8.63,D,0
39.49899,-122.18803,302,0.42,0.61,2021-07-14,911,N,VIIRS,n,2,291.28,0.27,N,0
39.49993,-122.1878,301.11,0.42,0.61,2021-07-14,911,N,VIIRS,n,2,290.86,0.35,N,0
39.87194,-121.38241,349.87,0.38,0.59,2021-07-14,911,N,VIIRS,n,2,293.96,5.61,N,0
39.87211,-121.38549,318.56,0.38,0.59,2021-07-14,911,N,VIIRS,n,2,294.16,4.75,N,0
39.87723,-121.37797,342.35,0.38,0.59,2021-07-14,911,N,VIIRS,n,2,297.21,12.61,N,0
39.87739,-121.38099,367,0.38,0.59,2021-07-14,911,N,VIIRS,h,2,305.88,12.61,N,0
39.87755,-121.38393,367,0.38,0.59,2021-07-14,911,N,VIIRS,h,2,301.61,19.34,N,0
39.92202,-120.0526,311.3,0.33,0.55,2021-07-14,911,N,VIIRS,n,2,288.75,0.69,N,0
39.92485,-120.05357,334.9,0.33,0.55,2021-07-14,911,N,VIIRS,n,2,289.29,1.6,N,0
39.92698,-120.0494,301,0.33,0.55,2021-07-14,911,N,VIIRS,n,2,288.65,1.22,N,0
39.92722,-120.05334,321.23,0.33,0.55,2021-07-14,911,N,VIIRS,n,2,289.92,1.22,N,0
39.9298,-120.05049,309.41,0.33,0.55,2021-07-14,911,N,VIIRS,n,2,289.31,1.6,N,0
39.94533,-120.29059,311.8,0.34,0.56,2021-07-14,911,N,VIIRS,n,2,290.14,1.38,N,0
39.94632,-120.29,313.69,0.34,0.56,2021-07-14,911,N,VIIRS,n,2,289.35,1.89,N,0
39.94661,-120.29503,307.1,0.34,0.56,2021-07-14,911,N,VIIRS,n,2,290.23,2.02,N,0
39.95091,-120.27939,300.88,0.34,0.56,2021-07-14,911,N,VIIRS,n,2,289.56,1.66,N,0
39.95111,-120.28278,305.44,0.34,0.56,2021-07-14,911,N,VIIRS,n,2,291.35,1.66,N,0
39.95131,-120.28622,315.04,0.34,0.56,2021-07-14,911,N,VIIRS,n,2,292.52,2.32,N,0
39.95153,-120.29005,328.07,0.34,0.56,2021-07-14,911,N,VIIRS,n,2,293.37,2.32,N,0
39.95179,-120.29436,321.27,0.34,0.56,2021-07-14,911,N,VIIRS,n,2,291.58,3.51,N,0
39.95612,-120.27934,317.42,0.34,0.56,2021-07-14,911,N,VIIRS,n,2,294.53,1.66,N,0
39.95632,-120.28265,333.68,0.34,0.56,2021-07-14,911,N,VIIRS,n,2,295.5,1.66,N,0
39.95652,-120.286,327.54,0.34,0.56,2021-07-14,911,N,VIIRS,n,2,293.64,2.32,N,0
39.95673,-120.28967,311.31,0.34,0.56,2021-07-14,911,N,VIIRS,n,2,290.59,2.32,N,0
39.96088,-120.27151,301.03,0.34,0.56,2021-07-14,911,N,VIIRS,n,2,289.07,0.91,N,0
39.96107,-120.27486,306.22,0.34,0.56,2021-07-14,911,N,VIIRS,n,2,290.43,0.91,N,0
39.96127,-120.27818,306.26,0.34,0.56,2021-07-14,911,N,VIIRS,n,2,290.82,1.18,N,0
39.96147,-120.28159,325.47,0.34,0.56,2021-07-14,911,N,VIIRS,n,2,292.54,1.18,N,0
39.96583,-120.26717,300.3,0.34,0.56,2021-07-14,911,N,VIIRS,n,2,290.08,0.73,N,0
39.96624,-120.27406,300.95,0.34,0.56,2021-07-14,911,N,VIIRS,n,2,290.24,0.91,N,0
39.96643,-120.27742,309.98,0.34,0.56,2021-07-14,911,N,VIIRS,n,2,290.84,1.18,N,0
39.96664,-120.28081,306.49,0.34,0.56,2021-07-14,911,N,VIIRS,n,2,289.51,1.18,N,0
39.97076,-120.26244,300.73,0.34,0.56,2021-07-14,911,N,VIIRS,n,2,287.66,1.62,N,0
39.97097,-120.26608,301.72,0.34,0.56,2021-07-14,911,N,VIIRS,n,2,290.03,1.62,N,0
39.97118,-120.26968,309.53,0.34,0.56,2021-07-14,911,N,VIIRS,n,2,292.89,2.65,N,0
39.97141,-120.27335,321.02,0.34,0.56,2021-07-14,911,N,VIIRS,n,2,294.8,2.65,N,0
39.97161,-120.27686,321.94,0.34,0.56,2021-07-14,911,N,VIIRS,n,2,293.32,3.31,N,0
39.97597,-120.26244,307.73,0.34,0.56,2021-07-14,911,N,VIIRS,n,2,292.75,1.62,N,0
39.97619,-120.26624,332.33,0.34,0.56,2021-07-14,911,N,VIIRS,n,2,295.43,1.62,N,0
39.97641,-120.26994,340.49,0.34,0.56,2021-07-14,911,N,VIIRS,n,2,295.87,2.65,N,0
39.97663,-120.27357,314.53,0.34,0.56,2021-07-14,911,N,VIIRS,n,2,291.44,2.65,N,0
39.98071,-120.25466,311.76,0.34,0.56,2021-07-14,911,N,VIIRS,n,2,293.6,1.41,N,0
39.98094,-120.25859,312.28,0.34,0.56,2021-07-14,911,N,VIIRS,n,2,293.58,1.41,N,0
39.98117,-120.26244,322.99,0.34,0.56,2021-07-14,911,N,VIIRS,n,2,295.21,6.56,N,0
39.9814,-120.26623,325.93,0.34,0.56,2021-07-14,911,N,VIIRS,n,2,294.21,6.56,N,0
39.98162,-120.26989,367,0.34,0.56,2021-07-14,911,N,VIIRS,h,2,303.62,16.8,N,0
39.98592,-120.25475,301.57,0.34,0.56,2021-07-14,911,N,VIIRS,n,2,290.25,1.41,N,0
39.98615,-120.25848,315.84,0.34,0.56,2021-07-14,911,N,VIIRS,n,2,292.84,1.41,N,0
39.98636,-120.26213,331.78,0.34,0.56,2021-07-14,911,N,VIIRS,n,2,294.44,6.56,N,0
39.98658,-120.26576,367,0.34,0.56,2021-07-14,911,N,VIIRS,h,2,301.46,6.56,N,0
39.9868,-120.2694,367,0.34,0.56,2021-07-14,911,N,VIIRS,h,2,300.7,16.8,N,0
39.9911,-120.25436,306.88,0.34,0.56,2021-07-14,911,N,VIIRS,n,2,290.62,10.79,N,0
39.99133,-120.258,367,0.34,0.56,2021-07-14,911,N,VIIRS,h,2,304.11,10.79,N,0
39.99154,-120.26163,353.96,0.34,0.56,2021-07-14,911,N,VIIRS,n,2,314.76,34.15,N,0
39.99176,-120.26524,367,0.34,0.56,2021-07-14,911,N,VIIRS,h,2,311.18,34.15,N,0
39.99199,-120.26891,315.23,0.34,0.56,2021-07-14,911,N,VIIRS,n,2,288.26,11.27,N,0
40.00075,-120.24168,298.39,0.33,0.56,2021-07-14,911,N,VIIRS,n,2,287.17,1.09,N,0
40.00097,-120.24544,299.91,0.34,0.56,2021-07-14,911,N,VIIRS,n,2,288.88,1.22,N,0
40.00168,-120.25689,327.1,0.34,0.56,2021-07-14,911,N,VIIRS,n,2,290.53,2.28,N,0
40.0019,-120.26059,298.58,0.34,0.56,2021-07-14,911,N,VIIRS,n,2,288.21,1.64,N,0
41.44728,-122.22114,304.02,0.44,0.62,2021-07-14,911,N,VIIRS,n,2,285.21,1.61,N,0
41.45343,-122.22977,304.96,0.44,0.62,2021-07-14,911,N,VIIRS,n,2,287.23,2.33,N,0
39.87191,-121.37685,332.21,0.41,0.61,2021-07-14,1051,N,VIIRS,n,2,294.28,5.1,N,0
39.87439,-121.38574,325.32,0.41,0.61,2021-07-14,1051,N,VIIRS,n,2,291.96,5.46,N,0
39.87703,-121.38073,346.41,0.41,0.61,2021-07-14,1051,N,VIIRS,n,2,295.23,5.52,N,0
39.92361,-120.0476,300.57,0.48,0.65,2021-07-14,1051,N,VIIRS,n,2,287.13,1.45,N,0
39.92517,-120.05288,316.46,0.48,0.65,2021-07-14,1051,N,VIIRS,n,2,288.39,1.45,N,0
39.9548,-120.28515,306.74,0.47,0.64,2021-07-14,1051,N,VIIRS,n,2,291.17,2.1,N,0
39.96037,-120.28239,301.92,0.47,0.64,2021-07-14,1051,N,VIIRS,n,2,290.1,1.24,N,0
39.96955,-120.27007,304.36,0.47,0.64,2021-07-14,1051,N,VIIRS,n,2,291.3,1.43,N,0
39.97139,-120.27637,313.92,0.47,0.64,2021-07-14,1051,N,VIIRS,n,2,291.18,2.85,N,0
39.97322,-120.26077,301.32,0.47,0.64,2021-07-14,1051,N,VIIRS,n,2,290.36,1.43,N,0
39.97482,-120.26622,305.25,0.47,0.64,2021-07-14,1051,N,VIIRS,n,2,290.69,1.43,N,0
39.97644,-120.27179,322,0.47,0.64,2021-07-14,1051,N,VIIRS,n,2,292.42,2.85,N,0
39.97852,-120.25701,302.03,0.47,0.64,2021-07-14,1051,N,VIIRS,n,2,291.73,2.59,N,0
39.98004,-120.26223,307.75,0.47,0.64,2021-07-14,1051,N,VIIRS,n,2,291.49,2.59,N,0
39.9817,-120.26791,335.27,0.47,0.64,2021-07-14,1051,N,VIIRS,n,2,292.17,7.31,N,0
39.98543,-120.25879,308.11,0.47,0.64,2021-07-14,1051,N,VIIRS,n,2,290.43,2.59,N,0
39.98714,-120.2647,367,0.47,0.64,2021-07-14,1051,N,VIIRS,h,2,297.82,7.31,N,0
39.9889,-120.27071,320.66,0.47,0.64,2021-07-14,1051,N,VIIRS,n,2,288.18,7.31,N,0
39.99084,-120.25544,335.66,0.47,0.64,2021-07-14,1051,N,VIIRS,n,2,292.83,10.23,N,0
39.99261,-120.26153,367,0.47,0.64,2021-07-14,1051,N,VIIRS,h,2,303.01,16.26,N,0
39.99435,-120.26752,335.71,0.47,0.64,2021-07-14,1051,N,VIIRS,n,2,289.17,16.26,N,0
41.4483,-122.22293,302.23,0.34,0.56,2021-07-14,1051,N,VIIRS,n,2,285.53,1.04,N,0
41.44919,-122.22625,298.84,0.34,0.56,2021-07-14,1051,N,VIIRS,n,2,286.59,1.02,N,0
41.45007,-122.22953,317.74,0.34,0.56,2021-07-14,1051,N,VIIRS,n,2,286.23,1.02,N,0
41.4547,-122.22608,317.5,0.34,0.56,2021-07-14,1051,N,VIIRS,n,2,288.05,1.24,N,0
39.00982,-121.70409,367,0.43,0.46,2021-07-14,2033,N,VIIRS,h,2,310.36,5.22,D,0
39.01394,-121.7056,367,0.43,0.46,2021-07-14,2033,N,VIIRS,h,2,318.17,14.82,D,0
39.97764,-120.2683,367,0.53,0.42,2021-07-14,2033,N,VIIRS,l,2,326.12,76.67,D,0
39.9814,-120.26968,351.13,0.53,0.42,2021-07-14,2033,N,VIIRS,l,2,322.91,73.98,D,0
39.99015,-120.26634,356.12,0.53,0.42,2021-07-14,2033,N,VIIRS,n,2,323.21,39.97,D,0
39.99134,-120.26049,367,0.53,0.42,2021-07-14,2033,N,VIIRS,h,2,323.05,39.97,D,0
39.99254,-120.25463,354.83,0.53,0.42,2021-07-14,2033,N,VIIRS,n,2,319.88,28.07,D,0
39.99393,-120.26759,367,0.53,0.42,2021-07-14,2033,N,VIIRS,h,2,334,39.97,D,0
39.99512,-120.26171,367,0.53,0.42,2021-07-14,2033,N,VIIRS,h,2,333.33,39.97,D,0
39.99632,-120.25584,354.65,0.53,0.42,2021-07-14,2033,N,VIIRS,l,2,337.35,28.07,D,0
39.99753,-120.24991,367,0.53,0.42,2021-07-14,2033,N,VIIRS,l,2,326.62,28.07,D,0
39.99772,-120.26881,367,0.53,0.42,2021-07-14,2033,N,VIIRS,l,2,328.6,368.75,D,0
39.99891,-120.26298,367,0.53,0.42,2021-07-14,2033,N,VIIRS,l,2,373.63,368.75,D,0
40.0001,-120.2571,367,0.53,0.42,2021-07-14,2033,N,VIIRS,h,2,348.25,79.25,D,0
40.00131,-120.25115,354.41,0.53,0.42,2021-07-14,2033,N,VIIRS,l,2,339.39,79.25,D,0
40.00387,-120.25839,367,0.53,0.42,2021-07-14,2033,N,VIIRS,h,2,304.03,79.25,D,0
40.00507,-120.25246,350.46,0.53,0.42,2021-07-14,2033,N,VIIRS,n,2,311.11,79.25,D,0
39.72075,-121.93576,335.88,0.43,0.46,2021-07-14,2034,N,VIIRS,l,2,307.12,2.22,D,0
39.78588,-122.04247,343.73,0.43,0.46,2021-07-14,2034,N,VIIRS,n,2,314.24,3.67,D,0
39.8643,-121.3963,342.04,0.4,0.44,2021-07-14,2034,N,VIIRS,n,2,312.12,26.8,D,0
39.86511,-121.39254,367,0.4,0.44,2021-07-14,2034,N,VIIRS,h,2,319.63,19.56,D,0
39.86595,-121.38863,367,0.4,0.44,2021-07-14,2034,N,VIIRS,h,2,320.3,19.56,D,0
39.86682,-121.40455,340.66,0.4,0.44,2021-07-14,2034,N,VIIRS,n,2,313.83,7.4,D,0
39.86688,-121.38432,351.13,0.4,0.44,2021-07-14,2034,N,VIIRS,n,2,316.35,29.76,D,0
39.86768,-121.40051,355.37,0.4,0.44,2021-07-14,2034,N,VIIRS,l,2,331.64,26.8,D,0
39.86852,-121.39663,351.23,0.4,0.44,2021-07-14,2034,N,VIIRS,l,2,331.43,26.8,D,0
39.86935,-121.39278,367,0.4,0.44,2021-07-14,2034,N,VIIRS,h,2,321.93,19.56,D,0
39.87018,-121.38891,367,0.4,0.44,2021-07-14,2034,N,VIIRS,h,2,320.66,19.56,D,0
39.87096,-121.40524,346.18,0.4,0.44,2021-07-14,2034,N,VIIRS,n,2,319.4,17.1,D,0
39.87103,-121.38495,353.98,0.4,0.44,2021-07-14,2034,N,VIIRS,n,2,322.3,29.76,D,0
39.87185,-121.40108,367,0.4,0.44,2021-07-14,2034,N,VIIRS,h,2,327.46,21.89,D,0
39.87185,-121.38112,367,0.4,0.44,2021-07-14,2034,N,VIIRS,l,2,329.74,29.76,D,0
39.8727,-121.39712,367,0.4,0.44,2021-07-14,2034,N,VIIRS,h,2,326.95,21.89,D,0
39.87273,-121.377,367,0.4,0.44,2021-07-14,2034,N,VIIRS,h,2,318.92,27.26,D,0
39.87354,-121.39321,367,0.4,0.44,2021-07-14,2034,N,VIIRS,h,2,328.08,39.61,D,0
39.87436,-121.38934,357.13,0.4,0.44,2021-07-14,2034,N,VIIRS,n,2,322.5,39.61,D,0
39.87499,-121.40639,344.57,0.4,0.44,2021-07-14,2034,N,VIIRS,n,2,314.64,17.1,D,0
39.87518,-121.38554,350.23,0.4,0.44,2021-07-14,2034,N,VIIRS,n,2,317.22,64.62,D,0
39.87593,-121.40201,354.9,0.4,0.44,2021-07-14,2034,N,VIIRS,l,2,333.67,21.89,D,0
39.87598,-121.38181,348.61,0.4,0.44,2021-07-14,2034,N,VIIRS,n,2,313.61,64.62,D,0
39.8768,-121.37798,356.82,0.4,0.44,2021-07-14,2034,N,VIIRS,n,2,315.01,16.35,D,0
39.87681,-121.39788,367,0.4,0.44,2021-07-14,2034,N,VIIRS,h,2,327.74,21.89,D,0
39.87768,-121.39385,352.84,0.4,0.44,2021-07-14,2034,N,VIIRS,l,2,335.77,39.61,D,0
39.87769,-121.37384,342.75,0.4,0.44,2021-07-14,2034,N,VIIRS,n,2,310.73,16.35,D,0
39.87853,-121.38988,367,0.4,0.44,2021-07-14,2034,N,VIIRS,h,2,347.88,39.61,D,0
39.87873,-121.40586,352.54,0.4,0.44,2021-07-14,2034,N,VIIRS,n,2,314.37,18.4,D,0
39.87934,-121.38609,367,0.4,0.44,2021-07-14,2034,N,VIIRS,h,2,362.44,64.62,D,0
39.8797,-121.40144,367,0.4,0.44,2021-07-14,2034,N,VIIRS,h,2,342.77,71.85,D,0
39.88013,-121.38243,367,0.4,0.44,2021-07-14,2034,N,VIIRS,h,2,340.55,64.62,D,0
39.88061,-121.39725,355.27,0.4,0.44,2021-07-14,2034,N,VIIRS,l,2,336.79,71.85,D,0
39.88088,-121.39888,356.81,0.4,0.44,2021-07-14,2034,N,VIIRS,l,2,341.14,125.96,D,0
39.88093,-121.37871,346.89,0.4,0.44,2021-07-14,2034,N,VIIRS,n,2,309.65,16.35,D,0
39.8815,-121.3932,367,0.4,0.44,2021-07-14,2034,N,VIIRS,h,2,350.45,266.72,D,0
39.88177,-121.39475,367,0.4,0.44,2021-07-14,2034,N,VIIRS,h,2,345.52,184.63,D,0
39.88236,-121.38925,367,0.4,0.44,2021-07-14,2034,N,VIIRS,l,2,380.45,266.72,D,0
39.88263,-121.39071,367,0.4,0.44,2021-07-14,2034,N,VIIRS,l,2,364.06,184.63,D,0
39.88272,-121.40721,336.43,0.4,0.44,2021-07-14,2034,N,VIIRS,n,2,310.44,18.4,D,0
39.88319,-121.3854,367,0.4,0.44,2021-07-14,2034,N,VIIRS,l,2,381.72,0,D,0
39.88347,-121.3868,367,0.4,0.44,2021-07-14,2034,N,VIIRS,l,2,376.26,0,D,0
39.88371,-121.4027,367,0.4,0.44,2021-07-14,2034,N,VIIRS,h,2,339.53,71.85,D,0
39.88402,-121.38163,367,0.4,0.44,2021-07-14,2034,N,VIIRS,h,2,353.03,0,D,0
39.88428,-121.383,367,0.4,0.44,2021-07-14,2034,N,VIIRS,l,2,376.26,0,D,0
39.88463,-121.39847,367,0.4,0.44,2021-07-14,2034,N,VIIRS,h,2,353.39,71.85,D,0
39.88484,-121.37786,335.53,0.4,0.44,2021-07-14,2034,N,VIIRS,n,2,308.36,19.63,D,0
39.88491,-121.40011,367,0.4,0.44,2021-07-14,2034,N,VIIRS,h,2,357,125.96,D,0
39.88509,-121.37921,349.43,0.4,0.44,2021-07-14,2034,N,VIIRS,n,2,311.61,82.08,D,0
39.88555,-121.39429,367,0.4,0.44,2021-07-14,2034,N,VIIRS,l,2,370.62,266.72,D,0
39.8858,-121.3959,367,0.4,0.44,2021-07-14,2034,N,VIIRS,l,2,367.57,184.63,D,0
39.88646,-121.39015,367,0.4,0.44,2021-07-14,2034,N,VIIRS,l,2,356.43,266.72,D,0
39.8867,-121.39172,367,0.4,0.44,2021-07-14,2034,N,VIIRS,l,2,359.41,184.63,D,0
39.88734,-121.38612,367,0.4,0.44,2021-07-14,2034,N,VIIRS,l,2,368.99,0,D,0
39.88818,-121.38222,353.82,0.4,0.44,2021-07-14,2034,N,VIIRS,n,2,316.42,0,D,0
39.88843,-121.38362,367,0.4,0.44,2021-07-14,2034,N,VIIRS,l,2,325.92,0,D,0
39.88865,-121.39973,367,0.4,0.44,2021-07-14,2034,N,VIIRS,l,2,334.73,51.71,D,0
39.88925,-121.37977,339.15,0.4,0.44,2021-07-14,2034,N,VIIRS,l,2,311.95,82.08,D,0
39.88959,-121.39542,367,0.4,0.44,2021-07-14,2034,N,VIIRS,l,2,347.2,138.26,D,0
39.89054,-121.3911,367,0.4,0.44,2021-07-14,2034,N,VIIRS,l,2,343.11,138.26,D,0
39.89168,-121.40549,341.96,0.4,0.44,2021-07-14,2034,N,VIIRS,n,2,302.31,51.71,D,0
39.89233,-121.38288,339.7,0.4,0.44,2021-07-14,2034,N,VIIRS,n,2,305.15,75.28,D,0
39.89265,-121.40104,352.44,0.4,0.44,2021-07-14,2034,N,VIIRS,n,2,299.53,51.71,D,0
39.89363,-121.3966,367,0.4,0.44,2021-07-14,2034,N,VIIRS,h,2,299.94,138.26,D,0
39.8946,-121.39214,349.93,0.4,0.44,2021-07-14,2034,N,VIIRS,n,2,306.11,138.26,D,0
39.89557,-121.38772,352.92,0.4,0.44,2021-07-14,2034,N,VIIRS,n,2,302.8,75.28,D,0
39.89564,-121.40702,330.97,0.4,0.44,2021-07-14,2034,N,VIIRS,n,2,298.75,3.97,D,0
39.89664,-121.40246,338.77,0.4,0.44,2021-07-14,2034,N,VIIRS,n,2,295.13,3.97,D,0
39.89764,-121.39786,344.45,0.4,0.44,2021-07-14,2034,N,VIIRS,n,2,293.71,6.03,D,0
39.89864,-121.3933,339.46,0.4,0.44,2021-07-14,2034,N,VIIRS,n,2,296.03,6.03,D,0
40.00331,-120.26609,340.41,0.53,0.42,2021-07-14,2034,N,VIIRS,n,2,308.4,11.55,D,0
40.00451,-120.26033,348.19,0.53,0.42,2021-07-14,2034,N,VIIRS,n,2,306.42,11.55,D,0
40.00573,-120.25446,350.46,0.53,0.42,2021-07-14,2034,N,VIIRS,n,2,300.91,10.73,D,0
40.00696,-120.24853,349.48,0.53,0.42,2021-07-14,2034,N,VIIRS,n,2,300.85,10.73,D,0
41.44849,-122.22488,350.91,0.41,0.45,2021-07-14,2034,N,VIIRS,n,2,310.51,7.02,D,0
41.44954,-122.22008,345.51,0.41,0.45,2021-07-14,2034,N,VIIRS,n,2,314.17,13.26,D,0
41.4523,-122.22722,340.97,0.41,0.45,2021-07-14,2034,N,VIIRS,n,2,307.56,7.02,D,0
39.01357,-121.71037,330.53,0.79,0.78,2021-07-14,2214,N,VIIRS,l,2,304.53,5.92,D,0
39.01433,-121.70798,338.47,0.79,0.78,2021-07-14,2214,N,VIIRS,n,2,308.1,7.34,D,0
41.4436,-122.2226,367,0.76,0.77,2021-07-14,2215,N,VIIRS,h,2,302.45,13.02,D,0
41.44362,-122.22993,339.13,0.76,0.77,2021-07-14,2215,N,VIIRS,n,2,300.3,13.02,D,0
41.45083,-122.2178,367,0.76,0.77,2021-07-14,2215,N,VIIRS,h,2,305.3,37.99,D,0
41.45085,-122.22594,356.91,0.76,0.77,2021-07-14,2215,N,VIIRS,n,2,303.46,37.99,D,0
41.4522,-122.21557,367,0.76,0.77,2021-07-14,2215,N,VIIRS,h,2,298.24,37.38,D,0
41.45226,-122.2236,367,0.76,0.77,2021-07-14,2215,N,VIIRS,h,2,303.17,33.87,D,0
39.61786,-119.26319,308.86,0.53,0.67,2021-07-15,852,N,VIIRS,n,2,291.06,2.39,N,2
39.8653,-121.38686,315.02,0.68,0.74,2021-07-15,852,N,VIIRS,n,2,292.93,6.58,N,0
39.86535,-121.39207,355.38,0.68,0.74,2021-07-15,852,N,VIIRS,n,2,295.62,11.76,N,0
39.86539,-121.39648,328.87,0.68,0.74,2021-07-15,852,N,VIIRS,n,2,293.22,11.76,N,0
39.86544,-121.40112,305.21,0.68,0.74,2021-07-15,852,N,VIIRS,n,2,291.46,3.06,N,0
39.87218,-121.3789,334.06,0.68,0.74,2021-07-15,852,N,VIIRS,n,2,293.85,6.58,N,0
39.87244,-121.40401,297.75,0.69,0.74,2021-07-15,852,N,VIIRS,n,2,287.62,3.06,N,0
39.87913,-121.37714,326.06,0.68,0.74,2021-07-15,852,N,VIIRS,n,2,292.15,10.6,N,0
39.87918,-121.38184,325.79,0.68,0.74,2021-07-15,852,N,VIIRS,n,2,292.17,10.6,N,0
39.87928,-121.39098,300.36,0.68,0.74,2021-07-15,852,N,VIIRS,n,2,290.3,6.28,N,0
39.8794,-121.40263,300.81,0.69,0.74,2021-07-15,852,N,VIIRS,n,2,287.89,2,N,0
39.88602,-121.37038,329.99,0.68,0.74,2021-07-15,852,N,VIIRS,n,2,291.26,7.73,N,0
39.88607,-121.37511,326.21,0.68,0.74,2021-07-15,852,N,VIIRS,n,2,291.29,10.6,N,0
39.88612,-121.37959,367,0.68,0.74,2021-07-15,852,N,VIIRS,h,2,300.21,10.6,N,0
39.88617,-121.38431,314.18,0.68,0.74,2021-07-15,852,N,VIIRS,n,2,291.03,6.28,N,0
39.88623,-121.38953,306.83,0.68,0.74,2021-07-15,852,N,VIIRS,n,2,289.16,6.28,N,0
39.88629,-121.39559,299.65,0.68,0.74,2021-07-15,852,N,VIIRS,n,2,287.55,2,N,0
39.89295,-121.36771,311.21,0.68,0.74,2021-07-15,852,N,VIIRS,n,2,292.03,3.3,N,0
39.893,-121.37246,321.91,0.68,0.74,2021-07-15,852,N,VIIRS,n,2,291.13,9.78,N,0
39.89305,-121.37719,367,0.68,0.74,2021-07-15,852,N,VIIRS,h,2,294.1,9.78,N,0
39.89311,-121.38213,327.69,0.68,0.74,2021-07-15,852,N,VIIRS,n,2,291.73,8.21,N,0
39.89317,-121.38765,307.96,0.68,0.74,2021-07-15,852,N,VIIRS,n,2,288.6,8.21,N,0
39.89325,-121.39445,301.13,0.68,0.74,2021-07-15,852,N,VIIRS,n,2,285.1,3.01,N,0
39.89875,-121.38,329.43,0.68,0.74,2021-07-15,852,N,VIIRS,n,2,290.73,8.98,N,0
39.89878,-121.38547,338.82,0.68,0.74,2021-07-15,852,N,VIIRS,n,2,292.15,4.5,N,0
39.89883,-121.39214,306.82,0.69,0.74,2021-07-15,852,N,VIIRS,n,2,288.87,4.5,N,0
39.90005,-121.38073,346.69,0.68,0.74,2021-07-15,852,N,VIIRS,n,2,293.33,8.21,N,0
39.90012,-121.38628,329.79,0.68,0.74,2021-07-15,852,N,VIIRS,n,2,291.47,8.21,N,0
39.9002,-121.39317,303.03,0.68,0.74,2021-07-15,852,N,VIIRS,n,2,288.26,3.01,N,0
39.90574,-121.38438,310.08,0.68,0.74,2021-07-15,852,N,VIIRS,n,2,289.66,4.5,N,0
39.90579,-121.39101,303.74,0.69,0.74,2021-07-15,852,N,VIIRS,n,2,289.36,4.5,N,0
39.90707,-121.38504,301.76,0.68,0.74,2021-07-15,852,N,VIIRS,n,2,288.91,2.55,N,0
39.90716,-121.39219,304.3,0.68,0.74,2021-07-15,852,N,VIIRS,n,2,288.71,2.75,N,0
39.91275,-121.38996,304.31,0.69,0.74,2021-07-15,852,N,VIIRS,n,2,288.19,2.03,N,0
39.95964,-120.28617,310.61,0.6,0.71,2021-07-15,852,N,VIIRS,n,2,288.05,3.08,N,0
39.96624,-120.2852,337.42,0.6,0.71,2021-07-15,852,N,VIIRS,n,2,288.55,3.27,N,0
39.96639,-120.29285,304.39,0.6,0.71,2021-07-15,852,N,VIIRS,n,2,284.37,6.68,N,0
39.97275,-120.27934,300.97,0.6,0.71,2021-07-15,852,N,VIIRS,n,2,286.49,3.27,N,0
39.97285,-120.28484,310.02,0.6,0.71,2021-07-15,852,N,VIIRS,n,2,287.06,3.27,N,0
39.98964,-120.27096,302.66,0.6,0.71,2021-07-15,852,N,VIIRS,n,2,286.53,2.2,N,0
39.99236,-120.26816,309.89,0.6,0.71,2021-07-15,852,N,VIIRS,n,2,288.24,2.38,N,0
39.99625,-120.2707,314.69,0.6,0.71,2021-07-15,852,N,VIIRS,n,2,287.8,2.2,N,0
39.99896,-120.26787,311.27,0.6,0.71,2021-07-15,852,N,VIIRS,n,2,287.16,2.38,N,0
39.9991,-120.27422,308.58,0.6,0.71,2021-07-15,852,N,VIIRS,n,2,285.75,2.38,N,0
40.00275,-120.26415,307.49,0.6,0.71,2021-07-15,852,N,VIIRS,n,2,287.64,4.38,N,0
40.00285,-120.27032,328.21,0.6,0.71,2021-07-15,852,N,VIIRS,n,2,289.4,4.38,N,0
40.00515,-120.24821,299.44,0.6,0.7,2021-07-15,852,N,VIIRS,n,2,286.84,2.44,N,0
40.0053,-120.25506,297.27,0.6,0.71,2021-07-15,852,N,VIIRS,n,2,286.7,5.39,N,0
40.00557,-120.26766,332.71,0.6,0.71,2021-07-15,852,N,VIIRS,n,2,289.1,10.2,N,0
40.00893,-120.23805,301.35,0.6,0.7,2021-07-15,852,N,VIIRS,n,2,286.78,1.83,N,0
40.00904,-120.2448,298.08,0.6,0.7,2021-07-15,852,N,VIIRS,n,2,286.61,1.83,N,0
40.00916,-120.25153,299.04,0.6,0.71,2021-07-15,852,N,VIIRS,n,2,287.4,2.92,N,0
40.00926,-120.25795,302.29,0.6,0.71,2021-07-15,852,N,VIIRS,n,2,288.3,2.92,N,0
40.00937,-120.2642,329.42,0.6,0.71,2021-07-15,852,N,VIIRS,n,2,289.32,4.38,N,0
40.00947,-120.27065,312.17,0.6,0.71,2021-07-15,852,N,VIIRS,n,2,285.16,4.38,N,0
40.00959,-120.27789,307.81,0.6,0.71,2021-07-15,852,N,VIIRS,n,2,284.19,6.1,N,0
40.01148,-120.23562,302.32,0.6,0.7,2021-07-15,852,N,VIIRS,n,2,286.59,1.91,N,0
40.01178,-120.24908,299.63,0.6,0.7,2021-07-15,852,N,VIIRS,n,2,287.25,2.44,N,0
40.01192,-120.25546,305.34,0.6,0.71,2021-07-15,852,N,VIIRS,n,2,288.84,5.39,N,0
40.01205,-120.26164,349.96,0.6,0.71,2021-07-15,852,N,VIIRS,n,2,291.14,5.39,N,0
40.0122,-120.26804,321.95,0.6,0.71,2021-07-15,852,N,VIIRS,n,2,287.37,10.2,N,0
40.01235,-120.27509,367,0.6,0.71,2021-07-15,852,N,VIIRS,h,2,289.1,10.2,N,0
40.01529,-120.22354,303.78,0.6,0.7,2021-07-15,852,N,VIIRS,n,2,286.53,2.44,N,0
40.01566,-120.24542,305.68,0.6,0.7,2021-07-15,852,N,VIIRS,n,2,288.76,5.81,N,0
40.01577,-120.25193,319.44,0.6,0.71,2021-07-15,852,N,VIIRS,n,2,290.72,10.52,N,0
40.01588,-120.25822,367,0.6,0.71,2021-07-15,852,N,VIIRS,h,2,296,10.52,N,0
40.01598,-120.26465,337.24,0.6,0.71,2021-07-15,852,N,VIIRS,n,2,288.6,13.98,N,0
40.0161,-120.27139,367,0.6,0.71,2021-07-15,852,N,VIIRS,h,2,290.06,13.98,N,0
40.01622,-120.27827,348.7,0.6,0.71,2021-07-15,852,N,VIIRS,n,2,288.01,26.36,N,0
40.01774,-120.22,301.87,0.6,0.7,2021-07-15,852,N,VIIRS,n,2,286.29,2.52,N,0
40.01793,-120.22858,305.33,0.6,0.7,2021-07-15,852,N,VIIRS,n,2,285.85,2.49,N,0
40.01825,-120.24274,305.92,0.6,0.7,2021-07-15,852,N,VIIRS,n,2,286.38,4.87,N,0
40.01839,-120.24932,332.28,0.6,0.7,2021-07-15,852,N,VIIRS,n,2,293.36,4.87,N,0
40.01854,-120.25574,367,0.6,0.71,2021-07-15,852,N,VIIRS,h,2,299.61,11,N,0
40.01868,-120.26218,338.09,0.6,0.71,2021-07-15,852,N,VIIRS,n,2,290.05,11,N,0
40.01883,-120.26888,331.26,0.6,0.71,2021-07-15,852,N,VIIRS,n,2,286.22,11.95,N,0
40.01897,-120.27557,367,0.6,0.71,2021-07-15,852,N,VIIRS,h,2,289.7,11.95,N,0
40.02175,-120.21573,297.36,0.6,0.7,2021-07-15,852,N,VIIRS,n,2,285.97,2.04,N,0
40.02189,-120.22349,308.96,0.6,0.7,2021-07-15,852,N,VIIRS,n,2,286.33,2.44,N,0
40.02227,-120.24529,332.99,0.6,0.7,2021-07-15,852,N,VIIRS,n,2,291.53,5.81,N,0
40.02238,-120.25191,347.42,0.6,0.71,2021-07-15,852,N,VIIRS,n,2,295.71,10.52,N,0
40.0225,-120.25843,328.41,0.6,0.71,2021-07-15,852,N,VIIRS,n,2,287.87,10.52,N,0
40.02272,-120.2718,317.16,0.6,0.71,2021-07-15,852,N,VIIRS,n,2,285.12,13.98,N,0
40.02434,-120.22036,308.74,0.6,0.7,2021-07-15,852,N,VIIRS,n,2,287.32,2.52,N,0
40.02453,-120.22846,302.95,0.6,0.7,2021-07-15,852,N,VIIRS,n,2,281.92,2.49,N,0
40.02484,-120.24229,302.35,0.6,0.7,2021-07-15,852,N,VIIRS,n,2,284.56,4.87,N,0
40.02499,-120.24886,330.82,0.6,0.7,2021-07-15,852,N,VIIRS,n,2,291.16,4.87,N,0
40.02514,-120.2556,298.33,0.6,0.71,2021-07-15,852,N,VIIRS,n,2,285.75,11,N,0
40.02775,-120.18221,329.74,0.59,0.7,2021-07-15,852,N,VIIRS,n,2,287.31,12.73,N,0
40.02785,-120.18813,347.32,0.59,0.7,2021-07-15,852,N,VIIRS,n,2,290.67,12.73,N,0
40.02797,-120.19446,317.43,0.6,0.7,2021-07-15,852,N,VIIRS,n,2,288.85,5.42,N,0
40.0281,-120.20152,296.04,0.6,0.7,2021-07-15,852,N,VIIRS,n,2,284.73,5.42,N,0
40.02836,-120.21626,304.83,0.6,0.7,2021-07-15,852,N,VIIRS,n,2,284.63,4.15,N,0
40.02849,-120.22359,319.32,0.6,0.7,2021-07-15,852,N,VIIRS,n,2,287.91,4.21,N,0
40.02987,-120.17409,300.41,0.59,0.7,2021-07-15,852,N,VIIRS,n,2,284.92,10.04,N,0
40.03001,-120.18041,367,0.59,0.7,2021-07-15,852,N,VIIRS,h,2,291.88,10.04,N,0
40.03015,-120.1862,355.46,0.59,0.7,2021-07-15,852,N,VIIRS,n,2,293.98,14.44,N,0
40.03029,-120.19223,344.66,0.59,0.7,2021-07-15,852,N,VIIRS,n,2,292.81,14.44,N,0
40.03045,-120.19888,308.33,0.6,0.7,2021-07-15,852,N,VIIRS,n,2,287.9,11.67,N,0
40.03094,-120.22014,310.33,0.6,0.7,2021-07-15,852,N,VIIRS,n,2,286.01,2.27,N,0
40.03425,-120.17802,367,0.59,0.7,2021-07-15,852,N,VIIRS,h,2,294.51,19.67,N,0
40.03436,-120.18335,367,0.59,0.7,2021-07-15,852,N,VIIRS,h,2,299.65,12.73,N,0
40.03445,-120.18867,331.12,0.59,0.7,2021-07-15,852,N,VIIRS,n,2,295.46,12.73,N,0
40.03456,-120.19447,333.6,0.6,0.7,2021-07-15,852,N,VIIRS,n,2,294.14,5.42,N,0
40.03469,-120.20125,317.41,0.6,0.7,2021-07-15,852,N,VIIRS,n,2,290.68,5.42,N,0
40.0365,-120.17621,334.16,0.59,0.7,2021-07-15,852,N,VIIRS,n,2,292.13,10.04,N,0
40.03664,-120.18185,345.74,0.59,0.7,2021-07-15,852,N,VIIRS,n,2,296.7,10.04,N,0
40.03675,-120.1867,333.29,0.59,0.7,2021-07-15,852,N,VIIRS,n,2,295.5,14.44,N,0
40.03688,-120.19205,351.63,0.59,0.7,2021-07-15,852,N,VIIRS,n,2,297.76,14.44,N,0
40.03702,-120.19823,342.9,0.6,0.7,2021-07-15,852,N,VIIRS,n,2,294.22,11.67,N,0
40.04053,-120.16195,367,0.59,0.7,2021-07-15,852,N,VIIRS,h,2,291.74,11.27,N,0
40.04064,-120.1676,316.09,0.59,0.7,2021-07-15,852,N,VIIRS,n,2,288.85,11.27,N,0
40.04075,-120.17305,310.04,0.59,0.7,2021-07-15,852,N,VIIRS,n,2,290.39,4.78,N,0
40.04085,-120.17828,330.44,0.59,0.7,2021-07-15,852,N,VIIRS,n,2,294.55,4.78,N,0
40.04094,-120.18323,328.8,0.59,0.7,2021-07-15,852,N,VIIRS,n,2,294.27,12.13,N,0
40.04104,-120.18827,335.99,0.59,0.7,2021-07-15,852,N,VIIRS,n,2,294.64,12.13,N,0
40.04115,-120.19368,333.34,0.6,0.7,2021-07-15,852,N,VIIRS,n,2,306.07,46.73,N,0
40.04126,-120.20004,367,0.6,0.7,2021-07-15,852,N,VIIRS,h,2,288.99,46.73,N,0
40.04714,-120.16319,347.11,0.59,0.7,2021-07-15,852,N,VIIRS,n,2,293,11.27,N,0
40.04725,-120.16862,311.65,0.59,0.7,2021-07-15,852,N,VIIRS,n,2,292.09,11.27,N,0
40.04734,-120.17353,300.05,0.59,0.7,2021-07-15,852,N,VIIRS,n,2,289.49,4.78,N,0
40.04744,-120.17827,324.82,0.59,0.7,2021-07-15,852,N,VIIRS,n,2,293.34,4.78,N,0
40.04753,-120.18324,343.74,0.59,0.7,2021-07-15,852,N,VIIRS,n,2,294.99,12.13,N,0
40.04763,-120.1883,333.42,0.59,0.7,2021-07-15,852,N,VIIRS,n,2,291.62,12.13,N,0
40.04773,-120.19321,355.15,0.6,0.7,2021-07-15,852,N,VIIRS,n,2,296.46,46.73,N,0
40.04783,-120.19902,348.05,0.6,0.7,2021-07-15,852,N,VIIRS,n,2,286.75,46.73,N,0
40.05373,-120.16359,300.82,0.59,0.7,2021-07-15,852,N,VIIRS,n,2,288.65,3.07,N,0
40.05406,-120.18053,309.16,0.59,0.7,2021-07-15,852,N,VIIRS,n,2,291.23,5.59,N,0
40.05416,-120.18554,316.14,0.59,0.7,2021-07-15,852,N,VIIRS,n,2,291.37,2.78,N,0
40.05425,-120.18995,304.28,0.59,0.7,2021-07-15,852,N,VIIRS,n,2,289.54,2.78,N,0
40.05434,-120.19418,330.71,0.6,0.7,2021-07-15,852,N,VIIRS,n,2,289.61,3.85,N,0
40.05443,-120.19907,308.34,0.6,0.7,2021-07-15,852,N,VIIRS,n,2,286.33,3.85,N,0
40.05455,-120.20503,295.85,0.6,0.7,2021-07-15,852,N,VIIRS,n,2,283.86,5.67,N,0
40.06085,-120.19041,301.02,0.59,0.7,2021-07-15,852,N,VIIRS,n,2,289.63,2.78,N,0
40.06095,-120.19539,315.66,0.6,0.7,2021-07-15,852,N,VIIRS,n,2,289.79,3.85,N,0
40.06105,-120.20033,313.19,0.6,0.7,2021-07-15,852,N,VIIRS,n,2,290.33,3.85,N,0
40.06115,-120.20548,340.47,0.6,0.7,2021-07-15,852,N,VIIRS,n,2,291.73,5.67,N,0
40.06746,-120.19136,330.39,0.59,0.7,2021-07-15,852,N,VIIRS,n,2,289.66,16.92,N,0
40.06758,-120.19724,367,0.6,0.7,2021-07-15,852,N,VIIRS,h,2,297.63,20.49,N,0
40.06768,-120.20208,332.02,0.6,0.7,2021-07-15,852,N,VIIRS,n,2,291.05,20.49,N,0
40.07383,-120.18024,340.44,0.59,0.7,2021-07-15,852,N,VIIRS,n,2,292.66,10.66,N,0
40.07395,-120.18623,317.35,0.59,0.7,2021-07-15,852,N,VIIRS,n,2,290.11,16.92,N,0
40.07408,-120.1927,355.51,0.59,0.7,2021-07-15,852,N,VIIRS,n,2,302.08,16.92,N,0
40.0742,-120.19843,339.29,0.6,0.7,2021-07-15,852,N,VIIRS,n,2,291.51,20.49,N,0
41.45165,-122.22569,310.59,0.77,0.77,2021-07-15,852,N,VIIRS,n,2,286.44,2.98,N,0
41.45207,-122.22276,304.12,0.77,0.77,2021-07-15,852,N,VIIRS,n,2,285.21,1.79,N,0
41.44025,-122.24432,305.6,0.4,0.44,2021-07-15,1032,N,VIIRS,n,2,285.75,1.26,N,0
41.44807,-122.22137,309.97,0.4,0.45,2021-07-15,1032,N,VIIRS,n,2,285.2,2.14,N,0
41.44902,-122.22563,307.84,0.4,0.44,2021-07-15,1032,N,VIIRS,n,2,285.95,2.11,N,0
41.45188,-122.2191,305.53,0.4,0.45,2021-07-15,1032,N,VIIRS,n,2,285.64,0.78,N,0
41.45284,-122.22342,297.15,0.4,0.44,2021-07-15,1032,N,VIIRS,n,2,285.49,1.18,N,0
39.61727,-119.26397,302.69,0.62,0.54,2021-07-15,1033,N,VIIRS,n,2,290.82,2.22,N,2
39.86233,-121.39314,317.05,0.48,0.48,2021-07-15,1033,N,VIIRS,n,2,292.44,3.22,N,0
39.86813,-121.37786,304.5,0.48,0.48,2021-07-15,1033,N,VIIRS,n,2,292.92,1.73,N,0
39.86827,-121.38376,312.93,0.48,0.48,2021-07-15,1033,N,VIIRS,n,2,292.97,4.04,N,0
39.8689,-121.40142,299.9,0.48,0.48,2021-07-15,1033,N,VIIRS,n,2,289.7,1.47,N,0
39.86962,-121.38426,312.58,0.48,0.48,2021-07-15,1033,N,VIIRS,n,2,292.68,1.61,N,0
39.87593,-121.39142,301.25,0.48,0.48,2021-07-15,1033,N,VIIRS,n,2,289.45,1.61,N,0
39.87665,-121.37421,305.66,0.48,0.48,2021-07-15,1033,N,VIIRS,n,2,292.22,2.32,N,0
39.877,-121.38101,314.21,0.48,0.48,2021-07-15,1033,N,VIIRS,n,2,291.24,3.6,N,0
39.87764,-121.39883,298.56,0.48,0.48,2021-07-15,1033,N,VIIRS,n,2,287.82,1.21,N,0
39.87795,-121.40463,297.74,0.48,0.48,2021-07-15,1033,N,VIIRS,n,2,287.01,1.25,N,0
39.87838,-121.38171,322.65,0.48,0.48,2021-07-15,1033,N,VIIRS,n,2,291.83,2.64,N,0
39.87906,-121.40498,309.66,0.48,0.48,2021-07-15,1033,N,VIIRS,n,2,286.28,1.21,N,0
39.87907,-121.3897,304.82,0.48,0.48,2021-07-15,1033,N,VIIRS,n,2,289.91,1.57,N,0
39.88034,-121.39027,302.58,0.48,0.48,2021-07-15,1033,N,VIIRS,n,2,289.53,2.64,N,0
39.8814,-121.37984,337.17,0.48,0.48,2021-07-15,1033,N,VIIRS,n,2,293.37,3.6,N,0
39.88224,-121.40302,311.28,0.48,0.48,2021-07-15,1033,N,VIIRS,n,2,288.57,1.15,N,0
39.88279,-121.38058,338.85,0.48,0.48,2021-07-15,1033,N,VIIRS,n,2,292.88,2.64,N,0
39.88335,-121.40334,300.07,0.48,0.48,2021-07-15,1033,N,VIIRS,n,2,287.7,0.64,N,0
39.88341,-121.38827,309.7,0.48,0.48,2021-07-15,1033,N,VIIRS,n,2,289.68,1.57,N,0
39.88466,-121.38876,310.11,0.48,0.48,2021-07-15,1033,N,VIIRS,n,2,288.67,2.64,N,0
39.88503,-121.39507,299.53,0.48,0.48,2021-07-15,1033,N,VIIRS,n,2,286.56,1.57,N,0
39.88586,-121.37884,351.1,0.48,0.48,2021-07-15,1033,N,VIIRS,n,2,293.83,9.69,N,0
39.88619,-121.39542,299.54,0.48,0.48,2021-07-15,1033,N,VIIRS,n,2,286.24,0.64,N,0
39.88651,-121.40128,297.22,0.48,0.48,2021-07-15,1033,N,VIIRS,n,2,286.47,1.15,N,0
39.88761,-121.40159,297.47,0.48,0.48,2021-07-15,1033,N,VIIRS,n,2,286.02,0.64,N,0
39.88778,-121.3869,302.59,0.48,0.48,2021-07-15,1033,N,VIIRS,n,2,287.4,1.36,N,0
39.88828,-121.36931,326.14,0.48,0.48,2021-07-15,1033,N,VIIRS,n,2,292.51,9.69,N,0
39.88932,-121.39344,296.75,0.48,0.48,2021-07-15,1033,N,VIIRS,n,2,283.69,1.36,N,0
39.89029,-121.37782,350.21,0.48,0.48,2021-07-15,1033,N,VIIRS,n,2,296.18,9.69,N,0
39.89076,-121.39948,302.97,0.48,0.48,2021-07-15,1033,N,VIIRS,n,2,284.17,0.59,N,0
39.89216,-121.38567,304.89,0.48,0.48,2021-07-15,1033,N,VIIRS,n,2,288.19,1.36,N,0
39.89368,-121.39207,298.96,0.48,0.48,2021-07-15,1033,N,VIIRS,n,2,285.33,1.36,N,0
39.89476,-121.37688,310.4,0.48,0.48,2021-07-15,1033,N,VIIRS,n,2,289.19,2.68,N,0
39.89654,-121.38438,312.79,0.48,0.48,2021-07-15,1033,N,VIIRS,n,2,288.25,2.84,N,0
39.89803,-121.39069,309.65,0.48,0.48,2021-07-15,1033,N,VIIRS,n,2,288.63,2.84,N,0
39.90079,-121.38257,341.92,0.48,0.48,2021-07-15,1033,N,VIIRS,n,2,292.42,2.84,N,0
39.90234,-121.38913,302.14,0.48,0.48,2021-07-15,1033,N,VIIRS,n,2,288.99,2.84,N,0
39.90665,-121.3876,304.14,0.48,0.48,2021-07-15,1033,N,VIIRS,n,2,289.41,1.11,N,0
39.91101,-121.38622,305.69,0.48,0.48,2021-07-15,1033,N,VIIRS,n,2,287.85,1.11,N,0
39.91527,-121.38447,315.27,0.48,0.48,2021-07-15,1033,N,VIIRS,n,2,286.9,1.28,N,0
39.95422,-120.28833,296.22,0.54,0.51,2021-07-15,1033,N,VIIRS,n,2,285.35,0.86,N,0
39.95871,-120.28645,299.97,0.54,0.51,2021-07-15,1033,N,VIIRS,n,2,286.41,0.86,N,0
39.96105,-120.28352,310.5,0.54,0.51,2021-07-15,1033,N,VIIRS,n,2,286.9,3.2,N,0
39.96558,-120.28176,326.71,0.54,0.51,2021-07-15,1033,N,VIIRS,n,2,287.65,4.83,N,0
39.97004,-120.27974,326.96,0.54,0.51,2021-07-15,1033,N,VIIRS,n,2,291.73,4.83,N,0
39.98751,-120.27015,339.85,0.54,0.51,2021-07-15,1033,N,VIIRS,n,2,290.51,5.81,N,0
39.98913,-120.27676,311.83,0.54,0.51,2021-07-15,1033,N,VIIRS,n,2,284.55,5.81,N,0
39.99196,-120.26809,325,0.54,0.51,2021-07-15,1033,N,VIIRS,n,2,290.38,3.7,N,0
39.99361,-120.27481,311.13,0.54,0.51,2021-07-15,1033,N,VIIRS,n,2,285.2,3.7,N,0
39.99643,-120.26609,321.4,0.54,0.51,2021-07-15,1033,N,VIIRS,n,2,288.16,3.7,N,0
39.99806,-120.27276,319.58,0.54,0.51,2021-07-15,1033,N,VIIRS,n,2,287.68,3.7,N,0
39.99965,-120.27922,299.07,0.54,0.51,2021-07-15,1033,N,VIIRS,n,2,285.5,1.15,N,0
40.00089,-120.26406,305.69,0.54,0.51,2021-07-15,1033,N,VIIRS,n,2,288.08,4.17,N,0
40.00121,-120.28564,295.34,0.54,0.51,2021-07-15,1033,N,VIIRS,n,2,283.85,1.15,N,0
40.00254,-120.27081,327.52,0.54,0.51,2021-07-15,1033,N,VIIRS,n,2,288.97,4.17,N,0
40.00373,-120.25539,298.16,0.54,0.51,2021-07-15,1033,N,VIIRS,n,2,286.24,2.55,N,0
40.00406,-120.27701,325.81,0.54,0.51,2021-07-15,1033,N,VIIRS,n,2,290.76,31.75,N,0
40.00533,-120.26194,314.18,0.54,0.51,2021-07-15,1033,N,VIIRS,n,2,287.76,4.17,N,0
40.00559,-120.28329,337.79,0.54,0.51,2021-07-15,1033,N,VIIRS,n,2,288.42,31.75,N,0
40.00662,-120.24699,296.91,0.54,0.51,2021-07-15,1033,N,VIIRS,n,2,284.93,1.31,N,0
40.00696,-120.26863,337.95,0.54,0.51,2021-07-15,1033,N,VIIRS,n,2,288.8,4.17,N,0
40.00787,-120.23177,297.27,0.54,0.51,2021-07-15,1033,N,VIIRS,n,2,282.55,2.83,N,0
40.00815,-120.25323,299.19,0.54,0.51,2021-07-15,1033,N,VIIRS,n,2,286.92,1.31,N,0
40.00848,-120.27483,312.37,0.54,0.51,2021-07-15,1033,N,VIIRS,n,2,297.8,31.75,N,0
40.00975,-120.25976,319.23,0.54,0.51,2021-07-15,1033,N,VIIRS,n,2,289.47,12.51,N,0
40.00996,-120.28091,338.22,0.54,0.51,2021-07-15,1033,N,VIIRS,n,2,290.9,31.75,N,0
40.011,-120.24457,299.58,0.54,0.51,2021-07-15,1033,N,VIIRS,n,2,286.26,1.31,N,0
40.01136,-120.26638,342.37,0.54,0.51,2021-07-15,1033,N,VIIRS,n,2,292.49,12.51,N,0
40.01255,-120.25093,304.55,0.54,0.51,2021-07-15,1033,N,VIIRS,n,2,287.48,1.31,N,0
40.01291,-120.27267,367,0.54,0.51,2021-07-15,1033,N,VIIRS,h,2,327.69,63.79,N,0
40.01416,-120.2575,349.22,0.54,0.51,2021-07-15,1033,N,VIIRS,n,2,296.27,12.51,N,0
40.01439,-120.27876,338.48,0.54,0.51,2021-07-15,1033,N,VIIRS,n,2,292.01,63.79,N,0
40.01546,-120.22221,315.02,0.54,0.51,2021-07-15,1033,N,VIIRS,n,2,288.08,3.83,N,0
40.01575,-120.26406,328.04,0.54,0.51,2021-07-15,1033,N,VIIRS,n,2,289.01,12.51,N,0
40.01685,-120.22787,303.03,0.54,0.51,2021-07-15,1033,N,VIIRS,n,2,284.57,2.4,N,0
40.01698,-120.24873,325.72,0.54,0.51,2021-07-15,1033,N,VIIRS,n,2,293.33,16.08,N,0
40.01729,-120.27036,354.17,0.54,0.51,2021-07-15,1033,N,VIIRS,n,2,298.91,63.79,N,0
40.01855,-120.21447,301.91,0.54,0.51,2021-07-15,1033,N,VIIRS,n,2,285.46,29.35,N,0
40.01856,-120.25525,343.65,0.54,0.51,2021-07-15,1033,N,VIIRS,n,2,320.06,47.29,N,0
40.01883,-120.27666,316.74,0.54,0.51,2021-07-15,1033,N,VIIRS,n,2,287.75,63.79,N,0
40.01997,-120.22032,317.52,0.54,0.51,2021-07-15,1033,N,VIIRS,n,2,287.05,29.35,N,0
40.02015,-120.26175,317.32,0.54,0.51,2021-07-15,1033,N,VIIRS,n,2,288.9,47.29,N,0
40.02137,-120.22607,341.33,0.54,0.51,2021-07-15,1033,N,VIIRS,n,2,293.41,90.29,N,0
40.02143,-120.24667,347.44,0.54,0.51,2021-07-15,1033,N,VIIRS,n,2,296.95,16.08,N,0
40.02169,-120.26807,355,0.54,0.51,2021-07-15,1033,N,VIIRS,n,2,298.6,65.8,N,0
40.02296,-120.2122,296.68,0.54,0.51,2021-07-15,1033,N,VIIRS,n,2,285,29.35,N,0
40.02302,-120.2532,341.3,0.54,0.51,2021-07-15,1033,N,VIIRS,n,2,297.29,47.29,N,0
40.02327,-120.27457,306.45,0.54,0.51,2021-07-15,1033,N,VIIRS,n,2,285.36,65.8,N,0
40.02461,-120.25973,325.96,0.54,0.51,2021-07-15,1033,N,VIIRS,n,2,288.86,47.29,N,0
40.02462,-120.19093,300.57,0.54,0.51,2021-07-15,1033,N,VIIRS,n,2,286.95,3.48,N,0
40.02588,-120.22418,348.57,0.54,0.51,2021-07-15,1033,N,VIIRS,n,2,315.68,90.29,N,0
40.02597,-120.24495,298.6,0.54,0.51,2021-07-15,1033,N,VIIRS,n,2,285.93,2.08,N,0
40.02617,-120.26615,367,0.54,0.51,2021-07-15,1033,N,VIIRS,h,2,345.14,65.8,N,0
40.02618,-120.1972,302.46,0.54,0.51,2021-07-15,1033,N,VIIRS,n,2,286.85,3.48,N,0
40.02727,-120.18162,330.98,0.55,0.51,2021-07-15,1033,N,VIIRS,n,2,288,4.68,N,0
40.02732,-120.18922,334.21,0.55,0.51,2021-07-15,1033,N,VIIRS,n,2,290.85,7.1,N,0
40.02753,-120.25137,297.4,0.54,0.51,2021-07-15,1033,N,VIIRS,n,2,286.54,2.26,N,0
40.02775,-120.27265,333.31,0.54,0.51,2021-07-15,1033,N,VIIRS,n,2,288.6,65.8,N,0
40.02887,-120.19566,308.12,0.54,0.51,2021-07-15,1033,N,VIIRS,n,2,287.89,2.32,N,0
40.02894,-120.18831,337.32,0.54,0.51,2021-07-15,1033,N,VIIRS,n,2,293.22,3.48,N,0
40.02909,-120.25776,301.08,0.54,0.51,2021-07-15,1033,N,VIIRS,n,2,286.13,2.26,N,0
40.02996,-120.17965,338.34,0.55,0.51,2021-07-15,1033,N,VIIRS,n,2,290.85,21.92,N,0
40.02996,-120.17245,337.81,0.55,0.51,2021-07-15,1033,N,VIIRS,n,2,286.55,23.9,N,0
40.03038,-120.20187,298.14,0.54,0.51,2021-07-15,1033,N,VIIRS,n,2,285.02,2.32,N,0
40.03041,-120.22243,356.52,0.54,0.51,2021-07-15,1033,N,VIIRS,n,2,305.32,95.1,N,0
40.03059,-120.19489,314.64,0.54,0.51,2021-07-15,1033,N,VIIRS,n,2,289.67,3.48,N,0
40.03065,-120.26424,355.77,0.54,0.51,2021-07-15,1033,N,VIIRS,n,2,295.46,34,N,0
40.03074,-120.21544,312.95,0.54,0.51,2021-07-15,1033,N,VIIRS,n,2,285.15,2.67,N,0
40.03152,-120.17868,353.97,0.55,0.51,2021-07-15,1033,N,VIIRS,n,2,291.74,23.9,N,0
40.03167,-120.18666,327.58,0.55,0.51,2021-07-15,1033,N,VIIRS,n,2,293.68,21.92,N,0
40.032,-120.24939,306.84,0.54,0.51,2021-07-15,1033,N,VIIRS,n,2,283.69,2.26,N,0
40.03216,-120.20121,304.21,0.54,0.51,2021-07-15,1033,N,VIIRS,n,2,287.51,2.34,N,0
40.03225,-120.27079,304.08,0.54,0.51,2021-07-15,1033,N,VIIRS,n,2,285.57,34,N,0
40.03234,-120.22188,313.21,0.54,0.51,2021-07-15,1033,N,VIIRS,n,2,285.05,2.67,N,0
40.03271,-120.17047,312.88,0.55,0.51,2021-07-15,1033,N,VIIRS,n,2,290.62,27.35,N,0
40.03329,-120.18576,326.74,0.54,0.51,2021-07-15,1033,N,VIIRS,n,2,293.55,8.06,N,0
40.03334,-120.19359,327.9,0.54,0.51,2021-07-15,1033,N,VIIRS,n,2,292.78,7.3,N,0
40.03353,-120.25568,303.85,0.54,0.51,2021-07-15,1033,N,VIIRS,n,2,286.5,2.26,N,0
40.0342,-120.16942,327.95,0.55,0.51,2021-07-15,1033,N,VIIRS,n,2,289.61,23.9,N,0
40.03422,-120.17667,367,0.55,0.51,2021-07-15,1033,N,VIIRS,h,2,306.58,21.92,N,0
40.03492,-120.2001,328.82,0.54,0.51,2021-07-15,1033,N,VIIRS,n,2,289.43,7.3,N,0
40.03506,-120.19286,336.24,0.54,0.51,2021-07-15,1033,N,VIIRS,n,2,294.39,8.06,N,0
40.0351,-120.26218,341.04,0.54,0.51,2021-07-15,1033,N,VIIRS,n,2,302.01,34,N,0
40.03578,-120.17576,357.29,0.55,0.51,2021-07-15,1033,N,VIIRS,n,2,305.86,23.9,N,0
40.03596,-120.18385,325.66,0.55,0.51,2021-07-15,1033,N,VIIRS,n,2,292.56,21.92,N,0
40.03671,-120.19947,339.2,0.54,0.51,2021-07-15,1033,N,VIIRS,n,2,290.24,7.1,N,0
40.03757,-120.18298,323.18,0.54,0.51,2021-07-15,1033,N,VIIRS,n,2,292.23,8.06,N,0
40.0378,-120.1915,344.84,0.54,0.51,2021-07-15,1033,N,VIIRS,n,2,295.22,7.3,N,0
40.03853,-120.17393,312.53,0.55,0.51,2021-07-15,1033,N,VIIRS,n,2,290.12,5.01,N,0
40.03949,-120.19845,330.52,0.54,0.51,2021-07-15,1033,N,VIIRS,n,2,287.33,7.3,N,0
40.03953,-120.26002,339.14,0.54,0.51,2021-07-15,1033,N,VIIRS,n,2,288.11,4.99,N,0
40.03953,-120.19084,346.26,0.54,0.51,2021-07-15,1033,N,VIIRS,n,2,294.74,8.06,N,0
40.0401,-120.17312,307.68,0.55,0.51,2021-07-15,1033,N,VIIRS,n,2,289.38,7.21,N,0
40.04037,-120.18153,321.39,0.55,0.51,2021-07-15,1033,N,VIIRS,n,2,291.66,5.01,N,0
40.04113,-120.16408,347.9,0.55,0.51,2021-07-15,1033,N,VIIRS,n,2,291.03,17.99,N,0
40.04114,-120.26664,296.86,0.54,0.51,2021-07-15,1033,N,VIIRS,n,2,284.81,4.99,N,0
40.04129,-120.1979,307.26,0.54,0.51,2021-07-15,1033,N,VIIRS,n,2,285.6,7.1,N,0
40.04205,-120.18094,327.27,0.54,0.51,2021-07-15,1033,N,VIIRS,n,2,291.61,8.78,N,0
40.04231,-120.1896,348,0.54,0.51,2021-07-15,1033,N,VIIRS,n,2,296.46,14.91,N,0
40.04261,-120.16315,347.98,0.55,0.51,2021-07-15,1033,N,VIIRS,n,2,292.13,7.21,N,0
40.04287,-120.17129,309.98,0.55,0.51,2021-07-15,1033,N,VIIRS,n,2,289.08,5.01,N,0
40.04403,-120.18893,349.72,0.54,0.51,2021-07-15,1033,N,VIIRS,n,2,293.72,8.78,N,0
40.04439,-120.17033,316.28,0.55,0.51,2021-07-15,1033,N,VIIRS,n,2,289.43,7.21,N,0
40.04483,-120.17944,341.83,0.55,0.51,2021-07-15,1033,N,VIIRS,n,2,293.57,5.01,N,0
40.04643,-120.17854,338.12,0.54,0.51,2021-07-15,1033,N,VIIRS,n,2,292.94,8.78,N,0
40.04668,-120.18711,337.99,0.54,0.51,2021-07-15,1033,N,VIIRS,n,2,290.77,14.91,N,0
40.04826,-120.18587,339.61,0.54,0.51,2021-07-15,1033,N,VIIRS,n,2,293.09,8.78,N,0
40.05018,-120.19361,303.24,0.54,0.51,2021-07-15,1033,N,VIIRS,n,2,285.4,4.13,N,0
40.05227,-120.18198,313.57,0.54,0.51,2021-07-15,1033,N,VIIRS,n,2,289.22,4.03,N,0
40.05422,-120.18987,322.89,0.54,0.51,2021-07-15,1033,N,VIIRS,n,2,289.12,3.58,N,0
40.05634,-120.19841,335.55,0.54,0.51,2021-07-15,1033,N,VIIRS,n,2,287.51,3.58,N,0
40.05806,-120.20536,323.38,0.54,0.51,2021-07-15,1033,N,VIIRS,n,2,284.86,3.88,N,0
40.06045,-120.19492,303.54,0.54,0.51,2021-07-15,1033,N,VIIRS,n,2,287.85,3.58,N,0
40.06233,-120.20251,326.23,0.54,0.51,2021-07-15,1033,N,VIIRS,n,2,288.25,3.88,N,0
40.06419,-120.21003,298.53,0.54,0.51,2021-07-15,1033,N,VIIRS,n,2,284.97,3.88,N,0
40.06465,-120.1918,307.74,0.54,0.51,2021-07-15,1033,N,VIIRS,n,2,288.83,2.36,N,0
40.06639,-120.19886,324.82,0.54,0.51,2021-07-15,1033,N,VIIRS,n,2,301.62,98.07,N,0
40.06725,-120.18221,298.79,0.54,0.51,2021-07-15,1033,N,VIIRS,n,2,286.9,2.36,N,0
40.06834,-120.20673,342.83,0.54,0.51,2021-07-15,1033,N,VIIRS,n,2,309.26,98.07,N,0
40.06898,-120.1892,319.65,0.54,0.51,2021-07-15,1033,N,VIIRS,n,2,289.37,2.36,N,0
40.06983,-120.17248,339,0.54,0.51,2021-07-15,1033,N,VIIRS,n,2,291.44,11.29,N,0
40.07054,-120.19553,338.69,0.54,0.51,2021-07-15,1033,N,VIIRS,n,2,305.94,98.07,N,0
40.07164,-120.17982,344.06,0.54,0.51,2021-07-15,1033,N,VIIRS,n,2,291.96,10.25,N,0
40.07241,-120.20313,340.02,0.54,0.51,2021-07-15,1033,N,VIIRS,n,2,319.51,98.07,N,0
40.0733,-120.18658,310.15,0.54,0.51,2021-07-15,1033,N,VIIRS,n,2,288.98,10.25,N,0
40.07486,-120.19293,350.56,0.54,0.51,2021-07-15,1033,N,VIIRS,n,2,302.35,26.61,N,0
40.07667,-120.20023,339.66,0.54,0.51,2021-07-15,1033,N,VIIRS,n,2,294.36,26.61,N,0
40.07916,-120.19019,301.33,0.54,0.51,2021-07-15,1033,N,VIIRS,n,2,288.11,26.61,N,0
40.22982,-121.43824,300.83,0.47,0.48,2021-07-15,1033,N,VIIRS,n,2,286.68,0.73,N,0
39.01139,-121.70383,350,0.37,0.58,2021-07-15,2015,N,VIIRS,n,2,308.25,6.14,D,0
39.01241,-121.70608,351.32,0.37,0.58,2021-07-15,2015,N,VIIRS,n,2,310.55,5.11,D,0
39.25745,-121.61716,338.7,0.37,0.58,2021-07-15,2015,N,VIIRS,n,2,306.02,2.93,D,0
39.26034,-121.61832,341.77,0.37,0.58,2021-07-15,2015,N,VIIRS,n,2,305.25,2.4,D,0
39.26145,-121.6142,332.06,0.36,0.58,2021-07-15,2015,N,VIIRS,n,2,302.87,2.71,D,0
39.78924,-122.0433,335.89,0.37,0.58,2021-07-15,2015,N,VIIRS,l,2,307.58,3.42,D,0
39.8628,-121.38607,355.51,0.34,0.56,2021-07-15,2015,N,VIIRS,n,2,309.97,11.59,D,0
39.86507,-121.39254,353.51,0.34,0.56,2021-07-15,2015,N,VIIRS,n,2,311.29,10.71,D,0
39.86585,-121.38958,367,0.34,0.56,2021-07-15,2015,N,VIIRS,h,2,312.54,11.68,D,0
39.86668,-121.38637,367,0.34,0.56,2021-07-15,2015,N,VIIRS,h,2,312.8,11.68,D,0
39.86768,-121.38251,367,0.34,0.56,2021-07-15,2015,N,VIIRS,h,2,314.31,9.88,D,0
39.86827,-121.38642,351.35,0.34,0.56,2021-07-15,2015,N,VIIRS,n,2,309.11,11.59,D,0
39.86857,-121.37913,339.67,0.34,0.56,2021-07-15,2015,N,VIIRS,n,2,308.31,9.88,D,0
39.86916,-121.38306,367,0.34,0.56,2021-07-15,2015,N,VIIRS,h,2,311.42,19.95,D,0
39.86948,-121.37559,367,0.34,0.56,2021-07-15,2015,N,VIIRS,h,2,310.31,6.88,D,0
39.87054,-121.37149,350.75,0.34,0.56,2021-07-15,2015,N,VIIRS,n,2,306.83,6.88,D,0
39.8709,-121.37653,367,0.34,0.56,2021-07-15,2015,N,VIIRS,h,2,311.42,7.63,D,0
39.87194,-121.37261,351.6,0.34,0.56,2021-07-15,2015,N,VIIRS,n,2,306.39,7.63,D,0
39.87988,-121.37823,339.6,0.34,0.56,2021-07-15,2015,N,VIIRS,n,2,307.16,9.3,D,0
39.88065,-121.37526,367,0.34,0.56,2021-07-15,2015,N,VIIRS,h,2,314.24,9.3,D,0
39.88146,-121.37216,335.93,0.34,0.56,2021-07-15,2015,N,VIIRS,n,2,306.55,9.21,D,0
39.88148,-121.37852,351.47,0.34,0.56,2021-07-15,2015,N,VIIRS,n,2,309.68,21.72,D,0
39.88225,-121.3756,350.59,0.34,0.56,2021-07-15,2015,N,VIIRS,l,2,326.75,21.72,D,0
39.88306,-121.37256,353.78,0.34,0.56,2021-07-15,2015,N,VIIRS,n,2,308.4,31.14,D,0
39.88696,-121.3788,354.51,0.34,0.56,2021-07-15,2015,N,VIIRS,n,2,315.29,37.19,D,0
39.8877,-121.37603,350.71,0.34,0.56,2021-07-15,2015,N,VIIRS,n,2,321.48,37.19,D,0
39.88845,-121.37317,355.79,0.34,0.56,2021-07-15,2015,N,VIIRS,n,2,319.57,89.44,D,0
39.89006,-121.3671,352.68,0.34,0.56,2021-07-15,2015,N,VIIRS,l,2,339.98,100.23,D,0
39.89095,-121.36375,348.36,0.34,0.56,2021-07-15,2015,N,VIIRS,n,2,307.63,100.23,D,0
39.89163,-121.38213,346.87,0.34,0.56,2021-07-15,2015,N,VIIRS,n,2,317.83,23.68,D,0
39.89242,-121.37914,367,0.34,0.56,2021-07-15,2015,N,VIIRS,h,2,335.36,37.19,D,0
39.89322,-121.37615,367,0.34,0.56,2021-07-15,2015,N,VIIRS,l,2,336.03,37.19,D,0
39.89329,-121.39686,346.2,0.34,0.56,2021-07-15,2015,N,VIIRS,n,2,309.99,5.49,D,0
39.894,-121.37318,367,0.34,0.56,2021-07-15,2015,N,VIIRS,l,2,336.69,89.44,D,0
39.89477,-121.37025,367,0.34,0.56,2021-07-15,2015,N,VIIRS,h,2,345.22,89.44,D,0
39.8955,-121.3675,367,0.34,0.56,2021-07-15,2015,N,VIIRS,l,2,375.14,100.23,D,0
39.89616,-121.386,347.93,0.34,0.56,2021-07-15,2015,N,VIIRS,n,2,317.91,45.27,D,0
39.89619,-121.36489,356,0.34,0.56,2021-07-15,2015,N,VIIRS,l,2,333.18,100.23,D,0
39.89699,-121.38287,353.21,0.34,0.56,2021-07-15,2015,N,VIIRS,n,2,317.99,45.27,D,0
39.89706,-121.36163,352.77,0.34,0.56,2021-07-15,2015,N,VIIRS,n,2,308.09,41.44,D,0
39.89779,-121.37985,367,0.34,0.56,2021-07-15,2015,N,VIIRS,l,2,369.28,199.14,D,0
39.89856,-121.37695,367,0.34,0.56,2021-07-15,2015,N,VIIRS,h,2,371.68,199.14,D,0
39.8993,-121.3741,367,0.34,0.56,2021-07-15,2015,N,VIIRS,h,2,352.84,203.86,D,0
39.90003,-121.37134,367,0.34,0.56,2021-07-15,2015,N,VIIRS,h,2,349.1,203.86,D,0
39.9004,-121.39097,350.45,0.34,0.56,2021-07-15,2015,N,VIIRS,n,2,313.51,21.2,D,0
39.90073,-121.36871,367,0.34,0.56,2021-07-15,2015,N,VIIRS,l,2,342.01,319.85,D,0
39.90134,-121.38744,367,0.34,0.56,2021-07-15,2015,N,VIIRS,h,2,313.67,45.27,D,0
39.90143,-121.36604,367,0.34,0.56,2021-07-15,2015,N,VIIRS,l,2,358.28,319.85,D,0
39.90215,-121.36331,367,0.34,0.56,2021-07-15,2015,N,VIIRS,h,2,328.44,182.88,D,0
39.90219,-121.38419,367,0.34,0.56,2021-07-15,2015,N,VIIRS,h,2,344.7,45.27,D,0
39.90299,-121.38115,367,0.34,0.56,2021-07-15,2015,N,VIIRS,h,2,336.23,199.14,D,0
39.90306,-121.35989,345.02,0.34,0.56,2021-07-15,2015,N,VIIRS,n,2,304.4,182.88,D,0
39.90377,-121.37818,367,0.34,0.56,2021-07-15,2015,N,VIIRS,l,2,346.62,199.14,D,0
39.90452,-121.37534,367,0.34,0.56,2021-07-15,2015,N,VIIRS,l,2,364.36,203.86,D,0
39.90527,-121.37253,367,0.34,0.56,2021-07-15,2015,N,VIIRS,l,2,342.96,203.86,D,0
39.90601,-121.36971,367,0.34,0.56,2021-07-15,2015,N,VIIRS,l,2,370.32,319.85,D,0
39.90649,-121.38891,367,0.34,0.56,2021-07-15,2015,N,VIIRS,h,2,311.86,80.97,D,0
39.90676,-121.36684,367,0.34,0.56,2021-07-15,2015,N,VIIRS,l,2,374.86,319.85,D,0
39.90742,-121.3854,367,0.34,0.56,2021-07-15,2015,N,VIIRS,l,2,347.05,80.97,D,0
39.90759,-121.36371,367,0.34,0.56,2021-07-15,2015,N,VIIRS,l,2,368.78,182.88,D,0
39.90831,-121.382,367,0.34,0.56,2021-07-15,2015,N,VIIRS,l,2,373.62,304.69,D,0
39.90861,-121.35986,367,0.34,0.56,2021-07-15,2015,N,VIIRS,h,2,306.57,182.88,D,0
39.90917,-121.37875,367,0.34,0.56,2021-07-15,2015,N,VIIRS,l,2,338.38,304.69,D,0
39.90993,-121.37585,367,0.34,0.56,2021-07-15,2015,N,VIIRS,l,2,368.99,378.97,D,0
39.91069,-121.37298,367,0.34,0.56,2021-07-15,2015,N,VIIRS,l,2,351.77,378.97,D,0
39.91146,-121.37006,367,0.34,0.56,2021-07-15,2015,N,VIIRS,l,2,355.03,353.61,D,0
39.91162,-121.3905,354.85,0.34,0.56,2021-07-15,2015,N,VIIRS,n,2,304.66,80.97,D,0
39.91227,-121.36701,367,0.34,0.56,2021-07-15,2015,N,VIIRS,l,2,375.57,353.61,D,0
39.91261,-121.38673,300.41,0.34,0.56,2021-07-15,2015,N,VIIRS,l,2,306.04,80.97,D,0
39.91311,-121.3638,367,0.34,0.56,2021-07-15,2015,N,VIIRS,l,2,325.08,126.3,D,0
39.91356,-121.38316,208,0.34,0.56,2021-07-15,2015,N,VIIRS,l,2,321.37,304.69,D,0
39.9142,-121.35966,367,0.34,0.56,2021-07-15,2015,N,VIIRS,h,2,302.34,126.3,D,0
39.91446,-121.40082,341.69,0.34,0.56,2021-07-15,2015,N,VIIRS,n,2,290.54,6.83,D,0
39.91548,-121.39691,339.51,0.34,0.56,2021-07-15,2015,N,VIIRS,n,2,294.56,6.83,D,0
39.91611,-121.37347,351.46,0.34,0.56,2021-07-15,2015,N,VIIRS,n,2,301.02,378.97,D,0
39.91651,-121.39301,348.27,0.34,0.56,2021-07-15,2015,N,VIIRS,n,2,291.65,9.78,D,0
39.91753,-121.38913,351.94,0.34,0.56,2021-07-15,2015,N,VIIRS,n,2,291.51,9.78,D,0
39.91782,-121.36698,367,0.34,0.56,2021-07-15,2015,N,VIIRS,h,2,300.3,353.61,D,0
39.91852,-121.38536,350.13,0.34,0.56,2021-07-15,2015,N,VIIRS,n,2,292.05,9.92,D,0
39.91869,-121.36366,346.1,0.34,0.56,2021-07-15,2015,N,VIIRS,n,2,299.88,126.3,D,0
39.91952,-121.38156,343.85,0.34,0.56,2021-07-15,2015,N,VIIRS,n,2,292.12,9.92,D,0
39.9235,-120.05244,347.4,0.59,0.53,2021-07-15,2015,N,VIIRS,l,2,319.09,21.67,D,0
39.96809,-120.281,344.32,0.6,0.53,2021-07-15,2015,N,VIIRS,n,2,309.55,10.32,D,0
39.97286,-120.28278,342.35,0.6,0.53,2021-07-15,2015,N,VIIRS,n,2,302.25,10.32,D,0
39.99149,-120.27085,349,0.6,0.53,2021-07-15,2015,N,VIIRS,l,2,323.28,75.38,D,0
39.99624,-120.27265,355.22,0.6,0.53,2021-07-15,2015,N,VIIRS,n,2,321.4,75.38,D,0
40.00097,-120.27455,367,0.6,0.53,2021-07-15,2015,N,VIIRS,h,2,341.06,170.41,D,0
40.00257,-120.26816,347.69,0.6,0.53,2021-07-15,2015,N,VIIRS,n,2,305.72,45,D,0
40.00562,-120.27675,349.09,0.6,0.53,2021-07-15,2015,N,VIIRS,n,2,305.89,170.41,D,0
40.00728,-120.27013,367,0.6,0.53,2021-07-15,2015,N,VIIRS,h,2,314.11,45,D,0
40.00883,-120.26391,343.83,0.6,0.53,2021-07-15,2015,N,VIIRS,n,2,307.22,45,D,0
40.01192,-120.27239,350.33,0.6,0.53,2021-07-15,2015,N,VIIRS,n,2,310.93,11.47,D,0
40.01352,-120.26598,344.3,0.6,0.53,2021-07-15,2015,N,VIIRS,n,2,309.03,11.47,D,0
40.01392,-120.22283,346.08,0.6,0.53,2021-07-15,2015,N,VIIRS,n,2,313.18,16.97,D,0
40.01814,-120.2683,345.04,0.6,0.53,2021-07-15,2015,N,VIIRS,n,2,307.23,11.47,D,0
40.01974,-120.2619,353.98,0.6,0.53,2021-07-15,2015,N,VIIRS,n,2,316.89,47.5,D,0
40.02132,-120.25558,354.68,0.6,0.53,2021-07-15,2015,N,VIIRS,n,2,308.22,47.5,D,0
40.02293,-120.2491,350.82,0.6,0.53,2021-07-15,2015,N,VIIRS,n,2,310.54,65.38,D,0
40.02388,-120.18296,353.15,0.59,0.53,2021-07-15,2015,N,VIIRS,l,2,329.86,275.96,D,0
40.02444,-120.26388,350.41,0.6,0.53,2021-07-15,2015,N,VIIRS,n,2,311.82,23.75,D,0
40.02535,-120.17707,367,0.59,0.53,2021-07-15,2015,N,VIIRS,h,2,319.41,23.29,D,0
40.02605,-120.25741,355.73,0.6,0.53,2021-07-15,2015,N,VIIRS,n,2,313.87,23.75,D,0
40.02684,-120.17107,367,0.59,0.53,2021-07-15,2015,N,VIIRS,l,2,325.68,23.29,D,0
40.02769,-120.25085,367,0.6,0.53,2021-07-15,2015,N,VIIRS,h,2,315.57,45.75,D,0
40.02917,-120.26576,367,0.6,0.53,2021-07-15,2015,N,VIIRS,h,2,310.26,23.75,D,0
40.02987,-120.17972,367,0.59,0.53,2021-07-15,2015,N,VIIRS,h,2,311.92,23.29,D,0
40.03078,-120.25929,367,0.6,0.53,2021-07-15,2015,N,VIIRS,h,2,313.73,23.75,D,0
40.03111,-120.2678,346.88,0.6,0.53,2021-07-15,2015,N,VIIRS,n,2,305.62,10.61,D,0
40.03137,-120.17368,350.01,0.59,0.53,2021-07-15,2015,N,VIIRS,n,2,313.27,23.29,D,0
40.03238,-120.25285,367,0.6,0.53,2021-07-15,2015,N,VIIRS,h,2,315.25,45.75,D,0
40.03274,-120.26141,356.19,0.6,0.53,2021-07-15,2015,N,VIIRS,n,2,306.23,26.07,D,0
40.03436,-120.25504,367,0.6,0.53,2021-07-15,2015,N,VIIRS,h,2,316.94,26.07,D,0
40.036,-120.24862,347.72,0.6,0.53,2021-07-15,2015,N,VIIRS,n,2,309.85,46.32,D,0
40.03706,-120.25491,367,0.6,0.53,2021-07-15,2015,N,VIIRS,h,2,316.43,38.5,D,0
40.03867,-120.24847,367,0.6,0.53,2021-07-15,2015,N,VIIRS,h,2,311.63,38.5,D,0
40.03904,-120.2571,349.57,0.6,0.53,2021-07-15,2015,N,VIIRS,n,2,308.02,26.07,D,0
40.04028,-120.242,351.74,0.6,0.53,2021-07-15,2015,N,VIIRS,n,2,308.41,39.03,D,0
40.04068,-120.25067,367,0.6,0.53,2021-07-15,2015,N,VIIRS,h,2,314.99,46.32,D,0
40.04113,-120.19684,351.1,0.59,0.53,2021-07-15,2015,N,VIIRS,n,2,313.25,44.38,D,0
40.04234,-120.24414,355.73,0.6,0.53,2021-07-15,2015,N,VIIRS,n,2,320.29,46.32,D,0
40.04335,-120.25051,356.3,0.6,0.53,2021-07-15,2015,N,VIIRS,n,2,314.14,38.5,D,0
40.04406,-120.18504,348.1,0.59,0.53,2021-07-15,2015,N,VIIRS,n,2,311.23,56.59,D,0
40.04499,-120.24392,367,0.6,0.53,2021-07-15,2015,N,VIIRS,h,2,319.57,39.03,D,0
40.04535,-120.25275,356.77,0.6,0.53,2021-07-15,2015,N,VIIRS,n,2,307.26,19.79,D,0
40.04705,-120.24606,367,0.6,0.53,2021-07-15,2015,N,VIIRS,h,2,314.12,19.79,D,0
40.04737,-120.1925,350.27,0.59,0.53,2021-07-15,2015,N,VIIRS,n,2,316.6,44.38,D,0
40.04868,-120.18726,352.01,0.59,0.53,2021-07-15,2015,N,VIIRS,n,2,319.37,56.59,D,0
40.04974,-120.19469,353.06,0.59,0.53,2021-07-15,2015,N,VIIRS,n,2,314.14,51.63,D,0
40.05102,-120.18967,353.27,0.59,0.53,2021-07-15,2015,N,VIIRS,n,2,314.32,51.63,D,0
40.05204,-120.19453,352.16,0.59,0.53,2021-07-15,2015,N,VIIRS,n,2,305.9,18.33,D,0
40.05227,-120.18472,367,0.59,0.53,2021-07-15,2015,N,VIIRS,h,2,306.6,34.06,D,0
40.05325,-120.18969,367,0.59,0.53,2021-07-15,2015,N,VIIRS,h,2,306.63,26.18,D,0
40.05444,-120.1966,337.71,0.59,0.53,2021-07-15,2015,N,VIIRS,n,2,306.75,51.63,D,0
40.05447,-120.18478,346.81,0.59,0.53,2021-07-15,2015,N,VIIRS,n,2,307.57,26.18,D,0
40.05535,-120.20206,346.23,0.59,0.53,2021-07-15,2015,N,VIIRS,n,2,305.99,18.33,D,0
40.05765,-120.20436,344.62,0.59,0.53,2021-07-15,2015,N,VIIRS,n,2,305.34,24.13,D,0
40.05852,-120.21018,350.33,0.59,0.53,2021-07-15,2015,N,VIIRS,n,2,304.64,35.21,D,0
40.06083,-120.21226,351.3,0.59,0.53,2021-07-15,2015,N,VIIRS,n,2,311.69,24.13,D,0
40.06232,-120.20637,334.19,0.59,0.53,2021-07-15,2015,N,VIIRS,n,2,302.44,24.13,D,0
40.06329,-120.21181,348.28,0.59,0.53,2021-07-15,2015,N,VIIRS,n,2,309.69,35.21,D,0
40.06556,-120.21409,347.4,0.59,0.53,2021-07-15,2015,N,VIIRS,n,2,302.31,10.37,D,0
40.0695,-120.19849,334.2,0.59,0.53,2021-07-15,2015,N,VIIRS,l,2,305.27,8.65,D,0
40.07016,-120.21641,349.27,0.59,0.53,2021-07-15,2015,N,VIIRS,n,2,305.56,10.37,D,0
40.07095,-120.19278,336.7,0.59,0.53,2021-07-15,2015,N,VIIRS,l,2,306.71,32.31,D,0
40.07159,-120.21072,335.05,0.59,0.53,2021-07-15,2015,N,VIIRS,n,2,304.55,10.37,D,0
40.07218,-120.16743,342.06,0.59,0.53,2021-07-15,2015,N,VIIRS,n,2,309.98,5.9,D,0
40.07251,-120.21635,367,0.59,0.53,2021-07-15,2015,N,VIIRS,h,2,309.5,21.43,D,0
40.07294,-120.17284,342.58,0.59,0.53,2021-07-15,2015,N,VIIRS,n,2,309.92,12.83,D,0
40.07319,-120.19273,339.99,0.59,0.53,2021-07-15,2015,N,VIIRS,n,2,306.94,112.11,D,0
40.07417,-120.20052,337.79,0.59,0.53,2021-07-15,2015,N,VIIRS,n,2,305.51,8.65,D,0
40.07472,-120.21884,355.87,0.59,0.53,2021-07-15,2015,N,VIIRS,n,2,307.06,14.54,D,0
40.07516,-120.20565,338.44,0.59,0.53,2021-07-15,2015,N,VIIRS,n,2,304.99,13.96,D,0
40.07554,-120.19508,353.04,0.59,0.53,2021-07-15,2015,N,VIIRS,n,2,309.98,32.31,D,0
40.07611,-120.21334,333.65,0.59,0.53,2021-07-15,2015,N,VIIRS,l,2,303.77,14.54,D,0
40.07647,-120.20037,351.98,0.59,0.53,2021-07-15,2015,N,VIIRS,n,2,308.32,112.11,D,0
40.07703,-120.18919,350.49,0.59,0.53,2021-07-15,2015,N,VIIRS,n,2,320.1,32.31,D,0
40.07748,-120.2079,343.94,0.59,0.53,2021-07-15,2015,N,VIIRS,n,2,305.56,36.21,D,0
40.07782,-120.19494,367,0.59,0.53,2021-07-15,2015,N,VIIRS,l,2,353.21,112.11,D,0
40.07887,-120.20241,348.29,0.59,0.53,2021-07-15,2015,N,VIIRS,n,2,311.04,36.21,D,0
40.07924,-120.18919,367,0.59,0.53,2021-07-15,2015,N,VIIRS,l,2,334.86,232.55,D,0
40.08019,-120.19717,367,0.59,0.53,2021-07-15,2015,N,VIIRS,l,2,379.14,282.91,D,0
40.08158,-120.19166,367,0.59,0.53,2021-07-15,2015,N,VIIRS,h,2,342.66,282.91,D,0
40.08305,-120.18585,332.22,0.59,0.53,2021-07-15,2015,N,VIIRS,n,2,305.7,17.43,D,0
40.08332,-120.20531,333.96,0.59,0.53,2021-07-15,2015,N,VIIRS,n,2,299.78,36.21,D,0
40.08472,-120.19976,338.6,0.59,0.53,2021-07-15,2015,N,VIIRS,n,2,301.96,282.91,D,0
40.08614,-120.19411,331.9,0.59,0.53,2021-07-15,2015,N,VIIRS,n,2,304.19,282.91,D,0
40.12095,-122.16013,347.11,0.37,0.58,2021-07-15,2015,N,VIIRS,n,2,313.02,5.24,D,0
40.1228,-122.16155,346.61,0.37,0.58,2021-07-15,2015,N,VIIRS,n,2,312.18,5.24,D,0
40.12722,-122.15825,343.92,0.37,0.58,2021-07-15,2015,N,VIIRS,n,2,311.98,6.48,D,0
40.12836,-122.15407,337.08,0.37,0.58,2021-07-15,2015,N,VIIRS,l,2,308.96,6.48,D,0
41.44931,-122.22057,339.66,0.34,0.56,2021-07-15,2015,N,VIIRS,n,2,309.45,4.13,D,0
39.88017,-121.37601,343.13,0.47,0.64,2021-07-15,2155,N,VIIRS,n,2,303.56,7.81,D,0
39.88372,-121.38548,338.79,0.47,0.64,2021-07-15,2155,N,VIIRS,l,2,309.49,9.32,D,0
39.89045,-121.36687,367,0.47,0.64,2021-07-15,2155,N,VIIRS,h,2,311.11,19.78,D,0
39.8907,-121.36048,333.46,0.47,0.64,2021-07-15,2155,N,VIIRS,n,2,305.57,15.25,D,0
39.89215,-121.37637,367,0.47,0.64,2021-07-15,2155,N,VIIRS,h,2,311.98,13.3,D,0
39.89254,-121.36466,367,0.47,0.64,2021-07-15,2155,N,VIIRS,h,2,311.56,13.3,D,0
39.89577,-121.38365,355.45,0.47,0.64,2021-07-15,2155,N,VIIRS,n,2,314.12,19.78,D,0
39.89619,-121.37305,367,0.47,0.64,2021-07-15,2155,N,VIIRS,h,2,318.23,19.78,D,0
39.89668,-121.36121,355.31,0.47,0.64,2021-07-15,2155,N,VIIRS,n,2,305.71,15.25,D,0
39.898,-121.38065,352.9,0.47,0.64,2021-07-15,2155,N,VIIRS,n,2,319.79,34.61,D,0
39.89842,-121.36819,367,0.47,0.64,2021-07-15,2155,N,VIIRS,h,2,308.97,34.61,D,0
39.90367,-121.39018,338.08,0.47,0.64,2021-07-15,2155,N,VIIRS,l,2,309.58,22.59,D,0
39.90393,-121.38257,356.11,0.47,0.64,2021-07-15,2155,N,VIIRS,n,2,314.58,34.61,D,0
39.90434,-121.37063,367,0.47,0.64,2021-07-15,2155,N,VIIRS,h,2,314.65,34.61,D,0
39.90471,-121.35996,367,0.47,0.64,2021-07-15,2155,N,VIIRS,h,2,314.33,35.92,D,0
39.90489,-121.3544,367,0.47,0.64,2021-07-15,2155,N,VIIRS,h,2,311.99,35.92,D,0
39.90983,-121.38512,355.44,0.47,0.64,2021-07-15,2155,N,VIIRS,n,2,314.51,98.59,D,0
39.91013,-121.37659,355.94,0.47,0.64,2021-07-15,2155,N,VIIRS,n,2,321.75,98.59,D,0
39.91054,-121.36484,352.71,0.47,0.64,2021-07-15,2155,N,VIIRS,n,2,314.42,136.71,D,0
39.91093,-121.35335,355.39,0.47,0.64,2021-07-15,2155,N,VIIRS,n,2,320.9,112.4,D,0
39.91114,-121.34733,367,0.47,0.64,2021-07-15,2155,N,VIIRS,h,2,309.44,112.4,D,0
39.9158,-121.38586,208,0.47,0.64,2021-07-15,2155,N,VIIRS,l,2,324.16,98.59,D,0
39.91603,-121.37942,367,0.47,0.64,2021-07-15,2155,N,VIIRS,h,2,363.69,98.59,D,0
39.91633,-121.37074,349.72,0.47,0.64,2021-07-15,2155,N,VIIRS,n,2,324.56,136.71,D,0
39.91663,-121.36214,343.18,0.47,0.64,2021-07-15,2155,N,VIIRS,n,2,315.29,136.71,D,0
39.91683,-121.35629,367,0.47,0.64,2021-07-15,2155,N,VIIRS,h,2,335.19,112.4,D,0
39.91701,-121.35115,367,0.47,0.64,2021-07-15,2155,N,VIIRS,h,2,337.55,112.4,D,0
39.91719,-121.34608,354.82,0.47,0.64,2021-07-15,2155,N,VIIRS,n,2,317.76,103.11,D,0
39.91738,-121.34042,367,0.47,0.64,2021-07-15,2155,N,VIIRS,h,2,302.48,103.11,D,0
39.91774,-121.33006,334.09,0.47,0.64,2021-07-15,2155,N,VIIRS,n,2,301.87,10.94,D,0
39.92181,-121.38568,335.84,0.47,0.64,2021-07-15,2155,N,VIIRS,n,2,302.96,92.29,D,0
39.922,-121.38004,367,0.47,0.64,2021-07-15,2155,N,VIIRS,l,2,331.37,92.29,D,0
39.92222,-121.37389,367,0.47,0.64,2021-07-15,2155,N,VIIRS,h,2,350.29,150.35,D,0
39.92249,-121.36613,367,0.47,0.64,2021-07-15,2155,N,VIIRS,h,2,311.33,150.35,D,0
39.92267,-120.05216,341.64,0.55,0.68,2021-07-15,2155,N,VIIRS,l,2,314.48,10.71,D,0
39.92276,-121.35843,208,0.47,0.64,2021-07-15,2155,N,VIIRS,l,2,324.29,328.86,D,0
39.92295,-121.35293,367,0.47,0.64,2021-07-15,2155,N,VIIRS,l,2,339.28,328.86,D,0
39.92311,-121.34847,367,0.47,0.64,2021-07-15,2155,N,VIIRS,l,2,357.41,453.28,D,0
39.92326,-121.34402,367,0.47,0.64,2021-07-15,2155,N,VIIRS,h,2,340.38,453.28,D,0
39.92344,-121.33893,367,0.47,0.64,2021-07-15,2155,N,VIIRS,h,2,306.38,149.87,D,0
39.924,-121.32297,338.88,0.47,0.64,2021-07-15,2155,N,VIIRS,n,2,302.2,149.87,D,0
39.92785,-120.05418,342.52,0.55,0.68,2021-07-15,2155,N,VIIRS,l,2,314.19,9.47,D,0
39.92801,-121.37975,330.97,0.47,0.64,2021-07-15,2155,N,VIIRS,n,2,302.24,92.29,D,0
39.92821,-121.3742,340.56,0.47,0.64,2021-07-15,2155,N,VIIRS,n,2,305.54,150.35,D,0
39.92844,-121.36765,367,0.47,0.64,2021-07-15,2155,N,VIIRS,h,2,299.26,150.35,D,0
39.92892,-121.35398,367,0.47,0.64,2021-07-15,2155,N,VIIRS,l,2,328.86,328.86,D,0
39.92909,-121.34921,367,0.47,0.64,2021-07-15,2155,N,VIIRS,l,2,347.88,453.28,D,0
39.92924,-121.34477,367,0.47,0.64,2021-07-15,2155,N,VIIRS,l,2,356.31,453.28,D,0
39.92941,-121.34009,352.28,0.47,0.64,2021-07-15,2155,N,VIIRS,n,2,311.23,149.87,D,0
39.92973,-121.331,367,0.47,0.64,2021-07-15,2155,N,VIIRS,h,2,301.06,149.87,D,0
39.93025,-121.31614,343.59,0.47,0.64,2021-07-15,2155,N,VIIRS,n,2,301.08,22.16,D,0
39.93446,-121.36713,332.81,0.47,0.64,2021-07-15,2155,N,VIIRS,n,2,295.38,8.72,D,0
39.93469,-121.36058,351.71,0.47,0.64,2021-07-15,2155,N,VIIRS,n,2,295.78,113.38,D,0
39.93488,-121.35525,208,0.47,0.64,2021-07-15,2155,N,VIIRS,l,2,303.82,113.38,D,0
39.93505,-121.35052,367,0.47,0.64,2021-07-15,2155,N,VIIRS,l,2,325.49,213.54,D,0
39.93521,-121.34596,367,0.47,0.64,2021-07-15,2155,N,VIIRS,h,2,301.7,213.54,D,0
39.93538,-121.34109,367,0.47,0.64,2021-07-15,2155,N,VIIRS,h,2,298.3,27.19,D,0
39.93566,-121.33312,354.35,0.47,0.64,2021-07-15,2155,N,VIIRS,n,2,295.59,27.19,D,0
39.93627,-121.31611,350.42,0.47,0.64,2021-07-15,2155,N,VIIRS,n,2,295.68,13.04,D,0
39.93647,-121.31044,341.31,0.47,0.64,2021-07-15,2155,N,VIIRS,n,2,294.6,13.04,D,0
39.93661,-121.3065,334.05,0.47,0.64,2021-07-15,2155,N,VIIRS,n,2,293.7,14.82,D,0
39.98713,-120.27787,341.77,0.54,0.68,2021-07-15,2155,N,VIIRS,n,2,299.83,6.84,D,0
39.98734,-120.27027,367,0.54,0.68,2021-07-15,2155,N,VIIRS,h,2,304.4,6.84,D,0
39.99345,-120.27822,349.27,0.54,0.68,2021-07-15,2155,N,VIIRS,n,2,304.9,49.36,D,0
39.99366,-120.27051,367,0.54,0.68,2021-07-15,2155,N,VIIRS,h,2,312.82,49.36,D,0
39.99614,-120.28347,367,0.54,0.68,2021-07-15,2155,N,VIIRS,h,2,309.15,54.11,D,0
39.99647,-120.2684,367,0.54,0.68,2021-07-15,2155,N,VIIRS,h,2,308.14,43.7,D,0
39.99958,-120.28534,367,0.54,0.68,2021-07-15,2155,N,VIIRS,h,2,304.5,22.43,D,0
39.99978,-120.27811,353.97,0.54,0.68,2021-07-15,2155,N,VIIRS,n,2,318.71,49.36,D,0
39.99999,-120.27082,367,0.54,0.68,2021-07-15,2155,N,VIIRS,h,2,316.08,49.36,D,0
40.00248,-120.28295,354.92,0.54,0.68,2021-07-15,2155,N,VIIRS,n,2,305.29,54.11,D,0
40.00264,-120.27589,367,0.54,0.68,2021-07-15,2155,N,VIIRS,h,2,309.12,54.11,D,0
40.0028,-120.2688,352.52,0.54,0.68,2021-07-15,2155,N,VIIRS,n,2,302.31,43.7,D,0
40.00613,-120.27754,337.41,0.54,0.68,2021-07-15,2155,N,VIIRS,n,2,305.98,7.03,D,0
40.00632,-120.27082,338,0.54,0.68,2021-07-15,2155,N,VIIRS,n,2,308.15,7.03,D,0
40.00898,-120.2754,343.42,0.54,0.68,2021-07-15,2155,N,VIIRS,n,2,310.58,6.08,D,0
40.00913,-120.26857,348.44,0.54,0.68,2021-07-15,2155,N,VIIRS,n,2,311.32,8.99,D,0
40.01267,-120.27026,346.73,0.54,0.68,2021-07-15,2155,N,VIIRS,n,2,311.06,7.03,D,0
40.01287,-120.26299,342.37,0.54,0.68,2021-07-15,2155,N,VIIRS,n,2,307.54,13.45,D,0
40.01532,-120.27481,336.6,0.54,0.68,2021-07-15,2155,N,VIIRS,n,2,304.69,6.08,D,0
40.01548,-120.26791,343.05,0.54,0.68,2021-07-15,2155,N,VIIRS,n,2,307.58,8.99,D,0
40.01566,-120.26056,349.82,0.54,0.68,2021-07-15,2155,N,VIIRS,n,2,309.99,8.99,D,0
40.01923,-120.26228,367,0.54,0.68,2021-07-15,2155,N,VIIRS,h,2,311.53,10.12,D,0
40.01944,-120.25481,350.71,0.54,0.68,2021-07-15,2155,N,VIIRS,n,2,307.72,10.12,D,0
40.0213,-120.18916,356.16,0.54,0.68,2021-07-15,2155,N,VIIRS,n,2,311.58,12.04,D,0
40.02183,-120.26724,337.32,0.54,0.68,2021-07-15,2155,N,VIIRS,n,2,310.27,9.83,D,0
40.022,-120.26016,346.52,0.54,0.68,2021-07-15,2155,N,VIIRS,n,2,310.26,9.83,D,0
40.02217,-120.25285,352.88,0.54,0.68,2021-07-15,2155,N,VIIRS,n,2,309.59,9.41,D,0
40.0237,-120.18614,367,0.54,0.68,2021-07-15,2155,N,VIIRS,h,2,318.22,15.93,D,0
40.02388,-120.17811,340.44,0.54,0.68,2021-07-15,2155,N,VIIRS,n,2,310.44,15.93,D,0
40.02537,-120.26923,354.52,0.54,0.68,2021-07-15,2155,N,VIIRS,n,2,308.94,15.35,D,0
40.02557,-120.2623,342.3,0.54,0.68,2021-07-15,2155,N,VIIRS,n,2,311.48,10.12,D,0
40.02578,-120.25508,349.09,0.54,0.68,2021-07-15,2155,N,VIIRS,n,2,315.48,10.12,D,0
40.02771,-120.18736,367,0.54,0.68,2021-07-15,2155,N,VIIRS,h,2,306.72,12.04,D,0
40.02795,-120.17889,367,0.54,0.68,2021-07-15,2155,N,VIIRS,h,2,311.92,18.3,D,0
40.02816,-120.26747,367,0.54,0.68,2021-07-15,2155,N,VIIRS,h,2,310.14,9.83,D,0
40.02816,-120.17161,339.36,0.54,0.68,2021-07-15,2155,N,VIIRS,n,2,312.84,18.3,D,0
40.02833,-120.26048,355.76,0.54,0.68,2021-07-15,2155,N,VIIRS,n,2,312.95,9.83,D,0
40.0285,-120.25332,348.63,0.54,0.68,2021-07-15,2155,N,VIIRS,n,2,315.57,9.41,D,0
40.02866,-120.24648,337.95,0.54,0.68,2021-07-15,2155,N,VIIRS,l,2,311.28,9.41,D,0
40.03029,-120.17593,367,0.54,0.68,2021-07-15,2155,N,VIIRS,h,2,312.48,15.93,D,0
40.03189,-120.26249,351.55,0.54,0.68,2021-07-15,2155,N,VIIRS,n,2,307.39,7.39,D,0
40.03211,-120.25522,338.82,0.54,0.68,2021-07-15,2155,N,VIIRS,l,2,309.51,7.39,D,0
40.03439,-120.17654,349.13,0.54,0.68,2021-07-15,2155,N,VIIRS,n,2,308.38,10.34,D,0
40.03484,-120.25325,336.87,0.54,0.68,2021-07-15,2155,N,VIIRS,n,2,308.42,10.46,D,0
40.03845,-120.25503,340.89,0.54,0.68,2021-07-15,2155,N,VIIRS,n,2,308.98,7.39,D,0
40.03867,-120.2479,345.89,0.54,0.68,2021-07-15,2155,N,VIIRS,n,2,310.15,19.86,D,0
40.04019,-120.19563,339.21,0.54,0.68,2021-07-15,2155,N,VIIRS,n,2,303.24,7.28,D,0
40.04118,-120.25299,367,0.54,0.68,2021-07-15,2155,N,VIIRS,h,2,311.4,10.46,D,0
40.04135,-120.24604,367,0.54,0.68,2021-07-15,2155,N,VIIRS,h,2,312.12,10.46,D,0
40.04283,-120.18405,367,0.54,0.68,2021-07-15,2155,N,VIIRS,h,2,304.38,26.49,D,0
40.04769,-120.24619,339.33,0.54,0.68,2021-07-15,2155,N,VIIRS,n,2,310.32,7,D,0
40.04895,-120.19379,367,0.54,0.68,2021-07-15,2155,N,VIIRS,h,2,302.67,15.09,D,0
40.04924,-120.18186,367,0.54,0.68,2021-07-15,2155,N,VIIRS,h,2,304.04,26.36,D,0
40.06126,-120.21056,367,0.54,0.68,2021-07-15,2155,N,VIIRS,h,2,310.52,22.43,D,0
40.0615,-120.20061,367,0.54,0.68,2021-07-15,2155,N,VIIRS,h,2,311.05,29.85,D,0
40.07362,-120.22388,334.23,0.54,0.68,2021-07-15,2155,N,VIIRS,n,2,307.5,8.97,D,0
40.07381,-120.21645,367,0.54,0.68,2021-07-15,2155,N,VIIRS,h,2,315.29,34.23,D,0
40.07438,-120.19449,343.04,0.54,0.68,2021-07-15,2155,N,VIIRS,n,2,309.8,20.08,D,0
40.07457,-120.18685,351.98,0.54,0.68,2021-07-15,2155,N,VIIRS,n,2,309.06,20.08,D,0
40.08078,-120.19274,367,0.54,0.68,2021-07-15,2155,N,VIIRS,h,2,321.39,20.08,D,0
40.08099,-120.1845,367,0.54,0.68,2021-07-15,2155,N,VIIRS,h,2,317.97,20.08,D,0
40.0814,-120.16857,367,0.54,0.68,2021-07-15,2155,N,VIIRS,h,2,307.04,167.45,D,0
40.08721,-120.19035,367,0.54,0.68,2021-07-15,2155,N,VIIRS,h,2,314.32,9.46,D,0
40.08741,-120.18248,349.67,0.54,0.68,2021-07-15,2155,N,VIIRS,n,2,309.4,9.46,D,0
40.12984,-122.15818,354.38,0.43,0.62,2021-07-15,2155,N,VIIRS,n,2,308.36,6.66,D,0
41.44825,-122.22575,345.42,0.43,0.62,2021-07-15,2156,N,VIIRS,n,2,306.47,5.63,D,0
41.44843,-122.22096,342.84,0.44,0.62,2021-07-15,2156,N,VIIRS,n,2,308.47,5.63,D,0
39.62067,-119.26324,307.3,0.55,0.42,2021-07-16,1014,N,VIIRS,n,2,289.12,2.14,N,2
39.86126,-121.39559,308.63,0.45,0.39,2021-07-16,1014,N,VIIRS,n,2,290.39,2.13,N,0
39.86367,-121.3887,316.21,0.45,0.39,2021-07-16,1014,N,VIIRS,n,2,294.15,2.52,N,0
39.87896,-121.377,326.61,0.45,0.39,2021-07-16,1014,N,VIIRS,n,2,291.96,8.36,N,0
39.87918,-121.37271,324.9,0.45,0.39,2021-07-16,1014,N,VIIRS,n,2,291.68,3.83,N,0
39.88026,-121.37845,333.29,0.45,0.39,2021-07-16,1014,N,VIIRS,n,2,293.03,5.12,N,0
39.8825,-121.37603,346.97,0.45,0.39,2021-07-16,1014,N,VIIRS,n,2,298.03,8.36,N,0
39.88269,-121.37166,329.76,0.45,0.39,2021-07-16,1014,N,VIIRS,n,2,295.36,3.83,N,0
39.88379,-121.37754,316.06,0.45,0.39,2021-07-16,1014,N,VIIRS,n,2,292.13,5.12,N,0
39.88603,-121.3751,309.72,0.45,0.39,2021-07-16,1014,N,VIIRS,n,2,291.28,2.55,N,0
39.89089,-121.36185,305.86,0.45,0.39,2021-07-16,1014,N,VIIRS,n,2,291.16,0.8,N,0
39.89196,-121.36738,307.96,0.45,0.39,2021-07-16,1014,N,VIIRS,n,2,290.38,1,N,0
39.89312,-121.37339,301.99,0.45,0.39,2021-07-16,1014,N,VIIRS,n,2,289.13,1,N,0
39.89428,-121.37936,303.25,0.45,0.39,2021-07-16,1014,N,VIIRS,n,2,288.06,1.02,N,0
39.89441,-121.36081,307.36,0.45,0.39,2021-07-16,1014,N,VIIRS,n,2,291.39,0.8,N,0
39.89548,-121.36639,311.23,0.45,0.39,2021-07-16,1014,N,VIIRS,n,2,290.08,1,N,0
39.89666,-121.37251,304.95,0.45,0.39,2021-07-16,1014,N,VIIRS,n,2,288.55,1,N,0
39.89779,-121.37833,301.55,0.45,0.39,2021-07-16,1014,N,VIIRS,n,2,287.95,1.02,N,0
39.89897,-121.36522,313.72,0.45,0.39,2021-07-16,1014,N,VIIRS,n,2,291.13,1.66,N,0
39.90013,-121.37126,302.41,0.45,0.39,2021-07-16,1014,N,VIIRS,n,2,289.43,1.66,N,0
39.90127,-121.37714,299.22,0.45,0.39,2021-07-16,1014,N,VIIRS,n,2,288.65,1.28,N,0
39.90141,-121.35863,329.37,0.45,0.39,2021-07-16,1014,N,VIIRS,n,2,291.32,4.11,N,0
39.90244,-121.36399,314.78,0.45,0.39,2021-07-16,1014,N,VIIRS,n,2,292.15,1.66,N,0
39.90392,-121.35238,302.71,0.45,0.39,2021-07-16,1014,N,VIIRS,n,2,290.2,7.14,N,0
39.90475,-121.37601,299.07,0.45,0.39,2021-07-16,1014,N,VIIRS,n,2,289,1.28,N,0
39.90493,-121.35764,353.42,0.45,0.39,2021-07-16,1014,N,VIIRS,n,2,300.59,7.14,N,0
39.90595,-121.36297,309.79,0.45,0.39,2021-07-16,1014,N,VIIRS,n,2,292.06,1.65,N,0
39.90712,-121.36902,301.26,0.45,0.39,2021-07-16,1014,N,VIIRS,n,2,289.91,1.65,N,0
39.90751,-121.35172,330.46,0.45,0.39,2021-07-16,1014,N,VIIRS,n,2,291.48,7.14,N,0
39.90828,-121.37505,299.52,0.45,0.39,2021-07-16,1014,N,VIIRS,n,2,288.94,0.91,N,0
39.90853,-121.35706,307.94,0.45,0.39,2021-07-16,1014,N,VIIRS,n,2,290.71,7.14,N,0
39.90941,-121.38093,300.78,0.45,0.39,2021-07-16,1014,N,VIIRS,n,2,288.6,0.91,N,0
39.90955,-121.36234,302.13,0.45,0.39,2021-07-16,1014,N,VIIRS,n,2,291.93,1.65,N,0
39.91066,-121.36813,305.05,0.45,0.39,2021-07-16,1014,N,VIIRS,n,2,291.25,1.65,N,0
39.91293,-121.37996,298.71,0.45,0.39,2021-07-16,1014,N,VIIRS,n,2,287.73,0.91,N,0
39.91313,-121.36169,304.54,0.45,0.39,2021-07-16,1014,N,VIIRS,n,2,291.19,1.19,N,0
39.91534,-121.37317,299.45,0.45,0.39,2021-07-16,1014,N,VIIRS,n,2,289.29,0.7,N,0
39.9157,-121.35574,302.44,0.45,0.39,2021-07-16,1014,N,VIIRS,n,2,291.31,1.56,N,0
39.91642,-121.37885,297.65,0.45,0.39,2021-07-16,1014,N,VIIRS,n,2,286.27,0.7,N,0
39.9167,-121.36096,302.92,0.45,0.39,2021-07-16,1014,N,VIIRS,n,2,291.32,1.19,N,0
39.9173,-121.34472,339.68,0.45,0.39,2021-07-16,1014,N,VIIRS,n,2,291.54,1.99,N,0
39.91743,-121.38412,299.45,0.45,0.39,2021-07-16,1014,N,VIIRS,n,2,286.64,4.41,N,0
39.91778,-121.36658,306.47,0.45,0.39,2021-07-16,1014,N,VIIRS,n,2,289.58,1.19,N,0
39.91828,-121.34984,302.18,0.45,0.39,2021-07-16,1014,N,VIIRS,n,2,290.33,1.08,N,0
39.91888,-121.37234,299.59,0.45,0.39,2021-07-16,1014,N,VIIRS,n,2,289.13,0.7,N,0
39.91925,-121.35487,302.87,0.45,0.39,2021-07-16,1014,N,VIIRS,n,2,291.07,1.08,N,0
39.9199,-121.33884,313.65,0.45,0.39,2021-07-16,1014,N,VIIRS,n,2,288.62,1.99,N,0
39.91993,-121.3778,299.62,0.45,0.39,2021-07-16,1014,N,VIIRS,n,2,287.83,0.7,N,0
39.92026,-121.36015,301.96,0.45,0.39,2021-07-16,1014,N,VIIRS,n,2,290.05,1.03,N,0
39.92091,-121.38298,341.36,0.45,0.39,2021-07-16,1014,N,VIIRS,n,2,289.8,4.41,N,0
39.92091,-121.34413,300.08,0.45,0.39,2021-07-16,1014,N,VIIRS,n,2,289.05,1.99,N,0
39.92133,-121.36575,308.92,0.45,0.39,2021-07-16,1014,N,VIIRS,n,2,289.74,1.03,N,0
39.9224,-121.37137,309.46,0.45,0.39,2021-07-16,1014,N,VIIRS,n,2,287.65,2.03,N,0
39.92278,-121.35397,302.71,0.45,0.39,2021-07-16,1014,N,VIIRS,n,2,290.04,1.08,N,0
39.92341,-121.37664,297.47,0.45,0.39,2021-07-16,1014,N,VIIRS,n,2,287.15,2.03,N,0
39.92346,-121.33812,310.98,0.45,0.39,2021-07-16,1014,N,VIIRS,n,2,288.65,1.09,N,0
39.92378,-121.3592,301.69,0.45,0.39,2021-07-16,1014,N,VIIRS,n,2,289.92,1.03,N,0
39.92439,-121.38177,306.48,0.45,0.39,2021-07-16,1014,N,VIIRS,n,2,284.75,1.1,N,0
39.92483,-121.36468,307.9,0.45,0.39,2021-07-16,1014,N,VIIRS,n,2,289.93,1.03,N,0
39.92537,-121.34809,299.63,0.45,0.39,2021-07-16,1014,N,VIIRS,n,2,288.35,1.02,N,0
39.92589,-121.37023,337.29,0.45,0.39,2021-07-16,1014,N,VIIRS,n,2,289.67,2.03,N,0
39.9263,-121.35295,301.35,0.45,0.39,2021-07-16,1014,N,VIIRS,n,2,289.81,1.02,N,0
39.92689,-121.37547,302.71,0.45,0.39,2021-07-16,1014,N,VIIRS,n,2,287.58,2.03,N,0
39.92698,-121.33715,314.65,0.45,0.39,2021-07-16,1014,N,VIIRS,n,2,288.77,1.09,N,0
39.92729,-121.35816,305.62,0.45,0.39,2021-07-16,1014,N,VIIRS,n,2,288.79,1.59,N,0
39.92786,-121.38056,312.21,0.45,0.39,2021-07-16,1014,N,VIIRS,n,2,283.54,1.1,N,0
39.92796,-121.34223,299.69,0.45,0.39,2021-07-16,1014,N,VIIRS,n,2,288.81,1.09,N,0
39.92833,-121.36361,314.28,0.45,0.39,2021-07-16,1014,N,VIIRS,n,2,290.88,1.59,N,0
39.92889,-121.34711,304.58,0.45,0.39,2021-07-16,1014,N,VIIRS,n,2,289.83,1.02,N,0
39.92938,-121.3691,353.92,0.45,0.39,2021-07-16,1014,N,VIIRS,n,2,293.88,6.52,N,0
39.92982,-121.35201,319.01,0.45,0.39,2021-07-16,1014,N,VIIRS,n,2,292.81,1.02,N,0
39.93037,-121.37431,309.89,0.45,0.39,2021-07-16,1014,N,VIIRS,n,2,284.75,6.52,N,0
39.93048,-121.33601,310.61,0.45,0.39,2021-07-16,1014,N,VIIRS,n,2,287.18,0.93,N,0
39.9308,-121.35713,312.95,0.45,0.39,2021-07-16,1014,N,VIIRS,n,2,290.68,1.59,N,0
39.93148,-121.34128,303.55,0.45,0.39,2021-07-16,1014,N,VIIRS,n,2,288.21,0.93,N,0
39.9318,-121.36242,312.81,0.45,0.39,2021-07-16,1014,N,VIIRS,n,2,291.04,1.59,N,0
39.93242,-121.34618,307.2,0.45,0.39,2021-07-16,1014,N,VIIRS,n,2,289.93,0.99,N,0
39.93283,-121.36777,345.95,0.45,0.39,2021-07-16,1014,N,VIIRS,n,2,296.03,6.52,N,0
39.93336,-121.35111,309.48,0.45,0.39,2021-07-16,1014,N,VIIRS,n,2,290.79,0.99,N,0
39.93385,-121.37309,304.95,0.45,0.39,2021-07-16,1014,N,VIIRS,n,2,283.39,6.52,N,0
39.93431,-121.35611,316.82,0.45,0.39,2021-07-16,1014,N,VIIRS,n,2,292.1,2.58,N,0
39.935,-121.34029,306.96,0.45,0.39,2021-07-16,1014,N,VIIRS,n,2,288.83,0.93,N,0
39.93529,-121.36123,322.09,0.45,0.39,2021-07-16,1014,N,VIIRS,n,2,291.51,2.58,N,0
39.93596,-121.34528,306.58,0.45,0.39,2021-07-16,1014,N,VIIRS,n,2,289.55,0.99,N,0
39.93629,-121.36649,324.69,0.45,0.39,2021-07-16,1014,N,VIIRS,n,2,287.37,4.61,N,0
39.9369,-121.35023,301.24,0.45,0.39,2021-07-16,1014,N,VIIRS,n,2,288.57,0.99,N,0
39.93785,-121.35522,322.23,0.45,0.39,2021-07-16,1014,N,VIIRS,n,2,293.1,2.58,N,0
39.93853,-121.33933,318.84,0.45,0.39,2021-07-16,1014,N,VIIRS,n,2,289.27,2.6,N,0
39.93881,-121.36028,323.13,0.45,0.39,2021-07-16,1014,N,VIIRS,n,2,293.8,2.58,N,0
39.9395,-121.34446,306.29,0.45,0.39,2021-07-16,1014,N,VIIRS,n,2,289.47,0.97,N,0
39.9398,-121.36544,337.72,0.45,0.39,2021-07-16,1014,N,VIIRS,n,2,291.14,4.61,N,0
39.94046,-121.34947,306.83,0.45,0.39,2021-07-16,1014,N,VIIRS,n,2,290.6,0.97,N,0
39.94094,-121.33253,323.59,0.45,0.39,2021-07-16,1014,N,VIIRS,n,2,285.95,2.6,N,0
39.94141,-121.35448,319.2,0.45,0.39,2021-07-16,1014,N,VIIRS,n,2,293.75,1.79,N,0
39.94207,-121.33848,330.95,0.45,0.39,2021-07-16,1014,N,VIIRS,n,2,291.8,2.6,N,0
39.94238,-121.35955,309.06,0.45,0.39,2021-07-16,1014,N,VIIRS,n,2,291.09,1.79,N,0
39.94306,-121.34368,308.52,0.45,0.39,2021-07-16,1014,N,VIIRS,n,2,289.24,0.97,N,0
39.94335,-121.36465,345.22,0.45,0.39,2021-07-16,1014,N,VIIRS,n,2,294.09,8.37,N,0
39.94402,-121.34873,301.88,0.45,0.39,2021-07-16,1014,N,VIIRS,n,2,289.47,0.97,N,0
39.94445,-121.3315,316.4,0.45,0.39,2021-07-16,1014,N,VIIRS,n,2,287.26,13.06,N,0
39.94498,-121.35379,306.38,0.45,0.39,2021-07-16,1014,N,VIIRS,n,2,290.28,1.79,N,0
39.94561,-121.33757,350.57,0.45,0.39,2021-07-16,1014,N,VIIRS,n,2,296.69,13.06,N,0
39.94595,-121.35887,314.99,0.45,0.39,2021-07-16,1014,N,VIIRS,n,2,290.56,1.79,N,0
39.94661,-121.34287,315.41,0.45,0.39,2021-07-16,1014,N,VIIRS,n,2,291.66,3.2,N,0
39.9469,-121.36388,335.99,0.45,0.39,2021-07-16,1014,N,VIIRS,n,2,292.08,8.37,N,0
39.94759,-121.348,302.83,0.45,0.39,2021-07-16,1014,N,VIIRS,n,2,288.93,3.2,N,0
39.94855,-121.35307,308.29,0.45,0.39,2021-07-16,1014,N,VIIRS,n,2,289.07,10.62,N,0
39.94913,-121.33665,339.46,0.45,0.39,2021-07-16,1014,N,VIIRS,n,2,297.18,13.06,N,0
39.94952,-121.35816,333.77,0.45,0.39,2021-07-16,1014,N,VIIRS,n,2,293.6,10.62,N,0
39.95015,-121.34199,331.38,0.45,0.39,2021-07-16,1014,N,VIIRS,n,2,296.65,3.2,N,0
39.95047,-121.36316,331.51,0.45,0.39,2021-07-16,1014,N,VIIRS,n,2,290.08,17.49,N,0
39.95113,-121.34715,308.97,0.45,0.39,2021-07-16,1014,N,VIIRS,n,2,290.42,3.2,N,0
39.95211,-121.35233,322.2,0.45,0.39,2021-07-16,1014,N,VIIRS,n,2,292.02,10.62,N,0
39.95266,-121.33567,337.71,0.45,0.39,2021-07-16,1014,N,VIIRS,n,2,294.68,13.78,N,0
39.95308,-121.35745,336.76,0.45,0.39,2021-07-16,1014,N,VIIRS,n,2,304.9,10.62,N,0
39.95368,-121.34106,341.27,0.45,0.39,2021-07-16,1014,N,VIIRS,n,2,297.78,9.89,N,0
39.95403,-121.36242,332.72,0.45,0.39,2021-07-16,1014,N,VIIRS,n,2,292.78,17.49,N,0
39.95467,-121.34629,318.74,0.45,0.39,2021-07-16,1014,N,VIIRS,n,2,292.52,9.89,N,0
39.95566,-121.35149,335.57,0.45,0.39,2021-07-16,1014,N,VIIRS,n,2,293.71,48.66,N,0
39.95619,-121.33475,325.87,0.45,0.39,2021-07-16,1014,N,VIIRS,n,2,296.02,13.78,N,0
39.95662,-121.35661,367,0.45,0.39,2021-07-16,1014,N,VIIRS,h,2,337.85,48.66,N,0
39.9572,-121.34013,344.4,0.45,0.39,2021-07-16,1014,N,VIIRS,n,2,302.9,9.89,N,0
39.95757,-121.36156,334.5,0.45,0.39,2021-07-16,1014,N,VIIRS,n,2,288.5,30.81,N,0
39.95819,-121.34532,343.95,0.45,0.39,2021-07-16,1014,N,VIIRS,n,2,297.34,9.89,N,0
39.95918,-121.35054,367,0.45,0.39,2021-07-16,1014,N,VIIRS,h,2,306.23,48.66,N,0
39.95972,-121.33385,319.63,0.45,0.39,2021-07-16,1014,N,VIIRS,n,2,287.67,6.91,N,0
39.96015,-121.35569,351.31,0.45,0.39,2021-07-16,1014,N,VIIRS,n,2,314.13,48.66,N,0
39.96072,-121.33914,351.69,0.45,0.39,2021-07-16,1014,N,VIIRS,n,2,320.81,62.23,N,0
39.96111,-121.3607,311.49,0.45,0.39,2021-07-16,1014,N,VIIRS,n,2,286.3,30.81,N,0
39.96171,-121.34436,356.46,0.45,0.39,2021-07-16,1014,N,VIIRS,n,2,307.05,62.23,N,0
39.9627,-121.34958,333.22,0.45,0.39,2021-07-16,1014,N,VIIRS,n,2,330.99,51.98,N,0
39.96325,-121.33292,333.08,0.45,0.39,2021-07-16,1014,N,VIIRS,n,2,285.97,6.91,N,0
39.96367,-121.35473,347.95,0.45,0.39,2021-07-16,1014,N,VIIRS,n,2,299.29,51.98,N,0
39.96424,-121.3382,343.21,0.45,0.39,2021-07-16,1014,N,VIIRS,n,2,301.67,62.23,N,0
39.96463,-121.35976,296.15,0.45,0.39,2021-07-16,1014,N,VIIRS,n,2,284.3,0.79,N,0
39.96524,-121.34344,367,0.45,0.39,2021-07-16,1014,N,VIIRS,h,2,335.67,62.23,N,0
39.96622,-121.34865,354.52,0.45,0.39,2021-07-16,1014,N,VIIRS,n,2,307.03,51.98,N,0
39.96719,-121.35376,308.47,0.45,0.39,2021-07-16,1014,N,VIIRS,n,2,284.44,51.98,N,0
39.96769,-120.2806,296.45,0.49,0.4,2021-07-16,1014,N,VIIRS,n,2,283.15,0.61,N,0
39.96776,-121.33722,321.28,0.45,0.39,2021-07-16,1014,N,VIIRS,n,2,285.94,27.99,N,0
39.96877,-121.34252,342.56,0.45,0.39,2021-07-16,1014,N,VIIRS,n,2,308.29,27.99,N,0
39.96888,-120.28661,298.45,0.49,0.4,2021-07-16,1014,N,VIIRS,n,2,283.24,1.17,N,0
39.96975,-121.34772,316.29,0.45,0.39,2021-07-16,1014,N,VIIRS,n,2,285.18,8.2,N,0
39.97129,-120.27929,295.17,0.49,0.4,2021-07-16,1014,N,VIIRS,n,2,284.83,0.61,N,0
39.97228,-121.34155,316.51,0.45,0.39,2021-07-16,1014,N,VIIRS,n,2,283.25,27.99,N,0
39.98448,-120.26768,324.14,0.49,0.4,2021-07-16,1014,N,VIIRS,n,2,283.94,7.71,N,0
39.98563,-120.27351,351.47,0.49,0.4,2021-07-16,1014,N,VIIRS,n,2,289.58,7.71,N,0
39.98925,-120.27224,328.51,0.49,0.4,2021-07-16,1014,N,VIIRS,n,2,289.06,2.53,N,0
39.98956,-121.32291,300.08,0.45,0.39,2021-07-16,1014,N,VIIRS,n,2,282.07,0.68,N,0
39.9904,-120.27806,307.21,0.49,0.4,2021-07-16,1014,N,VIIRS,n,2,281.81,3.05,N,0
39.99055,-121.32808,295.53,0.45,0.39,2021-07-16,1014,N,VIIRS,n,2,282.62,0.68,N,0
39.99063,-120.27089,295.74,0.49,0.4,2021-07-16,1014,N,VIIRS,n,2,285.38,6.26,N,0
39.99182,-120.27671,334.91,0.49,0.4,2021-07-16,1014,N,VIIRS,n,2,285.6,6.26,N,0
39.99286,-120.27094,299.76,0.49,0.4,2021-07-16,1014,N,VIIRS,n,2,285.87,2.53,N,0
39.99402,-120.27682,333.71,0.49,0.4,2021-07-16,1014,N,VIIRS,n,2,287.22,3.05,N,0
39.99516,-120.28261,297.15,0.49,0.4,2021-07-16,1014,N,VIIRS,n,2,282.99,3.05,N,0
39.99543,-120.27544,346.67,0.49,0.4,2021-07-16,1014,N,VIIRS,n,2,292.62,6.26,N,0
39.99661,-120.28123,315.07,0.49,0.4,2021-07-16,1014,N,VIIRS,n,2,287.27,3.03,N,0
39.99763,-120.27551,348.13,0.49,0.4,2021-07-16,1014,N,VIIRS,n,2,294.76,4.43,N,0
39.99877,-120.28126,309.7,0.49,0.4,2021-07-16,1014,N,VIIRS,n,2,288.42,4.43,N,0
39.99904,-120.27412,313,0.49,0.4,2021-07-16,1014,N,VIIRS,n,2,287.3,1.6,N,0
40.0002,-120.27984,301.56,0.49,0.4,2021-07-16,1014,N,VIIRS,n,2,286.68,1.62,N,0
40.00124,-120.27421,303.41,0.49,0.4,2021-07-16,1014,N,VIIRS,n,2,286.08,4.43,N,0
40.00266,-120.27286,300.1,0.49,0.4,2021-07-16,1014,N,VIIRS,n,2,285.59,1.6,N,0
40.01149,-120.22073,328.36,0.49,0.4,2021-07-16,1014,N,VIIRS,n,2,285.08,2.72,N,0
40.01258,-120.22611,321.16,0.49,0.4,2021-07-16,1014,N,VIIRS,n,2,281.91,4.3,N,0
40.01514,-120.21958,299.79,0.49,0.4,2021-07-16,1014,N,VIIRS,n,2,282.11,2.72,N,0
40.02508,-120.19186,296.79,0.49,0.4,2021-07-16,1014,N,VIIRS,n,2,285.29,1.05,N,0
40.04477,-120.25123,296.37,0.49,0.4,2021-07-16,1014,N,VIIRS,n,2,283.6,1.61,N,0
40.06233,-120.20342,307.69,0.49,0.4,2021-07-16,1014,N,VIIRS,n,2,285.26,1.39,N,0
40.13069,-122.1569,301.86,0.42,0.38,2021-07-16,1014,N,VIIRS,n,2,289.07,0.58,N,0
40.73661,-122.32468,303.93,0.41,0.37,2021-07-16,1014,N,VIIRS,n,2,291.35,0.59,N,2
41.42123,-122.25729,309.11,0.41,0.37,2021-07-16,1014,N,VIIRS,n,2,280.63,1.11,N,0
41.42873,-122.25969,296.31,0.41,0.37,2021-07-16,1014,N,VIIRS,n,2,282.18,0.61,N,0
41.44039,-122.2458,317.37,0.41,0.37,2021-07-16,1014,N,VIIRS,n,2,284.07,1.23,N,0
41.44621,-122.23879,305.95,0.41,0.37,2021-07-16,1014,N,VIIRS,n,2,282.86,0.93,N,0
41.45038,-122.22243,323.32,0.41,0.37,2021-07-16,1014,N,VIIRS,n,2,282.58,1.7,N,0
41.45121,-122.22712,297.56,0.41,0.37,2021-07-16,1014,N,VIIRS,n,2,283.16,1.37,N,0
39.78959,-122.04058,336.05,0.63,0.72,2021-07-16,1956,N,VIIRS,n,2,304.96,5.07,D,0
39.89541,-121.35877,350.74,0.58,0.7,2021-07-16,1956,N,VIIRS,n,2,311.44,31.44,D,0
39.89578,-121.36091,351.61,0.58,0.7,2021-07-16,1956,N,VIIRS,n,2,312.98,32.65,D,0
39.90354,-121.35525,338.65,0.58,0.7,2021-07-16,1956,N,VIIRS,n,2,313.37,31.44,D,0
39.90401,-121.35722,309.73,0.58,0.7,2021-07-16,1956,N,VIIRS,l,2,316.73,98.1,D,0
39.90574,-121.34813,367,0.58,0.7,2021-07-16,1956,N,VIIRS,h,2,315.74,68.84,D,0
39.90635,-121.34975,367,0.58,0.7,2021-07-16,1956,N,VIIRS,h,2,327.44,98.1,D,0
39.90929,-121.36292,342.11,0.58,0.7,2021-07-16,1956,N,VIIRS,n,2,305.31,44.53,D,0
39.91196,-121.35438,208,0.58,0.7,2021-07-16,1956,N,VIIRS,l,2,324.6,201.55,D,0
39.91439,-121.34664,367,0.58,0.7,2021-07-16,1956,N,VIIRS,h,2,313.74,201.55,D,0
39.91684,-121.38396,343.53,0.58,0.7,2021-07-16,1956,N,VIIRS,n,2,311.33,11.91,D,0
39.92047,-121.37238,353.44,0.58,0.7,2021-07-16,1956,N,VIIRS,n,2,312.37,14.11,D,0
39.9244,-121.3372,353.74,0.58,0.7,2021-07-16,1956,N,VIIRS,n,2,308.38,72.32,D,0
39.92676,-121.37484,339.85,0.58,0.7,2021-07-16,1956,N,VIIRS,n,2,307,14.11,D,0
39.92859,-121.369,345.33,0.58,0.7,2021-07-16,1956,N,VIIRS,n,2,306.26,26.13,D,0
39.93461,-121.37235,337.21,0.58,0.7,2021-07-16,1956,N,VIIRS,n,2,301.02,19.74,D,0
39.93624,-121.3671,355.72,0.58,0.7,2021-07-16,1956,N,VIIRS,n,2,313.3,19.74,D,0
39.93822,-121.36076,344.41,0.58,0.7,2021-07-16,1956,N,VIIRS,n,2,302.98,29.44,D,0
39.94274,-121.36891,367,0.58,0.7,2021-07-16,1956,N,VIIRS,h,2,302.02,19.74,D,0
39.94425,-121.3414,348.34,0.58,0.7,2021-07-16,1956,N,VIIRS,n,2,309.83,54.73,D,0
39.94558,-121.35977,345.85,0.58,0.7,2021-07-16,1956,N,VIIRS,n,2,304.54,29.44,D,0
39.94604,-121.33562,356.62,0.58,0.7,2021-07-16,1956,N,VIIRS,n,2,325.72,54.73,D,0
39.94746,-121.37643,367,0.58,0.7,2021-07-16,1956,N,VIIRS,h,2,300.6,177.98,D,0
39.94929,-121.37054,367,0.58,0.7,2021-07-16,1956,N,VIIRS,l,2,349.23,177.98,D,0
39.95104,-121.3422,355.6,0.58,0.7,2021-07-16,1956,N,VIIRS,n,2,303.71,54.73,D,0
39.95234,-121.38343,351.5,0.58,0.7,2021-07-16,1956,N,VIIRS,n,2,298.5,45.68,D,0
39.95286,-121.35903,367,0.58,0.7,2021-07-16,1956,N,VIIRS,h,2,327.39,243.85,D,0
39.953,-121.33594,367,0.58,0.7,2021-07-16,1956,N,VIIRS,h,2,301,54.73,D,0
39.95356,-121.40261,336.72,0.58,0.7,2021-07-16,1956,N,VIIRS,n,2,290.49,9.18,D,0
39.95405,-121.37792,367,0.58,0.7,2021-07-16,1956,N,VIIRS,h,2,300.64,177.98,D,0
39.95516,-121.39706,343.84,0.58,0.7,2021-07-16,1956,N,VIIRS,n,2,290.61,14.34,D,0
39.95552,-121.35047,367,0.58,0.7,2021-07-16,1956,N,VIIRS,h,2,309.68,243.85,D,0
39.95568,-121.3959,345.94,0.58,0.7,2021-07-16,1956,N,VIIRS,n,2,290.88,13.31,D,0
39.95595,-121.37182,208,0.58,0.7,2021-07-16,1956,N,VIIRS,l,2,311.45,177.98,D,0
39.95718,-121.39055,353.68,0.58,0.7,2021-07-16,1956,N,VIIRS,n,2,293.17,17.12,D,0
39.95766,-121.34358,354.81,0.58,0.7,2021-07-16,1956,N,VIIRS,n,2,310.01,208.6,D,0
39.95771,-121.3895,356.33,0.58,0.7,2021-07-16,1956,N,VIIRS,n,2,294.31,13.31,D,0
39.95893,-121.38492,367,0.58,0.7,2021-07-16,1956,N,VIIRS,h,2,295.8,17.12,D,0
39.95945,-121.384,367,0.58,0.7,2021-07-16,1956,N,VIIRS,h,2,296.2,41.7,D,0
39.95958,-121.3601,367,0.58,0.7,2021-07-16,1956,N,VIIRS,l,2,339.33,243.85,D,0
39.95975,-121.33684,350.54,0.58,0.7,2021-07-16,1956,N,VIIRS,n,2,320.27,208.6,D,0
39.9602,-121.40401,330.97,0.58,0.7,2021-07-16,1956,N,VIIRS,n,2,289.75,9.18,D,0
39.96054,-121.37973,367,0.58,0.7,2021-07-16,1956,N,VIIRS,h,2,298.79,113.18,D,0
39.96109,-121.3788,367,0.58,0.7,2021-07-16,1956,N,VIIRS,h,2,299.08,41.7,D,0
39.96178,-121.39847,340,0.58,0.7,2021-07-16,1956,N,VIIRS,n,2,290.25,14.34,D,0
39.96181,-121.33024,367,0.58,0.7,2021-07-16,1956,N,VIIRS,h,2,321.97,283.85,D,0
39.96205,-121.35213,353.9,0.58,0.7,2021-07-16,1956,N,VIIRS,n,2,321.74,243.85,D,0
39.96231,-121.39734,342.07,0.58,0.7,2021-07-16,1956,N,VIIRS,n,2,290.32,13.31,D,0
39.9631,-121.37247,208,0.58,0.7,2021-07-16,1956,N,VIIRS,l,2,303.09,392.9,D,0
39.96372,-121.39221,349.04,0.58,0.7,2021-07-16,1956,N,VIIRS,n,2,291.55,17.12,D,0
39.96426,-121.3912,351.74,0.58,0.7,2021-07-16,1956,N,VIIRS,n,2,291.06,13.31,D,0
39.96542,-121.38675,367,0.58,0.7,2021-07-16,1956,N,VIIRS,h,2,293.36,17.12,D,0
39.96572,-121.36304,367,0.58,0.7,2021-07-16,1956,N,VIIRS,l,2,353.75,709.02,D,0
39.96592,-121.38592,367,0.58,0.7,2021-07-16,1956,N,VIIRS,h,2,293.17,41.7,D,0
39.96614,-121.40721,335.43,0.59,0.7,2021-07-16,1956,N,VIIRS,n,2,284.6,11.52,D,0
39.96637,-121.33823,367,0.58,0.7,2021-07-16,1956,N,VIIRS,l,2,349.99,208.6,D,0
39.96662,-121.36134,367,0.58,0.7,2021-07-16,1956,N,VIIRS,l,2,374.87,392.9,D,0
39.9667,-121.40585,335.71,0.58,0.7,2021-07-16,1956,N,VIIRS,n,2,284.23,17.31,D,0
39.96703,-121.38158,367,0.58,0.7,2021-07-16,1956,N,VIIRS,h,2,295.37,113.18,D,0
39.96757,-121.3807,367,0.58,0.7,2021-07-16,1956,N,VIIRS,h,2,295.11,41.7,D,0
39.96821,-121.40051,340.35,0.58,0.7,2021-07-16,1956,N,VIIRS,n,2,284.97,11.52,D,0
39.96824,-121.33218,367,0.58,0.7,2021-07-16,1956,N,VIIRS,h,2,321.82,283.85,D,0
39.96851,-121.35402,367,0.58,0.7,2021-07-16,1956,N,VIIRS,l,2,379.47,709.02,D,0
39.96871,-121.3995,339.51,0.58,0.7,2021-07-16,1956,N,VIIRS,n,2,284.96,13.89,D,0
39.96886,-121.37566,353.65,0.58,0.7,2021-07-16,1956,N,VIIRS,n,2,296.57,113.18,D,0
39.96935,-121.35274,367,0.58,0.7,2021-07-16,1956,N,VIIRS,l,2,380.17,0,D,0
39.96958,-121.37434,352.23,0.58,0.7,2021-07-16,1956,N,VIIRS,n,2,294.5,392.9,D,0
39.96997,-121.39484,342.96,0.58,0.7,2021-07-16,1956,N,VIIRS,n,2,286.1,16.17,D,0
39.97047,-121.3939,342.31,0.58,0.7,2021-07-16,1956,N,VIIRS,n,2,286.15,13.89,D,0
39.97093,-121.34621,367,0.58,0.7,2021-07-16,1956,N,VIIRS,l,2,378.52,626.88,D,0
39.9716,-121.36682,208,0.58,0.7,2021-07-16,1956,N,VIIRS,l,2,299.25,709.02,D,0
39.97165,-121.38943,347.01,0.58,0.7,2021-07-16,1956,N,VIIRS,n,2,287.75,16.17,D,0
39.97177,-121.34506,367,0.58,0.7,2021-07-16,1956,N,VIIRS,l,2,378.42,0,D,0
39.97219,-121.38846,345.35,0.58,0.7,2021-07-16,1956,N,VIIRS,n,2,287.82,15.82,D,0
39.97255,-121.36496,208,0.58,0.7,2021-07-16,1956,N,VIIRS,l,2,297.33,392.9,D,0
39.97295,-121.33971,367,0.58,0.7,2021-07-16,1956,N,VIIRS,h,2,323.24,626.88,D,0
39.97346,-121.38358,349.27,0.58,0.7,2021-07-16,1956,N,VIIRS,n,2,290.29,17.42,D,0
39.97373,-121.33888,367,0.58,0.7,2021-07-16,1956,N,VIIRS,h,2,305.13,318.11,D,0
39.97409,-121.38245,345.22,0.58,0.7,2021-07-16,1956,N,VIIRS,n,2,290.95,15.82,D,0
39.9746,-121.35711,208,0.58,0.7,2021-07-16,1956,N,VIIRS,l,2,323.33,709.02,D,0
39.97471,-121.33401,336.21,0.58,0.7,2021-07-16,1956,N,VIIRS,n,2,294.29,119.35,D,0
39.97546,-121.35573,208,0.58,0.7,2021-07-16,1956,N,VIIRS,l,2,321.32,0,D,0
39.97561,-121.37664,346.7,0.58,0.7,2021-07-16,1956,N,VIIRS,n,2,290.77,17.42,D,0
39.97637,-121.37524,341.85,0.58,0.7,2021-07-16,1956,N,VIIRS,n,2,290.92,12.12,D,0
39.97729,-121.34842,367,0.58,0.7,2021-07-16,1956,N,VIIRS,l,2,347.11,626.88,D,0
39.97819,-121.34711,351.48,0.58,0.7,2021-07-16,1956,N,VIIRS,n,2,322.06,0,D,0
39.9782,-121.36827,341.68,0.58,0.7,2021-07-16,1956,N,VIIRS,n,2,289.99,23.4,D,0
39.97899,-121.36691,335.44,0.58,0.7,2021-07-16,1956,N,VIIRS,n,2,289.53,12.12,D,0
39.97934,-121.3418,367,0.58,0.7,2021-07-16,1956,N,VIIRS,h,2,294.95,626.88,D,0
39.98012,-121.34099,367,0.58,0.7,2021-07-16,1956,N,VIIRS,h,2,292.88,318.11,D,0
39.98954,-120.27561,367,0.52,0.67,2021-07-16,1956,N,VIIRS,h,2,310.92,25.73,D,0
39.98997,-120.27374,367,0.52,0.67,2021-07-16,1956,N,VIIRS,h,2,311.67,25.97,D,0
39.99549,-120.27808,354.04,0.52,0.67,2021-07-16,1956,N,VIIRS,n,2,306.31,25.73,D,0
39.9959,-120.27621,367,0.52,0.67,2021-07-16,1956,N,VIIRS,h,2,313.84,33.22,D,0
39.99703,-120.27299,367,0.52,0.66,2021-07-16,1956,N,VIIRS,h,2,305.6,25.73,D,0
40.11729,-122.16615,334.9,0.63,0.72,2021-07-16,1956,N,VIIRS,n,2,304.58,10.48,D,0
40.11953,-122.15916,343.45,0.63,0.72,2021-07-16,1956,N,VIIRS,n,2,307.41,12.11,D,0
39.90526,-121.35452,355.39,0.52,0.5,2021-07-16,2136,N,VIIRS,n,2,314.31,12.97,D,0
39.90575,-121.3482,347.4,0.53,0.5,2021-07-16,2136,N,VIIRS,n,2,311.25,9.9,D,0
39.91022,-121.35089,356.56,0.53,0.5,2021-07-16,2136,N,VIIRS,n,2,317.86,56.38,D,0
39.91072,-121.34443,367,0.53,0.5,2021-07-16,2136,N,VIIRS,l,2,328.32,56.38,D,0
39.91125,-121.33762,345.79,0.53,0.5,2021-07-16,2136,N,VIIRS,n,2,309.35,132.46,D,0
39.91474,-121.35315,339.53,0.53,0.5,2021-07-16,2136,N,VIIRS,n,2,313.61,56.38,D,0
39.9152,-121.34711,367,0.53,0.5,2021-07-16,2136,N,VIIRS,h,2,333.35,56.38,D,0
39.91569,-121.34074,367,0.53,0.5,2021-07-16,2136,N,VIIRS,l,2,353.95,132.46,D,0
39.91631,-121.33279,347.75,0.53,0.5,2021-07-16,2136,N,VIIRS,n,2,314.9,132.46,D,0
39.92016,-121.34363,348.36,0.53,0.5,2021-07-16,2136,N,VIIRS,n,2,307.56,36.41,D,0
39.92065,-121.33717,353.63,0.53,0.5,2021-07-16,2136,N,VIIRS,n,2,309.9,36.41,D,0
39.92176,-121.38334,367,0.52,0.5,2021-07-16,2136,N,VIIRS,h,2,314.3,31.28,D,0
39.92591,-121.32993,342.83,0.53,0.5,2021-07-16,2136,N,VIIRS,n,2,303.75,11.1,D,0
39.92691,-121.3774,346.87,0.52,0.5,2021-07-16,2136,N,VIIRS,n,2,314.63,39.6,D,0
39.9274,-121.37104,348.01,0.52,0.5,2021-07-16,2136,N,VIIRS,n,2,313.22,20.76,D,0
39.92982,-121.37769,346.94,0.52,0.5,2021-07-16,2136,N,VIIRS,n,2,304.89,10.46,D,0
39.93027,-121.37151,367,0.52,0.5,2021-07-16,2136,N,VIIRS,h,2,310.16,10.46,D,0
39.93206,-121.37142,367,0.52,0.5,2021-07-16,2136,N,VIIRS,h,2,306.16,20.76,D,0
39.93494,-121.37166,342.03,0.52,0.5,2021-07-16,2136,N,VIIRS,n,2,304.5,10.46,D,0
39.93546,-121.36449,344.44,0.53,0.5,2021-07-16,2136,N,VIIRS,n,2,304.59,20.93,D,0
39.93673,-121.37167,341.63,0.52,0.5,2021-07-16,2136,N,VIIRS,n,2,304.18,19.37,D,0
39.93727,-121.36472,345.65,0.52,0.5,2021-07-16,2136,N,VIIRS,n,2,307.73,19.37,D,0
39.93959,-121.37211,340.12,0.52,0.5,2021-07-16,2136,N,VIIRS,n,2,303.5,11.58,D,0
39.94007,-121.36554,352.57,0.53,0.5,2021-07-16,2136,N,VIIRS,n,2,308.76,28.41,D,0
39.94186,-121.36601,367,0.52,0.5,2021-07-16,2136,N,VIIRS,h,2,306.5,19.37,D,0
39.94218,-121.33639,345.42,0.53,0.5,2021-07-16,2136,N,VIIRS,n,2,307.11,28.83,D,0
39.94411,-121.33712,344.04,0.53,0.5,2021-07-16,2136,N,VIIRS,n,2,308.03,20.06,D,0
39.94466,-121.36691,337.72,0.53,0.5,2021-07-16,2136,N,VIIRS,n,2,307.27,28.41,D,0
39.94505,-121.36147,349.82,0.53,0.5,2021-07-16,2136,N,VIIRS,n,2,311.61,28.41,D,0
39.94674,-121.33828,315.05,0.53,0.5,2021-07-16,2136,N,VIIRS,l,2,315.08,28.83,D,0
39.94685,-121.36201,367,0.53,0.5,2021-07-16,2136,N,VIIRS,h,2,319.58,89.99,D,0
39.94739,-121.32922,341.41,0.53,0.5,2021-07-16,2136,N,VIIRS,n,2,302.66,55.25,D,0
39.94867,-121.33884,309.35,0.53,0.5,2021-07-16,2136,N,VIIRS,l,2,312.21,98.14,D,0
39.94925,-121.36821,337.77,0.53,0.5,2021-07-16,2136,N,VIIRS,n,2,302.51,157.82,D,0
39.94933,-121.33058,343.74,0.53,0.5,2021-07-16,2136,N,VIIRS,n,2,310.1,98.14,D,0
39.94963,-121.36305,367,0.53,0.5,2021-07-16,2136,N,VIIRS,h,2,345.65,157.82,D,0
39.95003,-121.35758,342.17,0.53,0.5,2021-07-16,2136,N,VIIRS,n,2,306.94,51.44,D,0
39.95132,-121.3398,339.51,0.53,0.5,2021-07-16,2136,N,VIIRS,n,2,307.41,19.03,D,0
39.95142,-121.36352,367,0.53,0.5,2021-07-16,2136,N,VIIRS,h,2,360.06,89.99,D,0
39.95183,-121.35818,350.46,0.53,0.5,2021-07-16,2136,N,VIIRS,n,2,311.79,89.99,D,0
39.95187,-121.33233,345.96,0.53,0.5,2021-07-16,2136,N,VIIRS,n,2,309.32,167.69,D,0
39.95383,-121.36957,345.71,0.53,0.5,2021-07-16,2136,N,VIIRS,n,2,309.63,157.82,D,0
39.95421,-121.36443,367,0.53,0.5,2021-07-16,2136,N,VIIRS,l,2,378.76,157.82,D,0
39.95459,-121.3592,367,0.53,0.5,2021-07-16,2136,N,VIIRS,h,2,318.49,51.44,D,0
39.95501,-121.35354,345.61,0.53,0.5,2021-07-16,2136,N,VIIRS,n,2,313.12,51.44,D,0
39.95546,-121.34737,340.46,0.53,0.5,2021-07-16,2136,N,VIIRS,n,2,312.79,19.03,D,0
39.95592,-121.34109,340.55,0.53,0.5,2021-07-16,2136,N,VIIRS,n,2,312.57,19.03,D,0
39.95844,-121.37066,332.69,0.53,0.5,2021-07-16,2136,N,VIIRS,l,2,305.03,166.64,D,0
39.95882,-121.36551,367,0.53,0.5,2021-07-16,2136,N,VIIRS,l,2,356.03,166.64,D,0
39.95919,-121.36043,355.9,0.53,0.5,2021-07-16,2136,N,VIIRS,n,2,326.66,106.24,D,0
39.95961,-121.35471,367,0.53,0.5,2021-07-16,2136,N,VIIRS,h,2,309.82,106.24,D,0
39.96007,-121.34853,345.74,0.53,0.5,2021-07-16,2136,N,VIIRS,n,2,305.6,30.25,D,0
39.96053,-121.34227,349.69,0.53,0.5,2021-07-16,2136,N,VIIRS,n,2,312.95,30.25,D,0
39.96099,-121.33591,367,0.53,0.5,2021-07-16,2136,N,VIIRS,h,2,335.34,118.42,D,0
39.96148,-121.32931,345.79,0.53,0.5,2021-07-16,2136,N,VIIRS,n,2,302.82,118.42,D,0
39.96343,-121.36648,337.65,0.53,0.5,2021-07-16,2136,N,VIIRS,n,2,303.95,166.64,D,0
39.96381,-121.36141,350.51,0.53,0.5,2021-07-16,2136,N,VIIRS,l,2,325.99,106.24,D,0
39.96423,-121.35577,354.89,0.53,0.5,2021-07-16,2136,N,VIIRS,n,2,328.8,106.24,D,0
39.96467,-121.34975,355.7,0.53,0.5,2021-07-16,2136,N,VIIRS,n,2,318.26,30.25,D,0
39.96513,-121.34356,367,0.53,0.5,2021-07-16,2136,N,VIIRS,h,2,311.16,30.25,D,0
39.9656,-121.33717,367,0.53,0.5,2021-07-16,2136,N,VIIRS,h,2,327.73,118.42,D,0
39.96609,-121.33048,367,0.53,0.5,2021-07-16,2136,N,VIIRS,l,2,331,118.42,D,0
39.96844,-121.36214,317.72,0.53,0.5,2021-07-16,2136,N,VIIRS,l,2,318.37,185.69,D,0
39.96885,-121.3567,367,0.53,0.5,2021-07-16,2136,N,VIIRS,l,2,376.31,185.69,D,0
39.96927,-121.35093,367,0.53,0.5,2021-07-16,2136,N,VIIRS,h,2,343.14,224.89,D,0
39.96972,-121.34489,367,0.53,0.5,2021-07-16,2136,N,VIIRS,l,2,330.1,224.89,D,0
39.9702,-121.33842,367,0.53,0.5,2021-07-16,2136,N,VIIRS,l,2,338.56,129.78,D,0
39.97071,-121.33138,355.2,0.53,0.5,2021-07-16,2136,N,VIIRS,n,2,311.8,129.78,D,0
39.97308,-121.36288,331.12,0.53,0.5,2021-07-16,2136,N,VIIRS,l,2,302.11,185.69,D,0
39.97348,-121.35742,367,0.53,0.5,2021-07-16,2136,N,VIIRS,l,2,337.31,185.69,D,0
39.97389,-121.35184,367,0.53,0.5,2021-07-16,2136,N,VIIRS,l,2,370.97,224.89,D,0
39.97433,-121.34602,367,0.53,0.5,2021-07-16,2136,N,VIIRS,h,2,366.38,224.89,D,0
39.97481,-121.33945,347.84,0.53,0.5,2021-07-16,2136,N,VIIRS,n,2,311.45,129.78,D,0
39.97533,-121.33249,367,0.53,0.5,2021-07-16,2136,N,VIIRS,h,2,294.69,129.78,D,0
39.97585,-121.32552,330.77,0.53,0.5,2021-07-16,2136,N,VIIRS,n,2,292.54,9.91,D,0
39.97895,-121.34695,367,0.53,0.5,2021-07-16,2136,N,VIIRS,h,2,340.59,232.39,D,0
39.97944,-121.34036,353.3,0.53,0.5,2021-07-16,2136,N,VIIRS,n,2,296.1,52.32,D,0
39.97995,-121.33345,332.14,0.53,0.5,2021-07-16,2136,N,VIIRS,n,2,292.11,52.32,D,0
39.9836,-121.3475,337.94,0.53,0.5,2021-07-16,2136,N,VIIRS,n,2,293.01,232.39,D,0
39.98798,-120.27277,342.66,0.6,0.53,2021-07-16,2136,N,VIIRS,n,2,305.1,31.26,D,0
39.9929,-120.27335,345.75,0.6,0.53,2021-07-16,2136,N,VIIRS,l,2,320.24,31.26,D,0
39.99783,-120.27392,344.98,0.6,0.53,2021-07-16,2136,N,VIIRS,n,2,308.56,14.11,D,0
40.01133,-120.22192,356.81,0.6,0.53,2021-07-16,2136,N,VIIRS,n,2,318.12,35.37,D,0
40.01234,-120.22104,354.11,0.61,0.53,2021-07-16,2136,N,VIIRS,n,2,317.19,40.55,D,0
40.11855,-122.16065,348.41,0.48,0.48,2021-07-16,2136,N,VIIRS,n,2,317.64,8.33,D,0
40.12301,-122.16125,349.83,0.48,0.48,2021-07-16,2136,N,VIIRS,n,2,316.88,8.33,D,0
39.6179,-119.26181,302.57,0.39,0.36,2021-07-17,955,N,VIIRS,n,2,289.81,0.78,N,2
39.6212,-119.26089,305.87,0.39,0.36,2021-07-17,955,N,VIIRS,n,2,289.86,0.78,N,2
39.90438,-121.3497,305.05,0.39,0.36,2021-07-17,955,N,VIIRS,n,2,291.03,0.64,N,0
39.90504,-121.35419,302.05,0.39,0.36,2021-07-17,955,N,VIIRS,n,2,290.4,0.64,N,0
39.90654,-121.35162,309.9,0.39,0.36,2021-07-17,955,N,VIIRS,n,2,290.61,1.73,N,0
39.90918,-121.34618,353.93,0.39,0.36,2021-07-17,955,N,VIIRS,n,2,298.05,11.18,N,0
39.90984,-121.35063,320.91,0.39,0.36,2021-07-17,955,N,VIIRS,n,2,292.42,1.73,N,0
39.91182,-121.34077,345.96,0.39,0.36,2021-07-17,955,N,VIIRS,n,2,296.26,8.01,N,0
39.91247,-121.34519,336.79,0.39,0.36,2021-07-17,955,N,VIIRS,n,2,297,8.01,N,0
39.91313,-121.34966,302.2,0.39,0.36,2021-07-17,955,N,VIIRS,n,2,291.13,0.99,N,0
39.91445,-121.33541,315.16,0.39,0.36,2021-07-17,955,N,VIIRS,n,2,289.81,2.12,N,0
39.91511,-121.33978,350.1,0.39,0.36,2021-07-17,955,N,VIIRS,n,2,301.1,8.01,N,0
39.91576,-121.34422,306.98,0.39,0.36,2021-07-17,955,N,VIIRS,n,2,292.04,8.01,N,0
39.91775,-121.33442,323.28,0.39,0.36,2021-07-17,955,N,VIIRS,n,2,296.28,4.98,N,0
39.9184,-121.33876,333.56,0.39,0.36,2021-07-17,955,N,VIIRS,n,2,294.29,7.39,N,0
39.92104,-121.33346,329.6,0.39,0.36,2021-07-17,955,N,VIIRS,n,2,290.5,4.98,N,0
39.92169,-121.33779,346.46,0.39,0.36,2021-07-17,955,N,VIIRS,n,2,293.08,7.39,N,0
39.92173,-121.38448,334.02,0.39,0.36,2021-07-17,955,N,VIIRS,n,2,289.53,3.74,N,0
39.92434,-121.3326,316.23,0.39,0.36,2021-07-17,955,N,VIIRS,n,2,290.07,0.97,N,0
39.92499,-121.33693,345.61,0.39,0.36,2021-07-17,955,N,VIIRS,n,2,292.85,6.18,N,0
39.92503,-121.38369,342.95,0.39,0.36,2021-07-17,955,N,VIIRS,n,2,292.27,8.93,N,0
39.9257,-121.3882,330.91,0.39,0.36,2021-07-17,955,N,VIIRS,n,2,288,8.93,N,0
39.92768,-121.37835,314.19,0.39,0.36,2021-07-17,955,N,VIIRS,n,2,285.95,2.01,N,0
39.92834,-121.38287,328.37,0.39,0.36,2021-07-17,955,N,VIIRS,n,2,286.52,8.93,N,0
39.92901,-121.38741,328.33,0.39,0.36,2021-07-17,955,N,VIIRS,n,2,284.44,8.93,N,0
39.92966,-121.36852,307.92,0.39,0.36,2021-07-17,955,N,VIIRS,n,2,290.49,1.63,N,0
39.93032,-121.37301,334.5,0.39,0.36,2021-07-17,955,N,VIIRS,n,2,289.66,2.44,N,0
39.93099,-121.37753,319.08,0.39,0.36,2021-07-17,955,N,VIIRS,n,2,283.35,2.44,N,0
39.93363,-121.37222,333.87,0.39,0.36,2021-07-17,955,N,VIIRS,n,2,288.25,2.44,N,0
39.93628,-121.36696,307.14,0.39,0.36,2021-07-17,955,N,VIIRS,n,2,286.98,0.86,N,0
39.93694,-121.37141,299.68,0.39,0.36,2021-07-17,955,N,VIIRS,n,2,285.38,2.54,N,0
39.93959,-121.3661,304.96,0.39,0.36,2021-07-17,955,N,VIIRS,n,2,289.46,0.86,N,0
39.94025,-121.37061,337.74,0.39,0.36,2021-07-17,955,N,VIIRS,n,2,292.97,2.54,N,0
39.94152,-121.33275,310.12,0.39,0.36,2021-07-17,955,N,VIIRS,n,2,286.4,1.51,N,0
39.94289,-121.36521,328.73,0.39,0.36,2021-07-17,955,N,VIIRS,n,2,293.56,2.75,N,0
39.94356,-121.36976,314.36,0.39,0.36,2021-07-17,955,N,VIIRS,n,2,289.85,3.07,N,0
39.94418,-121.32758,306.62,0.39,0.36,2021-07-17,955,N,VIIRS,n,2,287.95,5.01,N,0
39.94482,-121.3319,344.7,0.39,0.36,2021-07-17,955,N,VIIRS,n,2,308.3,16.75,N,0
39.94547,-121.33622,310.68,0.39,0.36,2021-07-17,955,N,VIIRS,n,2,289.68,16.75,N,0
39.94619,-121.36428,328.9,0.39,0.36,2021-07-17,955,N,VIIRS,n,2,293.16,2.75,N,0
39.94686,-121.36887,329.51,0.39,0.36,2021-07-17,955,N,VIIRS,n,2,291.84,3.07,N,0
39.94747,-121.32668,300.76,0.39,0.36,2021-07-17,955,N,VIIRS,n,2,287.1,5.01,N,0
39.94812,-121.33102,339.49,0.39,0.36,2021-07-17,955,N,VIIRS,n,2,306.67,16.75,N,0
39.94876,-121.33533,329.41,0.39,0.36,2021-07-17,955,N,VIIRS,n,2,293.73,16.75,N,0
39.94947,-121.36335,307.25,0.39,0.36,2021-07-17,955,N,VIIRS,n,2,290.83,2.34,N,0
39.95016,-121.36795,340.2,0.39,0.36,2021-07-17,955,N,VIIRS,n,2,294.66,37.67,N,0
39.95076,-121.32573,327.35,0.39,0.36,2021-07-17,955,N,VIIRS,n,2,290.92,10.53,N,0
39.95142,-121.33009,346.88,0.39,0.36,2021-07-17,955,N,VIIRS,n,2,315.04,21.32,N,0
39.95206,-121.33447,330.47,0.39,0.36,2021-07-17,955,N,VIIRS,n,2,293.53,21.32,N,0
39.95277,-121.36242,307.95,0.39,0.36,2021-07-17,955,N,VIIRS,n,2,288.48,2.34,N,0
39.95345,-121.36703,332.91,0.39,0.36,2021-07-17,955,N,VIIRS,n,2,324.67,37.67,N,0
39.95406,-121.32478,318.19,0.39,0.36,2021-07-17,955,N,VIIRS,n,2,294.58,10.53,N,0
39.95413,-121.37161,320.99,0.39,0.36,2021-07-17,955,N,VIIRS,n,2,289.73,37.67,N,0
39.9547,-121.32917,354.89,0.39,0.36,2021-07-17,955,N,VIIRS,n,2,311.63,21.32,N,0
39.95536,-121.33359,342.61,0.39,0.36,2021-07-17,955,N,VIIRS,n,2,297.4,21.32,N,0
39.95602,-121.33802,312.1,0.39,0.36,2021-07-17,955,N,VIIRS,n,2,290.96,2.24,N,0
39.95607,-121.3615,301.75,0.39,0.36,2021-07-17,955,N,VIIRS,n,2,287.46,1.01,N,0
39.95675,-121.36612,367,0.39,0.36,2021-07-17,955,N,VIIRS,h,2,310.06,19.8,N,0
39.95743,-121.37073,332.9,0.39,0.36,2021-07-17,955,N,VIIRS,n,2,307.02,19.8,N,0
39.958,-121.32825,336.13,0.39,0.36,2021-07-17,955,N,VIIRS,n,2,309.18,11.78,N,0
39.95802,-121.35152,298.84,0.39,0.36,2021-07-17,955,N,VIIRS,n,2,286.56,0.64,N,0
39.95866,-121.3327,332.97,0.39,0.36,2021-07-17,955,N,VIIRS,n,2,296.87,11.78,N,0
39.95932,-121.33717,322.19,0.39,0.36,2021-07-17,955,N,VIIRS,n,2,293.46,1.24,N,0
39.95936,-121.3606,305,0.39,0.36,2021-07-17,955,N,VIIRS,n,2,289.84,1.01,N,0
39.96004,-121.36521,337.26,0.39,0.36,2021-07-17,955,N,VIIRS,n,2,299.92,19.8,N,0
39.96066,-121.34615,303.2,0.39,0.36,2021-07-17,955,N,VIIRS,n,2,288.75,1.03,N,0
39.96073,-121.36985,323.68,0.39,0.36,2021-07-17,955,N,VIIRS,n,2,289.31,19.8,N,0
39.96129,-121.32734,326.72,0.39,0.36,2021-07-17,955,N,VIIRS,n,2,289.16,11.78,N,0
39.96132,-121.35066,303.03,0.39,0.36,2021-07-17,955,N,VIIRS,n,2,288.33,1.03,N,0
39.96196,-121.33179,312.46,0.39,0.36,2021-07-17,955,N,VIIRS,n,2,291.06,11.78,N,0
39.96199,-121.35518,305.45,0.39,0.36,2021-07-17,955,N,VIIRS,n,2,288.2,1.04,N,0
39.96262,-121.33629,308.43,0.39,0.36,2021-07-17,955,N,VIIRS,n,2,289.88,1.24,N,0
39.96266,-121.35972,304.16,0.39,0.36,2021-07-17,955,N,VIIRS,n,2,288.33,1.04,N,0
39.96328,-121.34078,297.48,0.39,0.36,2021-07-17,955,N,VIIRS,n,2,285.44,1.24,N,0
39.96334,-121.36432,336.49,0.39,0.36,2021-07-17,955,N,VIIRS,n,2,315.58,22.09,N,0
39.96395,-121.34528,306.11,0.39,0.36,2021-07-17,955,N,VIIRS,n,2,288.9,1.03,N,0
39.96402,-121.36895,310.03,0.39,0.36,2021-07-17,955,N,VIIRS,n,2,287.09,22.09,N,0
39.96459,-121.32647,300.98,0.39,0.36,2021-07-17,955,N,VIIRS,n,2,287.15,1.64,N,0
39.96462,-121.34978,321.13,0.39,0.36,2021-07-17,955,N,VIIRS,n,2,292.43,1.03,N,0
39.96526,-121.33095,315.23,0.39,0.36,2021-07-17,955,N,VIIRS,n,2,290.71,1.64,N,0
39.96529,-121.35431,306.77,0.39,0.36,2021-07-17,955,N,VIIRS,n,2,287.7,1.04,N,0
39.96592,-121.33541,303.4,0.39,0.36,2021-07-17,955,N,VIIRS,n,2,286.64,1.83,N,0
39.96596,-121.35884,306.08,0.39,0.36,2021-07-17,955,N,VIIRS,n,2,287.61,1.04,N,0
39.96658,-121.3399,310.14,0.39,0.36,2021-07-17,955,N,VIIRS,n,2,286.56,1.83,N,0
39.96664,-121.36343,331.08,0.39,0.36,2021-07-17,955,N,VIIRS,n,2,290.49,22.09,N,0
39.96724,-121.32121,310.54,0.39,0.36,2021-07-17,955,N,VIIRS,n,2,286.85,0.58,N,0
39.96725,-121.34441,305.68,0.39,0.36,2021-07-17,955,N,VIIRS,n,2,288.51,0.87,N,0
39.9679,-121.32566,321.71,0.39,0.36,2021-07-17,955,N,VIIRS,n,2,291.52,1.64,N,0
39.96791,-121.3489,304.63,0.39,0.36,2021-07-17,955,N,VIIRS,n,2,288.98,0.87,N,0
39.96856,-121.33012,326.73,0.39,0.36,2021-07-17,955,N,VIIRS,n,2,294.12,1.64,N,0
39.96859,-121.35343,306.01,0.39,0.36,2021-07-17,955,N,VIIRS,n,2,287.81,1.72,N,0
39.96922,-121.33456,320.1,0.39,0.36,2021-07-17,955,N,VIIRS,n,2,290.85,1.83,N,0
39.96926,-121.35799,308.81,0.39,0.36,2021-07-17,955,N,VIIRS,n,2,287.17,1.72,N,0
39.96988,-121.33902,336.9,0.39,0.36,2021-07-17,955,N,VIIRS,n,2,291.93,1.83,N,0
39.96994,-121.36257,344.49,0.39,0.36,2021-07-17,955,N,VIIRS,n,2,296.83,13.82,N,0
39.97054,-121.32037,299.07,0.39,0.36,2021-07-17,955,N,VIIRS,n,2,287.29,3.3,N,0
39.97055,-121.34351,311.64,0.39,0.36,2021-07-17,955,N,VIIRS,n,2,287.91,0.87,N,0
39.9712,-121.32481,327.91,0.39,0.36,2021-07-17,955,N,VIIRS,n,2,293.62,3.17,N,0
39.97121,-121.34802,298.03,0.39,0.36,2021-07-17,955,N,VIIRS,n,2,285.72,0.87,N,0
39.97186,-121.32927,323.24,0.39,0.36,2021-07-17,955,N,VIIRS,n,2,291.13,3.17,N,0
39.97189,-121.35257,303.37,0.39,0.36,2021-07-17,955,N,VIIRS,n,2,285.83,1.72,N,0
39.97252,-121.33372,327.81,0.39,0.36,2021-07-17,955,N,VIIRS,n,2,293.67,2.99,N,0
39.97256,-121.35713,338.6,0.39,0.36,2021-07-17,955,N,VIIRS,n,2,289.86,1.72,N,0
39.97318,-121.33817,333.26,0.39,0.36,2021-07-17,955,N,VIIRS,n,2,294.75,2.99,N,0
39.97384,-121.3195,329.03,0.39,0.36,2021-07-17,955,N,VIIRS,n,2,292.43,3.3,N,0
39.97385,-121.34265,310.07,0.39,0.36,2021-07-17,955,N,VIIRS,n,2,287.37,2.17,N,0
39.9745,-121.32395,338.03,0.39,0.36,2021-07-17,955,N,VIIRS,n,2,297.15,3.17,N,0
39.97451,-121.34716,308.98,0.39,0.36,2021-07-17,955,N,VIIRS,n,2,286.54,2.17,N,0
39.97516,-121.32842,315.74,0.39,0.36,2021-07-17,955,N,VIIRS,n,2,290.53,3.17,N,0
39.97519,-121.35172,308.46,0.39,0.36,2021-07-17,955,N,VIIRS,n,2,286.18,2.4,N,0
39.97582,-121.33289,311.61,0.39,0.36,2021-07-17,955,N,VIIRS,n,2,290.44,2.99,N,0
39.97586,-121.35629,330.55,0.39,0.36,2021-07-17,955,N,VIIRS,n,2,288.81,2.4,N,0
39.97649,-121.33734,342.88,0.39,0.36,2021-07-17,955,N,VIIRS,n,2,296.76,2.99,N,0
39.97714,-121.31863,327.36,0.39,0.36,2021-07-17,955,N,VIIRS,n,2,287.57,2.68,N,0
39.97715,-121.3418,328.37,0.39,0.36,2021-07-17,955,N,VIIRS,n,2,290.44,2.17,N,0
39.9778,-121.32309,348.53,0.39,0.36,2021-07-17,955,N,VIIRS,n,2,300.53,6.83,N,0
39.97781,-121.3463,329.44,0.39,0.36,2021-07-17,955,N,VIIRS,n,2,289.03,2.17,N,0
39.97846,-121.32758,306.49,0.39,0.36,2021-07-17,955,N,VIIRS,n,2,289.08,6.83,N,0
39.97849,-121.35085,332.92,0.39,0.36,2021-07-17,955,N,VIIRS,n,2,290.49,2.4,N,0
39.97913,-121.33202,319.87,0.39,0.36,2021-07-17,955,N,VIIRS,n,2,287.82,2.97,N,0
39.97979,-121.33651,334.76,0.39,0.36,2021-07-17,955,N,VIIRS,n,2,291.99,2.97,N,0
39.98043,-121.31771,324.29,0.39,0.36,2021-07-17,955,N,VIIRS,n,2,286.72,2.68,N,0
39.98045,-121.34097,319.34,0.39,0.36,2021-07-17,955,N,VIIRS,n,2,287.01,11.61,N,0
39.9811,-121.32224,367,0.39,0.36,2021-07-17,955,N,VIIRS,h,2,306.39,6.83,N,0
39.98111,-121.34545,354.53,0.39,0.36,2021-07-17,955,N,VIIRS,n,2,299.05,11.61,N,0
39.98176,-121.32671,309.91,0.39,0.36,2021-07-17,955,N,VIIRS,n,2,288.1,6.83,N,0
39.98178,-121.35001,329.46,0.39,0.36,2021-07-17,955,N,VIIRS,n,2,285.47,11.33,N,0
39.98243,-121.33119,339.87,0.39,0.36,2021-07-17,955,N,VIIRS,n,2,287.91,2.97,N,0
39.9831,-121.33569,321.2,0.39,0.36,2021-07-17,955,N,VIIRS,n,2,287.99,2.97,N,0
39.98372,-121.31683,348.81,0.39,0.36,2021-07-17,955,N,VIIRS,n,2,303.67,31.87,N,0
39.98376,-121.34017,344.16,0.39,0.36,2021-07-17,955,N,VIIRS,n,2,287.8,11.61,N,0
39.98439,-121.32134,367,0.39,0.36,2021-07-17,955,N,VIIRS,h,2,314.81,39.46,N,0
39.98442,-121.34465,349.77,0.39,0.36,2021-07-17,955,N,VIIRS,n,2,304.55,11.61,N,0
39.98506,-121.32585,332.58,0.39,0.36,2021-07-17,955,N,VIIRS,n,2,293.67,39.46,N,0
39.98509,-121.34916,329.25,0.39,0.36,2021-07-17,955,N,VIIRS,n,2,289.38,11.33,N,0
39.98636,-121.31152,322.47,0.39,0.36,2021-07-17,955,N,VIIRS,n,2,285.1,31.87,N,0
39.98682,-120.27396,296.33,0.38,0.36,2021-07-17,955,N,VIIRS,n,2,281.79,0.72,N,0
39.98702,-121.31596,350.22,0.39,0.36,2021-07-17,955,N,VIIRS,n,2,329.48,31.87,N,0
39.98706,-121.33935,338.03,0.39,0.36,2021-07-17,955,N,VIIRS,n,2,290.84,16.6,N,0
39.98769,-121.32046,340.37,0.39,0.36,2021-07-17,955,N,VIIRS,n,2,323.61,39.46,N,0
39.98773,-121.34382,351.76,0.39,0.36,2021-07-17,955,N,VIIRS,n,2,289.28,16.6,N,0
39.98836,-121.32499,347.07,0.39,0.36,2021-07-17,955,N,VIIRS,n,2,305.18,39.46,N,0
39.9884,-121.34831,302.56,0.39,0.36,2021-07-17,955,N,VIIRS,n,2,284.9,35.24,N,0
39.98903,-121.3295,298.2,0.39,0.36,2021-07-17,955,N,VIIRS,n,2,284.44,0.9,N,0
39.99032,-121.3151,326.18,0.39,0.36,2021-07-17,955,N,VIIRS,n,2,324.5,48.16,N,0
39.99036,-121.3385,324.17,0.39,0.36,2021-07-17,955,N,VIIRS,n,2,285.1,16.6,N,0
39.9908,-120.27756,296.58,0.38,0.36,2021-07-17,955,N,VIIRS,n,2,281.31,0.72,N,0
39.99098,-121.3196,367,0.39,0.36,2021-07-17,955,N,VIIRS,h,2,340.51,131.86,N,0
39.99103,-121.34297,346.18,0.39,0.36,2021-07-17,955,N,VIIRS,n,2,304.29,16.6,N,0
39.99165,-121.3241,367,0.39,0.36,2021-07-17,955,N,VIIRS,h,2,346.48,131.86,N,0
39.99169,-121.34745,328.37,0.39,0.36,2021-07-17,955,N,VIIRS,n,2,311.07,35.24,N,0
39.99232,-121.32861,312.2,0.39,0.36,2021-07-17,955,N,VIIRS,n,2,285.02,5.54,N,0
39.99297,-121.30988,297.11,0.39,0.36,2021-07-17,955,N,VIIRS,n,2,285.26,48.16,N,0
39.99362,-121.31427,367,0.39,0.36,2021-07-17,955,N,VIIRS,h,2,325.98,48.16,N,0
39.99366,-121.33764,323.93,0.39,0.36,2021-07-17,955,N,VIIRS,n,2,285.79,42.66,N,0
39.99407,-120.27668,312.33,0.38,0.36,2021-07-17,955,N,VIIRS,n,2,286.78,1.9,N,0
39.99428,-121.31873,367,0.39,0.36,2021-07-17,955,N,VIIRS,h,2,333.23,131.86,N,0
39.99433,-121.34212,367,0.39,0.36,2021-07-17,955,N,VIIRS,h,2,341.06,42.66,N,0
39.99495,-121.32323,317.44,0.39,0.36,2021-07-17,955,N,VIIRS,n,2,286.15,131.86,N,0
39.99499,-121.34659,367,0.39,0.36,2021-07-17,955,N,VIIRS,h,2,352.66,67.83,N,0
39.99562,-121.32772,303.51,0.39,0.36,2021-07-17,955,N,VIIRS,n,2,283.57,5.54,N,0
39.99566,-121.35113,306.92,0.39,0.36,2021-07-17,955,N,VIIRS,n,2,284.57,67.83,N,0
39.99629,-121.33226,331.5,0.39,0.36,2021-07-17,955,N,VIIRS,n,2,286.85,5.54,N,0
39.99692,-121.31345,319.29,0.39,0.36,2021-07-17,955,N,VIIRS,n,2,284.53,1.65,N,0
39.99697,-121.33678,300.9,0.39,0.36,2021-07-17,955,N,VIIRS,n,2,282.96,42.66,N,0
39.99759,-121.31792,329.65,0.39,0.36,2021-07-17,955,N,VIIRS,n,2,284.72,1.3,N,0
39.99763,-121.34128,340.96,0.39,0.36,2021-07-17,955,N,VIIRS,n,2,322.53,42.66,N,0
39.99826,-121.32241,304.05,0.39,0.36,2021-07-17,955,N,VIIRS,n,2,283.31,1.3,N,0
39.99829,-121.34576,335.89,0.39,0.36,2021-07-17,955,N,VIIRS,n,2,288.52,67.83,N,0
39.99897,-121.3503,297.06,0.39,0.36,2021-07-17,955,N,VIIRS,n,2,284.52,67.83,N,0
40.00023,-121.31263,295.21,0.39,0.36,2021-07-17,955,N,VIIRS,n,2,281.65,1.65,N,0
40.00089,-121.31711,295.65,0.39,0.36,2021-07-17,955,N,VIIRS,n,2,282.07,1.3,N,0
40.00093,-121.34044,304.78,0.39,0.36,2021-07-17,955,N,VIIRS,n,2,283.84,0.95,N,0
40.0016,-121.34493,310.49,0.39,0.36,2021-07-17,955,N,VIIRS,n,2,284.93,0.94,N,0
40.00928,-120.2216,314.18,0.38,0.36,2021-07-17,955,N,VIIRS,n,2,284.19,2.51,N,0
40.00998,-120.22604,334.12,0.38,0.36,2021-07-17,955,N,VIIRS,n,2,283.34,2.51,N,0
40.01256,-120.22071,297.48,0.38,0.36,2021-07-17,955,N,VIIRS,n,2,283.76,1.06,N,0
40.06436,-120.20448,297.78,0.38,0.36,2021-07-17,955,N,VIIRS,n,2,285.95,0.75,N,0
40.12001,-122.16143,302.47,0.4,0.37,2021-07-17,955,N,VIIRS,n,2,288.95,0.45,N,0
40.12337,-122.16064,299.2,0.4,0.37,2021-07-17,955,N,VIIRS,n,2,289.1,0.45,N,0
40.73596,-122.32522,308.58,0.41,0.37,2021-07-17,955,N,VIIRS,n,2,292.94,0.61,N,2
41.45163,-122.22894,296.04,0.41,0.37,2021-07-17,955,N,VIIRS,n,2,281.45,0.64,N,0
39.90358,-121.35343,349.06,0.47,0.4,2021-07-17,2118,N,VIIRS,n,2,318.56,20.53,D,0
39.9078,-121.34916,354.18,0.47,0.4,2021-07-17,2118,N,VIIRS,n,2,319.79,34.48,D,0
39.90844,-121.34368,352.48,0.47,0.4,2021-07-17,2118,N,VIIRS,l,2,328.82,34.48,D,0
39.91268,-121.33933,353.17,0.47,0.4,2021-07-17,2118,N,VIIRS,l,2,326.27,33.16,D,0
39.91339,-121.33334,348.35,0.47,0.4,2021-07-17,2118,N,VIIRS,l,2,319.04,33.16,D,0
39.91689,-121.33515,354.51,0.47,0.4,2021-07-17,2118,N,VIIRS,n,2,318.6,33.16,D,0
39.92385,-121.33425,354.59,0.47,0.4,2021-07-17,2118,N,VIIRS,n,2,315.64,20.29,D,0
39.93826,-121.37135,367,0.47,0.4,2021-07-17,2118,N,VIIRS,l,2,329.55,104.06,D,0
39.94121,-121.37812,367,0.47,0.4,2021-07-17,2118,N,VIIRS,l,2,327.35,273.75,D,0
39.94189,-121.37218,367,0.47,0.4,2021-07-17,2118,N,VIIRS,h,2,349.72,273.75,D,0
39.94483,-121.37904,367,0.47,0.4,2021-07-17,2118,N,VIIRS,h,2,360.99,273.75,D,0
39.94551,-121.37308,367,0.47,0.4,2021-07-17,2118,N,VIIRS,h,2,355.7,273.75,D,0
39.94695,-121.32779,367,0.47,0.4,2021-07-17,2118,N,VIIRS,l,2,334.54,155.97,D,0
39.94844,-121.37999,367,0.47,0.4,2021-07-17,2118,N,VIIRS,h,2,356.88,273.83,D,0
39.94912,-121.37402,367,0.47,0.4,2021-07-17,2118,N,VIIRS,l,2,339.6,273.83,D,0
39.95051,-121.32934,367,0.47,0.4,2021-07-17,2118,N,VIIRS,h,2,342.69,155.97,D,0
39.95121,-121.32317,367,0.47,0.4,2021-07-17,2118,N,VIIRS,h,2,345.52,320.38,D,0
39.95273,-121.37502,367,0.47,0.4,2021-07-17,2118,N,VIIRS,h,2,306.9,273.83,D,0
39.95336,-121.36954,367,0.47,0.4,2021-07-17,2118,N,VIIRS,l,2,330.8,207.56,D,0
39.95477,-121.32472,367,0.47,0.4,2021-07-17,2118,N,VIIRS,h,2,340.82,138.17,D,0
39.97414,-121.31842,367,0.47,0.4,2021-07-17,2118,N,VIIRS,l,2,335.01,82.89,D,0
39.97749,-121.35398,367,0.47,0.4,2021-07-17,2118,N,VIIRS,l,2,325.53,124.85,D,0
39.97775,-121.31944,367,0.47,0.4,2021-07-17,2118,N,VIIRS,l,2,368.74,325.92,D,0
39.97838,-121.31398,367,0.47,0.4,2021-07-17,2118,N,VIIRS,h,2,346.06,325.92,D,0
39.9794,-121.3375,354.64,0.47,0.4,2021-07-17,2118,N,VIIRS,n,2,313.12,49.47,D,0
39.98006,-121.33176,355.9,0.47,0.4,2021-07-17,2118,N,VIIRS,n,2,316.59,64.84,D,0
39.98136,-121.32047,367,0.47,0.4,2021-07-17,2118,N,VIIRS,h,2,352.49,325.92,D,0
39.98174,-121.34949,352.91,0.47,0.4,2021-07-17,2118,N,VIIRS,n,2,306.47,54.63,D,0
39.98199,-121.31502,367,0.47,0.4,2021-07-17,2118,N,VIIRS,l,2,376.83,325.92,D,0
39.98237,-121.34402,357.16,0.47,0.4,2021-07-17,2118,N,VIIRS,n,2,309,139.88,D,0
39.98269,-121.30901,351.96,0.47,0.4,2021-07-17,2118,N,VIIRS,n,2,318.35,218.17,D,0
39.98498,-121.32143,352.68,0.47,0.4,2021-07-17,2118,N,VIIRS,n,2,316.46,48.23,D,0
39.98561,-121.31595,367,0.47,0.4,2021-07-17,2118,N,VIIRS,l,2,332.39,48.23,D,0
39.98602,-121.3447,367,0.47,0.4,2021-07-17,2118,N,VIIRS,h,2,335.18,139.88,D,0
39.9863,-121.31001,347.95,0.47,0.4,2021-07-17,2118,N,VIIRS,n,2,322.3,86.02,D,0
39.9886,-121.32238,367,0.47,0.4,2021-07-17,2118,N,VIIRS,h,2,322.39,48.23,D,0
39.98924,-121.31683,367,0.47,0.4,2021-07-17,2118,N,VIIRS,h,2,316.82,48.23,D,0
39.98964,-121.34555,367,0.47,0.4,2021-07-17,2118,N,VIIRS,l,2,359.61,225.54,D,0
39.98993,-121.31092,347.11,0.47,0.4,2021-07-17,2118,N,VIIRS,n,2,304.38,86.02,D,0
39.99031,-121.3398,367,0.47,0.4,2021-07-17,2118,N,VIIRS,h,2,358.7,225.54,D,0
39.99096,-121.3342,348.12,0.47,0.4,2021-07-17,2118,N,VIIRS,n,2,301.81,77.8,D,0
39.99222,-121.32333,367,0.47,0.4,2021-07-17,2118,N,VIIRS,h,2,344.47,321.02,D,0
39.99287,-121.31774,356.29,0.47,0.4,2021-07-17,2118,N,VIIRS,n,2,322.87,321.02,D,0
39.99327,-121.34643,355.2,0.47,0.4,2021-07-17,2118,N,VIIRS,n,2,311.24,225.54,D,0
39.99393,-121.34074,367,0.47,0.4,2021-07-17,2118,N,VIIRS,h,2,347.83,225.54,D,0
39.99458,-121.33514,353.85,0.47,0.4,2021-07-17,2118,N,VIIRS,n,2,304.13,77.8,D,0
39.99521,-121.3297,345.8,0.47,0.4,2021-07-17,2118,N,VIIRS,n,2,314.02,77.8,D,0
39.99585,-121.3242,367,0.47,0.4,2021-07-17,2118,N,VIIRS,l,2,375.69,321.02,D,0
39.99651,-121.31852,353.78,0.47,0.4,2021-07-17,2118,N,VIIRS,l,2,332.3,321.02,D,0
39.9969,-121.34723,355.44,0.47,0.4,2021-07-17,2118,N,VIIRS,n,2,317.27,176.02,D,0
39.99756,-121.34161,367,0.47,0.4,2021-07-17,2118,N,VIIRS,h,2,355.1,176.02,D,0
39.99821,-121.33594,367,0.47,0.4,2021-07-17,2118,N,VIIRS,l,2,330.46,148.31,D,0
39.99886,-121.3304,367,0.47,0.4,2021-07-17,2118,N,VIIRS,h,2,342.57,148.31,D,0
39.99951,-121.32478,367,0.47,0.4,2021-07-17,2118,N,VIIRS,l,2,360.62,244.34,D,0
40.00017,-121.31911,367,0.47,0.4,2021-07-17,2118,N,VIIRS,l,2,333.52,244.34,D,0
40.00055,-121.34787,367,0.47,0.4,2021-07-17,2118,N,VIIRS,h,2,352.98,176.02,D,0
40.0012,-121.34234,367,0.47,0.4,2021-07-17,2118,N,VIIRS,l,2,371.49,176.02,D,0
40.00186,-121.33665,352.08,0.47,0.4,2021-07-17,2118,N,VIIRS,n,2,314.65,148.31,D,0
40.00252,-121.33099,367,0.47,0.4,2021-07-17,2118,N,VIIRS,h,2,341.63,148.31,D,0
40.00318,-121.32528,367,0.47,0.4,2021-07-17,2118,N,VIIRS,l,2,331.56,244.34,D,0
40.00384,-121.31961,352.13,0.47,0.4,2021-07-17,2118,N,VIIRS,n,2,300.84,244.34,D,0
40.00421,-121.34847,343.87,0.47,0.4,2021-07-17,2118,N,VIIRS,n,2,300.49,45.44,D,0
40.00484,-121.34304,343.4,0.47,0.4,2021-07-17,2118,N,VIIRS,n,2,315.9,45.44,D,0
40.00552,-121.33727,347.77,0.47,0.4,2021-07-17,2118,N,VIIRS,n,2,296.11,15.58,D,0
40.0062,-121.33144,349.53,0.47,0.4,2021-07-17,2118,N,VIIRS,n,2,297.18,15.58,D,0
40.00688,-121.32561,351.16,0.47,0.4,2021-07-17,2118,N,VIIRS,n,2,303.79,36.33,D,0
40.0085,-121.34364,337.86,0.47,0.4,2021-07-17,2118,N,VIIRS,n,2,296.7,45.44,D,0
40.00919,-121.33781,340.88,0.47,0.4,2021-07-17,2118,N,VIIRS,n,2,295.37,15.58,D,0
40.0099,-121.33169,341.53,0.47,0.4,2021-07-17,2118,N,VIIRS,n,2,293.81,15.58,D,0
40.01058,-121.32587,347.65,0.47,0.4,2021-07-17,2118,N,VIIRS,n,2,301.73,36.33,D,0
40.01285,-121.33831,352.86,0.47,0.4,2021-07-17,2118,N,VIIRS,n,2,305.57,14.52,D,0
40.0136,-121.33205,337.33,0.47,0.4,2021-07-17,2118,N,VIIRS,n,2,297.35,14.52,D,0
40.01727,-121.33259,334.09,0.47,0.4,2021-07-17,2118,N,VIIRS,n,2,294.95,14.52,D,0
41.44675,-122.21707,344.89,0.45,0.39,2021-07-17,2118,N,VIIRS,n,2,310.44,6.45,D,0