latitude,longitude,bright_ti4,scan,track,acq_date,acq_time,satellite,instrument,confidence,version,bright_ti5,frp,daynight,type
39.61897,-119.2644,306.74,0.4,0.37,2021-07-23,943,N,VIIRS,n,2,292.56,1.06,N,2
39.89183,-121.31439,333,0.46,0.39,2021-07-23,943,N,VIIRS,n,2,291.94,5.02,N,0
39.89546,-121.31377,342.6,0.46,0.39,2021-07-23,943,N,VIIRS,n,2,296.59,4.42,N,0
39.89615,-121.31937,320.04,0.46,0.39,2021-07-23,943,N,VIIRS,n,2,292.08,4.42,N,0
39.89732,-121.26874,304.62,0.46,0.39,2021-07-23,943,N,VIIRS,n,2,289.86,1.1,N,0
39.89748,-121.23836,300.3,0.46,0.39,2021-07-23,943,N,VIIRS,n,2,289.19,1.46,N,0
39.90047,-121.23243,303.65,0.46,0.39,2021-07-23,943,N,VIIRS,n,2,286.31,0.91,N,0
39.90076,-121.26598,304.5,0.46,0.39,2021-07-23,943,N,VIIRS,n,2,289.39,0.92,N,0
39.90092,-121.26792,305.01,0.46,0.39,2021-07-23,943,N,VIIRS,n,2,289.3,1.1,N,0
39.9011,-121.23779,321.04,0.46,0.39,2021-07-23,943,N,VIIRS,n,2,293.52,1.46,N,0
39.90174,-121.2431,305.87,0.46,0.39,2021-07-23,943,N,VIIRS,n,2,288.92,1.46,N,0
39.90238,-121.24848,302.43,0.46,0.39,2021-07-23,943,N,VIIRS,n,2,289.9,1.41,N,0
39.9037,-121.25956,303.82,0.46,0.39,2021-07-23,943,N,VIIRS,n,2,290.34,0.92,N,0
39.90409,-121.23187,315.2,0.46,0.39,2021-07-23,943,N,VIIRS,n,2,287.94,3.52,N,0
39.90474,-121.2373,347.59,0.46,0.39,2021-07-23,943,N,VIIRS,n,2,293.27,12.14,N,0
39.90536,-121.24258,348.52,0.46,0.39,2021-07-23,943,N,VIIRS,n,2,297.68,12.14,N,0
39.90602,-121.248,338.37,0.46,0.39,2021-07-23,943,N,VIIRS,n,2,296.27,3.95,N,0
39.90669,-121.25368,309.63,0.46,0.39,2021-07-23,943,N,VIIRS,n,2,289.54,3.95,N,0
39.90769,-121.23115,319.31,0.46,0.39,2021-07-23,943,N,VIIRS,n,2,288.4,3.52,N,0
39.90837,-121.23684,331.67,0.46,0.39,2021-07-23,943,N,VIIRS,n,2,293.56,12.14,N,0
39.90902,-121.2423,346.52,0.46,0.39,2021-07-23,943,N,VIIRS,n,2,295.14,12.14,N,0
39.90968,-121.24785,313.05,0.46,0.39,2021-07-23,943,N,VIIRS,n,2,289.2,3.95,N,0
39.91058,-121.22437,367,0.46,0.39,2021-07-23,943,N,VIIRS,h,2,318.5,69.81,N,0
39.91129,-121.23035,367,0.46,0.39,2021-07-23,943,N,VIIRS,h,2,336.18,69.81,N,0
39.912,-121.23634,315.32,0.46,0.39,2021-07-23,943,N,VIIRS,n,2,287.19,3.66,N,0
39.91267,-121.24195,322.94,0.46,0.39,2021-07-23,943,N,VIIRS,n,2,289.92,3.66,N,0
39.91346,-121.21759,333.39,0.46,0.39,2021-07-23,943,N,VIIRS,n,2,302.76,29.22,N,0
39.91415,-121.22339,367,0.46,0.39,2021-07-23,943,N,VIIRS,h,2,311.75,69.81,N,0
39.91488,-121.22946,355.2,0.46,0.39,2021-07-23,943,N,VIIRS,n,2,304.53,69.81,N,0
39.91559,-121.23547,327.37,0.46,0.39,2021-07-23,943,N,VIIRS,n,2,291.57,3.66,N,0
39.91627,-121.24119,301.3,0.46,0.39,2021-07-23,943,N,VIIRS,n,2,287.95,3.66,N,0
39.91705,-121.21674,352.06,0.46,0.39,2021-07-23,943,N,VIIRS,n,2,300.51,11.83,N,0
39.91775,-121.22262,330.14,0.46,0.39,2021-07-23,943,N,VIIRS,n,2,297.09,3.32,N,0
39.91847,-121.22865,314.17,0.46,0.39,2021-07-23,943,N,VIIRS,n,2,293.14,3.32,N,0
39.91917,-121.23454,309.28,0.46,0.39,2021-07-23,943,N,VIIRS,n,2,290.21,1.41,N,0
39.91996,-121.21026,328.57,0.46,0.39,2021-07-23,943,N,VIIRS,n,2,286.93,11.83,N,0
39.92064,-121.21591,347.09,0.46,0.39,2021-07-23,943,N,VIIRS,n,2,297.5,11.83,N,0
39.92133,-121.22172,339.66,0.46,0.39,2021-07-23,943,N,VIIRS,n,2,298.28,3.32,N,0
39.92203,-121.22757,304.97,0.46,0.39,2021-07-23,943,N,VIIRS,n,2,290.41,3.32,N,0
39.92272,-121.23328,308.7,0.46,0.39,2021-07-23,943,N,VIIRS,n,2,291,1.41,N,0
39.92356,-121.20952,342.84,0.46,0.39,2021-07-23,943,N,VIIRS,n,2,297.12,11.42,N,0
39.92422,-121.21508,349.26,0.46,0.39,2021-07-23,943,N,VIIRS,n,2,302.52,11.42,N,0
39.92489,-121.22054,316.25,0.46,0.39,2021-07-23,943,N,VIIRS,n,2,290.16,3.21,N,0
39.92717,-121.20893,342.27,0.46,0.39,2021-07-23,943,N,VIIRS,n,2,296.37,11.42,N,0
39.92783,-121.21432,355.98,0.46,0.39,2021-07-23,943,N,VIIRS,n,2,304.78,11.42,N,0
39.92845,-121.21949,334.63,0.46,0.39,2021-07-23,943,N,VIIRS,n,2,294.17,3.21,N,0
39.9291,-121.2249,312.19,0.46,0.39,2021-07-23,943,N,VIIRS,n,2,287.39,3.21,N,0
39.93078,-121.20827,345.68,0.46,0.39,2021-07-23,943,N,VIIRS,n,2,301.57,19.06,N,0
39.93142,-121.21355,367,0.46,0.39,2021-07-23,943,N,VIIRS,h,2,305.35,19.06,N,0
39.93204,-121.21864,341.59,0.46,0.39,2021-07-23,943,N,VIIRS,n,2,295.7,9.08,N,0
39.93267,-121.22388,310.37,0.46,0.39,2021-07-23,943,N,VIIRS,n,2,287.65,9.08,N,0
39.93331,-121.22918,303.18,0.46,0.39,2021-07-23,943,N,VIIRS,n,2,283.66,2.36,N,0
39.93396,-121.23456,298.83,0.46,0.39,2021-07-23,943,N,VIIRS,n,2,281.63,2.36,N,0
39.93438,-121.2075,348.61,0.46,0.39,2021-07-23,943,N,VIIRS,n,2,305.56,19.06,N,0
39.93501,-121.21275,367,0.46,0.39,2021-07-23,943,N,VIIRS,h,2,317.18,19.06,N,0
39.93563,-121.21786,343.33,0.46,0.39,2021-07-23,943,N,VIIRS,n,2,304.12,9.08,N,0
39.93626,-121.22299,318.13,0.46,0.39,2021-07-23,943,N,VIIRS,n,2,288.78,9.08,N,0
39.93687,-121.22811,329.83,0.46,0.39,2021-07-23,943,N,VIIRS,n,2,289.93,2.36,N,0
39.93751,-121.23338,332.58,0.46,0.39,2021-07-23,943,N,VIIRS,n,2,284.75,2.36,N,0
39.93797,-121.2067,336.26,0.46,0.39,2021-07-23,943,N,VIIRS,n,2,291.25,18.88,N,0
39.93861,-121.21195,367,0.46,0.39,2021-07-23,943,N,VIIRS,h,2,316.77,18.88,N,0
39.93923,-121.21713,347.82,0.46,0.39,2021-07-23,943,N,VIIRS,n,2,300.08,9.72,N,0
39.93986,-121.22225,350.24,0.46,0.39,2021-07-23,943,N,VIIRS,n,2,297.01,9.72,N,0
39.94047,-121.22735,336.9,0.46,0.39,2021-07-23,943,N,VIIRS,n,2,289.73,5.71,N,0
39.94111,-121.23262,343.84,0.46,0.39,2021-07-23,943,N,VIIRS,n,2,292.25,5.71,N,0
39.94156,-121.20587,347.14,0.46,0.39,2021-07-23,943,N,VIIRS,n,2,292.32,18.88,N,0
39.94179,-121.23826,305.16,0.46,0.39,2021-07-23,943,N,VIIRS,n,2,286.05,1.56,N,0
39.9422,-121.21116,367,0.46,0.39,2021-07-23,943,N,VIIRS,h,2,313.8,18.88,N,0
39.94283,-121.21638,353,0.46,0.39,2021-07-23,943,N,VIIRS,n,2,303.75,9.72,N,0
39.94346,-121.22154,328.92,0.46,0.39,2021-07-23,943,N,VIIRS,n,2,291.23,9.72,N,0
39.94408,-121.22666,330.41,0.46,0.39,2021-07-23,943,N,VIIRS,n,2,290.42,5.71,N,0
39.9445,-121.19974,333.47,0.46,0.39,2021-07-23,943,N,VIIRS,n,2,287.51,4.35,N,0
39.94472,-121.23195,348.11,0.46,0.39,2021-07-23,943,N,VIIRS,n,2,296.29,5.71,N,0
39.94514,-121.20501,355.09,0.46,0.39,2021-07-23,943,N,VIIRS,n,2,317.99,26.59,N,0
39.94541,-121.23766,310.42,0.46,0.39,2021-07-23,943,N,VIIRS,n,2,286.21,1.56,N,0
39.94579,-121.21031,367,0.46,0.39,2021-07-23,943,N,VIIRS,h,2,317.25,26.59,N,0
39.94643,-121.21558,351.07,0.46,0.39,2021-07-23,943,N,VIIRS,n,2,300.91,6.66,N,0
39.94706,-121.22082,337.04,0.46,0.39,2021-07-23,943,N,VIIRS,n,2,297.37,6.66,N,0
39.9477,-121.22605,326.32,0.46,0.39,2021-07-23,943,N,VIIRS,n,2,290.88,2.56,N,0
39.94808,-121.19887,300.3,0.46,0.39,2021-07-23,943,N,VIIRS,n,2,283.94,4.35,N,0
39.94835,-121.23146,315.26,0.46,0.39,2021-07-23,943,N,VIIRS,n,2,286.06,2.56,N,0
39.94872,-121.20409,356.15,0.46,0.39,2021-07-23,943,N,VIIRS,n,2,312.18,26.59,N,0
39.94936,-121.20936,356.53,0.46,0.39,2021-07-23,943,N,VIIRS,n,2,311.77,26.59,N,0
39.95,-121.21461,340.47,0.46,0.39,2021-07-23,943,N,VIIRS,n,2,299.89,6.66,N,0
39.95065,-121.21997,330.29,0.46,0.39,2021-07-23,943,N,VIIRS,n,2,294.65,6.66,N,0
39.95131,-121.22546,325.73,0.46,0.39,2021-07-23,943,N,VIIRS,n,2,289.2,2.56,N,0
39.95166,-121.19797,330.9,0.46,0.39,2021-07-23,943,N,VIIRS,n,2,287.67,4.82,N,0
39.95199,-121.23103,305.29,0.46,0.39,2021-07-23,943,N,VIIRS,n,2,283.4,2.56,N,0
39.9523,-121.20318,352.4,0.46,0.39,2021-07-23,943,N,VIIRS,n,2,303.07,7.09,N,0
39.95267,-121.23666,310.08,0.46,0.39,2021-07-23,943,N,VIIRS,n,2,285.02,1.53,N,0
39.95293,-121.20839,333.2,0.46,0.39,2021-07-23,943,N,VIIRS,n,2,296.03,7.09,N,0
39.95358,-121.21366,336.96,0.46,0.39,2021-07-23,943,N,VIIRS,n,2,296.35,4.9,N,0
39.95423,-121.21909,334.92,0.46,0.39,2021-07-23,943,N,VIIRS,n,2,294.32,4.9,N,0
39.95492,-121.22478,337.61,0.46,0.39,2021-07-23,943,N,VIIRS,n,2,289.9,3.57,N,0
39.95524,-121.19711,336.83,0.46,0.39,2021-07-23,943,N,VIIRS,n,2,289.51,4.82,N,0
39.95588,-121.20232,338.71,0.46,0.39,2021-07-23,943,N,VIIRS,n,2,296.16,7.09,N,0
39.95652,-121.20755,327.27,0.46,0.39,2021-07-23,943,N,VIIRS,n,2,292.58,7.09,N,0
39.95716,-121.21285,334.18,0.46,0.39,2021-07-23,943,N,VIIRS,n,2,292.27,4.9,N,0
39.95783,-121.21835,328,0.46,0.39,2021-07-23,943,N,VIIRS,n,2,289.25,4.9,N,0
39.95853,-121.22408,303.77,0.46,0.39,2021-07-23,943,N,VIIRS,n,2,282.53,3.57,N,0
39.95883,-121.1963,343.99,0.46,0.39,2021-07-23,943,N,VIIRS,n,2,295.41,7.42,N,0
39.95947,-121.20153,333.38,0.46,0.39,2021-07-23,943,N,VIIRS,n,2,294.03,4.86,N,0
39.96011,-121.20677,324.48,0.46,0.39,2021-07-23,943,N,VIIRS,n,2,289.28,4.86,N,0
39.96076,-121.2121,339.56,0.46,0.39,2021-07-23,943,N,VIIRS,n,2,290.7,4.41,N,0
39.96144,-121.21764,314.14,0.46,0.39,2021-07-23,943,N,VIIRS,n,2,282.24,4.41,N,0
39.96209,-121.16264,337.13,0.46,0.39,2021-07-23,943,N,VIIRS,n,2,289.46,5.04,N,0
39.96243,-121.1955,339.42,0.46,0.39,2021-07-23,943,N,VIIRS,n,2,289.31,7.42,N,0
39.96307,-121.20081,341.39,0.46,0.39,2021-07-23,943,N,VIIRS,n,2,295.03,4.86,N,0
39.96372,-121.20611,329.13,0.46,0.39,2021-07-23,943,N,VIIRS,n,2,289.25,4.86,N,0
39.96439,-121.21154,335.47,0.46,0.39,2021-07-23,943,N,VIIRS,n,2,289.26,4.41,N,0
39.96446,-121.15199,324.07,0.46,0.39,2021-07-23,943,N,VIIRS,n,2,286.29,2.61,N,0
39.96511,-121.15723,331.79,0.46,0.39,2021-07-23,943,N,VIIRS,n,2,290.25,5.04,N,0
39.96574,-121.16235,300.89,0.46,0.39,2021-07-23,943,N,VIIRS,n,2,285.8,5.04,N,0
39.96603,-121.19488,337.95,0.46,0.39,2021-07-23,943,N,VIIRS,n,2,289.21,7.33,N,0
39.96638,-121.16758,299.87,0.46,0.39,2021-07-23,943,N,VIIRS,n,2,285.35,1.15,N,0
39.96669,-121.20025,340.77,0.46,0.39,2021-07-23,943,N,VIIRS,n,2,294.24,4.29,N,0
39.96735,-121.20566,299.95,0.46,0.39,2021-07-23,943,N,VIIRS,n,2,284.13,4.29,N,0
39.9674,-121.14592,343.51,0.46,0.39,2021-07-23,943,N,VIIRS,n,2,285.46,5.8,N,0
39.96808,-121.15142,339.69,0.46,0.39,2021-07-23,943,N,VIIRS,n,2,291.02,5.8,N,0
39.96833,-121.18353,313.84,0.46,0.39,2021-07-23,943,N,VIIRS,n,2,286.34,1.38,N,0
39.96839,-121.12408,299.38,0.46,0.39,2021-07-23,943,N,VIIRS,n,2,284.79,3.75,N,0
39.96874,-121.15683,351.25,0.46,0.39,2021-07-23,943,N,VIIRS,n,2,294.39,9.46,N,0
39.96898,-121.18883,338.02,0.46,0.39,2021-07-23,943,N,VIIRS,n,2,288.2,7.33,N,0
39.96902,-121.12923,343.42,0.46,0.39,2021-07-23,943,N,VIIRS,n,2,284.51,3.75,N,0
39.96965,-121.19427,347.74,0.46,0.39,2021-07-23,943,N,VIIRS,n,2,294.83,7.33,N,0
39.96967,-121.13447,349.78,0.46,0.39,2021-07-23,943,N,VIIRS,n,2,285.29,15.5,N,0
39.97031,-121.19972,332.37,0.46,0.39,2021-07-23,943,N,VIIRS,n,2,293.08,4.29,N,0
39.97033,-121.13982,352.86,0.46,0.39,2021-07-23,943,N,VIIRS,n,2,294.43,15.5,N,0
39.971,-121.14528,349.09,0.46,0.39,2021-07-23,943,N,VIIRS,n,2,293.45,5.8,N,0
39.97169,-121.15083,300.41,0.46,0.39,2021-07-23,943,N,VIIRS,n,2,284.96,5.8,N,0
39.972,-121.12349,331.22,0.46,0.39,2021-07-23,943,N,VIIRS,n,2,295.09,56.06,N,0
39.97261,-121.18835,340.78,0.46,0.39,2021-07-23,943,N,VIIRS,n,2,291.77,6.64,N,0
39.97263,-121.12864,351.35,0.46,0.39,2021-07-23,943,N,VIIRS,n,2,323.17,56.06,N,0
39.97328,-121.19381,341.19,0.46,0.39,2021-07-23,943,N,VIIRS,n,2,296.05,6.64,N,0
39.97328,-121.13393,352.04,0.46,0.39,2021-07-23,943,N,VIIRS,n,2,301.2,6.11,N,0
39.97394,-121.13924,324.44,0.46,0.39,2021-07-23,943,N,VIIRS,n,2,285.43,6.11,N,0
39.97395,-121.1992,302.56,0.46,0.39,2021-07-23,943,N,VIIRS,n,2,285.67,0.95,N,0
39.975,-121.11797,304.32,0.46,0.39,2021-07-23,943,N,VIIRS,n,2,286.66,2.06,N,0
39.97563,-121.12312,330.59,0.46,0.39,2021-07-23,943,N,VIIRS,n,2,321.61,56.06,N,0
39.97627,-121.12833,355.44,0.46,0.39,2021-07-23,943,N,VIIRS,n,2,313.15,56.06,N,0
39.97692,-121.13355,325.48,0.46,0.39,2021-07-23,943,N,VIIRS,n,2,288.06,6.11,N,0
39.97757,-121.13876,307.88,0.46,0.39,2021-07-23,943,N,VIIRS,n,2,282.77,6.11,N,0
39.97862,-121.11752,300.71,0.46,0.39,2021-07-23,943,N,VIIRS,n,2,285.85,2.56,N,0
39.97926,-121.12268,346.78,0.46,0.39,2021-07-23,943,N,VIIRS,n,2,302.19,21.19,N,0
39.97991,-121.1279,348.66,0.46,0.39,2021-07-23,943,N,VIIRS,n,2,297.13,21.19,N,0
39.98055,-121.1331,320.69,0.46,0.39,2021-07-23,943,N,VIIRS,n,2,288.22,2.86,N,0
39.98222,-121.11684,323.78,0.46,0.39,2021-07-23,943,N,VIIRS,n,2,285.91,2.56,N,0
39.98286,-121.12201,354.4,0.46,0.39,2021-07-23,943,N,VIIRS,n,2,309.14,21.19,N,0
39.98351,-121.12724,343.02,0.46,0.39,2021-07-23,943,N,VIIRS,n,2,296.59,21.19,N,0
39.9837,-121.12045,356.07,0.46,0.39,2021-07-23,943,N,VIIRS,n,2,302.26,18.05,N,0
39.984,-121.40403,295.12,0.47,0.4,2021-07-23,943,N,VIIRS,n,2,281.36,1.14,N,0
39.98416,-121.13248,317.18,0.46,0.39,2021-07-23,943,N,VIIRS,n,2,289.29,2.86,N,0
39.98433,-121.12569,347.82,0.46,0.39,2021-07-23,943,N,VIIRS,n,2,297.18,4.82,N,0
39.98495,-121.13094,318.87,0.46,0.39,2021-07-23,943,N,VIIRS,n,2,288.66,4.82,N,0
39.9858,-121.11604,303.75,0.46,0.39,2021-07-23,943,N,VIIRS,n,2,284.61,3.62,N,0
39.98645,-121.12128,354.74,0.46,0.39,2021-07-23,943,N,VIIRS,n,2,297.47,5.73,N,0
39.98709,-121.12653,313.01,0.46,0.39,2021-07-23,943,N,VIIRS,n,2,283.88,5.73,N,0
39.98729,-121.11969,347.34,0.46,0.39,2021-07-23,943,N,VIIRS,n,2,291.77,18.05,N,0
39.98775,-121.13179,302.49,0.46,0.39,2021-07-23,943,N,VIIRS,n,2,286.66,1.33,N,0
39.98792,-121.12495,318.14,0.46,0.39,2021-07-23,943,N,VIIRS,n,2,284.38,4.82,N,0
39.98855,-121.13022,301.43,0.46,0.39,2021-07-23,943,N,VIIRS,n,2,284.96,4.82,N,0
39.98938,-121.11523,332.55,0.46,0.39,2021-07-23,943,N,VIIRS,n,2,288.12,3.62,N,0
39.99003,-121.12048,331.71,0.46,0.39,2021-07-23,943,N,VIIRS,n,2,288.16,5.73,N,0
39.99024,-121.11366,330.16,0.46,0.39,2021-07-23,943,N,VIIRS,n,2,287.5,6.06,N,0
39.99068,-121.12572,298.33,0.46,0.39,2021-07-23,943,N,VIIRS,n,2,281.39,5.73,N,0
39.99088,-121.1189,341.74,0.46,0.39,2021-07-23,943,N,VIIRS,n,2,293.78,6.06,N,0
39.9915,-121.12415,298.19,0.46,0.39,2021-07-23,943,N,VIIRS,n,2,280.41,1.2,N,0
39.99382,-121.11288,342.73,0.46,0.39,2021-07-23,943,N,VIIRS,n,2,290.97,6.06,N,0
39.99446,-121.1181,315.87,0.46,0.39,2021-07-23,943,N,VIIRS,n,2,285.72,6.06,N,0
39.99743,-121.11227,341.2,0.46,0.39,2021-07-23,943,N,VIIRS,n,2,290.33,3.62,N,0
39.99806,-121.11749,310.42,0.46,0.39,2021-07-23,943,N,VIIRS,n,2,285.51,3.62,N,0
40.00077,-121.38895,304.1,0.47,0.4,2021-07-23,943,N,VIIRS,n,2,284.19,1.45,N,0
40.00106,-121.11193,339.83,0.46,0.39,2021-07-23,943,N,VIIRS,n,2,289.36,3.62,N,0
40.00168,-121.11703,302.05,0.46,0.39,2021-07-23,943,N,VIIRS,n,2,285.87,3.62,N,0
40.00174,-120.96655,304.36,0.45,0.39,2021-07-23,943,N,VIIRS,n,2,285.27,1.47,N,0
40.0037,-121.38248,299.12,0.47,0.4,2021-07-23,943,N,VIIRS,n,2,285.74,0.98,N,0
40.00411,-121.10675,298.96,0.46,0.39,2021-07-23,943,N,VIIRS,n,2,284.51,1.66,N,0
40.00438,-121.38809,304.56,0.47,0.4,2021-07-23,943,N,VIIRS,n,2,284.87,0.98,N,0
40.00467,-120.96067,314.34,0.45,0.39,2021-07-23,943,N,VIIRS,n,2,287.21,1.47,N,0
40.0047,-121.11163,347.32,0.46,0.39,2021-07-23,943,N,VIIRS,n,2,291.45,5.61,N,0
40.00532,-120.96589,314.78,0.45,0.39,2021-07-23,943,N,VIIRS,n,2,287,1.47,N,0
40.00776,-121.10654,320.53,0.46,0.39,2021-07-23,943,N,VIIRS,n,2,285.46,1.66,N,0
40.00824,-120.95982,307.02,0.45,0.39,2021-07-23,943,N,VIIRS,n,2,287.51,1.37,N,0
40.00835,-121.11147,339.84,0.46,0.39,2021-07-23,943,N,VIIRS,n,2,290.76,5.61,N,0
40.00856,-121.14364,301.96,0.46,0.39,2021-07-23,943,N,VIIRS,n,2,284.78,0.96,N,0
40.00889,-120.96515,306.69,0.45,0.39,2021-07-23,943,N,VIIRS,n,2,287.86,1.37,N,0
40.00897,-121.11652,313.29,0.46,0.39,2021-07-23,943,N,VIIRS,n,2,289.1,5.61,N,0
40.00922,-121.14917,307.21,0.46,0.39,2021-07-23,943,N,VIIRS,n,2,284.46,0.96,N,0
40.01044,-120.94797,305.26,0.45,0.39,2021-07-23,943,N,VIIRS,n,2,286.15,1.9,N,0
40.01111,-120.9534,322.09,0.45,0.39,2021-07-23,943,N,VIIRS,n,2,289.85,1.9,N,0
40.01141,-121.1063,330.05,0.46,0.39,2021-07-23,943,N,VIIRS,n,2,288.87,4.76,N,0
40.01179,-120.95895,322.87,0.45,0.39,2021-07-23,943,N,VIIRS,n,2,290.55,1.37,N,0
40.01201,-121.11131,342.39,0.46,0.39,2021-07-23,943,N,VIIRS,n,2,293.79,6.1,N,0
40.01246,-120.96441,301.71,0.45,0.39,2021-07-23,943,N,VIIRS,n,2,287.84,1.37,N,0
40.01262,-121.11636,311.97,0.46,0.39,2021-07-23,943,N,VIIRS,n,2,289.73,6.1,N,0
40.01331,-120.94149,352.51,0.45,0.39,2021-07-23,943,N,VIIRS,n,2,293.73,9.83,N,0
40.01353,-121.1544,310.37,0.46,0.39,2021-07-23,943,N,VIIRS,n,2,285.95,1.37,N,0
40.01386,-121.12653,325.68,0.46,0.39,2021-07-23,943,N,VIIRS,n,2,288.15,9.1,N,0
40.01398,-120.94698,367,0.45,0.39,2021-07-23,943,N,VIIRS,h,2,298.48,6.98,N,0
40.01424,-121.16037,306.78,0.46,0.39,2021-07-23,943,N,VIIRS,n,2,287.3,1.37,N,0
40.0145,-121.13182,308.48,0.46,0.39,2021-07-23,943,N,VIIRS,n,2,288.15,1.75,N,0
40.01467,-120.95257,333.04,0.45,0.39,2021-07-23,943,N,VIIRS,n,2,292.81,6.98,N,0
40.01536,-120.9582,338.99,0.45,0.39,2021-07-23,943,N,VIIRS,n,2,292.06,3.62,N,0
40.01559,-121.38966,302.3,0.47,0.4,2021-07-23,943,N,VIIRS,n,2,285.57,1.03,N,0
40.01566,-121.11112,347.47,0.46,0.39,2021-07-23,943,N,VIIRS,n,2,293.39,6.1,N,0
40.01587,-121.39086,305.16,0.47,0.4,2021-07-23,943,N,VIIRS,n,2,284.31,0.76,N,0
40.01607,-121.08414,335.15,0.46,0.39,2021-07-23,943,N,VIIRS,n,2,286.82,10.84,N,0
40.01617,-120.93501,349.07,0.45,0.39,2021-07-23,943,N,VIIRS,n,2,294.75,9.83,N,0
40.01628,-121.11625,354.26,0.46,0.39,2021-07-23,943,N,VIIRS,n,2,293.3,6.1,N,0
40.01656,-121.14902,325.48,0.46,0.39,2021-07-23,943,N,VIIRS,n,2,286.26,5.82,N,0
40.0167,-121.08929,345.06,0.46,0.39,2021-07-23,943,N,VIIRS,n,2,289.89,5.95,N,0
40.01685,-120.94054,346.05,0.45,0.39,2021-07-23,943,N,VIIRS,n,2,296.47,9.83,N,0
40.01691,-121.12138,347.62,0.46,0.39,2021-07-23,943,N,VIIRS,n,2,290.86,9.1,N,0
40.01722,-121.15448,348.14,0.46,0.39,2021-07-23,943,N,VIIRS,n,2,296.79,9.84,N,0
40.01733,-121.09449,367,0.46,0.39,2021-07-23,943,N,VIIRS,h,2,291.84,5.95,N,0
40.01753,-121.12652,350.03,0.46,0.39,2021-07-23,943,N,VIIRS,n,2,294.28,9.1,N,0
40.01754,-120.94612,331.59,0.45,0.39,2021-07-23,943,N,VIIRS,n,2,291.88,6.98,N,0
40.01791,-121.16029,327.61,0.46,0.39,2021-07-23,943,N,VIIRS,n,2,290.44,9.84,N,0
40.01799,-121.09998,331.29,0.46,0.39,2021-07-23,943,N,VIIRS,n,2,286.62,3.96,N,0
40.01817,-121.13177,322.5,0.46,0.39,2021-07-23,943,N,VIIRS,n,2,289.75,1.75,N,0
40.01825,-120.95193,325.4,0.45,0.39,2021-07-23,943,N,VIIRS,n,2,291.28,6.98,N,0
40.01894,-120.95757,312.63,0.45,0.39,2021-07-23,943,N,VIIRS,n,2,289.01,3.62,N,0
40.01902,-121.0782,340.09,0.46,0.39,2021-07-23,943,N,VIIRS,n,2,290.28,10.84,N,0
40.01921,-121.38888,312.44,0.47,0.4,2021-07-23,943,N,VIIRS,n,2,287.18,1.03,N,0
40.01949,-121.39007,317.14,0.47,0.4,2021-07-23,943,N,VIIRS,n,2,287.05,2.19,N,0
40.01965,-121.08328,354.33,0.46,0.39,2021-07-23,943,N,VIIRS,n,2,297.66,10.84,N,0
40.0197,-120.93398,349.8,0.45,0.39,2021-07-23,943,N,VIIRS,n,2,299.18,6.55,N,0
40.01985,-121.3943,298.38,0.47,0.4,2021-07-23,943,N,VIIRS,n,2,284.23,0.86,N,0
40.02026,-121.08834,323.26,0.46,0.39,2021-07-23,943,N,VIIRS,n,2,291.15,5.95,N,0
40.02039,-120.93961,341.79,0.45,0.39,2021-07-23,943,N,VIIRS,n,2,294.59,6.55,N,0
40.02058,-121.12126,323.73,0.46,0.39,2021-07-23,943,N,VIIRS,n,2,288.63,1.31,N,0
40.02089,-121.15439,321.98,0.46,0.39,2021-07-23,943,N,VIIRS,n,2,290.15,9.84,N,0
40.02089,-121.09348,321.37,0.46,0.39,2021-07-23,943,N,VIIRS,n,2,290.95,5.95,N,0
40.02109,-120.94526,340.13,0.45,0.39,2021-07-23,943,N,VIIRS,n,2,292.67,4.68,N,0
40.0212,-121.12643,300.87,0.46,0.39,2021-07-23,943,N,VIIRS,n,2,287.46,1.31,N,0
40.02131,-121.06676,328.29,0.46,0.39,2021-07-23,943,N,VIIRS,n,2,288.79,5.03,N,0
40.02155,-121.09895,341.08,0.46,0.39,2021-07-23,943,N,VIIRS,n,2,292.27,3.96,N,0
40.02181,-120.95113,308.42,0.45,0.39,2021-07-23,943,N,VIIRS,n,2,288.48,4.68,N,0
40.02195,-121.07203,343.39,0.46,0.39,2021-07-23,943,N,VIIRS,n,2,293.27,5.03,N,0
40.02224,-121.10468,316.23,0.46,0.39,2021-07-23,943,N,VIIRS,n,2,288.48,3.96,N,0
40.02254,-120.92744,301.62,0.45,0.39,2021-07-23,943,N,VIIRS,n,2,288.16,1.97,N,0
40.02259,-121.07725,316.47,0.46,0.39,2021-07-23,943,N,VIIRS,n,2,290.24,1.83,N,0
40.02321,-121.08236,307.13,0.46,0.39,2021-07-23,943,N,VIIRS,n,2,290.77,1.83,N,0
40.02324,-120.93301,345.38,0.45,0.39,2021-07-23,943,N,VIIRS,n,2,294.5,6.55,N,0
40.02327,-121.32896,307.49,0.47,0.39,2021-07-23,943,N,VIIRS,n,2,290.2,1.86,N,0
40.02382,-121.08737,306.5,0.46,0.39,2021-07-23,943,N,VIIRS,n,2,289.81,1.11,N,0
40.02393,-120.93871,335.79,0.45,0.39,2021-07-23,943,N,VIIRS,n,2,294.01,6.55,N,0
40.02421,-121.06038,338.97,0.46,0.39,2021-07-23,943,N,VIIRS,n,2,290.54,5.48,N,0
40.02443,-121.09237,305.01,0.46,0.39,2021-07-23,943,N,VIIRS,n,2,289.08,1.11,N,0
40.02464,-120.94437,345.85,0.45,0.39,2021-07-23,943,N,VIIRS,n,2,297.94,4.68,N,0
40.02486,-121.0657,342.48,0.46,0.39,2021-07-23,943,N,VIIRS,n,2,295.31,5.03,N,0
40.02507,-121.0976,303.97,0.46,0.39,2021-07-23,943,N,VIIRS,n,2,289.52,3.22,N,0
40.02536,-120.9502,334.57,0.45,0.39,2021-07-23,943,N,VIIRS,n,2,290.51,4.68,N,0
40.02549,-121.07087,309.69,0.46,0.39,2021-07-23,943,N,VIIRS,n,2,291.22,5.03,N,0
40.02575,-121.10324,323.7,0.46,0.39,2021-07-23,943,N,VIIRS,n,2,290.82,3.22,N,0
40.02608,-120.92648,327.27,0.45,0.39,2021-07-23,943,N,VIIRS,n,2,305.8,28.59,N,0
40.02631,-121.32338,318.14,0.47,0.39,2021-07-23,943,N,VIIRS,n,2,291.39,2.93,N,0
40.02653,-121.38798,313.03,0.47,0.4,2021-07-23,943,N,VIIRS,n,2,287.91,1.65,N,0
40.02678,-120.93209,352.32,0.45,0.39,2021-07-23,943,N,VIIRS,n,2,298.89,13.15,N,0
40.02706,-121.05357,346.86,0.46,0.39,2021-07-23,943,N,VIIRS,n,2,296.33,12.91,N,0
40.02748,-120.93781,337.61,0.45,0.39,2021-07-23,943,N,VIIRS,n,2,295.8,13.15,N,0
40.02774,-121.05912,354.36,0.46,0.39,2021-07-23,943,N,VIIRS,n,2,299.05,12.91,N,0
40.0281,-121.30731,307.53,0.47,0.39,2021-07-23,943,N,VIIRS,n,2,289.98,2.03,N,0
40.02811,-121.18353,301.52,0.46,0.39,2021-07-23,943,N,VIIRS,n,2,289.89,0.47,N,0
40.02819,-120.94353,348.93,0.45,0.39,2021-07-23,943,N,VIIRS,n,2,298.94,8.45,N,0
40.0284,-121.06454,313.79,0.46,0.39,2021-07-23,943,N,VIIRS,n,2,291.53,1.63,N,0
40.02861,-121.09638,302.4,0.46,0.39,2021-07-23,943,N,VIIRS,n,2,289.2,3.22,N,0
40.0289,-120.94925,332.29,0.45,0.39,2021-07-23,943,N,VIIRS,n,2,290.86,8.45,N,0
40.02893,-120.91996,297.15,0.45,0.39,2021-07-23,943,N,VIIRS,n,2,285.67,28.59,N,0
40.02902,-121.06963,306.24,0.46,0.39,2021-07-23,943,N,VIIRS,n,2,290.72,1.63,N,0
40.02927,-121.10188,337.75,0.46,0.39,2021-07-23,943,N,VIIRS,n,2,292.51,3.22,N,0
40.02962,-120.92556,337.8,0.45,0.39,2021-07-23,943,N,VIIRS,n,2,310.81,28.59,N,0
40.02993,-121.04695,330.44,0.46,0.39,2021-07-23,943,N,VIIRS,n,2,291.77,6.05,N,0
40.03019,-121.38749,325.48,0.47,0.4,2021-07-23,943,N,VIIRS,n,2,290.52,1.99,N,0
40.03033,-120.93129,348.52,0.45,0.39,2021-07-23,943,N,VIIRS,n,2,297.43,13.15,N,0
40.03059,-121.05236,348.64,0.46,0.39,2021-07-23,943,N,VIIRS,n,2,296.44,12.91,N,0
40.0308,-121.39266,333.77,0.47,0.4,2021-07-23,943,N,VIIRS,n,2,290.67,3.21,N,0
40.03104,-120.93703,354.8,0.45,0.39,2021-07-23,943,N,VIIRS,n,2,299.32,13.15,N,0
40.03127,-121.05791,319.41,0.46,0.39,2021-07-23,943,N,VIIRS,n,2,292.14,12.91,N,0
40.03164,-121.18219,302.97,0.46,0.39,2021-07-23,943,N,VIIRS,n,2,289.05,0.47,N,0
40.03176,-120.94272,351.67,0.45,0.39,2021-07-23,943,N,VIIRS,n,2,294.43,8.45,N,0
40.03193,-121.06332,309.01,0.46,0.39,2021-07-23,943,N,VIIRS,n,2,291.52,1.63,N,0
40.0322,-121.09567,308.06,0.46,0.39,2021-07-23,943,N,VIIRS,n,2,291.88,4.83,N,0
40.03249,-120.91914,319.28,0.45,0.39,2021-07-23,943,N,VIIRS,n,2,288.5,18.85,N,0
40.03287,-121.1012,347.55,0.46,0.39,2021-07-23,943,N,VIIRS,n,2,295.17,4.83,N,0
40.03319,-120.9248,354.28,0.45,0.39,2021-07-23,943,N,VIIRS,n,2,305.41,18.85,N,0
40.03346,-121.04583,345.62,0.46,0.39,2021-07-23,943,N,VIIRS,n,2,295.44,13.72,N,0
40.03381,-121.38667,307.97,0.47,0.4,2021-07-23,943,N,VIIRS,n,2,290.91,1.99,N,0
40.03391,-120.93059,367,0.45,0.39,2021-07-23,943,N,VIIRS,h,2,300.95,14.19,N,0
40.03413,-121.05131,322.61,0.46,0.39,2021-07-23,943,N,VIIRS,n,2,290.64,2.97,N,0
40.03443,-121.39197,310.17,0.47,0.4,2021-07-23,943,N,VIIRS,n,2,287.95,3.21,N,0
40.03458,-121.17594,333.99,0.46,0.39,2021-07-23,943,N,VIIRS,n,2,291.72,2.57,N,0
40.03462,-120.93634,351.2,0.45,0.39,2021-07-23,943,N,VIIRS,n,2,293.58,14.19,N,0
40.03481,-121.05682,311.98,0.46,0.39,2021-07-23,943,N,VIIRS,n,2,292.06,2.97,N,0
40.03515,-121.08971,304.39,0.46,0.39,2021-07-23,943,N,VIIRS,n,2,290.44,1.93,N,0
40.03518,-121.18085,329.34,0.46,0.39,2021-07-23,943,N,VIIRS,n,2,288.75,2.24,N,0
40.03532,-120.94198,302.51,0.45,0.39,2021-07-23,943,N,VIIRS,n,2,286.86,1.6,N,0
40.03546,-121.06215,313.41,0.46,0.39,2021-07-23,943,N,VIIRS,n,2,291.86,1.08,N,0
40.03579,-121.18591,306.98,0.46,0.39,2021-07-23,943,N,VIIRS,n,2,286.79,2.24,N,0
40.0358,-121.09506,345.85,0.46,0.39,2021-07-23,943,N,VIIRS,n,2,293.57,4.83,N,0
40.03603,-120.91831,329.46,0.45,0.39,2021-07-23,943,N,VIIRS,n,2,288.23,18.85,N,0
40.03608,-121.06724,309.96,0.46,0.39,2021-07-23,943,N,VIIRS,n,2,290.71,1.08,N,0
40.03647,-121.10056,326.91,0.46,0.39,2021-07-23,943,N,VIIRS,n,2,290.33,4.83,N,0
40.03671,-121.07234,308.39,0.46,0.39,2021-07-23,943,N,VIIRS,n,2,290.2,1.55,N,0
40.03675,-120.92402,353.24,0.45,0.39,2021-07-23,943,N,VIIRS,n,2,307.78,18.85,N,0
40.0369,-121.16466,333.68,0.46,0.39,2021-07-23,943,N,VIIRS,n,2,291.32,4.57,N,0
40.037,-121.04474,343.51,0.46,0.39,2021-07-23,943,N,VIIRS,n,2,296.3,13.72,N,0
40.03736,-121.07773,309.9,0.46,0.39,2021-07-23,943,N,VIIRS,n,2,290.56,1.55,N,0
40.03748,-120.92989,355.77,0.45,0.39,2021-07-23,943,N,VIIRS,n,2,300.54,14.19,N,0
40.03767,-121.05022,329.55,0.46,0.39,2021-07-23,943,N,VIIRS,n,2,292.55,2.97,N,0
40.03804,-121.08321,307.83,0.46,0.39,2021-07-23,943,N,VIIRS,n,2,290.84,1.33,N,0
40.03805,-121.3911,311.78,0.47,0.4,2021-07-23,943,N,VIIRS,n,2,289.89,11.08,N,0
40.03812,-121.17466,303.12,0.46,0.39,2021-07-23,943,N,VIIRS,n,2,288.81,2.57,N,0
40.03818,-120.93556,307.84,0.45,0.39,2021-07-23,943,N,VIIRS,n,2,287.73,14.19,N,0
40.03835,-121.05573,305.4,0.46,0.39,2021-07-23,943,N,VIIRS,n,2,290.2,2.97,N,0
40.03868,-121.39646,334.59,0.47,0.4,2021-07-23,943,N,VIIRS,n,2,287.88,11.08,N,0
40.03871,-121.08872,312.4,0.46,0.39,2021-07-23,943,N,VIIRS,n,2,292.11,1.33,N,0
40.039,-121.06104,304.61,0.46,0.39,2021-07-23,943,N,VIIRS,n,2,290.56,1.08,N,0
40.03937,-121.09415,318.27,0.46,0.39,2021-07-23,943,N,VIIRS,n,2,293.45,4.95,N,0
40.03958,-120.91745,332.61,0.45,0.39,2021-07-23,943,N,VIIRS,n,2,290.46,20.11,N,0
40.03964,-121.06625,302.05,0.46,0.39,2021-07-23,943,N,VIIRS,n,2,289.01,1.08,N,0
40.04002,-121.09949,353.67,0.46,0.39,2021-07-23,943,N,VIIRS,n,2,297.91,4.95,N,0
40.04029,-121.07156,312.43,0.46,0.39,2021-07-23,943,N,VIIRS,n,2,291.33,1.55,N,0
40.0403,-120.92317,367,0.45,0.39,2021-07-23,943,N,VIIRS,h,2,304.88,20.11,N,0
40.04047,-121.16367,323.42,0.46,0.39,2021-07-23,943,N,VIIRS,n,2,290.53,2.41,N,0
40.04057,-121.04386,353.57,0.46,0.39,2021-07-23,943,N,VIIRS,n,2,299.32,23.99,N,0
40.04067,-121.1048,307.02,0.46,0.39,2021-07-23,943,N,VIIRS,n,2,289.32,14.47,N,0
40.04095,-121.07699,318.46,0.46,0.39,2021-07-23,943,N,VIIRS,n,2,293.21,1.55,N,0
40.04102,-120.92891,318.68,0.45,0.39,2021-07-23,943,N,VIIRS,n,2,288.03,3.2,N,0
40.04122,-121.04919,333.43,0.46,0.39,2021-07-23,943,N,VIIRS,n,2,294.51,6.22,N,0
40.04162,-121.08243,312.49,0.46,0.39,2021-07-23,943,N,VIIRS,n,2,292.55,1.33,N,0
40.04169,-120.9344,299.17,0.45,0.39,2021-07-23,943,N,VIIRS,n,2,286.62,3.2,N,0
40.04188,-121.05459,337.36,0.46,0.39,2021-07-23,943,N,VIIRS,n,2,293.94,6.22,N,0
40.04227,-121.39537,321.75,0.47,0.4,2021-07-23,943,N,VIIRS,n,2,306.1,11.08,N,0
40.04227,-121.08777,305.05,0.46,0.39,2021-07-23,943,N,VIIRS,n,2,290.98,1.33,N,0
40.04253,-121.0599,325.63,0.46,0.39,2021-07-23,943,N,VIIRS,n,2,292.96,2.85,N,0
40.04291,-121.09299,307.3,0.46,0.39,2021-07-23,943,N,VIIRS,n,2,290.77,4.95,N,0
40.04293,-121.40088,339.41,0.47,0.4,2021-07-23,943,N,VIIRS,n,2,294.83,29.78,N,0
40.04313,-120.91657,302.1,0.45,0.39,2021-07-23,943,N,VIIRS,n,2,288.01,20.11,N,0
40.0432,-121.06529,316.14,0.46,0.39,2021-07-23,943,N,VIIRS,n,2,292.83,2.85,N,0
40.04354,-121.09816,324.27,0.46,0.39,2021-07-23,943,N,VIIRS,n,2,292.1,4.95,N,0
40.04384,-120.92229,349.56,0.45,0.39,2021-07-23,943,N,VIIRS,n,2,308.78,20.11,N,0
40.04389,-121.07092,309.52,0.46,0.39,2021-07-23,943,N,VIIRS,n,2,291.88,1.49,N,0
40.04415,-121.04312,353.05,0.46,0.39,2021-07-23,943,N,VIIRS,n,2,304.45,23.99,N,0
40.04418,-121.10336,352.18,0.46,0.39,2021-07-23,943,N,VIIRS,n,2,298.58,14.47,N,0
40.04455,-120.92794,310.73,0.45,0.39,2021-07-23,943,N,VIIRS,n,2,287.27,3.2,N,0
40.04456,-121.07639,311.94,0.46,0.39,2021-07-23,943,N,VIIRS,n,2,291.8,1.49,N,0
40.04478,-121.04829,347.51,0.46,0.39,2021-07-23,943,N,VIIRS,n,2,296.79,6.22,N,0
40.0452,-121.08167,316.01,0.46,0.39,2021-07-23,943,N,VIIRS,n,2,291.49,2.42,N,0
40.04543,-121.05352,347.01,0.46,0.39,2021-07-23,943,N,VIIRS,n,2,298.64,6.22,N,0
40.04583,-121.08682,311.69,0.46,0.39,2021-07-23,943,N,VIIRS,n,2,289.97,2.42,N,0
40.04587,-121.39425,313.37,0.47,0.4,2021-07-23,943,N,VIIRS,n,2,291.39,1.72,N,0
40.04608,-121.05886,331.1,0.46,0.39,2021-07-23,943,N,VIIRS,n,2,295.55,2.85,N,0
40.04646,-121.09193,319.04,0.46,0.39,2021-07-23,943,N,VIIRS,n,2,290.01,2.65,N,0
40.04653,-121.39985,343.98,0.47,0.4,2021-07-23,943,N,VIIRS,n,2,298.81,8.43,N,0
40.04676,-121.06441,313.75,0.46,0.39,2021-07-23,943,N,VIIRS,n,2,290.8,2.85,N,0
40.04708,-121.09697,315.82,0.46,0.39,2021-07-23,943,N,VIIRS,n,2,290.47,2.65,N,0
40.04738,-120.92133,307.02,0.45,0.39,2021-07-23,943,N,VIIRS,n,2,286.84,1.45,N,0
40.04746,-121.07009,308.59,0.46,0.39,2021-07-23,943,N,VIIRS,n,2,291.21,1.49,N,0
40.0477,-121.10203,348.24,0.46,0.39,2021-07-23,943,N,VIIRS,n,2,299.65,23.77,N,0
40.04773,-121.0424,356.1,0.46,0.39,2021-07-23,943,N,VIIRS,n,2,301.21,18.41,N,0
40.04808,-120.92692,298.7,0.45,0.39,2021-07-23,943,N,VIIRS,n,2,286.61,0.7,N,0
40.04812,-121.07547,315.7,0.46,0.39,2021-07-23,943,N,VIIRS,n,2,290.8,1.49,N,0
40.04833,-121.10719,332.18,0.46,0.39,2021-07-23,943,N,VIIRS,n,2,288.52,23.77,N,0
40.04836,-121.04755,367,0.46,0.39,2021-07-23,943,N,VIIRS,h,2,304.23,7.71,N,0
40.04876,-121.08067,329.44,0.46,0.39,2021-07-23,943,N,VIIRS,n,2,292.66,2.42,N,0
40.04882,-121.38782,298.14,0.47,0.4,2021-07-23,943,N,VIIRS,n,2,286.16,1.72,N,0
40.04901,-121.05276,345.24,0.46,0.39,2021-07-23,943,N,VIIRS,n,2,299.41,7.71,N,0
40.04939,-121.08578,319.26,0.46,0.39,2021-07-23,943,N,VIIRS,n,2,291.59,2.42,N,0
40.04948,-121.39338,313.46,0.47,0.4,2021-07-23,943,N,VIIRS,n,2,291.17,1.72,N,0
40.04967,-121.05817,335.19,0.46,0.39,2021-07-23,943,N,VIIRS,n,2,296.17,2.97,N,0
40.05001,-121.09085,321,0.46,0.39,2021-07-23,943,N,VIIRS,n,2,289.17,2.65,N,0
40.05014,-121.39898,347.37,0.47,0.4,2021-07-23,943,N,VIIRS,n,2,299.37,8.43,N,0
40.05035,-121.06365,319.7,0.46,0.39,2021-07-23,943,N,VIIRS,n,2,291.72,2.97,N,0
40.05062,-121.09588,329.51,0.46,0.39,2021-07-23,943,N,VIIRS,n,2,290.49,2.65,N,0
40.05092,-121.34296,301.26,0.47,0.39,2021-07-23,943,N,VIIRS,n,2,284.19,1,N,0
40.05102,-121.06916,309.84,0.46,0.39,2021-07-23,943,N,VIIRS,n,2,291.24,1.99,N,0
40.05124,-121.10088,344.95,0.46,0.39,2021-07-23,943,N,VIIRS,n,2,297.39,23.77,N,0
40.0513,-121.04161,353.99,0.46,0.39,2021-07-23,943,N,VIIRS,n,2,294.26,18.41,N,0
40.05167,-121.07441,318.36,0.46,0.39,2021-07-23,943,N,VIIRS,n,2,290.32,1.99,N,0
40.05185,-121.10592,347.91,0.46,0.39,2021-07-23,943,N,VIIRS,n,2,310.6,23.77,N,0
40.05195,-121.04684,339.72,0.46,0.39,2021-07-23,943,N,VIIRS,n,2,294.47,7.71,N,0
40.0523,-121.0795,324.9,0.46,0.39,2021-07-23,943,N,VIIRS,n,2,292.3,3.47,N,0
40.05244,-121.38699,302.08,0.47,0.4,2021-07-23,943,N,VIIRS,n,2,286.19,1.41,N,0
40.05247,-121.11096,303.07,0.46,0.39,2021-07-23,943,N,VIIRS,n,2,286.55,2.27,N,0
40.0526,-121.05211,331.51,0.46,0.39,2021-07-23,943,N,VIIRS,n,2,294.31,7.71,N,0
40.05293,-121.08469,326.55,0.46,0.39,2021-07-23,943,N,VIIRS,n,2,293.11,3.47,N,0
40.0531,-121.39259,319.8,0.47,0.4,2021-07-23,943,N,VIIRS,n,2,292.66,1.41,N,0
40.05327,-121.05755,324.57,0.46,0.39,2021-07-23,943,N,VIIRS,n,2,292.75,2.97,N,0
40.05356,-121.08979,321.31,0.46,0.39,2021-07-23,943,N,VIIRS,n,2,291.87,5.27,N,0
40.05376,-121.39816,342.34,0.47,0.4,2021-07-23,943,N,VIIRS,n,2,295.27,3,N,0
40.05394,-121.06303,318.73,0.46,0.39,2021-07-23,943,N,VIIRS,n,2,292.02,2.97,N,0
40.05418,-121.09483,334.85,0.46,0.39,2021-07-23,943,N,VIIRS,n,2,292.73,5.27,N,0
40.05421,-121.27755,299.55,0.46,0.39,2021-07-23,943,N,VIIRS,n,2,286.74,0.88,N,0
40.05442,-121.40372,312.64,0.47,0.4,2021-07-23,943,N,VIIRS,n,2,288.6,3,N,0
40.05458,-121.06821,312.84,0.46,0.39,2021-07-23,943,N,VIIRS,n,2,291.06,1.99,N,0
40.05479,-121.09983,352.55,0.46,0.39,2021-07-23,943,N,VIIRS,n,2,312.37,45.02,N,0
40.05487,-121.04077,350.63,0.46,0.39,2021-07-23,943,N,VIIRS,n,2,295.51,12,N,0
40.05521,-121.07333,323.28,0.46,0.39,2021-07-23,943,N,VIIRS,n,2,292.18,1.99,N,0
40.0554,-121.10484,332.18,0.46,0.39,2021-07-23,943,N,VIIRS,n,2,330.34,45.02,N,0
40.05554,-121.04611,353.81,0.46,0.39,2021-07-23,943,N,VIIRS,n,2,299.19,8.52,N,0
40.05584,-121.07841,329.27,0.46,0.39,2021-07-23,943,N,VIIRS,n,2,292.65,3.47,N,0
40.05602,-121.10984,307.44,0.46,0.39,2021-07-23,943,N,VIIRS,n,2,285.55,2.22,N,0
40.05609,-121.3864,305.02,0.47,0.4,2021-07-23,943,N,VIIRS,n,2,288.64,1.41,N,0
40.05619,-121.05147,326.62,0.46,0.39,2021-07-23,943,N,VIIRS,n,2,292.36,8.52,N,0
40.05647,-121.08361,328.18,0.46,0.39,2021-07-23,943,N,VIIRS,n,2,291.82,3.47,N,0
40.05676,-121.39201,306.06,0.47,0.4,2021-07-23,943,N,VIIRS,n,2,289.94,1.41,N,0
40.05686,-121.05684,317.03,0.46,0.39,2021-07-23,943,N,VIIRS,n,2,291.26,1.8,N,0
40.05712,-121.08883,331.1,0.46,0.39,2021-07-23,943,N,VIIRS,n,2,292.7,5.27,N,0
40.05742,-121.39762,305.88,0.47,0.4,2021-07-23,943,N,VIIRS,n,2,290.2,3,N,0
40.05752,-121.06221,312.71,0.46,0.39,2021-07-23,943,N,VIIRS,n,2,291.77,1.8,N,0
40.05774,-121.09396,339.14,0.46,0.39,2021-07-23,943,N,VIIRS,n,2,294.86,5.27,N,0
40.05808,-121.4032,321.27,0.47,0.4,2021-07-23,943,N,VIIRS,n,2,292.64,3,N,0
40.05814,-121.06729,317.27,0.46,0.39,2021-07-23,943,N,VIIRS,n,2,290.31,2.38,N,0
40.05836,-121.09902,352.44,0.46,0.39,2021-07-23,943,N,VIIRS,n,2,311.69,45.02,N,0
40.05844,-121.03994,329.37,0.46,0.39,2021-07-23,943,N,VIIRS,n,2,286.87,12,N,0
40.05873,-121.40866,331.69,0.47,0.4,2021-07-23,943,N,VIIRS,n,2,294.18,3.79,N,0
40.05876,-121.07227,320.67,0.46,0.39,2021-07-23,943,N,VIIRS,n,2,291.13,2.38,N,0
40.05898,-121.10402,344.42,0.46,0.39,2021-07-23,943,N,VIIRS,n,2,298.18,45.02,N,0
40.05912,-121.04538,341.05,0.46,0.39,2021-07-23,943,N,VIIRS,n,2,299.45,8.52,N,0
40.05937,-121.41407,314.9,0.47,0.4,2021-07-23,943,N,VIIRS,n,2,289.06,3.79,N,0
40.05938,-121.07734,330.73,0.46,0.39,2021-07-23,943,N,VIIRS,n,2,292.74,3.95,N,0
40.0596,-121.10902,298.06,0.46,0.39,2021-07-23,943,N,VIIRS,n,2,285.12,2.22,N,0
40.05975,-121.38592,301.55,0.47,0.4,2021-07-23,943,N,VIIRS,n,2,286.69,1.19,N,0
40.05979,-121.05079,316.33,0.46,0.39,2021-07-23,943,N,VIIRS,n,2,291.06,8.52,N,0
40.06002,-121.08253,329.76,0.46,0.39,2021-07-23,943,N,VIIRS,n,2,292.31,3.95,N,0
40.06042,-121.39156,300.88,0.47,0.4,2021-07-23,943,N,VIIRS,n,2,287.64,1.19,N,0
40.06045,-121.05614,316.43,0.46,0.39,2021-07-23,943,N,VIIRS,n,2,291.74,1.8,N,0
40.06067,-121.08782,334.17,0.46,0.39,2021-07-23,943,N,VIIRS,n,2,293.38,8.32,N,0
40.06109,-121.39719,311.94,0.47,0.4,2021-07-23,943,N,VIIRS,n,2,292.16,2.4,N,0
40.0611,-121.06142,311.71,0.46,0.39,2021-07-23,943,N,VIIRS,n,2,291.47,1.8,N,0
40.06132,-121.09311,347.41,0.46,0.39,2021-07-23,943,N,VIIRS,n,2,295.95,8.32,N,0
40.06171,-121.06638,313.65,0.46,0.39,2021-07-23,943,N,VIIRS,n,2,290.55,2.38,N,0
40.06175,-121.4028,325.37,0.47,0.4,2021-07-23,943,N,VIIRS,n,2,294.82,2.4,N,0
40.06195,-121.09823,304.07,0.46,0.39,2021-07-23,943,N,VIIRS,n,2,285.67,4.16,N,0
40.06201,-121.03907,333.11,0.46,0.39,2021-07-23,943,N,VIIRS,n,2,289.82,5.77,N,0
40.06231,-121.07127,326.47,0.46,0.39,2021-07-23,943,N,VIIRS,n,2,292.92,2.38,N,0
40.06238,-121.40809,325.43,0.47,0.4,2021-07-23,943,N,VIIRS,n,2,294.79,8.45,N,0
40.06264,-121.25534,302.08,0.46,0.39,2021-07-23,943,N,VIIRS,n,2,289.22,1.23,N,0
40.06269,-121.0446,325,0.46,0.39,2021-07-23,943,N,VIIRS,n,2,290.16,3.37,N,0
40.06293,-121.07635,329.28,0.46,0.39,2021-07-23,943,N,VIIRS,n,2,293.29,3.95,N,0
40.063,-121.41332,350.09,0.47,0.4,2021-07-23,943,N,VIIRS,n,2,304.1,8.45,N,0
40.06335,-121.29193,304.18,0.46,0.39,2021-07-23,943,N,VIIRS,n,2,288.1,2.29,N,0
40.06337,-121.05003,314.07,0.46,0.39,2021-07-23,943,N,VIIRS,n,2,290.87,3.37,N,0
40.0634,-121.38536,306.29,0.47,0.4,2021-07-23,943,N,VIIRS,n,2,289.48,1.19,N,0
40.06358,-121.08158,329,0.46,0.39,2021-07-23,943,N,VIIRS,n,2,292.76,3.95,N,0
40.06364,-121.41863,345.67,0.47,0.4,2021-07-23,943,N,VIIRS,n,2,309.57,49.75,N,0
40.06397,-121.29707,310.55,0.47,0.39,2021-07-23,943,N,VIIRS,n,2,288.14,1.97,N,0
40.06402,-121.05534,331.41,0.46,0.39,2021-07-23,943,N,VIIRS,n,2,293.93,3.1,N,0
40.06407,-121.391,310.19,0.47,0.4,2021-07-23,943,N,VIIRS,n,2,289.51,1.19,N,0
40.06424,-121.08691,328.76,0.46,0.39,2021-07-23,943,N,VIIRS,n,2,291.64,8.32,N,0
40.06467,-121.21101,317.74,0.46,0.39,2021-07-23,943,N,VIIRS,n,2,291.79,2.57,N,0
40.06467,-121.06057,317.27,0.46,0.39,2021-07-23,943,N,VIIRS,n,2,291.36,3.1,N,0
40.06474,-121.39665,309.49,0.47,0.4,2021-07-23,943,N,VIIRS,n,2,291.41,2.4,N,0
40.06489,-121.09223,347.1,0.46,0.39,2021-07-23,943,N,VIIRS,n,2,294.85,8.32,N,0
40.06528,-121.06555,317.2,0.46,0.39,2021-07-23,943,N,VIIRS,n,2,290.11,2.69,N,0
40.0654,-121.40224,320.27,0.47,0.4,2021-07-23,943,N,VIIRS,n,2,294.97,2.4,N,0
40.06557,-121.03819,334.23,0.46,0.39,2021-07-23,943,N,VIIRS,n,2,290.09,5.77,N,0
40.0659,-121.07051,322.74,0.46,0.39,2021-07-23,943,N,VIIRS,n,2,291.9,2.69,N,0
40.06604,-121.40757,321.35,0.47,0.4,2021-07-23,943,N,VIIRS,n,2,294.98,8.45,N,0
40.06627,-121.04375,325.88,0.46,0.39,2021-07-23,943,N,VIIRS,n,2,290.89,3.37,N,0
40.06652,-121.07559,335.09,0.46,0.39,2021-07-23,943,N,VIIRS,n,2,294.66,4.11,N,0
40.06666,-121.41277,350.04,0.47,0.4,2021-07-23,943,N,VIIRS,n,2,304.85,8.45,N,0
40.06687,-121.25974,306.19,0.46,0.39,2021-07-23,943,N,VIIRS,n,2,287.31,1.48,N,0
40.06693,-121.04913,316.25,0.46,0.39,2021-07-23,943,N,VIIRS,n,2,288.54,3.37,N,0
40.06703,-121.38461,304.66,0.47,0.4,2021-07-23,943,N,VIIRS,n,2,290.62,1.57,N,0
40.06713,-121.32342,300.49,0.47,0.39,2021-07-23,943,N,VIIRS,n,2,281.38,0.5,N,0
40.06717,-121.08081,327.22,0.46,0.39,2021-07-23,943,N,VIIRS,n,2,290.32,4.11,N,0
40.06729,-121.41806,341.71,0.47,0.4,2021-07-23,943,N,VIIRS,n,2,326.03,49.75,N,0
40.06758,-121.05438,326.74,0.46,0.39,2021-07-23,943,N,VIIRS,n,2,290.68,3.1,N,0
40.06771,-121.39033,310.8,0.47,0.4,2021-07-23,943,N,VIIRS,n,2,292.11,1.57,N,0
40.06782,-121.08613,344.46,0.46,0.39,2021-07-23,943,N,VIIRS,n,2,291.99,6.44,N,0
40.06794,-121.42357,303.21,0.47,0.4,2021-07-23,943,N,VIIRS,n,2,286.74,49.75,N,0
40.06823,-121.05962,326.66,0.46,0.39,2021-07-23,943,N,VIIRS,n,2,292.36,3.1,N,0
40.0683,-121.21046,303.84,0.46,0.39,2021-07-23,943,N,VIIRS,n,2,291.4,1.88,N,0
40.06839,-121.39604,309.97,0.47,0.4,2021-07-23,943,N,VIIRS,n,2,292.82,2.2,N,0
40.06847,-121.09142,326.33,0.46,0.39,2021-07-23,943,N,VIIRS,n,2,288.67,6.44,N,0
40.06886,-121.06477,323.65,0.46,0.39,2021-07-23,943,N,VIIRS,n,2,292.63,2.69,N,0
40.06906,-121.40166,321.07,0.47,0.4,2021-07-23,943,N,VIIRS,n,2,294.95,2.2,N,0
40.06914,-121.03731,343.73,0.46,0.39,2021-07-23,943,N,VIIRS,n,2,294.65,15.01,N,0
40.06934,-121.37282,298.41,0.47,0.4,2021-07-23,943,N,VIIRS,n,2,285.69,1.77,N,0
40.06948,-121.06978,324.05,0.46,0.39,2021-07-23,943,N,VIIRS,n,2,292.1,2.69,N,0
40.0697,-121.40707,314.3,0.47,0.4,2021-07-23,943,N,VIIRS,n,2,293.88,7.55,N,0
40.06983,-121.04286,325.01,0.46,0.39,2021-07-23,943,N,VIIRS,n,2,290.88,3.25,N,0
40.07011,-121.07488,333.21,0.46,0.39,2021-07-23,943,N,VIIRS,n,2,294.28,4.11,N,0
40.07032,-121.41222,346.4,0.47,0.4,2021-07-23,943,N,VIIRS,n,2,304.8,7.55,N,0
40.0705,-121.04826,325.51,0.46,0.39,2021-07-23,943,N,VIIRS,n,2,290.44,3.25,N,0
40.07075,-121.08008,328.7,0.46,0.39,2021-07-23,943,N,VIIRS,n,2,290.41,4.11,N,0
40.07094,-121.41749,342.08,0.47,0.4,2021-07-23,943,N,VIIRS,n,2,296.69,41.97,N,0
40.07113,-121.0534,327.76,0.46,0.39,2021-07-23,943,N,VIIRS,n,2,290.44,3.74,N,0
40.07134,-121.38962,302.82,0.47,0.4,2021-07-23,943,N,VIIRS,n,2,290.56,1.57,N,0
40.07159,-121.42297,297.24,0.47,0.4,2021-07-23,943,N,VIIRS,n,2,285.29,41.97,N,0
40.07178,-121.05862,332.29,0.46,0.39,2021-07-23,943,N,VIIRS,n,2,291.91,3.74,N,0
40.07203,-121.3954,310.39,0.47,0.4,2021-07-23,943,N,VIIRS,n,2,292.64,2.2,N,0
40.07232,-121.36671,309.5,0.47,0.4,2021-07-23,943,N,VIIRS,n,2,287.06,0.86,N,0
40.07242,-121.06384,323.93,0.46,0.39,2021-07-23,943,N,VIIRS,n,2,291.82,4.01,N,0
40.0727,-121.40105,316.52,0.47,0.4,2021-07-23,943,N,VIIRS,n,2,294.35,2.2,N,0
40.0727,-121.03645,339.09,0.46,0.39,2021-07-23,943,N,VIIRS,n,2,298.94,15.01,N,0
40.07297,-121.37208,304.89,0.47,0.4,2021-07-23,943,N,VIIRS,n,2,285.16,1.49,N,0
40.07306,-121.06897,326.75,0.46,0.39,2021-07-23,943,N,VIIRS,n,2,292.35,4.01,N,0
40.07335,-121.40649,315.86,0.47,0.4,2021-07-23,943,N,VIIRS,n,2,294.15,7.55,N,0
40.07339,-121.042,321.17,0.46,0.39,2021-07-23,943,N,VIIRS,n,2,292.14,3.25,N,0
40.07362,-121.37752,310.03,0.47,0.4,2021-07-23,943,N,VIIRS,n,2,288.9,1.49,N,0
40.07369,-121.07413,346.78,0.46,0.39,2021-07-23,943,N,VIIRS,n,2,298.84,14.95,N,0
40.07398,-121.41172,338.43,0.47,0.4,2021-07-23,943,N,VIIRS,n,2,299.96,7.55,N,0
40.07405,-121.04728,322.79,0.46,0.39,2021-07-23,943,N,VIIRS,n,2,290.48,3.25,N,0
40.07434,-121.07936,330.13,0.46,0.39,2021-07-23,943,N,VIIRS,n,2,288.85,14.95,N,0
40.0746,-121.41697,367,0.47,0.4,2021-07-23,943,N,VIIRS,h,2,338.87,41.97,N,0
40.07468,-121.05237,328.18,0.46,0.39,2021-07-23,943,N,VIIRS,n,2,291.16,3.74,N,0
40.07483,-121.2034,307.82,0.46,0.39,2021-07-23,943,N,VIIRS,n,2,290.64,32.22,N,0
40.075,-121.23516,308.15,0.46,0.39,2021-07-23,943,N,VIIRS,n,2,290.89,1.67,N,0
40.07525,-121.4224,306.48,0.47,0.4,2021-07-23,943,N,VIIRS,n,2,286.33,41.97,N,0
40.07532,-121.05756,331.75,0.46,0.39,2021-07-23,943,N,VIIRS,n,2,291.63,3.74,N,0
40.07551,-121.20898,316.64,0.46,0.39,2021-07-23,943,N,VIIRS,n,2,291.76,2.01,N,0
40.07556,-121.02993,342.24,0.45,0.39,2021-07-23,943,N,VIIRS,n,2,292.71,6.88,N,0
40.07566,-121.39466,315.95,0.47,0.4,2021-07-23,943,N,VIIRS,n,2,294.51,2.63,N,0
40.07595,-121.36599,302.14,0.47,0.4,2021-07-23,943,N,VIIRS,n,2,285.47,0.86,N,0
40.07597,-121.06281,332.52,0.46,0.39,2021-07-23,943,N,VIIRS,n,2,291.88,4.01,N,0
40.07617,-121.21434,303.43,0.46,0.39,2021-07-23,943,N,VIIRS,n,2,290.34,2.01,N,0
40.07628,-121.03569,341.28,0.46,0.39,2021-07-23,943,N,VIIRS,n,2,297.55,6.88,N,0
40.07635,-121.4004,320.42,0.47,0.4,2021-07-23,943,N,VIIRS,n,2,295.79,2.63,N,0
40.07662,-121.06808,336.26,0.46,0.39,2021-07-23,943,N,VIIRS,n,2,293.79,4.01,N,0
40.07695,-121.04111,317.46,0.46,0.39,2021-07-23,943,N,VIIRS,n,2,292.91,2.28,N,0
40.07701,-121.40591,327.66,0.47,0.4,2021-07-23,943,N,VIIRS,n,2,296.9,5.73,N,0
40.07727,-121.37693,306.08,0.47,0.4,2021-07-23,943,N,VIIRS,n,2,289.39,1.49,N,0
40.07727,-121.07334,347.94,0.46,0.39,2021-07-23,943,N,VIIRS,n,2,305.82,14.95,N,0
40.07759,-121.04628,319.23,0.46,0.39,2021-07-23,943,N,VIIRS,n,2,291.45,2.28,N,0
40.07763,-121.4112,343.91,0.47,0.4,2021-07-23,943,N,VIIRS,n,2,302.05,5.73,N,0
40.07768,-121.19647,302.65,0.46,0.39,2021-07-23,943,N,VIIRS,n,2,289.46,32.22,N,0
40.07793,-121.38255,309,0.47,0.4,2021-07-23,943,N,VIIRS,n,2,290.83,2.31,N,0
40.07793,-121.07864,333.74,0.46,0.39,2021-07-23,943,N,VIIRS,n,2,295.77,14.95,N,0
40.07822,-121.05135,334.19,0.46,0.39,2021-07-23,943,N,VIIRS,n,2,293.1,4.89,N,0
40.07827,-121.41647,344.88,0.47,0.4,2021-07-23,943,N,VIIRS,n,2,295.46,10.86,N,0
40.07838,-121.20213,336.6,0.46,0.39,2021-07-23,943,N,VIIRS,n,2,310.34,32.22,N,0
40.07843,-121.02348,327.9,0.45,0.39,2021-07-23,943,N,VIIRS,n,2,289.24,3.51,N,0
40.07861,-121.3882,307.57,0.47,0.4,2021-07-23,943,N,VIIRS,n,2,291.3,2.31,N,0
40.07886,-121.05648,333.56,0.46,0.39,2021-07-23,943,N,VIIRS,n,2,292.95,4.89,N,0
40.07891,-121.42187,299,0.47,0.4,2021-07-23,943,N,VIIRS,n,2,287.06,10.86,N,0
40.07908,-121.20795,322.96,0.46,0.39,2021-07-23,943,N,VIIRS,n,2,292.42,2.01,N,0
40.07913,-121.02911,346.31,0.45,0.39,2021-07-23,943,N,VIIRS,n,2,296.22,6.88,N,0
40.07919,-121.02213,339.82,0.45,0.39,2021-07-23,943,N,VIIRS,n,2,291.39,7.22,N,0
40.07929,-121.39392,319.66,0.47,0.4,2021-07-23,943,N,VIIRS,n,2,295.47,2.63,N,0
40.07952,-121.06177,347.26,0.46,0.39,2021-07-23,943,N,VIIRS,n,2,296.9,26.51,N,0
40.07959,-121.36527,308.58,0.47,0.4,2021-07-23,943,N,VIIRS,n,2,285.67,2.7,N,0
40.07978,-121.21362,306.22,0.46,0.39,2021-07-23,943,N,VIIRS,n,2,290.8,2.01,N,0
40.07985,-121.03487,323.87,0.46,0.39,2021-07-23,943,N,VIIRS,n,2,294.32,6.88,N,0
40.07985,-121.02774,350.36,0.46,0.39,2021-07-23,943,N,VIIRS,n,2,296.15,7.22,N,0
40.07998,-121.39967,320.57,0.47,0.4,2021-07-23,943,N,VIIRS,n,2,296.62,2.63,N,0
40.08018,-121.06715,367,0.46,0.39,2021-07-23,943,N,VIIRS,h,2,300.76,26.51,N,0
40.08024,-121.37073,299.58,0.47,0.4,2021-07-23,943,N,VIIRS,n,2,282.87,2.24,N,0
40.08053,-121.04028,318.6,0.46,0.39,2021-07-23,943,N,VIIRS,n,2,292.24,2.28,N,0
40.08055,-121.03353,327.37,0.46,0.39,2021-07-23,943,N,VIIRS,n,2,294.56,5.31,N,0
40.08066,-121.40531,331.88,0.47,0.4,2021-07-23,943,N,VIIRS,n,2,300.42,5.73,N,0
40.08085,-121.07251,356.69,0.46,0.39,2021-07-23,943,N,VIIRS,n,2,301.15,17.82,N,0
40.0809,-121.37626,312.34,0.47,0.4,2021-07-23,943,N,VIIRS,n,2,291.38,2.24,N,0
40.08115,-121.04533,318.06,0.46,0.39,2021-07-23,943,N,VIIRS,n,2,291.75,2.28,N,0
40.08121,-121.03905,321.64,0.46,0.39,2021-07-23,943,N,VIIRS,n,2,293.15,5.31,N,0
40.08125,-121.1954,306.51,0.46,0.39,2021-07-23,943,N,VIIRS,n,2,294.57,24.84,N,0
40.08129,-121.41065,334.33,0.47,0.4,2021-07-23,943,N,VIIRS,n,2,299.82,5.73,N,0
40.08132,-121.01723,308.66,0.45,0.39,2021-07-23,943,N,VIIRS,n,2,288.45,7.1,N,0
40.08151,-121.07782,332.91,0.46,0.39,2021-07-23,943,N,VIIRS,n,2,290.45,17.82,N,0
40.08157,-121.38184,311.07,0.47,0.4,2021-07-23,943,N,VIIRS,n,2,292.1,1.75,N,0
40.08177,-121.05032,333.48,0.46,0.39,2021-07-23,943,N,VIIRS,n,2,294.06,4.89,N,0
40.08182,-121.04412,318.96,0.46,0.39,2021-07-23,943,N,VIIRS,n,2,291.39,5.03,N,0
40.08192,-121.35378,308,0.47,0.4,2021-07-23,943,N,VIIRS,n,2,284.21,0.63,N,0
40.08192,-121.2009,350.23,0.46,0.39,2021-07-23,943,N,VIIRS,n,2,301.63,24.84,N,0
40.08193,-121.41601,346.94,0.47,0.4,2021-07-23,943,N,VIIRS,n,2,298.07,10.86,N,0
40.082,-121.02269,354.7,0.45,0.39,2021-07-23,943,N,VIIRS,n,2,300.8,7.1,N,0
40.08224,-121.38746,306.81,0.47,0.4,2021-07-23,943,N,VIIRS,n,2,289.44,1.75,N,0
40.0824,-121.0554,338.6,0.46,0.39,2021-07-23,943,N,VIIRS,n,2,296.37,4.89,N,0
40.08242,-121.04911,327.56,0.46,0.39,2021-07-23,943,N,VIIRS,n,2,292.31,5.03,N,0
40.08257,-121.35918,308.89,0.47,0.4,2021-07-23,943,N,VIIRS,n,2,285.2,2.7,N,0
40.08262,-121.20663,311.56,0.46,0.39,2021-07-23,943,N,VIIRS,n,2,290.91,1.87,N,0
40.08271,-121.02837,337.89,0.45,0.39,2021-07-23,943,N,VIIRS,n,2,297,8.33,N,0
40.08277,-121.02138,352.65,0.45,0.39,2021-07-23,943,N,VIIRS,n,2,297.73,7.22,N,0
40.08292,-121.39313,320.77,0.47,0.4,2021-07-23,943,N,VIIRS,n,2,295.92,3.3,N,0
40.08303,-121.05415,340.79,0.46,0.39,2021-07-23,943,N,VIIRS,n,2,296.58,29.21,N,0
40.08307,-121.06075,355.15,0.46,0.39,2021-07-23,943,N,VIIRS,n,2,313.86,26.51,N,0
40.08322,-121.36459,337.72,0.47,0.4,2021-07-23,943,N,VIIRS,n,2,291.81,2.7,N,0
40.08343,-121.03411,336.16,0.46,0.39,2021-07-23,943,N,VIIRS,n,2,296.53,8.33,N,0
40.08344,-121.02703,337.77,0.46,0.39,2021-07-23,943,N,VIIRS,n,2,298.02,7.22,N,0
40.08361,-121.39886,318.63,0.47,0.4,2021-07-23,943,N,VIIRS,n,2,296.54,3.3,N,0
40.08367,-121.05945,353.24,0.46,0.39,2021-07-23,943,N,VIIRS,n,2,311.74,29.21,N,0
40.08374,-121.06617,355.34,0.46,0.39,2021-07-23,943,N,VIIRS,n,2,317.29,26.51,N,0
40.08387,-121.37004,331.2,0.47,0.4,2021-07-23,943,N,VIIRS,n,2,288.49,2.24,N,0
40.08388,-121.27782,315.41,0.46,0.39,2021-07-23,943,N,VIIRS,n,2,289.89,2.42,N,0
40.0841,-121.03951,344.51,0.46,0.39,2021-07-23,943,N,VIIRS,n,2,295.74,8.01,N,0
40.08412,-121.03277,339.4,0.46,0.39,2021-07-23,943,N,VIIRS,n,2,297.96,5.31,N,0
40.08429,-121.40459,319.36,0.47,0.4,2021-07-23,943,N,VIIRS,n,2,294.24,3.36,N,0
40.08432,-121.0649,353.9,0.46,0.39,2021-07-23,943,N,VIIRS,n,2,321.85,28.35,N,0
40.08441,-121.0716,343.88,0.46,0.39,2021-07-23,943,N,VIIRS,n,2,299.68,17.82,N,0
40.08454,-121.37556,317.34,0.47,0.4,2021-07-23,943,N,VIIRS,n,2,291.45,2.24,N,0
40.08471,-121.04442,330.29,0.46,0.39,2021-07-23,943,N,VIIRS,n,2,294.29,8.01,N,0
40.08479,-121.03828,350.82,0.46,0.39,2021-07-23,943,N,VIIRS,n,2,298.71,5.31,N,0
40.0849,-121.01649,322.25,0.45,0.39,2021-07-23,943,N,VIIRS,n,2,289.67,7.1,N,0
40.08495,-121.41011,302.13,0.47,0.4,2021-07-23,943,N,VIIRS,n,2,284.59,3.36,N,0
40.08497,-121.07037,348.05,0.46,0.39,2021-07-23,943,N,VIIRS,n,2,308.44,28.35,N,0
40.0852,-121.38112,307.98,0.47,0.4,2021-07-23,943,N,VIIRS,n,2,291.64,1.75,N,0
40.08532,-121.04934,346.45,0.46,0.39,2021-07-23,943,N,VIIRS,n,2,296.95,27.7,N,0
40.08539,-121.04324,336.8,0.46,0.39,2021-07-23,943,N,VIIRS,n,2,297.17,5.03,N,0
40.08548,-121.19977,356.57,0.46,0.39,2021-07-23,943,N,VIIRS,n,2,299.73,24.84,N,0
40.08559,-121.02203,351.64,0.45,0.39,2021-07-23,943,N,VIIRS,n,2,301.79,7.1,N,0
40.0856,-121.41556,341.45,0.47,0.4,2021-07-23,943,N,VIIRS,n,2,297.01,10.47,N,0
40.08562,-121.07578,300.98,0.46,0.39,2021-07-23,943,N,VIIRS,n,2,285.68,1.67,N,0
40.08587,-121.38671,316.81,0.47,0.4,2021-07-23,943,N,VIIRS,n,2,295.18,1.75,N,0
40.08594,-121.05434,356.75,0.46,0.39,2021-07-23,943,N,VIIRS,n,2,315.66,27.7,N,0
40.08598,-121.04813,348.06,0.46,0.39,2021-07-23,943,N,VIIRS,n,2,300.36,5.03,N,0
40.08615,-121.20527,303.48,0.46,0.39,2021-07-23,943,N,VIIRS,n,2,289.47,1.87,N,0
40.0862,-121.3585,304.91,0.47,0.4,2021-07-23,943,N,VIIRS,n,2,288.42,1.61,N,0
40.0863,-121.02769,349.72,0.45,0.39,2021-07-23,943,N,VIIRS,n,2,299.85,8.33,N,0
40.08635,-121.02069,355.43,0.45,0.39,2021-07-23,943,N,VIIRS,n,2,304.91,23.39,N,0
40.08655,-121.39233,333.93,0.47,0.4,2021-07-23,943,N,VIIRS,n,2,299.96,3.3,N,0
40.08659,-121.05311,356.73,0.46,0.39,2021-07-23,943,N,VIIRS,n,2,318.76,29.21,N,0
40.08661,-121.05974,354.15,0.46,0.39,2021-07-23,943,N,VIIRS,n,2,319.52,26.21,N,0
40.08685,-121.36391,325.16,0.47,0.4,2021-07-23,943,N,VIIRS,n,2,293.17,1.61,N,0
40.08701,-121.03336,355.57,0.46,0.39,2021-07-23,943,N,VIIRS,n,2,300.13,8.33,N,0
40.08702,-121.02634,351.27,0.46,0.39,2021-07-23,943,N,VIIRS,n,2,301.48,23.39,N,0
40.08722,-121.05843,352.46,0.46,0.39,2021-07-23,943,N,VIIRS,n,2,323.87,29.21,N,0
40.08723,-121.39802,315.73,0.47,0.4,2021-07-23,943,N,VIIRS,n,2,296.14,3.3,N,0
40.0873,-121.06527,367,0.46,0.39,2021-07-23,943,N,VIIRS,h,2,305.89,26.21,N,0
40.08749,-121.27705,325.78,0.46,0.39,2021-07-23,943,N,VIIRS,n,2,291.59,2.42,N,0
40.08751,-121.36933,325.73,0.47,0.4,2021-07-23,943,N,VIIRS,n,2,289.9,3.59,N,0
40.08767,-121.03868,344.2,0.46,0.39,2021-07-23,943,N,VIIRS,n,2,296.99,8.01,N,0
40.0877,-121.03201,354.85,0.46,0.39,2021-07-23,943,N,VIIRS,n,2,301.49,12.22,N,0
40.08789,-121.06401,355.92,0.46,0.39,2021-07-23,943,N,VIIRS,n,2,293.38,28.35,N,0
40.08792,-121.4038,318.51,0.47,0.4,2021-07-23,943,N,VIIRS,n,2,297.61,3.36,N,0
40.088,-121.07084,339.5,0.46,0.39,2021-07-23,943,N,VIIRS,n,2,293.22,12.75,N,0
40.08813,-121.28226,341.53,0.46,0.39,2021-07-23,943,N,VIIRS,n,2,289.46,6.32,N,0
40.08816,-121.37482,318.61,0.47,0.4,2021-07-23,943,N,VIIRS,n,2,292.32,3.59,N,0
40.08828,-121.04356,367,0.46,0.39,2021-07-23,943,N,VIIRS,h,2,306.29,8.01,N,0
40.08836,-121.03745,353.92,0.46,0.39,2021-07-23,943,N,VIIRS,n,2,297.68,12.22,N,0
40.08838,-121.19329,310.15,0.46,0.39,2021-07-23,943,N,VIIRS,n,2,290.59,11.65,N,0
40.08856,-121.06965,347.32,0.46,0.39,2021-07-23,943,N,VIIRS,n,2,292.08,28.35,N,0
40.08859,-121.40944,335.01,0.47,0.4,2021-07-23,943,N,VIIRS,n,2,298.03,3.36,N,0
40.08883,-121.38037,320.29,0.47,0.4,2021-07-23,943,N,VIIRS,n,2,293.75,4.05,N,0
40.08888,-121.04842,367,0.46,0.39,2021-07-23,943,N,VIIRS,h,2,309.57,27.7,N,0
40.08896,-121.0424,367,0.46,0.39,2021-07-23,943,N,VIIRS,h,2,305.32,34.84,N,0
40.08904,-121.1987,331.16,0.46,0.39,2021-07-23,943,N,VIIRS,n,2,292.93,11.65,N,0
40.08926,-121.41497,332.43,0.47,0.4,2021-07-23,943,N,VIIRS,n,2,292.16,10.47,N,0
40.0895,-121.38593,332.86,0.47,0.4,2021-07-23,943,N,VIIRS,n,2,299.39,4.05,N,0
40.0895,-121.05345,348.93,0.46,0.39,2021-07-23,943,N,VIIRS,n,2,331.04,27.7,N,0
40.08955,-121.04723,367,0.46,0.39,2021-07-23,943,N,VIIRS,h,2,310.85,34.84,N,0
40.08983,-121.35779,303.24,0.47,0.4,2021-07-23,943,N,VIIRS,n,2,287.87,1.61,N,0
40.08993,-121.01993,350.85,0.45,0.39,2021-07-23,943,N,VIIRS,n,2,306.09,23.39,N,0
40.09015,-121.05222,350.55,0.46,0.39,2021-07-23,943,N,VIIRS,n,2,324.35,41.38,N,0
40.09017,-121.39155,341.95,0.47,0.4,2021-07-23,943,N,VIIRS,n,2,302.41,5.59,N,0
40.09019,-121.05897,349.5,0.46,0.39,2021-07-23,943,N,VIIRS,n,2,303.53,26.21,N,0
40.09048,-121.36317,305.4,0.47,0.4,2021-07-23,943,N,VIIRS,n,2,286.09,1.61,N,0
40.0906,-121.02556,367,0.46,0.39,2021-07-23,943,N,VIIRS,h,2,312.48,23.39,N,0
40.09081,-121.05766,349.67,0.46,0.39,2021-07-23,943,N,VIIRS,n,2,303.74,41.38,N,0
40.09085,-121.39722,333.45,0.47,0.4,2021-07-23,943,N,VIIRS,n,2,299.8,5.59,N,0
40.09091,-121.06472,305.75,0.46,0.39,2021-07-23,943,N,VIIRS,n,2,285.96,26.21,N,0
40.09109,-121.27617,335.63,0.46,0.39,2021-07-23,943,N,VIIRS,n,2,291.13,3.86,N,0
40.09113,-121.36855,340.49,0.47,0.4,2021-07-23,943,N,VIIRS,n,2,293.17,3.59,N,0
40.09128,-121.03118,345.62,0.46,0.39,2021-07-23,943,N,VIIRS,n,2,296.78,12.22,N,0
40.0915,-121.06345,307.34,0.46,0.39,2021-07-23,943,N,VIIRS,n,2,285.88,1.12,N,0
40.09154,-121.40294,326.77,0.47,0.4,2021-07-23,943,N,VIIRS,n,2,299.9,6.22,N,0
40.09172,-121.28136,304.91,0.46,0.39,2021-07-23,943,N,VIIRS,n,2,288.41,1.22,N,0
40.09179,-121.37402,319.57,0.47,0.4,2021-07-23,943,N,VIIRS,n,2,291.78,3.59,N,0
40.09193,-121.19215,348.98,0.46,0.39,2021-07-23,943,N,VIIRS,n,2,294.25,11.65,N,0
40.09193,-121.03655,324.07,0.46,0.39,2021-07-23,943,N,VIIRS,n,2,289.43,12.22,N,0
40.09219,-121.06928,297.43,0.46,0.39,2021-07-23,943,N,VIIRS,n,2,283.77,1.12,N,0
40.09222,-121.40859,336.82,0.47,0.4,2021-07-23,943,N,VIIRS,n,2,302.57,6.22,N,0
40.09246,-121.37958,323.76,0.47,0.4,2021-07-23,943,N,VIIRS,n,2,294.69,4.05,N,0
40.09253,-121.04153,357.19,0.46,0.39,2021-07-23,943,N,VIIRS,n,2,304.66,34.84,N,0
40.0926,-121.19764,332.72,0.46,0.39,2021-07-23,943,N,VIIRS,n,2,292.36,11.65,N,0
40.09289,-121.41422,303.55,0.47,0.4,2021-07-23,943,N,VIIRS,n,2,286.12,2.88,N,0
40.09312,-121.38514,335.73,0.47,0.4,2021-07-23,943,N,VIIRS,n,2,300,4.05,N,0
40.09312,-121.0464,341.01,0.46,0.39,2021-07-23,943,N,VIIRS,n,2,322.38,34.84,N,0
40.09346,-121.35706,316.8,0.47,0.4,2021-07-23,943,N,VIIRS,n,2,289.57,2.26,N,0
40.0935,-121.01917,336.15,0.45,0.39,2021-07-23,943,N,VIIRS,n,2,293.53,4.11,N,0
40.09362,-121.29701,330.08,0.47,0.39,2021-07-23,943,N,VIIRS,n,2,289.39,2.18,N,0
40.09373,-121.05147,342.51,0.46,0.39,2021-07-23,943,N,VIIRS,n,2,331.88,41.38,N,0
40.0938,-121.39077,334.41,0.47,0.4,2021-07-23,943,N,VIIRS,n,2,300.44,5.59,N,0
40.0941,-121.36242,310.13,0.47,0.4,2021-07-23,943,N,VIIRS,n,2,289.75,2.26,N,0
40.09418,-121.02475,326.36,0.46,0.39,2021-07-23,943,N,VIIRS,n,2,290.64,4.11,N,0
40.09426,-121.30231,339.74,0.47,0.39,2021-07-23,943,N,VIIRS,n,2,289.02,2.22,N,0
40.09439,-121.05695,318.68,0.46,0.39,2021-07-23,943,N,VIIRS,n,2,287.8,41.38,N,0
40.09448,-121.39642,334.3,0.47,0.4,2021-07-23,943,N,VIIRS,n,2,300.24,5.59,N,0
40.09469,-121.27525,321.85,0.46,0.39,2021-07-23,943,N,VIIRS,n,2,288.98,3.86,N,0
40.09475,-121.36776,321.17,0.47,0.4,2021-07-23,943,N,VIIRS,n,2,292.85,2.5,N,0
40.09482,-121.18565,329.04,0.46,0.39,2021-07-23,943,N,VIIRS,n,2,293.2,14.81,N,0
40.09485,-121.03036,300.37,0.46,0.39,2021-07-23,943,N,VIIRS,n,2,287.45,1.02,N,0
40.09513,-121.34018,301.41,0.47,0.4,2021-07-23,943,N,VIIRS,n,2,285.09,1.15,N,0
40.09516,-121.40208,341.33,0.47,0.4,2021-07-23,943,N,VIIRS,n,2,305.2,6.22,N,0
40.09541,-121.37321,316.17,0.47,0.4,2021-07-23,943,N,VIIRS,n,2,292.33,2.5,N,0
40.09549,-121.19112,347.94,0.46,0.39,2021-07-23,943,N,VIIRS,n,2,318.46,23.48,N,0
40.09549,-121.03568,309.15,0.46,0.39,2021-07-23,943,N,VIIRS,n,2,288.68,1.02,N,0
40.09579,-121.34559,324.02,0.47,0.4,2021-07-23,943,N,VIIRS,n,2,286.42,2.97,N,0
40.09584,-121.40775,350.49,0.47,0.4,2021-07-23,943,N,VIIRS,n,2,306.49,6.22,N,0
40.09607,-121.37875,324.99,0.47,0.4,2021-07-23,943,N,VIIRS,n,2,294.22,4.46,N,0
40.0961,-121.0407,307.75,0.46,0.39,2021-07-23,943,N,VIIRS,n,2,288.4,14.76,N,0
40.09617,-121.19661,326.22,0.46,0.39,2021-07-23,943,N,VIIRS,n,2,291.26,23.48,N,0
40.09619,-121.31819,300.04,0.47,0.39,2021-07-23,943,N,VIIRS,n,2,283.48,0.63,N,0
40.09644,-121.35094,310.77,0.47,0.4,2021-07-23,943,N,VIIRS,n,2,286.02,2.97,N,0
40.0966,-121.29094,304.69,0.47,0.39,2021-07-23,943,N,VIIRS,n,2,288.13,2.18,N,0
40.0967,-121.04559,338.33,0.46,0.39,2021-07-23,943,N,VIIRS,n,2,307.72,14.76,N,0
40.09674,-121.38431,337.97,0.47,0.4,2021-07-23,943,N,VIIRS,n,2,302.07,4.46,N,0
40.09709,-121.3563,324.75,0.47,0.4,2021-07-23,943,N,VIIRS,n,2,291.71,2.26,N,0
40.09709,-121.01842,305.14,0.45,0.39,2021-07-23,943,N,VIIRS,n,2,287.63,4.11,N,0
40.09723,-121.2962,321.19,0.47,0.39,2021-07-23,943,N,VIIRS,n,2,288.06,2.18,N,0
40.09732,-121.05072,339.01,0.46,0.39,2021-07-23,943,N,VIIRS,n,2,291.15,8.49,N,0
40.09742,-121.38991,334.42,0.47,0.4,2021-07-23,943,N,VIIRS,n,2,301.52,4.41,N,0
40.09748,-121.3288,315.03,0.47,0.39,2021-07-23,943,N,VIIRS,n,2,287.32,1.95,N,0
40.09773,-121.36166,312.8,0.47,0.4,2021-07-23,943,N,VIIRS,n,2,289.66,2.26,N,0
40.09787,-121.30148,302.09,0.47,0.39,2021-07-23,943,N,VIIRS,n,2,285.94,2.22,N,0
40.09798,-121.0562,303.18,0.46,0.39,2021-07-23,943,N,VIIRS,n,2,287.4,8.49,N,0
40.09809,-121.39553,324.52,0.47,0.4,2021-07-23,943,N,VIIRS,n,2,301.11,4.41,N,0
40.09811,-121.33409,310.19,0.47,0.39,2021-07-23,943,N,VIIRS,n,2,285.29,3.45,N,0
40.09837,-121.36698,316.91,0.47,0.4,2021-07-23,943,N,VIIRS,n,2,291.71,2.5,N,0
40.09843,-121.18491,344.01,0.46,0.39,2021-07-23,943,N,VIIRS,n,2,295.35,14.81,N,0
40.0985,-121.18382,331.95,0.46,0.39,2021-07-23,943,N,VIIRS,n,2,291.49,14.28,N,0
40.09852,-121.30676,299.18,0.47,0.39,2021-07-23,943,N,VIIRS,n,2,284.14,2.22,N,0
40.09875,-121.3394,314.36,0.47,0.4,2021-07-23,943,N,VIIRS,n,2,284.64,3.45,N,0
40.09877,-121.40118,341,0.47,0.4,2021-07-23,943,N,VIIRS,n,2,305.22,12.96,N,0
40.09891,-121.2795,302.56,0.46,0.39,2021-07-23,943,N,VIIRS,n,2,286.89,0.96,N,0
40.09902,-121.37238,317.99,0.47,0.4,2021-07-23,943,N,VIIRS,n,2,293.5,2.5,N,0
40.09911,-121.19051,367,0.46,0.39,2021-07-23,943,N,VIIRS,h,2,300.82,23.48,N,0
40.09916,-121.18945,367,0.46,0.39,2021-07-23,943,N,VIIRS,h,2,304.22,14.28,N,0
40.09941,-121.34477,345.75,0.47,0.4,2021-07-23,943,N,VIIRS,n,2,289.62,4.48,N,0
40.09945,-121.40688,351.39,0.47,0.4,2021-07-23,943,N,VIIRS,n,2,305.18,12.96,N,0
40.09969,-121.37786,319.75,0.47,0.4,2021-07-23,943,N,VIIRS,n,2,294.92,4.46,N,0
40.0998,-121.19607,311.36,0.46,0.39,2021-07-23,943,N,VIIRS,n,2,289.9,23.48,N,0
40.09982,-121.19503,324.57,0.46,0.39,2021-07-23,943,N,VIIRS,n,2,290.67,5.56,N,0
40.10005,-121.3501,323.62,0.47,0.4,2021-07-23,943,N,VIIRS,n,2,292.16,4.48,N,0
40.10029,-121.04491,304.23,0.46,0.39,2021-07-23,943,N,VIIRS,n,2,288.1,14.76,N,0
40.10035,-121.3834,337.53,0.47,0.4,2021-07-23,943,N,VIIRS,n,2,301.79,4.46,N,0
40.1007,-121.35545,312.97,0.47,0.4,2021-07-23,943,N,VIIRS,n,2,292.88,2.04,N,0
40.10091,-121.05008,299.89,0.46,0.39,2021-07-23,943,N,VIIRS,n,2,286.38,8.49,N,0
40.10103,-121.38901,333.88,0.47,0.4,2021-07-23,943,N,VIIRS,n,2,301.93,4.41,N,0
40.10135,-121.36084,314.97,0.47,0.4,2021-07-23,943,N,VIIRS,n,2,290.88,2.04,N,0
40.10135,-121.17867,306.45,0.46,0.39,2021-07-23,943,N,VIIRS,n,2,285.39,6.98,N,0
40.10145,-121.17764,311.53,0.46,0.39,2021-07-23,943,N,VIIRS,n,2,285.21,1.51,N,0
40.1017,-121.39461,319.59,0.47,0.4,2021-07-23,943,N,VIIRS,n,2,298.74,4.41,N,0
40.10175,-121.33339,327.21,0.47,0.39,2021-07-23,943,N,VIIRS,n,2,289.15,3.45,N,0
40.102,-121.36619,319.19,0.47,0.4,2021-07-23,943,N,VIIRS,n,2,290.97,2.92,N,0
40.10205,-121.18433,356.25,0.46,0.39,2021-07-23,943,N,VIIRS,n,2,298.1,6.98,N,0
40.10211,-121.18323,349.17,0.46,0.39,2021-07-23,943,N,VIIRS,n,2,294.82,14.28,N,0
40.10225,-121.24617,301.95,0.46,0.39,2021-07-23,943,N,VIIRS,n,2,286.04,0.7,N,0
40.10238,-121.40025,326.43,0.47,0.4,2021-07-23,943,N,VIIRS,n,2,301.21,12.96,N,0
40.10238,-121.33865,314.37,0.47,0.4,2021-07-23,943,N,VIIRS,n,2,283.92,3.45,N,0
40.10264,-121.37156,319.83,0.47,0.4,2021-07-23,943,N,VIIRS,n,2,292.16,2.92,N,0
40.10275,-121.19,327.49,0.46,0.39,2021-07-23,943,N,VIIRS,n,2,292.91,3.42,N,0
40.10279,-121.18892,337.65,0.46,0.39,2021-07-23,943,N,VIIRS,n,2,293.63,14.28,N,0
40.10307,-121.40596,343.53,0.47,0.4,2021-07-23,943,N,VIIRS,n,2,302.17,12.96,N,0
40.1033,-121.37698,324.49,0.47,0.4,2021-07-23,943,N,VIIRS,n,2,294.72,4.94,N,0
40.10366,-121.34927,325.93,0.47,0.4,2021-07-23,943,N,VIIRS,n,2,294.25,4.48,N,0
40.1038,-121.2892,300.7,0.47,0.39,2021-07-23,943,N,VIIRS,n,2,283.87,1.95,N,0
40.10396,-121.38251,329.41,0.47,0.4,2021-07-23,943,N,VIIRS,n,2,296.35,4.94,N,0
40.10431,-121.35462,312.76,0.47,0.4,2021-07-23,943,N,VIIRS,n,2,291.75,2.04,N,0
40.10446,-121.29459,331.08,0.47,0.39,2021-07-23,943,N,VIIRS,n,2,285.02,1.95,N,0
40.10464,-121.38808,333.26,0.47,0.4,2021-07-23,943,N,VIIRS,n,2,298.74,4.59,N,0
40.10496,-121.17805,347.25,0.46,0.39,2021-07-23,943,N,VIIRS,n,2,291.63,6.98,N,0
40.10497,-121.36005,314.54,0.47,0.4,2021-07-23,943,N,VIIRS,n,2,290.8,2.04,N,0
40.10506,-121.17698,337.64,0.46,0.39,2021-07-23,943,N,VIIRS,n,2,289.76,5.9,N,0
40.10511,-121.29995,333.48,0.47,0.39,2021-07-23,943,N,VIIRS,n,2,286.5,5.14,N,0
40.10531,-121.39365,326.03,0.47,0.4,2021-07-23,943,N,VIIRS,n,2,298,4.59,N,0
40.10538,-121.33273,310.84,0.47,0.39,2021-07-23,943,N,VIIRS,n,2,283.84,1.26,N,0
40.10562,-121.36544,321.81,0.47,0.4,2021-07-23,943,N,VIIRS,n,2,292.33,2.92,N,0
40.10566,-121.24448,301.64,0.46,0.39,2021-07-23,943,N,VIIRS,n,2,287.32,0.75,N,0
40.10567,-121.18372,330.94,0.46,0.39,2021-07-23,943,N,VIIRS,n,2,290.19,6.98,N,0
40.10573,-121.18261,338.58,0.46,0.39,2021-07-23,943,N,VIIRS,n,2,290.86,3.32,N,0
40.10599,-121.39928,320.85,0.47,0.4,2021-07-23,943,N,VIIRS,n,2,298.93,7.08,N,0
40.10601,-121.33795,303.92,0.47,0.4,2021-07-23,943,N,VIIRS,n,2,282.91,1.26,N,0
40.10627,-121.3708,326.19,0.47,0.4,2021-07-23,943,N,VIIRS,n,2,293.37,2.92,N,0
40.10638,-121.18948,309.11,0.46,0.39,2021-07-23,943,N,VIIRS,n,2,289.84,3.42,N,0
40.1064,-121.31061,309.64,0.47,0.39,2021-07-23,943,N,VIIRS,n,2,281.18,0.5,N,0
40.10641,-121.18839,314.2,0.46,0.39,2021-07-23,943,N,VIIRS,n,2,289.43,3.32,N,0
40.10667,-121.40496,338.15,0.47,0.4,2021-07-23,943,N,VIIRS,n,2,295.26,7.08,N,0
40.10692,-121.37621,339.53,0.47,0.4,2021-07-23,943,N,VIIRS,n,2,298.8,4.94,N,0
40.1073,-121.34857,342.05,0.47,0.4,2021-07-23,943,N,VIIRS,n,2,296.66,5.54,N,0
40.10741,-121.1657,311.21,0.46,0.39,2021-07-23,943,N,VIIRS,n,2,287.65,2.15,N,0
40.10742,-121.28848,299.77,0.47,0.39,2021-07-23,943,N,VIIRS,n,2,284.29,1.12,N,0
40.10758,-121.38165,339,0.47,0.4,2021-07-23,943,N,VIIRS,n,2,296.39,4.94,N,0
40.10771,-121.32133,304.54,0.47,0.39,2021-07-23,943,N,VIIRS,n,2,282.25,1.49,N,0
40.10795,-121.35393,316.48,0.47,0.4,2021-07-23,943,N,VIIRS,n,2,292.27,2.65,N,0
40.10804,-121.17096,349.04,0.46,0.39,2021-07-23,943,N,VIIRS,n,2,290.41,5.9,N,0
40.10825,-121.38718,330.68,0.47,0.4,2021-07-23,943,N,VIIRS,n,2,296.04,4.59,N,0
40.10837,-121.32677,311.52,0.47,0.39,2021-07-23,943,N,VIIRS,n,2,283.64,1.49,N,0
40.1086,-121.35932,317.09,0.47,0.4,2021-07-23,943,N,VIIRS,n,2,292.7,2.65,N,0
40.10868,-121.17637,334.73,0.46,0.39,2021-07-23,943,N,VIIRS,n,2,290.33,5.9,N,0
40.10873,-121.29929,302,0.47,0.39,2021-07-23,943,N,VIIRS,n,2,282.63,1.52,N,0
40.10891,-121.39269,336.74,0.47,0.4,2021-07-23,943,N,VIIRS,n,2,299.99,4.59,N,0
40.10925,-121.3647,321.14,0.47,0.4,2021-07-23,943,N,VIIRS,n,2,292.37,4.04,N,0
40.10935,-121.18201,317.84,0.46,0.39,2021-07-23,943,N,VIIRS,n,2,289.33,3.32,N,0
40.10958,-121.39829,344.42,0.47,0.4,2021-07-23,943,N,VIIRS,n,2,301.65,7.08,N,0
40.10965,-121.33733,311.89,0.47,0.4,2021-07-23,943,N,VIIRS,n,2,285.3,1.26,N,0
40.1099,-121.37009,332.01,0.47,0.4,2021-07-23,943,N,VIIRS,n,2,296.47,4.04,N,0
40.11002,-121.30987,306.74,0.47,0.39,2021-07-23,943,N,VIIRS,n,2,282.36,0.94,N,0
40.11027,-121.40395,330.13,0.47,0.4,2021-07-23,943,N,VIIRS,n,2,291.75,7.08,N,0
40.11029,-121.34258,321.63,0.47,0.4,2021-07-23,943,N,VIIRS,n,2,288.17,5.54,N,0
40.11055,-121.37548,337.51,0.47,0.4,2021-07-23,943,N,VIIRS,n,2,297.05,6.4,N,0
40.11067,-121.31516,310.91,0.47,0.39,2021-07-23,943,N,VIIRS,n,2,283.71,0.94,N,0
40.11093,-121.34789,342.42,0.47,0.4,2021-07-23,943,N,VIIRS,n,2,298.17,5.54,N,0
40.11103,-121.16514,322.97,0.46,0.39,2021-07-23,943,N,VIIRS,n,2,295.73,16.43,N,0
40.11121,-121.38087,338.11,0.47,0.4,2021-07-23,943,N,VIIRS,n,2,297.32,6.4,N,0
40.11132,-121.29237,300.48,0.47,0.39,2021-07-23,943,N,VIIRS,n,2,281.52,1.62,N,0
40.11158,-121.35327,315.94,0.47,0.4,2021-07-23,943,N,VIIRS,n,2,291.59,2.65,N,0
40.11165,-121.17032,350.45,0.46,0.39,2021-07-23,943,N,VIIRS,n,2,297.55,10.31,N,0
40.11171,-121.29326,312.69,0.47,0.39,2021-07-23,943,N,VIIRS,n,2,282.43,1.12,N,0
40.11186,-121.3863,337.85,0.47,0.4,2021-07-23,943,N,VIIRS,n,2,300.33,6.14,N,0
40.11196,-121.29778,323.06,0.47,0.39,2021-07-23,943,N,VIIRS,n,2,285.86,1.62,N,0
40.11223,-121.35863,323.59,0.47,0.4,2021-07-23,943,N,VIIRS,n,2,294.01,2.65,N,0
40.1123,-121.17578,326.79,0.46,0.39,2021-07-23,943,N,VIIRS,n,2,288.88,10.31,N,0
40.11237,-121.29864,318.94,0.47,0.39,2021-07-23,943,N,VIIRS,n,2,285.49,1.52,N,0
40.11252,-121.39176,331.75,0.47,0.4,2021-07-23,943,N,VIIRS,n,2,298.39,6.14,N,0
40.11265,-121.33145,321.21,0.47,0.39,2021-07-23,943,N,VIIRS,n,2,286.93,1.72,N,0
40.11288,-121.36398,330.7,0.47,0.4,2021-07-23,943,N,VIIRS,n,2,295.62,4.04,N,0
40.11297,-121.1814,301.45,0.46,0.39,2021-07-23,943,N,VIIRS,n,2,286.88,1.68,N,0
40.11319,-121.39729,342.97,0.47,0.4,2021-07-23,943,N,VIIRS,n,2,307.15,21.05,N,0
40.11329,-121.3367,307.5,0.47,0.4,2021-07-23,943,N,VIIRS,n,2,285.51,1.72,N,0
40.11353,-121.36938,329.56,0.47,0.4,2021-07-23,943,N,VIIRS,n,2,294.47,4.04,N,0
40.11387,-121.40294,336.37,0.47,0.4,2021-07-23,943,N,VIIRS,n,2,290.7,21.05,N,0
40.11392,-121.34194,344.46,0.47,0.4,2021-07-23,943,N,VIIRS,n,2,293.32,5.13,N,0
40.11419,-121.37476,344.3,0.47,0.4,2021-07-23,943,N,VIIRS,n,2,299.13,6.4,N,0
40.11457,-121.34724,325.78,0.47,0.4,2021-07-23,943,N,VIIRS,n,2,293.9,5.13,N,0
40.11465,-121.16463,346.5,0.46,0.39,2021-07-23,943,N,VIIRS,n,2,293.5,16.43,N,0
40.11484,-121.38015,343.07,0.47,0.4,2021-07-23,943,N,VIIRS,n,2,297.88,6.4,N,0
40.11495,-121.29173,311.64,0.47,0.39,2021-07-23,943,N,VIIRS,n,2,281.87,1.62,N,0
40.11522,-121.3526,318.56,0.47,0.4,2021-07-23,943,N,VIIRS,n,2,292.18,3.33,N,0
40.11528,-121.16984,329.66,0.46,0.39,2021-07-23,943,N,VIIRS,n,2,290.75,10.31,N,0
40.11534,-121.29262,311.65,0.47,0.39,2021-07-23,943,N,VIIRS,n,2,282.18,2.77,N,0
40.11549,-121.38555,343.12,0.47,0.4,2021-07-23,943,N,VIIRS,n,2,300.69,6.14,N,0
40.11559,-121.29714,316.96,0.47,0.39,2021-07-23,943,N,VIIRS,n,2,284.96,1.62,N,0
40.11575,-121.32995,316.72,0.47,0.4,2021-07-23,943,N,VIIRS,n,2,288.86,2.04,N,0
40.11587,-121.35794,320.25,0.47,0.4,2021-07-23,943,N,VIIRS,n,2,293.26,3.33,N,0
40.11592,-121.17521,317.82,0.46,0.39,2021-07-23,943,N,VIIRS,n,2,289.13,10.31,N,0
40.116,-121.298,321.6,0.47,0.39,2021-07-23,943,N,VIIRS,n,2,286.11,7.49,N,0
40.11614,-121.39091,340.42,0.47,0.4,2021-07-23,943,N,VIIRS,n,2,299.5,6.14,N,0
40.11622,-121.30244,308.64,0.47,0.39,2021-07-23,943,N,VIIRS,n,2,284.92,1.41,N,0
40.11628,-121.33076,317.2,0.47,0.39,2021-07-23,943,N,VIIRS,n,2,289.65,1.72,N,0
40.11637,-121.33524,307.51,0.47,0.4,2021-07-23,943,N,VIIRS,n,2,290.45,3.3,N,0
40.11652,-121.3633,330.29,0.47,0.4,2021-07-23,943,N,VIIRS,n,2,296.49,6.57,N,0
40.11679,-121.39631,349.28,0.47,0.4,2021-07-23,943,N,VIIRS,n,2,308.33,21.05,N,0
40.11692,-121.33603,313.59,0.47,0.4,2021-07-23,943,N,VIIRS,n,2,291.24,1.72,N,0
40.11699,-121.34052,341.56,0.47,0.4,2021-07-23,943,N,VIIRS,n,2,295.12,3.3,N,0
40.11716,-121.36867,337.54,0.47,0.4,2021-07-23,943,N,VIIRS,n,2,297.62,6.57,N,0
40.11747,-121.40192,334.98,0.47,0.4,2021-07-23,943,N,VIIRS,n,2,292.79,21.05,N,0
40.11757,-121.34132,340.67,0.47,0.4,2021-07-23,943,N,VIIRS,n,2,296.59,5.13,N,0
40.11761,-121.34583,333.15,0.47,0.4,2021-07-23,943,N,VIIRS,n,2,297.16,4.22,N,0
40.11766,-121.15895,317.14,0.46,0.39,2021-07-23,943,N,VIIRS,n,2,290.16,11.73,N,0
40.11782,-121.37406,333.83,0.47,0.4,2021-07-23,943,N,VIIRS,n,2,295.08,6.13,N,0
40.11816,-121.40764,298,0.47,0.4,2021-07-23,943,N,VIIRS,n,2,285.25,1.13,N,0
40.11821,-121.34662,328.76,0.47,0.4,2021-07-23,943,N,VIIRS,n,2,296.79,5.13,N,0
40.11824,-121.35115,319.51,0.47,0.4,2021-07-23,943,N,VIIRS,n,2,294.19,4.22,N,0
40.11829,-121.16415,342.55,0.46,0.39,2021-07-23,943,N,VIIRS,n,2,302.03,11.73,N,0
40.11848,-121.37946,341.54,0.47,0.4,2021-07-23,943,N,VIIRS,n,2,297.58,6.13,N,0
40.11858,-121.29108,311.94,0.47,0.39,2021-07-23,943,N,VIIRS,n,2,284.35,2.64,N,0
40.11872,-121.32368,312.47,0.47,0.39,2021-07-23,943,N,VIIRS,n,2,287.27,2.04,N,0
40.11885,-121.35193,323.48,0.47,0.4,2021-07-23,943,N,VIIRS,n,2,295.32,3.33,N,0
40.11887,-121.35651,327.09,0.47,0.4,2021-07-23,943,N,VIIRS,n,2,297.89,5.58,N,0
40.11891,-121.16936,316.27,0.46,0.39,2021-07-23,943,N,VIIRS,n,2,290.3,1.78,N,0
40.11897,-121.29198,332.07,0.47,0.39,2021-07-23,943,N,VIIRS,n,2,286.14,2.77,N,0
40.11913,-121.38483,344.84,0.47,0.4,2021-07-23,943,N,VIIRS,n,2,297.97,11.67,N,0
40.11922,-121.29649,331.8,0.47,0.39,2021-07-23,943,N,VIIRS,n,2,288.04,2.64,N,0
40.11924,-121.32454,327.8,0.47,0.39,2021-07-23,943,N,VIIRS,n,2,287.86,8.21,N,0
40.11937,-121.32922,316.14,0.47,0.4,2021-07-23,943,N,VIIRS,n,2,289.58,2.04,N,0
40.1195,-121.36186,343.21,0.47,0.4,2021-07-23,943,N,VIIRS,n,2,302.25,5.58,N,0
40.1195,-121.35725,330.66,0.47,0.4,2021-07-23,943,N,VIIRS,n,2,298.46,3.33,N,0
40.11955,-121.17469,315.28,0.46,0.39,2021-07-23,943,N,VIIRS,n,2,288.78,1.78,N,0
40.11963,-121.29737,328.42,0.47,0.39,2021-07-23,943,N,VIIRS,n,2,288.97,7.49,N,0
40.11977,-121.39014,353.02,0.47,0.4,2021-07-23,943,N,VIIRS,n,2,301.93,11.67,N,0
40.11985,-121.3018,367,0.47,0.39,2021-07-23,943,N,VIIRS,h,2,293.41,9.49,N,0
40.11991,-121.33005,316.42,0.47,0.39,2021-07-23,943,N,VIIRS,n,2,291.13,2.99,N,0
40.12001,-121.33456,322.01,0.47,0.4,2021-07-23,943,N,VIIRS,n,2,293.92,3.3,N,0
40.12013,-121.36723,346.76,0.47,0.4,2021-07-23,943,N,VIIRS,n,2,302.25,6.6,N,0
40.12015,-121.36261,348.8,0.47,0.4,2021-07-23,943,N,VIIRS,n,2,303.7,6.57,N,0
40.12019,-121.18008,323.76,0.46,0.39,2021-07-23,943,N,VIIRS,n,2,288.86,1.11,N,0
40.12028,-121.30266,367,0.47,0.39,2021-07-23,943,N,VIIRS,h,2,292.52,7.49,N,0
40.1203,-121.2743,299.37,0.46,0.39,2021-07-23,943,N,VIIRS,n,2,284.04,0.62,N,0
40.1204,-121.39539,343.3,0.47,0.4,2021-07-23,943,N,VIIRS,n,2,319.51,110.85,N,0
40.12047,-121.30701,312.37,0.47,0.39,2021-07-23,943,N,VIIRS,n,2,285.95,9.49,N,0
40.12056,-121.33536,324.71,0.47,0.4,2021-07-23,943,N,VIIRS,n,2,295.59,2.99,N,0
40.12063,-121.33987,322.91,0.47,0.4,2021-07-23,943,N,VIIRS,n,2,295.83,3.3,N,0
40.12076,-121.37261,340.37,0.47,0.4,2021-07-23,943,N,VIIRS,n,2,298.88,6.6,N,0
40.1208,-121.36798,347.03,0.47,0.4,2021-07-23,943,N,VIIRS,n,2,301.87,6.57,N,0
40.12094,-121.27968,307.68,0.47,0.39,2021-07-23,943,N,VIIRS,n,2,285.16,1.73,N,0
40.12107,-121.40096,335.45,0.47,0.4,2021-07-23,943,N,VIIRS,n,2,286.36,110.85,N,0
40.1212,-121.34064,325.99,0.47,0.4,2021-07-23,943,N,VIIRS,n,2,296.77,3.27,N,0
40.12125,-121.34517,333.78,0.47,0.4,2021-07-23,943,N,VIIRS,n,2,299.09,4.22,N,0
40.12128,-121.15842,329.1,0.46,0.39,2021-07-23,943,N,VIIRS,n,2,291.6,11.73,N,0
40.12139,-121.37802,338.99,0.47,0.4,2021-07-23,943,N,VIIRS,n,2,297.68,8.02,N,0
40.12146,-121.37336,339.56,0.47,0.4,2021-07-23,943,N,VIIRS,n,2,298.51,6.13,N,0
40.12157,-121.28506,310.5,0.47,0.39,2021-07-23,943,N,VIIRS,n,2,286.24,1.73,N,0
40.12177,-121.40669,305.72,0.47,0.4,2021-07-23,943,N,VIIRS,n,2,284.99,1.9,N,0
40.12184,-121.34596,329.93,0.47,0.4,2021-07-23,943,N,VIIRS,n,2,298.21,3.27,N,0
40.12188,-121.35048,325.63,0.47,0.4,2021-07-23,943,N,VIIRS,n,2,295.83,4.22,N,0
40.12191,-121.16369,336.64,0.46,0.39,2021-07-23,943,N,VIIRS,n,2,293.71,11.73,N,0
40.12202,-121.38339,346.8,0.47,0.4,2021-07-23,943,N,VIIRS,n,2,299.61,8.02,N,0
40.12211,-121.37875,342.02,0.47,0.4,2021-07-23,943,N,VIIRS,n,2,298.11,6.13,N,0
40.12222,-121.29044,319.35,0.47,0.39,2021-07-23,943,N,VIIRS,n,2,289.28,2.64,N,0
40.12234,-121.3229,347.52,0.47,0.39,2021-07-23,943,N,VIIRS,n,2,296.56,5.99,N,0
40.12249,-121.35125,323.1,0.47,0.4,2021-07-23,943,N,VIIRS,n,2,294.99,4.22,N,0
40.12251,-121.35581,337.58,0.47,0.4,2021-07-23,943,N,VIIRS,n,2,298.45,5.58,N,0
40.12254,-121.16891,316.52,0.46,0.39,2021-07-23,943,N,VIIRS,n,2,290.68,1.78,N,0
40.12265,-121.38872,349.3,0.47,0.4,2021-07-23,943,N,VIIRS,n,2,299.44,158.72,N,0
40.12276,-121.38412,347.41,0.47,0.4,2021-07-23,943,N,VIIRS,n,2,300.44,11.67,N,0
40.12285,-121.32376,354.65,0.47,0.39,2021-07-23,943,N,VIIRS,n,2,298.22,8.21,N,0
40.12285,-121.29583,315.74,0.47,0.39,2021-07-23,943,N,VIIRS,n,2,288.25,2.64,N,0
40.123,-121.32849,328.82,0.47,0.4,2021-07-23,943,N,VIIRS,n,2,294.13,5.99,N,0
40.12313,-121.35658,339.85,0.47,0.4,2021-07-23,943,N,VIIRS,n,2,298.75,4.22,N,0
40.12314,-121.36119,335.99,0.47,0.4,2021-07-23,943,N,VIIRS,n,2,297.24,5.58,N,0
40.12318,-121.17419,317.34,0.46,0.39,2021-07-23,943,N,VIIRS,n,2,289.87,1.78,N,0
40.12327,-121.39403,367,0.47,0.4,2021-07-23,943,N,VIIRS,h,2,340.91,158.72,N,0
40.1234,-121.38943,352.75,0.47,0.4,2021-07-23,943,N,VIIRS,n,2,300.64,11.67,N,0
40.12348,-121.30114,334.49,0.47,0.39,2021-07-23,943,N,VIIRS,n,2,292.88,9.49,N,0
40.12353,-121.32929,326.07,0.47,0.39,2021-07-23,943,N,VIIRS,n,2,293.83,2.99,N,0
40.12363,-121.33385,322.46,0.47,0.4,2021-07-23,943,N,VIIRS,n,2,294.93,2.75,N,0
40.12377,-121.36658,339.37,0.47,0.4,2021-07-23,943,N,VIIRS,n,2,299,6.6,N,0
40.12379,-121.36195,331.91,0.47,0.4,2021-07-23,943,N,VIIRS,n,2,296.26,6.25,N,0
40.12381,-121.1795,299.09,0.46,0.39,2021-07-23,943,N,VIIRS,n,2,286.8,1.11,N,0
40.12391,-121.3995,352.22,0.47,0.4,2021-07-23,943,N,VIIRS,n,2,307.16,73.3,N,0
40.12395,-121.27378,311.27,0.46,0.39,2021-07-23,943,N,VIIRS,n,2,287.41,2.48,N,0
40.12405,-121.39475,367,0.47,0.4,2021-07-23,943,N,VIIRS,h,2,363.38,110.85,N,0
40.1241,-121.3064,334.32,0.47,0.39,2021-07-23,943,N,VIIRS,n,2,295.8,9.49,N,0
40.12418,-121.33465,315.69,0.47,0.4,2021-07-23,943,N,VIIRS,n,2,294.17,2.99,N,0
40.12426,-121.33916,316.59,0.47,0.4,2021-07-23,943,N,VIIRS,n,2,294.08,2.75,N,0
40.1244,-121.37196,335.53,0.47,0.4,2021-07-23,943,N,VIIRS,n,2,298.13,6.6,N,0
40.12444,-121.36734,337.01,0.47,0.4,2021-07-23,943,N,VIIRS,n,2,298.11,6.25,N,0
40.12445,-121.18485,299.2,0.46,0.39,2021-07-23,943,N,VIIRS,n,2,285.95,1.11,N,0
40.12457,-121.40517,321.89,0.47,0.4,2021-07-23,943,N,VIIRS,n,2,283.41,73.3,N,0
40.12457,-121.27911,320.45,0.47,0.39,2021-07-23,943,N,VIIRS,n,2,288.83,2.17,N,0
40.12471,-121.40023,351.97,0.47,0.4,2021-07-23,943,N,VIIRS,n,2,288.94,110.85,N,0
40.12483,-121.33995,314.49,0.47,0.4,2021-07-23,943,N,VIIRS,n,2,293.08,3.27,N,0
40.12489,-121.34446,322.62,0.47,0.4,2021-07-23,943,N,VIIRS,n,2,294.48,2.84,N,0
40.1249,-121.15781,306.41,0.46,0.39,2021-07-23,943,N,VIIRS,n,2,290.6,1.58,N,0
40.12503,-121.3773,344.61,0.47,0.4,2021-07-23,943,N,VIIRS,n,2,299.96,8.02,N,0
40.1251,-121.37272,335.4,0.47,0.4,2021-07-23,943,N,VIIRS,n,2,297.52,7.43,N,0
40.12521,-121.28446,311.83,0.47,0.39,2021-07-23,943,N,VIIRS,n,2,291.12,2.17,N,0
40.12526,-121.41113,298.44,0.47,0.4,2021-07-23,943,N,VIIRS,n,2,284.64,0.77,N,0
40.1254,-121.40593,316.61,0.47,0.4,2021-07-23,943,N,VIIRS,n,2,283.82,1.9,N,0
40.12547,-121.34524,322.07,0.47,0.4,2021-07-23,943,N,VIIRS,n,2,294.33,3.27,N,0
40.12551,-121.34977,324.39,0.47,0.4,2021-07-23,943,N,VIIRS,n,2,294.98,2.84,N,0
40.12555,-121.16319,312.98,0.46,0.39,2021-07-23,943,N,VIIRS,n,2,291.18,1.58,N,3
40.12566,-121.38265,353.79,0.47,0.4,2021-07-23,943,N,VIIRS,n,2,302.51,8.02,N,0
40.12574,-121.37804,347.64,0.47,0.4,2021-07-23,943,N,VIIRS,n,2,300.48,7.43,N,0
40.12585,-121.28982,315.78,0.47,0.39,2021-07-23,943,N,VIIRS,n,2,294.31,2.13,N,0
40.12597,-121.32217,337.98,0.47,0.39,2021-07-23,943,N,VIIRS,n,2,291.48,5.99,N,0
40.12612,-121.35054,325.52,0.47,0.4,2021-07-23,943,N,VIIRS,n,2,295.62,4.22,N,0
40.12614,-121.35511,330.66,0.47,0.4,2021-07-23,943,N,VIIRS,n,2,296.61,4.71,N,0
40.12618,-121.1685,312.03,0.46,0.39,2021-07-23,943,N,VIIRS,n,2,290.65,1.22,N,0
40.12629,-121.38802,356.41,0.47,0.4,2021-07-23,943,N,VIIRS,n,2,306.48,158.72,N,0
40.12639,-121.38338,353.46,0.47,0.4,2021-07-23,943,N,VIIRS,n,2,301.48,35.72,N,0
40.12648,-121.29514,303.31,0.47,0.39,2021-07-23,943,N,VIIRS,n,2,288.22,2.13,N,0
40.12662,-121.32768,318.05,0.47,0.4,2021-07-23,943,N,VIIRS,n,2,294.33,5.99,N,0
40.12666,-121.23425,301.9,0.46,0.39,2021-07-23,943,N,VIIRS,n,2,287.17,1.18,N,0
40.12677,-121.36052,344.51,0.47,0.4,2021-07-23,943,N,VIIRS,n,2,301.8,4.71,N,0
40.12677,-121.35588,330.2,0.47,0.4,2021-07-23,943,N,VIIRS,n,2,296.11,4.22,N,0
40.12681,-121.17373,312.59,0.46,0.39,2021-07-23,943,N,VIIRS,n,2,289.15,1.22,N,0
40.12704,-121.38876,353.1,0.47,0.4,2021-07-23,943,N,VIIRS,n,2,312.13,35.72,N,0
40.12711,-121.30047,325.69,0.47,0.39,2021-07-23,943,N,VIIRS,n,2,294.85,9.68,N,0
40.12725,-121.33311,320.79,0.47,0.4,2021-07-23,943,N,VIIRS,n,2,293.64,2.75,N,0
40.12741,-121.36594,340.7,0.47,0.4,2021-07-23,943,N,VIIRS,n,2,302.35,7.32,N,0
40.12743,-121.3613,345.06,0.47,0.4,2021-07-23,943,N,VIIRS,n,2,302.96,6.25,N,0
40.12755,-121.39884,354.14,0.47,0.4,2021-07-23,943,N,VIIRS,n,2,310.81,73.3,N,0
40.1277,-121.39414,367,0.47,0.4,2021-07-23,943,N,VIIRS,h,2,368.64,89.68,N,0
40.12774,-121.30575,346.87,0.47,0.39,2021-07-23,943,N,VIIRS,n,2,299.28,9.68,N,0
40.12785,-121.15163,299.78,0.46,0.39,2021-07-23,943,N,VIIRS,n,2,289.11,1.69,N,3
40.12789,-121.33843,316.8,0.47,0.4,2021-07-23,943,N,VIIRS,n,2,297.29,2.75,N,0
40.12804,-121.37133,340.02,0.47,0.4,2021-07-23,943,N,VIIRS,n,2,301.42,7.32,N,0
40.12809,-121.36671,339.81,0.47,0.4,2021-07-23,943,N,VIIRS,n,2,302.11,6.25,N,0
40.1282,-121.40439,325.89,0.47,0.4,2021-07-23,943,N,VIIRS,n,2,282.77,73.3,N,0
40.12822,-121.27856,315.61,0.47,0.39,2021-07-23,943,N,VIIRS,n,2,290.71,2.17,N,0
40.12836,-121.39957,350.13,0.47,0.4,2021-07-23,943,N,VIIRS,n,2,287.05,89.68,N,0
40.12836,-121.31097,329.71,0.47,0.39,2021-07-23,943,N,VIIRS,n,2,290.56,6.25,N,0
40.12851,-121.34373,319.59,0.47,0.4,2021-07-23,943,N,VIIRS,n,2,293.88,2.84,N,0
40.12851,-121.15712,320.58,0.46,0.39,2021-07-23,943,N,VIIRS,n,2,291.22,1.58,N,3
40.12867,-121.37663,345.2,0.47,0.4,2021-07-23,943,N,VIIRS,n,2,303.11,11.76,N,0
40.12874,-121.37208,342.59,0.47,0.4,2021-07-23,943,N,VIIRS,n,2,301.38,7.43,N,0
40.12885,-121.28387,314.1,0.47,0.39,2021-07-23,943,N,VIIRS,n,2,293.46,2.17,N,0
40.12889,-121.41039,302.07,0.47,0.4,2021-07-23,943,N,VIIRS,n,2,283.04,0.77,N,0
40.12903,-121.40512,319.31,0.47,0.4,2021-07-23,943,N,VIIRS,n,2,282.24,1.27,N,0
40.12914,-121.34906,313.52,0.47,0.4,2021-07-23,943,N,VIIRS,n,2,290.78,2.84,N,0
40.12929,-121.38194,353.05,0.47,0.4,2021-07-23,943,N,VIIRS,n,2,304.22,11.76,N,0
40.12938,-121.37735,346.6,0.47,0.4,2021-07-23,943,N,VIIRS,n,2,303.83,7.43,N,0
40.12947,-121.28918,311.71,0.47,0.39,2021-07-23,943,N,VIIRS,n,2,294.63,2.13,N,0
40.1296,-121.32146,333.92,0.47,0.39,2021-07-23,943,N,VIIRS,n,2,291.67,5.13,N,0
40.12976,-121.41118,298.85,0.47,0.4,2021-07-23,943,N,VIIRS,n,2,284,1.27,N,0
40.12976,-121.35439,321.12,0.47,0.4,2021-07-23,943,N,VIIRS,n,2,291.97,4.71,N,0
40.12981,-121.16798,302.91,0.46,0.39,2021-07-23,943,N,VIIRS,n,2,291.02,1.22,N,3
40.12992,-121.38735,339.27,0.47,0.4,2021-07-23,943,N,VIIRS,n,2,322.46,33.67,N,0
40.12995,-121.19986,299.72,0.46,0.39,2021-07-23,943,N,VIIRS,n,2,287.74,1.71,N,0
40.13002,-121.38268,353.5,0.47,0.4,2021-07-23,943,N,VIIRS,n,2,302.57,35.72,N,0
40.13024,-121.32692,329.65,0.47,0.4,2021-07-23,943,N,VIIRS,n,2,298.02,5.13,N,0
40.13026,-121.23341,311.45,0.46,0.39,2021-07-23,943,N,VIIRS,n,2,289.55,1.18,N,0
40.13041,-121.35981,332.5,0.47,0.4,2021-07-23,943,N,VIIRS,n,2,295.84,4.71,N,0
40.13057,-121.39285,367,0.47,0.4,2021-07-23,943,N,VIIRS,h,2,291.92,33.67,N,0
40.1306,-121.20531,331.09,0.46,0.39,2021-07-23,943,N,VIIRS,n,2,290.01,1.71,N,0
40.13069,-121.3881,342.97,0.47,0.4,2021-07-23,943,N,VIIRS,n,2,326.1,35.72,N,0
40.13074,-121.29983,335.56,0.47,0.39,2021-07-23,943,N,VIIRS,n,2,298.94,9.68,N,0
40.13088,-121.33234,330.84,0.47,0.4,2021-07-23,943,N,VIIRS,n,2,296.98,4.34,N,0
40.13104,-121.36525,340,0.47,0.4,2021-07-23,943,N,VIIRS,n,2,299.69,7.32,N,0
40.1312,-121.39828,328.44,0.47,0.4,2021-07-23,943,N,VIIRS,n,2,285.13,1.85,N,0
40.13127,-121.21091,302.93,0.46,0.39,2021-07-23,943,N,VIIRS,n,2,288.56,2.44,N,0
40.13136,-121.39361,340.94,0.47,0.4,2021-07-23,943,N,VIIRS,n,2,287.76,89.68,N,0
40.13137,-121.30513,340.52,0.47,0.39,2021-07-23,943,N,VIIRS,n,2,303.94,9.68,N,0
40.13142,-121.15062,341.76,0.46,0.39,2021-07-23,943,N,VIIRS,n,2,296.28,13.6,N,0
40.13152,-121.33772,327.08,0.47,0.4,2021-07-23,943,N,VIIRS,n,2,297.06,4.34,N,0
40.13168,-121.37067,351.41,0.47,0.4,2021-07-23,943,N,VIIRS,n,2,303.53,7.32,N,0
40.13184,-121.4037,311.88,0.47,0.4,2021-07-23,943,N,VIIRS,n,2,283.88,1.85,N,0
40.13186,-121.27805,307.12,0.47,0.39,2021-07-23,943,N,VIIRS,n,2,289.75,1.82,N,0
40.13192,-121.21638,305.25,0.46,0.39,2021-07-23,943,N,VIIRS,n,2,287.86,2.44,N,0
40.13199,-121.31039,340.16,0.47,0.39,2021-07-23,943,N,VIIRS,n,2,294.68,6.25,N,0
40.13201,-121.39902,317.12,0.47,0.4,2021-07-23,943,N,VIIRS,n,2,284.95,89.68,N,0
40.13209,-121.1562,333.67,0.46,0.39,2021-07-23,943,N,VIIRS,n,2,291.53,6.53,N,0
40.13214,-121.34303,331.17,0.47,0.4,2021-07-23,943,N,VIIRS,n,2,299.08,4.57,N,0
40.13224,-121.00581,330.96,0.45,0.39,2021-07-23,943,N,VIIRS,n,2,289.58,2.93,N,0
40.1323,-121.37593,367,0.47,0.4,2021-07-23,943,N,VIIRS,h,2,307.96,11.76,N,0
40.13249,-121.28334,315.58,0.47,0.39,2021-07-23,943,N,VIIRS,n,2,294.5,1.82,N,0
40.13253,-121.40961,299.1,0.47,0.4,2021-07-23,943,N,VIIRS,n,2,282.98,1.16,N,0
40.13257,-121.22179,318.33,0.46,0.39,2021-07-23,943,N,VIIRS,n,2,288.52,1.33,N,0
40.13267,-121.40443,307.59,0.47,0.4,2021-07-23,943,N,VIIRS,n,2,282.81,1.27,N,0
40.13276,-121.1618,321.53,0.46,0.39,2021-07-23,943,N,VIIRS,n,2,290.47,6.53,N,3
40.13277,-121.34832,328.26,0.47,0.4,2021-07-23,943,N,VIIRS,n,2,295.43,4.57,N,0
40.13293,-121.38129,356.34,0.47,0.4,2021-07-23,943,N,VIIRS,n,2,312.64,11.76,N,0
40.13312,-121.28863,311.21,0.47,0.39,2021-07-23,943,N,VIIRS,n,2,293.5,5.84,N,0
40.13321,-121.22717,306.2,0.46,0.39,2021-07-23,943,N,VIIRS,n,2,287.33,1.33,N,0
40.13323,-121.3208,344.69,0.47,0.39,2021-07-23,943,N,VIIRS,n,2,295.38,5.13,N,0
40.1334,-121.41039,296.73,0.47,0.4,2021-07-23,943,N,VIIRS,n,2,283.17,1.27,N,0
40.1334,-121.35365,338.76,0.47,0.4,2021-07-23,943,N,VIIRS,n,2,298.91,12.32,N,0
40.13355,-121.19906,315.43,0.46,0.39,2021-07-23,943,N,VIIRS,n,2,286.13,1.71,N,0
40.13357,-121.38676,356.19,0.47,0.4,2021-07-23,943,N,VIIRS,n,2,306.33,33.67,N,0
40.13387,-121.32616,329.65,0.47,0.4,2021-07-23,943,N,VIIRS,n,2,300.38,5.13,N,0
40.13388,-121.23274,311.32,0.46,0.39,2021-07-23,943,N,VIIRS,n,2,289.71,2.7,N,0
40.13403,-121.35906,342.83,0.47,0.4,2021-07-23,943,N,VIIRS,n,2,297.98,12.32,N,0
40.1342,-121.20447,312.27,0.46,0.39,2021-07-23,943,N,VIIRS,n,2,287.42,1.71,N,0
40.13422,-121.39233,332.64,0.47,0.4,2021-07-23,943,N,VIIRS,n,2,286.86,33.67,N,0
40.13438,-121.29922,325.16,0.47,0.39,2021-07-23,943,N,VIIRS,n,2,296.58,4.55,N,0
40.1345,-121.33155,333.42,0.47,0.4,2021-07-23,943,N,VIIRS,n,2,299.75,4.34,N,0
40.13467,-121.36449,349.25,0.47,0.4,2021-07-23,943,N,VIIRS,n,2,299.73,13.1,N,0
40.13486,-121.39777,307.54,0.47,0.4,2021-07-23,943,N,VIIRS,n,2,283.46,1.85,N,0
40.13488,-121.27228,302.74,0.46,0.39,2021-07-23,943,N,VIIRS,n,2,287.58,1.98,N,0
40.13488,-121.21011,336.71,0.46,0.39,2021-07-23,943,N,VIIRS,n,2,290.82,2.44,N,0
40.13498,-121.14952,340.46,0.46,0.39,2021-07-23,943,N,VIIRS,n,2,293.5,13.6,N,0
40.13501,-121.3045,333.87,0.47,0.39,2021-07-23,943,N,VIIRS,n,2,299.96,4.55,N,0
40.13514,-121.33698,324.38,0.47,0.4,2021-07-23,943,N,VIIRS,n,2,296.11,4.34,N,0
40.13531,-121.36996,367,0.47,0.4,2021-07-23,943,N,VIIRS,h,2,302.41,13.1,N,0
40.13549,-121.40308,301,0.47,0.4,2021-07-23,943,N,VIIRS,n,2,283.99,1.85,N,0
40.1355,-121.27753,309.34,0.47,0.39,2021-07-23,943,N,VIIRS,n,2,291.46,1.82,N,0
40.13554,-121.21571,328.93,0.46,0.39,2021-07-23,943,N,VIIRS,n,2,289.26,2.44,N,0
40.13563,-121.30978,343.67,0.47,0.39,2021-07-23,943,N,VIIRS,n,2,302.72,37.73,N,0
40.13566,-121.15517,322.18,0.46,0.39,2021-07-23,943,N,VIIRS,n,2,291.38,6.53,N,0
40.13577,-121.3423,327.39,0.47,0.4,2021-07-23,943,N,VIIRS,n,2,298.94,4.57,N,0
40.13594,-121.37529,367,0.47,0.4,2021-07-23,943,N,VIIRS,h,2,308.78,30.74,N,0
40.13613,-121.28279,314.47,0.47,0.39,2021-07-23,943,N,VIIRS,n,2,294.33,1.82,N,0
40.1362,-121.22123,307.94,0.46,0.39,2021-07-23,943,N,VIIRS,n,2,287.17,1.33,N,0
40.13625,-121.31502,307.66,0.47,0.39,2021-07-23,943,N,VIIRS,n,2,289.77,37.73,N,0
40.13634,-121.1609,346.8,0.46,0.39,2021-07-23,943,N,VIIRS,n,2,291.39,6.53,N,0
40.1364,-121.34761,334.4,0.47,0.4,2021-07-23,943,N,VIIRS,n,2,297.08,4.57,N,0
40.13654,-121.19315,307.06,0.46,0.39,2021-07-23,943,N,VIIRS,n,2,285.96,0.7,N,0
40.13657,-121.38066,353.47,0.47,0.4,2021-07-23,943,N,VIIRS,n,2,311.31,30.74,N,0
40.13685,-121.22664,309.08,0.46,0.39,2021-07-23,943,N,VIIRS,n,2,288.3,1.33,N,0
40.13687,-121.32018,347.22,0.47,0.39,2021-07-23,943,N,VIIRS,n,2,302.04,22.82,N,0
40.13703,-121.35295,352.92,0.47,0.4,2021-07-23,943,N,VIIRS,n,2,301.53,12.32,N,0
40.13722,-121.38621,340.12,0.47,0.4,2021-07-23,943,N,VIIRS,n,2,294,6.25,N,0
40.13749,-121.32544,331.28,0.47,0.4,2021-07-23,943,N,VIIRS,n,2,299.1,22.82,N,0
40.1375,-121.23213,321.55,0.46,0.39,2021-07-23,943,N,VIIRS,n,2,289.06,2.7,N,0
40.13767,-121.35838,367,0.47,0.4,2021-07-23,943,N,VIIRS,h,2,304.47,12.32,N,0
40.1378,-121.20366,310.29,0.46,0.39,2021-07-23,943,N,VIIRS,n,2,285.66,1.37,N,0
40.13788,-121.39181,303.27,0.47,0.4,2021-07-23,943,N,VIIRS,n,2,284.62,6.25,N,0
40.13801,-121.29861,316.65,0.47,0.39,2021-07-23,943,N,VIIRS,n,2,294.02,4.55,N,0
40.13812,-121.33078,333.54,0.47,0.4,2021-07-23,943,N,VIIRS,n,2,298.11,4.99,N,0
40.13832,-121.36387,344.47,0.47,0.4,2021-07-23,943,N,VIIRS,n,2,294.03,13.1,N,0
40.13847,-121.20927,317.05,0.46,0.39,2021-07-23,943,N,VIIRS,n,2,288.32,2.53,N,0
40.13852,-121.27169,308.72,0.46,0.39,2021-07-23,943,N,VIIRS,n,2,288.39,2.63,N,0
40.13853,-121.39729,299.4,0.47,0.4,2021-07-23,943,N,VIIRS,n,2,283.64,0.58,N,0
40.13854,-121.14846,320.38,0.46,0.39,2021-07-23,943,N,VIIRS,n,2,289.59,1.96,N,0
40.13864,-121.30389,332.02,0.47,0.39,2021-07-23,943,N,VIIRS,n,2,298.36,4.55,N,0
40.13876,-121.3362,327.61,0.47,0.4,2021-07-23,943,N,VIIRS,n,2,294.55,4.99,N,0
40.13897,-121.36942,367,0.47,0.4,2021-07-23,943,N,VIIRS,h,2,293.6,13.1,N,0
40.13913,-121.40247,295.46,0.47,0.4,2021-07-23,943,N,VIIRS,n,2,283.3,0.58,N,0
40.13915,-121.21494,308.67,0.46,0.39,2021-07-23,943,N,VIIRS,n,2,288.36,2.53,N,0
40.13923,-121.15413,328.85,0.46,0.39,2021-07-23,943,N,VIIRS,n,2,291.18,3.6,N,0
40.13927,-121.30916,354.98,0.47,0.39,2021-07-23,943,N,VIIRS,n,2,322.88,37.73,N,0
40.1394,-121.34159,332.38,0.47,0.4,2021-07-23,943,N,VIIRS,n,2,297.24,30.57,N,0
40.1396,-121.37484,351.19,0.47,0.4,2021-07-23,943,N,VIIRS,n,2,313.66,30.74,N,0
40.13977,-121.28223,314.87,0.47,0.39,2021-07-23,943,N,VIIRS,n,2,296.31,2.3,N,0
40.13982,-121.22054,336.58,0.46,0.39,2021-07-23,943,N,VIIRS,n,2,290.06,3.26,N,0
40.13989,-121.31438,336.07,0.47,0.39,2021-07-23,943,N,VIIRS,n,2,323.98,37.73,N,0
40.13992,-121.15992,331.34,0.46,0.39,2021-07-23,943,N,VIIRS,n,2,289.26,3.6,N,0
40.14003,-121.34693,351.98,0.47,0.4,2021-07-23,943,N,VIIRS,n,2,304.63,30.57,N,0
40.14016,-121.19254,300.31,0.46,0.39,2021-07-23,943,N,VIIRS,n,2,286.31,0.7,N,0
40.14024,-121.38023,344.5,0.47,0.4,2021-07-23,943,N,VIIRS,n,2,293.55,30.74,N,0
40.14039,-121.28748,315.11,0.47,0.39,2021-07-23,943,N,VIIRS,n,2,296.48,2.25,N,0
40.1405,-121.31954,355.11,0.47,0.39,2021-07-23,943,N,VIIRS,n,2,302.63,22.82,N,0
40.14067,-121.35236,334.12,0.47,0.4,2021-07-23,943,N,VIIRS,n,2,323.71,74,N,0
40.14077,-121.19761,318.42,0.46,0.39,2021-07-23,943,N,VIIRS,n,2,286.47,1.37,N,0
40.1409,-121.38581,300.96,0.47,0.4,2021-07-23,943,N,VIIRS,n,2,286.25,6.25,N,0
40.14102,-121.29274,313.24,0.47,0.39,2021-07-23,943,N,VIIRS,n,2,295.77,2.25,N,0
40.14112,-121.32473,337.56,0.47,0.4,2021-07-23,943,N,VIIRS,n,2,298.27,22.82,N,0
40.14114,-121.23154,321.24,0.46,0.39,2021-07-23,943,N,VIIRS,n,2,289.91,2.81,N,0
40.14133,-121.35793,335.96,0.47,0.4,2021-07-23,943,N,VIIRS,n,2,321.34,74,N,0
40.14149,-121.26564,311.9,0.46,0.39,2021-07-23,943,N,VIIRS,n,2,282,2.63,N,0
40.14165,-121.29803,323.79,0.47,0.39,2021-07-23,943,N,VIIRS,n,2,297.15,9.73,N,0
40.14175,-121.33,330.64,0.47,0.4,2021-07-23,943,N,VIIRS,n,2,296.94,4.99,N,0
40.1418,-121.23711,304.31,0.46,0.39,2021-07-23,943,N,VIIRS,n,2,289.47,2.81,N,0
40.14199,-121.36356,312.46,0.47,0.4,2021-07-23,943,N,VIIRS,n,2,287.5,1.71,N,0
40.14207,-121.20841,323.31,0.46,0.39,2021-07-23,943,N,VIIRS,n,2,288.41,2.53,N,0
40.14214,-121.27102,334.47,0.46,0.39,2021-07-23,943,N,VIIRS,n,2,290.68,2.63,N,0
40.14228,-121.30327,344.76,0.47,0.39,2021-07-23,943,N,VIIRS,n,2,306.32,9.73,N,0
40.14239,-121.33543,328.9,0.47,0.4,2021-07-23,943,N,VIIRS,n,2,294.28,4.99,N,0
40.14248,-121.24287,300.84,0.46,0.39,2021-07-23,943,N,VIIRS,n,2,287.49,1.09,N,0
40.14265,-121.36912,324.04,0.47,0.4,2021-07-23,943,N,VIIRS,n,2,288.13,1.71,N,0
40.14275,-121.21408,335.55,0.46,0.39,2021-07-23,943,N,VIIRS,n,2,290.63,2.53,N,0
40.14277,-121.27632,306.38,0.47,0.39,2021-07-23,943,N,VIIRS,n,2,291.77,2.3,N,0
40.1429,-121.30852,352.04,0.47,0.39,2021-07-23,943,N,VIIRS,n,2,335.58,58.34,N,0
40.14303,-121.34082,342.56,0.47,0.4,2021-07-23,943,N,VIIRS,n,2,298.51,30.57,N,0
40.14329,-121.37453,348.58,0.47,0.4,2021-07-23,943,N,VIIRS,n,2,292.97,3.96,N,0
40.1434,-121.28161,313.85,0.47,0.39,2021-07-23,943,N,VIIRS,n,2,295.11,2.3,N,0
40.14342,-121.21971,311.96,0.46,0.39,2021-07-23,943,N,VIIRS,n,2,287.84,3.26,N,0
40.14352,-121.31374,367,0.47,0.39,2021-07-23,943,N,VIIRS,h,2,345.49,58.34,N,0
40.14367,-121.34624,334.94,0.47,0.4,2021-07-23,943,N,VIIRS,n,2,333.47,30.57,N,0
40.14381,-121.25401,326.16,0.46,0.39,2021-07-23,943,N,VIIRS,n,2,286.02,6.61,N,0
40.14392,-121.37997,304.5,0.47,0.4,2021-07-23,943,N,VIIRS,n,2,287.52,3.96,N,0
40.14403,-121.28685,312.12,0.47,0.39,2021-07-23,943,N,VIIRS,n,2,295.39,2.25,N,0
40.14413,-121.31889,349.54,0.47,0.39,2021-07-23,943,N,VIIRS,n,2,322.25,30.75,N,0
40.14433,-121.35184,352.82,0.47,0.4,2021-07-23,943,N,VIIRS,n,2,306.5,74,N,0
40.14439,-121.19697,333.8,0.46,0.39,2021-07-23,943,N,VIIRS,n,2,288.39,2.71,N,0
40.14447,-121.25948,334.46,0.46,0.39,2021-07-23,943,N,VIIRS,n,2,283.76,6.61,N,0
40.14466,-121.29215,314.7,0.47,0.39,2021-07-23,943,N,VIIRS,n,2,296.22,2.25,N,0
40.14475,-121.32407,344.59,0.47,0.4,2021-07-23,943,N,VIIRS,n,2,300.72,30.75,N,0
40.14499,-121.35751,349.64,0.47,0.4,2021-07-23,943,N,VIIRS,n,2,300.42,74,N,0
40.14502,-121.20217,334.36,0.46,0.39,2021-07-23,943,N,VIIRS,n,2,285.34,2.71,N,0
40.14511,-121.26492,322.44,0.46,0.39,2021-07-23,943,N,VIIRS,n,2,282.45,4.03,N,0
40.14529,-121.29742,326.39,0.47,0.39,2021-07-23,943,N,VIIRS,n,2,297.31,9.73,N,0
40.14537,-121.32925,344.11,0.47,0.4,2021-07-23,943,N,VIIRS,n,2,299.02,6.42,N,0
40.14543,-121.2365,338.27,0.46,0.39,2021-07-23,943,N,VIIRS,n,2,290.98,2.81,N,0
40.14566,-121.36316,309.71,0.47,0.4,2021-07-23,943,N,VIIRS,n,2,286.6,1.71,N,0
40.14567,-121.20763,332.77,0.46,0.39,2021-07-23,943,N,VIIRS,n,2,286.78,1.55,N,0
40.14576,-121.27029,336,0.46,0.39,2021-07-23,943,N,VIIRS,n,2,293.53,4.03,N,0
40.14592,-121.30268,348.17,0.47,0.39,2021-07-23,943,N,VIIRS,n,2,308.4,9.73,N,0
40.14601,-121.33469,351.02,0.47,0.4,2021-07-23,943,N,VIIRS,n,2,297.79,6.42,N,0
40.1461,-121.24211,309.58,0.46,0.39,2021-07-23,943,N,VIIRS,n,2,288.52,1.09,N,0
40.14631,-121.36864,299.86,0.47,0.4,2021-07-23,943,N,VIIRS,n,2,285.04,1.71,N,0
40.14634,-121.21323,301.23,0.46,0.39,2021-07-23,943,N,VIIRS,n,2,284.99,1.55,N,0
40.1464,-121.27567,315.94,0.47,0.39,2021-07-23,943,N,VIIRS,n,2,294.34,1.74,N,0
40.14654,-121.30791,352.97,0.47,0.39,2021-07-23,943,N,VIIRS,n,2,328.52,58.34,N,0
40.14666,-121.34019,339.17,0.47,0.4,2021-07-23,943,N,VIIRS,n,2,292.43,5.17,N,0
40.14677,-121.24769,301.59,0.46,0.39,2021-07-23,943,N,VIIRS,n,2,283.91,1.09,N,0
40.14694,-121.37402,298.56,0.47,0.4,2021-07-23,943,N,VIIRS,n,2,284.97,3.96,N,0
40.14704,-121.28098,316.51,0.47,0.39,2021-07-23,943,N,VIIRS,n,2,296.51,1.74,N,0
40.14716,-121.31311,351.86,0.47,0.39,2021-07-23,943,N,VIIRS,n,2,334.65,58.34,N,0
40.14732,-121.34574,353.02,0.47,0.4,2021-07-23,943,N,VIIRS,n,2,293.27,5.17,N,0
40.14743,-121.25319,318.07,0.46,0.39,2021-07-23,943,N,VIIRS,n,2,292.95,6.61,N,0
40.14777,-121.31826,356.73,0.47,0.39,2021-07-23,943,N,VIIRS,n,2,307.72,30.75,N,0
40.14798,-121.35137,343.89,0.47,0.4,2021-07-23,943,N,VIIRS,n,2,289.52,5.43,N,0
40.14802,-121.19646,302.41,0.46,0.39,2021-07-23,943,N,VIIRS,n,2,285.39,2.71,N,0
40.14808,-121.25867,367,0.46,0.39,2021-07-23,943,N,VIIRS,h,2,308.81,6.61,N,0
40.1483,-121.29155,319.94,0.47,0.39,2021-07-23,943,N,VIIRS,n,2,297.78,2.9,N,0
40.14837,-121.23018,319.99,0.46,0.39,2021-07-23,943,N,VIIRS,n,2,289.27,6.2,N,0
40.14839,-121.32342,367,0.47,0.4,2021-07-23,943,N,VIIRS,h,2,306.2,30.75,N,0
40.14864,-121.20162,322.5,0.46,0.39,2021-07-23,943,N,VIIRS,n,2,286.39,2.71,N,0
40.14865,-121.35699,328.25,0.47,0.4,2021-07-23,943,N,VIIRS,n,2,287.72,5.43,N,0
40.14873,-121.26414,319.67,0.46,0.39,2021-07-23,943,N,VIIRS,n,2,282.61,4.03,N,0
40.14893,-121.29687,329.5,0.47,0.39,2021-07-23,943,N,VIIRS,n,2,300.08,5.97,N,0
40.14901,-121.32867,326.18,0.47,0.4,2021-07-23,943,N,VIIRS,n,2,290.38,6.42,N,0
40.14904,-121.23572,329.2,0.46,0.39,2021-07-23,943,N,VIIRS,n,2,292.07,6.2,N,0
40.14929,-121.20694,302.5,0.46,0.39,2021-07-23,943,N,VIIRS,n,2,284.25,1.55,N,0
40.1493,-121.3625,302.51,0.47,0.4,2021-07-23,943,N,VIIRS,n,2,283.53,1.34,N,0
40.14938,-121.26955,323.23,0.46,0.39,2021-07-23,943,N,VIIRS,n,2,288.93,4.03,N,0
40.14956,-121.30209,344.37,0.47,0.39,2021-07-23,943,N,VIIRS,n,2,297.69,5.97,N,0
40.14967,-121.33418,321.42,0.47,0.4,2021-07-23,943,N,VIIRS,n,2,288.71,6.42,N,0
40.14971,-121.24128,320.15,0.46,0.39,2021-07-23,943,N,VIIRS,n,2,291.56,2.92,N,0
40.15002,-121.27494,303.14,0.47,0.39,2021-07-23,943,N,VIIRS,n,2,289.86,1.74,N,0
40.15018,-121.30733,337.57,0.47,0.39,2021-07-23,943,N,VIIRS,n,2,296.5,15.35,N,0
40.15033,-121.33978,329.45,0.47,0.4,2021-07-23,943,N,VIIRS,n,2,288.3,5.17,N,0
40.15037,-121.24684,318.67,0.46,0.39,2021-07-23,943,N,VIIRS,n,2,291.22,2.92,N,0
40.15067,-121.28031,306.42,0.47,0.39,2021-07-23,943,N,VIIRS,n,2,292.96,1.74,N,0
40.15079,-121.31251,349.81,0.47,0.39,2021-07-23,943,N,VIIRS,n,2,315.24,15.35,N,0
40.151,-121.34543,302.55,0.47,0.4,2021-07-23,943,N,VIIRS,n,2,287.74,5.17,N,0
40.15102,-121.25234,310.55,0.46,0.39,2021-07-23,943,N,VIIRS,n,2,287.91,4.46,N,0
40.1513,-121.28564,306.74,0.47,0.39,2021-07-23,943,N,VIIRS,n,2,292.45,2.9,N,0
40.15141,-121.31764,367,0.47,0.39,2021-07-23,943,N,VIIRS,h,2,309.1,23.94,N,0
40.15166,-121.19602,336.87,0.46,0.39,2021-07-23,943,N,VIIRS,n,2,288.92,2.52,N,0
40.15169,-121.25785,334.23,0.46,0.39,2021-07-23,943,N,VIIRS,n,2,294.95,4.46,N,0
40.15194,-121.29098,322.81,0.47,0.39,2021-07-23,943,N,VIIRS,n,2,297.34,2.9,N,0
40.15197,-121.22927,346.45,0.46,0.39,2021-07-23,943,N,VIIRS,n,2,294.82,6.2,N,0
40.15203,-121.32283,367,0.47,0.4,2021-07-23,943,N,VIIRS,h,2,298.5,23.94,N,0
40.15234,-121.26333,355.3,0.46,0.39,2021-07-23,943,N,VIIRS,n,2,293.53,12.62,N,0
40.15258,-121.29629,348.12,0.47,0.39,2021-07-23,943,N,VIIRS,n,2,302.94,5.97,N,0
40.15264,-121.2349,336.38,0.46,0.39,2021-07-23,943,N,VIIRS,n,2,295.81,6.2,N,0
40.15266,-121.32811,317.89,0.47,0.4,2021-07-23,943,N,VIIRS,n,2,288.76,3.01,N,0
40.153,-121.26879,337.95,0.46,0.39,2021-07-23,943,N,VIIRS,n,2,291.46,12.62,N,0
40.1532,-121.30154,307.92,0.47,0.39,2021-07-23,943,N,VIIRS,n,2,290.43,5.97,N,0
40.15331,-121.33364,319.35,0.47,0.4,2021-07-23,943,N,VIIRS,n,2,288.51,3.01,N,0
40.15331,-121.24048,326.22,0.46,0.39,2021-07-23,943,N,VIIRS,n,2,293.57,2.92,N,0
40.15364,-121.27422,301.77,0.47,0.39,2021-07-23,943,N,VIIRS,n,2,289.17,2.88,N,0
40.15382,-121.30676,327.6,0.47,0.39,2021-07-23,943,N,VIIRS,n,2,290.88,15.35,N,0
40.15397,-121.24598,323.89,0.46,0.39,2021-07-23,943,N,VIIRS,n,2,292.02,2.92,N,0
40.15429,-121.27961,323.6,0.47,0.39,2021-07-23,943,N,VIIRS,n,2,293.71,2.88,N,0
40.15444,-121.31194,308.77,0.47,0.39,2021-07-23,943,N,VIIRS,n,2,290.58,15.35,N,0
40.15463,-121.25147,319.16,0.46,0.39,2021-07-23,943,N,VIIRS,n,2,290.85,4.46,N,0
40.15469,-121.19044,301.56,0.46,0.39,2021-07-23,943,N,VIIRS,n,2,287.21,1.28,N,3
40.15493,-121.28498,306.42,0.47,0.39,2021-07-23,943,N,VIIRS,n,2,290.99,6.28,N,0
40.15506,-121.31709,348.85,0.47,0.39,2021-07-23,943,N,VIIRS,n,2,295.23,23.94,N,0
40.15529,-121.25697,340.25,0.46,0.39,2021-07-23,943,N,VIIRS,n,2,298.82,4.46,N,0
40.1553,-121.19553,319.63,0.46,0.39,2021-07-23,943,N,VIIRS,n,2,287.94,2.52,N,0
40.15556,-121.22837,344.03,0.46,0.39,2021-07-23,943,N,VIIRS,n,2,298.5,5.9,N,0
40.15557,-121.29034,338.71,0.47,0.39,2021-07-23,943,N,VIIRS,n,2,296.33,6.28,N,0
40.15568,-121.32227,348.76,0.47,0.4,2021-07-23,943,N,VIIRS,n,2,298.44,23.94,N,0
40.15591,-121.20061,305.17,0.46,0.39,2021-07-23,943,N,VIIRS,n,2,286.33,2.52,N,0
40.15594,-121.26247,344.63,0.46,0.39,2021-07-23,943,N,VIIRS,n,2,301.14,12.62,N,0
40.1562,-121.29566,344.46,0.47,0.39,2021-07-23,943,N,VIIRS,n,2,296.67,4.83,N,0
40.15623,-121.23397,328.37,0.46,0.39,2021-07-23,943,N,VIIRS,n,2,294.49,5.9,N,0
40.15631,-121.32763,300.85,0.47,0.4,2021-07-23,943,N,VIIRS,n,2,288.21,3.01,N,0
40.1566,-121.26793,350.66,0.46,0.39,2021-07-23,943,N,VIIRS,n,2,301.85,12.62,N,0
40.15684,-121.30095,317.09,0.47,0.39,2021-07-23,943,N,VIIRS,n,2,290.08,4.83,N,0
40.1569,-121.2395,321.76,0.46,0.39,2021-07-23,943,N,VIIRS,n,2,290.41,2.71,N,0
40.15725,-121.27337,321.71,0.47,0.39,2021-07-23,943,N,VIIRS,n,2,295.92,2.88,N,0
40.15756,-121.24503,321.56,0.46,0.39,2021-07-23,943,N,VIIRS,n,2,289.19,2.71,N,0
40.1579,-121.27881,327.11,0.47,0.39,2021-07-23,943,N,VIIRS,n,2,296.76,2.88,N,0
40.15822,-121.25056,323.42,0.46,0.39,2021-07-23,943,N,VIIRS,n,2,291.58,5.97,N,0
40.15831,-121.18981,313.33,0.46,0.39,2021-07-23,943,N,VIIRS,n,2,289.08,2.26,N,3
40.15855,-121.28422,325.67,0.47,0.39,2021-07-23,943,N,VIIRS,n,2,293.01,6.28,N,0
40.15889,-121.25607,345.62,0.46,0.39,2021-07-23,943,N,VIIRS,n,2,301.93,5.97,N,0
40.15892,-121.19492,345.53,0.46,0.39,2021-07-23,943,N,VIIRS,n,2,292.81,7.3,N,0
40.15916,-121.22747,336.46,0.46,0.39,2021-07-23,943,N,VIIRS,n,2,294.02,5.9,N,0
40.15919,-121.28961,353.36,0.47,0.39,2021-07-23,943,N,VIIRS,n,2,302.04,6.28,N,0
40.15954,-121.2,349.57,0.46,0.39,2021-07-23,943,N,VIIRS,n,2,294.28,7.3,N,0
40.15955,-121.26155,344.59,0.46,0.39,2021-07-23,943,N,VIIRS,n,2,296.13,14.22,N,0
40.15982,-121.23302,327.33,0.46,0.39,2021-07-23,943,N,VIIRS,n,2,295.09,5.9,N,0
40.15984,-121.29497,307.3,0.47,0.39,2021-07-23,943,N,VIIRS,n,2,286.91,4.83,N,0
40.16016,-121.20514,338.87,0.46,0.39,2021-07-23,943,N,VIIRS,n,2,291.56,5.77,N,0
40.1602,-121.26701,350.03,0.46,0.39,2021-07-23,943,N,VIIRS,n,2,300.84,14.22,N,0
40.16048,-121.23849,319.48,0.46,0.39,2021-07-23,943,N,VIIRS,n,2,288.75,2.71,N,0
40.16086,-121.27249,331.3,0.47,0.39,2021-07-23,943,N,VIIRS,n,2,299.43,5.43,N,0
40.16115,-121.24403,323.3,0.46,0.39,2021-07-23,943,N,VIIRS,n,2,287.92,2.71,N,0
40.16151,-121.27798,333,0.47,0.39,2021-07-23,943,N,VIIRS,n,2,299.39,5.43,N,0
40.16182,-121.2496,320.87,0.46,0.39,2021-07-23,943,N,VIIRS,n,2,292.2,5.97,N,0
40.16216,-121.28341,341.97,0.47,0.39,2021-07-23,943,N,VIIRS,n,2,298.97,19.49,N,0
40.16248,-121.25515,342.73,0.46,0.39,2021-07-23,943,N,VIIRS,n,2,299.47,5.97,N,0
40.16255,-121.19429,331.32,0.46,0.39,2021-07-23,943,N,VIIRS,n,2,291.08,7.3,N,3
40.16275,-121.22659,348.68,0.46,0.39,2021-07-23,943,N,VIIRS,n,2,295.27,5.71,N,0
40.16282,-121.28883,357.76,0.47,0.39,2021-07-23,943,N,VIIRS,n,2,312.34,19.49,N,0
40.16314,-121.26061,348.08,0.46,0.39,2021-07-23,943,N,VIIRS,n,2,303.46,14.22,N,0
40.16316,-121.19939,351.01,0.46,0.39,2021-07-23,943,N,VIIRS,n,2,296.98,7.3,N,0
40.16342,-121.23213,325.6,0.46,0.39,2021-07-23,943,N,VIIRS,n,2,294.76,5.71,N,0
40.16346,-121.29423,314.34,0.47,0.39,2021-07-23,943,N,VIIRS,n,2,287.27,8.01,N,0
40.16378,-121.20445,338.26,0.46,0.39,2021-07-23,943,N,VIIRS,n,2,293.2,5.77,N,0
40.16379,-121.26606,352.99,0.46,0.39,2021-07-23,943,N,VIIRS,n,2,303.47,14.22,N,0
40.16407,-121.23755,321.84,0.46,0.39,2021-07-23,943,N,VIIRS,n,2,291.22,3.36,N,0
40.16445,-121.27151,335.27,0.47,0.39,2021-07-23,943,N,VIIRS,n,2,299.32,5.43,N,0
40.16474,-121.24311,323.95,0.46,0.39,2021-07-23,943,N,VIIRS,n,2,289.91,3.36,N,0
40.16511,-121.27703,338.69,0.47,0.39,2021-07-23,943,N,VIIRS,n,2,301.68,5.43,N,0
40.16541,-121.24866,321.73,0.46,0.39,2021-07-23,943,N,VIIRS,n,2,291.46,4.56,N,0
40.16577,-121.28252,354.86,0.47,0.39,2021-07-23,943,N,VIIRS,n,2,304.89,19.49,N,0
40.16607,-121.25417,341.57,0.46,0.39,2021-07-23,943,N,VIIRS,n,2,295.7,4.56,N,0
40.16634,-121.22567,341.95,0.46,0.39,2021-07-23,943,N,VIIRS,n,2,298.22,5.71,N,0
40.16642,-121.288,332.76,0.47,0.39,2021-07-23,943,N,VIIRS,n,2,290.02,19.49,N,0
40.16672,-121.25957,330.51,0.46,0.39,2021-07-23,943,N,VIIRS,n,2,291.13,10.53,N,0
40.16702,-121.23125,323.98,0.46,0.39,2021-07-23,943,N,VIIRS,n,2,293.77,5.71,N,0
40.16738,-121.26499,349.83,0.46,0.39,2021-07-23,943,N,VIIRS,n,2,300.51,10.53,N,0
40.16768,-121.23677,327.3,0.46,0.39,2021-07-23,943,N,VIIRS,n,2,293.51,3.36,N,0
40.16803,-121.27047,335.95,0.47,0.39,2021-07-23,943,N,VIIRS,n,2,299.66,10.96,N,0
40.16834,-121.24224,328.84,0.46,0.39,2021-07-23,943,N,VIIRS,n,2,293.68,3.36,N,0
40.1687,-121.27602,345.01,0.47,0.39,2021-07-23,943,N,VIIRS,n,2,301.31,10.96,N,0
40.169,-121.24773,320.36,0.46,0.39,2021-07-23,943,N,VIIRS,n,2,290.72,4.56,N,0
40.16926,-121.21921,323.46,0.46,0.39,2021-07-23,943,N,VIIRS,n,2,291.73,5.17,N,0
40.16936,-121.28158,340.73,0.47,0.39,2021-07-23,943,N,VIIRS,n,2,294.48,15.26,N,0
40.16966,-121.2532,339.91,0.46,0.39,2021-07-23,943,N,VIIRS,n,2,295.86,4.56,N,0
40.16993,-121.22474,334.38,0.46,0.39,2021-07-23,943,N,VIIRS,n,2,298.38,7.7,N,0
40.17031,-121.25859,330.16,0.46,0.39,2021-07-23,943,N,VIIRS,n,2,292.45,10.53,N,0
40.17061,-121.23041,329.29,0.46,0.39,2021-07-23,943,N,VIIRS,n,2,296.39,7.7,N,0
40.17096,-121.26398,345.21,0.46,0.39,2021-07-23,943,N,VIIRS,n,2,302.67,10.53,N,0
40.17129,-121.23599,325.99,0.46,0.39,2021-07-23,943,N,VIIRS,n,2,294.13,5.99,N,0
40.17162,-121.26945,346.33,0.47,0.39,2021-07-23,943,N,VIIRS,n,2,302.36,10.96,N,0
40.17196,-121.24152,328.25,0.46,0.39,2021-07-23,943,N,VIIRS,n,2,294.63,5.99,N,0
40.17229,-121.27499,367,0.47,0.39,2021-07-23,943,N,VIIRS,h,2,304.62,10.96,N,0
40.17262,-121.24699,343.26,0.46,0.39,2021-07-23,943,N,VIIRS,n,2,295.42,6.99,N,0
40.17287,-121.2184,343.36,0.46,0.39,2021-07-23,943,N,VIIRS,n,2,295.06,5.17,N,0
40.17295,-121.28051,346.05,0.47,0.39,2021-07-23,943,N,VIIRS,n,2,299,15.26,N,0
40.17328,-121.25248,341.05,0.46,0.39,2021-07-23,943,N,VIIRS,n,2,293.19,6.99,N,0
40.17353,-121.22393,353.33,0.46,0.39,2021-07-23,943,N,VIIRS,n,2,303.77,7.7,N,0
40.17422,-121.22967,346.81,0.46,0.39,2021-07-23,943,N,VIIRS,n,2,299.18,7.7,N,0
40.17458,-121.26321,334.79,0.46,0.39,2021-07-23,943,N,VIIRS,n,2,298.64,5.1,N,0
40.17491,-121.23534,346.59,0.46,0.39,2021-07-23,943,N,VIIRS,n,2,297.12,5.99,N,0
40.17522,-121.26859,367,0.47,0.39,2021-07-23,943,N,VIIRS,h,2,312.47,15.45,N,0
40.17559,-121.2409,348.7,0.46,0.39,2021-07-23,943,N,VIIRS,n,2,298.79,5.99,N,0
40.17587,-121.27399,337.37,0.47,0.39,2021-07-23,943,N,VIIRS,n,2,297,15.45,N,0
40.17625,-121.24641,343.65,0.46,0.39,2021-07-23,943,N,VIIRS,n,2,292.33,6.99,N,0
40.17648,-121.21769,336.55,0.46,0.39,2021-07-23,943,N,VIIRS,n,2,299.59,6.73,N,0
40.17653,-121.27942,317.46,0.47,0.39,2021-07-23,943,N,VIIRS,n,2,291.65,2.96,N,0
40.17715,-121.22321,367,0.46,0.39,2021-07-23,943,N,VIIRS,h,2,307.92,13.92,N,0
40.17785,-121.22897,352.52,0.46,0.39,2021-07-23,943,N,VIIRS,n,2,296.77,13.92,N,0
40.1782,-121.26252,302.87,0.46,0.39,2021-07-23,943,N,VIIRS,n,2,288.92,5.1,N,0
40.17854,-121.23467,337.53,0.46,0.39,2021-07-23,943,N,VIIRS,n,2,291.73,3.67,N,0
40.17883,-121.26781,338.24,0.47,0.39,2021-07-23,943,N,VIIRS,n,2,295.07,15.45,N,0
40.17921,-121.2403,318.44,0.46,0.39,2021-07-23,943,N,VIIRS,n,2,287.41,3.67,N,0
40.1801,-121.21705,299.83,0.46,0.39,2021-07-23,943,N,VIIRS,n,2,288.18,6.73,N,0
40.18077,-121.22256,346.57,0.46,0.39,2021-07-23,943,N,VIIRS,n,2,296.79,13.92,N,0
40.18147,-121.22829,319,0.46,0.39,2021-07-23,943,N,VIIRS,n,2,286.32,13.92,N,0
40.18216,-121.23402,315.13,0.46,0.39,2021-07-23,943,N,VIIRS,n,2,284.82,3.67,N,0
40.18509,-121.22763,312.94,0.46,0.39,2021-07-23,943,N,VIIRS,n,2,287.32,2.63,N,0
40.18597,-121.14395,297.83,0.46,0.39,2021-07-23,943,N,VIIRS,n,2,286.32,1.23,N,0
40.18731,-121.15488,301.78,0.46,0.39,2021-07-23,943,N,VIIRS,n,2,285.05,0.97,N,0
40.18763,-121.12734,310.19,0.46,0.39,2021-07-23,943,N,VIIRS,n,2,286.51,0.89,N,0
40.18797,-121.16026,309.71,0.46,0.39,2021-07-23,943,N,VIIRS,n,2,286.49,0.97,N,0
40.18829,-121.13274,323.49,0.46,0.39,2021-07-23,943,N,VIIRS,n,2,287.47,1.86,N,0
40.18895,-121.13811,308.1,0.46,0.39,2021-07-23,943,N,VIIRS,n,2,286.46,1.86,N,0
40.18929,-121.17108,322.65,0.46,0.39,2021-07-23,943,N,VIIRS,n,2,285.27,2.69,N,0
40.18961,-121.14349,321.89,0.46,0.39,2021-07-23,943,N,VIIRS,n,2,287.17,1.76,N,0
40.18998,-121.17668,297.32,0.46,0.39,2021-07-23,943,N,VIIRS,n,2,285.38,0.89,N,0
40.19027,-121.1489,311.53,0.46,0.39,2021-07-23,943,N,VIIRS,n,2,287.12,1.76,N,0
40.19067,-121.18233,297.39,0.46,0.39,2021-07-23,943,N,VIIRS,n,2,286.54,0.89,N,0
40.1916,-121.1597,304.85,0.46,0.39,2021-07-23,943,N,VIIRS,n,2,286.92,0.92,N,0
40.19226,-121.16508,322.41,0.46,0.39,2021-07-23,943,N,VIIRS,n,2,287.73,3.03,N,0
40.19293,-121.17055,328.93,0.46,0.39,2021-07-23,943,N,VIIRS,n,2,288.53,3.03,N,0
40.19359,-121.17601,318.76,0.46,0.39,2021-07-23,943,N,VIIRS,n,2,287.73,2.79,N,0
40.19427,-121.18153,326.75,0.46,0.39,2021-07-23,943,N,VIIRS,n,2,287.22,2.79,N,0
40.19721,-121.17537,328.26,0.46,0.39,2021-07-23,943,N,VIIRS,n,2,285.94,2.79,N,0
40.19788,-121.18079,312.44,0.46,0.39,2021-07-23,943,N,VIIRS,n,2,283.12,2.79,N,0
40.20083,-121.17467,342.12,0.46,0.39,2021-07-23,943,N,VIIRS,n,2,285.18,2.97,N,0
40.20149,-121.18011,303.95,0.46,0.39,2021-07-23,943,N,VIIRS,n,2,281.33,2.97,N,0
39.89616,-121.31799,334.19,0.39,0.36,2021-07-23,2105,N,VIIRS,l,2,307.62,1.77,D,0
39.9038,-121.24026,346.21,0.39,0.36,2021-07-23,2105,N,VIIRS,n,2,310.85,7.34,D,0
39.90445,-121.23565,351.8,0.39,0.36,2021-07-23,2105,N,VIIRS,n,2,303.17,7.34,D,0
39.90713,-121.24097,350.93,0.39,0.36,2021-07-23,2105,N,VIIRS,n,2,309.03,13.29,D,0
39.90905,-121.22744,367,0.39,0.36,2021-07-23,2105,N,VIIRS,l,2,329.13,51.77,D,0
39.90968,-121.22303,367,0.39,0.36,2021-07-23,2105,N,VIIRS,l,2,365.57,165.53,D,0
39.91031,-121.21857,367,0.39,0.36,2021-07-23,2105,N,VIIRS,h,2,367.25,165.53,D,0
39.91047,-121.24164,346.04,0.39,0.36,2021-07-23,2105,N,VIIRS,n,2,304.54,13.29,D,0
39.91159,-121.20952,348.64,0.39,0.36,2021-07-23,2105,N,VIIRS,n,2,302.59,165.59,D,0
39.91237,-121.22825,345.63,0.39,0.36,2021-07-23,2105,N,VIIRS,n,2,310.61,51.77,D,0
39.91299,-121.22385,354.27,0.39,0.36,2021-07-23,2105,N,VIIRS,n,2,311.49,165.53,D,0
39.91362,-121.21941,367,0.39,0.36,2021-07-23,2105,N,VIIRS,h,2,331.86,165.53,D,0
39.91426,-121.21494,367,0.39,0.36,2021-07-23,2105,N,VIIRS,h,2,358.76,165.59,D,0
39.91507,-121.23343,348.85,0.39,0.36,2021-07-23,2105,N,VIIRS,n,2,307.59,10.33,D,0
39.92153,-121.21206,346.55,0.39,0.36,2021-07-23,2105,N,VIIRS,n,2,306.97,142.68,D,0
39.92217,-121.20754,348.04,0.39,0.36,2021-07-23,2105,N,VIIRS,n,2,309.42,36.57,D,0
39.9255,-121.20829,353.76,0.39,0.36,2021-07-23,2105,N,VIIRS,n,2,305.1,67.12,D,0
39.93279,-121.20527,353.39,0.39,0.36,2021-07-23,2105,N,VIIRS,n,2,314.72,98.33,D,0
39.93546,-121.21066,350.22,0.39,0.36,2021-07-23,2105,N,VIIRS,n,2,312.66,98.33,D,0
39.93611,-121.20606,367,0.39,0.36,2021-07-23,2105,N,VIIRS,h,2,361.35,98.33,D,0
39.93676,-121.20148,367,0.39,0.36,2021-07-23,2105,N,VIIRS,l,2,329.01,155.34,D,0
39.93878,-121.21147,354.17,0.39,0.36,2021-07-23,2105,N,VIIRS,n,2,310.09,36.03,D,0
39.93943,-121.20689,367,0.39,0.36,2021-07-23,2105,N,VIIRS,h,2,331.16,36.03,D,0
39.93946,-121.23076,351.65,0.39,0.36,2021-07-23,2105,N,VIIRS,n,2,312.68,15.76,D,0
39.94011,-121.22614,352.35,0.39,0.36,2021-07-23,2105,N,VIIRS,n,2,305.42,15.76,D,0
39.94078,-121.22151,367,0.39,0.36,2021-07-23,2105,N,VIIRS,h,2,345.69,135.96,D,0
39.94209,-121.2123,350.57,0.39,0.36,2021-07-23,2105,N,VIIRS,n,2,307.94,36.03,D,0
39.94238,-121.25868,339.75,0.39,0.36,2021-07-23,2105,N,VIIRS,l,2,314.22,7.09,D,0
39.94275,-121.20772,350.28,0.39,0.36,2021-07-23,2105,N,VIIRS,n,2,323.14,36.03,D,0
39.94278,-121.23154,356.72,0.39,0.36,2021-07-23,2105,N,VIIRS,n,2,314.63,19.64,D,0
39.94339,-121.20316,367,0.39,0.36,2021-07-23,2105,N,VIIRS,l,2,362.89,199.61,D,0
39.94405,-121.19858,367,0.39,0.36,2021-07-23,2105,N,VIIRS,l,2,339.18,199.61,D,0
39.9441,-121.22232,352.66,0.39,0.36,2021-07-23,2105,N,VIIRS,n,2,305.22,48.01,D,0
39.94469,-121.194,346.15,0.39,0.36,2021-07-23,2105,N,VIIRS,n,2,297.89,9.07,D,0
39.94606,-121.20855,367,0.39,0.36,2021-07-23,2105,N,VIIRS,h,2,313.97,11.35,D,0
39.94735,-121.19942,367,0.39,0.36,2021-07-23,2105,N,VIIRS,l,2,376.98,221.88,D,0
39.94801,-121.19486,367,0.39,0.36,2021-07-23,2105,N,VIIRS,l,2,330.9,188.29,D,0
39.94937,-121.20943,347.32,0.39,0.36,2021-07-23,2105,N,VIIRS,n,2,308.69,11.35,D,0
39.95002,-121.20485,367,0.39,0.36,2021-07-23,2105,N,VIIRS,h,2,314.72,221.88,D,0
39.95067,-121.20027,367,0.39,0.36,2021-07-23,2105,N,VIIRS,l,2,359.76,221.88,D,0
39.95132,-121.19569,349.11,0.39,0.36,2021-07-23,2105,N,VIIRS,n,2,317.38,188.29,D,0
39.95398,-121.20112,353.76,0.39,0.36,2021-07-23,2105,N,VIIRS,n,2,310.12,34.29,D,0
39.95464,-121.19653,367,0.39,0.36,2021-07-23,2105,N,VIIRS,h,2,345.82,118.02,D,0
39.95795,-121.19735,351.48,0.39,0.36,2021-07-23,2105,N,VIIRS,n,2,307.37,118.02,D,0
39.95982,-121.16006,347.37,0.39,0.36,2021-07-23,2105,N,VIIRS,l,2,317.38,18.18,D,0
39.96023,-121.19553,348.51,0.39,0.36,2021-07-23,2105,N,VIIRS,n,2,303.79,12.81,D,0
39.96316,-121.16078,350.01,0.39,0.36,2021-07-23,2105,N,VIIRS,n,2,315.53,18.18,D,0
39.96355,-121.19633,349.69,0.39,0.36,2021-07-23,2105,N,VIIRS,n,2,301.21,12.81,D,0
39.96383,-121.15608,334.66,0.39,0.36,2021-07-23,2105,N,VIIRS,n,2,302.68,18.18,D,0
39.96449,-121.15145,367,0.39,0.36,2021-07-23,2105,N,VIIRS,h,2,356.31,80.93,D,0
39.96513,-121.14691,339.88,0.39,0.36,2021-07-23,2105,N,VIIRS,n,2,309.22,80.93,D,0
39.96538,-121.15878,346.6,0.39,0.36,2021-07-23,2105,N,VIIRS,n,2,307,16.51,D,0
39.96559,-121.20625,343.7,0.39,0.36,2021-07-23,2105,N,VIIRS,n,2,304.94,7.66,D,0
39.96603,-121.15411,367,0.39,0.36,2021-07-23,2105,N,VIIRS,l,2,325.27,16.51,D,0
39.9664,-121.1138,346.95,0.39,0.36,2021-07-23,2105,N,VIIRS,n,2,308.24,128.07,D,0
39.96667,-121.14957,367,0.39,0.36,2021-07-23,2105,N,VIIRS,l,2,333.65,36.28,D,0
39.96688,-121.19707,352.72,0.39,0.36,2021-07-23,2105,N,VIIRS,n,2,303.86,19.85,D,0
39.96708,-121.13316,350.17,0.39,0.36,2021-07-23,2105,N,VIIRS,n,2,322.66,21.41,D,0
39.96731,-121.14502,367,0.39,0.36,2021-07-23,2105,N,VIIRS,l,2,327.19,36.28,D,0
39.96752,-121.19251,344.69,0.39,0.36,2021-07-23,2105,N,VIIRS,n,2,304.73,19.85,D,0
39.96774,-121.12857,338.33,0.39,0.36,2021-07-23,2105,N,VIIRS,n,2,304.2,21.41,D,0
39.96796,-121.14044,367,0.39,0.36,2021-07-23,2105,N,VIIRS,h,2,336.98,99.34,D,0
39.96816,-121.18795,354.91,0.39,0.36,2021-07-23,2105,N,VIIRS,n,2,306.91,21.49,D,0
39.9684,-121.12392,350.28,0.39,0.36,2021-07-23,2105,N,VIIRS,n,2,311.51,58.12,D,0
39.9686,-121.13586,367,0.39,0.36,2021-07-23,2105,N,VIIRS,h,2,375.18,99.34,D,0
39.96872,-121.15947,344.35,0.39,0.36,2021-07-23,2105,N,VIIRS,n,2,307.36,16.51,D,0
39.96881,-121.18335,347.79,0.39,0.36,2021-07-23,2105,N,VIIRS,n,2,305.86,21.49,D,0
39.96906,-121.11926,367,0.39,0.36,2021-07-23,2105,N,VIIRS,h,2,339.2,58.12,D,0
39.96924,-121.13126,353.26,0.39,0.36,2021-07-23,2105,N,VIIRS,n,2,316.86,47.39,D,0
39.96937,-121.15484,332.7,0.39,0.36,2021-07-23,2105,N,VIIRS,l,2,305.55,16.51,D,0
39.96973,-121.11457,367,0.39,0.36,2021-07-23,2105,N,VIIRS,l,2,361.5,128.07,D,0
39.96988,-121.12664,367,0.39,0.36,2021-07-23,2105,N,VIIRS,h,2,354.56,47.39,D,0
39.97001,-121.15029,341.59,0.39,0.36,2021-07-23,2105,N,VIIRS,n,2,309.28,36.28,D,0
39.9704,-121.10989,342.45,0.39,0.36,2021-07-23,2105,N,VIIRS,n,2,315.88,128.07,D,0
39.97053,-121.12199,367,0.39,0.36,2021-07-23,2105,N,VIIRS,l,2,383.81,0,D,0
39.97064,-121.14577,351.14,0.39,0.36,2021-07-23,2105,N,VIIRS,n,2,306.98,36.28,D,0
39.97085,-121.19325,367,0.39,0.36,2021-07-23,2105,N,VIIRS,h,2,306.42,19.85,D,0
39.97118,-121.11729,367,0.39,0.36,2021-07-23,2105,N,VIIRS,l,2,384.13,0,D,0
39.97128,-121.1412,355.3,0.39,0.36,2021-07-23,2105,N,VIIRS,n,2,313.03,99.34,D,0
39.97149,-121.18869,346.92,0.39,0.36,2021-07-23,2105,N,VIIRS,n,2,315.15,21.49,D,0
39.97184,-121.11259,367,0.39,0.36,2021-07-23,2105,N,VIIRS,h,2,347.98,128.12,D,0
39.97192,-121.13664,367,0.39,0.36,2021-07-23,2105,N,VIIRS,l,2,325.97,99.34,D,0
39.97249,-121.10792,343.05,0.39,0.36,2021-07-23,2105,N,VIIRS,n,2,310.32,128.12,D,0
39.97257,-121.13201,351.2,0.39,0.36,2021-07-23,2105,N,VIIRS,n,2,313.39,47.39,D,0
39.97322,-121.12737,352.2,0.39,0.36,2021-07-23,2105,N,VIIRS,n,2,313.76,47.39,D,0
39.97387,-121.1227,367,0.39,0.36,2021-07-23,2105,N,VIIRS,h,2,349.37,0,D,0
39.97452,-121.11801,367,0.39,0.36,2021-07-23,2105,N,VIIRS,l,2,375.66,0,D,0
39.97517,-121.11331,354.91,0.39,0.36,2021-07-23,2105,N,VIIRS,n,2,305.38,128.12,D,0
39.97582,-121.10865,367,0.39,0.36,2021-07-23,2105,N,VIIRS,h,2,299.81,128.12,D,0
39.97647,-121.10402,346.28,0.39,0.36,2021-07-23,2105,N,VIIRS,n,2,298.89,22.35,D,0
39.97655,-121.12804,338.93,0.39,0.36,2021-07-23,2105,N,VIIRS,n,2,306.7,10.02,D,0
39.97786,-121.11872,367,0.39,0.36,2021-07-23,2105,N,VIIRS,h,2,366.38,120.59,D,0
39.97851,-121.11405,353.12,0.39,0.36,2021-07-23,2105,N,VIIRS,n,2,305.61,113.68,D,0
39.97916,-121.10942,367,0.39,0.36,2021-07-23,2105,N,VIIRS,h,2,334.3,113.68,D,0
39.9798,-121.10481,353.78,0.39,0.36,2021-07-23,2105,N,VIIRS,n,2,296.53,28.7,D,0
39.98054,-121.12411,342.07,0.39,0.36,2021-07-23,2105,N,VIIRS,n,2,312.68,120.59,D,0
39.98119,-121.1195,367,0.39,0.36,2021-07-23,2105,N,VIIRS,h,2,338.08,120.59,D,0
39.98184,-121.11485,367,0.39,0.36,2021-07-23,2105,N,VIIRS,h,2,345.2,113.68,D,0
39.98228,-121.40258,345.64,0.39,0.36,2021-07-23,2105,N,VIIRS,n,2,315.69,9.85,D,0
39.98248,-121.11024,367,0.39,0.36,2021-07-23,2105,N,VIIRS,l,2,348.19,113.68,D,0
39.98312,-121.10564,353.51,0.39,0.36,2021-07-23,2105,N,VIIRS,n,2,308.16,28.7,D,0
39.98376,-121.10107,330.8,0.39,0.36,2021-07-23,2105,N,VIIRS,n,2,297.61,28.7,D,0
39.98387,-121.12491,341.59,0.39,0.36,2021-07-23,2105,N,VIIRS,n,2,304.96,11.28,D,0
39.98451,-121.12031,354.87,0.39,0.36,2021-07-23,2105,N,VIIRS,n,2,306.55,11.28,D,0
39.9856,-121.4034,351.03,0.39,0.36,2021-07-23,2105,N,VIIRS,n,2,310.99,40.82,D,0
39.98581,-121.11107,367,0.39,0.36,2021-07-23,2105,N,VIIRS,l,2,356.8,228.39,D,0
39.98645,-121.10648,355.65,0.39,0.36,2021-07-23,2105,N,VIIRS,n,2,302.34,31.25,D,0
39.98709,-121.10191,334.37,0.39,0.36,2021-07-23,2105,N,VIIRS,n,2,294.56,31.25,D,0
39.98784,-121.12111,346.46,0.39,0.36,2021-07-23,2105,N,VIIRS,n,2,296.57,11.28,D,0
39.98913,-121.11189,367,0.39,0.36,2021-07-23,2105,N,VIIRS,h,2,336.78,228.39,D,0
39.98977,-121.1073,351.11,0.39,0.36,2021-07-23,2105,N,VIIRS,n,2,291.87,31.25,D,0
39.99181,-121.11731,348.28,0.39,0.36,2021-07-23,2105,N,VIIRS,n,2,294.1,20.33,D,0
39.99245,-121.11271,352.95,0.39,0.36,2021-07-23,2105,N,VIIRS,n,2,306.71,20.33,D,0
39.9931,-121.10809,344.17,0.39,0.36,2021-07-23,2105,N,VIIRS,n,2,291.52,13.58,D,0
39.99578,-121.11352,347.69,0.39,0.36,2021-07-23,2105,N,VIIRS,n,2,296.68,20.33,D,0
39.99643,-121.10886,345.4,0.39,0.36,2021-07-23,2105,N,VIIRS,n,2,291.52,13.58,D,0
40.00313,-121.11018,344.88,0.39,0.36,2021-07-23,2105,N,VIIRS,n,2,295.95,14.88,D,0
40.00647,-121.11082,340.68,0.39,0.36,2021-07-23,2105,N,VIIRS,n,2,298.68,40,D,0
40.00714,-121.10602,342.26,0.39,0.36,2021-07-23,2105,N,VIIRS,l,2,314.13,40,D,0
40.00781,-121.10129,336.79,0.39,0.36,2021-07-23,2105,N,VIIRS,n,2,295.85,21.79,D,0
40.0083,-120.94937,338.89,0.4,0.37,2021-07-23,2105,N,VIIRS,l,2,310.86,18.69,D,0
40.00893,-120.94485,353.59,0.4,0.37,2021-07-23,2105,N,VIIRS,n,2,311.34,18.69,D,0
40.01116,-121.10194,337.35,0.39,0.36,2021-07-23,2105,N,VIIRS,n,2,295.61,21.79,D,0
40.01163,-120.95026,354.89,0.4,0.37,2021-07-23,2105,N,VIIRS,n,2,317.68,18.69,D,0
40.01226,-120.94576,354.45,0.4,0.37,2021-07-23,2105,N,VIIRS,n,2,316.53,18.69,D,0
40.01288,-120.9412,352.32,0.4,0.37,2021-07-23,2105,N,VIIRS,n,2,320.5,52.69,D,0
40.01351,-120.9367,367,0.4,0.37,2021-07-23,2105,N,VIIRS,l,2,330.41,52.69,D,0
40.01384,-121.10735,345.47,0.39,0.36,2021-07-23,2105,N,VIIRS,n,2,297.23,7.62,D,0
40.01413,-120.93217,349.56,0.4,0.37,2021-07-23,2105,N,VIIRS,n,2,306.23,24.94,D,0
40.01434,-120.95556,335.96,0.4,0.37,2021-07-23,2105,N,VIIRS,l,2,310.62,3.84,D,0
40.01539,-120.9231,367,0.4,0.37,2021-07-23,2105,N,VIIRS,l,2,326.93,39.36,D,0
40.01602,-120.91859,367,0.4,0.37,2021-07-23,2105,N,VIIRS,h,2,309.65,39.36,D,0
40.01622,-120.94205,337.71,0.4,0.37,2021-07-23,2105,N,VIIRS,l,2,309.96,8.29,D,0
40.01653,-121.11271,351.13,0.39,0.36,2021-07-23,2105,N,VIIRS,n,2,298.87,7.62,D,0
40.01664,-120.91409,367,0.4,0.37,2021-07-23,2105,N,VIIRS,h,2,305.23,7.08,D,0
40.01684,-120.93753,349.1,0.4,0.37,2021-07-23,2105,N,VIIRS,n,2,310.26,8.29,D,0
40.01727,-120.90957,347.97,0.4,0.37,2021-07-23,2105,N,VIIRS,n,2,304.22,7.08,D,0
40.01747,-120.93304,353.89,0.4,0.37,2021-07-23,2105,N,VIIRS,n,2,314.82,22.94,D,0
40.01769,-120.95628,340.54,0.4,0.37,2021-07-23,2105,N,VIIRS,n,2,306.9,3.84,D,0
40.0179,-121.1275,342.42,0.39,0.36,2021-07-23,2105,N,VIIRS,n,2,297.41,5.52,D,0
40.01803,-121.15102,349.01,0.39,0.36,2021-07-23,2105,N,VIIRS,n,2,302.32,6.37,D,0
40.01809,-120.92855,347.94,0.4,0.37,2021-07-23,2105,N,VIIRS,n,2,314.98,22.94,D,0
40.01848,-121.09888,346.34,0.39,0.36,2021-07-23,2105,N,VIIRS,n,2,298.89,7.61,D,0
40.01872,-120.924,367,0.4,0.37,2021-07-23,2105,N,VIIRS,l,2,335.43,200.76,D,0
40.01923,-121.11805,354.92,0.39,0.36,2021-07-23,2105,N,VIIRS,n,2,302.02,108.93,D,0
40.01935,-120.91944,367,0.4,0.37,2021-07-23,2105,N,VIIRS,l,2,376.41,200.76,D,0
40.01955,-120.94286,340.26,0.4,0.37,2021-07-23,2105,N,VIIRS,l,2,310.26,8.29,D,0
40.01989,-121.11337,344.17,0.39,0.36,2021-07-23,2105,N,VIIRS,n,2,293.96,9.56,D,0
40.01998,-120.91493,367,0.4,0.37,2021-07-23,2105,N,VIIRS,h,2,368.57,0,D,0
40.02018,-120.93836,345.75,0.4,0.37,2021-07-23,2105,N,VIIRS,n,2,312.55,8.29,D,0
40.02061,-120.9104,356.88,0.4,0.37,2021-07-23,2105,N,VIIRS,n,2,307.56,0,D,0
40.0208,-120.93389,350.89,0.4,0.37,2021-07-23,2105,N,VIIRS,n,2,311.23,22.94,D,0
40.02118,-121.10417,353.51,0.39,0.36,2021-07-23,2105,N,VIIRS,n,2,299.3,8.79,D,0
40.02124,-120.90585,349.35,0.4,0.37,2021-07-23,2105,N,VIIRS,n,2,305.68,26.01,D,0
40.02142,-120.92943,352.99,0.4,0.37,2021-07-23,2105,N,VIIRS,n,2,318.11,22.94,D,0
40.02205,-120.92488,367,0.4,0.37,2021-07-23,2105,N,VIIRS,h,2,354.48,200.76,D,0
40.02228,-120.9481,353.81,0.4,0.37,2021-07-23,2105,N,VIIRS,n,2,311.8,13.22,D,0
40.02235,-121.07122,338.23,0.39,0.36,2021-07-23,2105,N,VIIRS,n,2,300.17,6.27,D,0
40.02268,-120.92033,367,0.4,0.37,2021-07-23,2105,N,VIIRS,l,2,377.16,200.76,D,0
40.0229,-120.94366,336.28,0.4,0.37,2021-07-23,2105,N,VIIRS,l,2,310.03,6.18,D,0
40.02331,-120.91578,367,0.4,0.37,2021-07-23,2105,N,VIIRS,l,2,377.79,0,D,0
40.02352,-120.93917,341.11,0.4,0.37,2021-07-23,2105,N,VIIRS,l,2,311.36,6.18,D,0
40.02364,-121.06207,341.67,0.39,0.36,2021-07-23,2105,N,VIIRS,n,2,305.57,10.58,D,0
40.02394,-120.91126,367,0.4,0.37,2021-07-23,2105,N,VIIRS,h,2,364.5,0,D,0
40.02414,-120.9347,346.41,0.4,0.37,2021-07-23,2105,N,VIIRS,n,2,311.14,17.83,D,0
40.02427,-121.05755,367,0.39,0.36,2021-07-23,2105,N,VIIRS,l,2,326.04,46.37,D,0
40.02449,-121.10512,347.47,0.39,0.36,2021-07-23,2105,N,VIIRS,n,2,298.01,8.79,D,0
40.02457,-120.90672,356.87,0.4,0.37,2021-07-23,2105,N,VIIRS,n,2,313.2,26.01,D,0
40.0249,-121.05305,352.37,0.39,0.36,2021-07-23,2105,N,VIIRS,n,2,314.31,46.37,D,0
40.02519,-120.90221,357.29,0.4,0.37,2021-07-23,2105,N,VIIRS,n,2,299.56,26.01,D,0
40.02539,-120.92574,367,0.4,0.37,2021-07-23,2105,N,VIIRS,h,2,347.17,150.16,D,0
40.02553,-121.04853,351.06,0.39,0.36,2021-07-23,2105,N,VIIRS,n,2,311.15,32.13,D,0
40.02562,-120.94888,352.92,0.4,0.37,2021-07-23,2105,N,VIIRS,n,2,310.55,13.22,D,0
40.02581,-120.89775,353.38,0.4,0.37,2021-07-23,2105,N,VIIRS,n,2,289.71,10.99,D,0
40.02592,-121.38511,342.5,0.39,0.36,2021-07-23,2105,N,VIIRS,n,2,310.08,8.2,D,0
40.02601,-120.9212,367,0.4,0.37,2021-07-23,2105,N,VIIRS,l,2,374.78,150.16,D,0
40.02664,-120.91667,367,0.4,0.37,2021-07-23,2105,N,VIIRS,l,2,380.75,0,D,0
40.02686,-120.93996,338.72,0.4,0.37,2021-07-23,2105,N,VIIRS,n,2,307.68,6.18,D,0
40.02727,-120.91211,367,0.4,0.37,2021-07-23,2105,N,VIIRS,h,2,369.18,0,D,0
40.02748,-120.93549,343.03,0.4,0.37,2021-07-23,2105,N,VIIRS,n,2,309.11,17.83,D,0
40.0279,-120.9076,356.12,0.4,0.37,2021-07-23,2105,N,VIIRS,n,2,286.18,113.16,D,0
40.0281,-120.93102,349.37,0.4,0.37,2021-07-23,2105,N,VIIRS,n,2,311.65,17.83,D,0
40.02821,-121.05401,346.16,0.39,0.36,2021-07-23,2105,N,VIIRS,n,2,307.06,18.76,D,0
40.02858,-121.39046,367,0.39,0.36,2021-07-23,2105,N,VIIRS,h,2,310.17,22.27,D,0
40.02872,-120.92654,367,0.4,0.37,2021-07-23,2105,N,VIIRS,h,2,313.75,150.16,D,0
40.02884,-121.0495,347.16,0.39,0.36,2021-07-23,2105,N,VIIRS,n,2,315.99,30.43,D,0
40.02896,-120.94968,367,0.4,0.37,2021-07-23,2105,N,VIIRS,h,2,333.18,93.83,D,0
40.02934,-120.92207,367,0.4,0.37,2021-07-23,2105,N,VIIRS,h,2,359.63,150.16,D,0
40.02948,-121.04497,349.06,0.39,0.36,2021-07-23,2105,N,VIIRS,n,2,308.45,30.43,D,0
40.02958,-120.94521,347.66,0.4,0.37,2021-07-23,2105,N,VIIRS,n,2,319.45,20.52,D,0
40.02997,-120.91753,367,0.4,0.37,2021-07-23,2105,N,VIIRS,l,2,377.94,0,D,0
40.0302,-120.94073,338.39,0.4,0.37,2021-07-23,2105,N,VIIRS,n,2,308.28,20.52,D,0
40.03061,-120.91296,367,0.4,0.37,2021-07-23,2105,N,VIIRS,l,2,329.63,0,D,0
40.03082,-120.93624,345.54,0.4,0.37,2021-07-23,2105,N,VIIRS,n,2,308.53,8.79,D,0
40.03145,-120.93176,341.92,0.4,0.37,2021-07-23,2105,N,VIIRS,n,2,306.47,8.79,D,0
40.03189,-121.39126,350.54,0.39,0.36,2021-07-23,2105,N,VIIRS,n,2,320.4,22.27,D,0
40.03207,-120.9273,351.5,0.4,0.37,2021-07-23,2105,N,VIIRS,n,2,308.04,23.85,D,0
40.03269,-120.92284,367,0.4,0.37,2021-07-23,2105,N,VIIRS,l,2,326.77,23.85,D,0
40.03279,-121.04588,350.42,0.39,0.36,2021-07-23,2105,N,VIIRS,n,2,314.18,30.43,D,0
40.03292,-120.94598,356.81,0.4,0.37,2021-07-23,2105,N,VIIRS,n,2,306.09,20.52,D,0
40.03331,-120.91832,367,0.4,0.37,2021-07-23,2105,N,VIIRS,l,2,380.68,0,D,0
40.03343,-121.04129,351.42,0.39,0.36,2021-07-23,2105,N,VIIRS,n,2,313.64,21.87,D,0
40.03355,-120.94145,367,0.4,0.37,2021-07-23,2105,N,VIIRS,h,2,308.67,20.52,D,0
40.03394,-120.91379,367,0.4,0.37,2021-07-23,2105,N,VIIRS,h,2,358.97,0,D,0
40.03408,-121.03667,367,0.39,0.36,2021-07-23,2105,N,VIIRS,h,2,306.23,21.87,D,0
40.03417,-120.93697,354.06,0.4,0.37,2021-07-23,2105,N,VIIRS,n,2,310.87,8.79,D,0
40.03461,-121.17963,334.27,0.39,0.36,2021-07-23,2105,N,VIIRS,l,2,305.93,3.75,D,0
40.03472,-121.03206,347.94,0.39,0.36,2021-07-23,2105,N,VIIRS,n,2,304.43,9.96,D,0
40.0348,-120.93249,354.15,0.4,0.37,2021-07-23,2105,N,VIIRS,n,2,311.07,8.79,D,0
40.03521,-121.39207,343.25,0.39,0.36,2021-07-23,2105,N,VIIRS,n,2,312.71,12.83,D,0
40.03527,-121.17499,354.77,0.39,0.36,2021-07-23,2105,N,VIIRS,n,2,313.59,20.15,D,0
40.03542,-120.92802,346.38,0.4,0.37,2021-07-23,2105,N,VIIRS,n,2,307.7,23.85,D,0
40.03603,-120.92358,353.43,0.4,0.37,2021-07-23,2105,N,VIIRS,n,2,311.03,23.85,D,0
40.0361,-121.04681,349.77,0.39,0.36,2021-07-23,2105,N,VIIRS,n,2,311.28,16.43,D,0
40.03658,-121.16574,349.32,0.39,0.36,2021-07-23,2105,N,VIIRS,n,2,308.81,5.65,D,0
40.03665,-120.91911,367,0.4,0.37,2021-07-23,2105,N,VIIRS,l,2,330.03,0,D,0
40.03675,-121.04221,367,0.39,0.36,2021-07-23,2105,N,VIIRS,l,2,369.65,0,D,0
40.03723,-121.16115,331.62,0.39,0.36,2021-07-23,2105,N,VIIRS,l,2,304.71,5.65,D,0
40.03728,-120.9146,345.2,0.4,0.37,2021-07-23,2105,N,VIIRS,n,2,302.69,0,D,0
40.0374,-121.03759,367,0.39,0.36,2021-07-23,2105,N,VIIRS,l,2,382.87,0,D,0
40.03753,-120.93772,340.69,0.4,0.37,2021-07-23,2105,N,VIIRS,n,2,304.23,21.9,D,0
40.03804,-121.03296,367,0.39,0.36,2021-07-23,2105,N,VIIRS,h,2,340.78,262.06,D,0
40.03814,-120.93325,348.03,0.4,0.37,2021-07-23,2105,N,VIIRS,n,2,315.91,21.9,D,0
40.03851,-121.39292,346.44,0.39,0.36,2021-07-23,2105,N,VIIRS,n,2,307.87,12.83,D,0
40.03869,-121.02833,367,0.39,0.37,2021-07-23,2105,N,VIIRS,h,2,300.15,262.06,D,0
40.03876,-120.92877,351.91,0.4,0.37,2021-07-23,2105,N,VIIRS,l,2,332.03,66.35,D,0
40.03905,-121.09944,345.62,0.39,0.36,2021-07-23,2105,N,VIIRS,n,2,297.8,11.09,D,0
40.03935,-121.02363,345.7,0.39,0.37,2021-07-23,2105,N,VIIRS,n,2,295.51,11.31,D,0
40.03938,-120.92435,352.22,0.4,0.37,2021-07-23,2105,N,VIIRS,n,2,325.17,66.35,D,0
40.03943,-121.04765,349.36,0.39,0.36,2021-07-23,2105,N,VIIRS,n,2,311.61,16.43,D,0
40.03982,-121.39664,355.29,0.39,0.36,2021-07-23,2105,N,VIIRS,n,2,319.36,44.88,D,0
40.03999,-120.91989,354.67,0.4,0.37,2021-07-23,2105,N,VIIRS,n,2,311.62,53.68,D,0
40.04007,-121.04307,367,0.39,0.36,2021-07-23,2105,N,VIIRS,h,2,347.08,0,D,0
40.04055,-121.16198,352.83,0.39,0.36,2021-07-23,2105,N,VIIRS,n,2,314.36,73.62,D,0
40.04062,-120.9154,347.83,0.4,0.37,2021-07-23,2105,N,VIIRS,n,2,314.87,53.68,D,0
40.04073,-121.03841,367,0.39,0.36,2021-07-23,2105,N,VIIRS,l,2,377.14,0,D,0
40.04138,-121.03374,367,0.39,0.36,2021-07-23,2105,N,VIIRS,h,2,344.12,262.06,D,0
40.04203,-121.02907,357.11,0.39,0.37,2021-07-23,2105,N,VIIRS,n,2,299.02,262.06,D,0
40.0421,-120.92959,367,0.4,0.37,2021-07-23,2105,N,VIIRS,h,2,332.91,66.35,D,0
40.04248,-121.40202,367,0.39,0.36,2021-07-23,2105,N,VIIRS,h,2,360.79,44.88,D,0
40.04269,-121.02437,367,0.39,0.37,2021-07-23,2105,N,VIIRS,h,2,291.03,11.31,D,0
40.04272,-120.92513,367,0.4,0.37,2021-07-23,2105,N,VIIRS,l,2,331.34,66.35,D,0
40.04313,-121.39753,351.3,0.39,0.36,2021-07-23,2105,N,VIIRS,n,2,324.31,44.88,D,0
40.04334,-120.92066,352.17,0.4,0.37,2021-07-23,2105,N,VIIRS,n,2,311.95,53.68,D,0
40.04335,-121.01967,346.94,0.39,0.37,2021-07-23,2105,N,VIIRS,n,2,288.99,11.31,D,0
40.0434,-121.04386,356.78,0.39,0.36,2021-07-23,2105,N,VIIRS,n,2,311.92,275.96,D,0
40.04396,-120.91621,343,0.4,0.37,2021-07-23,2105,N,VIIRS,l,2,313.29,53.68,D,0
40.04406,-121.03919,367,0.39,0.36,2021-07-23,2105,N,VIIRS,l,2,371.88,275.96,D,0
40.04457,-120.91177,353.84,0.4,0.37,2021-07-23,2105,N,VIIRS,n,2,276.88,9.08,D,0
40.04472,-121.0345,367,0.39,0.36,2021-07-23,2105,N,VIIRS,h,2,365.9,0,D,0
40.04515,-121.40733,310.44,0.39,0.36,2021-07-23,2105,N,VIIRS,l,2,314.26,34.33,D,0
40.04537,-121.02983,355.84,0.39,0.37,2021-07-23,2105,N,VIIRS,n,2,299.27,0,D,0
40.04579,-121.40285,367,0.39,0.36,2021-07-23,2105,N,VIIRS,h,2,374.72,69.18,D,0
40.04596,-121.00104,330.75,0.39,0.37,2021-07-23,2105,N,VIIRS,n,2,288.3,4.6,D,0
40.04603,-121.02512,367,0.39,0.37,2021-07-23,2105,N,VIIRS,h,2,292.04,21.52,D,0
40.04606,-120.92593,342.42,0.4,0.37,2021-07-23,2105,N,VIIRS,n,2,304.34,7.13,D,0
40.04668,-120.92146,349.97,0.4,0.37,2021-07-23,2105,N,VIIRS,n,2,304.77,6.79,D,0
40.04669,-121.02048,357.22,0.39,0.37,2021-07-23,2105,N,VIIRS,l,2,284.59,21.52,D,0
40.04673,-121.04468,356.63,0.39,0.36,2021-07-23,2105,N,VIIRS,n,2,313.32,275.96,D,0
40.04729,-120.91702,336.39,0.4,0.37,2021-07-23,2105,N,VIIRS,n,2,296.55,6.79,D,0
40.04739,-121.03999,367,0.39,0.36,2021-07-23,2105,N,VIIRS,l,2,359.63,275.96,D,0
40.0479,-120.9126,339.39,0.4,0.37,2021-07-23,2105,N,VIIRS,n,2,292.37,3.43,D,0
40.04805,-121.03534,355.97,0.39,0.36,2021-07-23,2105,N,VIIRS,n,2,307.02,0,D,0
40.04831,-121.107,353.44,0.39,0.36,2021-07-23,2105,N,VIIRS,n,2,309.77,30.89,D,0
40.04846,-121.40816,367,0.39,0.36,2021-07-23,2105,N,VIIRS,l,2,335.53,34.33,D,0
40.04852,-120.90816,341.69,0.4,0.37,2021-07-23,2105,N,VIIRS,n,2,272.79,3.43,D,0
40.0491,-121.4037,355.91,0.39,0.36,2021-07-23,2105,N,VIIRS,l,2,343.61,69.18,D,0
40.04935,-121.02599,357.23,0.39,0.37,2021-07-23,2105,N,VIIRS,l,2,288.88,21.52,D,0
40.04974,-121.39921,352.02,0.39,0.36,2021-07-23,2105,N,VIIRS,n,2,322.02,69.18,D,0
40.05072,-121.04084,367,0.39,0.36,2021-07-23,2105,N,VIIRS,l,2,325.68,60.45,D,0
40.05096,-121.11257,343.86,0.39,0.36,2021-07-23,2105,N,VIIRS,n,2,314.17,30.89,D,0
40.05137,-121.03619,367,0.39,0.36,2021-07-23,2105,N,VIIRS,l,2,369.25,0,D,0
40.0516,-121.10799,367,0.39,0.36,2021-07-23,2105,N,VIIRS,h,2,309.61,30.89,D,0
40.05177,-121.40902,367,0.39,0.36,2021-07-23,2105,N,VIIRS,h,2,344.06,180.62,D,0
40.05186,-120.90895,336.01,0.4,0.37,2021-07-23,2105,N,VIIRS,n,2,284.32,3.43,D,0
40.05202,-121.03154,367,0.39,0.37,2021-07-23,2105,N,VIIRS,h,2,347.24,0,D,0
40.0524,-121.40455,367,0.39,0.36,2021-07-23,2105,N,VIIRS,h,2,367.9,207.22,D,0
40.05268,-121.02688,357.18,0.39,0.37,2021-07-23,2105,N,VIIRS,n,2,285.7,65.59,D,0
40.05305,-121.40004,367,0.39,0.36,2021-07-23,2105,N,VIIRS,h,2,342.78,207.22,D,0
40.05405,-121.04165,355.74,0.39,0.36,2021-07-23,2105,N,VIIRS,n,2,310.48,60.45,D,0
40.05425,-121.11359,347.98,0.39,0.36,2021-07-23,2105,N,VIIRS,n,2,297.58,17.11,D,0
40.0547,-121.03705,367,0.39,0.36,2021-07-23,2105,N,VIIRS,h,2,356.91,0,D,0
40.0549,-121.10896,356.42,0.39,0.36,2021-07-23,2105,N,VIIRS,n,2,308.17,17.11,D,0
40.05507,-121.40987,367,0.39,0.36,2021-07-23,2105,N,VIIRS,l,2,359.11,180.62,D,0
40.05521,-120.90971,337.74,0.4,0.37,2021-07-23,2105,N,VIIRS,n,2,283.63,2.99,D,0
40.05535,-121.03242,367,0.39,0.37,2021-07-23,2105,N,VIIRS,h,2,354.69,0,D,0
40.05556,-121.10428,367,0.39,0.36,2021-07-23,2105,N,VIIRS,h,2,307.3,45.25,D,0
40.05572,-121.40534,367,0.39,0.36,2021-07-23,2105,N,VIIRS,h,2,358.88,207.22,D,0
40.05622,-121.09959,352.5,0.39,0.36,2021-07-23,2105,N,VIIRS,n,2,300.23,45.25,D,0
40.05637,-121.40079,351.88,0.39,0.36,2021-07-23,2105,N,VIIRS,n,2,300.63,207.22,D,0
40.05689,-121.09491,352.51,0.39,0.36,2021-07-23,2105,N,VIIRS,n,2,300.72,53.57,D,0
40.05802,-121.0379,367,0.39,0.36,2021-07-23,2105,N,VIIRS,l,2,366.73,393.03,D,0
40.05822,-121.10983,347.31,0.39,0.36,2021-07-23,2105,N,VIIRS,n,2,301.04,17.11,D,0
40.05856,-120.91039,334.57,0.4,0.37,2021-07-23,2105,N,VIIRS,n,2,283.89,2.99,D,0
40.05888,-121.10513,367,0.39,0.36,2021-07-23,2105,N,VIIRS,l,2,329.92,45.25,D,0
40.05904,-121.40609,349.46,0.39,0.36,2021-07-23,2105,N,VIIRS,n,2,300.72,10.76,D,0
40.05955,-121.10044,367,0.39,0.36,2021-07-23,2105,N,VIIRS,h,2,339.52,45.25,D,0
40.06021,-121.09576,367,0.39,0.36,2021-07-23,2105,N,VIIRS,h,2,335.77,53.57,D,0
40.06071,-121.04326,355.22,0.39,0.36,2021-07-23,2105,N,VIIRS,l,2,302.88,63.1,D,0
40.06135,-121.03874,367,0.39,0.36,2021-07-23,2105,N,VIIRS,h,2,340.63,393.03,D,0
40.06154,-121.11067,338.26,0.39,0.36,2021-07-23,2105,N,VIIRS,n,2,294.29,10.53,D,0
40.06199,-121.03416,367,0.39,0.37,2021-07-23,2105,N,VIIRS,l,2,362.87,393.03,D,0
40.06221,-121.10597,367,0.39,0.36,2021-07-23,2105,N,VIIRS,l,2,327.28,108.97,D,0
40.06287,-121.10129,367,0.39,0.36,2021-07-23,2105,N,VIIRS,h,2,360.04,108.97,D,0
40.06328,-121.02497,356.8,0.39,0.37,2021-07-23,2105,N,VIIRS,l,2,278.06,88.09,D,0
40.06353,-121.09659,367,0.39,0.36,2021-07-23,2105,N,VIIRS,l,2,330.11,60,D,0
40.06371,-121.42142,354.58,0.39,0.36,2021-07-23,2105,N,VIIRS,n,2,316.95,16.55,D,0
40.06393,-121.02034,356.19,0.39,0.37,2021-07-23,2105,N,VIIRS,n,2,277.31,13.63,D,0
40.06418,-121.09199,367,0.39,0.36,2021-07-23,2105,N,VIIRS,h,2,302.63,60,D,0
40.06436,-121.41685,353.69,0.39,0.36,2021-07-23,2105,N,VIIRS,n,2,319.77,22.05,D,0
40.06483,-121.08738,346.92,0.39,0.36,2021-07-23,2105,N,VIIRS,n,2,298.45,63.73,D,0
40.06532,-121.03501,367,0.39,0.37,2021-07-23,2105,N,VIIRS,l,2,365.69,244.72,D,0
40.06553,-121.10678,341.83,0.39,0.36,2021-07-23,2105,N,VIIRS,n,2,293.72,108.97,D,0
40.06595,-121.03046,356.18,0.39,0.37,2021-07-23,2105,N,VIIRS,n,2,295.08,123.26,D,0
40.06638,-121.4267,347.74,0.39,0.36,2021-07-23,2105,N,VIIRS,n,2,311.44,16.55,D,0
40.06659,-121.02589,356.96,0.39,0.37,2021-07-23,2105,N,VIIRS,l,2,287.76,123.26,D,0
40.06686,-121.09742,351.74,0.39,0.36,2021-07-23,2105,N,VIIRS,n,2,300.33,60,D,0
40.06702,-121.4222,367,0.39,0.36,2021-07-23,2105,N,VIIRS,h,2,323.45,16.55,D,0
40.06724,-121.02126,356.95,0.39,0.37,2021-07-23,2105,N,VIIRS,l,2,273.88,27.7,D,0
40.06767,-121.41763,356.78,0.39,0.36,2021-07-23,2105,N,VIIRS,n,2,315.41,22.05,D,0
40.06776,-121.44098,348.98,0.39,0.36,2021-07-23,2105,N,VIIRS,n,2,310.24,20.39,D,0
40.06801,-121.04035,356.63,0.39,0.36,2021-07-23,2105,N,VIIRS,n,2,299,244.72,D,0
40.0684,-121.43649,367,0.39,0.36,2021-07-23,2105,N,VIIRS,h,2,326.82,20.16,D,0
40.06905,-121.43198,367,0.39,0.36,2021-07-23,2105,N,VIIRS,h,2,330.5,20.16,D,0
40.06927,-121.03133,367,0.39,0.37,2021-07-23,2105,N,VIIRS,l,2,356.37,123.26,D,0
40.06969,-121.42747,367,0.39,0.36,2021-07-23,2105,N,VIIRS,h,2,325.13,15.48,D,0
40.06991,-121.0268,367,0.39,0.37,2021-07-23,2105,N,VIIRS,l,2,335.4,123.26,D,0
40.07034,-121.42297,367,0.39,0.36,2021-07-23,2105,N,VIIRS,h,2,323.64,15.48,D,0
40.07042,-121.44627,354.37,0.39,0.36,2021-07-23,2105,N,VIIRS,n,2,322.89,20.39,D,0
40.07084,-121.09361,314,0.39,0.36,2021-07-23,2105,N,VIIRS,l,2,324,79.16,D,0
40.07099,-121.41841,352.81,0.39,0.36,2021-07-23,2105,N,VIIRS,l,2,328.76,29.11,D,0
40.07107,-121.44177,367,0.39,0.36,2021-07-23,2105,N,VIIRS,h,2,329.85,20.39,D,0
40.07149,-121.08898,350.53,0.39,0.36,2021-07-23,2105,N,VIIRS,n,2,302.94,56.02,D,0
40.07172,-121.43726,367,0.39,0.36,2021-07-23,2105,N,VIIRS,h,2,332.34,20.16,D,0
40.07236,-121.43275,367,0.39,0.36,2021-07-23,2105,N,VIIRS,h,2,334.03,20.16,D,0
40.07261,-121.03216,367,0.39,0.37,2021-07-23,2105,N,VIIRS,l,2,326.84,214.69,D,0
40.07301,-121.42824,367,0.39,0.36,2021-07-23,2105,N,VIIRS,h,2,331.69,15.48,D,0
40.07323,-121.02765,367,0.39,0.37,2021-07-23,2105,N,VIIRS,l,2,369.03,214.69,D,0
40.07365,-121.42371,367,0.39,0.36,2021-07-23,2105,N,VIIRS,h,2,320.26,15.48,D,0
40.07375,-121.44701,367,0.39,0.36,2021-07-23,2105,N,VIIRS,h,2,346.96,65.71,D,0
40.07387,-121.02307,355.86,0.39,0.37,2021-07-23,2105,N,VIIRS,n,2,297.01,277.24,D,0
40.0743,-121.41917,354.6,0.39,0.36,2021-07-23,2105,N,VIIRS,n,2,310.71,29.11,D,0
40.0743,-121.20098,352,0.39,0.36,2021-07-23,2105,N,VIIRS,n,2,313.2,29.38,D,0
40.07439,-121.44251,354.86,0.39,0.36,2021-07-23,2105,N,VIIRS,l,2,345.56,65.71,D,0
40.07452,-121.01848,347.8,0.39,0.37,2021-07-23,2105,N,VIIRS,n,2,276.64,277.24,D,0
40.07493,-121.19652,337.97,0.39,0.36,2021-07-23,2105,N,VIIRS,n,2,299.42,29.38,D,0
40.07504,-121.43799,367,0.39,0.36,2021-07-23,2105,N,VIIRS,h,2,326.78,16.56,D,0
40.07568,-121.43348,367,0.39,0.36,2021-07-23,2105,N,VIIRS,h,2,322.19,16.56,D,0
40.07594,-121.03292,356.27,0.39,0.37,2021-07-23,2105,N,VIIRS,n,2,303.67,214.69,D,0
40.07632,-121.42899,367,0.39,0.36,2021-07-23,2105,N,VIIRS,h,2,322.22,11.87,D,0
40.07657,-121.02844,367,0.39,0.37,2021-07-23,2105,N,VIIRS,h,2,346.74,214.69,D,0
40.07697,-121.42448,367,0.39,0.36,2021-07-23,2105,N,VIIRS,h,2,318.55,11.87,D,0
40.07699,-121.20634,334.58,0.39,0.36,2021-07-23,2105,N,VIIRS,n,2,298.73,7.33,D,0
40.0772,-121.02392,367,0.39,0.37,2021-07-23,2105,N,VIIRS,h,2,355.33,277.24,D,0
40.07762,-121.41993,367,0.39,0.36,2021-07-23,2105,N,VIIRS,l,2,336.08,83.41,D,0
40.07762,-121.20188,353.63,0.39,0.36,2021-07-23,2105,N,VIIRS,n,2,302.47,29.38,D,0
40.07772,-121.44322,367,0.39,0.36,2021-07-23,2105,N,VIIRS,l,2,343.8,65.71,D,0
40.07828,-121.41531,367,0.39,0.36,2021-07-23,2105,N,VIIRS,h,2,342.94,83.41,D,0
40.07836,-121.43873,367,0.39,0.36,2021-07-23,2105,N,VIIRS,h,2,330.29,16.56,D,0
40.07848,-121.01476,346.61,0.39,0.37,2021-07-23,2105,N,VIIRS,n,2,289.74,11.1,D,0
40.07889,-121.19284,340.67,0.39,0.36,2021-07-23,2105,N,VIIRS,n,2,306.66,40.33,D,0
40.079,-121.43422,367,0.39,0.36,2021-07-23,2105,N,VIIRS,h,2,321.89,16.56,D,0
40.07965,-121.42974,356.43,0.39,0.36,2021-07-23,2105,N,VIIRS,n,2,323,11.87,D,0
40.0799,-121.02921,367,0.39,0.37,2021-07-23,2105,N,VIIRS,h,2,297.03,32.46,D,0
40.0801,-121.07677,354.63,0.39,0.36,2021-07-23,2105,N,VIIRS,n,2,299.94,10.17,D,0
40.08029,-121.42522,367,0.39,0.36,2021-07-23,2105,N,VIIRS,h,2,324.96,11.87,D,0
40.08075,-121.07218,354.84,0.39,0.36,2021-07-23,2105,N,VIIRS,n,2,303.61,41.7,D,0
40.08094,-121.42065,367,0.39,0.36,2021-07-23,2105,N,VIIRS,l,2,339.32,83.41,D,0
40.08103,-121.444,345.18,0.39,0.36,2021-07-23,2105,N,VIIRS,n,2,320.04,26.39,D,0
40.08117,-121.02017,367,0.39,0.37,2021-07-23,2105,N,VIIRS,h,2,331.7,136.84,D,0
40.08156,-121.19832,334.28,0.39,0.36,2021-07-23,2105,N,VIIRS,l,2,305.34,13.93,D,0
40.0816,-121.41608,367,0.39,0.36,2021-07-23,2105,N,VIIRS,h,2,334.4,83.41,D,0
40.08167,-121.43949,367,0.39,0.36,2021-07-23,2105,N,VIIRS,l,2,337.77,39.86,D,0
40.08181,-121.01559,347.61,0.39,0.37,2021-07-23,2105,N,VIIRS,n,2,291.97,58.61,D,0
40.08209,-121.36462,343.91,0.39,0.36,2021-07-23,2105,N,VIIRS,l,2,314.14,9.37,D,0
40.0822,-121.19376,334.18,0.39,0.36,2021-07-23,2105,N,VIIRS,n,2,297.45,14.5,D,0
40.08232,-121.43498,351.24,0.39,0.36,2021-07-23,2105,N,VIIRS,l,2,326.35,39.86,D,0
40.08297,-121.43049,367,0.39,0.36,2021-07-23,2105,N,VIIRS,h,2,322.51,19.27,D,0
40.08361,-121.42596,367,0.39,0.36,2021-07-23,2105,N,VIIRS,h,2,321.15,19.27,D,0
40.08369,-121.44933,309.02,0.39,0.36,2021-07-23,2105,N,VIIRS,l,2,313.97,26.39,D,0
40.08426,-121.42139,367,0.39,0.36,2021-07-23,2105,N,VIIRS,h,2,315.66,18.95,D,0
40.08434,-121.44482,338.86,0.39,0.36,2021-07-23,2105,N,VIIRS,n,2,307.38,26.39,D,0
40.08451,-121.02094,354.53,0.39,0.37,2021-07-23,2105,N,VIIRS,n,2,297.96,136.84,D,0
40.08471,-121.06847,349.53,0.39,0.36,2021-07-23,2105,N,VIIRS,n,2,309.53,41.7,D,0
40.08475,-121.36996,346.22,0.39,0.36,2021-07-23,2105,N,VIIRS,n,2,312.37,10.24,D,0
40.08488,-121.19918,347.88,0.39,0.36,2021-07-23,2105,N,VIIRS,n,2,302.7,13.93,D,0
40.08492,-121.41682,367,0.39,0.36,2021-07-23,2105,N,VIIRS,h,2,312.2,18.95,D,0
40.08514,-121.01637,367,0.39,0.37,2021-07-23,2105,N,VIIRS,l,2,327.06,58.61,D,0
40.08535,-121.06393,354.26,0.39,0.36,2021-07-23,2105,N,VIIRS,n,2,307.3,18.52,D,0
40.08549,-121.07195,351.97,0.39,0.36,2021-07-23,2105,N,VIIRS,n,2,307.63,28.95,D,0
40.08564,-121.43576,338.65,0.39,0.36,2021-07-23,2105,N,VIIRS,n,2,301.68,39.86,D,0
40.08612,-121.06737,367,0.39,0.36,2021-07-23,2105,N,VIIRS,h,2,305.37,28.95,D,0
40.08628,-121.43124,367,0.39,0.36,2021-07-23,2105,N,VIIRS,h,2,307.55,19.27,D,0
40.08676,-121.06285,367,0.39,0.36,2021-07-23,2105,N,VIIRS,h,2,310.81,22.69,D,0
40.08693,-121.42668,367,0.39,0.36,2021-07-23,2105,N,VIIRS,h,2,312.94,19.27,D,0
40.08759,-121.42213,367,0.39,0.36,2021-07-23,2105,N,VIIRS,h,2,312.66,18.95,D,0
40.08785,-121.02168,346.6,0.39,0.37,2021-07-23,2105,N,VIIRS,n,2,295.59,14.46,D,0
40.0883,-121.44111,367,0.39,0.36,2021-07-23,2105,N,VIIRS,h,2,333.2,120.69,D,0
40.08849,-121.01713,367,0.39,0.37,2021-07-23,2105,N,VIIRS,h,2,300.02,52.3,D,0
40.08863,-121.0407,349.36,0.39,0.37,2021-07-23,2105,N,VIIRS,n,2,295.04,17.55,D,0
40.08884,-121.19553,347.88,0.39,0.36,2021-07-23,2105,N,VIIRS,n,2,301.16,42.04,D,0
40.08889,-121.41303,351.34,0.39,0.36,2021-07-23,2105,N,VIIRS,n,2,300.73,12.03,D,0
40.08895,-121.43655,344.75,0.39,0.36,2021-07-23,2105,N,VIIRS,n,2,305.54,120.69,D,0
40.08913,-121.01258,334.86,0.39,0.37,2021-07-23,2105,N,VIIRS,n,2,291.32,52.3,D,0
40.08929,-121.03602,367,0.39,0.37,2021-07-23,2105,N,VIIRS,h,2,298.6,29.08,D,0
40.08947,-121.19102,350.48,0.39,0.36,2021-07-23,2105,N,VIIRS,n,2,304.63,42.04,D,0
40.08993,-121.03147,356.52,0.39,0.37,2021-07-23,2105,N,VIIRS,n,2,303.06,29.08,D,0
40.08998,-121.03953,319,0.39,0.37,2021-07-23,2105,N,VIIRS,l,2,320,111.21,D,0
40.09056,-121.02695,367,0.39,0.37,2021-07-23,2105,N,VIIRS,h,2,301.72,14.46,D,0
40.09063,-121.0349,355.5,0.39,0.37,2021-07-23,2105,N,VIIRS,n,2,303.8,88.01,D,0
40.09119,-121.02245,356.51,0.39,0.37,2021-07-23,2105,N,VIIRS,n,2,299.94,14.46,D,0
40.09126,-121.03035,356.19,0.39,0.37,2021-07-23,2105,N,VIIRS,n,2,299.92,88.01,D,0
40.09135,-121.05456,345.46,0.39,0.36,2021-07-23,2105,N,VIIRS,n,2,298.83,16.63,D,0
40.09161,-121.44191,367,0.39,0.36,2021-07-23,2105,N,VIIRS,h,2,351.69,120.69,D,0
40.09182,-121.01791,367,0.39,0.37,2021-07-23,2105,N,VIIRS,h,2,342.23,52.3,D,0
40.09189,-121.02584,356.33,0.39,0.37,2021-07-23,2105,N,VIIRS,n,2,297.57,25.42,D,0
40.09227,-121.43735,367,0.39,0.36,2021-07-23,2105,N,VIIRS,l,2,342.89,120.69,D,0
40.09247,-121.01331,343.56,0.39,0.37,2021-07-23,2105,N,VIIRS,n,2,292.16,52.3,D,0
40.09252,-121.02133,343.04,0.39,0.37,2021-07-23,2105,N,VIIRS,n,2,309.78,25.42,D,0
40.09265,-121.0452,344.7,0.39,0.37,2021-07-23,2105,N,VIIRS,n,2,297.53,111.21,D,0
40.09315,-121.01677,367,0.39,0.37,2021-07-23,2105,N,VIIRS,l,2,330.84,76.75,D,0
40.09331,-121.04044,367,0.39,0.37,2021-07-23,2105,N,VIIRS,h,2,343.72,111.21,D,0
40.09342,-121.18739,357.29,0.39,0.36,2021-07-23,2105,N,VIIRS,n,2,312.75,56.63,D,0
40.09396,-121.03574,367,0.39,0.37,2021-07-23,2105,N,VIIRS,l,2,332.4,88.01,D,0
40.0946,-121.03113,346.14,0.39,0.37,2021-07-23,2105,N,VIIRS,n,2,292.32,88.01,D,0
40.09492,-121.4427,346.33,0.39,0.36,2021-07-23,2105,N,VIIRS,n,2,308.92,45.21,D,0
40.09523,-121.02661,346.41,0.39,0.37,2021-07-23,2105,N,VIIRS,n,2,293.72,25.42,D,0
40.09533,-121.05074,343.13,0.39,0.37,2021-07-23,2105,N,VIIRS,n,2,300.51,18.75,D,0
40.09558,-121.43814,351.51,0.39,0.36,2021-07-23,2105,N,VIIRS,n,2,299.76,45.21,D,0
40.09585,-121.02212,351.41,0.39,0.37,2021-07-23,2105,N,VIIRS,n,2,305.62,25.42,D,0
40.09598,-121.04607,355.46,0.39,0.37,2021-07-23,2105,N,VIIRS,n,2,300.86,9.69,D,0
40.0961,-121.19276,332.5,0.39,0.36,2021-07-23,2105,N,VIIRS,n,2,299.46,2.93,D,0
40.09616,-121.41013,367,0.39,0.36,2021-07-23,2105,N,VIIRS,l,2,331.78,134.61,D,0
40.09649,-121.01754,343.59,0.39,0.37,2021-07-23,2105,N,VIIRS,n,2,296.27,76.75,D,0
40.09663,-121.04131,350.94,0.39,0.37,2021-07-23,2105,N,VIIRS,n,2,293.35,9.69,D,0
40.09674,-121.18821,344.98,0.39,0.36,2021-07-23,2105,N,VIIRS,n,2,302.06,19.1,D,0
40.09729,-121.03659,354.35,0.39,0.37,2021-07-23,2105,N,VIIRS,n,2,294.46,8.83,D,0
40.09739,-121.18368,348.63,0.39,0.36,2021-07-23,2105,N,VIIRS,n,2,303.6,19.1,D,0
40.09793,-121.03196,337.36,0.39,0.37,2021-07-23,2105,N,VIIRS,n,2,292.21,8.83,D,0
40.09856,-121.02739,336.75,0.39,0.37,2021-07-23,2105,N,VIIRS,n,2,291.86,26.55,D,0
40.09882,-121.41544,367,0.39,0.36,2021-07-23,2105,N,VIIRS,h,2,340.25,65.67,D,0
40.09919,-121.02287,342.89,0.39,0.37,2021-07-23,2105,N,VIIRS,n,2,314.3,26.55,D,0
40.09943,-121.1935,333.2,0.39,0.36,2021-07-23,2105,N,VIIRS,n,2,298.61,2.93,D,0
40.09947,-121.41094,356.45,0.39,0.36,2021-07-23,2105,N,VIIRS,n,2,320.62,65.67,D,0
40.09983,-121.0183,337.75,0.39,0.37,2021-07-23,2105,N,VIIRS,n,2,290.81,5.77,D,0
40.09991,-121.3358,349.01,0.39,0.36,2021-07-23,2105,N,VIIRS,n,2,308.07,6.94,D,0
40.10008,-121.18895,355.77,0.39,0.36,2021-07-23,2105,N,VIIRS,n,2,303.49,19.1,D,0
40.10072,-121.1844,348.91,0.39,0.36,2021-07-23,2105,N,VIIRS,n,2,312.16,19.1,D,0
40.10135,-121.17989,334.95,0.39,0.36,2021-07-23,2105,N,VIIRS,n,2,299.67,19.7,D,0
40.10214,-121.41626,367,0.39,0.36,2021-07-23,2105,N,VIIRS,h,2,343.1,65.67,D,0
40.10253,-121.02364,330.11,0.39,0.37,2021-07-23,2105,N,VIIRS,n,2,291.39,26.55,D,0
40.10278,-121.41177,356.55,0.39,0.36,2021-07-23,2105,N,VIIRS,n,2,328.5,65.67,D,0
40.10342,-121.40728,367,0.39,0.36,2021-07-23,2105,N,VIIRS,h,2,315.08,44.55,D,0
40.10469,-121.18062,331.49,0.39,0.36,2021-07-23,2105,N,VIIRS,n,2,301,7.5,D,0
40.10533,-121.17606,336.03,0.39,0.36,2021-07-23,2105,N,VIIRS,n,2,301.1,7.5,D,0
40.10545,-121.41708,354.15,0.39,0.36,2021-07-23,2105,N,VIIRS,n,2,302.38,36.07,D,0
40.10597,-121.17146,337.29,0.39,0.36,2021-07-23,2105,N,VIIRS,n,2,310.14,13.64,D,0
40.10609,-121.4126,355.46,0.39,0.36,2021-07-23,2105,N,VIIRS,n,2,306.37,36.07,D,0
40.10866,-121.17682,331.15,0.39,0.36,2021-07-23,2105,N,VIIRS,n,2,300.66,7.5,D,0
40.1093,-121.17223,335.23,0.39,0.36,2021-07-23,2105,N,VIIRS,n,2,300.92,13.64,D,0
40.10995,-121.16759,349.46,0.39,0.36,2021-07-23,2105,N,VIIRS,n,2,302.29,13.64,D,0
40.11061,-121.16293,338.1,0.39,0.36,2021-07-23,2105,N,VIIRS,n,2,296.95,4.18,D,0
40.11132,-121.4,348.27,0.39,0.36,2021-07-23,2105,N,VIIRS,n,2,302.78,14.71,D,0
40.11206,-121.41873,345.9,0.39,0.36,2021-07-23,2105,N,VIIRS,n,2,296.52,197.16,D,0
40.1127,-121.41431,367,0.39,0.36,2021-07-23,2105,N,VIIRS,l,2,354.77,197.16,D,0
40.11334,-121.40982,355.64,0.39,0.36,2021-07-23,2105,N,VIIRS,n,2,308.58,98.03,D,0
40.11395,-121.16367,348.55,0.39,0.36,2021-07-23,2105,N,VIIRS,n,2,301.03,7.55,D,0
40.11398,-121.40534,367,0.39,0.36,2021-07-23,2105,N,VIIRS,h,2,305.83,98.03,D,0
40.1146,-121.159,331.97,0.39,0.36,2021-07-23,2105,N,VIIRS,n,2,298.48,7.55,D,0
40.11462,-121.40085,356.6,0.39,0.36,2021-07-23,2105,N,VIIRS,n,2,307.27,79.2,D,0
40.11538,-121.41953,367,0.39,0.36,2021-07-23,2105,N,VIIRS,h,2,336.47,197.16,D,0
40.11601,-121.41511,367,0.39,0.36,2021-07-23,2105,N,VIIRS,l,2,374.11,197.16,D,0
40.11665,-121.41065,367,0.39,0.36,2021-07-23,2105,N,VIIRS,h,2,339.36,98.03,D,0
40.11728,-121.40619,346.37,0.39,0.36,2021-07-23,2105,N,VIIRS,n,2,316.06,98.03,D,0
40.11728,-121.1644,337.24,0.39,0.36,2021-07-23,2105,N,VIIRS,n,2,298.92,7.55,D,0
40.11776,-121.30682,348.4,0.39,0.36,2021-07-23,2105,N,VIIRS,n,2,307.47,24.72,D,0
40.11792,-121.40171,367,0.39,0.36,2021-07-23,2105,N,VIIRS,h,2,334.75,79.2,D,0
40.11794,-121.15973,340.24,0.39,0.36,2021-07-23,2105,N,VIIRS,n,2,299.04,7.55,D,0
40.11842,-121.30219,356.83,0.39,0.36,2021-07-23,2105,N,VIIRS,n,2,315.87,24.72,D,0
40.11857,-121.3972,349.81,0.39,0.36,2021-07-23,2105,N,VIIRS,n,2,318.71,79.2,D,0
40.11933,-121.41592,345.74,0.39,0.36,2021-07-23,2105,N,VIIRS,n,2,297.97,16.04,D,0
40.11995,-121.41149,367,0.39,0.36,2021-07-23,2105,N,VIIRS,l,2,350.03,115.3,D,0
40.12059,-121.40704,367,0.39,0.36,2021-07-23,2105,N,VIIRS,l,2,365.59,115.3,D,0
40.12108,-121.30763,367,0.39,0.36,2021-07-23,2105,N,VIIRS,h,2,337.43,61.18,D,0
40.12123,-121.40256,347.9,0.39,0.36,2021-07-23,2105,N,VIIRS,n,2,317.57,72.48,D,0
40.12128,-121.16048,342.77,0.39,0.36,2021-07-23,2105,N,VIIRS,n,2,300.24,5.94,D,0
40.12174,-121.30299,354.16,0.39,0.36,2021-07-23,2105,N,VIIRS,n,2,316.71,61.18,D,0
40.12188,-121.39802,355.97,0.39,0.36,2021-07-23,2105,N,VIIRS,n,2,296.58,72.48,D,0
40.12242,-121.32226,348.71,0.39,0.36,2021-07-23,2105,N,VIIRS,n,2,305.63,19.52,D,0
40.12253,-121.39346,344.15,0.39,0.36,2021-07-23,2105,N,VIIRS,n,2,298.16,5.51,D,0
40.12264,-121.41669,338.31,0.39,0.36,2021-07-23,2105,N,VIIRS,n,2,300.83,16.04,D,0
40.12327,-121.41227,367,0.39,0.36,2021-07-23,2105,N,VIIRS,l,2,334.58,115.3,D,0
40.12391,-121.40781,367,0.39,0.36,2021-07-23,2105,N,VIIRS,l,2,334.34,115.3,D,0
40.1244,-121.30841,350.31,0.39,0.36,2021-07-23,2105,N,VIIRS,n,2,312.77,61.18,D,0
40.12454,-121.40335,367,0.39,0.36,2021-07-23,2105,N,VIIRS,h,2,339.24,72.48,D,0
40.12506,-121.30378,348.74,0.39,0.36,2021-07-23,2105,N,VIIRS,n,2,306.14,61.18,D,0
40.12519,-121.3988,355.96,0.39,0.36,2021-07-23,2105,N,VIIRS,n,2,301.64,72.48,D,0
40.12585,-121.39425,344.09,0.39,0.36,2021-07-23,2105,N,VIIRS,n,2,300.16,5.51,D,0
40.12596,-121.41747,333.56,0.39,0.36,2021-07-23,2105,N,VIIRS,n,2,292.63,9.61,D,0
40.1265,-121.38966,338.95,0.39,0.36,2021-07-23,2105,N,VIIRS,n,2,299.04,5.51,D,0
40.12659,-121.41305,367,0.39,0.36,2021-07-23,2105,N,VIIRS,h,2,345.61,49.88,D,0
40.12722,-121.40859,357.36,0.39,0.36,2021-07-23,2105,N,VIIRS,n,2,307.22,49.88,D,0
40.12772,-121.3092,355.87,0.39,0.36,2021-07-23,2105,N,VIIRS,n,2,305.81,21.32,D,0
40.12786,-121.40414,367,0.39,0.36,2021-07-23,2105,N,VIIRS,h,2,307.24,19,D,0
40.12838,-121.30457,352.39,0.39,0.36,2021-07-23,2105,N,VIIRS,n,2,304.77,21.32,D,0
40.12851,-121.39959,367,0.39,0.36,2021-07-23,2105,N,VIIRS,h,2,309.32,19,D,0
40.12917,-121.395,354.19,0.39,0.36,2021-07-23,2105,N,VIIRS,n,2,303.96,16.57,D,0
40.12924,-121.15283,348.07,0.39,0.36,2021-07-23,2105,N,VIIRS,n,2,300.17,5.6,D,0
40.12982,-121.39044,355.92,0.39,0.36,2021-07-23,2105,N,VIIRS,n,2,307.94,16.57,D,0
40.12991,-121.41381,351.38,0.39,0.36,2021-07-23,2105,N,VIIRS,n,2,310.23,49.88,D,0
40.13054,-121.40937,354.24,0.39,0.36,2021-07-23,2105,N,VIIRS,n,2,315.45,49.88,D,0
40.13104,-121.30999,356.8,0.39,0.36,2021-07-23,2105,N,VIIRS,l,2,305.28,21.32,D,0
40.13117,-121.40491,354.83,0.39,0.36,2021-07-23,2105,N,VIIRS,n,2,308.43,19,D,0
40.13183,-121.40035,367,0.39,0.36,2021-07-23,2105,N,VIIRS,l,2,325.84,19,D,0
40.13249,-121.39575,367,0.39,0.36,2021-07-23,2105,N,VIIRS,h,2,315.47,16.57,D,0
40.13256,-121.15369,338.42,0.39,0.36,2021-07-23,2105,N,VIIRS,n,2,300.12,5.6,D,0
40.13303,-121.32006,345.52,0.39,0.36,2021-07-23,2105,N,VIIRS,n,2,315.61,47.45,D,0
40.13314,-121.3912,356.5,0.39,0.36,2021-07-23,2105,N,VIIRS,n,2,304.45,16.57,D,0
40.13319,-121.14919,336.32,0.39,0.36,2021-07-23,2105,N,VIIRS,n,2,300.91,8.61,D,0
40.13322,-121.4146,338.13,0.39,0.36,2021-07-23,2105,N,VIIRS,n,2,292.81,21.78,D,0
40.1337,-121.3154,367,0.39,0.36,2021-07-23,2105,N,VIIRS,h,2,348.2,47.45,D,0
40.1338,-121.38664,352.96,0.39,0.36,2021-07-23,2105,N,VIIRS,n,2,304.38,8.78,D,0
40.13386,-121.41015,348.81,0.39,0.36,2021-07-23,2105,N,VIIRS,n,2,321.09,21.78,D,0
40.13437,-121.31076,367,0.39,0.36,2021-07-23,2105,N,VIIRS,h,2,343.38,94.51,D,0
40.13445,-121.38208,341.23,0.39,0.36,2021-07-23,2105,N,VIIRS,n,2,304.82,8.78,D,0
40.13449,-121.40571,355.65,0.39,0.36,2021-07-23,2105,N,VIIRS,n,2,321.86,25.24,D,0
40.13474,-121.21133,348.23,0.39,0.36,2021-07-23,2105,N,VIIRS,n,2,300.63,8.45,D,0
40.13511,-121.3775,342.43,0.39,0.36,2021-07-23,2105,N,VIIRS,n,2,303.71,9.47,D,0
40.13515,-121.40114,352.61,0.39,0.36,2021-07-23,2105,N,VIIRS,n,2,315.04,25.24,D,0
40.13524,-121.15904,337.8,0.39,0.36,2021-07-23,2105,N,VIIRS,n,2,300.6,8.41,D,0
40.13577,-121.3729,355.04,0.39,0.36,2021-07-23,2105,N,VIIRS,n,2,304.7,9.47,D,0
40.13581,-121.39651,345.88,0.39,0.36,2021-07-23,2105,N,VIIRS,n,2,294.85,12.64,D,0
40.13636,-121.32084,346.36,0.39,0.36,2021-07-23,2105,N,VIIRS,n,2,308.82,47.45,D,0
40.13643,-121.36831,355.55,0.39,0.36,2021-07-23,2105,N,VIIRS,n,2,310.12,77.38,D,0
40.13647,-121.39194,355.67,0.39,0.36,2021-07-23,2105,N,VIIRS,n,2,294.85,12.64,D,0
40.13651,-121.15005,335.5,0.39,0.36,2021-07-23,2105,N,VIIRS,n,2,299.59,7,D,0
40.13702,-121.31619,354.5,0.39,0.36,2021-07-23,2105,N,VIIRS,n,2,311.66,47.45,D,0
40.13712,-121.38741,352.29,0.39,0.36,2021-07-23,2105,N,VIIRS,n,2,300.32,11.96,D,0
40.13718,-121.41093,342.52,0.39,0.36,2021-07-23,2105,N,VIIRS,n,2,294.4,21.78,D,0
40.13733,-121.19301,331.68,0.39,0.36,2021-07-23,2105,N,VIIRS,n,2,297.97,4.94,D,0
40.13769,-121.31155,356.72,0.39,0.36,2021-07-23,2105,N,VIIRS,l,2,308.7,94.51,D,0
40.13774,-121.35917,352.53,0.39,0.36,2021-07-23,2105,N,VIIRS,n,2,310.27,16.92,D,0
40.13778,-121.38284,367,0.39,0.36,2021-07-23,2105,N,VIIRS,h,2,305.51,11.96,D,0
40.13781,-121.40646,343.22,0.39,0.36,2021-07-23,2105,N,VIIRS,n,2,292.7,25.24,D,0
40.13839,-121.35461,342.6,0.39,0.36,2021-07-23,2105,N,VIIRS,n,2,303.33,16.92,D,0
40.13843,-121.37827,356.87,0.39,0.36,2021-07-23,2105,N,VIIRS,n,2,310.22,11.49,D,0
40.13846,-121.40192,347.14,0.39,0.36,2021-07-23,2105,N,VIIRS,n,2,302.47,25.24,D,0
40.13857,-121.15987,345.29,0.39,0.36,2021-07-23,2105,N,VIIRS,n,2,301.41,8.41,D,0
40.13905,-121.35001,339.94,0.39,0.36,2021-07-23,2105,N,VIIRS,n,2,303.17,9.71,D,0
40.13909,-121.37365,350.08,0.39,0.36,2021-07-23,2105,N,VIIRS,n,2,303.63,11.49,D,0
40.13919,-121.1554,339.3,0.39,0.36,2021-07-23,2105,N,VIIRS,n,2,300.05,8.41,D,0
40.13976,-121.36905,354.89,0.39,0.36,2021-07-23,2105,N,VIIRS,n,2,316.02,32.35,D,0
40.13982,-121.15092,332.92,0.39,0.36,2021-07-23,2105,N,VIIRS,n,2,300.31,7,D,0
40.14042,-121.36447,355.6,0.39,0.36,2021-07-23,2105,N,VIIRS,n,2,301.19,32.35,D,0
40.14045,-121.14644,332.52,0.39,0.36,2021-07-23,2105,N,VIIRS,n,2,298.05,7,D,0
40.14065,-121.19379,333.36,0.39,0.36,2021-07-23,2105,N,VIIRS,n,2,297.69,4.94,D,0
40.14107,-121.35991,349.64,0.39,0.36,2021-07-23,2105,N,VIIRS,n,2,300.46,13.73,D,0
40.14172,-121.35535,352.56,0.39,0.36,2021-07-23,2105,N,VIIRS,n,2,310.96,13.73,D,0
40.14176,-121.37897,354.32,0.39,0.36,2021-07-23,2105,N,VIIRS,n,2,297.44,11.49,D,0
40.14237,-121.35077,356.01,0.39,0.36,2021-07-23,2105,N,VIIRS,n,2,320.62,20.33,D,0
40.14243,-121.37436,354.23,0.39,0.36,2021-07-23,2105,N,VIIRS,n,2,300.28,11.49,D,0
40.14252,-121.15623,334,0.39,0.36,2021-07-23,2105,N,VIIRS,n,2,299.88,7.57,D,0
40.14303,-121.34622,348.61,0.39,0.36,2021-07-23,2105,N,VIIRS,n,2,308.35,20.33,D,0
40.14309,-121.36974,351.64,0.39,0.36,2021-07-23,2105,N,VIIRS,n,2,307.6,32.35,D,0
40.14407,-121.21826,337.3,0.39,0.36,2021-07-23,2105,N,VIIRS,n,2,297.97,6.22,D,0
40.14471,-121.21375,343.47,0.39,0.36,2021-07-23,2105,N,VIIRS,n,2,299.57,6.22,D,0
40.14505,-121.35606,347.5,0.39,0.36,2021-07-23,2105,N,VIIRS,n,2,304.42,13.73,D,0
40.1457,-121.35152,367,0.39,0.36,2021-07-23,2105,N,VIIRS,h,2,314.57,20.33,D,0
40.14599,-121.20468,340.24,0.39,0.36,2021-07-23,2105,N,VIIRS,n,2,298.35,6.35,D,0
40.14635,-121.34695,367,0.39,0.36,2021-07-23,2105,N,VIIRS,h,2,309.72,20.33,D,0
40.14642,-121.37049,330.51,0.39,0.36,2021-07-23,2105,N,VIIRS,n,2,294.74,3.76,D,0
40.14665,-121.20004,336.5,0.39,0.36,2021-07-23,2105,N,VIIRS,n,2,298.28,4,D,0
40.147,-121.34241,351.64,0.39,0.36,2021-07-23,2105,N,VIIRS,n,2,301.85,10.28,D,0
40.14766,-121.33782,337.87,0.39,0.36,2021-07-23,2105,N,VIIRS,n,2,298.87,10.28,D,0
40.14825,-121.26155,367,0.39,0.36,2021-07-23,2105,N,VIIRS,h,2,337.06,31.1,D,0
40.14831,-121.33324,346.81,0.39,0.36,2021-07-23,2105,N,VIIRS,n,2,301.38,10.3,D,0
40.14838,-121.3568,354.84,0.39,0.36,2021-07-23,2105,N,VIIRS,n,2,299.57,12.15,D,0
40.14897,-121.32867,342.03,0.39,0.36,2021-07-23,2105,N,VIIRS,n,2,301.17,10.3,D,0
40.14903,-121.35224,342.46,0.39,0.36,2021-07-23,2105,N,VIIRS,n,2,295.45,6.28,D,0
40.14933,-121.20544,331.22,0.39,0.36,2021-07-23,2105,N,VIIRS,n,2,296.27,2.41,D,0
40.14963,-121.32404,345.17,0.39,0.36,2021-07-23,2105,N,VIIRS,n,2,301.85,20.67,D,0
40.1503,-121.31937,349.47,0.39,0.36,2021-07-23,2105,N,VIIRS,n,2,318.53,20.67,D,0
40.15164,-121.31006,367,0.39,0.36,2021-07-23,2105,N,VIIRS,h,2,337.02,153.75,D,0
40.15229,-121.32941,339,0.39,0.36,2021-07-23,2105,N,VIIRS,n,2,297.26,9.18,D,0
40.15296,-121.32481,351.27,0.39,0.36,2021-07-23,2105,N,VIIRS,n,2,304.66,44.5,D,0
40.15629,-121.32555,341.41,0.39,0.36,2021-07-23,2105,N,VIIRS,n,2,300.15,44.5,D,0
40.15998,-121.20307,351.12,0.39,0.36,2021-07-23,2105,N,VIIRS,n,2,300.94,9.71,D,0
40.16132,-121.19369,337.12,0.39,0.36,2021-07-23,2105,N,VIIRS,n,2,296.83,3.43,D,0
40.16331,-121.20388,331.24,0.39,0.36,2021-07-23,2105,N,VIIRS,n,2,298.2,2.81,D,0
40.16398,-121.19918,337.54,0.39,0.36,2021-07-23,2105,N,VIIRS,n,2,298.44,2.81,D,0
40.16401,-121.22318,367,0.39,0.36,2021-07-23,2105,N,VIIRS,h,2,308.98,19.84,D,0
40.17228,-121.27543,367,0.39,0.36,2021-07-23,2105,N,VIIRS,h,2,305.72,77.12,D,0
40.17692,-121.10753,337.64,0.39,0.36,2021-07-23,2105,N,VIIRS,n,2,294.06,8.3,D,0
40.17999,-121.22066,367,0.39,0.36,2021-07-23,2105,N,VIIRS,h,2,327.92,55.66,D,0
40.18269,-121.22593,367,0.39,0.36,2021-07-23,2105,N,VIIRS,h,2,300.64,55.66,D,0
40.18562,-121.1191,335.5,0.39,0.36,2021-07-23,2105,N,VIIRS,n,2,294.94,3.58,D,0
40.18696,-121.14626,345.45,0.39,0.36,2021-07-23,2105,N,VIIRS,n,2,299.38,6.21,D,0
40.18837,-121.16084,336.24,0.39,0.36,2021-07-23,2105,N,VIIRS,n,2,300.16,3.73,D,0
40.19054,-121.19437,342.33,0.39,0.36,2021-07-23,2105,N,VIIRS,n,2,297.68,54.75,D,0
40.19105,-121.16619,334.97,0.39,0.36,2021-07-23,2105,N,VIIRS,n,2,299.54,5.33,D,0
40.1917,-121.16158,331.78,0.39,0.36,2021-07-23,2105,N,VIIRS,n,2,298.36,3.73,D,0
40.19246,-121.18069,331.1,0.39,0.36,2021-07-23,2105,N,VIIRS,n,2,298.84,9.46,D,0
40.19387,-121.19519,347.93,0.39,0.36,2021-07-23,2105,N,VIIRS,n,2,316.54,54.75,D,0
40.19451,-121.19061,353.73,0.39,0.36,2021-07-23,2105,N,VIIRS,n,2,305.16,15.62,D,0
40.19516,-121.18605,350.13,0.39,0.36,2021-07-23,2105,N,VIIRS,n,2,304.14,15.62,D,0
40.19579,-121.18149,353.51,0.39,0.36,2021-07-23,2105,N,VIIRS,n,2,304.38,9.46,D,0
40.19643,-121.1769,346.9,0.39,0.36,2021-07-23,2105,N,VIIRS,n,2,302.1,9.46,D,0
40.20041,-121.17307,341.21,0.39,0.36,2021-07-23,2105,N,VIIRS,n,2,300.39,4.7,D,0
41.4373,-122.24303,308.03,0.6,0.53,2021-07-24,923,N,VIIRS,n,2,285.34,2.43,N,0
41.43792,-122.25237,298.82,0.6,0.53,2021-07-24,923,N,VIIRS,n,2,286.21,2.37,N,0
39.90641,-121.22016,340.97,0.51,0.49,2021-07-24,924,N,VIIRS,n,2,286.45,4.63,N,0
39.90694,-121.22678,326.16,0.51,0.49,2021-07-24,924,N,VIIRS,n,2,284.77,4.05,N,0
39.9075,-121.23363,321.32,0.51,0.49,2021-07-24,924,N,VIIRS,n,2,280.66,4.05,N,0
39.90803,-121.24009,313.36,0.51,0.49,2021-07-24,924,N,VIIRS,n,2,282.79,3.53,N,0
39.90947,-121.20103,321.14,0.51,0.49,2021-07-24,924,N,VIIRS,n,2,286.47,2.5,N,0
39.90992,-121.20656,305.78,0.51,0.49,2021-07-24,924,N,VIIRS,n,2,277.96,2.5,N,0
39.91087,-121.21815,309.12,0.51,0.49,2021-07-24,924,N,VIIRS,n,2,287.61,4.63,N,0
39.9121,-121.23324,307.55,0.51,0.49,2021-07-24,924,N,VIIRS,n,2,283.48,4.05,N,0
39.91269,-121.24052,319.64,0.51,0.49,2021-07-24,924,N,VIIRS,n,2,287.07,3.53,N,0
39.91396,-121.19952,315.32,0.51,0.49,2021-07-24,924,N,VIIRS,n,2,276.7,4.88,N,0
39.91539,-121.21687,307.35,0.51,0.49,2021-07-24,924,N,VIIRS,n,2,283.31,1.95,N,0
39.91665,-121.23228,302.23,0.51,0.49,2021-07-24,924,N,VIIRS,n,2,278.67,4.58,N,0
39.91801,-121.1983,349.43,0.51,0.49,2021-07-24,924,N,VIIRS,n,2,288.21,13.2,N,0
39.91846,-121.19804,338,0.51,0.49,2021-07-24,924,N,VIIRS,n,2,285.81,4.88,N,0
39.91938,-121.21627,315.54,0.51,0.49,2021-07-24,924,N,VIIRS,n,2,283.97,5.56,N,0
39.91994,-121.21598,309.89,0.51,0.49,2021-07-24,924,N,VIIRS,n,2,284.58,1.95,N,0
39.92758,-121.19643,317.2,0.51,0.49,2021-07-24,924,N,VIIRS,n,2,277.37,1.86,N,0
39.94492,-121.18781,308.41,0.51,0.49,2021-07-24,924,N,VIIRS,n,2,278.88,1.43,N,0
39.95399,-121.18559,314.18,0.51,0.49,2021-07-24,924,N,VIIRS,n,2,272.08,3.79,N,0
39.95447,-121.19168,314.49,0.51,0.49,2021-07-24,924,N,VIIRS,n,2,278.46,3.79,N,0
39.95853,-121.18456,323.69,0.51,0.49,2021-07-24,924,N,VIIRS,n,2,284.35,3.79,N,0
39.96449,-121.14328,313.45,0.51,0.49,2021-07-24,924,N,VIIRS,n,2,275.18,1.71,N,0
39.96497,-121.14928,314.81,0.51,0.49,2021-07-24,924,N,VIIRS,n,2,272.38,2.69,N,0
39.97097,-121.10925,306.57,0.5,0.49,2021-07-24,924,N,VIIRS,n,2,279.43,2.53,N,0
39.98371,-121.09603,316.02,0.5,0.49,2021-07-24,924,N,VIIRS,n,2,282.61,3.57,N,0
39.99238,-121.0894,332.62,0.5,0.49,2021-07-24,924,N,VIIRS,n,2,281.11,9.59,N,0
39.99377,-121.10642,314.71,0.5,0.49,2021-07-24,924,N,VIIRS,n,2,283.51,4.43,N,0
39.99839,-121.10674,311.53,0.5,0.49,2021-07-24,924,N,VIIRS,n,2,284.14,4.43,N,0
40.00262,-120.9369,303.7,0.49,0.49,2021-07-24,924,N,VIIRS,n,2,289.01,2.02,N,0
40.00377,-120.93615,334.92,0.49,0.49,2021-07-24,924,N,VIIRS,n,2,290.09,5.65,N,0
40.00426,-120.94247,323.78,0.49,0.49,2021-07-24,924,N,VIIRS,n,2,289.2,12,N,0
40.00575,-121.02886,340.2,0.5,0.49,2021-07-24,924,N,VIIRS,n,2,282.57,11.29,N,0
40.00595,-120.92231,313.55,0.49,0.49,2021-07-24,924,N,VIIRS,n,2,290.28,3.84,N,0
40.00629,-121.03529,320.34,0.5,0.49,2021-07-24,924,N,VIIRS,n,2,285.11,11.29,N,0
40.00652,-120.92906,312.56,0.49,0.49,2021-07-24,924,N,VIIRS,n,2,290.58,3.84,N,0
40.00708,-120.93558,355.76,0.49,0.49,2021-07-24,924,N,VIIRS,n,2,295.01,5.46,N,0
40.00718,-120.92127,324.86,0.49,0.49,2021-07-24,924,N,VIIRS,n,2,291.52,4.41,N,0
40.0076,-120.94185,315.27,0.49,0.49,2021-07-24,924,N,VIIRS,n,2,289.88,5.46,N,0
40.0077,-120.92794,321.23,0.49,0.49,2021-07-24,924,N,VIIRS,n,2,292.01,5.65,N,0
40.00821,-120.93444,344.52,0.49,0.49,2021-07-24,924,N,VIIRS,n,2,293.8,5.65,N,0
40.00865,-120.95419,310.16,0.49,0.49,2021-07-24,924,N,VIIRS,n,2,288.88,4.19,N,0
40.00932,-121.01668,320.36,0.5,0.49,2021-07-24,924,N,VIIRS,n,2,271.84,11.89,N,0
40.00983,-120.91434,328,0.49,0.49,2021-07-24,924,N,VIIRS,n,2,291.18,4.46,N,0
40.00986,-121.02309,352.19,0.5,0.49,2021-07-24,924,N,VIIRS,n,2,289.5,11.89,N,0
40.01003,-121.01609,338.45,0.5,0.49,2021-07-24,924,N,VIIRS,n,2,277.42,17.56,N,0
40.01038,-121.02937,352.88,0.5,0.49,2021-07-24,924,N,VIIRS,n,2,294.97,11.29,N,0
40.0104,-120.92094,337.59,0.49,0.49,2021-07-24,924,N,VIIRS,n,2,295.54,3.84,N,0
40.01052,-121.02258,367,0.5,0.49,2021-07-24,924,N,VIIRS,h,2,291.82,24.42,N,0
40.01094,-120.92737,317.8,0.49,0.49,2021-07-24,924,N,VIIRS,n,2,292.63,3.84,N,0
40.01096,-121.03622,341.08,0.5,0.49,2021-07-24,924,N,VIIRS,n,2,283.94,11.29,N,0
40.01102,-121.02896,351.19,0.5,0.49,2021-07-24,924,N,VIIRS,n,2,292,24.42,N,0
40.01111,-120.91325,326.02,0.49,0.49,2021-07-24,924,N,VIIRS,n,2,291.89,5.24,N,0
40.01148,-120.93369,315.97,0.49,0.49,2021-07-24,924,N,VIIRS,n,2,292.32,5.46,N,0
40.01155,-121.03584,332.9,0.5,0.49,2021-07-24,924,N,VIIRS,n,2,277.69,6.03,N,0
40.01163,-120.91992,339.83,0.49,0.49,2021-07-24,924,N,VIIRS,n,2,295.37,5.24,N,0
40.01202,-120.94,308.11,0.49,0.49,2021-07-24,924,N,VIIRS,n,2,288.16,5.46,N,0
40.01213,-120.92632,317.63,0.49,0.49,2021-07-24,924,N,VIIRS,n,2,292.21,10.25,N,0
40.01371,-120.90633,327.43,0.49,0.49,2021-07-24,924,N,VIIRS,n,2,292.27,7.05,N,0
40.01389,-121.01644,348.26,0.5,0.49,2021-07-24,924,N,VIIRS,n,2,298.09,28.27,N,0
40.0141,-121.00963,323.11,0.5,0.49,2021-07-24,924,N,VIIRS,n,2,270.26,17.56,N,0
40.01427,-120.91287,332.61,0.49,0.49,2021-07-24,924,N,VIIRS,n,2,294.5,7.05,N,0
40.01447,-121.0234,367,0.5,0.49,2021-07-24,924,N,VIIRS,h,2,296.16,28.27,N,0
40.01453,-120.89874,308.68,0.49,0.49,2021-07-24,924,N,VIIRS,n,2,289.84,4.96,N,0
40.01459,-121.01587,341.4,0.5,0.49,2021-07-24,924,N,VIIRS,n,2,293.9,17.56,N,0
40.01484,-120.91954,324.97,0.49,0.49,2021-07-24,924,N,VIIRS,n,2,293.76,3.32,N,0
40.01505,-120.90533,339.16,0.49,0.49,2021-07-24,924,N,VIIRS,n,2,293.61,4.96,N,0
40.01506,-121.03033,324.9,0.5,0.49,2021-07-24,924,N,VIIRS,n,2,277.62,8.27,N,0
40.01513,-121.0229,367,0.5,0.49,2021-07-24,924,N,VIIRS,h,2,298.35,24.42,N,0
40.01536,-120.92575,313.98,0.49,0.49,2021-07-24,924,N,VIIRS,n,2,291.87,3.32,N,0
40.01556,-120.91183,331.07,0.49,0.49,2021-07-24,924,N,VIIRS,n,2,294.7,5.24,N,0
40.01567,-121.02993,321.9,0.5,0.49,2021-07-24,924,N,VIIRS,n,2,278,24.42,N,0
40.0159,-120.93202,315.46,0.49,0.49,2021-07-24,924,N,VIIRS,n,2,291.87,3.08,N,0
40.01608,-120.91846,322.4,0.49,0.49,2021-07-24,924,N,VIIRS,n,2,293.9,5.24,N,0
40.0166,-121.104,326.37,0.5,0.49,2021-07-24,924,N,VIIRS,n,2,280.86,4.75,N,0
40.01676,-121.10357,314.79,0.5,0.49,2021-07-24,924,N,VIIRS,n,2,277.22,1.52,N,0
40.017,-120.89162,309.22,0.49,0.49,2021-07-24,924,N,VIIRS,n,2,289.84,8.52,N,0
40.01703,-120.94527,302.07,0.49,0.49,2021-07-24,924,N,VIIRS,n,2,281.04,2.74,N,0
40.01752,-121.1152,321.63,0.5,0.49,2021-07-24,924,N,VIIRS,n,2,290.52,4.43,N,0
40.0176,-120.89865,349.4,0.49,0.49,2021-07-24,924,N,VIIRS,n,2,296.39,8.52,N,0
40.01797,-121.12061,312.22,0.5,0.49,2021-07-24,924,N,VIIRS,n,2,285.74,4.43,N,0
40.01817,-120.90527,348.22,0.49,0.49,2021-07-24,924,N,VIIRS,n,2,296.7,7.05,N,0
40.01842,-121.126,334.5,0.51,0.49,2021-07-24,924,N,VIIRS,n,2,279.63,6.86,N,0
40.01843,-120.89046,307.3,0.49,0.49,2021-07-24,924,N,VIIRS,n,2,289.42,3.32,N,0
40.01847,-121.12565,344.15,0.51,0.49,2021-07-24,924,N,VIIRS,n,2,282.5,11.91,N,0
40.01847,-121.01644,341.28,0.5,0.49,2021-07-24,924,N,VIIRS,n,2,286.65,28.27,N,0
40.01872,-120.91163,325.41,0.49,0.49,2021-07-24,924,N,VIIRS,n,2,294.23,7.05,N,0
40.01899,-120.89758,352.27,0.49,0.49,2021-07-24,924,N,VIIRS,n,2,297.81,9.8,N,0
40.01912,-121.02407,332.93,0.5,0.49,2021-07-24,924,N,VIIRS,n,2,287.78,28.27,N,0
40.01917,-121.0158,325.7,0.5,0.49,2021-07-24,924,N,VIIRS,n,2,285.54,6.13,N,0
40.01927,-120.91804,310.14,0.49,0.49,2021-07-24,924,N,VIIRS,n,2,291.77,3.32,N,0
40.01952,-120.9043,348.93,0.49,0.49,2021-07-24,924,N,VIIRS,n,2,296.57,9.8,N,0
40.01976,-121.02345,329.55,0.5,0.49,2021-07-24,924,N,VIIRS,n,2,288.11,9.32,N,0
40.02002,-120.91061,326.79,0.49,0.49,2021-07-24,924,N,VIIRS,n,2,294.23,4.95,N,0
40.02032,-120.9304,311.87,0.49,0.49,2021-07-24,924,N,VIIRS,n,2,291.5,3.08,N,0
40.02197,-121.00352,315.35,0.5,0.49,2021-07-24,924,N,VIIRS,n,2,278.59,5.6,N,0
40.02237,-120.88279,303.07,0.49,0.49,2021-07-24,924,N,VIIRS,n,2,288.22,3.32,N,0
40.0225,-121.00977,333.31,0.5,0.49,2021-07-24,924,N,VIIRS,n,2,289.34,5.6,N,0
40.02274,-121.00301,311.33,0.5,0.49,2021-07-24,924,N,VIIRS,n,2,275.22,1.78,N,0
40.02288,-120.88914,340.66,0.49,0.49,2021-07-24,924,N,VIIRS,n,2,291.67,3.32,N,0
40.0231,-121.01687,329,0.5,0.49,2021-07-24,924,N,VIIRS,n,2,291.12,5.45,N,0
40.02324,-121.00932,335.77,0.5,0.49,2021-07-24,924,N,VIIRS,n,2,293.19,6.13,N,0
40.02342,-120.896,337.94,0.49,0.49,2021-07-24,924,N,VIIRS,n,2,295.88,9.8,N,0
40.02378,-121.01637,327.5,0.5,0.49,2021-07-24,924,N,VIIRS,n,2,289.05,6.13,N,0
40.02396,-120.90278,323.02,0.49,0.49,2021-07-24,924,N,VIIRS,n,2,294.01,9.8,N,0
40.02448,-120.90921,321.82,0.49,0.49,2021-07-24,924,N,VIIRS,n,2,292.8,4.95,N,0
40.02497,-120.91545,320.53,0.49,0.49,2021-07-24,924,N,VIIRS,n,2,293.28,4.95,N,0
40.02546,-120.92165,318.97,0.49,0.49,2021-07-24,924,N,VIIRS,n,2,292.85,8.51,N,0
40.02615,-121.10797,327.8,0.5,0.49,2021-07-24,924,N,VIIRS,n,2,289.34,4.79,N,0
40.02627,-121.10734,327.17,0.5,0.49,2021-07-24,924,N,VIIRS,n,2,289.07,6.59,N,0
40.02658,-121.00377,341.66,0.5,0.49,2021-07-24,924,N,VIIRS,n,2,281.18,5.6,N,0
40.02686,-120.99713,330.02,0.5,0.49,2021-07-24,924,N,VIIRS,n,2,270.73,10.03,N,0
40.02715,-121.0106,330.08,0.5,0.49,2021-07-24,924,N,VIIRS,n,2,291.66,5.6,N,0
40.02734,-121.00325,345.56,0.5,0.49,2021-07-24,924,N,VIIRS,n,2,281.87,10.03,N,0
40.02734,-120.88799,351.93,0.49,0.49,2021-07-24,924,N,VIIRS,n,2,295.12,8.72,N,0
40.02775,-121.01761,310.4,0.5,0.49,2021-07-24,924,N,VIIRS,n,2,274.95,5.45,N,0
40.02784,-120.89429,327.6,0.49,0.49,2021-07-24,924,N,VIIRS,n,2,294.11,7,N,0
40.02787,-121.01006,334.58,0.5,0.49,2021-07-24,924,N,VIIRS,n,2,290.04,4.23,N,0
40.02838,-120.90097,325.3,0.49,0.49,2021-07-24,924,N,VIIRS,n,2,294.25,7,N,0
40.02842,-121.01701,314.91,0.5,0.49,2021-07-24,924,N,VIIRS,n,2,275.81,4.23,N,0
40.02891,-120.90767,323.31,0.49,0.49,2021-07-24,924,N,VIIRS,n,2,294.39,3.81,N,0
40.02942,-120.91407,321.86,0.49,0.49,2021-07-24,924,N,VIIRS,n,2,293.74,3.81,N,0
40.0296,-121.03951,310.66,0.5,0.49,2021-07-24,924,N,VIIRS,n,2,278.53,3.88,N,0
40.02991,-120.92025,318.17,0.49,0.49,2021-07-24,924,N,VIIRS,n,2,293.37,8.24,N,0
40.03081,-121.39279,297.42,0.52,0.5,2021-07-24,924,N,VIIRS,n,2,280.88,1.16,N,0
40.03146,-120.99753,345.08,0.5,0.49,2021-07-24,924,N,VIIRS,n,2,280.69,10.03,N,0
40.0318,-120.88685,335.72,0.49,0.49,2021-07-24,924,N,VIIRS,n,2,292.1,8.72,N,0
40.03195,-121.00362,336.75,0.5,0.49,2021-07-24,924,N,VIIRS,n,2,282.46,10.03,N,0
40.03228,-120.89281,350.4,0.49,0.49,2021-07-24,924,N,VIIRS,n,2,297.45,7,N,0
40.03244,-121.00993,319.91,0.5,0.49,2021-07-24,924,N,VIIRS,n,2,282.46,4.23,N,0
40.03281,-120.89939,321.31,0.49,0.49,2021-07-24,924,N,VIIRS,n,2,293.35,7,N,0
40.03291,-121.01588,314.29,0.5,0.49,2021-07-24,924,N,VIIRS,n,2,275.53,4.23,N,0
40.03336,-120.90627,322.64,0.49,0.49,2021-07-24,924,N,VIIRS,n,2,293.94,3.81,N,0
40.03375,-121.02635,310.42,0.5,0.49,2021-07-24,924,N,VIIRS,n,2,273.93,2.28,N,0
40.03389,-120.91291,322.97,0.49,0.49,2021-07-24,924,N,VIIRS,n,2,294.24,3.81,N,0
40.03459,-121.037,316.26,0.5,0.49,2021-07-24,924,N,VIIRS,n,2,281.98,9.5,N,0
40.03502,-121.04248,315.14,0.5,0.49,2021-07-24,924,N,VIIRS,n,2,281.07,7.44,N,0
40.03544,-121.39224,303.26,0.52,0.5,2021-07-24,924,N,VIIRS,n,2,288.06,2.5,N,0
40.03557,-120.93404,313.42,0.49,0.49,2021-07-24,924,N,VIIRS,n,2,289.31,6.24,N,0
40.0359,-121.39802,302.57,0.52,0.5,2021-07-24,924,N,VIIRS,n,2,287.25,3.64,N,0
40.03672,-120.89144,317.57,0.49,0.49,2021-07-24,924,N,VIIRS,n,2,289.95,2.47,N,0
40.03724,-120.89789,316.56,0.49,0.49,2021-07-24,924,N,VIIRS,n,2,291.1,2.47,N,0
40.0378,-120.90482,318,0.49,0.49,2021-07-24,924,N,VIIRS,n,2,292.35,3.55,N,0
40.03821,-121.0247,320.59,0.5,0.49,2021-07-24,924,N,VIIRS,n,2,283.12,3.81,N,0
40.03835,-120.91166,315.43,0.49,0.49,2021-07-24,924,N,VIIRS,n,2,289.51,3.55,N,0
40.03863,-121.03001,315.13,0.5,0.49,2021-07-24,924,N,VIIRS,n,2,283.38,5.53,N,0
40.0389,-120.91851,303.6,0.49,0.49,2021-07-24,924,N,VIIRS,n,2,283.01,2.76,N,0
40.03901,-121.39724,335.64,0.52,0.5,2021-07-24,924,N,VIIRS,n,2,289.88,7.16,N,0
40.03908,-121.03568,317.48,0.5,0.49,2021-07-24,924,N,VIIRS,n,2,284.84,5.53,N,0
40.03947,-121.40346,311.65,0.52,0.5,2021-07-24,924,N,VIIRS,n,2,288.32,2.99,N,0
40.04004,-120.93291,332.63,0.49,0.49,2021-07-24,924,N,VIIRS,n,2,292.77,7.86,N,0
40.0405,-121.39694,338.56,0.52,0.5,2021-07-24,924,N,VIIRS,n,2,291.17,3.64,N,0
40.04057,-120.93941,314.69,0.49,0.49,2021-07-24,924,N,VIIRS,n,2,288.88,7.86,N,0
40.04063,-120.99762,318.53,0.5,0.49,2021-07-24,924,N,VIIRS,n,2,285.66,4.84,N,0
40.041,-121.40322,322.79,0.52,0.5,2021-07-24,924,N,VIIRS,n,2,290.21,3.64,N,0
40.0411,-121.00346,322.64,0.5,0.49,2021-07-24,924,N,VIIRS,n,2,279.28,4.84,N,0
40.04168,-120.89637,318.76,0.49,0.49,2021-07-24,924,N,VIIRS,n,2,289.91,2.47,N,0
40.04193,-121.01395,311.41,0.5,0.49,2021-07-24,924,N,VIIRS,n,2,271.89,2.39,N,0
40.04222,-120.90309,321.74,0.49,0.49,2021-07-24,924,N,VIIRS,n,2,291.51,3.55,N,0
40.04278,-121.02457,319.9,0.5,0.49,2021-07-24,924,N,VIIRS,n,2,279.05,3.81,N,0
40.0428,-120.91023,327.01,0.49,0.49,2021-07-24,924,N,VIIRS,n,2,290.38,3.55,N,0
40.04338,-120.9175,315.26,0.49,0.49,2021-07-24,924,N,VIIRS,n,2,288.87,2.76,N,0
40.04395,-120.92469,317.87,0.49,0.49,2021-07-24,924,N,VIIRS,n,2,290.43,2.76,N,0
40.04404,-121.40197,320.58,0.52,0.5,2021-07-24,924,N,VIIRS,n,2,292.18,2.99,N,0
40.04449,-120.93131,351.72,0.49,0.49,2021-07-24,924,N,VIIRS,n,2,294.66,7.86,N,0
40.04458,-121.4093,316.43,0.52,0.5,2021-07-24,924,N,VIIRS,n,2,289.51,2.99,N,0
40.04509,-120.99606,343.17,0.5,0.49,2021-07-24,924,N,VIIRS,n,2,284.29,11.86,N,0
40.04556,-121.40178,309.65,0.52,0.5,2021-07-24,924,N,VIIRS,n,2,291.39,3.58,N,0
40.04558,-121.00224,343.62,0.5,0.49,2021-07-24,924,N,VIIRS,n,2,280.15,11.86,N,0
40.04615,-121.40909,315.16,0.52,0.5,2021-07-24,924,N,VIIRS,n,2,289.8,2.44,N,0
40.04723,-120.90865,305.28,0.49,0.49,2021-07-24,924,N,VIIRS,n,2,286.62,1.91,N,0
40.04733,-121.02408,314.03,0.5,0.49,2021-07-24,924,N,VIIRS,n,2,274.23,1.58,N,0
40.04775,-121.02938,318.31,0.5,0.49,2021-07-24,924,N,VIIRS,n,2,276.99,3.81,N,0
40.04861,-121.04004,316.85,0.5,0.49,2021-07-24,924,N,VIIRS,n,2,283.17,3.84,N,0
40.04904,-121.04552,309.9,0.5,0.49,2021-07-24,924,N,VIIRS,n,2,276.27,3.84,N,0
40.0491,-120.98893,344.23,0.5,0.49,2021-07-24,924,N,VIIRS,n,2,278.85,5.28,N,0
40.04914,-121.40762,312.6,0.52,0.5,2021-07-24,924,N,VIIRS,n,2,291.58,4.94,N,0
40.04951,-121.10961,316.43,0.51,0.49,2021-07-24,924,N,VIIRS,n,2,290.19,6.81,N,0
40.04956,-120.99464,323.62,0.5,0.49,2021-07-24,924,N,VIIRS,n,2,275.36,11.86,N,0
40.04967,-121.41481,301.09,0.52,0.5,2021-07-24,924,N,VIIRS,n,2,288.61,1.68,N,0
40.05051,-121.00646,345.08,0.5,0.49,2021-07-24,924,N,VIIRS,n,2,274.05,11.62,N,0
40.05069,-121.40733,315.86,0.52,0.5,2021-07-24,924,N,VIIRS,n,2,292.44,2.44,N,0
40.05125,-121.41431,301.42,0.52,0.5,2021-07-24,924,N,VIIRS,n,2,288.49,2.44,N,0
40.05225,-121.02824,319.31,0.5,0.49,2021-07-24,924,N,VIIRS,n,2,277.41,3.81,N,0
40.05268,-121.03359,313.71,0.5,0.49,2021-07-24,924,N,VIIRS,n,2,273.44,3.81,N,0
40.0536,-120.98782,316.8,0.5,0.49,2021-07-24,924,N,VIIRS,n,2,274.36,1.83,N,0
40.05421,-121.41277,308.65,0.52,0.5,2021-07-24,924,N,VIIRS,n,2,290.69,1.68,N,0
40.05452,-120.99931,326.04,0.5,0.49,2021-07-24,924,N,VIIRS,n,2,274.36,8.21,N,0
40.055,-121.00523,367,0.5,0.49,2021-07-24,924,N,VIIRS,h,2,300.73,14.53,N,0
40.0554,-121.01031,316.91,0.5,0.49,2021-07-24,924,N,VIIRS,n,2,271.34,14.53,N,0
40.0558,-121.41264,304.77,0.52,0.5,2021-07-24,924,N,VIIRS,n,2,290.58,2.85,N,0
40.05674,-121.02694,316.13,0.5,0.49,2021-07-24,924,N,VIIRS,n,2,280.29,4.32,N,0
40.05718,-121.03242,318.78,0.5,0.49,2021-07-24,924,N,VIIRS,n,2,285.51,4.32,N,0
40.05848,-121.10638,324.2,0.51,0.49,2021-07-24,924,N,VIIRS,n,2,288.77,4.36,N,0
40.0589,-121.11164,310.99,0.51,0.49,2021-07-24,924,N,VIIRS,n,2,278.51,4.36,N,0
40.0595,-121.00419,339.84,0.5,0.49,2021-07-24,924,N,VIIRS,n,2,291.03,14.53,N,0
40.05992,-121.00947,314.84,0.5,0.49,2021-07-24,924,N,VIIRS,n,2,273.51,14.53,N,0
40.06302,-121.10559,321.9,0.51,0.49,2021-07-24,924,N,VIIRS,n,2,289.3,4.98,N,0
40.06344,-120.99622,320.31,0.5,0.49,2021-07-24,924,N,VIIRS,n,2,281.35,3.37,N,0
40.06396,-121.00275,327.26,0.5,0.49,2021-07-24,924,N,VIIRS,n,2,290.43,4.94,N,0
40.06436,-121.42332,307.05,0.53,0.5,2021-07-24,924,N,VIIRS,n,2,289.66,2.75,N,0
40.06441,-121.00825,323.77,0.5,0.49,2021-07-24,924,N,VIIRS,n,2,284.28,4.94,N,0
40.06524,-121.01851,313.42,0.5,0.49,2021-07-24,924,N,VIIRS,n,2,281.51,4.06,N,0
40.06568,-121.02389,317.83,0.5,0.49,2021-07-24,924,N,VIIRS,n,2,286.63,11.57,N,0
40.06741,-120.98863,309.58,0.5,0.49,2021-07-24,924,N,VIIRS,n,2,279.72,3.37,N,0
40.06792,-120.99496,326.17,0.5,0.49,2021-07-24,924,N,VIIRS,n,2,289.58,3.37,N,0
40.06839,-121.00083,321.82,0.5,0.49,2021-07-24,924,N,VIIRS,n,2,290.39,4.94,N,0
40.06953,-121.42976,302.31,0.53,0.5,2021-07-24,924,N,VIIRS,n,2,289.9,3.71,N,0
40.06971,-121.01696,318.82,0.5,0.49,2021-07-24,924,N,VIIRS,n,2,284.53,4.06,N,0
40.07003,-121.43642,301.18,0.53,0.5,2021-07-24,924,N,VIIRS,n,2,286.93,2.42,N,0
40.07053,-121.44314,304.53,0.53,0.5,2021-07-24,924,N,VIIRS,n,2,289.08,2.42,N,0
40.07084,-121.20499,301.54,0.51,0.49,2021-07-24,924,N,VIIRS,n,2,279.92,1.7,N,0
40.07127,-121.09356,335.33,0.5,0.49,2021-07-24,924,N,VIIRS,n,2,286.84,4.77,N,0
40.07172,-121.09917,314.71,0.5,0.49,2021-07-24,924,N,VIIRS,n,2,282.8,4.77,N,0
40.07188,-120.9873,344.51,0.5,0.49,2021-07-24,924,N,VIIRS,n,2,286.1,8.2,N,0
40.0724,-120.99363,331.87,0.5,0.49,2021-07-24,924,N,VIIRS,n,2,293.15,8.2,N,0
40.07286,-120.99937,321.98,0.5,0.49,2021-07-24,924,N,VIIRS,n,2,291.94,8.52,N,0
40.07417,-121.0154,320.11,0.5,0.49,2021-07-24,924,N,VIIRS,n,2,290.91,6.37,N,0
40.07461,-121.02086,321.33,0.5,0.49,2021-07-24,924,N,VIIRS,n,2,292.23,7.9,N,0
40.07479,-121.19621,307.36,0.51,0.49,2021-07-24,924,N,VIIRS,n,2,276.83,1.7,N,0
40.07533,-121.20309,307.83,0.51,0.49,2021-07-24,924,N,VIIRS,n,2,279.93,1.7,N,0
40.07577,-121.45049,306.03,0.53,0.5,2021-07-24,924,N,VIIRS,n,2,289.02,2.51,N,0
40.07688,-120.99236,334.29,0.5,0.49,2021-07-24,924,N,VIIRS,n,2,291.49,8.2,N,0
40.07734,-120.99805,351.53,0.5,0.49,2021-07-24,924,N,VIIRS,n,2,297.64,8.52,N,0
40.07777,-121.00329,319.95,0.5,0.49,2021-07-24,924,N,VIIRS,n,2,290.87,8.52,N,0
40.07792,-121.41679,308.01,0.52,0.5,2021-07-24,924,N,VIIRS,n,2,291.42,3.17,N,0
40.07837,-121.42272,303.89,0.53,0.5,2021-07-24,924,N,VIIRS,n,2,291.32,3.17,N,0
40.07862,-121.01374,332.03,0.5,0.49,2021-07-24,924,N,VIIRS,n,2,294,6.37,N,0
40.07886,-121.18911,322.33,0.51,0.49,2021-07-24,924,N,VIIRS,n,2,285.28,10.14,N,0
40.07909,-121.01949,331.44,0.5,0.49,2021-07-24,924,N,VIIRS,n,2,292.98,7.9,N,0
40.07928,-121.19451,304.85,0.51,0.49,2021-07-24,924,N,VIIRS,n,2,275.64,2.06,N,0
40.07941,-121.43657,304.09,0.53,0.5,2021-07-24,924,N,VIIRS,n,2,291.99,3.44,N,0
40.07993,-121.44343,309.14,0.53,0.5,2021-07-24,924,N,VIIRS,n,2,291.13,3.44,N,0
40.08182,-120.99682,337.22,0.5,0.49,2021-07-24,924,N,VIIRS,n,2,290.27,5.78,N,0
40.08226,-121.00214,325.01,0.5,0.49,2021-07-24,924,N,VIIRS,n,2,285.4,5.78,N,0
40.08268,-121.00739,306.26,0.5,0.49,2021-07-24,924,N,VIIRS,n,2,276.24,4.08,N,0
40.08313,-121.01279,323.33,0.5,0.49,2021-07-24,924,N,VIIRS,n,2,291.23,4.08,N,0
40.08334,-121.18716,339.94,0.51,0.49,2021-07-24,924,N,VIIRS,n,2,288.49,10.14,N,0
40.0835,-121.07384,325.36,0.5,0.49,2021-07-24,924,N,VIIRS,n,2,290.98,6.42,N,0
40.08356,-121.42945,313.92,0.53,0.5,2021-07-24,924,N,VIIRS,n,2,292.26,3.17,N,0
40.08363,-121.01891,321.91,0.5,0.49,2021-07-24,924,N,VIIRS,n,2,286.96,4.62,N,0
40.08379,-121.19296,301.85,0.51,0.49,2021-07-24,924,N,VIIRS,n,2,281.43,2.06,N,0
40.08381,-121.37156,301.09,0.52,0.5,2021-07-24,924,N,VIIRS,n,2,286.18,1.56,N,0
40.08407,-121.43619,325.76,0.53,0.5,2021-07-24,924,N,VIIRS,n,2,293.93,3.44,N,0
40.08456,-121.44265,329.62,0.53,0.5,2021-07-24,924,N,VIIRS,n,2,292.51,3.44,N,0
40.08505,-121.44911,322.08,0.53,0.5,2021-07-24,924,N,VIIRS,n,2,292.92,5.72,N,0
40.0872,-121.00646,318.24,0.5,0.49,2021-07-24,924,N,VIIRS,n,2,288.51,4.08,N,0
40.08729,-121.41702,308.91,0.52,0.5,2021-07-24,924,N,VIIRS,n,2,291.73,2.24,N,0
40.08765,-121.01208,337.04,0.5,0.49,2021-07-24,924,N,VIIRS,n,2,291.59,4.08,N,0
40.08776,-121.42317,318.03,0.53,0.5,2021-07-24,924,N,VIIRS,n,2,294.72,5.68,N,0
40.08805,-121.07324,313.58,0.5,0.49,2021-07-24,924,N,VIIRS,n,2,284.3,2.49,N,0
40.08817,-121.01839,313.11,0.5,0.49,2021-07-24,924,N,VIIRS,n,2,288.78,4.62,N,0
40.08825,-121.42947,346.12,0.53,0.5,2021-07-24,924,N,VIIRS,n,2,297.82,5.68,N,0
40.08873,-121.43576,339.53,0.53,0.5,2021-07-24,924,N,VIIRS,n,2,293.59,7.12,N,0
40.0892,-121.44193,313.05,0.53,0.5,2021-07-24,924,N,VIIRS,n,2,292.69,7.12,N,0
40.08968,-121.44822,320.08,0.53,0.5,2021-07-24,924,N,VIIRS,n,2,291.45,3.59,N,0
40.09045,-121.27731,301,0.52,0.5,2021-07-24,924,N,VIIRS,n,2,286.45,1.12,N,0
40.09145,-121.41018,303.85,0.52,0.5,2021-07-24,924,N,VIIRS,n,2,289.04,2.24,N,0
40.09194,-121.41657,321.04,0.52,0.5,2021-07-24,924,N,VIIRS,n,2,295.78,2.24,N,0
40.09221,-121.01168,316.18,0.5,0.49,2021-07-24,924,N,VIIRS,n,2,290.61,3.85,N,0
40.09243,-121.42294,315.71,0.53,0.5,2021-07-24,924,N,VIIRS,n,2,294.76,5.68,N,0
40.09271,-121.01777,330.08,0.5,0.49,2021-07-24,924,N,VIIRS,n,2,291.79,4.48,N,0
40.09292,-121.42931,324.24,0.53,0.5,2021-07-24,924,N,VIIRS,n,2,296.23,5.68,N,0
40.09325,-121.02434,325.3,0.5,0.49,2021-07-24,924,N,VIIRS,n,2,291.4,4.48,N,0
40.09338,-121.43534,315.54,0.53,0.5,2021-07-24,924,N,VIIRS,n,2,293.79,7.12,N,0
40.0938,-121.03104,320.97,0.5,0.49,2021-07-24,924,N,VIIRS,n,2,289.48,4.3,N,0
40.09384,-121.44132,343.79,0.53,0.5,2021-07-24,924,N,VIIRS,n,2,293.28,7.12,N,0
40.09427,-121.03688,331.06,0.5,0.49,2021-07-24,924,N,VIIRS,n,2,291.35,4.3,N,0
40.09431,-121.44753,312.79,0.53,0.5,2021-07-24,924,N,VIIRS,n,2,291.04,3.59,N,0
40.09469,-121.04192,328.1,0.5,0.49,2021-07-24,924,N,VIIRS,n,2,291.45,12.27,N,0
40.09657,-121.41587,318.83,0.52,0.5,2021-07-24,924,N,VIIRS,n,2,296.3,3.6,N,0
40.09681,-121.18201,337.86,0.51,0.49,2021-07-24,924,N,VIIRS,n,2,279.6,5.85,N,0
40.09708,-121.4225,316.62,0.53,0.5,2021-07-24,924,N,VIIRS,n,2,294.96,5.41,N,0
40.09726,-121.01723,324.25,0.5,0.49,2021-07-24,924,N,VIIRS,n,2,287.26,4.48,N,0
40.09733,-121.18848,310.34,0.51,0.49,2021-07-24,924,N,VIIRS,n,2,283.29,6.73,N,0
40.09758,-121.42898,325.45,0.53,0.5,2021-07-24,924,N,VIIRS,n,2,294.09,5.41,N,0
40.09777,-121.02355,330.09,0.5,0.49,2021-07-24,924,N,VIIRS,n,2,290.98,4.48,N,0
40.09805,-121.43505,335.71,0.53,0.5,2021-07-24,924,N,VIIRS,n,2,293.16,12.35,N,0
40.09832,-121.03019,304.18,0.5,0.49,2021-07-24,924,N,VIIRS,n,2,281.56,4.3,N,0
40.09852,-121.44118,350.68,0.53,0.5,2021-07-24,924,N,VIIRS,n,2,295.92,12.35,N,0
40.09879,-121.03593,335.86,0.5,0.49,2021-07-24,924,N,VIIRS,n,2,289.72,4.3,N,0
40.09952,-121.33346,313.1,0.52,0.5,2021-07-24,924,N,VIIRS,n,2,288.14,2.56,N,0
40.09997,-121.33919,309.27,0.52,0.5,2021-07-24,924,N,VIIRS,n,2,287.43,2.56,N,0
40.10011,-121.05198,308.09,0.5,0.49,2021-07-24,924,N,VIIRS,n,2,285.08,3.9,N,0
40.1012,-121.41505,306.2,0.52,0.5,2021-07-24,924,N,VIIRS,n,2,293.55,3.6,N,0
40.10141,-121.18166,337.92,0.51,0.49,2021-07-24,924,N,VIIRS,n,2,286.67,5.85,N,0
40.10171,-121.42176,320.17,0.53,0.5,2021-07-24,924,N,VIIRS,n,2,295.64,5.41,N,0
40.10196,-121.18847,316.08,0.51,0.49,2021-07-24,924,N,VIIRS,n,2,288.41,6.73,N,0
40.10221,-121.42833,345.99,0.53,0.5,2021-07-24,924,N,VIIRS,n,2,294.13,5.41,N,0
40.10231,-121.02293,333.91,0.5,0.49,2021-07-24,924,N,VIIRS,n,2,289.68,5.11,N,0
40.10272,-121.43484,326.96,0.53,0.5,2021-07-24,924,N,VIIRS,n,2,288.45,12.35,N,0
40.10526,-121.40707,316.1,0.52,0.5,2021-07-24,924,N,VIIRS,n,2,293.65,3.43,N,0
40.1058,-121.41398,325.7,0.52,0.5,2021-07-24,924,N,VIIRS,n,2,295.84,3.43,N,0
40.10599,-121.2973,301.95,0.52,0.5,2021-07-24,924,N,VIIRS,n,2,286.14,1.22,N,0
40.10633,-121.42086,340.22,0.53,0.5,2021-07-24,924,N,VIIRS,n,2,292.59,5.9,N,0
40.10919,-121.16335,301.44,0.51,0.49,2021-07-24,924,N,VIIRS,n,2,283.2,1.47,N,0
40.10963,-121.16891,314.93,0.51,0.49,2021-07-24,924,N,VIIRS,n,2,286.45,1.47,N,0
40.10983,-121.40563,312.94,0.52,0.5,2021-07-24,924,N,VIIRS,n,2,294.37,3.43,N,0
40.11036,-121.41248,311.95,0.52,0.5,2021-07-24,924,N,VIIRS,n,2,295.92,3.43,N,0
40.11092,-121.41972,318.23,0.53,0.5,2021-07-24,924,N,VIIRS,n,2,293.56,5.9,N,0
40.11197,-121.31403,301.91,0.52,0.5,2021-07-24,924,N,VIIRS,n,2,286.08,0.81,N,0
40.11336,-121.15775,311.19,0.51,0.49,2021-07-24,924,N,VIIRS,n,2,285.29,2.28,N,0
40.11381,-121.16328,333.85,0.51,0.49,2021-07-24,924,N,VIIRS,n,2,289.58,9.16,N,0
40.1143,-121.34343,304.98,0.52,0.5,2021-07-24,924,N,VIIRS,n,2,289.28,2.87,N,0
40.1144,-121.40418,310.08,0.52,0.5,2021-07-24,924,N,VIIRS,n,2,292.18,2.18,N,0
40.11553,-121.41865,311.39,0.53,0.5,2021-07-24,924,N,VIIRS,n,2,292.14,2.12,N,0
40.11615,-121.30786,309.17,0.52,0.5,2021-07-24,924,N,VIIRS,n,2,286.43,6.16,N,0
40.11659,-121.31345,304.31,0.52,0.5,2021-07-24,924,N,VIIRS,n,2,286.59,6.16,N,0
40.11798,-121.15779,310.86,0.51,0.49,2021-07-24,924,N,VIIRS,n,2,288.56,2.28,N,0
40.11847,-121.39631,306.32,0.52,0.5,2021-07-24,924,N,VIIRS,n,2,288.85,1.92,N,0
40.11897,-121.40275,304.67,0.52,0.5,2021-07-24,924,N,VIIRS,n,2,291.29,2.18,N,0
40.11952,-121.40974,307.15,0.52,0.5,2021-07-24,924,N,VIIRS,n,2,293.53,2.18,N,0
40.12014,-121.41765,313.4,0.53,0.5,2021-07-24,924,N,VIIRS,n,2,291.35,2.12,N,0
40.12033,-121.30192,308.76,0.52,0.5,2021-07-24,924,N,VIIRS,n,2,288.93,2.4,N,0
40.12077,-121.30744,328.32,0.52,0.5,2021-07-24,924,N,VIIRS,n,2,292.18,6.16,N,0
40.12121,-121.31296,354.74,0.52,0.5,2021-07-24,924,N,VIIRS,n,2,295.76,6.16,N,0
40.12167,-121.3187,339.98,0.52,0.5,2021-07-24,924,N,VIIRS,n,2,292.39,9.69,N,0
40.12216,-121.32487,320.44,0.52,0.5,2021-07-24,924,N,VIIRS,n,2,289.51,9.69,N,0
40.12309,-121.39558,302.67,0.52,0.5,2021-07-24,924,N,VIIRS,n,2,289.35,1.59,N,0
40.12358,-121.40183,305.67,0.52,0.5,2021-07-24,924,N,VIIRS,n,2,290.29,2.19,N,0
40.12476,-121.41685,308.49,0.53,0.5,2021-07-24,924,N,VIIRS,n,2,290.39,1.31,N,0
40.1254,-121.3071,309.96,0.52,0.5,2021-07-24,924,N,VIIRS,n,2,291.95,4.79,N,0
40.12585,-121.31261,340.35,0.52,0.5,2021-07-24,924,N,VIIRS,n,2,294.57,4.79,N,0
40.12629,-121.31818,331.19,0.52,0.5,2021-07-24,924,N,VIIRS,n,2,291.26,6.32,N,0
40.12677,-121.32416,308.88,0.52,0.5,2021-07-24,924,N,VIIRS,n,2,289.34,6.32,N,0
40.12727,-121.38931,302.33,0.52,0.5,2021-07-24,924,N,VIIRS,n,2,288.67,1.59,N,0
40.12822,-121.40133,304.53,0.52,0.5,2021-07-24,924,N,VIIRS,n,2,290.15,2.19,N,0
40.12939,-121.41613,305.26,0.53,0.5,2021-07-24,924,N,VIIRS,n,2,290.2,1.31,N,0
40.13004,-121.30677,304.84,0.52,0.5,2021-07-24,924,N,VIIRS,n,2,290.64,4.79,N,0
40.13046,-121.14855,304.96,0.51,0.49,2021-07-24,924,N,VIIRS,n,2,288.24,1.63,N,0
40.13048,-121.31233,342.64,0.52,0.5,2021-07-24,924,N,VIIRS,n,2,295.5,4.79,N,0
40.13092,-121.31779,343.18,0.52,0.5,2021-07-24,924,N,VIIRS,n,2,293.61,6.32,N,0
40.1312,-121.14978,311.64,0.51,0.49,2021-07-24,924,N,VIIRS,n,2,288.59,2.4,N,0
40.13242,-121.39522,313.3,0.52,0.5,2021-07-24,924,N,VIIRS,n,2,291.51,7.26,N,0
40.13288,-121.40105,307.52,0.52,0.5,2021-07-24,924,N,VIIRS,n,2,291.56,9.1,N,0
40.13401,-121.41533,318.32,0.53,0.5,2021-07-24,924,N,VIIRS,n,2,290,3.01,N,0
40.13456,-121.42226,314.83,0.53,0.5,2021-07-24,924,N,VIIRS,n,2,287.23,3.01,N,0
40.13513,-121.3121,311.47,0.52,0.5,2021-07-24,924,N,VIIRS,n,2,292.86,4.13,N,0
40.13517,-121.37092,304.01,0.52,0.5,2021-07-24,924,N,VIIRS,n,2,287.92,2.53,N,0
40.13546,-121.15359,304.36,0.51,0.49,2021-07-24,924,N,VIIRS,n,2,287.78,3.03,N,0
40.13556,-121.31754,308.5,0.52,0.5,2021-07-24,924,N,VIIRS,n,2,292.36,3.94,N,0
40.13563,-121.37666,305.35,0.52,0.5,2021-07-24,924,N,VIIRS,n,2,289.21,2.19,N,0
40.13568,-121.14813,300.5,0.51,0.49,2021-07-24,924,N,VIIRS,n,2,285.24,2.4,N,0
40.1361,-121.38262,311.95,0.52,0.5,2021-07-24,924,N,VIIRS,n,2,289.37,2.19,N,0
40.1366,-121.38896,341.93,0.52,0.5,2021-07-24,924,N,VIIRS,n,2,294.95,7.26,N,0
40.13711,-121.39532,342.7,0.52,0.5,2021-07-24,924,N,VIIRS,n,2,298.46,7.26,N,0
40.13755,-121.40088,340.24,0.52,0.5,2021-07-24,924,N,VIIRS,n,2,295.4,9.1,N,0
40.13805,-121.40714,355.91,0.52,0.5,2021-07-24,924,N,VIIRS,n,2,298.01,9.1,N,0
40.13863,-121.41447,304.69,0.53,0.5,2021-07-24,924,N,VIIRS,n,2,288.52,3.01,N,0
40.13885,-121.3585,310.09,0.52,0.5,2021-07-24,924,N,VIIRS,n,2,290.27,2.51,N,0
40.13935,-121.36475,323.24,0.52,0.5,2021-07-24,924,N,VIIRS,n,2,292.42,4.54,N,0
40.13946,-121.14539,332.76,0.51,0.49,2021-07-24,924,N,VIIRS,n,2,287.78,5.28,N,0
40.13984,-121.37093,332.22,0.52,0.5,2021-07-24,924,N,VIIRS,n,2,292.32,4.54,N,0
40.13997,-121.15204,318.07,0.51,0.49,2021-07-24,924,N,VIIRS,n,2,288.18,3.03,N,0
40.14018,-121.1466,343.56,0.51,0.49,2021-07-24,924,N,VIIRS,n,2,288.63,5.66,N,0
40.14032,-121.37683,307.85,0.52,0.5,2021-07-24,924,N,VIIRS,n,2,289.97,3.38,N,0
40.14052,-121.15921,315.91,0.51,0.49,2021-07-24,924,N,VIIRS,n,2,289.12,3.03,N,0
40.14074,-121.15337,306.94,0.51,0.49,2021-07-24,924,N,VIIRS,n,2,288.16,5.66,N,0
40.1408,-121.38291,340.13,0.52,0.5,2021-07-24,924,N,VIIRS,n,2,292.22,3.38,N,0
40.1411,-121.35118,312.7,0.52,0.5,2021-07-24,924,N,VIIRS,n,2,291.59,4.09,N,0
40.1413,-121.38917,335.93,0.52,0.5,2021-07-24,924,N,VIIRS,n,2,291.97,5.15,N,0
40.14134,-121.16061,315.59,0.51,0.49,2021-07-24,924,N,VIIRS,n,2,287.74,3.05,N,0
40.14157,-121.35746,309.58,0.52,0.5,2021-07-24,924,N,VIIRS,n,2,291.59,3.43,N,0
40.14179,-121.39525,319.09,0.52,0.5,2021-07-24,924,N,VIIRS,n,2,290.52,5.15,N,0
40.14205,-121.3639,329.97,0.52,0.5,2021-07-24,924,N,VIIRS,n,2,291.96,3.43,N,0
40.14251,-121.37014,341.93,0.52,0.5,2021-07-24,924,N,VIIRS,n,2,293.33,3.75,N,0
40.14295,-121.3761,311.68,0.52,0.5,2021-07-24,924,N,VIIRS,n,2,289.92,3.75,N,0
40.14303,-121.35234,316.03,0.52,0.5,2021-07-24,924,N,VIIRS,n,2,292.36,2.51,N,0
40.14339,-121.3821,300.15,0.52,0.5,2021-07-24,924,N,VIIRS,n,2,288.98,1.26,N,0
40.14355,-121.35886,306.34,0.52,0.5,2021-07-24,924,N,VIIRS,n,2,291.25,2.51,N,0
40.14399,-121.14406,301.59,0.51,0.49,2021-07-24,924,N,VIIRS,n,2,286.22,0.33,N,0
40.14407,-121.36534,324.71,0.52,0.5,2021-07-24,924,N,VIIRS,n,2,290.61,4.54,N,0
40.14456,-121.37148,324.96,0.52,0.5,2021-07-24,924,N,VIIRS,n,2,291.3,4.54,N,0
40.14482,-121.25935,303.12,0.51,0.5,2021-07-24,924,N,VIIRS,n,2,286.02,1.53,N,0
40.14504,-121.3774,305.5,0.52,0.5,2021-07-24,924,N,VIIRS,n,2,289.16,3.38,N,0
40.14529,-121.3447,331.9,0.52,0.5,2021-07-24,924,N,VIIRS,n,2,291.76,4.09,N,0
40.14558,-121.22542,304.36,0.51,0.5,2021-07-24,924,N,VIIRS,n,2,277.15,1.83,N,0
40.14577,-121.3511,318.7,0.52,0.5,2021-07-24,924,N,VIIRS,n,2,292.3,4.09,N,0
40.14608,-121.23199,314.58,0.51,0.5,2021-07-24,924,N,VIIRS,n,2,286.53,1.83,N,0
40.14618,-121.3335,316.59,0.52,0.5,2021-07-24,924,N,VIIRS,n,2,290.91,4.76,N,0
40.14626,-121.3577,312.39,0.52,0.5,2021-07-24,924,N,VIIRS,n,2,290.93,3.43,N,0
40.14679,-121.22668,310.51,0.51,0.5,2021-07-24,924,N,VIIRS,n,2,281.68,1.6,N,0
40.14692,-121.30454,308.4,0.52,0.5,2021-07-24,924,N,VIIRS,n,2,292.15,3.9,N,0
40.14717,-121.37011,304.68,0.52,0.5,2021-07-24,924,N,VIIRS,n,2,287.54,3.75,N,0
40.14719,-121.34598,343.12,0.52,0.5,2021-07-24,924,N,VIIRS,n,2,293.86,7.29,N,0
40.14733,-121.23315,306.12,0.51,0.5,2021-07-24,924,N,VIIRS,n,2,287.28,3.12,N,0
40.14734,-121.31006,307.06,0.52,0.5,2021-07-24,924,N,VIIRS,n,2,291.88,8.64,N,0
40.14771,-121.35248,317.93,0.52,0.5,2021-07-24,924,N,VIIRS,n,2,291.11,2.47,N,0
40.14824,-121.35894,303.67,0.52,0.5,2021-07-24,924,N,VIIRS,n,2,288.2,2.47,N,0
40.14858,-121.32635,308.71,0.52,0.5,2021-07-24,924,N,VIIRS,n,2,290.43,4.81,N,0
40.14858,-121.30555,323.53,0.52,0.5,2021-07-24,924,N,VIIRS,n,2,294.8,3.88,N,0
40.14902,-121.33228,333.98,0.52,0.5,2021-07-24,924,N,VIIRS,n,2,292.66,4.92,N,0
40.14903,-121.31106,310.08,0.52,0.5,2021-07-24,924,N,VIIRS,n,2,292.33,3.88,N,0
40.1495,-121.33862,325.75,0.52,0.5,2021-07-24,924,N,VIIRS,n,2,290.9,4.92,N,0
40.14991,-121.32184,311.55,0.52,0.5,2021-07-24,924,N,VIIRS,n,2,290.97,4.83,N,0
40.14998,-121.34507,321.24,0.52,0.5,2021-07-24,924,N,VIIRS,n,2,290.72,4.94,N,0
40.15014,-121.2243,303.97,0.51,0.5,2021-07-24,924,N,VIIRS,n,2,279.71,1.32,N,0
40.15035,-121.32734,329.78,0.52,0.5,2021-07-24,924,N,VIIRS,n,2,291.18,4.76,N,0
40.15085,-121.3335,329.97,0.52,0.5,2021-07-24,924,N,VIIRS,n,2,292.38,4.76,N,0
40.15115,-121.29877,310.9,0.52,0.5,2021-07-24,924,N,VIIRS,n,2,291.6,3.9,N,0
40.15134,-121.22552,312.81,0.51,0.5,2021-07-24,924,N,VIIRS,n,2,280.74,1.6,N,0
40.15138,-121.34004,322.82,0.52,0.5,2021-07-24,924,N,VIIRS,n,2,291.18,7.29,N,0
40.15157,-121.30432,339.07,0.52,0.5,2021-07-24,924,N,VIIRS,n,2,299.54,3.9,N,0
40.15199,-121.3098,338.41,0.52,0.5,2021-07-24,924,N,VIIRS,n,2,296.2,8.64,N,0
40.15239,-121.3152,349.17,0.52,0.5,2021-07-24,924,N,VIIRS,n,2,295.36,8.64,N,0
40.15278,-121.29981,322.48,0.52,0.5,2021-07-24,924,N,VIIRS,n,2,293.96,6.1,N,0
40.15281,-121.32058,307.41,0.52,0.5,2021-07-24,924,N,VIIRS,n,2,283.37,4.81,N,0
40.15322,-121.32616,344.36,0.52,0.5,2021-07-24,924,N,VIIRS,n,2,293.23,4.81,N,0
40.15323,-121.30535,343.01,0.52,0.5,2021-07-24,924,N,VIIRS,n,2,299.88,9.59,N,0
40.15368,-121.31081,348.93,0.52,0.5,2021-07-24,924,N,VIIRS,n,2,299.64,9.59,N,0
40.15369,-121.33224,317.21,0.52,0.5,2021-07-24,924,N,VIIRS,n,2,291.17,4.92,N,0
40.15411,-121.31618,344.53,0.52,0.5,2021-07-24,924,N,VIIRS,n,2,289.36,6.8,N,0
40.15455,-121.32159,324.76,0.52,0.5,2021-07-24,924,N,VIIRS,n,2,287.85,6.8,N,0
40.1547,-121.22318,303.75,0.51,0.5,2021-07-24,924,N,VIIRS,n,2,279.7,1.32,N,0
40.15502,-121.32732,342.35,0.52,0.5,2021-07-24,924,N,VIIRS,n,2,293.07,6.02,N,0
40.15578,-121.29852,305.86,0.52,0.5,2021-07-24,924,N,VIIRS,n,2,289.88,3.43,N,0
40.15621,-121.30413,338.82,0.52,0.5,2021-07-24,924,N,VIIRS,n,2,294.96,3.43,N,0
40.15663,-121.30962,330.22,0.52,0.5,2021-07-24,924,N,VIIRS,n,2,292.43,6.68,N,0
40.15704,-121.31502,339.36,0.52,0.5,2021-07-24,924,N,VIIRS,n,2,292.56,6.68,N,0
40.15746,-121.32044,342.11,0.52,0.5,2021-07-24,924,N,VIIRS,n,2,293.29,8.25,N,0
40.1575,-121.19936,308.35,0.51,0.49,2021-07-24,924,N,VIIRS,n,2,283.53,2.16,N,0
40.15788,-121.30518,324.36,0.52,0.5,2021-07-24,924,N,VIIRS,n,2,291.22,9.59,N,0
40.15789,-121.32632,338.51,0.52,0.5,2021-07-24,924,N,VIIRS,n,2,293.38,8.25,N,0
40.15791,-121.2047,302.05,0.51,0.5,2021-07-24,924,N,VIIRS,n,2,279.8,2.16,N,0
40.15877,-121.31607,304.16,0.52,0.5,2021-07-24,924,N,VIIRS,n,2,288.78,6.8,N,0
40.15879,-121.21609,310.81,0.51,0.5,2021-07-24,924,N,VIIRS,n,2,283.38,3.09,N,0
40.15922,-121.32158,334.84,0.52,0.5,2021-07-24,924,N,VIIRS,n,2,293.66,6.8,N,0
40.15926,-121.22225,325.91,0.51,0.5,2021-07-24,924,N,VIIRS,n,2,288.27,5.09,N,0
40.15972,-121.32777,311.23,0.52,0.5,2021-07-24,924,N,VIIRS,n,2,290.2,6.02,N,0
40.16169,-121.19373,304.74,0.51,0.49,2021-07-24,924,N,VIIRS,n,2,287.64,1.61,N,0
40.1622,-121.26065,318.24,0.52,0.5,2021-07-24,924,N,VIIRS,n,2,290.61,4.33,N,0
40.16338,-121.21546,312.5,0.51,0.5,2021-07-24,924,N,VIIRS,n,2,286.55,3.09,N,0
40.16384,-121.22132,318.52,0.51,0.5,2021-07-24,924,N,VIIRS,n,2,290.87,5.09,N,0
40.16675,-121.25923,319.22,0.52,0.5,2021-07-24,924,N,VIIRS,n,2,292.37,4.33,N,0
40.16776,-121.09403,298.45,0.51,0.49,2021-07-24,924,N,VIIRS,n,2,285.94,1.55,N,0
40.16839,-121.2202,311.14,0.51,0.5,2021-07-24,924,N,VIIRS,n,2,284.45,1.63,N,0
40.16867,-121.28436,304.62,0.52,0.5,2021-07-24,924,N,VIIRS,n,2,286.24,1.53,N,0
40.17131,-121.258,343.04,0.52,0.5,2021-07-24,924,N,VIIRS,n,2,291.66,7.96,N,0
40.17177,-121.264,341.96,0.52,0.5,2021-07-24,924,N,VIIRS,n,2,294.06,7.96,N,0
40.17233,-121.09351,317.28,0.51,0.49,2021-07-24,924,N,VIIRS,n,2,287.43,1.55,N,0
40.17273,-121.27653,307.36,0.52,0.5,2021-07-24,924,N,VIIRS,n,2,289.93,3.83,N,0
40.17279,-121.09925,323.35,0.51,0.49,2021-07-24,924,N,VIIRS,n,2,288.02,4.14,N,0
40.17322,-121.28286,317.42,0.52,0.5,2021-07-24,924,N,VIIRS,n,2,291.23,4.92,N,0
40.17322,-121.10472,323.42,0.51,0.49,2021-07-24,924,N,VIIRS,n,2,287.54,4.14,N,0
40.17363,-121.10995,319.6,0.51,0.49,2021-07-24,924,N,VIIRS,n,2,287.21,4.71,N,0
40.17498,-121.24546,306.01,0.51,0.5,2021-07-24,924,N,VIIRS,n,2,280.57,1.74,N,0
40.17637,-121.26336,328.69,0.52,0.5,2021-07-24,924,N,VIIRS,n,2,290.54,7.96,N,0
40.17683,-121.26919,319.71,0.52,0.5,2021-07-24,924,N,VIIRS,n,2,291.87,3.83,N,0
40.1771,-121.21297,301.9,0.51,0.5,2021-07-24,924,N,VIIRS,n,2,278.65,1.5,N,0
40.17728,-121.27509,318.13,0.52,0.5,2021-07-24,924,N,VIIRS,n,2,291,3.83,N,0
40.17807,-121.22535,309.75,0.51,0.5,2021-07-24,924,N,VIIRS,n,2,280.88,2.04,N,0
40.17822,-121.1096,307.93,0.51,0.49,2021-07-24,924,N,VIIRS,n,2,287.76,2.56,N,0
40.17861,-121.23228,304.61,0.51,0.5,2021-07-24,924,N,VIIRS,n,2,284.79,1.94,N,0
40.17866,-121.11507,323.15,0.51,0.49,2021-07-24,924,N,VIIRS,n,2,288.83,2.56,N,0
40.17913,-121.23893,301.46,0.51,0.5,2021-07-24,924,N,VIIRS,n,2,283.72,1.94,N,0
40.17951,-121.18456,321.71,0.51,0.49,2021-07-24,924,N,VIIRS,n,2,288.34,7.62,N,0
40.18001,-121.19093,342.32,0.51,0.49,2021-07-24,924,N,VIIRS,n,2,290.46,7.62,N,0
40.18045,-121.19654,305.93,0.51,0.49,2021-07-24,924,N,VIIRS,n,2,282.43,1.64,N,0
40.18087,-121.20177,303.84,0.51,0.5,2021-07-24,924,N,VIIRS,n,2,284.99,1.64,N,0
40.18129,-121.2071,300.17,0.51,0.5,2021-07-24,924,N,VIIRS,n,2,283.55,1.5,N,0
40.18219,-121.21862,301.49,0.51,0.5,2021-07-24,924,N,VIIRS,n,2,283.49,2.04,N,0
40.18269,-121.22505,321.12,0.51,0.5,2021-07-24,924,N,VIIRS,n,2,288.98,2.04,N,0
40.18322,-121.23191,316.38,0.51,0.5,2021-07-24,924,N,VIIRS,n,2,284.21,1.94,N,0
40.18406,-121.18349,320.78,0.51,0.49,2021-07-24,924,N,VIIRS,n,2,288.22,10.9,N,0
40.18458,-121.19006,367,0.51,0.49,2021-07-24,924,N,VIIRS,h,2,297.75,10.9,N,0
40.18504,-121.19588,367,0.51,0.49,2021-07-24,924,N,VIIRS,h,2,288.07,9.78,N,0
40.18547,-121.20145,309.71,0.51,0.5,2021-07-24,924,N,VIIRS,n,2,285.04,9.78,N,0
40.18709,-121.16313,306.04,0.51,0.49,2021-07-24,924,N,VIIRS,n,2,286.62,1.67,N,0
40.18914,-121.18916,323.4,0.51,0.49,2021-07-24,924,N,VIIRS,n,2,278.36,10.9,N,0
40.18962,-121.19516,344.11,0.51,0.49,2021-07-24,924,N,VIIRS,n,2,284.95,9.78,N,0
40.19008,-121.20103,317.87,0.51,0.5,2021-07-24,924,N,VIIRS,n,2,282.4,9.78,N,0
40.19054,-121.20687,300.58,0.51,0.5,2021-07-24,924,N,VIIRS,n,2,283.31,3.16,N,0
40.19319,-121.18171,303.39,0.51,0.49,2021-07-24,924,N,VIIRS,n,2,281.06,0.65,N,0
40.19419,-121.19438,306.08,0.51,0.49,2021-07-24,924,N,VIIRS,n,2,283.34,2.39,N,0
40.19468,-121.20055,318.36,0.51,0.5,2021-07-24,924,N,VIIRS,n,2,288.3,2.39,N,0
40.19516,-121.20657,310.64,0.51,0.5,2021-07-24,924,N,VIIRS,n,2,286.59,2.91,N,0
40.19975,-121.20606,324.63,0.51,0.5,2021-07-24,924,N,VIIRS,n,2,286.85,2.91,N,0
40.20023,-121.21209,308.91,0.51,0.5,2021-07-24,924,N,VIIRS,n,2,281.76,2.91,N,0
40.20071,-121.21812,324.18,0.51,0.5,2021-07-24,924,N,VIIRS,n,2,287.59,4.71,N,0
40.20119,-121.22419,325.42,0.51,0.5,2021-07-24,924,N,VIIRS,n,2,289.23,4.71,N,0
40.20168,-121.2303,310.07,0.51,0.5,2021-07-24,924,N,VIIRS,n,2,282.99,3.33,N,0
40.20483,-121.21159,318.81,0.51,0.5,2021-07-24,924,N,VIIRS,n,2,289.61,3.75,N,0
40.20532,-121.21767,323.4,0.51,0.5,2021-07-24,924,N,VIIRS,n,2,291.1,4.12,N,0
40.2058,-121.22372,325.8,0.51,0.5,2021-07-24,924,N,VIIRS,n,2,294.34,4.12,N,0
40.20628,-121.22974,318.46,0.51,0.5,2021-07-24,924,N,VIIRS,n,2,292.19,3.49,N,0
40.20676,-121.23579,312.46,0.51,0.5,2021-07-24,924,N,VIIRS,n,2,287.32,3.49,N,0
40.20723,-121.24185,313.41,0.51,0.5,2021-07-24,924,N,VIIRS,n,2,284.73,4.17,N,0
40.20771,-121.24789,341.54,0.52,0.5,2021-07-24,924,N,VIIRS,n,2,287.17,4.17,N,0
40.20818,-121.25385,356.46,0.52,0.5,2021-07-24,924,N,VIIRS,n,2,288.9,21.86,N,0
40.21039,-121.2231,311.58,0.51,0.5,2021-07-24,924,N,VIIRS,n,2,289.29,4.12,N,0
40.21087,-121.22915,314.93,0.51,0.5,2021-07-24,924,N,VIIRS,n,2,290.56,3.49,N,0
40.21183,-121.24119,300.71,0.51,0.5,2021-07-24,924,N,VIIRS,n,2,280.57,4.17,N,0
39.90301,-121.23098,367,0.6,0.71,2021-07-24,1104,N,VIIRS,h,2,289.89,11.28,N,0
39.90498,-121.23721,303.24,0.6,0.71,2021-07-24,1104,N,VIIRS,n,2,287.14,11.28,N,0
39.90529,-121.21561,310.46,0.6,0.71,2021-07-24,1104,N,VIIRS,n,2,287.49,2.67,N,0
39.90757,-121.22282,313.86,0.6,0.71,2021-07-24,1104,N,VIIRS,n,2,288.47,2.67,N,0
39.90929,-121.22826,334.75,0.6,0.71,2021-07-24,1104,N,VIIRS,n,2,289.75,9.44,N,0
39.91085,-121.23318,343.18,0.6,0.71,2021-07-24,1104,N,VIIRS,n,2,289.79,9.44,N,0
39.91089,-121.18805,299.53,0.6,0.71,2021-07-24,1104,N,VIIRS,n,2,286.31,4.02,N,0
39.91241,-121.23811,312.08,0.6,0.71,2021-07-24,1104,N,VIIRS,n,2,287.64,8.1,N,0
39.91262,-121.2162,305.38,0.6,0.71,2021-07-24,1104,N,VIIRS,n,2,288.79,2.67,N,0
39.91407,-121.19816,329.74,0.6,0.71,2021-07-24,1104,N,VIIRS,n,2,290.2,6.36,N,0
39.9171,-121.20776,347.41,0.6,0.71,2021-07-24,1104,N,VIIRS,n,2,290.93,6.36,N,0
39.92091,-121.19716,314.57,0.6,0.71,2021-07-24,1104,N,VIIRS,n,2,288.39,6.36,N,0
39.923,-121.18581,298.45,0.6,0.71,2021-07-24,1104,N,VIIRS,n,2,286.2,3.77,N,0
39.9235,-121.20537,323.13,0.6,0.71,2021-07-24,1104,N,VIIRS,n,2,288.61,6.36,N,0
39.92534,-121.21121,305.88,0.6,0.71,2021-07-24,1104,N,VIIRS,n,2,287.76,9.85,N,0
39.92619,-121.19572,331.85,0.6,0.71,2021-07-24,1104,N,VIIRS,n,2,290.5,3.77,N,0
39.92683,-121.19325,328.08,0.6,0.71,2021-07-24,1104,N,VIIRS,n,2,290.65,3.82,N,0
39.92848,-121.20286,326.14,0.6,0.71,2021-07-24,1104,N,VIIRS,n,2,290.92,4.03,N,0
39.92923,-121.20084,323.6,0.6,0.71,2021-07-24,1104,N,VIIRS,n,2,290.31,3.82,N,0
39.93056,-121.20936,306.62,0.6,0.71,2021-07-24,1104,N,VIIRS,n,2,288.65,4.03,N,0
39.9313,-121.20747,307.67,0.6,0.71,2021-07-24,1104,N,VIIRS,n,2,288.17,4.18,N,0
39.93213,-121.19187,318.9,0.6,0.71,2021-07-24,1104,N,VIIRS,n,2,288.27,3.77,N,0
39.93285,-121.18963,311.44,0.6,0.71,2021-07-24,1104,N,VIIRS,n,2,287.76,3.82,N,0
39.93441,-121.19901,300.43,0.6,0.71,2021-07-24,1104,N,VIIRS,n,2,286.43,4.03,N,0
39.93511,-121.19683,301.24,0.6,0.71,2021-07-24,1104,N,VIIRS,n,2,286.67,3.82,N,0
39.93671,-121.20618,306.47,0.6,0.71,2021-07-24,1104,N,VIIRS,n,2,289.44,4.03,N,0
39.9374,-121.20414,307.59,0.6,0.71,2021-07-24,1104,N,VIIRS,n,2,289.73,4.18,N,0
39.93828,-121.18873,300.2,0.6,0.71,2021-07-24,1104,N,VIIRS,n,2,287.13,14,N,0
39.93914,-121.18691,305.51,0.6,0.71,2021-07-24,1104,N,VIIRS,n,2,286.68,16.12,N,0
39.9405,-121.17329,300.58,0.6,0.71,2021-07-24,1104,N,VIIRS,n,2,285.92,1.92,N,0
39.94051,-121.19569,309.52,0.6,0.71,2021-07-24,1104,N,VIIRS,n,2,288.19,8.84,N,0
39.94132,-121.19386,314.8,0.6,0.71,2021-07-24,1104,N,VIIRS,n,2,288.5,16.12,N,0
39.94144,-121.17149,300.15,0.6,0.71,2021-07-24,1104,N,VIIRS,n,2,285.98,6.4,N,0
39.94266,-121.18003,315.12,0.6,0.71,2021-07-24,1104,N,VIIRS,n,2,285.81,14,N,0
39.94302,-121.20355,304.82,0.6,0.71,2021-07-24,1104,N,VIIRS,n,2,289.26,8.84,N,0
39.94353,-121.17817,313.59,0.6,0.71,2021-07-24,1104,N,VIIRS,n,2,285.96,6.4,N,0
39.94374,-121.2016,305.17,0.6,0.71,2021-07-24,1104,N,VIIRS,n,2,288.91,6.15,N,0
39.94477,-121.18662,367,0.6,0.71,2021-07-24,1104,N,VIIRS,h,2,293.56,14,N,0
39.94563,-121.18484,367,0.6,0.71,2021-07-24,1104,N,VIIRS,h,2,294.7,16.12,N,0
39.94702,-121.19365,333.52,0.6,0.71,2021-07-24,1104,N,VIIRS,n,2,291.99,8.84,N,0
39.94781,-121.1918,341.94,0.6,0.71,2021-07-24,1104,N,VIIRS,n,2,292.39,16.12,N,0
39.94917,-121.17798,305.43,0.6,0.71,2021-07-24,1104,N,VIIRS,n,2,286.46,5.29,N,0
39.94952,-121.20148,306.83,0.6,0.71,2021-07-24,1104,N,VIIRS,n,2,288.72,8.84,N,0
39.95007,-121.17622,301.51,0.6,0.71,2021-07-24,1104,N,VIIRS,n,2,286.1,3.73,N,0
39.95021,-121.19946,310.81,0.6,0.71,2021-07-24,1104,N,VIIRS,n,2,289.05,6.15,N,0
39.95131,-121.18467,349.19,0.6,0.71,2021-07-24,1104,N,VIIRS,n,2,289.73,5.29,N,0
39.95216,-121.18291,321.93,0.6,0.71,2021-07-24,1104,N,VIIRS,n,2,287.99,7.35,N,0
39.95353,-121.19161,328.9,0.6,0.71,2021-07-24,1104,N,VIIRS,n,2,291.65,8.95,N,0
39.9543,-121.18971,330.97,0.6,0.71,2021-07-24,1104,N,VIIRS,n,2,291.85,7.35,N,0
39.95576,-121.1762,299.57,0.6,0.71,2021-07-24,1104,N,VIIRS,n,2,286.28,5.29,N,0
39.95591,-121.1991,308.05,0.6,0.71,2021-07-24,1104,N,VIIRS,n,2,288.74,8.95,N,0
39.95655,-121.19692,310.51,0.6,0.71,2021-07-24,1104,N,VIIRS,n,2,288.99,7.83,N,0
39.95783,-121.18268,319.36,0.6,0.71,2021-07-24,1104,N,VIIRS,n,2,287.57,5.29,N,0
39.95867,-121.18089,313.36,0.6,0.71,2021-07-24,1104,N,VIIRS,n,2,287.37,7.35,N,0
39.95991,-121.18918,345.86,0.6,0.71,2021-07-24,1104,N,VIIRS,n,2,293.85,8.95,N,0
39.96018,-121.14511,324.2,0.6,0.71,2021-07-24,1104,N,VIIRS,n,2,287.64,5.18,N,0
39.96069,-121.18729,347.73,0.6,0.71,2021-07-24,1104,N,VIIRS,n,2,293.7,7.35,N,0
39.96097,-121.14249,324.03,0.61,0.71,2021-07-24,1104,N,VIIRS,n,2,287.94,4.83,N,0
39.96138,-121.12637,301.43,0.61,0.71,2021-07-24,1104,N,VIIRS,n,2,287.57,3.03,N,0
39.96209,-121.19601,332.24,0.6,0.71,2021-07-24,1104,N,VIIRS,n,2,290.39,8.95,N,0
39.96244,-121.15219,310.14,0.6,0.71,2021-07-24,1104,N,VIIRS,n,2,287.92,3.47,N,0
39.96275,-121.19392,340.06,0.6,0.71,2021-07-24,1104,N,VIIRS,n,2,291.33,7.83,N,0
39.9632,-121.14962,317.12,0.6,0.71,2021-07-24,1104,N,VIIRS,n,2,288.66,4.83,N,0
39.96382,-121.134,330.92,0.61,0.71,2021-07-24,1104,N,VIIRS,n,2,288.24,6.42,N,0
39.96399,-121.17955,315.41,0.6,0.71,2021-07-24,1104,N,VIIRS,n,2,286.95,8.59,N,0
39.96468,-121.17725,306.65,0.6,0.71,2021-07-24,1104,N,VIIRS,n,2,286.88,8.09,N,0
39.96485,-121.15976,305.71,0.6,0.71,2021-07-24,1104,N,VIIRS,n,2,287.9,3.47,N,0
39.96489,-121.20074,303.99,0.6,0.71,2021-07-24,1104,N,VIIRS,n,2,287.41,7.83,N,0
39.96528,-121.1563,305.84,0.6,0.71,2021-07-24,1104,N,VIIRS,n,2,287.57,4.61,N,0
39.96598,-121.18578,355.46,0.6,0.71,2021-07-24,1104,N,VIIRS,n,2,293.1,11.87,N,0
39.96615,-121.14134,338.01,0.6,0.71,2021-07-24,1104,N,VIIRS,n,2,291.75,6.42,N,0
39.96658,-121.18332,352.97,0.6,0.71,2021-07-24,1104,N,VIIRS,n,2,292.24,8.09,N,0
39.96713,-121.09931,300.69,0.61,0.71,2021-07-24,1104,N,VIIRS,n,2,288.22,2.09,N,0
39.96738,-121.12268,301.16,0.61,0.71,2021-07-24,1104,N,VIIRS,n,2,287.8,3.03,N,0
39.96797,-121.19202,328.81,0.6,0.71,2021-07-24,1104,N,VIIRS,n,2,291.56,11.87,N,0
39.9682,-121.14776,304.08,0.6,0.71,2021-07-24,1104,N,VIIRS,n,2,287.85,5.95,N,0
39.96866,-121.18999,324.57,0.6,0.71,2021-07-24,1104,N,VIIRS,n,2,290.99,6.74,N,0
39.96993,-121.19817,304.15,0.6,0.71,2021-07-24,1104,N,VIIRS,n,2,287.72,4.25,N,0
39.96997,-121.10823,306.51,0.61,0.71,2021-07-24,1104,N,VIIRS,n,2,289.07,2.88,N,0
39.96999,-121.13087,320.69,0.61,0.71,2021-07-24,1104,N,VIIRS,n,2,288.44,6.42,N,0
39.97054,-121.196,305.21,0.6,0.71,2021-07-24,1104,N,VIIRS,n,2,287.74,6.74,N,0
39.97292,-121.09492,300.96,0.61,0.71,2021-07-24,1104,N,VIIRS,n,2,288.17,2.09,N,0
39.97549,-121.103,313.98,0.61,0.71,2021-07-24,1104,N,VIIRS,n,2,288.87,2.88,N,0
39.97781,-121.11034,303.84,0.61,0.71,2021-07-24,1104,N,VIIRS,n,2,288.76,2.88,N,0
39.97934,-121.09253,304.79,0.61,0.71,2021-07-24,1104,N,VIIRS,n,2,288.1,3.71,N,0
39.98168,-121.09991,312.63,0.61,0.71,2021-07-24,1104,N,VIIRS,n,2,288.9,3.3,N,0
39.98361,-121.08334,302.59,0.61,0.71,2021-07-24,1104,N,VIIRS,n,2,287.4,3.71,N,0
39.98402,-121.10728,302.81,0.61,0.71,2021-07-24,1104,N,VIIRS,n,2,288.35,3.3,N,0
39.98593,-121.09066,334.99,0.61,0.71,2021-07-24,1104,N,VIIRS,n,2,289.35,3.71,N,0
39.9882,-121.09782,310.84,0.61,0.71,2021-07-24,1104,N,VIIRS,n,2,288.85,3.3,N,0
39.99031,-121.10447,304.52,0.61,0.71,2021-07-24,1104,N,VIIRS,n,2,288.27,3.3,N,0
39.99145,-121.08543,315.76,0.61,0.71,2021-07-24,1104,N,VIIRS,n,2,287.84,5.03,N,0
39.99266,-121.1119,303.33,0.61,0.71,2021-07-24,1104,N,VIIRS,n,2,287.97,3.39,N,0
39.99378,-121.0928,311.19,0.61,0.71,2021-07-24,1104,N,VIIRS,n,2,288.66,2.86,N,0
39.99598,-121.09975,304.84,0.61,0.71,2021-07-24,1104,N,VIIRS,n,2,288.19,2.86,N,0
39.998,-121.10612,306.81,0.61,0.71,2021-07-24,1104,N,VIIRS,n,2,288.21,4.87,N,0
39.99854,-121.08513,302.92,0.61,0.71,2021-07-24,1104,N,VIIRS,n,2,288.78,2.86,N,0
40.0009,-120.93846,302.6,0.61,0.71,2021-07-24,1104,N,VIIRS,n,2,286.96,2.57,N,0
40.0012,-120.93394,298.23,0.62,0.71,2021-07-24,1104,N,VIIRS,n,2,286.8,2.75,N,0
40.0013,-121.00285,300.25,0.61,0.71,2021-07-24,1104,N,VIIRS,n,2,287.85,2.58,N,0
40.00204,-121.00945,303.35,0.61,0.71,2021-07-24,1104,N,VIIRS,n,2,287.84,3.32,N,0
40.00241,-121.02919,303.38,0.61,0.71,2021-07-24,1104,N,VIIRS,n,2,288.11,9.19,N,0
40.00279,-120.94434,300.19,0.61,0.71,2021-07-24,1104,N,VIIRS,n,2,286.98,2.57,N,0
40.00306,-120.93983,326.53,0.62,0.71,2021-07-24,1104,N,VIIRS,n,2,288.38,2.75,N,0
40.00364,-120.92447,315.97,0.62,0.71,2021-07-24,1104,N,VIIRS,n,2,288.31,3.16,N,0
40.00408,-121.01168,309.38,0.61,0.71,2021-07-24,1104,N,VIIRS,n,2,288.34,2.58,N,0
40.00422,-120.92062,316.06,0.62,0.71,2021-07-24,1104,N,VIIRS,n,2,288.5,3.11,N,0
40.00429,-121.01644,313.22,0.61,0.71,2021-07-24,1104,N,VIIRS,n,2,288.38,3.32,N,0
40.00434,-121.03531,304.69,0.61,0.71,2021-07-24,1104,N,VIIRS,n,2,288.13,12.41,N,0
40.00503,-120.94607,299.41,0.61,0.71,2021-07-24,1104,N,VIIRS,n,2,287.5,5.15,N,0
40.00547,-121.08434,302.7,0.61,0.71,2021-07-24,1104,N,VIIRS,n,2,288.5,2.12,N,0
40.00548,-120.93018,302.32,0.62,0.71,2021-07-24,1104,N,VIIRS,n,2,287.74,3.16,N,0
40.00603,-121.08898,306.6,0.6,0.71,2021-07-24,1104,N,VIIRS,n,2,289.24,3.13,N,0
40.00606,-120.92646,309.24,0.62,0.71,2021-07-24,1104,N,VIIRS,n,2,288.65,3.11,N,0
40.0061,-121.0181,330.38,0.61,0.71,2021-07-24,1104,N,VIIRS,n,2,288.9,9.19,N,0
40.00611,-121.04091,301.6,0.61,0.71,2021-07-24,1104,N,VIIRS,n,2,287.81,12.41,N,0
40.0063,-121.02269,330.78,0.61,0.71,2021-07-24,1104,N,VIIRS,n,2,288.92,11.25,N,0
40.00663,-120.91122,299.66,0.62,0.71,2021-07-24,1104,N,VIIRS,n,2,287.29,3.27,N,0
40.00703,-120.99819,304.03,0.61,0.71,2021-07-24,1104,N,VIIRS,n,2,288.22,4.99,N,0
40.00739,-121.0904,307.2,0.61,0.71,2021-07-24,1104,N,VIIRS,n,2,289.25,2.14,N,0
40.00754,-120.9366,329.04,0.61,0.71,2021-07-24,1104,N,VIIRS,n,2,289.64,2.57,N,0
40.00773,-121.0047,309.68,0.61,0.71,2021-07-24,1104,N,VIIRS,n,2,288.27,7.31,N,0
40.00783,-121.0946,306.88,0.6,0.71,2021-07-24,1104,N,VIIRS,n,2,289.27,4.13,N,0
40.00797,-120.9325,311.02,0.62,0.71,2021-07-24,1104,N,VIIRS,n,2,288.76,2.75,N,0
40.00801,-121.02413,349.78,0.61,0.71,2021-07-24,1104,N,VIIRS,n,2,290.89,9.19,N,0
40.00821,-121.02862,337.44,0.61,0.71,2021-07-24,1104,N,VIIRS,n,2,290.49,11.25,N,0
40.00865,-120.91753,319.93,0.62,0.71,2021-07-24,1104,N,VIIRS,n,2,289.55,3.27,N,0
40.00922,-121.09617,304.53,0.6,0.71,2021-07-24,1104,N,VIIRS,n,2,288.84,2.14,N,0
40.00975,-120.94348,304.29,0.61,0.71,2021-07-24,1104,N,VIIRS,n,2,288.32,2.57,N,0
40.00984,-121.02991,337.33,0.61,0.71,2021-07-24,1104,N,VIIRS,n,2,290.5,12.41,N,0
40.00985,-121.03372,340.11,0.61,0.71,2021-07-24,1104,N,VIIRS,n,2,290.44,28,N,0
40.00985,-121.00714,315.98,0.61,0.71,2021-07-24,1104,N,VIIRS,n,2,288.75,4.99,N,0
40.01006,-120.93916,308.56,0.62,0.71,2021-07-24,1104,N,VIIRS,n,2,288.81,2.75,N,0
40.01033,-121.01279,339.27,0.61,0.71,2021-07-24,1104,N,VIIRS,n,2,290.32,7.31,N,0
40.01059,-120.92358,314.83,0.62,0.71,2021-07-24,1104,N,VIIRS,n,2,289.7,2.79,N,0
40.0107,-120.98699,302.1,0.61,0.71,2021-07-24,1104,N,VIIRS,n,2,288.13,3.85,N,0
40.01107,-120.99265,307.58,0.61,0.71,2021-07-24,1104,N,VIIRS,n,2,288.28,5.9,N,0
40.01135,-121.03471,356.4,0.61,0.71,2021-07-24,1104,N,VIIRS,n,2,291.05,12.41,N,0
40.01145,-121.03871,367,0.61,0.71,2021-07-24,1104,N,VIIRS,h,2,293.19,28,N,0
40.01173,-120.90454,310.74,0.62,0.71,2021-07-24,1104,N,VIIRS,n,2,288.86,3.99,N,0
40.0121,-121.01832,367,0.61,0.71,2021-07-24,1104,N,VIIRS,h,2,295.78,14.6,N,0
40.01211,-121.01434,367,0.61,0.71,2021-07-24,1104,N,VIIRS,h,2,293.84,13.2,N,0
40.01268,-120.9301,306.3,0.62,0.71,2021-07-24,1104,N,VIIRS,n,2,288.55,2.79,N,0
40.01293,-121.03971,367,0.61,0.71,2021-07-24,1104,N,VIIRS,h,2,292.64,25.53,N,0
40.01324,-121.04428,331.25,0.61,0.71,2021-07-24,1104,N,VIIRS,n,2,289.07,32.18,N,0
40.01326,-120.99511,322.99,0.61,0.71,2021-07-24,1104,N,VIIRS,n,2,289.16,4.99,N,0
40.01365,-120.91055,318.23,0.62,0.71,2021-07-24,1104,N,VIIRS,n,2,290.52,3.27,N,0
40.01366,-121.00072,320.83,0.61,0.71,2021-07-24,1104,N,VIIRS,n,2,289.43,7.31,N,0
40.01374,-121.02342,344.22,0.61,0.71,2021-07-24,1104,N,VIIRS,n,2,291.66,14.6,N,0
40.01376,-121.01955,367,0.61,0.71,2021-07-24,1104,N,VIIRS,h,2,294.13,13.2,N,0
40.01479,-121.04559,308.22,0.61,0.71,2021-07-24,1104,N,VIIRS,n,2,288.81,25.53,N,0
40.01492,-120.89194,303.49,0.62,0.71,2021-07-24,1104,N,VIIRS,n,2,287.95,3.43,N,0
40.01529,-121.02824,328.3,0.61,0.71,2021-07-24,1104,N,VIIRS,n,2,290.02,6.24,N,0
40.0153,-121.02444,327.73,0.61,0.71,2021-07-24,1104,N,VIIRS,n,2,290.59,7.38,N,0
40.01554,-120.91642,314.46,0.62,0.71,2021-07-24,1104,N,VIIRS,n,2,290.26,3.27,N,0
40.01578,-121.00311,320.2,0.61,0.71,2021-07-24,1104,N,VIIRS,n,2,290.2,4.99,N,0
40.01618,-121.00856,321.89,0.61,0.71,2021-07-24,1104,N,VIIRS,n,2,290.14,7.31,N,0
40.01627,-121.11855,304.41,0.6,0.71,2021-07-24,1104,N,VIIRS,n,2,288.77,3.57,N,0
40.01661,-120.89718,334.14,0.62,0.71,2021-07-24,1104,N,VIIRS,n,2,290.44,7.5,N,0
40.01677,-121.02907,332.45,0.61,0.71,2021-07-24,1104,N,VIIRS,n,2,290.42,7.38,N,0
40.0168,-121.03294,336.86,0.61,0.71,2021-07-24,1104,N,VIIRS,n,2,290.32,6.24,N,0
40.01712,-120.98449,300.91,0.61,0.71,2021-07-24,1104,N,VIIRS,n,2,288.18,2.25,N,0
40.0172,-121.12368,315.44,0.6,0.71,2021-07-24,1104,N,VIIRS,n,2,289.04,3.77,N,0
40.01742,-120.98993,308.14,0.61,0.71,2021-07-24,1104,N,VIIRS,n,2,288.38,3.87,N,0
40.01758,-120.92281,306.34,0.62,0.71,2021-07-24,1104,N,VIIRS,n,2,289.64,2.79,N,0
40.01807,-121.01039,318.4,0.61,0.71,2021-07-24,1104,N,VIIRS,n,2,290.52,13.2,N,0
40.0181,-121.01455,320.12,0.61,0.71,2021-07-24,1104,N,VIIRS,n,2,290.57,14.6,N,0
40.01832,-121.03397,325.64,0.61,0.71,2021-07-24,1104,N,VIIRS,n,2,289.41,6.29,N,0
40.01839,-120.90275,337.75,0.62,0.71,2021-07-24,1104,N,VIIRS,n,2,291.77,7.5,N,0
40.01849,-121.12555,333.69,0.6,0.71,2021-07-24,1104,N,VIIRS,n,2,289.9,3.57,N,0
40.01852,-121.0383,310.82,0.61,0.71,2021-07-24,1104,N,VIIRS,n,2,288.65,8.65,N,0
40.01934,-121.13035,321.48,0.6,0.71,2021-07-24,1104,N,VIIRS,n,2,289.2,3.77,N,0
40.01951,-120.9921,313.17,0.61,0.71,2021-07-24,1104,N,VIIRS,n,2,288.99,6.73,N,0
40.01954,-121.10865,302.21,0.6,0.71,2021-07-24,1104,N,VIIRS,n,2,288.72,4.34,N,0
40.01958,-121.01912,311.53,0.61,0.71,2021-07-24,1104,N,VIIRS,n,2,289.54,14.6,N,0
40.01971,-121.01559,313.19,0.61,0.71,2021-07-24,1104,N,VIIRS,n,2,290.1,13.2,N,0
40.01976,-120.92959,308.95,0.62,0.71,2021-07-24,1104,N,VIIRS,n,2,288.86,2.79,N,0
40.01983,-120.99744,326.22,0.61,0.71,2021-07-24,1104,N,VIIRS,n,2,290.88,8.05,N,0
40.01986,-120.88474,299.98,0.62,0.71,2021-07-24,1104,N,VIIRS,n,2,286.9,3.43,N,0
40.02018,-121.03989,301.53,0.61,0.71,2021-07-24,1104,N,VIIRS,n,2,288.45,6.29,N,0
40.02035,-120.90886,315.08,0.62,0.71,2021-07-24,1104,N,VIIRS,n,2,290.29,3.78,N,0
40.021,-121.02357,309.58,0.61,0.71,2021-07-24,1104,N,VIIRS,n,2,289.37,6.24,N,0
40.02102,-121.11086,307.33,0.6,0.71,2021-07-24,1104,N,VIIRS,n,2,288.87,3.57,N,0
40.02114,-121.02012,307.31,0.61,0.71,2021-07-24,1104,N,VIIRS,n,2,289,7.38,N,0
40.02168,-120.8904,328.13,0.62,0.71,2021-07-24,1104,N,VIIRS,n,2,289.55,3.43,N,0
40.02172,-121.11544,307.88,0.6,0.71,2021-07-24,1104,N,VIIRS,n,2,289.08,3.77,N,0
40.02177,-120.99928,316.46,0.61,0.71,2021-07-24,1104,N,VIIRS,n,2,290.09,6.73,N,0
40.02212,-121.00458,312.39,0.61,0.71,2021-07-24,1104,N,VIIRS,n,2,290.14,8.05,N,0
40.02242,-120.91533,305.42,0.62,0.71,2021-07-24,1104,N,VIIRS,n,2,289.38,3.78,N,0
40.02262,-121.0286,307.44,0.61,0.71,2021-07-24,1104,N,VIIRS,n,2,289.29,6.24,N,0
40.02264,-121.02487,305.96,0.61,0.71,2021-07-24,1104,N,VIIRS,n,2,289.25,7.38,N,0
40.02322,-120.98103,303.64,0.61,0.71,2021-07-24,1104,N,VIIRS,n,2,288.07,2.25,N,0
40.02345,-120.89596,325.14,0.62,0.71,2021-07-24,1104,N,VIIRS,n,2,291.26,7.5,N,0
40.02351,-120.9864,308.43,0.61,0.71,2021-07-24,1104,N,VIIRS,n,2,288.42,3.87,N,0
40.02377,-121.00567,313.54,0.61,0.71,2021-07-24,1104,N,VIIRS,n,2,290.02,10.23,N,0
40.02381,-121.00985,311.01,0.61,0.71,2021-07-24,1104,N,VIIRS,n,2,289.51,7.1,N,0
40.02456,-120.92201,302.87,0.62,0.71,2021-07-24,1104,N,VIIRS,n,2,288.86,3.02,N,0
40.02532,-120.90178,310.72,0.62,0.71,2021-07-24,1104,N,VIIRS,n,2,290.24,7.5,N,0
40.02533,-121.01457,305.76,0.61,0.71,2021-07-24,1104,N,VIIRS,n,2,288.86,7.1,N,0
40.02536,-121.0107,309.17,0.61,0.71,2021-07-24,1104,N,VIIRS,n,2,289.21,10.23,N,0
40.02541,-120.98798,315.3,0.61,0.71,2021-07-24,1104,N,VIIRS,n,2,288.5,6.73,N,0
40.02562,-120.99299,327.62,0.61,0.71,2021-07-24,1104,N,VIIRS,n,2,289.74,8.05,N,0
40.02613,-120.8817,299.78,0.62,0.71,2021-07-24,1104,N,VIIRS,n,2,286.84,2.84,N,0
40.02645,-121.10779,308.69,0.6,0.71,2021-07-24,1104,N,VIIRS,n,2,289.06,2.1,N,0
40.02648,-120.9506,318.17,0.61,0.71,2021-07-24,1104,N,VIIRS,n,2,289.38,5.99,N,0
40.02684,-121.01538,308.49,0.61,0.71,2021-07-24,1104,N,VIIRS,n,2,289.04,4.48,N,0
40.02727,-120.90788,309.54,0.62,0.71,2021-07-24,1104,N,VIIRS,n,2,290.42,3.78,N,0
40.02744,-120.99442,341.5,0.61,0.71,2021-07-24,1104,N,VIIRS,n,2,290.73,6.73,N,0
40.02765,-120.99933,347.72,0.61,0.71,2021-07-24,1104,N,VIIRS,n,2,291.63,8.05,N,0
40.02789,-121.10996,310.83,0.6,0.71,2021-07-24,1104,N,VIIRS,n,2,289.03,3.19,N,0
40.02813,-120.95573,325.54,0.61,0.71,2021-07-24,1104,N,VIIRS,n,2,289.64,7.87,N,0
40.02845,-120.88897,316.29,0.62,0.71,2021-07-24,1104,N,VIIRS,n,2,289.55,2.84,N,0
40.02916,-120.98151,303.83,0.61,0.71,2021-07-24,1104,N,VIIRS,n,2,288.12,3.78,N,0
40.0293,-120.91422,309.09,0.62,0.71,2021-07-24,1104,N,VIIRS,n,2,290.08,3.78,N,0
40.02933,-121.00043,356.41,0.61,0.71,2021-07-24,1104,N,VIIRS,n,2,292.26,10.23,N,0
40.02943,-121.00489,333.68,0.61,0.71,2021-07-24,1104,N,VIIRS,n,2,290.5,7.1,N,0
40.03054,-120.89548,308.26,0.62,0.71,2021-07-24,1104,N,VIIRS,n,2,289.7,3,N,0
40.03106,-121.00595,326.21,0.61,0.71,2021-07-24,1104,N,VIIRS,n,2,289.91,10.23,N,0
40.03111,-121.01013,332.3,0.61,0.71,2021-07-24,1104,N,VIIRS,n,2,290.47,7.1,N,0
40.03111,-120.98761,310.78,0.61,0.71,2021-07-24,1104,N,VIIRS,n,2,288.45,4.79,N,0
40.03131,-120.92055,301.17,0.62,0.71,2021-07-24,1104,N,VIIRS,n,2,289.36,3.02,N,0
40.03163,-121.10155,305.46,0.6,0.71,2021-07-24,1104,N,VIIRS,n,2,288.87,2.1,N,0
40.03235,-120.90115,309.04,0.62,0.71,2021-07-24,1104,N,VIIRS,n,2,289.69,3,N,0
40.03291,-120.99323,339.45,0.61,0.71,2021-07-24,1104,N,VIIRS,n,2,290.12,4.79,N,0
40.03292,-121.10319,302.41,0.6,0.71,2021-07-24,1104,N,VIIRS,n,2,288.5,3.58,N,0
40.03297,-121.01201,319.03,0.61,0.71,2021-07-24,1104,N,VIIRS,n,2,289.02,4.48,N,0
40.03333,-121.01709,304.49,0.61,0.71,2021-07-24,1104,N,VIIRS,n,2,288.77,8.72,N,0
40.03414,-120.90672,311.03,0.62,0.71,2021-07-24,1104,N,VIIRS,n,2,289.8,4.39,N,0
40.03474,-120.99895,313.02,0.61,0.71,2021-07-24,1104,N,VIIRS,n,2,288.55,8.36,N,0
40.03598,-120.91251,308.7,0.62,0.71,2021-07-24,1104,N,VIIRS,n,2,290.03,4.39,N,0
40.03605,-121.02184,302.9,0.61,0.71,2021-07-24,1104,N,VIIRS,n,2,288.81,4.48,N,0
40.03624,-120.98108,306.86,0.61,0.71,2021-07-24,1104,N,VIIRS,n,2,288.29,4.79,N,0
40.03685,-121.00553,302.58,0.61,0.71,2021-07-24,1104,N,VIIRS,n,2,288.36,8.36,N,0
40.03689,-121.16269,308.06,0.6,0.71,2021-07-24,1104,N,VIIRS,n,2,288.52,2.5,N,0
40.03739,-120.89429,308.71,0.62,0.71,2021-07-24,1104,N,VIIRS,n,2,288.61,3,N,0
40.03777,-120.91811,301.71,0.62,0.71,2021-07-24,1104,N,VIIRS,n,2,289.41,2.94,N,0
40.0378,-120.9408,303.74,0.61,0.71,2021-07-24,1104,N,VIIRS,n,2,288.89,3.03,N,0
40.03828,-120.98747,315.53,0.61,0.71,2021-07-24,1104,N,VIIRS,n,2,288.28,4.79,N,0
40.03885,-121.16757,316.72,0.6,0.71,2021-07-24,1104,N,VIIRS,n,2,288.76,3.89,N,0
40.03927,-120.90019,310.15,0.62,0.71,2021-07-24,1104,N,VIIRS,n,2,288.62,3,N,0
40.03937,-121.10094,302.15,0.6,0.71,2021-07-24,1104,N,VIIRS,n,2,288.65,2.33,N,0
40.0394,-120.92321,300.87,0.62,0.71,2021-07-24,1104,N,VIIRS,n,2,288.96,2.94,N,0
40.03987,-121.01498,303.25,0.61,0.71,2021-07-24,1104,N,VIIRS,n,2,288.79,3.67,N,0
40.04004,-121.10542,306.17,0.6,0.71,2021-07-24,1104,N,VIIRS,n,2,289.01,1.44,N,0
40.04027,-121.17319,301.46,0.6,0.7,2021-07-24,1104,N,VIIRS,n,2,288.01,2.49,N,0
40.04066,-120.9949,341.24,0.61,0.71,2021-07-24,1104,N,VIIRS,n,2,289.38,8.36,N,0
40.04079,-121.39902,299.88,0.59,0.7,2021-07-24,1104,N,VIIRS,n,2,285.33,2.5,N,0
40.04099,-120.9282,323.15,0.61,0.71,2021-07-24,1104,N,VIIRS,n,2,290.19,5.79,N,0
40.04107,-120.90579,329.04,0.62,0.71,2021-07-24,1104,N,VIIRS,n,2,290.5,4.39,N,0
40.04121,-121.40045,303.17,0.58,0.7,2021-07-24,1104,N,VIIRS,n,2,286.13,3.12,N,0
40.04227,-120.9774,306.73,0.61,0.71,2021-07-24,1104,N,VIIRS,n,2,287.97,3.44,N,0
40.04271,-121.0239,302.75,0.61,0.71,2021-07-24,1104,N,VIIRS,n,2,288.89,3.67,N,0
40.04276,-120.91109,321.68,0.62,0.71,2021-07-24,1104,N,VIIRS,n,2,290.67,4.39,N,0
40.04278,-121.40544,315.63,0.58,0.7,2021-07-24,1104,N,VIIRS,n,2,286.96,2.5,N,0
40.04296,-120.93437,326.05,0.61,0.71,2021-07-24,1104,N,VIIRS,n,2,289.98,5.79,N,0
40.04305,-121.00239,346.04,0.61,0.71,2021-07-24,1104,N,VIIRS,n,2,290.93,8.36,N,0
40.04312,-121.40649,313.73,0.58,0.7,2021-07-24,1104,N,VIIRS,n,2,286.16,4.18,N,0
40.04438,-120.91616,308.91,0.62,0.71,2021-07-24,1104,N,VIIRS,n,2,289.07,2.94,N,0
40.04506,-120.98613,324.89,0.61,0.71,2021-07-24,1104,N,VIIRS,n,2,288.99,3.44,N,0
40.04594,-121.01144,317.74,0.61,0.71,2021-07-24,1104,N,VIIRS,n,2,289.64,3.67,N,0
40.04601,-120.92126,313.25,0.62,0.71,2021-07-24,1104,N,VIIRS,n,2,289.24,2.94,N,0
40.0477,-120.9944,346.93,0.61,0.71,2021-07-24,1104,N,VIIRS,n,2,292.52,9.86,N,0
40.04781,-120.92693,328.75,0.61,0.71,2021-07-24,1104,N,VIIRS,n,2,290.2,5.79,N,0
40.04799,-120.90484,301.74,0.62,0.71,2021-07-24,1104,N,VIIRS,n,2,287.19,2.1,N,0
40.04871,-121.1101,301.74,0.6,0.71,2021-07-24,1104,N,VIIRS,n,2,287.46,1.44,N,0
40.04873,-121.0202,302.97,0.61,0.71,2021-07-24,1104,N,VIIRS,n,2,289.02,3.67,N,0
40.04882,-120.9753,301.48,0.61,0.71,2021-07-24,1104,N,VIIRS,n,2,288.24,3.44,N,0
40.04986,-121.00117,349.13,0.61,0.71,2021-07-24,1104,N,VIIRS,n,2,292.92,9.86,N,0
40.05141,-120.98344,308.54,0.61,0.71,2021-07-24,1104,N,VIIRS,n,2,288.54,3.44,N,0
40.05165,-121.41118,308.03,0.58,0.7,2021-07-24,1104,N,VIIRS,n,2,287.77,3.73,N,0
40.05294,-121.01084,316.88,0.61,0.71,2021-07-24,1104,N,VIIRS,n,2,289.85,4.31,N,0
40.05446,-120.99302,321.78,0.61,0.71,2021-07-24,1104,N,VIIRS,n,2,290.16,9.86,N,0
40.05524,-121.10602,303.51,0.6,0.71,2021-07-24,1104,N,VIIRS,n,2,287.78,2.55,N,0
40.05562,-121.01923,305.06,0.61,0.71,2021-07-24,1104,N,VIIRS,n,2,289.33,4.31,N,0
40.05666,-121.11255,303.62,0.6,0.71,2021-07-24,1104,N,VIIRS,n,2,286.98,2.94,N,0
40.05672,-121.00011,316.21,0.61,0.71,2021-07-24,1104,N,VIIRS,n,2,290.14,9.86,N,0
40.05866,-120.9836,309.47,0.61,0.71,2021-07-24,1104,N,VIIRS,n,2,289.2,3.38,N,0
40.05921,-121.00793,305.87,0.61,0.71,2021-07-24,1104,N,VIIRS,n,2,289.31,4.31,N,0
40.0616,-120.99285,313.73,0.61,0.71,2021-07-24,1104,N,VIIRS,n,2,290.04,3.29,N,0
40.0626,-121.01858,304.75,0.61,0.71,2021-07-24,1104,N,VIIRS,n,2,289.5,4.31,N,0
40.06365,-120.99929,308.43,0.61,0.71,2021-07-24,1104,N,VIIRS,n,2,289.74,3.29,N,0
40.06561,-121.09567,307.69,0.6,0.71,2021-07-24,1104,N,VIIRS,n,2,288.21,2.03,N,0
40.06604,-120.98415,308.62,0.61,0.71,2021-07-24,1104,N,VIIRS,n,2,289.95,3.38,N,0
40.06619,-121.00725,304.63,0.61,0.71,2021-07-24,1104,N,VIIRS,n,2,289.8,2.2,N,0
40.06628,-121.18747,299.44,0.6,0.7,2021-07-24,1104,N,VIIRS,n,2,287.55,5.9,N,0
40.06765,-121.19108,299.81,0.6,0.7,2021-07-24,1104,N,VIIRS,n,2,287.86,7.5,N,0
40.06824,-121.17122,300.28,0.6,0.7,2021-07-24,1104,N,VIIRS,n,2,287.61,3.54,N,0
40.06843,-120.99168,312.67,0.61,0.71,2021-07-24,1104,N,VIIRS,n,2,289.84,3.29,N,0
40.06899,-121.19597,301.89,0.6,0.7,2021-07-24,1104,N,VIIRS,n,2,287.88,5.9,N,0
40.06916,-121.17314,304.18,0.6,0.7,2021-07-24,1104,N,VIIRS,n,2,287.76,3.4,N,0
40.06981,-121.01863,302,0.61,0.71,2021-07-24,1104,N,VIIRS,n,2,289.06,2.2,N,0
40.07003,-121.19872,306.33,0.6,0.7,2021-07-24,1104,N,VIIRS,n,2,287.97,5.36,N,0
40.07026,-121.17756,309.35,0.6,0.7,2021-07-24,1104,N,VIIRS,n,2,287.72,3.54,N,0
40.07059,-120.9985,310.97,0.61,0.71,2021-07-24,1104,N,VIIRS,n,2,289.8,3.29,N,0
40.071,-121.20226,305.42,0.59,0.7,2021-07-24,1104,N,VIIRS,n,2,288.17,4.83,N,0
40.07154,-121.18076,324.31,0.6,0.7,2021-07-24,1104,N,VIIRS,n,2,288.15,7.5,N,0
40.07167,-121.09222,309.53,0.6,0.71,2021-07-24,1104,N,VIIRS,n,2,288.24,2.03,N,0
40.07343,-121.18752,367,0.6,0.7,2021-07-24,1104,N,VIIRS,h,2,290.27,5.9,N,0
40.07378,-121.00855,307.43,0.61,0.71,2021-07-24,1104,N,VIIRS,n,2,289.33,2.2,N,0
40.0745,-121.16844,302.69,0.6,0.7,2021-07-24,1104,N,VIIRS,n,2,287.39,3.98,N,0
40.07484,-121.19134,351.39,0.6,0.7,2021-07-24,1104,N,VIIRS,n,2,290.67,7.5,N,0
40.07513,-120.99014,312.08,0.61,0.71,2021-07-24,1104,N,VIIRS,n,2,289.19,3.48,N,0
40.07616,-121.17276,307.4,0.6,0.7,2021-07-24,1104,N,VIIRS,n,2,287.68,5.31,N,0
40.07629,-121.19649,313.85,0.6,0.7,2021-07-24,1104,N,VIIRS,n,2,288.63,5.9,N,0
40.0769,-121.01839,306.82,0.61,0.71,2021-07-24,1104,N,VIIRS,n,2,289.18,2.2,N,0
40.07724,-121.19901,301.8,0.6,0.7,2021-07-24,1104,N,VIIRS,n,2,288.37,5.36,N,0
40.07744,-120.99741,309.26,0.61,0.71,2021-07-24,1104,N,VIIRS,n,2,289.83,3.48,N,0
40.07803,-121.17952,318.48,0.6,0.7,2021-07-24,1104,N,VIIRS,n,2,287.95,3.98,N,0
40.07919,-121.18249,342.14,0.6,0.7,2021-07-24,1104,N,VIIRS,n,2,288.35,6.59,N,0
40.08046,-121.18717,349.68,0.6,0.7,2021-07-24,1104,N,VIIRS,n,2,289.08,5.95,N,0
40.08076,-121.00787,309.24,0.61,0.71,2021-07-24,1104,N,VIIRS,n,2,289.24,2.77,N,0
40.08178,-121.19078,328.9,0.6,0.7,2021-07-24,1104,N,VIIRS,n,2,288.42,6.59,N,0
40.08323,-121.19586,306.61,0.6,0.7,2021-07-24,1104,N,VIIRS,n,2,287.75,5.95,N,0
40.08332,-121.01594,315.17,0.61,0.71,2021-07-24,1104,N,VIIRS,n,2,290.03,2.77,N,0
40.08426,-121.19873,299.87,0.6,0.7,2021-07-24,1104,N,VIIRS,n,2,287.6,4.89,N,0
40.08566,-121.18111,309.37,0.6,0.7,2021-07-24,1104,N,VIIRS,n,2,287.8,3.98,N,0
40.08683,-121.18422,326.52,0.6,0.7,2021-07-24,1104,N,VIIRS,n,2,288.86,6.59,N,0
40.08699,-121.43381,332.38,0.58,0.7,2021-07-24,1104,N,VIIRS,n,2,288.54,10.33,N,0
40.08707,-121.0051,304.32,0.61,0.71,2021-07-24,1104,N,VIIRS,n,2,288.93,2.77,N,0
40.08811,-121.18878,325.16,0.6,0.7,2021-07-24,1104,N,VIIRS,n,2,288.56,5.95,N,0
40.08857,-121.03248,301,0.61,0.71,2021-07-24,1104,N,VIIRS,n,2,288.64,3.37,N,0
40.08904,-121.19127,310.36,0.6,0.7,2021-07-24,1104,N,VIIRS,n,2,288.65,6.59,N,0
40.08947,-121.0127,312.44,0.61,0.71,2021-07-24,1104,N,VIIRS,n,2,289.62,2.77,N,0
40.09019,-121.19534,304.13,0.6,0.7,2021-07-24,1104,N,VIIRS,n,2,287.8,5.95,N,0
40.09139,-121.01875,308.32,0.61,0.71,2021-07-24,1104,N,VIIRS,n,2,289.24,5.19,N,0
40.0928,-121.18111,317.48,0.6,0.7,2021-07-24,1104,N,VIIRS,n,2,286.91,4.77,N,0
40.09318,-121.02441,322.67,0.61,0.71,2021-07-24,1104,N,VIIRS,n,2,290.14,5.19,N,0
40.09464,-121.05167,321.09,0.61,0.71,2021-07-24,1104,N,VIIRS,n,2,288.39,4.36,N,0
40.09486,-121.41393,306.5,0.58,0.7,2021-07-24,1104,N,VIIRS,n,2,290.12,3.47,N,0
40.09487,-121.43649,309.35,0.58,0.7,2021-07-24,1104,N,VIIRS,n,2,288.8,4.34,N,0
40.09492,-121.0299,313.3,0.61,0.71,2021-07-24,1104,N,VIIRS,n,2,288.77,3.37,N,0
40.095,-121.18803,317.92,0.6,0.7,2021-07-24,1104,N,VIIRS,n,2,287.34,6.87,N,0
40.09641,-121.05724,313.16,0.6,0.71,2021-07-24,1104,N,VIIRS,n,2,287.95,4.36,N,0
40.09653,-121.0177,305.37,0.61,0.71,2021-07-24,1104,N,VIIRS,n,2,288.2,4.01,N,0
40.09673,-121.41993,306.78,0.58,0.7,2021-07-24,1104,N,VIIRS,n,2,289.9,2.38,N,0
40.09695,-121.44313,309.99,0.58,0.7,2021-07-24,1104,N,VIIRS,n,2,287.22,4.34,N,0
40.09729,-121.03738,312.11,0.61,0.71,2021-07-24,1104,N,VIIRS,n,2,288.1,3.37,N,0
40.09775,-121.31021,307.5,0.59,0.7,2021-07-24,1104,N,VIIRS,n,2,286.21,2.48,N,0
40.09838,-121.3328,306.1,0.59,0.7,2021-07-24,1104,N,VIIRS,n,2,286.78,1.32,N,0
40.09846,-121.02367,328.23,0.61,0.71,2021-07-24,1104,N,VIIRS,n,2,290.68,3.33,N,0
40.09861,-121.42593,306.9,0.58,0.7,2021-07-24,1104,N,VIIRS,n,2,287.99,2.38,N,0
40.09889,-121.33653,317.43,0.59,0.7,2021-07-24,1104,N,VIIRS,n,2,286.55,2.35,N,0
40.09912,-121.17855,329.05,0.6,0.7,2021-07-24,1104,N,VIIRS,n,2,287.44,4.77,N,0
40.09947,-121.02158,328.32,0.61,0.71,2021-07-24,1104,N,VIIRS,n,2,290.31,6.6,N,0
40.1003,-121.0294,303.51,0.61,0.71,2021-07-24,1104,N,VIIRS,n,2,286.64,3.33,N,0
40.10056,-121.43214,307.64,0.58,0.7,2021-07-24,1104,N,VIIRS,n,2,286.19,4.78,N,0
40.10084,-121.3405,302.37,0.59,0.7,2021-07-24,1104,N,VIIRS,n,2,285.79,1.32,N,0
40.10095,-121.1843,320.26,0.6,0.7,2021-07-24,1104,N,VIIRS,n,2,288.29,6.87,N,0
40.1013,-121.02737,313.39,0.61,0.71,2021-07-24,1104,N,VIIRS,n,2,287.29,5.05,N,0
40.10294,-121.41724,307.11,0.58,0.7,2021-07-24,1104,N,VIIRS,n,2,289.88,2.38,N,0
40.10462,-121.02046,308.81,0.61,0.71,2021-07-24,1104,N,VIIRS,n,2,286.34,3.33,N,0
40.10479,-121.42314,305.8,0.58,0.7,2021-07-24,1104,N,VIIRS,n,2,287.57,2.38,N,0
40.10508,-121.17482,314.02,0.6,0.7,2021-07-24,1104,N,VIIRS,n,2,286.25,3.18,N,0
40.10767,-121.40987,306.7,0.58,0.7,2021-07-24,1104,N,VIIRS,n,2,290.57,4.72,N,0
40.10788,-121.40709,304.05,0.58,0.7,2021-07-24,1104,N,VIIRS,n,2,289.91,2.76,N,0
40.10947,-121.41561,305.23,0.58,0.7,2021-07-24,1104,N,VIIRS,n,2,290.31,2.49,N,0
40.11117,-121.42107,310.15,0.58,0.7,2021-07-24,1104,N,VIIRS,n,2,288.69,2.49,N,0
40.11146,-121.41835,307.74,0.58,0.7,2021-07-24,1104,N,VIIRS,n,2,290.05,2.88,N,0
40.11326,-121.42399,303.79,0.58,0.7,2021-07-24,1104,N,VIIRS,n,2,286.9,2.88,N,0
40.11602,-121.41405,316.61,0.58,0.7,2021-07-24,1104,N,VIIRS,n,2,289.74,2.49,N,0
40.1161,-121.16457,300.14,0.6,0.7,2021-07-24,1104,N,VIIRS,n,2,287.04,1.79,N,0
40.11635,-121.41151,302.94,0.58,0.7,2021-07-24,1104,N,VIIRS,n,2,288.91,2.76,N,0
40.11708,-121.30244,298.74,0.59,0.7,2021-07-24,1104,N,VIIRS,n,2,285.54,2.84,N,0
40.11753,-121.41889,310.44,0.58,0.7,2021-07-24,1104,N,VIIRS,n,2,288.76,2.49,N,0
40.1177,-121.30613,306.87,0.59,0.7,2021-07-24,1104,N,VIIRS,n,2,285.72,4.6,N,0
40.11795,-121.41653,323.91,0.58,0.7,2021-07-24,1104,N,VIIRS,n,2,289.84,2.88,N,0
40.11972,-121.31071,327.56,0.59,0.7,2021-07-24,1104,N,VIIRS,n,2,287.8,2.84,N,0
40.12028,-121.31443,335.98,0.59,0.7,2021-07-24,1104,N,VIIRS,n,2,288.39,3.63,N,0
40.12216,-121.31845,322.94,0.59,0.7,2021-07-24,1104,N,VIIRS,n,2,287.59,3.14,N,0
40.12252,-121.3216,310.9,0.59,0.7,2021-07-24,1104,N,VIIRS,n,2,286.73,3.63,N,0
40.1239,-121.41678,321.34,0.58,0.7,2021-07-24,1104,N,VIIRS,n,2,288.46,5.79,N,0
40.12429,-121.32516,300.91,0.59,0.7,2021-07-24,1104,N,VIIRS,n,2,286.79,3.14,N,0
40.12431,-121.41436,311.13,0.58,0.7,2021-07-24,1104,N,VIIRS,n,2,289.07,3.59,N,0
40.12523,-121.30577,300.53,0.59,0.7,2021-07-24,1104,N,VIIRS,n,2,287.69,2.84,N,0
40.12577,-121.41898,305.53,0.58,0.7,2021-07-24,1104,N,VIIRS,n,2,287.29,3.59,N,0
40.12585,-121.30959,306.66,0.59,0.7,2021-07-24,1104,N,VIIRS,n,2,288.13,3.63,N,0
40.12783,-121.31398,314.27,0.59,0.7,2021-07-24,1104,N,VIIRS,n,2,288,3.14,N,0
40.12838,-121.31774,312.33,0.59,0.7,2021-07-24,1104,N,VIIRS,n,2,287.81,3.63,N,0
40.13016,-121.41425,331.63,0.58,0.7,2021-07-24,1104,N,VIIRS,n,2,289.6,5.79,N,0
40.1303,-121.32178,300.94,0.59,0.7,2021-07-24,1104,N,VIIRS,n,2,287.07,3.14,N,0
40.13056,-121.41183,305.34,0.58,0.7,2021-07-24,1104,N,VIIRS,n,2,287.99,3.59,N,0
40.13168,-121.41915,312.44,0.58,0.7,2021-07-24,1104,N,VIIRS,n,2,286.37,8.42,N,0
40.13194,-121.147,309.53,0.6,0.7,2021-07-24,1104,N,VIIRS,n,2,286.93,3.17,N,0
40.13208,-121.41663,344.56,0.58,0.7,2021-07-24,1104,N,VIIRS,n,2,289.95,3.59,N,0
40.13288,-121.39689,307.63,0.58,0.7,2021-07-24,1104,N,VIIRS,n,2,287.98,4.56,N,0
40.133,-121.40081,305.16,0.58,0.7,2021-07-24,1104,N,VIIRS,n,2,288.1,4.98,N,0
40.13449,-121.37971,300.19,0.58,0.7,2021-07-24,1104,N,VIIRS,n,2,286.99,5.43,N,0
40.13454,-121.38307,308.32,0.58,0.7,2021-07-24,1104,N,VIIRS,n,2,287.22,3.68,N,0
40.13489,-121.40688,322.36,0.58,0.7,2021-07-24,1104,N,VIIRS,n,2,289.76,5.06,N,0
40.13517,-121.40414,314.87,0.58,0.7,2021-07-24,1104,N,VIIRS,n,2,288.87,4.56,N,0
40.13619,-121.14089,306.68,0.6,0.7,2021-07-24,1104,N,VIIRS,n,2,286.57,2.69,N,0
40.13642,-121.41177,334.91,0.58,0.7,2021-07-24,1104,N,VIIRS,n,2,290.18,5.06,N,0
40.13645,-121.38921,328.07,0.58,0.7,2021-07-24,1104,N,VIIRS,n,2,290.78,4.98,N,0
40.13651,-121.38605,340.91,0.58,0.7,2021-07-24,1104,N,VIIRS,n,2,290.04,5.43,N,0
40.13655,-121.13903,305.89,0.6,0.7,2021-07-24,1104,N,VIIRS,n,2,286.47,3.3,N,0
40.1368,-121.40928,332.86,0.58,0.7,2021-07-24,1104,N,VIIRS,n,2,290.67,5.61,N,0
40.13784,-121.36794,307.86,0.58,0.7,2021-07-24,1104,N,VIIRS,n,2,288.24,2.54,N,0
40.13795,-121.37137,305.43,0.58,0.7,2021-07-24,1104,N,VIIRS,n,2,288.05,4.39,N,0
40.13836,-121.39536,323.54,0.58,0.7,2021-07-24,1104,N,VIIRS,n,2,290.99,4.98,N,0
40.13837,-121.14767,338.88,0.6,0.7,2021-07-24,1104,N,VIIRS,n,2,288.8,2.69,N,0
40.13839,-121.392,335.56,0.58,0.7,2021-07-24,1104,N,VIIRS,n,2,292.44,4.56,N,0
40.1384,-121.41431,313.71,0.58,0.7,2021-07-24,1104,N,VIIRS,n,2,287.97,5.61,N,0
40.13882,-121.1462,340.02,0.6,0.7,2021-07-24,1104,N,VIIRS,n,2,289.05,5.38,N,0
40.13985,-121.37432,307.36,0.58,0.7,2021-07-24,1104,N,VIIRS,n,2,288.12,3.33,N,0
40.14,-121.37798,326.27,0.58,0.7,2021-07-24,1104,N,VIIRS,n,2,289.36,4.39,N,0
40.14024,-121.1535,299.93,0.6,0.7,2021-07-24,1104,N,VIIRS,n,2,286.67,3.31,N,0
40.14054,-121.3988,308.7,0.58,0.7,2021-07-24,1104,N,VIIRS,n,2,288.63,4.56,N,0
40.14068,-121.40284,310.22,0.58,0.7,2021-07-24,1104,N,VIIRS,n,2,288.15,5.06,N,0
40.14071,-121.15221,301.78,0.6,0.7,2021-07-24,1104,N,VIIRS,n,2,286.82,5.38,N,0
40.14137,-121.3568,302.19,0.58,0.7,2021-07-24,1104,N,VIIRS,n,2,288.26,2.54,N,0
40.1414,-121.35976,311.78,0.58,0.7,2021-07-24,1104,N,VIIRS,n,2,288.91,5.36,N,0
40.14186,-121.38068,326.36,0.58,0.7,2021-07-24,1104,N,VIIRS,n,2,288.57,3.33,N,0
40.14189,-121.38405,326.77,0.58,0.7,2021-07-24,1104,N,VIIRS,n,2,288.94,8.58,N,0
40.14194,-121.1588,309.18,0.6,0.7,2021-07-24,1104,N,VIIRS,n,2,287.02,3.31,N,0
40.1424,-121.15759,306.1,0.6,0.7,2021-07-24,1104,N,VIIRS,n,2,287.24,2.01,N,0
40.14261,-121.13861,304.45,0.6,0.7,2021-07-24,1104,N,VIIRS,n,2,285.2,2.69,N,0
40.14313,-121.36235,319.96,0.58,0.7,2021-07-24,1104,N,VIIRS,n,2,289.24,2.54,N,0
40.14315,-121.3654,320.37,0.58,0.7,2021-07-24,1104,N,VIIRS,n,2,288.91,4.39,N,0
40.14315,-121.22771,298.62,0.59,0.7,2021-07-24,1104,N,VIIRS,n,2,285.68,1.57,N,0
40.14502,-121.36831,303.17,0.58,0.7,2021-07-24,1104,N,VIIRS,n,2,287.54,3.33,N,0
40.14503,-121.23367,299.08,0.59,0.7,2021-07-24,1104,N,VIIRS,n,2,286.31,1.56,N,0
40.14513,-121.3463,309.67,0.58,0.7,2021-07-24,1104,N,VIIRS,n,2,288.26,2.4,N,0
40.14516,-121.14656,297.66,0.6,0.7,2021-07-24,1104,N,VIIRS,n,2,285.96,2.69,N,0
40.14694,-121.35204,310.39,0.58,0.7,2021-07-24,1104,N,VIIRS,n,2,288.55,2.61,N,0
40.14876,-121.35779,306.9,0.58,0.7,2021-07-24,1104,N,VIIRS,n,2,287.68,2.61,N,0
40.14877,-121.33543,309.99,0.58,0.7,2021-07-24,1104,N,VIIRS,n,2,288.24,2.4,N,0
40.14945,-121.22517,310.31,0.59,0.7,2021-07-24,1104,N,VIIRS,n,2,286.9,2.34,N,0
40.14956,-121.3155,305.57,0.59,0.7,2021-07-24,1104,N,VIIRS,n,2,288.07,3.05,N,0
40.14974,-121.20352,300.07,0.59,0.7,2021-07-24,1104,N,VIIRS,n,2,287.04,2.15,N,0
40.15055,-121.34109,310.48,0.58,0.7,2021-07-24,1104,N,VIIRS,n,2,288.28,2.4,N,0
40.15222,-121.32398,302.05,0.58,0.7,2021-07-24,1104,N,VIIRS,n,2,287.9,3.05,N,0
40.15229,-121.30174,306.71,0.59,0.7,2021-07-24,1104,N,VIIRS,n,2,288.38,4.33,N,0
40.15405,-121.2172,299.98,0.59,0.7,2021-07-24,1104,N,VIIRS,n,2,287.25,2.34,N,0
40.15438,-121.33083,300.13,0.58,0.7,2021-07-24,1104,N,VIIRS,n,2,287.52,2.6,N,0
40.15487,-121.30991,327.63,0.59,0.7,2021-07-24,1104,N,VIIRS,n,2,289.84,3.05,N,0
40.15596,-121.22329,319.91,0.59,0.7,2021-07-24,1104,N,VIIRS,n,2,288.52,2.34,N,0
40.15754,-121.3184,306.15,0.58,0.7,2021-07-24,1104,N,VIIRS,n,2,288.43,3.05,N,0
40.15763,-121.20602,306.11,0.59,0.7,2021-07-24,1104,N,VIIRS,n,2,287.16,1.96,N,0
40.15772,-121.20799,304.55,0.59,0.7,2021-07-24,1104,N,VIIRS,n,2,287,2.48,N,0
40.16,-121.21355,306.28,0.59,0.7,2021-07-24,1104,N,VIIRS,n,2,287.34,2.37,N,0
40.16008,-121.21535,312.05,0.59,0.7,2021-07-24,1104,N,VIIRS,n,2,287.87,2.48,N,0
40.1615,-121.26347,306.71,0.59,0.7,2021-07-24,1104,N,VIIRS,n,2,287.6,2.2,N,0
40.16225,-121.22071,310.79,0.59,0.7,2021-07-24,1104,N,VIIRS,n,2,288.92,2.37,N,0
40.16229,-121.22228,310.1,0.59,0.7,2021-07-24,1104,N,VIIRS,n,2,288.79,5.59,N,0
40.16826,-121.26244,301.84,0.59,0.7,2021-07-24,1104,N,VIIRS,n,2,288.09,2.2,N,0
40.17176,-121.09565,297.62,0.6,0.7,2021-07-24,1104,N,VIIRS,n,2,285,0.65,N,0
40.17233,-121.25282,298.8,0.59,0.7,2021-07-24,1104,N,VIIRS,n,2,286.25,1.09,N,0
40.17255,-121.25433,301.16,0.59,0.7,2021-07-24,1104,N,VIIRS,n,2,286.22,1.42,N,0
40.17423,-121.10336,302.14,0.6,0.7,2021-07-24,1104,N,VIIRS,n,2,284.94,2.45,N,0
40.17449,-121.25972,301.34,0.59,0.7,2021-07-24,1104,N,VIIRS,n,2,286.57,1.09,N,0
40.17471,-121.283,319.6,0.59,0.7,2021-07-24,1104,N,VIIRS,n,2,288.41,4.64,N,0
40.17473,-121.21526,306.18,0.59,0.7,2021-07-24,1104,N,VIIRS,n,2,288,1.26,N,0
40.1748,-121.26134,300.62,0.59,0.7,2021-07-24,1104,N,VIIRS,n,2,287.09,1.12,N,0
40.17489,-121.21717,305.46,0.59,0.7,2021-07-24,1104,N,VIIRS,n,2,287.94,1.72,N,0
40.17628,-121.2438,298.88,0.59,0.7,2021-07-24,1104,N,VIIRS,n,2,285.6,1.42,N,0
40.17683,-121.22198,300.53,0.59,0.7,2021-07-24,1104,N,VIIRS,n,2,287.15,1.53,N,0
40.17688,-121.2234,301.48,0.59,0.7,2021-07-24,1104,N,VIIRS,n,2,286.83,1.72,N,0
40.17708,-121.11231,314.04,0.6,0.7,2021-07-24,1104,N,VIIRS,n,2,285.84,2.45,N,0
40.17715,-121.2687,298.89,0.59,0.7,2021-07-24,1104,N,VIIRS,n,2,287.59,1.12,N,0
40.17717,-121.10943,320.35,0.6,0.7,2021-07-24,1104,N,VIIRS,n,2,286.28,4.27,N,0
40.17855,-121.22744,306.45,0.59,0.7,2021-07-24,1104,N,VIIRS,n,2,286.89,1.53,N,0
40.1786,-121.22877,302.68,0.59,0.7,2021-07-24,1104,N,VIIRS,n,2,286.58,2.67,N,0
40.17884,-121.18496,301.42,0.59,0.7,2021-07-24,1104,N,VIIRS,n,2,285.55,4.38,N,0
40.18086,-121.19128,337.3,0.59,0.7,2021-07-24,1104,N,VIIRS,n,2,288.38,8.29,N,0
40.18088,-121.18949,338.87,0.59,0.7,2021-07-24,1104,N,VIIRS,n,2,288.6,7.4,N,0
40.18276,-121.21955,298.69,0.59,0.7,2021-07-24,1104,N,VIIRS,n,2,286.53,1.72,N,0
40.18327,-121.19716,316.45,0.59,0.7,2021-07-24,1104,N,VIIRS,n,2,286.31,7.98,N,0
40.18348,-121.19949,303.69,0.59,0.7,2021-07-24,1104,N,VIIRS,n,2,285.55,8.29,N,0
40.18454,-121.22392,303.66,0.59,0.7,2021-07-24,1104,N,VIIRS,n,2,286.24,1.53,N,0
40.1846,-121.22531,305.37,0.59,0.7,2021-07-24,1104,N,VIIRS,n,2,286.79,2.67,N,0
40.1853,-121.18287,308.8,0.59,0.7,2021-07-24,1104,N,VIIRS,n,2,285.68,4.38,N,0
40.18547,-121.18147,300.75,0.59,0.7,2021-07-24,1104,N,VIIRS,n,2,285.51,7.4,N,0
40.18715,-121.18867,353.68,0.59,0.7,2021-07-24,1104,N,VIIRS,n,2,291.95,8.29,N,0
40.18718,-121.18698,348.76,0.59,0.7,2021-07-24,1104,N,VIIRS,n,2,290.78,7.4,N,0
40.18929,-121.19372,342.78,0.59,0.7,2021-07-24,1104,N,VIIRS,n,2,291.1,7.98,N,0
40.18935,-121.1956,336.07,0.59,0.7,2021-07-24,1104,N,VIIRS,n,2,289.8,8.29,N,0
40.19151,-121.20082,302.45,0.59,0.7,2021-07-24,1104,N,VIIRS,n,2,286.13,7.98,N,0
40.19161,-121.20269,301.87,0.59,0.7,2021-07-24,1104,N,VIIRS,n,2,285.78,6.4,N,0
40.19164,-121.18044,298.43,0.59,0.7,2021-07-24,1104,N,VIIRS,n,2,285.38,1.82,N,0
40.19353,-121.18634,324.19,0.59,0.7,2021-07-24,1104,N,VIIRS,n,2,288.45,5.3,N,0
40.19357,-121.18468,320.75,0.59,0.7,2021-07-24,1104,N,VIIRS,n,2,287.92,2.82,N,0
40.19967,-121.20566,296.93,0.59,0.7,2021-07-24,1104,N,VIIRS,n,2,284.59,1.58,N,0
40.20045,-121.25275,301.2,0.59,0.7,2021-07-24,1104,N,VIIRS,n,2,283.54,4.09,N,0
40.20179,-121.21232,296.66,0.59,0.7,2021-07-24,1104,N,VIIRS,n,2,284.14,1.65,N,0
40.20231,-121.25813,337.16,0.59,0.7,2021-07-24,1104,N,VIIRS,n,2,285.78,5.37,N,0
40.20266,-121.25972,334.39,0.59,0.7,2021-07-24,1104,N,VIIRS,n,2,285.79,8.46,N,0
40.20371,-121.2172,303.91,0.59,0.7,2021-07-24,1104,N,VIIRS,n,2,286.33,1.41,N,0
40.20389,-121.21893,305.21,0.59,0.7,2021-07-24,1104,N,VIIRS,n,2,286.99,1.65,N,0
40.20445,-121.26497,296.75,0.59,0.7,2021-07-24,1104,N,VIIRS,n,2,283.68,8.07,N,0
40.20581,-121.22395,302.92,0.59,0.7,2021-07-24,1104,N,VIIRS,n,2,286.72,1.41,N,0
40.20604,-121.22571,301.68,0.59,0.7,2021-07-24,1104,N,VIIRS,n,2,286.95,2.02,N,0
40.20615,-121.24774,310.55,0.59,0.7,2021-07-24,1104,N,VIIRS,n,2,284.63,5.37,N,0
40.20649,-121.24945,316.65,0.59,0.7,2021-07-24,1104,N,VIIRS,n,2,284.74,4.09,N,0
40.2082,-121.23248,296.15,0.59,0.7,2021-07-24,1104,N,VIIRS,n,2,285.23,2.02,N,0
40.20836,-121.25484,340.89,0.59,0.7,2021-07-24,1104,N,VIIRS,n,2,287.33,5.37,N,0
40.20873,-121.25648,337.36,0.59,0.7,2021-07-24,1104,N,VIIRS,n,2,286.91,8.46,N,0
41.41159,-122.2634,297.49,0.49,0.65,2021-07-24,1104,N,VIIRS,n,2,284.04,1.19,N,0
41.43562,-122.24961,300.73,0.49,0.65,2021-07-24,1104,N,VIIRS,n,2,284.47,1.91,N,0
39.90414,-121.21591,367,0.44,0.38,2021-07-24,2046,N,VIIRS,h,2,303.77,183.49,D,0
39.90863,-121.21147,367,0.44,0.38,2021-07-24,2046,N,VIIRS,h,2,303.71,47.75,D,0
39.91492,-121.19724,367,0.44,0.38,2021-07-24,2046,N,VIIRS,h,2,332.25,117.79,D,0
39.91845,-121.19799,367,0.44,0.38,2021-07-24,2046,N,VIIRS,h,2,349.33,117.79,D,0
39.91932,-121.1932,367,0.44,0.38,2021-07-24,2046,N,VIIRS,l,2,327.63,240.42,D,0
39.94297,-121.18407,367,0.44,0.38,2021-07-24,2046,N,VIIRS,h,2,310.48,56.39,D,0
39.96061,-121.16753,367,0.44,0.38,2021-07-24,2046,N,VIIRS,h,2,337.3,98.99,D,0
39.96157,-121.14223,351.53,0.44,0.38,2021-07-24,2046,N,VIIRS,l,2,330.31,77.74,D,0
39.96594,-121.13832,367,0.44,0.38,2021-07-24,2046,N,VIIRS,h,2,312.48,77.74,D,0
39.97735,-121.09572,367,0.44,0.38,2021-07-24,2046,N,VIIRS,h,2,310.8,39.03,D,0
40.00343,-120.93135,345.7,0.43,0.38,2021-07-24,2046,N,VIIRS,n,2,309.8,5.71,D,0
40.00438,-120.92609,338.2,0.43,0.38,2021-07-24,2046,N,VIIRS,l,2,311.67,23.37,D,0
40.00504,-120.94263,337.46,0.43,0.38,2021-07-24,2046,N,VIIRS,n,2,306.23,3.87,D,0
40.00532,-120.92081,355.18,0.43,0.38,2021-07-24,2046,N,VIIRS,n,2,323.82,23.37,D,0
40.00589,-120.94051,342.25,0.43,0.38,2021-07-24,2046,N,VIIRS,n,2,307.42,5.8,D,0
40.00596,-120.93746,341.83,0.43,0.38,2021-07-24,2046,N,VIIRS,n,2,308.27,16.33,D,0
40.00615,-121.01829,367,0.43,0.38,2021-07-24,2046,N,VIIRS,h,2,334.17,81.61,D,0
40.00624,-120.91563,351.67,0.43,0.38,2021-07-24,2046,N,VIIRS,n,2,314.36,21.64,D,0
40.00685,-120.93532,340.77,0.43,0.38,2021-07-24,2046,N,VIIRS,n,2,308.94,11.55,D,0
40.00708,-121.01326,367,0.43,0.38,2021-07-24,2046,N,VIIRS,l,2,327.33,81.61,D,0
40.00877,-120.92485,334.8,0.43,0.38,2021-07-24,2046,N,VIIRS,l,2,309.4,10.38,D,0
40.00956,-121.01951,367,0.43,0.38,2021-07-24,2046,N,VIIRS,h,2,305.47,81.61,D,0
40.00971,-120.91655,350.91,0.43,0.38,2021-07-24,2046,N,VIIRS,n,2,319.13,24.45,D,0
40.01064,-120.91132,356.63,0.43,0.38,2021-07-24,2046,N,VIIRS,n,2,321.65,24.45,D,0
40.01069,-120.91444,352.6,0.43,0.38,2021-07-24,2046,N,VIIRS,n,2,315.24,26.99,D,0
40.01157,-120.9061,367,0.43,0.38,2021-07-24,2046,N,VIIRS,h,2,312.34,21.36,D,0
40.01165,-120.90921,355.6,0.43,0.38,2021-07-24,2046,N,VIIRS,n,2,319.85,26.99,D,0
40.01229,-121.00464,367,0.43,0.38,2021-07-24,2046,N,VIIRS,h,2,309.3,29.68,D,0
40.0125,-120.90089,340.3,0.43,0.38,2021-07-24,2046,N,VIIRS,n,2,310.91,21.36,D,0
40.01261,-120.90402,367,0.43,0.38,2021-07-24,2046,N,VIIRS,h,2,317.23,48.18,D,0
40.01263,-121.0424,367,0.43,0.38,2021-07-24,2046,N,VIIRS,h,2,304.09,31.2,D,0
40.0141,-120.91225,343.06,0.43,0.38,2021-07-24,2046,N,VIIRS,n,2,310.58,24.45,D,0
40.01415,-120.91536,334.87,0.43,0.38,2021-07-24,2046,N,VIIRS,l,2,309.45,26.99,D,0
40.01503,-120.90707,350.61,0.43,0.38,2021-07-24,2046,N,VIIRS,n,2,310.41,21.36,D,0
40.01595,-120.90189,350.4,0.43,0.38,2021-07-24,2046,N,VIIRS,n,2,323.81,21.36,D,0
40.01682,-121.39764,367,0.44,0.39,2021-07-24,2046,N,VIIRS,h,2,329.29,80.7,D,0
40.01688,-120.89668,367,0.43,0.38,2021-07-24,2046,N,VIIRS,h,2,318.97,60.21,D,0
40.017,-120.89984,356.49,0.43,0.38,2021-07-24,2046,N,VIIRS,n,2,318.82,48.18,D,0
40.01776,-121.39257,351.58,0.44,0.39,2021-07-24,2046,N,VIIRS,l,2,332.76,88.41,D,0
40.01782,-120.89137,367,0.43,0.38,2021-07-24,2046,N,VIIRS,h,2,339.92,60.21,D,0
40.01797,-120.89459,367,0.43,0.38,2021-07-24,2046,N,VIIRS,l,2,325.11,79.6,D,0
40.01895,-120.88928,367,0.43,0.38,2021-07-24,2046,N,VIIRS,l,2,331.53,79.6,D,0
40.0195,-120.90604,341.87,0.43,0.38,2021-07-24,2046,N,VIIRS,l,2,312.59,7.42,D,0
40.02045,-120.90084,339.66,0.43,0.38,2021-07-24,2046,N,VIIRS,l,2,311.33,7.42,D,0
40.02239,-120.89027,367,0.43,0.38,2021-07-24,2046,N,VIIRS,l,2,327.6,135.06,D,0
40.0226,-121.00793,333.08,0.43,0.38,2021-07-24,2046,N,VIIRS,n,2,301.4,5.1,D,0
40.02333,-120.88512,367,0.43,0.38,2021-07-24,2046,N,VIIRS,h,2,348.23,164.36,D,0
40.02677,-120.88614,367,0.43,0.38,2021-07-24,2046,N,VIIRS,l,2,325.61,164.36,D,0
40.02738,-120.90259,340.56,0.43,0.38,2021-07-24,2046,N,VIIRS,l,2,314.27,14.13,D,0
40.03022,-120.88708,354.22,0.43,0.38,2021-07-24,2046,N,VIIRS,n,2,319.51,52.12,D,0
40.03111,-120.88218,341.86,0.43,0.38,2021-07-24,2046,N,VIIRS,n,2,310.33,52.12,D,0
40.0316,-121.39449,348.58,0.44,0.39,2021-07-24,2046,N,VIIRS,n,2,307.06,9.49,D,0
40.03165,-121.39716,341.34,0.44,0.39,2021-07-24,2046,N,VIIRS,n,2,302.93,9.18,D,0
40.03349,-120.94839,367,0.43,0.38,2021-07-24,2046,N,VIIRS,h,2,308.51,14.09,D,0
40.03458,-120.883,333.08,0.43,0.38,2021-07-24,2046,N,VIIRS,n,2,299.96,52.12,D,0
40.03762,-121.40168,332.79,0.44,0.39,2021-07-24,2046,N,VIIRS,n,2,302.16,18.17,D,0
40.038,-121.00327,367,0.43,0.38,2021-07-24,2046,N,VIIRS,h,2,349.29,184.47,D,0
40.03857,-121.39658,347.24,0.44,0.39,2021-07-24,2046,N,VIIRS,n,2,305.35,15.68,D,0
40.04112,-121.40265,367,0.44,0.39,2021-07-24,2046,N,VIIRS,h,2,315.39,18.17,D,0
40.04146,-121.00423,367,0.43,0.38,2021-07-24,2046,N,VIIRS,h,2,325.1,184.47,D,0
40.04157,-120.25449,343.98,0.41,0.37,2021-07-24,2046,N,VIIRS,n,2,317.17,3.82,D,0
40.04237,-120.99924,367,0.43,0.38,2021-07-24,2046,N,VIIRS,h,2,303.25,77.27,D,0
40.04607,-121.41556,367,0.44,0.39,2021-07-24,2046,N,VIIRS,h,2,349.74,192.98,D,0
40.0471,-121.41011,367,0.44,0.39,2021-07-24,2046,N,VIIRS,h,2,317.05,75.67,D,0
40.04766,-120.93044,367,0.43,0.38,2021-07-24,2046,N,VIIRS,h,2,315.69,56.13,D,0
40.04858,-121.42181,367,0.44,0.39,2021-07-24,2046,N,VIIRS,h,2,338.67,73.6,D,0
40.04958,-120.91992,367,0.43,0.38,2021-07-24,2046,N,VIIRS,h,2,343.37,220.14,D,0
40.05208,-120.92609,367,0.43,0.38,2021-07-24,2046,N,VIIRS,h,2,326.07,147.92,D,0
40.05213,-121.42264,367,0.44,0.39,2021-07-24,2046,N,VIIRS,l,2,325.67,73.6,D,0
40.05303,-120.92085,367,0.43,0.38,2021-07-24,2046,N,VIIRS,l,2,330.4,147.92,D,0
40.05315,-121.41718,357.67,0.44,0.39,2021-07-24,2046,N,VIIRS,l,2,322.63,73.6,D,0
40.06351,-121.10289,339.94,0.43,0.38,2021-07-24,2046,N,VIIRS,n,2,308.09,31.82,D,0
40.06433,-120.97843,338.25,0.43,0.38,2021-07-24,2046,N,VIIRS,l,2,311.6,26.13,D,0
40.06781,-120.97928,345.13,0.43,0.38,2021-07-24,2046,N,VIIRS,n,2,307.37,26.13,D,0
40.06785,-121.09908,367,0.43,0.38,2021-07-24,2046,N,VIIRS,h,2,311.27,41.04,D,0
40.07127,-120.98015,337.86,0.43,0.38,2021-07-24,2046,N,VIIRS,l,2,312.15,56.04,D,0
40.09105,-121.01125,367,0.43,0.38,2021-07-24,2046,N,VIIRS,h,2,307.85,88.7,D,0
40.09514,-121.02882,367,0.43,0.38,2021-07-24,2046,N,VIIRS,h,2,341.15,143.99,D,0
40.10715,-121.42411,367,0.44,0.39,2021-07-24,2046,N,VIIRS,h,2,317.09,71.71,D,0
40.10969,-121.43031,352.43,0.44,0.39,2021-07-24,2046,N,VIIRS,l,2,332.22,71.71,D,0
40.12653,-121.41891,367,0.44,0.39,2021-07-24,2046,N,VIIRS,h,2,306.28,83.69,D,0
40.15714,-121.30914,367,0.44,0.38,2021-07-24,2046,N,VIIRS,h,2,304.68,31.06,D,0
40.17485,-121.21516,367,0.44,0.38,2021-07-24,2046,N,VIIRS,h,2,305.84,17.52,D,0
39.89751,-121.20402,319.55,0.46,0.63,2021-07-25,905,N,VIIRS,n,2,288.24,5.18,N,3
39.8977,-121.20907,322.59,0.46,0.63,2021-07-25,905,N,VIIRS,n,2,288.72,3.35,N,0
39.89789,-121.21423,305.19,0.46,0.63,2021-07-25,905,N,VIIRS,n,2,288.71,3.35,N,3
39.89945,-121.19929,342.75,0.46,0.63,2021-07-25,905,N,VIIRS,n,2,289.27,11.02,N,3
39.89968,-121.20452,367,0.46,0.63,2021-07-25,905,N,VIIRS,h,2,291,15.49,N,0
39.89989,-121.20966,344.96,0.46,0.63,2021-07-25,905,N,VIIRS,n,2,289.91,15.49,N,0
39.90012,-121.21493,329.77,0.46,0.63,2021-07-25,905,N,VIIRS,n,2,289.04,11.61,N,0
39.90302,-121.1927,301.22,0.46,0.63,2021-07-25,905,N,VIIRS,n,2,288.75,6.69,N,3
39.90321,-121.19798,367,0.46,0.63,2021-07-25,905,N,VIIRS,h,2,292.59,28.59,N,0
39.90341,-121.20324,367,0.46,0.63,2021-07-25,905,N,VIIRS,h,2,294.53,28.59,N,0
39.9036,-121.20848,367,0.46,0.63,2021-07-25,905,N,VIIRS,h,2,298.99,30.14,N,0
39.9038,-121.21375,354.12,0.46,0.63,2021-07-25,905,N,VIIRS,n,2,292.59,30.14,N,0
39.90422,-121.22512,314.5,0.46,0.63,2021-07-25,905,N,VIIRS,n,2,289.3,5.07,N,0
39.90445,-121.23117,315.45,0.46,0.63,2021-07-25,905,N,VIIRS,n,2,289.59,2.62,N,0
39.90465,-121.2367,307.99,0.46,0.63,2021-07-25,905,N,VIIRS,n,2,288.7,2.62,N,0
39.9087,-121.18627,312.2,0.45,0.63,2021-07-25,905,N,VIIRS,n,2,289.74,6.69,N,0
39.90889,-121.19141,353.27,0.46,0.63,2021-07-25,905,N,VIIRS,n,2,300.89,6.69,N,0
39.90907,-121.19609,367,0.46,0.63,2021-07-25,905,N,VIIRS,h,2,297.98,28.59,N,0
39.90925,-121.20098,367,0.46,0.63,2021-07-25,905,N,VIIRS,h,2,295.09,28.59,N,0
39.90944,-121.2058,367,0.46,0.63,2021-07-25,905,N,VIIRS,h,2,294.41,30.14,N,0
39.90961,-121.21062,315.26,0.46,0.63,2021-07-25,905,N,VIIRS,n,2,289.27,30.14,N,0
39.90982,-121.21597,308.91,0.46,0.63,2021-07-25,905,N,VIIRS,n,2,288.74,5.07,N,0
39.91005,-121.22232,303.43,0.46,0.63,2021-07-25,905,N,VIIRS,n,2,288.75,5.07,N,0
39.91035,-121.23063,310.5,0.46,0.63,2021-07-25,905,N,VIIRS,n,2,288.74,2.62,N,0
39.91064,-121.23829,332.2,0.46,0.63,2021-07-25,905,N,VIIRS,n,2,290.59,2.62,N,0
39.91457,-121.18493,347.75,0.45,0.63,2021-07-25,905,N,VIIRS,n,2,293.78,6.13,N,0
39.91476,-121.19006,342.16,0.46,0.63,2021-07-25,905,N,VIIRS,n,2,298.22,6.13,N,0
39.91492,-121.19427,322.95,0.46,0.63,2021-07-25,905,N,VIIRS,n,2,293.87,3.97,N,0
39.91509,-121.19865,302.47,0.46,0.63,2021-07-25,905,N,VIIRS,n,2,289.45,3.97,N,0
39.92043,-121.18333,326.63,0.45,0.63,2021-07-25,905,N,VIIRS,n,2,292.19,6.13,N,0
39.92062,-121.18848,323.72,0.46,0.63,2021-07-25,905,N,VIIRS,n,2,294.03,6.13,N,0
39.92078,-121.19267,323.93,0.46,0.63,2021-07-25,905,N,VIIRS,n,2,295.28,3.97,N,0
39.92095,-121.19676,316.73,0.46,0.63,2021-07-25,905,N,VIIRS,n,2,293.82,3.97,N,0
39.92111,-121.20113,308.51,0.46,0.63,2021-07-25,905,N,VIIRS,n,2,290.03,2.35,N,0
39.9213,-121.20599,302.83,0.46,0.63,2021-07-25,905,N,VIIRS,n,2,288.42,2.35,N,0
39.92629,-121.18188,335.87,0.45,0.63,2021-07-25,905,N,VIIRS,n,2,291.34,6.18,N,0
39.92649,-121.18707,336.81,0.46,0.63,2021-07-25,905,N,VIIRS,n,2,295.3,6.18,N,0
39.92667,-121.19163,324.94,0.46,0.63,2021-07-25,905,N,VIIRS,n,2,294.35,3.69,N,0
39.92684,-121.19614,305.95,0.46,0.63,2021-07-25,905,N,VIIRS,n,2,290.43,3.69,N,0
39.92704,-121.20119,313.37,0.46,0.63,2021-07-25,905,N,VIIRS,n,2,290.54,1.97,N,0
39.92725,-121.20672,300.86,0.46,0.63,2021-07-25,905,N,VIIRS,n,2,288.4,1.97,N,0
39.93216,-121.18043,334.89,0.45,0.63,2021-07-25,905,N,VIIRS,n,2,290.86,6.18,N,0
39.93237,-121.18584,337.55,0.46,0.63,2021-07-25,905,N,VIIRS,n,2,295.19,6.18,N,0
39.93256,-121.19093,317.21,0.46,0.63,2021-07-25,905,N,VIIRS,n,2,289.56,3.69,N,0
39.93275,-121.19595,300.78,0.46,0.63,2021-07-25,905,N,VIIRS,n,2,287.46,3.69,N,0
39.93801,-121.17874,350.62,0.45,0.63,2021-07-25,905,N,VIIRS,n,2,291.29,6.33,N,0
39.93824,-121.18458,330.56,0.46,0.63,2021-07-25,905,N,VIIRS,n,2,290.21,6.33,N,0
39.93846,-121.19033,304.29,0.46,0.63,2021-07-25,905,N,VIIRS,n,2,287.26,2.12,N,0
39.93867,-121.19578,299.9,0.46,0.63,2021-07-25,905,N,VIIRS,n,2,287.34,2.12,N,0
39.9402,-121.23505,301.17,0.46,0.63,2021-07-25,905,N,VIIRS,n,2,286.36,0.62,N,0
39.9441,-121.18327,335.97,0.46,0.63,2021-07-25,905,N,VIIRS,n,2,290.54,6.33,N,0
39.94433,-121.18897,308.47,0.46,0.63,2021-07-25,905,N,VIIRS,n,2,289.28,2.12,N,0
39.94455,-121.19447,303.37,0.46,0.63,2021-07-25,905,N,VIIRS,n,2,288.58,2.12,N,0
39.9495,-121.1701,339.77,0.45,0.63,2021-07-25,905,N,VIIRS,n,2,288.55,15.73,N,0
39.94973,-121.17601,367,0.45,0.63,2021-07-25,905,N,VIIRS,h,2,298.38,18.04,N,0
39.94997,-121.18183,367,0.46,0.63,2021-07-25,905,N,VIIRS,h,2,299,18.04,N,0
39.9502,-121.18758,325.37,0.46,0.63,2021-07-25,905,N,VIIRS,n,2,289.98,4.63,N,0
39.95041,-121.19308,306.62,0.46,0.63,2021-07-25,905,N,VIIRS,n,2,288.71,4.63,N,0
39.95365,-121.12643,304.22,0.45,0.63,2021-07-25,905,N,VIIRS,n,2,287.57,2.33,N,0
39.95403,-121.1358,314.83,0.45,0.63,2021-07-25,905,N,VIIRS,n,2,288.12,6.95,N,0
39.95443,-121.14547,347.38,0.45,0.63,2021-07-25,905,N,VIIRS,n,2,290.85,7.66,N,0
39.9546,-121.14989,329.01,0.45,0.63,2021-07-25,905,N,VIIRS,n,2,288.55,7.66,N,0
39.95583,-121.18031,319.98,0.46,0.63,2021-07-25,905,N,VIIRS,n,2,288.07,18.04,N,0
39.95606,-121.18617,325.75,0.46,0.63,2021-07-25,905,N,VIIRS,n,2,290.32,4.63,N,0
39.95629,-121.1918,304.56,0.46,0.63,2021-07-25,905,N,VIIRS,n,2,288.83,4.63,N,0
39.95932,-121.12071,314.92,0.45,0.63,2021-07-25,905,N,VIIRS,n,2,289.44,6.47,N,0
39.95951,-121.12533,367,0.45,0.63,2021-07-25,905,N,VIIRS,h,2,295.71,10.51,N,0
39.95971,-121.13016,351.73,0.45,0.63,2021-07-25,905,N,VIIRS,n,2,294.79,10.51,N,0
39.95991,-121.13525,337.72,0.45,0.63,2021-07-25,905,N,VIIRS,n,2,291.66,6.16,N,0
39.96012,-121.14017,349.53,0.45,0.63,2021-07-25,905,N,VIIRS,n,2,297.19,6.16,N,0
39.96032,-121.14502,341.94,0.45,0.63,2021-07-25,905,N,VIIRS,n,2,297.04,7.71,N,0
39.96052,-121.15003,349.04,0.45,0.63,2021-07-25,905,N,VIIRS,n,2,296.82,7.71,N,0
39.96071,-121.15485,328.14,0.45,0.63,2021-07-25,905,N,VIIRS,n,2,289.43,4.45,N,0
39.96088,-121.1591,314.44,0.45,0.63,2021-07-25,905,N,VIIRS,n,2,289.39,4.45,N,0
39.96106,-121.16348,314.65,0.45,0.63,2021-07-25,905,N,VIIRS,n,2,289.58,2.93,N,0
39.96125,-121.16817,321.93,0.45,0.63,2021-07-25,905,N,VIIRS,n,2,290.33,2.93,N,0
39.96147,-121.1734,299.56,0.45,0.63,2021-07-25,905,N,VIIRS,n,2,287.27,3.04,N,0
39.9617,-121.17918,310.51,0.46,0.63,2021-07-25,905,N,VIIRS,n,2,287.79,3.04,N,0
39.96194,-121.1851,325.77,0.46,0.63,2021-07-25,905,N,VIIRS,n,2,290.43,2.86,N,0
39.96217,-121.19087,307.74,0.46,0.63,2021-07-25,905,N,VIIRS,n,2,289.29,2.86,N,0
39.96239,-121.1963,311.7,0.46,0.63,2021-07-25,905,N,VIIRS,n,2,288.89,3.19,N,0
39.96428,-121.09801,302.81,0.45,0.63,2021-07-25,905,N,VIIRS,n,2,289.66,1.39,N,0
39.96446,-121.10222,308.53,0.45,0.63,2021-07-25,905,N,VIIRS,n,2,289.99,1.39,N,0
39.96463,-121.10655,312.02,0.45,0.63,2021-07-25,905,N,VIIRS,n,2,290.24,2.66,N,0
39.96482,-121.11096,321.29,0.45,0.63,2021-07-25,905,N,VIIRS,n,2,291.05,2.66,N,0
39.96519,-121.11985,316.06,0.45,0.63,2021-07-25,905,N,VIIRS,n,2,289.51,6.47,N,0
39.96538,-121.12446,347.41,0.45,0.63,2021-07-25,905,N,VIIRS,n,2,295.87,10.51,N,0
39.96558,-121.12928,325.5,0.45,0.63,2021-07-25,905,N,VIIRS,n,2,294.12,10.51,N,0
39.96579,-121.13441,308.09,0.45,0.63,2021-07-25,905,N,VIIRS,n,2,290.66,6.16,N,0
39.966,-121.13963,307.04,0.45,0.63,2021-07-25,905,N,VIIRS,n,2,289.83,6.16,N,0
39.96622,-121.14494,300.91,0.45,0.63,2021-07-25,905,N,VIIRS,n,2,288.16,7.71,N,0
39.96667,-121.15594,312.17,0.45,0.63,2021-07-25,905,N,VIIRS,n,2,290.19,4.45,N,0
39.96747,-121.17552,311.75,0.45,0.63,2021-07-25,905,N,VIIRS,n,2,288.81,3.04,N,0
39.96767,-121.18059,340.03,0.46,0.63,2021-07-25,905,N,VIIRS,n,2,293.04,3.04,N,0
39.96783,-121.09394,308.28,0.45,0.63,2021-07-25,905,N,VIIRS,n,2,290.07,1.76,N,0
39.96788,-121.18563,312.53,0.46,0.63,2021-07-25,905,N,VIIRS,n,2,290.08,2.86,N,0
39.96799,-121.09831,315.34,0.45,0.63,2021-07-25,905,N,VIIRS,n,2,291.55,1.76,N,0
39.9681,-121.19102,301.8,0.46,0.63,2021-07-25,905,N,VIIRS,n,2,288.76,2.86,N,0
39.96815,-121.10264,312.37,0.45,0.63,2021-07-25,905,N,VIIRS,n,2,291.25,2.99,N,0
39.96831,-121.10708,315.28,0.45,0.63,2021-07-25,905,N,VIIRS,n,2,290.56,2.99,N,0
39.96847,-121.11152,315.63,0.45,0.63,2021-07-25,905,N,VIIRS,n,2,290.69,3.83,N,0
39.96878,-121.12018,303.03,0.45,0.63,2021-07-25,905,N,VIIRS,n,2,288.74,1.61,N,0
39.96894,-121.12466,317.55,0.45,0.63,2021-07-25,905,N,VIIRS,n,2,290.66,1.61,N,0
39.96912,-121.12939,307.54,0.45,0.63,2021-07-25,905,N,VIIRS,n,2,290.21,2.83,N,0
39.96999,-121.09338,308.74,0.45,0.63,2021-07-25,905,N,VIIRS,n,2,290.17,2.67,N,0
39.97018,-121.09785,318.18,0.45,0.63,2021-07-25,905,N,VIIRS,n,2,292.01,2.46,N,0
39.97035,-121.1022,304.89,0.45,0.63,2021-07-25,905,N,VIIRS,n,2,290.78,2.46,N,0
39.97369,-121.09313,317.34,0.45,0.63,2021-07-25,905,N,VIIRS,n,2,290.35,1.76,N,0
39.97387,-121.09793,309.65,0.45,0.63,2021-07-25,905,N,VIIRS,n,2,290.79,1.76,N,0
39.97584,-121.09232,328.93,0.45,0.63,2021-07-25,905,N,VIIRS,n,2,290.86,2.67,N,0
39.97604,-121.09727,303.59,0.45,0.63,2021-07-25,905,N,VIIRS,n,2,289.95,2.46,N,0
39.97934,-121.08639,303.1,0.45,0.63,2021-07-25,905,N,VIIRS,n,2,289.42,3.25,N,0
39.97954,-121.09178,338.72,0.45,0.63,2021-07-25,905,N,VIIRS,n,2,291.99,3.8,N,0
39.97973,-121.09707,305.1,0.45,0.63,2021-07-25,905,N,VIIRS,n,2,289.42,3.8,N,0
39.98144,-121.08542,311.31,0.45,0.63,2021-07-25,905,N,VIIRS,n,2,289.93,3.9,N,0
39.98167,-121.09081,330.39,0.45,0.63,2021-07-25,905,N,VIIRS,n,2,291.28,3.9,N,0
39.98189,-121.09607,309.26,0.45,0.63,2021-07-25,905,N,VIIRS,n,2,289.73,5.07,N,0
39.98499,-121.07962,319,0.45,0.63,2021-07-25,905,N,VIIRS,n,2,291.04,3.25,N,0
39.98519,-121.08499,335.89,0.45,0.63,2021-07-25,905,N,VIIRS,n,2,292.45,3.25,N,0
39.98538,-121.09024,309.2,0.45,0.63,2021-07-25,905,N,VIIRS,n,2,289.9,3.8,N,0
39.98684,-121.07382,303.84,0.45,0.63,2021-07-25,905,N,VIIRS,n,2,289.87,3.37,N,0
39.98707,-121.07927,327.65,0.45,0.63,2021-07-25,905,N,VIIRS,n,2,292.51,3.37,N,0
39.98729,-121.0844,340.78,0.45,0.63,2021-07-25,905,N,VIIRS,n,2,293.86,3.9,N,0
39.98751,-121.08953,308.59,0.45,0.63,2021-07-25,905,N,VIIRS,n,2,290.36,3.9,N,0
39.99072,-121.07528,325.26,0.45,0.63,2021-07-25,905,N,VIIRS,n,2,291.82,3.05,N,0
39.99092,-121.0807,322.95,0.45,0.63,2021-07-25,905,N,VIIRS,n,2,292.92,5.03,N,0
39.9911,-121.08575,321.7,0.45,0.63,2021-07-25,905,N,VIIRS,n,2,292.19,5.03,N,0
39.99129,-121.09052,303.34,0.45,0.63,2021-07-25,905,N,VIIRS,n,2,290.12,2.62,N,0
39.99282,-121.07588,324.98,0.45,0.63,2021-07-25,905,N,VIIRS,n,2,291.83,3.65,N,0
39.99305,-121.08117,314.73,0.45,0.63,2021-07-25,905,N,VIIRS,n,2,292.25,3.65,N,0
39.99326,-121.08601,307.47,0.45,0.63,2021-07-25,905,N,VIIRS,n,2,291.38,4.01,N,0
39.99517,-121.03724,317.79,0.45,0.63,2021-07-25,905,N,VIIRS,n,2,290.43,1.86,N,0
39.99536,-121.04221,302.22,0.45,0.63,2021-07-25,905,N,VIIRS,n,2,289.92,1.86,N,0
39.99649,-121.07249,314.08,0.45,0.63,2021-07-25,905,N,VIIRS,n,2,290.73,3.05,N,0
39.9967,-121.07793,326.9,0.45,0.63,2021-07-25,905,N,VIIRS,n,2,292.66,3.05,N,0
39.99681,-121.03229,319.39,0.45,0.63,2021-07-25,905,N,VIIRS,n,2,290.54,3.07,N,0
39.99702,-121.03709,324.75,0.45,0.63,2021-07-25,905,N,VIIRS,n,2,291.63,3.07,N,0
39.99723,-121.04203,307.94,0.45,0.63,2021-07-25,905,N,VIIRS,n,2,290.22,3.3,N,0
39.99859,-121.07317,308.04,0.45,0.63,2021-07-25,905,N,VIIRS,n,2,290.73,3.62,N,0
39.99882,-121.07848,325.9,0.45,0.63,2021-07-25,905,N,VIIRS,n,2,292.91,3.65,N,0
40.00046,-121.02193,313.67,0.45,0.63,2021-07-25,905,N,VIIRS,n,2,290.26,4.41,N,0
40.00066,-121.02721,320.71,0.45,0.63,2021-07-25,905,N,VIIRS,n,2,290.47,3.55,N,0
40.00086,-121.03244,337.49,0.45,0.63,2021-07-25,905,N,VIIRS,n,2,293.41,3.55,N,0
40.00106,-121.03769,314.58,0.45,0.63,2021-07-25,905,N,VIIRS,n,2,291.82,3.33,N,0
40.00127,-121.043,324.92,0.45,0.63,2021-07-25,905,N,VIIRS,n,2,291.51,3.33,N,0
40.00148,-121.0486,305.84,0.45,0.63,2021-07-25,905,N,VIIRS,n,2,290.18,2.32,N,0
40.0022,-120.91655,301.89,0.44,0.62,2021-07-25,905,N,VIIRS,n,2,288.76,0.97,N,0
40.00267,-121.08017,306.95,0.45,0.63,2021-07-25,905,N,VIIRS,n,2,291.23,2.06,N,0
40.00574,-121.00653,343.16,0.45,0.63,2021-07-25,905,N,VIIRS,n,2,290.58,9.66,N,0
40.00591,-121.01112,355.3,0.45,0.63,2021-07-25,905,N,VIIRS,n,2,294.17,9.66,N,0
40.00613,-121.01662,318.36,0.45,0.63,2021-07-25,905,N,VIIRS,n,2,292.23,4.41,N,0
40.00634,-121.02229,323.41,0.45,0.63,2021-07-25,905,N,VIIRS,n,2,292.6,4.41,N,0
40.00656,-121.02769,315.97,0.45,0.63,2021-07-25,905,N,VIIRS,n,2,292.02,3.55,N,0
40.00679,-121.03365,305.03,0.45,0.63,2021-07-25,905,N,VIIRS,n,2,291.42,3.55,N,0
40.00723,-121.04519,304.14,0.45,0.63,2021-07-25,905,N,VIIRS,n,2,291.68,3.33,N,0
40.00745,-121.05105,321.99,0.45,0.63,2021-07-25,905,N,VIIRS,n,2,292.53,2.32,N,0
40.00769,-121.05726,303.02,0.45,0.63,2021-07-25,905,N,VIIRS,n,2,290.07,2.32,N,0
40.00769,-120.90745,328.6,0.44,0.62,2021-07-25,905,N,VIIRS,n,2,290.52,3.18,N,0
40.00795,-120.91389,322.44,0.44,0.62,2021-07-25,905,N,VIIRS,n,2,291.39,3.18,N,0
40.00865,-121.08248,309.76,0.45,0.63,2021-07-25,905,N,VIIRS,n,2,291.16,2.06,N,0
40.00885,-121.08764,318.61,0.45,0.63,2021-07-25,905,N,VIIRS,n,2,291.72,4.56,N,0
40.00967,-121.33553,300.84,0.46,0.64,2021-07-25,905,N,VIIRS,n,2,287.93,1.2,N,0
40.0116,-121.00639,325.39,0.45,0.63,2021-07-25,905,N,VIIRS,n,2,292.6,3.39,N,0
40.01178,-121.01102,316.36,0.45,0.63,2021-07-25,905,N,VIIRS,n,2,293.07,3.39,N,0
40.01187,-121.38934,304.96,0.47,0.64,2021-07-25,905,N,VIIRS,n,2,285.28,1.33,N,0
40.01202,-121.01709,310.82,0.45,0.63,2021-07-25,905,N,VIIRS,n,2,292.26,3.57,N,0
40.01209,-121.3948,299.94,0.47,0.64,2021-07-25,905,N,VIIRS,n,2,285,1.44,N,0
40.01316,-120.89809,303.54,0.44,0.62,2021-07-25,905,N,VIIRS,n,2,289.35,1.97,N,0
40.01323,-121.04826,320.51,0.45,0.63,2021-07-25,905,N,VIIRS,n,2,291.73,3.32,N,0
40.01342,-120.90477,313.71,0.44,0.62,2021-07-25,905,N,VIIRS,n,2,290.92,3.18,N,0
40.01344,-121.05383,314.89,0.45,0.63,2021-07-25,905,N,VIIRS,n,2,291.69,3.82,N,0
40.01401,-121.38963,319.96,0.47,0.64,2021-07-25,905,N,VIIRS,n,2,288.33,2.07,N,0
40.0142,-121.3951,309.39,0.47,0.64,2021-07-25,905,N,VIIRS,n,2,286.99,2.07,N,0
40.01459,-121.0838,313.3,0.45,0.63,2021-07-25,905,N,VIIRS,n,2,290.53,1.45,N,0
40.01479,-121.08884,303.75,0.45,0.63,2021-07-25,905,N,VIIRS,n,2,290.38,2.09,N,0
40.01624,-121.12657,308.99,0.45,0.63,2021-07-25,905,N,VIIRS,n,2,290.23,4.21,N,0
40.01715,-121.15074,307.48,0.45,0.63,2021-07-25,905,N,VIIRS,n,2,289.65,1.34,N,0
40.01836,-120.88215,301.74,0.44,0.62,2021-07-25,905,N,VIIRS,n,2,286.98,3.15,N,0
40.01862,-120.88858,314.56,0.44,0.62,2021-07-25,905,N,VIIRS,n,2,290,2.5,N,0
40.01892,-120.89637,302.5,0.44,0.62,2021-07-25,905,N,VIIRS,n,2,289.57,2.5,N,0
40.02016,-121.39436,302.07,0.47,0.64,2021-07-25,905,N,VIIRS,n,2,287.71,2.07,N,0
40.02035,-121.39964,305.37,0.47,0.64,2021-07-25,905,N,VIIRS,n,2,286.82,2.61,N,0
40.02172,-121.11561,308.36,0.45,0.63,2021-07-25,905,N,VIIRS,n,2,290.41,1.89,N,0
40.0219,-121.12043,305.35,0.45,0.63,2021-07-25,905,N,VIIRS,n,2,290.29,2.86,N,0
40.02208,-121.12505,327.15,0.45,0.63,2021-07-25,905,N,VIIRS,n,2,291.31,2.86,N,0
40.02394,-120.8763,309,0.44,0.62,2021-07-25,905,N,VIIRS,n,2,289.87,3.15,N,0
40.02416,-120.88145,340.57,0.44,0.62,2021-07-25,905,N,VIIRS,n,2,293.41,3.15,N,0
40.02439,-120.88709,319.23,0.44,0.62,2021-07-25,905,N,VIIRS,n,2,290.94,2.5,N,0
40.02466,-120.89371,300.9,0.44,0.62,2021-07-25,905,N,VIIRS,n,2,288.95,2.5,N,0
40.0276,-121.11496,310.36,0.45,0.63,2021-07-25,905,N,VIIRS,n,2,290.17,1.51,N,0
40.02784,-120.97232,322.08,0.44,0.63,2021-07-25,905,N,VIIRS,n,2,290.47,4.64,N,0
40.02801,-120.97638,346.23,0.44,0.63,2021-07-25,905,N,VIIRS,n,2,293.33,7.15,N,0
40.02819,-120.98082,330.55,0.44,0.63,2021-07-25,905,N,VIIRS,n,2,292.14,7.15,N,0
40.02839,-120.98592,309.04,0.44,0.63,2021-07-25,905,N,VIIRS,n,2,291.32,2.77,N,0
40.02861,-120.99126,310,0.44,0.63,2021-07-25,905,N,VIIRS,n,2,291.44,2.77,N,0
40.02935,-120.86599,325.42,0.44,0.62,2021-07-25,905,N,VIIRS,n,2,289.56,10.7,N,0
40.02954,-120.87057,367,0.44,0.62,2021-07-25,905,N,VIIRS,h,2,293.9,10.7,N,0
40.02976,-120.87585,329.86,0.44,0.62,2021-07-25,905,N,VIIRS,n,2,292.33,8.07,N,0
40.02997,-120.88097,329.34,0.44,0.62,2021-07-25,905,N,VIIRS,n,2,292.99,8.07,N,0
40.03018,-120.88593,354.5,0.44,0.62,2021-07-25,905,N,VIIRS,n,2,294.22,5.69,N,0
40.0304,-120.89133,307.36,0.44,0.62,2021-07-25,905,N,VIIRS,n,2,289.25,5.69,N,0
40.03215,-121.39518,298.35,0.47,0.64,2021-07-25,905,N,VIIRS,n,2,286.44,1.27,N,0
40.03294,-120.95345,303.57,0.44,0.63,2021-07-25,905,N,VIIRS,n,2,290.71,1.57,N,0
40.03312,-121.10513,305.34,0.45,0.63,2021-07-25,905,N,VIIRS,n,2,291.05,1.51,N,0
40.03324,-120.96095,316.17,0.44,0.63,2021-07-25,905,N,VIIRS,n,2,291.38,1.57,N,0
40.0335,-120.96745,316.19,0.44,0.63,2021-07-25,905,N,VIIRS,n,2,290.81,2.24,N,0
40.03373,-120.97289,324.27,0.44,0.63,2021-07-25,905,N,VIIRS,n,2,292.16,2.24,N,0
40.03392,-120.97773,312.01,0.44,0.63,2021-07-25,905,N,VIIRS,n,2,291.65,2.5,N,0
40.03413,-120.98283,309.79,0.44,0.63,2021-07-25,905,N,VIIRS,n,2,291.92,2.5,N,0
40.03435,-120.98824,305.53,0.44,0.63,2021-07-25,905,N,VIIRS,n,2,291.35,1.8,N,0
40.03458,-120.99384,308.21,0.44,0.63,2021-07-25,905,N,VIIRS,n,2,291.58,1.8,N,0
40.03485,-120.85812,354.96,0.44,0.62,2021-07-25,905,N,VIIRS,n,2,292.68,15.69,N,0
40.03502,-120.86227,367,0.44,0.62,2021-07-25,905,N,VIIRS,h,2,295.54,15.69,N,0
40.03518,-120.86611,355.65,0.44,0.62,2021-07-25,905,N,VIIRS,n,2,297.19,10.7,N,0
40.03535,-120.86998,345.33,0.44,0.62,2021-07-25,905,N,VIIRS,n,2,297.58,10.7,N,0
40.03553,-120.87424,340.63,0.44,0.62,2021-07-25,905,N,VIIRS,n,2,297.04,8.07,N,0
40.03558,-121.16824,307.39,0.45,0.63,2021-07-25,905,N,VIIRS,n,2,289.45,1.74,N,0
40.03572,-120.8789,321.76,0.44,0.62,2021-07-25,905,N,VIIRS,n,2,292.03,8.07,N,0
40.03576,-121.17257,314.18,0.45,0.63,2021-07-25,905,N,VIIRS,n,2,290.2,2.92,N,0
40.03593,-120.88395,337.5,0.44,0.62,2021-07-25,905,N,VIIRS,n,2,292.78,5.69,N,0
40.03616,-120.8893,325.93,0.44,0.62,2021-07-25,905,N,VIIRS,n,2,290,5.69,N,0
40.0364,-120.89523,313.41,0.44,0.62,2021-07-25,905,N,VIIRS,n,2,288.99,4.88,N,0
40.03832,-121.40005,316.08,0.47,0.64,2021-07-25,905,N,VIIRS,n,2,288.19,1.87,N,0
40.03854,-121.40597,308.94,0.47,0.64,2021-07-25,905,N,VIIRS,n,2,287.4,1.87,N,0
40.03871,-120.95131,302.6,0.44,0.63,2021-07-25,905,N,VIIRS,n,2,290.36,1.57,N,0
40.03898,-120.95794,313.54,0.44,0.63,2021-07-25,905,N,VIIRS,n,2,291.92,1.57,N,0
40.0393,-120.96577,305.78,0.44,0.63,2021-07-25,905,N,VIIRS,n,2,290.67,2.24,N,0
40.03958,-120.97276,306.88,0.44,0.63,2021-07-25,905,N,VIIRS,n,2,291.61,2.24,N,0
40.03982,-120.97861,310.18,0.44,0.63,2021-07-25,905,N,VIIRS,n,2,291.7,2.5,N,0
40.04023,-120.98866,307.39,0.44,0.63,2021-07-25,905,N,VIIRS,n,2,291.24,1.8,N,0
40.04052,-120.85436,300.87,0.44,0.62,2021-07-25,905,N,VIIRS,n,2,289.84,3.72,N,0
40.04069,-120.85847,355.14,0.44,0.62,2021-07-25,905,N,VIIRS,n,2,296.84,22.07,N,0
40.04086,-120.86236,367,0.44,0.62,2021-07-25,905,N,VIIRS,h,2,306.7,22.07,N,0
40.04101,-120.86606,367,0.44,0.62,2021-07-25,905,N,VIIRS,h,2,298.79,16.93,N,0
40.04117,-120.86971,341.25,0.44,0.62,2021-07-25,905,N,VIIRS,n,2,296.03,16.93,N,0
40.04133,-120.87358,343.15,0.44,0.62,2021-07-25,905,N,VIIRS,n,2,295.3,6.83,N,0
40.04141,-121.16593,305.26,0.45,0.63,2021-07-25,905,N,VIIRS,n,2,290.15,1.56,N,0
40.0415,-120.87766,319.66,0.44,0.62,2021-07-25,905,N,VIIRS,n,2,289.23,6.83,N,0
40.04159,-121.17044,311.05,0.45,0.63,2021-07-25,905,N,VIIRS,n,2,290.02,2.49,N,0
40.04169,-120.8822,300.53,0.44,0.62,2021-07-25,905,N,VIIRS,n,2,288.12,2.99,N,0
40.0419,-120.88719,329.35,0.44,0.62,2021-07-25,905,N,VIIRS,n,2,290.89,2.99,N,0
40.04214,-120.893,314.58,0.44,0.62,2021-07-25,905,N,VIIRS,n,2,289.6,2.7,N,0
40.04242,-120.89954,300.33,0.44,0.62,2021-07-25,905,N,VIIRS,n,2,288.52,2.7,N,0
40.04445,-120.94846,304.61,0.44,0.63,2021-07-25,905,N,VIIRS,n,2,290.77,2.03,N,0
40.04446,-121.40425,299.36,0.47,0.64,2021-07-25,905,N,VIIRS,n,2,288.53,1.87,N,0
40.04475,-121.41212,306.6,0.47,0.64,2021-07-25,905,N,VIIRS,n,2,288.69,1.69,N,0
40.04475,-120.95573,316.32,0.44,0.63,2021-07-25,905,N,VIIRS,n,2,292.04,2.03,N,0
40.04499,-121.41899,303.51,0.47,0.64,2021-07-25,905,N,VIIRS,n,2,287.2,1.69,N,0
40.04506,-120.96333,326.92,0.44,0.63,2021-07-25,905,N,VIIRS,n,2,292.11,3.06,N,0
40.04535,-120.97047,310.66,0.44,0.63,2021-07-25,905,N,VIIRS,n,2,290.99,3.06,N,0
40.04564,-120.97752,309.89,0.44,0.63,2021-07-25,905,N,VIIRS,n,2,291.82,1.6,N,0
40.04585,-120.98254,308.89,0.44,0.63,2021-07-25,905,N,VIIRS,n,2,291.59,1.6,N,0
40.04602,-120.98669,305.68,0.44,0.63,2021-07-25,905,N,VIIRS,n,2,290.77,3.73,N,0
40.04668,-120.86229,301.32,0.44,0.62,2021-07-25,905,N,VIIRS,n,2,289.61,22.07,N,0
40.04684,-120.86617,327.19,0.44,0.62,2021-07-25,905,N,VIIRS,n,2,291.35,16.93,N,0
40.04701,-120.87003,367,0.44,0.62,2021-07-25,905,N,VIIRS,h,2,301.23,16.93,N,0
40.04718,-120.8739,332.69,0.44,0.62,2021-07-25,905,N,VIIRS,n,2,293.89,6.83,N,0
40.04734,-120.87785,300.71,0.44,0.62,2021-07-25,905,N,VIIRS,n,2,288.75,6.83,N,0
40.04752,-120.88196,319.44,0.44,0.62,2021-07-25,905,N,VIIRS,n,2,289.34,2.99,N,0
40.0477,-120.88641,326.68,0.44,0.62,2021-07-25,905,N,VIIRS,n,2,290.47,2.99,N,0
40.04794,-120.89191,323.09,0.44,0.62,2021-07-25,905,N,VIIRS,n,2,292.03,2.7,N,0
40.04819,-120.89797,307.64,0.44,0.62,2021-07-25,905,N,VIIRS,n,2,290.09,2.7,N,0
40.04846,-120.90437,311.2,0.44,0.62,2021-07-25,905,N,VIIRS,n,2,290.03,2.75,N,0
40.0488,-120.91244,316.74,0.44,0.62,2021-07-25,905,N,VIIRS,n,2,290.2,2.75,N,0
40.04914,-120.92044,305.63,0.44,0.62,2021-07-25,905,N,VIIRS,n,2,290.25,3.56,N,0
40.04995,-120.93985,312.57,0.44,0.62,2021-07-25,905,N,VIIRS,n,2,291.47,3.96,N,0
40.05023,-120.94669,313.52,0.44,0.63,2021-07-25,905,N,VIIRS,n,2,291.61,2.03,N,0
40.05062,-120.95616,305.36,0.44,0.63,2021-07-25,905,N,VIIRS,n,2,290.94,2.03,N,0
40.05114,-121.42299,309.3,0.47,0.64,2021-07-25,905,N,VIIRS,n,2,290.22,2.54,N,0
40.05123,-120.97092,307.29,0.44,0.63,2021-07-25,905,N,VIIRS,n,2,291.94,3.06,N,0
40.05137,-121.42943,337.21,0.47,0.64,2021-07-25,905,N,VIIRS,n,2,291,2.54,N,0
40.05146,-120.97645,306.55,0.44,0.63,2021-07-25,905,N,VIIRS,n,2,291.67,1.6,N,0
40.05153,-121.12254,305.17,0.45,0.63,2021-07-25,905,N,VIIRS,n,2,288.37,1.49,N,0
40.05167,-120.98124,306.32,0.44,0.63,2021-07-25,905,N,VIIRS,n,2,292.05,1.6,N,0
40.05326,-120.87991,318.02,0.44,0.62,2021-07-25,905,N,VIIRS,n,2,289.35,4.38,N,0
40.05343,-120.88379,341.62,0.44,0.62,2021-07-25,905,N,VIIRS,n,2,291.33,4.43,N,0
40.0536,-120.8879,304.11,0.44,0.62,2021-07-25,905,N,VIIRS,n,2,289.3,4.43,N,0
40.0538,-120.89262,318.69,0.44,0.62,2021-07-25,905,N,VIIRS,n,2,290.89,4.36,N,0
40.05402,-120.8978,342.69,0.44,0.62,2021-07-25,905,N,VIIRS,n,2,293.14,4.36,N,0
40.05429,-120.90408,346.46,0.44,0.62,2021-07-25,905,N,VIIRS,n,2,292.5,5.64,N,0
40.05457,-120.91064,322.85,0.44,0.62,2021-07-25,905,N,VIIRS,n,2,290.48,5.64,N,0
40.05487,-120.91772,317.5,0.44,0.62,2021-07-25,905,N,VIIRS,n,2,288.71,1.87,N,0
40.05516,-120.92478,307.8,0.44,0.62,2021-07-25,905,N,VIIRS,n,2,289,1.87,N,0
40.05545,-120.93155,313.04,0.44,0.62,2021-07-25,905,N,VIIRS,n,2,290.89,2.39,N,0
40.05574,-120.93851,312.11,0.44,0.62,2021-07-25,905,N,VIIRS,n,2,291.41,2.39,N,0
40.05605,-120.94602,311.31,0.44,0.63,2021-07-25,905,N,VIIRS,n,2,291.72,2.34,N,0
40.05654,-120.95753,308.74,0.44,0.63,2021-07-25,905,N,VIIRS,n,2,291.36,2.34,N,0
40.05686,-120.96519,304.54,0.44,0.63,2021-07-25,905,N,VIIRS,n,2,291.08,2.59,N,0
40.05701,-121.41965,312.47,0.47,0.64,2021-07-25,905,N,VIIRS,n,2,290.42,2.54,N,0
40.05701,-121.11179,318.2,0.45,0.63,2021-07-25,905,N,VIIRS,n,2,288.33,1.49,N,0
40.05706,-120.96995,306.91,0.44,0.63,2021-07-25,905,N,VIIRS,n,2,291.56,2.59,N,0
40.05725,-121.42631,303.71,0.47,0.64,2021-07-25,905,N,VIIRS,n,2,288.74,2.54,N,0
40.05725,-120.97444,317.91,0.44,0.63,2021-07-25,905,N,VIIRS,n,2,292.45,2.59,N,0
40.05743,-120.97884,311.83,0.44,0.63,2021-07-25,905,N,VIIRS,n,2,291.94,2.59,N,0
40.06006,-120.90245,308.51,0.44,0.62,2021-07-25,905,N,VIIRS,n,2,290.14,4.36,N,0
40.06027,-120.90726,312.95,0.44,0.62,2021-07-25,905,N,VIIRS,n,2,289.89,5.64,N,0
40.06068,-120.91701,303.93,0.44,0.62,2021-07-25,905,N,VIIRS,n,2,289.1,1.87,N,0
40.06095,-120.92321,317.03,0.44,0.62,2021-07-25,905,N,VIIRS,n,2,289.51,1.87,N,0
40.06123,-120.92993,313.19,0.44,0.62,2021-07-25,905,N,VIIRS,n,2,290.05,2.39,N,0
40.06153,-120.93705,320.5,0.44,0.62,2021-07-25,905,N,VIIRS,n,2,291.98,2.39,N,0
40.06195,-120.94705,314.65,0.44,0.63,2021-07-25,905,N,VIIRS,n,2,291.3,2.34,N,0
40.06237,-120.95699,311.06,0.44,0.63,2021-07-25,905,N,VIIRS,n,2,290.46,2.34,N,0
40.06263,-120.96314,326.72,0.44,0.63,2021-07-25,905,N,VIIRS,n,2,292.29,2.59,N,0
40.06269,-121.10649,302.38,0.45,0.63,2021-07-25,905,N,VIIRS,n,2,287.96,1.94,N,0
40.06282,-120.96757,319.1,0.44,0.63,2021-07-25,905,N,VIIRS,n,2,292.5,2.59,N,0
40.063,-120.97175,316,0.44,0.63,2021-07-25,905,N,VIIRS,n,2,292.19,2.59,N,0
40.06317,-120.97591,317.08,0.44,0.63,2021-07-25,905,N,VIIRS,n,2,292.24,2.59,N,0
40.06336,-120.98037,310.57,0.44,0.63,2021-07-25,905,N,VIIRS,n,2,291.62,5.14,N,0
40.06641,-121.19899,347.25,0.46,0.63,2021-07-25,905,N,VIIRS,n,2,290.2,9.28,N,0
40.06651,-120.93976,313.02,0.44,0.63,2021-07-25,905,N,VIIRS,n,2,290.78,1.67,N,0
40.06682,-120.94821,307.38,0.44,0.63,2021-07-25,905,N,VIIRS,n,2,290.22,1.67,N,0
40.06704,-120.95426,305.02,0.44,0.63,2021-07-25,905,N,VIIRS,n,2,289.88,4.99,N,0
40.06724,-120.95955,341.82,0.44,0.63,2021-07-25,905,N,VIIRS,n,2,292.24,4.99,N,0
40.06742,-120.9644,330.11,0.44,0.63,2021-07-25,905,N,VIIRS,n,2,292.9,6.79,N,0
40.06759,-120.96895,321.09,0.44,0.63,2021-07-25,905,N,VIIRS,n,2,292.1,6.79,N,0
40.06761,-120.94221,303.72,0.44,0.62,2021-07-25,905,N,VIIRS,n,2,290.44,1.44,N,0
40.06776,-120.97362,314.04,0.44,0.63,2021-07-25,905,N,VIIRS,n,2,291.87,3.16,N,0
40.06792,-120.94956,304.3,0.44,0.63,2021-07-25,905,N,VIIRS,n,2,289.92,2.62,N,0
40.06793,-120.97835,316.46,0.44,0.63,2021-07-25,905,N,VIIRS,n,2,292.34,3.16,N,0
40.06801,-121.09221,304.86,0.45,0.63,2021-07-25,905,N,VIIRS,n,2,290,2.31,N,0
40.0681,-120.98288,306.72,0.44,0.63,2021-07-25,905,N,VIIRS,n,2,291.07,2.95,N,0
40.06813,-120.95457,303.97,0.44,0.63,2021-07-25,905,N,VIIRS,n,2,290.24,2.62,N,0
40.06821,-121.0971,323.22,0.45,0.63,2021-07-25,905,N,VIIRS,n,2,291.72,2.31,N,0
40.06834,-120.9595,348.56,0.44,0.63,2021-07-25,905,N,VIIRS,n,2,293.48,8.06,N,0
40.0684,-121.10167,316.13,0.45,0.63,2021-07-25,905,N,VIIRS,n,2,290.58,1.94,N,0
40.06855,-120.9643,326.37,0.44,0.63,2021-07-25,905,N,VIIRS,n,2,292.79,8.06,N,0
40.06858,-121.10621,310.53,0.45,0.63,2021-07-25,905,N,VIIRS,n,2,288.71,1.94,N,0
40.06874,-120.96892,321.71,0.44,0.63,2021-07-25,905,N,VIIRS,n,2,292.24,4.29,N,0
40.06894,-120.9737,313.77,0.44,0.63,2021-07-25,905,N,VIIRS,n,2,291.75,4.29,N,0
40.06915,-120.97852,316.21,0.44,0.63,2021-07-25,905,N,VIIRS,n,2,292.19,2.65,N,0
40.06934,-120.9831,308.05,0.44,0.63,2021-07-25,905,N,VIIRS,n,2,291.5,2.65,N,0
40.0718,-121.18559,304.78,0.46,0.63,2021-07-25,905,N,VIIRS,n,2,289.78,5.06,N,0
40.07199,-121.19016,367,0.46,0.63,2021-07-25,905,N,VIIRS,h,2,294.5,9.28,N,0
40.0722,-121.19543,343.46,0.46,0.63,2021-07-25,905,N,VIIRS,n,2,293.49,9.28,N,0
40.07222,-121.09644,303.67,0.45,0.63,2021-07-25,905,N,VIIRS,n,2,289.55,0.98,N,0
40.07247,-121.20224,304.82,0.46,0.63,2021-07-25,905,N,VIIRS,n,2,290.42,8.53,N,0
40.07299,-120.95635,326.18,0.44,0.63,2021-07-25,905,N,VIIRS,n,2,290.92,4.99,N,0
40.07315,-120.96083,350.38,0.44,0.63,2021-07-25,905,N,VIIRS,n,2,294.46,6.79,N,0
40.07333,-120.9657,325.9,0.44,0.63,2021-07-25,905,N,VIIRS,n,2,293.11,6.79,N,0
40.07353,-120.97099,321.38,0.44,0.63,2021-07-25,905,N,VIIRS,n,2,292.88,3.16,N,0
40.07373,-120.97639,315.84,0.44,0.63,2021-07-25,905,N,VIIRS,n,2,292.04,3.16,N,0
40.07391,-120.98139,317.79,0.44,0.63,2021-07-25,905,N,VIIRS,n,2,292.5,2.95,N,0
40.07407,-120.95632,347.66,0.44,0.63,2021-07-25,905,N,VIIRS,n,2,292.77,8.06,N,0
40.07409,-120.98612,317.57,0.44,0.63,2021-07-25,905,N,VIIRS,n,2,291.95,2.95,N,0
40.07425,-120.96076,346.66,0.44,0.63,2021-07-25,905,N,VIIRS,n,2,293.95,8.06,N,0
40.0743,-120.9918,307.62,0.45,0.63,2021-07-25,905,N,VIIRS,n,2,290.75,4.4,N,0
40.07447,-120.96577,325.34,0.44,0.63,2021-07-25,905,N,VIIRS,n,2,293.08,4.29,N,0
40.0747,-120.97118,320.47,0.44,0.63,2021-07-25,905,N,VIIRS,n,2,292.81,4.29,N,0
40.07493,-120.97667,316,0.44,0.63,2021-07-25,905,N,VIIRS,n,2,292.31,2.65,N,0
40.07515,-120.98169,316.17,0.44,0.63,2021-07-25,905,N,VIIRS,n,2,292.35,2.65,N,0
40.07526,-121.18377,354.4,0.46,0.63,2021-07-25,905,N,VIIRS,n,2,292.9,12.4,N,0
40.07536,-120.98658,320.91,0.44,0.63,2021-07-25,905,N,VIIRS,n,2,292.47,3.32,N,0
40.07544,-121.18869,367,0.46,0.63,2021-07-25,905,N,VIIRS,h,2,295.33,12.4,N,0
40.07559,-120.99214,304.25,0.44,0.63,2021-07-25,905,N,VIIRS,n,2,290.14,3.32,N,0
40.0756,-121.19327,335.03,0.46,0.63,2021-07-25,905,N,VIIRS,n,2,292.39,4.68,N,0
40.0758,-121.19911,302.66,0.46,0.63,2021-07-25,905,N,VIIRS,n,2,289.94,4.68,N,0
40.07741,-121.17765,323.08,0.45,0.63,2021-07-25,905,N,VIIRS,n,2,291.09,16.49,N,0
40.07763,-121.18299,367,0.46,0.63,2021-07-25,905,N,VIIRS,h,2,296.21,16.49,N,0
40.07784,-121.18836,341.29,0.46,0.63,2021-07-25,905,N,VIIRS,n,2,294.38,5.83,N,0
40.07802,-121.1928,325.93,0.46,0.63,2021-07-25,905,N,VIIRS,n,2,291.3,5.83,N,0
40.07824,-121.19823,303.03,0.46,0.63,2021-07-25,905,N,VIIRS,n,2,290.03,1.89,N,0
40.07874,-120.95345,324.81,0.44,0.63,2021-07-25,905,N,VIIRS,n,2,290.45,7.92,N,0
40.0789,-120.95775,367,0.44,0.63,2021-07-25,905,N,VIIRS,h,2,300.21,12.22,N,0
40.07909,-120.96266,344.16,0.44,0.63,2021-07-25,905,N,VIIRS,n,2,294.56,12.22,N,0
40.07931,-120.96855,329.4,0.44,0.63,2021-07-25,905,N,VIIRS,n,2,293.27,11.16,N,0
40.07953,-120.97446,321.06,0.44,0.63,2021-07-25,905,N,VIIRS,n,2,293.15,11.16,N,0
40.07973,-120.98001,323,0.44,0.63,2021-07-25,905,N,VIIRS,n,2,293.32,26,N,0
40.07981,-120.9538,354.48,0.44,0.63,2021-07-25,905,N,VIIRS,n,2,292.85,10.22,N,0
40.07992,-120.98502,319.37,0.44,0.63,2021-07-25,905,N,VIIRS,n,2,292.82,26,N,0
40.08,-120.95808,367,0.44,0.63,2021-07-25,905,N,VIIRS,h,2,299.05,10.22,N,0
40.08011,-120.99023,314.36,0.45,0.63,2021-07-25,905,N,VIIRS,n,2,291.6,5.69,N,0
40.08022,-120.96328,350.53,0.44,0.63,2021-07-25,905,N,VIIRS,n,2,295.15,9.41,N,0
40.0803,-120.99545,311.6,0.45,0.63,2021-07-25,905,N,VIIRS,n,2,291.02,5.69,N,0
40.08048,-121.00005,308.05,0.45,0.63,2021-07-25,905,N,VIIRS,n,2,290.43,3.17,N,0
40.08048,-120.96931,327.09,0.44,0.63,2021-07-25,905,N,VIIRS,n,2,292.91,9.41,N,0
40.08073,-121.17072,344.35,0.45,0.63,2021-07-25,905,N,VIIRS,n,2,290.7,18.83,N,0
40.08073,-120.97514,325.11,0.44,0.63,2021-07-25,905,N,VIIRS,n,2,293.78,29.3,N,0
40.08089,-121.17509,367,0.46,0.63,2021-07-25,905,N,VIIRS,h,2,295.69,18.83,N,0
40.08096,-120.98045,324.85,0.44,0.63,2021-07-25,905,N,VIIRS,n,2,293.55,29.3,N,0
40.08107,-121.18003,367,0.46,0.63,2021-07-25,905,N,VIIRS,h,2,296.36,12.4,N,0
40.08117,-120.98534,318.52,0.44,0.63,2021-07-25,905,N,VIIRS,n,2,292.6,12.81,N,0
40.08127,-121.18597,330.1,0.46,0.63,2021-07-25,905,N,VIIRS,n,2,293.21,12.4,N,0
40.08139,-120.99049,317.18,0.44,0.63,2021-07-25,905,N,VIIRS,n,2,291.83,12.81,N,0
40.08146,-121.19104,325.19,0.46,0.63,2021-07-25,905,N,VIIRS,n,2,292.56,4.68,N,0
40.08154,-121.36716,304.67,0.47,0.64,2021-07-25,905,N,VIIRS,n,2,285.67,0.93,N,0
40.08161,-120.99561,314.17,0.45,0.63,2021-07-25,905,N,VIIRS,n,2,291.21,3.28,N,0
40.08163,-121.19609,307.68,0.46,0.63,2021-07-25,905,N,VIIRS,n,2,290.93,4.68,N,0
40.0817,-121.4385,304.78,0.47,0.64,2021-07-25,905,N,VIIRS,n,2,288.56,1.24,N,0
40.08181,-121.00027,310.36,0.45,0.63,2021-07-25,905,N,VIIRS,n,2,290.63,3.28,N,0
40.08218,-121.45094,297.73,0.47,0.64,2021-07-25,905,N,VIIRS,n,2,285.96,1.12,N,0
40.08285,-121.16595,304.12,0.45,0.63,2021-07-25,905,N,VIIRS,n,2,289.21,16.17,N,0
40.08302,-121.17011,352.7,0.45,0.63,2021-07-25,905,N,VIIRS,n,2,296.1,16.17,N,0
40.0832,-121.17444,367,0.45,0.63,2021-07-25,905,N,VIIRS,h,2,297.9,16.49,N,0
40.0834,-121.17918,330.73,0.46,0.63,2021-07-25,905,N,VIIRS,n,2,292.72,16.49,N,0
40.08362,-121.18468,319.13,0.46,0.63,2021-07-25,905,N,VIIRS,n,2,291.11,5.83,N,0
40.08385,-121.19027,317.96,0.46,0.63,2021-07-25,905,N,VIIRS,n,2,292.09,5.83,N,0
40.08387,-121.43804,321.64,0.47,0.64,2021-07-25,905,N,VIIRS,n,2,289.75,2.72,N,0
40.08407,-121.19569,307.84,0.46,0.63,2021-07-25,905,N,VIIRS,n,2,290.59,1.89,N,0
40.0843,-121.20142,301.63,0.46,0.63,2021-07-25,905,N,VIIRS,n,2,289.5,1.89,N,0
40.08456,-120.95257,321.42,0.44,0.63,2021-07-25,905,N,VIIRS,n,2,291.23,7.92,N,0
40.08475,-120.95742,334.11,0.44,0.63,2021-07-25,905,N,VIIRS,n,2,293.37,12.22,N,0
40.08496,-121.36753,302.56,0.47,0.64,2021-07-25,905,N,VIIRS,n,2,285.82,0.65,N,0
40.08496,-121.07455,303.46,0.45,0.63,2021-07-25,905,N,VIIRS,n,2,289.73,1.43,N,0
40.08497,-120.96332,326.19,0.44,0.63,2021-07-25,905,N,VIIRS,n,2,291.48,12.22,N,0
40.08519,-120.96925,335.68,0.44,0.63,2021-07-25,905,N,VIIRS,n,2,292.59,11.16,N,0
40.08539,-120.97446,367,0.44,0.63,2021-07-25,905,N,VIIRS,h,2,297.92,11.16,N,0
40.08557,-120.97919,354.46,0.44,0.63,2021-07-25,905,N,VIIRS,n,2,304.43,26,N,0
40.08564,-120.95312,313.5,0.44,0.63,2021-07-25,905,N,VIIRS,n,2,291.09,10.22,N,0
40.08574,-120.98358,367,0.44,0.63,2021-07-25,905,N,VIIRS,h,2,297.02,26,N,0
40.08587,-120.95834,314.78,0.44,0.63,2021-07-25,905,N,VIIRS,n,2,291.41,10.22,N,0
40.08591,-120.98822,334.75,0.45,0.63,2021-07-25,905,N,VIIRS,n,2,293.47,5.69,N,0
40.08611,-120.99351,324.27,0.45,0.63,2021-07-25,905,N,VIIRS,n,2,292.37,5.69,N,0
40.08614,-120.96451,308.94,0.44,0.63,2021-07-25,905,N,VIIRS,n,2,290.35,9.41,N,0
40.08627,-121.15984,301.72,0.45,0.63,2021-07-25,905,N,VIIRS,n,2,289.06,14.15,N,0
40.0863,-120.99857,320.11,0.45,0.63,2021-07-25,905,N,VIIRS,n,2,292.09,3.17,N,0
40.08638,-120.97019,340.31,0.44,0.63,2021-07-25,905,N,VIIRS,n,2,294.1,9.41,N,0
40.08642,-121.16399,352.18,0.45,0.63,2021-07-25,905,N,VIIRS,n,2,293.52,14.15,N,0
40.08647,-121.00315,313.19,0.45,0.63,2021-07-25,905,N,VIIRS,n,2,291.43,3.17,N,0
40.08657,-121.16818,367,0.45,0.63,2021-07-25,905,N,VIIRS,h,2,300.13,21.05,N,0
40.08659,-120.97508,354.06,0.44,0.63,2021-07-25,905,N,VIIRS,n,2,302.48,29.3,N,0
40.08665,-121.00781,310.36,0.45,0.63,2021-07-25,905,N,VIIRS,n,2,291.21,4.33,N,0
40.08672,-121.17246,355.27,0.46,0.63,2021-07-25,905,N,VIIRS,n,2,294.61,21.05,N,0
40.08679,-120.9796,356.57,0.44,0.63,2021-07-25,905,N,VIIRS,n,2,307.44,29.3,N,0
40.08689,-121.17689,321.21,0.46,0.63,2021-07-25,905,N,VIIRS,n,2,291.47,5.57,N,0
40.08698,-120.98389,367,0.44,0.63,2021-07-25,905,N,VIIRS,h,2,296.36,12.81,N,0
40.08706,-121.18178,316.71,0.46,0.63,2021-07-25,905,N,VIIRS,n,2,290.51,5.57,N,0
40.08717,-120.98853,335.69,0.44,0.63,2021-07-25,905,N,VIIRS,n,2,293.84,12.81,N,0
40.08725,-121.18724,312.76,0.46,0.63,2021-07-25,905,N,VIIRS,n,2,290.34,4.7,N,0
40.0874,-120.99374,323.96,0.45,0.63,2021-07-25,905,N,VIIRS,n,2,292,3.28,N,0
40.08747,-121.43256,308.21,0.47,0.64,2021-07-25,905,N,VIIRS,n,2,290.04,2.25,N,0
40.08747,-121.19363,304.6,0.46,0.63,2021-07-25,905,N,VIIRS,n,2,290.18,4.7,N,0
40.08762,-120.99879,319.38,0.45,0.63,2021-07-25,905,N,VIIRS,n,2,291.68,3.28,N,0
40.08767,-121.19922,302.53,0.46,0.63,2021-07-25,905,N,VIIRS,n,2,289.68,1.78,N,0
40.0877,-121.43835,319.58,0.47,0.64,2021-07-25,905,N,VIIRS,n,2,290.51,2.25,N,0
40.08782,-121.00346,315.96,0.45,0.63,2021-07-25,905,N,VIIRS,n,2,291.89,3.35,N,0
40.08802,-121.00825,313.66,0.45,0.63,2021-07-25,905,N,VIIRS,n,2,291.78,3.35,N,0
40.08851,-121.15954,319.05,0.45,0.63,2021-07-25,905,N,VIIRS,n,2,290.78,16.96,N,0
40.08868,-121.16367,351.08,0.45,0.63,2021-07-25,905,N,VIIRS,n,2,299.25,28.71,N,0
40.08885,-121.16784,367,0.45,0.63,2021-07-25,905,N,VIIRS,h,2,297.98,28.71,N,0
40.08903,-121.17207,325.69,0.45,0.63,2021-07-25,905,N,VIIRS,n,2,292.7,7.92,N,0
40.0892,-121.17639,321.99,0.46,0.63,2021-07-25,905,N,VIIRS,n,2,291.08,7.92,N,0
40.0894,-121.18126,318.45,0.46,0.63,2021-07-25,905,N,VIIRS,n,2,290.16,8.55,N,0
40.08963,-121.18681,320.39,0.46,0.63,2021-07-25,905,N,VIIRS,n,2,290.58,8.55,N,0
40.08986,-121.43784,302.08,0.47,0.64,2021-07-25,905,N,VIIRS,n,2,289.28,2.72,N,0
40.08989,-121.19299,303.69,0.46,0.63,2021-07-25,905,N,VIIRS,n,2,289.4,4.29,N,0
40.09044,-121.45553,301.8,0.47,0.64,2021-07-25,905,N,VIIRS,n,2,289.1,2.42,N,0
40.09106,-120.9695,301.05,0.44,0.63,2021-07-25,905,N,VIIRS,n,2,289.23,5.36,N,0
40.09124,-120.97411,339.74,0.44,0.63,2021-07-25,905,N,VIIRS,n,2,292.8,5.36,N,0
40.09141,-120.97843,367,0.44,0.63,2021-07-25,905,N,VIIRS,h,2,296.03,11.31,N,0
40.09157,-120.98265,367,0.44,0.63,2021-07-25,905,N,VIIRS,h,2,295.4,11.31,N,0
40.09173,-120.98701,349.37,0.45,0.63,2021-07-25,905,N,VIIRS,n,2,295.43,7.43,N,0
40.09192,-120.99184,334.67,0.45,0.63,2021-07-25,905,N,VIIRS,n,2,293.83,7.43,N,0
40.09211,-120.99695,334.66,0.45,0.63,2021-07-25,905,N,VIIRS,n,2,293.01,4.75,N,0
40.09212,-121.15784,367,0.45,0.63,2021-07-25,905,N,VIIRS,h,2,291.9,14.15,N,0
40.09229,-121.16239,356.73,0.45,0.63,2021-07-25,905,N,VIIRS,n,2,295.35,14.15,N,0
40.0923,-121.00195,333.19,0.45,0.63,2021-07-25,905,N,VIIRS,n,2,292.66,4.75,N,0
40.09244,-121.16657,338.37,0.45,0.63,2021-07-25,905,N,VIIRS,n,2,294.15,21.05,N,0
40.09244,-120.9746,328.24,0.44,0.63,2021-07-25,905,N,VIIRS,n,2,292.07,5.95,N,0
40.0925,-121.00721,309.46,0.45,0.63,2021-07-25,905,N,VIIRS,n,2,290.15,3.06,N,0
40.09259,-121.17063,330.21,0.46,0.63,2021-07-25,905,N,VIIRS,n,2,293.46,21.05,N,0
40.09262,-120.97887,333.51,0.44,0.63,2021-07-25,905,N,VIIRS,n,2,292.41,5.95,N,0
40.09271,-121.01276,309.57,0.45,0.63,2021-07-25,905,N,VIIRS,n,2,289.75,3.06,N,0
40.09274,-121.17481,333.91,0.46,0.63,2021-07-25,905,N,VIIRS,n,2,292.69,5.57,N,0
40.09281,-120.98309,352.5,0.44,0.63,2021-07-25,905,N,VIIRS,n,2,295.05,10.13,N,0
40.0929,-121.17934,327.9,0.46,0.63,2021-07-25,905,N,VIIRS,n,2,290.93,5.57,N,0
40.09292,-121.01844,305.31,0.45,0.63,2021-07-25,905,N,VIIRS,n,2,289.57,1.69,N,0
40.09299,-120.98743,340.86,0.44,0.63,2021-07-25,905,N,VIIRS,n,2,294.41,10.13,N,0
40.09309,-121.18468,354.13,0.46,0.63,2021-07-25,905,N,VIIRS,n,2,292.2,4.7,N,0
40.0932,-120.9922,331.8,0.45,0.63,2021-07-25,905,N,VIIRS,n,2,293.11,7.06,N,0
40.09331,-121.1906,319.52,0.46,0.63,2021-07-25,905,N,VIIRS,n,2,289.53,4.7,N,0
40.09342,-120.99722,338.17,0.45,0.63,2021-07-25,905,N,VIIRS,n,2,293.58,7.06,N,0
40.09352,-121.19657,300.55,0.46,0.63,2021-07-25,905,N,VIIRS,n,2,288.19,1.78,N,0
40.09364,-121.00233,328.63,0.45,0.63,2021-07-25,905,N,VIIRS,n,2,291.92,7.26,N,0
40.09412,-121.44904,304.61,0.47,0.64,2021-07-25,905,N,VIIRS,n,2,289.94,3.8,N,0
40.09412,-121.01347,308.21,0.45,0.63,2021-07-25,905,N,VIIRS,n,2,289.07,1.44,N,0
40.09435,-121.45522,320.7,0.47,0.64,2021-07-25,905,N,VIIRS,n,2,289.91,3.77,N,0
40.09435,-121.15755,367,0.45,0.63,2021-07-25,905,N,VIIRS,h,2,297.2,16.96,N,0
40.09436,-121.01904,305.83,0.45,0.63,2021-07-25,905,N,VIIRS,n,2,289.98,1.44,N,0
40.09454,-121.16228,348.82,0.45,0.63,2021-07-25,905,N,VIIRS,n,2,295.03,28.71,N,0
40.09472,-121.1665,330.07,0.45,0.63,2021-07-25,905,N,VIIRS,n,2,293.9,28.71,N,0
40.09488,-121.17049,330.78,0.45,0.63,2021-07-25,905,N,VIIRS,n,2,293.73,7.92,N,0
40.09505,-121.17463,343.05,0.46,0.63,2021-07-25,905,N,VIIRS,n,2,293.85,7.92,N,0
40.09524,-121.17912,349.15,0.46,0.63,2021-07-25,905,N,VIIRS,n,2,291.42,8.55,N,0
40.09533,-121.04131,304.81,0.45,0.63,2021-07-25,905,N,VIIRS,n,2,290.13,2.62,N,0
40.09547,-121.1846,367,0.46,0.63,2021-07-25,905,N,VIIRS,h,2,294.84,8.55,N,0
40.09571,-121.19051,311.94,0.46,0.63,2021-07-25,905,N,VIIRS,n,2,289.11,4.29,N,0
40.09586,-121.43773,309.98,0.47,0.64,2021-07-25,905,N,VIIRS,n,2,288.73,2.11,N,0
40.09596,-121.19653,308.68,0.46,0.63,2021-07-25,905,N,VIIRS,n,2,288.88,4.29,N,0
40.09604,-121.4431,304.2,0.47,0.64,2021-07-25,905,N,VIIRS,n,2,289.33,2.11,N,0
40.09623,-121.44884,313.91,0.47,0.64,2021-07-25,905,N,VIIRS,n,2,290.91,2.56,N,0
40.09643,-121.45494,312.69,0.47,0.64,2021-07-25,905,N,VIIRS,n,2,289.19,2.56,N,0
40.09741,-120.98202,302.6,0.44,0.63,2021-07-25,905,N,VIIRS,n,2,289.87,11.31,N,0
40.09775,-120.99088,304.29,0.45,0.63,2021-07-25,905,N,VIIRS,n,2,289.61,7.43,N,0
40.09794,-120.99577,305.38,0.45,0.63,2021-07-25,905,N,VIIRS,n,2,289.18,4.75,N,0
40.09795,-121.1554,367,0.45,0.63,2021-07-25,905,N,VIIRS,h,2,293.25,14.78,N,0
40.09814,-121.16049,367,0.45,0.63,2021-07-25,905,N,VIIRS,h,2,299.62,14.78,N,0
40.0983,-121.16502,353.83,0.45,0.63,2021-07-25,905,N,VIIRS,n,2,295.95,32.51,N,0
40.09836,-121.33456,311.99,0.46,0.64,2021-07-25,905,N,VIIRS,n,2,287.69,1.91,N,0
40.09846,-121.16915,335.98,0.46,0.63,2021-07-25,905,N,VIIRS,n,2,294.86,32.51,N,0
40.09862,-121.1735,351.75,0.46,0.63,2021-07-25,905,N,VIIRS,n,2,300.56,33.33,N,0
40.09879,-121.17813,367,0.46,0.63,2021-07-25,905,N,VIIRS,h,2,301.74,33.33,N,0
40.09879,-121.01818,313.46,0.45,0.63,2021-07-25,905,N,VIIRS,n,2,290.11,1.69,N,0
40.09899,-121.18391,367,0.46,0.63,2021-07-25,905,N,VIIRS,h,2,297.78,17.35,N,0
40.09901,-121.02434,304.05,0.45,0.63,2021-07-25,905,N,VIIRS,n,2,290.33,1.69,N,0
40.09922,-121.19018,311.6,0.46,0.63,2021-07-25,905,N,VIIRS,n,2,289.76,17.35,N,0
40.09943,-121.19617,310.96,0.46,0.63,2021-07-25,905,N,VIIRS,n,2,289.04,2.62,N,0
40.09944,-121.03569,303.43,0.45,0.63,2021-07-25,905,N,VIIRS,n,2,289.1,2.89,N,0
40.0995,-121.43308,319.88,0.47,0.64,2021-07-25,905,N,VIIRS,n,2,288.79,2.84,N,0
40.09961,-121.0402,302.24,0.45,0.63,2021-07-25,905,N,VIIRS,n,2,289.6,1.55,N,0
40.09972,-121.43869,328.88,0.47,0.64,2021-07-25,905,N,VIIRS,n,2,290.54,2.84,N,0
40.09977,-121.04438,308.57,0.45,0.63,2021-07-25,905,N,VIIRS,n,2,289.97,1.55,N,0
40.09994,-121.44448,310.02,0.47,0.64,2021-07-25,905,N,VIIRS,n,2,289.76,2.17,N,0
40.10016,-121.15515,354.65,0.45,0.63,2021-07-25,905,N,VIIRS,n,2,293.59,15.56,N,0
40.10018,-121.45049,307.89,0.47,0.64,2021-07-25,905,N,VIIRS,n,2,289.99,2.17,N,0
40.10023,-121.01891,314.21,0.45,0.63,2021-07-25,905,N,VIIRS,n,2,290.9,1.44,N,0
40.10037,-121.16011,367,0.45,0.63,2021-07-25,905,N,VIIRS,h,2,299.05,28.95,N,0
40.10056,-121.16469,367,0.45,0.63,2021-07-25,905,N,VIIRS,h,2,298.31,28.95,N,0
40.10075,-121.1691,367,0.45,0.63,2021-07-25,905,N,VIIRS,h,2,296.16,32.06,N,0
40.10094,-121.17371,347.22,0.46,0.63,2021-07-25,905,N,VIIRS,n,2,304.31,32.06,N,0
40.10115,-121.17874,367,0.46,0.63,2021-07-25,905,N,VIIRS,h,2,298.02,24.75,N,0
40.10141,-121.185,367,0.46,0.63,2021-07-25,905,N,VIIRS,h,2,292.71,24.75,N,0
40.10159,-121.33482,316.59,0.46,0.64,2021-07-25,905,N,VIIRS,n,2,287.73,2.12,N,0
40.10168,-121.19141,302.74,0.46,0.63,2021-07-25,905,N,VIIRS,n,2,289.27,5.69,N,0
40.10169,-121.43272,315.76,0.47,0.64,2021-07-25,905,N,VIIRS,n,2,288.83,4.41,N,0
40.10188,-121.43864,323.3,0.47,0.64,2021-07-25,905,N,VIIRS,n,2,289.11,2.11,N,0
40.10209,-121.44469,301.24,0.47,0.64,2021-07-25,905,N,VIIRS,n,2,286.72,2.11,N,0
40.10381,-121.15351,300.95,0.45,0.63,2021-07-25,905,N,VIIRS,n,2,289.44,14.78,N,0
40.10398,-121.15833,344.45,0.45,0.63,2021-07-25,905,N,VIIRS,n,2,291.97,14.78,N,0
40.10416,-121.16299,367,0.45,0.63,2021-07-25,905,N,VIIRS,h,2,305.71,32.51,N,0
40.10432,-121.3343,302.15,0.46,0.64,2021-07-25,905,N,VIIRS,n,2,286.83,0.54,N,0
40.10433,-121.16769,367,0.46,0.63,2021-07-25,905,N,VIIRS,h,2,298.06,32.51,N,0
40.10451,-121.17264,367,0.46,0.63,2021-07-25,905,N,VIIRS,h,2,293,33.33,N,0
40.10471,-121.17812,319.21,0.46,0.63,2021-07-25,905,N,VIIRS,n,2,288.79,33.33,N,0
40.10488,-121.02396,301.33,0.45,0.63,2021-07-25,905,N,VIIRS,n,2,288.62,0.68,N,0
40.10495,-121.18477,302.92,0.46,0.63,2021-07-25,905,N,VIIRS,n,2,288.1,17.35,N,0
40.10524,-121.42668,303.2,0.47,0.64,2021-07-25,905,N,VIIRS,n,2,289.48,2.53,N,0
40.10549,-121.4328,305,0.47,0.64,2021-07-25,905,N,VIIRS,n,2,289.77,2.84,N,0
40.10623,-121.15871,328.55,0.45,0.63,2021-07-25,905,N,VIIRS,n,2,290.34,28.95,N,0
40.10643,-121.16344,367,0.45,0.63,2021-07-25,905,N,VIIRS,h,2,299.34,28.95,N,0
40.10663,-121.16823,367,0.45,0.63,2021-07-25,905,N,VIIRS,h,2,294.4,32.06,N,0
40.10685,-121.17331,325.98,0.46,0.63,2021-07-25,905,N,VIIRS,n,2,289.31,32.06,N,0
40.10709,-121.17908,302.48,0.46,0.63,2021-07-25,905,N,VIIRS,n,2,287.83,24.75,N,0
40.10765,-121.43171,302.52,0.47,0.64,2021-07-25,905,N,VIIRS,n,2,290.34,3.08,N,0
40.10991,-121.1585,316.41,0.45,0.63,2021-07-25,905,N,VIIRS,n,2,289.46,3.69,N,0
40.11008,-121.16317,327.58,0.45,0.63,2021-07-25,905,N,VIIRS,n,2,290.89,4.15,N,0
40.11026,-121.16783,308.57,0.46,0.63,2021-07-25,905,N,VIIRS,n,2,288.97,4.15,N,0
40.11044,-121.17293,298.94,0.46,0.63,2021-07-25,905,N,VIIRS,n,2,287.25,1.29,N,0
40.11142,-121.43119,305.76,0.47,0.64,2021-07-25,905,N,VIIRS,n,2,290.79,1.98,N,0
40.11163,-121.43642,303.63,0.47,0.64,2021-07-25,905,N,VIIRS,n,2,288.33,1.98,N,0
40.11247,-121.30862,296.65,0.46,0.64,2021-07-25,905,N,VIIRS,n,2,285.6,0.46,N,0
40.11378,-121.43555,304.8,0.47,0.64,2021-07-25,905,N,VIIRS,n,2,288.42,2.37,N,0
40.11517,-121.30345,303.66,0.46,0.64,2021-07-25,905,N,VIIRS,n,2,285.94,5.78,N,0
40.11533,-121.30811,367,0.46,0.64,2021-07-25,905,N,VIIRS,h,2,290.63,5.78,N,0
40.1155,-121.31286,338.9,0.46,0.64,2021-07-25,905,N,VIIRS,n,2,287.35,7.87,N,0
40.11586,-121.15926,327.47,0.45,0.63,2021-07-25,905,N,VIIRS,n,2,291.16,3.69,N,0
40.11738,-121.43021,317.1,0.47,0.64,2021-07-25,905,N,VIIRS,n,2,289.66,1.98,N,0
40.11938,-121.42368,301.73,0.47,0.64,2021-07-25,905,N,VIIRS,n,2,289.24,2.28,N,0
40.11958,-121.42936,334.02,0.47,0.64,2021-07-25,905,N,VIIRS,n,2,291.08,2.28,N,0
40.11977,-121.43484,317.38,0.47,0.64,2021-07-25,905,N,VIIRS,n,2,287.9,3.96,N,0
40.12129,-121.30803,310.36,0.46,0.64,2021-07-25,905,N,VIIRS,n,2,288.64,5.78,N,0
40.12146,-121.31268,319.67,0.46,0.64,2021-07-25,905,N,VIIRS,n,2,289.05,7.87,N,0
40.12164,-121.31759,344.9,0.46,0.64,2021-07-25,905,N,VIIRS,n,2,291.37,7.87,N,0
40.12183,-121.32296,302.06,0.46,0.64,2021-07-25,905,N,VIIRS,n,2,287.51,4.45,N,0
40.12536,-121.42298,299.72,0.47,0.64,2021-07-25,905,N,VIIRS,n,2,287.36,2.28,N,0
40.12555,-121.42848,314,0.47,0.64,2021-07-25,905,N,VIIRS,n,2,289.54,2.28,N,0
40.12576,-121.43472,302.5,0.47,0.64,2021-07-25,905,N,VIIRS,n,2,288.26,3.96,N,0
40.1273,-121.1489,318.81,0.45,0.63,2021-07-25,905,N,VIIRS,n,2,289.07,2.07,N,0
40.12743,-121.31282,311.96,0.46,0.64,2021-07-25,905,N,VIIRS,n,2,289.92,4.62,N,0
40.1276,-121.31747,342.55,0.46,0.64,2021-07-25,905,N,VIIRS,n,2,291.83,4.62,N,0
40.12778,-121.32249,303.39,0.46,0.64,2021-07-25,905,N,VIIRS,n,2,288.14,4.21,N,0
40.13151,-121.42744,309.21,0.47,0.64,2021-07-25,905,N,VIIRS,n,2,288.47,1.34,N,0
40.13313,-121.14642,336.54,0.45,0.63,2021-07-25,905,N,VIIRS,n,2,290.68,4.36,N,0
40.13657,-121.40097,300.94,0.47,0.64,2021-07-25,905,N,VIIRS,n,2,288.27,1.76,N,0
40.1373,-121.42155,312.6,0.47,0.64,2021-07-25,905,N,VIIRS,n,2,287.09,1.34,N,0
40.13747,-121.42637,299.83,0.47,0.64,2021-07-25,905,N,VIIRS,n,2,288.48,1.34,N,0
40.13895,-121.14404,338.4,0.45,0.63,2021-07-25,905,N,VIIRS,n,2,291.45,4.36,N,0
40.13947,-121.15764,301.85,0.45,0.63,2021-07-25,905,N,VIIRS,n,2,289.16,6.46,N,0
40.14084,-121.35339,301.6,0.47,0.64,2021-07-25,905,N,VIIRS,n,2,288.65,1.43,N,0
40.14105,-121.35912,301.41,0.47,0.64,2021-07-25,905,N,VIIRS,n,2,289.43,1.43,N,0
40.14126,-121.36496,317.76,0.47,0.64,2021-07-25,905,N,VIIRS,n,2,290.78,1.71,N,0
40.14146,-121.37052,300.85,0.47,0.64,2021-07-25,905,N,VIIRS,n,2,289.28,1.71,N,0
40.14165,-121.37562,309.55,0.47,0.64,2021-07-25,905,N,VIIRS,n,2,289.51,4.62,N,0
40.14183,-121.38079,335,0.47,0.64,2021-07-25,905,N,VIIRS,n,2,293.07,4.62,N,0
40.14204,-121.38631,337.23,0.47,0.64,2021-07-25,905,N,VIIRS,n,2,292.47,4.38,N,0
40.14223,-121.39179,324.57,0.47,0.64,2021-07-25,905,N,VIIRS,n,2,292.13,4.38,N,0
40.14241,-121.39684,322.7,0.47,0.64,2021-07-25,905,N,VIIRS,n,2,292.37,5.07,N,0
40.14259,-121.40166,330.8,0.47,0.64,2021-07-25,905,N,VIIRS,n,2,292.38,5.07,N,0
40.14278,-121.40698,322.52,0.47,0.64,2021-07-25,905,N,VIIRS,n,2,290.78,6.24,N,0
40.14503,-121.14799,304.57,0.45,0.63,2021-07-25,905,N,VIIRS,n,2,288.89,1.23,N,0
40.14603,-121.33169,304.55,0.46,0.64,2021-07-25,905,N,VIIRS,n,2,288.81,3.09,N,0
40.14643,-121.3427,334.6,0.47,0.64,2021-07-25,905,N,VIIRS,n,2,290.82,3.68,N,0
40.14664,-121.34858,308.4,0.47,0.64,2021-07-25,905,N,VIIRS,n,2,289.99,3.68,N,0
40.14687,-121.35464,303.36,0.47,0.64,2021-07-25,905,N,VIIRS,n,2,289.3,1.43,N,0
40.14729,-121.36632,300.74,0.47,0.64,2021-07-25,905,N,VIIRS,n,2,288.15,1.71,N,0
40.14785,-121.22141,303.96,0.46,0.63,2021-07-25,905,N,VIIRS,n,2,288.24,1.56,N,0
40.14805,-121.38699,299.85,0.47,0.64,2021-07-25,905,N,VIIRS,n,2,287.43,4.38,N,0
40.15164,-121.3223,302.82,0.46,0.64,2021-07-25,905,N,VIIRS,n,2,289.75,4.72,N,0
40.15182,-121.32701,315.25,0.46,0.64,2021-07-25,905,N,VIIRS,n,2,290.56,4.72,N,0
40.15202,-121.33244,328.29,0.46,0.64,2021-07-25,905,N,VIIRS,n,2,291.7,3.78,N,0
40.15225,-121.33865,307.71,0.47,0.64,2021-07-25,905,N,VIIRS,n,2,289.86,3.78,N,0
40.1535,-121.21411,300.26,0.46,0.63,2021-07-25,905,N,VIIRS,n,2,288.75,1.56,N,0
40.15373,-121.22001,325.72,0.46,0.63,2021-07-25,905,N,VIIRS,n,2,291.55,1.56,N,0
40.15658,-121.2949,301.64,0.46,0.64,2021-07-25,905,N,VIIRS,n,2,287.9,1.58,N,0
40.15676,-121.29983,317.47,0.46,0.64,2021-07-25,905,N,VIIRS,n,2,289.45,1.58,N,0
40.15695,-121.30466,304.64,0.46,0.64,2021-07-25,905,N,VIIRS,n,2,290.02,2.93,N,0
40.15712,-121.30924,315.08,0.46,0.64,2021-07-25,905,N,VIIRS,n,2,292.33,2.93,N,0
40.15729,-121.31374,330.3,0.46,0.64,2021-07-25,905,N,VIIRS,n,2,293.44,9.31,N,0
40.15746,-121.3182,367,0.46,0.64,2021-07-25,905,N,VIIRS,h,2,294.99,9.31,N,0
40.15763,-121.32296,337.15,0.46,0.64,2021-07-25,905,N,VIIRS,n,2,291.69,4.72,N,0
40.15783,-121.3282,316.25,0.46,0.64,2021-07-25,905,N,VIIRS,n,2,290.51,4.72,N,0
40.15964,-121.21925,300.77,0.46,0.63,2021-07-25,905,N,VIIRS,n,2,289.83,1.28,N,0
40.16233,-121.28931,299.86,0.46,0.64,2021-07-25,905,N,VIIRS,n,2,286.91,1.17,N,0
40.16536,-121.21344,311.48,0.46,0.63,2021-07-25,905,N,VIIRS,n,2,289.97,1.28,N,0
40.16554,-121.21825,305.61,0.46,0.63,2021-07-25,905,N,VIIRS,n,2,290.05,1.28,N,0
40.16696,-121.10457,348.41,0.45,0.63,2021-07-25,905,N,VIIRS,n,2,289.34,17.82,N,0
40.16713,-121.10886,367,0.45,0.63,2021-07-25,905,N,VIIRS,h,2,296.63,17.82,N,0
40.1673,-121.11308,351.14,0.45,0.63,2021-07-25,905,N,VIIRS,n,2,291.23,15.01,N,0
40.16803,-121.28248,303.67,0.46,0.64,2021-07-25,905,N,VIIRS,n,2,288.85,1.17,N,0
40.17125,-121.2123,304.8,0.46,0.63,2021-07-25,905,N,VIIRS,n,2,289.94,1.49,N,0
40.17143,-121.21702,312.74,0.46,0.63,2021-07-25,905,N,VIIRS,n,2,291.7,1.49,N,0
40.17303,-121.25795,302.86,0.46,0.64,2021-07-25,905,N,VIIRS,n,2,289.6,1.47,N,0
40.17303,-121.10873,321.26,0.45,0.63,2021-07-25,905,N,VIIRS,n,2,289.41,17.82,N,0
40.17321,-121.11308,324.16,0.45,0.63,2021-07-25,905,N,VIIRS,n,2,290.28,15.01,N,0
40.17623,-121.10712,301.79,0.45,0.63,2021-07-25,905,N,VIIRS,n,2,288.33,1.15,N,0
40.17638,-121.11147,307.65,0.45,0.63,2021-07-25,905,N,VIIRS,n,2,288.77,1.15,N,0
40.17655,-121.11613,312.48,0.45,0.63,2021-07-25,905,N,VIIRS,n,2,290,1.67,N,0
40.17672,-121.12097,306.67,0.45,0.63,2021-07-25,905,N,VIIRS,n,2,289.3,1.67,N,0
40.17736,-121.21674,308.79,0.46,0.63,2021-07-25,905,N,VIIRS,n,2,290.69,1.49,N,0
40.17918,-121.26296,302.35,0.46,0.64,2021-07-25,905,N,VIIRS,n,2,288.98,1.47,N,0
40.17933,-121.11834,304.04,0.45,0.63,2021-07-25,905,N,VIIRS,n,2,289.03,1.66,N,0
40.17957,-121.27293,311.38,0.46,0.64,2021-07-25,905,N,VIIRS,n,2,290.53,3.81,N,0
40.17977,-121.27805,303.4,0.46,0.64,2021-07-25,905,N,VIIRS,n,2,289.65,3.75,N,0
40.17997,-121.21496,300.95,0.46,0.63,2021-07-25,905,N,VIIRS,n,2,289.1,0.91,N,0
40.18015,-121.22035,300.35,0.46,0.63,2021-07-25,905,N,VIIRS,n,2,289.91,0.91,N,0
40.18238,-121.19369,299.6,0.46,0.63,2021-07-25,905,N,VIIRS,n,2,288.16,0.84,N,0
40.18257,-121.19836,306.67,0.46,0.63,2021-07-25,905,N,VIIRS,n,2,288.62,0.84,N,0
40.18399,-121.15985,300.77,0.46,0.63,2021-07-25,905,N,VIIRS,n,2,287.66,0.57,N,0
40.18526,-121.19643,307.8,0.46,0.63,2021-07-25,905,N,VIIRS,n,2,288.91,1.42,N,0
40.18542,-121.2012,300.26,0.46,0.63,2021-07-25,905,N,VIIRS,n,2,288.68,1.42,N,0
40.18683,-121.1571,305.13,0.45,0.63,2021-07-25,905,N,VIIRS,n,2,288.42,1.35,N,0
40.18848,-121.19803,302.54,0.46,0.63,2021-07-25,905,N,VIIRS,n,2,288.32,0.84,N,0
40.19173,-121.27921,305.05,0.46,0.64,2021-07-25,905,N,VIIRS,n,2,288.32,1.38,N,0
40.19419,-121.28312,337.71,0.46,0.64,2021-07-25,905,N,VIIRS,n,2,286.46,4.13,N,0
40.19437,-121.28852,310.22,0.46,0.64,2021-07-25,905,N,VIIRS,n,2,285.76,4.13,N,0
40.19728,-121.26884,299.99,0.46,0.64,2021-07-25,905,N,VIIRS,n,2,286.56,1.67,N,0
40.1975,-121.27432,298.37,0.46,0.64,2021-07-25,905,N,VIIRS,n,2,285.34,1.67,N,0
40.19771,-121.27975,337.14,0.46,0.64,2021-07-25,905,N,VIIRS,n,2,287.24,7.16,N,0
40.19793,-121.28509,352.49,0.46,0.64,2021-07-25,905,N,VIIRS,n,2,288.72,7.16,N,0
40.19902,-121.25037,325.18,0.46,0.64,2021-07-25,905,N,VIIRS,n,2,286.15,3.84,N,0
40.1992,-121.25565,322.46,0.46,0.64,2021-07-25,905,N,VIIRS,n,2,287.55,3.84,N,0
40.19939,-121.26108,320.12,0.46,0.64,2021-07-25,905,N,VIIRS,n,2,287.02,2.62,N,0
40.19958,-121.26656,303.23,0.46,0.64,2021-07-25,905,N,VIIRS,n,2,286.94,2.62,N,0
40.19995,-121.27748,317.21,0.46,0.64,2021-07-25,905,N,VIIRS,n,2,285.85,5.51,N,0
40.20014,-121.28279,338.96,0.46,0.64,2021-07-25,905,N,VIIRS,n,2,289.05,4.13,N,0
40.20031,-121.28799,306.89,0.46,0.64,2021-07-25,905,N,VIIRS,n,2,287.4,4.13,N,0
40.20234,-121.24673,298.58,0.46,0.64,2021-07-25,905,N,VIIRS,n,2,285.8,4.64,N,0
40.20255,-121.25199,355.25,0.46,0.64,2021-07-25,905,N,VIIRS,n,2,291.79,4.64,N,0
40.20277,-121.25732,325.01,0.46,0.64,2021-07-25,905,N,VIIRS,n,2,289.33,4.81,N,0
40.20299,-121.26274,305.02,0.46,0.64,2021-07-25,905,N,VIIRS,n,2,287.82,4.81,N,0
40.20475,-121.24444,313.25,0.46,0.64,2021-07-25,905,N,VIIRS,n,2,287.1,1.56,N,0
40.20494,-121.24976,324.38,0.46,0.64,2021-07-25,905,N,VIIRS,n,2,288.77,3.81,N,0
40.20513,-121.25505,319.06,0.46,0.64,2021-07-25,905,N,VIIRS,n,2,290.57,3.81,N,0
40.20532,-121.26043,298.11,0.46,0.64,2021-07-25,905,N,VIIRS,n,2,287.35,2.01,N,0
40.20804,-121.24075,303.67,0.46,0.63,2021-07-25,905,N,VIIRS,n,2,287.27,1.47,N,0
40.20827,-121.24615,313.15,0.46,0.64,2021-07-25,905,N,VIIRS,n,2,287.93,1.59,N,0
40.20848,-121.25149,300.17,0.46,0.64,2021-07-25,905,N,VIIRS,n,2,287.68,1.59,N,0
40.21069,-121.24387,297.24,0.46,0.64,2021-07-25,905,N,VIIRS,n,2,286.59,1.56,N,0
39.31037,-121.34509,308.2,0.36,0.57,2021-07-25,1045,N,VIIRS,n,2,289.17,0.65,N,0
39.88665,-121.13059,295.84,0.36,0.57,2021-07-25,1045,N,VIIRS,n,2,282.2,0.22,N,0
39.89438,-121.15939,298.91,0.35,0.57,2021-07-25,1045,N,VIIRS,n,2,285.69,0.61,N,0
39.89627,-121.18738,305.67,0.35,0.57,2021-07-25,1045,N,VIIRS,n,2,288.13,1.58,N,3
39.89637,-121.16679,301.17,0.35,0.57,2021-07-25,1045,N,VIIRS,n,2,284.98,0.81,N,0
39.8964,-121.14592,302.46,0.36,0.57,2021-07-25,1045,N,VIIRS,n,2,282.69,0.68,N,0
39.8968,-121.21033,305.92,0.35,0.57,2021-07-25,1045,N,VIIRS,n,2,288.58,30.48,N,0
39.89733,-121.19134,308.88,0.35,0.57,2021-07-25,1045,N,VIIRS,n,2,288.99,1.58,N,3
39.89737,-121.17052,301.45,0.35,0.57,2021-07-25,1045,N,VIIRS,n,2,285.91,0.88,N,0
39.89756,-121.15022,304.12,0.36,0.57,2021-07-25,1045,N,VIIRS,n,2,281.91,0.68,N,0
39.89802,-121.13091,299.53,0.36,0.57,2021-07-25,1045,N,VIIRS,n,2,279.95,0.44,N,0
39.89841,-121.19537,315.8,0.35,0.57,2021-07-25,1045,N,VIIRS,n,2,289.17,6,N,3
39.89861,-121.15411,299.94,0.35,0.57,2021-07-25,1045,N,VIIRS,n,2,282.97,0.61,N,0
39.89952,-121.19949,330.57,0.35,0.57,2021-07-25,1045,N,VIIRS,n,2,289.46,6,N,3
39.89957,-121.15774,300.31,0.35,0.57,2021-07-25,1045,N,VIIRS,n,2,280.19,0.61,N,0
39.9003,-121.18142,307.86,0.35,0.57,2021-07-25,1045,N,VIIRS,n,2,286.1,1.02,N,3
39.90056,-121.16144,303.76,0.35,0.57,2021-07-25,1045,N,VIIRS,n,2,283.19,0.81,N,0
39.90063,-121.20364,356.51,0.35,0.57,2021-07-25,1045,N,VIIRS,n,2,294.85,30.48,N,0
39.90155,-121.16511,305.81,0.35,0.57,2021-07-25,1045,N,VIIRS,n,2,283.88,0.81,N,0
39.90174,-121.2078,352.8,0.35,0.57,2021-07-25,1045,N,VIIRS,n,2,311.75,30.48,N,0
39.90176,-121.14488,300.82,0.36,0.57,2021-07-25,1045,N,VIIRS,n,2,280.52,0.63,N,0
39.90252,-121.16875,304.69,0.35,0.57,2021-07-25,1045,N,VIIRS,n,2,284.36,0.88,N,0
39.90281,-121.14881,303.74,0.36,0.57,2021-07-25,1045,N,VIIRS,n,2,275.25,0.63,N,0
39.90288,-121.21202,367,0.35,0.57,2021-07-25,1045,N,VIIRS,h,2,296.23,23.29,N,0
39.90309,-121.23376,308.15,0.35,0.57,2021-07-25,1045,N,VIIRS,n,2,289.92,4.38,N,0
39.90347,-121.17229,301.18,0.35,0.57,2021-07-25,1045,N,VIIRS,n,2,284.27,0.88,N,0
39.90376,-121.15234,305.32,0.35,0.57,2021-07-25,1045,N,VIIRS,n,2,273.14,0.66,N,0
39.90395,-121.21603,336.28,0.35,0.57,2021-07-25,1045,N,VIIRS,n,2,293.96,23.29,N,0
39.90413,-121.23765,328.5,0.35,0.57,2021-07-25,1045,N,VIIRS,n,2,290.25,8.71,N,0
39.90443,-121.17587,300.59,0.35,0.57,2021-07-25,1045,N,VIIRS,n,2,285.79,1.02,N,0
39.90464,-121.19764,341.51,0.35,0.57,2021-07-25,1045,N,VIIRS,n,2,290.01,6.31,N,0
39.90473,-121.15598,302.96,0.35,0.57,2021-07-25,1045,N,VIIRS,n,2,273.97,0.66,N,0
39.90513,-121.22041,308.94,0.35,0.57,2021-07-25,1045,N,VIIRS,n,2,291.54,4.67,N,0
39.9054,-121.17945,306.6,0.35,0.57,2021-07-25,1045,N,VIIRS,n,2,281.51,1.02,N,0
39.90575,-121.15977,303.83,0.35,0.57,2021-07-25,1045,N,VIIRS,n,2,281.88,0.88,N,0
39.90582,-121.20207,355.68,0.35,0.57,2021-07-25,1045,N,VIIRS,n,2,300.01,22.85,N,0
39.90642,-121.18328,304.77,0.35,0.57,2021-07-25,1045,N,VIIRS,n,2,283.3,5.16,N,0
39.90705,-121.20663,367,0.35,0.57,2021-07-25,1045,N,VIIRS,h,2,308.28,22.85,N,0
39.90707,-121.14368,297.17,0.36,0.57,2021-07-25,1045,N,VIIRS,n,2,284,0.63,N,0
39.90802,-121.23122,323.07,0.35,0.57,2021-07-25,1045,N,VIIRS,n,2,291.42,4.38,N,0
39.90832,-121.21138,326.33,0.35,0.57,2021-07-25,1045,N,VIIRS,n,2,291.94,25.08,N,0
39.90865,-121.19164,320.72,0.35,0.57,2021-07-25,1045,N,VIIRS,n,2,290.5,6.31,N,0
39.90891,-121.23454,367,0.35,0.57,2021-07-25,1045,N,VIIRS,h,2,295.4,8.71,N,0
39.90899,-121.15083,303.33,0.35,0.57,2021-07-25,1045,N,VIIRS,n,2,279.51,0.66,N,0
39.90982,-121.23792,367,0.35,0.57,2021-07-25,1045,N,VIIRS,h,2,293.35,8.71,N,0
39.90995,-121.19649,340.47,0.35,0.57,2021-07-25,1045,N,VIIRS,n,2,291.38,6.31,N,0
39.90995,-121.15443,302.53,0.35,0.57,2021-07-25,1045,N,VIIRS,n,2,274.57,0.66,N,0
39.91076,-121.24146,302.5,0.35,0.57,2021-07-25,1045,N,VIIRS,n,2,289.49,5.93,N,0
39.91095,-121.15819,304.41,0.35,0.57,2021-07-25,1045,N,VIIRS,n,2,276.79,0.88,N,0
39.91125,-121.20135,313.1,0.35,0.57,2021-07-25,1045,N,VIIRS,n,2,287.04,22.85,N,0
39.91196,-121.16196,304.36,0.35,0.57,2021-07-25,1045,N,VIIRS,n,2,283.31,0.88,N,0
39.91258,-121.20632,303.5,0.35,0.57,2021-07-25,1045,N,VIIRS,n,2,287.99,22.85,N,0
39.91263,-121.18549,306.1,0.35,0.57,2021-07-25,1045,N,VIIRS,n,2,287.81,15.89,N,0
39.91377,-121.18974,321.72,0.35,0.57,2021-07-25,1045,N,VIIRS,n,2,291.72,4.88,N,0
39.91482,-121.23566,352.5,0.35,0.57,2021-07-25,1045,N,VIIRS,n,2,290.98,5.22,N,0
39.91486,-121.1728,302.7,0.35,0.57,2021-07-25,1045,N,VIIRS,n,2,283.57,2.26,N,0
39.91525,-121.19533,303.66,0.35,0.57,2021-07-25,1045,N,VIIRS,n,2,289.08,4.88,N,0
39.91528,-121.13223,296.42,0.36,0.57,2021-07-25,1045,N,VIIRS,n,2,281.5,0.31,N,0
39.91572,-121.23904,302.08,0.35,0.57,2021-07-25,1045,N,VIIRS,n,2,288.02,4.13,N,0
39.91588,-121.17663,306.37,0.35,0.57,2021-07-25,1045,N,VIIRS,n,2,282.93,2.26,N,0
39.91687,-121.18036,350.44,0.35,0.57,2021-07-25,1045,N,VIIRS,n,2,289.4,15.89,N,0
39.91787,-121.18406,367,0.35,0.57,2021-07-25,1045,N,VIIRS,h,2,302,15.89,N,0
39.91897,-121.18821,320.08,0.35,0.57,2021-07-25,1045,N,VIIRS,n,2,286.81,4.88,N,0
39.9191,-121.20972,301.74,0.35,0.57,2021-07-25,1045,N,VIIRS,n,2,287.57,1.46,N,0
39.9205,-121.19395,300.04,0.35,0.57,2021-07-25,1045,N,VIIRS,n,2,282.34,4.88,N,0
39.92194,-121.19934,304.33,0.35,0.57,2021-07-25,1045,N,VIIRS,n,2,286.23,1.4,N,0
39.92207,-121.17877,306.96,0.35,0.57,2021-07-25,1045,N,VIIRS,n,2,286.63,2.71,N,0
39.92308,-121.18256,343.14,0.35,0.57,2021-07-25,1045,N,VIIRS,n,2,291.23,2.71,N,0
39.92313,-121.2038,308.56,0.35,0.57,2021-07-25,1045,N,VIIRS,n,2,287.37,1.4,N,0
39.92418,-121.18665,319.46,0.35,0.57,2021-07-25,1045,N,VIIRS,n,2,291.41,3.93,N,0
39.92551,-121.19165,307.64,0.35,0.57,2021-07-25,1045,N,VIIRS,n,2,290.06,3.93,N,0
39.92685,-121.19668,301.18,0.35,0.57,2021-07-25,1045,N,VIIRS,n,2,286.74,1.23,N,0
39.92721,-121.17696,302.72,0.35,0.57,2021-07-25,1045,N,VIIRS,n,2,286.95,2.71,N,0
39.92794,-121.20079,300.78,0.35,0.57,2021-07-25,1045,N,VIIRS,n,2,286.47,1.23,N,0
39.92825,-121.18088,327.74,0.35,0.57,2021-07-25,1045,N,VIIRS,n,2,288.77,2.71,N,0
39.92936,-121.18506,343.72,0.35,0.57,2021-07-25,1045,N,VIIRS,n,2,293.72,3.93,N,0
39.93056,-121.18954,321.47,0.35,0.57,2021-07-25,1045,N,VIIRS,n,2,291.27,3.93,N,0
39.93175,-121.19402,308.21,0.35,0.57,2021-07-25,1045,N,VIIRS,n,2,289.63,1.23,N,0
39.9324,-121.17535,306.38,0.35,0.57,2021-07-25,1045,N,VIIRS,n,2,286.79,6.14,N,0
39.93346,-121.17936,367,0.35,0.57,2021-07-25,1045,N,VIIRS,h,2,292.61,6.14,N,0
39.93454,-121.18339,341.43,0.35,0.57,2021-07-25,1045,N,VIIRS,n,2,292.45,5.94,N,0
39.93561,-121.18743,310.58,0.35,0.57,2021-07-25,1045,N,VIIRS,n,2,288.6,5.94,N,0
39.93603,-121.2312,297.74,0.35,0.57,2021-07-25,1045,N,VIIRS,n,2,284.9,0.7,N,0
39.93869,-121.17793,353.83,0.35,0.57,2021-07-25,1045,N,VIIRS,n,2,291.93,6.14,N,0
39.93974,-121.18186,353.74,0.35,0.57,2021-07-25,1045,N,VIIRS,n,2,293.29,5.94,N,0
39.94077,-121.18572,311.74,0.35,0.57,2021-07-25,1045,N,VIIRS,n,2,289.21,5.94,N,0
39.94181,-121.18968,316.25,0.35,0.57,2021-07-25,1045,N,VIIRS,n,2,290.6,3.58,N,0
39.9449,-121.18015,315.27,0.35,0.57,2021-07-25,1045,N,VIIRS,n,2,288.83,8.4,N,0
39.94594,-121.18407,324.58,0.35,0.57,2021-07-25,1045,N,VIIRS,n,2,290.83,8.4,N,0
39.94699,-121.18805,312.79,0.35,0.57,2021-07-25,1045,N,VIIRS,n,2,291.21,5.27,N,0
39.94703,-121.16702,303.5,0.35,0.57,2021-07-25,1045,N,VIIRS,n,2,285.2,1.26,N,0
39.94802,-121.17075,335.82,0.35,0.57,2021-07-25,1045,N,VIIRS,n,2,287.88,14.65,N,0
39.94905,-121.17463,367,0.35,0.57,2021-07-25,1045,N,VIIRS,h,2,299.73,14.65,N,0
39.95009,-121.17858,367,0.35,0.57,2021-07-25,1045,N,VIIRS,h,2,300.52,8.4,N,0
39.95114,-121.18253,349.21,0.35,0.57,2021-07-25,1045,N,VIIRS,n,2,298.04,8.4,N,0
39.95218,-121.18649,327.8,0.35,0.57,2021-07-25,1045,N,VIIRS,n,2,292.77,5.27,N,0
39.95328,-121.17138,317.35,0.35,0.57,2021-07-25,1045,N,VIIRS,n,2,286.93,1.61,N,0
39.95343,-121.14876,301.67,0.35,0.57,2021-07-25,1045,N,VIIRS,n,2,282.2,1.15,N,0
39.95428,-121.17321,306.79,0.35,0.57,2021-07-25,1045,N,VIIRS,n,2,287.06,1.5,N,0
39.95433,-121.17526,311.54,0.35,0.57,2021-07-25,1045,N,VIIRS,n,2,286.99,1.61,N,0
39.95475,-121.13248,305.17,0.35,0.57,2021-07-25,1045,N,VIIRS,n,2,287.31,1.38,N,0
39.95538,-121.17914,302.09,0.35,0.57,2021-07-25,1045,N,VIIRS,n,2,287.02,2.86,N,0
39.95593,-121.13696,326.35,0.35,0.57,2021-07-25,1045,N,VIIRS,n,2,290.03,2.48,N,3
39.95605,-121.11608,298.5,0.36,0.57,2021-07-25,1045,N,VIIRS,n,2,280.86,0.7,N,0
39.95633,-121.18097,315.74,0.35,0.57,2021-07-25,1045,N,VIIRS,n,2,287.51,2.64,N,0
39.95643,-121.18302,339.77,0.35,0.57,2021-07-25,1045,N,VIIRS,n,2,290.02,2.86,N,0
39.95707,-121.14383,331.17,0.35,0.57,2021-07-25,1045,N,VIIRS,n,2,291.18,4,N,0
39.95709,-121.14134,321.23,0.35,0.57,2021-07-25,1045,N,VIIRS,n,2,288.3,2.48,N,3
39.95722,-121.12361,305.37,0.35,0.57,2021-07-25,1045,N,VIIRS,n,2,278.47,1.66,N,0
39.95732,-121.16553,311.36,0.35,0.57,2021-07-25,1045,N,VIIRS,n,2,288.49,2.14,N,0
39.95732,-121.1209,302.2,0.36,0.57,2021-07-25,1045,N,VIIRS,n,2,280.07,0.7,N,0
39.95736,-121.18484,338.35,0.35,0.57,2021-07-25,1045,N,VIIRS,n,2,291.67,3.66,N,0
39.95748,-121.18688,317.43,0.35,0.57,2021-07-25,1045,N,VIIRS,n,2,290.52,3.26,N,0
39.95827,-121.1458,340.72,0.35,0.57,2021-07-25,1045,N,VIIRS,n,2,294.46,8.64,N,0
39.9583,-121.14839,348.86,0.35,0.57,2021-07-25,1045,N,VIIRS,n,2,294.79,6.01,N,0
39.95834,-121.16735,313.64,0.35,0.57,2021-07-25,1045,N,VIIRS,n,2,288.32,1.5,N,0
39.95839,-121.18876,305.24,0.35,0.57,2021-07-25,1045,N,VIIRS,n,2,289.36,3.66,N,0
39.95842,-121.16962,303.03,0.35,0.57,2021-07-25,1045,N,VIIRS,n,2,287.89,1.61,N,0
39.95852,-121.1284,310.68,0.35,0.57,2021-07-25,1045,N,VIIRS,n,2,280.51,2.57,N,0
39.95855,-121.19083,303.17,0.35,0.57,2021-07-25,1045,N,VIIRS,n,2,288.95,3.26,N,0
39.9586,-121.12577,313.17,0.35,0.57,2021-07-25,1045,N,VIIRS,n,2,279.79,1.38,N,0
39.95945,-121.15028,352.55,0.35,0.57,2021-07-25,1045,N,VIIRS,n,2,295.19,8.64,N,0
39.95948,-121.15276,348.85,0.35,0.57,2021-07-25,1045,N,VIIRS,n,2,293.86,6.01,N,0
39.95965,-121.1949,303.27,0.35,0.57,2021-07-25,1045,N,VIIRS,n,2,287.83,1.38,N,0
39.95972,-121.13287,311.27,0.35,0.57,2021-07-25,1045,N,VIIRS,n,2,282.5,2.57,N,0
39.95982,-121.13036,300.25,0.35,0.57,2021-07-25,1045,N,VIIRS,n,2,280.98,1.38,N,0
39.96056,-121.19694,303.36,0.35,0.57,2021-07-25,1045,N,VIIRS,n,2,286.35,1.62,N,0
39.96059,-121.15462,334.58,0.35,0.57,2021-07-25,1045,N,VIIRS,n,2,292.02,9.31,N,0
39.96074,-121.15739,316.72,0.35,0.57,2021-07-25,1045,N,VIIRS,n,2,289.93,3.61,N,0
39.96084,-121.13699,317.81,0.35,0.57,2021-07-25,1045,N,VIIRS,n,2,289.2,4,N,0
39.96094,-121.13462,306.51,0.35,0.57,2021-07-25,1045,N,VIIRS,n,2,287.07,2.48,N,0
39.96108,-121.11705,302.91,0.35,0.57,2021-07-25,1045,N,VIIRS,n,2,287.29,2.12,N,0
39.96148,-121.17921,302.98,0.35,0.57,2021-07-25,1045,N,VIIRS,n,2,286.8,2.64,N,0
39.96158,-121.18127,314.11,0.35,0.57,2021-07-25,1045,N,VIIRS,n,2,287.51,2.86,N,0
39.96206,-121.1415,319.84,0.35,0.57,2021-07-25,1045,N,VIIRS,n,2,292.42,4,N,0
39.96206,-121.13885,320.5,0.35,0.57,2021-07-25,1045,N,VIIRS,n,2,292.22,2.48,N,0
39.96207,-121.16231,303.11,0.35,0.57,2021-07-25,1045,N,VIIRS,n,2,288.8,3.61,N,0
39.96238,-121.12185,329.25,0.35,0.57,2021-07-25,1045,N,VIIRS,n,2,291.13,2.12,N,0
39.96247,-121.18298,348.67,0.35,0.57,2021-07-25,1045,N,VIIRS,n,2,292.39,3.66,N,0
39.96259,-121.185,342.96,0.35,0.57,2021-07-25,1045,N,VIIRS,n,2,292.66,3.26,N,0
39.96313,-121.16422,308.8,0.35,0.57,2021-07-25,1045,N,VIIRS,n,2,289.34,2.09,N,0
39.96323,-121.16661,308.99,0.35,0.57,2021-07-25,1045,N,VIIRS,n,2,289.01,2.4,N,0
39.96324,-121.14585,310.84,0.35,0.57,2021-07-25,1045,N,VIIRS,n,2,291.28,6.01,N,0
39.96346,-121.18672,319.5,0.35,0.57,2021-07-25,1045,N,VIIRS,n,2,291.22,3.66,N,0
39.96361,-121.18877,312.39,0.35,0.57,2021-07-25,1045,N,VIIRS,n,2,290.94,3.26,N,0
39.96364,-121.1265,313.42,0.35,0.57,2021-07-25,1045,N,VIIRS,n,2,289.43,2.34,N,0
39.96447,-121.19052,306.51,0.35,0.57,2021-07-25,1045,N,VIIRS,n,2,289.79,1.62,N,0
39.96465,-121.19258,307.48,0.35,0.57,2021-07-25,1045,N,VIIRS,n,2,290.01,1.38,N,0
39.96533,-121.17436,316.88,0.35,0.57,2021-07-25,1045,N,VIIRS,n,2,289.19,2.78,N,0
39.96548,-121.19434,309.78,0.35,0.57,2021-07-25,1045,N,VIIRS,n,2,289.54,1.62,N,0
39.96569,-121.19645,309.4,0.35,0.57,2021-07-25,1045,N,VIIRS,n,2,289.22,1.38,N,0
39.96618,-121.1758,337.02,0.35,0.57,2021-07-25,1045,N,VIIRS,n,2,292.06,4.03,N,0
39.96632,-121.17801,330.96,0.35,0.57,2021-07-25,1045,N,VIIRS,n,2,291.58,2.78,N,0
39.96682,-121.09651,307.04,0.36,0.57,2021-07-25,1045,N,VIIRS,n,2,286.36,1.39,N,0
39.96717,-121.17951,313.77,0.35,0.57,2021-07-25,1045,N,VIIRS,n,2,291.15,3.78,N,0
39.96737,-121.18188,317.67,0.35,0.57,2021-07-25,1045,N,VIIRS,n,2,291.12,1.9,N,0
39.96815,-121.10149,302.69,0.36,0.57,2021-07-25,1045,N,VIIRS,n,2,285.18,2.01,N,0
39.96845,-121.18589,302.9,0.35,0.57,2021-07-25,1045,N,VIIRS,n,2,289.12,1.9,N,0
39.96857,-121.12389,305.72,0.35,0.57,2021-07-25,1045,N,VIIRS,n,2,290.04,2.34,N,0
39.97174,-121.09387,307.68,0.36,0.57,2021-07-25,1045,N,VIIRS,n,2,289.16,1.39,N,0
39.97301,-121.09856,332.37,0.36,0.57,2021-07-25,1045,N,VIIRS,n,2,291.94,2.01,N,0
39.97424,-121.1031,308.26,0.36,0.57,2021-07-25,1045,N,VIIRS,n,2,290.33,2.01,N,0
39.98101,-121.08636,328.3,0.36,0.57,2021-07-25,1045,N,VIIRS,n,2,290.84,2.16,N,0
39.98213,-121.0905,306.96,0.36,0.57,2021-07-25,1045,N,VIIRS,n,2,287.64,2.16,N,0
39.98399,-121.07647,308,0.36,0.57,2021-07-25,1045,N,VIIRS,n,2,290.16,3.07,N,0
39.98507,-121.08047,345.14,0.36,0.57,2021-07-25,1045,N,VIIRS,n,2,293.47,3.07,N,0
39.98619,-121.08464,343.25,0.36,0.57,2021-07-25,1045,N,VIIRS,n,2,293.45,6.64,N,0
39.98889,-121.07367,318.21,0.36,0.57,2021-07-25,1045,N,VIIRS,n,2,291.63,3.07,N,0
39.98986,-121.0773,323.24,0.36,0.57,2021-07-25,1045,N,VIIRS,n,2,293.51,3.07,N,0
39.99088,-121.08107,319.6,0.36,0.57,2021-07-25,1045,N,VIIRS,n,2,292.2,6.64,N,0
39.9944,-121.07317,316.74,0.36,0.57,2021-07-25,1045,N,VIIRS,n,2,291.4,2.37,N,0
39.99492,-121.03299,308.84,0.36,0.57,2021-07-25,1045,N,VIIRS,n,2,290.03,2.15,N,0
39.99538,-121.07684,310.73,0.36,0.57,2021-07-25,1045,N,VIIRS,n,2,289.59,3.07,N,0
39.99615,-121.03761,323.47,0.36,0.57,2021-07-25,1045,N,VIIRS,n,2,291.24,2.15,N,0
39.99989,-121.03045,330.29,0.36,0.57,2021-07-25,1045,N,VIIRS,n,2,291.06,2.15,N,0
40.00055,-121.01175,308.59,0.36,0.57,2021-07-25,1045,N,VIIRS,n,2,283.24,5.1,N,0
40.00072,-120.93164,312.78,0.36,0.57,2021-07-25,1045,N,VIIRS,n,2,288.03,1.54,N,0
40.00099,-121.03455,311.84,0.36,0.57,2021-07-25,1045,N,VIIRS,n,2,291.73,2.15,N,0
40.00129,-120.92965,301.9,0.36,0.57,2021-07-25,1045,N,VIIRS,n,2,288.21,0.92,N,0
40.00166,-121.01588,367,0.36,0.57,2021-07-25,1045,N,VIIRS,h,2,291.36,5.1,N,0
40.00194,-121.08024,316.18,0.36,0.57,2021-07-25,1045,N,VIIRS,n,2,288.94,3.16,N,0
40.00199,-120.91544,304.11,0.36,0.58,2021-07-25,1045,N,VIIRS,n,2,286.49,0.38,N,0
40.00205,-121.03849,310.48,0.36,0.57,2021-07-25,1045,N,VIIRS,n,2,289.78,2.13,N,0
40.00228,-120.93335,322.32,0.36,0.57,2021-07-25,1045,N,VIIRS,n,2,288.9,1.4,N,0
40.00267,-120.91355,308.63,0.36,0.58,2021-07-25,1045,N,VIIRS,n,2,285.2,0.93,N,0
40.00269,-121.01974,340.71,0.36,0.57,2021-07-25,1045,N,VIIRS,n,2,291.5,5.12,N,0
40.00308,-121.04233,310.51,0.36,0.57,2021-07-25,1045,N,VIIRS,n,2,283.51,2.13,N,0
40.00326,-120.93701,304.57,0.36,0.57,2021-07-25,1045,N,VIIRS,n,2,289,1.4,N,0
40.00372,-120.91747,305.61,0.36,0.58,2021-07-25,1045,N,VIIRS,n,2,288.3,1.96,N,0
40.00375,-121.02375,327.79,0.36,0.57,2021-07-25,1045,N,VIIRS,n,2,290.51,5.12,N,0
40.00407,-121.04604,307.9,0.36,0.57,2021-07-25,1045,N,VIIRS,n,2,286.14,5.71,N,0
40.00483,-121.02774,315.99,0.36,0.57,2021-07-25,1045,N,VIIRS,n,2,290.88,4.65,N,0
40.00502,-121.04957,367,0.36,0.57,2021-07-25,1045,N,VIIRS,h,2,295.42,5.71,N,0
40.00545,-121.00889,342.78,0.36,0.57,2021-07-25,1045,N,VIIRS,n,2,291.64,5.1,N,0
40.00571,-120.92492,301.68,0.36,0.58,2021-07-25,1045,N,VIIRS,n,2,289.72,0.92,N,0
40.00592,-121.05295,350.14,0.36,0.57,2021-07-25,1045,N,VIIRS,n,2,292.54,12.45,N,0
40.00603,-120.93026,313.77,0.36,0.57,2021-07-25,1045,N,VIIRS,n,2,290.14,1.54,N,0
40.00642,-120.9108,323.82,0.36,0.58,2021-07-25,1045,N,VIIRS,n,2,290.34,2.71,N,0
40.00661,-121.01324,331.92,0.36,0.57,2021-07-25,1045,N,VIIRS,n,2,292.18,5.1,N,0
40.00666,-120.92851,301.82,0.36,0.57,2021-07-25,1045,N,VIIRS,n,2,289.56,0.92,N,0
40.00711,-120.90888,327.6,0.36,0.58,2021-07-25,1045,N,VIIRS,n,2,291.16,3.2,N,0
40.00745,-120.91458,313.64,0.36,0.58,2021-07-25,1045,N,VIIRS,n,2,290.2,2.71,N,0
40.00748,-121.07986,307.92,0.36,0.57,2021-07-25,1045,N,VIIRS,n,2,290.36,1.33,N,0
40.00761,-121.01701,307.08,0.36,0.57,2021-07-25,1045,N,VIIRS,n,2,291.13,5.12,N,0
40.00767,-120.93226,304.19,0.36,0.57,2021-07-25,1045,N,VIIRS,n,2,289.25,1.4,N,0
40.00812,-120.9127,319.17,0.36,0.58,2021-07-25,1045,N,VIIRS,n,2,291.23,3.2,N,0
40.00851,-121.08371,311.06,0.35,0.57,2021-07-25,1045,N,VIIRS,n,2,291.26,3.1,N,0
40.00953,-121.08749,337.86,0.35,0.57,2021-07-25,1045,N,VIIRS,n,2,292.49,3.1,N,0
40.00986,-120.90253,321.81,0.36,0.58,2021-07-25,1045,N,VIIRS,n,2,290.31,4.06,N,0
40.01033,-121.00598,320.55,0.36,0.57,2021-07-25,1045,N,VIIRS,n,2,285.67,2.28,N,0
40.01049,-121.04891,334.14,0.36,0.57,2021-07-25,1045,N,VIIRS,n,2,292.96,3.46,N,0
40.0105,-121.09113,339.55,0.35,0.57,2021-07-25,1045,N,VIIRS,n,2,291.89,5.2,N,0
40.01058,-120.9006,316.57,0.36,0.58,2021-07-25,1045,N,VIIRS,n,2,289.55,3.81,N,0
40.01088,-120.90627,341.68,0.36,0.58,2021-07-25,1045,N,VIIRS,n,2,294.24,4.06,N,0
40.01144,-121.05247,326.28,0.36,0.57,2021-07-25,1045,N,VIIRS,n,2,291.6,3.46,N,0
40.01155,-121.01054,312.76,0.36,0.57,2021-07-25,1045,N,VIIRS,n,2,291.41,2.28,N,0
40.01157,-120.90435,339.72,0.36,0.58,2021-07-25,1045,N,VIIRS,n,2,293.07,3.81,N,0
40.0119,-120.90999,311.16,0.36,0.58,2021-07-25,1045,N,VIIRS,n,2,291.71,2.71,N,0
40.0121,-121.39257,302.81,0.34,0.56,2021-07-25,1045,N,VIIRS,n,2,285.08,0.88,N,0
40.01242,-120.89101,306.65,0.36,0.58,2021-07-25,1045,N,VIIRS,n,2,288.25,3.23,N,0
40.01257,-120.90807,317.28,0.36,0.58,2021-07-25,1045,N,VIIRS,n,2,292.17,3.2,N,0
40.01333,-120.89435,330.21,0.36,0.58,2021-07-25,1045,N,VIIRS,n,2,290.18,3.81,N,0
40.01344,-121.39411,310.94,0.34,0.56,2021-07-25,1045,N,VIIRS,n,2,286.7,1.2,N,0
40.01421,-121.08392,319.26,0.35,0.57,2021-07-25,1045,N,VIIRS,n,2,289.72,3.1,N,0
40.01427,-120.89779,325.34,0.36,0.58,2021-07-25,1045,N,VIIRS,n,2,290.83,3.81,N,0
40.01453,-121.3982,302.94,0.34,0.56,2021-07-25,1045,N,VIIRS,n,2,285.45,1.22,N,0
40.01506,-121.04487,331.24,0.36,0.57,2021-07-25,1045,N,VIIRS,n,2,293.5,3.46,N,0
40.01524,-120.90136,322.72,0.36,0.58,2021-07-25,1045,N,VIIRS,n,2,291.95,4.83,N,0
40.01539,-121.13054,306.2,0.35,0.57,2021-07-25,1045,N,VIIRS,n,2,287.07,1.06,N,0
40.01539,-121.08838,312.62,0.35,0.57,2021-07-25,1045,N,VIIRS,n,2,288.94,5.2,N,0
40.01608,-121.3866,303.17,0.34,0.56,2021-07-25,1045,N,VIIRS,n,2,286.71,0.88,N,0
40.01683,-120.88629,337.67,0.36,0.58,2021-07-25,1045,N,VIIRS,n,2,289.93,3.23,N,0
40.01713,-121.39062,315.61,0.34,0.56,2021-07-25,1045,N,VIIRS,n,2,288.95,0.88,N,0
40.01777,-120.88972,329.64,0.36,0.58,2021-07-25,1045,N,VIIRS,n,2,291.73,3.23,N,0
40.01819,-121.39466,307.64,0.34,0.56,2021-07-25,1045,N,VIIRS,n,2,288.84,1.76,N,0
40.01845,-121.39212,308.04,0.34,0.56,2021-07-25,1045,N,VIIRS,n,2,287.31,1.2,N,0
40.01867,-120.89302,327.3,0.36,0.58,2021-07-25,1045,N,VIIRS,n,2,292.15,3.81,N,0
40.01927,-121.39881,313.58,0.34,0.56,2021-07-25,1045,N,VIIRS,n,2,284.56,1.76,N,0
40.01949,-121.12481,329.34,0.35,0.57,2021-07-25,1045,N,VIIRS,n,2,291.11,4.78,N,0
40.01953,-121.39613,305.91,0.34,0.56,2021-07-25,1045,N,VIIRS,n,2,287.06,1.22,N,0
40.02061,-121.12899,340.21,0.35,0.57,2021-07-25,1045,N,VIIRS,n,2,291.34,4.78,N,0
40.02103,-120.88075,339.72,0.36,0.58,2021-07-25,1045,N,VIIRS,n,2,291.44,3.43,N,0
40.02208,-120.88464,333.2,0.36,0.58,2021-07-25,1045,N,VIIRS,n,2,293.79,3.85,N,0
40.02309,-120.88835,312.61,0.36,0.58,2021-07-25,1045,N,VIIRS,n,2,290.83,3.85,N,0
40.02491,-120.87405,313.03,0.36,0.58,2021-07-25,1045,N,VIIRS,n,2,288.87,3.43,N,0
40.02544,-120.95972,311.13,0.36,0.57,2021-07-25,1045,N,VIIRS,n,2,289.92,1.48,N,0
40.02582,-120.9578,308.84,0.36,0.57,2021-07-25,1045,N,VIIRS,n,2,289.55,1.55,N,0
40.02603,-120.87817,332.78,0.36,0.58,2021-07-25,1045,N,VIIRS,n,2,292.06,3.43,N,0
40.0265,-120.96359,308.04,0.36,0.57,2021-07-25,1045,N,VIIRS,n,2,288.98,1.48,N,0
40.02669,-120.98512,308.29,0.36,0.57,2021-07-25,1045,N,VIIRS,n,2,290.25,3.71,N,0
40.02679,-120.96146,319.57,0.36,0.57,2021-07-25,1045,N,VIIRS,n,2,290.31,1.55,N,0
40.02682,-120.98293,307.77,0.36,0.57,2021-07-25,1045,N,VIIRS,n,2,289.92,1.14,N,0
40.02717,-120.88239,325.21,0.36,0.58,2021-07-25,1045,N,VIIRS,n,2,292.89,3.85,N,0
40.02775,-120.98901,308.49,0.36,0.57,2021-07-25,1045,N,VIIRS,n,2,288.35,2.23,N,0
40.02788,-120.98689,308.59,0.36,0.57,2021-07-25,1045,N,VIIRS,n,2,288.41,1.48,N,0
40.02795,-121.11432,323.3,0.35,0.57,2021-07-25,1045,N,VIIRS,n,2,291.31,2.22,N,0
40.02818,-121.32478,301.2,0.34,0.56,2021-07-25,1045,N,VIIRS,n,2,288.81,1.19,N,0
40.02836,-120.88676,336.26,0.36,0.58,2021-07-25,1045,N,VIIRS,n,2,292.21,3.85,N,0
40.02879,-120.86737,339.13,0.36,0.58,2021-07-25,1045,N,VIIRS,n,2,290.96,4.44,N,0
40.02891,-120.99076,304.39,0.36,0.57,2021-07-25,1045,N,VIIRS,n,2,286.86,1.48,N,0
40.03003,-120.87195,367,0.36,0.58,2021-07-25,1045,N,VIIRS,h,2,296.25,5.64,N,0
40.03025,-120.97449,302.86,0.36,0.57,2021-07-25,1045,N,VIIRS,n,2,285.38,1.14,N,0
40.0307,-121.10357,310.42,0.35,0.57,2021-07-25,1045,N,VIIRS,n,2,289.38,2.08,N,0
40.03072,-120.95825,317.28,0.36,0.57,2021-07-25,1045,N,VIIRS,n,2,286.62,2.86,N,0
40.03118,-120.87618,323.76,0.36,0.58,2021-07-25,1045,N,VIIRS,n,2,292.23,5.64,N,0
40.03148,-120.97911,305.44,0.36,0.57,2021-07-25,1045,N,VIIRS,n,2,290.15,1.14,N,0
40.03153,-121.10666,324.47,0.35,0.57,2021-07-25,1045,N,VIIRS,n,2,291.47,2.08,N,0
40.03169,-120.96179,310.45,0.36,0.57,2021-07-25,1045,N,VIIRS,n,2,280.42,2.86,N,0
40.03224,-120.85905,306.32,0.36,0.58,2021-07-25,1045,N,VIIRS,n,2,289.08,4.44,N,0
40.03234,-121.10969,316.57,0.35,0.57,2021-07-25,1045,N,VIIRS,n,2,291.33,2.22,N,0
40.03238,-120.98521,307.82,0.36,0.57,2021-07-25,1045,N,VIIRS,n,2,290.7,2.23,N,0
40.03239,-120.88065,315.5,0.36,0.58,2021-07-25,1045,N,VIIRS,n,2,291.41,2.12,N,0
40.03251,-120.983,306.51,0.36,0.57,2021-07-25,1045,N,VIIRS,n,2,290.74,1.48,N,0
40.03319,-121.1129,313.09,0.35,0.57,2021-07-25,1045,N,VIIRS,n,2,291.01,2.22,N,0
40.03358,-120.864,343.7,0.36,0.58,2021-07-25,1045,N,VIIRS,n,2,293.09,4.44,N,0
40.03367,-120.88533,319.85,0.36,0.58,2021-07-25,1045,N,VIIRS,n,2,291.71,2.12,N,0
40.03371,-120.96925,303.04,0.36,0.57,2021-07-25,1045,N,VIIRS,n,2,281.43,1.55,N,0
40.03479,-120.9732,315.72,0.36,0.57,2021-07-25,1045,N,VIIRS,n,2,289.52,5.14,N,0
40.03482,-120.88956,312.17,0.36,0.58,2021-07-25,1045,N,VIIRS,n,2,289.7,2.64,N,0
40.0351,-120.86961,326.97,0.36,0.58,2021-07-25,1045,N,VIIRS,n,2,293.97,5.64,N,0
40.0359,-120.89354,319.44,0.36,0.58,2021-07-25,1045,N,VIIRS,n,2,288.59,2.64,N,0
40.03619,-120.95744,334.45,0.36,0.57,2021-07-25,1045,N,VIIRS,n,2,291.76,2.86,N,0
40.03649,-120.87472,320.42,0.36,0.58,2021-07-25,1045,N,VIIRS,n,2,291.82,5.64,N,0
40.03675,-120.85467,307.35,0.36,0.58,2021-07-25,1045,N,VIIRS,n,2,288.96,3.6,N,0
40.03718,-121.39993,301.94,0.34,0.56,2021-07-25,1045,N,VIIRS,n,2,286.85,2.39,N,0
40.03738,-121.17089,328.91,0.35,0.57,2021-07-25,1045,N,VIIRS,n,2,290.45,3.47,N,0
40.03783,-120.87966,308.42,0.36,0.58,2021-07-25,1045,N,VIIRS,n,2,289.13,2.12,N,0
40.03801,-120.96416,319.31,0.36,0.57,2021-07-25,1045,N,VIIRS,n,2,282.68,1.55,N,0
40.03812,-120.8597,345,0.36,0.58,2021-07-25,1045,N,VIIRS,n,2,292.02,3.6,N,0
40.03822,-121.40381,333.93,0.34,0.56,2021-07-25,1045,N,VIIRS,n,2,288.3,3.11,N,0
40.03894,-120.96758,307.09,0.36,0.57,2021-07-25,1045,N,VIIRS,n,2,288.32,1.55,N,0
40.03903,-120.8841,311.95,0.36,0.58,2021-07-25,1045,N,VIIRS,n,2,288.93,2.12,N,0
40.03915,-120.98923,306.24,0.36,0.57,2021-07-25,1045,N,VIIRS,n,2,288.63,2.53,N,0
40.03917,-121.40739,330.5,0.34,0.56,2021-07-25,1045,N,VIIRS,n,2,288.8,3.11,N,0
40.03974,-120.86568,354.24,0.36,0.58,2021-07-25,1045,N,VIIRS,n,2,294.75,5.74,N,0
40.04009,-121.4108,309.15,0.34,0.56,2021-07-25,1045,N,VIIRS,n,2,286.91,2.4,N,0
40.04019,-120.88838,322.49,0.36,0.58,2021-07-25,1045,N,VIIRS,n,2,290.58,2.64,N,0
40.04105,-121.41438,303.49,0.34,0.56,2021-07-25,1045,N,VIIRS,n,2,285.6,2.4,N,0
40.04128,-120.8924,334.85,0.36,0.58,2021-07-25,1045,N,VIIRS,n,2,292.38,2.64,N,0
40.04144,-120.87197,322.06,0.36,0.58,2021-07-25,1045,N,VIIRS,n,2,291.1,5.74,N,0
40.04157,-120.95637,318.66,0.36,0.57,2021-07-25,1045,N,VIIRS,n,2,290.9,3.95,N,0
40.04202,-121.41802,300.67,0.34,0.56,2021-07-25,1045,N,VIIRS,n,2,286.62,1.32,N,0
40.0423,-120.89618,319.17,0.36,0.58,2021-07-25,1045,N,VIIRS,n,2,290.17,4.9,N,0
40.04249,-120.91785,310.78,0.36,0.57,2021-07-25,1045,N,VIIRS,n,2,289.65,1.84,N,0
40.0425,-120.95977,332.89,0.36,0.57,2021-07-25,1045,N,VIIRS,n,2,292.18,3.95,N,0
40.04255,-121.16924,318.98,0.35,0.57,2021-07-25,1045,N,VIIRS,n,2,290.11,2.6,N,0
40.04293,-120.87748,302.97,0.36,0.58,2021-07-25,1045,N,VIIRS,n,2,286.26,3.2,N,0
40.04296,-120.85651,316.01,0.36,0.58,2021-07-25,1045,N,VIIRS,n,2,289.61,3.6,N,0
40.0434,-121.40249,316.1,0.34,0.56,2021-07-25,1045,N,VIIRS,n,2,289.84,3.11,N,0
40.04342,-120.96317,331.21,0.36,0.57,2021-07-25,1045,N,VIIRS,n,2,292.12,4.07,N,0
40.0443,-120.88253,306.01,0.36,0.58,2021-07-25,1045,N,VIIRS,n,2,288.81,3.2,N,0
40.04435,-120.9666,308.94,0.36,0.57,2021-07-25,1045,N,VIIRS,n,2,290.45,4.07,N,0
40.04446,-120.86205,329.01,0.36,0.58,2021-07-25,1045,N,VIIRS,n,2,291.02,5.74,N,0
40.04519,-120.90686,302.1,0.36,0.58,2021-07-25,1045,N,VIIRS,n,2,285.43,1.54,N,0
40.04531,-120.97015,308.95,0.36,0.57,2021-07-25,1045,N,VIIRS,n,2,289.96,4.29,N,0
40.04556,-120.88721,310.09,0.36,0.58,2021-07-25,1045,N,VIIRS,n,2,289.41,1.64,N,0
40.046,-120.86778,328.41,0.36,0.58,2021-07-25,1045,N,VIIRS,n,2,291.56,5.74,N,0
40.0466,-120.89104,315.99,0.36,0.58,2021-07-25,1045,N,VIIRS,n,2,291.2,1.64,N,0
40.04694,-120.91328,313.99,0.36,0.57,2021-07-25,1045,N,VIIRS,n,2,291.21,3.64,N,0
40.04701,-121.41599,305.68,0.34,0.56,2021-07-25,1045,N,VIIRS,n,2,290.34,1.32,N,0
40.04712,-120.97681,306.3,0.36,0.57,2021-07-25,1045,N,VIIRS,n,2,289.05,2.06,N,0
40.04737,-120.93591,304.96,0.36,0.57,2021-07-25,1045,N,VIIRS,n,2,286.02,1.53,N,0
40.04746,-120.87316,367,0.36,0.58,2021-07-25,1045,N,VIIRS,h,2,293.92,3.2,N,0
40.04755,-120.89458,303.87,0.36,0.58,2021-07-25,1045,N,VIIRS,n,2,288.96,2.94,N,0
40.04782,-120.91655,318.02,0.36,0.57,2021-07-25,1045,N,VIIRS,n,2,291.75,1.84,N,0
40.04796,-121.41955,313.41,0.34,0.56,2021-07-25,1045,N,VIIRS,n,2,291.78,1.32,N,0
40.04842,-120.93976,308.25,0.36,0.57,2021-07-25,1045,N,VIIRS,n,2,285.52,1.46,N,0
40.04855,-120.89824,319.31,0.36,0.58,2021-07-25,1045,N,VIIRS,n,2,289.6,2.94,N,0
40.04873,-120.91992,309.44,0.36,0.57,2021-07-25,1045,N,VIIRS,n,2,290.39,1.84,N,0
40.04885,-120.8783,302.38,0.36,0.58,2021-07-25,1045,N,VIIRS,n,2,288.44,3.2,N,0
40.04897,-121.42336,311.99,0.34,0.56,2021-07-25,1045,N,VIIRS,n,2,291.08,3,N,0
40.0494,-120.94335,309.89,0.36,0.57,2021-07-25,1045,N,VIIRS,n,2,287.77,1.46,N,0
40.04954,-120.90192,322.17,0.36,0.58,2021-07-25,1045,N,VIIRS,n,2,286.66,5.3,N,0
40.04999,-121.42715,329.82,0.34,0.56,2021-07-25,1045,N,VIIRS,n,2,291.13,3,N,0
40.05014,-120.88308,306.06,0.36,0.58,2021-07-25,1045,N,VIIRS,n,2,289.12,1.64,N,0
40.05031,-120.94674,305.48,0.36,0.57,2021-07-25,1045,N,VIIRS,n,2,286.85,1.41,N,0
40.0505,-120.90546,347.37,0.36,0.58,2021-07-25,1045,N,VIIRS,n,2,291.35,5.3,N,0
40.05099,-121.43093,344.24,0.34,0.56,2021-07-25,1045,N,VIIRS,n,2,293.19,3.66,N,0
40.05116,-120.94987,308.22,0.36,0.57,2021-07-25,1045,N,VIIRS,n,2,289.59,1.41,N,0
40.0514,-120.88773,315.02,0.36,0.58,2021-07-25,1045,N,VIIRS,n,2,290.83,1.64,N,0
40.05141,-120.90883,322.24,0.36,0.58,2021-07-25,1045,N,VIIRS,n,2,289.75,3.38,N,0
40.05168,-120.93081,309.69,0.36,0.57,2021-07-25,1045,N,VIIRS,n,2,290.48,1.53,N,0
40.05196,-120.9528,313.85,0.36,0.57,2021-07-25,1045,N,VIIRS,n,2,289.27,2.33,N,0
40.05199,-121.43465,308.95,0.34,0.56,2021-07-25,1045,N,VIIRS,n,2,286.79,3.66,N,0
40.05233,-120.9122,340.66,0.36,0.57,2021-07-25,1045,N,VIIRS,n,2,290.18,3.38,N,0
40.05251,-120.89186,319.65,0.36,0.58,2021-07-25,1045,N,VIIRS,n,2,291.91,2.94,N,0
40.05268,-120.93449,312.38,0.36,0.57,2021-07-25,1045,N,VIIRS,n,2,289.19,1.53,N,0
40.05272,-120.95561,309.53,0.36,0.57,2021-07-25,1045,N,VIIRS,n,2,291.01,2.33,N,0
40.05324,-120.91557,308.42,0.36,0.57,2021-07-25,1045,N,VIIRS,n,2,284.01,2.64,N,0
40.05339,-121.41914,307.25,0.34,0.56,2021-07-25,1045,N,VIIRS,n,2,290.84,1.51,N,0
40.05354,-120.89565,337.32,0.36,0.58,2021-07-25,1045,N,VIIRS,n,2,292.76,2.94,N,0
40.05365,-120.9381,314.59,0.36,0.57,2021-07-25,1045,N,VIIRS,n,2,290.27,1.46,N,0
40.05435,-121.42278,324.46,0.34,0.56,2021-07-25,1045,N,VIIRS,n,2,291.1,2.6,N,0
40.05457,-120.89947,337.33,0.36,0.58,2021-07-25,1045,N,VIIRS,n,2,293.04,5.3,N,0
40.0546,-120.9416,305.83,0.36,0.57,2021-07-25,1045,N,VIIRS,n,2,285.1,1.46,N,0
40.0551,-120.92248,305.03,0.36,0.57,2021-07-25,1045,N,VIIRS,n,2,287.67,1.22,N,0
40.05532,-121.42641,305.37,0.34,0.56,2021-07-25,1045,N,VIIRS,n,2,288.96,2.6,N,0
40.05547,-120.90279,336.83,0.36,0.58,2021-07-25,1045,N,VIIRS,n,2,292.34,5.3,N,0
40.05548,-120.94486,307.89,0.36,0.57,2021-07-25,1045,N,VIIRS,n,2,288.62,1.41,N,0
40.05608,-120.92607,313.33,0.36,0.57,2021-07-25,1045,N,VIIRS,n,2,289.74,1.22,N,0
40.0563,-121.43007,316.29,0.34,0.56,2021-07-25,1045,N,VIIRS,n,2,287.23,2.16,N,0
40.05631,-120.94794,311.1,0.36,0.57,2021-07-25,1045,N,VIIRS,n,2,291.88,1.41,N,0
40.0564,-120.90622,314.07,0.36,0.58,2021-07-25,1045,N,VIIRS,n,2,289.49,3.38,N,0
40.05704,-120.92963,316.4,0.36,0.57,2021-07-25,1045,N,VIIRS,n,2,290.73,3.06,N,0
40.05707,-120.95074,321.52,0.36,0.57,2021-07-25,1045,N,VIIRS,n,2,292.52,2.33,N,0
40.05737,-120.90983,305.68,0.36,0.57,2021-07-25,1045,N,VIIRS,n,2,289.08,3.38,N,0
40.05766,-121.4144,305.55,0.34,0.56,2021-07-25,1045,N,VIIRS,n,2,289.42,1.51,N,0
40.05768,-120.97396,302.51,0.36,0.57,2021-07-25,1045,N,VIIRS,n,2,286.21,2.76,N,0
40.05782,-120.95348,325.82,0.36,0.57,2021-07-25,1045,N,VIIRS,n,2,292.48,2.33,N,0
40.05787,-120.89062,306.52,0.36,0.58,2021-07-25,1045,N,VIIRS,n,2,289.07,1.66,N,0
40.05801,-120.93323,313.15,0.36,0.57,2021-07-25,1045,N,VIIRS,n,2,290.08,3.06,N,0
40.05838,-120.91358,305.33,0.36,0.57,2021-07-25,1045,N,VIIRS,n,2,282.56,2.64,N,0
40.05859,-120.95634,325.01,0.36,0.57,2021-07-25,1045,N,VIIRS,n,2,292.11,3.93,N,0
40.05871,-121.41836,311.15,0.34,0.56,2021-07-25,1045,N,VIIRS,n,2,290.28,1.51,N,0
40.05885,-120.89426,305.65,0.36,0.58,2021-07-25,1045,N,VIIRS,n,2,288.99,1.15,N,0
40.05896,-120.93675,315.27,0.36,0.57,2021-07-25,1045,N,VIIRS,n,2,290.83,6.46,N,0
40.05941,-120.95941,312.32,0.36,0.57,2021-07-25,1045,N,VIIRS,n,2,290.18,3.93,N,0
40.0598,-120.89775,303.39,0.36,0.58,2021-07-25,1045,N,VIIRS,n,2,287.9,1.15,N,0
40.05983,-120.93996,314.65,0.36,0.57,2021-07-25,1045,N,VIIRS,n,2,291.3,6.46,N,0
40.06036,-120.92092,305.79,0.36,0.57,2021-07-25,1045,N,VIIRS,n,2,282.62,1.22,N,0
40.06041,-120.96309,307.14,0.36,0.57,2021-07-25,1045,N,VIIRS,n,2,289.6,1.99,N,0
40.06065,-120.94301,322.03,0.36,0.57,2021-07-25,1045,N,VIIRS,n,2,292.42,6.42,N,0
40.06132,-120.92444,307.43,0.36,0.57,2021-07-25,1045,N,VIIRS,n,2,285.17,1.22,N,0
40.06144,-120.9459,352.3,0.36,0.57,2021-07-25,1045,N,VIIRS,n,2,295.47,6.42,N,0
40.06177,-120.96812,308.2,0.36,0.57,2021-07-25,1045,N,VIIRS,n,2,287.62,1.99,N,0
40.06215,-120.94854,343.67,0.36,0.57,2021-07-25,1045,N,VIIRS,n,2,293.85,7.75,N,0
40.06223,-120.92782,308.94,0.36,0.57,2021-07-25,1045,N,VIIRS,n,2,288.7,3.06,N,0
40.06293,-120.95142,334.14,0.36,0.57,2021-07-25,1045,N,VIIRS,n,2,291.06,7.75,N,0
40.0631,-120.93104,345.02,0.36,0.57,2021-07-25,1045,N,VIIRS,n,2,293.74,3.06,N,0
40.06399,-120.93433,337.38,0.36,0.57,2021-07-25,1045,N,VIIRS,n,2,292.48,6.46,N,0
40.06452,-121.44019,296.92,0.34,0.56,2021-07-25,1045,N,VIIRS,n,2,284.4,0.81,N,0
40.06467,-121.10419,300.78,0.35,0.57,2021-07-25,1045,N,VIIRS,n,2,277.42,0.68,N,0
40.06479,-120.93727,367,0.36,0.57,2021-07-25,1045,N,VIIRS,h,2,297.39,6.46,N,0
40.06523,-121.19132,309.47,0.35,0.57,2021-07-25,1045,N,VIIRS,n,2,288.68,4.51,N,0
40.06553,-120.94006,354.92,0.36,0.57,2021-07-25,1045,N,VIIRS,n,2,294.83,6.42,N,0
40.06603,-120.96291,320.8,0.36,0.57,2021-07-25,1045,N,VIIRS,n,2,290.92,2.27,N,0
40.06626,-120.94275,309.95,0.36,0.57,2021-07-25,1045,N,VIIRS,n,2,289.93,6.42,N,0
40.06635,-121.44706,321.33,0.34,0.56,2021-07-25,1045,N,VIIRS,n,2,291.24,2.87,N,0
40.06644,-121.19593,352.92,0.35,0.57,2021-07-25,1045,N,VIIRS,n,2,291.58,4.51,N,0
40.06719,-121.45023,323.62,0.34,0.56,2021-07-25,1045,N,VIIRS,n,2,292.68,3.69,N,0
40.06746,-120.96822,314.18,0.36,0.57,2021-07-25,1045,N,VIIRS,n,2,290.72,2.27,N,0
40.06748,-121.19984,328.45,0.35,0.57,2021-07-25,1045,N,VIIRS,n,2,290.59,4.88,N,0
40.06801,-121.45332,335.11,0.34,0.56,2021-07-25,1045,N,VIIRS,n,2,292.34,3.69,N,0
40.06833,-121.09688,315.21,0.35,0.57,2021-07-25,1045,N,VIIRS,n,2,288.3,1.28,N,0
40.06849,-121.20364,327.24,0.35,0.57,2021-07-25,1045,N,VIIRS,n,2,290.14,4.88,N,0
40.06884,-120.9733,311.85,0.36,0.57,2021-07-25,1045,N,VIIRS,n,2,290.63,1.76,N,0
40.06951,-121.18638,315.14,0.35,0.57,2021-07-25,1045,N,VIIRS,n,2,289.69,5.65,N,0
40.06958,-121.10151,311.37,0.35,0.57,2021-07-25,1045,N,VIIRS,n,2,288.54,1.28,N,0
40.0701,-120.97797,309.46,0.36,0.57,2021-07-25,1045,N,VIIRS,n,2,290.47,1.76,N,0
40.07043,-120.95822,309.62,0.36,0.57,2021-07-25,1045,N,VIIRS,n,2,285.39,5.33,N,0
40.07059,-121.18831,325.5,0.35,0.57,2021-07-25,1045,N,VIIRS,n,2,290.48,4.41,N,0
40.0708,-121.1913,313.84,0.35,0.57,2021-07-25,1045,N,VIIRS,n,2,290.68,3.13,N,0
40.07185,-120.96347,320.14,0.36,0.57,2021-07-25,1045,N,VIIRS,n,2,291.33,2.27,N,0
40.07189,-121.19313,309.07,0.35,0.57,2021-07-25,1045,N,VIIRS,n,2,290.27,4.32,N,0
40.07196,-121.19567,312.44,0.35,0.57,2021-07-25,1045,N,VIIRS,n,2,290.68,3.13,N,0
40.07266,-120.9875,305.96,0.36,0.57,2021-07-25,1045,N,VIIRS,n,2,287.07,1.6,N,0
40.07295,-121.45113,333.03,0.34,0.56,2021-07-25,1045,N,VIIRS,n,2,293.85,3.58,N,0
40.07311,-120.96817,317.16,0.36,0.57,2021-07-25,1045,N,VIIRS,n,2,291.98,2.27,N,0
40.07381,-121.45438,299.05,0.34,0.56,2021-07-25,1045,N,VIIRS,n,2,285.53,2.19,N,0
40.0739,-121.20302,314.82,0.35,0.57,2021-07-25,1045,N,VIIRS,n,2,290.48,3.38,N,0
40.07429,-120.97254,312.56,0.36,0.57,2021-07-25,1045,N,VIIRS,n,2,290.44,1.76,N,0
40.07463,-121.1825,326.11,0.35,0.57,2021-07-25,1045,N,VIIRS,n,2,281.52,4.41,N,0
40.07483,-121.18537,367,0.35,0.57,2021-07-25,1045,N,VIIRS,h,2,291.66,5.65,N,0
40.07493,-121.20435,306,0.35,0.57,2021-07-25,1045,N,VIIRS,n,2,288.59,1.61,N,0
40.07542,-120.97673,306.36,0.36,0.57,2021-07-25,1045,N,VIIRS,n,2,287.9,1.76,N,0
40.07587,-121.18712,353.12,0.35,0.57,2021-07-25,1045,N,VIIRS,n,2,293.17,4.41,N,0
40.07612,-121.19025,332.74,0.35,0.57,2021-07-25,1045,N,VIIRS,n,2,291.75,3.13,N,0
40.07656,-121.17071,303.25,0.35,0.57,2021-07-25,1045,N,VIIRS,n,2,284.27,3.08,N,0
40.07658,-120.98106,306.73,0.36,0.57,2021-07-25,1045,N,VIIRS,n,2,288.86,1.6,N,0
40.07725,-121.19218,320.31,0.35,0.57,2021-07-25,1045,N,VIIRS,n,2,289.72,4.32,N,0
40.07743,-121.19527,304.61,0.35,0.57,2021-07-25,1045,N,VIIRS,n,2,288.29,3.13,N,0
40.07751,-120.96349,320.51,0.36,0.57,2021-07-25,1045,N,VIIRS,n,2,290.45,4.24,N,0
40.07766,-121.173,311.74,0.35,0.57,2021-07-25,1045,N,VIIRS,n,2,284.56,5.34,N,0
40.07779,-120.98552,307.17,0.36,0.57,2021-07-25,1045,N,VIIRS,n,2,289.88,1.6,N,0
40.078,-121.1762,306.71,0.35,0.57,2021-07-25,1045,N,VIIRS,n,2,277.24,3.08,N,0
40.07862,-120.96761,322.32,0.36,0.57,2021-07-25,1045,N,VIIRS,n,2,292.68,4.24,N,0
40.07893,-120.98978,306.32,0.36,0.57,2021-07-25,1045,N,VIIRS,n,2,289.17,2.06,N,0
40.07964,-120.97138,316.4,0.36,0.57,2021-07-25,1045,N,VIIRS,n,2,291.61,2.38,N,0
40.08007,-120.99403,307.79,0.36,0.57,2021-07-25,1045,N,VIIRS,n,2,289.24,2.06,N,0
40.08007,-120.95193,326.03,0.36,0.57,2021-07-25,1045,N,VIIRS,n,2,291.42,6.7,N,0
40.0803,-121.18491,321.74,0.35,0.57,2021-07-25,1045,N,VIIRS,n,2,286.86,2.1,N,0
40.08067,-120.97519,312.7,0.36,0.57,2021-07-25,1045,N,VIIRS,n,2,290.57,2.38,N,0
40.08134,-121.18664,309.07,0.35,0.57,2021-07-25,1045,N,VIIRS,n,2,285.02,0.85,N,0
40.0815,-121.18947,305.02,0.35,0.57,2021-07-25,1045,N,VIIRS,n,2,282.76,1.43,N,0
40.08153,-120.95735,354.26,0.36,0.57,2021-07-25,1045,N,VIIRS,n,2,295.41,6.7,N,0
40.08173,-121.1673,321.2,0.35,0.57,2021-07-25,1045,N,VIIRS,n,2,280.02,5.59,N,0
40.08178,-120.97934,310.48,0.36,0.57,2021-07-25,1045,N,VIIRS,n,2,291.37,3.96,N,0
40.08183,-121.44298,315.17,0.34,0.56,2021-07-25,1045,N,VIIRS,n,2,286.89,2.31,N,0
40.08215,-121.17074,367,0.35,0.57,2021-07-25,1045,N,VIIRS,h,2,287.25,3.08,N,0
40.08261,-120.96138,341.98,0.36,0.57,2021-07-25,1045,N,VIIRS,n,2,293.42,4.24,N,0
40.083,-120.98389,314.77,0.36,0.57,2021-07-25,1045,N,VIIRS,n,2,292.01,3.96,N,0
40.08328,-121.17302,353.83,0.35,0.57,2021-07-25,1045,N,VIIRS,n,2,287.07,5.34,N,0
40.08358,-121.17618,301.16,0.35,0.57,2021-07-25,1045,N,VIIRS,n,2,275.33,3.08,N,0
40.08358,-120.96496,316.77,0.36,0.57,2021-07-25,1045,N,VIIRS,n,2,290,4.24,N,0
40.08427,-120.9886,315.87,0.36,0.57,2021-07-25,1045,N,VIIRS,n,2,291.94,3.07,N,0
40.08455,-120.96858,317.51,0.36,0.57,2021-07-25,1045,N,VIIRS,n,2,284.69,2.38,N,0
40.08474,-121.45395,298.27,0.34,0.56,2021-07-25,1045,N,VIIRS,n,2,282.96,1.7,N,0
40.08484,-121.43353,302.13,0.34,0.56,2021-07-25,1045,N,VIIRS,n,2,287.61,1.31,N,0
40.08503,-121.07531,312.1,0.35,0.57,2021-07-25,1045,N,VIIRS,n,2,288.2,1.35,N,0
40.08541,-120.99281,312.7,0.36,0.57,2021-07-25,1045,N,VIIRS,n,2,290.04,3.07,N,0
40.0856,-120.97249,307.11,0.36,0.57,2021-07-25,1045,N,VIIRS,n,2,281.56,2.38,N,0
40.08568,-121.16113,341.14,0.35,0.57,2021-07-25,1045,N,VIIRS,n,2,288.96,7,N,0
40.0858,-121.43712,310.32,0.34,0.56,2021-07-25,1045,N,VIIRS,n,2,287.18,1.31,N,0
40.08657,-120.99717,317.85,0.36,0.57,2021-07-25,1045,N,VIIRS,n,2,291.75,2.55,N,0
40.08678,-120.97687,329.35,0.36,0.57,2021-07-25,1045,N,VIIRS,n,2,289.65,3.96,N,0
40.0868,-121.44091,327.66,0.34,0.56,2021-07-25,1045,N,VIIRS,n,2,290.11,2.31,N,0
40.08724,-121.16693,352.62,0.35,0.57,2021-07-25,1045,N,VIIRS,n,2,291.25,7,N,0
40.08786,-121.00199,310.64,0.36,0.57,2021-07-25,1045,N,VIIRS,n,2,291.39,2.55,N,0
40.08813,-120.9819,350.24,0.36,0.57,2021-07-25,1045,N,VIIRS,n,2,295.41,3.96,N,0
40.08873,-121.17245,320.15,0.35,0.57,2021-07-25,1045,N,VIIRS,n,2,290.74,5.56,N,0
40.0891,-121.00658,315.3,0.36,0.57,2021-07-25,1045,N,VIIRS,n,2,291.42,2.44,N,0
40.0895,-120.98704,321.43,0.36,0.57,2021-07-25,1045,N,VIIRS,n,2,292.53,3.07,N,0
40.08987,-121.07237,319.99,0.35,0.57,2021-07-25,1045,N,VIIRS,n,2,286.13,1.35,N,0
40.09017,-121.17779,311.18,0.35,0.57,2021-07-25,1045,N,VIIRS,n,2,283.47,5.56,N,0
40.09022,-121.01075,302.93,0.36,0.57,2021-07-25,1045,N,VIIRS,n,2,285.65,2.44,N,0
40.09049,-120.96963,301.34,0.36,0.57,2021-07-25,1045,N,VIIRS,n,2,284.93,1.82,N,0
40.0907,-120.99149,314.37,0.36,0.57,2021-07-25,1045,N,VIIRS,n,2,290.62,3.07,N,0
40.09074,-121.45577,310.03,0.34,0.56,2021-07-25,1045,N,VIIRS,n,2,289.27,1.63,N,0
40.09096,-121.15992,367,0.35,0.57,2021-07-25,1045,N,VIIRS,h,2,292.05,7,N,0
40.09139,-121.18232,306.28,0.35,0.57,2021-07-25,1045,N,VIIRS,n,2,277.8,9.62,N,0
40.09173,-120.97425,321.24,0.36,0.57,2021-07-25,1045,N,VIIRS,n,2,290.54,3.84,N,0
40.09185,-120.99577,321.04,0.36,0.57,2021-07-25,1045,N,VIIRS,n,2,291.93,2.55,N,0
40.0924,-121.16526,344.06,0.35,0.57,2021-07-25,1045,N,VIIRS,n,2,294.21,7,N,0
40.09249,-121.18639,330.08,0.35,0.57,2021-07-25,1045,N,VIIRS,n,2,280.67,9.62,N,0
40.09305,-121.00024,331.79,0.36,0.57,2021-07-25,1045,N,VIIRS,n,2,292.14,2.55,N,0
40.09311,-120.97941,328.22,0.36,0.57,2021-07-25,1045,N,VIIRS,n,2,291.61,3.84,N,0
40.09381,-121.44656,317.25,0.34,0.56,2021-07-25,1045,N,VIIRS,n,2,291.52,6.34,N,0
40.09394,-121.17098,328.22,0.35,0.57,2021-07-25,1045,N,VIIRS,n,2,292.69,5.56,N,0
40.09451,-120.98463,331.78,0.36,0.57,2021-07-25,1045,N,VIIRS,n,2,292.05,3.44,N,0
40.09478,-121.45022,326.27,0.34,0.56,2021-07-25,1045,N,VIIRS,n,2,291.83,6.34,N,0
40.09508,-121.1544,332.57,0.35,0.57,2021-07-25,1045,N,VIIRS,n,2,288.32,9.3,N,0
40.09513,-121.02901,322.68,0.36,0.57,2021-07-25,1045,N,VIIRS,n,2,285.41,2.41,N,0
40.09542,-121.17649,344.57,0.35,0.57,2021-07-25,1045,N,VIIRS,n,2,291.08,5.56,N,0
40.09574,-121.45383,323.35,0.34,0.56,2021-07-25,1045,N,VIIRS,n,2,289.59,3.18,N,0
40.09582,-120.98953,304.34,0.36,0.57,2021-07-25,1045,N,VIIRS,n,2,289.8,3.44,N,0
40.09618,-121.03294,311.37,0.36,0.57,2021-07-25,1045,N,VIIRS,n,2,283.93,2.41,N,0
40.09626,-121.15878,367,0.35,0.57,2021-07-25,1045,N,VIIRS,h,2,297.01,8.99,N,0
40.09654,-121.43598,302.83,0.34,0.56,2021-07-25,1045,N,VIIRS,n,2,288.06,3.74,N,0
40.09664,-121.18102,367,0.35,0.57,2021-07-25,1045,N,VIIRS,h,2,294.77,9.62,N,0
40.09756,-121.43987,333.52,0.34,0.56,2021-07-25,1045,N,VIIRS,n,2,291.11,3.74,N,0
40.0976,-121.16376,336.24,0.35,0.57,2021-07-25,1045,N,VIIRS,n,2,293.75,8.99,N,0
40.09761,-121.18463,367,0.35,0.57,2021-07-25,1045,N,VIIRS,h,2,297.55,9.62,N,0
40.09808,-121.33698,304.13,0.34,0.56,2021-07-25,1045,N,VIIRS,n,2,286.38,0.85,N,0
40.09855,-121.44362,367,0.34,0.56,2021-07-25,1045,N,VIIRS,h,2,298.89,6.34,N,0
40.09857,-121.18819,306.56,0.35,0.57,2021-07-25,1045,N,VIIRS,n,2,288.42,12.85,N,0
40.09908,-121.16925,351.18,0.35,0.57,2021-07-25,1045,N,VIIRS,n,2,294.61,10.87,N,0
40.09948,-121.44711,332.22,0.34,0.56,2021-07-25,1045,N,VIIRS,n,2,293.32,6.34,N,0
40.10027,-121.02714,327.11,0.36,0.57,2021-07-25,1045,N,VIIRS,n,2,290.11,2.41,N,0
40.10038,-121.45056,310.37,0.34,0.56,2021-07-25,1045,N,VIIRS,n,2,288.89,3.18,N,0
40.10042,-121.17422,367,0.35,0.57,2021-07-25,1045,N,VIIRS,h,2,295.3,10.87,N,0
40.10131,-121.43315,310.99,0.34,0.56,2021-07-25,1045,N,VIIRS,n,2,288.84,3.18,N,0
40.10156,-121.17847,367,0.35,0.57,2021-07-25,1045,N,VIIRS,h,2,291.32,10.42,N,0
40.10168,-121.15809,344.17,0.35,0.57,2021-07-25,1045,N,VIIRS,n,2,290.49,8.99,N,0
40.10227,-121.43681,367,0.34,0.56,2021-07-25,1045,N,VIIRS,h,2,294.92,3.18,N,0
40.10295,-121.33443,305.33,0.34,0.56,2021-07-25,1045,N,VIIRS,n,2,286.89,0.85,N,0
40.103,-121.16302,354.88,0.35,0.57,2021-07-25,1045,N,VIIRS,n,2,297.07,8.99,N,0
40.10322,-121.44038,303.84,0.34,0.56,2021-07-25,1045,N,VIIRS,n,2,286.94,3.78,N,0
40.10425,-121.16764,367,0.35,0.57,2021-07-25,1045,N,VIIRS,h,2,294.22,10.87,N,0
40.10532,-121.42741,302.85,0.34,0.56,2021-07-25,1045,N,VIIRS,n,2,289.35,1.55,N,0
40.1054,-121.17193,331.54,0.35,0.57,2021-07-25,1045,N,VIIRS,n,2,288.81,10.87,N,0
40.1063,-121.43114,306.92,0.34,0.56,2021-07-25,1045,N,VIIRS,n,2,289.57,3.18,N,0
40.10646,-121.17589,338.82,0.35,0.57,2021-07-25,1045,N,VIIRS,n,2,288.2,10.42,N,0
40.10733,-121.43507,309.64,0.34,0.56,2021-07-25,1045,N,VIIRS,n,2,290.29,3.18,N,0
40.10837,-121.439,304.54,0.34,0.56,2021-07-25,1045,N,VIIRS,n,2,287.68,3.78,N,0
40.11023,-121.16906,299.73,0.35,0.57,2021-07-25,1045,N,VIIRS,n,2,280.8,1.59,N,0
40.11249,-121.43374,306.66,0.34,0.56,2021-07-25,1045,N,VIIRS,n,2,288.63,2.12,N,0
40.11255,-121.15681,317.77,0.35,0.57,2021-07-25,1045,N,VIIRS,n,2,280.25,2.12,N,0
40.1133,-121.31049,298.34,0.34,0.56,2021-07-25,1045,N,VIIRS,n,2,285.75,1.74,N,0
40.11377,-121.30693,299.3,0.34,0.56,2021-07-25,1045,N,VIIRS,n,2,285.76,1.68,N,0
40.11499,-121.31145,330.53,0.34,0.56,2021-07-25,1045,N,VIIRS,n,2,285.5,1.68,N,0
40.1181,-121.30759,334.03,0.34,0.56,2021-07-25,1045,N,VIIRS,n,2,289.11,1.74,N,0
40.11834,-121.15753,303.53,0.35,0.57,2021-07-25,1045,N,VIIRS,n,2,284.27,0.78,N,0
40.11929,-121.31218,302.73,0.34,0.56,2021-07-25,1045,N,VIIRS,n,2,281.55,1.52,N,0
40.11979,-121.30862,318.15,0.34,0.56,2021-07-25,1045,N,VIIRS,n,2,288.58,1.68,N,0
40.12042,-121.31647,304.78,0.34,0.56,2021-07-25,1045,N,VIIRS,n,2,281.65,1.52,N,0
40.12143,-121.42578,305.2,0.34,0.56,2021-07-25,1045,N,VIIRS,n,2,289.31,1.07,N,0
40.12152,-121.32068,299.72,0.34,0.56,2021-07-25,1045,N,VIIRS,n,2,286.24,1.12,N,0
40.12214,-121.31738,307.04,0.34,0.56,2021-07-25,1045,N,VIIRS,n,2,280.97,2.96,N,0
40.12247,-121.42973,320.32,0.34,0.56,2021-07-25,1045,N,VIIRS,n,2,289.79,1.07,N,0
40.12325,-121.32153,308.56,0.34,0.56,2021-07-25,1045,N,VIIRS,n,2,286.72,1.3,N,0
40.1264,-121.4237,301.12,0.34,0.56,2021-07-25,1045,N,VIIRS,n,2,287.27,1.07,N,0
40.12694,-121.31457,314.45,0.34,0.56,2021-07-25,1045,N,VIIRS,n,2,284.89,1.74,N,0
40.12715,-121.14857,306.77,0.35,0.57,2021-07-25,1045,N,VIIRS,n,2,284.9,1.57,N,0
40.12814,-121.31905,310.08,0.34,0.56,2021-07-25,1045,N,VIIRS,n,2,285.6,2.36,N,0
40.13048,-121.41822,311.88,0.34,0.56,2021-07-25,1045,N,VIIRS,n,2,289.6,1.21,N,0
40.13149,-121.14385,307.18,0.35,0.57,2021-07-25,1045,N,VIIRS,n,2,286.7,1.57,N,0
40.13247,-121.14753,326.34,0.35,0.57,2021-07-25,1045,N,VIIRS,n,2,289.69,1.57,N,0
40.13271,-121.41872,306.11,0.34,0.56,2021-07-25,1045,N,VIIRS,n,2,288.22,1.76,N,0
40.1337,-121.21496,306.41,0.35,0.57,2021-07-25,1045,N,VIIRS,n,2,287.97,1.41,N,0
40.13553,-121.41647,308.74,0.34,0.56,2021-07-25,1045,N,VIIRS,n,2,288.71,1.21,N,0
40.13677,-121.14265,324.18,0.35,0.57,2021-07-25,1045,N,VIIRS,n,2,289.2,2.22,N,0
40.1369,-121.4137,305.61,0.34,0.56,2021-07-25,1045,N,VIIRS,n,2,289.48,1.76,N,0
40.13777,-121.41695,335.2,0.34,0.56,2021-07-25,1045,N,VIIRS,n,2,289.66,1.76,N,0
40.13783,-121.14663,316.53,0.35,0.57,2021-07-25,1045,N,VIIRS,n,2,288.07,2.22,N,0
40.13799,-121.40479,311.45,0.34,0.56,2021-07-25,1045,N,VIIRS,n,2,288.66,2.89,N,0
40.13854,-121.38581,306.36,0.34,0.56,2021-07-25,1045,N,VIIRS,n,2,287.14,1.8,N,0
40.13856,-121.37862,301.74,0.34,0.56,2021-07-25,1045,N,VIIRS,n,2,288.06,1.5,N,0
40.13886,-121.40814,306.57,0.34,0.56,2021-07-25,1045,N,VIIRS,n,2,288.99,2.89,N,0
40.13902,-121.40101,310.09,0.34,0.56,2021-07-25,1045,N,VIIRS,n,2,288.6,3.93,N,0
40.13949,-121.38941,311.58,0.34,0.56,2021-07-25,1045,N,VIIRS,n,2,288.69,1.8,N,0
40.13955,-121.38232,317.7,0.34,0.56,2021-07-25,1045,N,VIIRS,n,2,290.3,1.5,N,0
40.13973,-121.41146,319.37,0.34,0.56,2021-07-25,1045,N,VIIRS,n,2,289.84,2.52,N,0
40.13975,-121.15382,334.39,0.35,0.57,2021-07-25,1045,N,VIIRS,n,2,289.46,4.5,N,0
40.14013,-121.40515,322.47,0.34,0.56,2021-07-25,1045,N,VIIRS,n,2,290.75,3.79,N,0
40.14046,-121.39312,327.25,0.34,0.56,2021-07-25,1045,N,VIIRS,n,2,291.15,3.92,N,0
40.14052,-121.38593,324.47,0.34,0.56,2021-07-25,1045,N,VIIRS,n,2,289.58,4.34,N,0
40.14061,-121.41481,320.8,0.34,0.56,2021-07-25,1045,N,VIIRS,n,2,289.09,2.52,N,0
40.14065,-121.15719,310.98,0.35,0.57,2021-07-25,1045,N,VIIRS,n,2,288.06,4.22,N,0
40.14101,-121.36708,302.03,0.34,0.56,2021-07-25,1045,N,VIIRS,n,2,278.16,0.95,N,0
40.14102,-121.40845,323.24,0.34,0.56,2021-07-25,1045,N,VIIRS,n,2,290.3,3.79,N,0
40.14149,-121.41818,305.5,0.34,0.56,2021-07-25,1045,N,VIIRS,n,2,285.64,1.36,N,0
40.14149,-121.38958,335.99,0.34,0.56,2021-07-25,1045,N,VIIRS,n,2,292.28,4.34,N,0
40.14153,-121.3972,327.17,0.34,0.56,2021-07-25,1045,N,VIIRS,n,2,291.59,3.92,N,0
40.14195,-121.41193,311.49,0.34,0.56,2021-07-25,1045,N,VIIRS,n,2,289.19,2.68,N,0
40.14252,-121.39342,326.81,0.34,0.56,2021-07-25,1045,N,VIIRS,n,2,291.38,3.93,N,0
40.14266,-121.40156,348.72,0.34,0.56,2021-07-25,1045,N,VIIRS,n,2,294.53,2.89,N,0
40.14362,-121.39753,338.25,0.34,0.56,2021-07-25,1045,N,VIIRS,n,2,292.81,3.93,N,0
40.1437,-121.40557,318.97,0.34,0.56,2021-07-25,1045,N,VIIRS,n,2,289.89,2.89,N,0
40.14405,-121.37846,312.11,0.34,0.56,2021-07-25,1045,N,VIIRS,n,2,290.41,1.16,N,0
40.14478,-121.40185,334.57,0.34,0.56,2021-07-25,1045,N,VIIRS,n,2,291.23,3.79,N,0
40.14506,-121.38223,308,0.34,0.56,2021-07-25,1045,N,VIIRS,n,2,289.1,1.73,N,0
40.14558,-121.34274,317.59,0.34,0.56,2021-07-25,1045,N,VIIRS,n,2,281.04,1.51,N,0
40.1456,-121.36353,309.15,0.34,0.56,2021-07-25,1045,N,VIIRS,n,2,280.16,0.95,N,0
40.14613,-121.38623,324.03,0.34,0.56,2021-07-25,1045,N,VIIRS,n,2,289.76,1.73,N,0
40.14656,-121.34641,310.78,0.34,0.56,2021-07-25,1045,N,VIIRS,n,2,282.61,1.4,N,0
40.14725,-121.39041,302.92,0.34,0.56,2021-07-25,1045,N,VIIRS,n,2,287.34,1.24,N,0
40.14752,-121.34998,300.83,0.34,0.56,2021-07-25,1045,N,VIIRS,n,2,281.35,1.4,N,0
40.14767,-121.22549,299.53,0.35,0.56,2021-07-25,1045,N,VIIRS,n,2,275.86,1.04,N,0
40.14774,-121.37154,299.7,0.34,0.56,2021-07-25,1045,N,VIIRS,n,2,285.36,1.16,N,0
40.14844,-121.35342,330.82,0.34,0.56,2021-07-25,1045,N,VIIRS,n,2,289.34,3.13,N,0
40.14941,-121.35709,334.45,0.34,0.56,2021-07-25,1045,N,VIIRS,n,2,289.7,3.13,N,0
40.15024,-121.33942,315.98,0.34,0.56,2021-07-25,1045,N,VIIRS,n,2,287.57,1.51,N,0
40.15046,-121.361,309.05,0.34,0.56,2021-07-25,1045,N,VIIRS,n,2,286.44,3.16,N,0
40.15091,-121.21672,319.36,0.35,0.56,2021-07-25,1045,N,VIIRS,n,2,285.8,1.3,N,0
40.15116,-121.34287,304.69,0.34,0.56,2021-07-25,1045,N,VIIRS,n,2,286.8,1.4,N,0
40.15189,-121.22042,312.28,0.35,0.56,2021-07-25,1045,N,VIIRS,n,2,286.99,1.3,N,0
40.15285,-121.22401,304.64,0.35,0.56,2021-07-25,1045,N,VIIRS,n,2,288.1,1.04,N,0
40.15649,-121.30039,306.21,0.34,0.56,2021-07-25,1045,N,VIIRS,n,2,288.56,0.96,N,0
40.15697,-121.21855,326.37,0.35,0.56,2021-07-25,1045,N,VIIRS,n,2,291.17,4.54,N,0
40.15763,-121.3047,305.01,0.34,0.56,2021-07-25,1045,N,VIIRS,n,2,289.74,0.96,N,0
40.15797,-121.22234,318.99,0.35,0.56,2021-07-25,1045,N,VIIRS,n,2,291.08,2.88,N,0
40.15882,-121.30917,314.01,0.34,0.56,2021-07-25,1045,N,VIIRS,n,2,291.02,1.31,N,0
40.15892,-121.22587,314.44,0.35,0.56,2021-07-25,1045,N,VIIRS,n,2,289.21,2.88,N,0
40.16003,-121.31372,303.52,0.34,0.56,2021-07-25,1045,N,VIIRS,n,2,288.66,1.31,N,0
40.1613,-121.29763,302.56,0.34,0.56,2021-07-25,1045,N,VIIRS,n,2,283.85,0.96,N,0
40.16519,-121.29136,300.78,0.34,0.56,2021-07-25,1045,N,VIIRS,n,2,278.98,0.55,N,0
40.16614,-121.10704,354.35,0.35,0.57,2021-07-25,1045,N,VIIRS,n,2,285.7,7.41,N,0
40.16648,-121.10688,351.09,0.35,0.57,2021-07-25,1045,N,VIIRS,n,2,284.46,6.03,N,0
40.16751,-121.11212,334.89,0.35,0.57,2021-07-25,1045,N,VIIRS,n,2,288.02,8.95,N,0
40.16783,-121.11198,324.58,0.35,0.57,2021-07-25,1045,N,VIIRS,n,2,288.23,6.42,N,0
40.17227,-121.10898,301.26,0.35,0.57,2021-07-25,1045,N,VIIRS,n,2,281.78,0.65,N,0
40.17259,-121.1088,309.55,0.35,0.57,2021-07-25,1045,N,VIIRS,n,2,283.2,0.56,N,0
40.17452,-121.28468,301.89,0.34,0.56,2021-07-25,1045,N,VIIRS,n,2,282.78,1.99,N,0
40.18107,-121.22542,298.29,0.35,0.56,2021-07-25,1045,N,VIIRS,n,2,277.58,1.87,N,0
40.19144,-121.28569,349.72,0.34,0.56,2021-07-25,1045,N,VIIRS,n,2,289,5.11,N,0
40.19244,-121.28947,329.13,0.34,0.56,2021-07-25,1045,N,VIIRS,n,2,282.36,5.11,N,0
40.19347,-121.2934,308.78,0.34,0.56,2021-07-25,1045,N,VIIRS,n,2,277.85,1.87,N,0
40.1946,-121.29765,309.18,0.34,0.56,2021-07-25,1045,N,VIIRS,n,2,281.69,1.87,N,0
40.19619,-121.28266,314.22,0.34,0.56,2021-07-25,1045,N,VIIRS,n,2,283.39,1.93,N,0
40.19724,-121.28664,312.45,0.34,0.56,2021-07-25,1045,N,VIIRS,n,2,285.64,1.93,N,0
40.19838,-121.29095,301.56,0.34,0.56,2021-07-25,1045,N,VIIRS,n,2,282.28,1.64,N,0
40.2076,-121.24165,304.63,0.34,0.56,2021-07-25,1045,N,VIIRS,n,2,278.35,1.77,N,0
39.90189,-121.20429,338.7,0.47,0.47,2021-07-25,2027,N,VIIRS,n,2,302.75,8.76,D,0
39.90419,-121.23435,344.1,0.47,0.48,2021-07-25,2027,N,VIIRS,n,2,298.44,9.11,D,0
39.90627,-121.20535,340.55,0.47,0.47,2021-07-25,2027,N,VIIRS,n,2,302.16,8.76,D,0
39.90751,-121.19997,331.43,0.47,0.47,2021-07-25,2027,N,VIIRS,n,2,300.23,13.56,D,0
39.90831,-121.23656,343.92,0.47,0.48,2021-07-25,2027,N,VIIRS,n,2,297.98,9.11,D,0
39.90969,-121.23056,341.07,0.47,0.48,2021-07-25,2027,N,VIIRS,n,2,300.45,9.11,D,0
39.91236,-121.23903,334.1,0.47,0.48,2021-07-25,2027,N,VIIRS,n,2,297.75,7.75,D,0
39.91541,-121.1857,349.22,0.46,0.47,2021-07-25,2027,N,VIIRS,n,2,301.56,10.55,D,0
39.91674,-121.17988,354.88,0.46,0.47,2021-07-25,2027,N,VIIRS,n,2,300.65,86.88,D,0
39.91974,-121.18686,334.54,0.46,0.47,2021-07-25,2027,N,VIIRS,n,2,302.07,10.55,D,0
39.92235,-121.17549,345.03,0.46,0.47,2021-07-25,2027,N,VIIRS,n,2,297.47,86.88,D,0
39.92409,-121.18798,338.95,0.46,0.47,2021-07-25,2027,N,VIIRS,n,2,301.34,11.37,D,0
39.92532,-121.18266,342.2,0.46,0.47,2021-07-25,2027,N,VIIRS,n,2,306.11,164.72,D,0
39.92789,-121.17143,336.2,0.46,0.47,2021-07-25,2027,N,VIIRS,n,2,293.36,30.56,D,0
39.92845,-121.18907,345.37,0.46,0.47,2021-07-25,2027,N,VIIRS,n,2,301.24,11.37,D,0
39.92963,-121.18391,353.18,0.46,0.47,2021-07-25,2027,N,VIIRS,n,2,302.35,164.72,D,0
39.93275,-121.19041,341.21,0.46,0.47,2021-07-25,2027,N,VIIRS,n,2,297.92,10.64,D,0
39.93394,-121.18518,347.2,0.46,0.47,2021-07-25,2027,N,VIIRS,n,2,297.08,45.93,D,0
39.93823,-121.18657,330.13,0.46,0.47,2021-07-25,2027,N,VIIRS,n,2,294.89,45.93,D,0
39.93952,-121.18092,355.48,0.46,0.47,2021-07-25,2027,N,VIIRS,n,2,299.14,45.93,D,0
39.94077,-121.17544,338.13,0.46,0.47,2021-07-25,2027,N,VIIRS,n,2,293.85,47.67,D,0
39.9438,-121.18232,337.25,0.46,0.47,2021-07-25,2027,N,VIIRS,n,2,296.76,7.68,D,0
39.94809,-121.18368,337.98,0.46,0.47,2021-07-25,2027,N,VIIRS,n,2,300.49,7.68,D,0
39.94936,-121.17808,350.73,0.46,0.47,2021-07-25,2027,N,VIIRS,n,2,302.78,16.99,D,0
39.95065,-121.17246,367,0.46,0.47,2021-07-25,2027,N,VIIRS,h,2,304.83,16.99,D,0
39.9524,-121.18496,332.39,0.46,0.47,2021-07-25,2027,N,VIIRS,n,2,299.06,11.43,D,0
39.95367,-121.17937,331.85,0.46,0.47,2021-07-25,2027,N,VIIRS,n,2,295.67,6.45,D,0
39.95547,-121.13116,337.31,0.46,0.47,2021-07-25,2027,N,VIIRS,n,2,295.83,17.46,D,0
39.95634,-121.14749,355.31,0.46,0.47,2021-07-25,2027,N,VIIRS,n,2,304.36,25.87,D,0
39.9566,-121.12624,349.32,0.46,0.47,2021-07-25,2027,N,VIIRS,n,2,306.47,18.65,D,0
39.95745,-121.14261,344.71,0.46,0.47,2021-07-25,2027,N,VIIRS,n,2,299.97,25.87,D,0
39.95772,-121.12132,331.98,0.46,0.47,2021-07-25,2027,N,VIIRS,n,2,295.43,18.65,D,0
39.95796,-121.18071,332.36,0.46,0.47,2021-07-25,2027,N,VIIRS,n,2,295.8,6.45,D,0
39.96056,-121.1491,341.81,0.46,0.47,2021-07-25,2027,N,VIIRS,n,2,298.78,9.85,D,0
39.96206,-121.12241,343.73,0.46,0.47,2021-07-25,2027,N,VIIRS,n,2,297.71,18.65,D,0
39.9622,-121.18225,330.59,0.46,0.47,2021-07-25,2027,N,VIIRS,n,2,296.58,11.26,D,0
39.9636,-121.15593,335.78,0.46,0.47,2021-07-25,2027,N,VIIRS,n,2,295.4,8.35,D,0
39.96634,-121.10358,333.95,0.46,0.47,2021-07-25,2027,N,VIIRS,n,2,294.69,6.16,D,0
39.96738,-121.09898,331.03,0.46,0.47,2021-07-25,2027,N,VIIRS,n,2,294.42,5.46,D,0
39.96844,-121.09435,339.97,0.46,0.47,2021-07-25,2027,N,VIIRS,n,2,295.51,5.46,D,0
39.97937,-121.08651,333.61,0.46,0.47,2021-07-25,2027,N,VIIRS,n,2,294.9,5.67,D,0
39.98486,-121.08245,339.78,0.46,0.47,2021-07-25,2027,N,VIIRS,n,2,296.11,9.01,D,0
39.9872,-121.07208,337.5,0.46,0.47,2021-07-25,2027,N,VIIRS,n,2,294.48,5.24,D,0
39.99123,-121.0745,330.67,0.46,0.47,2021-07-25,2027,N,VIIRS,n,2,294.86,5.24,D,0
39.99526,-121.03643,339.32,0.46,0.47,2021-07-25,2027,N,VIIRS,n,2,295.63,6.62,D,0
39.99634,-121.03166,339.59,0.45,0.47,2021-07-25,2027,N,VIIRS,n,2,295.53,8.09,D,0
39.99867,-121.02138,333.09,0.45,0.47,2021-07-25,2027,N,VIIRS,n,2,295.15,6.86,D,0
40.00027,-121.07497,346.2,0.46,0.47,2021-07-25,2027,N,VIIRS,n,2,296.44,13.58,D,0
40.00168,-121.02819,347.28,0.45,0.47,2021-07-25,2027,N,VIIRS,n,2,297.49,8.09,D,0
40.00282,-121.02314,350.71,0.45,0.47,2021-07-25,2027,N,VIIRS,n,2,297.18,6.86,D,0
40.0039,-120.91766,340.21,0.45,0.47,2021-07-25,2027,N,VIIRS,n,2,295.78,5.69,D,0
40.00398,-121.01801,333.68,0.45,0.47,2021-07-25,2027,N,VIIRS,n,2,294.86,6.86,D,0
40.00427,-121.07751,331.62,0.46,0.47,2021-07-25,2027,N,VIIRS,n,2,293.99,8.11,D,0
40.00518,-121.05312,354.8,0.46,0.47,2021-07-25,2027,N,VIIRS,n,2,305.03,44.04,D,0
40.0052,-120.9119,333.52,0.45,0.47,2021-07-25,2027,N,VIIRS,n,2,295.44,8.08,D,0
40.00653,-120.90599,353.07,0.45,0.47,2021-07-25,2027,N,VIIRS,n,2,297.84,8.08,D,0
40.00788,-120.9,342.08,0.45,0.47,2021-07-25,2027,N,VIIRS,n,2,296.81,83.92,D,0
40.00914,-121.05587,335.15,0.46,0.47,2021-07-25,2027,N,VIIRS,n,2,293.94,3.64,D,0
40.00941,-121.08334,334.29,0.46,0.47,2021-07-25,2027,N,VIIRS,n,2,294.34,8.47,D,0
40.01085,-120.90694,331.91,0.45,0.47,2021-07-25,2027,N,VIIRS,n,2,296.73,8.08,D,0
40.01353,-120.89499,353.11,0.45,0.47,2021-07-25,2027,N,VIIRS,n,2,306.59,83.92,D,0
40.01494,-120.88871,340.05,0.45,0.47,2021-07-25,2027,N,VIIRS,n,2,294.87,6.38,D,0
40.01814,-121.12494,341.53,0.46,0.47,2021-07-25,2027,N,VIIRS,n,2,294.11,6.03,D,0
40.02462,-120.8859,337.6,0.45,0.47,2021-07-25,2027,N,VIIRS,n,2,298.84,8.99,D,0
40.02577,-120.88075,336.36,0.45,0.47,2021-07-25,2027,N,VIIRS,n,2,299.02,10.51,D,0
40.02659,-120.97816,346.43,0.45,0.47,2021-07-25,2027,N,VIIRS,n,2,296.43,7.38,D,0
40.02758,-120.97377,348.91,0.45,0.47,2021-07-25,2027,N,VIIRS,n,2,295.97,7.38,D,0
40.02806,-120.87058,347.58,0.45,0.47,2021-07-25,2027,N,VIIRS,n,2,298.49,5.59,D,0
40.02883,-120.88725,341.65,0.45,0.47,2021-07-25,2027,N,VIIRS,n,2,296.96,8.4,D,0
40.02913,-120.86581,334.2,0.45,0.47,2021-07-25,2027,N,VIIRS,n,2,296.35,5.59,D,0
40.02996,-120.8822,330.54,0.45,0.47,2021-07-25,2027,N,VIIRS,n,2,299.26,11.95,D,0
40.03039,-120.97263,333.31,0.45,0.47,2021-07-25,2027,N,VIIRS,n,2,294.25,4.53,D,0
40.03226,-120.87195,332.96,0.45,0.47,2021-07-25,2027,N,VIIRS,n,2,300.32,8.08,D,0
40.0333,-120.8673,345.73,0.45,0.47,2021-07-25,2027,N,VIIRS,n,2,299.72,8.08,D,0
40.03425,-120.86308,337.41,0.45,0.47,2021-07-25,2027,N,VIIRS,n,2,297.34,5.5,D,0
40.03522,-120.85873,331.53,0.45,0.47,2021-07-25,2027,N,VIIRS,n,2,295.63,5.5,D,0
40.03765,-121.40179,350.91,0.47,0.48,2021-07-25,2027,N,VIIRS,n,2,303.9,14.52,D,0
40.03856,-120.88412,346.72,0.45,0.47,2021-07-25,2027,N,VIIRS,n,2,296.88,7.04,D,0
40.03936,-120.86041,334.59,0.45,0.47,2021-07-25,2027,N,VIIRS,n,2,296.29,5.5,D,0
40.03956,-120.96074,332.91,0.45,0.47,2021-07-25,2027,N,VIIRS,n,2,294.78,4.87,D,0
40.03968,-120.87907,336.87,0.45,0.47,2021-07-25,2027,N,VIIRS,n,2,295.11,7.04,D,0
40.04035,-120.856,339.53,0.45,0.47,2021-07-25,2027,N,VIIRS,n,2,296.91,9.07,D,0
40.04072,-120.87446,337.93,0.45,0.47,2021-07-25,2027,N,VIIRS,n,2,296.65,5.55,D,0
40.0412,-121.40421,350.53,0.47,0.48,2021-07-25,2027,N,VIIRS,n,2,302.32,16.01,D,0
40.04201,-121.40303,357.25,0.47,0.48,2021-07-25,2027,N,VIIRS,n,2,300.42,17.87,D,0
40.04258,-121.39836,334.26,0.47,0.48,2021-07-25,2027,N,VIIRS,n,2,298.53,16.01,D,0
40.04263,-120.86596,345.84,0.45,0.47,2021-07-25,2027,N,VIIRS,n,2,298.9,7.95,D,0
40.04357,-120.86176,349.11,0.45,0.47,2021-07-25,2027,N,VIIRS,n,2,296.79,7.95,D,0
40.04393,-120.88029,332.1,0.45,0.47,2021-07-25,2027,N,VIIRS,n,2,294.73,7.04,D,0
40.04586,-120.87166,330.08,0.45,0.47,2021-07-25,2027,N,VIIRS,n,2,296.57,5.55,D,0
40.04679,-120.86755,331.38,0.45,0.47,2021-07-25,2027,N,VIIRS,n,2,295.12,7.95,D,0
40.05084,-121.42546,331.85,0.47,0.48,2021-07-25,2027,N,VIIRS,n,2,298.93,6.97,D,0
40.05095,-120.90306,331.48,0.45,0.47,2021-07-25,2027,N,VIIRS,n,2,295.54,4.2,D,0
40.05134,-120.88163,337.56,0.45,0.47,2021-07-25,2027,N,VIIRS,n,2,295.61,6.48,D,0
40.0529,-121.43373,340.53,0.47,0.48,2021-07-25,2027,N,VIIRS,n,2,298.78,16.33,D,0
40.05298,-120.88018,341.58,0.45,0.47,2021-07-25,2027,N,VIIRS,n,2,294.72,6.61,D,0
40.05721,-120.89547,335.65,0.45,0.47,2021-07-25,2027,N,VIIRS,n,2,295.23,7.7,D,0
40.06158,-121.41653,340.34,0.47,0.48,2021-07-25,2027,N,VIIRS,n,2,296.67,11.78,D,0
40.06596,-120.95619,340.27,0.45,0.47,2021-07-25,2027,N,VIIRS,n,2,294.83,6.36,D,0
40.06599,-120.93622,338.66,0.45,0.47,2021-07-25,2027,N,VIIRS,n,2,294.67,5.19,D,0
40.06604,-121.19633,346.19,0.46,0.47,2021-07-25,2027,N,VIIRS,n,2,296.2,11.21,D,0
40.0673,-121.1908,347.4,0.46,0.47,2021-07-25,2027,N,VIIRS,n,2,295.8,11.21,D,0
40.06752,-121.45093,353.46,0.48,0.48,2021-07-25,2027,N,VIIRS,n,2,298.44,10.78,D,0
40.06992,-121.09864,349.13,0.46,0.47,2021-07-25,2027,N,VIIRS,n,2,296.99,11.28,D,0
40.07165,-121.45318,341.08,0.48,0.48,2021-07-25,2027,N,VIIRS,n,2,298.54,10.78,D,0
40.07178,-121.19125,334,0.46,0.47,2021-07-25,2027,N,VIIRS,n,2,296.19,11.86,D,0
40.07293,-121.18616,346.1,0.46,0.47,2021-07-25,2027,N,VIIRS,n,2,296.67,9.92,D,0
40.07409,-121.18108,342.97,0.46,0.47,2021-07-25,2027,N,VIIRS,n,2,294.62,9.92,D,0
40.07484,-120.95706,333.92,0.45,0.47,2021-07-25,2027,N,VIIRS,n,2,295.67,6.64,D,0
40.07529,-121.17577,341.71,0.46,0.47,2021-07-25,2027,N,VIIRS,n,2,296.1,30.58,D,0
40.07591,-120.95232,340.41,0.45,0.47,2021-07-25,2027,N,VIIRS,n,2,294.7,6.64,D,0
40.07861,-121.18135,345.81,0.46,0.47,2021-07-25,2027,N,VIIRS,n,2,296.9,9.92,D,0
40.07927,-120.95754,330.71,0.45,0.47,2021-07-25,2027,N,VIIRS,n,2,295.08,21.72,D,0
40.07986,-121.17582,353.98,0.46,0.47,2021-07-25,2027,N,VIIRS,n,2,307.09,30.58,D,0
40.08032,-120.95288,356.32,0.45,0.47,2021-07-25,2027,N,VIIRS,l,2,297.15,21.72,D,0
40.08099,-121.17085,356.75,0.46,0.47,2021-07-25,2027,N,VIIRS,l,2,297.7,30.58,D,0
40.08209,-121.16602,330.3,0.46,0.47,2021-07-25,2027,N,VIIRS,n,2,293.42,4.92,D,0
40.08227,-120.96426,333.29,0.45,0.47,2021-07-25,2027,N,VIIRS,n,2,294.4,7.06,D,0
40.08344,-120.95911,339.27,0.45,0.47,2021-07-25,2027,N,VIIRS,n,2,293.07,21.72,D,0
40.08457,-120.95414,348.62,0.45,0.47,2021-07-25,2027,N,VIIRS,n,2,307.92,21.72,D,0
40.08535,-121.43429,343.88,0.47,0.48,2021-07-25,2027,N,VIIRS,n,2,298.53,10.17,D,0
40.08547,-121.17129,350.4,0.46,0.47,2021-07-25,2027,N,VIIRS,n,2,296.73,23.99,D,0
40.08558,-120.94968,340.28,0.45,0.47,2021-07-25,2027,N,VIIRS,n,2,292.25,44.2,D,0
40.08656,-121.16645,356.97,0.46,0.47,2021-07-25,2027,N,VIIRS,n,2,302.06,33.46,D,0
40.08764,-121.16174,356.98,0.46,0.47,2021-07-25,2027,N,VIIRS,l,2,299.65,33.46,D,0
40.09144,-120.98385,331.97,0.45,0.47,2021-07-25,2027,N,VIIRS,n,2,295.23,10.39,D,0
40.09247,-120.97928,354.43,0.45,0.47,2021-07-25,2027,N,VIIRS,n,2,296.69,10.39,D,0
40.09248,-121.18444,333.37,0.46,0.47,2021-07-25,2027,N,VIIRS,n,2,301.22,7.84,D,0
40.09312,-121.15775,356.7,0.46,0.47,2021-07-25,2027,N,VIIRS,l,2,301.21,26.78,D,0
40.0932,-121.17758,330.27,0.46,0.47,2021-07-25,2027,N,VIIRS,l,2,300.9,9.42,D,0
40.09431,-121.45584,367,0.47,0.48,2021-07-25,2027,N,VIIRS,h,2,304.29,24.07,D,0
40.09433,-121.15235,340.45,0.46,0.47,2021-07-25,2027,N,VIIRS,n,2,294.87,26.78,D,0
40.09485,-121.17419,331.14,0.46,0.47,2021-07-25,2027,N,VIIRS,n,2,300.83,9.21,D,0
40.0956,-121.45029,337.17,0.47,0.48,2021-07-25,2027,N,VIIRS,n,2,308.71,38.02,D,0
40.09632,-121.18406,341.53,0.46,0.47,2021-07-25,2027,N,VIIRS,n,2,300,12.6,D,0
40.09676,-121.18575,331.94,0.46,0.47,2021-07-25,2027,N,VIIRS,n,2,298,7.84,D,0
40.09684,-121.44492,343.6,0.47,0.48,2021-07-25,2027,N,VIIRS,n,2,298.04,38.02,D,0
40.09751,-121.15854,344.48,0.46,0.47,2021-07-25,2027,N,VIIRS,n,2,298.33,17.63,D,0
40.09756,-121.17858,353.86,0.46,0.47,2021-07-25,2027,N,VIIRS,n,2,303.65,9.42,D,0
40.09803,-121.43975,334.58,0.47,0.48,2021-07-25,2027,N,VIIRS,n,2,294.92,7.88,D,0
40.09804,-121.18024,357.24,0.46,0.47,2021-07-25,2027,N,VIIRS,l,2,303.82,7.84,D,0
40.09862,-121.1739,347.14,0.46,0.47,2021-07-25,2027,N,VIIRS,n,2,303.15,9.42,D,0
40.09873,-121.15314,341.78,0.46,0.47,2021-07-25,2027,N,VIIRS,n,2,297.88,17.63,D,0
40.09877,-121.03172,334.35,0.45,0.47,2021-07-25,2027,N,VIIRS,n,2,293.59,3.24,D,0
40.09918,-121.17535,357.03,0.46,0.47,2021-07-25,2027,N,VIIRS,n,2,303.78,9.21,D,0
40.09923,-121.43456,346.14,0.47,0.48,2021-07-25,2027,N,VIIRS,n,2,294.31,7.88,D,0
40.09935,-121.15474,345.05,0.46,0.47,2021-07-25,2027,N,VIIRS,n,2,299.66,30.23,D,0
40.09969,-121.45271,355.63,0.47,0.48,2021-07-25,2027,N,VIIRS,n,2,304.19,38.02,D,0
40.10029,-121.17053,330.75,0.46,0.47,2021-07-25,2027,N,VIIRS,n,2,299.12,9.21,D,0
40.10079,-121.16426,333.05,0.46,0.47,2021-07-25,2027,N,VIIRS,n,2,299.36,13.13,D,0
40.10092,-121.4474,340.76,0.47,0.48,2021-07-25,2027,N,VIIRS,n,2,289.24,38.02,D,0
40.10142,-121.16566,330.73,0.46,0.47,2021-07-25,2027,N,VIIRS,n,2,298.7,27.48,D,0
40.10172,-121.18044,339.29,0.46,0.47,2021-07-25,2027,N,VIIRS,n,2,298.18,11.92,D,0
40.10193,-121.15923,351.16,0.46,0.47,2021-07-25,2027,N,VIIRS,n,2,304.55,17.63,D,0
40.10215,-121.44208,354.55,0.47,0.48,2021-07-25,2027,N,VIIRS,n,2,285.7,7.88,D,0
40.10257,-121.16068,356.67,0.46,0.47,2021-07-25,2027,N,VIIRS,n,2,309.75,27.48,D,0
40.10289,-121.17526,350.8,0.46,0.47,2021-07-25,2027,N,VIIRS,n,2,298.82,11.92,D,0
40.10308,-121.15414,340.02,0.46,0.47,2021-07-25,2027,N,VIIRS,n,2,295.28,17.63,D,0
40.10342,-121.17682,347.69,0.46,0.47,2021-07-25,2027,N,VIIRS,n,2,297.03,10.74,D,0
40.10403,-121.17018,345.68,0.46,0.47,2021-07-25,2027,N,VIIRS,n,2,298.72,17.59,D,0
40.10459,-121.17178,347.94,0.46,0.47,2021-07-25,2027,N,VIIRS,n,2,298.25,10.74,D,0
40.10622,-121.16048,354.64,0.46,0.47,2021-07-25,2027,N,VIIRS,n,2,296.49,12.28,D,0
40.10683,-121.16206,332.91,0.46,0.47,2021-07-25,2027,N,VIIRS,n,2,295.4,10.48,D,0
40.10776,-121.43788,330.51,0.47,0.48,2021-07-25,2027,N,VIIRS,n,2,275.7,4.74,D,0
40.11145,-121.1576,333.97,0.46,0.47,2021-07-25,2027,N,VIIRS,n,2,294.79,12.28,D,0
40.11316,-121.1545,334.2,0.46,0.47,2021-07-25,2027,N,VIIRS,n,2,294.67,9.38,D,0
40.11344,-121.43339,350.98,0.47,0.48,2021-07-25,2027,N,VIIRS,n,2,277.25,8.16,D,0
40.11466,-121.4281,336.85,0.47,0.48,2021-07-25,2027,N,VIIRS,n,2,280.03,8.16,D,0
40.11481,-121.30679,331.35,0.47,0.47,2021-07-25,2027,N,VIIRS,n,2,296.45,3.62,D,0
40.11729,-121.15645,341.62,0.46,0.47,2021-07-25,2027,N,VIIRS,n,2,294.65,9.72,D,0
40.11775,-121.43484,332.32,0.47,0.48,2021-07-25,2027,N,VIIRS,n,2,271.18,15.53,D,0
40.11897,-121.42953,346.81,0.47,0.48,2021-07-25,2027,N,VIIRS,n,2,275.83,15.53,D,0
40.11906,-121.30835,343.97,0.47,0.47,2021-07-25,2027,N,VIIRS,n,2,298.14,9.99,D,0
40.12201,-121.43653,338.84,0.47,0.48,2021-07-25,2027,N,VIIRS,n,2,273.93,15.53,D,0
40.1222,-121.31483,336.68,0.47,0.47,2021-07-25,2027,N,VIIRS,n,2,296.85,9.07,D,0
40.12327,-121.43104,351.82,0.47,0.48,2021-07-25,2027,N,VIIRS,n,2,283.03,15.53,D,0
40.13314,-121.42846,335.53,0.47,0.48,2021-07-25,2027,N,VIIRS,n,2,287.44,8.55,D,0
40.13374,-121.1447,332.66,0.46,0.47,2021-07-25,2027,N,VIIRS,n,2,295.02,5.77,D,0
40.13868,-121.42452,339.2,0.47,0.48,2021-07-25,2027,N,VIIRS,n,2,291.37,7.49,D,0
40.13929,-121.14041,341.14,0.46,0.47,2021-07-25,2027,N,VIIRS,n,2,299.25,12.5,D,0
40.14069,-121.39545,330.55,0.47,0.48,2021-07-25,2027,N,VIIRS,n,2,296.23,4.55,D,0
40.14185,-121.39038,331.01,0.47,0.48,2021-07-25,2027,N,VIIRS,n,2,295.21,4.55,D,0
40.1424,-121.1468,350.08,0.46,0.47,2021-07-25,2027,N,VIIRS,n,2,296.96,12.5,D,0
40.14262,-121.40724,356.87,0.47,0.48,2021-07-25,2027,N,VIIRS,n,2,304.19,18.92,D,0
40.143,-121.38533,348.34,0.47,0.48,2021-07-25,2027,N,VIIRS,n,2,297.82,10.57,D,0
40.14346,-121.36308,339.9,0.47,0.48,2021-07-25,2027,N,VIIRS,n,2,297.93,9.95,D,0
40.1438,-121.40211,346.93,0.47,0.48,2021-07-25,2027,N,VIIRS,n,2,295.96,18.92,D,0
40.14414,-121.38037,350.98,0.47,0.48,2021-07-25,2027,N,VIIRS,n,2,295.56,10.57,D,0
40.14489,-121.39732,330.63,0.47,0.48,2021-07-25,2027,N,VIIRS,n,2,295.73,7.11,D,0
40.14717,-121.38735,342.11,0.47,0.48,2021-07-25,2027,N,VIIRS,n,2,295.64,11.84,D,0
40.14831,-121.34187,345.89,0.47,0.48,2021-07-25,2027,N,VIIRS,n,2,299.56,11.84,D,0
40.15601,-121.32839,342.06,0.47,0.47,2021-07-25,2027,N,VIIRS,n,2,294.85,12.71,D,0
40.15927,-121.31408,337.74,0.47,0.47,2021-07-25,2027,N,VIIRS,n,2,297.51,8.03,D,0
40.17297,-121.11295,338.8,0.45,0.47,2021-07-25,2027,N,VIIRS,n,2,295.68,9.92,D,0
40.1864,-121.29601,332.21,0.46,0.47,2021-07-25,2027,N,VIIRS,n,2,294.64,10.01,D,0
40.19294,-121.28741,340.04,0.46,0.47,2021-07-25,2027,N,VIIRS,n,2,295.53,11.02,D,0
40.1941,-121.2823,347.35,0.46,0.47,2021-07-25,2027,N,VIIRS,n,2,296.36,11.61,D,0
40.18663,-121.29886,334.77,0.46,0.47,2021-07-25,2028,N,VIIRS,n,2,293.86,7.11,D,0
40.18791,-121.29336,335.88,0.46,0.47,2021-07-25,2028,N,VIIRS,n,2,295.5,7.11,D,0
40.19444,-121.28506,346.37,0.46,0.47,2021-07-25,2028,N,VIIRS,n,2,295.48,13.32,D,0
40.19564,-121.2799,339.63,0.46,0.47,2021-07-25,2028,N,VIIRS,n,2,296.04,5.34,D,0
40.19684,-121.27473,330.54,0.46,0.47,2021-07-25,2028,N,VIIRS,n,2,294.78,5.34,D,0
40.20289,-121.24863,334.48,0.46,0.47,2021-07-25,2028,N,VIIRS,n,2,295.34,5.26,D,0
39.90486,-121.23689,349.2,0.7,0.75,2021-07-25,2208,N,VIIRS,n,2,293.67,13.22,D,0
39.90869,-121.24548,335.09,0.7,0.75,2021-07-25,2208,N,VIIRS,n,2,293.87,20.47,D,0
39.90873,-121.23669,367,0.7,0.75,2021-07-25,2208,N,VIIRS,h,2,297.68,41.36,D,0
39.91184,-121.24173,355.78,0.7,0.75,2021-07-25,2208,N,VIIRS,n,2,294.54,13.22,D,0
39.9119,-121.23487,356.14,0.7,0.75,2021-07-25,2208,N,VIIRS,n,2,294.47,13.22,D,0
39.91603,-121.18138,353.03,0.71,0.75,2021-07-25,2208,N,VIIRS,n,2,297.76,20.62,D,0
39.91606,-121.17411,342.33,0.71,0.75,2021-07-25,2208,N,VIIRS,n,2,294.16,19.88,D,0
39.91947,-121.18076,342.17,0.71,0.75,2021-07-25,2208,N,VIIRS,n,2,308.15,176.34,D,0
39.91954,-121.17357,367,0.71,0.75,2021-07-25,2208,N,VIIRS,h,2,315.79,176.34,D,0
39.92307,-121.18275,208,0.71,0.75,2021-07-25,2208,N,VIIRS,l,2,310.45,166.13,D,0
39.92311,-121.17529,367,0.71,0.75,2021-07-25,2208,N,VIIRS,l,2,338.61,163.98,D,0
39.92314,-121.16792,367,0.71,0.75,2021-07-25,2208,N,VIIRS,h,2,292.74,163.98,D,0
39.92639,-121.19242,331.3,0.71,0.75,2021-07-25,2208,N,VIIRS,n,2,294.99,46.33,D,0
39.9265,-121.18192,208,0.71,0.75,2021-07-25,2208,N,VIIRS,l,2,308.85,176.34,D,0
39.92658,-121.17416,355.01,0.71,0.75,2021-07-25,2208,N,VIIRS,n,2,313.87,176.34,D,0
39.92665,-121.16695,367,0.71,0.75,2021-07-25,2208,N,VIIRS,h,2,291.41,275.83,D,0
39.93011,-121.18443,356.66,0.71,0.75,2021-07-25,2208,N,VIIRS,n,2,297.37,166.13,D,0
39.93015,-121.17601,367,0.71,0.75,2021-07-25,2208,N,VIIRS,h,2,294.55,163.98,D,0
39.93019,-121.16856,339.22,0.71,0.75,2021-07-25,2208,N,VIIRS,n,2,289.97,163.98,D,0
39.93353,-121.18353,367,0.71,0.75,2021-07-25,2208,N,VIIRS,h,2,295.36,23.26,D,0
39.93361,-121.17537,353.68,0.71,0.75,2021-07-25,2208,N,VIIRS,n,2,293.24,23.26,D,0
39.93714,-121.18584,338.28,0.71,0.75,2021-07-25,2208,N,VIIRS,n,2,292.25,14.43,D,0
39.93718,-121.17794,367,0.71,0.75,2021-07-25,2208,N,VIIRS,h,2,293.4,23,D,0
39.95126,-121.18064,335.16,0.71,0.75,2021-07-25,2208,N,VIIRS,n,2,292.94,9.24,D,0
39.95131,-121.17284,342.78,0.71,0.75,2021-07-25,2208,N,VIIRS,n,2,291.59,9.24,D,0
39.98016,-121.07982,331.27,0.72,0.75,2021-07-25,2208,N,VIIRS,n,2,287.48,13.15,D,0
39.98387,-121.07965,334.18,0.72,0.75,2021-07-25,2208,N,VIIRS,n,2,287.63,16.84,D,0
40.00975,-120.9032,347.76,0.73,0.76,2021-07-25,2208,N,VIIRS,n,2,292.92,16.21,D,0
40.00979,-120.89648,354.8,0.73,0.76,2021-07-25,2208,N,VIIRS,n,2,292.95,16.21,D,0
40.0126,-120.90366,348.84,0.73,0.76,2021-07-25,2208,N,VIIRS,n,2,291.91,21.18,D,0
40.01261,-120.89685,356.98,0.73,0.76,2021-07-25,2208,N,VIIRS,l,2,293.57,57.83,D,0
40.01692,-120.89803,336.58,0.73,0.76,2021-07-25,2208,N,VIIRS,n,2,291.01,16.21,D,0
40.01696,-120.89189,356.89,0.73,0.76,2021-07-25,2208,N,VIIRS,l,2,292.84,23.57,D,0
40.01699,-120.8856,340,0.73,0.76,2021-07-25,2208,N,VIIRS,n,2,290.58,23.57,D,0
40.0386,-121.40836,330.65,0.69,0.74,2021-07-25,2208,N,VIIRS,n,2,294.64,12.01,D,0
40.04025,-121.40836,330.87,0.69,0.74,2021-07-25,2208,N,VIIRS,n,2,294.68,7.13,D,0
40.04033,-121.40138,331.35,0.69,0.74,2021-07-25,2208,N,VIIRS,n,2,294.28,9.34,D,0
40.05237,-121.43183,335.19,0.69,0.74,2021-07-25,2208,N,VIIRS,n,2,294.47,6.54,D,0
40.06615,-121.44987,348.84,0.69,0.74,2021-07-25,2208,N,VIIRS,n,2,303.09,50.51,D,0
40.0662,-121.44351,367,0.69,0.74,2021-07-25,2208,N,VIIRS,h,2,294.7,73.96,D,0
40.07306,-121.45547,347.48,0.69,0.74,2021-07-25,2208,N,VIIRS,n,2,295.33,50.51,D,0
40.08242,-121.16721,342.39,0.71,0.75,2021-07-25,2208,N,VIIRS,n,2,291.7,9.74,D,0
40.0837,-120.95702,335.86,0.73,0.76,2021-07-25,2208,N,VIIRS,n,2,291.03,14.23,D,0
40.08381,-120.93902,341.96,0.73,0.76,2021-07-25,2208,N,VIIRS,n,2,290.8,17.18,D,0
40.08595,-121.17332,339.1,0.71,0.75,2021-07-25,2208,N,VIIRS,n,2,291.6,16.18,D,0
40.08624,-120.94277,348.66,0.73,0.76,2021-07-25,2208,N,VIIRS,n,2,291.12,20.23,D,0
40.08953,-121.15935,331,0.71,0.75,2021-07-25,2208,N,VIIRS,n,2,290.76,9.74,D,0
40.09194,-121.45782,345.13,0.69,0.74,2021-07-25,2208,N,VIIRS,n,2,294.47,9.45,D,0
40.09303,-121.16367,339.74,0.71,0.75,2021-07-25,2208,N,VIIRS,n,2,291.81,24.95,D,0
40.09393,-121.45668,354.87,0.69,0.74,2021-07-25,2208,N,VIIRS,n,2,295.78,19.15,D,0
40.094,-121.44915,350.26,0.69,0.74,2021-07-25,2208,N,VIIRS,n,2,297.27,19.15,D,0
40.09643,-121.17847,342.74,0.71,0.75,2021-07-25,2208,N,VIIRS,n,2,292.98,11.78,D,0
40.09655,-121.16354,337.62,0.71,0.75,2021-07-25,2208,N,VIIRS,n,2,291.63,11.78,D,0
40.09895,-121.44913,367,0.69,0.74,2021-07-25,2208,N,VIIRS,h,2,296.06,27.21,D,0
40.10004,-121.17973,346.56,0.71,0.75,2021-07-25,2208,N,VIIRS,n,2,292.46,17.09,D,0
40.10007,-121.16843,336.38,0.71,0.75,2021-07-25,2208,N,VIIRS,n,2,291.92,21.29,D,0
40.10108,-121.43851,330.65,0.69,0.74,2021-07-25,2208,N,VIIRS,n,2,294.31,14.8,D,0
40.10348,-121.17813,338.41,0.71,0.75,2021-07-25,2208,N,VIIRS,n,2,291.07,11.78,D,0
40.10804,-121.43914,336.17,0.69,0.74,2021-07-25,2208,N,VIIRS,n,2,293.8,13.42,D,0
40.11296,-121.4342,334.81,0.69,0.74,2021-07-25,2208,N,VIIRS,n,2,292.89,10.81,D,0
40.14103,-121.40633,338.46,0.69,0.74,2021-07-25,2208,N,VIIRS,n,2,292.66,12.23,D,0
40.14252,-121.14333,333.59,0.71,0.75,2021-07-25,2208,N,VIIRS,n,2,291.41,8.6,D,0
40.14329,-121.40392,333.08,0.69,0.74,2021-07-25,2208,N,VIIRS,n,2,292.09,5.76,D,0
40.14353,-121.38357,340.23,0.69,0.74,2021-07-25,2208,N,VIIRS,n,2,292.7,11.24,D,0
40.15553,-121.32962,333.1,0.7,0.75,2021-07-25,2208,N,VIIRS,n,2,292.7,6.46,D,0
40.18863,-121.30164,341.61,0.7,0.75,2021-07-25,2208,N,VIIRS,n,2,294.34,11.17,D,0
40.19081,-121.29826,333.49,0.7,0.75,2021-07-25,2208,N,VIIRS,n,2,293.31,11.45,D,0
40.0168,-121.39171,299.73,0.4,0.44,2021-07-26,1027,N,VIIRS,n,2,284.03,1.23,N,0
40.02076,-121.39022,308.76,0.4,0.44,2021-07-26,1027,N,VIIRS,n,2,285.34,1.23,N,0
40.03651,-121.40363,312.56,0.4,0.44,2021-07-26,1027,N,VIIRS,n,2,282.07,1.53,N,0
40.0405,-121.40232,310.23,0.4,0.44,2021-07-26,1027,N,VIIRS,n,2,280.5,1.53,N,0
40.06226,-121.44602,321.17,0.4,0.44,2021-07-26,1027,N,VIIRS,n,2,279.41,3.67,N,0
40.06531,-121.44053,302.52,0.4,0.44,2021-07-26,1027,N,VIIRS,n,2,277.47,2.68,N,0
40.06626,-121.44481,316.74,0.4,0.44,2021-07-26,1027,N,VIIRS,n,2,283.46,3.67,N,0
40.06805,-121.45292,300.73,0.4,0.44,2021-07-26,1027,N,VIIRS,n,2,272.87,2.18,N,0
40.10642,-121.43335,306.06,0.4,0.44,2021-07-26,1027,N,VIIRS,n,2,271.07,1.51,N,0
40.10742,-121.43791,326.48,0.4,0.44,2021-07-26,1027,N,VIIRS,n,2,270.89,1.83,N,0
40.1084,-121.44241,300.88,0.4,0.44,2021-07-26,1027,N,VIIRS,n,2,266.13,1.83,N,0
40.11149,-121.43703,316.08,0.4,0.44,2021-07-26,1027,N,VIIRS,n,2,274.12,1.73,N,0
40.11444,-121.43098,301.59,0.4,0.44,2021-07-26,1027,N,VIIRS,n,2,276.3,3.55,N,0
40.11546,-121.43572,307.65,0.4,0.44,2021-07-26,1027,N,VIIRS,n,2,272.06,1.73,N,0
40.1184,-121.42964,298.65,0.4,0.44,2021-07-26,1027,N,VIIRS,n,2,275.33,1.56,N,0
40.11942,-121.43432,303.44,0.4,0.44,2021-07-26,1027,N,VIIRS,n,2,269.27,0.88,N,0
40.14239,-121.40265,303.21,0.4,0.44,2021-07-26,1027,N,VIIRS,n,2,268.46,1.18,N,0
40.14401,-121.37069,302.99,0.4,0.44,2021-07-26,1027,N,VIIRS,n,2,278.32,2.97,N,0
40.14502,-121.37534,321.25,0.4,0.44,2021-07-26,1027,N,VIIRS,n,2,284.31,3.03,N,0
40.146,-121.34037,310.72,0.4,0.44,2021-07-26,1027,N,VIIRS,n,2,286.03,2.38,N,0
40.14602,-121.37996,318.38,0.4,0.44,2021-07-26,1027,N,VIIRS,n,2,282.27,3.03,N,0
40.1464,-121.36238,306.86,0.4,0.44,2021-07-26,1027,N,VIIRS,n,2,284.5,3.04,N,0
40.14642,-121.3432,308.6,0.4,0.44,2021-07-26,1027,N,VIIRS,n,2,287.71,2.62,N,0
40.1469,-121.36427,314.73,0.4,0.44,2021-07-26,1027,N,VIIRS,n,2,285.08,2.33,N,0
40.14743,-121.36701,341.23,0.4,0.44,2021-07-26,1027,N,VIIRS,n,2,286.97,4.76,N,0
40.14791,-121.36897,321.94,0.4,0.44,2021-07-26,1027,N,VIIRS,n,2,280.28,2.33,N,0
40.14792,-121.34924,316.04,0.4,0.44,2021-07-26,1027,N,VIIRS,n,2,288.9,5.45,N,0
40.14835,-121.35186,335.62,0.4,0.44,2021-07-26,1027,N,VIIRS,n,2,290.89,6.51,N,0
40.14886,-121.35358,346.18,0.4,0.44,2021-07-26,1027,N,VIIRS,n,2,291.79,4.65,N,0
40.14927,-121.33672,307.51,0.4,0.44,2021-07-26,1027,N,VIIRS,n,2,288.1,1.53,N,0
40.14932,-121.35623,320.01,0.4,0.44,2021-07-26,1027,N,VIIRS,n,2,288.1,3.04,N,0
40.14983,-121.35806,312.35,0.4,0.44,2021-07-26,1027,N,VIIRS,n,2,284.05,4.65,N,0
40.15023,-121.34106,309.74,0.4,0.44,2021-07-26,1027,N,VIIRS,n,2,288.81,1.53,N,0
40.15119,-121.34538,312.31,0.4,0.44,2021-07-26,1027,N,VIIRS,n,2,287.96,1.83,N,0
40.15217,-121.34977,319.5,0.4,0.44,2021-07-26,1027,N,VIIRS,n,2,286.59,1.83,N,0
40.15217,-121.33048,309.66,0.4,0.44,2021-07-26,1027,N,VIIRS,n,2,282.95,2.28,N,0
40.15313,-121.33482,310.83,0.4,0.44,2021-07-26,1027,N,VIIRS,n,2,287.46,1.53,N,0
40.15498,-121.32383,308.55,0.4,0.44,2021-07-26,1027,N,VIIRS,n,2,284.99,3.59,N,0
40.15602,-121.32853,349.19,0.4,0.44,2021-07-26,1027,N,VIIRS,n,2,292.09,3.59,N,0
40.15883,-121.32184,329.6,0.4,0.44,2021-07-26,1027,N,VIIRS,n,2,286.26,3.59,N,0
40.15984,-121.32637,308.01,0.4,0.44,2021-07-26,1027,N,VIIRS,n,2,287.62,3.59,N,0
40.16158,-121.31494,329.69,0.4,0.44,2021-07-26,1027,N,VIIRS,n,2,285.43,4.07,N,0
40.16268,-121.31989,319.47,0.4,0.44,2021-07-26,1027,N,VIIRS,n,2,288.69,4.29,N,0
40.18177,-121.34812,318.9,0.4,0.44,2021-07-26,1027,N,VIIRS,n,2,285.35,2.81,N,0
40.18366,-121.33723,306.86,0.4,0.44,2021-07-26,1027,N,VIIRS,n,2,281.14,1.49,N,0
40.05733,-121.42933,357.03,0.41,0.61,2021-07-26,2009,N,VIIRS,l,2,272.97,11.37,D,0
40.05903,-121.42316,330.12,0.41,0.61,2021-07-26,2009,N,VIIRS,n,2,273.89,9.98,D,0
40.08556,-121.45464,344.12,0.41,0.61,2021-07-26,2009,N,VIIRS,n,2,282.6,4.39,D,0
40.09092,-121.45702,342.91,0.41,0.61,2021-07-26,2009,N,VIIRS,n,2,286.57,10.13,D,0
40.09626,-121.45945,356.63,0.41,0.61,2021-07-26,2009,N,VIIRS,l,2,286.61,10.13,D,0
40.09753,-121.45494,356.8,0.41,0.61,2021-07-26,2009,N,VIIRS,l,2,289.73,20.86,D,0
40.10643,-121.44463,350.44,0.41,0.6,2021-07-26,2009,N,VIIRS,n,2,283.64,10.91,D,0
40.10798,-121.43909,339.16,0.41,0.6,2021-07-26,2009,N,VIIRS,n,2,282.83,7.37,D,0
40.11363,-121.44039,348.87,0.41,0.6,2021-07-26,2009,N,VIIRS,n,2,278.73,7.37,D,0
40.11497,-121.43557,342.53,0.41,0.6,2021-07-26,2009,N,VIIRS,n,2,281.38,7.37,D,0
40.12031,-121.43799,337.45,0.41,0.6,2021-07-26,2009,N,VIIRS,n,2,277.43,6.17,D,0
40.12239,-121.45207,334.59,0.41,0.6,2021-07-26,2009,N,VIIRS,n,2,286.53,3.22,D,0
40.14627,-121.43098,330.81,0.41,0.6,2021-07-26,2009,N,VIIRS,n,2,273.13,3.36,D,0
40.1515,-121.43375,332.55,0.41,0.6,2021-07-26,2009,N,VIIRS,n,2,272.82,3.36,D,0
40.15285,-121.42886,338.01,0.41,0.6,2021-07-26,2009,N,VIIRS,n,2,275.31,3.36,D,0