latitude,longitude,bright_ti4,scan,track,acq_date,acq_time,satellite,instrument,confidence,version,bright_ti5,frp,daynight,type
39.61869,-119.26875,295.45,0.63,0.72,2021-08-27,846,N,VIIRS,n,2,285.12,1.09,N,0
39.62047,-119.26748,295.43,0.64,0.72,2021-08-27,846,N,VIIRS,n,2,285,1.77,N,0
39.99017,-120.75034,300.41,0.76,0.77,2021-08-27,846,N,VIIRS,n,2,286.41,5.97,N,0
39.99018,-120.75681,296.51,0.76,0.77,2021-08-27,846,N,VIIRS,n,2,284.82,5.67,N,0
39.9974,-120.74305,319.9,0.76,0.77,2021-08-27,846,N,VIIRS,n,2,287.46,5.52,N,0
39.99741,-120.74905,320.6,0.76,0.77,2021-08-27,846,N,VIIRS,n,2,289.48,5.97,N,0
39.99743,-120.75511,330.43,0.76,0.77,2021-08-27,846,N,VIIRS,n,2,292.85,5.97,N,0
39.99744,-120.76034,318.93,0.76,0.77,2021-08-27,846,N,VIIRS,n,2,290.81,5.67,N,0
39.99746,-120.76595,321.59,0.77,0.77,2021-08-27,846,N,VIIRS,n,2,288.93,5.67,N,0
39.99747,-120.77224,309.56,0.77,0.77,2021-08-27,846,N,VIIRS,n,2,286.89,5.22,N,0
40.00463,-120.73657,318.02,0.76,0.77,2021-08-27,846,N,VIIRS,n,2,288.2,6.5,N,0
40.00465,-120.74672,323.79,0.76,0.77,2021-08-27,846,N,VIIRS,n,2,289.41,6.5,N,0
40.00467,-120.75299,311.19,0.76,0.77,2021-08-27,846,N,VIIRS,n,2,289.3,5.61,N,0
40.00475,-120.78254,302.42,0.77,0.77,2021-08-27,846,N,VIIRS,n,2,285.6,2.51,N,0
40.00477,-120.79035,318.65,0.77,0.77,2021-08-27,846,N,VIIRS,n,2,287.79,3.34,N,0
40.0048,-120.80068,314.67,0.77,0.77,2021-08-27,846,N,VIIRS,n,2,287.02,3.34,N,0
40.00533,-120.79632,321.31,0.77,0.77,2021-08-27,846,N,VIIRS,n,2,288.13,2.99,N,0
40.00535,-120.78729,316.14,0.77,0.77,2021-08-27,846,N,VIIRS,n,2,287.35,2.99,N,0
40.00537,-120.78026,298.98,0.77,0.77,2021-08-27,846,N,VIIRS,n,2,285.1,1.35,N,0
40.0054,-120.75681,301.78,0.76,0.77,2021-08-27,846,N,VIIRS,n,2,288.61,4.66,N,0
40.00541,-120.7509,316.99,0.76,0.77,2021-08-27,846,N,VIIRS,n,2,289.52,4.66,N,0
40.00542,-120.74369,319.83,0.76,0.77,2021-08-27,846,N,VIIRS,n,2,289.09,6.49,N,0
40.00546,-120.73072,307.86,0.76,0.77,2021-08-27,846,N,VIIRS,n,2,287.49,6.49,N,0
40.01187,-120.73488,338.44,0.76,0.77,2021-08-27,846,N,VIIRS,n,2,290.81,6.5,N,0
40.01191,-120.74807,316.49,0.76,0.77,2021-08-27,846,N,VIIRS,n,2,289.39,6.5,N,0
40.01194,-120.75667,302.5,0.76,0.77,2021-08-27,846,N,VIIRS,n,2,288.03,5.61,N,0
40.01202,-120.78696,306.15,0.77,0.77,2021-08-27,846,N,VIIRS,n,2,287.19,2.51,N,0
40.01204,-120.79248,302.5,0.77,0.77,2021-08-27,846,N,VIIRS,n,2,286.31,3.34,N,0
40.01206,-120.79892,307.79,0.77,0.77,2021-08-27,846,N,VIIRS,n,2,284.94,3.34,N,0
40.0126,-120.79617,310.4,0.77,0.77,2021-08-27,846,N,VIIRS,n,2,285.05,2.99,N,0
40.01261,-120.79038,305.48,0.77,0.77,2021-08-27,846,N,VIIRS,n,2,286.76,2.99,N,0
40.01262,-120.78465,296.93,0.77,0.77,2021-08-27,846,N,VIIRS,n,2,286.09,1.35,N,0
40.01265,-120.75394,306.52,0.76,0.77,2021-08-27,846,N,VIIRS,n,2,288.28,4.66,N,0
40.01268,-120.74284,329.76,0.76,0.77,2021-08-27,846,N,VIIRS,n,2,290.32,6.49,N,0
40.0127,-120.73053,335.01,0.76,0.77,2021-08-27,846,N,VIIRS,n,2,289.23,6.49,N,0
40.01888,-120.67231,338.98,0.76,0.77,2021-08-27,846,N,VIIRS,n,2,290.11,7.61,N,0
40.01893,-120.68391,320,0.76,0.77,2021-08-27,846,N,VIIRS,n,2,287.49,7.61,N,0
40.01897,-120.69547,312.79,0.76,0.77,2021-08-27,846,N,VIIRS,n,2,286.71,6.24,N,0
40.01909,-120.72753,302.09,0.76,0.77,2021-08-27,846,N,VIIRS,n,2,287.54,10.26,N,0
40.01911,-120.73377,367,0.76,0.77,2021-08-27,846,N,VIIRS,h,2,295.94,14.78,N,0
40.01914,-120.7422,318.84,0.76,0.77,2021-08-27,846,N,VIIRS,n,2,290.11,14.78,N,0
40.01992,-120.75037,297.91,0.76,0.77,2021-08-27,846,N,VIIRS,n,2,287.1,7.13,N,0
40.01994,-120.73806,340,0.76,0.77,2021-08-27,846,N,VIIRS,n,2,292.59,15.02,N,0
40.01995,-120.73125,367,0.76,0.77,2021-08-27,846,N,VIIRS,h,2,291.92,15.02,N,0
40.01999,-120.7035,300.25,0.76,0.77,2021-08-27,846,N,VIIRS,n,2,286.11,5.11,N,0
40.02,-120.69057,318.59,0.76,0.77,2021-08-27,846,N,VIIRS,n,2,287.63,5.11,N,0
40.02002,-120.67936,330.19,0.76,0.77,2021-08-27,846,N,VIIRS,n,2,289.25,7.29,N,0
40.02003,-120.66716,336.07,0.76,0.77,2021-08-27,846,N,VIIRS,n,2,290.13,7.29,N,0
40.02607,-120.66306,298.34,0.76,0.77,2021-08-27,846,N,VIIRS,n,2,286.86,8.3,N,0
40.02611,-120.67294,334.76,0.76,0.77,2021-08-27,846,N,VIIRS,n,2,292.52,7.61,N,0
40.02615,-120.68233,315.79,0.76,0.77,2021-08-27,846,N,VIIRS,n,2,289.85,7.61,N,0
40.0262,-120.6932,310.05,0.76,0.77,2021-08-27,846,N,VIIRS,n,2,288.43,6.24,N,0
40.02635,-120.73101,338.24,0.76,0.77,2021-08-27,846,N,VIIRS,n,2,290.29,10.26,N,0
40.02637,-120.73716,322.78,0.76,0.77,2021-08-27,846,N,VIIRS,n,2,289.4,14.78,N,0
40.02711,-120.8052,297.78,0.77,0.77,2021-08-27,846,N,VIIRS,n,2,287.31,1.21,N,0
40.02719,-120.73519,333.85,0.76,0.77,2021-08-27,846,N,VIIRS,n,2,290.88,15.02,N,0
40.02719,-120.72897,324.24,0.76,0.77,2021-08-27,846,N,VIIRS,n,2,288.59,12.64,N,0
40.02724,-120.68789,311.28,0.76,0.77,2021-08-27,846,N,VIIRS,n,2,288.72,5.11,N,0
40.02725,-120.67822,316.14,0.76,0.77,2021-08-27,846,N,VIIRS,n,2,289.96,7.29,N,0
40.02725,-120.66904,327.49,0.76,0.77,2021-08-27,846,N,VIIRS,n,2,289.93,7.29,N,0
40.03361,-120.73514,295.49,0.76,0.77,2021-08-27,846,N,VIIRS,n,2,285.41,0.7,N,0
40.03364,-120.74216,301.56,0.76,0.77,2021-08-27,846,N,VIIRS,n,2,286.81,1.45,N,0
40.03443,-120.73991,296.69,0.76,0.77,2021-08-27,846,N,VIIRS,n,2,286.1,0.95,N,0
40.12855,-120.69804,297.21,0.76,0.77,2021-08-27,846,N,VIIRS,n,2,285.37,1.22,N,0
40.13026,-120.69608,297.71,0.76,0.77,2021-08-27,846,N,VIIRS,n,2,285.5,1.54,N,0
41.57588,-121.78987,297.94,0.54,0.42,2021-08-27,1026,N,VIIRS,n,2,281.94,1.1,N,0
41.57729,-121.79646,303.41,0.54,0.42,2021-08-27,1026,N,VIIRS,n,2,281.01,1.1,N,0
41.57968,-121.78857,299.19,0.54,0.42,2021-08-27,1026,N,VIIRS,n,2,282.02,1.1,N,0
39.61767,-119.26148,298.06,0.52,0.5,2021-08-27,1027,N,VIIRS,n,2,286.25,0.98,N,2
39.61886,-119.26688,302.53,0.52,0.5,2021-08-27,1027,N,VIIRS,n,2,287.04,2.08,N,0
39.99378,-120.75498,318.42,0.43,0.46,2021-08-27,1027,N,VIIRS,n,2,288.09,2.22,N,0
39.99513,-120.76093,318.57,0.43,0.46,2021-08-27,1027,N,VIIRS,n,2,288.83,2.2,N,0
39.99644,-120.76665,307.44,0.43,0.46,2021-08-27,1027,N,VIIRS,n,2,286.13,2.2,N,0
39.99693,-120.7883,299.54,0.43,0.46,2021-08-27,1027,N,VIIRS,n,2,285.87,1.41,N,0
39.99746,-120.75166,313.9,0.43,0.46,2021-08-27,1027,N,VIIRS,n,2,290.07,1.68,N,0
39.99767,-120.77206,302.27,0.43,0.46,2021-08-27,1027,N,VIIRS,n,2,284.5,0.99,N,0
39.99795,-120.79279,301.48,0.43,0.46,2021-08-27,1027,N,VIIRS,n,2,285.96,9.1,N,0
39.99879,-120.75751,304.34,0.43,0.46,2021-08-27,1027,N,VIIRS,n,2,288.94,1.42,N,0
39.99886,-120.77731,304.46,0.43,0.46,2021-08-27,1027,N,VIIRS,n,2,286.03,0.99,N,0
39.99999,-120.74326,300.41,0.43,0.46,2021-08-27,1027,N,VIIRS,n,2,287.29,1.68,N,0
40,-120.78225,295.25,0.43,0.46,2021-08-27,1027,N,VIIRS,n,2,284.25,1.41,N,0
40.00016,-120.76348,300.31,0.43,0.46,2021-08-27,1027,N,VIIRS,n,2,287.65,1.42,N,0
40.00108,-120.78703,319.28,0.43,0.46,2021-08-27,1027,N,VIIRS,n,2,287.74,1.41,N,0
40.00121,-120.74859,322.43,0.43,0.46,2021-08-27,1027,N,VIIRS,n,2,290.59,1.68,N,0
40.0014,-120.76894,299.56,0.43,0.46,2021-08-27,1027,N,VIIRS,n,2,286.88,0.91,N,0
40.00185,-120.73187,326.54,0.43,0.46,2021-08-27,1027,N,VIIRS,n,2,288.55,5.37,N,0
40.00216,-120.79179,367,0.43,0.46,2021-08-27,1027,N,VIIRS,h,2,296.32,9.1,N,0
40.00249,-120.75422,308.29,0.43,0.46,2021-08-27,1027,N,VIIRS,n,2,289.99,1.42,N,0
40.00265,-120.77441,301.86,0.43,0.46,2021-08-27,1027,N,VIIRS,n,2,287.46,0.91,N,0
40.00287,-120.7364,342.85,0.43,0.46,2021-08-27,1027,N,VIIRS,n,2,291.03,5.37,N,0
40.00324,-120.79652,350.3,0.43,0.46,2021-08-27,1027,N,VIIRS,n,2,290.56,9.1,N,0
40.00391,-120.77998,335.58,0.43,0.46,2021-08-27,1027,N,VIIRS,n,2,289.22,3.22,N,0
40.00392,-120.74096,347.22,0.43,0.46,2021-08-27,1027,N,VIIRS,n,2,292.81,6.1,N,0
40.00503,-120.74586,329.65,0.43,0.46,2021-08-27,1027,N,VIIRS,n,2,290.37,6.1,N,0
40.00509,-120.78517,338.6,0.43,0.46,2021-08-27,1027,N,VIIRS,n,2,293.54,3.22,N,0
40.00509,-120.76567,300.78,0.43,0.46,2021-08-27,1027,N,VIIRS,n,2,289.89,0.91,N,0
40.00602,-120.73061,343.79,0.43,0.46,2021-08-27,1027,N,VIIRS,n,2,293.47,5.37,N,0
40.00622,-120.79012,323.34,0.43,0.46,2021-08-27,1027,N,VIIRS,n,2,290.87,2.86,N,0
40.00623,-120.75116,314.18,0.43,0.46,2021-08-27,1027,N,VIIRS,n,2,290.37,2.93,N,0
40.00703,-120.73508,333.62,0.43,0.46,2021-08-27,1027,N,VIIRS,n,2,293.42,5.37,N,0
40.00737,-120.7952,327.41,0.43,0.46,2021-08-27,1027,N,VIIRS,n,2,289.41,2.86,N,0
40.00761,-120.77675,304.94,0.43,0.46,2021-08-27,1027,N,VIIRS,n,2,286.47,3.22,N,0
40.00805,-120.73956,329.49,0.43,0.46,2021-08-27,1027,N,VIIRS,n,2,292.92,6.1,N,0
40.00885,-120.7822,329.07,0.43,0.46,2021-08-27,1027,N,VIIRS,n,2,288.62,3.22,N,0
40.00898,-120.72408,311.61,0.43,0.46,2021-08-27,1027,N,VIIRS,n,2,287.94,2.4,N,0
40.00908,-120.74414,344.95,0.43,0.46,2021-08-27,1027,N,VIIRS,n,2,293.52,6.1,N,0
40.01005,-120.78747,322.61,0.43,0.46,2021-08-27,1027,N,VIIRS,n,2,290.74,2.86,N,0
40.01012,-120.72913,336.12,0.43,0.46,2021-08-27,1027,N,VIIRS,n,2,292.23,3.68,N,0
40.01015,-120.74888,330.66,0.43,0.46,2021-08-27,1027,N,VIIRS,n,2,291.27,2.93,N,0
40.01119,-120.73383,325.36,0.43,0.46,2021-08-27,1027,N,VIIRS,n,2,291.24,3.68,N,0
40.0113,-120.75388,308.33,0.43,0.46,2021-08-27,1027,N,VIIRS,n,2,289.17,2.93,N,0
40.01138,-120.79332,305.17,0.43,0.46,2021-08-27,1027,N,VIIRS,n,2,287.4,2.86,N,0
40.01222,-120.73837,327.3,0.43,0.46,2021-08-27,1027,N,VIIRS,n,2,292,2.72,N,0
40.01325,-120.74291,325.36,0.43,0.46,2021-08-27,1027,N,VIIRS,n,2,292.33,2.72,N,0
40.01382,-120.78455,311.14,0.43,0.46,2021-08-27,1027,N,VIIRS,n,2,288.16,1.28,N,0
40.01413,-120.72714,312.11,0.43,0.46,2021-08-27,1027,N,VIIRS,n,2,288.24,3.68,N,0
40.01431,-120.74758,317.94,0.43,0.46,2021-08-27,1027,N,VIIRS,n,2,289.77,3.15,N,0
40.01532,-120.73242,334,0.43,0.46,2021-08-27,1027,N,VIIRS,n,2,292.65,3.68,N,0
40.01648,-120.73753,325.77,0.43,0.46,2021-08-27,1027,N,VIIRS,n,2,291.83,2.72,N,0
40.01657,-120.79666,301.31,0.43,0.46,2021-08-27,1027,N,VIIRS,n,2,283.08,0.41,N,0
40.01673,-120.65999,299.1,0.44,0.46,2021-08-27,1027,N,VIIRS,n,2,286.97,3.03,N,0
40.01756,-120.74229,302.05,0.43,0.46,2021-08-27,1027,N,VIIRS,n,2,288.5,2.72,N,0
40.01778,-120.66463,352.18,0.43,0.46,2021-08-27,1027,N,VIIRS,n,2,296.22,54.98,N,0
40.0178,-120.68439,312.65,0.43,0.46,2021-08-27,1027,N,VIIRS,n,2,286.19,5.88,N,0
40.01797,-120.72453,302.13,0.43,0.46,2021-08-27,1027,N,VIIRS,n,2,287.26,3.43,N,0
40.01877,-120.66899,351.38,0.43,0.46,2021-08-27,1027,N,VIIRS,n,2,304.1,54.98,N,0
40.01885,-120.68906,339.29,0.43,0.46,2021-08-27,1027,N,VIIRS,n,2,287.89,5.88,N,0
40.01933,-120.73046,351.74,0.43,0.46,2021-08-27,1027,N,VIIRS,n,2,295.01,3.43,N,0
40.01979,-120.67353,367,0.43,0.46,2021-08-27,1027,N,VIIRS,h,2,299.93,16.48,N,0
40.01991,-120.69369,312.04,0.43,0.46,2021-08-27,1027,N,VIIRS,n,2,286.64,4.11,N,0
40.02062,-120.7362,315.5,0.43,0.46,2021-08-27,1027,N,VIIRS,n,2,289.95,3.26,N,0
40.02084,-120.67816,340.14,0.43,0.46,2021-08-27,1027,N,VIIRS,n,2,292.19,16.48,N,0
40.02181,-120.66272,328,0.43,0.46,2021-08-27,1027,N,VIIRS,n,2,309.81,23.95,N,0
40.02193,-120.68294,353.71,0.43,0.46,2021-08-27,1027,N,VIIRS,n,2,296.66,5.88,N,0
40.02285,-120.66731,367,0.43,0.46,2021-08-27,1027,N,VIIRS,h,2,309.64,23.95,N,0
40.02301,-120.68776,337.84,0.43,0.46,2021-08-27,1027,N,VIIRS,n,2,294.64,5.88,N,0
40.02312,-120.72759,300.29,0.43,0.46,2021-08-27,1027,N,VIIRS,n,2,287.59,3.43,N,0
40.0239,-120.67194,355.01,0.43,0.46,2021-08-27,1027,N,VIIRS,n,2,302.16,7.07,N,0
40.02409,-120.6925,336.3,0.43,0.46,2021-08-27,1027,N,VIIRS,n,2,292.19,4.11,N,0
40.02439,-120.73321,341.22,0.43,0.46,2021-08-27,1027,N,VIIRS,n,2,291.65,3.26,N,0
40.02499,-120.67677,331.56,0.43,0.46,2021-08-27,1027,N,VIIRS,n,2,295.47,7.07,N,0
40.0256,-120.73855,298.72,0.43,0.46,2021-08-27,1027,N,VIIRS,n,2,287.1,3.26,N,0
40.02577,-120.6605,302.92,0.43,0.46,2021-08-27,1027,N,VIIRS,n,2,287.37,23.95,N,0
40.02611,-120.68174,320.24,0.43,0.46,2021-08-27,1027,N,VIIRS,n,2,291.96,2.39,N,0
40.02635,-120.80074,324.46,0.43,0.46,2021-08-27,1027,N,VIIRS,n,2,287.3,1.64,N,0
40.02689,-120.66546,367,0.43,0.46,2021-08-27,1027,N,VIIRS,h,2,300.08,23.95,N,0
40.02723,-120.68672,316.97,0.43,0.46,2021-08-27,1027,N,VIIRS,n,2,290.15,2.39,N,0
40.02742,-120.80547,297.45,0.43,0.46,2021-08-27,1027,N,VIIRS,n,2,286.67,1.64,N,0
40.02795,-120.67017,346.28,0.43,0.46,2021-08-27,1027,N,VIIRS,n,2,294.3,7.07,N,0
40.02809,-120.72992,342.68,0.43,0.46,2021-08-27,1027,N,VIIRS,n,2,291.41,3.94,N,0
40.02908,-120.67514,317.94,0.43,0.46,2021-08-27,1027,N,VIIRS,n,2,291.07,7.07,N,0
40.02931,-120.73533,329.45,0.43,0.46,2021-08-27,1027,N,VIIRS,n,2,289.71,3.94,N,0
40.03023,-120.68025,309.98,0.43,0.46,2021-08-27,1027,N,VIIRS,n,2,289.5,2.39,N,0
40.03313,-120.7325,311.87,0.43,0.46,2021-08-27,1027,N,VIIRS,n,2,285.54,3.94,N,0
40.03649,-120.74741,328.31,0.43,0.46,2021-08-27,1027,N,VIIRS,n,2,289.07,2.04,N,0
40.03754,-120.75208,296.79,0.43,0.46,2021-08-27,1027,N,VIIRS,n,2,285.38,2.04,N,0
40.08142,-121.08457,315.05,0.41,0.45,2021-08-27,1027,N,VIIRS,n,2,287.15,1.72,N,0
40.13092,-120.69462,299.35,0.43,0.46,2021-08-27,1027,N,VIIRS,n,2,285.16,0.84,N,0
40.17282,-120.72321,296.75,0.43,0.46,2021-08-27,1027,N,VIIRS,n,2,281.71,0.91,N,0
40.31144,-121.43016,296.94,0.39,0.44,2021-08-27,1027,N,VIIRS,n,2,281.91,0.4,N,0
40.34743,-121.39724,299.31,0.4,0.44,2021-08-27,1027,N,VIIRS,n,2,285.68,0.86,N,0
40.34811,-121.16768,302.5,0.4,0.45,2021-08-27,1027,N,VIIRS,n,2,280.29,0.55,N,0
40.35124,-121.3952,301.56,0.4,0.44,2021-08-27,1027,N,VIIRS,n,2,285.95,0.86,N,0
40.3549,-121.37318,298.93,0.4,0.44,2021-08-27,1027,N,VIIRS,n,2,282.46,1.08,N,0
40.35592,-121.3778,303.39,0.4,0.44,2021-08-27,1027,N,VIIRS,n,2,283.92,1.08,N,0
40.36467,-121.34004,298.08,0.4,0.44,2021-08-27,1027,N,VIIRS,n,2,284.06,0.56,N,0
40.37366,-121.10727,296.37,0.41,0.45,2021-08-27,1027,N,VIIRS,n,2,285.18,0.52,N,0
40.40503,-121.40743,296.98,0.39,0.44,2021-08-27,1027,N,VIIRS,n,2,284.99,0.85,N,0
40.42369,-121.125,296.33,0.41,0.45,2021-08-27,1027,N,VIIRS,n,2,283.58,0.81,N,0
40.43398,-121.30553,297.59,0.4,0.44,2021-08-27,1027,N,VIIRS,n,2,281.15,0.41,N,0
40.46535,-121.47068,305.36,0.39,0.44,2021-08-27,1027,N,VIIRS,n,2,282.14,0.88,N,0
40.46638,-121.4558,304.46,0.39,0.44,2021-08-27,1027,N,VIIRS,n,2,281.6,1.16,N,0
40.46672,-121.47337,297.57,0.39,0.44,2021-08-27,1027,N,VIIRS,n,2,281.99,1.03,N,0
40.46774,-121.45877,305.95,0.39,0.44,2021-08-27,1027,N,VIIRS,n,2,281.29,0.94,N,0
40.47263,-121.34607,297,0.4,0.44,2021-08-27,1027,N,VIIRS,n,2,279.5,0.63,N,0
40.47855,-121.33423,304.88,0.4,0.44,2021-08-27,1027,N,VIIRS,n,2,279.67,0.85,N,0
40.49115,-121.19679,310.54,0.4,0.44,2021-08-27,1027,N,VIIRS,n,2,283.2,0.97,N,0
40.4927,-121.24304,297.77,0.4,0.44,2021-08-27,1027,N,VIIRS,n,2,281.4,1.07,N,0
40.49562,-121.23682,295.41,0.4,0.44,2021-08-27,1027,N,VIIRS,n,2,281.4,1.42,N,0
40.49733,-121.22505,304.28,0.4,0.44,2021-08-27,1027,N,VIIRS,n,2,281.83,0.9,N,0
40.49919,-121.33121,305.9,0.4,0.44,2021-08-27,1027,N,VIIRS,n,2,281.34,1.01,N,0
40.50053,-121.39568,297.86,0.39,0.44,2021-08-27,1027,N,VIIRS,n,2,282,1.07,N,0
40.50126,-121.22346,303.59,0.4,0.44,2021-08-27,1027,N,VIIRS,n,2,281.68,0.9,N,0
40.50156,-121.40035,300.49,0.39,0.44,2021-08-27,1027,N,VIIRS,n,2,281.31,1.07,N,0
40.50231,-121.22826,295.1,0.4,0.44,2021-08-27,1027,N,VIIRS,n,2,280.95,2.13,N,0
40.5032,-121.36905,300.16,0.39,0.44,2021-08-27,1027,N,VIIRS,n,2,281.58,0.97,N,0
40.5053,-121.37865,296.03,0.39,0.44,2021-08-27,1027,N,VIIRS,n,2,278.88,3.7,N,0
40.50622,-121.22657,301.82,0.4,0.44,2021-08-27,1027,N,VIIRS,n,2,280.73,1.01,N,0
40.50906,-121.45408,315.81,0.39,0.44,2021-08-27,1027,N,VIIRS,n,2,277.55,2.28,N,0
40.50925,-121.37724,337.74,0.39,0.44,2021-08-27,1027,N,VIIRS,n,2,283.48,3.7,N,0
40.50977,-121.32113,343.62,0.4,0.44,2021-08-27,1027,N,VIIRS,n,2,280.41,5.59,N,0
40.51002,-121.4585,332.45,0.39,0.44,2021-08-27,1027,N,VIIRS,n,2,278.42,3.64,N,0
40.5103,-121.3821,307.28,0.39,0.44,2021-08-27,1027,N,VIIRS,n,2,278.02,4.36,N,0
40.51294,-121.45245,303.58,0.39,0.44,2021-08-27,1027,N,VIIRS,n,2,276.65,1.69,N,0
40.51304,-121.35564,315.83,0.39,0.44,2021-08-27,1027,N,VIIRS,n,2,279.85,2.85,N,0
40.51398,-121.35998,336.97,0.39,0.44,2021-08-27,1027,N,VIIRS,n,2,281.5,5.9,N,0
40.51419,-121.24349,311.22,0.4,0.44,2021-08-27,1027,N,VIIRS,n,2,280.74,1.27,N,0
40.51497,-121.44234,305.29,0.39,0.44,2021-08-27,1027,N,VIIRS,n,2,279.15,2.03,N,0
40.51518,-121.24809,299.38,0.4,0.44,2021-08-27,1027,N,VIIRS,n,2,280.85,1.27,N,0
40.516,-121.34969,317.57,0.39,0.44,2021-08-27,1027,N,VIIRS,n,2,281.72,1.31,N,0
40.51683,-121.45091,322.87,0.39,0.44,2021-08-27,1027,N,VIIRS,n,2,278.5,1.69,N,0
40.51701,-121.35435,303.83,0.39,0.44,2021-08-27,1027,N,VIIRS,n,2,281.4,1.31,N,0
40.51778,-121.45525,301.39,0.39,0.44,2021-08-27,1027,N,VIIRS,n,2,275.35,1.53,N,0
40.51794,-121.35863,345.51,0.39,0.44,2021-08-27,1027,N,VIIRS,n,2,284.78,7.89,N,0
40.51807,-121.24171,297.95,0.4,0.44,2021-08-27,1027,N,VIIRS,n,2,280.45,0.42,N,0
40.51907,-121.24631,301.99,0.4,0.44,2021-08-27,1027,N,VIIRS,n,2,280.39,0.42,N,0
40.5195,-121.20891,297.84,0.4,0.44,2021-08-27,1027,N,VIIRS,n,2,280.45,0.67,N,0
40.51992,-121.34818,311.25,0.39,0.44,2021-08-27,1027,N,VIIRS,n,2,281.24,1.31,N,0
40.52007,-121.25091,295.01,0.4,0.44,2021-08-27,1027,N,VIIRS,n,2,280.72,0.75,N,0
40.52053,-121.21352,301.52,0.4,0.44,2021-08-27,1027,N,VIIRS,n,2,279.35,1.5,N,0
40.52086,-121.37206,315.37,0.39,0.44,2021-08-27,1027,N,VIIRS,n,2,278.72,1.64,N,0
40.5209,-121.21535,300.99,0.4,0.44,2021-08-27,1027,N,VIIRS,n,2,279.07,0.96,N,0
40.52095,-121.35294,309.09,0.39,0.44,2021-08-27,1027,N,VIIRS,n,2,281.52,1.31,N,0
40.52179,-121.3372,344.32,0.39,0.44,2021-08-27,1027,N,VIIRS,n,2,283.52,6.98,N,0
40.52278,-121.34177,341.44,0.39,0.44,2021-08-27,1027,N,VIIRS,n,2,280.32,6.98,N,0
40.52345,-121.20732,299.53,0.4,0.44,2021-08-27,1027,N,VIIRS,n,2,281.25,0.67,N,0
40.52378,-121.34637,340.23,0.39,0.44,2021-08-27,1027,N,VIIRS,n,2,283.68,5.65,N,0
40.52384,-121.20915,298.31,0.4,0.44,2021-08-27,1027,N,VIIRS,n,2,280.78,0.96,N,0
40.52394,-121.2687,351,0.4,0.44,2021-08-27,1027,N,VIIRS,n,2,283.46,4.64,N,0
40.52467,-121.33089,338.14,0.39,0.44,2021-08-27,1027,N,VIIRS,n,2,282.46,5.66,N,0
40.52479,-121.35101,320.82,0.39,0.44,2021-08-27,1027,N,VIIRS,n,2,282.62,5.65,N,0
40.52496,-121.25372,298.09,0.4,0.44,2021-08-27,1027,N,VIIRS,n,2,280.09,0.75,N,0
40.52567,-121.33547,345.46,0.39,0.44,2021-08-27,1027,N,VIIRS,n,2,285.59,6.98,N,0
40.52593,-121.25819,315.8,0.4,0.44,2021-08-27,1027,N,VIIRS,n,2,281.84,3.39,N,0
40.52666,-121.34003,345.07,0.39,0.44,2021-08-27,1027,N,VIIRS,n,2,288.58,6.98,N,0
40.52754,-121.32452,344.87,0.4,0.44,2021-08-27,1027,N,VIIRS,n,2,289.07,9.26,N,0
40.52765,-121.34458,353.37,0.39,0.44,2021-08-27,1027,N,VIIRS,n,2,288.1,5.65,N,0
40.52785,-121.26706,313.9,0.4,0.44,2021-08-27,1027,N,VIIRS,n,2,280.65,4.64,N,0
40.52855,-121.32913,367,0.39,0.44,2021-08-27,1027,N,VIIRS,h,2,289.32,9.26,N,0
40.52863,-121.34911,307.44,0.39,0.44,2021-08-27,1027,N,VIIRS,n,2,281.74,5.65,N,0
40.52954,-121.33373,323.35,0.39,0.44,2021-08-27,1027,N,VIIRS,n,2,281.27,7.79,N,0
40.52983,-121.2565,302.09,0.4,0.44,2021-08-27,1027,N,VIIRS,n,2,279.56,1.11,N,0
40.53068,-121.25903,300.99,0.4,0.44,2021-08-27,1027,N,VIIRS,n,2,279.65,0.7,N,0
40.53145,-121.32289,297.61,0.4,0.44,2021-08-27,1027,N,VIIRS,n,2,280.79,9.26,N,3
40.53153,-121.34287,320.75,0.39,0.44,2021-08-27,1027,N,VIIRS,n,2,281.27,5,N,0
40.53244,-121.32746,356.58,0.39,0.44,2021-08-27,1027,N,VIIRS,n,2,287.56,9.26,N,0
40.53251,-121.34741,300.92,0.39,0.44,2021-08-27,1027,N,VIIRS,n,2,279,5,N,0
40.53542,-121.34118,340.95,0.39,0.44,2021-08-27,1027,N,VIIRS,n,2,285.11,5,N,0
40.53662,-121.24725,311.17,0.4,0.44,2021-08-27,1027,N,VIIRS,n,2,281.04,2.14,N,0
40.53962,-121.24152,296.98,0.4,0.44,2021-08-27,1027,N,VIIRS,n,2,281.91,0.92,N,0
40.54549,-121.24866,299.54,0.4,0.44,2021-08-27,1027,N,VIIRS,n,2,281.68,0.94,N,0
40.54752,-121.23855,297.34,0.4,0.44,2021-08-27,1027,N,VIIRS,n,2,281.55,1.18,N,0
40.54847,-121.24284,298.78,0.4,0.44,2021-08-27,1027,N,VIIRS,n,2,281.55,0.94,N,0
40.54941,-121.24709,304.07,0.4,0.44,2021-08-27,1027,N,VIIRS,n,2,281.6,0.94,N,0
40.55134,-121.2558,296.3,0.4,0.44,2021-08-27,1027,N,VIIRS,n,2,279.69,0.68,N,0
40.55526,-121.2542,297.45,0.4,0.44,2021-08-27,1027,N,VIIRS,n,2,281.21,0.55,N,0
40.55745,-121.32191,319.05,0.39,0.44,2021-08-27,1027,N,VIIRS,n,2,282.27,2.03,N,0
40.55807,-121.30551,301.36,0.4,0.44,2021-08-27,1027,N,VIIRS,n,2,284.18,7.15,N,3
40.55912,-121.31024,367,0.39,0.44,2021-08-27,1027,N,VIIRS,h,2,293.7,7.15,N,0
40.56023,-121.31524,348.6,0.39,0.44,2021-08-27,1027,N,VIIRS,n,2,287.85,9.62,N,0
40.5614,-121.32054,341.46,0.39,0.44,2021-08-27,1027,N,VIIRS,n,2,291.77,9.62,N,0
40.56304,-121.30871,337.23,0.39,0.44,2021-08-27,1027,N,VIIRS,n,2,293.26,7.15,N,0
40.56416,-121.31374,334.95,0.39,0.44,2021-08-27,1027,N,VIIRS,n,2,293.54,9.62,N,0
40.56423,-121.23675,297.96,0.4,0.44,2021-08-27,1027,N,VIIRS,n,2,282.8,1.25,N,0
40.56489,-121.29777,298.54,0.4,0.44,2021-08-27,1027,N,VIIRS,n,2,282.78,4.37,N,0
40.56505,-121.25984,299.86,0.4,0.44,2021-08-27,1027,N,VIIRS,n,2,279.64,0.57,N,0
40.56533,-121.31905,351.99,0.39,0.44,2021-08-27,1027,N,VIIRS,n,2,292.88,9.62,N,0
40.56697,-121.30721,317.97,0.39,0.44,2021-08-27,1027,N,VIIRS,n,2,287.96,1.89,N,0
40.56717,-121.23071,303.66,0.4,0.44,2021-08-27,1027,N,VIIRS,n,2,281.8,0.79,N,0
40.56783,-121.29179,342.01,0.4,0.44,2021-08-27,1027,N,VIIRS,n,2,287.28,4.37,N,0
40.56798,-121.25377,301.02,0.4,0.44,2021-08-27,1027,N,VIIRS,n,2,279.98,0.57,N,0
40.56808,-121.3122,330.53,0.39,0.44,2021-08-27,1027,N,VIIRS,n,2,292.19,3.8,N,0
40.56884,-121.29635,332.17,0.4,0.44,2021-08-27,1027,N,VIIRS,n,2,284.16,4.37,N,0
40.56911,-121.23946,296.76,0.4,0.44,2021-08-27,1027,N,VIIRS,n,2,281.54,1.4,N,0
40.56925,-121.31749,340.18,0.39,0.44,2021-08-27,1027,N,VIIRS,n,2,291.96,3.8,N,0
40.57043,-121.32283,313.18,0.39,0.44,2021-08-27,1027,N,VIIRS,n,2,283.03,2.88,N,0
40.5709,-121.30568,314.4,0.39,0.44,2021-08-27,1027,N,VIIRS,n,2,286.46,1.89,N,0
40.57177,-121.29028,322.23,0.4,0.44,2021-08-27,1027,N,VIIRS,n,2,284.29,2.6,N,0
40.57199,-121.31061,326.5,0.39,0.44,2021-08-27,1027,N,VIIRS,n,2,292.46,3.8,N,0
40.57276,-121.29478,311.62,0.4,0.44,2021-08-27,1027,N,VIIRS,n,2,282.88,2.6,N,0
40.57313,-121.31577,323.13,0.39,0.44,2021-08-27,1027,N,VIIRS,n,2,290.68,3.8,N,0
40.57376,-121.29934,302.15,0.4,0.44,2021-08-27,1027,N,VIIRS,n,2,281.91,1.12,N,0
40.57428,-121.321,337.15,0.39,0.44,2021-08-27,1027,N,VIIRS,n,2,291.03,2.88,N,0
40.57542,-121.32614,299.33,0.39,0.44,2021-08-27,1027,N,VIIRS,n,2,281.43,2.88,N,0
40.57567,-121.28864,332.6,0.4,0.44,2021-08-27,1027,N,VIIRS,n,2,285.01,2.6,N,0
40.57588,-121.30895,310.49,0.39,0.44,2021-08-27,1027,N,VIIRS,n,2,288.07,1.28,N,0
40.57665,-121.2931,321.78,0.4,0.44,2021-08-27,1027,N,VIIRS,n,2,284.63,2.6,N,0
40.577,-121.31401,315.26,0.39,0.44,2021-08-27,1027,N,VIIRS,n,2,289.03,1.28,N,0
40.57765,-121.29763,304.07,0.4,0.44,2021-08-27,1027,N,VIIRS,n,2,282.74,1.12,N,0
40.57812,-121.31911,317.52,0.39,0.44,2021-08-27,1027,N,VIIRS,n,2,285.18,1.86,N,0
40.57957,-121.28702,324.01,0.4,0.44,2021-08-27,1027,N,VIIRS,n,2,283.63,2.9,N,0
40.57978,-121.30729,300,0.39,0.44,2021-08-27,1027,N,VIIRS,n,2,285.91,1.28,N,0
40.58055,-121.29146,327.82,0.4,0.44,2021-08-27,1027,N,VIIRS,n,2,281.75,2.9,N,0
40.58088,-121.31229,303.7,0.39,0.44,2021-08-27,1027,N,VIIRS,n,2,286.81,1.28,N,0
40.5816,-121.35424,326.75,0.39,0.44,2021-08-27,1027,N,VIIRS,n,2,284.21,2.39,N,0
40.58197,-121.31723,313.38,0.39,0.44,2021-08-27,1027,N,VIIRS,n,2,284.31,1.86,N,0
40.5825,-121.35834,305.81,0.39,0.44,2021-08-27,1027,N,VIIRS,n,2,282.18,2.02,N,0
40.58252,-121.33907,301.51,0.39,0.44,2021-08-27,1027,N,VIIRS,n,2,282.32,1.53,N,0
40.58448,-121.34801,323.99,0.39,0.44,2021-08-27,1027,N,VIIRS,n,2,284.38,1.68,N,0
40.5854,-121.3522,303.56,0.39,0.44,2021-08-27,1027,N,VIIRS,n,2,283.63,1.68,N,0
40.58688,-121.32022,305.26,0.39,0.44,2021-08-27,1027,N,VIIRS,n,2,282.72,1,N,0
40.58729,-121.34145,316.73,0.39,0.44,2021-08-27,1027,N,VIIRS,n,2,283.34,1.53,N,0
40.58738,-121.28372,331.64,0.4,0.44,2021-08-27,1027,N,VIIRS,n,2,288.35,2.94,N,0
40.58794,-121.32507,298.79,0.39,0.44,2021-08-27,1027,N,VIIRS,n,2,283.33,1.13,N,0
40.58826,-121.34589,319.07,0.39,0.44,2021-08-27,1027,N,VIIRS,n,2,284.95,1.68,N,0
40.58837,-121.28822,312.69,0.4,0.44,2021-08-27,1027,N,VIIRS,n,2,283.24,2.94,N,0
40.58863,-121.30885,298.65,0.39,0.44,2021-08-27,1027,N,VIIRS,n,2,284.35,1.1,N,0
40.58901,-121.32993,299.13,0.39,0.44,2021-08-27,1027,N,VIIRS,n,2,282.87,1.13,N,0
40.58921,-121.3502,296.71,0.39,0.44,2021-08-27,1027,N,VIIRS,n,2,282.9,1.68,N,0
40.59048,-121.37531,314.38,0.39,0.44,2021-08-27,1027,N,VIIRS,n,2,282.42,5.62,N,0
40.5913,-121.28214,312.48,0.4,0.44,2021-08-27,1027,N,VIIRS,n,2,286.33,2.94,N,0
40.59138,-121.26308,344.76,0.4,0.44,2021-08-27,1027,N,VIIRS,n,2,285.52,5.9,N,0
40.59155,-121.3802,347.83,0.39,0.44,2021-08-27,1027,N,VIIRS,n,2,285.97,5.62,N,0
40.59205,-121.34379,310.27,0.39,0.44,2021-08-27,1027,N,VIIRS,n,2,283.93,1,N,0
40.59229,-121.28664,331.09,0.4,0.44,2021-08-27,1027,N,VIIRS,n,2,289.62,2.94,N,0
40.59233,-121.26737,340.36,0.4,0.44,2021-08-27,1027,N,VIIRS,n,2,285.16,5.9,N,0
40.59246,-121.38435,326.85,0.39,0.44,2021-08-27,1027,N,VIIRS,n,2,283.03,7.11,N,0
40.59281,-121.32786,317.98,0.39,0.44,2021-08-27,1027,N,VIIRS,n,2,284.95,1.13,N,0
40.59302,-121.34819,298.05,0.39,0.44,2021-08-27,1027,N,VIIRS,n,2,282.47,1,N,0
40.59328,-121.27171,346.75,0.4,0.44,2021-08-27,1027,N,VIIRS,n,2,284.14,7.34,N,0
40.59384,-121.33256,298.11,0.39,0.44,2021-08-27,1027,N,VIIRS,n,2,283.36,1.32,N,0
40.59528,-121.26141,352.36,0.4,0.44,2021-08-27,1027,N,VIIRS,n,2,287.72,5.9,N,0
40.59546,-121.37866,353.05,0.39,0.44,2021-08-27,1027,N,VIIRS,n,2,289.56,5.62,N,0
40.59584,-121.3417,306.32,0.39,0.44,2021-08-27,1027,N,VIIRS,n,2,284.57,1,N,0
40.59621,-121.28507,306.36,0.4,0.44,2021-08-27,1027,N,VIIRS,n,2,285.57,1.38,N,0
40.59623,-121.26573,320.3,0.4,0.44,2021-08-27,1027,N,VIIRS,n,2,283.11,5.9,N,0
40.5964,-121.38294,340.53,0.39,0.44,2021-08-27,1027,N,VIIRS,n,2,288.64,7.11,N,0
40.59764,-121.33051,318.05,0.39,0.44,2021-08-27,1027,N,VIIRS,n,2,286.03,2,N,0
40.59866,-121.33511,326.51,0.39,0.44,2021-08-27,1027,N,VIIRS,n,2,284.9,2,N,0
40.59882,-121.394,319.04,0.39,0.44,2021-08-27,1027,N,VIIRS,n,2,282.96,1.95,N,0
40.59919,-121.25978,340.01,0.4,0.44,2021-08-27,1027,N,VIIRS,n,2,289.98,9.76,N,0
40.60015,-121.26414,342.21,0.4,0.44,2021-08-27,1027,N,VIIRS,n,2,288.39,9.76,N,0
40.6011,-121.26848,320.39,0.4,0.44,2021-08-27,1027,N,VIIRS,n,2,284.92,5.12,N,0
40.60192,-121.38882,330.11,0.39,0.44,2021-08-27,1027,N,VIIRS,n,2,283.28,3.71,N,0
40.60246,-121.33309,301.84,0.39,0.44,2021-08-27,1027,N,VIIRS,n,2,285.45,2,N,0
40.60273,-121.39253,337.74,0.39,0.44,2021-08-27,1027,N,VIIRS,n,2,283.43,3.71,N,0
40.6031,-121.25814,367,0.4,0.44,2021-08-27,1027,N,VIIRS,h,2,297.03,9.76,N,0
40.60345,-121.3376,308.38,0.39,0.44,2021-08-27,1027,N,VIIRS,n,2,283.89,1.54,N,0
40.60353,-121.39618,337.66,0.39,0.44,2021-08-27,1027,N,VIIRS,n,2,284.79,5.37,N,0
40.60407,-121.26255,351.64,0.4,0.44,2021-08-27,1027,N,VIIRS,n,2,295.03,9.76,N,0
40.60502,-121.26689,349.58,0.4,0.44,2021-08-27,1027,N,VIIRS,n,2,291.67,5.12,N,0
40.60572,-121.36739,295.9,0.39,0.44,2021-08-27,1027,N,VIIRS,n,2,279.95,4.67,N,0
40.60575,-121.38696,330.15,0.39,0.44,2021-08-27,1027,N,VIIRS,n,2,284.13,3.71,N,0
40.60598,-121.27128,324.64,0.4,0.44,2021-08-27,1027,N,VIIRS,n,2,282.76,5.12,N,0
40.60658,-121.39075,333.43,0.39,0.44,2021-08-27,1027,N,VIIRS,n,2,284.08,3.71,N,0
40.60701,-121.25647,355.47,0.4,0.44,2021-08-27,1027,N,VIIRS,n,2,295.45,19.82,N,0
40.60729,-121.33572,307.05,0.39,0.44,2021-08-27,1027,N,VIIRS,n,2,284.71,1.3,N,0
40.6074,-121.39447,301.98,0.39,0.44,2021-08-27,1027,N,VIIRS,n,2,281.36,5.37,N,0
40.60797,-121.26089,367,0.4,0.44,2021-08-27,1027,N,VIIRS,h,2,298.33,19.82,N,0
40.60864,-121.38078,345.18,0.39,0.44,2021-08-27,1027,N,VIIRS,n,2,283.4,4.66,N,0
40.60893,-121.2653,344.37,0.4,0.44,2021-08-27,1027,N,VIIRS,n,2,292.78,4.62,N,0
40.6095,-121.36527,367,0.39,0.44,2021-08-27,1027,N,VIIRS,h,2,286.77,4.67,N,0
40.60953,-121.38483,336.32,0.39,0.44,2021-08-27,1027,N,VIIRS,n,2,282.51,2.64,N,0
40.6099,-121.26971,318.69,0.4,0.44,2021-08-27,1027,N,VIIRS,n,2,284.87,4.62,N,0
40.61053,-121.37002,322.31,0.39,0.44,2021-08-27,1027,N,VIIRS,n,2,281.4,4.67,N,0
40.6109,-121.25479,342.75,0.4,0.44,2021-08-27,1027,N,VIIRS,n,2,295.05,19.82,N,0
40.61114,-121.33392,307.16,0.39,0.44,2021-08-27,1027,N,VIIRS,n,2,290.73,1.3,N,0
40.6115,-121.37443,322.68,0.39,0.44,2021-08-27,1027,N,VIIRS,n,2,281.64,4.66,N,0
40.61187,-121.25922,343.26,0.4,0.44,2021-08-27,1027,N,VIIRS,n,2,287.89,19.82,N,0
40.61242,-121.37864,341.34,0.39,0.44,2021-08-27,1027,N,VIIRS,n,2,283.61,4.66,N,0
40.61284,-121.26364,343.58,0.4,0.44,2021-08-27,1027,N,VIIRS,n,2,289.82,4.62,N,0
40.6133,-121.38269,299.75,0.39,0.44,2021-08-27,1027,N,VIIRS,n,2,280.66,2.64,N,0
40.61381,-121.2681,314.47,0.4,0.44,2021-08-27,1027,N,VIIRS,n,2,284.52,4.62,N,0
40.61402,-121.32761,305.13,0.39,0.44,2021-08-27,1027,N,VIIRS,n,2,287.88,1.17,N,0
40.61428,-121.36776,343.72,0.39,0.44,2021-08-27,1027,N,VIIRS,n,2,285.31,7.47,N,0
40.61501,-121.33215,310.75,0.39,0.44,2021-08-27,1027,N,VIIRS,n,2,288.18,1.36,N,0
40.61524,-121.37215,349.56,0.39,0.44,2021-08-27,1027,N,VIIRS,n,2,284.66,9.24,N,0
40.61578,-121.25755,367,0.4,0.44,2021-08-27,1027,N,VIIRS,h,2,288.61,4.09,N,0
40.616,-121.33672,304.94,0.39,0.44,2021-08-27,1027,N,VIIRS,n,2,288.44,1.36,N,0
40.61674,-121.26198,307.63,0.4,0.44,2021-08-27,1027,N,VIIRS,n,2,282.77,2.51,N,0
40.61691,-121.32137,300.74,0.39,0.44,2021-08-27,1027,N,VIIRS,n,2,285.9,1.17,N,0
40.61781,-121.30598,299.49,0.39,0.44,2021-08-27,1027,N,VIIRS,n,2,282.88,0.86,N,0
40.6179,-121.3259,308.82,0.39,0.44,2021-08-27,1027,N,VIIRS,n,2,288.32,1.17,N,0
40.61872,-121.25149,299.57,0.4,0.44,2021-08-27,1027,N,VIIRS,n,2,280.96,4.09,N,0
40.61888,-121.33044,309.38,0.39,0.44,2021-08-27,1027,N,VIIRS,n,2,287.57,1.36,N,0
40.61968,-121.2559,317.9,0.4,0.44,2021-08-27,1027,N,VIIRS,n,2,286.04,4.09,N,0
40.6198,-121.31513,308.64,0.39,0.44,2021-08-27,1027,N,VIIRS,n,2,285.12,1.19,N,0
40.61988,-121.33501,302.45,0.39,0.44,2021-08-27,1027,N,VIIRS,n,2,287.41,1.36,N,0
40.62064,-121.26031,304.86,0.4,0.44,2021-08-27,1027,N,VIIRS,n,2,281.92,2.51,N,0
40.62087,-121.33957,299.97,0.39,0.44,2021-08-27,1027,N,VIIRS,n,2,286.82,1.67,N,0
40.62178,-121.3242,301.76,0.39,0.44,2021-08-27,1027,N,VIIRS,n,2,286.33,1.57,N,0
40.6227,-121.30891,297.23,0.39,0.44,2021-08-27,1027,N,VIIRS,n,2,283.49,1.19,N,0
40.62277,-121.32876,302.23,0.39,0.44,2021-08-27,1027,N,VIIRS,n,2,286.92,1.37,N,0
40.6236,-121.25429,329.09,0.4,0.44,2021-08-27,1027,N,VIIRS,n,2,288.37,3.66,N,0
40.62369,-121.31346,304.36,0.39,0.44,2021-08-27,1027,N,VIIRS,n,2,286.57,1.19,N,0
40.62376,-121.33334,300.51,0.39,0.44,2021-08-27,1027,N,VIIRS,n,2,286.67,1.37,N,0
40.62457,-121.25874,316.23,0.4,0.44,2021-08-27,1027,N,VIIRS,n,2,284.12,2.87,N,0
40.62468,-121.31799,302.11,0.39,0.44,2021-08-27,1027,N,VIIRS,n,2,285.77,1.57,N,0
40.62477,-121.33793,299.73,0.39,0.44,2021-08-27,1027,N,VIIRS,n,2,284.06,1.05,N,0
41.43572,-121.88729,295.32,0.54,0.42,2021-08-27,1027,N,VIIRS,n,2,283.86,1.1,N,0
41.43647,-121.88698,304.95,0.54,0.42,2021-08-27,1027,N,VIIRS,n,2,283.58,1.34,N,0
41.4395,-121.88592,317.74,0.54,0.42,2021-08-27,1027,N,VIIRS,n,2,284.25,3.1,N,0
41.44024,-121.88561,311.95,0.54,0.42,2021-08-27,1027,N,VIIRS,n,2,284.28,1.34,N,0
41.4516,-121.93863,300.23,0.53,0.42,2021-08-27,1027,N,VIIRS,n,2,284.18,1.26,N,0
41.45296,-121.94502,303.32,0.53,0.42,2021-08-27,1027,N,VIIRS,n,2,284.5,1.26,N,0
41.45429,-121.93761,322.06,0.53,0.42,2021-08-27,1027,N,VIIRS,n,2,287.42,3.3,N,0
41.45532,-121.93704,317.13,0.53,0.42,2021-08-27,1027,N,VIIRS,n,2,286.73,4.22,N,0
41.45533,-121.88008,295.48,0.54,0.42,2021-08-27,1027,N,VIIRS,n,2,284.55,1.17,N,0
41.45562,-121.94398,335.53,0.53,0.42,2021-08-27,1027,N,VIIRS,n,2,289.31,6.65,N,0
41.45668,-121.94344,339.65,0.53,0.42,2021-08-27,1027,N,VIIRS,n,2,289.66,4.22,N,0
41.45929,-121.94217,331.75,0.53,0.42,2021-08-27,1027,N,VIIRS,n,2,289.37,2.95,N,0
41.46028,-121.92738,319.92,0.53,0.42,2021-08-27,1027,N,VIIRS,n,2,287.26,3.23,N,0
41.46033,-121.94157,321.53,0.53,0.42,2021-08-27,1027,N,VIIRS,n,2,289.3,4.22,N,0
41.46125,-121.92686,325.15,0.53,0.42,2021-08-27,1027,N,VIIRS,n,2,288.19,3.68,N,0
41.46162,-121.93382,312.4,0.53,0.42,2021-08-27,1027,N,VIIRS,n,2,288.45,3.23,N,0
41.46265,-121.9334,311.76,0.53,0.42,2021-08-27,1027,N,VIIRS,n,2,288.24,1.8,N,0
41.46301,-121.94056,302.47,0.53,0.42,2021-08-27,1027,N,VIIRS,n,2,287.87,2.95,N,0
41.46409,-121.94019,297.67,0.53,0.42,2021-08-27,1027,N,VIIRS,n,2,286.73,1.8,N,0
41.48257,-121.989,296.54,0.53,0.42,2021-08-27,1027,N,VIIRS,n,2,281.76,0.59,N,0
41.48877,-121.90352,306.44,0.53,0.42,2021-08-27,1027,N,VIIRS,n,2,284.02,1.64,N,0
41.49246,-121.90182,303.28,0.53,0.42,2021-08-27,1027,N,VIIRS,n,2,283.53,1.64,N,0
41.49487,-121.89401,309.04,0.54,0.42,2021-08-27,1027,N,VIIRS,n,2,283.84,2.73,N,0
41.49617,-121.90018,295.43,0.53,0.42,2021-08-27,1027,N,VIIRS,n,2,283.23,2.73,N,0
41.49875,-121.91239,296.6,0.53,0.42,2021-08-27,1027,N,VIIRS,n,2,282.81,2.21,N,0
41.49994,-121.89877,331.64,0.53,0.42,2021-08-27,1027,N,VIIRS,n,2,289.47,2.73,N,0
41.50371,-121.89745,308.55,0.53,0.42,2021-08-27,1027,N,VIIRS,n,2,285.04,1.57,N,0
39.99141,-120.76508,333.6,0.38,0.59,2021-08-27,2009,N,VIIRS,n,2,301.31,46.27,D,0
39.99227,-120.76191,367,0.38,0.59,2021-08-27,2009,N,VIIRS,h,2,333.03,46.27,D,0
39.99308,-120.75893,367,0.38,0.59,2021-08-27,2009,N,VIIRS,l,2,327.09,58.47,D,0
39.99385,-120.7561,367,0.38,0.59,2021-08-27,2009,N,VIIRS,h,2,309.06,58.47,D,0
39.99466,-120.75314,367,0.38,0.59,2021-08-27,2009,N,VIIRS,h,2,302.97,15.14,D,0
39.99549,-120.75009,334.49,0.38,0.59,2021-08-27,2009,N,VIIRS,n,2,296.29,15.14,D,0
39.99632,-120.74705,367,0.38,0.59,2021-08-27,2009,N,VIIRS,h,2,300.31,15.99,D,0
39.99641,-120.76801,338.07,0.38,0.59,2021-08-27,2009,N,VIIRS,n,2,292.84,46.27,D,0
39.99714,-120.74406,355.37,0.38,0.59,2021-08-27,2009,N,VIIRS,n,2,303.75,15.99,D,0
39.99724,-120.76498,367,0.38,0.59,2021-08-27,2009,N,VIIRS,h,2,295.02,46.27,D,0
39.99796,-120.74105,353.22,0.38,0.59,2021-08-27,2009,N,VIIRS,n,2,295.86,26.56,D,0
39.99802,-120.76208,340,0.38,0.59,2021-08-27,2009,N,VIIRS,n,2,294.76,58.47,D,0
40.00109,-120.75082,334.32,0.38,0.59,2021-08-27,2009,N,VIIRS,n,2,295.43,15.99,D,0
40.0035,-120.78463,330.2,0.38,0.59,2021-08-27,2009,N,VIIRS,n,2,293.8,5.86,D,0
40.00442,-120.78126,330.01,0.38,0.59,2021-08-27,2009,N,VIIRS,n,2,294.48,7.03,D,0
40.00667,-120.73034,344.58,0.38,0.59,2021-08-27,2009,N,VIIRS,n,2,297.55,9.98,D,0
40.00764,-120.68428,332.77,0.38,0.58,2021-08-27,2009,N,VIIRS,n,2,290.67,7.59,D,0
40.00788,-120.72591,334.09,0.38,0.58,2021-08-27,2009,N,VIIRS,n,2,294.14,7.63,D,0
40.00889,-120.67967,338.53,0.37,0.58,2021-08-27,2009,N,VIIRS,n,2,291.28,7.59,D,0
40.01013,-120.67511,354.33,0.37,0.58,2021-08-27,2009,N,VIIRS,n,2,292.81,62.33,D,0
40.01128,-120.69212,335.94,0.38,0.58,2021-08-27,2009,N,VIIRS,n,2,290.16,8.12,D,0
40.01142,-120.67039,208,0.37,0.58,2021-08-27,2009,N,VIIRS,l,2,302.83,62.33,D,0
40.01246,-120.68777,342.34,0.38,0.58,2021-08-27,2009,N,VIIRS,n,2,290.52,48.3,D,0
40.01287,-120.66503,367,0.37,0.58,2021-08-27,2009,N,VIIRS,h,2,341.52,122.05,D,0
40.01295,-120.72857,350.42,0.38,0.58,2021-08-27,2009,N,VIIRS,n,2,298.11,6.15,D,0
40.0137,-120.68324,351.82,0.37,0.58,2021-08-27,2009,N,VIIRS,n,2,297.43,48.3,D,0
40.01386,-120.72523,337.42,0.38,0.58,2021-08-27,2009,N,VIIRS,n,2,294.59,6.15,D,0
40.01419,-120.66018,367,0.37,0.58,2021-08-27,2009,N,VIIRS,h,2,297.09,122.05,D,0
40.01496,-120.6786,367,0.37,0.58,2021-08-27,2009,N,VIIRS,h,2,294.1,55.69,D,0
40.01619,-120.69533,335.8,0.38,0.58,2021-08-27,2009,N,VIIRS,n,2,291.02,8.12,D,0
40.01625,-120.67387,355.92,0.37,0.58,2021-08-27,2009,N,VIIRS,n,2,308.01,55.69,D,0
40.01745,-120.69069,351.76,0.38,0.58,2021-08-27,2009,N,VIIRS,n,2,294.72,48.3,D,0
40.01759,-120.66894,367,0.37,0.58,2021-08-27,2009,N,VIIRS,h,2,303.45,42.39,D,0
40.01762,-120.79678,332.9,0.38,0.59,2021-08-27,2009,N,VIIRS,n,2,295.92,4.71,D,0
40.01804,-120.73116,335.96,0.38,0.58,2021-08-27,2009,N,VIIRS,n,2,296.02,6.15,D,0
40.01871,-120.68607,208,0.37,0.58,2021-08-27,2009,N,VIIRS,l,2,319.06,48.3,D,0
40.01889,-120.66415,367,0.37,0.58,2021-08-27,2009,N,VIIRS,h,2,297.73,42.39,D,0
40.01891,-120.72797,367,0.38,0.58,2021-08-27,2009,N,VIIRS,h,2,298.33,6.15,D,0
40.01996,-120.68145,367,0.37,0.58,2021-08-27,2009,N,VIIRS,h,2,310.72,55.69,D,0
40.02123,-120.67678,337.66,0.37,0.58,2021-08-27,2009,N,VIIRS,n,2,294.35,55.69,D,0
40.02254,-120.69323,330.82,0.38,0.58,2021-08-27,2009,N,VIIRS,n,2,292.25,6.29,D,0
40.02388,-120.73097,341.43,0.38,0.58,2021-08-27,2009,N,VIIRS,n,2,295.59,7.16,D,0
40.02466,-120.7281,342.59,0.38,0.58,2021-08-27,2009,N,VIIRS,n,2,296.51,7.95,D,0
40.02772,-120.80243,339.42,0.38,0.59,2021-08-27,2009,N,VIIRS,n,2,297.04,3.55,D,0
40.03039,-120.72829,356.65,0.38,0.58,2021-08-27,2009,N,VIIRS,n,2,299.13,7.95,D,0
40.34856,-121.16721,367,0.39,0.59,2021-08-27,2009,N,VIIRS,h,2,306.06,5.36,D,0
40.48272,-121.17549,331.8,0.39,0.59,2021-08-27,2009,N,VIIRS,n,2,299.32,4.24,D,0
40.48859,-121.19687,351.46,0.39,0.59,2021-08-27,2009,N,VIIRS,n,2,300.23,5.55,D,0
40.50803,-121.32061,367,0.39,0.59,2021-08-27,2009,N,VIIRS,h,2,306.17,9.18,D,0
40.51756,-121.24387,330.14,0.39,0.59,2021-08-27,2009,N,VIIRS,n,2,296.42,2.47,D,0
40.52289,-121.33086,367,0.39,0.59,2021-08-27,2009,N,VIIRS,h,2,300.61,21.66,D,0
40.52511,-121.32282,367,0.39,0.59,2021-08-27,2009,N,VIIRS,h,2,303,14.09,D,0
40.52913,-121.32967,367,0.39,0.59,2021-08-27,2009,N,VIIRS,h,2,301.91,21.66,D,0
40.53028,-121.32545,367,0.39,0.59,2021-08-27,2009,N,VIIRS,h,2,301.89,14.09,D,0
40.53147,-121.32117,350.83,0.39,0.59,2021-08-27,2009,N,VIIRS,n,2,299.82,14.09,D,3
40.53543,-121.32818,339.03,0.39,0.59,2021-08-27,2009,N,VIIRS,n,2,302.01,11.12,D,3
40.55514,-121.32076,367,0.39,0.59,2021-08-27,2009,N,VIIRS,l,2,374.47,621.69,D,0
40.55831,-121.30923,367,0.39,0.59,2021-08-27,2009,N,VIIRS,h,2,308.56,55.79,D,0
40.55945,-121.3051,354.54,0.39,0.59,2021-08-27,2009,N,VIIRS,n,2,298.88,55.79,D,0
40.56165,-121.31849,353.2,0.39,0.59,2021-08-27,2009,N,VIIRS,n,2,313.15,28.84,D,0
40.56264,-121.31493,367,0.39,0.59,2021-08-27,2009,N,VIIRS,h,2,299.53,28.84,D,0
40.56712,-121.31999,367,0.39,0.59,2021-08-27,2009,N,VIIRS,h,2,297.14,28.84,D,0
40.56808,-121.3165,338.44,0.39,0.59,2021-08-27,2009,N,VIIRS,n,2,298.03,28.84,D,0
40.57253,-121.32174,336.89,0.39,0.59,2021-08-27,2009,N,VIIRS,n,2,293.55,3.39,D,0
40.57346,-121.31831,330.77,0.39,0.59,2021-08-27,2009,N,VIIRS,n,2,295.14,3.39,D,0
40.57577,-121.28845,353.19,0.39,0.59,2021-08-27,2009,N,VIIRS,n,2,295.05,10.24,D,0
40.58833,-121.2855,345.04,0.39,0.59,2021-08-27,2009,N,VIIRS,n,2,294.15,8.55,D,0
40.58891,-121.37343,346.96,0.39,0.59,2021-08-27,2009,N,VIIRS,n,2,293.94,6.45,D,0
40.59057,-121.28301,339.4,0.39,0.59,2021-08-27,2009,N,VIIRS,n,2,294.45,6.3,D,0
40.5932,-121.37921,332.25,0.39,0.59,2021-08-27,2009,N,VIIRS,n,2,294.24,4.32,D,0
40.5933,-121.26725,367,0.39,0.59,2021-08-27,2009,N,VIIRS,h,2,297.64,39.48,D,0
40.59435,-121.26949,340.49,0.39,0.59,2021-08-27,2009,N,VIIRS,n,2,295.55,14.4,D,0
40.59458,-121.26257,351.13,0.39,0.59,2021-08-27,2009,N,VIIRS,n,2,324.27,39.48,D,0
40.59564,-121.26485,346.39,0.39,0.59,2021-08-27,2009,N,VIIRS,n,2,319.34,28.8,D,0
40.59585,-121.25793,367,0.39,0.59,2021-08-27,2009,N,VIIRS,h,2,296.36,35.18,D,0
40.59694,-121.26019,367,0.39,0.59,2021-08-27,2009,N,VIIRS,h,2,302.66,28.8,D,0
40.59795,-121.33639,354.32,0.39,0.59,2021-08-27,2009,N,VIIRS,n,2,296.12,22.23,D,0
40.59875,-121.3381,356.22,0.39,0.59,2021-08-27,2009,N,VIIRS,n,2,294.5,22.46,D,0
40.599,-121.3325,367,0.39,0.59,2021-08-27,2009,N,VIIRS,h,2,306.84,22.23,D,0
40.59958,-121.26576,367,0.39,0.59,2021-08-27,2009,N,VIIRS,h,2,298.33,11.94,D,0
40.59983,-121.33423,367,0.39,0.59,2021-08-27,2009,N,VIIRS,h,2,311.74,53.75,D,0
40.60065,-121.26794,351.97,0.39,0.59,2021-08-27,2009,N,VIIRS,n,2,298,28.8,D,0
40.60085,-121.26108,367,0.39,0.59,2021-08-27,2009,N,VIIRS,h,2,299.59,11.97,D,0
40.60196,-121.26329,367,0.39,0.59,2021-08-27,2009,N,VIIRS,h,2,304.44,28.8,D,0
40.60208,-121.25655,337.38,0.39,0.59,2021-08-27,2009,N,VIIRS,n,2,297.37,11.97,D,0
40.60322,-121.25873,367,0.39,0.59,2021-08-27,2009,N,VIIRS,h,2,300.11,14.97,D,0
40.60447,-121.25426,345.44,0.39,0.59,2021-08-27,2009,N,VIIRS,n,2,299.48,14.97,D,0
40.6046,-121.26882,356.43,0.39,0.59,2021-08-27,2009,N,VIIRS,n,2,299.04,11.94,D,0
40.60586,-121.26421,351.14,0.39,0.59,2021-08-27,2009,N,VIIRS,n,2,298.66,11.97,D,0
40.60696,-121.26637,337.22,0.39,0.59,2021-08-27,2009,N,VIIRS,n,2,297.14,7.79,D,0
40.60709,-121.25967,367,0.39,0.59,2021-08-27,2009,N,VIIRS,h,2,301.67,11.97,D,0
40.60823,-121.26181,337.95,0.39,0.59,2021-08-27,2009,N,VIIRS,n,2,297.41,10.2,D,0
40.60831,-121.25521,367,0.39,0.59,2021-08-27,2009,N,VIIRS,h,2,308.75,30.47,D,0
40.60936,-121.36359,367,0.39,0.59,2021-08-27,2009,N,VIIRS,h,2,299.64,9.89,D,0
40.60947,-121.25739,367,0.39,0.59,2021-08-27,2009,N,VIIRS,h,2,310.01,10.2,D,0
40.60976,-121.38339,348.46,0.39,0.59,2021-08-27,2009,N,VIIRS,n,2,294.94,7.35,D,0
40.61071,-121.25293,339.3,0.39,0.59,2021-08-27,2009,N,VIIRS,n,2,299.96,16.1,D,0
40.61099,-121.37897,338,0.39,0.59,2021-08-27,2009,N,VIIRS,n,2,294.19,8.19,D,0
40.61211,-121.26277,344.82,0.39,0.59,2021-08-27,2009,N,VIIRS,n,2,297.67,13.43,D,0
40.61325,-121.26488,339.19,0.39,0.59,2021-08-27,2009,N,VIIRS,n,2,297.2,10.2,D,0
40.61331,-121.25835,367,0.39,0.59,2021-08-27,2009,N,VIIRS,h,2,302.28,11.09,D,0
40.61448,-121.26046,352.77,0.39,0.59,2021-08-27,2009,N,VIIRS,n,2,296.76,10.2,D,0
40.61453,-121.25385,348.41,0.39,0.59,2021-08-27,2009,N,VIIRS,n,2,298.75,11.09,D,0
40.61572,-121.256,367,0.39,0.59,2021-08-27,2009,N,VIIRS,h,2,301.75,16.1,D,0
40.61955,-121.25692,336.28,0.39,0.59,2021-08-27,2009,N,VIIRS,n,2,300.9,11.09,D,0
40.62074,-121.25904,332.57,0.39,0.59,2021-08-27,2009,N,VIIRS,n,2,301.35,5.9,D,0
40.62077,-121.25244,331.86,0.39,0.59,2021-08-27,2009,N,VIIRS,n,2,299.42,8.01,D,0
40.62199,-121.25456,367,0.39,0.59,2021-08-27,2009,N,VIIRS,h,2,306.54,5.9,D,0
40.62705,-121.25744,332.86,0.39,0.59,2021-08-27,2009,N,VIIRS,n,2,300.45,5.9,D,0
41.45712,-121.94486,367,0.39,0.6,2021-08-27,2009,N,VIIRS,h,2,304.14,13.92,D,0
41.45819,-121.94105,367,0.39,0.6,2021-08-27,2009,N,VIIRS,h,2,303.14,13.92,D,0
41.46135,-121.95095,330.91,0.4,0.6,2021-08-27,2009,N,VIIRS,n,2,298.63,6.73,D,0
41.53614,-122.00233,340.72,0.4,0.6,2021-08-27,2009,N,VIIRS,n,2,301.45,3.48,D,0
41.54763,-121.9823,345.71,0.39,0.6,2021-08-27,2009,N,VIIRS,n,2,301.65,4.67,D,0
41.57585,-121.79456,332.5,0.39,0.59,2021-08-27,2009,N,VIIRS,n,2,298.33,3.24,D,0
41.57704,-121.79027,332.34,0.39,0.59,2021-08-27,2009,N,VIIRS,n,2,296.22,6.91,D,0
41.53711,-122.00121,341.83,0.4,0.6,2021-08-27,2010,N,VIIRS,n,2,301.34,5.07,D,0
41.54762,-121.98506,332.54,0.39,0.6,2021-08-27,2010,N,VIIRS,n,2,300.74,2.9,D,0
41.54861,-121.98158,332.71,0.39,0.6,2021-08-27,2010,N,VIIRS,n,2,299.34,2.9,D,0
41.57787,-121.79408,343.54,0.39,0.59,2021-08-27,2010,N,VIIRS,n,2,299.28,3.73,D,0
41.58021,-121.7858,333.68,0.38,0.59,2021-08-27,2010,N,VIIRS,n,2,302.43,5.91,D,0
39.99073,-120.76391,367,0.42,0.61,2021-08-27,2149,N,VIIRS,h,2,302.9,54.1,D,0
39.99106,-120.75646,347.74,0.42,0.61,2021-08-27,2149,N,VIIRS,n,2,298.69,54.1,D,0
39.99138,-120.74893,367,0.42,0.61,2021-08-27,2149,N,VIIRS,l,2,336.99,149.87,D,0
39.99176,-120.74018,367,0.42,0.61,2021-08-27,2149,N,VIIRS,h,2,306,149.87,D,0
39.99205,-120.73338,354.07,0.42,0.61,2021-08-27,2149,N,VIIRS,n,2,298.45,15.93,D,0
39.99229,-120.72779,339.4,0.42,0.61,2021-08-27,2149,N,VIIRS,n,2,295.64,15.93,D,0
39.99659,-120.76104,352.74,0.42,0.61,2021-08-27,2149,N,VIIRS,n,2,298.14,77.48,D,0
39.99702,-120.75124,208,0.42,0.61,2021-08-27,2149,N,VIIRS,l,2,311.36,77.48,D,0
39.99766,-120.73645,367,0.42,0.61,2021-08-27,2149,N,VIIRS,h,2,299.9,101.7,D,0
39.99788,-120.73153,350.11,0.42,0.61,2021-08-27,2149,N,VIIRS,n,2,295.63,13.54,D,0
39.99807,-120.72701,333.77,0.42,0.61,2021-08-27,2149,N,VIIRS,n,2,294.56,13.54,D,0
39.99979,-120.68686,331.66,0.42,0.61,2021-08-27,2149,N,VIIRS,n,2,286.85,36.33,D,0
39.99997,-120.68241,333.83,0.43,0.62,2021-08-27,2149,N,VIIRS,n,2,287.88,36.33,D,0
40.00016,-120.67805,341.19,0.43,0.62,2021-08-27,2149,N,VIIRS,n,2,288.72,153.8,D,0
40.00034,-120.67377,344.02,0.43,0.62,2021-08-27,2149,N,VIIRS,n,2,290.56,153.8,D,0
40.00053,-120.66947,341.23,0.43,0.62,2021-08-27,2149,N,VIIRS,n,2,291.96,54.64,D,0
40.00071,-120.66512,330.6,0.43,0.62,2021-08-27,2149,N,VIIRS,n,2,290.62,54.64,D,0
40.00104,-120.79025,367,0.42,0.61,2021-08-27,2149,N,VIIRS,h,2,300.69,11.75,D,0
40.00124,-120.78557,354.84,0.42,0.61,2021-08-27,2149,N,VIIRS,n,2,300.1,16.24,D,0
40.00319,-120.74133,339.72,0.42,0.61,2021-08-27,2149,N,VIIRS,n,2,298.79,101.7,D,0
40.00339,-120.73668,355.83,0.42,0.61,2021-08-27,2149,N,VIIRS,n,2,299.44,101.7,D,0
40.00357,-120.73248,367,0.42,0.61,2021-08-27,2149,N,VIIRS,h,2,302.78,13.54,D,0
40.00375,-120.72836,343.57,0.42,0.61,2021-08-27,2149,N,VIIRS,n,2,295.89,13.54,D,0
40.00518,-120.69524,331.02,0.42,0.61,2021-08-27,2149,N,VIIRS,n,2,290.86,9.76,D,0
40.00537,-120.69064,346.77,0.42,0.61,2021-08-27,2149,N,VIIRS,n,2,289.74,9.76,D,0
40.00557,-120.68607,357.86,0.42,0.61,2021-08-27,2149,N,VIIRS,n,2,293.3,36.33,D,0
40.00576,-120.68166,354.16,0.43,0.62,2021-08-27,2149,N,VIIRS,n,2,295.36,36.33,D,0
40.00594,-120.67732,208,0.43,0.62,2021-08-27,2149,N,VIIRS,l,2,319.67,153.8,D,0
40.00631,-120.66869,367,0.43,0.62,2021-08-27,2149,N,VIIRS,h,2,298.22,54.64,D,0
40.00649,-120.66447,367,0.43,0.62,2021-08-27,2149,N,VIIRS,h,2,291.2,54.64,D,0
40.00667,-120.66036,358.26,0.43,0.62,2021-08-27,2149,N,VIIRS,l,2,288.07,24.24,D,0
40.00683,-120.65649,353.71,0.43,0.62,2021-08-27,2149,N,VIIRS,n,2,287.4,24.24,D,0
40.00702,-120.6523,345.05,0.43,0.62,2021-08-27,2149,N,VIIRS,n,2,286.2,12.2,D,0
40.00721,-120.64775,341.47,0.43,0.62,2021-08-27,2149,N,VIIRS,n,2,283.16,12.2,D,0
40.00871,-120.74616,344.86,0.42,0.61,2021-08-27,2149,N,VIIRS,n,2,299.68,7.26,D,0
40.00891,-120.74152,331.02,0.42,0.61,2021-08-27,2149,N,VIIRS,n,2,299.05,11.89,D,0
40.01095,-120.69467,343.86,0.42,0.61,2021-08-27,2149,N,VIIRS,n,2,293.81,77.06,D,0
40.01115,-120.68997,208,0.42,0.61,2021-08-27,2149,N,VIIRS,l,2,315.52,77.06,D,0
40.01136,-120.68528,367,0.42,0.61,2021-08-27,2149,N,VIIRS,l,2,355.64,378.57,D,0
40.01155,-120.68076,367,0.43,0.62,2021-08-27,2149,N,VIIRS,l,2,340.25,378.57,D,0
40.01211,-120.66776,351.82,0.43,0.62,2021-08-27,2149,N,VIIRS,n,2,310.05,59.79,D,0
40.01228,-120.66379,356.18,0.43,0.62,2021-08-27,2149,N,VIIRS,n,2,309.45,59.79,D,0
40.01246,-120.65961,367,0.43,0.62,2021-08-27,2149,N,VIIRS,h,2,291.47,27.83,D,0
40.01265,-120.65517,357.22,0.43,0.62,2021-08-27,2149,N,VIIRS,l,2,288.11,27.83,D,0
40.01286,-120.65031,354.28,0.43,0.62,2021-08-27,2149,N,VIIRS,n,2,286.5,10.01,D,0
40.01307,-120.64537,350.68,0.43,0.62,2021-08-27,2149,N,VIIRS,n,2,283.63,10.01,D,0
40.0137,-120.63065,333.5,0.43,0.62,2021-08-27,2149,N,VIIRS,n,2,278.74,9.2,D,0
40.01672,-120.69436,342.33,0.42,0.61,2021-08-27,2149,N,VIIRS,n,2,295.51,77.06,D,0
40.01691,-120.68977,349.19,0.42,0.61,2021-08-27,2149,N,VIIRS,n,2,308.81,77.06,D,0
40.01731,-120.68055,347.65,0.43,0.62,2021-08-27,2149,N,VIIRS,n,2,308.18,378.57,D,0
40.01751,-120.67602,367,0.43,0.62,2021-08-27,2149,N,VIIRS,h,2,297.87,294.67,D,0
40.01771,-120.67158,367,0.43,0.62,2021-08-27,2149,N,VIIRS,h,2,296.21,294.67,D,0
40.01789,-120.66734,367,0.43,0.62,2021-08-27,2149,N,VIIRS,h,2,298.52,59.79,D,0
40.01808,-120.66291,367,0.43,0.62,2021-08-27,2149,N,VIIRS,h,2,300.23,59.79,D,0
40.01831,-120.65767,355.97,0.43,0.62,2021-08-27,2149,N,VIIRS,n,2,291.46,27.83,D,0
40.01854,-120.65221,346.1,0.43,0.62,2021-08-27,2149,N,VIIRS,n,2,289.93,27.83,D,0
40.01875,-120.64742,344.89,0.43,0.62,2021-08-27,2149,N,VIIRS,n,2,288.42,10.01,D,0
40.01896,-120.64268,342.07,0.43,0.62,2021-08-27,2149,N,VIIRS,n,2,286.31,10.01,D,0
40.01916,-120.6379,340.17,0.43,0.62,2021-08-27,2149,N,VIIRS,n,2,283.97,14.4,D,0
40.01936,-120.63326,336.01,0.43,0.62,2021-08-27,2149,N,VIIRS,n,2,283.4,14.4,D,0
40.01957,-120.62833,331.77,0.43,0.62,2021-08-27,2149,N,VIIRS,n,2,282.41,9.2,D,0
40.02245,-120.69462,277.03,0.42,0.61,2021-08-27,2149,N,VIIRS,l,2,304.32,79.68,D,0
40.02265,-120.69023,367,0.42,0.61,2021-08-27,2149,N,VIIRS,h,2,307.49,79.68,D,0
40.02285,-120.6857,338.64,0.42,0.61,2021-08-27,2149,N,VIIRS,n,2,296.25,18.99,D,0
40.02305,-120.68098,336.19,0.43,0.62,2021-08-27,2149,N,VIIRS,n,2,295.04,18.99,D,0
40.02326,-120.67622,334.13,0.43,0.62,2021-08-27,2149,N,VIIRS,n,2,293.3,6.03,D,0
40.02346,-120.67151,334.74,0.43,0.62,2021-08-27,2149,N,VIIRS,n,2,293.37,6.03,D,0
40.02367,-120.66688,335.19,0.43,0.62,2021-08-27,2149,N,VIIRS,n,2,293.8,9.94,D,0
40.02665,-120.72992,333.19,0.42,0.61,2021-08-27,2149,N,VIIRS,n,2,298.77,5.71,D,0
40.34745,-121.16614,342.25,0.4,0.6,2021-08-27,2150,N,VIIRS,n,2,305.8,4.76,D,0
40.37592,-121.10735,335.56,0.41,0.6,2021-08-27,2150,N,VIIRS,n,2,302.95,3.19,D,0
40.42192,-121.41287,334.55,0.39,0.59,2021-08-27,2150,N,VIIRS,l,2,305.84,6.61,D,0
40.42328,-121.4131,332.56,0.39,0.59,2021-08-27,2150,N,VIIRS,l,2,305.27,4.67,D,0
40.46423,-121.08003,338.24,0.41,0.61,2021-08-27,2150,N,VIIRS,n,2,305.62,3.17,D,0
40.50708,-121.37604,367,0.39,0.6,2021-08-27,2150,N,VIIRS,h,2,300.74,6.56,D,0
40.50884,-121.45497,367,0.39,0.59,2021-08-27,2150,N,VIIRS,h,2,303.24,7.99,D,0
40.50974,-121.3198,367,0.4,0.6,2021-08-27,2150,N,VIIRS,h,2,299.39,9.22,D,0
40.51358,-121.35654,354.47,0.4,0.6,2021-08-27,2150,N,VIIRS,n,2,301.97,8.56,D,0
40.5144,-121.4548,331.27,0.39,0.59,2021-08-27,2150,N,VIIRS,n,2,297.36,7.99,D,0
40.51462,-121.45031,353.88,0.39,0.59,2021-08-27,2150,N,VIIRS,n,2,302.56,7.99,D,0
40.51912,-121.35722,367,0.4,0.6,2021-08-27,2150,N,VIIRS,h,2,299.75,8.56,D,0
40.51984,-121.34225,353.53,0.4,0.6,2021-08-27,2150,N,VIIRS,n,2,299.66,5.42,D,0
40.52008,-121.33726,335.45,0.4,0.6,2021-08-27,2150,N,VIIRS,n,2,296.6,5.42,D,0
40.52338,-121.26789,346.74,0.4,0.6,2021-08-27,2150,N,VIIRS,n,2,301.01,7.13,D,0
40.52544,-121.34206,347.5,0.4,0.6,2021-08-27,2150,N,VIIRS,n,2,310.22,30.39,D,0
40.52568,-121.33703,367,0.4,0.6,2021-08-27,2150,N,VIIRS,h,2,298.98,30.39,D,0
40.52592,-121.332,367,0.4,0.6,2021-08-27,2150,N,VIIRS,h,2,305.78,19.91,D,0
40.52617,-121.32687,367,0.4,0.6,2021-08-27,2150,N,VIIRS,h,2,301.88,19.91,D,0
40.52642,-121.32167,367,0.4,0.6,2021-08-27,2150,N,VIIRS,h,2,298.87,13.2,D,0
40.52944,-121.25835,336.27,0.4,0.6,2021-08-27,2150,N,VIIRS,n,2,295.86,3.03,D,0
40.53022,-121.33015,337.22,0.4,0.6,2021-08-27,2150,N,VIIRS,n,2,295.49,6.16,D,0
40.53043,-121.32517,367,0.4,0.6,2021-08-27,2150,N,VIIRS,h,2,297.76,6.16,D,0
40.53104,-121.34175,367,0.4,0.6,2021-08-27,2150,N,VIIRS,h,2,298.77,30.39,D,0
40.53176,-121.32678,342.52,0.4,0.6,2021-08-27,2150,N,VIIRS,n,2,295.92,19.91,D,0
40.532,-121.32191,330.58,0.4,0.6,2021-08-27,2150,N,VIIRS,n,2,296.36,13.2,D,3
40.53517,-121.34499,347.27,0.4,0.6,2021-08-27,2150,N,VIIRS,n,2,297.45,13.64,D,0
40.53538,-121.34006,367,0.4,0.6,2021-08-27,2150,N,VIIRS,h,2,301.49,27.24,D,0
40.53601,-121.32536,331.22,0.4,0.6,2021-08-27,2150,N,VIIRS,n,2,297.4,6.16,D,3
40.53662,-121.34167,367,0.4,0.6,2021-08-27,2150,N,VIIRS,h,2,300.43,8.78,D,0
40.53687,-121.33667,332.93,0.4,0.6,2021-08-27,2150,N,VIIRS,n,2,298.1,8.78,D,0
40.55415,-121.32595,333.99,0.4,0.6,2021-08-27,2150,N,VIIRS,n,2,301.13,65.88,D,0
40.55446,-121.31973,367,0.4,0.6,2021-08-27,2150,N,VIIRS,h,2,321.49,65.88,D,0
40.55476,-121.31374,355.39,0.4,0.6,2021-08-27,2150,N,VIIRS,n,2,309.39,53.83,D,0
40.55502,-121.30845,367,0.4,0.6,2021-08-27,2150,N,VIIRS,h,2,299.88,53.83,D,0
40.55836,-121.32551,352.38,0.4,0.6,2021-08-27,2150,N,VIIRS,n,2,293.31,84.02,D,0
40.55865,-121.31897,367,0.4,0.6,2021-08-27,2150,N,VIIRS,h,2,301.47,84.02,D,0
40.55892,-121.31261,367,0.4,0.6,2021-08-27,2150,N,VIIRS,h,2,299.56,50.03,D,0
40.55916,-121.30722,332.06,0.4,0.6,2021-08-27,2150,N,VIIRS,n,2,296.36,50.03,D,0
40.5654,-121.29262,367,0.4,0.6,2021-08-27,2150,N,VIIRS,h,2,299.71,8.21,D,3
40.57001,-121.31486,330.28,0.4,0.6,2021-08-27,2150,N,VIIRS,n,2,294.96,6.81,D,0
40.57098,-121.29312,342.21,0.4,0.6,2021-08-27,2150,N,VIIRS,n,2,297.23,8.21,D,0
40.57119,-121.28831,340.64,0.4,0.6,2021-08-27,2150,N,VIIRS,n,2,296.99,8.21,D,0
40.57636,-121.2979,337.38,0.4,0.6,2021-08-27,2150,N,VIIRS,n,2,296.73,3.62,D,0
40.57679,-121.28822,367,0.4,0.6,2021-08-27,2150,N,VIIRS,h,2,300.99,13.87,D,0
40.58822,-121.28329,337.35,0.4,0.6,2021-08-27,2150,N,VIIRS,n,2,298.43,4.86,D,0
40.58968,-121.37382,351.12,0.4,0.6,2021-08-27,2150,N,VIIRS,n,2,296.14,4.57,D,0
40.59445,-121.26938,341.71,0.4,0.6,2021-08-27,2150,N,VIIRS,n,2,300.42,8.85,D,0
40.59465,-121.26494,354.79,0.4,0.6,2021-08-27,2150,N,VIIRS,n,2,316.05,23.95,D,0
40.59485,-121.2605,367,0.4,0.6,2021-08-27,2150,N,VIIRS,h,2,309.74,23.95,D,0
40.59677,-121.34115,332.64,0.4,0.6,2021-08-27,2150,N,VIIRS,n,2,294.1,9.74,D,0
40.597,-121.33596,367,0.4,0.6,2021-08-27,2150,N,VIIRS,h,2,304.86,15.9,D,0
40.5999,-121.39377,367,0.39,0.6,2021-08-27,2150,N,VIIRS,h,2,301.1,16.25,D,0
40.60006,-121.26927,351.32,0.4,0.6,2021-08-27,2150,N,VIIRS,n,2,301.97,6.77,D,0
40.60026,-121.2648,367,0.4,0.6,2021-08-27,2150,N,VIIRS,h,2,308.62,12.97,D,0
40.60047,-121.26031,367,0.4,0.6,2021-08-27,2150,N,VIIRS,h,2,302.86,12.97,D,0
40.60265,-121.33469,341.67,0.4,0.6,2021-08-27,2150,N,VIIRS,n,2,296.1,15.9,D,0
40.6055,-121.39312,333.8,0.39,0.6,2021-08-27,2150,N,VIIRS,n,2,296.56,5.57,D,0
40.60567,-121.38958,351.24,0.39,0.6,2021-08-27,2150,N,VIIRS,n,2,298.3,5.57,D,0
40.60567,-121.26924,332.53,0.4,0.6,2021-08-27,2150,N,VIIRS,n,2,301.49,6.77,D,0
40.60585,-121.38571,332.31,0.39,0.6,2021-08-27,2150,N,VIIRS,n,2,295.81,7.71,D,0
40.60588,-121.26471,343.98,0.4,0.6,2021-08-27,2150,N,VIIRS,n,2,301.02,12.97,D,0
40.60609,-121.26012,367,0.4,0.6,2021-08-27,2150,N,VIIRS,h,2,304.35,12.97,D,0
40.6063,-121.25547,367,0.4,0.6,2021-08-27,2150,N,VIIRS,h,2,307.53,25.77,D,0
40.61149,-121.26453,351.65,0.4,0.6,2021-08-27,2150,N,VIIRS,n,2,302.61,11.75,D,0
40.61171,-121.37956,338.99,0.39,0.6,2021-08-27,2150,N,VIIRS,n,2,297.82,7.71,D,0
40.61171,-121.25984,349.99,0.4,0.6,2021-08-27,2150,N,VIIRS,n,2,305.07,11.75,D,0
40.61192,-121.25517,367,0.4,0.6,2021-08-27,2150,N,VIIRS,h,2,306.82,38.12,D,0
40.61733,-121.25963,335.11,0.4,0.6,2021-08-27,2150,N,VIIRS,n,2,303.08,11.75,D,0
40.62295,-121.25953,339.91,0.4,0.6,2021-08-27,2150,N,VIIRS,n,2,303.08,13.6,D,0
40.62317,-121.25486,367,0.4,0.6,2021-08-27,2150,N,VIIRS,h,2,318.63,39.84,D,0
40.86863,-122.29745,333.01,0.35,0.57,2021-08-27,2150,N,VIIRS,n,2,306.72,2.64,D,0
41.47525,-121.97725,331.47,0.37,0.58,2021-08-27,2150,N,VIIRS,n,2,299.31,2.21,D,0
41.48951,-121.90527,333.66,0.38,0.58,2021-08-27,2150,N,VIIRS,n,2,302.68,1.9,D,0
41.50067,-121.90045,336.35,0.38,0.58,2021-08-27,2150,N,VIIRS,n,2,301.71,3.12,D,0
41.50087,-121.89609,339.59,0.38,0.59,2021-08-27,2150,N,VIIRS,n,2,302.84,5.63,D,0
41.50611,-121.90106,337.36,0.38,0.58,2021-08-27,2150,N,VIIRS,n,2,307.89,3.12,D,0
41.53402,-121.99982,355.58,0.37,0.58,2021-08-27,2150,N,VIIRS,n,2,305.61,7.66,D,0
41.53937,-122.0016,354.88,0.37,0.58,2021-08-27,2150,N,VIIRS,n,2,302.09,7.05,D,0
41.57719,-121.79243,367,0.38,0.59,2021-08-27,2150,N,VIIRS,h,2,301.02,10.49,D,0
41.57887,-121.75871,332.51,0.38,0.59,2021-08-27,2150,N,VIIRS,n,2,298.12,4.84,D,0
39.62004,-119.26193,303.66,0.47,0.4,2021-08-28,1008,N,VIIRS,n,2,286.24,1.67,N,2
39.97961,-120.74181,319.76,0.42,0.38,2021-08-28,1008,N,VIIRS,n,2,287.56,5.1,N,0
39.98053,-120.74689,340.63,0.42,0.38,2021-08-28,1008,N,VIIRS,n,2,287.72,5.1,N,0
39.98146,-120.75197,332.03,0.42,0.38,2021-08-28,1008,N,VIIRS,n,2,286.96,7.46,N,0
39.98203,-120.73545,336.07,0.42,0.38,2021-08-28,1008,N,VIIRS,n,2,298.05,37.13,N,0
39.98285,-121.18922,307.65,0.41,0.37,2021-08-28,1008,N,VIIRS,n,2,287.91,1.03,N,0
39.98295,-120.74046,367,0.42,0.38,2021-08-28,1008,N,VIIRS,h,2,329.11,204.16,N,0
39.98387,-120.74554,367,0.42,0.38,2021-08-28,1008,N,VIIRS,h,2,336.09,204.16,N,0
39.98446,-120.7291,328.05,0.42,0.38,2021-08-28,1008,N,VIIRS,n,2,291.66,37.13,N,0
39.98479,-120.75061,355.04,0.42,0.38,2021-08-28,1008,N,VIIRS,n,2,312.87,26.34,N,0
39.98537,-120.73407,345,0.42,0.38,2021-08-28,1008,N,VIIRS,n,2,327.69,37.13,N,0
39.9857,-120.75562,312.37,0.42,0.38,2021-08-28,1008,N,VIIRS,n,2,286.17,26.34,N,0
39.9872,-120.74416,345.75,0.42,0.38,2021-08-28,1008,N,VIIRS,n,2,332.12,204.16,N,0
39.9878,-120.72776,351.15,0.42,0.38,2021-08-28,1008,N,VIIRS,n,2,306.55,26.57,N,0
39.98812,-120.74922,367,0.42,0.38,2021-08-28,1008,N,VIIRS,h,2,298.81,26.34,N,0
39.98869,-120.73267,367,0.42,0.38,2021-08-28,1008,N,VIIRS,h,2,311.41,26.57,N,0
39.98903,-120.7542,332.91,0.42,0.38,2021-08-28,1008,N,VIIRS,n,2,292.42,26.34,N,0
39.98959,-120.73756,355.97,0.42,0.38,2021-08-28,1008,N,VIIRS,n,2,308.85,16.42,N,0
39.99051,-120.74262,335.29,0.42,0.38,2021-08-28,1008,N,VIIRS,n,2,297.59,16.42,N,0
39.99085,-120.76421,312.05,0.42,0.38,2021-08-28,1008,N,VIIRS,n,2,288.73,1.71,N,0
39.99114,-120.72639,349.78,0.42,0.38,2021-08-28,1008,N,VIIRS,n,2,310.78,26.57,N,0
39.99143,-120.74772,324.86,0.42,0.38,2021-08-28,1008,N,VIIRS,n,2,294.72,2.59,N,0
39.99176,-120.76922,324.3,0.42,0.38,2021-08-28,1008,N,VIIRS,n,2,286.74,2.92,N,0
39.99202,-120.73123,353.98,0.42,0.38,2021-08-28,1008,N,VIIRS,n,2,305.54,26.57,N,0
39.99234,-120.75268,333.97,0.42,0.38,2021-08-28,1008,N,VIIRS,n,2,293.66,2.59,N,0
39.99289,-120.73598,355.65,0.42,0.38,2021-08-28,1008,N,VIIRS,n,2,305.98,16.42,N,0
39.99326,-120.75773,301.8,0.42,0.38,2021-08-28,1008,N,VIIRS,n,2,288.96,1.02,N,0
39.9938,-120.74103,329.67,0.42,0.38,2021-08-28,1008,N,VIIRS,n,2,297.28,16.42,N,0
39.99419,-120.76292,299.78,0.42,0.38,2021-08-28,1008,N,VIIRS,n,2,288.42,1.02,N,0
39.99449,-120.72505,350.84,0.42,0.38,2021-08-28,1008,N,VIIRS,n,2,296.48,6.65,N,0
39.99474,-120.74616,318.51,0.42,0.38,2021-08-28,1008,N,VIIRS,n,2,292.8,2.59,N,0
39.99512,-120.76801,318.98,0.42,0.38,2021-08-28,1008,N,VIIRS,n,2,289.55,0.99,N,0
39.99536,-120.72985,350.07,0.42,0.38,2021-08-28,1008,N,VIIRS,n,2,298.42,6.65,N,0
39.99564,-120.75114,312.16,0.42,0.38,2021-08-28,1008,N,VIIRS,n,2,292.76,2.59,N,0
39.99602,-120.77296,299.07,0.42,0.38,2021-08-28,1008,N,VIIRS,n,2,285.52,0.99,N,0
39.99622,-120.73462,350.43,0.42,0.38,2021-08-28,1008,N,VIIRS,n,2,299.7,7.93,N,0
39.99698,-120.67965,329.82,0.42,0.38,2021-08-28,1008,N,VIIRS,n,2,288.26,4.96,N,0
39.99711,-120.73951,350.65,0.42,0.38,2021-08-28,1008,N,VIIRS,n,2,300.3,7.93,N,0
39.99783,-120.68432,355.72,0.42,0.38,2021-08-28,1008,N,VIIRS,n,2,294.82,27.83,N,0
39.99789,-120.72403,348.22,0.42,0.38,2021-08-28,1008,N,VIIRS,n,2,294.56,6.65,N,0
39.99805,-120.74467,312.98,0.42,0.38,2021-08-28,1008,N,VIIRS,n,2,292.6,2.98,N,0
39.99844,-120.76656,298.57,0.42,0.38,2021-08-28,1008,N,VIIRS,n,2,285.48,0.99,N,0
39.99869,-120.68902,367,0.42,0.38,2021-08-28,1008,N,VIIRS,h,2,292.98,27.83,N,0
39.99874,-120.70901,334.11,0.42,0.38,2021-08-28,1008,N,VIIRS,n,2,288.77,14.28,N,0
39.99876,-120.72883,330.36,0.42,0.38,2021-08-28,1008,N,VIIRS,n,2,293.95,6.65,N,0
39.99949,-120.79202,298.35,0.42,0.38,2021-08-28,1008,N,VIIRS,n,2,287.66,1.44,N,0
39.99952,-120.67386,327,0.42,0.38,2021-08-28,1008,N,VIIRS,n,2,286.62,30.4,N,0
39.99955,-120.69372,345.71,0.42,0.38,2021-08-28,1008,N,VIIRS,n,2,291.27,5.73,N,0
39.99959,-120.71369,323.97,0.42,0.38,2021-08-28,1008,N,VIIRS,n,2,288.47,10.65,N,0
39.99962,-120.73357,332.36,0.42,0.38,2021-08-28,1008,N,VIIRS,n,2,296.29,7.93,N,0
40.00037,-120.67851,334.83,0.42,0.38,2021-08-28,1008,N,VIIRS,n,2,319.57,30.4,N,0
40.0004,-120.69843,302.03,0.42,0.38,2021-08-28,1008,N,VIIRS,n,2,289.05,5.73,N,0
40.00045,-120.7184,323.91,0.42,0.38,2021-08-28,1008,N,VIIRS,n,2,289.43,10.65,N,0
40.00049,-120.73835,350.26,0.42,0.38,2021-08-28,1008,N,VIIRS,n,2,299.3,7.93,N,0
40.00122,-120.68317,356.19,0.42,0.38,2021-08-28,1008,N,VIIRS,n,2,327.45,20.37,N,0
40.00126,-120.70316,323.46,0.42,0.38,2021-08-28,1008,N,VIIRS,n,2,287.87,14.28,N,0
40.00132,-120.72318,350.42,0.42,0.38,2021-08-28,1008,N,VIIRS,n,2,298.6,10.45,N,0
40.00137,-120.74324,326.21,0.42,0.38,2021-08-28,1008,N,VIIRS,n,2,294.16,2.98,N,0
40.00203,-120.78632,311.71,0.42,0.38,2021-08-28,1008,N,VIIRS,n,2,287.47,1.44,N,0
40.00207,-120.68786,367,0.42,0.38,2021-08-28,1008,N,VIIRS,h,2,307.28,20.37,N,0
40.00212,-120.70789,343.75,0.42,0.38,2021-08-28,1008,N,VIIRS,n,2,314.18,14.28,N,0
40.00219,-120.72794,335.48,0.42,0.38,2021-08-28,1008,N,VIIRS,n,2,296.1,10.45,N,0
40.0029,-120.79113,320.72,0.42,0.38,2021-08-28,1008,N,VIIRS,n,2,290.07,1.44,N,0
40.00291,-120.67275,355.29,0.42,0.38,2021-08-28,1008,N,VIIRS,n,2,315.99,30.4,N,0
40.00293,-120.69256,357.45,0.42,0.38,2021-08-28,1008,N,VIIRS,n,2,305.87,11.11,N,0
40.00299,-120.71266,339.06,0.42,0.38,2021-08-28,1008,N,VIIRS,n,2,305.3,10.65,N,0
40.00304,-120.73261,322.73,0.42,0.38,2021-08-28,1008,N,VIIRS,n,2,294.67,1.69,N,0
40.00375,-120.67738,346.46,0.42,0.38,2021-08-28,1008,N,VIIRS,n,2,304.65,30.4,N,0
40.00376,-120.79587,324.27,0.42,0.38,2021-08-28,1008,N,VIIRS,n,2,289.54,2.72,N,0
40.00378,-120.69726,354.5,0.42,0.38,2021-08-28,1008,N,VIIRS,n,2,300.07,11.11,N,0
40.00386,-120.71745,330.75,0.42,0.38,2021-08-28,1008,N,VIIRS,n,2,290.93,10.65,N,0
40.00388,-120.7373,307.33,0.42,0.38,2021-08-28,1008,N,VIIRS,n,2,292.74,1.69,N,0
40.00449,-120.7802,304.47,0.42,0.38,2021-08-28,1008,N,VIIRS,n,2,286.77,0.84,N,0
40.0046,-120.68202,325.84,0.42,0.38,2021-08-28,1008,N,VIIRS,n,2,296.35,20.37,N,0
40.00463,-120.70196,355.42,0.42,0.38,2021-08-28,1008,N,VIIRS,n,2,301.69,6.94,N,0
40.00473,-120.7222,356.73,0.42,0.38,2021-08-28,1008,N,VIIRS,n,2,306.36,10.45,N,0
40.00539,-120.78515,303.55,0.42,0.38,2021-08-28,1008,N,VIIRS,n,2,287.42,1.09,N,0
40.00544,-120.66693,325.44,0.42,0.38,2021-08-28,1008,N,VIIRS,n,2,294.17,19.23,N,0
40.00545,-120.6867,329.76,0.42,0.38,2021-08-28,1008,N,VIIRS,n,2,298.92,20.37,N,0
40.00549,-120.70667,351.66,0.42,0.38,2021-08-28,1008,N,VIIRS,n,2,298.97,6.94,N,0
40.00559,-120.72695,335.63,0.42,0.38,2021-08-28,1008,N,VIIRS,n,2,296.59,10.45,N,0
40.00562,-120.74684,304.86,0.42,0.38,2021-08-28,1008,N,VIIRS,n,2,291.27,1.71,N,0
40.00628,-120.67158,341.5,0.42,0.38,2021-08-28,1008,N,VIIRS,n,2,303.32,5.71,N,0
40.00631,-120.69142,333.73,0.42,0.38,2021-08-28,1008,N,VIIRS,n,2,297.1,11.11,N,0
40.00636,-120.71148,337.6,0.42,0.38,2021-08-28,1008,N,VIIRS,n,2,293.95,12.28,N,0
40.00645,-120.73167,303.35,0.42,0.38,2021-08-28,1008,N,VIIRS,n,2,290.7,1.69,N,0
40.00713,-120.67621,326.71,0.42,0.38,2021-08-28,1008,N,VIIRS,n,2,294.4,5.71,N,0
40.00715,-120.79488,310.19,0.42,0.38,2021-08-28,1008,N,VIIRS,n,2,287.17,1.31,N,0
40.00717,-120.69614,330.13,0.42,0.38,2021-08-28,1008,N,VIIRS,n,2,294.92,11.11,N,0
40.00723,-120.71622,335.76,0.42,0.38,2021-08-28,1008,N,VIIRS,n,2,301.35,12.28,N,0
40.00798,-120.68086,318.43,0.42,0.38,2021-08-28,1008,N,VIIRS,n,2,293.7,2.8,N,0
40.00799,-120.66119,305.26,0.42,0.38,2021-08-28,1008,N,VIIRS,n,2,287.72,19.23,N,0
40.00801,-120.7008,327.76,0.42,0.38,2021-08-28,1008,N,VIIRS,n,2,295.44,6.94,N,0
40.00809,-120.72095,344.86,0.42,0.38,2021-08-28,1008,N,VIIRS,n,2,298.85,12.75,N,0
40.00871,-120.7837,309.36,0.42,0.38,2021-08-28,1008,N,VIIRS,n,2,287.22,1.09,N,0
40.00882,-120.66578,352.36,0.42,0.38,2021-08-28,1008,N,VIIRS,n,2,305.82,19.23,N,0
40.00883,-120.68555,325.91,0.42,0.38,2021-08-28,1008,N,VIIRS,n,2,294.78,2.8,N,0
40.00886,-120.70544,327.46,0.42,0.38,2021-08-28,1008,N,VIIRS,n,2,295.52,6.94,N,0
40.00897,-120.72583,331.82,0.42,0.38,2021-08-28,1008,N,VIIRS,n,2,295.18,12.75,N,0
40.009,-120.74571,308.85,0.42,0.38,2021-08-28,1008,N,VIIRS,n,2,293.14,1.71,N,0
40.00966,-120.67039,324.47,0.42,0.38,2021-08-28,1008,N,VIIRS,n,2,294.37,5.71,N,0
40.00969,-120.69028,335.13,0.42,0.38,2021-08-28,1008,N,VIIRS,n,2,297.05,3.74,N,0
40.00972,-120.71018,344.02,0.42,0.38,2021-08-28,1008,N,VIIRS,n,2,298.24,12.28,N,0
40.00988,-120.75057,303.27,0.42,0.38,2021-08-28,1008,N,VIIRS,n,2,291.47,1.88,N,0
40.0105,-120.675,322.41,0.42,0.38,2021-08-28,1008,N,VIIRS,n,2,293.52,5.71,N,0
40.01055,-120.695,336.75,0.42,0.38,2021-08-28,1008,N,VIIRS,n,2,296.01,3.74,N,0
40.01057,-120.71489,333.46,0.42,0.38,2021-08-28,1008,N,VIIRS,n,2,295.07,12.28,N,0
40.01135,-120.67969,326.92,0.42,0.38,2021-08-28,1008,N,VIIRS,n,2,294.62,2.8,N,0
40.01137,-120.66006,305.82,0.42,0.38,2021-08-28,1008,N,VIIRS,n,2,288.44,9.94,N,0
40.01139,-120.69965,345.81,0.42,0.38,2021-08-28,1008,N,VIIRS,n,2,296.49,4.52,N,0
40.01144,-120.71962,346.32,0.42,0.38,2021-08-28,1008,N,VIIRS,n,2,301.07,12.75,N,0
40.01221,-120.6844,326.04,0.42,0.38,2021-08-28,1008,N,VIIRS,n,2,294.08,2.8,N,0
40.01221,-120.66467,344.82,0.42,0.38,2021-08-28,1008,N,VIIRS,n,2,300.48,9.94,N,0
40.01223,-120.70428,328.01,0.42,0.38,2021-08-28,1008,N,VIIRS,n,2,295.73,4.52,N,0
40.01233,-120.72459,338.16,0.42,0.38,2021-08-28,1008,N,VIIRS,n,2,296.33,12.75,N,0
40.01304,-120.6692,313.95,0.42,0.38,2021-08-28,1008,N,VIIRS,n,2,291.77,1.97,N,0
40.01307,-120.68913,320.29,0.42,0.38,2021-08-28,1008,N,VIIRS,n,2,294.17,3.74,N,0
40.01308,-120.70895,343.89,0.42,0.38,2021-08-28,1008,N,VIIRS,n,2,298.21,19.27,N,0
40.01324,-120.72959,307.11,0.42,0.38,2021-08-28,1008,N,VIIRS,n,2,291.34,2.73,N,0
40.01389,-120.67387,324.25,0.42,0.38,2021-08-28,1008,N,VIIRS,n,2,294.84,1.97,N,0
40.01394,-120.71362,354.29,0.42,0.38,2021-08-28,1008,N,VIIRS,n,2,305.85,19.27,N,0
40.01394,-120.69389,330.6,0.42,0.38,2021-08-28,1008,N,VIIRS,n,2,295.83,3.74,N,0
40.01474,-120.67857,330.93,0.42,0.38,2021-08-28,1008,N,VIIRS,n,2,296.89,5.04,N,0
40.01474,-120.65884,316.82,0.42,0.38,2021-08-28,1008,N,VIIRS,n,2,292.82,9.94,N,0
40.01479,-120.71832,336.88,0.42,0.38,2021-08-28,1008,N,VIIRS,n,2,292.98,5.72,N,0
40.01479,-120.69858,340.25,0.42,0.38,2021-08-28,1008,N,VIIRS,n,2,297.2,4.52,N,0
40.01559,-120.66351,337.48,0.42,0.38,2021-08-28,1008,N,VIIRS,n,2,297.77,9.94,N,0
40.0156,-120.6833,333.54,0.42,0.38,2021-08-28,1008,N,VIIRS,n,2,296.96,5.04,N,0
40.01562,-120.70319,325.18,0.42,0.38,2021-08-28,1008,N,VIIRS,n,2,293.93,4.52,N,0
40.01568,-120.72325,343.12,0.42,0.38,2021-08-28,1008,N,VIIRS,n,2,294.88,5.72,N,0
40.01644,-120.66813,316.82,0.42,0.38,2021-08-28,1008,N,VIIRS,n,2,291.62,1.97,N,0
40.01646,-120.68805,322.99,0.42,0.38,2021-08-28,1008,N,VIIRS,n,2,294.77,2.7,N,0
40.01647,-120.70783,349.96,0.42,0.38,2021-08-28,1008,N,VIIRS,n,2,303.1,19.27,N,0
40.01661,-120.72839,327.06,0.42,0.38,2021-08-28,1008,N,VIIRS,n,2,294.89,3.1,N,0
40.01728,-120.67278,311.47,0.42,0.38,2021-08-28,1008,N,VIIRS,n,2,291.41,1.97,N,0
40.01731,-120.71243,367,0.42,0.38,2021-08-28,1008,N,VIIRS,h,2,301.42,19.27,N,0
40.01733,-120.6928,329,0.42,0.38,2021-08-28,1008,N,VIIRS,n,2,296.48,2.7,N,0
40.01814,-120.67751,340.54,0.42,0.38,2021-08-28,1008,N,VIIRS,n,2,298.16,5.04,N,0
40.01815,-120.71706,341.55,0.42,0.38,2021-08-28,1008,N,VIIRS,n,2,292.15,5.72,N,0
40.01818,-120.69749,326.22,0.42,0.38,2021-08-28,1008,N,VIIRS,n,2,294.96,5.17,N,0
40.01897,-120.66232,307.28,0.42,0.38,2021-08-28,1008,N,VIIRS,n,2,289.83,1.46,N,0
40.019,-120.68223,336.02,0.42,0.38,2021-08-28,1008,N,VIIRS,n,2,297.42,5.04,N,0
40.01902,-120.7219,345.58,0.42,0.38,2021-08-28,1008,N,VIIRS,n,2,294.73,5.72,N,0
40.01903,-120.70216,330.83,0.42,0.38,2021-08-28,1008,N,VIIRS,n,2,294.65,5.17,N,0
40.01982,-120.66704,313.24,0.42,0.38,2021-08-28,1008,N,VIIRS,n,2,290.38,1.01,N,0
40.01986,-120.70676,342.75,0.42,0.38,2021-08-28,1008,N,VIIRS,n,2,297.13,8.77,N,0
40.01986,-120.687,317.96,0.42,0.38,2021-08-28,1008,N,VIIRS,n,2,292.35,2.7,N,0
40.01996,-120.72709,328.35,0.42,0.38,2021-08-28,1008,N,VIIRS,n,2,294.12,3.1,N,0
40.02068,-120.67172,299.97,0.42,0.38,2021-08-28,1008,N,VIIRS,n,2,287.7,1.01,N,0
40.02069,-120.71131,347.82,0.42,0.38,2021-08-28,1008,N,VIIRS,n,2,296.19,8.77,N,0
40.02072,-120.69173,325.16,0.42,0.38,2021-08-28,1008,N,VIIRS,n,2,293.65,2.7,N,0
40.02089,-120.73225,306.57,0.42,0.38,2021-08-28,1008,N,VIIRS,n,2,291.17,3.1,N,0
40.0215,-120.6646,307.41,0.42,0.38,2021-08-28,1008,N,VIIRS,n,2,289.59,1.05,N,0
40.02153,-120.7159,349.74,0.42,0.38,2021-08-28,1008,N,VIIRS,n,2,298.08,9.57,N,0
40.02154,-120.67645,340.75,0.42,0.38,2021-08-28,1008,N,VIIRS,n,2,294.32,2.15,N,0
40.02158,-120.6965,327.27,0.42,0.38,2021-08-28,1008,N,VIIRS,n,2,293.34,5.17,N,0
40.02236,-120.6693,303,0.42,0.38,2021-08-28,1008,N,VIIRS,n,2,286.99,0.94,N,0
40.02238,-120.72063,342.07,0.42,0.38,2021-08-28,1008,N,VIIRS,n,2,294.7,9.57,N,0
40.0224,-120.68124,314.85,0.42,0.38,2021-08-28,1008,N,VIIRS,n,2,290.52,2.15,N,0
40.02243,-120.70118,351.64,0.42,0.38,2021-08-28,1008,N,VIIRS,n,2,296.52,5.17,N,0
40.02322,-120.66593,307.05,0.42,0.38,2021-08-28,1008,N,VIIRS,n,2,288.11,1.01,N,0
40.02323,-120.67403,304.7,0.42,0.38,2021-08-28,1008,N,VIIRS,n,2,289.64,0.94,N,0
40.02327,-120.68604,304.84,0.42,0.38,2021-08-28,1008,N,VIIRS,n,2,288.84,1.12,N,0
40.02328,-120.70581,345.87,0.42,0.38,2021-08-28,1008,N,VIIRS,n,2,300.68,8.77,N,0
40.0233,-120.72569,341.27,0.42,0.38,2021-08-28,1008,N,VIIRS,n,2,295.59,2.75,N,0
40.02407,-120.67065,306.93,0.42,0.38,2021-08-28,1008,N,VIIRS,n,2,288.89,1.01,N,0
40.0241,-120.71031,334.78,0.42,0.38,2021-08-28,1008,N,VIIRS,n,2,293.91,8.77,N,0
40.02411,-120.67883,301.59,0.42,0.38,2021-08-28,1008,N,VIIRS,n,2,287.41,0.54,N,0
40.02414,-120.69083,307.99,0.42,0.38,2021-08-28,1008,N,VIIRS,n,2,290.83,1.12,N,0
40.02422,-120.73079,310.85,0.42,0.38,2021-08-28,1008,N,VIIRS,n,2,291.65,2.75,N,0
40.02487,-120.66342,308.63,0.42,0.38,2021-08-28,1008,N,VIIRS,n,2,288.71,1.05,N,0
40.02493,-120.71487,351.52,0.42,0.38,2021-08-28,1008,N,VIIRS,n,2,298.41,9.57,N,0
40.02494,-120.67543,302.15,0.42,0.38,2021-08-28,1008,N,VIIRS,n,2,288.38,2.15,N,0
40.02501,-120.69558,350.47,0.42,0.38,2021-08-28,1008,N,VIIRS,n,2,295.95,5.6,N,0
40.02501,-120.68366,300.46,0.42,0.38,2021-08-28,1008,N,VIIRS,n,2,286.91,0.54,N,0
40.02566,-120.79832,330.56,0.42,0.38,2021-08-28,1008,N,VIIRS,n,2,290.24,2.05,N,0
40.02575,-120.66819,308.9,0.42,0.38,2021-08-28,1008,N,VIIRS,n,2,288.16,0.94,N,0
40.02576,-120.71947,305.72,0.42,0.38,2021-08-28,1008,N,VIIRS,n,2,288.59,9.57,N,0
40.02582,-120.68029,301.23,0.42,0.38,2021-08-28,1008,N,VIIRS,n,2,287.68,2.15,N,0
40.02586,-120.70027,336.35,0.42,0.38,2021-08-28,1008,N,VIIRS,n,2,294.66,5.6,N,0
40.02589,-120.68847,301.45,0.42,0.38,2021-08-28,1008,N,VIIRS,n,2,289.35,2.12,N,0
40.02653,-120.80312,312.39,0.42,0.38,2021-08-28,1008,N,VIIRS,n,2,289.25,2.05,N,0
40.02662,-120.67297,304.91,0.42,0.38,2021-08-28,1008,N,VIIRS,n,2,288.36,0.94,N,0
40.02664,-120.72429,318.33,0.42,0.38,2021-08-28,1008,N,VIIRS,n,2,291.88,2.75,N,0
40.0267,-120.7049,349.79,0.42,0.38,2021-08-28,1008,N,VIIRS,n,2,299.72,11.98,N,0
40.0267,-120.68514,300.67,0.42,0.38,2021-08-28,1008,N,VIIRS,n,2,287.61,1.12,N,0
40.02677,-120.69323,331.76,0.42,0.38,2021-08-28,1008,N,VIIRS,n,2,293.01,2.12,N,0
40.02739,-120.80791,300.98,0.42,0.37,2021-08-28,1008,N,VIIRS,n,2,287.19,0.49,N,0
40.02752,-120.70939,350.29,0.42,0.38,2021-08-28,1008,N,VIIRS,n,2,297.92,11.98,N,0
40.02752,-120.67783,300.74,0.42,0.38,2021-08-28,1008,N,VIIRS,n,2,287.91,0.54,N,0
40.02754,-120.72928,315.09,0.42,0.38,2021-08-28,1008,N,VIIRS,n,2,291.31,2.75,N,0
40.02763,-120.69794,318.99,0.42,0.38,2021-08-28,1008,N,VIIRS,n,2,290.76,3.37,N,0
40.02824,-120.66225,304.24,0.42,0.38,2021-08-28,1008,N,VIIRS,n,2,287.77,0.66,N,0
40.02833,-120.71387,332.74,0.42,0.38,2021-08-28,1008,N,VIIRS,n,2,291.17,4.12,N,0
40.02843,-120.69469,324.28,0.42,0.38,2021-08-28,1008,N,VIIRS,n,2,291.63,5.6,N,0
40.02843,-120.68273,298.07,0.42,0.38,2021-08-28,1008,N,VIIRS,n,2,287.91,0.54,N,0
40.02844,-120.73431,302.85,0.42,0.38,2021-08-28,1008,N,VIIRS,n,2,289.61,1.68,N,0
40.02912,-120.66702,302.87,0.42,0.38,2021-08-28,1008,N,VIIRS,n,2,286.73,1.09,N,0
40.02931,-120.70708,340.03,0.42,0.38,2021-08-28,1008,N,VIIRS,n,2,293.5,6.18,N,0
40.03088,-120.72792,341.32,0.42,0.38,2021-08-28,1008,N,VIIRS,n,2,291.51,4.37,N,0
40.03178,-120.73288,302.57,0.42,0.38,2021-08-28,1008,N,VIIRS,n,2,289.32,1.01,N,0
40.0331,-120.79984,308.32,0.42,0.38,2021-08-28,1008,N,VIIRS,n,2,291.74,1.61,N,0
40.03353,-120.73018,307.63,0.42,0.38,2021-08-28,1008,N,VIIRS,n,2,283.06,0.82,N,0
40.03397,-120.80461,305.56,0.42,0.37,2021-08-28,1008,N,VIIRS,n,2,292.4,1.72,N,0
40.03528,-120.75232,302.27,0.42,0.38,2021-08-28,1008,N,VIIRS,n,2,289.48,0.93,N,0
40.07241,-120.82512,298.58,0.42,0.37,2021-08-28,1008,N,VIIRS,n,2,288.41,0.92,N,0
40.07944,-121.07837,309.69,0.41,0.37,2021-08-28,1008,N,VIIRS,n,2,287.62,0.9,N,0
40.08028,-121.08304,306.93,0.41,0.37,2021-08-28,1008,N,VIIRS,n,2,287.67,1.6,N,0
40.08281,-121.0774,305.67,0.41,0.37,2021-08-28,1008,N,VIIRS,n,2,286.87,0.9,N,0
40.08776,-121.10513,298.54,0.41,0.37,2021-08-28,1008,N,VIIRS,n,2,288.46,0.47,N,0
40.12743,-120.7144,298.77,0.42,0.38,2021-08-28,1008,N,VIIRS,n,2,287.13,0.99,N,0
40.13428,-120.71273,297.57,0.42,0.38,2021-08-28,1008,N,VIIRS,n,2,287.07,1.25,N,0
40.14785,-120.76796,327.18,0.42,0.37,2021-08-28,1008,N,VIIRS,n,2,289.97,2.33,N,0
40.18346,-120.73626,295.29,0.42,0.38,2021-08-28,1008,N,VIIRS,n,2,285.27,0.57,N,0
40.18504,-120.72529,297.06,0.42,0.38,2021-08-28,1008,N,VIIRS,n,2,283.93,0.89,N,0
40.21845,-120.5434,300.95,0.42,0.38,2021-08-28,1008,N,VIIRS,n,2,284.4,0.76,N,0
40.29728,-120.83668,296.6,0.41,0.37,2021-08-28,1008,N,VIIRS,n,2,285.24,0.35,N,0
40.33357,-121.43829,302.21,0.4,0.37,2021-08-28,1008,N,VIIRS,n,2,288.16,1.07,N,0
40.34674,-121.17075,299.68,0.41,0.37,2021-08-28,1008,N,VIIRS,n,2,284.77,0.97,N,0
40.34708,-121.39523,300.25,0.4,0.37,2021-08-28,1008,N,VIIRS,n,2,286.35,0.74,N,0
40.3479,-121.39989,296.45,0.4,0.37,2021-08-28,1008,N,VIIRS,n,2,285.95,0.74,N,0
40.34925,-121.16503,299.84,0.41,0.37,2021-08-28,1008,N,VIIRS,n,2,284.92,0.88,N,0
40.35009,-121.16974,311.28,0.41,0.37,2021-08-28,1008,N,VIIRS,n,2,283.57,0.97,N,0
40.3609,-121.11157,303.08,0.41,0.37,2021-08-28,1008,N,VIIRS,n,2,286.18,0.57,N,0
40.36219,-121.341,296.15,0.4,0.37,2021-08-28,1008,N,VIIRS,n,2,281.84,0.46,N,0
40.36251,-121.33876,299.92,0.4,0.37,2021-08-28,1008,N,VIIRS,n,2,282.8,0.9,N,0
40.37433,-121.10759,305.87,0.41,0.37,2021-08-28,1008,N,VIIRS,n,2,283.96,0.62,N,0
40.4189,-121.11996,298.38,0.41,0.37,2021-08-28,1008,N,VIIRS,n,2,285.92,0.73,N,0
40.41971,-121.12457,302.29,0.41,0.37,2021-08-28,1008,N,VIIRS,n,2,286.26,0.73,N,0
40.42642,-121.12261,320.59,0.41,0.37,2021-08-28,1008,N,VIIRS,n,2,287,2.79,N,0
40.42892,-121.05859,300.06,0.41,0.37,2021-08-28,1008,N,VIIRS,n,2,278.46,1.26,N,0
40.43377,-121.30451,295.51,0.4,0.37,2021-08-28,1008,N,VIIRS,n,2,282.77,0.96,N,0
40.46226,-121.48772,304.54,0.4,0.37,2021-08-28,1008,N,VIIRS,n,2,283.29,0.68,N,0
40.47264,-121.34351,299.47,0.4,0.37,2021-08-28,1008,N,VIIRS,n,2,279.41,0.66,N,0
40.47514,-121.35763,295.93,0.4,0.37,2021-08-28,1008,N,VIIRS,n,2,284.43,0.46,N,0
40.47598,-121.34258,296.61,0.4,0.37,2021-08-28,1008,N,VIIRS,n,2,281.86,0.66,N,0
40.47931,-121.08335,299.43,0.41,0.37,2021-08-28,1008,N,VIIRS,n,2,283.42,1.15,N,0
40.4795,-121.20357,297.37,0.41,0.37,2021-08-28,1008,N,VIIRS,n,2,281.02,0.52,N,0
40.48117,-121.17323,318.49,0.41,0.37,2021-08-28,1008,N,VIIRS,n,2,284.2,1.95,N,0
40.48203,-121.19795,296.17,0.41,0.37,2021-08-28,1008,N,VIIRS,n,2,282.2,0.76,N,0
40.48703,-121.18645,297.4,0.41,0.37,2021-08-28,1008,N,VIIRS,n,2,282.64,0.99,N,0
40.48871,-121.19592,312.67,0.41,0.37,2021-08-28,1008,N,VIIRS,n,2,285.36,1.5,N,0
40.49295,-121.23975,308.44,0.4,0.37,2021-08-28,1008,N,VIIRS,n,2,283.23,1.33,N,0
40.49544,-121.23392,316.65,0.4,0.37,2021-08-28,1008,N,VIIRS,n,2,284.96,1.86,N,0
40.49629,-121.23874,304.28,0.4,0.37,2021-08-28,1008,N,VIIRS,n,2,283.85,1.01,N,0
40.49706,-121.22325,309.05,0.4,0.37,2021-08-28,1008,N,VIIRS,n,2,283.44,1.83,N,0
40.49781,-121.28718,296.01,0.4,0.37,2021-08-28,1008,N,VIIRS,n,2,283.81,0.6,N,0
40.49848,-121.33086,323.56,0.4,0.37,2021-08-28,1008,N,VIIRS,n,2,282.59,2.29,N,0
40.49876,-121.23284,311.6,0.4,0.37,2021-08-28,1008,N,VIIRS,n,2,285.63,1.86,N,0
40.49932,-121.33563,306.98,0.4,0.37,2021-08-28,1008,N,VIIRS,n,2,281.23,1.88,N,0
40.50044,-121.24237,295.76,0.4,0.37,2021-08-28,1008,N,VIIRS,n,2,283,1.01,N,0
40.50208,-121.23174,315.35,0.4,0.37,2021-08-28,1008,N,VIIRS,n,2,284.97,1.57,N,0
40.50256,-121.39391,297.08,0.4,0.37,2021-08-28,1008,N,VIIRS,n,2,284.69,0.62,N,0
40.50292,-121.2365,299.74,0.4,0.37,2021-08-28,1008,N,VIIRS,n,2,283.73,0.6,N,0
40.50339,-121.39859,298.49,0.4,0.37,2021-08-28,1008,N,VIIRS,n,2,282.9,0.62,N,0
40.50457,-121.22594,308.33,0.4,0.37,2021-08-28,1008,N,VIIRS,n,2,282.81,1.57,N,0
40.50623,-121.25523,305.08,0.4,0.37,2021-08-28,1008,N,VIIRS,n,2,283.26,1.38,N,0
40.50645,-121.45599,298.93,0.4,0.37,2021-08-28,1008,N,VIIRS,n,2,279.49,0.97,N,0
40.50673,-121.37772,313.18,0.4,0.37,2021-08-28,1008,N,VIIRS,n,2,281.23,2.06,N,0
40.5076,-121.32288,301.01,0.4,0.37,2021-08-28,1008,N,VIIRS,n,2,278.19,0.66,N,0
40.5079,-121.22489,314.47,0.4,0.37,2021-08-28,1008,N,VIIRS,n,2,283.61,1.23,N,0
40.50976,-121.45494,325.12,0.4,0.37,2021-08-28,1008,N,VIIRS,n,2,279.18,0.97,N,0
40.51006,-121.37675,335.74,0.4,0.37,2021-08-28,1008,N,VIIRS,n,2,282.53,2.06,N,0
40.51093,-121.32188,297.19,0.4,0.37,2021-08-28,1008,N,VIIRS,n,2,277.63,0.64,N,0
40.51123,-121.22384,303.87,0.4,0.37,2021-08-28,1008,N,VIIRS,n,2,282.03,1.23,N,0
40.51147,-121.44469,299.77,0.4,0.37,2021-08-28,1008,N,VIIRS,n,2,276.69,0.89,N,0
40.51207,-121.24848,311.4,0.4,0.37,2021-08-28,1008,N,VIIRS,n,2,283.74,1.66,N,0
40.51308,-121.4539,313.18,0.4,0.37,2021-08-28,1008,N,VIIRS,n,2,277.11,1.43,N,0
40.51341,-121.35593,314.5,0.4,0.37,2021-08-28,1008,N,VIIRS,n,2,279.43,3.15,N,0
40.51422,-121.36053,328.55,0.4,0.37,2021-08-28,1008,N,VIIRS,n,2,283.45,6.93,N,0
40.51456,-121.24269,322.67,0.4,0.37,2021-08-28,1008,N,VIIRS,n,2,284,1.66,N,0
40.51539,-121.2474,304.88,0.4,0.37,2021-08-28,1008,N,VIIRS,n,2,283.67,1.66,N,0
40.51541,-121.2076,312.58,0.4,0.37,2021-08-28,1008,N,VIIRS,n,2,282.17,1.26,N,0
40.51624,-121.2123,296.41,0.4,0.37,2021-08-28,1008,N,VIIRS,n,2,280.81,1.55,N,0
40.5164,-121.45288,314.03,0.4,0.37,2021-08-28,1008,N,VIIRS,n,2,277.61,1.43,N,0
40.51756,-121.35957,333.9,0.4,0.37,2021-08-28,1008,N,VIIRS,n,2,286.05,3.98,N,0
40.51785,-121.26139,295.43,0.4,0.37,2021-08-28,1008,N,VIIRS,n,2,283.18,0.82,N,0
40.51788,-121.24162,295.07,0.4,0.37,2021-08-28,1008,N,VIIRS,n,2,282.24,1.15,N,0
40.5179,-121.22173,295.79,0.4,0.37,2021-08-28,1008,N,VIIRS,n,2,280.59,0.78,N,0
40.51871,-121.24631,318.37,0.4,0.37,2021-08-28,1008,N,VIIRS,n,2,283.91,1.15,N,0
40.51874,-121.20657,298.38,0.4,0.37,2021-08-28,1008,N,VIIRS,n,2,281.49,0.7,N,0
40.51928,-121.32944,301.53,0.4,0.37,2021-08-28,1008,N,VIIRS,n,2,278.94,10.38,N,0
40.52009,-121.354,313.89,0.4,0.37,2021-08-28,1008,N,VIIRS,n,2,283.06,2.41,N,0
40.52011,-121.33413,295.38,0.4,0.37,2021-08-28,1008,N,VIIRS,n,2,282.67,10.38,N,0
40.52036,-121.25571,313.81,0.4,0.37,2021-08-28,1008,N,VIIRS,n,2,283.02,1.47,N,0
40.52118,-121.26036,299.63,0.4,0.37,2021-08-28,1008,N,VIIRS,n,2,283.14,0.93,N,0
40.52175,-121.3435,324.16,0.4,0.37,2021-08-28,1008,N,VIIRS,n,2,278.93,2.39,N,0
40.52208,-121.20552,307.62,0.4,0.37,2021-08-28,1008,N,VIIRS,n,2,282.47,0.7,N,0
40.5226,-121.32838,343.83,0.4,0.37,2021-08-28,1008,N,VIIRS,n,2,297.09,10.38,N,0
40.52281,-121.26962,309.28,0.4,0.37,2021-08-28,1008,N,VIIRS,n,2,281.6,3.19,N,0
40.52291,-121.21026,332.89,0.4,0.37,2021-08-28,1008,N,VIIRS,n,2,286.03,2.41,N,0
40.52341,-121.35295,332.95,0.4,0.37,2021-08-28,1008,N,VIIRS,n,2,286.96,1.87,N,0
40.52343,-121.33306,347.05,0.4,0.37,2021-08-28,1008,N,VIIRS,n,2,293.9,10.38,N,0
40.52369,-121.25462,307.84,0.4,0.37,2021-08-28,1008,N,VIIRS,n,2,282.45,1.47,N,0
40.52374,-121.21497,295.34,0.4,0.37,2021-08-28,1008,N,VIIRS,n,2,279.73,2.41,N,0
40.52425,-121.33775,298.16,0.4,0.37,2021-08-28,1008,N,VIIRS,n,2,279.89,2.39,N,0
40.52451,-121.25928,297.87,0.4,0.37,2021-08-28,1008,N,VIIRS,n,2,281.95,0.93,N,0
40.52507,-121.34244,337.2,0.4,0.37,2021-08-28,1008,N,VIIRS,n,2,284.64,2.39,N,0
40.5251,-121.32259,321.17,0.4,0.37,2021-08-28,1008,N,VIIRS,n,2,282.77,3.63,N,0
40.52532,-121.26393,297.93,0.4,0.37,2021-08-28,1008,N,VIIRS,n,2,283.12,0.93,N,0
40.5259,-121.34714,301.01,0.4,0.37,2021-08-28,1008,N,VIIRS,n,2,281.73,1.87,N,0
40.52593,-121.3273,354.73,0.4,0.37,2021-08-28,1008,N,VIIRS,n,2,292.63,5.21,N,0
40.52614,-121.26856,332.96,0.4,0.37,2021-08-28,1008,N,VIIRS,n,2,286.9,3.19,N,0
40.52671,-121.35181,296.68,0.4,0.37,2021-08-28,1008,N,VIIRS,n,2,283.86,1.87,N,0
40.52675,-121.332,331.71,0.4,0.37,2021-08-28,1008,N,VIIRS,n,2,283.85,5.21,N,0
40.52701,-121.25356,319.71,0.4,0.37,2021-08-28,1008,N,VIIRS,n,2,283.45,1.98,N,0
40.52783,-121.25822,341.61,0.4,0.37,2021-08-28,1008,N,VIIRS,n,2,287.31,3.36,N,0
40.52842,-121.32153,336.1,0.4,0.37,2021-08-28,1008,N,VIIRS,n,2,285.03,3.63,N,0
40.52921,-121.34605,302.56,0.4,0.37,2021-08-28,1008,N,VIIRS,n,2,282.21,2.07,N,0
40.52925,-121.32623,325.37,0.4,0.37,2021-08-28,1008,N,VIIRS,n,2,285.08,5.21,N,0
40.53007,-121.33095,295.44,0.4,0.37,2021-08-28,1008,N,VIIRS,n,2,280.92,5.21,N,0
40.53116,-121.25717,295.33,0.4,0.37,2021-08-28,1008,N,VIIRS,n,2,280.32,3.36,N,0
40.53254,-121.345,331.2,0.4,0.37,2021-08-28,1008,N,VIIRS,n,2,282.47,2.07,N,0
40.53257,-121.32521,342.84,0.4,0.37,2021-08-28,1008,N,VIIRS,n,2,287.33,7.56,N,0
40.53503,-121.33926,313.64,0.4,0.37,2021-08-28,1008,N,VIIRS,n,2,278.57,1.78,N,0
40.53586,-121.34394,337.29,0.4,0.37,2021-08-28,1008,N,VIIRS,n,2,281.29,5.57,N,0
40.5359,-121.32419,327.44,0.4,0.37,2021-08-28,1008,N,VIIRS,n,2,282.45,7.56,N,3
40.5362,-121.24587,296.38,0.4,0.37,2021-08-28,1008,N,VIIRS,n,2,281.88,1.2,N,0
40.53873,-121.24027,296.69,0.4,0.37,2021-08-28,1008,N,VIIRS,n,2,284.74,0.76,N,0
40.54116,-121.2541,307.13,0.4,0.37,2021-08-28,1008,N,VIIRS,n,2,285.15,0.82,N,0
40.54207,-121.23929,300.41,0.4,0.37,2021-08-28,1008,N,VIIRS,n,2,284.82,0.76,N,0
40.54369,-121.24848,296.73,0.4,0.37,2021-08-28,1008,N,VIIRS,n,2,282.37,1.55,N,0
40.54541,-121.23829,314.23,0.4,0.37,2021-08-28,1008,N,VIIRS,n,2,285.39,1.35,N,0
40.54622,-121.24287,306.37,0.4,0.37,2021-08-28,1008,N,VIIRS,n,2,285.14,1,N,0
40.54702,-121.24747,312.42,0.4,0.37,2021-08-28,1008,N,VIIRS,n,2,285.59,1,N,0
40.54874,-121.23721,307.37,0.4,0.37,2021-08-28,1008,N,VIIRS,n,2,285.24,1.35,N,0
40.55009,-121.32507,328.75,0.4,0.37,2021-08-28,1008,N,VIIRS,n,2,286.08,7.55,N,0
40.55035,-121.24641,299.6,0.4,0.37,2021-08-28,1008,N,VIIRS,n,2,283.98,1,N,0
40.55093,-121.32986,329.14,0.4,0.37,2021-08-28,1008,N,VIIRS,n,2,283.93,10.07,N,0
40.55175,-121.31448,306.61,0.4,0.37,2021-08-28,1008,N,VIIRS,n,2,281.43,1.31,N,3
40.55198,-121.25568,300.3,0.4,0.37,2021-08-28,1008,N,VIIRS,n,2,281.31,0.85,N,0
40.5528,-121.26034,297.94,0.4,0.37,2021-08-28,1008,N,VIIRS,n,2,280.98,0.45,N,0
40.55343,-121.32413,330.28,0.4,0.37,2021-08-28,1008,N,VIIRS,n,2,290.86,5.64,N,3
40.55427,-121.32898,333.03,0.4,0.37,2021-08-28,1008,N,VIIRS,n,2,299.47,12.31,N,0
40.55508,-121.31348,308.75,0.4,0.37,2021-08-28,1008,N,VIIRS,n,2,286.25,1.31,N,0
40.55531,-121.25464,300.15,0.4,0.37,2021-08-28,1008,N,VIIRS,n,2,282.52,0.76,N,0
40.55677,-121.32317,313.8,0.4,0.37,2021-08-28,1008,N,VIIRS,n,2,287.99,5.64,N,0
40.55694,-121.26395,298.28,0.4,0.37,2021-08-28,1008,N,VIIRS,n,2,281.01,0.45,N,0
40.55762,-121.32805,316.42,0.4,0.37,2021-08-28,1008,N,VIIRS,n,2,287.18,12.31,N,0
40.55841,-121.31246,309.6,0.4,0.37,2021-08-28,1008,N,VIIRS,n,2,285.18,2.76,N,0
40.55925,-121.31731,311.06,0.4,0.37,2021-08-28,1008,N,VIIRS,n,2,286.62,1.52,N,0
40.55954,-121.23872,315.34,0.4,0.37,2021-08-28,1008,N,VIIRS,n,2,285.46,1.12,N,0
40.5601,-121.3222,319.51,0.4,0.37,2021-08-28,1008,N,VIIRS,n,2,289.27,1.52,N,0
40.56027,-121.26291,298.52,0.4,0.37,2021-08-28,1008,N,VIIRS,n,2,281.51,0.45,N,0
40.56096,-121.3271,310.69,0.4,0.37,2021-08-28,1008,N,VIIRS,n,2,286.37,1.85,N,0
40.56109,-121.26759,302.7,0.4,0.37,2021-08-28,1008,N,VIIRS,n,2,281.92,0.91,N,0
40.56197,-121.25255,300.09,0.4,0.37,2021-08-28,1008,N,VIIRS,n,2,281.14,0.82,N,0
40.56259,-121.31631,305.43,0.4,0.37,2021-08-28,1008,N,VIIRS,n,2,288.82,1.52,N,0
40.56289,-121.23773,301.19,0.4,0.37,2021-08-28,1008,N,VIIRS,n,2,285.9,1.12,N,0
40.56332,-121.23559,297.04,0.4,0.37,2021-08-28,1008,N,VIIRS,n,2,286.29,0.99,N,0
40.56344,-121.32122,316.25,0.4,0.37,2021-08-28,1008,N,VIIRS,n,2,289.09,1.52,N,0
40.5636,-121.26186,299.81,0.4,0.37,2021-08-28,1008,N,VIIRS,n,2,282.44,0.54,N,0
40.56413,-121.24015,300.79,0.4,0.37,2021-08-28,1008,N,VIIRS,n,2,286.08,1.28,N,0
40.56424,-121.30568,306.4,0.4,0.37,2021-08-28,1008,N,VIIRS,n,2,284.75,0.64,N,0
40.56508,-121.31046,296.04,0.4,0.37,2021-08-28,1008,N,VIIRS,n,2,284.65,0.64,N,0
40.56512,-121.29057,329.53,0.4,0.37,2021-08-28,1008,N,VIIRS,n,2,286.62,2.67,N,3
40.56583,-121.2299,313.82,0.4,0.37,2021-08-28,1008,N,VIIRS,n,2,285.63,0.99,N,0
40.56593,-121.29524,316.44,0.4,0.37,2021-08-28,1008,N,VIIRS,n,2,284.13,2.07,N,3
40.56612,-121.25614,300.83,0.4,0.37,2021-08-28,1008,N,VIIRS,n,2,280.73,0.54,N,0
40.56656,-121.25396,311.08,0.4,0.37,2021-08-28,1008,N,VIIRS,n,2,281.68,0.89,N,0
40.56665,-121.23454,297.21,0.4,0.37,2021-08-28,1008,N,VIIRS,n,2,285.43,0.99,N,0
40.56678,-121.32022,330.08,0.4,0.37,2021-08-28,1008,N,VIIRS,n,2,289.3,4.03,N,0
40.56693,-121.26082,299.17,0.4,0.37,2021-08-28,1008,N,VIIRS,n,2,282.8,0.54,N,0
40.56739,-121.25861,313.83,0.4,0.37,2021-08-28,1008,N,VIIRS,n,2,282.97,0.97,N,0
40.56746,-121.23915,315.3,0.4,0.37,2021-08-28,1008,N,VIIRS,n,2,285.94,1.28,N,0
40.56821,-121.26326,298.36,0.4,0.37,2021-08-28,1008,N,VIIRS,n,2,283.1,0.97,N,0
40.56841,-121.30945,296.11,0.4,0.37,2021-08-28,1008,N,VIIRS,n,2,283.95,0.64,N,0
40.56845,-121.28957,312.46,0.4,0.37,2021-08-28,1008,N,VIIRS,n,2,283.67,4.08,N,0
40.56907,-121.24826,299.42,0.4,0.37,2021-08-28,1008,N,VIIRS,n,2,284.91,0.89,N,0
40.56913,-121.22877,297.39,0.4,0.37,2021-08-28,1008,N,VIIRS,n,2,283.5,0.57,N,0
40.56925,-121.31431,297.76,0.4,0.37,2021-08-28,1008,N,VIIRS,n,2,286.02,4.03,N,0
40.56927,-121.29426,303.42,0.4,0.37,2021-08-28,1008,N,VIIRS,n,2,281.78,0.97,N,0
40.56989,-121.25291,300.74,0.4,0.37,2021-08-28,1008,N,VIIRS,n,2,282.41,0.89,N,0
40.5701,-121.3192,347.96,0.4,0.37,2021-08-28,1008,N,VIIRS,n,2,294.79,4.03,N,0
40.57095,-121.32409,297.81,0.4,0.37,2021-08-28,1008,N,VIIRS,n,2,283.39,1.86,N,0
40.57174,-121.30843,297.88,0.4,0.37,2021-08-28,1008,N,VIIRS,n,2,284.45,0.49,N,0
40.57178,-121.28854,349.65,0.4,0.37,2021-08-28,1008,N,VIIRS,n,2,288.5,4.08,N,0
40.57229,-121.28631,315.68,0.4,0.37,2021-08-28,1008,N,VIIRS,n,2,284.32,2.85,N,0
40.5726,-121.29322,300.01,0.4,0.37,2021-08-28,1008,N,VIIRS,n,2,282.71,0.97,N,0
40.57263,-121.33379,297.96,0.4,0.37,2021-08-28,1008,N,VIIRS,n,2,283.34,0.54,N,0
40.5731,-121.29096,337.84,0.4,0.37,2021-08-28,1008,N,VIIRS,n,2,287.28,2.85,N,0
40.57329,-121.23238,297.63,0.4,0.37,2021-08-28,1008,N,VIIRS,n,2,284.76,0.57,N,0
40.57341,-121.2979,299.4,0.4,0.37,2021-08-28,1008,N,VIIRS,n,2,280.93,0.97,N,0
40.57343,-121.31815,304.72,0.4,0.37,2021-08-28,1008,N,VIIRS,n,2,286.75,1.61,N,0
40.57393,-121.29564,302.8,0.4,0.37,2021-08-28,1008,N,VIIRS,n,2,282.58,1.35,N,0
40.57427,-121.32301,342.22,0.4,0.37,2021-08-28,1008,N,VIIRS,n,2,289.73,2.78,N,0
40.57476,-121.30033,308.56,0.4,0.37,2021-08-28,1008,N,VIIRS,n,2,282.32,1.35,N,0
40.57507,-121.3074,297.3,0.4,0.37,2021-08-28,1008,N,VIIRS,n,2,284.81,0.49,N,0
40.57511,-121.32786,327.62,0.4,0.37,2021-08-28,1008,N,VIIRS,n,2,285.01,2.78,N,0
40.57561,-121.28528,302.43,0.4,0.37,2021-08-28,1008,N,VIIRS,n,2,283.66,2.85,N,0
40.57595,-121.33271,296.74,0.4,0.37,2021-08-28,1008,N,VIIRS,n,2,283.58,0.48,N,0
40.57643,-121.28992,339.21,0.4,0.37,2021-08-28,1008,N,VIIRS,n,2,288.48,2.85,N,0
40.57674,-121.31705,313.85,0.4,0.37,2021-08-28,1008,N,VIIRS,n,2,287.56,1.61,N,0
40.57726,-121.29457,316.07,0.4,0.37,2021-08-28,1008,N,VIIRS,n,2,283.3,1.35,N,0
40.57731,-121.3147,298.78,0.4,0.37,2021-08-28,1008,N,VIIRS,n,2,287.07,0.96,N,0
40.57759,-121.32191,298.69,0.4,0.37,2021-08-28,1008,N,VIIRS,n,2,284.09,2.78,N,0
40.57809,-121.29929,313.53,0.4,0.37,2021-08-28,1008,N,VIIRS,n,2,283.56,1.35,N,0
40.57817,-121.31954,313.96,0.4,0.37,2021-08-28,1008,N,VIIRS,n,2,285.44,0.96,N,0
40.5791,-121.37088,331.84,0.4,0.37,2021-08-28,1008,N,VIIRS,n,2,283.9,4.28,N,0
40.57975,-121.28887,333.88,0.4,0.37,2021-08-28,1008,N,VIIRS,n,2,285.2,3.42,N,0
40.58058,-121.29353,297.99,0.4,0.37,2021-08-28,1008,N,VIIRS,n,2,281.43,0.45,N,0
40.58141,-121.29823,298.16,0.4,0.37,2021-08-28,1008,N,VIIRS,n,2,281.09,0.45,N,0
40.58148,-121.31845,302.33,0.4,0.37,2021-08-28,1008,N,VIIRS,n,2,284.66,0.96,N,0
40.58158,-121.33878,306.67,0.4,0.37,2021-08-28,1008,N,VIIRS,n,2,284.87,0.97,N,0
40.58161,-121.36522,344.42,0.4,0.37,2021-08-28,1008,N,VIIRS,n,2,287.62,9.74,N,0
40.58174,-121.34585,312.59,0.4,0.37,2021-08-28,1008,N,VIIRS,n,2,284.92,1.01,N,0
40.58243,-121.36988,367,0.4,0.37,2021-08-28,1008,N,VIIRS,h,2,291.46,11.29,N,0
40.58254,-121.35044,314.14,0.4,0.37,2021-08-28,1008,N,VIIRS,n,2,285.4,3.62,N,0
40.58323,-121.34812,331.07,0.4,0.37,2021-08-28,1008,N,VIIRS,n,2,287.98,3.73,N,0
40.58334,-121.355,344.77,0.4,0.37,2021-08-28,1008,N,VIIRS,n,2,290.14,3.62,N,0
40.58403,-121.35269,318.03,0.4,0.37,2021-08-28,1008,N,VIIRS,n,2,286.97,2.01,N,0
40.58408,-121.37944,345.35,0.4,0.37,2021-08-28,1008,N,VIIRS,n,2,285.3,12.29,N,0
40.58484,-121.35725,330.6,0.4,0.37,2021-08-28,1008,N,VIIRS,n,2,287.09,2.01,N,0
40.58493,-121.36418,331.37,0.4,0.37,2021-08-28,1008,N,VIIRS,n,2,286.33,9.74,N,0
40.58564,-121.32212,320.87,0.4,0.37,2021-08-28,1008,N,VIIRS,n,2,286.53,1.49,N,0
40.58571,-121.34232,342.92,0.4,0.37,2021-08-28,1008,N,VIIRS,n,2,287.87,3.73,N,0
40.58575,-121.3689,347.07,0.4,0.37,2021-08-28,1008,N,VIIRS,n,2,290.26,11.29,N,0
40.58641,-121.2868,347.03,0.4,0.37,2021-08-28,1008,N,VIIRS,n,2,293.45,11.45,N,0
40.58646,-121.36652,333.57,0.4,0.37,2021-08-28,1008,N,VIIRS,n,2,286.06,4.26,N,0
40.58649,-121.32692,305.37,0.4,0.37,2021-08-28,1008,N,VIIRS,n,2,284.57,1.49,N,0
40.58652,-121.34695,325.8,0.4,0.37,2021-08-28,1008,N,VIIRS,n,2,286.86,3.73,N,0
40.58658,-121.37369,300.01,0.4,0.37,2021-08-28,1008,N,VIIRS,n,2,284.07,11.29,N,0
40.58723,-121.29146,298.12,0.4,0.37,2021-08-28,1008,N,VIIRS,n,2,281.86,7.56,N,0
40.58728,-121.31155,296.01,0.4,0.37,2021-08-28,1008,N,VIIRS,n,2,283.62,1.07,N,0
40.58731,-121.37128,351.12,0.4,0.37,2021-08-28,1008,N,VIIRS,n,2,288.55,4.4,N,0
40.58733,-121.35153,308.29,0.4,0.37,2021-08-28,1008,N,VIIRS,n,2,285.99,2.01,N,0
40.58741,-121.37851,344.98,0.4,0.37,2021-08-28,1008,N,VIIRS,n,2,294.52,12.29,N,0
40.58817,-121.37615,322.99,0.4,0.37,2021-08-28,1008,N,VIIRS,n,2,285.63,4.4,N,0
40.589,-121.34114,326.32,0.4,0.37,2021-08-28,1008,N,VIIRS,n,2,286.53,1.65,N,0
40.58974,-121.28576,342.36,0.4,0.37,2021-08-28,1008,N,VIIRS,n,2,296.9,11.45,N,0
40.58979,-121.32578,319.81,0.4,0.37,2021-08-28,1008,N,VIIRS,n,2,287.76,1.49,N,0
40.58982,-121.34579,325.31,0.4,0.37,2021-08-28,1008,N,VIIRS,n,2,285.96,1.65,N,0
40.59063,-121.37026,329.12,0.4,0.37,2021-08-28,1008,N,VIIRS,n,2,284.76,4.4,N,0
40.59149,-121.37511,346.15,0.4,0.37,2021-08-28,1008,N,VIIRS,n,2,289.48,4.4,N,0
40.59231,-121.26051,299.05,0.4,0.37,2021-08-28,1008,N,VIIRS,n,2,283.14,0.81,N,0
40.59233,-121.37989,297.95,0.4,0.37,2021-08-28,1008,N,VIIRS,n,2,282.2,1.24,N,0
40.59307,-121.28474,330.54,0.4,0.37,2021-08-28,1008,N,VIIRS,n,2,289.86,3.98,N,0
40.5931,-121.32468,315.1,0.4,0.37,2021-08-28,1008,N,VIIRS,n,2,286.51,0.91,N,0
40.59312,-121.34464,309.93,0.4,0.37,2021-08-28,1008,N,VIIRS,n,2,285.79,1.65,N,0
40.59312,-121.26512,302.17,0.4,0.37,2021-08-28,1008,N,VIIRS,n,2,286.02,0.81,N,0
40.59389,-121.28939,314.92,0.4,0.37,2021-08-28,1008,N,VIIRS,n,2,285,3.41,N,0
40.59394,-121.32941,315.24,0.4,0.37,2021-08-28,1008,N,VIIRS,n,2,287.63,4.37,N,0
40.59394,-121.26974,312.96,0.4,0.37,2021-08-28,1008,N,VIIRS,n,2,285.11,1.98,N,0
40.59477,-121.33413,320.42,0.4,0.37,2021-08-28,1008,N,VIIRS,n,2,286.03,4.37,N,0
40.5956,-121.33883,305.23,0.4,0.37,2021-08-28,1008,N,VIIRS,n,2,285.48,4.98,N,0
40.59566,-121.3789,302.65,0.4,0.37,2021-08-28,1008,N,VIIRS,n,2,283.84,0.75,N,0
40.59642,-121.34349,317.71,0.4,0.37,2021-08-28,1008,N,VIIRS,n,2,286.65,4.98,N,0
40.59645,-121.26407,322.15,0.4,0.37,2021-08-28,1008,N,VIIRS,n,2,290.29,3.04,N,0
40.59726,-121.26868,345.38,0.4,0.37,2021-08-28,1008,N,VIIRS,n,2,299.01,7,N,0
40.59798,-121.39224,319.95,0.4,0.37,2021-08-28,1008,N,VIIRS,n,2,285.48,1.4,N,0
40.59808,-121.33298,367,0.4,0.37,2021-08-28,1008,N,VIIRS,h,2,298.4,4.37,N,0
40.5989,-121.33768,351.9,0.4,0.37,2021-08-28,1008,N,VIIRS,n,2,295.66,4.98,N,0
40.59978,-121.26303,323.76,0.4,0.37,2021-08-28,1008,N,VIIRS,n,2,289.65,3.04,N,0
40.60059,-121.26765,339.58,0.4,0.37,2021-08-28,1008,N,VIIRS,n,2,294.58,7,N,0
40.60131,-121.39122,310.45,0.4,0.37,2021-08-28,1008,N,VIIRS,n,2,284.3,1.4,N,0
40.60138,-121.33185,302.17,0.4,0.37,2021-08-28,1008,N,VIIRS,n,2,288.19,0.85,N,0
40.60141,-121.27229,305.92,0.4,0.37,2021-08-28,1008,N,VIIRS,n,2,282.4,7,N,0
40.60207,-121.39559,301.25,0.4,0.37,2021-08-28,1008,N,VIIRS,n,2,284.5,1.11,N,0
40.6022,-121.33653,346.31,0.4,0.37,2021-08-28,1008,N,VIIRS,n,2,295.8,5.32,N,0
40.60311,-121.26199,298.7,0.4,0.37,2021-08-28,1008,N,VIIRS,n,2,285.98,0.91,N,0
40.60384,-121.38568,302.09,0.4,0.37,2021-08-28,1008,N,VIIRS,n,2,285.29,2.31,N,0
40.60393,-121.26662,307.38,0.4,0.37,2021-08-28,1008,N,VIIRS,n,2,289.38,1.04,N,0
40.60463,-121.39017,331.89,0.4,0.37,2021-08-28,1008,N,VIIRS,n,2,286.23,2.31,N,0
40.60474,-121.27126,304.98,0.4,0.37,2021-08-28,1008,N,VIIRS,n,2,282.68,1.04,N,0
40.60538,-121.39455,309.52,0.4,0.37,2021-08-28,1008,N,VIIRS,n,2,285.29,1.18,N,0
40.60551,-121.33541,307.16,0.4,0.37,2021-08-28,1008,N,VIIRS,n,2,286.64,5.32,N,0
40.60562,-121.25629,298.88,0.4,0.37,2021-08-28,1008,N,VIIRS,n,2,285.82,0.91,N,0
40.60644,-121.26094,308.96,0.4,0.37,2021-08-28,1008,N,VIIRS,n,2,288.55,0.91,N,0
40.60714,-121.38454,334.58,0.4,0.37,2021-08-28,1008,N,VIIRS,n,2,286.02,2.31,N,0
40.60717,-121.36475,313.18,0.4,0.37,2021-08-28,1008,N,VIIRS,n,2,284.23,1.99,N,0
40.60719,-121.30508,300.21,0.4,0.37,2021-08-28,1008,N,VIIRS,n,2,282.02,0.72,N,0
40.60726,-121.26558,298.09,0.4,0.37,2021-08-28,1008,N,VIIRS,n,2,286.67,1.04,N,0
40.60792,-121.38902,323.03,0.4,0.37,2021-08-28,1008,N,VIIRS,n,2,287.15,2.31,N,0
40.60802,-121.30978,303.43,0.4,0.37,2021-08-28,1008,N,VIIRS,n,2,283.42,0.72,N,0
40.60869,-121.39343,303.83,0.4,0.37,2021-08-28,1008,N,VIIRS,n,2,284.66,1.18,N,0
40.60895,-121.25523,301.5,0.4,0.37,2021-08-28,1008,N,VIIRS,n,2,284.5,2.69,N,0
40.60946,-121.39786,302.08,0.4,0.37,2021-08-28,1008,N,VIIRS,n,2,283.47,1.18,N,0
40.60963,-121.3788,321.89,0.4,0.37,2021-08-28,1008,N,VIIRS,n,2,284.66,2.16,N,0
40.60976,-121.25989,321.31,0.4,0.37,2021-08-28,1008,N,VIIRS,n,2,289.18,2.69,N,0
40.61024,-121.40231,313.23,0.4,0.37,2021-08-28,1008,N,VIIRS,n,2,285.06,1.66,N,0
40.61043,-121.38334,347.82,0.4,0.37,2021-08-28,1008,N,VIIRS,n,2,289.6,5.91,N,0
40.61047,-121.36361,330.63,0.4,0.37,2021-08-28,1008,N,VIIRS,n,2,287.6,1.99,N,0
40.61058,-121.26453,304.49,0.4,0.37,2021-08-28,1008,N,VIIRS,n,2,286.6,3.87,N,0
40.6113,-121.36836,310.55,0.4,0.37,2021-08-28,1008,N,VIIRS,n,2,284.38,1.99,N,0
40.612,-121.39231,301.36,0.4,0.37,2021-08-28,1008,N,VIIRS,n,2,284.08,4.6,N,0
40.61277,-121.39677,351.08,0.4,0.37,2021-08-28,1008,N,VIIRS,n,2,290.1,4.6,N,0
40.61309,-121.25883,339.91,0.4,0.37,2021-08-28,1008,N,VIIRS,n,2,293.29,2.69,N,0
40.61356,-121.40125,312.44,0.4,0.37,2021-08-28,1008,N,VIIRS,n,2,287.11,3.08,N,0
40.61377,-121.36246,332.84,0.4,0.37,2021-08-28,1008,N,VIIRS,n,2,289.63,14.57,N,0
40.61391,-121.26348,342.32,0.4,0.37,2021-08-28,1008,N,VIIRS,n,2,289.91,3.87,N,0
40.61451,-121.38668,316.14,0.4,0.37,2021-08-28,1008,N,VIIRS,n,2,284.48,5.91,N,0
40.61459,-121.36717,356.27,0.4,0.37,2021-08-28,1008,N,VIIRS,n,2,297.9,14.57,N,0
40.6153,-121.39117,354.16,0.4,0.37,2021-08-28,1008,N,VIIRS,n,2,290.57,4.6,N,0
40.61541,-121.37183,352.84,0.4,0.37,2021-08-28,1008,N,VIIRS,n,2,290.39,11.36,N,0
40.61608,-121.39567,301.35,0.4,0.37,2021-08-28,1008,N,VIIRS,n,2,287.04,4.6,N,0
40.61621,-121.3764,352.88,0.4,0.37,2021-08-28,1008,N,VIIRS,n,2,290.05,11.36,N,0
40.61642,-121.25777,306.66,0.4,0.37,2021-08-28,1008,N,VIIRS,n,2,283.95,1.17,N,0
40.61701,-121.38094,355.38,0.4,0.37,2021-08-28,1008,N,VIIRS,n,2,290.48,9.75,N,0
40.61724,-121.26243,323.39,0.4,0.37,2021-08-28,1008,N,VIIRS,n,2,285.11,2.43,N,0
40.61781,-121.38552,353.73,0.4,0.37,2021-08-28,1008,N,VIIRS,n,2,292.39,9.75,N,0
40.61799,-121.30663,316.61,0.4,0.37,2021-08-28,1008,N,VIIRS,n,2,285.16,1.73,N,0
40.6186,-121.39005,321.91,0.4,0.37,2021-08-28,1008,N,VIIRS,n,2,288.06,2.52,N,0
40.61881,-121.31133,295.86,0.4,0.37,2021-08-28,1008,N,VIIRS,n,2,283.9,0.92,N,0
40.61975,-121.25671,299.11,0.4,0.37,2021-08-28,1008,N,VIIRS,n,2,282.48,1.17,N,0
40.62214,-121.31028,300.17,0.4,0.37,2021-08-28,1008,N,VIIRS,n,2,283.75,0.92,N,0
40.62308,-121.25568,311.96,0.4,0.37,2021-08-28,1008,N,VIIRS,n,2,284.43,2.28,N,0
40.73761,-122.32484,310.67,0.39,0.36,2021-08-28,1008,N,VIIRS,n,2,296.46,1.01,N,0
41.43286,-121.88765,298.53,0.39,0.36,2021-08-28,1008,N,VIIRS,n,2,285.61,0.55,N,0
41.45402,-121.87868,316.53,0.39,0.36,2021-08-28,1008,N,VIIRS,n,2,287.9,1.43,N,0
41.45432,-121.94196,313.87,0.39,0.36,2021-08-28,1008,N,VIIRS,n,2,286.83,1.45,N,0
41.4548,-121.88331,299.32,0.39,0.36,2021-08-28,1008,N,VIIRS,n,2,287,1.43,N,0
41.45682,-121.93632,296.33,0.39,0.36,2021-08-28,1008,N,VIIRS,n,2,285.59,0.92,N,0
41.45731,-121.8777,329.03,0.39,0.36,2021-08-28,1008,N,VIIRS,n,2,288.85,1.43,N,0
41.4576,-121.94094,314.65,0.39,0.36,2021-08-28,1008,N,VIIRS,n,2,288.84,0.92,N,0
41.45809,-121.88232,310.27,0.39,0.36,2021-08-28,1008,N,VIIRS,n,2,287.01,1.43,N,0
41.45837,-121.94557,309.26,0.39,0.36,2021-08-28,1008,N,VIIRS,n,2,286.4,0.76,N,0
41.45887,-121.88696,298.72,0.39,0.36,2021-08-28,1008,N,VIIRS,n,2,286.98,0.87,N,0
41.45916,-121.95023,298.47,0.39,0.36,2021-08-28,1008,N,VIIRS,n,2,283.42,0.76,N,0
41.45931,-121.93064,303.79,0.39,0.36,2021-08-28,1008,N,VIIRS,n,2,286.77,1.79,N,0
41.46087,-121.9399,298.96,0.39,0.36,2021-08-28,1008,N,VIIRS,n,2,287.68,0.92,N,0
41.46103,-121.92036,320.81,0.39,0.36,2021-08-28,1008,N,VIIRS,n,2,285.9,1.34,N,0
41.46165,-121.94456,302.26,0.39,0.36,2021-08-28,1008,N,VIIRS,n,2,286.29,0.76,N,0
41.46181,-121.925,317.75,0.39,0.36,2021-08-28,1008,N,VIIRS,n,2,288.42,4.61,N,0
41.46259,-121.92961,347.98,0.39,0.36,2021-08-28,1008,N,VIIRS,n,2,299.9,4.61,N,0
41.46337,-121.93426,302.9,0.39,0.36,2021-08-28,1008,N,VIIRS,n,2,288.09,0.86,N,0
41.46416,-121.93894,298.74,0.39,0.36,2021-08-28,1008,N,VIIRS,n,2,287.24,0.86,N,0
41.46511,-121.92406,298.32,0.39,0.36,2021-08-28,1008,N,VIIRS,n,2,286.14,4.61,N,0
41.46797,-121.87946,297.3,0.39,0.36,2021-08-28,1008,N,VIIRS,n,2,287.01,0.81,N,0
41.46983,-121.95211,296.97,0.39,0.36,2021-08-28,1008,N,VIIRS,n,2,283.66,0.64,N,0
41.47599,-121.90661,306.85,0.39,0.36,2021-08-28,1008,N,VIIRS,n,2,284.62,0.87,N,0
41.47769,-121.97853,297.82,0.39,0.36,2021-08-28,1008,N,VIIRS,n,2,282.65,0.78,N,0
41.47927,-121.90564,298.27,0.39,0.36,2021-08-28,1008,N,VIIRS,n,2,283.39,0.96,N,0
41.48255,-121.98695,297.96,0.39,0.36,2021-08-28,1008,N,VIIRS,n,2,282.73,0.81,N,0
41.48506,-121.89896,296.04,0.39,0.36,2021-08-28,1008,N,VIIRS,n,2,284.35,0.65,N,0
41.48582,-121.90356,306.96,0.39,0.36,2021-08-28,1008,N,VIIRS,n,2,283.55,0.65,N,0
41.4891,-121.90253,297.04,0.39,0.36,2021-08-28,1008,N,VIIRS,n,2,285.55,0.65,N,0
41.48987,-121.90709,298.89,0.39,0.36,2021-08-28,1008,N,VIIRS,n,2,282.78,1.52,N,0
41.49161,-121.89693,302.26,0.39,0.36,2021-08-28,1008,N,VIIRS,n,2,286.11,1.12,N,0
41.49238,-121.9015,298.36,0.39,0.36,2021-08-28,1008,N,VIIRS,n,2,284.02,1.12,N,0
41.49314,-121.90607,312.75,0.39,0.36,2021-08-28,1008,N,VIIRS,n,2,284.83,1.99,N,0
41.49489,-121.8959,316.59,0.39,0.36,2021-08-28,1008,N,VIIRS,n,2,286.33,1.12,N,0
41.49566,-121.90049,313.21,0.39,0.36,2021-08-28,1008,N,VIIRS,n,2,285.7,1.12,N,0
41.49796,-121.91422,297.69,0.39,0.36,2021-08-28,1008,N,VIIRS,n,2,282.13,0.54,N,0
41.49818,-121.89491,318.07,0.39,0.36,2021-08-28,1008,N,VIIRS,n,2,285.53,2.66,N,0
41.49895,-121.89951,308.59,0.39,0.36,2021-08-28,1008,N,VIIRS,n,2,285.11,2.66,N,0
41.50147,-121.89396,326.07,0.39,0.36,2021-08-28,1008,N,VIIRS,n,2,289.91,2.66,N,0
41.50224,-121.89854,345.39,0.39,0.36,2021-08-28,1008,N,VIIRS,n,2,295.52,2.66,N,0
41.503,-121.90311,318.62,0.39,0.36,2021-08-28,1008,N,VIIRS,n,2,285.55,2.99,N,0
41.51656,-121.94299,298.67,0.39,0.36,2021-08-28,1008,N,VIIRS,n,2,280.78,0.96,N,0
41.54702,-122.00186,297.02,0.39,0.36,2021-08-28,1008,N,VIIRS,n,2,280.38,0.26,N,0
41.55571,-121.75021,298.16,0.39,0.36,2021-08-28,1008,N,VIIRS,n,2,282.9,0.49,N,0
41.55648,-121.75476,316.15,0.39,0.36,2021-08-28,1008,N,VIIRS,n,2,284.7,2.25,N,0
41.57661,-121.79222,321.09,0.39,0.36,2021-08-28,1008,N,VIIRS,n,2,286.18,1.47,N,0
41.5774,-121.79689,295.75,0.39,0.36,2021-08-28,1008,N,VIIRS,n,2,280.84,1.07,N,0
41.57991,-121.79128,297.39,0.39,0.36,2021-08-28,1008,N,VIIRS,n,2,284.55,1.47,N,0
39.97615,-120.74176,338.16,0.64,0.72,2021-08-28,1950,N,VIIRS,n,2,292.75,18.94,D,0
39.9768,-120.7626,331.87,0.65,0.73,2021-08-28,1950,N,VIIRS,n,2,287.26,29.44,D,0
39.97781,-120.73664,355.88,0.64,0.72,2021-08-28,1950,N,VIIRS,n,2,291.64,18.94,D,0
39.97908,-120.75553,367,0.65,0.73,2021-08-28,1950,N,VIIRS,h,2,291.59,67.49,D,0
39.97941,-120.73168,332.61,0.64,0.72,2021-08-28,1950,N,VIIRS,n,2,298.57,198.25,D,0
39.98076,-120.75031,355.47,0.64,0.72,2021-08-28,1950,N,VIIRS,n,2,308.12,67.49,D,0
39.98093,-120.72695,303.7,0.64,0.72,2021-08-28,1950,N,VIIRS,l,2,312.79,198.25,D,0
39.98225,-120.74571,367,0.64,0.72,2021-08-28,1950,N,VIIRS,h,2,298.92,56.76,D,0
39.98246,-120.72225,367,0.64,0.72,2021-08-28,1950,N,VIIRS,h,2,293.23,127.37,D,0
39.98374,-120.74109,367,0.64,0.72,2021-08-28,1950,N,VIIRS,h,2,294.24,56.76,D,0
39.98415,-120.71701,344.78,0.64,0.72,2021-08-28,1950,N,VIIRS,n,2,287.83,127.37,D,0
39.98492,-120.76025,350.04,0.65,0.73,2021-08-28,1950,N,VIIRS,n,2,292.66,67.49,D,0
39.98522,-120.73649,335.83,0.64,0.72,2021-08-28,1950,N,VIIRS,n,2,293.2,97,D,0
39.98664,-120.75491,356.35,0.64,0.72,2021-08-28,1950,N,VIIRS,n,2,309.7,67.49,D,0
39.9868,-120.73158,296.78,0.64,0.72,2021-08-28,1950,N,VIIRS,l,2,297.68,97,D,0
39.98736,-120.70702,341.14,0.64,0.72,2021-08-28,1950,N,VIIRS,n,2,288.65,14.88,D,0
39.98816,-120.75022,355.72,0.64,0.72,2021-08-28,1950,N,VIIRS,n,2,295.12,56.76,D,0
39.98841,-120.7266,367,0.64,0.72,2021-08-28,1950,N,VIIRS,h,2,294.54,84.38,D,0
39.98918,-120.76991,338.93,0.65,0.73,2021-08-28,1950,N,VIIRS,n,2,293.33,16.41,D,0
39.98954,-120.74592,332.97,0.64,0.72,2021-08-28,1950,N,VIIRS,n,2,291.5,56.76,D,0
39.9902,-120.72105,355.92,0.64,0.72,2021-08-28,1950,N,VIIRS,n,2,286.63,84.38,D,0
39.99035,-120.69776,343.77,0.64,0.72,2021-08-28,1950,N,VIIRS,n,2,288.58,14.88,D,0
39.99084,-120.74191,335.45,0.64,0.72,2021-08-28,1950,N,VIIRS,n,2,290.45,97,D,0
39.99214,-120.73788,337.84,0.64,0.72,2021-08-28,1950,N,VIIRS,n,2,291.12,97,D,0
39.99279,-120.71301,356.65,0.64,0.72,2021-08-28,1950,N,VIIRS,l,2,289.49,42.44,D,0
39.99292,-120.68976,355.16,0.64,0.72,2021-08-28,1950,N,VIIRS,n,2,290.05,206.12,D,0
39.99316,-120.78045,353.51,0.65,0.73,2021-08-28,1950,N,VIIRS,n,2,294.27,16.41,D,0
39.99374,-120.73291,338.25,0.64,0.72,2021-08-28,1950,N,VIIRS,n,2,290.06,84.38,D,0
39.99527,-120.77388,367,0.65,0.73,2021-08-28,1950,N,VIIRS,h,2,295.67,16.41,D,0
39.99575,-120.72667,356.02,0.64,0.72,2021-08-28,1950,N,VIIRS,n,2,289.81,84.38,D,0
39.99615,-120.70255,345.7,0.64,0.72,2021-08-28,1950,N,VIIRS,n,2,287.21,42.44,D,0
39.99823,-120.67327,367,0.64,0.72,2021-08-28,1950,N,VIIRS,l,2,325.29,192.52,D,0
39.99848,-120.69532,350.71,0.64,0.72,2021-08-28,1950,N,VIIRS,n,2,287.63,15.9,D,0
39.99873,-120.71739,367,0.64,0.72,2021-08-28,1950,N,VIIRS,h,2,298.5,42.44,D,0
40.00096,-120.6876,346.66,0.64,0.72,2021-08-28,1950,N,VIIRS,n,2,288.78,15.9,D,0
40.00102,-120.6646,367,0.64,0.72,2021-08-28,1950,N,VIIRS,h,2,299.97,192.52,D,0
40.00163,-120.70837,346.76,0.64,0.72,2021-08-28,1950,N,VIIRS,n,2,289.71,42.44,D,0
40.00359,-120.67941,341.69,0.64,0.72,2021-08-28,1950,N,VIIRS,n,2,288.82,25.96,D,0
40.00396,-120.70112,333.95,0.64,0.72,2021-08-28,1950,N,VIIRS,n,2,288.68,15.9,D,0
40.00436,-120.6542,331.79,0.64,0.72,2021-08-28,1950,N,VIIRS,n,2,292.45,29.69,D,0
40.00513,-120.72034,356.7,0.64,0.72,2021-08-28,1950,N,VIIRS,n,2,291.87,18.3,D,0
40.00628,-120.67106,367,0.64,0.72,2021-08-28,1950,N,VIIRS,h,2,290.9,25.96,D,0
40.00723,-120.71383,349.68,0.64,0.72,2021-08-28,1950,N,VIIRS,n,2,292.14,18.3,D,0
40.00915,-120.66213,367,0.64,0.72,2021-08-28,1950,N,VIIRS,h,2,300.39,42.97,D,0
40.01416,-120.66935,330.52,0.64,0.72,2021-08-28,1950,N,VIIRS,n,2,288.93,42.97,D,0
40.02272,-120.71133,350.03,0.64,0.72,2021-08-28,1950,N,VIIRS,n,2,293.93,19.46,D,0
40.02703,-120.69787,351.49,0.64,0.72,2021-08-28,1950,N,VIIRS,n,2,293.58,18.86,D,0
40.4618,-121.48993,337.1,0.68,0.74,2021-08-28,1951,N,VIIRS,n,2,297.84,6,D,0
40.46331,-121.49095,336.69,0.68,0.74,2021-08-28,1951,N,VIIRS,n,2,297.66,5.09,D,0
40.4977,-121.3343,350.35,0.66,0.73,2021-08-28,1951,N,VIIRS,n,2,303.63,8.62,D,0
40.49962,-121.32845,330.52,0.66,0.73,2021-08-28,1951,N,VIIRS,n,2,302.02,8.62,D,0
40.50494,-121.38085,334.7,0.67,0.73,2021-08-28,1951,N,VIIRS,l,2,305.54,8.52,D,0
40.50694,-121.38238,339.18,0.67,0.73,2021-08-28,1951,N,VIIRS,n,2,306.22,12.55,D,0
40.50997,-121.4412,333,0.67,0.74,2021-08-28,1951,N,VIIRS,n,2,302.11,18.35,D,0
40.51186,-121.45165,330.67,0.67,0.74,2021-08-28,1951,N,VIIRS,l,2,301.49,10.18,D,0
40.51333,-121.45376,333.12,0.67,0.74,2021-08-28,1951,N,VIIRS,n,2,300.29,15.65,D,0
40.51458,-121.44332,339.71,0.67,0.74,2021-08-28,1951,N,VIIRS,n,2,300.95,10.18,D,0
40.51926,-121.24534,350.49,0.66,0.73,2021-08-28,1951,N,VIIRS,n,2,297.71,10.8,D,0
40.52072,-121.34081,339.38,0.66,0.73,2021-08-28,1951,N,VIIRS,n,2,304.74,16.47,D,0
40.521,-121.33154,350.61,0.66,0.73,2021-08-28,1951,N,VIIRS,n,2,304.14,17.14,D,0
40.52222,-121.21349,367,0.65,0.73,2021-08-28,1951,N,VIIRS,h,2,300.45,16.23,D,0
40.52282,-121.34888,332.74,0.66,0.73,2021-08-28,1951,N,VIIRS,l,2,303.33,8.9,D,0
40.52297,-121.33402,350.12,0.66,0.73,2021-08-28,1951,N,VIIRS,n,2,303.75,16.47,D,0
40.52311,-121.32506,367,0.66,0.73,2021-08-28,1951,N,VIIRS,h,2,308.05,17.14,D,0
40.52471,-121.35137,333.61,0.66,0.73,2021-08-28,1951,N,VIIRS,n,2,300.41,13.26,D,0
40.52488,-121.34254,345.84,0.66,0.73,2021-08-28,1951,N,VIIRS,n,2,305.4,8.9,D,0
40.52515,-121.32742,367,0.66,0.73,2021-08-28,1951,N,VIIRS,h,2,309.83,34.97,D,0
40.52707,-121.33582,331.21,0.66,0.73,2021-08-28,1951,N,VIIRS,n,2,305.67,17.14,D,0
40.52729,-121.32095,352.66,0.66,0.73,2021-08-28,1951,N,VIIRS,n,2,305.89,34.97,D,0
40.52924,-121.32915,367,0.66,0.73,2021-08-28,1951,N,VIIRS,h,2,301.99,17.14,D,0
40.53091,-121.34695,330.75,0.66,0.73,2021-08-28,1951,N,VIIRS,n,2,299.53,31.8,D,0
40.53151,-121.32215,353.02,0.66,0.73,2021-08-28,1951,N,VIIRS,n,2,303.59,39.79,D,3
40.53282,-121.34946,335.47,0.66,0.73,2021-08-28,1951,N,VIIRS,n,2,300.13,39.35,D,0
40.53317,-121.34,367,0.66,0.73,2021-08-28,1951,N,VIIRS,h,2,311.48,42.33,D,0
40.53358,-121.32454,334.77,0.66,0.73,2021-08-28,1951,N,VIIRS,n,2,303.1,25.46,D,3
40.53514,-121.34244,367,0.66,0.73,2021-08-28,1951,N,VIIRS,h,2,315.64,39.35,D,0
40.53747,-121.33537,336,0.66,0.73,2021-08-28,1951,N,VIIRS,n,2,305.07,25.46,D,0
40.53948,-121.34354,367,0.66,0.73,2021-08-28,1951,N,VIIRS,h,2,305.3,42.33,D,0
40.55153,-121.32934,367,0.66,0.73,2021-08-28,1951,N,VIIRS,h,2,306.91,25.9,D,0
40.55409,-121.33029,356.88,0.66,0.73,2021-08-28,1951,N,VIIRS,n,2,305.88,46.67,D,0
40.55608,-121.32423,343.67,0.66,0.73,2021-08-28,1951,N,VIIRS,n,2,302.86,42.87,D,0
40.55873,-121.33007,356.54,0.66,0.73,2021-08-28,1951,N,VIIRS,n,2,300.64,25.9,D,0
40.5606,-121.3243,353.83,0.66,0.73,2021-08-28,1951,N,VIIRS,n,2,299.71,25.9,D,0
40.56127,-121.33115,343.14,0.66,0.73,2021-08-28,1951,N,VIIRS,n,2,295.12,8.6,D,0
40.56313,-121.32551,344.71,0.66,0.73,2021-08-28,1951,N,VIIRS,n,2,298.2,14.26,D,0
40.56925,-121.32058,346.12,0.66,0.73,2021-08-28,1951,N,VIIRS,n,2,299.99,9.67,D,0
40.57171,-121.32208,351.16,0.66,0.73,2021-08-28,1951,N,VIIRS,n,2,300.03,14.26,D,0
40.57578,-121.32338,340.99,0.66,0.73,2021-08-28,1951,N,VIIRS,n,2,297.58,9.67,D,0
40.57676,-121.29732,330.87,0.66,0.73,2021-08-28,1951,N,VIIRS,n,2,299.82,16.21,D,0
40.58334,-121.37766,367,0.66,0.73,2021-08-28,1951,N,VIIRS,h,2,301.52,27.05,D,0
40.58745,-121.28721,367,0.66,0.73,2021-08-28,1951,N,VIIRS,h,2,305.06,23.45,D,0
40.58976,-121.28982,367,0.65,0.73,2021-08-28,1951,N,VIIRS,h,2,309.28,44.51,D,0
40.59035,-121.37904,334.64,0.66,0.73,2021-08-28,1951,N,VIIRS,n,2,296.15,9.71,D,0
40.59805,-121.33273,330.6,0.66,0.73,2021-08-28,1951,N,VIIRS,n,2,295.5,9.57,D,0
40.60178,-121.3441,341.84,0.66,0.73,2021-08-28,1951,N,VIIRS,n,2,294.83,21.22,D,0
40.6038,-121.33793,367,0.66,0.73,2021-08-28,1951,N,VIIRS,h,2,301.49,39.81,D,0
40.60971,-121.36549,337.98,0.66,0.73,2021-08-28,1951,N,VIIRS,n,2,297.18,9.88,D,0
40.61158,-121.26858,339.47,0.65,0.73,2021-08-28,1951,N,VIIRS,n,2,300.98,25.38,D,0
40.614,-121.26117,367,0.65,0.73,2021-08-28,1951,N,VIIRS,h,2,309.12,58.6,D,0
40.61536,-121.37106,343.65,0.66,0.73,2021-08-28,1951,N,VIIRS,n,2,295.72,9.88,D,0
39.93005,-121.20937,339.36,0.45,0.47,2021-08-28,2131,N,VIIRS,n,2,306.3,4.68,D,0
39.96723,-120.73348,334.1,0.47,0.48,2021-08-28,2131,N,VIIRS,n,2,297.97,76.27,D,0
39.96781,-120.72672,337.26,0.47,0.48,2021-08-28,2131,N,VIIRS,n,2,296.61,160.16,D,0
39.96903,-120.71255,335.91,0.47,0.48,2021-08-28,2131,N,VIIRS,n,2,293.46,24.43,D,0
39.96949,-120.70724,342.81,0.47,0.48,2021-08-28,2131,N,VIIRS,n,2,288.82,24.43,D,0
39.96989,-120.70238,340.02,0.47,0.48,2021-08-28,2131,N,VIIRS,n,2,284.73,9.98,D,0
39.97029,-120.69762,333.78,0.47,0.48,2021-08-28,2131,N,VIIRS,n,2,281.02,9.98,D,0
39.97113,-120.74014,332.39,0.47,0.48,2021-08-28,2131,N,VIIRS,n,2,298.42,76.27,D,0
39.97169,-120.7336,367,0.47,0.48,2021-08-28,2131,N,VIIRS,l,2,335.17,76.27,D,0
39.97227,-120.7269,367,0.47,0.48,2021-08-28,2131,N,VIIRS,h,2,337.18,160.16,D,0
39.9729,-120.71964,353.53,0.47,0.48,2021-08-28,2131,N,VIIRS,n,2,302.18,160.16,D,0
39.97349,-120.71276,367,0.47,0.48,2021-08-28,2131,N,VIIRS,h,2,294.15,24.43,D,0
39.97392,-120.70771,356.64,0.47,0.48,2021-08-28,2131,N,VIIRS,l,2,289.39,24.43,D,0
39.9743,-120.70313,356.64,0.47,0.48,2021-08-28,2131,N,VIIRS,l,2,283.2,9.98,D,0
39.97445,-120.75352,337.48,0.47,0.48,2021-08-28,2131,N,VIIRS,n,2,304.36,243.53,D,0
39.9747,-120.69845,350.06,0.47,0.48,2021-08-28,2131,N,VIIRS,n,2,278.84,9.98,D,0
39.975,-120.74708,334.33,0.47,0.48,2021-08-28,2131,N,VIIRS,n,2,297.99,243.53,D,0
39.9751,-120.73035,367,0.47,0.48,2021-08-28,2131,N,VIIRS,l,2,384.63,0,D,0
39.97512,-120.69354,341.92,0.47,0.48,2021-08-28,2131,N,VIIRS,n,2,270.95,11.96,D,0
39.97557,-120.74043,353.56,0.47,0.48,2021-08-28,2131,N,VIIRS,n,2,296.69,457.34,D,0
39.97566,-120.72328,367,0.47,0.48,2021-08-28,2131,N,VIIRS,l,2,375.44,460.2,D,0
39.97614,-120.73383,367,0.47,0.48,2021-08-28,2131,N,VIIRS,l,2,349.4,457.34,D,0
39.97623,-120.71612,351.05,0.47,0.48,2021-08-28,2131,N,VIIRS,n,2,300.91,460.2,D,0
39.97669,-120.71029,367,0.47,0.48,2021-08-28,2131,N,VIIRS,h,2,292.15,37.31,D,0
39.97674,-120.72697,367,0.47,0.48,2021-08-28,2131,N,VIIRS,l,2,377.34,0,D,0
39.97705,-120.70578,356.51,0.47,0.48,2021-08-28,2131,N,VIIRS,l,2,287.25,37.31,D,0
39.97736,-120.71978,367,0.47,0.48,2021-08-28,2131,N,VIIRS,h,2,351.09,0,D,0
39.97741,-120.70122,356.51,0.47,0.48,2021-08-28,2131,N,VIIRS,l,2,281.95,22.22,D,0
39.9778,-120.69643,353.58,0.48,0.48,2021-08-28,2131,N,VIIRS,n,2,277.73,22.22,D,0
39.97793,-120.71321,356.72,0.47,0.48,2021-08-28,2131,N,VIIRS,n,2,294.87,58.85,D,0
39.97795,-120.75069,367,0.47,0.48,2021-08-28,2131,N,VIIRS,h,2,355.12,262.46,D,0
39.97821,-120.69131,346.88,0.48,0.48,2021-08-28,2131,N,VIIRS,n,2,272.96,12.16,D,0
39.97835,-120.70824,367,0.47,0.48,2021-08-28,2131,N,VIIRS,h,2,290.45,58.85,D,0
39.97849,-120.74385,346.04,0.47,0.48,2021-08-28,2131,N,VIIRS,n,2,306.9,262.46,D,0
39.97873,-120.70379,357.63,0.47,0.48,2021-08-28,2131,N,VIIRS,l,2,285.56,23.53,D,0
39.97886,-120.75408,367,0.47,0.48,2021-08-28,2131,N,VIIRS,l,2,346.62,243.53,D,0
39.97903,-120.73714,344.79,0.47,0.48,2021-08-28,2131,N,VIIRS,n,2,315.44,0,D,0
39.97912,-120.69909,357.63,0.47,0.48,2021-08-28,2131,N,VIIRS,l,2,280.4,23.53,D,0
39.97944,-120.74731,367,0.47,0.48,2021-08-28,2131,N,VIIRS,h,2,340.08,243.53,D,0
39.97955,-120.69413,351.82,0.47,0.48,2021-08-28,2131,N,VIIRS,n,2,277.53,10.82,D,0
39.97957,-120.73034,367,0.47,0.48,2021-08-28,2131,N,VIIRS,l,2,340.33,0,D,0
39.97999,-120.68887,343.64,0.48,0.48,2021-08-28,2131,N,VIIRS,n,2,268.19,10.82,D,0
39.98013,-120.72328,367,0.47,0.48,2021-08-28,2131,N,VIIRS,l,2,348.64,460.2,D,0
39.98067,-120.71645,352.43,0.47,0.48,2021-08-28,2131,N,VIIRS,n,2,310.78,460.2,D,0
39.98089,-120.67831,331.75,0.48,0.48,2021-08-28,2131,N,VIIRS,n,2,267.77,12.29,D,0
39.98112,-120.71086,357.26,0.47,0.48,2021-08-28,2131,N,VIIRS,l,2,290.34,37.31,D,0
39.98122,-120.72688,367,0.47,0.48,2021-08-28,2131,N,VIIRS,l,2,340.31,0,D,0
39.98133,-120.67316,333.39,0.48,0.48,2021-08-28,2131,N,VIIRS,n,2,278.57,10.28,D,0
39.98148,-120.7064,357.26,0.47,0.48,2021-08-28,2131,N,VIIRS,l,2,287.69,37.31,D,0
39.98177,-120.66794,332.41,0.48,0.48,2021-08-28,2131,N,VIIRS,n,2,286.48,10.28,D,0
39.98183,-120.71988,367,0.47,0.48,2021-08-28,2131,N,VIIRS,h,2,331.75,0,D,0
39.98185,-120.70177,357.26,0.47,0.48,2021-08-28,2131,N,VIIRS,l,2,284.28,22.22,D,0
39.98224,-120.69678,357.26,0.48,0.48,2021-08-28,2131,N,VIIRS,l,2,281.93,22.22,D,0
39.98236,-120.71366,356.96,0.47,0.48,2021-08-28,2131,N,VIIRS,l,2,292.31,58.85,D,0
39.98242,-120.75061,367,0.47,0.48,2021-08-28,2131,N,VIIRS,h,2,371.99,182.91,D,0
39.98266,-120.69156,355.47,0.48,0.48,2021-08-28,2131,N,VIIRS,n,2,280.99,12.16,D,0
39.98278,-120.70879,356.96,0.47,0.48,2021-08-28,2131,N,VIIRS,l,2,289.29,58.85,D,0
39.98298,-120.74354,367,0.47,0.48,2021-08-28,2131,N,VIIRS,h,2,303.78,182.91,D,0
39.98308,-120.68633,350.93,0.48,0.48,2021-08-28,2131,N,VIIRS,n,2,281.44,12.16,D,0
39.98315,-120.70438,356.96,0.47,0.48,2021-08-28,2131,N,VIIRS,l,2,285.88,23.53,D,0
39.98334,-120.75394,367,0.47,0.48,2021-08-28,2131,N,VIIRS,l,2,344.74,121.02,D,0
39.98349,-120.68112,356.43,0.48,0.48,2021-08-28,2131,N,VIIRS,n,2,283.31,15.09,D,0
39.98354,-120.73663,367,0.47,0.48,2021-08-28,2131,N,VIIRS,h,2,299.35,36.14,D,0
39.98357,-120.69947,356.96,0.47,0.48,2021-08-28,2131,N,VIIRS,l,2,283.27,23.53,D,0
39.9839,-120.67597,356.05,0.48,0.48,2021-08-28,2131,N,VIIRS,n,2,285.58,15.09,D,0
39.98394,-120.74702,352.97,0.47,0.48,2021-08-28,2131,N,VIIRS,n,2,323.56,121.02,D,0
39.98401,-120.69429,356.96,0.47,0.48,2021-08-28,2131,N,VIIRS,l,2,282.38,10.82,D,0
39.98406,-120.72997,347.46,0.47,0.48,2021-08-28,2131,N,VIIRS,n,2,312.49,36.14,D,0
39.98432,-120.6708,350.83,0.48,0.48,2021-08-28,2131,N,VIIRS,n,2,286.59,25.32,D,0
39.98446,-120.68907,353.69,0.48,0.48,2021-08-28,2131,N,VIIRS,n,2,284.07,10.82,D,0
39.98456,-120.73991,367,0.47,0.48,2021-08-28,2131,N,VIIRS,h,2,299.26,15.54,D,0
39.98461,-120.72316,367,0.47,0.48,2021-08-28,2131,N,VIIRS,h,2,338.25,184.16,D,0
39.98489,-120.68394,356.65,0.48,0.48,2021-08-28,2131,N,VIIRS,n,2,285.05,12.29,D,0
39.98512,-120.71674,354.96,0.47,0.48,2021-08-28,2131,N,VIIRS,n,2,307.55,184.16,D,0
39.98515,-120.73314,367,0.47,0.48,2021-08-28,2131,N,VIIRS,h,2,297.07,15.54,D,0
39.98533,-120.67883,356.96,0.48,0.48,2021-08-28,2131,N,VIIRS,l,2,285.35,12.29,D,0
39.98555,-120.71141,356.85,0.47,0.48,2021-08-28,2131,N,VIIRS,l,2,289.21,60.65,D,0
39.98573,-120.72653,344.5,0.47,0.48,2021-08-28,2131,N,VIIRS,n,2,310.04,148.4,D,0
39.98577,-120.67367,356.96,0.48,0.48,2021-08-28,2131,N,VIIRS,l,2,287.33,10.28,D,0
39.98621,-120.66843,356.96,0.48,0.48,2021-08-28,2131,N,VIIRS,l,2,286.61,10.28,D,0
39.9863,-120.71995,367,0.47,0.48,2021-08-28,2131,N,VIIRS,h,2,346.32,148.4,D,0
39.98639,-120.75679,342.21,0.47,0.48,2021-08-28,2131,N,VIIRS,n,2,302.77,155.83,D,0
39.98666,-120.66313,349.85,0.48,0.48,2021-08-28,2131,N,VIIRS,n,2,286.13,11.11,D,0
39.98671,-120.69695,356.85,0.48,0.48,2021-08-28,2131,N,VIIRS,l,2,285.95,45.6,D,0
39.98674,-120.76616,340.07,0.47,0.48,2021-08-28,2131,N,VIIRS,n,2,298.02,15.44,D,0
39.9868,-120.71416,356.82,0.47,0.48,2021-08-28,2131,N,VIIRS,l,2,291.41,44.69,D,0
39.98692,-120.75011,355.2,0.47,0.48,2021-08-28,2131,N,VIIRS,n,2,310.64,182.91,D,0
39.9871,-120.65793,341.31,0.48,0.48,2021-08-28,2131,N,VIIRS,n,2,285.3,11.11,D,0
39.98713,-120.69171,356.85,0.48,0.48,2021-08-28,2131,N,VIIRS,l,2,286.77,71.27,D,0
39.98721,-120.70934,356.82,0.47,0.48,2021-08-28,2131,N,VIIRS,l,2,287.36,44.69,D,0
39.9875,-120.74291,342.09,0.47,0.48,2021-08-28,2131,N,VIIRS,n,2,296.37,182.91,D,0
39.98754,-120.68658,356.85,0.48,0.48,2021-08-28,2131,N,VIIRS,l,2,288.02,71.27,D,0
39.98758,-120.705,356.82,0.47,0.48,2021-08-28,2131,N,VIIRS,l,2,284.94,50.2,D,0
39.98785,-120.75344,356.75,0.47,0.48,2021-08-28,2131,N,VIIRS,n,2,305.63,121.02,D,0
39.98807,-120.73569,345.8,0.47,0.48,2021-08-28,2131,N,VIIRS,n,2,296.52,36.14,D,0
39.98848,-120.74632,347.55,0.47,0.48,2021-08-28,2131,N,VIIRS,n,2,297.41,121.02,D,0
39.98848,-120.6944,356.82,0.47,0.48,2021-08-28,2131,N,VIIRS,l,2,286.44,69.18,D,0
39.98857,-120.72942,354.19,0.47,0.48,2021-08-28,2131,N,VIIRS,n,2,296.66,36.14,D,0
39.98877,-120.67118,355.61,0.48,0.48,2021-08-28,2131,N,VIIRS,n,2,292.5,294.7,D,0
39.98892,-120.68926,356.82,0.48,0.48,2021-08-28,2131,N,VIIRS,l,2,288.12,69.18,D,0
39.98909,-120.72298,367,0.47,0.48,2021-08-28,2131,N,VIIRS,l,2,338.78,184.16,D,0
39.98914,-120.73881,342.54,0.47,0.48,2021-08-28,2131,N,VIIRS,n,2,296.71,15.54,D,0
39.98919,-120.66588,356.85,0.48,0.48,2021-08-28,2131,N,VIIRS,l,2,288.08,294.7,D,0
39.98957,-120.71708,367,0.47,0.48,2021-08-28,2131,N,VIIRS,h,2,293.03,184.16,D,0
39.9896,-120.66066,356.85,0.48,0.48,2021-08-28,2131,N,VIIRS,l,2,285.56,35.44,D,0
39.98971,-120.73225,344.55,0.47,0.48,2021-08-28,2131,N,VIIRS,n,2,296.53,15.54,D,0
39.98979,-120.67905,367,0.48,0.48,2021-08-28,2131,N,VIIRS,l,2,351.1,756.08,D,0
39.98998,-120.71191,356.29,0.47,0.48,2021-08-28,2131,N,VIIRS,l,2,288.58,60.65,D,0
39.99002,-120.65551,352.78,0.48,0.48,2021-08-28,2131,N,VIIRS,n,2,282.87,35.44,D,0
39.99024,-120.67387,367,0.48,0.48,2021-08-28,2131,N,VIIRS,h,2,346.09,373.97,D,0
39.99025,-120.72605,336.1,0.47,0.48,2021-08-28,2131,N,VIIRS,n,2,301.48,148.4,D,0
39.99068,-120.66866,354.65,0.48,0.48,2021-08-28,2131,N,VIIRS,n,2,292.53,373.97,D,0
39.99077,-120.72004,343.81,0.47,0.48,2021-08-28,2131,N,VIIRS,n,2,317.28,148.4,D,0
39.99112,-120.66346,356.82,0.48,0.48,2021-08-28,2131,N,VIIRS,l,2,287.97,117.07,D,0
39.99117,-120.69714,356.29,0.48,0.48,2021-08-28,2131,N,VIIRS,l,2,286,45.6,D,0
39.99123,-120.71468,357.08,0.47,0.48,2021-08-28,2131,N,VIIRS,l,2,289.67,44.69,D,0
39.99156,-120.65834,356.82,0.48,0.48,2021-08-28,2131,N,VIIRS,l,2,284.79,117.07,D,0
39.99159,-120.69189,356.29,0.48,0.48,2021-08-28,2131,N,VIIRS,l,2,288.22,71.27,D,0
39.99164,-120.70988,355.32,0.47,0.48,2021-08-28,2131,N,VIIRS,n,2,291.38,44.69,D,0
39.99199,-120.65324,355.09,0.48,0.48,2021-08-28,2131,N,VIIRS,n,2,280.71,24.1,D,0
39.99203,-120.70531,357.08,0.47,0.48,2021-08-28,2131,N,VIIRS,l,2,287.02,50.2,D,0
39.99242,-120.68155,367,0.48,0.48,2021-08-28,2131,N,VIIRS,l,2,374.04,943.76,D,0
39.99264,-120.73443,340.97,0.47,0.48,2021-08-28,2131,N,VIIRS,n,2,298.75,10.35,D,0
39.99283,-120.67637,367,0.48,0.48,2021-08-28,2131,N,VIIRS,l,2,379.12,943.76,D,0
39.99311,-120.72854,343.4,0.47,0.48,2021-08-28,2131,N,VIIRS,n,2,296.98,10.35,D,0
39.99325,-120.67122,367,0.48,0.48,2021-08-28,2131,N,VIIRS,l,2,345.01,294.7,D,0
39.99358,-120.72276,351.64,0.47,0.48,2021-08-28,2131,N,VIIRS,n,2,303.2,45.27,D,0
39.99377,-120.77582,341.39,0.47,0.48,2021-08-28,2131,N,VIIRS,n,2,302.39,9.37,D,0
39.99401,-120.71748,355.16,0.47,0.48,2021-08-28,2131,N,VIIRS,n,2,298.8,45.27,D,0
39.99406,-120.661,356.05,0.48,0.48,2021-08-28,2131,N,VIIRS,n,2,287.5,35.44,D,0
39.99427,-120.76962,343.9,0.47,0.48,2021-08-28,2131,N,VIIRS,n,2,302.43,9.37,D,0
39.99429,-120.67901,367,0.48,0.48,2021-08-28,2131,N,VIIRS,l,2,360.1,756.08,D,0
39.99446,-120.65596,356.29,0.48,0.48,2021-08-28,2131,N,VIIRS,l,2,281.91,35.44,D,0
39.99472,-120.67387,367,0.48,0.48,2021-08-28,2131,N,VIIRS,l,2,361.54,373.97,D,0
39.99478,-120.70789,367,0.47,0.48,2021-08-28,2131,N,VIIRS,l,2,331.76,164.03,D,0
39.99487,-120.65091,356.29,0.48,0.48,2021-08-28,2131,N,VIIRS,l,2,277.84,44.46,D,0
39.99516,-120.66876,367,0.48,0.48,2021-08-28,2131,N,VIIRS,l,2,347.33,373.97,D,0
39.99518,-120.7029,357.16,0.47,0.48,2021-08-28,2131,N,VIIRS,l,2,288.65,40.39,D,0
39.99562,-120.69743,357.16,0.48,0.48,2021-08-28,2131,N,VIIRS,l,2,287.56,40.39,D,0
39.99602,-120.65871,357.08,0.48,0.48,2021-08-28,2131,N,VIIRS,l,2,286.11,117.07,D,0
39.99605,-120.69206,355,0.48,0.48,2021-08-28,2131,N,VIIRS,n,2,293.31,72.39,D,0
39.99644,-120.65372,357.08,0.48,0.48,2021-08-28,2131,N,VIIRS,l,2,279.71,24.1,D,0
39.99648,-120.68682,367,0.48,0.48,2021-08-28,2131,N,VIIRS,h,2,327.77,72.39,D,0
39.99666,-120.74,339.83,0.47,0.48,2021-08-28,2131,N,VIIRS,n,2,297.57,9.06,D,0
39.99686,-120.64874,354.67,0.48,0.48,2021-08-28,2131,N,VIIRS,n,2,277.18,24.1,D,0
39.99731,-120.6764,367,0.48,0.48,2021-08-28,2131,N,VIIRS,l,2,325.16,121.06,D,0
39.99772,-120.6713,367,0.48,0.48,2021-08-28,2131,N,VIIRS,h,2,335.63,194.92,D,0
39.99802,-120.72324,353.45,0.47,0.48,2021-08-28,2131,N,VIIRS,n,2,295.46,45.27,D,0
39.99813,-120.66624,367,0.48,0.48,2021-08-28,2131,N,VIIRS,l,2,335.75,194.92,D,0
39.99842,-120.71819,354.75,0.47,0.48,2021-08-28,2131,N,VIIRS,n,2,302.48,45.27,D,0
39.99883,-120.71319,350.69,0.47,0.48,2021-08-28,2131,N,VIIRS,n,2,307.44,164.03,D,0
39.99893,-120.6563,357.16,0.48,0.48,2021-08-28,2131,N,VIIRS,l,2,283.81,696.2,D,0
39.99924,-120.70813,356.83,0.47,0.48,2021-08-28,2131,N,VIIRS,n,2,297.57,164.03,D,0
39.99932,-120.65134,357.16,0.48,0.48,2021-08-28,2131,N,VIIRS,l,2,280.28,27.93,D,0
39.99966,-120.70288,352.74,0.47,0.48,2021-08-28,2131,N,VIIRS,n,2,300.91,40.39,D,0
39.99973,-120.64628,351.63,0.48,0.48,2021-08-28,2131,N,VIIRS,n,2,279.34,27.93,D,0
40.0001,-120.69749,367,0.48,0.48,2021-08-28,2131,N,VIIRS,h,2,293.56,40.39,D,0
40.00015,-120.64101,339.81,0.48,0.48,2021-08-28,2131,N,VIIRS,n,2,279.63,10.15,D,0
40.00053,-120.69213,367,0.48,0.48,2021-08-28,2131,N,VIIRS,h,2,290.31,72.39,D,0
40.00095,-120.68684,367,0.48,0.48,2021-08-28,2131,N,VIIRS,h,2,291.22,72.39,D,0
40.00113,-120.73994,337.38,0.47,0.48,2021-08-28,2131,N,VIIRS,n,2,298.87,4.77,D,0
40.00137,-120.68166,367,0.48,0.48,2021-08-28,2131,N,VIIRS,h,2,292.02,121.06,D,0
40.00173,-120.78745,341.49,0.47,0.48,2021-08-28,2131,N,VIIRS,n,2,304.85,7.31,D,0
40.00179,-120.67654,357.34,0.48,0.48,2021-08-28,2131,N,VIIRS,n,2,293.65,121.06,D,0
40.00219,-120.67146,367,0.48,0.48,2021-08-28,2131,N,VIIRS,h,2,297.67,194.92,D,0
40.00239,-120.72446,339.91,0.47,0.48,2021-08-28,2131,N,VIIRS,n,2,293.5,8.78,D,0
40.00281,-120.71922,351,0.47,0.48,2021-08-28,2131,N,VIIRS,n,2,295.55,8.78,D,0
40.00325,-120.71383,367,0.47,0.48,2021-08-28,2131,N,VIIRS,h,2,299.41,15.94,D,0
40.0037,-120.70825,352.79,0.47,0.48,2021-08-28,2131,N,VIIRS,n,2,291.2,15.94,D,0
40.00379,-120.65164,357.77,0.48,0.48,2021-08-28,2131,N,VIIRS,l,2,284.09,27.93,D,0
40.00415,-120.70275,355.76,0.47,0.48,2021-08-28,2131,N,VIIRS,n,2,289.56,17.01,D,0
40.0042,-120.64642,354.05,0.48,0.48,2021-08-28,2131,N,VIIRS,n,2,282.31,27.93,D,0
40.00457,-120.69747,353.13,0.48,0.48,2021-08-28,2131,N,VIIRS,n,2,287.56,17.01,D,0
40.00463,-120.64101,339.64,0.48,0.48,2021-08-28,2131,N,VIIRS,n,2,282.8,10.15,D,0
40.005,-120.6922,348.33,0.48,0.48,2021-08-28,2131,N,VIIRS,n,2,288.11,15.02,D,0
40.00543,-120.68687,348.74,0.48,0.48,2021-08-28,2131,N,VIIRS,n,2,289.77,15.02,D,0
40.00585,-120.68169,351.57,0.48,0.48,2021-08-28,2131,N,VIIRS,n,2,289.77,8.41,D,0
40.00626,-120.67654,354.94,0.48,0.48,2021-08-28,2131,N,VIIRS,n,2,290.15,8.41,D,0
40.00668,-120.67139,367,0.48,0.48,2021-08-28,2131,N,VIIRS,h,2,290.52,39.32,D,0
40.00729,-120.71925,340.42,0.47,0.48,2021-08-28,2131,N,VIIRS,n,2,293.16,8.78,D,0
40.00774,-120.71365,350.71,0.47,0.48,2021-08-28,2131,N,VIIRS,n,2,293.06,15.94,D,0
40.00819,-120.70805,343.56,0.47,0.48,2021-08-28,2131,N,VIIRS,n,2,290,15.94,D,0
40.00829,-120.65138,356.94,0.48,0.48,2021-08-28,2131,N,VIIRS,l,2,285.6,20.34,D,0
40.00874,-120.6459,350.83,0.48,0.48,2021-08-28,2131,N,VIIRS,n,2,283.87,20.34,D,0
40.00916,-120.64056,337.69,0.48,0.48,2021-08-28,2131,N,VIIRS,n,2,284.15,7.61,D,0
40.01034,-120.68163,344.08,0.48,0.48,2021-08-28,2131,N,VIIRS,n,2,289.39,8.41,D,0
40.01076,-120.6764,343.51,0.48,0.48,2021-08-28,2131,N,VIIRS,n,2,290.46,8.41,D,0
40.01118,-120.6712,344.51,0.48,0.48,2021-08-28,2131,N,VIIRS,n,2,290.15,39.32,D,0
40.01158,-120.66631,353.25,0.48,0.48,2021-08-28,2131,N,VIIRS,n,2,289.59,39.32,D,0
40.01197,-120.6614,345.62,0.48,0.48,2021-08-28,2131,N,VIIRS,n,2,303.27,210.1,D,0
40.01226,-120.71316,354.01,0.47,0.48,2021-08-28,2131,N,VIIRS,n,2,295.66,27.33,D,0
40.01239,-120.65629,355.34,0.48,0.48,2021-08-28,2131,N,VIIRS,n,2,299.92,210.1,D,0
40.01283,-120.65077,349.38,0.48,0.48,2021-08-28,2131,N,VIIRS,n,2,285.54,20.34,D,0
40.01328,-120.6452,341.43,0.48,0.48,2021-08-28,2131,N,VIIRS,n,2,283.51,20.34,D,0
40.01371,-120.63991,333.11,0.48,0.48,2021-08-28,2131,N,VIIRS,n,2,283.51,7.61,D,0
40.01606,-120.66641,337.16,0.48,0.48,2021-08-28,2131,N,VIIRS,n,2,288.87,11.86,D,0
40.01632,-120.71819,356.85,0.47,0.48,2021-08-28,2131,N,VIIRS,n,2,308.34,555.69,D,0
40.01647,-120.66122,340.99,0.48,0.48,2021-08-28,2131,N,VIIRS,n,2,287.91,7.22,D,0
40.01675,-120.71292,354.93,0.47,0.48,2021-08-28,2131,N,VIIRS,n,2,297.23,27.33,D,0
40.01694,-120.65551,338.13,0.48,0.48,2021-08-28,2131,N,VIIRS,n,2,287.43,7.22,D,0
40.0174,-120.64983,332.36,0.48,0.48,2021-08-28,2131,N,VIIRS,n,2,287.21,8.44,D,0
40.02029,-120.72433,340.91,0.47,0.48,2021-08-28,2131,N,VIIRS,n,2,296.35,9.9,D,0
40.02081,-120.71802,367,0.47,0.48,2021-08-28,2131,N,VIIRS,h,2,300.01,9.9,D,0
40.0224,-120.69862,344.91,0.48,0.48,2021-08-28,2131,N,VIIRS,n,2,297.52,14.5,D,0
40.02298,-120.7999,335.8,0.47,0.48,2021-08-28,2131,N,VIIRS,n,2,301.79,4.04,D,0
40.02527,-120.71819,346.43,0.47,0.48,2021-08-28,2131,N,VIIRS,n,2,298.05,9.9,D,0
40.02567,-120.71342,367,0.47,0.48,2021-08-28,2131,N,VIIRS,h,2,300.21,17.04,D,0
40.02604,-120.70892,367,0.47,0.48,2021-08-28,2131,N,VIIRS,h,2,298.52,17.04,D,0
40.02641,-120.70438,344.65,0.47,0.48,2021-08-28,2131,N,VIIRS,n,2,298.05,14.5,D,0
40.0268,-120.69959,367,0.48,0.48,2021-08-28,2131,N,VIIRS,h,2,303.71,14.5,D,0
40.02721,-120.6946,344.85,0.48,0.48,2021-08-28,2131,N,VIIRS,n,2,294.25,17.25,D,0
40.07966,-121.07713,334.26,0.46,0.47,2021-08-28,2131,N,VIIRS,l,2,307.63,2.96,D,0
40.39722,-121.03036,341.77,0.46,0.47,2021-08-28,2131,N,VIIRS,n,2,308.65,3.24,D,0
40.42104,-121.11517,343.13,0.46,0.47,2021-08-28,2131,N,VIIRS,n,2,308.97,4.51,D,0
40.46781,-121.45751,343.6,0.44,0.46,2021-08-28,2131,N,VIIRS,n,2,306.26,4.8,D,0
40.47755,-121.17355,344.47,0.45,0.47,2021-08-28,2131,N,VIIRS,n,2,309.18,11.67,D,0
40.47836,-121.1763,342.64,0.45,0.47,2021-08-28,2131,N,VIIRS,n,2,313.77,17.36,D,0
40.48191,-121.17397,355.16,0.45,0.47,2021-08-28,2131,N,VIIRS,n,2,308.02,11.67,D,0
40.48519,-121.35559,342.07,0.45,0.47,2021-08-28,2131,N,VIIRS,n,2,306.4,3.19,D,0
40.49095,-121.18318,331.36,0.45,0.47,2021-08-28,2131,N,VIIRS,l,2,305.97,4.57,D,0
40.49732,-121.21198,334.6,0.45,0.47,2021-08-28,2131,N,VIIRS,n,2,302.71,2.92,D,0
40.50043,-121.33009,343.89,0.45,0.47,2021-08-28,2131,N,VIIRS,n,2,311.02,26.57,D,0
40.50423,-121.33648,338.34,0.45,0.47,2021-08-28,2131,N,VIIRS,n,2,306.06,26.57,D,0
40.50474,-121.33059,341.97,0.45,0.47,2021-08-28,2131,N,VIIRS,n,2,307.17,26.57,D,0
40.50708,-121.4539,340.8,0.44,0.46,2021-08-28,2131,N,VIIRS,n,2,307.99,10.45,D,0
40.50878,-121.28339,338.46,0.45,0.47,2021-08-28,2131,N,VIIRS,l,2,310.01,5.89,D,0
40.50909,-121.38103,341.31,0.44,0.46,2021-08-28,2131,N,VIIRS,n,2,311.4,5.67,D,0
40.50959,-121.37531,342.6,0.44,0.46,2021-08-28,2131,N,VIIRS,n,2,310.68,5.67,D,0
40.51092,-121.4595,341.23,0.44,0.46,2021-08-28,2131,N,VIIRS,n,2,302.91,8.19,D,0
40.51102,-121.35876,340.9,0.45,0.47,2021-08-28,2131,N,VIIRS,l,2,311.86,5.6,D,0
40.51138,-121.45423,346.97,0.44,0.46,2021-08-28,2131,N,VIIRS,n,2,307.04,10.45,D,0
40.51181,-121.24785,337.23,0.45,0.47,2021-08-28,2131,N,VIIRS,n,2,303.38,4.88,D,0
40.51227,-121.44407,347.83,0.44,0.46,2021-08-28,2131,N,VIIRS,n,2,308.74,9.83,D,0
40.51271,-121.43909,335.29,0.44,0.46,2021-08-28,2131,N,VIIRS,l,2,308.87,9.83,D,0
40.51511,-121.20905,332.36,0.45,0.47,2021-08-28,2131,N,VIIRS,n,2,301.65,4.06,D,0
40.51532,-121.35936,343.95,0.45,0.47,2021-08-28,2131,N,VIIRS,l,2,315.27,10.56,D,0
40.51568,-121.45464,296.28,0.44,0.46,2021-08-28,2131,N,VIIRS,l,2,311.61,54.96,D,0
40.51575,-121.35436,337.45,0.45,0.47,2021-08-28,2131,N,VIIRS,l,2,310.6,10.56,D,0
40.51612,-121.44958,353.57,0.44,0.46,2021-08-28,2131,N,VIIRS,n,2,314.98,54.96,D,0
40.51616,-121.24811,338.04,0.45,0.47,2021-08-28,2131,N,VIIRS,n,2,305.71,7.06,D,0
40.51663,-121.24259,345.04,0.45,0.47,2021-08-28,2131,N,VIIRS,n,2,304.83,16.93,D,0
40.517,-121.43961,334.65,0.44,0.46,2021-08-28,2131,N,VIIRS,n,2,306.92,5.46,D,0
40.52051,-121.24841,340.79,0.45,0.47,2021-08-28,2131,N,VIIRS,n,2,303.36,7.06,D,0
40.52101,-121.34396,346.24,0.45,0.47,2021-08-28,2131,N,VIIRS,n,2,314.52,8.31,D,0
40.52148,-121.33849,346.13,0.45,0.47,2021-08-28,2131,N,VIIRS,n,2,314.31,7.81,D,0
40.52196,-121.33304,345.26,0.45,0.47,2021-08-28,2131,N,VIIRS,n,2,310.38,7.81,D,0
40.52244,-121.32748,351.88,0.45,0.47,2021-08-28,2131,N,VIIRS,l,2,327.25,37.4,D,0
40.52293,-121.32178,339.59,0.45,0.47,2021-08-28,2131,N,VIIRS,n,2,307.8,37.4,D,0
40.52331,-121.21567,334.97,0.45,0.47,2021-08-28,2131,N,VIIRS,n,2,302.2,19.03,D,0
40.52348,-121.26482,341.45,0.45,0.47,2021-08-28,2131,N,VIIRS,n,2,309.03,7.02,D,0
40.52378,-121.21021,348.29,0.45,0.47,2021-08-28,2131,N,VIIRS,n,2,315.27,49.79,D,0
40.52439,-121.2542,343.29,0.45,0.47,2021-08-28,2131,N,VIIRS,n,2,306.35,4.94,D,0
40.52485,-121.34989,345.25,0.45,0.47,2021-08-28,2131,N,VIIRS,n,2,309.45,5.01,D,0
40.52534,-121.34432,341.83,0.45,0.47,2021-08-28,2131,N,VIIRS,n,2,311.35,5.01,D,0
40.52629,-121.33335,344.8,0.45,0.47,2021-08-28,2131,N,VIIRS,n,2,311.75,23.68,D,0
40.52677,-121.32784,367,0.45,0.47,2021-08-28,2131,N,VIIRS,h,2,332.95,88.16,D,0
40.52726,-121.32227,367,0.45,0.47,2021-08-28,2131,N,VIIRS,h,2,310.31,88.16,D,0
40.52783,-121.26508,343.25,0.45,0.47,2021-08-28,2131,N,VIIRS,n,2,306.75,7.02,D,0
40.52829,-121.2598,344.6,0.45,0.47,2021-08-28,2131,N,VIIRS,n,2,309.7,7.02,D,0
40.52874,-121.25453,335.25,0.45,0.47,2021-08-28,2131,N,VIIRS,n,2,304.67,4.94,D,0
40.53399,-121.34498,367,0.45,0.47,2021-08-28,2131,N,VIIRS,l,2,327.59,34.56,D,0
40.53447,-121.33957,356.84,0.45,0.47,2021-08-28,2131,N,VIIRS,n,2,314.55,51.17,D,0
40.5383,-121.34551,341.74,0.45,0.47,2021-08-28,2131,N,VIIRS,n,2,309.49,34.56,D,0
40.53877,-121.34016,367,0.45,0.47,2021-08-28,2131,N,VIIRS,l,2,333.37,51.17,D,0
40.53925,-121.33476,343.33,0.45,0.47,2021-08-28,2131,N,VIIRS,n,2,307.11,51.17,D,0
40.54258,-121.34645,341.9,0.45,0.47,2021-08-28,2131,N,VIIRS,n,2,307.33,6.58,D,0
40.54305,-121.34118,335.79,0.45,0.47,2021-08-28,2131,N,VIIRS,n,2,304.18,7.32,D,0
40.54739,-121.24133,333.52,0.45,0.47,2021-08-28,2131,N,VIIRS,n,2,302.43,5.68,D,0
40.54873,-121.32606,345.48,0.45,0.47,2021-08-28,2131,N,VIIRS,n,2,306.46,5.23,D,0
40.55298,-121.32734,354.76,0.45,0.47,2021-08-28,2131,N,VIIRS,n,2,312.07,30.28,D,0
40.55656,-121.23675,331.28,0.45,0.47,2021-08-28,2131,N,VIIRS,n,2,302.41,2.6,D,0
40.55722,-121.32872,354.83,0.45,0.47,2021-08-28,2131,N,VIIRS,n,2,311.01,30.28,D,0
40.55777,-121.32249,338.42,0.45,0.47,2021-08-28,2131,N,VIIRS,n,2,301.99,17.88,D,0
40.56088,-121.2374,353.75,0.45,0.47,2021-08-28,2131,N,VIIRS,n,2,304.02,13.89,D,0
40.56202,-121.32371,345.55,0.45,0.47,2021-08-28,2131,N,VIIRS,n,2,301.14,8.15,D,0
40.56323,-121.32604,337.42,0.45,0.47,2021-08-28,2131,N,VIIRS,n,2,299.46,2.55,D,0
40.56522,-121.23792,349.86,0.45,0.47,2021-08-28,2131,N,VIIRS,n,2,303.05,13.89,D,0
40.56615,-121.22729,331.18,0.45,0.47,2021-08-28,2131,N,VIIRS,n,2,300.92,3.58,D,0
40.56686,-121.31837,349.46,0.45,0.47,2021-08-28,2131,N,VIIRS,n,2,302.88,8.15,D,0
40.56779,-121.25856,340.92,0.45,0.47,2021-08-28,2131,N,VIIRS,n,2,302.74,5.65,D,0
40.56804,-121.32068,352.29,0.45,0.47,2021-08-28,2131,N,VIIRS,n,2,302.61,20.01,D,0
40.56825,-121.25327,344.56,0.45,0.47,2021-08-28,2131,N,VIIRS,n,2,303.49,5.65,D,0
40.56867,-121.26019,343.55,0.45,0.47,2021-08-28,2131,N,VIIRS,n,2,301.96,6.09,D,0
40.56871,-121.2481,331.46,0.45,0.47,2021-08-28,2131,N,VIIRS,n,2,300.87,5.45,D,0
40.56911,-121.25488,337.73,0.45,0.47,2021-08-28,2131,N,VIIRS,n,2,301.31,6.85,D,0
40.56941,-121.28976,336.25,0.45,0.47,2021-08-28,2131,N,VIIRS,n,2,303.69,4.32,D,0
40.56954,-121.24966,342.26,0.45,0.47,2021-08-28,2131,N,VIIRS,n,2,301.36,6.85,D,0
40.57045,-121.2915,343.02,0.45,0.47,2021-08-28,2131,N,VIIRS,n,2,303.91,7.57,D,0
40.57089,-121.28621,339.13,0.45,0.47,2021-08-28,2131,N,VIIRS,n,2,302.24,6.72,D,0
40.57114,-121.31931,348.28,0.45,0.47,2021-08-28,2131,N,VIIRS,n,2,300.82,8,D,0
40.57233,-121.32151,350.57,0.45,0.47,2021-08-28,2131,N,VIIRS,n,2,300.79,11.05,D,0
40.57374,-121.29024,367,0.45,0.47,2021-08-28,2131,N,VIIRS,h,2,307.62,11.4,D,0
40.57421,-121.28495,346.86,0.45,0.47,2021-08-28,2131,N,VIIRS,n,2,306.71,11.4,D,0
40.57434,-121.29732,345.15,0.45,0.47,2021-08-28,2131,N,VIIRS,n,2,304.07,9.07,D,0
40.57479,-121.29192,351.3,0.45,0.47,2021-08-28,2131,N,VIIRS,n,2,303.16,9.07,D,0
40.57523,-121.28661,356.05,0.45,0.47,2021-08-28,2131,N,VIIRS,n,2,306.98,14.17,D,0
40.57546,-121.31987,343.46,0.45,0.47,2021-08-28,2131,N,VIIRS,n,2,299.16,8,D,0
40.57761,-121.29594,355.66,0.45,0.47,2021-08-28,2131,N,VIIRS,n,2,306.37,21.06,D,0
40.57809,-121.2906,341.84,0.45,0.47,2021-08-28,2131,N,VIIRS,n,2,304.8,11.4,D,0
40.57856,-121.28531,334.97,0.45,0.47,2021-08-28,2131,N,VIIRS,n,2,301.74,11.4,D,0
40.57868,-121.29767,346.4,0.45,0.47,2021-08-28,2131,N,VIIRS,n,2,304.33,9.07,D,0
40.57913,-121.29227,333.81,0.45,0.47,2021-08-28,2131,N,VIIRS,l,2,304.15,9.07,D,0
40.57957,-121.28697,335.58,0.45,0.47,2021-08-28,2131,N,VIIRS,n,2,302.25,14.17,D,0
40.58115,-121.37218,343.39,0.45,0.47,2021-08-28,2131,N,VIIRS,n,2,300.04,4.85,D,0
40.58151,-121.31615,330.33,0.45,0.47,2021-08-28,2131,N,VIIRS,n,2,298.37,4.88,D,0
40.58161,-121.36684,336.79,0.45,0.47,2021-08-28,2131,N,VIIRS,n,2,299.72,4.04,D,0
40.58332,-121.34647,336.21,0.45,0.47,2021-08-28,2131,N,VIIRS,n,2,296.87,3.06,D,0
40.58493,-121.37897,333.54,0.45,0.47,2021-08-28,2131,N,VIIRS,n,2,303.1,9.71,D,0
40.58533,-121.32253,346.28,0.45,0.47,2021-08-28,2131,N,VIIRS,n,2,299.06,4.88,D,0
40.58542,-121.37317,340.72,0.45,0.47,2021-08-28,2131,N,VIIRS,n,2,299.21,9.71,D,0
40.5878,-121.29316,333.84,0.45,0.47,2021-08-28,2131,N,VIIRS,l,2,308.51,22.77,D,0
40.58825,-121.2878,355.89,0.45,0.47,2021-08-28,2131,N,VIIRS,n,2,326.24,63.48,D,0
40.58969,-121.3741,342.89,0.45,0.47,2021-08-28,2131,N,VIIRS,n,2,299.96,9.71,D,0
40.59212,-121.29369,331.52,0.45,0.47,2021-08-28,2131,N,VIIRS,n,2,300.98,8.03,D,0
40.59258,-121.28827,353.4,0.45,0.47,2021-08-28,2131,N,VIIRS,n,2,316.98,63.3,D,0
40.59304,-121.33466,348.92,0.45,0.47,2021-08-28,2131,N,VIIRS,n,2,302.2,13.35,D,0
40.59353,-121.32877,350.9,0.45,0.47,2021-08-28,2131,N,VIIRS,n,2,298.83,13.35,D,0
40.59693,-121.34018,347.95,0.45,0.47,2021-08-28,2131,N,VIIRS,n,2,299.98,24.32,D,0
40.5974,-121.33456,355.43,0.45,0.47,2021-08-28,2131,N,VIIRS,n,2,302.72,26.48,D,0
40.59869,-121.26754,341.92,0.45,0.47,2021-08-28,2131,N,VIIRS,n,2,303.72,5.09,D,0
40.59912,-121.2624,342.38,0.45,0.47,2021-08-28,2131,N,VIIRS,n,2,302.71,5.09,D,0
40.6013,-121.34009,349.64,0.45,0.47,2021-08-28,2131,N,VIIRS,n,2,316.23,24.32,D,0
40.60138,-121.39001,340.06,0.44,0.46,2021-08-28,2131,N,VIIRS,n,2,301.17,9.66,D,0
40.60177,-121.33449,340.69,0.45,0.47,2021-08-28,2131,N,VIIRS,n,2,299.94,26.48,D,0
40.60575,-121.38985,367,0.44,0.46,2021-08-28,2131,N,VIIRS,h,2,305.04,9.66,D,0
40.60659,-121.38004,340.37,0.45,0.47,2021-08-28,2131,N,VIIRS,n,2,300.74,3.88,D,0
40.61098,-121.37958,340.66,0.45,0.47,2021-08-28,2131,N,VIIRS,n,2,302.33,6.08,D,0
40.61191,-121.36879,341.18,0.45,0.47,2021-08-28,2131,N,VIIRS,n,2,302,7.08,D,0
40.61217,-121.26348,352.95,0.45,0.47,2021-08-28,2131,N,VIIRS,n,2,318.4,26.09,D,0
40.61242,-121.36288,340.88,0.45,0.47,2021-08-28,2131,N,VIIRS,n,2,302.33,7.08,D,0
40.61261,-121.25816,343.08,0.45,0.47,2021-08-28,2131,N,VIIRS,n,2,309.66,41.6,D,0
40.61411,-121.3938,331.52,0.44,0.46,2021-08-28,2131,N,VIIRS,n,2,300.51,4.33,D,0
40.61452,-121.38906,346.14,0.44,0.46,2021-08-28,2131,N,VIIRS,n,2,302.87,6.65,D,0
40.61494,-121.38412,335.55,0.45,0.47,2021-08-28,2131,N,VIIRS,n,2,301.06,6.65,D,0
40.61539,-121.37902,343.52,0.45,0.47,2021-08-28,2131,N,VIIRS,n,2,300.83,6.08,D,0
40.61652,-121.26381,367,0.45,0.47,2021-08-28,2131,N,VIIRS,h,2,305.76,26.09,D,0
41.45631,-121.8778,344.01,0.43,0.46,2021-08-28,2131,N,VIIRS,n,2,308.64,6.57,D,0
41.49716,-121.89278,342.36,0.43,0.46,2021-08-28,2131,N,VIIRS,n,2,308.64,4.5,D,0
41.50095,-121.89857,333.57,0.43,0.46,2021-08-28,2131,N,VIIRS,l,2,307.1,4.5,D,0
41.50138,-121.89359,334.08,0.43,0.46,2021-08-28,2131,N,VIIRS,l,2,306.3,4.5,D,0
41.57873,-121.79568,331.36,0.44,0.46,2021-08-28,2131,N,VIIRS,l,2,303.25,8.31,D,0
41.57972,-121.78453,334.36,0.44,0.46,2021-08-28,2131,N,VIIRS,l,2,307.84,5.11,D,0
39.62085,-119.26305,307.33,0.38,0.36,2021-08-29,949,N,VIIRS,n,2,288.89,0.84,N,2
39.95329,-120.74036,350.42,0.4,0.37,2021-08-29,949,N,VIIRS,n,2,304.95,32.5,N,0
39.95395,-120.74503,296.8,0.4,0.37,2021-08-29,949,N,VIIRS,n,2,286.55,10.45,N,0
39.95665,-120.73951,344.78,0.4,0.37,2021-08-29,949,N,VIIRS,n,2,303.87,32.5,N,0
39.9573,-120.74416,367,0.4,0.37,2021-08-29,949,N,VIIRS,h,2,299.91,10.45,N,0
39.95795,-120.74885,340.82,0.4,0.37,2021-08-29,949,N,VIIRS,n,2,289.6,10.45,N,0
39.95874,-120.72968,330.33,0.4,0.37,2021-08-29,949,N,VIIRS,n,2,288.29,17.54,N,0
39.95938,-120.73419,301.75,0.4,0.37,2021-08-29,949,N,VIIRS,n,2,287.51,20.83,N,0
39.96001,-120.73875,367,0.4,0.37,2021-08-29,949,N,VIIRS,h,2,290.26,20.83,N,0
39.96066,-120.74332,343.24,0.4,0.37,2021-08-29,949,N,VIIRS,n,2,289.75,28.15,N,0
39.96085,-120.71996,316.72,0.4,0.37,2021-08-29,949,N,VIIRS,n,2,289.62,4.24,N,0
39.96131,-120.74796,355.97,0.4,0.37,2021-08-29,949,N,VIIRS,n,2,303.33,28.15,N,0
39.96148,-120.72446,354.03,0.4,0.37,2021-08-29,949,N,VIIRS,n,2,306.17,17.54,N,0
39.96196,-120.75272,355.32,0.4,0.37,2021-08-29,949,N,VIIRS,n,2,300.33,12.62,N,0
39.96212,-120.72897,356.21,0.4,0.37,2021-08-29,949,N,VIIRS,n,2,305.15,17.54,N,0
39.96262,-120.75743,324.38,0.4,0.37,2021-08-29,949,N,VIIRS,n,2,290.26,12.62,N,0
39.96275,-120.7335,351.57,0.4,0.37,2021-08-29,949,N,VIIRS,n,2,293.8,20.83,N,0
39.96338,-120.73802,344.48,0.4,0.37,2021-08-29,949,N,VIIRS,n,2,327.87,20.83,N,0
39.96402,-120.74257,349.18,0.4,0.37,2021-08-29,949,N,VIIRS,n,2,311.08,28.15,N,0
39.96423,-120.71931,344.07,0.4,0.37,2021-08-29,949,N,VIIRS,n,2,314.95,25.73,N,0
39.96466,-120.74715,355.96,0.4,0.37,2021-08-29,949,N,VIIRS,n,2,307.89,28.15,N,0
39.96486,-120.72377,367,0.4,0.37,2021-08-29,949,N,VIIRS,h,2,316.04,15.02,N,0
39.96532,-120.75185,367,0.4,0.37,2021-08-29,949,N,VIIRS,h,2,307.81,12.62,N,0
39.96549,-120.72826,367,0.4,0.37,2021-08-29,949,N,VIIRS,h,2,309.72,15.02,N,0
39.96598,-120.75655,332.63,0.4,0.37,2021-08-29,949,N,VIIRS,n,2,292.56,12.62,N,0
39.96612,-120.73279,356.02,0.4,0.37,2021-08-29,949,N,VIIRS,n,2,309.77,19.48,N,0
39.96664,-120.76128,313.92,0.4,0.37,2021-08-29,949,N,VIIRS,n,2,286.12,0.93,N,0
39.96676,-120.73734,350.14,0.4,0.37,2021-08-29,949,N,VIIRS,n,2,322.07,19.48,N,0
39.96698,-120.71414,347.21,0.4,0.37,2021-08-29,949,N,VIIRS,n,2,299.27,25.73,N,0
39.9674,-120.74187,349.04,0.4,0.37,2021-08-29,949,N,VIIRS,n,2,337.29,32.83,N,0
39.96761,-120.71862,355.82,0.4,0.37,2021-08-29,949,N,VIIRS,n,2,310.05,25.73,N,0
39.96803,-120.74644,356.34,0.4,0.37,2021-08-29,949,N,VIIRS,n,2,322.15,32.83,N,0
39.96824,-120.72309,349.52,0.4,0.37,2021-08-29,949,N,VIIRS,n,2,306.24,15.02,N,0
39.96868,-120.75105,367,0.4,0.37,2021-08-29,949,N,VIIRS,h,2,305.32,14.78,N,0
39.96886,-120.72757,343.05,0.4,0.37,2021-08-29,949,N,VIIRS,n,2,303.69,15.02,N,0
39.96933,-120.75571,354.45,0.4,0.37,2021-08-29,949,N,VIIRS,n,2,303.22,14.78,N,0
39.96949,-120.7321,342.36,0.4,0.37,2021-08-29,949,N,VIIRS,n,2,302.7,19.48,N,0
39.96999,-120.76044,330.18,0.4,0.37,2021-08-29,949,N,VIIRS,n,2,290.4,5.06,N,0
39.97014,-120.73666,354.51,0.4,0.37,2021-08-29,949,N,VIIRS,n,2,311.41,19.48,N,0
39.97036,-120.71347,305.97,0.4,0.37,2021-08-29,949,N,VIIRS,n,2,288.81,14.28,N,0
39.97077,-120.7412,355.16,0.4,0.37,2021-08-29,949,N,VIIRS,n,2,319.57,32.83,N,0
39.97099,-120.71796,352.73,0.4,0.37,2021-08-29,949,N,VIIRS,n,2,304.78,14.28,N,0
39.97141,-120.74572,367,0.4,0.37,2021-08-29,949,N,VIIRS,h,2,307.49,32.83,N,0
39.97161,-120.72242,329.05,0.4,0.37,2021-08-29,949,N,VIIRS,n,2,299.28,3.73,N,0
39.97205,-120.75027,367,0.4,0.37,2021-08-29,949,N,VIIRS,h,2,302.47,14.78,N,0
39.97224,-120.7269,339.07,0.4,0.37,2021-08-29,949,N,VIIRS,n,2,302.16,3.73,N,0
39.97236,-120.70306,344.64,0.4,0.37,2021-08-29,949,N,VIIRS,n,2,299.59,18.91,N,0
39.97269,-120.75488,356.18,0.4,0.37,2021-08-29,949,N,VIIRS,n,2,306.29,14.78,N,0
39.97287,-120.73141,333.4,0.4,0.37,2021-08-29,949,N,VIIRS,n,2,299.24,3.61,N,0
39.97305,-120.70795,367,0.4,0.37,2021-08-29,949,N,VIIRS,h,2,298.83,18.91,N,0
39.97335,-120.75959,341.43,0.4,0.37,2021-08-29,949,N,VIIRS,n,2,298.24,5.06,N,0
39.97351,-120.73597,340.4,0.4,0.37,2021-08-29,949,N,VIIRS,n,2,301.19,3.61,N,0
39.97373,-120.71276,318.74,0.4,0.37,2021-08-29,949,N,VIIRS,n,2,288.48,14.28,N,0
39.97415,-120.7405,353.51,0.4,0.37,2021-08-29,949,N,VIIRS,n,2,307.23,11.39,N,0
39.97435,-120.69253,325.82,0.4,0.37,2021-08-29,949,N,VIIRS,n,2,293.11,21.69,N,0
39.97436,-120.71727,350.06,0.4,0.37,2021-08-29,949,N,VIIRS,n,2,308.19,14.28,N,0
39.97478,-120.74503,356.25,0.4,0.37,2021-08-29,949,N,VIIRS,n,2,306.08,11.39,N,0
39.97499,-120.72173,319.97,0.4,0.37,2021-08-29,949,N,VIIRS,n,2,294.61,3.73,N,0
39.97503,-120.69733,353.89,0.4,0.37,2021-08-29,949,N,VIIRS,n,2,312.03,21.69,N,0
39.97541,-120.74955,354.53,0.4,0.37,2021-08-29,949,N,VIIRS,n,2,315.6,16.75,N,0
39.97562,-120.72622,324.98,0.4,0.37,2021-08-29,949,N,VIIRS,n,2,295.73,3.73,N,0
39.97571,-120.70219,367,0.4,0.37,2021-08-29,949,N,VIIRS,h,2,315.25,13.83,N,0
39.97605,-120.75407,354.11,0.4,0.37,2021-08-29,949,N,VIIRS,n,2,301.72,16.75,N,0
39.97625,-120.73071,324.82,0.4,0.37,2021-08-29,949,N,VIIRS,n,2,296.11,3.61,N,0
39.9764,-120.70709,367,0.4,0.37,2021-08-29,949,N,VIIRS,h,2,304.79,13.83,N,0
39.9767,-120.75876,348.23,0.4,0.37,2021-08-29,949,N,VIIRS,n,2,299.37,6.01,N,0
39.97688,-120.73524,324.58,0.4,0.37,2021-08-29,949,N,VIIRS,n,2,296.97,3.61,N,0
39.97709,-120.712,356.62,0.4,0.37,2021-08-29,949,N,VIIRS,n,2,296.01,6.35,N,0
39.97736,-120.76343,323.92,0.4,0.37,2021-08-29,949,N,VIIRS,n,2,288.56,6.01,N,0
39.97752,-120.73978,338.62,0.4,0.37,2021-08-29,949,N,VIIRS,n,2,300.93,11.39,N,0
39.9777,-120.6917,322.53,0.4,0.37,2021-08-29,949,N,VIIRS,n,2,292.76,21.69,N,0
39.97774,-120.71658,346.71,0.4,0.37,2021-08-29,949,N,VIIRS,n,2,298.8,6.35,N,0
39.97815,-120.74433,352.24,0.4,0.37,2021-08-29,949,N,VIIRS,n,2,310.93,11.39,N,0
39.97837,-120.72107,322.71,0.4,0.37,2021-08-29,949,N,VIIRS,n,2,292.81,2.14,N,0
39.97837,-120.69648,356.72,0.4,0.37,2021-08-29,949,N,VIIRS,n,2,320.82,21.69,N,0
39.97878,-120.74883,367,0.4,0.37,2021-08-29,949,N,VIIRS,h,2,306.33,16.75,N,0
39.979,-120.72556,318.35,0.4,0.37,2021-08-29,949,N,VIIRS,n,2,294.42,2.14,N,0
39.97906,-120.7013,342.01,0.4,0.37,2021-08-29,949,N,VIIRS,n,2,300.62,13.83,N,0
39.97942,-120.75335,337.16,0.4,0.37,2021-08-29,949,N,VIIRS,n,2,296.03,16.75,N,0
39.97963,-120.73006,325.09,0.4,0.37,2021-08-29,949,N,VIIRS,n,2,295.44,4.28,N,0
39.97975,-120.70623,333.17,0.4,0.37,2021-08-29,949,N,VIIRS,n,2,297.28,13.83,N,0
39.98006,-120.75798,346.23,0.4,0.37,2021-08-29,949,N,VIIRS,n,2,295.41,6.01,N,0
39.98026,-120.73459,347.27,0.4,0.37,2021-08-29,949,N,VIIRS,n,2,304.21,4.28,N,0
39.9804,-120.68619,346.37,0.4,0.37,2021-08-29,949,N,VIIRS,n,2,295.47,19.4,N,0
39.98045,-120.71117,321.77,0.4,0.37,2021-08-29,949,N,VIIRS,n,2,294.18,6.35,N,0
39.98072,-120.76265,347.02,0.4,0.37,2021-08-29,949,N,VIIRS,n,2,294.27,6.01,N,0
39.9809,-120.73914,345.68,0.4,0.37,2021-08-29,949,N,VIIRS,n,2,301.82,5.29,N,0
39.98106,-120.69093,353.42,0.4,0.37,2021-08-29,949,N,VIIRS,n,2,295.91,27.13,N,0
39.98111,-120.71586,328.89,0.4,0.37,2021-08-29,949,N,VIIRS,n,2,293.66,6.35,N,0
39.98137,-120.76732,319.38,0.4,0.37,2021-08-29,949,N,VIIRS,n,2,288.59,1.7,N,0
39.98154,-120.74368,352.53,0.4,0.37,2021-08-29,949,N,VIIRS,n,2,302.86,5.29,N,0
39.98174,-120.69569,354.81,0.4,0.37,2021-08-29,949,N,VIIRS,n,2,314.91,27.13,N,0
39.98175,-120.72038,321.71,0.4,0.37,2021-08-29,949,N,VIIRS,n,2,294.34,2.14,N,0
39.98217,-120.74818,350.9,0.4,0.37,2021-08-29,949,N,VIIRS,n,2,300.76,5.73,N,0
39.98238,-120.72491,315.83,0.4,0.37,2021-08-29,949,N,VIIRS,n,2,293.71,2.14,N,0
39.98241,-120.70049,336.41,0.4,0.37,2021-08-29,949,N,VIIRS,n,2,297.95,5.7,N,0
39.9828,-120.7527,337.51,0.4,0.37,2021-08-29,949,N,VIIRS,n,2,295.82,5.73,N,0
39.98301,-120.72942,323.09,0.4,0.37,2021-08-29,949,N,VIIRS,n,2,295.3,4.28,N,0
39.98308,-120.68066,354.72,0.4,0.37,2021-08-29,949,N,VIIRS,n,2,299.4,19.4,N,0
39.9831,-120.70535,332.96,0.4,0.37,2021-08-29,949,N,VIIRS,n,2,294.22,5.7,N,0
39.98344,-120.75731,333.44,0.4,0.37,2021-08-29,949,N,VIIRS,n,2,291.18,4.14,N,0
39.98365,-120.73399,337.11,0.4,0.37,2021-08-29,949,N,VIIRS,n,2,299.05,4.28,N,0
39.98375,-120.68542,367,0.4,0.37,2021-08-29,949,N,VIIRS,h,2,311.12,19.4,N,0
39.9838,-120.71031,314.69,0.4,0.37,2021-08-29,949,N,VIIRS,n,2,292.04,1.48,N,0
39.9841,-120.76196,326.19,0.4,0.37,2021-08-29,949,N,VIIRS,n,2,289.53,4.14,N,0
39.98429,-120.73856,317.79,0.4,0.37,2021-08-29,949,N,VIIRS,n,2,294.29,5.29,N,0
39.98442,-120.69019,356.94,0.4,0.37,2021-08-29,949,N,VIIRS,n,2,308.97,27.13,N,0
39.98448,-120.71513,316.8,0.4,0.37,2021-08-29,949,N,VIIRS,n,2,293.3,1.48,N,0
39.98475,-120.76657,342.46,0.4,0.37,2021-08-29,949,N,VIIRS,n,2,293.11,2.27,N,0
39.98493,-120.74307,313.88,0.4,0.37,2021-08-29,949,N,VIIRS,n,2,292.74,5.29,N,0
39.98511,-120.69498,355.12,0.4,0.37,2021-08-29,949,N,VIIRS,n,2,316.81,27.13,N,0
39.98513,-120.71971,324.1,0.4,0.37,2021-08-29,949,N,VIIRS,n,2,294.67,2.47,N,0
39.98556,-120.74757,325.88,0.4,0.37,2021-08-29,949,N,VIIRS,n,2,293.93,5.73,N,0
39.98576,-120.72427,317.33,0.4,0.37,2021-08-29,949,N,VIIRS,n,2,294.61,2.47,N,0
39.98576,-120.67509,326.26,0.4,0.37,2021-08-29,949,N,VIIRS,n,2,295.71,12.41,N,0
39.98577,-120.6997,346.46,0.4,0.37,2021-08-29,949,N,VIIRS,n,2,301.79,5.7,N,0
39.98619,-120.75209,342.24,0.4,0.37,2021-08-29,949,N,VIIRS,n,2,295.94,5.73,N,0
39.9864,-120.72883,315.1,0.4,0.37,2021-08-29,949,N,VIIRS,n,2,294.81,1.65,N,0
39.98644,-120.67986,344.53,0.4,0.37,2021-08-29,949,N,VIIRS,n,2,304.23,6.39,N,0
39.98645,-120.70447,333.19,0.4,0.37,2021-08-29,949,N,VIIRS,n,2,292.97,5.7,N,0
39.98684,-120.75668,342.82,0.4,0.37,2021-08-29,949,N,VIIRS,n,2,294.8,4.14,N,0
39.98705,-120.73343,306.6,0.4,0.37,2021-08-29,949,N,VIIRS,n,2,291.19,1.65,N,0
39.98712,-120.68465,339.25,0.4,0.37,2021-08-29,949,N,VIIRS,n,2,300.59,6.39,N,0
39.98716,-120.70947,309.87,0.4,0.37,2021-08-29,949,N,VIIRS,n,2,291.14,1.48,N,0
39.98769,-120.73802,318.1,0.4,0.37,2021-08-29,949,N,VIIRS,n,2,293.8,2.29,N,0
39.98779,-120.68945,324.56,0.4,0.37,2021-08-29,949,N,VIIRS,n,2,293.38,5.03,N,0
39.98784,-120.71433,313.33,0.4,0.37,2021-08-29,949,N,VIIRS,n,2,292.55,1.48,N,0
39.98812,-120.76586,309.61,0.4,0.37,2021-08-29,949,N,VIIRS,n,2,289.48,2.27,N,0
39.98847,-120.69422,344.84,0.4,0.37,2021-08-29,949,N,VIIRS,n,2,300.5,5.03,N,0
39.9885,-120.71902,325.34,0.4,0.37,2021-08-29,949,N,VIIRS,n,2,295.19,2.47,N,0
39.98876,-120.77046,304.64,0.4,0.37,2021-08-29,949,N,VIIRS,n,2,286.94,2.27,N,0
39.98912,-120.67433,346.6,0.4,0.37,2021-08-29,949,N,VIIRS,n,2,301.19,12.41,N,0
39.98914,-120.69895,355.73,0.4,0.37,2021-08-29,949,N,VIIRS,n,2,313.2,9.87,N,0
39.98915,-120.72365,326.53,0.4,0.37,2021-08-29,949,N,VIIRS,n,2,296.25,2.47,N,0
39.98941,-120.77512,301.7,0.4,0.37,2021-08-29,949,N,VIIRS,n,2,286.16,0.61,N,0
39.98959,-120.75157,309.37,0.4,0.37,2021-08-29,949,N,VIIRS,n,2,289.6,2.2,N,0
39.9898,-120.72824,306.69,0.4,0.37,2021-08-29,949,N,VIIRS,n,2,292.04,1.65,N,0
39.9898,-120.6791,326.21,0.4,0.37,2021-08-29,949,N,VIIRS,n,2,297.7,6.39,N,0
39.98981,-120.7037,338.19,0.4,0.37,2021-08-29,949,N,VIIRS,n,2,296.79,9.87,N,0
39.99023,-120.75613,312.52,0.4,0.37,2021-08-29,949,N,VIIRS,n,2,290.11,1.45,N,0
39.99048,-120.68391,329.42,0.4,0.37,2021-08-29,949,N,VIIRS,n,2,299.25,6.39,N,0
39.9905,-120.7086,308.33,0.4,0.37,2021-08-29,949,N,VIIRS,n,2,290.84,1.48,N,0
39.99087,-120.76068,311.07,0.4,0.37,2021-08-29,949,N,VIIRS,n,2,288.39,1.45,N,0
39.9911,-120.73754,327.73,0.4,0.37,2021-08-29,949,N,VIIRS,n,2,293.23,2.29,N,0
39.99114,-120.66406,328.41,0.4,0.37,2021-08-29,949,N,VIIRS,n,2,289.4,5.8,N,0
39.99116,-120.68869,321.11,0.4,0.37,2021-08-29,949,N,VIIRS,n,2,294.09,5.03,N,0
39.9912,-120.71351,314.35,0.4,0.37,2021-08-29,949,N,VIIRS,n,2,293.22,1.48,N,0
39.99182,-120.66883,345.66,0.4,0.37,2021-08-29,949,N,VIIRS,n,2,296.89,5.2,N,0
39.99184,-120.69349,342.94,0.4,0.37,2021-08-29,949,N,VIIRS,n,2,301.96,5.03,N,0
39.99187,-120.71827,318.9,0.4,0.37,2021-08-29,949,N,VIIRS,n,2,294.78,2.3,N,0
39.99213,-120.76975,307.71,0.4,0.37,2021-08-29,949,N,VIIRS,n,2,288.64,1.2,N,0
39.99249,-120.67361,338.83,0.4,0.37,2021-08-29,949,N,VIIRS,n,2,297.83,5.2,N,0
39.9925,-120.69821,356.5,0.4,0.37,2021-08-29,949,N,VIIRS,n,2,306.49,9.87,N,0
39.99253,-120.72301,330.05,0.4,0.37,2021-08-29,949,N,VIIRS,n,2,296.23,2.3,N,0
39.99278,-120.77435,329.76,0.4,0.37,2021-08-29,949,N,VIIRS,n,2,291.75,2.39,N,0
39.99317,-120.70291,339.6,0.4,0.37,2021-08-29,949,N,VIIRS,n,2,301.05,9.87,N,0
39.99317,-120.67841,327.04,0.4,0.37,2021-08-29,949,N,VIIRS,n,2,296.74,2.81,N,0
39.99385,-120.70777,318.03,0.4,0.37,2021-08-29,949,N,VIIRS,n,2,292.56,1.48,N,0
39.99385,-120.68319,329.29,0.4,0.37,2021-08-29,949,N,VIIRS,n,2,298.02,2.81,N,0
39.9945,-120.6633,348.12,0.4,0.37,2021-08-29,949,N,VIIRS,n,2,293.07,5.8,N,0
39.99453,-120.68797,329.77,0.4,0.37,2021-08-29,949,N,VIIRS,n,2,297.27,9.59,N,0
39.99455,-120.71266,310.04,0.4,0.37,2021-08-29,949,N,VIIRS,n,2,291.28,1.48,N,0
39.99518,-120.66809,328.14,0.4,0.37,2021-08-29,949,N,VIIRS,n,2,295.92,5.2,N,0
39.9952,-120.69273,343.73,0.4,0.37,2021-08-29,949,N,VIIRS,n,2,306.31,9.59,N,0
39.99524,-120.71751,321.72,0.4,0.37,2021-08-29,949,N,VIIRS,n,2,294.65,2.3,N,0
39.99586,-120.67289,315.54,0.4,0.37,2021-08-29,949,N,VIIRS,n,2,294.27,5.2,N,0
39.99587,-120.69747,352.9,0.4,0.37,2021-08-29,949,N,VIIRS,n,2,309.22,19.72,N,0
39.99591,-120.72228,316.75,0.4,0.37,2021-08-29,949,N,VIIRS,n,2,293.15,2.3,N,0
39.99616,-120.77364,319.82,0.4,0.37,2021-08-29,949,N,VIIRS,n,2,288.7,2.39,N,0
39.99654,-120.70219,325.27,0.4,0.37,2021-08-29,949,N,VIIRS,n,2,295.38,19.72,N,0
39.99654,-120.67768,316.75,0.4,0.37,2021-08-29,949,N,VIIRS,n,2,294.27,2.81,N,0
39.99717,-120.65774,305.81,0.4,0.37,2021-08-29,949,N,VIIRS,n,2,285.33,6.13,N,0
39.99722,-120.70699,327.39,0.4,0.37,2021-08-29,949,N,VIIRS,n,2,294.71,2.5,N,0
39.99722,-120.68247,325.1,0.4,0.37,2021-08-29,949,N,VIIRS,n,2,296.84,2.81,N,0
39.99786,-120.66254,340.2,0.4,0.37,2021-08-29,949,N,VIIRS,n,2,294.47,6.13,N,0
39.99789,-120.68723,328.97,0.4,0.37,2021-08-29,949,N,VIIRS,n,2,300.1,9.59,N,0
39.9979,-120.71181,312.8,0.4,0.37,2021-08-29,949,N,VIIRS,n,2,290.52,2.5,N,0
39.99854,-120.66735,317.65,0.4,0.37,2021-08-29,949,N,VIIRS,n,2,292.08,1.96,N,0
39.99857,-120.69201,344.62,0.4,0.37,2021-08-29,949,N,VIIRS,n,2,303.69,9.59,N,0
39.99858,-120.71661,305.27,0.4,0.37,2021-08-29,949,N,VIIRS,n,2,290.43,1.09,N,0
39.99923,-120.67215,319.23,0.4,0.37,2021-08-29,949,N,VIIRS,n,2,294.01,1.96,N,0
39.99924,-120.69675,350.24,0.4,0.37,2021-08-29,949,N,VIIRS,n,2,314.34,19.72,N,0
39.99991,-120.67696,320.06,0.4,0.37,2021-08-29,949,N,VIIRS,n,2,295.4,2.23,N,0
39.99992,-120.70151,333.44,0.4,0.37,2021-08-29,949,N,VIIRS,n,2,296.79,19.72,N,0
40.00053,-120.65696,349.09,0.4,0.37,2021-08-29,949,N,VIIRS,n,2,302.16,6.13,N,0
40.00059,-120.70626,333.85,0.4,0.37,2021-08-29,949,N,VIIRS,n,2,296.74,2.5,N,0
40.00059,-120.68174,307.19,0.4,0.37,2021-08-29,949,N,VIIRS,n,2,293.96,2.23,N,0
40.00077,-120.65495,332.52,0.4,0.37,2021-08-29,949,N,VIIRS,n,2,293.26,6.71,N,0
40.00123,-120.66182,335.32,0.4,0.37,2021-08-29,949,N,VIIRS,n,2,300.46,6.13,N,0
40.00126,-120.71103,310.2,0.4,0.37,2021-08-29,949,N,VIIRS,n,2,292.28,2.5,N,0
40.00144,-120.65981,347.74,0.4,0.37,2021-08-29,949,N,VIIRS,n,2,306.41,5.05,N,0
40.00191,-120.66663,321.92,0.4,0.37,2021-08-29,949,N,VIIRS,n,2,296.99,1.96,N,0
40.00193,-120.74037,317.76,0.4,0.37,2021-08-29,949,N,VIIRS,n,2,292.23,2.33,N,0
40.00193,-120.71575,311.66,0.4,0.37,2021-08-29,949,N,VIIRS,n,2,290.48,1.09,N,0
40.00194,-120.69128,318.32,0.4,0.37,2021-08-29,949,N,VIIRS,n,2,293.8,3.85,N,0
40.00211,-120.66467,321.65,0.4,0.37,2021-08-29,949,N,VIIRS,n,2,296.12,5.05,N,0
40.00216,-120.79169,307.79,0.4,0.37,2021-08-29,949,N,VIIRS,n,2,289.9,0.69,N,0
40.00259,-120.67139,307.53,0.4,0.37,2021-08-29,949,N,VIIRS,n,2,293.9,1.96,N,0
40.0026,-120.72047,306.62,0.4,0.37,2021-08-29,949,N,VIIRS,n,2,290.69,1.09,N,0
40.00262,-120.69605,342.35,0.4,0.37,2021-08-29,949,N,VIIRS,n,2,297.97,3.93,N,0
40.00277,-120.66946,311.67,0.4,0.37,2021-08-29,949,N,VIIRS,n,2,295.28,2.78,N,0
40.00283,-120.79643,299.09,0.4,0.37,2021-08-29,949,N,VIIRS,n,2,288.43,0.69,N,0
40.0033,-120.70082,314.78,0.4,0.37,2021-08-29,949,N,VIIRS,n,2,293.96,3.93,N,0
40.00359,-120.77706,301.02,0.4,0.37,2021-08-29,949,N,VIIRS,n,2,287.26,0.48,N,0
40.00397,-120.70559,309.76,0.4,0.37,2021-08-29,949,N,VIIRS,n,2,292.35,1.57,N,0
40.00412,-120.65416,344,0.4,0.37,2021-08-29,949,N,VIIRS,n,2,296.81,6.71,N,0
40.00463,-120.71027,306.34,0.4,0.37,2021-08-29,949,N,VIIRS,n,2,291.19,1.57,N,0
40.0048,-120.65907,322.07,0.4,0.37,2021-08-29,949,N,VIIRS,n,2,295.38,5.05,N,0
40.00488,-120.78622,300.57,0.4,0.37,2021-08-29,949,N,VIIRS,n,2,288.76,1.44,N,0
40.0053,-120.71499,311.24,0.4,0.37,2021-08-29,949,N,VIIRS,n,2,291.77,1.27,N,0
40.00547,-120.66394,339.1,0.4,0.37,2021-08-29,949,N,VIIRS,n,2,299.91,5.05,N,0
40.00553,-120.7909,305.06,0.4,0.37,2021-08-29,949,N,VIIRS,n,2,288.53,0.69,N,0
40.00597,-120.71971,306.75,0.4,0.37,2021-08-29,949,N,VIIRS,n,2,290.98,1.27,N,0
40.00613,-120.66875,323.88,0.4,0.37,2021-08-29,949,N,VIIRS,n,2,297.35,2.78,N,0
40.00619,-120.79557,299.36,0.4,0.37,2021-08-29,949,N,VIIRS,n,2,289.03,0.69,N,0
40.00749,-120.65347,340.61,0.4,0.37,2021-08-29,949,N,VIIRS,n,2,301.01,9.71,N,0
40.00816,-120.65834,334.96,0.4,0.37,2021-08-29,949,N,VIIRS,n,2,295.97,4.81,N,0
40.00869,-120.71437,307.95,0.4,0.37,2021-08-29,949,N,VIIRS,n,2,291.39,1.27,N,0
40.00872,-120.71247,306.7,0.4,0.37,2021-08-29,949,N,VIIRS,n,2,291.65,2.19,N,0
40.00883,-120.66319,320.54,0.4,0.37,2021-08-29,949,N,VIIRS,n,2,294.77,4.81,N,0
40.00938,-120.71724,304.17,0.4,0.37,2021-08-29,949,N,VIIRS,n,2,290.46,2.49,N,0
40.00945,-120.69268,304.84,0.4,0.37,2021-08-29,949,N,VIIRS,n,2,290.21,2.31,N,0
40.00951,-120.66805,304.94,0.4,0.37,2021-08-29,949,N,VIIRS,n,2,289.14,1.86,N,0
40.01086,-120.65283,324.78,0.4,0.37,2021-08-29,949,N,VIIRS,n,2,290.78,9.71,N,0
40.01152,-120.65762,346.18,0.4,0.37,2021-08-29,949,N,VIIRS,n,2,298.21,4.81,N,0
40.0122,-120.66245,318.3,0.4,0.37,2021-08-29,949,N,VIIRS,n,2,294.92,4.81,N,0
40.0149,-120.65698,303.63,0.4,0.37,2021-08-29,949,N,VIIRS,n,2,289.78,0.88,N,0
40.01556,-120.66174,305.57,0.4,0.37,2021-08-29,949,N,VIIRS,n,2,292.65,0.88,N,0
40.01614,-120.71599,310.58,0.4,0.37,2021-08-29,949,N,VIIRS,n,2,292.13,1.23,N,0
40.0168,-120.72073,308.82,0.4,0.37,2021-08-29,949,N,VIIRS,n,2,292.49,1.23,N,0
40.02017,-120.72007,305.72,0.4,0.37,2021-08-29,949,N,VIIRS,n,2,291.67,1.23,N,0
40.02143,-120.72906,302.22,0.4,0.37,2021-08-29,949,N,VIIRS,n,2,290.2,2.26,N,0
40.02355,-120.7194,314.35,0.4,0.37,2021-08-29,949,N,VIIRS,n,2,291.83,2.22,N,0
40.02365,-120.79508,298.21,0.4,0.37,2021-08-29,949,N,VIIRS,n,2,287.52,0.4,N,0
40.0242,-120.72401,327.9,0.4,0.37,2021-08-29,949,N,VIIRS,n,2,291.07,5.25,N,0
40.02422,-120.69904,310.41,0.4,0.37,2021-08-29,949,N,VIIRS,n,2,291.32,2.62,N,0
40.02429,-120.79971,328.34,0.4,0.37,2021-08-29,949,N,VIIRS,n,2,290.99,1.76,N,0
40.02488,-120.70384,305.23,0.4,0.37,2021-08-29,949,N,VIIRS,n,2,291.14,2.58,N,0
40.02494,-120.80441,301.77,0.4,0.37,2021-08-29,949,N,VIIRS,n,2,289.47,1.76,N,0
40.02625,-120.71373,309.44,0.4,0.37,2021-08-29,949,N,VIIRS,n,2,290.66,2.22,N,0
40.02633,-120.66434,318.33,0.4,0.37,2021-08-29,949,N,VIIRS,n,2,289.01,2.76,N,0
40.0269,-120.69336,310.2,0.4,0.37,2021-08-29,949,N,VIIRS,n,2,291.37,3.4,N,0
40.02692,-120.71864,331.43,0.4,0.37,2021-08-29,949,N,VIIRS,n,2,291.95,2.22,N,0
40.02756,-120.69813,333.96,0.4,0.37,2021-08-29,949,N,VIIRS,n,2,294.86,3.4,N,0
40.02758,-120.72339,346.95,0.4,0.37,2021-08-29,949,N,VIIRS,n,2,293.05,5.25,N,0
40.02771,-120.79937,318.65,0.4,0.37,2021-08-29,949,N,VIIRS,n,2,291.32,2.77,N,0
40.02892,-120.70791,310.05,0.4,0.37,2021-08-29,949,N,VIIRS,n,2,291.7,2.02,N,0
40.029,-120.80872,312.91,0.4,0.37,2021-08-29,949,N,VIIRS,n,2,291.41,1.59,N,0
40.0296,-120.7129,340.58,0.4,0.37,2021-08-29,949,N,VIIRS,n,2,294.09,4.4,N,0
40.03028,-120.71786,327.37,0.4,0.37,2021-08-29,949,N,VIIRS,n,2,290.78,4.4,N,0
40.03091,-120.69728,314.34,0.4,0.37,2021-08-29,949,N,VIIRS,n,2,289.4,3.4,N,0
40.03242,-120.80838,316.03,0.4,0.37,2021-08-29,949,N,VIIRS,n,2,294.29,1.59,N,0
40.03297,-120.71212,342.95,0.4,0.37,2021-08-29,949,N,VIIRS,n,2,293.59,4.4,N,0
40.03455,-120.79865,304.39,0.4,0.37,2021-08-29,949,N,VIIRS,n,2,290.85,1.28,N,0
40.0352,-120.80337,319.95,0.4,0.37,2021-08-29,949,N,VIIRS,n,2,292.93,1.28,N,0
40.03584,-120.80803,318.22,0.4,0.37,2021-08-29,949,N,VIIRS,n,2,292.36,1.68,N,0
40.06886,-120.8203,304.34,0.4,0.37,2021-08-29,949,N,VIIRS,n,2,290.05,0.69,N,0
40.08357,-121.08013,324.71,0.41,0.37,2021-08-29,949,N,VIIRS,n,2,290.75,2.84,N,0
40.09441,-121.10851,309.05,0.41,0.37,2021-08-29,949,N,VIIRS,n,2,289.21,1,N,0
40.12861,-120.69545,301.99,0.4,0.37,2021-08-29,949,N,VIIRS,n,2,287.56,1.2,N,0
40.13452,-120.71294,299.41,0.4,0.37,2021-08-29,949,N,VIIRS,n,2,288.02,0.83,N,0
40.14924,-120.7692,316.31,0.4,0.37,2021-08-29,949,N,VIIRS,n,2,291.46,2.1,N,0
40.30272,-120.84681,299.7,0.41,0.37,2021-08-29,949,N,VIIRS,n,2,289.59,0.73,N,0
40.34583,-121.40009,308.1,0.42,0.38,2021-08-29,949,N,VIIRS,n,2,287.39,1.38,N,0
40.34672,-121.16914,295.07,0.41,0.37,2021-08-29,949,N,VIIRS,n,2,282.91,0.45,N,0
40.34737,-121.17397,298.85,0.41,0.37,2021-08-29,949,N,VIIRS,n,2,284.34,0.46,N,0
40.34802,-121.17881,297.19,0.41,0.37,2021-08-29,949,N,VIIRS,n,2,283.96,0.46,N,0
40.34863,-121.39455,307.63,0.42,0.38,2021-08-29,949,N,VIIRS,n,2,288.11,1.38,N,0
40.37698,-121.10735,296.98,0.41,0.37,2021-08-29,949,N,VIIRS,n,2,283.2,0.36,N,0
40.42076,-121.1242,306.27,0.41,0.37,2021-08-29,949,N,VIIRS,n,2,288.68,1.62,N,0
40.42416,-121.12337,299.32,0.41,0.37,2021-08-29,949,N,VIIRS,n,2,288.85,1.68,N,0
40.42483,-121.12835,303.6,0.41,0.37,2021-08-29,949,N,VIIRS,n,2,289.47,1.12,N,0
40.42757,-121.12256,322.54,0.41,0.37,2021-08-29,949,N,VIIRS,n,2,290.63,1.68,N,0
40.43441,-121.30553,298.19,0.42,0.37,2021-08-29,949,N,VIIRS,n,2,283.74,0.82,N,0
40.45893,-121.49195,307.5,0.42,0.38,2021-08-29,949,N,VIIRS,n,2,285.22,0.99,N,0
40.46236,-121.49105,302.32,0.42,0.38,2021-08-29,949,N,VIIRS,n,2,284.19,0.99,N,0
40.4712,-121.34346,307.7,0.42,0.38,2021-08-29,949,N,VIIRS,n,2,282.53,0.66,N,0
40.47313,-121.35799,303.14,0.42,0.38,2021-08-29,949,N,VIIRS,n,2,287.21,1.39,N,0
40.47462,-121.3426,296.76,0.42,0.38,2021-08-29,949,N,VIIRS,n,2,282.91,0.62,N,0
40.47657,-121.35727,299.68,0.42,0.38,2021-08-29,949,N,VIIRS,n,2,286.14,0.84,N,0
40.48032,-121.17482,320.02,0.41,0.37,2021-08-29,949,N,VIIRS,n,2,288.38,2.89,N,0
40.48084,-121.20473,297.34,0.41,0.37,2021-08-29,949,N,VIIRS,n,2,282.79,0.71,N,0
40.48358,-121.19897,300.58,0.41,0.37,2021-08-29,949,N,VIIRS,n,2,283.46,0.5,N,0
40.48503,-121.18368,322.59,0.41,0.37,2021-08-29,949,N,VIIRS,n,2,286.03,2.47,N,0
40.48699,-121.19817,296.43,0.41,0.37,2021-08-29,949,N,VIIRS,n,2,284.59,0.5,N,0
40.48766,-121.33437,301.89,0.42,0.38,2021-08-29,949,N,VIIRS,n,2,283.2,0.65,N,0
40.48846,-121.18298,301.1,0.41,0.37,2021-08-29,949,N,VIIRS,n,2,285.33,1.58,N,0
40.48975,-121.19257,297.51,0.41,0.37,2021-08-29,949,N,VIIRS,n,2,285.17,1.44,N,0
40.49041,-121.19743,323.44,0.41,0.37,2021-08-29,949,N,VIIRS,n,2,287.94,1.44,N,0
40.49336,-121.16723,310.73,0.41,0.37,2021-08-29,949,N,VIIRS,n,2,287.2,1.41,N,0
40.49432,-121.22638,295.35,0.42,0.37,2021-08-29,949,N,VIIRS,n,2,284.91,1.28,N,0
40.49496,-121.23109,297.42,0.42,0.37,2021-08-29,949,N,VIIRS,n,2,286.1,1.18,N,0
40.49549,-121.39323,296.56,0.42,0.38,2021-08-29,949,N,VIIRS,n,2,284.85,1.36,N,0
40.49559,-121.23578,305.6,0.42,0.37,2021-08-29,949,N,VIIRS,n,2,286.97,1.18,N,0
40.49623,-121.24053,316.28,0.42,0.37,2021-08-29,949,N,VIIRS,n,2,285.28,2.37,N,0
40.49709,-121.22083,319.14,0.42,0.37,2021-08-29,949,N,VIIRS,n,2,286.37,1.28,N,0
40.49725,-121.19595,297.82,0.41,0.37,2021-08-29,949,N,VIIRS,n,2,283.33,0.19,N,0
40.49774,-121.2256,313.93,0.42,0.37,2021-08-29,949,N,VIIRS,n,2,286.1,1.28,N,0
40.49796,-121.33215,299.83,0.42,0.38,2021-08-29,949,N,VIIRS,n,2,283.63,0.64,N,0
40.4986,-121.33694,299.36,0.42,0.38,2021-08-29,949,N,VIIRS,n,2,281.81,0.64,N,0
40.49892,-121.39236,296.96,0.42,0.38,2021-08-29,949,N,VIIRS,n,2,284.73,1.36,N,0
40.49902,-121.23511,311.66,0.42,0.37,2021-08-29,949,N,VIIRS,n,2,288.32,1.18,N,0
40.49957,-121.39724,325.12,0.42,0.38,2021-08-29,949,N,VIIRS,n,2,286.08,1.36,N,0
40.49987,-121.21529,302.95,0.41,0.37,2021-08-29,949,N,VIIRS,n,2,285.47,0.74,N,0
40.5014,-121.33147,335.95,0.42,0.38,2021-08-29,949,N,VIIRS,n,2,286.6,2.35,N,0
40.5018,-121.22963,312.53,0.42,0.37,2021-08-29,949,N,VIIRS,n,2,287.2,0.93,N,0
40.5019,-121.36166,302.28,0.42,0.38,2021-08-29,949,N,VIIRS,n,2,282.23,0.62,N,0
40.50203,-121.33622,319.4,0.42,0.38,2021-08-29,949,N,VIIRS,n,2,287.01,2.35,N,0
40.50245,-121.23442,303.37,0.42,0.37,2021-08-29,949,N,VIIRS,n,2,286,0.93,N,0
40.50256,-121.3666,298.98,0.42,0.38,2021-08-29,949,N,VIIRS,n,2,281.36,0.62,N,0
40.50299,-121.39638,308.95,0.42,0.38,2021-08-29,949,N,VIIRS,n,2,287.62,1.69,N,0
40.5031,-121.23922,305.24,0.42,0.37,2021-08-29,949,N,VIIRS,n,2,286.83,1.23,N,0
40.50458,-121.22408,301.59,0.42,0.37,2021-08-29,949,N,VIIRS,n,2,285.58,1.22,N,0
40.50484,-121.33073,306.96,0.42,0.38,2021-08-29,949,N,VIIRS,n,2,284.15,2.35,N,0
40.50509,-121.25393,301.96,0.42,0.37,2021-08-29,949,N,VIIRS,n,2,285.21,0.83,N,0
40.50523,-121.2289,295.25,0.42,0.37,2021-08-29,949,N,VIIRS,n,2,284.69,0.93,N,0
40.50547,-121.33549,317.55,0.42,0.38,2021-08-29,949,N,VIIRS,n,2,285.21,2.35,N,0
40.50576,-121.2589,307.27,0.42,0.37,2021-08-29,949,N,VIIRS,n,2,284.61,0.93,N,0
40.50751,-121.45712,328.24,0.42,0.38,2021-08-29,949,N,VIIRS,n,2,284.23,5.15,N,0
40.50764,-121.43135,297.03,0.42,0.38,2021-08-29,949,N,VIIRS,n,2,283.38,0.55,N,0
40.50792,-121.38023,313.62,0.42,0.38,2021-08-29,949,N,VIIRS,n,2,282.35,1.11,N,0
40.508,-121.22334,300.87,0.42,0.37,2021-08-29,949,N,VIIRS,n,2,285.68,1.38,N,0
40.50851,-121.25318,299.1,0.42,0.37,2021-08-29,949,N,VIIRS,n,2,284.45,0.83,N,0
40.50866,-121.22818,329.69,0.42,0.37,2021-08-29,949,N,VIIRS,n,2,288.13,3.72,N,0
40.51036,-121.22535,332.59,0.42,0.37,2021-08-29,949,N,VIIRS,n,2,288.48,3.67,N,0
40.51097,-121.45644,336.79,0.42,0.38,2021-08-29,949,N,VIIRS,n,2,281.84,3.52,N,0
40.51106,-121.32446,308.19,0.42,0.37,2021-08-29,949,N,VIIRS,n,2,281.15,1.26,N,0
40.51127,-121.24755,313.33,0.42,0.37,2021-08-29,949,N,VIIRS,n,2,286.43,2.27,N,0
40.51134,-121.37944,310.89,0.42,0.38,2021-08-29,949,N,VIIRS,n,2,281.48,1.11,N,0
40.51143,-121.22261,312.43,0.42,0.37,2021-08-29,949,N,VIIRS,n,2,285.47,1.38,N,0
40.51186,-121.21008,295.78,0.42,0.37,2021-08-29,949,N,VIIRS,n,2,282.71,0.76,N,0
40.51208,-121.22746,334.21,0.42,0.37,2021-08-29,949,N,VIIRS,n,2,289.03,3.72,N,0
40.5122,-121.35934,319.82,0.42,0.38,2021-08-29,949,N,VIIRS,n,2,279.2,2.65,N,0
40.51242,-121.44063,305.36,0.42,0.38,2021-08-29,949,N,VIIRS,n,2,279.38,0.69,N,0
40.51261,-121.2574,301.13,0.42,0.37,2021-08-29,949,N,VIIRS,n,2,284.92,1.31,N,0
40.51292,-121.24475,313.66,0.42,0.37,2021-08-29,949,N,VIIRS,n,2,286.56,2.03,N,0
40.51308,-121.44568,299.41,0.42,0.38,2021-08-29,949,N,VIIRS,n,2,279.01,0.69,N,0
40.51357,-121.24963,314.06,0.42,0.37,2021-08-29,949,N,VIIRS,n,2,286.78,2.66,N,0
40.51378,-121.22463,338.41,0.42,0.37,2021-08-29,949,N,VIIRS,n,2,288.28,3.67,N,0
40.51405,-121.24199,305.1,0.42,0.37,2021-08-29,949,N,VIIRS,n,2,285.24,1.21,N,0
40.51449,-121.32368,312.52,0.42,0.37,2021-08-29,949,N,VIIRS,n,2,281.11,1.16,N,0
40.51471,-121.24686,317.69,0.42,0.37,2021-08-29,949,N,VIIRS,n,2,286.97,2.27,N,0
40.51527,-121.20929,312.08,0.42,0.37,2021-08-29,949,N,VIIRS,n,2,284.42,0.98,N,0
40.51553,-121.26452,299.82,0.42,0.37,2021-08-29,949,N,VIIRS,n,2,285.05,0.86,N,0
40.51562,-121.35853,333.08,0.42,0.38,2021-08-29,949,N,VIIRS,n,2,287.45,2.65,N,0
40.51571,-121.23917,299.59,0.42,0.37,2021-08-29,949,N,VIIRS,n,2,285.53,2.03,N,0
40.51586,-121.43985,323.91,0.42,0.38,2021-08-29,949,N,VIIRS,n,2,283.46,2.17,N,0
40.51635,-121.24406,333.46,0.42,0.37,2021-08-29,949,N,VIIRS,n,2,289.18,2.03,N,0
40.51656,-121.21902,298.94,0.42,0.37,2021-08-29,949,N,VIIRS,n,2,282.32,1.38,N,0
40.517,-121.24893,318.24,0.42,0.37,2021-08-29,949,N,VIIRS,n,2,286.81,2.66,N,0
40.5172,-121.44996,329,0.42,0.38,2021-08-29,949,N,VIIRS,n,2,280.4,2.13,N,0
40.5172,-121.22388,319.97,0.42,0.37,2021-08-29,949,N,VIIRS,n,2,284.38,1.38,N,0
40.51787,-121.45499,316.66,0.42,0.38,2021-08-29,949,N,VIIRS,n,2,279.37,2.13,N,0
40.5183,-121.25875,303.36,0.42,0.37,2021-08-29,949,N,VIIRS,n,2,285.68,0.86,N,0
40.51838,-121.35268,298.02,0.42,0.38,2021-08-29,949,N,VIIRS,n,2,284.63,0.92,N,0
40.51855,-121.32763,299.05,0.42,0.38,2021-08-29,949,N,VIIRS,n,2,281.79,1.12,N,0
40.51863,-121.43404,302.63,0.42,0.38,2021-08-29,949,N,VIIRS,n,2,282.68,1.09,N,0
40.51869,-121.20851,299.57,0.42,0.37,2021-08-29,949,N,VIIRS,n,2,284.25,0.98,N,0
40.51905,-121.35767,351.79,0.42,0.38,2021-08-29,949,N,VIIRS,n,2,293.9,8.76,N,0
40.51921,-121.33249,303.36,0.42,0.38,2021-08-29,949,N,VIIRS,n,2,282.17,1.12,N,0
40.51934,-121.21339,299.38,0.42,0.37,2021-08-29,949,N,VIIRS,n,2,282.63,0.98,N,0
40.51979,-121.24335,311.1,0.42,0.37,2021-08-29,949,N,VIIRS,n,2,285.25,1.04,N,0
40.52043,-121.24824,328.59,0.42,0.37,2021-08-29,949,N,VIIRS,n,2,289.23,2.09,N,0
40.52052,-121.34227,298.14,0.42,0.38,2021-08-29,949,N,VIIRS,n,2,279.78,0.8,N,0
40.52104,-121.37256,296.14,0.42,0.38,2021-08-29,949,N,VIIRS,n,2,281.33,0.8,N,0
40.52172,-121.25802,298.84,0.42,0.37,2021-08-29,949,N,VIIRS,n,2,284.72,1.52,N,0
40.52181,-121.35191,297.9,0.42,0.38,2021-08-29,949,N,VIIRS,n,2,285.47,0.92,N,0
40.52199,-121.32692,349.02,0.42,0.38,2021-08-29,949,N,VIIRS,n,2,292.79,4.98,N,0
40.52211,-121.20775,304.7,0.42,0.37,2021-08-29,949,N,VIIRS,n,2,284.62,1.69,N,0
40.52248,-121.35693,323.8,0.42,0.38,2021-08-29,949,N,VIIRS,n,2,288.84,8.76,N,0
40.52264,-121.33176,340.86,0.42,0.38,2021-08-29,949,N,VIIRS,n,2,288.66,4.98,N,0
40.52275,-121.21261,317.24,0.42,0.37,2021-08-29,949,N,VIIRS,n,2,287.03,1.69,N,0
40.52337,-121.32421,327.17,0.42,0.38,2021-08-29,949,N,VIIRS,n,2,286.52,1.71,N,0
40.52396,-121.34156,319.16,0.42,0.38,2021-08-29,949,N,VIIRS,n,2,281.38,2.48,N,0
40.524,-121.32906,327.46,0.42,0.38,2021-08-29,949,N,VIIRS,n,2,289.25,2.76,N,0
40.52451,-121.2524,309.1,0.42,0.37,2021-08-29,949,N,VIIRS,n,2,285.28,2.09,N,0
40.52478,-121.32137,300.06,0.42,0.37,2021-08-29,949,N,VIIRS,n,2,281.47,0.77,N,0
40.52515,-121.25732,311,0.42,0.37,2021-08-29,949,N,VIIRS,n,2,284.97,1.52,N,0
40.52527,-121.35132,317.79,0.42,0.38,2021-08-29,949,N,VIIRS,n,2,286.52,1.58,N,0
40.52544,-121.32621,327.12,0.42,0.38,2021-08-29,949,N,VIIRS,n,2,290.41,4.98,N,0
40.52609,-121.33107,314.86,0.42,0.38,2021-08-29,949,N,VIIRS,n,2,282.94,4.98,N,0
40.52617,-121.21185,321.35,0.42,0.37,2021-08-29,949,N,VIIRS,n,2,288.32,1.69,N,0
40.52646,-121.26722,322.25,0.42,0.37,2021-08-29,949,N,VIIRS,n,2,286.5,2.82,N,0
40.52658,-121.34864,298.55,0.42,0.38,2021-08-29,949,N,VIIRS,n,2,282.9,0.65,N,0
40.52681,-121.3235,309.43,0.42,0.38,2021-08-29,949,N,VIIRS,n,2,286.1,1.71,N,0
40.52682,-121.21671,319.22,0.42,0.37,2021-08-29,949,N,VIIRS,n,2,285.64,2.55,N,0
40.52722,-121.35357,298.33,0.42,0.38,2021-08-29,949,N,VIIRS,n,2,285.67,0.65,N,0
40.52744,-121.32837,314.59,0.42,0.38,2021-08-29,949,N,VIIRS,n,2,284.65,2.76,N,0
40.52793,-121.25166,298.75,0.42,0.37,2021-08-29,949,N,VIIRS,n,2,282.21,0.6,N,0
40.52806,-121.34577,302.14,0.42,0.38,2021-08-29,949,N,VIIRS,n,2,283.15,1.58,N,0
40.52859,-121.25662,330.54,0.42,0.37,2021-08-29,949,N,VIIRS,n,2,286.79,3.46,N,0
40.53002,-121.34798,301.25,0.42,0.38,2021-08-29,949,N,VIIRS,n,2,283.4,0.65,N,0
40.53281,-121.34234,306.47,0.42,0.38,2021-08-29,949,N,VIIRS,n,2,282.28,1.5,N,0
40.53342,-121.16063,342.67,0.41,0.37,2021-08-29,949,N,VIIRS,n,2,285.83,7.71,N,0
40.53346,-121.34726,337.12,0.42,0.38,2021-08-29,949,N,VIIRS,n,2,283.45,3.84,N,0
40.53478,-121.25012,302.72,0.42,0.37,2021-08-29,949,N,VIIRS,n,2,285.65,0.9,N,0
40.53561,-121.33672,300.68,0.42,0.38,2021-08-29,949,N,VIIRS,n,2,278.78,1.5,N,0
40.53625,-121.34161,323.93,0.42,0.38,2021-08-29,949,N,VIIRS,n,2,283.21,1.5,N,0
40.53683,-121.15988,332.16,0.41,0.37,2021-08-29,949,N,VIIRS,n,2,285.74,6.49,N,0
40.53689,-121.34652,328.02,0.42,0.38,2021-08-29,949,N,VIIRS,n,2,280.83,3.84,N,0
40.53748,-121.1647,332.2,0.41,0.37,2021-08-29,949,N,VIIRS,n,2,284.73,8.2,N,0
40.53754,-121.24434,298.12,0.42,0.37,2021-08-29,949,N,VIIRS,n,2,285.54,0.9,N,0
40.53904,-121.33592,320.13,0.42,0.38,2021-08-29,949,N,VIIRS,n,2,282.01,4.48,N,0
40.53968,-121.34078,346.38,0.42,0.38,2021-08-29,949,N,VIIRS,n,2,287.89,4.48,N,0
40.54089,-121.16393,367,0.41,0.37,2021-08-29,949,N,VIIRS,h,2,288.65,8.2,N,0
40.54155,-121.16877,333.13,0.41,0.37,2021-08-29,949,N,VIIRS,n,2,283.09,8.2,N,0
40.54246,-121.33504,337.45,0.42,0.38,2021-08-29,949,N,VIIRS,n,2,285.99,4.48,N,0
40.54309,-121.33991,345.47,0.42,0.38,2021-08-29,949,N,VIIRS,n,2,288.27,4.48,N,0
40.54374,-121.3448,299.11,0.42,0.38,2021-08-29,949,N,VIIRS,n,2,282.32,1.59,N,0
40.54431,-121.16313,328.16,0.41,0.37,2021-08-29,949,N,VIIRS,n,2,286.1,15.63,N,0
40.54437,-121.24271,297.84,0.42,0.37,2021-08-29,949,N,VIIRS,n,2,286.19,0.77,N,0
40.54496,-121.16798,346.43,0.41,0.37,2021-08-29,949,N,VIIRS,n,2,290.44,15.63,N,0
40.54504,-121.24774,299.6,0.42,0.37,2021-08-29,949,N,VIIRS,n,2,285.99,0.77,N,0
40.54713,-121.23696,317.14,0.42,0.37,2021-08-29,949,N,VIIRS,n,2,287.95,1.85,N,0
40.54779,-121.24197,310.53,0.42,0.37,2021-08-29,949,N,VIIRS,n,2,287.01,2.02,N,0
40.54837,-121.16718,356.69,0.41,0.37,2021-08-29,949,N,VIIRS,n,2,301.37,15.63,N,0
40.54865,-121.32838,320.28,0.42,0.38,2021-08-29,949,N,VIIRS,n,2,283.99,1.54,N,0
40.54902,-121.172,297.53,0.41,0.37,2021-08-29,949,N,VIIRS,n,2,282.75,2.48,N,0
40.55177,-121.16634,335.63,0.41,0.37,2021-08-29,949,N,VIIRS,n,2,291.24,4.35,N,0
40.55206,-121.32744,311.06,0.42,0.38,2021-08-29,949,N,VIIRS,n,2,286.14,1.12,N,0
40.55243,-121.17117,367,0.41,0.37,2021-08-29,949,N,VIIRS,h,2,296.76,8.39,N,0
40.55256,-121.25127,298.5,0.42,0.37,2021-08-29,949,N,VIIRS,n,2,285.54,0.49,N,0
40.55269,-121.33216,323.24,0.42,0.38,2021-08-29,949,N,VIIRS,n,2,288.84,2.68,N,0
40.55308,-121.17604,300.03,0.41,0.37,2021-08-29,949,N,VIIRS,n,2,281.74,8.39,N,0
40.55322,-121.25623,299.55,0.42,0.37,2021-08-29,949,N,VIIRS,n,2,285.1,0.49,N,0
40.55387,-121.26117,296.86,0.42,0.37,2021-08-29,949,N,VIIRS,n,2,283.6,0.42,N,0
40.55532,-121.24554,297.59,0.42,0.37,2021-08-29,949,N,VIIRS,n,2,285.65,0.93,N,0
40.55547,-121.32654,307.97,0.42,0.38,2021-08-29,949,N,VIIRS,n,2,289.61,1.12,N,0
40.5561,-121.33122,322.88,0.42,0.38,2021-08-29,949,N,VIIRS,n,2,291.35,2.68,N,0
40.55664,-121.25549,312.09,0.42,0.37,2021-08-29,949,N,VIIRS,n,2,284.65,1.07,N,0
40.55696,-121.205,298.29,0.42,0.37,2021-08-29,949,N,VIIRS,n,2,280.08,25.96,N,0
40.5576,-121.20979,331.61,0.42,0.37,2021-08-29,949,N,VIIRS,n,2,288.9,21.18,N,0
40.55796,-121.26537,297.99,0.42,0.37,2021-08-29,949,N,VIIRS,n,2,282.98,0.79,N,0
40.55807,-121.23976,313.68,0.42,0.37,2021-08-29,949,N,VIIRS,n,2,287.55,0.93,N,0
40.55889,-121.32568,306.21,0.42,0.38,2021-08-29,949,N,VIIRS,n,2,290.47,1.53,N,0
40.55951,-121.33032,338.4,0.42,0.38,2021-08-29,949,N,VIIRS,n,2,292.39,3.23,N,0
40.56101,-121.20898,356.9,0.42,0.37,2021-08-29,949,N,VIIRS,n,2,307.64,21.18,N,0
40.56139,-121.26463,306.01,0.42,0.37,2021-08-29,949,N,VIIRS,n,2,284.18,0.79,N,0
40.56166,-121.2138,332.22,0.42,0.37,2021-08-29,949,N,VIIRS,n,2,289.83,21.18,N,0
40.56231,-121.32481,309.57,0.42,0.38,2021-08-29,949,N,VIIRS,n,2,289.27,1.53,N,0
40.56293,-121.32946,323.64,0.42,0.38,2021-08-29,949,N,VIIRS,n,2,288.34,3.23,N,0
40.56416,-121.25896,295.67,0.42,0.37,2021-08-29,949,N,VIIRS,n,2,283.89,1.09,N,0
40.56443,-121.20815,338.24,0.42,0.37,2021-08-29,949,N,VIIRS,n,2,294.21,18.47,N,0
40.56482,-121.26389,308.32,0.42,0.37,2021-08-29,949,N,VIIRS,n,2,285.62,1.09,N,0
40.56491,-121.23817,305.14,0.42,0.37,2021-08-29,949,N,VIIRS,n,2,288.45,1.53,N,0
40.56508,-121.21303,355.82,0.42,0.37,2021-08-29,949,N,VIIRS,n,2,298.75,18.47,N,0
40.56512,-121.31937,304.85,0.42,0.38,2021-08-29,949,N,VIIRS,n,2,289,2.86,N,0
40.56573,-121.21795,355.18,0.42,0.37,2021-08-29,949,N,VIIRS,n,2,287.88,13.29,N,0
40.56574,-121.32401,327.97,0.42,0.38,2021-08-29,949,N,VIIRS,n,2,288.61,2.86,N,0
40.56639,-121.2228,367,0.42,0.37,2021-08-29,949,N,VIIRS,h,2,290.63,13.29,N,0
40.56693,-121.25327,322.23,0.42,0.37,2021-08-29,949,N,VIIRS,n,2,284.63,2.4,N,0
40.56702,-121.22758,321.24,0.42,0.37,2021-08-29,949,N,VIIRS,n,2,288.98,3.48,N,0
40.56759,-121.25823,322.19,0.42,0.37,2021-08-29,949,N,VIIRS,n,2,285.93,1.09,N,0
40.56767,-121.23244,300.12,0.42,0.37,2021-08-29,949,N,VIIRS,n,2,288.07,3.48,N,0
40.56824,-121.26315,305.34,0.42,0.37,2021-08-29,949,N,VIIRS,n,2,285.74,1.09,N,0
40.56834,-121.2374,299.89,0.42,0.37,2021-08-29,949,N,VIIRS,n,2,288.68,0.89,N,0
40.56855,-121.31857,324.04,0.42,0.38,2021-08-29,949,N,VIIRS,n,2,292.26,2.86,N,0
40.56902,-121.24249,302.75,0.42,0.37,2021-08-29,949,N,VIIRS,n,2,287.92,0.89,N,0
40.56917,-121.3232,335.21,0.42,0.38,2021-08-29,949,N,VIIRS,n,2,291.85,2.86,N,0
40.56981,-121.22208,353.49,0.42,0.37,2021-08-29,949,N,VIIRS,n,2,296.27,13.29,N,0
40.57036,-121.25254,309.7,0.42,0.37,2021-08-29,949,N,VIIRS,n,2,286.36,1.27,N,0
40.57041,-121.33254,296.75,0.42,0.38,2021-08-29,949,N,VIIRS,n,2,286.09,0.55,N,0
40.57046,-121.22691,329.97,0.42,0.37,2021-08-29,949,N,VIIRS,n,2,289.2,3.48,N,0
40.57158,-121.28819,317.15,0.42,0.37,2021-08-29,949,N,VIIRS,n,2,286.43,1.29,N,0
40.57199,-121.31781,304.64,0.42,0.38,2021-08-29,949,N,VIIRS,n,2,288.66,2.06,N,0
40.57224,-121.29312,299.5,0.42,0.37,2021-08-29,949,N,VIIRS,n,2,284.96,1.29,N,0
40.57261,-121.32246,344.71,0.42,0.38,2021-08-29,949,N,VIIRS,n,2,290.95,2.06,N,0
40.57323,-121.32713,297.57,0.42,0.38,2021-08-29,949,N,VIIRS,n,2,285.14,1.09,N,0
40.57385,-121.33183,314.01,0.42,0.38,2021-08-29,949,N,VIIRS,n,2,286.39,1.09,N,0
40.57447,-121.33652,296.28,0.42,0.38,2021-08-29,949,N,VIIRS,n,2,285.55,0.76,N,0
40.57501,-121.28745,310.22,0.42,0.37,2021-08-29,949,N,VIIRS,n,2,286.23,0.97,N,0
40.57542,-121.31711,299.01,0.42,0.38,2021-08-29,949,N,VIIRS,n,2,287.96,2.06,N,0
40.57567,-121.2924,304.34,0.42,0.37,2021-08-29,949,N,VIIRS,n,2,285.65,0.97,N,0
40.57605,-121.32178,323.03,0.42,0.38,2021-08-29,949,N,VIIRS,n,2,289.89,2.06,N,0
40.57633,-121.29732,338.16,0.42,0.37,2021-08-29,949,N,VIIRS,n,2,287.89,2.65,N,0
40.57667,-121.32647,310.43,0.42,0.38,2021-08-29,949,N,VIIRS,n,2,286.93,1.09,N,0
40.57729,-121.33115,296.63,0.42,0.38,2021-08-29,949,N,VIIRS,n,2,285.69,1.09,N,0
40.57845,-121.28673,297.25,0.42,0.37,2021-08-29,949,N,VIIRS,n,2,284.95,0.97,N,0
40.57887,-121.31638,305.15,0.42,0.38,2021-08-29,949,N,VIIRS,n,2,288.44,1.23,N,0
40.5791,-121.37152,306.61,0.42,0.38,2021-08-29,949,N,VIIRS,n,2,285.57,1.03,N,0
40.57975,-121.3764,303.05,0.42,0.38,2021-08-29,949,N,VIIRS,n,2,284.99,10.84,N,0
40.57976,-121.29661,312.86,0.42,0.37,2021-08-29,949,N,VIIRS,n,2,285.97,2.65,N,0
40.58053,-121.35556,309.8,0.42,0.38,2021-08-29,949,N,VIIRS,n,2,287.26,1.66,N,0
40.58137,-121.33524,303.61,0.42,0.38,2021-08-29,949,N,VIIRS,n,2,287.39,1.14,N,0
40.58188,-121.36578,311.89,0.42,0.38,2021-08-29,949,N,VIIRS,n,2,287.58,1.03,N,0
40.5823,-121.31567,302.77,0.42,0.38,2021-08-29,949,N,VIIRS,n,2,288.52,1.23,N,0
40.58253,-121.37071,302.83,0.42,0.38,2021-08-29,949,N,VIIRS,n,2,287.46,1.03,N,0
40.58266,-121.34492,309.6,0.42,0.38,2021-08-29,949,N,VIIRS,n,2,288.24,2.23,N,0
40.58294,-121.32044,319.66,0.42,0.38,2021-08-29,949,N,VIIRS,n,2,287.42,1.23,N,0
40.58317,-121.37548,341.47,0.42,0.38,2021-08-29,949,N,VIIRS,n,2,288.02,10.84,N,0
40.58332,-121.34994,315.36,0.42,0.38,2021-08-29,949,N,VIIRS,n,2,288.67,2.23,N,0
40.58357,-121.32517,313.76,0.42,0.38,2021-08-29,949,N,VIIRS,n,2,286.77,1.04,N,0
40.58381,-121.38034,304.32,0.42,0.38,2021-08-29,949,N,VIIRS,n,2,283.5,10.84,N,0
40.58399,-121.35502,333.23,0.42,0.38,2021-08-29,949,N,VIIRS,n,2,291.63,2.84,N,0
40.58419,-121.32993,301.01,0.42,0.38,2021-08-29,949,N,VIIRS,n,2,286.83,1.04,N,0
40.58533,-121.36507,302.54,0.42,0.38,2021-08-29,949,N,VIIRS,n,2,286.38,0.8,N,0
40.58547,-121.3395,300.78,0.42,0.38,2021-08-29,949,N,VIIRS,n,2,287.63,1.14,N,0
40.58597,-121.3699,299.24,0.42,0.38,2021-08-29,949,N,VIIRS,n,2,287.42,0.8,N,0
40.58612,-121.34441,323.93,0.42,0.38,2021-08-29,949,N,VIIRS,n,2,290.09,2.23,N,0
40.58638,-121.31979,310.06,0.42,0.38,2021-08-29,949,N,VIIRS,n,2,288.87,1.17,N,0
40.58659,-121.37462,338.87,0.42,0.38,2021-08-29,949,N,VIIRS,n,2,303.68,14.12,N,0
40.58679,-121.3494,334.63,0.42,0.38,2021-08-29,949,N,VIIRS,n,2,290.62,2.23,N,0
40.58702,-121.32457,326.55,0.42,0.38,2021-08-29,949,N,VIIRS,n,2,290.44,2.47,N,0
40.58722,-121.3794,331.44,0.42,0.38,2021-08-29,949,N,VIIRS,n,2,289.71,14.12,N,0
40.58745,-121.35445,309.21,0.42,0.38,2021-08-29,949,N,VIIRS,n,2,288.68,2.84,N,0
40.58765,-121.32932,304.17,0.42,0.38,2021-08-29,949,N,VIIRS,n,2,287.66,2.47,N,0
40.58829,-121.33411,307.96,0.42,0.38,2021-08-29,949,N,VIIRS,n,2,288.24,2.12,N,0
40.58941,-121.28947,318.26,0.42,0.37,2021-08-29,949,N,VIIRS,n,2,292.81,2.19,N,0
40.58958,-121.34386,306.89,0.42,0.38,2021-08-29,949,N,VIIRS,n,2,288.39,1.35,N,0
40.59002,-121.37386,316.12,0.42,0.38,2021-08-29,949,N,VIIRS,n,2,288.52,14.12,N,0
40.59007,-121.29438,300.07,0.42,0.37,2021-08-29,949,N,VIIRS,n,2,286.56,1.04,N,0
40.59025,-121.34885,321.7,0.42,0.38,2021-08-29,949,N,VIIRS,n,2,289.07,1.35,N,0
40.59111,-121.3287,331.07,0.42,0.38,2021-08-29,949,N,VIIRS,n,2,290.67,2.47,N,0
40.59284,-121.28871,316.92,0.42,0.37,2021-08-29,949,N,VIIRS,n,2,292.97,2.19,N,0
40.59304,-121.3433,306.61,0.42,0.38,2021-08-29,949,N,VIIRS,n,2,288.97,1.35,N,0
40.59347,-121.37312,299.91,0.42,0.38,2021-08-29,949,N,VIIRS,n,2,288.44,0.82,N,0
40.59456,-121.32811,319.27,0.42,0.38,2021-08-29,949,N,VIIRS,n,2,291.67,2.03,N,0
40.5952,-121.33294,343.59,0.42,0.38,2021-08-29,949,N,VIIRS,n,2,295.86,2.59,N,0
40.59586,-121.33782,322.01,0.42,0.38,2021-08-29,949,N,VIIRS,n,2,289.93,2.59,N,0
40.59618,-121.39361,301.26,0.42,0.38,2021-08-29,949,N,VIIRS,n,2,286.4,0.97,N,0
40.59651,-121.34274,317.08,0.42,0.38,2021-08-29,949,N,VIIRS,n,2,290.21,1.62,N,0
40.59866,-121.33235,302.72,0.42,0.38,2021-08-29,949,N,VIIRS,n,2,290.98,2.59,N,0
40.59931,-121.33723,318.85,0.42,0.38,2021-08-29,949,N,VIIRS,n,2,291.02,2.59,N,0
40.59962,-121.39288,312.38,0.42,0.38,2021-08-29,949,N,VIIRS,n,2,287.63,0.97,N,0
40.59997,-121.34215,309.43,0.42,0.38,2021-08-29,949,N,VIIRS,n,2,288.11,1.62,N,0
40.60277,-121.33665,313.93,0.42,0.38,2021-08-29,949,N,VIIRS,n,2,293.64,2.73,N,0
40.60307,-121.39217,329.59,0.42,0.38,2021-08-29,949,N,VIIRS,n,2,288.7,3.76,N,0
40.60342,-121.34155,315.38,0.42,0.38,2021-08-29,949,N,VIIRS,n,2,289.59,1.79,N,0
40.60583,-121.38625,298.43,0.42,0.38,2021-08-29,949,N,VIIRS,n,2,288.41,1.2,N,0
40.60654,-121.39157,342.1,0.42,0.38,2021-08-29,949,N,VIIRS,n,2,290.42,3.76,N,0
40.60666,-121.36586,303.1,0.42,0.38,2021-08-29,949,N,VIIRS,n,2,285.17,0.84,N,0
40.60863,-121.38062,325.78,0.42,0.38,2021-08-29,949,N,VIIRS,n,2,286.94,1.86,N,0
40.60931,-121.38577,316.61,0.42,0.38,2021-08-29,949,N,VIIRS,n,2,286.93,1.86,N,0
40.61012,-121.36527,310.48,0.42,0.38,2021-08-29,949,N,VIIRS,n,2,287.48,0.84,N,0
40.61143,-121.37507,298.69,0.42,0.38,2021-08-29,949,N,VIIRS,n,2,285.97,0.56,N,0
40.61349,-121.39052,298.3,0.42,0.38,2021-08-29,949,N,VIIRS,n,2,286.96,0.6,N,0
40.61355,-121.25877,303.8,0.42,0.37,2021-08-29,949,N,VIIRS,n,2,288.3,1.09,N,0
40.61359,-121.36472,336.53,0.42,0.38,2021-08-29,949,N,VIIRS,n,2,290.09,3.15,N,0
40.61422,-121.26373,309.26,0.42,0.37,2021-08-29,949,N,VIIRS,n,2,290.3,1.09,N,0
40.61424,-121.36959,312.25,0.42,0.38,2021-08-29,949,N,VIIRS,n,2,286.24,2.9,N,0
40.61559,-121.37968,320.88,0.42,0.38,2021-08-29,949,N,VIIRS,n,2,287.47,1.44,N,0
40.61627,-121.38481,303.74,0.42,0.38,2021-08-29,949,N,VIIRS,n,2,287.42,1.44,N,0
40.61695,-121.38998,303.74,0.42,0.38,2021-08-29,949,N,VIIRS,n,2,289.34,1.11,N,0
40.62082,-121.31289,297.84,0.42,0.38,2021-08-29,949,N,VIIRS,n,2,285.29,1.06,N,0
41.4332,-121.88892,296.41,0.44,0.38,2021-08-29,949,N,VIIRS,n,2,284.94,0.68,N,0
41.45367,-121.87887,299.41,0.44,0.38,2021-08-29,949,N,VIIRS,n,2,284.79,1.01,N,0
41.45634,-121.88171,298.48,0.44,0.38,2021-08-29,949,N,VIIRS,n,2,286.79,0.85,N,0
41.45794,-121.94132,309.96,0.44,0.39,2021-08-29,949,N,VIIRS,n,2,290.49,1.51,N,0
41.4589,-121.92014,312.92,0.44,0.39,2021-08-29,949,N,VIIRS,n,2,288.89,1.92,N,0
41.46145,-121.92315,338.35,0.44,0.39,2021-08-29,949,N,VIIRS,n,2,290.87,3.61,N,0
41.46208,-121.92833,313.66,0.44,0.39,2021-08-29,949,N,VIIRS,n,2,290.8,3.61,N,0
41.4631,-121.92461,337.43,0.44,0.39,2021-08-29,949,N,VIIRS,n,2,292.48,4.6,N,0
41.46375,-121.92978,303.19,0.44,0.39,2021-08-29,949,N,VIIRS,n,2,289.34,1.3,N,0
41.47768,-121.90762,303.66,0.44,0.39,2021-08-29,949,N,VIIRS,n,2,288.18,1.38,N,0
41.48123,-121.90697,303.89,0.44,0.39,2021-08-29,949,N,VIIRS,n,2,288,1.01,N,0
41.4919,-121.90535,312.36,0.44,0.39,2021-08-29,949,N,VIIRS,n,2,287.12,1.29,N,0
41.49258,-121.91082,299.67,0.44,0.39,2021-08-29,949,N,VIIRS,n,2,285.51,1.29,N,0
41.49412,-121.89403,298.01,0.44,0.39,2021-08-29,949,N,VIIRS,n,2,287.82,0.84,N,0
41.49545,-121.90472,302.76,0.44,0.39,2021-08-29,949,N,VIIRS,n,2,284.84,1.04,N,0
41.49766,-121.89329,296.65,0.44,0.39,2021-08-29,949,N,VIIRS,n,2,284.86,0.84,N,0
41.50184,-121.89781,314.23,0.44,0.39,2021-08-29,949,N,VIIRS,n,2,287.98,2.75,N,0
41.50251,-121.9032,316.98,0.44,0.39,2021-08-29,949,N,VIIRS,n,2,286.64,1.02,N,0
41.50603,-121.90235,295.37,0.44,0.39,2021-08-29,949,N,VIIRS,n,2,282.56,1.02,N,0
41.53488,-121.95908,299.46,0.44,0.39,2021-08-29,949,N,VIIRS,n,2,287.66,0.91,N,0
41.53887,-121.99109,324.7,0.45,0.39,2021-08-29,949,N,VIIRS,n,2,284.71,2.13,N,0
41.54723,-121.99982,301.07,0.45,0.39,2021-08-29,949,N,VIIRS,n,2,284.83,0.66,N,0
41.55551,-121.75311,311.22,0.44,0.38,2021-08-29,949,N,VIIRS,n,2,286.79,1.92,N,0
41.57486,-121.79268,298.59,0.44,0.38,2021-08-29,949,N,VIIRS,n,2,285.47,0.82,N,0
41.57837,-121.79176,297.19,0.44,0.38,2021-08-29,949,N,VIIRS,n,2,287.13,0.82,N,0
39.07327,-121.59659,305.6,0.41,0.37,2021-08-29,950,N,VIIRS,n,2,289.37,0.49,N,0
39.94634,-120.73389,342.27,0.44,0.38,2021-08-29,2112,N,VIIRS,n,2,311.25,13.05,D,0
39.94696,-120.72883,353.4,0.44,0.38,2021-08-29,2112,N,VIIRS,n,2,315.75,13.05,D,0
39.94724,-120.73201,352.92,0.44,0.38,2021-08-29,2112,N,VIIRS,n,2,317.19,7.35,D,0
39.94761,-120.72349,350.96,0.44,0.38,2021-08-29,2112,N,VIIRS,n,2,313.74,14.74,D,0
39.9479,-120.72683,356.88,0.44,0.38,2021-08-29,2112,N,VIIRS,n,2,319.29,7.62,D,0
39.94827,-120.71801,339.43,0.44,0.38,2021-08-29,2112,N,VIIRS,n,2,305.03,14.74,D,0
39.94858,-120.7214,339.98,0.44,0.38,2021-08-29,2112,N,VIIRS,n,2,309.39,7.62,D,0
39.94892,-120.71257,339.72,0.44,0.38,2021-08-29,2112,N,VIIRS,n,2,305.76,11.61,D,0
39.94983,-120.73479,367,0.44,0.38,2021-08-29,2112,N,VIIRS,l,2,331.73,85.28,D,0
39.95047,-120.72959,367,0.44,0.38,2021-08-29,2112,N,VIIRS,h,2,340.91,85.28,D,0
39.95112,-120.72421,367,0.44,0.38,2021-08-29,2112,N,VIIRS,l,2,332.77,221.16,D,0
39.95177,-120.71876,355.04,0.44,0.38,2021-08-29,2112,N,VIIRS,n,2,319.96,221.16,D,0
39.95243,-120.71331,367,0.44,0.38,2021-08-29,2112,N,VIIRS,h,2,311.48,0,D,0
39.9527,-120.74082,338.64,0.44,0.38,2021-08-29,2112,N,VIIRS,n,2,310.42,26.15,D,0
39.95309,-120.70791,351.35,0.44,0.38,2021-08-29,2112,N,VIIRS,n,2,305.11,0,D,0
39.95333,-120.73566,367,0.44,0.38,2021-08-29,2112,N,VIIRS,h,2,353.22,85.28,D,0
39.95397,-120.73033,367,0.44,0.38,2021-08-29,2112,N,VIIRS,h,2,359.37,85.28,D,0
39.95463,-120.72492,367,0.44,0.38,2021-08-29,2112,N,VIIRS,h,2,349.73,221.16,D,0
39.9553,-120.71944,367,0.44,0.38,2021-08-29,2112,N,VIIRS,l,2,379.6,221.16,D,0
39.95596,-120.71395,367,0.44,0.38,2021-08-29,2112,N,VIIRS,l,2,379.91,0,D,0
39.95619,-120.74167,350.72,0.44,0.38,2021-08-29,2112,N,VIIRS,n,2,316.79,24.64,D,0
39.95662,-120.7085,367,0.44,0.38,2021-08-29,2112,N,VIIRS,l,2,372.29,0,D,0
39.95683,-120.73645,367,0.44,0.38,2021-08-29,2112,N,VIIRS,l,2,372.96,172.27,D,0
39.95726,-120.70317,354.17,0.44,0.38,2021-08-29,2112,N,VIIRS,n,2,311.79,59.38,D,0
39.95749,-120.73103,367,0.44,0.38,2021-08-29,2112,N,VIIRS,h,2,377.9,172.27,D,0
39.95789,-120.69799,367,0.44,0.38,2021-08-29,2112,N,VIIRS,h,2,300.5,59.38,D,0
39.95816,-120.72553,367,0.44,0.38,2021-08-29,2112,N,VIIRS,h,2,356.58,191.77,D,0
39.9585,-120.69296,367,0.44,0.38,2021-08-29,2112,N,VIIRS,h,2,298.24,20.16,D,0
39.95883,-120.72002,367,0.44,0.38,2021-08-29,2112,N,VIIRS,l,2,376.61,191.77,D,0
39.95907,-120.7476,354.46,0.44,0.38,2021-08-29,2112,N,VIIRS,n,2,318.7,24.64,D,0
39.95911,-120.68801,356.47,0.44,0.38,2021-08-29,2112,N,VIIRS,n,2,296.79,20.16,D,0
39.9597,-120.74247,353.86,0.44,0.38,2021-08-29,2112,N,VIIRS,n,2,320.58,24.64,D,0
39.95972,-120.68298,345.15,0.44,0.38,2021-08-29,2112,N,VIIRS,n,2,294.41,12.46,D,0
39.96016,-120.70906,367,0.44,0.38,2021-08-29,2112,N,VIIRS,l,2,382.21,0,D,0
39.96035,-120.73713,367,0.44,0.38,2021-08-29,2112,N,VIIRS,l,2,362.85,172.27,D,0
39.9608,-120.70377,367,0.44,0.38,2021-08-29,2112,N,VIIRS,l,2,349.03,0,D,0
39.96101,-120.73167,367,0.44,0.38,2021-08-29,2112,N,VIIRS,h,2,367.68,172.27,D,0
39.96168,-120.72616,367,0.44,0.38,2021-08-29,2112,N,VIIRS,l,2,335.78,191.77,D,0
39.96196,-120.75339,367,0.44,0.38,2021-08-29,2112,N,VIIRS,h,2,320.04,19.56,D,0
39.96202,-120.69368,356.25,0.44,0.38,2021-08-29,2112,N,VIIRS,n,2,298.22,55.31,D,0
39.96257,-120.74841,367,0.44,0.38,2021-08-29,2112,N,VIIRS,l,2,334.21,39.24,D,0
39.96261,-120.68884,367,0.44,0.38,2021-08-29,2112,N,VIIRS,h,2,293.57,55.31,D,0
39.96304,-120.71501,367,0.44,0.38,2021-08-29,2112,N,VIIRS,l,2,374.79,0,D,0
39.9632,-120.74324,367,0.44,0.38,2021-08-29,2112,N,VIIRS,l,2,325.78,39.24,D,0
39.96321,-120.68391,353.04,0.44,0.38,2021-08-29,2112,N,VIIRS,n,2,289.13,14.37,D,0
39.96383,-120.67887,342.71,0.44,0.38,2021-08-29,2112,N,VIIRS,n,2,286.07,14.37,D,0
39.96387,-120.73782,367,0.44,0.38,2021-08-29,2112,N,VIIRS,h,2,355.19,51.2,D,0
39.96453,-120.73232,353.81,0.44,0.38,2021-08-29,2112,N,VIIRS,n,2,322.09,51.2,D,0
39.96485,-120.75919,348.14,0.44,0.38,2021-08-29,2112,N,VIIRS,n,2,311.22,19.56,D,0
39.96493,-120.69946,367,0.44,0.38,2021-08-29,2112,N,VIIRS,l,2,335.93,0,D,0
39.9652,-120.72681,354.7,0.44,0.38,2021-08-29,2112,N,VIIRS,n,2,307.06,15.9,D,0
39.96546,-120.7542,356.81,0.44,0.38,2021-08-29,2112,N,VIIRS,n,2,316.96,19.56,D,0
39.96552,-120.69458,345.05,0.44,0.38,2021-08-29,2112,N,VIIRS,n,2,299.94,55.31,D,0
39.96589,-120.72121,367,0.44,0.38,2021-08-29,2112,N,VIIRS,h,2,306.96,15.9,D,0
39.96608,-120.7491,367,0.44,0.38,2021-08-29,2112,N,VIIRS,h,2,318.71,39.24,D,0
39.96611,-120.68977,367,0.44,0.38,2021-08-29,2112,N,VIIRS,h,2,293.55,55.31,D,0
39.96671,-120.68488,356.32,0.44,0.38,2021-08-29,2112,N,VIIRS,l,2,287.81,14.37,D,0
39.96673,-120.74384,367,0.44,0.38,2021-08-29,2112,N,VIIRS,h,2,316.55,39.24,D,0
39.96722,-120.71019,367,0.44,0.38,2021-08-29,2112,N,VIIRS,l,2,383.45,0,D,0
39.9674,-120.73839,367,0.44,0.38,2021-08-29,2112,N,VIIRS,h,2,317.33,51.2,D,0
39.96806,-120.73294,353.07,0.44,0.38,2021-08-29,2112,N,VIIRS,n,2,310,51.2,D,0
39.96843,-120.70036,367,0.44,0.38,2021-08-29,2112,N,VIIRS,l,2,380.19,0,D,0
39.96896,-120.75498,356.31,0.44,0.38,2021-08-29,2112,N,VIIRS,n,2,316.92,13.18,D,0
39.96901,-120.69553,292.91,0.44,0.38,2021-08-29,2112,N,VIIRS,l,2,319.26,0,D,0
39.96941,-120.72183,350.44,0.44,0.38,2021-08-29,2112,N,VIIRS,n,2,306.65,15.9,D,0
39.9696,-120.74982,349.35,0.44,0.38,2021-08-29,2112,N,VIIRS,n,2,313.58,6.53,D,0
39.9696,-120.69071,352.05,0.44,0.38,2021-08-29,2112,N,VIIRS,n,2,295.62,0,D,0
39.9701,-120.71613,367,0.44,0.38,2021-08-29,2112,N,VIIRS,h,2,353.48,0,D,0
39.9702,-120.68581,357.04,0.44,0.38,2021-08-29,2112,N,VIIRS,l,2,286.6,27.06,D,0
39.97025,-120.74445,352.83,0.44,0.38,2021-08-29,2112,N,VIIRS,n,2,313.08,6.53,D,0
39.97076,-120.71072,367,0.44,0.38,2021-08-29,2112,N,VIIRS,l,2,378.33,0,D,0
39.97081,-120.68079,357.06,0.44,0.38,2021-08-29,2112,N,VIIRS,l,2,278.2,27.06,D,0
39.97092,-120.73899,351.73,0.44,0.38,2021-08-29,2112,N,VIIRS,n,2,312.16,10.39,D,0
39.97135,-120.70593,367,0.44,0.38,2021-08-29,2112,N,VIIRS,l,2,355.97,0,D,0
39.97158,-120.73355,347.22,0.44,0.38,2021-08-29,2112,N,VIIRS,n,2,310.26,10.39,D,0
39.97193,-120.70118,367,0.44,0.38,2021-08-29,2112,N,VIIRS,l,2,354.31,0,D,0
39.97247,-120.75578,352.01,0.44,0.38,2021-08-29,2112,N,VIIRS,n,2,321.55,13.18,D,0
39.97252,-120.69641,367,0.44,0.38,2021-08-29,2112,N,VIIRS,l,2,378.55,0,D,0
39.97311,-120.75053,352.51,0.44,0.38,2021-08-29,2112,N,VIIRS,n,2,314.13,6.53,D,0
39.97372,-120.68658,357.67,0.44,0.38,2021-08-29,2112,N,VIIRS,n,2,285.42,27.06,D,0
39.97377,-120.74511,347.93,0.44,0.38,2021-08-29,2112,N,VIIRS,n,2,314.09,6.53,D,0
39.97428,-120.71143,367,0.44,0.38,2021-08-29,2112,N,VIIRS,h,2,364.12,156.3,D,0
39.97433,-120.68153,357.81,0.44,0.38,2021-08-29,2112,N,VIIRS,l,2,276.14,27.06,D,0
39.97487,-120.70666,367,0.44,0.38,2021-08-29,2112,N,VIIRS,h,2,308.15,12.89,D,0
39.97545,-120.70193,367,0.44,0.38,2021-08-29,2112,N,VIIRS,h,2,306,12.89,D,0
39.97597,-120.75655,350.09,0.44,0.38,2021-08-29,2112,N,VIIRS,n,2,318.26,39.91,D,0
39.97662,-120.75127,349.66,0.44,0.38,2021-08-29,2112,N,VIIRS,n,2,314.58,42.32,D,0
39.97724,-120.68726,356.62,0.44,0.38,2021-08-29,2112,N,VIIRS,n,2,290.93,45.84,D,0
39.97729,-120.74577,367,0.44,0.38,2021-08-29,2112,N,VIIRS,h,2,343.57,42.32,D,0
39.97781,-120.71204,367,0.44,0.38,2021-08-29,2112,N,VIIRS,h,2,311.09,156.3,D,0
39.97786,-120.68223,356.94,0.44,0.38,2021-08-29,2112,N,VIIRS,l,2,278.55,45.84,D,0
39.97839,-120.70732,349.4,0.44,0.38,2021-08-29,2112,N,VIIRS,n,2,309.74,12.89,D,0
39.97896,-120.70267,347.87,0.44,0.38,2021-08-29,2112,N,VIIRS,n,2,309.75,12.89,D,0
39.97948,-120.75726,355,0.44,0.38,2021-08-29,2112,N,VIIRS,n,2,321.56,39.91,D,0
39.97955,-120.69786,349.71,0.44,0.38,2021-08-29,2112,N,VIIRS,n,2,304.75,98.1,D,0
39.98014,-120.75191,353.63,0.44,0.38,2021-08-29,2112,N,VIIRS,n,2,314.23,42.32,D,0
39.98015,-120.69292,356.97,0.44,0.38,2021-08-29,2112,N,VIIRS,n,2,303.65,98.1,D,0
39.98077,-120.68791,350.89,0.44,0.38,2021-08-29,2112,N,VIIRS,n,2,303.08,45.84,D,0
39.98082,-120.74635,349.13,0.44,0.38,2021-08-29,2112,N,VIIRS,n,2,317.56,42.32,D,0
39.98138,-120.6829,348.75,0.44,0.38,2021-08-29,2112,N,VIIRS,n,2,297.4,45.84,D,0
39.9815,-120.74078,348.81,0.44,0.38,2021-08-29,2112,N,VIIRS,n,2,307,10.97,D,0
39.98199,-120.67793,356.99,0.44,0.38,2021-08-29,2112,N,VIIRS,l,2,284.09,36.83,D,0
39.98218,-120.73524,351.17,0.44,0.38,2021-08-29,2112,N,VIIRS,n,2,308.14,10.97,D,0
39.98237,-120.763,367,0.44,0.38,2021-08-29,2112,N,VIIRS,h,2,309.58,63.03,D,0
39.98248,-120.70336,350.15,0.44,0.38,2021-08-29,2112,N,VIIRS,n,2,312.51,9.79,D,0
39.98259,-120.67295,356.99,0.44,0.38,2021-08-29,2112,N,VIIRS,l,2,279.83,36.83,D,0
39.9832,-120.66797,349.85,0.44,0.38,2021-08-29,2112,N,VIIRS,n,2,272.22,18.67,D,0
39.98367,-120.75242,347.17,0.44,0.38,2021-08-29,2112,N,VIIRS,n,2,308.76,39.68,D,0
39.9843,-120.68851,367,0.44,0.38,2021-08-29,2112,N,VIIRS,h,2,295.71,20.19,D,0
39.98491,-120.68356,356.17,0.44,0.38,2021-08-29,2112,N,VIIRS,l,2,289.31,20.19,D,0
39.98551,-120.67861,356.17,0.44,0.38,2021-08-29,2112,N,VIIRS,l,2,285.75,20.8,D,0
39.98589,-120.7636,367,0.44,0.38,2021-08-29,2112,N,VIIRS,h,2,307.64,63.03,D,0
39.986,-120.7041,349.44,0.44,0.38,2021-08-29,2112,N,VIIRS,n,2,310.17,9.79,D,0
39.98612,-120.67365,351.24,0.44,0.38,2021-08-29,2112,N,VIIRS,n,2,294.16,20.8,D,0
39.98673,-120.66865,355.07,0.44,0.38,2021-08-29,2112,N,VIIRS,n,2,278.55,20.9,D,0
39.98844,-120.68416,350.21,0.44,0.38,2021-08-29,2112,N,VIIRS,n,2,290.65,20.19,D,0
39.98905,-120.67921,350.78,0.44,0.38,2021-08-29,2112,N,VIIRS,n,2,286.82,20.8,D,0
39.98942,-120.76415,350.55,0.44,0.38,2021-08-29,2112,N,VIIRS,n,2,309.28,18.55,D,0
39.98965,-120.67424,355.19,0.44,0.38,2021-08-29,2112,N,VIIRS,n,2,285.49,20.8,D,0
39.9901,-120.75866,350.85,0.44,0.38,2021-08-29,2112,N,VIIRS,n,2,302.49,18.55,D,0
39.99026,-120.66924,356.81,0.44,0.38,2021-08-29,2112,N,VIIRS,l,2,285.61,20.9,D,0
39.99079,-120.75309,345.8,0.44,0.38,2021-08-29,2112,N,VIIRS,n,2,304.16,20.9,D,0
39.99228,-120.77019,344.3,0.44,0.38,2021-08-29,2112,N,VIIRS,n,2,309.01,9.48,D,0
39.99269,-120.64941,349.85,0.44,0.38,2021-08-29,2112,N,VIIRS,n,2,278.42,8.15,D,0
39.99296,-120.76471,346.82,0.44,0.38,2021-08-29,2112,N,VIIRS,n,2,312.17,18.55,D,0
39.99329,-120.64447,346.54,0.44,0.38,2021-08-29,2112,N,VIIRS,n,2,284.77,8.15,D,0
39.99442,-120.66484,353.94,0.44,0.38,2021-08-29,2112,N,VIIRS,n,2,285.22,34.34,D,0
39.9958,-120.77075,353.13,0.44,0.38,2021-08-29,2112,N,VIIRS,n,2,318.58,30.2,D,0
39.99681,-120.64521,356.31,0.44,0.38,2021-08-29,2112,N,VIIRS,l,2,289.18,254.46,D,0
39.99742,-120.64024,346.13,0.44,0.38,2021-08-29,2112,N,VIIRS,n,2,286.36,10.72,D,0
39.99784,-120.69582,367,0.44,0.38,2021-08-29,2112,N,VIIRS,h,2,309.89,17.89,D,0
39.99856,-120.6605,353.93,0.44,0.38,2021-08-29,2112,N,VIIRS,n,2,287.83,116.61,D,0
39.99867,-120.77663,345.56,0.44,0.38,2021-08-29,2112,N,VIIRS,n,2,308.3,30.2,D,0
39.99974,-120.65076,367,0.44,0.38,2021-08-29,2112,N,VIIRS,l,2,373.43,254.46,D,0
40.00035,-120.64583,367,0.44,0.38,2021-08-29,2112,N,VIIRS,l,2,325.56,254.46,D,0
40.00092,-120.78752,338.09,0.44,0.38,2021-08-29,2112,N,VIIRS,n,2,310.26,8.49,D,0
40.00096,-120.6408,350.8,0.44,0.38,2021-08-29,2112,N,VIIRS,n,2,289.1,10.72,D,0
40.00156,-120.7824,343.43,0.44,0.38,2021-08-29,2112,N,VIIRS,n,2,311.57,8.49,D,0
40.00269,-120.65623,354.08,0.44,0.38,2021-08-29,2112,N,VIIRS,n,2,293.05,34.21,D,0
40.0038,-120.79332,353.82,0.44,0.38,2021-08-29,2112,N,VIIRS,n,2,315.35,27.36,D,0
40.00389,-120.64642,367,0.44,0.38,2021-08-29,2112,N,VIIRS,h,2,342.51,226.26,D,0
40.00443,-120.78823,342.96,0.44,0.38,2021-08-29,2112,N,VIIRS,n,2,306.18,8.49,D,0
40.00451,-120.6413,351.19,0.44,0.38,2021-08-29,2112,N,VIIRS,n,2,289.86,10.34,D,0
40.00509,-120.78292,337.58,0.44,0.38,2021-08-29,2112,N,VIIRS,n,2,306.92,8.49,D,0
40.00579,-120.77734,344.66,0.44,0.38,2021-08-29,2112,N,VIIRS,n,2,306.95,8.38,D,0
40.00746,-120.64675,355.72,0.44,0.38,2021-08-29,2112,N,VIIRS,n,2,296.69,226.26,D,0
40.00808,-120.6417,338.32,0.44,0.38,2021-08-29,2112,N,VIIRS,n,2,289.72,10.34,D,0
40.00979,-120.6572,343.98,0.44,0.38,2021-08-29,2112,N,VIIRS,n,2,301.1,15.1,D,0
40.01041,-120.65222,350.72,0.44,0.38,2021-08-29,2112,N,VIIRS,n,2,305.33,47.32,D,0
40.01222,-120.78349,348.09,0.44,0.38,2021-08-29,2112,N,VIIRS,n,2,309.17,17.76,D,0
40.01336,-120.65763,350.03,0.44,0.38,2021-08-29,2112,N,VIIRS,n,2,295.2,15.1,D,0
40.01432,-120.7954,348.63,0.44,0.38,2021-08-29,2112,N,VIIRS,n,2,309.65,20.43,D,0
40.01785,-120.79598,338.97,0.44,0.38,2021-08-29,2112,N,VIIRS,l,2,310.28,20.43,D,0
40.02071,-120.80193,346.46,0.44,0.38,2021-08-29,2112,N,VIIRS,n,2,308.81,17.13,D,0
40.02431,-120.80198,354.79,0.44,0.38,2021-08-29,2112,N,VIIRS,n,2,309.39,17.13,D,0
40.0267,-120.69593,344.37,0.44,0.38,2021-08-29,2112,N,VIIRS,n,2,310,6.37,D,0
40.02729,-120.72045,342.01,0.44,0.38,2021-08-29,2112,N,VIIRS,n,2,307.7,10.11,D,0
40.02789,-120.71561,343.64,0.44,0.38,2021-08-29,2112,N,VIIRS,n,2,310.56,8.13,D,0
40.03142,-120.71623,346.17,0.44,0.38,2021-08-29,2112,N,VIIRS,l,2,316.5,18.24,D,0
40.032,-120.71152,356.61,0.44,0.38,2021-08-29,2112,N,VIIRS,n,2,315.49,18.24,D,0
40.03514,-120.80186,342.8,0.44,0.38,2021-08-29,2112,N,VIIRS,n,2,305.93,3.92,D,0
40.03554,-120.7121,347.52,0.44,0.38,2021-08-29,2112,N,VIIRS,n,2,310.22,18.24,D,0
40.0829,-121.08009,353.9,0.43,0.38,2021-08-29,2112,N,VIIRS,n,2,318.7,19.49,D,0
40.13036,-120.70039,343.11,0.44,0.38,2021-08-29,2112,N,VIIRS,n,2,311.21,7.36,D,0
40.34806,-121.3961,367,0.42,0.38,2021-08-29,2112,N,VIIRS,h,2,312.86,14.64,D,0
40.35025,-121.40662,349.07,0.42,0.38,2021-08-29,2112,N,VIIRS,n,2,311.73,8.51,D,0
40.37789,-121.10424,337.49,0.43,0.38,2021-08-29,2112,N,VIIRS,l,2,310.78,21.16,D,0
40.39992,-121.35134,338.87,0.42,0.38,2021-08-29,2112,N,VIIRS,n,2,310.49,2.42,D,0
40.42171,-121.1252,348.34,0.43,0.38,2021-08-29,2112,N,VIIRS,n,2,317.33,26.24,D,0
40.42574,-121.41191,343.72,0.42,0.38,2021-08-29,2112,N,VIIRS,l,2,315.66,11.25,D,0
40.42707,-121.11105,344.21,0.43,0.38,2021-08-29,2112,N,VIIRS,n,2,313.05,5.58,D,0
40.43057,-121.1117,339.6,0.43,0.38,2021-08-29,2112,N,VIIRS,l,2,313.03,5.58,D,0
40.46976,-121.34474,341.95,0.42,0.38,2021-08-29,2112,N,VIIRS,n,2,310.91,3.92,D,0
40.47321,-121.34554,342.81,0.42,0.38,2021-08-29,2112,N,VIIRS,n,2,311.95,3.92,D,0
40.47596,-121.09749,335.79,0.43,0.38,2021-08-29,2112,N,VIIRS,l,2,310.2,3.48,D,0
40.4766,-121.09233,337.01,0.43,0.38,2021-08-29,2112,N,VIIRS,l,2,310.69,5.42,D,0
40.47665,-121.34638,337.52,0.42,0.38,2021-08-29,2112,N,VIIRS,l,2,311.67,35.62,D,0
40.48023,-121.17757,339.98,0.43,0.38,2021-08-29,2112,N,VIIRS,l,2,312.52,8.84,D,0
40.48054,-121.20351,344.21,0.43,0.38,2021-08-29,2112,N,VIIRS,n,2,308.47,2.76,D,0
40.48089,-121.17235,344.14,0.43,0.38,2021-08-29,2112,N,VIIRS,l,2,314.27,8.84,D,0
40.48116,-121.19856,340.46,0.43,0.38,2021-08-29,2112,N,VIIRS,n,2,307.57,6.56,D,0
40.48463,-121.19933,346.77,0.43,0.38,2021-08-29,2112,N,VIIRS,n,2,309.93,6.56,D,0
40.4854,-121.13641,338.22,0.43,0.38,2021-08-29,2112,N,VIIRS,n,2,309.21,3.17,D,0
40.48547,-121.33301,348.16,0.42,0.38,2021-08-29,2112,N,VIIRS,n,2,314.41,16.15,D,0
40.48655,-121.18406,353.27,0.43,0.38,2021-08-29,2112,N,VIIRS,n,2,314.07,11.01,D,0
40.48874,-121.19503,351.83,0.43,0.38,2021-08-29,2112,N,VIIRS,n,2,310.84,11.62,D,0
40.48891,-121.3338,345.95,0.42,0.38,2021-08-29,2112,N,VIIRS,n,2,316.22,16.15,D,0
40.49004,-121.18475,344.85,0.43,0.38,2021-08-29,2112,N,VIIRS,n,2,310.97,7.08,D,0
40.49116,-121.23225,346.88,0.43,0.38,2021-08-29,2112,N,VIIRS,n,2,315.77,12.11,D,0
40.4933,-121.2434,339.36,0.43,0.38,2021-08-29,2112,N,VIIRS,n,2,306.57,3.69,D,0
40.49395,-121.23832,346.58,0.43,0.38,2021-08-29,2112,N,VIIRS,n,2,309.09,3.69,D,0
40.49462,-121.23309,348.86,0.43,0.38,2021-08-29,2112,N,VIIRS,n,2,305.09,12.11,D,0
40.49529,-121.22781,342.2,0.43,0.38,2021-08-29,2112,N,VIIRS,n,2,305.1,12.11,D,0
40.4957,-121.1964,347.82,0.43,0.38,2021-08-29,2112,N,VIIRS,n,2,309.62,6.22,D,0
40.49594,-121.22265,351.39,0.43,0.38,2021-08-29,2112,N,VIIRS,n,2,308.08,6.85,D,0
40.49789,-121.20727,338.23,0.43,0.38,2021-08-29,2112,N,VIIRS,n,2,306.84,3.48,D,0
40.49911,-121.39259,341.47,0.42,0.38,2021-08-29,2112,N,VIIRS,n,2,311.24,8.4,D,0
40.49917,-121.19713,344.98,0.43,0.38,2021-08-29,2112,N,VIIRS,n,2,306.12,6.22,D,0
40.49996,-121.33081,350.08,0.42,0.38,2021-08-29,2112,N,VIIRS,n,2,314.23,17.96,D,0
40.5019,-121.39843,342.68,0.42,0.38,2021-08-29,2112,N,VIIRS,n,2,311.65,8.4,D,0
40.50238,-121.36727,341.07,0.42,0.38,2021-08-29,2112,N,VIIRS,n,2,310.46,45.46,D,0
40.50302,-121.3623,367,0.42,0.38,2021-08-29,2112,N,VIIRS,l,2,332.27,45.46,D,0
40.50343,-121.33152,355.74,0.42,0.38,2021-08-29,2112,N,VIIRS,n,2,316.08,17.96,D,0
40.50595,-121.25598,367,0.43,0.38,2021-08-29,2112,N,VIIRS,h,2,310.9,17.58,D,0
40.50626,-121.45781,336.05,0.42,0.38,2021-08-29,2112,N,VIIRS,l,2,310.19,12.94,D,0
40.50635,-121.22489,348.38,0.43,0.38,2021-08-29,2112,N,VIIRS,n,2,315.82,18.61,D,0
40.50656,-121.16698,367,0.43,0.38,2021-08-29,2112,N,VIIRS,h,2,370.4,148.52,D,0
40.50711,-121.35812,338.61,0.42,0.38,2021-08-29,2112,N,VIIRS,l,2,312.94,48.27,D,0
40.5072,-121.16189,367,0.43,0.38,2021-08-29,2112,N,VIIRS,h,2,336.43,65.68,D,0
40.50796,-121.37904,352.82,0.42,0.38,2021-08-29,2112,N,VIIRS,n,2,321.2,19.69,D,0
40.5087,-121.38229,341.09,0.42,0.38,2021-08-29,2112,N,VIIRS,l,2,315.92,6.99,D,0
40.50933,-121.37716,349.31,0.42,0.38,2021-08-29,2112,N,VIIRS,n,2,318.62,21.58,D,0
40.50982,-121.22557,353.99,0.43,0.38,2021-08-29,2112,N,VIIRS,n,2,308.26,18.61,D,0
40.51004,-121.16772,342.11,0.43,0.38,2021-08-29,2112,N,VIIRS,n,2,312.43,148.52,D,0
40.51035,-121.45348,343.66,0.42,0.38,2021-08-29,2112,N,VIIRS,l,2,314.15,12.94,D,0
40.51068,-121.16263,367,0.43,0.38,2021-08-29,2112,N,VIIRS,h,2,323.32,65.68,D,0
40.5107,-121.24667,345.84,0.43,0.38,2021-08-29,2112,N,VIIRS,n,2,306.41,8.28,D,0
40.51133,-121.15753,340.51,0.43,0.38,2021-08-29,2112,N,VIIRS,n,2,304.25,65.68,D,0
40.51159,-121.44366,367,0.42,0.38,2021-08-29,2112,N,VIIRS,h,2,336.34,77.28,D,0
40.51167,-121.32271,339.34,0.42,0.38,2021-08-29,2112,N,VIIRS,l,2,311.75,9.31,D,0
40.51187,-121.35694,342.17,0.42,0.38,2021-08-29,2112,N,VIIRS,l,2,314.3,5.74,D,0
40.5122,-121.43881,344.48,0.42,0.38,2021-08-29,2112,N,VIIRS,n,2,312.93,24.59,D,0
40.51331,-121.22626,348.62,0.43,0.38,2021-08-29,2112,N,VIIRS,n,2,309.71,17,D,0
40.51352,-121.16847,345.03,0.43,0.38,2021-08-29,2112,N,VIIRS,n,2,318.39,16.69,D,0
40.51395,-121.2212,354.22,0.43,0.38,2021-08-29,2112,N,VIIRS,n,2,308.79,17,D,0
40.51403,-121.35954,344.01,0.42,0.38,2021-08-29,2112,N,VIIRS,l,2,316.47,8.25,D,0
40.51416,-121.16335,367,0.43,0.38,2021-08-29,2112,N,VIIRS,l,2,339.96,269,D,0
40.51419,-121.24732,352.35,0.43,0.38,2021-08-29,2112,N,VIIRS,n,2,309.51,8.28,D,0
40.51481,-121.15826,367,0.43,0.38,2021-08-29,2112,N,VIIRS,h,2,350.86,269,D,0
40.51484,-121.24224,347.75,0.43,0.38,2021-08-29,2112,N,VIIRS,n,2,308.31,8.28,D,0
40.51512,-121.32353,341.37,0.42,0.38,2021-08-29,2112,N,VIIRS,l,2,311.66,10.76,D,0
40.51533,-121.35771,349.27,0.42,0.38,2021-08-29,2112,N,VIIRS,n,2,314.12,5.74,D,0
40.51545,-121.15316,340.48,0.43,0.38,2021-08-29,2112,N,VIIRS,n,2,304.68,69.73,D,0
40.51566,-121.43952,341.09,0.42,0.38,2021-08-29,2112,N,VIIRS,n,2,314.83,12.39,D,0
40.51566,-121.32674,338.2,0.43,0.38,2021-08-29,2112,N,VIIRS,n,2,308.54,9.43,D,0
40.51575,-121.26295,338.28,0.43,0.38,2021-08-29,2112,N,VIIRS,n,2,307.73,9.08,D,0
40.51589,-121.20599,348.35,0.43,0.38,2021-08-29,2112,N,VIIRS,n,2,311.33,17.86,D,0
40.51689,-121.42979,341.94,0.42,0.38,2021-08-29,2112,N,VIIRS,l,2,314.52,8.52,D,0
40.51699,-121.16924,335.43,0.43,0.38,2021-08-29,2112,N,VIIRS,n,2,307.56,16.69,D,0
40.51743,-121.22191,350.14,0.43,0.38,2021-08-29,2112,N,VIIRS,n,2,310.76,17,D,0
40.51764,-121.1641,367,0.43,0.38,2021-08-29,2112,N,VIIRS,h,2,357.43,269,D,0
40.51767,-121.24795,341.95,0.43,0.38,2021-08-29,2112,N,VIIRS,n,2,308,20.2,D,0
40.51787,-121.44998,367,0.42,0.38,2021-08-29,2112,N,VIIRS,h,2,350.56,141.07,D,0
40.51807,-121.21683,341.08,0.43,0.38,2021-08-29,2112,N,VIIRS,n,2,303.28,14.62,D,0
40.51829,-121.15899,367,0.43,0.38,2021-08-29,2112,N,VIIRS,l,2,373.28,269,D,0
40.51832,-121.24288,341.96,0.43,0.38,2021-08-29,2112,N,VIIRS,l,2,315.15,20.2,D,0
40.51857,-121.32435,340.76,0.42,0.38,2021-08-29,2112,N,VIIRS,l,2,310.97,10.76,D,0
40.51878,-121.35849,367,0.42,0.38,2021-08-29,2112,N,VIIRS,l,2,325.11,38.94,D,0
40.51894,-121.15388,350.68,0.43,0.38,2021-08-29,2112,N,VIIRS,l,2,333.03,69.73,D,0
40.51911,-121.32751,367,0.43,0.38,2021-08-29,2112,N,VIIRS,h,2,318.47,9.43,D,0
40.51939,-121.35362,345.88,0.42,0.38,2021-08-29,2112,N,VIIRS,n,2,315.32,38.94,D,0
40.51986,-121.25871,350.72,0.43,0.38,2021-08-29,2112,N,VIIRS,n,2,308.12,9.46,D,0
40.52112,-121.16486,367,0.43,0.38,2021-08-29,2112,N,VIIRS,h,2,347.98,139.67,D,0
40.52132,-121.45069,343.34,0.42,0.38,2021-08-29,2112,N,VIIRS,n,2,311.47,5.8,D,0
40.52177,-121.15973,367,0.43,0.38,2021-08-29,2112,N,VIIRS,h,2,327.52,139.67,D,0
40.52194,-121.33328,344.8,0.42,0.38,2021-08-29,2112,N,VIIRS,n,2,309.83,10.98,D,0
40.52242,-121.1546,355.08,0.43,0.38,2021-08-29,2112,N,VIIRS,n,2,306.89,19.71,D,0
40.52257,-121.32822,354.63,0.43,0.38,2021-08-29,2112,N,VIIRS,n,2,314.86,10.89,D,0
40.52284,-121.20743,335.3,0.43,0.38,2021-08-29,2112,N,VIIRS,n,2,304.23,4.02,D,0
40.52322,-121.32309,340.06,0.43,0.38,2021-08-29,2112,N,VIIRS,n,2,311.22,10.89,D,0
40.5235,-121.34918,338.19,0.42,0.38,2021-08-29,2112,N,VIIRS,l,2,309.7,4.47,D,0
40.52398,-121.25433,342.4,0.43,0.38,2021-08-29,2112,N,VIIRS,n,2,310.02,12.91,D,0
40.52414,-121.34408,340.62,0.42,0.38,2021-08-29,2112,N,VIIRS,l,2,313.78,4.47,D,0
40.52446,-121.36976,347,0.42,0.38,2021-08-29,2112,N,VIIRS,n,2,312.05,28.56,D,0
40.52495,-121.25228,345.68,0.43,0.38,2021-08-29,2112,N,VIIRS,n,2,313.24,19.07,D,0
40.52525,-121.16047,349.66,0.43,0.38,2021-08-29,2112,N,VIIRS,n,2,306.12,139.67,D,0
40.52567,-121.21323,367,0.43,0.38,2021-08-29,2112,N,VIIRS,h,2,307.82,13.77,D,0
40.5259,-121.15534,337.13,0.43,0.38,2021-08-29,2112,N,VIIRS,n,2,301.64,19.71,D,0
40.52604,-121.32887,349.77,0.43,0.38,2021-08-29,2112,N,VIIRS,n,2,316.71,10.89,D,0
40.52618,-121.26497,340.15,0.43,0.38,2021-08-29,2112,N,VIIRS,n,2,309.84,7.07,D,0
40.52656,-121.26792,345.87,0.43,0.38,2021-08-29,2112,N,VIIRS,n,2,310.56,8.99,D,0
40.52682,-121.25999,338.37,0.43,0.38,2021-08-29,2112,N,VIIRS,l,2,310.8,12.91,D,0
40.52697,-121.3498,341.9,0.42,0.38,2021-08-29,2112,N,VIIRS,n,2,306.98,3.97,D,0
40.52746,-121.25498,355.11,0.43,0.38,2021-08-29,2112,N,VIIRS,n,2,317.73,12.91,D,0
40.52781,-121.25793,350.49,0.43,0.38,2021-08-29,2112,N,VIIRS,n,2,314.57,19.07,D,0
40.52843,-121.25294,344.42,0.43,0.38,2021-08-29,2112,N,VIIRS,n,2,304.36,19.07,D,0
40.52938,-121.1561,346.88,0.43,0.38,2021-08-29,2112,N,VIIRS,n,2,307.5,7.42,D,0
40.53108,-121.3454,347.19,0.42,0.38,2021-08-29,2112,N,VIIRS,n,2,309.45,3.97,D,0
40.53221,-121.16194,335.03,0.43,0.38,2021-08-29,2112,N,VIIRS,n,2,305.88,5.27,D,0
40.53252,-121.24869,347.89,0.43,0.38,2021-08-29,2112,N,VIIRS,n,2,311.12,25.93,D,0
40.53286,-121.15681,337.82,0.43,0.38,2021-08-29,2112,N,VIIRS,n,2,305.45,7.42,D,0
40.53518,-121.34104,342.84,0.42,0.38,2021-08-29,2112,N,VIIRS,n,2,312.02,11.87,D,0
40.53569,-121.16265,346.69,0.43,0.38,2021-08-29,2112,N,VIIRS,n,2,311.84,11.4,D,0
40.53632,-121.16047,344.14,0.43,0.38,2021-08-29,2112,N,VIIRS,n,2,311.26,14.96,D,0
40.53801,-121.34681,343.3,0.42,0.38,2021-08-29,2112,N,VIIRS,l,2,313.47,39.3,D,0
40.53852,-121.16849,333.62,0.43,0.38,2021-08-29,2112,N,VIIRS,n,2,305.01,11.4,D,0
40.53864,-121.3418,355.31,0.42,0.38,2021-08-29,2112,N,VIIRS,n,2,314.13,11.87,D,0
40.53917,-121.16631,348.56,0.43,0.38,2021-08-29,2112,N,VIIRS,n,2,310.7,14.96,D,0
40.53917,-121.16339,356.59,0.43,0.38,2021-08-29,2112,N,VIIRS,n,2,312.5,11.4,D,0
40.53927,-121.33678,357.03,0.42,0.38,2021-08-29,2112,N,VIIRS,n,2,314.72,11.87,D,0
40.5398,-121.16119,336.63,0.43,0.38,2021-08-29,2112,N,VIIRS,n,2,308.14,14.96,D,0
40.54208,-121.34265,340.53,0.42,0.38,2021-08-29,2112,N,VIIRS,n,2,313.45,60.72,D,0
40.54265,-121.16706,349.36,0.43,0.38,2021-08-29,2112,N,VIIRS,n,2,311.95,20.57,D,0
40.54271,-121.33765,367,0.42,0.38,2021-08-29,2112,N,VIIRS,h,2,339.06,60.72,D,0
40.54335,-121.33261,367,0.43,0.38,2021-08-29,2112,N,VIIRS,h,2,342.45,74.72,D,0
40.54612,-121.16783,352.45,0.43,0.38,2021-08-29,2112,N,VIIRS,n,2,309.84,20.57,D,0
40.54743,-121.32848,345.28,0.43,0.38,2021-08-29,2112,N,VIIRS,n,2,316.9,74.72,D,0
40.54764,-121.24171,338.31,0.43,0.38,2021-08-29,2112,N,VIIRS,n,2,305.8,4.36,D,0
40.5496,-121.16863,356.15,0.43,0.38,2021-08-29,2112,N,VIIRS,n,2,313.45,18.48,D,0
40.55086,-121.32948,350.26,0.43,0.38,2021-08-29,2112,N,VIIRS,n,2,314.27,11.02,D,0
40.55244,-121.17449,341.68,0.43,0.38,2021-08-29,2112,N,VIIRS,n,2,305.91,10.57,D,0
40.55274,-121.25788,332.6,0.43,0.38,2021-08-29,2112,N,VIIRS,l,2,304.46,4.55,D,0
40.55307,-121.16941,338.94,0.43,0.38,2021-08-29,2112,N,VIIRS,n,2,303.76,18.48,D,0
40.55429,-121.33047,349.66,0.43,0.38,2021-08-29,2112,N,VIIRS,n,2,312,11.02,D,0
40.55523,-121.23801,330.03,0.43,0.38,2021-08-29,2112,N,VIIRS,l,2,303.14,3.27,D,0
40.55557,-121.20672,349.86,0.43,0.38,2021-08-29,2112,N,VIIRS,n,2,304.08,7,D,0
40.55772,-121.33145,348.44,0.43,0.38,2021-08-29,2112,N,VIIRS,n,2,308.53,10.51,D,0
40.5587,-121.23875,344.46,0.43,0.38,2021-08-29,2112,N,VIIRS,n,2,305.08,3.27,D,0
40.55904,-121.20755,356.7,0.43,0.38,2021-08-29,2112,N,VIIRS,n,2,324.24,46.06,D,0
40.56095,-121.24928,332.58,0.43,0.38,2021-08-29,2112,N,VIIRS,l,2,304.02,10.36,D,0
40.56182,-121.32715,344.57,0.43,0.38,2021-08-29,2112,N,VIIRS,n,2,305.38,8.77,D,0
40.56186,-121.21347,356.32,0.43,0.38,2021-08-29,2112,N,VIIRS,n,2,308.35,46.06,D,0
40.5625,-121.20836,342.48,0.43,0.38,2021-08-29,2112,N,VIIRS,n,2,306.33,46.06,D,0
40.56254,-121.26494,353.19,0.43,0.38,2021-08-29,2112,N,VIIRS,n,2,307.44,18.53,D,0
40.56317,-121.25993,367,0.43,0.38,2021-08-29,2112,N,VIIRS,h,2,310.35,18.53,D,0
40.56406,-121.22441,335.96,0.43,0.38,2021-08-29,2112,N,VIIRS,n,2,308.08,20.4,D,0
40.56472,-121.21921,353.01,0.43,0.38,2021-08-29,2112,N,VIIRS,n,2,314.85,20.4,D,0
40.56534,-121.2142,346.57,0.43,0.38,2021-08-29,2112,N,VIIRS,n,2,309.62,28.82,D,0
40.56565,-121.24017,335.71,0.43,0.38,2021-08-29,2112,N,VIIRS,n,2,303.72,3.51,D,0
40.56593,-121.32271,343.46,0.43,0.38,2021-08-29,2112,N,VIIRS,n,2,315.74,18.26,D,0
40.56661,-121.31735,334.38,0.43,0.38,2021-08-29,2112,N,VIIRS,l,2,307.03,11.63,D,0
40.56665,-121.2606,348.89,0.43,0.38,2021-08-29,2112,N,VIIRS,n,2,305.99,5.22,D,0
40.56689,-121.23027,331.95,0.43,0.38,2021-08-29,2112,N,VIIRS,l,2,302.14,6.25,D,0
40.56728,-121.25558,352.55,0.43,0.38,2021-08-29,2112,N,VIIRS,n,2,315.92,22.36,D,0
40.56754,-121.22509,355.72,0.43,0.38,2021-08-29,2112,N,VIIRS,n,2,311.15,20.4,D,0
40.56791,-121.25061,345.42,0.43,0.38,2021-08-29,2112,N,VIIRS,n,2,305.05,22.36,D,0
40.56819,-121.21992,340.07,0.43,0.38,2021-08-29,2112,N,VIIRS,n,2,305.77,20.4,D,0
40.56853,-121.24567,336.77,0.43,0.38,2021-08-29,2112,N,VIIRS,n,2,303.46,9,D,0
40.56938,-121.32357,342.51,0.43,0.38,2021-08-29,2112,N,VIIRS,n,2,311.14,18.26,D,0
40.57006,-121.31821,348.47,0.43,0.38,2021-08-29,2112,N,VIIRS,n,2,309.54,11.63,D,0
40.57013,-121.26128,336.79,0.43,0.38,2021-08-29,2112,N,VIIRS,n,2,303.96,5.22,D,0
40.57284,-121.32435,348.1,0.43,0.38,2021-08-29,2112,N,VIIRS,n,2,308.81,7.9,D,0
40.57333,-121.29234,341.68,0.43,0.38,2021-08-29,2112,N,VIIRS,n,2,305.59,4.12,D,0
40.57495,-121.33573,339.07,0.43,0.38,2021-08-29,2112,N,VIIRS,n,2,309.76,16.81,D,0
40.57562,-121.3304,348.33,0.43,0.38,2021-08-29,2112,N,VIIRS,n,2,306.36,7.9,D,0
40.57617,-121.29808,340.73,0.43,0.38,2021-08-29,2112,N,VIIRS,n,2,307.57,6.02,D,0
40.5763,-121.32507,351.35,0.43,0.38,2021-08-29,2112,N,VIIRS,n,2,306.78,7.9,D,0
40.57681,-121.29301,340.77,0.43,0.38,2021-08-29,2112,N,VIIRS,n,2,307.23,6.02,D,0
40.57698,-121.31975,344.34,0.43,0.38,2021-08-29,2112,N,VIIRS,n,2,306.49,12.99,D,0
40.57748,-121.37168,334.04,0.42,0.38,2021-08-29,2112,N,VIIRS,n,2,307.47,1.89,D,0
40.57909,-121.33111,335.28,0.43,0.38,2021-08-29,2112,N,VIIRS,n,2,303.78,11.26,D,0
40.58028,-121.3776,337.41,0.42,0.38,2021-08-29,2112,N,VIIRS,n,2,308.95,10.11,D,0
40.58057,-121.34734,336.08,0.42,0.38,2021-08-29,2112,N,VIIRS,n,2,300.44,0.71,D,0
40.58092,-121.37253,367,0.42,0.38,2021-08-29,2112,N,VIIRS,h,2,346.27,100.35,D,0
40.58112,-121.3152,336.24,0.43,0.38,2021-08-29,2112,N,VIIRS,n,2,304.63,6.54,D,0
40.58157,-121.36753,345.62,0.42,0.38,2021-08-29,2112,N,VIIRS,n,2,303.59,100.35,D,0
40.58189,-121.33703,339.6,0.43,0.38,2021-08-29,2112,N,VIIRS,l,2,309.79,22.69,D,0
40.58282,-121.35768,333.86,0.42,0.38,2021-08-29,2112,N,VIIRS,n,2,303.45,4.53,D,0
40.58324,-121.32642,335.26,0.43,0.38,2021-08-29,2112,N,VIIRS,n,2,302.29,11.26,D,0
40.58344,-121.35276,343.07,0.42,0.38,2021-08-29,2112,N,VIIRS,n,2,302.79,5.53,D,0
40.58392,-121.32111,355.85,0.43,0.38,2021-08-29,2112,N,VIIRS,n,2,305.9,6.54,D,0
40.58408,-121.34779,346.67,0.42,0.38,2021-08-29,2112,N,VIIRS,n,2,302.28,5.53,D,0
40.58458,-121.3159,339.55,0.43,0.38,2021-08-29,2112,N,VIIRS,n,2,305.58,6.54,D,0
40.58472,-121.34272,337.17,0.43,0.38,2021-08-29,2112,N,VIIRS,n,2,301.29,8.36,D,0
40.58502,-121.36826,348.95,0.42,0.38,2021-08-29,2112,N,VIIRS,n,2,307.14,100.35,D,0
40.58631,-121.35818,332.44,0.42,0.38,2021-08-29,2112,N,VIIRS,n,2,300.82,4.53,D,0
40.58672,-121.32703,349.98,0.43,0.38,2021-08-29,2112,N,VIIRS,n,2,306.07,9.99,D,0
40.58694,-121.35323,347.37,0.42,0.38,2021-08-29,2112,N,VIIRS,n,2,301.66,5.53,D,0
40.58714,-121.37946,337.53,0.42,0.38,2021-08-29,2112,N,VIIRS,l,2,308.34,5.34,D,0
40.58758,-121.34824,343.54,0.42,0.38,2021-08-29,2112,N,VIIRS,n,2,304.85,5.53,D,0
40.5878,-121.37429,340.9,0.42,0.38,2021-08-29,2112,N,VIIRS,n,2,305.79,5.57,D,0
40.58822,-121.34322,336.19,0.43,0.38,2021-08-29,2112,N,VIIRS,n,2,304.4,8.36,D,0
40.58887,-121.33808,335.17,0.43,0.38,2021-08-29,2112,N,VIIRS,n,2,303.05,8.36,D,0
40.58953,-121.33289,341.2,0.43,0.38,2021-08-29,2112,N,VIIRS,n,2,301.93,9.99,D,0
40.59004,-121.301,337.91,0.43,0.38,2021-08-29,2112,N,VIIRS,n,2,306.79,3.56,D,0
40.59021,-121.32764,367,0.43,0.38,2021-08-29,2112,N,VIIRS,h,2,307.57,9.99,D,0
40.59125,-121.3751,334.89,0.42,0.38,2021-08-29,2112,N,VIIRS,l,2,307.29,5.57,D,0
40.59302,-121.33345,349.71,0.43,0.38,2021-08-29,2112,N,VIIRS,n,2,308.37,12.43,D,0
40.59369,-121.32824,350.2,0.43,0.38,2021-08-29,2112,N,VIIRS,n,2,305.9,12.43,D,0
40.5952,-121.34422,335.95,0.43,0.38,2021-08-29,2112,N,VIIRS,n,2,305.53,6.76,D,0
40.59586,-121.33913,351.16,0.43,0.38,2021-08-29,2112,N,VIIRS,n,2,305.19,6.76,D,0
40.59651,-121.33399,343.3,0.43,0.38,2021-08-29,2112,N,VIIRS,n,2,305.74,12.43,D,0
40.59935,-121.33968,353.43,0.43,0.38,2021-08-29,2112,N,VIIRS,n,2,314.16,19.89,D,0
40.59981,-121.39152,351.02,0.42,0.38,2021-08-29,2112,N,VIIRS,n,2,315.46,23.46,D,0
40.60284,-121.34021,347.45,0.43,0.38,2021-08-29,2112,N,VIIRS,n,2,310.53,19.89,D,0
40.60329,-121.39205,349.73,0.42,0.38,2021-08-29,2112,N,VIIRS,n,2,311.26,23.46,D,0
40.60389,-121.38737,342.68,0.42,0.38,2021-08-29,2112,N,VIIRS,n,2,305.57,4.58,D,0
40.60516,-121.37749,335.23,0.42,0.38,2021-08-29,2112,N,VIIRS,n,2,304.62,1.23,D,0
40.60649,-121.36716,332.8,0.42,0.38,2021-08-29,2112,N,VIIRS,l,2,307.79,13.68,D,0
40.60679,-121.39252,347.48,0.42,0.38,2021-08-29,2112,N,VIIRS,n,2,315.08,29,D,0
40.60717,-121.36193,342.1,0.42,0.38,2021-08-29,2112,N,VIIRS,n,2,310.07,13.68,D,0
40.6074,-121.38779,353.14,0.42,0.38,2021-08-29,2112,N,VIIRS,n,2,309.01,9.29,D,0
40.60802,-121.38291,338.95,0.42,0.38,2021-08-29,2112,N,VIIRS,n,2,307.38,9.29,D,0
40.60866,-121.37794,348.38,0.42,0.38,2021-08-29,2112,N,VIIRS,n,2,308.33,10.98,D,0
40.60997,-121.36774,336.93,0.42,0.38,2021-08-29,2112,N,VIIRS,l,2,307.47,7.46,D,0
40.61064,-121.36253,336.58,0.42,0.38,2021-08-29,2112,N,VIIRS,n,2,308.11,7.46,D,0
40.61153,-121.3001,336.44,0.43,0.38,2021-08-29,2112,N,VIIRS,l,2,307.26,3.47,D,0
40.61346,-121.36828,347.89,0.42,0.38,2021-08-29,2112,N,VIIRS,n,2,310.73,7.46,D,0
40.61379,-121.39339,334.09,0.42,0.38,2021-08-29,2112,N,VIIRS,l,2,307.74,5.64,D,0
40.61414,-121.36308,336.19,0.42,0.38,2021-08-29,2112,N,VIIRS,n,2,308.58,7.46,D,0
40.61441,-121.3886,350.95,0.42,0.38,2021-08-29,2112,N,VIIRS,n,2,316.04,13.54,D,0
40.61504,-121.38371,338.11,0.42,0.38,2021-08-29,2112,N,VIIRS,n,2,307.79,13.54,D,0
40.61549,-121.39123,345.02,0.42,0.38,2021-08-29,2112,N,VIIRS,n,2,313.21,20.13,D,0
40.61567,-121.37875,347.66,0.42,0.38,2021-08-29,2112,N,VIIRS,n,2,307.44,5,D,0
40.6161,-121.38637,342.22,0.42,0.38,2021-08-29,2112,N,VIIRS,n,2,308.61,6.09,D,0
40.61673,-121.38142,343.76,0.42,0.38,2021-08-29,2112,N,VIIRS,n,2,306.58,6.09,D,0
40.62065,-121.31237,340.62,0.43,0.38,2021-08-29,2112,N,VIIRS,n,2,309.55,4.41,D,0
40.6213,-121.3073,335.16,0.43,0.38,2021-08-29,2112,N,VIIRS,l,2,308.98,2.94,D,0
40.62239,-121.3361,347.35,0.43,0.38,2021-08-29,2112,N,VIIRS,n,2,309.56,6.52,D,0
40.62427,-121.25614,340.41,0.43,0.38,2021-08-29,2112,N,VIIRS,l,2,313.77,3.04,D,0
40.62434,-121.33907,335.58,0.43,0.38,2021-08-29,2112,N,VIIRS,l,2,309.52,7.09,D,0
41.45477,-121.88011,345.25,0.42,0.38,2021-08-29,2112,N,VIIRS,n,2,309.07,4.62,D,0
41.45784,-121.93841,337.28,0.42,0.37,2021-08-29,2112,N,VIIRS,n,2,303.43,4.58,D,0
41.487,-121.90389,330.91,0.42,0.37,2021-08-29,2112,N,VIIRS,l,2,304.49,2.23,D,0
41.4939,-121.90515,345.72,0.42,0.37,2021-08-29,2112,N,VIIRS,n,2,306.65,7.83,D,0
41.49519,-121.8952,336.83,0.42,0.37,2021-08-29,2112,N,VIIRS,n,2,306.32,4.28,D,0
41.50141,-121.90168,340.42,0.42,0.37,2021-08-29,2112,N,VIIRS,n,2,307.63,4.11,D,0
41.50205,-121.89674,343.42,0.42,0.37,2021-08-29,2112,N,VIIRS,n,2,309.37,4.11,D,0
41.50484,-121.90246,337,0.42,0.37,2021-08-29,2112,N,VIIRS,l,2,308.36,5.49,D,0
41.54712,-121.9989,334.7,0.42,0.37,2021-08-29,2112,N,VIIRS,n,2,303.87,4.6,D,0
41.557,-121.78376,335.74,0.42,0.38,2021-08-29,2112,N,VIIRS,n,2,302.61,3.95,D,0
41.57702,-121.79346,339.36,0.42,0.38,2021-08-29,2112,N,VIIRS,n,2,309.71,3.88,D,0
39.62007,-119.26065,299.69,0.51,0.41,2021-08-30,930,N,VIIRS,n,2,288.88,0.69,N,2
39.93075,-120.71371,347.03,0.4,0.44,2021-08-30,930,N,VIIRS,n,2,295.9,39.11,N,0
39.93123,-120.71864,312.34,0.4,0.44,2021-08-30,930,N,VIIRS,n,2,289.01,39.11,N,0
39.93439,-120.70853,336.04,0.4,0.44,2021-08-30,930,N,VIIRS,n,2,294.25,8.59,N,0
39.93483,-120.71306,367,0.4,0.44,2021-08-30,930,N,VIIRS,h,2,326.29,108.8,N,0
39.93528,-120.7177,367,0.4,0.44,2021-08-30,930,N,VIIRS,h,2,346.6,108.8,N,0
39.93575,-120.72258,340.06,0.4,0.44,2021-08-30,930,N,VIIRS,n,2,291.85,50.19,N,0
39.93851,-120.7083,301.74,0.4,0.44,2021-08-30,930,N,VIIRS,n,2,290.16,8.59,N,0
39.93894,-120.71273,310.57,0.4,0.44,2021-08-30,930,N,VIIRS,n,2,290.78,108.8,N,0
39.93982,-120.72176,353.35,0.4,0.44,2021-08-30,930,N,VIIRS,n,2,332.46,50.19,N,0
39.94028,-120.72655,316.22,0.4,0.44,2021-08-30,930,N,VIIRS,n,2,289.96,50.19,N,0
39.94349,-120.71694,316.78,0.4,0.44,2021-08-30,930,N,VIIRS,n,2,290.52,3.88,N,0
39.94391,-120.72121,330.08,0.4,0.44,2021-08-30,930,N,VIIRS,n,2,290.18,6.59,N,0
39.94434,-120.72562,341.19,0.4,0.44,2021-08-30,930,N,VIIRS,n,2,293.66,6.59,N,0
39.94478,-120.73013,314.58,0.4,0.44,2021-08-30,930,N,VIIRS,n,2,290.85,2,N,0
39.94719,-120.71235,326.04,0.4,0.44,2021-08-30,930,N,VIIRS,n,2,290.91,3.88,N,0
39.9476,-120.71658,340.95,0.4,0.44,2021-08-30,930,N,VIIRS,n,2,294.62,3.88,N,0
39.94801,-120.72074,367,0.4,0.44,2021-08-30,930,N,VIIRS,h,2,300.04,6.59,N,0
39.94843,-120.72493,332.17,0.4,0.44,2021-08-30,930,N,VIIRS,n,2,296.74,6.59,N,0
39.94885,-120.72929,315.61,0.4,0.44,2021-08-30,930,N,VIIRS,n,2,294.37,2,N,0
39.94929,-120.73383,314.65,0.4,0.44,2021-08-30,930,N,VIIRS,n,2,293.09,2,N,0
39.95084,-120.70741,341.09,0.4,0.44,2021-08-30,930,N,VIIRS,n,2,293.09,6.56,N,0
39.95127,-120.71175,349.79,0.4,0.44,2021-08-30,930,N,VIIRS,n,2,301.98,4.66,N,0
39.95169,-120.71599,322.14,0.4,0.44,2021-08-30,930,N,VIIRS,n,2,297.03,4.66,N,0
39.9521,-120.72018,326.32,0.4,0.44,2021-08-30,930,N,VIIRS,n,2,298.25,2.56,N,0
39.95252,-120.72441,320.92,0.4,0.44,2021-08-30,930,N,VIIRS,n,2,296.36,2.56,N,0
39.95293,-120.72868,313.96,0.4,0.44,2021-08-30,930,N,VIIRS,n,2,294.35,1.76,N,0
39.95299,-120.64509,335,0.4,0.44,2021-08-30,930,N,VIIRS,n,2,289.15,11.74,N,0
39.95336,-120.73298,317.66,0.4,0.44,2021-08-30,930,N,VIIRS,n,2,292.07,1.76,N,0
39.95346,-120.64983,340.29,0.4,0.44,2021-08-30,930,N,VIIRS,n,2,298.94,11.74,N,0
39.95359,-120.69317,347.3,0.4,0.44,2021-08-30,930,N,VIIRS,n,2,292.25,9.33,N,0
39.95379,-120.7374,330.22,0.4,0.44,2021-08-30,930,N,VIIRS,n,2,291.68,3.02,N,0
39.95406,-120.6979,355.35,0.4,0.44,2021-08-30,930,N,VIIRS,n,2,297.69,9.33,N,0
39.95424,-120.742,305.39,0.4,0.44,2021-08-30,930,N,VIIRS,n,2,286.95,3.02,N,0
39.95451,-120.70255,346.81,0.4,0.44,2021-08-30,930,N,VIIRS,n,2,295.75,6.56,N,0
39.95483,-120.66372,316.65,0.4,0.44,2021-08-30,930,N,VIIRS,n,2,287.95,13.16,N,0
39.95495,-120.70701,326.58,0.4,0.44,2021-08-30,930,N,VIIRS,n,2,296.67,6.56,N,0
39.95531,-120.66854,313.6,0.4,0.44,2021-08-30,930,N,VIIRS,n,2,288.51,13.16,N,0
39.95538,-120.71131,323.65,0.4,0.44,2021-08-30,930,N,VIIRS,n,2,297.79,4.66,N,0
39.95579,-120.67345,319.32,0.4,0.44,2021-08-30,930,N,VIIRS,n,2,288.76,9.47,N,0
39.9558,-120.71558,320.24,0.4,0.44,2021-08-30,930,N,VIIRS,n,2,296.82,4.66,N,0
39.95621,-120.71981,323.09,0.4,0.44,2021-08-30,930,N,VIIRS,n,2,297.69,2.56,N,0
39.95627,-120.67834,317.91,0.4,0.44,2021-08-30,930,N,VIIRS,n,2,284.49,9.47,N,0
39.95663,-120.72401,313.83,0.4,0.44,2021-08-30,930,N,VIIRS,n,2,292.62,2.56,N,0
39.95704,-120.72824,311.93,0.4,0.44,2021-08-30,930,N,VIIRS,n,2,291.94,1.76,N,0
39.9572,-120.68772,353.47,0.4,0.44,2021-08-30,930,N,VIIRS,n,2,300.86,24.25,N,0
39.95745,-120.73248,315.09,0.4,0.44,2021-08-30,930,N,VIIRS,n,2,290.77,1.76,N,0
39.95768,-120.69258,350.4,0.4,0.44,2021-08-30,930,N,VIIRS,n,2,304.13,4.81,N,0
39.95788,-120.73676,323.18,0.4,0.44,2021-08-30,930,N,VIIRS,n,2,292.84,3.02,N,0
39.95816,-120.69749,341.04,0.4,0.44,2021-08-30,930,N,VIIRS,n,2,300.95,4.81,N,0
39.95831,-120.74116,336.66,0.4,0.44,2021-08-30,930,N,VIIRS,n,2,294.35,3.02,N,0
39.95841,-120.65809,367,0.4,0.44,2021-08-30,930,N,VIIRS,h,2,294.11,13.87,N,0
39.95863,-120.7022,327.39,0.4,0.44,2021-08-30,930,N,VIIRS,n,2,295.88,2.06,N,0
39.95876,-120.74577,311.3,0.4,0.44,2021-08-30,930,N,VIIRS,n,2,288.6,2.26,N,0
39.95888,-120.66282,352.89,0.4,0.44,2021-08-30,930,N,VIIRS,n,2,300.75,13.16,N,0
39.95907,-120.70675,320.66,0.4,0.44,2021-08-30,930,N,VIIRS,n,2,293.36,2.06,N,0
39.95935,-120.66764,367,0.4,0.44,2021-08-30,930,N,VIIRS,h,2,297.55,13.16,N,0
39.9595,-120.71117,320.4,0.4,0.44,2021-08-30,930,N,VIIRS,n,2,293.64,1.69,N,0
39.95983,-120.67246,367,0.4,0.44,2021-08-30,930,N,VIIRS,h,2,301.23,9.47,N,0
39.95993,-120.71542,319.34,0.4,0.44,2021-08-30,930,N,VIIRS,n,2,293.74,1.69,N,0
39.9603,-120.67715,367,0.4,0.44,2021-08-30,930,N,VIIRS,h,2,306.52,9.47,N,0
39.96033,-120.7196,314.87,0.4,0.44,2021-08-30,930,N,VIIRS,n,2,292.97,1.71,N,0
39.96075,-120.72375,306.67,0.4,0.44,2021-08-30,930,N,VIIRS,n,2,291.23,1.71,N,0
39.96075,-120.68183,367,0.4,0.44,2021-08-30,930,N,VIIRS,h,2,309.79,24.25,N,0
39.96115,-120.72791,306.31,0.4,0.44,2021-08-30,930,N,VIIRS,n,2,290.98,1.9,N,0
39.96123,-120.6866,347.46,0.4,0.44,2021-08-30,930,N,VIIRS,n,2,304.81,24.25,N,0
39.96157,-120.73208,315.72,0.4,0.44,2021-08-30,930,N,VIIRS,n,2,292.92,1.9,N,0
39.96173,-120.69171,322.42,0.4,0.44,2021-08-30,930,N,VIIRS,n,2,296.96,4.81,N,0
39.96198,-120.73627,318.31,0.4,0.44,2021-08-30,930,N,VIIRS,n,2,294.6,2.06,N,0
39.96224,-120.69688,307.26,0.4,0.44,2021-08-30,930,N,VIIRS,n,2,293.3,4.81,N,0
39.9624,-120.74053,319.84,0.4,0.44,2021-08-30,930,N,VIIRS,n,2,292.54,2.06,N,0
39.96243,-120.65694,367,0.4,0.44,2021-08-30,930,N,VIIRS,h,2,297.91,19.34,N,0
39.96272,-120.7017,309.72,0.4,0.44,2021-08-30,930,N,VIIRS,n,2,293.2,2.06,N,0
39.96283,-120.74493,343.03,0.4,0.44,2021-08-30,930,N,VIIRS,n,2,296.58,2.59,N,0
39.96291,-120.66175,367,0.4,0.44,2021-08-30,930,N,VIIRS,h,2,303.12,14.81,N,0
39.96318,-120.70642,306.35,0.4,0.44,2021-08-30,930,N,VIIRS,n,2,290.78,2.06,N,0
39.96329,-120.74963,324.48,0.4,0.44,2021-08-30,930,N,VIIRS,n,2,292.59,2.59,N,0
39.96339,-120.66663,367,0.4,0.44,2021-08-30,930,N,VIIRS,h,2,304.52,14.81,N,0
39.96363,-120.71096,312.54,0.4,0.44,2021-08-30,930,N,VIIRS,n,2,291.41,1.69,N,0
39.96377,-120.75453,316.86,0.4,0.44,2021-08-30,930,N,VIIRS,n,2,290.74,1.74,N,0
39.96386,-120.67139,367,0.4,0.44,2021-08-30,930,N,VIIRS,h,2,309.01,9.22,N,0
39.96405,-120.71527,306.57,0.4,0.44,2021-08-30,930,N,VIIRS,n,2,291.97,1.69,N,0
39.96431,-120.67595,353.8,0.4,0.44,2021-08-30,930,N,VIIRS,n,2,310.7,9.22,N,0
39.96477,-120.68053,332.27,0.4,0.44,2021-08-30,930,N,VIIRS,n,2,299.83,3.44,N,0
39.96524,-120.6853,325.34,0.4,0.44,2021-08-30,930,N,VIIRS,n,2,298.89,3.44,N,0
39.96541,-120.64536,318.97,0.4,0.44,2021-08-30,930,N,VIIRS,n,2,289.99,4.6,N,0
39.96574,-120.69035,318.31,0.4,0.44,2021-08-30,930,N,VIIRS,n,2,294.91,1.56,N,0
39.96591,-120.6504,367,0.4,0.44,2021-08-30,930,N,VIIRS,h,2,302.19,19.34,N,0
39.9661,-120.736,314.09,0.4,0.44,2021-08-30,930,N,VIIRS,n,2,293.76,2.06,N,0
39.96626,-120.69555,306.2,0.4,0.44,2021-08-30,930,N,VIIRS,n,2,291.68,1.56,N,0
39.96642,-120.65543,355.46,0.4,0.44,2021-08-30,930,N,VIIRS,n,2,307.92,19.34,N,0
39.96652,-120.74024,313.34,0.4,0.44,2021-08-30,930,N,VIIRS,n,2,291.82,2.06,N,0
39.96663,-120.61618,346,0.39,0.44,2021-08-30,930,N,VIIRS,n,2,294.17,8.64,N,0
39.96676,-120.70066,310.09,0.4,0.44,2021-08-30,930,N,VIIRS,n,2,291.38,1.69,N,0
39.96691,-120.66039,353.84,0.4,0.44,2021-08-30,930,N,VIIRS,n,2,307.73,14.81,N,0
39.96695,-120.74456,304.18,0.4,0.44,2021-08-30,930,N,VIIRS,n,2,288.22,2.59,N,0
39.96726,-120.70573,312.28,0.4,0.44,2021-08-30,930,N,VIIRS,n,2,291.78,1.69,N,0
39.96738,-120.74902,304.92,0.4,0.44,2021-08-30,930,N,VIIRS,n,2,288.53,2.59,N,0
39.9674,-120.66528,343.78,0.4,0.44,2021-08-30,930,N,VIIRS,n,2,302.92,14.81,N,0
39.96775,-120.71067,309.4,0.4,0.44,2021-08-30,930,N,VIIRS,n,2,292.62,1.07,N,0
39.96784,-120.75366,311.75,0.4,0.44,2021-08-30,930,N,VIIRS,n,2,290.79,1.74,N,0
39.96787,-120.67006,344.05,0.4,0.44,2021-08-30,930,N,VIIRS,n,2,302.05,9.22,N,0
39.96819,-120.71511,305.71,0.4,0.44,2021-08-30,930,N,VIIRS,n,2,292.27,1.07,N,0
39.96831,-120.75845,305.08,0.4,0.44,2021-08-30,930,N,VIIRS,n,2,288.11,1.74,N,0
39.96833,-120.67466,339.66,0.4,0.44,2021-08-30,930,N,VIIRS,n,2,301.61,9.22,N,0
39.96878,-120.67922,322.86,0.4,0.44,2021-08-30,930,N,VIIRS,n,2,295.86,3.44,N,0
39.96888,-120.63875,330.89,0.4,0.44,2021-08-30,930,N,VIIRS,n,2,290.08,23.92,N,0
39.96925,-120.68397,315.54,0.4,0.44,2021-08-30,930,N,VIIRS,n,2,293.76,3.44,N,0
39.96938,-120.64369,354.5,0.4,0.44,2021-08-30,930,N,VIIRS,n,2,309.62,23.92,N,0
39.96975,-120.68893,313.86,0.4,0.44,2021-08-30,930,N,VIIRS,n,2,291.58,1.56,N,0
39.96988,-120.64875,367,0.4,0.44,2021-08-30,930,N,VIIRS,h,2,321.8,22.9,N,0
39.97022,-120.73573,304.56,0.4,0.44,2021-08-30,930,N,VIIRS,n,2,290.74,1.36,N,0
39.97025,-120.6941,307.9,0.4,0.44,2021-08-30,930,N,VIIRS,n,2,290.47,1.56,N,0
39.97039,-120.65385,355.95,0.4,0.44,2021-08-30,930,N,VIIRS,n,2,308.34,22.9,N,0
39.97065,-120.74,306.39,0.4,0.44,2021-08-30,930,N,VIIRS,n,2,290.29,1.36,N,0
39.97078,-120.69935,325.63,0.4,0.44,2021-08-30,930,N,VIIRS,n,2,293.87,1.69,N,0
39.9709,-120.65894,339.72,0.4,0.44,2021-08-30,930,N,VIIRS,n,2,301.94,6.61,N,0
39.97132,-120.70484,308.96,0.4,0.44,2021-08-30,930,N,VIIRS,n,2,292.99,1.69,N,0
39.9714,-120.66394,338.19,0.4,0.44,2021-08-30,930,N,VIIRS,n,2,301.4,6.61,N,0
39.97186,-120.7103,305.08,0.4,0.44,2021-08-30,930,N,VIIRS,n,2,292.1,1.07,N,0
39.97188,-120.66879,329.19,0.4,0.44,2021-08-30,930,N,VIIRS,n,2,298.96,3.35,N,0
39.97195,-120.62808,310.64,0.39,0.44,2021-08-30,930,N,VIIRS,n,2,286.09,6.52,N,0
39.97231,-120.71485,312.14,0.4,0.44,2021-08-30,930,N,VIIRS,n,2,292.57,1.07,N,0
39.97235,-120.67348,330.35,0.4,0.44,2021-08-30,930,N,VIIRS,n,2,299.83,3.35,N,0
39.97241,-120.63267,348.04,0.4,0.44,2021-08-30,930,N,VIIRS,n,2,290.82,6.52,N,0
39.97282,-120.67823,321.13,0.4,0.44,2021-08-30,930,N,VIIRS,n,2,296.75,3.61,N,0
39.97289,-120.63752,367,0.4,0.44,2021-08-30,930,N,VIIRS,h,2,310.26,23.92,N,0
39.9733,-120.68306,327.51,0.4,0.44,2021-08-30,930,N,VIIRS,n,2,296.48,3.61,N,0
39.97339,-120.64249,367,0.4,0.44,2021-08-30,930,N,VIIRS,h,2,313.94,23.92,N,0
39.97379,-120.68798,314.53,0.4,0.44,2021-08-30,930,N,VIIRS,n,2,292.84,2.65,N,0
39.9739,-120.64753,367,0.4,0.44,2021-08-30,930,N,VIIRS,h,2,309.09,22.9,N,0
39.9743,-120.69305,314.48,0.4,0.44,2021-08-30,930,N,VIIRS,n,2,293.32,2.65,N,0
39.97441,-120.65266,367,0.4,0.44,2021-08-30,930,N,VIIRS,h,2,314.12,22.9,N,0
39.97482,-120.69831,309.77,0.4,0.44,2021-08-30,930,N,VIIRS,n,2,292.55,2.8,N,0
39.97492,-120.65776,347.75,0.4,0.44,2021-08-30,930,N,VIIRS,n,2,306.57,6.61,N,0
39.97542,-120.66279,334.15,0.4,0.44,2021-08-30,930,N,VIIRS,n,2,302.93,6.61,N,0
39.97556,-120.62299,309.17,0.39,0.44,2021-08-30,930,N,VIIRS,n,2,288.07,1.41,N,0
39.97559,-120.74806,305.23,0.4,0.44,2021-08-30,930,N,VIIRS,n,2,287.85,1.99,N,0
39.97591,-120.66771,321.37,0.4,0.44,2021-08-30,930,N,VIIRS,n,2,297.12,3.35,N,0
39.97601,-120.62736,356.35,0.39,0.44,2021-08-30,930,N,VIIRS,n,2,292.21,25.04,N,0
39.9764,-120.6726,321.39,0.4,0.44,2021-08-30,930,N,VIIRS,n,2,294.92,3.35,N,0
39.97646,-120.6319,348.3,0.4,0.44,2021-08-30,930,N,VIIRS,n,2,316.96,25.04,N,0
39.97689,-120.67749,329.59,0.4,0.44,2021-08-30,930,N,VIIRS,n,2,297.12,3.61,N,0
39.97693,-120.63666,353.89,0.4,0.44,2021-08-30,930,N,VIIRS,n,2,320.15,28.53,N,0
39.97738,-120.68241,337.91,0.4,0.44,2021-08-30,930,N,VIIRS,n,2,299.13,3.61,N,0
39.97743,-120.64156,367,0.4,0.44,2021-08-30,930,N,VIIRS,h,2,307.84,28.53,N,0
39.97786,-120.68729,326.13,0.4,0.44,2021-08-30,930,N,VIIRS,n,2,296.17,2.65,N,0
39.97793,-120.64658,353.36,0.4,0.44,2021-08-30,930,N,VIIRS,n,2,302.59,7.06,N,0
39.97836,-120.69223,329.98,0.4,0.44,2021-08-30,930,N,VIIRS,n,2,299.04,2.65,N,0
39.97844,-120.65164,341.07,0.4,0.44,2021-08-30,930,N,VIIRS,n,2,300.84,7.06,N,0
39.97895,-120.65674,336.79,0.4,0.44,2021-08-30,930,N,VIIRS,n,2,300.37,4.41,N,0
39.9793,-120.74355,311.72,0.4,0.44,2021-08-30,930,N,VIIRS,n,2,290.13,1.46,N,0
39.97945,-120.66173,322.77,0.4,0.44,2021-08-30,930,N,VIIRS,n,2,296.5,4.41,N,0
39.97963,-120.62231,305.74,0.39,0.44,2021-08-30,930,N,VIIRS,n,2,287.93,1.41,N,0
39.97971,-120.7477,324.33,0.4,0.44,2021-08-30,930,N,VIIRS,n,2,293.03,1.46,N,0
39.97995,-120.66671,315.79,0.4,0.44,2021-08-30,930,N,VIIRS,n,2,293.05,2.71,N,0
39.98006,-120.62663,345.08,0.39,0.44,2021-08-30,930,N,VIIRS,n,2,290.49,25.04,N,0
39.98045,-120.6717,318.02,0.4,0.44,2021-08-30,930,N,VIIRS,n,2,293.15,2.71,N,0
39.98051,-120.63116,354.13,0.4,0.44,2021-08-30,930,N,VIIRS,n,2,311.49,25.04,N,0
39.98056,-120.75626,309.48,0.4,0.44,2021-08-30,930,N,VIIRS,n,2,287.6,1.55,N,0
39.98095,-120.67675,322.11,0.4,0.44,2021-08-30,930,N,VIIRS,n,2,294.18,2.34,N,0
39.981,-120.63599,367,0.4,0.44,2021-08-30,930,N,VIIRS,h,2,304.84,28.53,N,0
39.98101,-120.7609,308.25,0.4,0.44,2021-08-30,930,N,VIIRS,n,2,288.75,1.2,N,0
39.98145,-120.68174,321.22,0.4,0.44,2021-08-30,930,N,VIIRS,n,2,294.76,2.34,N,0
39.98148,-120.7656,302.41,0.4,0.44,2021-08-30,930,N,VIIRS,n,2,287.55,1.2,N,0
39.98149,-120.64092,352.27,0.4,0.44,2021-08-30,930,N,VIIRS,n,2,300.68,28.53,N,0
39.98195,-120.68675,311.07,0.4,0.44,2021-08-30,930,N,VIIRS,n,2,294.23,1.85,N,0
39.982,-120.64595,342.55,0.4,0.44,2021-08-30,930,N,VIIRS,n,2,299.71,7.06,N,0
39.98245,-120.69178,317.04,0.4,0.44,2021-08-30,930,N,VIIRS,n,2,294.72,1.85,N,0
39.9825,-120.65098,339.71,0.4,0.44,2021-08-30,930,N,VIIRS,n,2,297.34,7.06,N,0
39.98301,-120.656,336.19,0.4,0.44,2021-08-30,930,N,VIIRS,n,2,297.84,4.41,N,0
39.98322,-120.61699,302.02,0.39,0.44,2021-08-30,930,N,VIIRS,n,2,287.7,8.15,N,0
39.98345,-120.74355,309.4,0.4,0.44,2021-08-30,930,N,VIIRS,n,2,290.41,1.46,N,0
39.98352,-120.66106,331.74,0.4,0.44,2021-08-30,930,N,VIIRS,n,2,297.74,4.41,N,0
39.98364,-120.62124,352.16,0.39,0.44,2021-08-30,930,N,VIIRS,n,2,294.81,8.15,N,0
39.98386,-120.74767,306.23,0.4,0.44,2021-08-30,930,N,VIIRS,n,2,290.2,1.46,N,0
39.98402,-120.66603,330.51,0.4,0.44,2021-08-30,930,N,VIIRS,n,2,297.29,2.71,N,0
39.98409,-120.62568,367,0.39,0.44,2021-08-30,930,N,VIIRS,h,2,309.84,11.95,N,0
39.98451,-120.67099,322.34,0.4,0.44,2021-08-30,930,N,VIIRS,n,2,293.19,2.71,N,0
39.98456,-120.63035,342.14,0.4,0.44,2021-08-30,930,N,VIIRS,n,2,297.63,11.95,N,0
39.98471,-120.7562,309,0.4,0.44,2021-08-30,930,N,VIIRS,n,2,288.4,1.55,N,0
39.98501,-120.676,312.64,0.4,0.44,2021-08-30,930,N,VIIRS,n,2,293.14,2.34,N,0
39.98507,-120.6354,347.79,0.4,0.44,2021-08-30,930,N,VIIRS,n,2,299.13,5.94,N,0
39.98515,-120.76071,309.75,0.4,0.44,2021-08-30,930,N,VIIRS,n,2,287.39,1.2,N,0
39.98558,-120.64051,342.37,0.4,0.44,2021-08-30,930,N,VIIRS,n,2,297.44,5.94,N,0
39.9856,-120.76519,315.79,0.4,0.44,2021-08-30,930,N,VIIRS,n,2,288.08,1.2,N,0
39.98608,-120.6455,338.76,0.4,0.44,2021-08-30,930,N,VIIRS,n,2,297.96,5.14,N,0
39.98658,-120.65043,338.36,0.4,0.44,2021-08-30,930,N,VIIRS,n,2,299.36,5.14,N,0
39.98708,-120.65539,326.71,0.4,0.44,2021-08-30,930,N,VIIRS,n,2,296.59,4.05,N,0
39.98759,-120.66043,336.06,0.4,0.44,2021-08-30,930,N,VIIRS,n,2,298.9,4.05,N,0
39.98767,-120.62029,356.39,0.39,0.44,2021-08-30,930,N,VIIRS,n,2,297.94,8.15,N,0
39.98809,-120.66543,335.36,0.4,0.44,2021-08-30,930,N,VIIRS,n,2,299.5,3.47,N,0
39.98812,-120.6247,343.71,0.39,0.44,2021-08-30,930,N,VIIRS,n,2,294.11,11.95,N,0
39.98859,-120.6704,336.69,0.4,0.44,2021-08-30,930,N,VIIRS,n,2,298.62,3.47,N,0
39.9886,-120.62945,323.02,0.4,0.44,2021-08-30,930,N,VIIRS,n,2,291.92,11.95,N,0
39.98888,-120.75634,312.22,0.4,0.44,2021-08-30,930,N,VIIRS,n,2,290.01,2.31,N,0
39.98911,-120.67548,324.41,0.4,0.44,2021-08-30,930,N,VIIRS,n,2,293.55,4.02,N,0
39.98912,-120.63461,336.03,0.4,0.44,2021-08-30,930,N,VIIRS,n,2,297.89,5.94,N,0
39.9893,-120.76064,318.18,0.4,0.44,2021-08-30,930,N,VIIRS,n,2,289.45,1.75,N,0
39.98964,-120.63975,339.5,0.4,0.44,2021-08-30,930,N,VIIRS,n,2,300.03,5.94,N,0
39.98973,-120.76493,317.28,0.4,0.44,2021-08-30,930,N,VIIRS,n,2,287.61,1.75,N,0
39.99014,-120.64474,338.83,0.4,0.44,2021-08-30,930,N,VIIRS,n,2,299.79,5.14,N,0
39.99016,-120.76927,299.33,0.4,0.44,2021-08-30,930,N,VIIRS,n,2,285.95,1.83,N,0
39.9906,-120.77377,329.25,0.4,0.44,2021-08-30,930,N,VIIRS,n,2,288.02,1.83,N,0
39.99065,-120.6497,334.94,0.4,0.44,2021-08-30,930,N,VIIRS,n,2,296.53,5.14,N,0
39.99115,-120.65473,331.36,0.4,0.44,2021-08-30,930,N,VIIRS,n,2,296.02,4.05,N,0
39.99132,-120.61555,306.79,0.39,0.44,2021-08-30,930,N,VIIRS,n,2,287,25.92,N,0
39.99166,-120.65981,331.14,0.4,0.44,2021-08-30,930,N,VIIRS,n,2,297.74,4.05,N,0
39.99175,-120.61981,344.05,0.39,0.44,2021-08-30,930,N,VIIRS,n,2,291.92,25.92,N,0
39.99218,-120.66492,325.44,0.4,0.44,2021-08-30,930,N,VIIRS,n,2,296.83,3.47,N,0
39.99219,-120.62416,320.27,0.39,0.44,2021-08-30,930,N,VIIRS,n,2,286.23,13.34,N,0
39.99264,-120.6286,321.33,0.4,0.44,2021-08-30,930,N,VIIRS,n,2,289.19,13.34,N,0
39.9927,-120.67006,309.06,0.4,0.44,2021-08-30,930,N,VIIRS,n,2,291.18,3.47,N,0
39.99315,-120.63361,319.99,0.4,0.44,2021-08-30,930,N,VIIRS,n,2,293.1,2.9,N,0
39.99366,-120.63868,327.09,0.4,0.44,2021-08-30,930,N,VIIRS,n,2,294.31,2.9,N,0
39.99417,-120.64372,328.36,0.4,0.44,2021-08-30,930,N,VIIRS,n,2,294.79,3.26,N,0
39.99456,-120.60676,314.91,0.39,0.44,2021-08-30,930,N,VIIRS,n,2,288.1,13.04,N,0
39.99469,-120.64883,323.93,0.4,0.44,2021-08-30,930,N,VIIRS,n,2,294.79,3.26,N,0
39.99471,-120.77329,313.59,0.4,0.44,2021-08-30,930,N,VIIRS,n,2,288.05,1.83,N,0
39.99499,-120.61102,367,0.39,0.44,2021-08-30,930,N,VIIRS,h,2,300.55,13.04,N,0
39.99521,-120.65401,331.46,0.4,0.44,2021-08-30,930,N,VIIRS,n,2,297.93,2.99,N,0
39.99542,-120.61526,356.68,0.39,0.44,2021-08-30,930,N,VIIRS,n,2,311.15,25.92,N,0
39.99574,-120.65923,328.54,0.4,0.44,2021-08-30,930,N,VIIRS,n,2,296.7,2.99,N,0
39.99585,-120.61949,356.66,0.39,0.44,2021-08-30,930,N,VIIRS,n,2,320.17,25.92,N,0
39.99628,-120.62375,367,0.39,0.44,2021-08-30,930,N,VIIRS,h,2,301.27,13.34,N,0
39.99672,-120.62816,342.39,0.4,0.44,2021-08-30,930,N,VIIRS,n,2,292.43,13.34,N,0
39.99722,-120.633,331.93,0.4,0.44,2021-08-30,930,N,VIIRS,n,2,291.23,2.9,N,0
39.99772,-120.63801,317.12,0.4,0.44,2021-08-30,930,N,VIIRS,n,2,289.49,2.9,N,0
39.99812,-120.60469,314.87,0.39,0.44,2021-08-30,930,N,VIIRS,n,2,289.45,2.97,N,0
39.99823,-120.64303,328.43,0.4,0.44,2021-08-30,930,N,VIIRS,n,2,295.85,3.26,N,0
39.99823,-120.60226,309.29,0.39,0.44,2021-08-30,930,N,VIIRS,n,2,289.2,1.79,N,0
39.99846,-120.76915,298.98,0.4,0.44,2021-08-30,930,N,VIIRS,n,2,285.8,0.43,N,0
39.99853,-120.60896,348,0.39,0.44,2021-08-30,930,N,VIIRS,n,2,297.19,37.64,N,0
39.99866,-120.60648,327.62,0.39,0.44,2021-08-30,930,N,VIIRS,n,2,290.74,16.59,N,0
39.99876,-120.64813,325.63,0.4,0.44,2021-08-30,930,N,VIIRS,n,2,295.85,3.26,N,0
39.99889,-120.7734,305.92,0.4,0.44,2021-08-30,930,N,VIIRS,n,2,287.5,0.43,N,0
39.99894,-120.61323,367,0.39,0.44,2021-08-30,930,N,VIIRS,h,2,317.44,37.64,N,0
39.99909,-120.61076,354.76,0.39,0.44,2021-08-30,930,N,VIIRS,n,2,309.98,16.59,N,0
39.99929,-120.65338,321.82,0.4,0.44,2021-08-30,930,N,VIIRS,n,2,296.55,2.99,N,0
39.99931,-120.7777,299.42,0.4,0.44,2021-08-30,930,N,VIIRS,n,2,286.99,0.69,N,0
39.99935,-120.61744,367,0.39,0.44,2021-08-30,930,N,VIIRS,h,2,316.63,44.37,N,0
39.99952,-120.61499,367,0.39,0.44,2021-08-30,930,N,VIIRS,h,2,317.91,58.9,N,0
39.99976,-120.6217,367,0.4,0.44,2021-08-30,930,N,VIIRS,h,2,310.61,44.37,N,0
39.99977,-120.78236,301.8,0.4,0.44,2021-08-30,930,N,VIIRS,n,2,286.78,0.69,N,0
39.99983,-120.65878,317.91,0.4,0.44,2021-08-30,930,N,VIIRS,n,2,294.79,2.99,N,0
39.99995,-120.6192,367,0.39,0.44,2021-08-30,930,N,VIIRS,h,2,312.07,58.9,N,0
40.00019,-120.62615,367,0.4,0.44,2021-08-30,930,N,VIIRS,h,2,303.56,14.47,N,0
40.00039,-120.62354,367,0.39,0.44,2021-08-30,930,N,VIIRS,h,2,307.37,17.55,N,0
40.00063,-120.63083,353.17,0.4,0.44,2021-08-30,930,N,VIIRS,n,2,300.97,14.47,N,0
40.00085,-120.62812,354.98,0.4,0.44,2021-08-30,930,N,VIIRS,n,2,302.55,17.55,N,0
40.0011,-120.63567,345.73,0.4,0.44,2021-08-30,930,N,VIIRS,n,2,298.77,6.01,N,0
40.00134,-120.63286,350.96,0.4,0.44,2021-08-30,930,N,VIIRS,n,2,300.45,6.8,N,0
40.00156,-120.64056,320.74,0.4,0.44,2021-08-30,930,N,VIIRS,n,2,292.83,6.01,N,0
40.00183,-120.63773,335.17,0.4,0.44,2021-08-30,930,N,VIIRS,n,2,295.47,6.8,N,0
40.00204,-120.64552,323.19,0.4,0.44,2021-08-30,930,N,VIIRS,n,2,293.97,3.61,N,0
40.00233,-120.64262,318.63,0.4,0.44,2021-08-30,930,N,VIIRS,n,2,293.35,3.95,N,0
40.00252,-120.65063,315.4,0.4,0.44,2021-08-30,930,N,VIIRS,n,2,293.88,3.61,N,0
40.00263,-120.60876,330.77,0.39,0.44,2021-08-30,930,N,VIIRS,n,2,291.44,37.64,N,0
40.00277,-120.60633,301.95,0.39,0.44,2021-08-30,930,N,VIIRS,n,2,289.23,16.59,N,0
40.00283,-120.64761,321.04,0.4,0.44,2021-08-30,930,N,VIIRS,n,2,294.24,3.95,N,0
40.00304,-120.61298,329.57,0.39,0.44,2021-08-30,930,N,VIIRS,n,2,323.49,37.64,N,0
40.0032,-120.61056,342.87,0.39,0.44,2021-08-30,930,N,VIIRS,n,2,297.12,16.59,N,0
40.00344,-120.61716,351.56,0.39,0.44,2021-08-30,930,N,VIIRS,n,2,321.21,44.37,N,0
40.00362,-120.61475,367,0.39,0.44,2021-08-30,930,N,VIIRS,h,2,335.51,58.9,N,0
40.00386,-120.62148,367,0.4,0.44,2021-08-30,930,N,VIIRS,h,2,305.34,44.37,N,0
40.00405,-120.61898,367,0.39,0.44,2021-08-30,930,N,VIIRS,h,2,303.98,58.9,N,0
40.00431,-120.6261,367,0.4,0.44,2021-08-30,930,N,VIIRS,h,2,310.13,14.47,N,0
40.00451,-120.62344,355.78,0.39,0.44,2021-08-30,930,N,VIIRS,n,2,301.09,17.55,N,0
40.00476,-120.63085,350.06,0.4,0.44,2021-08-30,930,N,VIIRS,n,2,297.79,14.47,N,0
40.00499,-120.62814,355.36,0.4,0.44,2021-08-30,930,N,VIIRS,n,2,306.71,17.55,N,0
40.00521,-120.63557,354,0.4,0.44,2021-08-30,930,N,VIIRS,n,2,300.71,6.01,N,0
40.00547,-120.63287,349.49,0.4,0.44,2021-08-30,930,N,VIIRS,n,2,297.79,6.8,N,0
40.00568,-120.6404,337.33,0.4,0.44,2021-08-30,930,N,VIIRS,n,2,298.35,6.01,N,0
40.00595,-120.63763,343.39,0.4,0.44,2021-08-30,930,N,VIIRS,n,2,298.75,6.8,N,0
40.00615,-120.6454,331.13,0.4,0.44,2021-08-30,930,N,VIIRS,n,2,296.09,3.61,N,0
40.00645,-120.64253,340.37,0.4,0.44,2021-08-30,930,N,VIIRS,n,2,298.45,3.95,N,0
40.00664,-120.65047,338.72,0.4,0.44,2021-08-30,930,N,VIIRS,n,2,296.37,3.61,N,0
40.00697,-120.64758,341.7,0.4,0.44,2021-08-30,930,N,VIIRS,n,2,296.46,3.95,N,0
40.00714,-120.65575,304.38,0.4,0.44,2021-08-30,930,N,VIIRS,n,2,290.8,2.64,N,0
40.00714,-120.61275,344.97,0.39,0.44,2021-08-30,930,N,VIIRS,n,2,298.61,9.21,N,0
40.00748,-120.65266,342.48,0.4,0.44,2021-08-30,930,N,VIIRS,n,2,296.05,8.54,N,0
40.00755,-120.61703,345.44,0.39,0.44,2021-08-30,930,N,VIIRS,n,2,296.88,9.37,N,0
40.00982,-120.64054,301.64,0.4,0.44,2021-08-30,930,N,VIIRS,n,2,290.59,0.9,N,0
40.0103,-120.64564,305.84,0.4,0.44,2021-08-30,930,N,VIIRS,n,2,290.73,5.49,N,0
40.01078,-120.6506,367,0.4,0.44,2021-08-30,930,N,VIIRS,h,2,298.08,5.49,N,0
40.01124,-120.61252,321.42,0.39,0.44,2021-08-30,930,N,VIIRS,n,2,290.03,9.21,N,0
40.01125,-120.65559,332.43,0.4,0.44,2021-08-30,930,N,VIIRS,n,2,295.09,6.17,N,0
40.01167,-120.61696,311.38,0.39,0.44,2021-08-30,930,N,VIIRS,n,2,289.63,9.37,N,0
40.01687,-120.80179,315.7,0.4,0.44,2021-08-30,930,N,VIIRS,n,2,286.46,1.4,N,0
40.01809,-120.79899,310.23,0.4,0.44,2021-08-30,930,N,VIIRS,n,2,286.87,0.86,N,0
40.01855,-120.80354,303.62,0.4,0.44,2021-08-30,930,N,VIIRS,n,2,285.13,1.52,N,0
40.02102,-120.80164,313.28,0.4,0.44,2021-08-30,930,N,VIIRS,n,2,286.93,1.4,N,0
40.02147,-120.80642,315.1,0.4,0.44,2021-08-30,930,N,VIIRS,n,2,287.65,1.41,N,0
40.02228,-120.7992,307.91,0.4,0.44,2021-08-30,930,N,VIIRS,n,2,287.37,0.86,N,0
40.02275,-120.80385,322.09,0.4,0.44,2021-08-30,930,N,VIIRS,n,2,289.73,1.52,N,0
40.02323,-120.80863,302.59,0.4,0.44,2021-08-30,930,N,VIIRS,n,2,288.36,1.52,N,0
40.02413,-120.66059,301.62,0.4,0.44,2021-08-30,930,N,VIIRS,n,2,289.84,0.95,N,0
40.02526,-120.80264,308.72,0.4,0.44,2021-08-30,930,N,VIIRS,n,2,289.37,1.76,N,0
40.02571,-120.80732,310.16,0.4,0.44,2021-08-30,930,N,VIIRS,n,2,288.94,0.91,N,0
40.02996,-120.80833,301.22,0.4,0.44,2021-08-30,930,N,VIIRS,n,2,291.16,0.91,N,0
40.03001,-120.72198,301.18,0.4,0.44,2021-08-30,930,N,VIIRS,n,2,287.67,1.78,N,0
40.03046,-120.72671,299.23,0.4,0.44,2021-08-30,930,N,VIIRS,n,2,288.23,1.14,N,0
40.03303,-120.71012,312.54,0.4,0.44,2021-08-30,930,N,VIIRS,n,2,291.78,1.16,N,0
40.03359,-120.71599,333.44,0.4,0.44,2021-08-30,930,N,VIIRS,n,2,293.47,3.02,N,0
40.03411,-120.72138,321.08,0.4,0.44,2021-08-30,930,N,VIIRS,n,2,290.02,3.02,N,0
40.03714,-120.70967,300.76,0.4,0.44,2021-08-30,930,N,VIIRS,n,2,290.3,1.16,N,0
40.0376,-120.80128,305.17,0.4,0.44,2021-08-30,930,N,VIIRS,n,2,291.04,1.74,N,0
40.03769,-120.71537,317.53,0.4,0.44,2021-08-30,930,N,VIIRS,n,2,291.67,3.02,N,0
40.08505,-121.08096,324.13,0.42,0.45,2021-08-30,930,N,VIIRS,n,2,291.07,2.72,N,0
40.08556,-121.08639,312.63,0.42,0.45,2021-08-30,930,N,VIIRS,n,2,290.1,2.04,N,0
40.08668,-120.74893,297.98,0.4,0.44,2021-08-30,930,N,VIIRS,n,2,287.84,0.23,N,0
40.12534,-120.69328,299.55,0.4,0.44,2021-08-30,930,N,VIIRS,n,2,286.77,0.5,N,0
40.1294,-120.69238,304.63,0.4,0.44,2021-08-30,930,N,VIIRS,n,2,287.96,1.18,N,0
40.34898,-121.17096,297.68,0.42,0.45,2021-08-30,930,N,VIIRS,n,2,283.9,0.77,N,0
40.37711,-121.10801,306.84,0.42,0.45,2021-08-30,930,N,VIIRS,n,2,284.93,0.8,N,0
40.41889,-121.33359,297.06,0.43,0.46,2021-08-30,930,N,VIIRS,n,2,280.89,0.55,N,0
40.42103,-121.12313,316.41,0.42,0.45,2021-08-30,930,N,VIIRS,n,2,289.53,2.58,N,0
40.42521,-121.12238,304.6,0.42,0.45,2021-08-30,930,N,VIIRS,n,2,289.54,1.39,N,0
40.42844,-121.11144,301.39,0.42,0.45,2021-08-30,930,N,VIIRS,n,2,284.77,1.21,N,0
40.42941,-121.12174,303.78,0.42,0.45,2021-08-30,930,N,VIIRS,n,2,289.65,1.39,N,0
40.4591,-121.4923,302.1,0.44,0.46,2021-08-30,930,N,VIIRS,n,2,285.51,1.15,N,0
40.4755,-121.34092,307.46,0.43,0.46,2021-08-30,930,N,VIIRS,n,2,286.51,1.56,N,0
40.47598,-121.34602,306.07,0.43,0.46,2021-08-30,930,N,VIIRS,n,2,285.85,1.59,N,0
40.47693,-121.3563,304.09,0.43,0.46,2021-08-30,930,N,VIIRS,n,2,287.16,2.01,N,0
40.47788,-121.0947,301.67,0.42,0.45,2021-08-30,930,N,VIIRS,n,2,288.52,1.59,N,0
40.48114,-121.17201,304.78,0.43,0.46,2021-08-30,930,N,VIIRS,n,2,287.31,0.95,N,0
40.48116,-121.17338,309.09,0.43,0.46,2021-08-30,930,N,VIIRS,n,2,288.06,1.76,N,0
40.48157,-121.17677,305.51,0.43,0.46,2021-08-30,930,N,VIIRS,n,2,288.28,0.95,N,0
40.48161,-121.17815,299.11,0.43,0.46,2021-08-30,930,N,VIIRS,n,2,287.28,1.24,N,0
40.48335,-121.19659,298.1,0.43,0.46,2021-08-30,930,N,VIIRS,n,2,284.42,0.51,N,0
40.48347,-121.33411,303.51,0.43,0.46,2021-08-30,930,N,VIIRS,n,2,284.91,0.88,N,0
40.48351,-121.19804,305.3,0.43,0.46,2021-08-30,930,N,VIIRS,n,2,285.01,0.89,N,0
40.48382,-121.20184,303.5,0.43,0.46,2021-08-30,930,N,VIIRS,n,2,286.19,1.16,N,0
40.484,-121.20329,296.15,0.43,0.46,2021-08-30,930,N,VIIRS,n,2,285.16,0.89,N,0
40.48624,-121.18127,303.63,0.43,0.46,2021-08-30,930,N,VIIRS,n,2,287.79,0.79,N,0
40.48631,-121.18262,312.67,0.43,0.46,2021-08-30,930,N,VIIRS,n,2,288.53,1.24,N,0
40.48668,-121.18605,304.15,0.43,0.46,2021-08-30,930,N,VIIRS,n,2,286.53,0.79,N,0
40.48756,-121.19593,301.38,0.43,0.46,2021-08-30,930,N,VIIRS,n,2,284.67,5.44,N,0
40.4877,-121.33334,306.72,0.43,0.46,2021-08-30,930,N,VIIRS,n,2,285.64,1.06,N,0
40.48772,-121.19735,298.77,0.43,0.46,2021-08-30,930,N,VIIRS,n,2,285.3,0.89,N,0
40.4896,-121.35364,299.57,0.43,0.46,2021-08-30,930,N,VIIRS,n,2,286.88,0.98,N,0
40.49047,-121.18083,298.59,0.43,0.46,2021-08-30,930,N,VIIRS,n,2,286.83,0.79,N,0
40.4909,-121.18562,301.22,0.43,0.46,2021-08-30,930,N,VIIRS,n,2,286.73,0.79,N,0
40.49099,-121.23179,301.02,0.43,0.46,2021-08-30,930,N,VIIRS,n,2,284.97,0.63,N,0
40.49108,-121.23512,300.16,0.43,0.46,2021-08-30,930,N,VIIRS,n,2,284.68,0.91,N,0
40.49134,-121.19048,319.91,0.43,0.46,2021-08-30,930,N,VIIRS,n,2,285.87,5.44,N,0
40.49179,-121.19542,347.93,0.43,0.46,2021-08-30,930,N,VIIRS,n,2,296.43,5.44,N,0
40.49224,-121.20053,304.61,0.43,0.46,2021-08-30,930,N,VIIRS,n,2,285.87,2.17,N,0
40.4928,-121.35175,300.4,0.43,0.46,2021-08-30,930,N,VIIRS,n,2,285.44,0.76,N,0
40.49383,-121.17078,299.68,0.43,0.46,2021-08-30,930,N,VIIRS,n,2,287.92,2.38,N,0
40.49446,-121.22516,298.39,0.43,0.46,2021-08-30,930,N,VIIRS,n,2,286.12,0.61,N,0
40.49488,-121.22984,297.47,0.43,0.46,2021-08-30,930,N,VIIRS,n,2,286.43,0.91,N,0
40.49529,-121.23441,303.83,0.43,0.46,2021-08-30,930,N,VIIRS,n,2,286.38,0.91,N,0
40.49571,-121.23908,303.79,0.43,0.46,2021-08-30,930,N,VIIRS,n,2,285.72,1.82,N,0
40.49574,-121.28759,314.77,0.43,0.46,2021-08-30,930,N,VIIRS,n,2,285.56,1.14,N,0
40.49601,-121.19496,304.59,0.43,0.46,2021-08-30,930,N,VIIRS,n,2,286.48,0.92,N,0
40.49643,-121.28899,324.95,0.43,0.46,2021-08-30,930,N,VIIRS,n,2,285.98,2.83,N,0
40.49737,-121.21004,298.44,0.43,0.46,2021-08-30,930,N,VIIRS,n,2,284.92,0.93,N,0
40.49769,-121.3941,301.81,0.44,0.46,2021-08-30,930,N,VIIRS,n,2,286.08,1.54,N,0
40.49805,-121.17026,332.27,0.43,0.46,2021-08-30,930,N,VIIRS,n,2,293.51,2.38,N,0
40.49825,-121.21971,297.8,0.43,0.46,2021-08-30,930,N,VIIRS,n,2,286.92,1.13,N,0
40.49868,-121.22452,310.6,0.43,0.46,2021-08-30,930,N,VIIRS,n,2,288.36,1.13,N,0
40.49911,-121.2293,303.8,0.43,0.46,2021-08-30,930,N,VIIRS,n,2,286.67,1.35,N,0
40.49953,-121.23402,308.27,0.43,0.46,2021-08-30,930,N,VIIRS,n,2,287.54,1.35,N,0
40.49954,-121.33066,300.3,0.43,0.46,2021-08-30,930,N,VIIRS,n,2,284.63,1.21,N,0
40.49996,-121.23878,308.51,0.43,0.46,2021-08-30,930,N,VIIRS,n,2,286.04,2.74,N,0
40.5,-121.28722,303.49,0.43,0.46,2021-08-30,930,N,VIIRS,n,2,284.75,1.14,N,0
40.50047,-121.33183,304.54,0.43,0.46,2021-08-30,930,N,VIIRS,n,2,285.7,0.86,N,0
40.50109,-121.39719,302.24,0.44,0.46,2021-08-30,930,N,VIIRS,n,2,286.71,1.43,N,0
40.50136,-121.25439,298.4,0.43,0.46,2021-08-30,930,N,VIIRS,n,2,285.56,1.32,N,0
40.50158,-121.20933,299.4,0.43,0.46,2021-08-30,930,N,VIIRS,n,2,286.52,0.93,N,0
40.50177,-121.3559,327.04,0.43,0.46,2021-08-30,930,N,VIIRS,n,2,284.78,7.74,N,0
40.50191,-121.3931,297.41,0.44,0.46,2021-08-30,930,N,VIIRS,n,2,286.92,0.96,N,0
40.50226,-121.36147,314.77,0.43,0.46,2021-08-30,930,N,VIIRS,n,2,285.86,7.74,N,0
40.50226,-121.16966,301.75,0.43,0.46,2021-08-30,930,N,VIIRS,n,2,288.32,3.42,N,3
40.50236,-121.35179,331.97,0.43,0.46,2021-08-30,930,N,VIIRS,n,2,285.25,4.9,N,0
40.50286,-121.35722,339.86,0.43,0.46,2021-08-30,930,N,VIIRS,n,2,286.76,4.9,N,0
40.5029,-121.22389,314.82,0.43,0.46,2021-08-30,930,N,VIIRS,n,2,287.49,1.13,N,0
40.50317,-121.3718,307.12,0.44,0.46,2021-08-30,930,N,VIIRS,n,2,287.17,3.72,N,0
40.50334,-121.22877,303.71,0.43,0.46,2021-08-30,930,N,VIIRS,n,2,287.7,1.35,N,0
40.50338,-121.36272,317.21,0.43,0.46,2021-08-30,930,N,VIIRS,n,2,286.49,2.5,N,0
40.50376,-121.13934,330.58,0.42,0.45,2021-08-30,930,N,VIIRS,n,2,288.8,4.2,N,0
40.50378,-121.23367,308.75,0.43,0.46,2021-08-30,930,N,VIIRS,n,2,288.21,1.35,N,0
40.5038,-121.33024,312.38,0.43,0.46,2021-08-30,930,N,VIIRS,n,2,285.01,1.21,N,0
40.50387,-121.36791,318.04,0.43,0.46,2021-08-30,930,N,VIIRS,n,2,286.38,2.5,N,0
40.50421,-121.14424,334.68,0.42,0.46,2021-08-30,930,N,VIIRS,n,2,291.96,4.2,N,0
40.50422,-121.33494,311.75,0.43,0.46,2021-08-30,930,N,VIIRS,n,2,287.14,2.5,N,0
40.50434,-121.3729,322.76,0.44,0.46,2021-08-30,930,N,VIIRS,n,2,287.76,3.9,N,0
40.50466,-121.14915,348.39,0.42,0.46,2021-08-30,930,N,VIIRS,n,2,295.39,8.51,N,0
40.50511,-121.15408,346.24,0.42,0.46,2021-08-30,930,N,VIIRS,n,2,295.39,8.51,N,0
40.50556,-121.35002,332.04,0.43,0.46,2021-08-30,930,N,VIIRS,n,2,285.82,8.21,N,0
40.50556,-121.15906,352.72,0.42,0.46,2021-08-30,930,N,VIIRS,n,2,308.75,28.44,N,0
40.50561,-121.25394,313.65,0.43,0.46,2021-08-30,930,N,VIIRS,n,2,287.75,1.32,N,0
40.50601,-121.16405,341.4,0.43,0.46,2021-08-30,930,N,VIIRS,n,2,295.15,28.44,N,0
40.50603,-121.35535,357.28,0.43,0.46,2021-08-30,930,N,VIIRS,n,2,302.68,7.74,N,0
40.50608,-121.25932,300.15,0.43,0.46,2021-08-30,930,N,VIIRS,n,2,285.95,1.41,N,0
40.50647,-121.16901,339.54,0.43,0.46,2021-08-30,930,N,VIIRS,n,2,294.11,3.42,N,0
40.50652,-121.36082,326.44,0.43,0.46,2021-08-30,930,N,VIIRS,n,2,288.89,7.74,N,0
40.50742,-121.37104,340.31,0.44,0.46,2021-08-30,930,N,VIIRS,n,2,288.15,3.72,N,0
40.5075,-121.1336,312.44,0.42,0.45,2021-08-30,930,N,VIIRS,n,2,288.48,1.87,N,0
40.50758,-121.22829,331.15,0.43,0.46,2021-08-30,930,N,VIIRS,n,2,290.93,4,N,0
40.50792,-121.45751,297.41,0.44,0.46,2021-08-30,930,N,VIIRS,n,2,283.13,1.87,N,0
40.50795,-121.13863,353.05,0.42,0.45,2021-08-30,930,N,VIIRS,n,2,304.82,8.3,N,0
40.50805,-121.32955,322.41,0.43,0.46,2021-08-30,930,N,VIIRS,n,2,287.98,2.53,N,0
40.50807,-121.28156,301.85,0.43,0.46,2021-08-30,930,N,VIIRS,n,2,285.23,0.96,N,0
40.50827,-121.38065,319.69,0.44,0.46,2021-08-30,930,N,VIIRS,n,2,283.82,3.05,N,0
40.50841,-121.14357,345.67,0.42,0.46,2021-08-30,930,N,VIIRS,n,2,304.99,8.3,N,0
40.50847,-121.33434,323.32,0.43,0.46,2021-08-30,930,N,VIIRS,n,2,287.11,2.07,N,0
40.50886,-121.1485,341.55,0.42,0.46,2021-08-30,930,N,VIIRS,n,2,302.73,7.65,N,0
40.50891,-121.33931,297.2,0.43,0.46,2021-08-30,930,N,VIIRS,n,2,285.07,2.07,N,0
40.50932,-121.15346,346.03,0.42,0.46,2021-08-30,930,N,VIIRS,n,2,302.02,7.65,N,0
40.50937,-121.24821,306.64,0.43,0.46,2021-08-30,930,N,VIIRS,n,2,286.56,1.23,N,0
40.50961,-121.44528,295.67,0.44,0.46,2021-08-30,930,N,VIIRS,n,2,279.99,3.83,N,0
40.50977,-121.15843,335.71,0.42,0.46,2021-08-30,930,N,VIIRS,n,2,298.99,3.6,N,0
40.50983,-121.34961,297.5,0.43,0.46,2021-08-30,930,N,VIIRS,n,2,285.71,2.79,N,0
40.50984,-121.25343,300.96,0.43,0.46,2021-08-30,930,N,VIIRS,n,2,286.46,1.23,N,0
40.51022,-121.16341,316.57,0.43,0.46,2021-08-30,930,N,VIIRS,n,2,292.93,3.6,N,0
40.51029,-121.35484,331.45,0.43,0.46,2021-08-30,930,N,VIIRS,n,2,288.7,2.69,N,0
40.51047,-121.21302,303.42,0.43,0.46,2021-08-30,930,N,VIIRS,n,2,287.76,0.86,N,0
40.51055,-121.45605,330.54,0.44,0.46,2021-08-30,930,N,VIIRS,n,2,283.19,1.59,N,0
40.51067,-121.16837,330.17,0.43,0.46,2021-08-30,930,N,VIIRS,n,2,292.74,4.01,N,0
40.5107,-121.44091,308.82,0.44,0.46,2021-08-30,930,N,VIIRS,n,2,282.23,0.82,N,0
40.51077,-121.36022,318.52,0.43,0.46,2021-08-30,930,N,VIIRS,n,2,287.36,2.69,N,0
40.51122,-121.44639,311.92,0.44,0.46,2021-08-30,930,N,VIIRS,n,2,281.18,1.07,N,0
40.51136,-121.22284,300.55,0.43,0.46,2021-08-30,930,N,VIIRS,n,2,286.87,2.1,N,0
40.51168,-121.13275,304.47,0.42,0.45,2021-08-30,930,N,VIIRS,n,2,289.23,1.87,N,0
40.51173,-121.45184,308.34,0.44,0.46,2021-08-30,930,N,VIIRS,n,2,281.06,1.07,N,0
40.51181,-121.22784,319.53,0.43,0.46,2021-08-30,930,N,VIIRS,n,2,289.22,4,N,0
40.51188,-121.32421,322.88,0.43,0.46,2021-08-30,930,N,VIIRS,n,2,283.87,2.53,N,0
40.51215,-121.1379,351.57,0.42,0.45,2021-08-30,930,N,VIIRS,n,2,297.93,8.3,N,0
40.51223,-121.45718,329.32,0.44,0.46,2021-08-30,930,N,VIIRS,n,2,283.44,1.87,N,0
40.51227,-121.23284,343.02,0.43,0.46,2021-08-30,930,N,VIIRS,n,2,291.92,4,N,0
40.51228,-121.32882,313.7,0.43,0.46,2021-08-30,930,N,VIIRS,n,2,286.94,2.53,N,0
40.51252,-121.37987,305.97,0.44,0.46,2021-08-30,930,N,VIIRS,n,2,282.44,2.41,N,0
40.51261,-121.14291,343.69,0.42,0.46,2021-08-30,930,N,VIIRS,n,2,300.97,8.3,N,0
40.51271,-121.23781,343.56,0.43,0.46,2021-08-30,930,N,VIIRS,n,2,292.97,4.96,N,0
40.51307,-121.14787,354.15,0.42,0.46,2021-08-30,930,N,VIIRS,n,2,301.35,7.65,N,0
40.51316,-121.2428,307.57,0.43,0.46,2021-08-30,930,N,VIIRS,n,2,287.29,4.96,N,0
40.5134,-121.43909,341.61,0.44,0.46,2021-08-30,930,N,VIIRS,n,2,288.05,3.83,N,0
40.51352,-121.15283,337.44,0.42,0.46,2021-08-30,930,N,VIIRS,n,2,298.61,7.65,N,0
40.51363,-121.24785,314.07,0.43,0.46,2021-08-30,930,N,VIIRS,n,2,288.23,1.23,N,0
40.51376,-121.20214,306.92,0.43,0.46,2021-08-30,930,N,VIIRS,n,2,286.65,1.75,N,0
40.51389,-121.44464,338.93,0.44,0.46,2021-08-30,930,N,VIIRS,n,2,286.69,3.83,N,0
40.51398,-121.15781,326.92,0.42,0.46,2021-08-30,930,N,VIIRS,n,2,295.91,3.6,N,0
40.51408,-121.34904,333.46,0.43,0.46,2021-08-30,930,N,VIIRS,n,2,288.87,2.79,N,0
40.51422,-121.20722,317.45,0.43,0.46,2021-08-30,930,N,VIIRS,n,2,287.4,4.31,N,0
40.51436,-121.45017,297.05,0.44,0.46,2021-08-30,930,N,VIIRS,n,2,280.24,1.59,N,0
40.51443,-121.16279,306.31,0.43,0.46,2021-08-30,930,N,VIIRS,n,2,291.42,3.6,N,0
40.51484,-121.45558,311.11,0.44,0.46,2021-08-30,930,N,VIIRS,n,2,280.88,1.59,N,0
40.51488,-121.16772,329.33,0.43,0.46,2021-08-30,930,N,VIIRS,n,2,291.83,4.01,N,0
40.51502,-121.35954,315.65,0.43,0.46,2021-08-30,930,N,VIIRS,n,2,285.96,2.69,N,0
40.51559,-121.22232,317.42,0.43,0.46,2021-08-30,930,N,VIIRS,n,2,289.86,1.36,N,0
40.51611,-121.32353,336.69,0.43,0.46,2021-08-30,930,N,VIIRS,n,2,284.52,5.47,N,0
40.51654,-121.32823,341.61,0.43,0.46,2021-08-30,930,N,VIIRS,n,2,288.67,5.47,N,0
40.51669,-121.42728,304.2,0.44,0.46,2021-08-30,930,N,VIIRS,n,2,283.89,1.87,N,0
40.51682,-121.14227,318.32,0.42,0.46,2021-08-30,930,N,VIIRS,n,2,291.69,3.53,N,0
40.51718,-121.43289,322.14,0.44,0.46,2021-08-30,930,N,VIIRS,n,2,286.63,1.87,N,0
40.51728,-121.14729,354.75,0.42,0.46,2021-08-30,930,N,VIIRS,n,2,299.52,5.34,N,0
40.51741,-121.24244,332.58,0.43,0.46,2021-08-30,930,N,VIIRS,n,2,289.52,3.44,N,0
40.51743,-121.33823,297.65,0.43,0.46,2021-08-30,930,N,VIIRS,n,2,284.17,4.03,N,0
40.51767,-121.43848,310.05,0.44,0.46,2021-08-30,930,N,VIIRS,n,2,285.37,1.66,N,0
40.51773,-121.15226,331.25,0.42,0.46,2021-08-30,930,N,VIIRS,n,2,293.6,5.34,N,0
40.51788,-121.2475,320.86,0.43,0.46,2021-08-30,930,N,VIIRS,n,2,288.93,3.25,N,0
40.51799,-121.20165,317.19,0.43,0.46,2021-08-30,930,N,VIIRS,n,2,288.92,1.75,N,0
40.51815,-121.44402,314.63,0.44,0.46,2021-08-30,930,N,VIIRS,n,2,284.38,1.66,N,0
40.51819,-121.1572,317.71,0.42,0.46,2021-08-30,930,N,VIIRS,n,2,293.46,2.69,N,0
40.51833,-121.3483,304.36,0.43,0.46,2021-08-30,930,N,VIIRS,n,2,285.02,2.39,N,0
40.51844,-121.20663,338.64,0.43,0.46,2021-08-30,930,N,VIIRS,n,2,294.01,4.31,N,0
40.51864,-121.44958,338.73,0.44,0.46,2021-08-30,930,N,VIIRS,n,2,284.48,2.96,N,0
40.51864,-121.16216,318.29,0.43,0.46,2021-08-30,930,N,VIIRS,n,2,294.21,2.69,N,0
40.5188,-121.25776,305.85,0.43,0.46,2021-08-30,930,N,VIIRS,n,2,286.15,1.69,N,0
40.51909,-121.16706,315.93,0.43,0.46,2021-08-30,930,N,VIIRS,n,2,291.79,2.7,N,0
40.51912,-121.45501,301.4,0.44,0.46,2021-08-30,930,N,VIIRS,n,2,280.41,2.96,N,0
40.51925,-121.3587,333.55,0.43,0.46,2021-08-30,930,N,VIIRS,n,2,289.64,1.94,N,0
40.51936,-121.21674,300.55,0.43,0.46,2021-08-30,930,N,VIIRS,n,2,288.08,1.36,N,0
40.51975,-121.36433,324.3,0.44,0.46,2021-08-30,930,N,VIIRS,n,2,283.86,4.37,N,0
40.51982,-121.22177,313.67,0.43,0.46,2021-08-30,930,N,VIIRS,n,2,288.29,1.36,N,0
40.52021,-121.36943,323.57,0.44,0.46,2021-08-30,930,N,VIIRS,n,2,283.76,4.37,N,0
40.52035,-121.32283,322.97,0.43,0.46,2021-08-30,930,N,VIIRS,n,2,285.18,5.47,N,0
40.52078,-121.32764,339.61,0.43,0.46,2021-08-30,930,N,VIIRS,n,2,287.24,5.47,N,0
40.52123,-121.33264,343.81,0.43,0.46,2021-08-30,930,N,VIIRS,n,2,289.32,4.03,N,0
40.52148,-121.14668,329.84,0.42,0.46,2021-08-30,930,N,VIIRS,n,2,295.37,5.34,N,0
40.52166,-121.24202,327.52,0.43,0.46,2021-08-30,930,N,VIIRS,n,2,289.71,3.44,N,0
40.52169,-121.33775,335.73,0.43,0.46,2021-08-30,930,N,VIIRS,n,2,287.56,4.03,N,0
40.52194,-121.15167,328.63,0.42,0.46,2021-08-30,930,N,VIIRS,n,2,296.98,5.34,N,0
40.52211,-121.24706,327.73,0.43,0.46,2021-08-30,930,N,VIIRS,n,2,289.39,3.25,N,0
40.52215,-121.34283,315.86,0.43,0.46,2021-08-30,930,N,VIIRS,n,2,283.35,2.39,N,0
40.52221,-121.2011,341.15,0.43,0.46,2021-08-30,930,N,VIIRS,n,2,291.12,8.32,N,0
40.5224,-121.15659,315.12,0.42,0.46,2021-08-30,930,N,VIIRS,n,2,294.25,2.69,N,0
40.52258,-121.25218,301.19,0.43,0.46,2021-08-30,930,N,VIIRS,n,2,286.21,3.25,N,0
40.52267,-121.20605,346.45,0.43,0.46,2021-08-30,930,N,VIIRS,n,2,294.31,8.95,N,0
40.52285,-121.16151,322.17,0.43,0.46,2021-08-30,930,N,VIIRS,n,2,294.56,2.69,N,0
40.52303,-121.35274,300.64,0.43,0.46,2021-08-30,930,N,VIIRS,n,2,285.61,1.94,N,0
40.52305,-121.25735,317.68,0.43,0.46,2021-08-30,930,N,VIIRS,n,2,287.82,1.69,N,0
40.52312,-121.21105,316.39,0.43,0.46,2021-08-30,930,N,VIIRS,n,2,288.97,8.95,N,0
40.5233,-121.16644,323.6,0.43,0.46,2021-08-30,930,N,VIIRS,n,2,291.66,2.7,N,0
40.52352,-121.35825,299.58,0.43,0.46,2021-08-30,930,N,VIIRS,n,2,287.04,1.94,N,0
40.52358,-121.2161,300.03,0.43,0.46,2021-08-30,930,N,VIIRS,n,2,287.14,2.15,N,0
40.52401,-121.36382,327.75,0.44,0.46,2021-08-30,930,N,VIIRS,n,2,284.16,4.37,N,0
40.52448,-121.36895,348.91,0.44,0.46,2021-08-30,930,N,VIIRS,n,2,288.96,4.37,N,0
40.52505,-121.32723,295.69,0.43,0.46,2021-08-30,930,N,VIIRS,n,2,285.25,0.85,N,0
40.52589,-121.2414,334.43,0.43,0.46,2021-08-30,930,N,VIIRS,n,2,289.32,3.65,N,0
40.52615,-121.15105,310.86,0.42,0.46,2021-08-30,930,N,VIIRS,n,2,291.18,1.1,N,0
40.52635,-121.24648,350.24,0.43,0.46,2021-08-30,930,N,VIIRS,n,2,294.79,5.15,N,0
40.52643,-121.20049,344.11,0.43,0.46,2021-08-30,930,N,VIIRS,n,2,295.68,8.32,N,0
40.52661,-121.15598,319.52,0.42,0.46,2021-08-30,930,N,VIIRS,n,2,293.01,3.12,N,0
40.52682,-121.25172,349.31,0.43,0.46,2021-08-30,930,N,VIIRS,n,2,295.91,5.15,N,0
40.52687,-121.34753,299.55,0.43,0.46,2021-08-30,930,N,VIIRS,n,2,285.05,1.34,N,0
40.52689,-121.20544,367,0.43,0.46,2021-08-30,930,N,VIIRS,h,2,300.94,8.95,N,0
40.52706,-121.16087,324.55,0.43,0.46,2021-08-30,930,N,VIIRS,n,2,290.43,3.12,N,0
40.52731,-121.25699,326.7,0.43,0.46,2021-08-30,930,N,VIIRS,n,2,288.58,4.87,N,0
40.52733,-121.35272,307.84,0.43,0.46,2021-08-30,930,N,VIIRS,n,2,287.51,1.43,N,0
40.52734,-121.21043,353.51,0.43,0.46,2021-08-30,930,N,VIIRS,n,2,296.69,8.95,N,0
40.52781,-121.21549,312.8,0.43,0.46,2021-08-30,930,N,VIIRS,n,2,288.91,2.15,N,0
40.52886,-121.32178,297.88,0.43,0.46,2021-08-30,930,N,VIIRS,n,2,283.71,0.85,N,0
40.53011,-121.24072,336.34,0.43,0.46,2021-08-30,930,N,VIIRS,n,2,290.72,3.65,N,0
40.53036,-121.15045,307.44,0.42,0.46,2021-08-30,930,N,VIIRS,n,2,288.94,1.1,N,0
40.53057,-121.24583,312.31,0.43,0.46,2021-08-30,930,N,VIIRS,n,2,289.87,5.15,N,0
40.53082,-121.15537,324.38,0.42,0.46,2021-08-30,930,N,VIIRS,n,2,290.47,3.12,N,0
40.53106,-121.25117,301.63,0.43,0.46,2021-08-30,930,N,VIIRS,n,2,287.51,5.15,N,0
40.53114,-121.34721,307.16,0.43,0.46,2021-08-30,930,N,VIIRS,n,2,286.54,1.34,N,0
40.53127,-121.16029,328.39,0.43,0.46,2021-08-30,930,N,VIIRS,n,2,291,3.12,N,0
40.53529,-121.25053,309.36,0.43,0.46,2021-08-30,930,N,VIIRS,n,2,289.33,1.77,N,0
40.53542,-121.34676,313.37,0.43,0.46,2021-08-30,930,N,VIIRS,n,2,284.41,1.14,N,0
40.53548,-121.15971,325.84,0.43,0.46,2021-08-30,930,N,VIIRS,n,2,290.52,1.6,N,0
40.53595,-121.16467,323.21,0.43,0.46,2021-08-30,930,N,VIIRS,n,2,289.23,1.78,N,0
40.5392,-121.34092,299.99,0.43,0.46,2021-08-30,930,N,VIIRS,n,2,283.43,1.14,N,0
40.53965,-121.34603,297.5,0.43,0.46,2021-08-30,930,N,VIIRS,n,2,283.09,1.14,N,0
40.5397,-121.15909,295.4,0.43,0.46,2021-08-30,930,N,VIIRS,n,2,284.04,1.6,N,0
40.54016,-121.16406,306.88,0.43,0.46,2021-08-30,930,N,VIIRS,n,2,288.44,1.78,N,0
40.54062,-121.16903,297.15,0.43,0.46,2021-08-30,930,N,VIIRS,n,2,286.62,1.78,N,0
40.54296,-121.33488,318.78,0.43,0.46,2021-08-30,930,N,VIIRS,n,2,287.08,3.25,N,0
40.54341,-121.3399,344.46,0.43,0.46,2021-08-30,930,N,VIIRS,n,2,291.09,5.25,N,0
40.54387,-121.34499,324.64,0.43,0.46,2021-08-30,930,N,VIIRS,n,2,287.29,5.25,N,0
40.54483,-121.16835,312.46,0.43,0.46,2021-08-30,930,N,VIIRS,n,2,288.16,1.37,N,0
40.54671,-121.32882,330.49,0.43,0.46,2021-08-30,930,N,VIIRS,n,2,286.91,3.25,N,0
40.54696,-121.23761,303.67,0.43,0.46,2021-08-30,930,N,VIIRS,n,2,287.37,1.14,N,0
40.54715,-121.33371,329.6,0.43,0.46,2021-08-30,930,N,VIIRS,n,2,288.62,3.25,N,0
40.54747,-121.2431,301.31,0.43,0.46,2021-08-30,930,N,VIIRS,n,2,286.62,1.03,N,0
40.54902,-121.16757,310.14,0.43,0.46,2021-08-30,930,N,VIIRS,n,2,290.02,1.37,N,0
40.54949,-121.17254,305.31,0.43,0.46,2021-08-30,930,N,VIIRS,n,2,288.52,1.88,N,0
40.55133,-121.33233,310.51,0.43,0.46,2021-08-30,930,N,VIIRS,n,2,287.57,1.38,N,0
40.5527,-121.2071,296.46,0.43,0.46,2021-08-30,930,N,VIIRS,n,2,285.44,0.35,N,0
40.55315,-121.21192,299.32,0.43,0.46,2021-08-30,930,N,VIIRS,n,2,288.14,1.15,N,0
40.55368,-121.17178,330.5,0.43,0.46,2021-08-30,930,N,VIIRS,n,2,291.48,6.81,N,0
40.55416,-121.17682,333.65,0.43,0.46,2021-08-30,930,N,VIIRS,n,2,289.22,6.81,N,0
40.55553,-121.33105,308.88,0.43,0.46,2021-08-30,930,N,VIIRS,n,2,288.76,1.38,N,0
40.55595,-121.33569,301.96,0.43,0.46,2021-08-30,930,N,VIIRS,n,2,287.16,2.07,N,0
40.55691,-121.20635,320.21,0.43,0.46,2021-08-30,930,N,VIIRS,n,2,292.65,3.09,N,0
40.55736,-121.21116,322.44,0.43,0.46,2021-08-30,930,N,VIIRS,n,2,293.42,1.71,N,0
40.55783,-121.21622,299.47,0.43,0.46,2021-08-30,930,N,VIIRS,n,2,287.07,1.71,N,0
40.55788,-121.17094,307.02,0.43,0.46,2021-08-30,930,N,VIIRS,n,2,289.88,6.81,N,0
40.55836,-121.17606,367,0.43,0.46,2021-08-30,930,N,VIIRS,h,2,300.47,6.81,N,0
40.55883,-121.18109,297.52,0.43,0.46,2021-08-30,930,N,VIIRS,n,2,287.04,2.9,N,0
40.55974,-121.32996,307.96,0.43,0.46,2021-08-30,930,N,VIIRS,n,2,288.32,2.11,N,0
40.5607,-121.24717,298.56,0.43,0.46,2021-08-30,930,N,VIIRS,n,2,287.12,1.01,N,0
40.5612,-121.25258,309.05,0.43,0.46,2021-08-30,930,N,VIIRS,n,2,287.57,1.98,N,0
40.56156,-121.21037,306.91,0.43,0.46,2021-08-30,930,N,VIIRS,n,2,291.46,1.71,N,0
40.56169,-121.25785,303.06,0.43,0.46,2021-08-30,930,N,VIIRS,n,2,287.07,1.98,N,0
40.56204,-121.21545,314.14,0.43,0.46,2021-08-30,930,N,VIIRS,n,2,290.99,1.71,N,0
40.56218,-121.26308,311.83,0.43,0.46,2021-08-30,930,N,VIIRS,n,2,288.27,2.17,N,0
40.56252,-121.22066,315.48,0.43,0.46,2021-08-30,930,N,VIIRS,n,2,287.8,2.77,N,0
40.56294,-121.22516,327.26,0.43,0.46,2021-08-30,930,N,VIIRS,n,2,290.52,2.77,N,0
40.56304,-121.18043,326.58,0.43,0.46,2021-08-30,930,N,VIIRS,n,2,288.23,2.3,N,0
40.56494,-121.24665,300.8,0.43,0.46,2021-08-30,930,N,VIIRS,n,2,288.13,1.01,N,0
40.56544,-121.25208,316.54,0.43,0.46,2021-08-30,930,N,VIIRS,n,2,290.36,1.98,N,0
40.56594,-121.25739,332.6,0.43,0.46,2021-08-30,930,N,VIIRS,n,2,291.88,1.98,N,0
40.56625,-121.21478,299.17,0.43,0.46,2021-08-30,930,N,VIIRS,n,2,288.69,0.59,N,0
40.56642,-121.2626,313.72,0.43,0.46,2021-08-30,930,N,VIIRS,n,2,289.89,2.17,N,0
40.56675,-121.22,306.86,0.43,0.46,2021-08-30,930,N,VIIRS,n,2,290.73,2.19,N,0
40.5672,-121.22486,330.26,0.43,0.46,2021-08-30,930,N,VIIRS,n,2,292.98,2.19,N,0
40.56765,-121.22971,300.89,0.43,0.46,2021-08-30,930,N,VIIRS,n,2,287.19,1.25,N,0
40.56778,-121.32384,312.11,0.43,0.46,2021-08-30,930,N,VIIRS,n,2,288.83,1.6,N,0
40.56864,-121.24036,300.39,0.43,0.46,2021-08-30,930,N,VIIRS,n,2,288.64,0.8,N,0
40.56919,-121.24617,306.78,0.43,0.46,2021-08-30,930,N,VIIRS,n,2,289.21,0.8,N,0
40.57162,-121.31876,298.41,0.43,0.46,2021-08-30,930,N,VIIRS,n,2,287.81,1.34,N,0
40.57203,-121.3232,313.67,0.43,0.46,2021-08-30,930,N,VIIRS,n,2,288.77,1.6,N,0
40.57244,-121.32771,310.59,0.43,0.46,2021-08-30,930,N,VIIRS,n,2,285.58,1.6,N,0
40.57286,-121.33221,314.62,0.43,0.46,2021-08-30,930,N,VIIRS,n,2,286.89,1.55,N,0
40.57319,-121.28927,305.77,0.43,0.46,2021-08-30,930,N,VIIRS,n,2,287.35,0.74,N,0
40.57328,-121.33675,296.93,0.43,0.46,2021-08-30,930,N,VIIRS,n,2,285.8,1.55,N,0
40.57629,-121.32281,332.82,0.43,0.46,2021-08-30,930,N,VIIRS,n,2,291.24,8.01,N,0
40.57671,-121.3273,367,0.43,0.46,2021-08-30,930,N,VIIRS,h,2,303.36,8.01,N,0
40.57713,-121.33183,367,0.43,0.46,2021-08-30,930,N,VIIRS,h,2,301.43,17.78,N,0
40.57794,-121.29409,300.59,0.43,0.46,2021-08-30,930,N,VIIRS,n,2,285.9,1.16,N,0
40.57948,-121.3573,297.99,0.44,0.46,2021-08-30,930,N,VIIRS,n,2,286.63,5.16,N,0
40.58002,-121.36317,331.73,0.44,0.46,2021-08-30,930,N,VIIRS,n,2,289.01,4.72,N,0
40.58014,-121.31787,309.54,0.43,0.46,2021-08-30,930,N,VIIRS,n,2,289.16,2.27,N,0
40.58053,-121.36865,301.69,0.44,0.46,2021-08-30,930,N,VIIRS,n,2,286.26,4.72,N,0
40.58057,-121.32248,303.39,0.43,0.46,2021-08-30,930,N,VIIRS,n,2,288.62,8.01,N,0
40.58099,-121.3737,327.01,0.44,0.46,2021-08-30,930,N,VIIRS,n,2,289.37,2.71,N,0
40.58099,-121.32704,345.2,0.43,0.46,2021-08-30,930,N,VIIRS,n,2,294.76,8.01,N,0
40.58142,-121.33162,367,0.43,0.46,2021-08-30,930,N,VIIRS,h,2,300.75,17.78,N,0
40.58185,-121.33626,348.15,0.43,0.46,2021-08-30,930,N,VIIRS,n,2,292.8,17.78,N,0
40.58229,-121.34109,300.45,0.43,0.46,2021-08-30,930,N,VIIRS,n,2,287.38,2.07,N,0
40.58277,-121.34621,314.36,0.43,0.46,2021-08-30,930,N,VIIRS,n,2,288.52,2.07,N,0
40.58327,-121.35165,313.58,0.44,0.46,2021-08-30,930,N,VIIRS,n,2,288.14,5.16,N,0
40.5838,-121.35735,351.63,0.44,0.46,2021-08-30,930,N,VIIRS,n,2,294.55,5.16,N,0
40.58431,-121.36292,350.58,0.44,0.46,2021-08-30,930,N,VIIRS,n,2,296.53,4.72,N,0
40.58442,-121.31752,320.52,0.43,0.46,2021-08-30,930,N,VIIRS,n,2,291.17,2.54,N,0
40.58479,-121.36805,313.99,0.44,0.46,2021-08-30,930,N,VIIRS,n,2,288.9,4.72,N,0
40.58485,-121.32224,316.24,0.43,0.46,2021-08-30,930,N,VIIRS,n,2,291.32,2.23,N,0
40.58529,-121.3269,316.05,0.43,0.46,2021-08-30,930,N,VIIRS,n,2,290.87,2.23,N,0
40.58566,-121.37747,315.75,0.44,0.46,2021-08-30,930,N,VIIRS,n,2,285.58,2.71,N,0
40.58572,-121.33157,321.75,0.43,0.46,2021-08-30,930,N,VIIRS,n,2,290.82,5.9,N,0
40.58616,-121.33627,367,0.43,0.46,2021-08-30,930,N,VIIRS,h,2,296.13,5.9,N,0
40.58662,-121.34126,330.23,0.43,0.46,2021-08-30,930,N,VIIRS,n,2,290.57,2.59,N,0
40.5871,-121.34648,309.07,0.43,0.46,2021-08-30,930,N,VIIRS,n,2,288.53,2.59,N,0
40.5876,-121.35189,302.56,0.44,0.46,2021-08-30,930,N,VIIRS,n,2,288.69,1.96,N,0
40.58958,-121.32677,312.12,0.43,0.46,2021-08-30,930,N,VIIRS,n,2,290.58,2.23,N,0
40.59002,-121.33154,302.94,0.43,0.46,2021-08-30,930,N,VIIRS,n,2,289.5,5.9,N,0
40.59094,-121.34141,317.73,0.43,0.46,2021-08-30,930,N,VIIRS,n,2,289.98,2.59,N,0
40.59142,-121.34662,309.79,0.43,0.46,2021-08-30,930,N,VIIRS,n,2,289.66,2.59,N,0
40.59415,-121.376,297.27,0.44,0.46,2021-08-30,930,N,VIIRS,n,2,284.52,0.95,N,0
40.59433,-121.3315,309.96,0.43,0.46,2021-08-30,930,N,VIIRS,n,2,292.16,2.11,N,0
40.59479,-121.33644,313.37,0.43,0.46,2021-08-30,930,N,VIIRS,n,2,290.31,2.11,N,0
40.59526,-121.34152,312.61,0.43,0.46,2021-08-30,930,N,VIIRS,n,2,290.06,3.32,N,0
40.59753,-121.33565,304.13,0.43,0.46,2021-08-30,930,N,VIIRS,n,2,290.73,2.64,N,0
40.59798,-121.34073,331.73,0.43,0.46,2021-08-30,930,N,VIIRS,n,2,293.62,2.64,N,0
40.59843,-121.34586,303.89,0.44,0.46,2021-08-30,930,N,VIIRS,n,2,288.86,3.26,N,0
40.59958,-121.34155,330.48,0.43,0.46,2021-08-30,930,N,VIIRS,n,2,293.2,3.32,N,0
40.60015,-121.39407,327.54,0.44,0.46,2021-08-30,930,N,VIIRS,n,2,289.26,2.6,N,0
40.60228,-121.34073,336.51,0.43,0.46,2021-08-30,930,N,VIIRS,n,2,292.14,2.64,N,0
40.60252,-121.39278,329.17,0.44,0.46,2021-08-30,930,N,VIIRS,n,2,289.47,3.07,N,0
40.60383,-121.38716,298.91,0.44,0.46,2021-08-30,930,N,VIIRS,n,2,287.74,1.38,N,0
40.60389,-121.34155,328.91,0.43,0.46,2021-08-30,930,N,VIIRS,n,2,290.76,3.88,N,0
40.60445,-121.39381,315.45,0.44,0.46,2021-08-30,930,N,VIIRS,n,2,287.8,2.6,N,0
40.60447,-121.3656,297.76,0.44,0.46,2021-08-30,930,N,VIIRS,n,2,285.67,0.31,N,0
40.60576,-121.3615,311.59,0.44,0.46,2021-08-30,930,N,VIIRS,n,2,287.6,1.57,N,0
40.60578,-121.38062,313.4,0.44,0.46,2021-08-30,930,N,VIIRS,n,2,287.87,1.48,N,0
40.60621,-121.36633,320.23,0.44,0.46,2021-08-30,930,N,VIIRS,n,2,285.75,1.57,N,0
40.60629,-121.38641,306.42,0.44,0.46,2021-08-30,930,N,VIIRS,n,2,288.67,3.07,N,0
40.60685,-121.39291,346.5,0.44,0.46,2021-08-30,930,N,VIIRS,n,2,290.92,3.07,N,0
40.60714,-121.37627,305.27,0.44,0.46,2021-08-30,930,N,VIIRS,n,2,287.24,1.85,N,0
40.60764,-121.38172,310.27,0.44,0.46,2021-08-30,930,N,VIIRS,n,2,287.39,1.75,N,0
40.6082,-121.38763,312.7,0.44,0.46,2021-08-30,930,N,VIIRS,n,2,288.7,1.75,N,0
40.60877,-121.36552,328.46,0.44,0.46,2021-08-30,930,N,VIIRS,n,2,288.17,1.84,N,0
40.6088,-121.39411,341.79,0.44,0.46,2021-08-30,930,N,VIIRS,n,2,290.1,7.08,N,0
40.61013,-121.38107,302.64,0.44,0.46,2021-08-30,930,N,VIIRS,n,2,286.15,0.45,N,0
40.61052,-121.3663,313.13,0.44,0.46,2021-08-30,930,N,VIIRS,n,2,287.48,1.57,N,0
40.61065,-121.38696,297.75,0.44,0.46,2021-08-30,930,N,VIIRS,n,2,286.4,0.9,N,0
40.61119,-121.39328,304.92,0.44,0.46,2021-08-30,930,N,VIIRS,n,2,286.69,0.9,N,0
40.61257,-121.38815,317.61,0.44,0.46,2021-08-30,930,N,VIIRS,n,2,286.76,1.75,N,0
40.61308,-121.36551,305.34,0.44,0.46,2021-08-30,930,N,VIIRS,n,2,288.33,1.84,N,0
40.61353,-121.37054,315.69,0.44,0.46,2021-08-30,930,N,VIIRS,n,2,286.12,1.84,N,0
40.61449,-121.38158,300.28,0.44,0.46,2021-08-30,930,N,VIIRS,n,2,286.23,0.45,N,0
40.615,-121.38739,310.12,0.44,0.46,2021-08-30,930,N,VIIRS,n,2,286.88,0.9,N,0
40.61553,-121.39351,304.75,0.44,0.46,2021-08-30,930,N,VIIRS,n,2,289.13,0.9,N,0
41.45761,-121.93744,298.97,0.48,0.48,2021-08-30,930,N,VIIRS,n,2,288.6,0.85,N,0
41.48623,-121.90453,301.29,0.47,0.48,2021-08-30,930,N,VIIRS,n,2,286.54,2.12,N,0
41.50187,-121.89733,298.02,0.47,0.48,2021-08-30,930,N,VIIRS,n,2,285.33,1.24,N,0
41.50354,-121.89717,300.6,0.47,0.48,2021-08-30,930,N,VIIRS,n,2,285.38,1.29,N,0
41.54618,-122.00117,295.54,0.48,0.48,2021-08-30,930,N,VIIRS,n,2,284.96,0.86,N,0
41.55067,-122.00111,303.14,0.48,0.48,2021-08-30,930,N,VIIRS,n,2,285.35,0.86,N,0
39.92225,-120.6978,299.29,0.76,0.77,2021-08-30,1110,N,VIIRS,n,2,287.02,3.59,N,0
39.92345,-120.67816,306.16,0.76,0.77,2021-08-30,1110,N,VIIRS,n,2,287.76,20.28,N,0
39.92474,-120.70514,306.98,0.76,0.77,2021-08-30,1110,N,VIIRS,n,2,287.12,3.59,N,0
39.92623,-120.68633,336.31,0.76,0.77,2021-08-30,1110,N,VIIRS,n,2,291.05,20.28,N,0
39.92663,-120.66427,305.61,0.76,0.77,2021-08-30,1110,N,VIIRS,n,2,286.74,5.39,N,0
39.92757,-120.71342,304.38,0.76,0.77,2021-08-30,1110,N,VIIRS,n,2,287.71,6.28,N,0
39.9296,-120.67298,317.25,0.76,0.77,2021-08-30,1110,N,VIIRS,n,2,287.75,20.28,N,0
39.93176,-120.70255,367,0.76,0.77,2021-08-30,1110,N,VIIRS,h,2,352.32,420.11,N,0
39.93191,-120.65652,302.13,0.76,0.77,2021-08-30,1110,N,VIIRS,n,2,284.63,2.4,N,0
39.93206,-120.68021,335.58,0.76,0.77,2021-08-30,1110,N,VIIRS,n,2,289.12,20.28,N,0
39.93483,-120.66512,305.28,0.76,0.77,2021-08-30,1110,N,VIIRS,n,2,286.11,3.01,N,0
39.93522,-120.6895,367,0.76,0.77,2021-08-30,1110,N,VIIRS,h,2,293.64,420.11,N,0
39.93736,-120.71898,367,0.76,0.77,2021-08-30,1110,N,VIIRS,h,2,307.21,301.09,N,0
39.93774,-120.67365,305.27,0.76,0.77,2021-08-30,1110,N,VIIRS,n,2,286.4,3.01,N,0
39.93781,-120.69711,367,0.76,0.77,2021-08-30,1110,N,VIIRS,h,2,293.59,420.11,N,0
39.94006,-120.72693,316.86,0.76,0.77,2021-08-30,1110,N,VIIRS,n,2,288.46,36.65,N,0
39.94006,-120.7037,367,0.76,0.77,2021-08-30,1110,N,VIIRS,h,2,294.11,301.09,N,0
39.94086,-120.68283,312.65,0.76,0.77,2021-08-30,1110,N,VIIRS,n,2,287.76,3.92,N,0
39.94287,-120.712,367,0.76,0.77,2021-08-30,1110,N,VIIRS,h,2,299.93,301.09,N,0
39.94368,-120.69114,307.37,0.76,0.77,2021-08-30,1110,N,VIIRS,n,2,289.07,3.92,N,0
39.94607,-120.69816,306.15,0.76,0.77,2021-08-30,1110,N,VIIRS,n,2,290.12,4.35,N,0
39.94679,-120.7235,314.38,0.76,0.77,2021-08-30,1110,N,VIIRS,n,2,289.89,36.65,N,0
39.9486,-120.70559,310.04,0.76,0.77,2021-08-30,1110,N,VIIRS,n,2,291.35,4.35,N,0
39.94905,-120.64725,300.66,0.76,0.77,2021-08-30,1110,N,VIIRS,n,2,281.6,4.86,N,0
39.95041,-120.73415,299.79,0.76,0.77,2021-08-30,1110,N,VIIRS,n,2,287.83,36.65,N,0
39.95111,-120.64316,303.08,0.76,0.77,2021-08-30,1110,N,VIIRS,n,2,283.09,3.4,N,0
39.95211,-120.65613,305.05,0.76,0.77,2021-08-30,1110,N,VIIRS,n,2,284.18,4.86,N,0
39.95244,-120.71691,326.01,0.76,0.77,2021-08-30,1110,N,VIIRS,n,2,291.62,3.54,N,0
39.95409,-120.65196,311.92,0.76,0.77,2021-08-30,1110,N,VIIRS,n,2,285.39,13.81,N,0
39.95456,-120.69989,322.27,0.76,0.77,2021-08-30,1110,N,VIIRS,n,2,291.83,4.35,N,0
39.95534,-120.66548,339,0.76,0.77,2021-08-30,1110,N,VIIRS,n,2,287.91,14.81,N,0
39.95654,-120.729,300.92,0.76,0.77,2021-08-30,1110,N,VIIRS,n,2,288.63,3.54,N,0
39.95667,-120.64635,304.76,0.76,0.77,2021-08-30,1110,N,VIIRS,n,2,286.46,4.86,N,0
39.95722,-120.66119,367,0.76,0.77,2021-08-30,1110,N,VIIRS,h,2,291.57,13.81,N,0
39.95763,-120.70896,308.66,0.76,0.77,2021-08-30,1110,N,VIIRS,n,2,291.03,3.54,N,0
39.95807,-120.67338,322.61,0.76,0.77,2021-08-30,1110,N,VIIRS,n,2,288.94,14.81,N,0
39.95858,-120.68848,324.29,0.76,0.77,2021-08-30,1110,N,VIIRS,n,2,290.07,5.02,N,0
39.95913,-120.6435,300.15,0.76,0.77,2021-08-30,1110,N,VIIRS,n,2,286.73,4.78,N,0
39.95958,-120.65477,317.55,0.76,0.77,2021-08-30,1110,N,VIIRS,n,2,287.89,4.86,N,0
39.96,-120.66939,367,0.76,0.77,2021-08-30,1110,N,VIIRS,h,2,293.42,19.91,N,0
39.96053,-120.74078,302.89,0.76,0.77,2021-08-30,1110,N,VIIRS,n,2,288.01,2.34,N,0
39.96093,-120.6954,311.91,0.76,0.77,2021-08-30,1110,N,VIIRS,n,2,292.97,5.02,N,0
39.96112,-120.68224,314.14,0.76,0.77,2021-08-30,1110,N,VIIRS,n,2,289.83,5.13,N,0
39.96144,-120.72021,301.32,0.76,0.77,2021-08-30,1110,N,VIIRS,n,2,289.72,3.54,N,0
39.96188,-120.65163,311.11,0.76,0.77,2021-08-30,1110,N,VIIRS,n,2,288.13,7.62,N,0
39.96219,-120.63937,299.01,0.76,0.77,2021-08-30,1110,N,VIIRS,n,2,286.04,4.9,N,0
39.96246,-120.66318,367,0.76,0.77,2021-08-30,1110,N,VIIRS,h,2,295.53,14.81,N,0
39.9631,-120.67856,317.14,0.76,0.77,2021-08-30,1110,N,VIIRS,n,2,291.88,19.91,N,0
39.96366,-120.75,302.3,0.75,0.77,2021-08-30,1110,N,VIIRS,n,2,287.15,2.34,N,0
39.96388,-120.69025,311.31,0.76,0.77,2021-08-30,1110,N,VIIRS,n,2,291.93,5.13,N,0
39.96465,-120.65981,338.38,0.76,0.77,2021-08-30,1110,N,VIIRS,n,2,293.36,7.62,N,0
39.96473,-120.63671,301.46,0.76,0.77,2021-08-30,1110,N,VIIRS,n,2,285.92,4.78,N,0
39.96492,-120.6473,316.98,0.76,0.77,2021-08-30,1110,N,VIIRS,n,2,288.06,8.45,N,0
39.9655,-120.67197,349.22,0.76,0.77,2021-08-30,1110,N,VIIRS,n,2,295.93,14.81,N,0
39.96611,-120.68742,309.27,0.76,0.77,2021-08-30,1110,N,VIIRS,n,2,291.89,5.02,N,0
39.96748,-120.64485,330.43,0.76,0.77,2021-08-30,1110,N,VIIRS,n,2,290.5,4.78,N,0
39.96752,-120.63184,302.55,0.76,0.77,2021-08-30,1110,N,VIIRS,n,2,285.57,4.9,N,0
39.96756,-120.66838,328.86,0.76,0.77,2021-08-30,1110,N,VIIRS,n,2,293.37,5.29,N,0
39.96763,-120.65517,321.43,0.76,0.77,2021-08-30,1110,N,VIIRS,n,2,291.62,8.45,N,0
39.96873,-120.70432,301.6,0.76,0.77,2021-08-30,1110,N,VIIRS,n,2,290.05,7.36,N,0
39.96894,-120.68195,305.7,0.76,0.77,2021-08-30,1110,N,VIIRS,n,2,291.08,5.13,N,0
39.96966,-120.62796,308.36,0.76,0.77,2021-08-30,1110,N,VIIRS,n,2,285.56,7.42,N,0
39.97007,-120.6525,328.39,0.76,0.77,2021-08-30,1110,N,VIIRS,n,2,293.38,7.62,N,0
39.97033,-120.66301,316.98,0.76,0.77,2021-08-30,1110,N,VIIRS,n,2,292.66,4.54,N,0
39.97047,-120.6404,327.74,0.76,0.77,2021-08-30,1110,N,VIIRS,n,2,288.77,4.9,N,0
39.97084,-120.67809,305.73,0.76,0.77,2021-08-30,1110,N,VIIRS,n,2,290.72,5.29,N,0
39.97092,-120.71066,302.11,0.76,0.77,2021-08-30,1110,N,VIIRS,n,2,289.45,3.27,N,0
39.97126,-120.61968,298.75,0.76,0.77,2021-08-30,1110,N,VIIRS,n,2,285.8,6.85,N,0
39.97163,-120.68978,302.84,0.76,0.77,2021-08-30,1110,N,VIIRS,n,2,289.5,5.13,N,0
39.97253,-120.65978,313.56,0.76,0.77,2021-08-30,1110,N,VIIRS,n,2,292.9,7.62,N,0
39.97262,-120.63669,335.87,0.76,0.77,2021-08-30,1110,N,VIIRS,n,2,289.87,13.15,N,0
39.97295,-120.64761,337.49,0.76,0.77,2021-08-30,1110,N,VIIRS,n,2,294.42,8.45,N,0
39.97317,-120.67126,308.87,0.76,0.77,2021-08-30,1110,N,VIIRS,n,2,292.08,4.54,N,0
39.9735,-120.68594,305.5,0.76,0.77,2021-08-30,1110,N,VIIRS,n,2,289.69,4.47,N,0
39.97483,-120.63005,332.18,0.76,0.77,2021-08-30,1110,N,VIIRS,n,2,288.43,10.13,N,0
39.97512,-120.66742,306.44,0.76,0.77,2021-08-30,1110,N,VIIRS,n,2,291.91,5.29,N,0
39.97512,-120.64409,335.07,0.76,0.77,2021-08-30,1110,N,VIIRS,n,2,293,13.15,N,0
39.97533,-120.65454,322.32,0.76,0.77,2021-08-30,1110,N,VIIRS,n,2,293.49,8.45,N,0
39.97591,-120.67922,310.22,0.76,0.77,2021-08-30,1110,N,VIIRS,n,2,291.76,3.23,N,0
39.97629,-120.62416,315.81,0.76,0.77,2021-08-30,1110,N,VIIRS,n,2,287.23,7.42,N,0
39.97747,-120.65105,321.78,0.76,0.77,2021-08-30,1110,N,VIIRS,n,2,292.48,6.63,N,0
39.97763,-120.6382,349.77,0.76,0.77,2021-08-30,1110,N,VIIRS,n,2,293.93,10.13,N,0
39.97771,-120.6751,307.77,0.76,0.77,2021-08-30,1110,N,VIIRS,n,2,291.01,5.29,N,0
39.97779,-120.6617,310.87,0.76,0.77,2021-08-30,1110,N,VIIRS,n,2,293.04,4.54,N,0
39.97844,-120.68656,309.81,0.76,0.77,2021-08-30,1110,N,VIIRS,n,2,291.08,3.23,N,0
39.97947,-120.63358,349.94,0.76,0.77,2021-08-30,1110,N,VIIRS,n,2,294.71,13.15,N,0
39.97982,-120.658,313.49,0.76,0.77,2021-08-30,1110,N,VIIRS,n,2,291.74,6.63,N,0
39.98005,-120.64521,326.03,0.76,0.77,2021-08-30,1110,N,VIIRS,n,2,291.68,8.77,N,0
39.98015,-120.6823,310.19,0.76,0.77,2021-08-30,1110,N,VIIRS,n,2,291.4,4.47,N,0
39.98033,-120.66909,301.7,0.76,0.77,2021-08-30,1110,N,VIIRS,n,2,289.96,4.54,N,0
39.98083,-120.69351,302.72,0.76,0.77,2021-08-30,1110,N,VIIRS,n,2,290.02,2.98,N,0
39.98149,-120.62637,313.32,0.76,0.77,2021-08-30,1110,N,VIIRS,n,2,288.04,10.13,N,0
39.98192,-120.64082,330.56,0.76,0.77,2021-08-30,1110,N,VIIRS,n,2,292.2,13.15,N,0
39.98217,-120.66492,305.93,0.76,0.77,2021-08-30,1110,N,VIIRS,n,2,289.62,3.39,N,0
39.98234,-120.6519,316.61,0.76,0.77,2021-08-30,1110,N,VIIRS,n,2,291.08,8.77,N,0
39.98244,-120.75897,310.53,0.75,0.77,2021-08-30,1110,N,VIIRS,n,2,286.95,4.37,N,0
39.98272,-120.67603,301.99,0.76,0.77,2021-08-30,1110,N,VIIRS,n,2,289.42,3.23,N,0
39.98306,-120.6208,312.09,0.76,0.77,2021-08-30,1110,N,VIIRS,n,2,288.01,7.46,N,0
39.98417,-120.64752,318.38,0.76,0.77,2021-08-30,1110,N,VIIRS,n,2,291.01,6.63,N,0
39.98426,-120.63443,333.43,0.76,0.77,2021-08-30,1110,N,VIIRS,n,2,293,10.13,N,0
39.98458,-120.67205,302.79,0.76,0.77,2021-08-30,1110,N,VIIRS,n,2,289.36,3.39,N,0
39.98466,-120.65867,313.08,0.76,0.77,2021-08-30,1110,N,VIIRS,n,2,291.5,4.4,N,0
39.9863,-120.63042,319.66,0.76,0.77,2021-08-30,1110,N,VIIRS,n,2,290.74,4.8,N,0
39.9865,-120.64098,324.54,0.76,0.77,2021-08-30,1110,N,VIIRS,n,2,291.6,8.77,N,0
39.98654,-120.65451,313.42,0.76,0.77,2021-08-30,1110,N,VIIRS,n,2,291.38,6.63,N,0
39.9869,-120.7571,301.9,0.75,0.77,2021-08-30,1110,N,VIIRS,n,2,287.15,1.55,N,0
39.98705,-120.6656,314.24,0.76,0.77,2021-08-30,1110,N,VIIRS,n,2,291.22,4.4,N,0
39.9885,-120.63693,321.46,0.76,0.77,2021-08-30,1110,N,VIIRS,n,2,291.87,4.8,N,0
39.98854,-120.62383,308.56,0.76,0.77,2021-08-30,1110,N,VIIRS,n,2,287.48,6,N,0
39.98883,-120.66129,315.05,0.76,0.77,2021-08-30,1110,N,VIIRS,n,2,291.83,3.39,N,0
39.98895,-120.64808,318.43,0.76,0.77,2021-08-30,1110,N,VIIRS,n,2,292.11,8.77,N,0
39.98935,-120.67229,311.54,0.76,0.77,2021-08-30,1110,N,VIIRS,n,2,290.89,6.55,N,0
39.98996,-120.58167,295.56,0.77,0.77,2021-08-30,1110,N,VIIRS,n,2,284.29,3.11,N,0
39.9901,-120.60527,299.32,0.76,0.77,2021-08-30,1110,N,VIIRS,n,2,286.44,6.03,N,0
39.99031,-120.76699,306.89,0.75,0.77,2021-08-30,1110,N,VIIRS,n,2,286.78,1.55,N,0
39.99055,-120.75968,309.44,0.75,0.77,2021-08-30,1110,N,VIIRS,n,2,288.34,3.04,N,0
39.99094,-120.64416,318.45,0.76,0.77,2021-08-30,1110,N,VIIRS,n,2,292.02,4.6,N,0
39.99107,-120.66793,309.76,0.76,0.77,2021-08-30,1110,N,VIIRS,n,2,291.28,3.39,N,0
39.99128,-120.63184,310.75,0.76,0.77,2021-08-30,1110,N,VIIRS,n,2,289.31,6,N,0
39.99138,-120.65518,313.62,0.76,0.77,2021-08-30,1110,N,VIIRS,n,2,290.66,4.4,N,0
39.99318,-120.62741,307.24,0.76,0.77,2021-08-30,1110,N,VIIRS,n,2,287.34,4.8,N,0
39.99332,-120.65122,313.38,0.76,0.77,2021-08-30,1110,N,VIIRS,n,2,290.5,4.6,N,0
39.99361,-120.66168,311.98,0.76,0.77,2021-08-30,1110,N,VIIRS,n,2,291.36,4.4,N,0
39.99366,-120.63875,311.15,0.76,0.77,2021-08-30,1110,N,VIIRS,n,2,289.66,5.13,N,0
39.99368,-120.77679,301.33,0.75,0.77,2021-08-30,1110,N,VIIRS,n,2,285.81,2.02,N,0
39.9941,-120.75512,299.04,0.75,0.77,2021-08-30,1110,N,VIIRS,n,2,288.33,1.55,N,0
39.99424,-120.61734,330.18,0.76,0.77,2021-08-30,1110,N,VIIRS,n,2,289.21,6,N,0
39.99444,-120.77122,310.12,0.75,0.77,2021-08-30,1110,N,VIIRS,n,2,287.3,3.04,N,0
39.99498,-120.60928,333.7,0.76,0.77,2021-08-30,1110,N,VIIRS,n,2,290.98,10.16,N,0
39.99505,-120.59657,304.64,0.76,0.77,2021-08-30,1110,N,VIIRS,n,2,287.43,3.11,N,0
39.9955,-120.65768,313.45,0.76,0.77,2021-08-30,1110,N,VIIRS,n,2,291.53,8.61,N,0
39.99571,-120.63491,308.5,0.76,0.77,2021-08-30,1110,N,VIIRS,n,2,287.64,4.8,N,0
39.99607,-120.6458,313.28,0.76,0.77,2021-08-30,1110,N,VIIRS,n,2,290.78,5.13,N,0
39.99772,-120.62751,328.85,0.76,0.77,2021-08-30,1110,N,VIIRS,n,2,290.8,6,N,0
39.99794,-120.64151,312.69,0.76,0.77,2021-08-30,1110,N,VIIRS,n,2,290.21,4.6,N,0
39.9982,-120.652,310.55,0.76,0.77,2021-08-30,1110,N,VIIRS,n,2,290.61,2.88,N,0
39.99849,-120.76787,303.61,0.75,0.77,2021-08-30,1110,N,VIIRS,n,2,286.76,2.02,N,0
39.99877,-120.62053,342.65,0.76,0.77,2021-08-30,1110,N,VIIRS,n,2,294.49,10.49,N,0
39.99939,-120.60921,338.18,0.76,0.77,2021-08-30,1110,N,VIIRS,n,2,292.06,8.73,N,0
39.99999,-120.60061,310.73,0.76,0.77,2021-08-30,1110,N,VIIRS,n,2,288.35,10.16,N,0
40.00014,-120.64804,310.54,0.76,0.77,2021-08-30,1110,N,VIIRS,n,2,290.73,4.6,N,0
40.00016,-120.63464,320.49,0.76,0.77,2021-08-30,1110,N,VIIRS,n,2,290.13,5.13,N,0
40.00021,-120.65788,305.29,0.76,0.77,2021-08-30,1110,N,VIIRS,n,2,290.41,2.88,N,0
40.00167,-120.62914,328.51,0.76,0.77,2021-08-30,1110,N,VIIRS,n,2,292.38,10.49,N,0
40.00253,-120.64155,312.71,0.76,0.77,2021-08-30,1110,N,VIIRS,n,2,290.49,5.13,N,0
40.00317,-120.62029,337.82,0.76,0.77,2021-08-30,1110,N,VIIRS,n,2,293,8.73,N,0
40.00375,-120.61179,336.42,0.76,0.77,2021-08-30,1110,N,VIIRS,n,2,291.66,10.49,N,0
40.00408,-120.63631,326.39,0.76,0.77,2021-08-30,1110,N,VIIRS,n,2,291.41,7.52,N,0
40.00476,-120.64804,306.55,0.76,0.77,2021-08-30,1110,N,VIIRS,n,2,289.87,2.88,N,0
40.00581,-120.62801,325.69,0.76,0.77,2021-08-30,1110,N,VIIRS,n,2,291.17,7.91,N,0
40.00631,-120.64293,306.53,0.76,0.77,2021-08-30,1110,N,VIIRS,n,2,290.34,7.52,N,0
40.00679,-120.65397,303.27,0.76,0.77,2021-08-30,1110,N,VIIRS,n,2,289.21,2.88,N,0
40.00715,-120.62196,310.67,0.76,0.77,2021-08-30,1110,N,VIIRS,n,2,289.51,10.49,N,0
40.00816,-120.6117,303.45,0.76,0.77,2021-08-30,1110,N,VIIRS,n,2,288.72,8.73,N,0
40.00827,-120.6352,311.83,0.76,0.77,2021-08-30,1110,N,VIIRS,n,2,288.79,7.91,N,0
40.00839,-120.64909,308.75,0.76,0.77,2021-08-30,1110,N,VIIRS,n,2,289.59,5.02,N,0
40.0202,-120.80822,330.29,0.75,0.77,2021-08-30,1110,N,VIIRS,n,2,286.42,3.4,N,0
40.02108,-120.80369,325.02,0.75,0.77,2021-08-30,1110,N,VIIRS,n,2,286.5,3.84,N,0
40.02319,-120.80994,307.08,0.75,0.77,2021-08-30,1110,N,VIIRS,n,2,286.99,3.84,N,0
40.02468,-120.7984,298.46,0.75,0.77,2021-08-30,1110,N,VIIRS,n,2,287.88,3.4,N,0
40.02701,-120.80518,301.46,0.75,0.77,2021-08-30,1110,N,VIIRS,n,2,288.33,6.54,N,0
40.02984,-120.72134,297.46,0.75,0.77,2021-08-30,1110,N,VIIRS,n,2,287.34,1.39,N,0
40.03151,-120.71779,308.25,0.75,0.77,2021-08-30,1110,N,VIIRS,n,2,287.86,2.36,N,0
40.03473,-120.71259,301.41,0.75,0.77,2021-08-30,1110,N,VIIRS,n,2,287.91,2.41,N,0
40.03661,-120.71812,313.91,0.75,0.77,2021-08-30,1110,N,VIIRS,n,2,288.34,3.31,N,0
40.03829,-120.71456,304.03,0.75,0.77,2021-08-30,1110,N,VIIRS,n,2,288.3,2.36,N,0
40.08372,-121.08297,303.23,0.72,0.76,2021-08-30,1110,N,VIIRS,n,2,288.77,1.63,N,0
40.48801,-121.19425,301.43,0.69,0.74,2021-08-30,1110,N,VIIRS,n,2,284.89,1.48,N,0
40.48877,-121.19702,304.34,0.69,0.74,2021-08-30,1110,N,VIIRS,n,2,285.15,1.02,N,0
40.494,-121.18937,299.23,0.69,0.74,2021-08-30,1110,N,VIIRS,n,2,285.2,1.48,N,0
40.49483,-121.19239,298.48,0.69,0.74,2021-08-30,1110,N,VIIRS,n,2,285.71,0.79,N,0
40.50383,-121.35634,342.02,0.68,0.74,2021-08-30,1110,N,VIIRS,n,2,286.84,6.49,N,0
40.50389,-121.15018,301.93,0.7,0.75,2021-08-30,1110,N,VIIRS,n,2,288.41,3.51,N,0
40.50462,-121.15344,306.84,0.69,0.75,2021-08-30,1110,N,VIIRS,n,2,289.17,3.75,N,0
40.50497,-121.33696,303.92,0.68,0.74,2021-08-30,1110,N,VIIRS,n,2,284.28,1.73,N,0
40.50605,-121.22571,298.09,0.69,0.74,2021-08-30,1110,N,VIIRS,n,2,286.8,1.26,N,0
40.50607,-121.36308,311.83,0.68,0.74,2021-08-30,1110,N,VIIRS,n,2,284.96,6.49,N,0
40.50662,-121.15847,326.26,0.69,0.75,2021-08-30,1110,N,VIIRS,n,2,291.94,3.51,N,0
40.50735,-121.16156,327.76,0.69,0.75,2021-08-30,1110,N,VIIRS,n,2,292.54,4.83,N,0
40.50742,-121.1378,307.24,0.7,0.75,2021-08-30,1110,N,VIIRS,n,2,288.62,2.58,N,0
40.50778,-121.23103,301.3,0.69,0.74,2021-08-30,1110,N,VIIRS,n,2,287.27,2.5,N,0
40.50792,-121.25384,299.37,0.69,0.74,2021-08-30,1110,N,VIIRS,n,2,286.59,0.95,N,0
40.50809,-121.14105,312.53,0.7,0.75,2021-08-30,1110,N,VIIRS,n,2,291.16,3.04,N,0
40.50879,-121.23381,303.01,0.69,0.74,2021-08-30,1110,N,VIIRS,n,2,286.73,1.26,N,0
40.50884,-121.37144,304.82,0.68,0.74,2021-08-30,1110,N,VIIRS,n,2,283.98,2.33,N,0
40.5092,-121.25826,296.38,0.69,0.74,2021-08-30,1110,N,VIIRS,n,2,285.75,2.06,N,0
40.5093,-121.16659,311.69,0.69,0.75,2021-08-30,1110,N,VIIRS,n,2,289.06,4.38,N,0
40.51007,-121.35236,310.29,0.68,0.74,2021-08-30,1110,N,VIIRS,n,2,284.99,2.29,N,0
40.51011,-121.16977,309.36,0.69,0.74,2021-08-30,1110,N,VIIRS,n,2,288.35,4.83,N,0
40.51015,-121.14611,312.1,0.7,0.75,2021-08-30,1110,N,VIIRS,n,2,292.49,3.51,N,0
40.51045,-121.23912,308.26,0.69,0.74,2021-08-30,1110,N,VIIRS,n,2,286.92,2.5,N,0
40.51088,-121.14936,311.78,0.69,0.75,2021-08-30,1110,N,VIIRS,n,2,291.75,3.04,N,0
40.51105,-121.33249,295.38,0.68,0.74,2021-08-30,1110,N,VIIRS,n,2,284.89,1.73,N,0
40.51148,-121.24181,306.63,0.69,0.74,2021-08-30,1110,N,VIIRS,n,2,286.99,1.93,N,0
40.51175,-121.4484,296.5,0.67,0.74,2021-08-30,1110,N,VIIRS,n,2,281.17,3.17,N,0
40.51207,-121.38119,303.5,0.68,0.74,2021-08-30,1110,N,VIIRS,n,2,282.77,2.33,N,0
40.51237,-121.35931,311.54,0.68,0.74,2021-08-30,1110,N,VIIRS,n,2,283.67,2.29,N,0
40.51275,-121.45832,310.16,0.67,0.74,2021-08-30,1110,N,VIIRS,n,2,282.56,2.53,N,0
40.51288,-121.15436,312.55,0.69,0.75,2021-08-30,1110,N,VIIRS,n,2,291.11,3.51,N,0
40.51302,-121.24688,299.66,0.69,0.74,2021-08-30,1110,N,VIIRS,n,2,286.42,2.06,N,0
40.51361,-121.1575,311.4,0.69,0.75,2021-08-30,1110,N,VIIRS,n,2,290.78,4.28,N,0
40.51378,-121.22623,297.69,0.69,0.74,2021-08-30,1110,N,VIIRS,n,2,287.54,1.48,N,0
40.51401,-121.45523,309.22,0.67,0.74,2021-08-30,1110,N,VIIRS,n,2,281.86,4.12,N,0
40.51403,-121.24938,297.39,0.69,0.74,2021-08-30,1110,N,VIIRS,n,2,285.88,1.93,N,0
40.51476,-121.20618,308.06,0.69,0.74,2021-08-30,1110,N,VIIRS,n,2,287.8,3.45,N,0
40.51477,-121.22899,298.3,0.69,0.74,2021-08-30,1110,N,VIIRS,n,2,287.53,1.26,N,0
40.51554,-121.16245,299.79,0.69,0.75,2021-08-30,1110,N,VIIRS,n,2,288.33,4.38,N,0
40.51562,-121.20886,309.78,0.69,0.74,2021-08-30,1110,N,VIIRS,n,2,288.11,2.4,N,0
40.51596,-121.4384,318.01,0.67,0.74,2021-08-30,1110,N,VIIRS,n,2,285.15,3.17,N,0
40.51637,-121.34856,306.73,0.68,0.74,2021-08-30,1110,N,VIIRS,n,2,284.57,2.29,N,0
40.51638,-121.23411,299.6,0.69,0.74,2021-08-30,1110,N,VIIRS,n,2,287.64,1.48,N,0
40.51712,-121.32796,308.35,0.68,0.74,2021-08-30,1110,N,VIIRS,n,2,284.35,3.13,N,0
40.51712,-121.1452,304.71,0.69,0.75,2021-08-30,1110,N,VIIRS,n,2,289.69,3.04,N,0
40.51739,-121.23677,297.7,0.69,0.74,2021-08-30,1110,N,VIIRS,n,2,287.18,1.93,N,0
40.51812,-121.44493,309.64,0.67,0.74,2021-08-30,1110,N,VIIRS,n,2,284.36,3.17,N,0
40.51893,-121.2418,307.15,0.69,0.74,2021-08-30,1110,N,VIIRS,n,2,287.03,2.67,N,0
40.519,-121.35652,312.7,0.68,0.74,2021-08-30,1110,N,VIIRS,n,2,286.54,2.29,N,0
40.51907,-121.15004,306.03,0.69,0.75,2021-08-30,1110,N,VIIRS,n,2,290.19,3.27,N,0
40.51983,-121.15327,303.93,0.69,0.75,2021-08-30,1110,N,VIIRS,n,2,290.1,4.28,N,0
40.51985,-121.33624,320.55,0.68,0.74,2021-08-30,1110,N,VIIRS,n,2,285.46,3.13,N,0
40.51996,-121.24442,314.57,0.69,0.74,2021-08-30,1110,N,VIIRS,n,2,287.53,1.93,N,0
40.52027,-121.45141,327.89,0.67,0.74,2021-08-30,1110,N,VIIRS,n,2,284.17,4.12,N,0
40.52089,-121.20174,300.89,0.69,0.74,2021-08-30,1110,N,VIIRS,n,2,287.1,2.27,N,0
40.52103,-121.36266,306.19,0.68,0.74,2021-08-30,1110,N,VIIRS,n,2,284.63,5.47,N,0
40.52145,-121.24945,310.51,0.69,0.74,2021-08-30,1110,N,VIIRS,n,2,286.62,2.67,N,0
40.52186,-121.20478,310.38,0.69,0.74,2021-08-30,1110,N,VIIRS,n,2,288.05,2.4,N,0
40.5224,-121.34396,313.03,0.68,0.74,2021-08-30,1110,N,VIIRS,n,2,282.99,1.99,N,0
40.5225,-121.25196,307.14,0.69,0.74,2021-08-30,1110,N,VIIRS,n,2,286.53,2.95,N,0
40.52311,-121.32322,306.09,0.68,0.74,2021-08-30,1110,N,VIIRS,n,2,284.8,3.13,N,0
40.52352,-121.37016,334.84,0.68,0.74,2021-08-30,1110,N,VIIRS,n,2,284.56,5.47,N,0
40.52359,-121.20992,317.01,0.69,0.74,2021-08-30,1110,N,VIIRS,n,2,288.29,2.27,N,0
40.52388,-121.2568,307.37,0.69,0.74,2021-08-30,1110,N,VIIRS,n,2,285.9,4.17,N,0
40.52446,-121.32555,302.44,0.68,0.74,2021-08-30,1110,N,VIIRS,n,2,285.02,0.98,N,0
40.52456,-121.21281,317.33,0.69,0.74,2021-08-30,1110,N,VIIRS,n,2,288.6,6.42,N,0
40.52489,-121.25909,305.23,0.69,0.74,2021-08-30,1110,N,VIIRS,n,2,285.46,2.95,N,0
40.52502,-121.35188,296.17,0.68,0.74,2021-08-30,1110,N,VIIRS,n,2,285.15,1.99,N,0
40.52618,-121.21777,303.74,0.69,0.74,2021-08-30,1110,N,VIIRS,n,2,286.89,3.57,N,0
40.52767,-121.24532,308.64,0.69,0.74,2021-08-30,1110,N,VIIRS,n,2,288.56,2.67,N,0
40.52799,-121.15402,301.75,0.69,0.75,2021-08-30,1110,N,VIIRS,n,2,288.25,2.89,N,0
40.52805,-121.20051,299.17,0.69,0.74,2021-08-30,1110,N,VIIRS,n,2,287.23,0.89,N,0
40.52871,-121.24785,311.65,0.69,0.74,2021-08-30,1110,N,VIIRS,n,2,288.66,2.33,N,0
40.52883,-121.15739,308.72,0.69,0.74,2021-08-30,1110,N,VIIRS,n,2,288.76,2.38,N,0
40.52977,-121.20564,306.83,0.69,0.74,2021-08-30,1110,N,VIIRS,n,2,287.43,2.27,N,0
40.53,-121.25237,314.9,0.69,0.74,2021-08-30,1110,N,VIIRS,n,2,288.01,4.17,N,0
40.53075,-121.20858,300.12,0.69,0.74,2021-08-30,1110,N,VIIRS,n,2,286.55,1.03,N,0
40.53076,-121.16245,306.32,0.69,0.74,2021-08-30,1110,N,VIIRS,n,2,287.76,2.89,N,0
40.53081,-121.34655,296,0.68,0.74,2021-08-30,1110,N,VIIRS,n,2,285.48,1.99,N,0
40.53101,-121.25468,310.9,0.69,0.74,2021-08-30,1110,N,VIIRS,n,2,287.54,2.33,N,0
40.53215,-121.34842,298.61,0.68,0.74,2021-08-30,1110,N,VIIRS,n,2,284.88,0.7,N,0
40.53778,-121.16134,301.31,0.69,0.74,2021-08-30,1110,N,VIIRS,n,2,287.44,2.92,N,0
40.53831,-121.34424,298.55,0.68,0.74,2021-08-30,1110,N,VIIRS,n,2,281.95,0.7,N,0
40.54219,-121.33324,300.32,0.68,0.74,2021-08-30,1110,N,VIIRS,n,2,280.62,1.31,N,0
40.54358,-121.33949,314.31,0.68,0.74,2021-08-30,1110,N,VIIRS,n,2,285.04,3.08,N,0
40.54518,-121.34216,313.83,0.68,0.74,2021-08-30,1110,N,VIIRS,n,2,286.19,5.36,N,0
40.54637,-121.34797,302.44,0.68,0.74,2021-08-30,1110,N,VIIRS,n,2,285.57,2.52,N,0
40.54753,-121.32856,299.31,0.68,0.74,2021-08-30,1110,N,VIIRS,n,2,283.54,1.25,N,0
40.54934,-121.33199,304.99,0.68,0.74,2021-08-30,1110,N,VIIRS,n,2,285.41,1.31,N,0
40.55106,-121.33929,298.59,0.68,0.74,2021-08-30,1110,N,VIIRS,n,2,286.67,1.25,N,0
40.55878,-121.17863,318.8,0.69,0.74,2021-08-30,1110,N,VIIRS,n,2,289.73,5.7,N,0
40.56156,-121.18694,299.09,0.69,0.74,2021-08-30,1110,N,VIIRS,n,2,285.74,3.25,N,0
40.5632,-121.26016,298.53,0.68,0.74,2021-08-30,1110,N,VIIRS,n,2,286.89,1.49,N,0
40.56936,-121.2559,299.66,0.68,0.74,2021-08-30,1110,N,VIIRS,n,2,287.87,1.49,N,0
40.57328,-121.33575,301.93,0.68,0.74,2021-08-30,1110,N,VIIRS,n,2,285.76,3.54,N,0
40.57668,-121.32545,318.73,0.68,0.74,2021-08-30,1110,N,VIIRS,n,2,288.36,3.06,N,0
40.57845,-121.37387,297.84,0.68,0.74,2021-08-30,1110,N,VIIRS,n,2,286.24,2.13,N,0
40.57848,-121.3287,325.71,0.68,0.74,2021-08-30,1110,N,VIIRS,n,2,289.85,3.54,N,0
40.58024,-121.33637,317.04,0.68,0.74,2021-08-30,1110,N,VIIRS,n,2,287.7,3.15,N,0
40.58046,-121.35728,310.47,0.68,0.74,2021-08-30,1110,N,VIIRS,n,2,286.84,3.6,N,0
40.58096,-121.36155,336.3,0.68,0.74,2021-08-30,1110,N,VIIRS,n,2,289.1,9.04,N,0
40.58173,-121.33845,318.48,0.68,0.74,2021-08-30,1110,N,VIIRS,n,2,288.04,3.54,N,0
40.58187,-121.31827,299.39,0.68,0.74,2021-08-30,1110,N,VIIRS,n,2,288.67,3.06,N,0
40.58241,-121.36312,347.15,0.68,0.74,2021-08-30,1110,N,VIIRS,n,2,290.92,6.71,N,0
40.58282,-121.34424,302.22,0.68,0.74,2021-08-30,1110,N,VIIRS,n,2,286.2,3.15,N,0
40.58319,-121.36836,324.59,0.68,0.74,2021-08-30,1110,N,VIIRS,n,2,288.39,5.48,N,0
40.58351,-121.3211,302,0.68,0.74,2021-08-30,1110,N,VIIRS,n,2,288.93,2.05,N,0
40.58417,-121.34577,302.25,0.68,0.74,2021-08-30,1110,N,VIIRS,n,2,287.43,3.6,N,0
40.58487,-121.35052,299.85,0.68,0.74,2021-08-30,1110,N,VIIRS,n,2,287.2,4.71,N,0
40.58498,-121.37083,310.82,0.68,0.74,2021-08-30,1110,N,VIIRS,n,2,287.38,6.71,N,0
40.5851,-121.32818,306.21,0.68,0.74,2021-08-30,1110,N,VIIRS,n,2,289.25,3.15,N,0
40.5862,-121.35184,299.81,0.68,0.74,2021-08-30,1110,N,VIIRS,n,2,287.15,3.6,N,0
40.58659,-121.37877,296.16,0.68,0.74,2021-08-30,1110,N,VIIRS,n,2,285.57,5.48,N,0
40.5867,-121.33066,307.19,0.68,0.74,2021-08-30,1110,N,VIIRS,n,2,289.15,2.05,N,0
40.58684,-121.35652,332.11,0.68,0.74,2021-08-30,1110,N,VIIRS,n,2,289.8,4.71,N,0
40.58802,-121.3371,311.67,0.68,0.74,2021-08-30,1110,N,VIIRS,n,2,288.62,3.15,N,0
40.58826,-121.35805,315.09,0.68,0.74,2021-08-30,1110,N,VIIRS,n,2,288.52,6.71,N,0
40.58948,-121.33902,300.39,0.68,0.74,2021-08-30,1110,N,VIIRS,n,2,288.16,1.84,N,0
40.59177,-121.34589,298.11,0.68,0.74,2021-08-30,1110,N,VIIRS,n,2,287.94,1.84,N,0
40.5972,-121.33952,304.58,0.68,0.74,2021-08-30,1110,N,VIIRS,n,2,289.04,1.84,N,0
40.5984,-121.39186,309.71,0.67,0.74,2021-08-30,1110,N,VIIRS,n,2,286.89,3.9,N,0
40.59958,-121.34667,302.35,0.68,0.74,2021-08-30,1110,N,VIIRS,n,2,287.71,3.14,N,0
40.59985,-121.39285,316.07,0.67,0.74,2021-08-30,1110,N,VIIRS,n,2,288.15,3.03,N,0
40.60463,-121.38794,307.59,0.67,0.74,2021-08-30,1110,N,VIIRS,n,2,287.45,3.9,N,0
40.60606,-121.38887,312.48,0.67,0.74,2021-08-30,1110,N,VIIRS,n,2,287.36,3.09,N,0
40.60613,-121.39252,334.88,0.67,0.74,2021-08-30,1110,N,VIIRS,n,2,288.4,3.9,N,0
40.60756,-121.39339,339.31,0.67,0.74,2021-08-30,1110,N,VIIRS,n,2,288.83,3.7,N,0
40.60759,-121.39697,305.87,0.67,0.74,2021-08-30,1110,N,VIIRS,n,2,286.49,6.22,N,0
40.60983,-121.37754,301.31,0.67,0.74,2021-08-30,1110,N,VIIRS,n,2,286.27,3.09,N,0
40.61343,-121.38839,297.45,0.67,0.74,2021-08-30,1110,N,VIIRS,n,2,285.31,3.7,N,0
40.61508,-121.39335,298.78,0.67,0.74,2021-08-30,1110,N,VIIRS,n,2,287.24,3.7,N,0
40.61515,-121.37088,299.41,0.67,0.74,2021-08-30,1110,N,VIIRS,n,2,286.62,2.19,N,0
41.48516,-121.90806,299.79,0.6,0.7,2021-08-30,1110,N,VIIRS,n,2,285.11,1.54,N,0
39.92058,-120.68958,339.94,0.39,0.36,2021-08-30,2053,N,VIIRS,n,2,309.13,3.99,D,0
39.92389,-120.69044,367,0.39,0.36,2021-08-30,2053,N,VIIRS,h,2,347.38,284.78,D,0
39.92463,-120.68593,350.04,0.39,0.36,2021-08-30,2053,N,VIIRS,l,2,328.44,284.78,D,0
39.92719,-120.69133,367,0.39,0.36,2021-08-30,2053,N,VIIRS,l,2,362.99,284.78,D,0
39.92793,-120.68684,367,0.39,0.36,2021-08-30,2053,N,VIIRS,h,2,339,284.78,D,0
39.92867,-120.68238,367,0.39,0.36,2021-08-30,2053,N,VIIRS,l,2,357.26,162.71,D,0
39.92941,-120.67787,367,0.39,0.36,2021-08-30,2053,N,VIIRS,h,2,347.08,162.71,D,0
39.92975,-120.69675,355.76,0.39,0.36,2021-08-30,2053,N,VIIRS,n,2,326.66,18.51,D,0
39.93015,-120.67332,367,0.39,0.36,2021-08-30,2053,N,VIIRS,l,2,333.96,68.89,D,0
39.93049,-120.69225,367,0.39,0.36,2021-08-30,2053,N,VIIRS,h,2,330.89,23.7,D,0
39.93123,-120.68779,355.48,0.39,0.36,2021-08-30,2053,N,VIIRS,n,2,324.31,23.7,D,0
39.93155,-120.70687,356.88,0.39,0.36,2021-08-30,2053,N,VIIRS,n,2,322.68,12.26,D,0
39.93196,-120.68332,367,0.39,0.36,2021-08-30,2053,N,VIIRS,h,2,338.33,156.01,D,0
39.93229,-120.70232,367,0.39,0.36,2021-08-30,2053,N,VIIRS,h,2,325.62,18.51,D,0
39.9327,-120.67887,367,0.39,0.36,2021-08-30,2053,N,VIIRS,l,2,377.15,156.01,D,0
39.93304,-120.69775,367,0.39,0.36,2021-08-30,2053,N,VIIRS,h,2,331.81,18.51,D,0
39.93344,-120.67435,367,0.39,0.36,2021-08-30,2053,N,VIIRS,l,2,376.84,0,D,0
39.93379,-120.69324,367,0.39,0.36,2021-08-30,2053,N,VIIRS,h,2,326.09,23.7,D,0
39.9341,-120.71233,367,0.39,0.36,2021-08-30,2053,N,VIIRS,h,2,326.59,13.72,D,0
39.93418,-120.66987,367,0.39,0.36,2021-08-30,2053,N,VIIRS,l,2,377.15,0,D,0
39.93452,-120.68876,367,0.39,0.36,2021-08-30,2053,N,VIIRS,h,2,327.04,23.7,D,0
39.93484,-120.70784,367,0.39,0.36,2021-08-30,2053,N,VIIRS,h,2,321.48,13.72,D,0
39.93491,-120.66541,352.85,0.39,0.36,2021-08-30,2053,N,VIIRS,n,2,319.09,242.51,D,0
39.93526,-120.6843,367,0.39,0.36,2021-08-30,2053,N,VIIRS,h,2,309.89,156.01,D,0
39.93559,-120.70334,367,0.39,0.36,2021-08-30,2053,N,VIIRS,h,2,325.22,14.66,D,0
39.93599,-120.67984,367,0.39,0.36,2021-08-30,2053,N,VIIRS,h,2,332.35,156.01,D,0
39.93634,-120.69878,367,0.39,0.36,2021-08-30,2053,N,VIIRS,h,2,322.96,14.66,D,0
39.93666,-120.71777,349.21,0.39,0.36,2021-08-30,2053,N,VIIRS,n,2,320.11,11.43,D,0
39.93673,-120.67536,367,0.39,0.36,2021-08-30,2053,N,VIIRS,l,2,372.82,0,D,0
39.93708,-120.69424,367,0.39,0.36,2021-08-30,2053,N,VIIRS,h,2,321.51,15.03,D,0
39.9374,-120.71331,367,0.39,0.36,2021-08-30,2053,N,VIIRS,h,2,325.46,13.72,D,0
39.93747,-120.67088,367,0.39,0.36,2021-08-30,2053,N,VIIRS,l,2,372.5,0,D,0
39.93782,-120.68973,367,0.39,0.36,2021-08-30,2053,N,VIIRS,h,2,322.97,15.03,D,0
39.93814,-120.70882,367,0.39,0.36,2021-08-30,2053,N,VIIRS,h,2,327.87,13.72,D,0
39.9382,-120.66643,367,0.39,0.36,2021-08-30,2053,N,VIIRS,h,2,362.09,242.51,D,0
39.93855,-120.68526,367,0.39,0.36,2021-08-30,2053,N,VIIRS,h,2,325.3,20.08,D,0
39.93869,-120.71625,367,0.39,0.36,2021-08-30,2053,N,VIIRS,h,2,325.42,61.53,D,0
39.93887,-120.70435,367,0.39,0.36,2021-08-30,2053,N,VIIRS,h,2,329.27,14.66,D,0
39.93893,-120.66193,356.15,0.39,0.36,2021-08-30,2053,N,VIIRS,n,2,306.33,242.51,D,0
39.93929,-120.68079,367,0.39,0.36,2021-08-30,2053,N,VIIRS,h,2,318.83,20.08,D,0
39.93943,-120.71181,367,0.39,0.36,2021-08-30,2053,N,VIIRS,h,2,327.09,17.67,D,0
39.93962,-120.6998,356.98,0.39,0.36,2021-08-30,2053,N,VIIRS,n,2,322.82,14.66,D,0
39.94002,-120.67633,367,0.39,0.36,2021-08-30,2053,N,VIIRS,h,2,343.76,159.73,D,0
39.94016,-120.70734,367,0.39,0.36,2021-08-30,2053,N,VIIRS,h,2,328.06,17.67,D,0
39.94037,-120.69525,367,0.39,0.36,2021-08-30,2053,N,VIIRS,h,2,324.72,15.03,D,0
39.94076,-120.67188,367,0.39,0.36,2021-08-30,2053,N,VIIRS,l,2,377.04,159.73,D,0
39.94091,-120.70284,367,0.39,0.36,2021-08-30,2053,N,VIIRS,h,2,327,16.22,D,0
39.94111,-120.69073,367,0.39,0.36,2021-08-30,2053,N,VIIRS,h,2,330.19,15.03,D,0
39.94125,-120.72166,367,0.39,0.36,2021-08-30,2053,N,VIIRS,h,2,344.97,61.53,D,0
39.94149,-120.66738,367,0.39,0.36,2021-08-30,2053,N,VIIRS,l,2,363.09,162.5,D,0
39.94166,-120.69828,367,0.39,0.36,2021-08-30,2053,N,VIIRS,h,2,329.01,16.22,D,0
39.94185,-120.68622,367,0.39,0.36,2021-08-30,2053,N,VIIRS,h,2,329.79,20.08,D,0
39.94198,-120.71722,367,0.39,0.36,2021-08-30,2053,N,VIIRS,h,2,344.29,61.53,D,0
39.94223,-120.6629,324.41,0.39,0.36,2021-08-30,2053,N,VIIRS,l,2,324.78,162.5,D,0
39.94242,-120.69375,367,0.39,0.36,2021-08-30,2053,N,VIIRS,h,2,329.32,20.74,D,0
39.94258,-120.68176,367,0.39,0.36,2021-08-30,2053,N,VIIRS,h,2,322.47,20.08,D,0
39.94271,-120.71279,367,0.39,0.36,2021-08-30,2053,N,VIIRS,h,2,327.78,17.67,D,0
39.94297,-120.65839,367,0.39,0.36,2021-08-30,2053,N,VIIRS,h,2,298.75,68.78,D,0
39.94316,-120.68922,367,0.39,0.36,2021-08-30,2053,N,VIIRS,h,2,334.19,20.74,D,0
39.94332,-120.67728,367,0.39,0.36,2021-08-30,2053,N,VIIRS,h,2,326.91,159.73,D,0
39.94345,-120.70834,367,0.39,0.36,2021-08-30,2053,N,VIIRS,h,2,329.81,17.67,D,0
39.94371,-120.65387,367,0.39,0.36,2021-08-30,2053,N,VIIRS,h,2,297.57,68.78,D,0
39.9439,-120.68473,367,0.39,0.36,2021-08-30,2053,N,VIIRS,h,2,331.09,20.95,D,0
39.94405,-120.67283,367,0.39,0.36,2021-08-30,2053,N,VIIRS,h,2,357.16,159.73,D,0
39.94419,-120.70384,356.39,0.39,0.36,2021-08-30,2053,N,VIIRS,l,2,325.12,16.22,D,0
39.94445,-120.64935,357.03,0.39,0.36,2021-08-30,2053,N,VIIRS,l,2,294.84,50.28,D,0
39.94454,-120.72261,367,0.39,0.36,2021-08-30,2053,N,VIIRS,h,2,351.78,181.02,D,0
39.94464,-120.68026,367,0.39,0.36,2021-08-30,2053,N,VIIRS,h,2,328.77,20.95,D,0
39.94479,-120.66835,367,0.39,0.36,2021-08-30,2053,N,VIIRS,h,2,360.76,162.5,D,0
39.94495,-120.6993,367,0.39,0.36,2021-08-30,2053,N,VIIRS,h,2,335.09,16.22,D,0
39.9452,-120.64481,367,0.39,0.36,2021-08-30,2053,N,VIIRS,h,2,295.09,50.28,D,0
39.94527,-120.71817,367,0.39,0.36,2021-08-30,2053,N,VIIRS,l,2,383.14,181.02,D,0
39.94538,-120.67581,367,0.39,0.36,2021-08-30,2053,N,VIIRS,h,2,325.36,43.59,D,0
39.94553,-120.66384,367,0.39,0.36,2021-08-30,2053,N,VIIRS,l,2,329.5,162.5,D,0
39.9457,-120.69474,356.69,0.39,0.36,2021-08-30,2053,N,VIIRS,l,2,338.48,20.74,D,0
39.94593,-120.64028,356.71,0.39,0.36,2021-08-30,2053,N,VIIRS,n,2,295.97,13.63,D,0
39.946,-120.71378,367,0.39,0.36,2021-08-30,2053,N,VIIRS,h,2,360.74,79.12,D,0
39.94611,-120.67133,367,0.39,0.36,2021-08-30,2053,N,VIIRS,l,2,339.02,43.59,D,0
39.94645,-120.69022,367,0.39,0.36,2021-08-30,2053,N,VIIRS,h,2,332.86,20.74,D,0
39.94674,-120.70929,356.37,0.39,0.36,2021-08-30,2053,N,VIIRS,l,2,330.72,79.12,D,0
39.94687,-120.66682,367,0.39,0.36,2021-08-30,2053,N,VIIRS,h,2,343.26,72.64,D,0
39.94701,-120.6548,319.78,0.39,0.36,2021-08-30,2053,N,VIIRS,l,2,324.68,68.78,D,0
39.94719,-120.68573,367,0.39,0.36,2021-08-30,2053,N,VIIRS,h,2,333.41,20.95,D,0
39.94748,-120.70483,367,0.39,0.36,2021-08-30,2053,N,VIIRS,h,2,327.96,18.99,D,0
39.94761,-120.6623,367,0.39,0.36,2021-08-30,2053,N,VIIRS,h,2,347.65,72.64,D,0
39.94793,-120.68124,356.76,0.39,0.36,2021-08-30,2053,N,VIIRS,l,2,335.87,20.95,D,0
39.94823,-120.70027,367,0.39,0.36,2021-08-30,2053,N,VIIRS,h,2,336.13,18.99,D,0
39.94836,-120.65776,367,0.39,0.36,2021-08-30,2053,N,VIIRS,l,2,353.03,199.64,D,0
39.94849,-120.64569,357.08,0.39,0.36,2021-08-30,2053,N,VIIRS,l,2,294.8,50.28,D,0
39.94857,-120.7191,367,0.39,0.36,2021-08-30,2053,N,VIIRS,h,2,317.32,181.02,D,0
39.94867,-120.67675,367,0.39,0.36,2021-08-30,2053,N,VIIRS,h,2,333.84,43.59,D,0
39.94899,-120.69576,356.43,0.39,0.36,2021-08-30,2053,N,VIIRS,l,2,340.22,26.28,D,0
39.94911,-120.65324,367,0.39,0.36,2021-08-30,2053,N,VIIRS,l,2,366.26,199.64,D,0
39.94925,-120.64115,357.06,0.39,0.36,2021-08-30,2053,N,VIIRS,l,2,292.27,13.63,D,0
39.94931,-120.71468,355.25,0.39,0.36,2021-08-30,2053,N,VIIRS,l,2,307.21,79.12,D,0
39.94973,-120.69122,355.7,0.39,0.36,2021-08-30,2053,N,VIIRS,l,2,336.68,26.28,D,0
39.94986,-120.6487,367,0.39,0.36,2021-08-30,2053,N,VIIRS,h,2,350.96,239.86,D,0
39.94999,-120.6366,355.51,0.39,0.36,2021-08-30,2053,N,VIIRS,n,2,292.81,13.63,D,0
39.95017,-120.66771,367,0.39,0.36,2021-08-30,2053,N,VIIRS,h,2,358.22,72.64,D,0
39.95048,-120.68671,356.44,0.39,0.36,2021-08-30,2053,N,VIIRS,l,2,336.39,31.19,D,0
39.95078,-120.70575,356.87,0.39,0.36,2021-08-30,2053,N,VIIRS,l,2,318.07,18.99,D,0
39.95092,-120.66315,367,0.39,0.36,2021-08-30,2053,N,VIIRS,l,2,338.4,72.64,D,0
39.95122,-120.68223,367,0.39,0.36,2021-08-30,2053,N,VIIRS,h,2,337.99,31.19,D,0
39.95136,-120.6396,367,0.39,0.36,2021-08-30,2053,N,VIIRS,h,2,294.67,78.08,D,0
39.95152,-120.70127,367,0.39,0.36,2021-08-30,2053,N,VIIRS,h,2,331.31,18.99,D,0
39.95167,-120.65862,367,0.39,0.36,2021-08-30,2053,N,VIIRS,l,2,367.58,199.64,D,0
39.95211,-120.63503,367,0.39,0.36,2021-08-30,2053,N,VIIRS,h,2,292.5,78.08,D,0
39.95227,-120.69675,356.94,0.39,0.36,2021-08-30,2053,N,VIIRS,l,2,339.5,26.28,D,0
39.95242,-120.65411,367,0.39,0.36,2021-08-30,2053,N,VIIRS,l,2,367.16,199.64,D,0
39.95272,-120.67316,367,0.39,0.36,2021-08-30,2053,N,VIIRS,h,2,328.66,31,D,0
39.95287,-120.63049,351.09,0.39,0.36,2021-08-30,2053,N,VIIRS,n,2,291.81,8.21,D,0
39.95302,-120.69223,367,0.39,0.36,2021-08-30,2053,N,VIIRS,h,2,336.81,26.28,D,0
39.95317,-120.64955,367,0.39,0.36,2021-08-30,2053,N,VIIRS,h,2,354.71,239.86,D,0
39.95348,-120.66859,367,0.39,0.36,2021-08-30,2053,N,VIIRS,l,2,342.98,29.52,D,0
39.95362,-120.62592,347.13,0.39,0.36,2021-08-30,2053,N,VIIRS,n,2,289.41,8.21,D,0
39.95376,-120.68771,367,0.39,0.36,2021-08-30,2053,N,VIIRS,h,2,338.81,31.19,D,0
39.95393,-120.64499,367,0.39,0.36,2021-08-30,2053,N,VIIRS,h,2,329.05,239.86,D,0
39.95423,-120.66403,353.5,0.39,0.36,2021-08-30,2053,N,VIIRS,l,2,339.68,29.52,D,0
39.95498,-120.65948,367,0.39,0.36,2021-08-30,2053,N,VIIRS,h,2,352.65,88.79,D,0
39.95544,-120.63586,356.8,0.39,0.36,2021-08-30,2053,N,VIIRS,l,2,293.73,78.08,D,0
39.95556,-120.69771,355.63,0.39,0.36,2021-08-30,2053,N,VIIRS,l,2,315.66,15.74,D,0
39.95573,-120.65496,367,0.39,0.36,2021-08-30,2053,N,VIIRS,l,2,368.23,88.79,D,0
39.95602,-120.67406,367,0.39,0.36,2021-08-30,2053,N,VIIRS,h,2,333.04,31,D,0
39.95619,-120.63128,356.73,0.39,0.36,2021-08-30,2053,N,VIIRS,n,2,290.99,8.21,D,0
39.95648,-120.6504,367,0.39,0.36,2021-08-30,2053,N,VIIRS,h,2,370.4,173.32,D,0
39.95678,-120.66949,367,0.39,0.36,2021-08-30,2053,N,VIIRS,h,2,332.95,29.52,D,0
39.95695,-120.62672,351.35,0.39,0.36,2021-08-30,2053,N,VIIRS,n,2,289.8,8.21,D,0
39.95753,-120.66492,357.04,0.39,0.36,2021-08-30,2053,N,VIIRS,l,2,325.98,29.52,D,0
39.958,-120.6412,367,0.39,0.36,2021-08-30,2053,N,VIIRS,l,2,352.93,265.74,D,0
39.95829,-120.66037,367,0.39,0.36,2021-08-30,2053,N,VIIRS,h,2,318.93,88.79,D,0
39.95876,-120.6366,367,0.39,0.36,2021-08-30,2053,N,VIIRS,h,2,366.8,265.74,D,0
39.95885,-120.74055,367,0.39,0.36,2021-08-30,2053,N,VIIRS,h,2,320.18,27.15,D,0
39.95933,-120.67495,356.75,0.39,0.36,2021-08-30,2053,N,VIIRS,l,2,319.53,22.18,D,0
39.95953,-120.63201,355.64,0.39,0.36,2021-08-30,2053,N,VIIRS,n,2,294.39,98.43,D,0
39.9598,-120.65122,367,0.39,0.36,2021-08-30,2053,N,VIIRS,l,2,355.7,173.32,D,0
39.96008,-120.67039,367,0.39,0.36,2021-08-30,2053,N,VIIRS,h,2,320.82,13.8,D,0
39.96028,-120.62745,355.85,0.39,0.36,2021-08-30,2053,N,VIIRS,n,2,290.73,98.43,D,0
39.96056,-120.64661,367,0.39,0.36,2021-08-30,2053,N,VIIRS,l,2,331.05,173.32,D,0
39.96084,-120.66581,367,0.39,0.36,2021-08-30,2053,N,VIIRS,h,2,321.45,13.8,D,0
39.96102,-120.62296,351.8,0.39,0.36,2021-08-30,2053,N,VIIRS,n,2,289.02,15.02,D,0
39.96133,-120.642,367,0.39,0.36,2021-08-30,2053,N,VIIRS,h,2,340.33,265.74,D,0
39.96141,-120.74594,349.49,0.39,0.36,2021-08-30,2053,N,VIIRS,n,2,316.33,18.84,D,0
39.9616,-120.66125,356.33,0.39,0.36,2021-08-30,2053,N,VIIRS,l,2,321.07,35.1,D,0
39.96209,-120.63737,367,0.39,0.36,2021-08-30,2053,N,VIIRS,l,2,376.47,265.74,D,0
39.96235,-120.65667,353.47,0.39,0.36,2021-08-30,2053,N,VIIRS,l,2,333.16,35.1,D,0
39.96286,-120.63277,367,0.39,0.36,2021-08-30,2053,N,VIIRS,h,2,346.45,98.43,D,0
39.96312,-120.65207,367,0.39,0.36,2021-08-30,2053,N,VIIRS,h,2,363.52,192.4,D,0
39.9632,-120.75598,344.09,0.39,0.36,2021-08-30,2053,N,VIIRS,l,2,314.41,12.28,D,0
39.96361,-120.62822,367,0.39,0.36,2021-08-30,2053,N,VIIRS,h,2,293.57,98.43,D,0
39.96388,-120.64742,367,0.39,0.36,2021-08-30,2053,N,VIIRS,l,2,381.5,192.4,D,0
39.96435,-120.62373,357.19,0.39,0.36,2021-08-30,2053,N,VIIRS,l,2,289.14,15.02,D,0
39.96465,-120.64279,367,0.39,0.36,2021-08-30,2053,N,VIIRS,h,2,340.19,145.55,D,0
39.96509,-120.61922,354.56,0.39,0.36,2021-08-30,2053,N,VIIRS,n,2,292.29,15.02,D,0
39.96542,-120.63818,367,0.39,0.36,2021-08-30,2053,N,VIIRS,l,2,376.57,145.55,D,0
39.96583,-120.61472,367,0.39,0.36,2021-08-30,2053,N,VIIRS,h,2,296.93,14.8,D,0
39.96618,-120.63358,367,0.39,0.36,2021-08-30,2053,N,VIIRS,l,2,381.17,0,D,0
39.96651,-120.75688,345.31,0.39,0.36,2021-08-30,2053,N,VIIRS,n,2,311.28,15.93,D,0
39.96657,-120.61023,348.34,0.39,0.36,2021-08-30,2053,N,VIIRS,n,2,291.2,14.8,D,0
39.96693,-120.62902,367,0.39,0.36,2021-08-30,2053,N,VIIRS,h,2,349.8,0,D,0
39.96721,-120.64824,355.24,0.39,0.36,2021-08-30,2053,N,VIIRS,l,2,308.66,192.4,D,0
39.96767,-120.62451,356.64,0.39,0.36,2021-08-30,2053,N,VIIRS,n,2,292,94.88,D,0
39.96797,-120.64362,367,0.39,0.36,2021-08-30,2053,N,VIIRS,l,2,336.02,145.55,D,0
39.96841,-120.62002,367,0.39,0.36,2021-08-30,2053,N,VIIRS,h,2,290.24,94.88,D,0
39.96873,-120.63899,367,0.39,0.36,2021-08-30,2053,N,VIIRS,l,2,373.86,145.55,D,0
39.96949,-120.63439,367,0.39,0.36,2021-08-30,2053,N,VIIRS,l,2,377.7,0,D,0
39.96989,-120.61102,354.55,0.39,0.36,2021-08-30,2053,N,VIIRS,n,2,306.53,152.93,D,0
39.97024,-120.62984,367,0.39,0.36,2021-08-30,2053,N,VIIRS,l,2,377.37,0,D,0
39.97062,-120.60655,353.84,0.39,0.36,2021-08-30,2053,N,VIIRS,n,2,288.66,62.03,D,0
39.97099,-120.62532,367,0.39,0.36,2021-08-30,2053,N,VIIRS,h,2,339.24,94.88,D,0
39.97172,-120.62086,355.75,0.39,0.36,2021-08-30,2053,N,VIIRS,n,2,296.02,94.88,D,0
39.97204,-120.63984,367,0.39,0.36,2021-08-30,2053,N,VIIRS,h,2,311.56,38.84,D,0
39.97319,-120.61192,367,0.39,0.36,2021-08-30,2053,N,VIIRS,l,2,354.94,152.93,D,0
39.97355,-120.63071,367,0.39,0.36,2021-08-30,2053,N,VIIRS,l,2,335.08,133.42,D,0
39.97429,-120.62622,367,0.39,0.36,2021-08-30,2053,N,VIIRS,l,2,341.55,177.04,D,0
39.97465,-120.60303,355.45,0.39,0.36,2021-08-30,2053,N,VIIRS,n,2,290,62.03,D,0
39.97502,-120.62176,367,0.39,0.36,2021-08-30,2053,N,VIIRS,h,2,354.12,177.04,D,0
39.9761,-120.63615,367,0.39,0.36,2021-08-30,2053,N,VIIRS,h,2,309.93,133.42,D,0
39.97648,-120.61285,367,0.39,0.36,2021-08-30,2053,N,VIIRS,l,2,332.22,86.17,D,0
39.97758,-120.62712,367,0.39,0.36,2021-08-30,2053,N,VIIRS,l,2,325.33,177.04,D,0
39.97794,-120.60394,352.82,0.39,0.36,2021-08-30,2053,N,VIIRS,n,2,304.21,303.29,D,0
39.97867,-120.5995,355.09,0.39,0.36,2021-08-30,2053,N,VIIRS,n,2,290.87,73.24,D,0
39.97905,-120.6182,367,0.39,0.36,2021-08-30,2053,N,VIIRS,h,2,294.59,86.17,D,0
39.97973,-120.76052,351.21,0.39,0.36,2021-08-30,2053,N,VIIRS,n,2,312.55,14.63,D,0
39.97978,-120.61375,357.59,0.39,0.36,2021-08-30,2053,N,VIIRS,n,2,294.05,86.17,D,0
39.98014,-120.63252,367,0.39,0.36,2021-08-30,2053,N,VIIRS,h,2,311.2,42.38,D,0
39.98088,-120.62801,367,0.39,0.36,2021-08-30,2053,N,VIIRS,h,2,309.85,85.37,D,0
39.98124,-120.60484,367,0.39,0.36,2021-08-30,2053,N,VIIRS,l,2,372.52,303.29,D,0
39.98197,-120.6004,356.24,0.39,0.36,2021-08-30,2053,N,VIIRS,n,2,304.41,73.24,D,0
39.98236,-120.61905,367,0.39,0.36,2021-08-30,2053,N,VIIRS,h,2,341.89,188.3,D,0
39.98302,-120.76149,350.78,0.39,0.36,2021-08-30,2053,N,VIIRS,n,2,308.83,14.63,D,0
39.98309,-120.61459,367,0.39,0.36,2021-08-30,2053,N,VIIRS,h,2,345.13,188.3,D,0
39.98382,-120.61013,367,0.39,0.36,2021-08-30,2053,N,VIIRS,h,2,293.84,33.09,D,0
39.98455,-120.60571,356.26,0.39,0.36,2021-08-30,2053,N,VIIRS,n,2,294.69,33.09,D,0
39.98527,-120.6013,352.18,0.39,0.36,2021-08-30,2053,N,VIIRS,n,2,292.42,18.12,D,0
39.98567,-120.61988,367,0.39,0.36,2021-08-30,2053,N,VIIRS,h,2,337.23,188.3,D,0
39.9864,-120.61542,367,0.39,0.36,2021-08-30,2053,N,VIIRS,h,2,348.69,188.3,D,0
39.99143,-120.77332,348.78,0.39,0.36,2021-08-30,2053,N,VIIRS,n,2,310.67,8.43,D,0
39.99299,-120.61726,367,0.39,0.36,2021-08-30,2053,N,VIIRS,h,2,309.45,39.07,D,0
39.99331,-120.5943,349.44,0.39,0.36,2021-08-30,2053,N,VIIRS,n,2,293.31,9,D,0
39.99371,-120.61284,356.33,0.39,0.36,2021-08-30,2053,N,VIIRS,n,2,306.99,80.94,D,0
39.99403,-120.5899,343.02,0.39,0.36,2021-08-30,2053,N,VIIRS,n,2,293.4,9,D,0
39.99517,-120.60398,367,0.39,0.36,2021-08-30,2053,N,VIIRS,h,2,346.9,72.49,D,0
39.99546,-120.76981,353.33,0.39,0.36,2021-08-30,2053,N,VIIRS,n,2,313.58,8.43,D,0
39.99555,-120.62263,355.37,0.39,0.36,2021-08-30,2053,N,VIIRS,n,2,311.69,27.08,D,0
39.99589,-120.5996,367,0.39,0.36,2021-08-30,2053,N,VIIRS,h,2,302.35,72.49,D,0
39.9966,-120.59521,367,0.39,0.36,2021-08-30,2053,N,VIIRS,h,2,296.58,9,D,0
39.99701,-120.61379,354.79,0.39,0.36,2021-08-30,2053,N,VIIRS,n,2,305.64,75.09,D,0
39.99728,-120.77972,342.59,0.39,0.36,2021-08-30,2053,N,VIIRS,n,2,306.91,6.44,D,0
39.99733,-120.5908,367,0.39,0.36,2021-08-30,2053,N,VIIRS,h,2,296.2,9,D,0
39.99805,-120.58642,345.41,0.39,0.36,2021-08-30,2053,N,VIIRS,n,2,295.24,9.88,D,0
39.99812,-120.62804,355.59,0.39,0.36,2021-08-30,2053,N,VIIRS,n,2,306.04,26.64,D,0
39.99846,-120.60493,367,0.39,0.36,2021-08-30,2053,N,VIIRS,h,2,375.57,0,D,0
39.99884,-120.62359,355.43,0.39,0.36,2021-08-30,2053,N,VIIRS,n,2,307.54,27.08,D,0
39.99918,-120.60052,367,0.39,0.36,2021-08-30,2053,N,VIIRS,h,2,353.27,0,D,0
39.9999,-120.59613,367,0.39,0.36,2021-08-30,2053,N,VIIRS,l,2,367,0,D,0
40.0003,-120.61475,354.63,0.39,0.36,2021-08-30,2053,N,VIIRS,n,2,312.33,75.09,D,0
40.00062,-120.59171,367,0.39,0.36,2021-08-30,2053,N,VIIRS,h,2,363.05,0,D,0
40.00102,-120.61032,367,0.39,0.36,2021-08-30,2053,N,VIIRS,h,2,350.44,75.09,D,0
40.00134,-120.5873,355.51,0.39,0.36,2021-08-30,2053,N,VIIRS,n,2,300.19,80.85,D,0
40.00174,-120.6059,367,0.39,0.36,2021-08-30,2053,N,VIIRS,l,2,351.7,0,D,0
40.00206,-120.58292,355.6,0.39,0.36,2021-08-30,2053,N,VIIRS,n,2,293.45,80.85,D,0
40.00247,-120.60149,367,0.39,0.36,2021-08-30,2053,N,VIIRS,l,2,377.7,0,D,0
40.00278,-120.57849,339.58,0.39,0.36,2021-08-30,2053,N,VIIRS,n,2,292.72,6.97,D,0
40.00286,-120.6201,356.13,0.39,0.36,2021-08-30,2053,N,VIIRS,n,2,313.45,31.05,D,0
40.0032,-120.59706,367,0.39,0.36,2021-08-30,2053,N,VIIRS,l,2,378.06,0,D,0
40.00359,-120.61569,352.29,0.39,0.36,2021-08-30,2053,N,VIIRS,n,2,323.14,82.05,D,0
40.00392,-120.59264,367,0.39,0.36,2021-08-30,2053,N,VIIRS,l,2,377.7,0,D,0
40.00431,-120.61127,367,0.39,0.36,2021-08-30,2053,N,VIIRS,h,2,343.33,82.05,D,0
40.00459,-120.77734,339.28,0.39,0.36,2021-08-30,2053,N,VIIRS,l,2,310.5,3.14,D,0
40.00464,-120.58822,367,0.39,0.36,2021-08-30,2053,N,VIIRS,h,2,332.58,80.85,D,0
40.00467,-120.63007,348.69,0.39,0.36,2021-08-30,2053,N,VIIRS,n,2,305.24,18.94,D,0
40.00503,-120.60685,367,0.39,0.36,2021-08-30,2053,N,VIIRS,h,2,356.74,0,D,0
40.00536,-120.58383,350.77,0.39,0.36,2021-08-30,2053,N,VIIRS,n,2,304.5,80.85,D,0
40.00541,-120.62558,354.47,0.39,0.36,2021-08-30,2053,N,VIIRS,n,2,310.48,31.05,D,0
40.00576,-120.60244,367,0.39,0.36,2021-08-30,2053,N,VIIRS,l,2,380.74,0,D,0
40.00608,-120.57941,353.48,0.39,0.36,2021-08-30,2053,N,VIIRS,n,2,291.16,6.97,D,0
40.00647,-120.6401,367,0.39,0.36,2021-08-30,2053,N,VIIRS,h,2,307.24,12.39,D,0
40.00648,-120.59801,367,0.39,0.36,2021-08-30,2053,N,VIIRS,l,2,380.46,0,D,0
40.00682,-120.57493,338.77,0.39,0.36,2021-08-30,2053,N,VIIRS,n,2,287.53,6.97,D,0
40.00721,-120.6356,349.73,0.39,0.36,2021-08-30,2053,N,VIIRS,n,2,301.69,10.78,D,0
40.00721,-120.59359,367,0.39,0.36,2021-08-30,2053,N,VIIRS,l,2,380.75,0,D,0
40.0076,-120.61224,367,0.39,0.36,2021-08-30,2053,N,VIIRS,h,2,352.32,82.05,D,0
40.00793,-120.58916,367,0.39,0.36,2021-08-30,2053,N,VIIRS,h,2,352.23,118.18,D,0
40.00832,-120.60781,367,0.39,0.36,2021-08-30,2053,N,VIIRS,l,2,376.92,0,D,0
40.00866,-120.58475,340.27,0.39,0.36,2021-08-30,2053,N,VIIRS,n,2,308.03,118.18,D,0
40.009,-120.64569,348.05,0.39,0.36,2021-08-30,2053,N,VIIRS,n,2,301.06,12.39,D,0
40.00905,-120.60339,367,0.39,0.36,2021-08-30,2053,N,VIIRS,l,2,375.95,0,D,0
40.00938,-120.58032,354.07,0.39,0.36,2021-08-30,2053,N,VIIRS,n,2,292.62,8.17,D,0
40.00977,-120.59897,367,0.39,0.36,2021-08-30,2053,N,VIIRS,h,2,334.84,0,D,0
40.01011,-120.57584,338.33,0.39,0.36,2021-08-30,2053,N,VIIRS,n,2,288.72,8.17,D,0
40.01016,-120.61765,344.2,0.39,0.36,2021-08-30,2053,N,VIIRS,n,2,300.53,29.35,D,0
40.0105,-120.59454,367,0.39,0.36,2021-08-30,2053,N,VIIRS,h,2,325.08,0,D,0
40.01089,-120.61319,367,0.39,0.36,2021-08-30,2053,N,VIIRS,l,2,327.36,29.35,D,0
40.01122,-120.5901,353.82,0.39,0.36,2021-08-30,2053,N,VIIRS,n,2,299.42,118.18,D,0
40.01161,-120.60878,367,0.39,0.36,2021-08-30,2053,N,VIIRS,h,2,362.12,168.52,D,0
40.01195,-120.58569,367,0.39,0.36,2021-08-30,2053,N,VIIRS,h,2,293.54,118.18,D,0
40.01234,-120.60435,367,0.39,0.36,2021-08-30,2053,N,VIIRS,h,2,376.16,168.52,D,0
40.01268,-120.58124,349.56,0.39,0.36,2021-08-30,2053,N,VIIRS,n,2,291.27,8.17,D,0
40.01306,-120.59994,354.67,0.39,0.36,2021-08-30,2053,N,VIIRS,n,2,305.89,21.15,D,0
40.01341,-120.57676,336.95,0.39,0.36,2021-08-30,2053,N,VIIRS,n,2,289.14,8.17,D,0
40.01378,-120.59551,336.36,0.39,0.36,2021-08-30,2053,N,VIIRS,n,2,298.97,21.15,D,0
40.01451,-120.59107,344.54,0.39,0.36,2021-08-30,2053,N,VIIRS,n,2,296.7,5.37,D,0
40.01524,-120.58663,349.49,0.39,0.36,2021-08-30,2053,N,VIIRS,n,2,293.04,5.37,D,0
40.01597,-120.58218,336.82,0.39,0.36,2021-08-30,2053,N,VIIRS,n,2,292.09,6.2,D,0
40.01814,-120.79994,339.66,0.39,0.36,2021-08-30,2053,N,VIIRS,n,2,306.36,6.52,D,0
40.02069,-120.80544,367,0.39,0.36,2021-08-30,2053,N,VIIRS,l,2,330.19,42.25,D,0
40.02142,-120.80098,334.26,0.39,0.36,2021-08-30,2053,N,VIIRS,n,2,305.24,4.65,D,0
40.02396,-120.80659,347.61,0.39,0.36,2021-08-30,2053,N,VIIRS,n,2,306.2,42.25,D,0
40.0247,-120.80215,335.74,0.39,0.36,2021-08-30,2053,N,VIIRS,n,2,301.4,4.65,D,0
40.02478,-120.71788,340.56,0.39,0.36,2021-08-30,2053,N,VIIRS,n,2,308.3,4.81,D,0
40.02543,-120.79773,334.03,0.39,0.36,2021-08-30,2053,N,VIIRS,n,2,303.74,4.65,D,0
40.02723,-120.80779,339.66,0.39,0.36,2021-08-30,2053,N,VIIRS,n,2,306.22,5.14,D,0
40.03051,-120.80896,334.34,0.39,0.36,2021-08-30,2053,N,VIIRS,n,2,303.46,5.14,D,0
40.03062,-120.7244,344.35,0.39,0.36,2021-08-30,2053,N,VIIRS,n,2,309.01,15.73,D,0
40.03138,-120.71983,367,0.39,0.36,2021-08-30,2053,N,VIIRS,l,2,327,97.59,D,0
40.03278,-120.80831,331.36,0.39,0.36,2021-08-30,2053,N,VIIRS,n,2,303.18,2.21,D,0
40.03468,-120.72079,367,0.39,0.36,2021-08-30,2053,N,VIIRS,h,2,338,78.93,D,0
40.03544,-120.71613,353.57,0.39,0.36,2021-08-30,2053,N,VIIRS,l,2,330.86,78.93,D,0
40.03677,-120.80508,349.68,0.39,0.36,2021-08-30,2053,N,VIIRS,n,2,307.06,9.78,D,0
40.0375,-120.80064,356.21,0.39,0.36,2021-08-30,2053,N,VIIRS,n,2,307.67,9.78,D,0
40.03798,-120.72175,343.83,0.39,0.36,2021-08-30,2053,N,VIIRS,n,2,311.89,78.93,D,0
40.04203,-120.71809,348.65,0.39,0.36,2021-08-30,2053,N,VIIRS,n,2,309.5,15.07,D,0
40.08434,-121.08126,350.96,0.4,0.37,2021-08-30,2053,N,VIIRS,l,2,330.34,26.87,D,0
40.08765,-121.08226,350.33,0.4,0.37,2021-08-30,2053,N,VIIRS,n,2,315.63,26.87,D,0
40.12727,-120.69641,338.92,0.39,0.36,2021-08-30,2053,N,VIIRS,l,2,313.6,27.49,D,0
40.12761,-120.71535,349.56,0.39,0.36,2021-08-30,2053,N,VIIRS,n,2,315.54,8.06,D,0
40.12801,-120.69192,367,0.39,0.36,2021-08-30,2053,N,VIIRS,l,2,339.19,27.49,D,0
40.13058,-120.69726,339.91,0.39,0.36,2021-08-30,2053,N,VIIRS,l,2,311.36,27.49,D,0
40.35144,-121.1713,341.86,0.4,0.37,2021-08-30,2053,N,VIIRS,l,2,316.69,8.19,D,0
40.36795,-121.40427,335.27,0.4,0.37,2021-08-30,2053,N,VIIRS,l,2,309.15,1.95,D,0
40.42067,-121.12116,348.47,0.4,0.37,2021-08-30,2053,N,VIIRS,n,2,315.15,5.72,D,0
40.42961,-121.10928,337.85,0.4,0.37,2021-08-30,2053,N,VIIRS,n,2,310.96,3.25,D,0
40.43037,-121.10474,337.01,0.4,0.37,2021-08-30,2053,N,VIIRS,l,2,311.27,3.25,D,0
40.462,-121.35066,345.52,0.4,0.37,2021-08-30,2053,N,VIIRS,n,2,314.52,8.66,D,0
40.46878,-121.08245,338.26,0.39,0.37,2021-08-30,2053,N,VIIRS,l,2,310.3,2.8,D,0
40.47017,-121.34354,337.12,0.4,0.37,2021-08-30,2053,N,VIIRS,l,2,309.65,1.48,D,0
40.47117,-121.35827,337.25,0.4,0.37,2021-08-30,2053,N,VIIRS,l,2,308.92,2.55,D,0
40.4735,-121.34447,336.68,0.4,0.37,2021-08-30,2053,N,VIIRS,l,2,310.99,1.48,D,0
40.47448,-121.35927,338.29,0.4,0.37,2021-08-30,2053,N,VIIRS,n,2,307.98,2.74,D,0
40.47796,-121.08974,346.3,0.39,0.37,2021-08-30,2053,N,VIIRS,n,2,314.44,4.51,D,0
40.47858,-121.35562,338.19,0.4,0.37,2021-08-30,2053,N,VIIRS,n,2,307.1,4.73,D,0
40.48051,-121.09521,333.46,0.39,0.37,2021-08-30,2053,N,VIIRS,l,2,308.32,4.51,D,0
40.48355,-121.2016,344.69,0.4,0.37,2021-08-30,2053,N,VIIRS,n,2,310.62,3.13,D,0
40.48433,-121.19694,338.69,0.4,0.37,2021-08-30,2053,N,VIIRS,n,2,309.62,3.13,D,0
40.48581,-121.33334,344.88,0.4,0.37,2021-08-30,2053,N,VIIRS,n,2,314.69,4.76,D,0
40.48663,-121.18321,356.4,0.4,0.37,2021-08-30,2053,N,VIIRS,n,2,313.85,10.07,D,0
40.48739,-121.17869,367,0.4,0.37,2021-08-30,2053,N,VIIRS,h,2,315.68,10.07,D,0
40.48765,-121.1979,343.94,0.4,0.37,2021-08-30,2053,N,VIIRS,n,2,310.36,4.61,D,0
40.48841,-121.19331,351.06,0.4,0.37,2021-08-30,2053,N,VIIRS,n,2,321.65,111.95,D,0
40.48918,-121.18873,342.09,0.4,0.37,2021-08-30,2053,N,VIIRS,n,2,313.72,111.95,D,0
40.4907,-121.17966,347.8,0.4,0.37,2021-08-30,2053,N,VIIRS,n,2,311.45,16.18,D,0
40.49096,-121.19888,343.72,0.4,0.37,2021-08-30,2053,N,VIIRS,n,2,309.37,4.61,D,0
40.49173,-121.19429,367,0.4,0.37,2021-08-30,2053,N,VIIRS,h,2,336.27,111.95,D,0
40.49222,-121.2328,344.66,0.4,0.37,2021-08-30,2053,N,VIIRS,n,2,310.05,4.65,D,0
40.49222,-121.17056,343.25,0.4,0.37,2021-08-30,2053,N,VIIRS,n,2,308.97,21.48,D,0
40.49249,-121.18971,367,0.4,0.37,2021-08-30,2053,N,VIIRS,h,2,358.64,111.95,D,0
40.49349,-121.20448,343.41,0.4,0.37,2021-08-30,2053,N,VIIRS,n,2,308.28,8.42,D,0
40.49401,-121.18062,346.39,0.4,0.37,2021-08-30,2053,N,VIIRS,n,2,309.17,16.18,D,0
40.49554,-121.23371,339.02,0.4,0.37,2021-08-30,2053,N,VIIRS,n,2,307.19,5.52,D,0
40.4958,-121.19068,348.54,0.4,0.37,2021-08-30,2053,N,VIIRS,n,2,310.91,44.67,D,0
40.49706,-121.22467,348.47,0.4,0.37,2021-08-30,2053,N,VIIRS,n,2,310.49,6.75,D,0
40.49783,-121.22012,343.73,0.4,0.37,2021-08-30,2053,N,VIIRS,n,2,309.35,6.75,D,0
40.49834,-121.19624,343.1,0.4,0.37,2021-08-30,2053,N,VIIRS,n,2,308.97,44.67,D,0
40.4996,-121.16794,367,0.4,0.37,2021-08-30,2053,N,VIIRS,h,2,350.95,226.24,D,0
40.49961,-121.23018,348.7,0.4,0.37,2021-08-30,2053,N,VIIRS,n,2,306.36,5.52,D,0
40.50081,-121.39428,342.1,0.4,0.37,2021-08-30,2053,N,VIIRS,n,2,311.92,9.36,D,0
40.50103,-121.33143,347.29,0.4,0.37,2021-08-30,2053,N,VIIRS,n,2,315.56,10.25,D,0
40.50216,-121.23571,349.19,0.4,0.37,2021-08-30,2053,N,VIIRS,n,2,307.58,6.87,D,0
40.50343,-121.145,347.16,0.4,0.37,2021-08-30,2053,N,VIIRS,n,2,309.51,5.27,D,0
40.50376,-121.35642,351.1,0.4,0.37,2021-08-30,2053,N,VIIRS,n,2,317.45,9.49,D,0
40.50419,-121.14044,367,0.4,0.37,2021-08-30,2053,N,VIIRS,h,2,315.27,9.92,D,0
40.50435,-121.3324,367,0.4,0.37,2021-08-30,2053,N,VIIRS,h,2,353.58,87.28,D,0
40.50445,-121.1597,356.64,0.4,0.37,2021-08-30,2053,N,VIIRS,n,2,312.18,16,D,0
40.50455,-121.35174,367,0.4,0.37,2021-08-30,2053,N,VIIRS,h,2,342.54,89.11,D,0
40.50496,-121.13585,367,0.4,0.37,2021-08-30,2053,N,VIIRS,h,2,311.9,9.92,D,0
40.50512,-121.32787,344.93,0.4,0.37,2021-08-30,2053,N,VIIRS,n,2,318.79,87.28,D,0
40.50521,-121.15511,348.54,0.4,0.37,2021-08-30,2053,N,VIIRS,n,2,310.21,16,D,0
40.50598,-121.15054,351.45,0.4,0.37,2021-08-30,2053,N,VIIRS,n,2,314.7,5.27,D,0
40.50623,-121.16984,351.95,0.4,0.37,2021-08-30,2053,N,VIIRS,n,2,317.72,24.26,D,0
40.50628,-121.36211,344.18,0.4,0.37,2021-08-30,2053,N,VIIRS,n,2,304.68,31.09,D,0
40.50674,-121.14596,349.27,0.4,0.37,2021-08-30,2053,N,VIIRS,n,2,315.11,5.27,D,0
40.507,-121.22757,349,0.4,0.37,2021-08-30,2053,N,VIIRS,n,2,317.25,28.82,D,0
40.507,-121.16525,354.89,0.4,0.37,2021-08-30,2053,N,VIIRS,n,2,306.44,24.26,D,0
40.50707,-121.35741,354.21,0.4,0.37,2021-08-30,2053,N,VIIRS,n,2,317.13,31.09,D,0
40.50726,-121.37683,343.55,0.4,0.37,2021-08-30,2053,N,VIIRS,l,2,317.4,6.88,D,0
40.50768,-121.33334,367,0.4,0.37,2021-08-30,2053,N,VIIRS,h,2,339.84,87.28,D,0
40.50776,-121.16066,351.57,0.4,0.37,2021-08-30,2053,N,VIIRS,n,2,304.51,8.23,D,0
40.50786,-121.45532,343.99,0.4,0.37,2021-08-30,2053,N,VIIRS,n,2,314.55,4.65,D,0
40.50787,-121.35275,367,0.4,0.37,2021-08-30,2053,N,VIIRS,h,2,337.35,54.66,D,0
40.50827,-121.13678,353.81,0.4,0.37,2021-08-30,2053,N,VIIRS,n,2,315.53,9.92,D,0
40.50839,-121.22645,367,0.4,0.37,2021-08-30,2053,N,VIIRS,h,2,316.97,23.84,D,0
40.50845,-121.32879,367,0.4,0.37,2021-08-30,2053,N,VIIRS,h,2,334.4,87.28,D,0
40.50852,-121.15607,341.76,0.4,0.37,2021-08-30,2053,N,VIIRS,n,2,308.37,8.23,D,0
40.50865,-121.34812,345.78,0.4,0.37,2021-08-30,2053,N,VIIRS,n,2,308.19,54.66,D,0
40.50954,-121.17079,347.21,0.4,0.37,2021-08-30,2053,N,VIIRS,n,2,303.01,24.26,D,0
40.51031,-121.16621,350.01,0.4,0.37,2021-08-30,2053,N,VIIRS,n,2,321.38,24.26,D,0
40.51038,-121.46099,312.14,0.4,0.37,2021-08-30,2053,N,VIIRS,l,2,314.27,106.52,D,0
40.51039,-121.35842,367,0.4,0.37,2021-08-30,2053,N,VIIRS,l,2,334.81,31.09,D,0
40.51059,-121.37775,355.84,0.4,0.37,2021-08-30,2053,N,VIIRS,n,2,318.43,20.5,D,0
40.5107,-121.21273,354.47,0.4,0.37,2021-08-30,2053,N,VIIRS,n,2,304.04,22.42,D,0
40.51081,-121.14233,349.14,0.4,0.37,2021-08-30,2053,N,VIIRS,n,2,319.9,85.46,D,0
40.51093,-121.232,367,0.4,0.37,2021-08-30,2053,N,VIIRS,h,2,349.3,82.99,D,0
40.51114,-121.25132,343.28,0.4,0.37,2021-08-30,2053,N,VIIRS,n,2,308.61,5.58,D,0
40.51117,-121.45635,367,0.4,0.37,2021-08-30,2053,N,VIIRS,h,2,369.77,106.52,D,0
40.51118,-121.35374,367,0.4,0.37,2021-08-30,2053,N,VIIRS,l,2,330.71,54.66,D,0
40.51158,-121.13772,352.51,0.4,0.37,2021-08-30,2053,N,VIIRS,n,2,323.33,85.46,D,0
40.5117,-121.22743,354.47,0.4,0.37,2021-08-30,2053,N,VIIRS,n,2,311.94,23.84,D,0
40.51178,-121.3297,345.38,0.4,0.37,2021-08-30,2053,N,VIIRS,n,2,313.53,22.31,D,0
40.51197,-121.45169,367,0.4,0.37,2021-08-30,2053,N,VIIRS,l,2,330.78,59.44,D,0
40.51248,-121.22284,350.13,0.4,0.37,2021-08-30,2053,N,VIIRS,n,2,309.75,23.84,D,0
40.51269,-121.24214,344.11,0.4,0.37,2021-08-30,2053,N,VIIRS,n,2,307.69,9.35,D,0
40.51277,-121.44699,341.66,0.4,0.37,2021-08-30,2053,N,VIIRS,n,2,315.41,59.44,D,0
40.51336,-121.14786,347.58,0.4,0.37,2021-08-30,2053,N,VIIRS,n,2,314.19,18.44,D,0
40.51347,-121.23756,356.39,0.4,0.37,2021-08-30,2053,N,VIIRS,n,2,316.32,34.2,D,0
40.51357,-121.44229,367,0.4,0.37,2021-08-30,2053,N,VIIRS,h,2,324.77,17.41,D,0
40.5137,-121.46199,338.21,0.4,0.37,2021-08-30,2053,N,VIIRS,n,2,310.88,106.52,D,0
40.51413,-121.14328,367,0.4,0.37,2021-08-30,2053,N,VIIRS,h,2,342.04,85.46,D,0
40.51424,-121.23299,351.43,0.4,0.37,2021-08-30,2053,N,VIIRS,n,2,315.83,34.2,D,0
40.51437,-121.43758,348.17,0.4,0.37,2021-08-30,2053,N,VIIRS,n,2,318.97,17.41,D,0
40.5145,-121.45737,367,0.4,0.37,2021-08-30,2053,N,VIIRS,l,2,368.58,106.52,D,0
40.51489,-121.13868,367,0.4,0.37,2021-08-30,2053,N,VIIRS,h,2,353.29,85.46,D,0
40.51501,-121.2284,354.64,0.4,0.37,2021-08-30,2053,N,VIIRS,n,2,305.79,13.68,D,0
40.51523,-121.24774,341.61,0.4,0.37,2021-08-30,2053,N,VIIRS,n,2,308.04,9.35,D,0
40.51529,-121.45271,367,0.4,0.37,2021-08-30,2053,N,VIIRS,h,2,347.99,59.44,D,0
40.51558,-121.20447,353.97,0.4,0.37,2021-08-30,2053,N,VIIRS,n,2,321.2,53.36,D,0
40.51579,-121.22382,349.75,0.4,0.37,2021-08-30,2053,N,VIIRS,n,2,307.36,13.68,D,0
40.51587,-121.32611,356.59,0.4,0.37,2021-08-30,2053,N,VIIRS,n,2,321.02,35.53,D,0
40.51591,-121.1534,348.43,0.4,0.37,2021-08-30,2053,N,VIIRS,n,2,308.61,44.02,D,0
40.51598,-121.42814,348.87,0.4,0.37,2021-08-30,2053,N,VIIRS,n,2,318.63,11.81,D,0
40.516,-121.24315,355.81,0.4,0.37,2021-08-30,2053,N,VIIRS,n,2,317.33,9.35,D,0
40.51609,-121.44799,353.91,0.4,0.37,2021-08-30,2053,N,VIIRS,n,2,320.69,59.44,D,0
40.51635,-121.19989,351.43,0.4,0.37,2021-08-30,2053,N,VIIRS,n,2,311.54,30.05,D,0
40.51667,-121.14883,367,0.4,0.37,2021-08-30,2053,N,VIIRS,h,2,352.99,44.02,D,0
40.51689,-121.44329,344.25,0.4,0.37,2021-08-30,2053,N,VIIRS,n,2,317.82,17.41,D,0
40.51693,-121.16811,341.86,0.4,0.37,2021-08-30,2053,N,VIIRS,n,2,309.18,51.84,D,0
40.51744,-121.14424,367,0.4,0.37,2021-08-30,2053,N,VIIRS,h,2,355.82,111.11,D,0
40.51782,-121.45834,367,0.4,0.37,2021-08-30,2053,N,VIIRS,h,2,329.19,79.49,D,0
40.51783,-121.35563,347.78,0.4,0.37,2021-08-30,2053,N,VIIRS,n,2,314.85,11.08,D,0
40.5182,-121.13963,367,0.4,0.37,2021-08-30,2053,N,VIIRS,h,2,356.06,111.11,D,0
40.5184,-121.16702,342.76,0.4,0.37,2021-08-30,2053,N,VIIRS,n,2,306.75,7.16,D,0
40.51853,-121.24874,347.76,0.4,0.37,2021-08-30,2053,N,VIIRS,n,2,308.94,27.39,D,0
40.51861,-121.4537,367,0.4,0.37,2021-08-30,2053,N,VIIRS,l,2,371.97,0,D,0
40.51889,-121.20545,353.3,0.4,0.37,2021-08-30,2053,N,VIIRS,n,2,315.04,25.4,D,0
40.51919,-121.32706,348.68,0.4,0.37,2021-08-30,2053,N,VIIRS,l,2,321.05,17.62,D,0
40.51929,-121.42918,340.83,0.4,0.37,2021-08-30,2053,N,VIIRS,l,2,314.84,11.81,D,0
40.51931,-121.24415,353.58,0.4,0.37,2021-08-30,2053,N,VIIRS,n,2,320.18,27.39,D,0
40.51941,-121.449,367,0.4,0.37,2021-08-30,2053,N,VIIRS,h,2,367.34,0,D,0
40.51955,-121.36603,367,0.4,0.37,2021-08-30,2053,N,VIIRS,h,2,319.77,32.46,D,0
40.51998,-121.14978,354.79,0.4,0.37,2021-08-30,2053,N,VIIRS,n,2,309.65,44.02,D,0
40.52008,-121.23956,347.2,0.4,0.37,2021-08-30,2053,N,VIIRS,n,2,307.58,29.42,D,0
40.52021,-121.44429,350.39,0.4,0.37,2021-08-30,2053,N,VIIRS,n,2,317.05,24.46,D,0
40.52034,-121.36138,354.5,0.4,0.37,2021-08-30,2053,N,VIIRS,n,2,318.97,32.46,D,0
40.52042,-121.1963,355.25,0.4,0.37,2021-08-30,2053,N,VIIRS,n,2,311.14,97.92,D,0
40.52074,-121.14521,350.91,0.4,0.37,2021-08-30,2053,N,VIIRS,n,2,316.21,111.11,D,0
40.52106,-121.25433,354.42,0.4,0.37,2021-08-30,2053,N,VIIRS,n,2,315.87,24.24,D,0
40.52115,-121.4593,338.65,0.4,0.37,2021-08-30,2053,N,VIIRS,n,2,311.27,79.49,D,0
40.52119,-121.19176,350.67,0.4,0.37,2021-08-30,2053,N,VIIRS,n,2,305.27,92.34,D,0
40.52148,-121.14874,344.19,0.4,0.37,2021-08-30,2053,N,VIIRS,n,2,308.84,9.06,D,0
40.52151,-121.14059,340.36,0.4,0.37,2021-08-30,2053,N,VIIRS,n,2,299.29,111.11,D,0
40.52173,-121.33261,348.1,0.4,0.37,2021-08-30,2053,N,VIIRS,n,2,311.33,57.57,D,0
40.52193,-121.4547,367,0.4,0.37,2021-08-30,2053,N,VIIRS,l,2,342.78,0,D,0
40.52219,-121.20641,355,0.4,0.37,2021-08-30,2053,N,VIIRS,n,2,314.34,25.4,D,0
40.52225,-121.14413,340.59,0.4,0.37,2021-08-30,2053,N,VIIRS,n,2,305.83,20.25,D,0
40.52248,-121.16341,352.69,0.4,0.37,2021-08-30,2053,N,VIIRS,n,2,317.14,18.29,D,0
40.52261,-121.24513,367,0.4,0.37,2021-08-30,2053,N,VIIRS,l,2,327.32,27.39,D,0
40.52274,-121.45,367,0.4,0.37,2021-08-30,2053,N,VIIRS,h,2,344.58,0,D,0
40.52287,-121.36701,367,0.4,0.37,2021-08-30,2053,N,VIIRS,h,2,348.88,32.46,D,0
40.52296,-121.20181,367,0.4,0.37,2021-08-30,2053,N,VIIRS,l,2,335.92,97.92,D,0
40.52328,-121.32346,344.17,0.4,0.37,2021-08-30,2053,N,VIIRS,l,2,314.77,17.62,D,0
40.52339,-121.24053,352.85,0.4,0.37,2021-08-30,2053,N,VIIRS,n,2,314.82,29.42,D,0
40.52348,-121.34283,350.82,0.4,0.37,2021-08-30,2053,N,VIIRS,n,2,319.35,6.83,D,0
40.52353,-121.44528,343.48,0.4,0.37,2021-08-30,2053,N,VIIRS,n,2,305.55,24.46,D,0
40.52365,-121.36238,345.64,0.4,0.37,2021-08-30,2053,N,VIIRS,n,2,319.23,32.46,D,0
40.52374,-121.19725,367,0.4,0.37,2021-08-30,2053,N,VIIRS,l,2,375.92,97.92,D,0
40.52402,-121.15427,342.75,0.4,0.37,2021-08-30,2053,N,VIIRS,n,2,309.23,9.06,D,0
40.52417,-121.23594,347.29,0.4,0.37,2021-08-30,2053,N,VIIRS,n,2,307.45,29.42,D,0
40.52427,-121.33823,348.93,0.4,0.37,2021-08-30,2053,N,VIIRS,n,2,314.77,8.97,D,0
40.52436,-121.25534,342.25,0.4,0.37,2021-08-30,2053,N,VIIRS,n,2,310.58,9.53,D,0
40.5245,-121.19269,367,0.4,0.37,2021-08-30,2053,N,VIIRS,h,2,365.47,92.34,D,0
40.52473,-121.21195,367,0.4,0.37,2021-08-30,2053,N,VIIRS,h,2,318.68,279.56,D,0
40.52479,-121.14969,344.13,0.4,0.37,2021-08-30,2053,N,VIIRS,n,2,302.76,9.06,D,0
40.52515,-121.25072,355.63,0.4,0.37,2021-08-30,2053,N,VIIRS,n,2,316.88,44.88,D,0
40.52526,-121.18817,353.79,0.4,0.37,2021-08-30,2053,N,VIIRS,n,2,307.02,92.34,D,0
40.52541,-121.37258,367,0.4,0.37,2021-08-30,2053,N,VIIRS,l,2,330.9,73.44,D,0
40.52551,-121.20736,367,0.4,0.37,2021-08-30,2053,N,VIIRS,h,2,343.61,279.56,D,0
40.52579,-121.16436,353.8,0.4,0.37,2021-08-30,2053,N,VIIRS,n,2,307.05,22.94,D,0
40.52593,-121.24609,367,0.4,0.37,2021-08-30,2053,N,VIIRS,l,2,337.69,44.88,D,0
40.52606,-121.45097,338.99,0.4,0.37,2021-08-30,2053,N,VIIRS,n,2,298.05,6.16,D,0
40.52619,-121.36801,367,0.4,0.37,2021-08-30,2053,N,VIIRS,l,2,381.53,244.31,D,0
40.52628,-121.20277,367,0.4,0.37,2021-08-30,2053,N,VIIRS,h,2,368.24,0,D,0
40.52657,-121.15978,355.17,0.4,0.37,2021-08-30,2053,N,VIIRS,n,2,313.3,22.94,D,0
40.52671,-121.2415,353.93,0.4,0.37,2021-08-30,2053,N,VIIRS,n,2,314.91,21.19,D,0
40.52679,-121.34384,348.94,0.4,0.37,2021-08-30,2053,N,VIIRS,n,2,316.67,6.83,D,0
40.52689,-121.26098,351.3,0.4,0.37,2021-08-30,2053,N,VIIRS,n,2,313.76,9.53,D,0
40.52697,-121.36339,355.72,0.4,0.37,2021-08-30,2053,N,VIIRS,l,2,336.98,244.31,D,0
40.52705,-121.19821,367,0.4,0.37,2021-08-30,2053,N,VIIRS,l,2,380.73,0,D,0
40.52733,-121.1552,347.36,0.4,0.37,2021-08-30,2053,N,VIIRS,n,2,305.6,9.39,D,0
40.52767,-121.25636,367,0.4,0.37,2021-08-30,2053,N,VIIRS,h,2,316.47,9.53,D,0
40.52782,-121.19365,367,0.4,0.37,2021-08-30,2053,N,VIIRS,l,2,381.21,0,D,0
40.52805,-121.21291,367,0.4,0.37,2021-08-30,2053,N,VIIRS,l,2,362.16,279.56,D,0
40.5281,-121.15064,344.4,0.4,0.37,2021-08-30,2053,N,VIIRS,n,2,299.98,9.39,D,0
40.52845,-121.25172,367,0.4,0.37,2021-08-30,2053,N,VIIRS,l,2,331.69,44.88,D,0
40.52858,-121.18911,367,0.4,0.37,2021-08-30,2053,N,VIIRS,h,2,360.16,0,D,0
40.52882,-121.20834,367,0.4,0.37,2021-08-30,2053,N,VIIRS,l,2,377.29,279.56,D,0
40.52924,-121.24707,351.09,0.4,0.37,2021-08-30,2053,N,VIIRS,n,2,319.7,44.88,D,0
40.52934,-121.18456,349.11,0.4,0.37,2021-08-30,2053,N,VIIRS,n,2,305.42,101.01,D,0
40.52951,-121.36899,367,0.4,0.37,2021-08-30,2053,N,VIIRS,h,2,347.45,244.31,D,0
40.52959,-121.20374,367,0.4,0.37,2021-08-30,2053,N,VIIRS,l,2,377.63,0,D,0
40.52987,-121.16074,349.02,0.4,0.37,2021-08-30,2053,N,VIIRS,n,2,299.39,22.94,D,0
40.53002,-121.24244,352.46,0.4,0.37,2021-08-30,2053,N,VIIRS,n,2,309.16,21.19,D,0
40.53028,-121.36439,367,0.4,0.37,2021-08-30,2053,N,VIIRS,l,2,337.03,244.31,D,0
40.53036,-121.19917,367,0.4,0.37,2021-08-30,2053,N,VIIRS,l,2,377.29,0,D,0
40.53064,-121.15617,356.69,0.4,0.37,2021-08-30,2053,N,VIIRS,n,2,301.94,9.39,D,0
40.53069,-121.32084,345.83,0.4,0.37,2021-08-30,2053,N,VIIRS,n,2,312.3,10.9,D,3
40.53113,-121.19459,367,0.4,0.37,2021-08-30,2053,N,VIIRS,l,2,377.63,0,D,0
40.53135,-121.21389,348.63,0.4,0.37,2021-08-30,2053,N,VIIRS,n,2,304.45,205.93,D,0
40.53176,-121.2527,348.62,0.4,0.37,2021-08-30,2053,N,VIIRS,n,2,306.87,5.64,D,0
40.53189,-121.19007,367,0.4,0.37,2021-08-30,2053,N,VIIRS,l,2,377.29,0,D,0
40.53212,-121.2093,367,0.4,0.37,2021-08-30,2053,N,VIIRS,l,2,364.73,205.93,D,0
40.53242,-121.16628,342.51,0.4,0.37,2021-08-30,2053,N,VIIRS,n,2,291.19,23.01,D,0
40.53255,-121.24804,354.8,0.4,0.37,2021-08-30,2053,N,VIIRS,n,2,309.16,5.64,D,0
40.5329,-121.20473,367,0.4,0.37,2021-08-30,2053,N,VIIRS,l,2,382.2,0,D,0
40.53318,-121.1617,353.38,0.4,0.37,2021-08-30,2053,N,VIIRS,n,2,305.29,23.01,D,0
40.53342,-121.34585,352.53,0.4,0.37,2021-08-30,2053,N,VIIRS,n,2,321.25,22.36,D,0
40.53342,-121.18097,356.25,0.4,0.37,2021-08-30,2053,N,VIIRS,l,2,296.03,101.01,D,0
40.53366,-121.20015,367,0.4,0.37,2021-08-30,2053,N,VIIRS,l,2,382.53,0,D,0
40.53395,-121.15712,354.58,0.4,0.37,2021-08-30,2053,N,VIIRS,n,2,300.56,52.94,D,0
40.53418,-121.17641,351.38,0.4,0.37,2021-08-30,2053,N,VIIRS,n,2,295.77,15.55,D,0
40.53472,-121.15254,338.96,0.4,0.37,2021-08-30,2053,N,VIIRS,n,2,294.46,52.94,D,0
40.5352,-121.19102,367,0.4,0.37,2021-08-30,2053,N,VIIRS,l,2,362.98,0,D,0
40.53586,-121.24902,344.75,0.4,0.37,2021-08-30,2053,N,VIIRS,n,2,306.98,5.64,D,0
40.5362,-121.20571,355.95,0.4,0.37,2021-08-30,2053,N,VIIRS,n,2,305.73,0,D,0
40.53649,-121.16267,355.22,0.4,0.37,2021-08-30,2053,N,VIIRS,n,2,297.15,23.01,D,0
40.53673,-121.18192,357.02,0.4,0.37,2021-08-30,2053,N,VIIRS,l,2,293.1,124.74,D,0
40.53749,-121.17736,348.87,0.4,0.37,2021-08-30,2053,N,VIIRS,n,2,291.49,15.27,D,0
40.53752,-121.34223,353.16,0.4,0.37,2021-08-30,2053,N,VIIRS,n,2,320.96,43.04,D,0
40.53774,-121.19654,208,0.4,0.37,2021-08-30,2053,N,VIIRS,l,2,310.49,0,D,0
40.53851,-121.19198,208,0.4,0.37,2021-08-30,2053,N,VIIRS,l,2,316.1,0,D,0
40.53904,-121.1682,342.47,0.4,0.37,2021-08-30,2053,N,VIIRS,n,2,298.05,12.33,D,0
40.53928,-121.18742,350.16,0.4,0.37,2021-08-30,2053,N,VIIRS,n,2,299.06,124.74,D,0
40.5398,-121.16362,350.75,0.4,0.37,2021-08-30,2053,N,VIIRS,n,2,300.24,12.33,D,0
40.54004,-121.18287,355.04,0.4,0.37,2021-08-30,2053,N,VIIRS,n,2,292.28,124.74,D,0
40.54057,-121.15903,344.04,0.4,0.37,2021-08-30,2053,N,VIIRS,n,2,292.22,5.16,D,0
40.54105,-121.19751,350.61,0.4,0.37,2021-08-30,2053,N,VIIRS,n,2,298.06,26.11,D,0
40.54134,-121.15444,339.5,0.4,0.37,2021-08-30,2053,N,VIIRS,n,2,292.79,5.16,D,0
40.54163,-121.33852,353.53,0.4,0.37,2021-08-30,2053,N,VIIRS,n,2,310.49,43.04,D,0
40.54182,-121.19294,356.82,0.4,0.37,2021-08-30,2053,N,VIIRS,l,2,293.93,26.11,D,0
40.54234,-121.16914,342.55,0.4,0.37,2021-08-30,2053,N,VIIRS,n,2,291.34,12.33,D,0
40.54241,-121.33389,350.53,0.4,0.37,2021-08-30,2053,N,VIIRS,n,2,313.14,13.17,D,0
40.54259,-121.18836,367,0.4,0.37,2021-08-30,2053,N,VIIRS,h,2,293.42,17.51,D,0
40.54336,-121.18382,351.33,0.4,0.37,2021-08-30,2053,N,VIIRS,n,2,290.02,17.51,D,0
40.54406,-121.24159,345.5,0.4,0.37,2021-08-30,2053,N,VIIRS,n,2,306.14,4.79,D,0
40.54418,-121.34405,367,0.4,0.37,2021-08-30,2053,N,VIIRS,h,2,346.19,211.38,D,0
40.54497,-121.33939,367,0.4,0.37,2021-08-30,2053,N,VIIRS,l,2,379.8,211.38,D,0
40.54565,-121.17008,349.53,0.4,0.37,2021-08-30,2053,N,VIIRS,n,2,289.81,11.63,D,0
40.54575,-121.33476,367,0.4,0.37,2021-08-30,2053,N,VIIRS,h,2,343.79,165.49,D,0
40.54652,-121.33017,356.62,0.4,0.37,2021-08-30,2053,N,VIIRS,n,2,315.99,165.49,D,0
40.54831,-121.34023,367,0.4,0.37,2021-08-30,2053,N,VIIRS,l,2,354.81,211.38,D,0
40.54909,-121.33558,367,0.4,0.37,2021-08-30,2053,N,VIIRS,h,2,358.79,165.49,D,0
40.54922,-121.19026,354.42,0.4,0.37,2021-08-30,2053,N,VIIRS,n,2,317,32.87,D,0
40.54987,-121.33099,367,0.4,0.37,2021-08-30,2053,N,VIIRS,h,2,343.33,165.49,D,0
40.55253,-121.19118,356.12,0.4,0.37,2021-08-30,2053,N,VIIRS,n,2,312.06,32.87,D,0
40.5533,-121.18661,344.44,0.4,0.37,2021-08-30,2053,N,VIIRS,n,2,297.51,32.87,D,0
40.55353,-121.20592,356.01,0.4,0.37,2021-08-30,2053,N,VIIRS,n,2,311.73,28.42,D,0
40.5543,-121.20136,367,0.4,0.37,2021-08-30,2053,N,VIIRS,h,2,316.19,26.57,D,0
40.55494,-121.25957,347.85,0.4,0.37,2021-08-30,2053,N,VIIRS,n,2,306.55,6.29,D,0
40.55507,-121.19675,355.97,0.4,0.37,2021-08-30,2053,N,VIIRS,n,2,318.94,26.57,D,0
40.5556,-121.17288,338.78,0.4,0.37,2021-08-30,2053,N,VIIRS,n,2,291.24,7.76,D,0
40.55608,-121.21142,350.39,0.4,0.37,2021-08-30,2053,N,VIIRS,n,2,315.27,28.42,D,0
40.55661,-121.18755,367,0.4,0.37,2021-08-30,2053,N,VIIRS,h,2,312.18,39.95,D,0
40.5598,-121.2513,345.07,0.4,0.37,2021-08-30,2053,N,VIIRS,n,2,305.66,6.61,D,0
40.55992,-121.18854,344.72,0.4,0.37,2021-08-30,2053,N,VIIRS,n,2,304.05,39.95,D,0
40.56069,-121.18396,349.37,0.4,0.37,2021-08-30,2053,N,VIIRS,n,2,306.99,12.82,D,0
40.56116,-121.22251,367,0.4,0.37,2021-08-30,2053,N,VIIRS,l,2,333.96,117.14,D,0
40.56145,-121.17938,350.25,0.4,0.37,2021-08-30,2053,N,VIIRS,n,2,310.68,12.82,D,0
40.56233,-121.25695,356.32,0.4,0.37,2021-08-30,2053,N,VIIRS,n,2,305.87,10.73,D,0
40.56311,-121.2523,342.16,0.4,0.37,2021-08-30,2053,N,VIIRS,n,2,305.16,6.61,D,0
40.56448,-121.22346,355.12,0.4,0.37,2021-08-30,2053,N,VIIRS,n,2,314.15,18.26,D,0
40.56469,-121.24295,342.91,0.4,0.37,2021-08-30,2053,N,VIIRS,n,2,303.44,9.06,D,0
40.56525,-121.21889,354.58,0.4,0.37,2021-08-30,2053,N,VIIRS,n,2,308.11,18.26,D,0
40.56564,-121.25793,349.6,0.4,0.37,2021-08-30,2053,N,VIIRS,n,2,305.58,11.98,D,0
40.56642,-121.2533,347.47,0.4,0.37,2021-08-30,2053,N,VIIRS,n,2,306.42,5.5,D,0
40.56779,-121.22443,356.32,0.4,0.37,2021-08-30,2053,N,VIIRS,n,2,306.65,18.26,D,0
40.56799,-121.24397,350.17,0.4,0.37,2021-08-30,2053,N,VIIRS,n,2,304.21,10.02,D,0
40.56973,-121.2543,341.01,0.4,0.37,2021-08-30,2053,N,VIIRS,n,2,304.93,5.5,D,0
40.57051,-121.24966,341.01,0.4,0.37,2021-08-30,2053,N,VIIRS,n,2,301.81,5.5,D,0
40.57395,-121.3326,353.4,0.4,0.37,2021-08-30,2053,N,VIIRS,n,2,305.57,32.65,D,0
40.57471,-121.32812,353.4,0.4,0.37,2021-08-30,2053,N,VIIRS,n,2,309.23,32.65,D,0
40.57547,-121.32364,353.53,0.4,0.37,2021-08-30,2053,N,VIIRS,n,2,309.69,32.13,D,0
40.57727,-121.33357,339.81,0.4,0.37,2021-08-30,2053,N,VIIRS,n,2,302.28,32.65,D,0
40.57763,-121.3728,338.29,0.4,0.37,2021-08-30,2053,N,VIIRS,n,2,304.48,3.46,D,0
40.57803,-121.32909,367,0.4,0.37,2021-08-30,2053,N,VIIRS,l,2,357.26,32.65,D,0
40.57878,-121.32461,354.16,0.4,0.37,2021-08-30,2053,N,VIIRS,n,2,311.87,32.13,D,0
40.57921,-121.36342,367,0.4,0.37,2021-08-30,2053,N,VIIRS,h,2,303.82,10,D,0
40.57954,-121.32013,346.21,0.4,0.37,2021-08-30,2053,N,VIIRS,n,2,305.66,32.13,D,0
40.58001,-121.35869,352.04,0.4,0.37,2021-08-30,2053,N,VIIRS,n,2,306.68,10,D,0
40.58058,-121.33456,350.79,0.4,0.37,2021-08-30,2053,N,VIIRS,n,2,309.4,35.84,D,0
40.5808,-121.35397,343.76,0.4,0.37,2021-08-30,2053,N,VIIRS,n,2,300.41,5.7,D,0
40.58096,-121.3737,345.01,0.4,0.37,2021-08-30,2053,N,VIIRS,n,2,305.15,6.48,D,0
40.58134,-121.33009,349.68,0.4,0.37,2021-08-30,2053,N,VIIRS,n,2,319.16,35.84,D,0
40.58158,-121.3493,349.01,0.4,0.37,2021-08-30,2053,N,VIIRS,n,2,301.92,5.7,D,0
40.58209,-121.32562,355.73,0.4,0.37,2021-08-30,2053,N,VIIRS,n,2,311.88,19.27,D,0
40.58236,-121.34469,340.42,0.4,0.37,2021-08-30,2053,N,VIIRS,n,2,299.73,5.29,D,0
40.58252,-121.36446,354.53,0.4,0.37,2021-08-30,2053,N,VIIRS,n,2,306.27,24.95,D,0
40.58285,-121.32114,367,0.4,0.37,2021-08-30,2053,N,VIIRS,h,2,306.36,19.27,D,0
40.58331,-121.35979,367,0.4,0.37,2021-08-30,2053,N,VIIRS,l,2,328.66,24.95,D,0
40.58389,-121.33562,367,0.4,0.37,2021-08-30,2053,N,VIIRS,l,2,329.32,35.84,D,0
40.58409,-121.3551,352.55,0.4,0.37,2021-08-30,2053,N,VIIRS,n,2,309.05,33.06,D,0
40.58429,-121.3746,341.69,0.4,0.37,2021-08-30,2053,N,VIIRS,n,2,304.56,6.48,D,0
40.58464,-121.33112,367,0.4,0.37,2021-08-30,2053,N,VIIRS,h,2,307.08,35.84,D,0
40.5854,-121.32664,356.28,0.4,0.37,2021-08-30,2053,N,VIIRS,n,2,305.03,19.27,D,0
40.58583,-121.36548,345.38,0.4,0.37,2021-08-30,2053,N,VIIRS,n,2,305.21,24.95,D,0
40.58616,-121.32214,348.51,0.4,0.37,2021-08-30,2053,N,VIIRS,n,2,301.62,19.27,D,0
40.58643,-121.34123,350.26,0.4,0.37,2021-08-30,2053,N,VIIRS,n,2,304.11,21.77,D,0
40.58661,-121.36085,356.92,0.4,0.37,2021-08-30,2053,N,VIIRS,n,2,305.11,24.95,D,0
40.58719,-121.33669,356.06,0.4,0.37,2021-08-30,2053,N,VIIRS,n,2,304.02,44.66,D,0
40.58739,-121.35621,352.89,0.4,0.37,2021-08-30,2053,N,VIIRS,n,2,305.82,33.06,D,0
40.58763,-121.37545,338.64,0.4,0.37,2021-08-30,2053,N,VIIRS,n,2,304.54,4.98,D,0
40.58871,-121.32767,351.35,0.4,0.37,2021-08-30,2053,N,VIIRS,n,2,304.5,16.5,D,0
40.59095,-121.3764,342.35,0.4,0.37,2021-08-30,2053,N,VIIRS,n,2,308.95,4.98,D,0
40.59261,-121.37505,349.72,0.4,0.37,2021-08-30,2053,N,VIIRS,n,2,312.46,11.84,D,0
40.5971,-121.33992,350.23,0.4,0.37,2021-08-30,2053,N,VIIRS,n,2,313.67,30.88,D,0
40.59879,-121.33861,337.09,0.4,0.37,2021-08-30,2053,N,VIIRS,n,2,305.78,15.08,D,0
40.6001,-121.39242,342.84,0.4,0.37,2021-08-30,2053,N,VIIRS,n,2,308.03,2.89,D,0
40.60209,-121.33969,343.53,0.4,0.37,2021-08-30,2053,N,VIIRS,n,2,308.47,15.08,D,0
40.60422,-121.38866,333.92,0.4,0.37,2021-08-30,2053,N,VIIRS,n,2,306.09,9.68,D,0
40.60659,-121.37472,334.18,0.4,0.37,2021-08-30,2053,N,VIIRS,l,2,308.87,11.2,D,0
40.6075,-121.38986,367,0.4,0.37,2021-08-30,2053,N,VIIRS,h,2,312.25,9.68,D,0
40.60813,-121.36565,348.16,0.4,0.37,2021-08-30,2053,N,VIIRS,n,2,310.39,14.9,D,0
40.6083,-121.38514,347.22,0.4,0.37,2021-08-30,2053,N,VIIRS,n,2,306.52,9.68,D,0
40.6091,-121.38047,348.32,0.4,0.37,2021-08-30,2053,N,VIIRS,n,2,307.81,11.2,D,0
40.60988,-121.37582,334.27,0.4,0.37,2021-08-30,2053,N,VIIRS,l,2,304.65,11.2,D,0
40.61473,-121.36777,348.69,0.4,0.37,2021-08-30,2053,N,VIIRS,n,2,306.32,5.76,D,0
40.61486,-121.3875,339.17,0.4,0.37,2021-08-30,2053,N,VIIRS,l,2,314.14,22.5,D,0
40.61566,-121.38281,332.34,0.4,0.37,2021-08-30,2053,N,VIIRS,l,2,305.93,4.06,D,0
41.46017,-121.94785,333.47,0.4,0.37,2021-08-30,2053,N,VIIRS,n,2,304.25,2.8,D,0
41.50469,-121.89508,339.07,0.4,0.37,2021-08-30,2053,N,VIIRS,n,2,306.72,6.37,D,0
41.5394,-121.99904,335.95,0.4,0.37,2021-08-30,2053,N,VIIRS,n,2,307.8,4.3,D,0
41.54939,-122.00215,331.69,0.4,0.37,2021-08-30,2053,N,VIIRS,n,2,304.25,1.71,D,0
40.01565,-120.48257,305.46,0.34,0.56,2021-08-31,911,N,VIIRS,n,2,286.31,4.76,N,0
40.01587,-120.48656,367,0.34,0.56,2021-08-31,911,N,VIIRS,h,2,299.97,10.8,N,0
40.01608,-120.49037,367,0.34,0.56,2021-08-31,911,N,VIIRS,h,2,302.55,10.8,N,0
40.01629,-120.49413,340.24,0.34,0.56,2021-08-31,911,N,VIIRS,n,2,298.3,9.59,N,0
40.0165,-120.49802,342.49,0.34,0.56,2021-08-31,911,N,VIIRS,n,2,297.5,9.59,N,0
40.01673,-120.50212,339.54,0.34,0.56,2021-08-31,911,N,VIIRS,n,2,297.72,7.04,N,0
40.01696,-120.50639,325,0.34,0.56,2021-08-31,911,N,VIIRS,n,2,292.15,7.04,N,0
40.01721,-120.51078,324.41,0.34,0.56,2021-08-31,911,N,VIIRS,n,2,293.38,5.16,N,0
40.01744,-120.51496,317.94,0.34,0.56,2021-08-31,911,N,VIIRS,n,2,291.78,5.16,N,0
40.01766,-120.51899,326.27,0.34,0.56,2021-08-31,911,N,VIIRS,n,2,295.97,4.81,N,0
40.01788,-120.52296,332.36,0.34,0.56,2021-08-31,911,N,VIIRS,n,2,295.76,4.81,N,0
40.0181,-120.52691,340.77,0.34,0.56,2021-08-31,911,N,VIIRS,n,2,296.65,5.14,N,0
40.01832,-120.531,337.16,0.34,0.56,2021-08-31,911,N,VIIRS,n,2,296.07,5.14,N,0
40.01855,-120.5353,333.18,0.34,0.56,2021-08-31,911,N,VIIRS,n,2,294.39,3.58,N,0
40.01878,-120.53947,317.43,0.34,0.56,2021-08-31,911,N,VIIRS,n,2,293.94,3.58,N,0
40.019,-120.54346,316.11,0.34,0.56,2021-08-31,911,N,VIIRS,n,2,291.52,2.79,N,0
40.01923,-120.54754,318.67,0.35,0.56,2021-08-31,911,N,VIIRS,n,2,291.27,2.79,N,0
40.01946,-120.55176,320.49,0.35,0.56,2021-08-31,911,N,VIIRS,n,2,293.7,4.24,N,0
40.01969,-120.55597,345.19,0.35,0.56,2021-08-31,911,N,VIIRS,n,2,300.35,4.24,N,0
40.01992,-120.56016,367,0.35,0.56,2021-08-31,911,N,VIIRS,h,2,303.6,13.35,N,0
40.02016,-120.56465,367,0.35,0.56,2021-08-31,911,N,VIIRS,h,2,301.78,13.35,N,0
40.02016,-120.46933,303.84,0.34,0.56,2021-08-31,911,N,VIIRS,n,2,287.21,2.98,N,0
40.0204,-120.47351,342.22,0.34,0.56,2021-08-31,911,N,VIIRS,n,2,292.02,2.98,N,0
40.02043,-120.56954,367,0.35,0.56,2021-08-31,911,N,VIIRS,h,2,300.37,12.28,N,0
40.02064,-120.47793,305.22,0.34,0.56,2021-08-31,911,N,VIIRS,n,2,288.27,4.76,N,0
40.02068,-120.57424,367,0.35,0.56,2021-08-31,911,N,VIIRS,h,2,296.52,12.28,N,0
40.02087,-120.48215,344.6,0.34,0.56,2021-08-31,911,N,VIIRS,n,2,291.98,4.76,N,0
40.02094,-120.57887,309,0.35,0.56,2021-08-31,911,N,VIIRS,n,2,287.33,2.62,N,0
40.0211,-120.48618,345.29,0.34,0.56,2021-08-31,911,N,VIIRS,n,2,294.49,10.8,N,0
40.02115,-120.58289,298.92,0.35,0.56,2021-08-31,911,N,VIIRS,n,2,287.43,2.62,N,0
40.02131,-120.48996,367,0.34,0.56,2021-08-31,911,N,VIIRS,h,2,304.8,10.8,N,0
40.02152,-120.49368,367,0.34,0.56,2021-08-31,911,N,VIIRS,h,2,305.6,9.59,N,0
40.02174,-120.49754,367,0.34,0.56,2021-08-31,911,N,VIIRS,h,2,302.32,9.59,N,0
40.02197,-120.50167,354.24,0.34,0.56,2021-08-31,911,N,VIIRS,n,2,300.68,7.04,N,0
40.02221,-120.506,354.29,0.34,0.56,2021-08-31,911,N,VIIRS,n,2,299.65,7.04,N,0
40.02245,-120.51038,352.3,0.34,0.56,2021-08-31,911,N,VIIRS,n,2,298.13,5.16,N,0
40.02268,-120.51469,343.74,0.34,0.56,2021-08-31,911,N,VIIRS,n,2,296.41,5.16,N,0
40.02292,-120.51888,330.83,0.34,0.56,2021-08-31,911,N,VIIRS,n,2,296.04,4.81,N,0
40.02314,-120.52287,346.87,0.34,0.56,2021-08-31,911,N,VIIRS,n,2,302.77,4.81,N,0
40.02335,-120.52676,344.65,0.34,0.56,2021-08-31,911,N,VIIRS,n,2,297.26,5.14,N,0
40.02357,-120.53079,326.85,0.34,0.56,2021-08-31,911,N,VIIRS,n,2,293.57,5.14,N,0
40.02381,-120.53503,322.12,0.34,0.56,2021-08-31,911,N,VIIRS,n,2,292.39,3.58,N,0
40.02472,-120.55155,300.83,0.35,0.56,2021-08-31,911,N,VIIRS,n,2,288.87,4.24,N,0
40.02494,-120.55559,343.95,0.35,0.56,2021-08-31,911,N,VIIRS,n,2,296.09,4.24,N,0
40.02516,-120.55955,367,0.35,0.56,2021-08-31,911,N,VIIRS,h,2,302.48,13.35,N,0
40.02536,-120.66054,305.58,0.35,0.57,2021-08-31,911,N,VIIRS,n,2,290.06,0.85,N,0
40.02539,-120.56363,367,0.35,0.56,2021-08-31,911,N,VIIRS,h,2,311.79,13.35,N,0
40.02563,-120.56803,367,0.35,0.56,2021-08-31,911,N,VIIRS,h,2,298.13,12.28,N,0
40.02565,-120.47349,338.41,0.34,0.56,2021-08-31,911,N,VIIRS,n,2,291.93,4.02,N,0
40.02587,-120.57251,307.57,0.35,0.56,2021-08-31,911,N,VIIRS,n,2,289.58,12.28,N,0
40.02588,-120.47772,344.9,0.34,0.56,2021-08-31,911,N,VIIRS,n,2,292.44,3.32,N,0
40.02612,-120.577,301.06,0.35,0.56,2021-08-31,911,N,VIIRS,n,2,288.62,2.62,N,0
40.02612,-120.48189,336.74,0.34,0.56,2021-08-31,911,N,VIIRS,n,2,295.71,3.32,N,0
40.02634,-120.48595,334.82,0.34,0.56,2021-08-31,911,N,VIIRS,n,2,297.39,8.2,N,0
40.02656,-120.4898,367,0.34,0.56,2021-08-31,911,N,VIIRS,h,2,311.24,8.2,N,0
40.02677,-120.49358,350.9,0.34,0.56,2021-08-31,911,N,VIIRS,n,2,325.8,34.45,N,0
40.02699,-120.49751,367,0.34,0.56,2021-08-31,911,N,VIIRS,h,2,319.64,34.45,N,0
40.02722,-120.50161,367,0.34,0.56,2021-08-31,911,N,VIIRS,h,2,317.24,28.38,N,0
40.02745,-120.50578,367,0.34,0.56,2021-08-31,911,N,VIIRS,h,2,318.16,28.38,N,0
40.02769,-120.50999,367,0.34,0.56,2021-08-31,911,N,VIIRS,h,2,309.79,21.8,N,0
40.02792,-120.51426,367,0.34,0.56,2021-08-31,911,N,VIIRS,h,2,303.17,21.8,N,0
40.02817,-120.51865,348.97,0.34,0.56,2021-08-31,911,N,VIIRS,n,2,299.33,10.4,N,0
40.0284,-120.52279,338.44,0.34,0.56,2021-08-31,911,N,VIIRS,n,2,296.7,10.4,N,0
40.02862,-120.52679,346.13,0.34,0.56,2021-08-31,911,N,VIIRS,n,2,297.26,5.91,N,0
40.03041,-120.55907,345.21,0.35,0.56,2021-08-31,911,N,VIIRS,n,2,294.96,7.06,N,0
40.03062,-120.56289,367,0.35,0.56,2021-08-31,911,N,VIIRS,h,2,297.94,7.06,N,0
40.03085,-120.56691,324.43,0.35,0.56,2021-08-31,911,N,VIIRS,n,2,290.81,7.33,N,0
40.03112,-120.47748,302.31,0.34,0.56,2021-08-31,911,N,VIIRS,n,2,285.01,3.32,N,0
40.03135,-120.48158,310.58,0.34,0.56,2021-08-31,911,N,VIIRS,n,2,287.59,3.32,N,0
40.03159,-120.48569,311.89,0.34,0.56,2021-08-31,911,N,VIIRS,n,2,289.4,8.2,N,0
40.03181,-120.48963,321.01,0.34,0.56,2021-08-31,911,N,VIIRS,n,2,290.07,8.2,N,0
40.03202,-120.49352,353.63,0.34,0.56,2021-08-31,911,N,VIIRS,n,2,302.35,34.45,N,0
40.03225,-120.49751,354.22,0.34,0.56,2021-08-31,911,N,VIIRS,n,2,330.12,34.45,N,0
40.03247,-120.5016,367,0.34,0.56,2021-08-31,911,N,VIIRS,h,2,324.29,28.38,N,0
40.0327,-120.50567,367,0.34,0.56,2021-08-31,911,N,VIIRS,h,2,308.58,28.38,N,0
40.03294,-120.50974,367,0.34,0.56,2021-08-31,911,N,VIIRS,h,2,310.44,21.8,N,0
40.03317,-120.51392,367,0.34,0.56,2021-08-31,911,N,VIIRS,h,2,314.71,21.8,N,0
40.03341,-120.51821,367,0.34,0.56,2021-08-31,911,N,VIIRS,h,2,301.89,10.4,N,0
40.03365,-120.52245,367,0.34,0.56,2021-08-31,911,N,VIIRS,h,2,299.66,10.4,N,0
40.03371,-120.81764,303.43,0.36,0.57,2021-08-31,911,N,VIIRS,n,2,289.91,1.37,N,0
40.03388,-120.52661,299.56,0.34,0.56,2021-08-31,911,N,VIIRS,n,2,286.72,5.91,N,0
40.0339,-120.82136,301.97,0.36,0.57,2021-08-31,911,N,VIIRS,n,2,289.31,1.05,N,0
40.03727,-120.49342,307.71,0.34,0.56,2021-08-31,911,N,VIIRS,n,2,286.88,8.39,N,0
40.03751,-120.49746,367,0.34,0.56,2021-08-31,911,N,VIIRS,h,2,305.3,8.39,N,0
40.03773,-120.50153,367,0.34,0.56,2021-08-31,911,N,VIIRS,h,2,302.98,13.29,N,0
40.03796,-120.50556,367,0.34,0.56,2021-08-31,911,N,VIIRS,h,2,305.85,13.29,N,0
40.03799,-120.79788,304.54,0.36,0.57,2021-08-31,911,N,VIIRS,n,2,289.38,1.4,N,0
40.03819,-120.50955,367,0.34,0.56,2021-08-31,911,N,VIIRS,h,2,309.56,23.61,N,0
40.03822,-120.80212,313.89,0.36,0.57,2021-08-31,911,N,VIIRS,n,2,290.55,1.51,N,0
40.03841,-120.51363,367,0.34,0.56,2021-08-31,911,N,VIIRS,h,2,310.02,23.61,N,0
40.03843,-120.80624,308.04,0.36,0.57,2021-08-31,911,N,VIIRS,n,2,290.57,1.51,N,0
40.03865,-120.51781,367,0.34,0.56,2021-08-31,911,N,VIIRS,h,2,307.89,18.24,N,0
40.03889,-120.52206,335.2,0.34,0.56,2021-08-31,911,N,VIIRS,n,2,290.68,18.24,N,0
40.04321,-120.50526,322.3,0.34,0.56,2021-08-31,911,N,VIIRS,n,2,286.1,13.29,N,0
40.04343,-120.50933,367,0.34,0.56,2021-08-31,911,N,VIIRS,h,2,295.55,23.61,N,0
40.04367,-120.51344,353.14,0.34,0.56,2021-08-31,911,N,VIIRS,n,2,307.29,23.61,N,0
40.0439,-120.51764,367,0.34,0.56,2021-08-31,911,N,VIIRS,h,2,289.44,18.24,N,0
40.04414,-120.52181,298.79,0.34,0.56,2021-08-31,911,N,VIIRS,n,2,283.41,18.24,N,0
40.07435,-121.08179,312.29,0.37,0.58,2021-08-31,911,N,VIIRS,n,2,289.25,1.26,N,0
40.08514,-121.08058,299.61,0.37,0.58,2021-08-31,911,N,VIIRS,n,2,288.98,1.63,N,0
40.08541,-121.08585,333.31,0.37,0.58,2021-08-31,911,N,VIIRS,n,2,291.18,1.63,N,0
40.08667,-121.11029,304.76,0.37,0.58,2021-08-31,911,N,VIIRS,n,2,289.51,1.4,N,0
40.18238,-120.73476,327.48,0.35,0.57,2021-08-31,911,N,VIIRS,n,2,290.22,1.87,N,0
40.18261,-120.73884,303.39,0.35,0.57,2021-08-31,911,N,VIIRS,n,2,285.87,1.87,N,0
40.18772,-120.7349,296.86,0.35,0.57,2021-08-31,911,N,VIIRS,n,2,286.74,0.64,N,0
40.34848,-121.17323,298.68,0.37,0.58,2021-08-31,911,N,VIIRS,n,2,282.77,0.55,N,0
40.41769,-121.33114,299.87,0.38,0.59,2021-08-31,911,N,VIIRS,n,2,281.45,0.44,N,0
40.42362,-121.12213,307.71,0.37,0.58,2021-08-31,911,N,VIIRS,n,2,288.36,2.18,N,0
40.43378,-121.10802,297.42,0.37,0.58,2021-08-31,911,N,VIIRS,n,2,284.17,0.78,N,0
40.45726,-121.35034,298.37,0.38,0.59,2021-08-31,911,N,VIIRS,n,2,284.15,0.43,N,0
40.45894,-121.49448,307.77,0.39,0.59,2021-08-31,911,N,VIIRS,n,2,283.97,1.21,N,0
40.46599,-121.0992,296.05,0.37,0.58,2021-08-31,911,N,VIIRS,n,2,282.01,0.61,N,0
40.48093,-121.1735,296.33,0.38,0.58,2021-08-31,911,N,VIIRS,n,2,284.22,0.81,N,0
40.48235,-121.19981,302.39,0.38,0.59,2021-08-31,911,N,VIIRS,n,2,284.39,0.89,N,0
40.48297,-121.20138,300.74,0.38,0.59,2021-08-31,911,N,VIIRS,n,2,284.25,1.8,N,0
40.48452,-121.35032,302.78,0.38,0.59,2021-08-31,911,N,VIIRS,n,2,285.38,1,N,0
40.48475,-121.34856,300.91,0.38,0.59,2021-08-31,911,N,VIIRS,n,2,284.49,0.8,N,0
40.48663,-121.17783,304.51,0.38,0.58,2021-08-31,911,N,VIIRS,n,2,284.82,3.03,N,0
40.48685,-121.18192,300.22,0.38,0.58,2021-08-31,911,N,VIIRS,n,2,284.73,3.03,N,0
40.48716,-121.17501,299.27,0.38,0.58,2021-08-31,911,N,VIIRS,n,2,284.34,1.48,N,0
40.48737,-121.17915,314.06,0.38,0.58,2021-08-31,911,N,VIIRS,n,2,286.33,1.22,N,0
40.48754,-121.19457,309.84,0.38,0.59,2021-08-31,911,N,VIIRS,n,2,285.72,1.62,N,0
40.48756,-121.18324,298.94,0.38,0.58,2021-08-31,911,N,VIIRS,n,2,284.34,1.22,N,0
40.48779,-121.19915,309.66,0.38,0.59,2021-08-31,911,N,VIIRS,n,2,286.26,1.62,N,0
40.48819,-121.19601,320.02,0.38,0.59,2021-08-31,911,N,VIIRS,n,2,287.82,1.8,N,0
40.48999,-121.34944,295.93,0.38,0.59,2021-08-31,911,N,VIIRS,n,2,283.86,0.77,N,0
40.49022,-121.35421,306.64,0.38,0.59,2021-08-31,911,N,VIIRS,n,2,285.89,1.6,N,0
40.49047,-121.35248,315.18,0.38,0.59,2021-08-31,911,N,VIIRS,n,2,286.29,2.2,N,0
40.49165,-121.16956,303.52,0.38,0.58,2021-08-31,911,N,VIIRS,n,2,285.61,3.39,N,0
40.49187,-121.17368,336.73,0.38,0.58,2021-08-31,911,N,VIIRS,n,2,289.33,3.39,N,0
40.49209,-121.17777,338.19,0.38,0.58,2021-08-31,911,N,VIIRS,n,2,292.78,3.03,N,0
40.49232,-121.18186,328,0.38,0.58,2021-08-31,911,N,VIIRS,n,2,289.55,3.03,N,0
40.49242,-121.17085,324.89,0.38,0.58,2021-08-31,911,N,VIIRS,n,2,287.77,4.86,N,0
40.49255,-121.18598,309.01,0.38,0.58,2021-08-31,911,N,VIIRS,n,2,286.83,2.94,N,0
40.49263,-121.17495,339.71,0.38,0.58,2021-08-31,911,N,VIIRS,n,2,290.98,4.86,N,0
40.49277,-121.19021,315.9,0.38,0.58,2021-08-31,911,N,VIIRS,n,2,288.41,2.94,N,0
40.49283,-121.17903,340.51,0.38,0.58,2021-08-31,911,N,VIIRS,n,2,291.63,5.95,N,0
40.49301,-121.19453,319.07,0.38,0.59,2021-08-31,911,N,VIIRS,n,2,289.76,1.62,N,0
40.49303,-121.18314,323.77,0.38,0.58,2021-08-31,911,N,VIIRS,n,2,288.77,5.95,N,0
40.49323,-121.18729,313.98,0.38,0.59,2021-08-31,911,N,VIIRS,n,2,287.62,2.62,N,0
40.49326,-121.19903,295.74,0.38,0.59,2021-08-31,911,N,VIIRS,n,2,285.26,1.62,N,0
40.49344,-121.19158,317.57,0.38,0.59,2021-08-31,911,N,VIIRS,n,2,289.21,2.62,N,0
40.4935,-121.20359,310.57,0.38,0.59,2021-08-31,911,N,VIIRS,n,2,285.56,2.35,N,0
40.49366,-121.19595,312.84,0.38,0.59,2021-08-31,911,N,VIIRS,n,2,287.62,2.2,N,0
40.4941,-121.20507,307.33,0.38,0.59,2021-08-31,911,N,VIIRS,n,2,285.09,0.95,N,0
40.49466,-121.22489,295.19,0.38,0.59,2021-08-31,911,N,VIIRS,n,2,284.02,0.76,N,0
40.49508,-121.2327,295.36,0.38,0.59,2021-08-31,911,N,VIIRS,n,2,284.53,1.17,N,0
40.49529,-121.2365,300.29,0.38,0.59,2021-08-31,911,N,VIIRS,n,2,283.59,1.01,N,0
40.4955,-121.24045,306.03,0.38,0.59,2021-08-31,911,N,VIIRS,n,2,283.85,1.01,N,0
40.49551,-121.23392,297.38,0.38,0.59,2021-08-31,911,N,VIIRS,n,2,284.63,0.89,N,0
40.4957,-121.23782,299.62,0.38,0.59,2021-08-31,911,N,VIIRS,n,2,284.08,1.06,N,0
40.49589,-121.24185,304.26,0.38,0.59,2021-08-31,911,N,VIIRS,n,2,284.02,1.06,N,0
40.49789,-121.17072,330.44,0.38,0.58,2021-08-31,911,N,VIIRS,n,2,293.15,4.86,N,0
40.49809,-121.17485,349.62,0.38,0.58,2021-08-31,911,N,VIIRS,n,2,296.12,4.86,N,0
40.49829,-121.17895,347.3,0.38,0.58,2021-08-31,911,N,VIIRS,n,2,296.4,5.95,N,0
40.4985,-121.18306,335.38,0.38,0.58,2021-08-31,911,N,VIIRS,n,2,295.14,5.95,N,0
40.4987,-121.18719,320.63,0.38,0.59,2021-08-31,911,N,VIIRS,n,2,289.67,2.62,N,0
40.49891,-121.19141,309.93,0.38,0.59,2021-08-31,911,N,VIIRS,n,2,285.93,2.62,N,0
40.49912,-121.19571,306.02,0.38,0.59,2021-08-31,911,N,VIIRS,n,2,286.71,2.2,N,0
40.49977,-121.20903,300.26,0.38,0.59,2021-08-31,911,N,VIIRS,n,2,286.04,0.95,N,0
40.50059,-121.22579,298.2,0.38,0.59,2021-08-31,911,N,VIIRS,n,2,285.61,2.15,N,0
40.50079,-121.22991,297.41,0.38,0.59,2021-08-31,911,N,VIIRS,n,2,285.17,0.89,N,0
40.50099,-121.34871,308.84,0.38,0.59,2021-08-31,911,N,VIIRS,n,2,281.78,5.13,N,0
40.50099,-121.23399,297.79,0.38,0.59,2021-08-31,911,N,VIIRS,n,2,284.75,0.89,N,0
40.50119,-121.23808,304.9,0.38,0.59,2021-08-31,911,N,VIIRS,n,2,284.69,1.06,N,0
40.50122,-121.35354,322.43,0.38,0.59,2021-08-31,911,N,VIIRS,n,2,283.63,3.53,N,0
40.50122,-121.34711,299.53,0.38,0.59,2021-08-31,911,N,VIIRS,n,2,282.09,1.16,N,0
40.50147,-121.35182,335.2,0.38,0.59,2021-08-31,911,N,VIIRS,n,2,284.22,2.39,N,0
40.50174,-121.35685,300.77,0.38,0.59,2021-08-31,911,N,VIIRS,n,2,282.43,2.39,N,0
40.50333,-121.17037,318.98,0.38,0.58,2021-08-31,911,N,VIIRS,n,2,289.52,3.13,N,3
40.50355,-121.17471,333.33,0.38,0.58,2021-08-31,911,N,VIIRS,n,2,292.4,3.13,N,0
40.50376,-121.17891,330.67,0.38,0.58,2021-08-31,911,N,VIIRS,n,2,291.46,3.13,N,0
40.50396,-121.18298,306.83,0.38,0.58,2021-08-31,911,N,VIIRS,n,2,288.13,3.13,N,0
40.50436,-121.19111,317.11,0.38,0.59,2021-08-31,911,N,VIIRS,n,2,288.13,2.34,N,0
40.50568,-121.33136,300.63,0.38,0.59,2021-08-31,911,N,VIIRS,n,2,283.46,1.68,N,0
40.50587,-121.33537,315.82,0.38,0.59,2021-08-31,911,N,VIIRS,n,2,284.69,2.48,N,0
40.50606,-121.22553,302.54,0.38,0.59,2021-08-31,911,N,VIIRS,n,2,285.98,2.02,N,0
40.50607,-121.33959,317.5,0.38,0.59,2021-08-31,911,N,VIIRS,n,2,283.24,2.48,N,0
40.50611,-121.45806,348.43,0.39,0.59,2021-08-31,911,N,VIIRS,n,2,284.64,5.13,N,0
40.50627,-121.22982,310.91,0.38,0.59,2021-08-31,911,N,VIIRS,n,2,286.54,3.47,N,0
40.50628,-121.34401,340.81,0.38,0.59,2021-08-31,911,N,VIIRS,n,2,285.76,5.13,N,0
40.5065,-121.34858,353.47,0.38,0.59,2021-08-31,911,N,VIIRS,n,2,289.8,5.13,N,0
40.50673,-121.35336,330.09,0.38,0.59,2021-08-31,911,N,VIIRS,n,2,287.86,3.53,N,0
40.50697,-121.35843,301.7,0.38,0.59,2021-08-31,911,N,VIIRS,n,2,283.35,3.53,N,0
40.50698,-121.45641,367,0.39,0.59,2021-08-31,911,N,VIIRS,h,2,286.06,5.59,N,0
40.50712,-121.24713,297.96,0.38,0.59,2021-08-31,911,N,VIIRS,n,2,284.46,1.52,N,0
40.50722,-121.46107,312.08,0.39,0.59,2021-08-31,911,N,VIIRS,n,2,285.1,5.59,N,0
40.5076,-121.25694,296.64,0.38,0.59,2021-08-31,911,N,VIIRS,n,2,284.41,1.04,N,0
40.50762,-121.37213,305.1,0.39,0.59,2021-08-31,911,N,VIIRS,n,2,282.91,2.11,N,0
40.50801,-121.38029,307.88,0.39,0.59,2021-08-31,911,N,VIIRS,n,2,280.05,1.06,N,0
40.50834,-121.16116,298.55,0.38,0.58,2021-08-31,911,N,VIIRS,n,2,287.67,2.34,N,0
40.50878,-121.16991,312.7,0.38,0.58,2021-08-31,911,N,VIIRS,n,2,288.83,3.13,N,0
40.51067,-121.20782,314.5,0.38,0.59,2021-08-31,911,N,VIIRS,n,2,286.06,2.19,N,0
40.51074,-121.43826,308.78,0.39,0.59,2021-08-31,911,N,VIIRS,n,2,281.93,0.78,N,0
40.5109,-121.21251,308.23,0.38,0.59,2021-08-31,911,N,VIIRS,n,2,286.98,2.86,N,0
40.51097,-121.32675,300.38,0.38,0.59,2021-08-31,911,N,VIIRS,n,2,285.02,4.43,N,0
40.51098,-121.44348,301.61,0.39,0.59,2021-08-31,911,N,VIIRS,n,2,281.6,0.78,N,0
40.51116,-121.33073,321.16,0.38,0.59,2021-08-31,911,N,VIIRS,n,2,288.18,4.43,N,0
40.51136,-121.33495,346.9,0.38,0.59,2021-08-31,911,N,VIIRS,n,2,291.95,7.77,N,0
40.51145,-121.45359,322.34,0.39,0.59,2021-08-31,911,N,VIIRS,n,2,282.64,5.68,N,0
40.51154,-121.22545,320.15,0.38,0.59,2021-08-31,911,N,VIIRS,n,2,288.2,2.02,N,0
40.51158,-121.33945,343.82,0.38,0.59,2021-08-31,911,N,VIIRS,n,2,291.45,7.77,N,0
40.51168,-121.45834,367,0.39,0.59,2021-08-31,911,N,VIIRS,h,2,289.52,5.13,N,0
40.51176,-121.22986,333.18,0.38,0.59,2021-08-31,911,N,VIIRS,n,2,290.56,3.47,N,0
40.5118,-121.3441,342.67,0.38,0.59,2021-08-31,911,N,VIIRS,n,2,291.9,4.66,N,0
40.51189,-121.46296,298.24,0.39,0.59,2021-08-31,911,N,VIIRS,n,2,284.49,5.13,N,0
40.51197,-121.23421,327.39,0.38,0.59,2021-08-31,911,N,VIIRS,n,2,290,3.47,N,0
40.51202,-121.34868,316.72,0.38,0.59,2021-08-31,911,N,VIIRS,n,2,288.28,4.66,N,0
40.51218,-121.23856,306.21,0.38,0.59,2021-08-31,911,N,VIIRS,n,2,286.12,2.01,N,0
40.5122,-121.12924,300.28,0.37,0.58,2021-08-31,911,N,VIIRS,n,2,287.58,2.14,N,0
40.51224,-121.35324,311.54,0.38,0.59,2021-08-31,911,N,VIIRS,n,2,286.6,3.4,N,0
40.5124,-121.24294,297.25,0.38,0.59,2021-08-31,911,N,VIIRS,n,2,285.46,2.01,N,0
40.51245,-121.13409,323.25,0.37,0.58,2021-08-31,911,N,VIIRS,n,2,291.48,2.41,N,0
40.51248,-121.35817,342.58,0.38,0.59,2021-08-31,911,N,VIIRS,n,2,285.69,3.4,N,0
40.51262,-121.2474,313.21,0.38,0.59,2021-08-31,911,N,VIIRS,n,2,286.39,1.52,N,0
40.51268,-121.13876,310.42,0.37,0.58,2021-08-31,911,N,VIIRS,n,2,288.62,2.41,N,0
40.51271,-121.36297,296.33,0.39,0.59,2021-08-31,911,N,VIIRS,n,2,282.97,2.25,N,0
40.51291,-121.14324,297.67,0.37,0.58,2021-08-31,911,N,VIIRS,n,2,285.68,1.44,N,0
40.51311,-121.37151,342.26,0.39,0.59,2021-08-31,911,N,VIIRS,n,2,283.95,5.86,N,0
40.51331,-121.37555,367,0.39,0.59,2021-08-31,911,N,VIIRS,h,2,289.17,5.86,N,0
40.51351,-121.37966,307.92,0.39,0.59,2021-08-31,911,N,VIIRS,n,2,279.97,7.79,N,0
40.51423,-121.16946,327.71,0.38,0.58,2021-08-31,911,N,VIIRS,n,2,291.19,2.22,N,0
40.51547,-121.19443,317.99,0.38,0.59,2021-08-31,911,N,VIIRS,n,2,287.7,2.84,N,0
40.51569,-121.19859,318.88,0.38,0.59,2021-08-31,911,N,VIIRS,n,2,288.57,2.84,N,0
40.51576,-121.42717,299.46,0.39,0.59,2021-08-31,911,N,VIIRS,n,2,280.56,1.12,N,0
40.5159,-121.2029,310.77,0.38,0.59,2021-08-31,911,N,VIIRS,n,2,287.9,2.74,N,0
40.51601,-121.4325,315.28,0.39,0.59,2021-08-31,911,N,VIIRS,n,2,282.78,1.12,N,0
40.51612,-121.20743,338.51,0.38,0.59,2021-08-31,911,N,VIIRS,n,2,291.74,2.74,N,0
40.51626,-121.43781,343.04,0.39,0.59,2021-08-31,911,N,VIIRS,n,2,286.75,4.01,N,0
40.51635,-121.21199,300.62,0.38,0.59,2021-08-31,911,N,VIIRS,n,2,287,3.11,N,0
40.51646,-121.32623,321.8,0.38,0.59,2021-08-31,911,N,VIIRS,n,2,285.31,4.43,N,0
40.51651,-121.44307,330.67,0.39,0.59,2021-08-31,911,N,VIIRS,n,2,285.44,4.01,N,0
40.51665,-121.33035,367,0.38,0.59,2021-08-31,911,N,VIIRS,h,2,294.06,4.43,N,0
40.51675,-121.4483,324.62,0.39,0.59,2021-08-31,911,N,VIIRS,n,2,282.14,4.57,N,0
40.51679,-121.22085,309.69,0.38,0.59,2021-08-31,911,N,VIIRS,n,2,287.65,2.76,N,0
40.51686,-121.33472,346.5,0.38,0.59,2021-08-31,911,N,VIIRS,n,2,293.03,7.77,N,0
40.51699,-121.45355,314.28,0.39,0.59,2021-08-31,911,N,VIIRS,n,2,283.34,4.57,N,0
40.51701,-121.2253,341.74,0.38,0.59,2021-08-31,911,N,VIIRS,n,2,293.6,2.76,N,0
40.51709,-121.33924,346.32,0.38,0.59,2021-08-31,911,N,VIIRS,n,2,290.99,7.77,N,0
40.51721,-121.45817,336.81,0.39,0.59,2021-08-31,911,N,VIIRS,n,2,286.24,5.04,N,0
40.51723,-121.22977,324.44,0.38,0.59,2021-08-31,911,N,VIIRS,n,2,291.1,4.03,N,0
40.5173,-121.34379,341.07,0.38,0.59,2021-08-31,911,N,VIIRS,n,2,290.41,4.66,N,0
40.51735,-121.12323,315.21,0.37,0.58,2021-08-31,911,N,VIIRS,n,2,288.35,2.14,N,0
40.51742,-121.46266,352.27,0.39,0.59,2021-08-31,911,N,VIIRS,n,2,289.41,5.04,N,0
40.51746,-121.23421,318.68,0.38,0.59,2021-08-31,911,N,VIIRS,n,2,287.43,4.03,N,0
40.51751,-121.34811,299.98,0.38,0.59,2021-08-31,911,N,VIIRS,n,2,284.1,4.66,N,0
40.51761,-121.12826,325.59,0.37,0.58,2021-08-31,911,N,VIIRS,n,2,293.35,2.14,N,0
40.51768,-121.23867,330.17,0.38,0.59,2021-08-31,911,N,VIIRS,n,2,290.07,4.45,N,0
40.51786,-121.13329,322.15,0.37,0.58,2021-08-31,911,N,VIIRS,n,2,293.91,2.41,N,0
40.5179,-121.24314,328.78,0.38,0.59,2021-08-31,911,N,VIIRS,n,2,289.8,4.45,N,0
40.51811,-121.13818,309.07,0.37,0.58,2021-08-31,911,N,VIIRS,n,2,291,2.41,N,0
40.51812,-121.24763,308,0.38,0.59,2021-08-31,911,N,VIIRS,n,2,286.8,3.06,N,0
40.51821,-121.36261,298.85,0.39,0.59,2021-08-31,911,N,VIIRS,n,2,282.95,2.25,N,0
40.51834,-121.25213,303.27,0.38,0.59,2021-08-31,911,N,VIIRS,n,2,284.81,3.06,N,0
40.51834,-121.14283,307.41,0.37,0.58,2021-08-31,911,N,VIIRS,n,2,291.16,1.44,N,0
40.51844,-121.36729,325.75,0.39,0.59,2021-08-31,911,N,VIIRS,n,2,281.54,2.25,N,0
40.51857,-121.25678,304.27,0.38,0.59,2021-08-31,911,N,VIIRS,n,2,285.43,2.72,N,0
40.51857,-121.14731,300.95,0.38,0.58,2021-08-31,911,N,VIIRS,n,2,288.97,1.44,N,0
40.51864,-121.37163,312.45,0.39,0.59,2021-08-31,911,N,VIIRS,n,2,282.68,5.86,N,0
40.5188,-121.15168,298.73,0.38,0.58,2021-08-31,911,N,VIIRS,n,2,288.13,1.9,N,0
40.51884,-121.37581,330.77,0.39,0.59,2021-08-31,911,N,VIIRS,n,2,284.87,5.86,N,0
40.51945,-121.1647,300.49,0.38,0.58,2021-08-31,911,N,VIIRS,n,2,287.95,1.92,N,0
40.51967,-121.16899,308.02,0.38,0.58,2021-08-31,911,N,VIIRS,n,2,288.99,2.22,N,0
40.52074,-121.19025,297.42,0.38,0.59,2021-08-31,911,N,VIIRS,n,2,285.65,1.93,N,0
40.52094,-121.19431,330.8,0.38,0.59,2021-08-31,911,N,VIIRS,n,2,289.58,2.84,N,0
40.52115,-121.19844,331.24,0.38,0.59,2021-08-31,911,N,VIIRS,n,2,290.63,2.84,N,0
40.52137,-121.20273,328.1,0.38,0.59,2021-08-31,911,N,VIIRS,n,2,290.43,2.74,N,0
40.52155,-121.43246,296.24,0.39,0.59,2021-08-31,911,N,VIIRS,n,2,282.83,1.12,N,0
40.52159,-121.2071,301.13,0.38,0.59,2021-08-31,911,N,VIIRS,n,2,287.41,2.74,N,0
40.52175,-121.32175,296.56,0.38,0.59,2021-08-31,911,N,VIIRS,n,2,280.6,0.56,N,0
40.52195,-121.3259,300.62,0.38,0.59,2021-08-31,911,N,VIIRS,n,2,284.76,2,N,0
40.52203,-121.44276,304.31,0.39,0.59,2021-08-31,911,N,VIIRS,n,2,281.59,4.01,N,0
40.52203,-121.21603,317.63,0.38,0.59,2021-08-31,911,N,VIIRS,n,2,288.65,3.11,N,0
40.52216,-121.33018,317.94,0.38,0.59,2021-08-31,911,N,VIIRS,n,2,286.08,2,N,0
40.52226,-121.22059,319.36,0.38,0.59,2021-08-31,911,N,VIIRS,n,2,289.58,2.76,N,0
40.52228,-121.44792,367,0.39,0.59,2021-08-31,911,N,VIIRS,h,2,289.31,4.57,N,0
40.52231,-121.11353,299.09,0.37,0.58,2021-08-31,911,N,VIIRS,n,2,285.8,4.16,N,0
40.52238,-121.33465,337.71,0.38,0.59,2021-08-31,911,N,VIIRS,n,2,288.84,4.49,N,0
40.52248,-121.22508,303.96,0.38,0.59,2021-08-31,911,N,VIIRS,n,2,288,2.76,N,0
40.52252,-121.45312,329.23,0.39,0.59,2021-08-31,911,N,VIIRS,n,2,286.39,4.57,N,0
40.52254,-121.11783,324.32,0.37,0.58,2021-08-31,911,N,VIIRS,n,2,289.48,4.16,N,0
40.52259,-121.33916,345.56,0.38,0.59,2021-08-31,911,N,VIIRS,n,2,288.38,4.49,N,0
40.52271,-121.22958,325.75,0.38,0.59,2021-08-31,911,N,VIIRS,n,2,289.21,4.03,N,0
40.52274,-121.45755,330.28,0.39,0.59,2021-08-31,911,N,VIIRS,n,2,285.48,5.04,N,0
40.52277,-121.12241,335.95,0.37,0.58,2021-08-31,911,N,VIIRS,n,2,295.95,4.65,N,0
40.52281,-121.34364,316.98,0.38,0.59,2021-08-31,911,N,VIIRS,n,2,282.33,2.21,N,0
40.52293,-121.46176,318.65,0.39,0.59,2021-08-31,911,N,VIIRS,n,2,285.25,5.04,N,0
40.52293,-121.23407,339.34,0.38,0.59,2021-08-31,911,N,VIIRS,n,2,294.54,4.03,N,0
40.52302,-121.12737,336.65,0.37,0.58,2021-08-31,911,N,VIIRS,n,2,296.36,4.65,N,0
40.52316,-121.23859,338.48,0.38,0.59,2021-08-31,911,N,VIIRS,n,2,295.09,4.45,N,0
40.52328,-121.13255,318.15,0.37,0.58,2021-08-31,911,N,VIIRS,n,2,292.28,2.41,N,0
40.52338,-121.24309,323.72,0.38,0.59,2021-08-31,911,N,VIIRS,n,2,291,4.45,N,0
40.52354,-121.13772,318.42,0.37,0.58,2021-08-31,911,N,VIIRS,n,2,291.33,2.41,N,0
40.52361,-121.24758,323.15,0.38,0.59,2021-08-31,911,N,VIIRS,n,2,289.15,3.06,N,0
40.52373,-121.36253,337.13,0.39,0.59,2021-08-31,911,N,VIIRS,n,2,286.29,3.8,N,0
40.52379,-121.14243,303.09,0.37,0.58,2021-08-31,911,N,VIIRS,n,2,286.07,1.42,N,0
40.52384,-121.25227,340.37,0.38,0.59,2021-08-31,911,N,VIIRS,n,2,290.84,3.06,N,0
40.52396,-121.36726,327.47,0.39,0.59,2021-08-31,911,N,VIIRS,n,2,283.79,3.8,N,0
40.52402,-121.14697,309.88,0.38,0.58,2021-08-31,911,N,VIIRS,n,2,288.1,1.42,N,0
40.52407,-121.25692,332.18,0.38,0.59,2021-08-31,911,N,VIIRS,n,2,288.83,2.72,N,0
40.52417,-121.37166,327.93,0.39,0.59,2021-08-31,911,N,VIIRS,n,2,284.56,3.39,N,0
40.52423,-121.15134,301.62,0.38,0.58,2021-08-31,911,N,VIIRS,n,2,287.73,1.43,N,0
40.5243,-121.26169,302.15,0.38,0.59,2021-08-31,911,N,VIIRS,n,2,283.81,2.72,N,0
40.52438,-121.37593,297.3,0.39,0.59,2021-08-31,911,N,VIIRS,n,2,281.34,3.39,N,0
40.52446,-121.15565,300.78,0.38,0.58,2021-08-31,911,N,VIIRS,n,2,287.44,1.43,N,0
40.52489,-121.16428,323.94,0.38,0.58,2021-08-31,911,N,VIIRS,n,2,290.93,2.23,N,0
40.52511,-121.16859,306.78,0.38,0.58,2021-08-31,911,N,VIIRS,n,2,287.26,3.43,N,0
40.52599,-121.18579,327,0.38,0.59,2021-08-31,911,N,VIIRS,n,2,288.7,3.59,N,0
40.52619,-121.18989,338.26,0.38,0.59,2021-08-31,911,N,VIIRS,n,2,293.75,3.59,N,0
40.5264,-121.19393,329.21,0.38,0.59,2021-08-31,911,N,VIIRS,n,2,293.96,3.75,N,0
40.52661,-121.19807,327.84,0.38,0.59,2021-08-31,911,N,VIIRS,n,2,291.93,3.75,N,0
40.52682,-121.20239,315.18,0.38,0.59,2021-08-31,911,N,VIIRS,n,2,290.43,3.15,N,0
40.52705,-121.20673,310.23,0.38,0.59,2021-08-31,911,N,VIIRS,n,2,289.68,3.15,N,0
40.52713,-121.10129,297.94,0.37,0.58,2021-08-31,911,N,VIIRS,n,2,285.13,1.19,N,0
40.52727,-121.21117,322.48,0.38,0.59,2021-08-31,911,N,VIIRS,n,2,290.23,3.37,N,0
40.52734,-121.10533,330.95,0.37,0.58,2021-08-31,911,N,VIIRS,n,2,288.69,4.99,N,0
40.52749,-121.21565,314.92,0.38,0.59,2021-08-31,911,N,VIIRS,n,2,289.23,3.37,N,0
40.52755,-121.10939,342.8,0.37,0.58,2021-08-31,911,N,VIIRS,n,2,293.34,4.99,N,0
40.52776,-121.11345,345.44,0.37,0.58,2021-08-31,911,N,VIIRS,n,2,295.75,4.16,N,0
40.52781,-121.44756,317.96,0.39,0.59,2021-08-31,911,N,VIIRS,n,2,284.92,1.08,N,0
40.52795,-121.2247,319.04,0.38,0.59,2021-08-31,911,N,VIIRS,n,2,288.72,3.54,N,0
40.52797,-121.11755,333.51,0.37,0.58,2021-08-31,911,N,VIIRS,n,2,294.97,4.16,N,0
40.52804,-121.45238,296.19,0.39,0.59,2021-08-31,911,N,VIIRS,n,2,283.38,1.08,N,0
40.52817,-121.22913,334.08,0.38,0.59,2021-08-31,911,N,VIIRS,n,2,292.18,5.6,N,0
40.52819,-121.12187,332.98,0.37,0.58,2021-08-31,911,N,VIIRS,n,2,295.13,4.65,N,0
40.52834,-121.34382,296.11,0.38,0.59,2021-08-31,911,N,VIIRS,n,2,282.45,2.21,N,0
40.5284,-121.2337,310.6,0.38,0.59,2021-08-31,911,N,VIIRS,n,2,288.46,5.6,N,0
40.52844,-121.12669,323.47,0.37,0.58,2021-08-31,911,N,VIIRS,n,2,293.07,4.65,N,0
40.52856,-121.34835,323.55,0.38,0.59,2021-08-31,911,N,VIIRS,n,2,286.04,2.21,N,0
40.52863,-121.2382,311.26,0.38,0.59,2021-08-31,911,N,VIIRS,n,2,288.35,3.3,N,0
40.52871,-121.13194,312.91,0.37,0.58,2021-08-31,911,N,VIIRS,n,2,291.02,2.41,N,0
40.52885,-121.24265,322.34,0.38,0.59,2021-08-31,911,N,VIIRS,n,2,292.68,3.3,N,0
40.52899,-121.13733,302.28,0.37,0.58,2021-08-31,911,N,VIIRS,n,2,289.52,2.41,N,0
40.52908,-121.24725,314.72,0.38,0.59,2021-08-31,911,N,VIIRS,n,2,289.67,2.69,N,0
40.52925,-121.36268,320.87,0.39,0.59,2021-08-31,911,N,VIIRS,n,2,281.77,3.8,N,0
40.52932,-121.25227,320.1,0.38,0.59,2021-08-31,911,N,VIIRS,n,2,289.07,2.69,N,0
40.52946,-121.14661,303.84,0.38,0.58,2021-08-31,911,N,VIIRS,n,2,285.07,1.42,N,0
40.52947,-121.36713,341.9,0.39,0.59,2021-08-31,911,N,VIIRS,n,2,286.81,3.8,N,0
40.52957,-121.2571,307.19,0.38,0.59,2021-08-31,911,N,VIIRS,n,2,286.33,2.46,N,0
40.52968,-121.151,310.59,0.38,0.58,2021-08-31,911,N,VIIRS,n,2,290.32,1.43,N,0
40.52969,-121.37149,324.43,0.39,0.59,2021-08-31,911,N,VIIRS,n,2,284.64,3.39,N,0
40.52991,-121.1553,313.16,0.38,0.58,2021-08-31,911,N,VIIRS,n,2,291.1,1.43,N,0
40.53012,-121.15958,307.4,0.38,0.58,2021-08-31,911,N,VIIRS,n,2,290.1,2.23,N,0
40.53034,-121.16389,314.01,0.38,0.58,2021-08-31,911,N,VIIRS,n,2,290.5,2.23,N,0
40.53101,-121.17701,312.11,0.38,0.58,2021-08-31,911,N,VIIRS,n,2,286.03,2.77,N,0
40.53123,-121.18126,326.13,0.38,0.58,2021-08-31,911,N,VIIRS,n,2,291.15,2.77,N,0
40.53144,-121.18545,330.39,0.38,0.59,2021-08-31,911,N,VIIRS,n,2,295.08,3.59,N,0
40.53165,-121.18956,316.04,0.38,0.59,2021-08-31,911,N,VIIRS,n,2,292.12,3.59,N,0
40.53186,-121.19367,325.74,0.38,0.59,2021-08-31,911,N,VIIRS,n,2,291.93,3.75,N,0
40.53207,-121.19788,325.16,0.38,0.59,2021-08-31,911,N,VIIRS,n,2,292.12,3.75,N,0
40.5323,-121.20224,321.63,0.38,0.59,2021-08-31,911,N,VIIRS,n,2,290.26,3.15,N,0
40.53251,-121.20663,329.83,0.38,0.59,2021-08-31,911,N,VIIRS,n,2,291.69,3.15,N,0
40.53258,-121.10126,327.52,0.37,0.58,2021-08-31,911,N,VIIRS,n,2,289.53,6.88,N,0
40.53274,-121.211,341.8,0.38,0.59,2021-08-31,911,N,VIIRS,n,2,294.41,3.37,N,0
40.53279,-121.10538,342.75,0.37,0.58,2021-08-31,911,N,VIIRS,n,2,296.12,6.07,N,0
40.53296,-121.21538,309.34,0.38,0.59,2021-08-31,911,N,VIIRS,n,2,287.49,3.37,N,0
40.53301,-121.10957,337.49,0.37,0.58,2021-08-31,911,N,VIIRS,n,2,298.16,6.07,N,0
40.53318,-121.21973,314.52,0.38,0.59,2021-08-31,911,N,VIIRS,n,2,287.37,3.54,N,0
40.53323,-121.11373,330.91,0.37,0.58,2021-08-31,911,N,VIIRS,n,2,295.35,4.24,N,0
40.53339,-121.22389,340.78,0.38,0.59,2021-08-31,911,N,VIIRS,n,2,291.8,3.54,N,0
40.53344,-121.11794,329.91,0.37,0.58,2021-08-31,911,N,VIIRS,n,2,296.19,4.24,N,0
40.5336,-121.22806,318.56,0.38,0.59,2021-08-31,911,N,VIIRS,n,2,288.14,5.6,N,0
40.53367,-121.12233,327.53,0.37,0.58,2021-08-31,911,N,VIIRS,n,2,294.49,3.08,N,0
40.53382,-121.23243,367,0.38,0.59,2021-08-31,911,N,VIIRS,h,2,299.39,5.6,N,0
40.53391,-121.127,325.65,0.37,0.58,2021-08-31,911,N,VIIRS,n,2,293.32,3.08,N,0
40.53405,-121.23705,313.56,0.38,0.59,2021-08-31,911,N,VIIRS,n,2,291.82,3.3,N,0
40.53416,-121.1319,313.73,0.37,0.58,2021-08-31,911,N,VIIRS,n,2,290.12,2.9,N,0
40.5343,-121.24187,319.02,0.38,0.59,2021-08-31,911,N,VIIRS,n,2,290.02,3.3,N,0
40.53454,-121.3579,298.01,0.38,0.59,2021-08-31,911,N,VIIRS,n,2,278.94,0.8,N,0
40.53455,-121.24686,315.73,0.38,0.59,2021-08-31,911,N,VIIRS,n,2,289.78,2.69,N,0
40.53477,-121.3625,319.93,0.39,0.59,2021-08-31,911,N,VIIRS,n,2,282.13,3.87,N,0
40.5349,-121.14622,315.35,0.38,0.58,2021-08-31,911,N,VIIRS,n,2,289.63,2.36,N,0
40.53498,-121.36691,355.04,0.39,0.59,2021-08-31,911,N,VIIRS,n,2,287.13,3.87,N,0
40.53513,-121.15064,310.35,0.38,0.58,2021-08-31,911,N,VIIRS,n,2,291.71,2.16,N,0
40.5352,-121.37125,299.24,0.39,0.59,2021-08-31,911,N,VIIRS,n,2,281.27,3.86,N,0
40.53535,-121.15498,307.78,0.38,0.58,2021-08-31,911,N,VIIRS,n,2,290.72,2.16,N,0
40.53558,-121.15929,305.64,0.38,0.58,2021-08-31,911,N,VIIRS,n,2,290.57,1.37,N,0
40.5358,-121.16365,309.15,0.38,0.58,2021-08-31,911,N,VIIRS,n,2,289.58,1.37,N,0
40.53602,-121.16804,296.96,0.38,0.58,2021-08-31,911,N,VIIRS,n,2,286.26,1.99,N,0
40.53625,-121.17242,323.69,0.38,0.58,2021-08-31,911,N,VIIRS,n,2,287.46,1.99,N,0
40.53647,-121.17679,323.66,0.38,0.58,2021-08-31,911,N,VIIRS,n,2,292.84,3.32,N,0
40.53669,-121.181,324.3,0.38,0.58,2021-08-31,911,N,VIIRS,n,2,293.03,3.32,N,0
40.5369,-121.18515,319.47,0.38,0.59,2021-08-31,911,N,VIIRS,n,2,292.15,3.35,N,0
40.53711,-121.18929,327.58,0.38,0.59,2021-08-31,911,N,VIIRS,n,2,294.14,3.35,N,0
40.53733,-121.1935,329.24,0.38,0.59,2021-08-31,911,N,VIIRS,n,2,293.13,5.01,N,0
40.53754,-121.19781,335.94,0.38,0.59,2021-08-31,911,N,VIIRS,n,2,294.43,5.01,N,0
40.53757,-121.09253,296.55,0.37,0.58,2021-08-31,911,N,VIIRS,n,2,283.01,3.13,N,0
40.53777,-121.20226,340.7,0.38,0.59,2021-08-31,911,N,VIIRS,n,2,294.35,6.05,N,0
40.5378,-121.09689,367,0.37,0.58,2021-08-31,911,N,VIIRS,h,2,292.3,6.88,N,0
40.53799,-121.20665,334.05,0.38,0.59,2021-08-31,911,N,VIIRS,n,2,293.42,6.05,N,0
40.53802,-121.10113,347.49,0.37,0.58,2021-08-31,911,N,VIIRS,n,2,298.87,6.88,N,0
40.53822,-121.21091,317.59,0.38,0.59,2021-08-31,911,N,VIIRS,n,2,288.46,6.53,N,0
40.53825,-121.10538,336.76,0.37,0.58,2021-08-31,911,N,VIIRS,n,2,297.93,6.07,N,0
40.53847,-121.1097,338.83,0.37,0.58,2021-08-31,911,N,VIIRS,n,2,298.38,6.07,N,0
40.5387,-121.11404,321.45,0.37,0.58,2021-08-31,911,N,VIIRS,n,2,294.24,4.24,N,0
40.53884,-121.22329,333.39,0.38,0.59,2021-08-31,911,N,VIIRS,n,2,288.78,26.57,N,0
40.53893,-121.11843,320.08,0.37,0.58,2021-08-31,911,N,VIIRS,n,2,292.94,4.24,N,0
40.53904,-121.22717,335.63,0.38,0.59,2021-08-31,911,N,VIIRS,n,2,301.53,51.29,N,0
40.53916,-121.12287,328.13,0.37,0.58,2021-08-31,911,N,VIIRS,n,2,294.29,3.08,N,0
40.53925,-121.23136,367,0.38,0.59,2021-08-31,911,N,VIIRS,h,2,299.01,51.29,N,0
40.53936,-121.34343,307.44,0.38,0.59,2021-08-31,911,N,VIIRS,n,2,281.29,2.09,N,0
40.53939,-121.12734,299.57,0.37,0.58,2021-08-31,911,N,VIIRS,n,2,288.75,3.08,N,0
40.53949,-121.23598,326.87,0.38,0.59,2021-08-31,911,N,VIIRS,n,2,288.82,15.04,N,0
40.53986,-121.13651,317.23,0.37,0.58,2021-08-31,911,N,VIIRS,n,2,289.17,2.9,N,0
40.5401,-121.14112,310.02,0.37,0.58,2021-08-31,911,N,VIIRS,n,2,286.44,2.36,N,0
40.54034,-121.14568,324.56,0.38,0.58,2021-08-31,911,N,VIIRS,n,2,291.54,2.36,N,0
40.54057,-121.15011,316.86,0.38,0.58,2021-08-31,911,N,VIIRS,n,2,291.68,2.16,N,0
40.54079,-121.15448,312.89,0.38,0.58,2021-08-31,911,N,VIIRS,n,2,291.91,2.16,N,0
40.54102,-121.15885,309.92,0.38,0.58,2021-08-31,911,N,VIIRS,n,2,290.17,1.37,N,0
40.54124,-121.16322,297.93,0.38,0.58,2021-08-31,911,N,VIIRS,n,2,287.57,1.37,N,0
40.54147,-121.16763,307.48,0.38,0.58,2021-08-31,911,N,VIIRS,n,2,289.75,1.99,N,0
40.54169,-121.172,325.81,0.38,0.58,2021-08-31,911,N,VIIRS,n,2,292.84,1.99,N,0
40.54192,-121.17632,323.14,0.38,0.58,2021-08-31,911,N,VIIRS,n,2,292.76,3.32,N,0
40.54208,-121.07452,299.67,0.37,0.58,2021-08-31,911,N,VIIRS,n,2,286.55,1.35,N,0
40.54213,-121.18055,321.24,0.38,0.58,2021-08-31,911,N,VIIRS,n,2,292.37,3.32,N,0
40.54235,-121.1847,322.93,0.38,0.59,2021-08-31,911,N,VIIRS,n,2,292.56,3.35,N,0
40.54256,-121.1889,323.37,0.38,0.59,2021-08-31,911,N,VIIRS,n,2,293.3,3.35,N,0
40.54278,-121.19318,330.87,0.38,0.59,2021-08-31,911,N,VIIRS,n,2,294.55,5.01,N,0
40.54301,-121.19757,341.94,0.38,0.59,2021-08-31,911,N,VIIRS,n,2,295.18,5.01,N,0
40.54301,-121.09226,296.72,0.37,0.58,2021-08-31,911,N,VIIRS,n,2,286.18,2.12,N,0
40.54324,-121.202,335.49,0.38,0.59,2021-08-31,911,N,VIIRS,n,2,291.42,6.05,N,0
40.54324,-121.09663,367,0.37,0.58,2021-08-31,911,N,VIIRS,h,2,296.27,8.85,N,0
40.54346,-121.10088,367,0.37,0.58,2021-08-31,911,N,VIIRS,h,2,299.63,8.85,N,0
40.54369,-121.10514,351.74,0.37,0.58,2021-08-31,911,N,VIIRS,n,2,302.71,11.48,N,0
40.54391,-121.10947,353.23,0.37,0.58,2021-08-31,911,N,VIIRS,n,2,297.85,11.48,N,0
40.54412,-121.21915,300.5,0.38,0.59,2021-08-31,911,N,VIIRS,n,2,287.04,26.57,N,0
40.54414,-121.11392,341.25,0.37,0.58,2021-08-31,911,N,VIIRS,n,2,297.18,5.61,N,0
40.54432,-121.22308,325.44,0.38,0.59,2021-08-31,911,N,VIIRS,n,2,308.53,26.57,N,0
40.54436,-121.33324,300.71,0.38,0.59,2021-08-31,911,N,VIIRS,n,2,283.18,2.32,N,0
40.54438,-121.11848,331.41,0.37,0.58,2021-08-31,911,N,VIIRS,n,2,293.56,5.61,N,0
40.54451,-121.22687,331.36,0.38,0.59,2021-08-31,911,N,VIIRS,n,2,317.18,51.29,N,0
40.54458,-121.33762,321.06,0.38,0.59,2021-08-31,911,N,VIIRS,n,2,284.73,2.32,N,0
40.54462,-121.12301,302.07,0.37,0.58,2021-08-31,911,N,VIIRS,n,2,287.99,2.61,N,0
40.54472,-121.23094,367,0.38,0.59,2021-08-31,911,N,VIIRS,h,2,301.93,51.29,N,0
40.5448,-121.34206,328.36,0.38,0.59,2021-08-31,911,N,VIIRS,n,2,287.4,3.54,N,0
40.54495,-121.23549,307.26,0.38,0.59,2021-08-31,911,N,VIIRS,n,2,286.45,15.04,N,0
40.54503,-121.34667,353.63,0.38,0.59,2021-08-31,911,N,VIIRS,n,2,287.92,3.54,N,0
40.54531,-121.13619,314.16,0.37,0.58,2021-08-31,911,N,VIIRS,n,2,288.3,1.09,N,0
40.54553,-121.14056,309.98,0.37,0.58,2021-08-31,911,N,VIIRS,n,2,288.71,3.44,N,0
40.54576,-121.14497,330.81,0.38,0.58,2021-08-31,911,N,VIIRS,n,2,291.69,3.44,N,0
40.54599,-121.1494,331.05,0.38,0.58,2021-08-31,911,N,VIIRS,n,2,295.35,3.11,N,0
40.54622,-121.15379,331.73,0.38,0.58,2021-08-31,911,N,VIIRS,n,2,294.15,3.11,N,0
40.54645,-121.1582,303.37,0.38,0.58,2021-08-31,911,N,VIIRS,n,2,288.91,3.47,N,0
40.54668,-121.16265,318.58,0.38,0.58,2021-08-31,911,N,VIIRS,n,2,289.83,3.47,N,0
40.54691,-121.16704,304.02,0.38,0.58,2021-08-31,911,N,VIIRS,n,2,289.27,2.72,N,0
40.54713,-121.17142,309.83,0.38,0.58,2021-08-31,911,N,VIIRS,n,2,291.29,2.72,N,0
40.54736,-121.17578,319.32,0.38,0.58,2021-08-31,911,N,VIIRS,n,2,293.19,2.9,N,0
40.54758,-121.18004,325.35,0.38,0.58,2021-08-31,911,N,VIIRS,n,2,295.02,2.9,N,0
40.54779,-121.18418,332.83,0.38,0.59,2021-08-31,911,N,VIIRS,n,2,296.7,3.51,N,0
40.54801,-121.1884,334.38,0.38,0.59,2021-08-31,911,N,VIIRS,n,2,295.36,3.51,N,0
40.54824,-121.19275,320.83,0.38,0.59,2021-08-31,911,N,VIIRS,n,2,290.64,2.74,N,0
40.5489,-121.10072,332.05,0.37,0.58,2021-08-31,911,N,VIIRS,n,2,291.7,8.85,N,0
40.54913,-121.10507,367,0.37,0.58,2021-08-31,911,N,VIIRS,h,2,300.76,11.48,N,0
40.54936,-121.21458,325.53,0.38,0.59,2021-08-31,911,N,VIIRS,n,2,288.31,2.28,N,0
40.54937,-121.10947,367,0.37,0.58,2021-08-31,911,N,VIIRS,h,2,295.66,11.48,N,0
40.54958,-121.32726,318.27,0.38,0.59,2021-08-31,911,N,VIIRS,n,2,283.86,1.97,N,0
40.5496,-121.11394,299.39,0.37,0.58,2021-08-31,911,N,VIIRS,n,2,287.74,5.61,N,0
40.54979,-121.33138,328.43,0.38,0.59,2021-08-31,911,N,VIIRS,n,2,286.72,2.32,N,0
40.54999,-121.33549,312.83,0.38,0.59,2021-08-31,911,N,VIIRS,n,2,286.87,2.32,N,0
40.55021,-121.33976,321.75,0.38,0.59,2021-08-31,911,N,VIIRS,n,2,287.79,3.54,N,0
40.55044,-121.34431,304.34,0.38,0.59,2021-08-31,911,N,VIIRS,n,2,286.33,3.54,N,0
40.55045,-121.23585,316.75,0.38,0.59,2021-08-31,911,N,VIIRS,n,2,287.53,1.13,N,0
40.5507,-121.24083,308.15,0.38,0.59,2021-08-31,911,N,VIIRS,n,2,286.34,1.13,N,0
40.55073,-121.13552,300.05,0.37,0.58,2021-08-31,911,N,VIIRS,n,2,288.59,1.09,N,0
40.55097,-121.24598,298.94,0.38,0.59,2021-08-31,911,N,VIIRS,n,2,285.91,1.55,N,0
40.5514,-121.14839,315.83,0.38,0.58,2021-08-31,911,N,VIIRS,n,2,289.74,3.11,N,0
40.55163,-121.15278,305.03,0.38,0.58,2021-08-31,911,N,VIIRS,n,2,288.86,3.11,N,0
40.55186,-121.15721,332.61,0.38,0.58,2021-08-31,911,N,VIIRS,n,2,291.5,3.47,N,0
40.5521,-121.16171,340.12,0.38,0.58,2021-08-31,911,N,VIIRS,n,2,296.28,3.47,N,0
40.55233,-121.16619,316.64,0.38,0.58,2021-08-31,911,N,VIIRS,n,2,291.02,2.72,N,0
40.55256,-121.17067,328.87,0.38,0.58,2021-08-31,911,N,VIIRS,n,2,291.44,2.72,N,0
40.5528,-121.17516,314.3,0.38,0.58,2021-08-31,911,N,VIIRS,n,2,291.6,2.9,N,0
40.55302,-121.1795,313.95,0.38,0.58,2021-08-31,911,N,VIIRS,n,2,292.39,2.9,N,0
40.55324,-121.18365,315.4,0.38,0.59,2021-08-31,911,N,VIIRS,n,2,291.87,3.51,N,0
40.55346,-121.18783,315.06,0.38,0.59,2021-08-31,911,N,VIIRS,n,2,291.97,3.51,N,0
40.55368,-121.1922,312.84,0.38,0.59,2021-08-31,911,N,VIIRS,n,2,290.6,2.74,N,0
40.55392,-121.19671,307.93,0.38,0.59,2021-08-31,911,N,VIIRS,n,2,288.26,2.74,N,0
40.55415,-121.20122,308.89,0.38,0.59,2021-08-31,911,N,VIIRS,n,2,288.83,1.48,N,0
40.55438,-121.20552,303.91,0.38,0.59,2021-08-31,911,N,VIIRS,n,2,288.1,1.48,N,0
40.55459,-121.20966,303.74,0.38,0.59,2021-08-31,911,N,VIIRS,n,2,289.1,2.28,N,0
40.55481,-121.21396,332.01,0.38,0.59,2021-08-31,911,N,VIIRS,n,2,292.02,2.28,N,0
40.55505,-121.21851,301.15,0.38,0.59,2021-08-31,911,N,VIIRS,n,2,287.3,4.29,N,0
40.5554,-121.33339,298.04,0.38,0.59,2021-08-31,911,N,VIIRS,n,2,285.67,0.71,N,0
40.5562,-121.24094,303.02,0.38,0.59,2021-08-31,911,N,VIIRS,n,2,285.95,1.13,N,0
40.55697,-121.25593,296.96,0.38,0.59,2021-08-31,911,N,VIIRS,n,2,284.76,0.98,N,0
40.55751,-121.16066,310.18,0.38,0.58,2021-08-31,911,N,VIIRS,n,2,289.03,1.25,N,0
40.55775,-121.16519,313.41,0.38,0.58,2021-08-31,911,N,VIIRS,n,2,289.48,2.75,N,0
40.55799,-121.16981,323.46,0.38,0.58,2021-08-31,911,N,VIIRS,n,2,291.88,2.75,N,0
40.55824,-121.17444,310.23,0.38,0.58,2021-08-31,911,N,VIIRS,n,2,290.13,2.28,N,0
40.55847,-121.17896,313.11,0.38,0.58,2021-08-31,911,N,VIIRS,n,2,292.17,2.28,N,0
40.5587,-121.1833,316.97,0.38,0.59,2021-08-31,911,N,VIIRS,n,2,292.57,1.94,N,0
40.55892,-121.18757,307.59,0.38,0.59,2021-08-31,911,N,VIIRS,n,2,289.77,1.94,N,0
40.56066,-121.32824,296.96,0.38,0.59,2021-08-31,911,N,VIIRS,n,2,285.21,0.71,N,0
40.56072,-121.22222,304.71,0.38,0.59,2021-08-31,911,N,VIIRS,n,2,287.58,1.66,N,0
40.56167,-121.24048,309.49,0.38,0.59,2021-08-31,911,N,VIIRS,n,2,287.48,2.06,N,0
40.5627,-121.1553,304.83,0.38,0.58,2021-08-31,911,N,VIIRS,n,2,286.8,1.25,N,0
40.56293,-121.15966,307.19,0.38,0.58,2021-08-31,911,N,VIIRS,n,2,288.09,1.25,N,0
40.5664,-121.22597,302.85,0.38,0.59,2021-08-31,911,N,VIIRS,n,2,287.72,1.46,N,0
40.56744,-121.2458,305.92,0.38,0.59,2021-08-31,911,N,VIIRS,n,2,287.99,1.36,N,0
40.5677,-121.25101,299.08,0.38,0.59,2021-08-31,911,N,VIIRS,n,2,286.79,1.36,N,0
40.56796,-121.25588,305.24,0.38,0.59,2021-08-31,911,N,VIIRS,n,2,287.51,1.65,N,0
40.56813,-121.15474,304.66,0.38,0.58,2021-08-31,911,N,VIIRS,n,2,286.45,1.05,N,0
40.5682,-121.26065,318.56,0.38,0.59,2021-08-31,911,N,VIIRS,n,2,287.5,1.65,N,0
40.56836,-121.15906,309.36,0.38,0.58,2021-08-31,911,N,VIIRS,n,2,287.64,1.05,N,0
40.57142,-121.32309,308.96,0.38,0.59,2021-08-31,911,N,VIIRS,n,2,285.64,1.38,N,0
40.57161,-121.32677,296.37,0.38,0.59,2021-08-31,911,N,VIIRS,n,2,284,1.54,N,0
40.57199,-121.33411,304.21,0.38,0.59,2021-08-31,911,N,VIIRS,n,2,284.11,0.87,N,0
40.57675,-121.3194,318.11,0.38,0.59,2021-08-31,911,N,VIIRS,n,2,286.55,3.3,N,0
40.57694,-121.32308,324.52,0.38,0.59,2021-08-31,911,N,VIIRS,n,2,287.85,3.3,N,0
40.57713,-121.32674,332.74,0.38,0.59,2021-08-31,911,N,VIIRS,n,2,290.84,3.93,N,0
40.57731,-121.33043,326.06,0.38,0.59,2021-08-31,911,N,VIIRS,n,2,288.05,3.93,N,0
40.5775,-121.33413,321.85,0.38,0.59,2021-08-31,911,N,VIIRS,n,2,286.61,2.69,N,0
40.57868,-121.35692,296.66,0.39,0.59,2021-08-31,911,N,VIIRS,n,2,284.17,1.53,N,0
40.57898,-121.36285,320.14,0.39,0.59,2021-08-31,911,N,VIIRS,n,2,286.24,2.38,N,0
40.57949,-121.37287,314.95,0.39,0.59,2021-08-31,911,N,VIIRS,n,2,285.02,1.3,N,0
40.58226,-121.31951,337.68,0.38,0.59,2021-08-31,911,N,VIIRS,n,2,292.08,3.3,N,0
40.58246,-121.32334,327.44,0.38,0.59,2021-08-31,911,N,VIIRS,n,2,290.69,3.3,N,0
40.58249,-121.3182,313.47,0.38,0.59,2021-08-31,911,N,VIIRS,n,2,288.26,2.93,N,0
40.58266,-121.32713,328.46,0.38,0.59,2021-08-31,911,N,VIIRS,n,2,291.51,3.93,N,0
40.58267,-121.32207,332.53,0.38,0.59,2021-08-31,911,N,VIIRS,n,2,291.82,3.23,N,0
40.58285,-121.33091,326.52,0.38,0.59,2021-08-31,911,N,VIIRS,n,2,289.3,3.93,N,0
40.58285,-121.32585,327.86,0.38,0.59,2021-08-31,911,N,VIIRS,n,2,291.02,3.23,N,0
40.58302,-121.32964,325.88,0.38,0.59,2021-08-31,911,N,VIIRS,n,2,290.17,2.58,N,0
40.58305,-121.33473,316.32,0.38,0.59,2021-08-31,911,N,VIIRS,n,2,287.67,2.69,N,0
40.5832,-121.33344,320.05,0.38,0.59,2021-08-31,911,N,VIIRS,n,2,288.5,2.58,N,0
40.58326,-121.33874,307.54,0.38,0.59,2021-08-31,911,N,VIIRS,n,2,286.64,2.69,N,0
40.58339,-121.33739,319.34,0.38,0.59,2021-08-31,911,N,VIIRS,n,2,288,1.37,N,0
40.58348,-121.34303,296.17,0.38,0.59,2021-08-31,911,N,VIIRS,n,2,285.26,1.7,N,0
40.58358,-121.34161,300.04,0.38,0.59,2021-08-31,911,N,VIIRS,n,2,285.73,1.37,N,0
40.58379,-121.34608,296.57,0.39,0.59,2021-08-31,911,N,VIIRS,n,2,285.65,0.85,N,0
40.58399,-121.35279,313.88,0.39,0.59,2021-08-31,911,N,VIIRS,n,2,286.31,1.53,N,0
40.58402,-121.3511,298.51,0.39,0.59,2021-08-31,911,N,VIIRS,n,2,285.78,0.85,N,0
40.58426,-121.35642,317.11,0.39,0.59,2021-08-31,911,N,VIIRS,n,2,287.33,1.25,N,0
40.58427,-121.3582,320.39,0.39,0.59,2021-08-31,911,N,VIIRS,n,2,289.04,1.53,N,0
40.5845,-121.36171,315.65,0.39,0.59,2021-08-31,911,N,VIIRS,n,2,288.69,1.25,N,0
40.58453,-121.3633,305,0.39,0.59,2021-08-31,911,N,VIIRS,n,2,287.18,2.38,N,0
40.58471,-121.36637,296.04,0.39,0.59,2021-08-31,911,N,VIIRS,n,2,284.96,0.71,N,0
40.58517,-121.37579,303.85,0.39,0.59,2021-08-31,911,N,VIIRS,n,2,283.98,1.3,N,0
40.58527,-121.37851,298.66,0.39,0.59,2021-08-31,911,N,VIIRS,n,2,283.19,0.48,N,0
40.588,-121.32378,303.1,0.38,0.59,2021-08-31,911,N,VIIRS,n,2,287.67,1.8,N,0
40.58821,-121.32772,331.23,0.38,0.59,2021-08-31,911,N,VIIRS,n,2,289.6,2.52,N,0
40.58838,-121.32639,311.69,0.38,0.59,2021-08-31,911,N,VIIRS,n,2,288.07,3.23,N,0
40.58841,-121.33169,305.55,0.38,0.59,2021-08-31,911,N,VIIRS,n,2,287.77,2.52,N,0
40.58857,-121.33033,320.33,0.38,0.59,2021-08-31,911,N,VIIRS,n,2,289.23,2.58,N,0
40.58862,-121.3357,310.41,0.38,0.59,2021-08-31,911,N,VIIRS,n,2,288.32,1.7,N,0
40.58876,-121.33435,303.2,0.38,0.59,2021-08-31,911,N,VIIRS,n,2,288.32,2.58,N,0
40.58884,-121.33994,306.4,0.38,0.59,2021-08-31,911,N,VIIRS,n,2,287,1.7,N,0
40.58895,-121.33852,313.8,0.38,0.59,2021-08-31,911,N,VIIRS,n,2,288.23,1.37,N,0
40.58908,-121.34448,299.18,0.38,0.59,2021-08-31,911,N,VIIRS,n,2,286.35,2.14,N,0
40.58916,-121.34296,303.99,0.38,0.59,2021-08-31,911,N,VIIRS,n,2,287.46,1.37,N,0
40.58937,-121.34764,298.3,0.39,0.59,2021-08-31,911,N,VIIRS,n,2,286.56,0.85,N,0
40.58958,-121.35419,297.47,0.39,0.59,2021-08-31,911,N,VIIRS,n,2,286.19,1,N,0
40.58982,-121.35739,297.16,0.39,0.59,2021-08-31,911,N,VIIRS,n,2,286.3,1.25,N,0
40.59076,-121.37753,298.03,0.39,0.59,2021-08-31,911,N,VIIRS,n,2,284.32,0.48,N,0
40.59087,-121.37899,299.08,0.39,0.59,2021-08-31,911,N,VIIRS,n,2,285.03,0.61,N,0
40.5942,-121.33677,320.59,0.38,0.59,2021-08-31,911,N,VIIRS,n,2,289.01,1.7,N,0
40.59431,-121.3353,308.66,0.38,0.59,2021-08-31,911,N,VIIRS,n,2,288.53,2.26,N,0
40.59452,-121.33968,308.16,0.38,0.59,2021-08-31,911,N,VIIRS,n,2,287.43,2.56,N,0
40.6,-121.34229,346.92,0.38,0.59,2021-08-31,911,N,VIIRS,n,2,291.67,5.54,N,0
40.60009,-121.34074,324.39,0.38,0.59,2021-08-31,911,N,VIIRS,n,2,289.46,2.56,N,0
40.60029,-121.34522,324.78,0.38,0.59,2021-08-31,911,N,VIIRS,n,2,288.74,2.56,N,0
40.60241,-121.39057,296.75,0.39,0.59,2021-08-31,911,N,VIIRS,n,2,286.42,0.48,N,0
40.60268,-121.39342,300.99,0.39,0.59,2021-08-31,911,N,VIIRS,n,2,285.68,2.61,N,0
40.6067,-121.36451,302.44,0.39,0.59,2021-08-31,911,N,VIIRS,n,2,285.15,1.26,N,0
40.60685,-121.36715,320.89,0.39,0.59,2021-08-31,911,N,VIIRS,n,2,285.86,1.41,N,0
40.60691,-121.36855,313.1,0.39,0.59,2021-08-31,911,N,VIIRS,n,2,285.79,1.26,N,0
40.60725,-121.37576,302.65,0.39,0.59,2021-08-31,911,N,VIIRS,n,2,286.41,1.28,N,0
40.60737,-121.3774,323.25,0.39,0.59,2021-08-31,911,N,VIIRS,n,2,287.17,2.73,N,0
40.60748,-121.38063,316.01,0.39,0.59,2021-08-31,911,N,VIIRS,n,2,286.05,1.28,N,0
40.60764,-121.38248,298.86,0.39,0.59,2021-08-31,911,N,VIIRS,n,2,285.04,1.8,N,0
40.60773,-121.38615,298.19,0.39,0.59,2021-08-31,911,N,VIIRS,n,2,285.41,1.8,N,0
40.60795,-121.38836,305.12,0.39,0.59,2021-08-31,911,N,VIIRS,n,2,286.35,1.8,N,0
40.60805,-121.39294,321.49,0.39,0.59,2021-08-31,911,N,VIIRS,n,2,287.04,1.8,N,0
40.60833,-121.39555,337.74,0.39,0.59,2021-08-31,911,N,VIIRS,n,2,288.05,2.61,N,0
40.60839,-121.40045,318.1,0.39,0.59,2021-08-31,911,N,VIIRS,n,2,286.76,3.42,N,0
40.61241,-121.36802,300.92,0.39,0.59,2021-08-31,911,N,VIIRS,n,2,284.41,1.41,N,0
39.6204,-119.26487,300.63,0.58,0.52,2021-08-31,912,N,VIIRS,n,2,287.44,1.62,N,2
39.91607,-120.65839,313.5,0.35,0.57,2021-08-31,912,N,VIIRS,n,2,287.86,7.71,N,0
39.91633,-120.66278,367,0.35,0.57,2021-08-31,912,N,VIIRS,h,2,291.05,11.3,N,0
39.91658,-120.66702,326.8,0.35,0.57,2021-08-31,912,N,VIIRS,n,2,289,11.3,N,0
39.91684,-120.67122,302.49,0.35,0.57,2021-08-31,912,N,VIIRS,n,2,287.96,2.28,N,0
39.92051,-120.65596,325.96,0.35,0.57,2021-08-31,912,N,VIIRS,n,2,290.72,22.1,N,0
39.92073,-120.66003,367,0.35,0.57,2021-08-31,912,N,VIIRS,h,2,315.74,22.1,N,0
39.92094,-120.66396,367,0.35,0.57,2021-08-31,912,N,VIIRS,h,2,308.96,23.62,N,0
39.92111,-120.65409,314,0.35,0.57,2021-08-31,912,N,VIIRS,n,2,289.52,17.91,N,0
39.92115,-120.66774,356.4,0.35,0.57,2021-08-31,912,N,VIIRS,n,2,305,23.62,N,0
39.92135,-120.65813,340.85,0.35,0.57,2021-08-31,912,N,VIIRS,n,2,302.54,17.91,N,0
39.92137,-120.67177,342.39,0.35,0.57,2021-08-31,912,N,VIIRS,n,2,297.84,3.41,N,0
39.92159,-120.66208,367,0.35,0.57,2021-08-31,912,N,VIIRS,h,2,321.95,26.04,N,0
39.9216,-120.67621,307.04,0.35,0.57,2021-08-31,912,N,VIIRS,n,2,288.99,3.41,N,0
39.92182,-120.66592,351.44,0.35,0.57,2021-08-31,912,N,VIIRS,n,2,303.68,26.04,N,0
39.92184,-120.68062,314.99,0.35,0.57,2021-08-31,912,N,VIIRS,n,2,290.81,1.83,N,0
39.92205,-120.66976,351.35,0.35,0.57,2021-08-31,912,N,VIIRS,n,2,302.29,4.15,N,0
39.92208,-120.68514,317.4,0.35,0.57,2021-08-31,912,N,VIIRS,n,2,291.21,1.83,N,0
39.9223,-120.674,322.45,0.35,0.57,2021-08-31,912,N,VIIRS,n,2,291.65,4.15,N,0
39.92258,-120.67847,314.84,0.35,0.57,2021-08-31,912,N,VIIRS,n,2,289.83,2.06,N,0
39.92284,-120.6829,324.68,0.35,0.57,2021-08-31,912,N,VIIRS,n,2,293.38,2.06,N,0
39.9231,-120.68722,309.48,0.35,0.57,2021-08-31,912,N,VIIRS,n,2,289.73,1.7,N,0
39.92334,-120.69135,303.02,0.35,0.57,2021-08-31,912,N,VIIRS,n,2,287.8,1.7,N,0
39.92518,-120.64465,313.96,0.35,0.57,2021-08-31,912,N,VIIRS,n,2,289.52,3.72,N,0
39.9254,-120.64863,351.28,0.35,0.57,2021-08-31,912,N,VIIRS,n,2,295.34,8.37,N,0
39.92562,-120.65268,350.46,0.35,0.57,2021-08-31,912,N,VIIRS,n,2,300.57,8.37,N,0
39.92574,-120.64301,307.03,0.35,0.57,2021-08-31,912,N,VIIRS,n,2,289.48,2.5,N,0
39.92584,-120.6567,349.57,0.35,0.57,2021-08-31,912,N,VIIRS,n,2,302.78,22.1,N,0
39.92597,-120.64687,346.3,0.35,0.57,2021-08-31,912,N,VIIRS,n,2,292.83,8.31,N,0
39.92606,-120.66062,341.31,0.35,0.57,2021-08-31,912,N,VIIRS,n,2,300.8,22.1,N,0
39.92621,-120.65089,367,0.35,0.57,2021-08-31,912,N,VIIRS,h,2,302.64,8.31,N,0
39.92626,-120.66432,336.18,0.35,0.57,2021-08-31,912,N,VIIRS,n,2,299.53,23.62,N,0
39.92646,-120.66801,323.04,0.35,0.57,2021-08-31,912,N,VIIRS,n,2,293.2,23.62,N,0
39.92646,-120.65494,348.76,0.35,0.57,2021-08-31,912,N,VIIRS,n,2,301.37,17.91,N,0
39.92668,-120.67196,317.08,0.35,0.57,2021-08-31,912,N,VIIRS,n,2,290.96,3.41,N,0
39.92669,-120.65888,341.23,0.35,0.57,2021-08-31,912,N,VIIRS,n,2,300.91,17.91,N,0
39.92692,-120.67647,312.85,0.35,0.57,2021-08-31,912,N,VIIRS,n,2,290.12,3.41,N,0
39.92693,-120.66268,333.63,0.35,0.57,2021-08-31,912,N,VIIRS,n,2,298.64,26.04,N,0
39.92714,-120.66631,329.99,0.35,0.57,2021-08-31,912,N,VIIRS,n,2,296.05,26.04,N,0
39.92715,-120.68085,315.02,0.35,0.57,2021-08-31,912,N,VIIRS,n,2,292.56,1.83,N,0
39.92737,-120.68477,317.04,0.35,0.57,2021-08-31,912,N,VIIRS,n,2,292.18,1.83,N,0
39.92737,-120.67006,318.57,0.35,0.57,2021-08-31,912,N,VIIRS,n,2,290.65,4.15,N,0
39.92758,-120.68857,316.79,0.35,0.57,2021-08-31,912,N,VIIRS,n,2,293.34,2.9,N,0
39.92763,-120.67438,308.45,0.35,0.57,2021-08-31,912,N,VIIRS,n,2,288.83,4.15,N,0
39.92779,-120.69246,323.09,0.35,0.57,2021-08-31,912,N,VIIRS,n,2,296.26,2.9,N,0
39.9279,-120.67884,315.09,0.35,0.57,2021-08-31,912,N,VIIRS,n,2,292.46,2.06,N,0
39.92801,-120.69655,306.49,0.35,0.57,2021-08-31,912,N,VIIRS,n,2,289.87,1.92,N,0
39.92815,-120.68294,313.59,0.35,0.57,2021-08-31,912,N,VIIRS,n,2,291.8,2.06,N,0
39.92838,-120.68674,314.81,0.35,0.57,2021-08-31,912,N,VIIRS,n,2,292.99,1.7,N,0
39.9286,-120.69047,318.47,0.35,0.57,2021-08-31,912,N,VIIRS,n,2,295.02,1.7,N,0
39.92884,-120.69439,312.65,0.35,0.57,2021-08-31,912,N,VIIRS,n,2,291.45,1.62,N,0
39.9291,-120.69883,302.31,0.35,0.57,2021-08-31,912,N,VIIRS,n,2,289.43,1.62,N,0
39.93031,-120.64172,339.87,0.35,0.57,2021-08-31,912,N,VIIRS,n,2,292.94,5.38,N,0
39.93052,-120.64557,367,0.35,0.57,2021-08-31,912,N,VIIRS,h,2,301.91,5.38,N,0
39.93061,-120.63615,301.24,0.35,0.57,2021-08-31,912,N,VIIRS,n,2,287.62,2.03,N,0
39.93074,-120.64954,355.87,0.35,0.57,2021-08-31,912,N,VIIRS,n,2,304.04,4.79,N,0
39.93085,-120.63998,331,0.35,0.57,2021-08-31,912,N,VIIRS,n,2,291.01,4.78,N,0
39.93096,-120.65359,323.37,0.35,0.57,2021-08-31,912,N,VIIRS,n,2,295.87,4.79,N,0
39.93108,-120.64383,367,0.35,0.57,2021-08-31,912,N,VIIRS,h,2,299.45,4.78,N,0
39.93118,-120.65755,325.51,0.35,0.57,2021-08-31,912,N,VIIRS,n,2,296.37,2.58,N,0
39.93132,-120.64778,367,0.35,0.57,2021-08-31,912,N,VIIRS,h,2,302.99,4.84,N,0
39.93139,-120.6614,322.47,0.35,0.57,2021-08-31,912,N,VIIRS,n,2,295.29,2.58,N,0
39.93156,-120.65181,328.31,0.35,0.57,2021-08-31,912,N,VIIRS,n,2,297.76,4.84,N,0
39.9316,-120.6651,314.49,0.35,0.57,2021-08-31,912,N,VIIRS,n,2,292.39,1.87,N,0
39.9318,-120.66876,319.1,0.35,0.57,2021-08-31,912,N,VIIRS,n,2,293.23,1.87,N,0
39.93181,-120.6558,325.61,0.35,0.57,2021-08-31,912,N,VIIRS,n,2,295.87,2.71,N,0
39.93201,-120.67276,316.14,0.35,0.57,2021-08-31,912,N,VIIRS,n,2,292.15,1.52,N,0
39.93205,-120.65974,322.5,0.35,0.57,2021-08-31,912,N,VIIRS,n,2,295.23,2.71,N,0
39.93225,-120.67708,312.05,0.35,0.57,2021-08-31,912,N,VIIRS,n,2,291.89,1.52,N,0
39.93227,-120.66349,315.85,0.35,0.57,2021-08-31,912,N,VIIRS,n,2,293.79,1.97,N,0
39.93248,-120.68114,309.43,0.35,0.57,2021-08-31,912,N,VIIRS,n,2,292.39,3.73,N,0
39.9325,-120.66715,319.68,0.35,0.57,2021-08-31,912,N,VIIRS,n,2,293.19,1.97,N,0
39.93273,-120.671,314.46,0.35,0.57,2021-08-31,912,N,VIIRS,n,2,292.56,1.59,N,0
39.93298,-120.67521,310.02,0.35,0.57,2021-08-31,912,N,VIIRS,n,2,291.21,1.59,N,0
39.93324,-120.67936,311.18,0.35,0.57,2021-08-31,912,N,VIIRS,n,2,292.36,1.05,N,0
39.93333,-120.69685,304.62,0.35,0.57,2021-08-31,912,N,VIIRS,n,2,289.18,2.31,N,0
39.93347,-120.68321,306.18,0.35,0.57,2021-08-31,912,N,VIIRS,n,2,291.7,1.05,N,0
39.93418,-120.69492,299.69,0.35,0.57,2021-08-31,912,N,VIIRS,n,2,288.84,1.2,N,0
39.93428,-120.71423,303.38,0.35,0.57,2021-08-31,912,N,VIIRS,n,2,289.8,1.02,N,0
39.93445,-120.69949,302.1,0.35,0.57,2021-08-31,912,N,VIIRS,n,2,289.8,1.2,N,0
39.93451,-120.71846,302.75,0.35,0.57,2021-08-31,912,N,VIIRS,n,2,288.87,1.02,N,0
39.93517,-120.63389,320.58,0.35,0.57,2021-08-31,912,N,VIIRS,n,2,286.19,3.73,N,0
39.93522,-120.71226,304.39,0.35,0.57,2021-08-31,912,N,VIIRS,n,2,290.77,0.8,N,0
39.93539,-120.63793,338.57,0.35,0.57,2021-08-31,912,N,VIIRS,n,2,294.09,3.73,N,0
39.93546,-120.71629,304.17,0.35,0.57,2021-08-31,912,N,VIIRS,n,2,289.4,0.8,N,0
39.93562,-120.64201,327.8,0.35,0.57,2021-08-31,912,N,VIIRS,n,2,296.84,5.38,N,0
39.93565,-120.63199,317.36,0.35,0.57,2021-08-31,912,N,VIIRS,n,2,283.42,2.03,N,0
39.93572,-120.72059,299.37,0.35,0.57,2021-08-31,912,N,VIIRS,n,2,288.94,0.83,N,0
39.93584,-120.64611,315.73,0.35,0.57,2021-08-31,912,N,VIIRS,n,2,296.22,5.38,N,0
39.93591,-120.63609,331.43,0.35,0.57,2021-08-31,912,N,VIIRS,n,2,292.04,2.03,N,0
39.93607,-120.65025,312.76,0.35,0.57,2021-08-31,912,N,VIIRS,n,2,294.69,4.79,N,0
39.93615,-120.64016,333.39,0.35,0.57,2021-08-31,912,N,VIIRS,n,2,296.97,4.78,N,0
39.9363,-120.65435,317.63,0.35,0.57,2021-08-31,912,N,VIIRS,n,2,295.26,4.79,N,0
39.93641,-120.64428,313.47,0.35,0.57,2021-08-31,912,N,VIIRS,n,2,295.62,4.78,N,0
39.93652,-120.65831,318.42,0.35,0.57,2021-08-31,912,N,VIIRS,n,2,294.88,2.58,N,0
39.93666,-120.64841,313.34,0.35,0.57,2021-08-31,912,N,VIIRS,n,2,294.95,4.84,N,0
39.93674,-120.66225,315.45,0.35,0.57,2021-08-31,912,N,VIIRS,n,2,295.06,2.58,N,0
39.9369,-120.65249,314.74,0.35,0.57,2021-08-31,912,N,VIIRS,n,2,295.11,4.84,N,0
39.93695,-120.66608,309.89,0.35,0.57,2021-08-31,912,N,VIIRS,n,2,293.86,1.87,N,0
39.93716,-120.66987,308.22,0.35,0.57,2021-08-31,912,N,VIIRS,n,2,293.16,1.87,N,0
39.93716,-120.65658,318.68,0.35,0.57,2021-08-31,912,N,VIIRS,n,2,295.76,2.71,N,0
39.93737,-120.67376,309.11,0.35,0.57,2021-08-31,912,N,VIIRS,n,2,292.64,1.52,N,0
39.93739,-120.6605,317.6,0.35,0.57,2021-08-31,912,N,VIIRS,n,2,295.31,2.71,N,0
39.93759,-120.6777,307.72,0.35,0.57,2021-08-31,912,N,VIIRS,n,2,293.41,1.52,N,0
39.93763,-120.66438,312.87,0.35,0.57,2021-08-31,912,N,VIIRS,n,2,294.33,1.97,N,0
39.93787,-120.66824,306.3,0.35,0.57,2021-08-31,912,N,VIIRS,n,2,293.04,1.97,N,0
39.9381,-120.67204,309.32,0.35,0.57,2021-08-31,912,N,VIIRS,n,2,292.63,1.59,N,0
39.93834,-120.67597,309.68,0.35,0.57,2021-08-31,912,N,VIIRS,n,2,293.87,1.59,N,0
39.93857,-120.67979,303.39,0.35,0.57,2021-08-31,912,N,VIIRS,n,2,291.53,1.05,N,0
39.9388,-120.68356,298.33,0.35,0.57,2021-08-31,912,N,VIIRS,n,2,288.3,1.05,N,0
39.93903,-120.68736,302.08,0.35,0.57,2021-08-31,912,N,VIIRS,n,2,289.51,1.3,N,0
39.93927,-120.69141,301.71,0.35,0.57,2021-08-31,912,N,VIIRS,n,2,289.06,1.3,N,0
39.93969,-120.61987,332.77,0.35,0.57,2021-08-31,912,N,VIIRS,n,2,289.98,4.19,N,0
39.9398,-120.71803,302.61,0.35,0.57,2021-08-31,912,N,VIIRS,n,2,290.28,1.02,N,0
39.93993,-120.62437,317.35,0.35,0.57,2021-08-31,912,N,VIIRS,n,2,290.66,2.67,N,0
39.94002,-120.72204,305.65,0.35,0.57,2021-08-31,912,N,VIIRS,n,2,290.77,1.66,N,0
39.94018,-120.62888,320.54,0.35,0.57,2021-08-31,912,N,VIIRS,n,2,291.18,2.67,N,0
39.94043,-120.63327,320.68,0.35,0.57,2021-08-31,912,N,VIIRS,n,2,293.7,2.55,N,0
39.94056,-120.71268,301.73,0.35,0.57,2021-08-31,912,N,VIIRS,n,2,290.95,0.8,N,0
39.94067,-120.63759,317.67,0.35,0.57,2021-08-31,912,N,VIIRS,n,2,294.9,2.55,N,0
39.94078,-120.71635,302.1,0.35,0.57,2021-08-31,912,N,VIIRS,n,2,290.83,0.8,N,0
39.9409,-120.64185,320.7,0.35,0.57,2021-08-31,912,N,VIIRS,n,2,295.62,3.14,N,0
39.94101,-120.72012,306.73,0.35,0.57,2021-08-31,912,N,VIIRS,n,2,291.58,0.83,N,0
39.94114,-120.64603,319.5,0.35,0.57,2021-08-31,912,N,VIIRS,n,2,295.27,3.14,N,0
39.94126,-120.72413,302.62,0.35,0.57,2021-08-31,912,N,VIIRS,n,2,288.84,0.83,N,0
39.94136,-120.65022,312.25,0.35,0.57,2021-08-31,912,N,VIIRS,n,2,294.41,2.39,N,0
39.9427,-120.67422,309.31,0.35,0.57,2021-08-31,912,N,VIIRS,n,2,292.81,3.36,N,0
39.94355,-120.6897,303.59,0.35,0.57,2021-08-31,912,N,VIIRS,n,2,289.06,0.98,N,0
39.94404,-120.69857,303.63,0.35,0.57,2021-08-31,912,N,VIIRS,n,2,290.32,1.39,N,0
39.94416,-120.60524,303.4,0.35,0.56,2021-08-31,912,N,VIIRS,n,2,287.12,2.54,N,0
39.94439,-120.60935,332.78,0.35,0.57,2021-08-31,912,N,VIIRS,n,2,289.17,2.54,N,0
39.94462,-120.61357,331.04,0.35,0.57,2021-08-31,912,N,VIIRS,n,2,291.77,4.19,N,0
39.94488,-120.61816,344.97,0.35,0.57,2021-08-31,912,N,VIIRS,n,2,297.27,4.19,N,0
39.94494,-120.71494,305.9,0.35,0.57,2021-08-31,912,N,VIIRS,n,2,291.86,1.33,N,0
39.94513,-120.71832,312.94,0.35,0.57,2021-08-31,912,N,VIIRS,n,2,291.57,1.33,N,0
39.94514,-120.62283,314.61,0.35,0.57,2021-08-31,912,N,VIIRS,n,2,294.23,2.67,N,0
39.94532,-120.7218,301.69,0.35,0.57,2021-08-31,912,N,VIIRS,n,2,289.25,0.81,N,0
39.9454,-120.62748,316.5,0.35,0.57,2021-08-31,912,N,VIIRS,n,2,293.61,2.67,N,0
39.94552,-120.72544,300.84,0.35,0.57,2021-08-31,912,N,VIIRS,n,2,288.34,0.81,N,0
39.94553,-120.53632,301.34,0.34,0.56,2021-08-31,912,N,VIIRS,n,2,287.6,1.66,N,0
39.94566,-120.63222,310.83,0.35,0.57,2021-08-31,912,N,VIIRS,n,2,292.83,2.55,N,0
39.94664,-120.6497,306.51,0.35,0.57,2021-08-31,912,N,VIIRS,n,2,291.72,2.39,N,0
39.94844,-120.68223,304.54,0.35,0.57,2021-08-31,912,N,VIIRS,n,2,290.19,2.58,N,0
39.94875,-120.59297,302.67,0.35,0.56,2021-08-31,912,N,VIIRS,n,2,287.55,6.27,N,0
39.9489,-120.69049,304.94,0.35,0.57,2021-08-31,912,N,VIIRS,n,2,289.52,0.98,N,0
39.94896,-120.59677,307.77,0.35,0.56,2021-08-31,912,N,VIIRS,n,2,289.02,3.12,N,0
39.94915,-120.69484,304.01,0.35,0.57,2021-08-31,912,N,VIIRS,n,2,290.47,0.98,N,0
39.94918,-120.60057,320.57,0.35,0.56,2021-08-31,912,N,VIIRS,n,2,290.35,3.12,N,0
39.94938,-120.69923,305.48,0.35,0.57,2021-08-31,912,N,VIIRS,n,2,289.98,1.39,N,0
39.94941,-120.60457,336.6,0.35,0.56,2021-08-31,912,N,VIIRS,n,2,295.45,2.97,N,0
39.94965,-120.60885,327.72,0.35,0.57,2021-08-31,912,N,VIIRS,n,2,295.68,2.97,N,0
39.9499,-120.61329,313.28,0.35,0.57,2021-08-31,912,N,VIIRS,n,2,293.76,1.95,N,0
39.95015,-120.61778,311.88,0.35,0.57,2021-08-31,912,N,VIIRS,n,2,292.9,1.95,N,0
39.9504,-120.62225,308.15,0.35,0.57,2021-08-31,912,N,VIIRS,n,2,292.33,1.44,N,0
39.95065,-120.62662,308.02,0.35,0.57,2021-08-31,912,N,VIIRS,n,2,291.65,1.44,N,0
39.95081,-120.53648,308.97,0.34,0.56,2021-08-31,912,N,VIIRS,n,2,288.55,1.66,N,0
39.95089,-120.63106,306.4,0.35,0.57,2021-08-31,912,N,VIIRS,n,2,291.32,2.32,N,0
39.95104,-120.54054,341.27,0.34,0.56,2021-08-31,912,N,VIIRS,n,2,291.84,6.25,N,0
39.95127,-120.54453,352.87,0.34,0.56,2021-08-31,912,N,VIIRS,n,2,290.46,6.25,N,0
39.95139,-120.6399,309.51,0.35,0.57,2021-08-31,912,N,VIIRS,n,2,291.65,1.4,N,0
39.95162,-120.64407,312.39,0.35,0.57,2021-08-31,912,N,VIIRS,n,2,292.76,1.4,N,0
39.9535,-120.5835,300.26,0.35,0.56,2021-08-31,912,N,VIIRS,n,2,287.7,2.66,N,0
39.95373,-120.58755,367,0.35,0.56,2021-08-31,912,N,VIIRS,h,2,294.34,6.27,N,0
39.95395,-120.59157,367,0.35,0.56,2021-08-31,912,N,VIIRS,h,2,297.33,6.27,N,0
39.95418,-120.59561,320.33,0.35,0.56,2021-08-31,912,N,VIIRS,n,2,293.99,3.12,N,0
39.95442,-120.59976,312.56,0.35,0.56,2021-08-31,912,N,VIIRS,n,2,293.05,3.12,N,0
39.95466,-120.6041,312.92,0.35,0.56,2021-08-31,912,N,VIIRS,n,2,292.4,2.97,N,0
39.95491,-120.60844,313.5,0.35,0.57,2021-08-31,912,N,VIIRS,n,2,292.48,2.97,N,0
39.95516,-120.6129,313.91,0.35,0.57,2021-08-31,912,N,VIIRS,n,2,291.69,1.95,N,0
39.95539,-120.61703,312.38,0.35,0.57,2021-08-31,912,N,VIIRS,n,2,291.29,1.95,N,0
39.95563,-120.6211,312.31,0.35,0.57,2021-08-31,912,N,VIIRS,n,2,291.27,1.44,N,0
39.95585,-120.62509,306.36,0.35,0.57,2021-08-31,912,N,VIIRS,n,2,289.51,1.44,N,0
39.95632,-120.63332,311.5,0.35,0.57,2021-08-31,912,N,VIIRS,n,2,291.5,2.32,N,0
39.95633,-120.54099,340.85,0.34,0.56,2021-08-31,912,N,VIIRS,n,2,290.22,5.09,N,0
39.95655,-120.63764,306.91,0.35,0.57,2021-08-31,912,N,VIIRS,n,2,290.75,1.4,N,0
39.95656,-120.54494,343.72,0.34,0.56,2021-08-31,912,N,VIIRS,n,2,289.85,5.09,N,0
39.9568,-120.64194,313.62,0.35,0.57,2021-08-31,912,N,VIIRS,n,2,292.02,1.4,N,0
39.95692,-120.73914,298.57,0.35,0.57,2021-08-31,912,N,VIIRS,n,2,285.75,0.56,N,0
39.95714,-120.74311,299.01,0.35,0.57,2021-08-31,912,N,VIIRS,n,2,286.78,0.61,N,0
39.95731,-120.65098,307.18,0.35,0.57,2021-08-31,912,N,VIIRS,n,2,291.45,4,N,0
39.95786,-120.56748,325.31,0.35,0.56,2021-08-31,912,N,VIIRS,n,2,289.11,6.1,N,0
39.95808,-120.5713,367,0.35,0.56,2021-08-31,912,N,VIIRS,h,2,294.14,5.1,N,0
39.95829,-120.57504,338.21,0.35,0.56,2021-08-31,912,N,VIIRS,n,2,291.51,5.1,N,0
39.9585,-120.57874,342.27,0.35,0.56,2021-08-31,912,N,VIIRS,n,2,292.7,4.33,N,0
39.95872,-120.58247,347.09,0.35,0.56,2021-08-31,912,N,VIIRS,n,2,295.18,4.33,N,0
39.95893,-120.58624,331.75,0.35,0.56,2021-08-31,912,N,VIIRS,n,2,296.12,3.31,N,0
39.95915,-120.59005,312.37,0.35,0.56,2021-08-31,912,N,VIIRS,n,2,292.14,3.31,N,0
39.95938,-120.59399,312.62,0.35,0.56,2021-08-31,912,N,VIIRS,n,2,291.2,2.41,N,0
39.95961,-120.59821,306.67,0.35,0.56,2021-08-31,912,N,VIIRS,n,2,290.69,2.41,N,0
39.95987,-120.6026,304.24,0.35,0.56,2021-08-31,912,N,VIIRS,n,2,290.81,1.72,N,0
39.9601,-120.60681,316.34,0.35,0.57,2021-08-31,912,N,VIIRS,n,2,292.48,1.72,N,0
39.96033,-120.61082,316.15,0.35,0.57,2021-08-31,912,N,VIIRS,n,2,291.39,1.74,N,0
39.96056,-120.61472,310.1,0.35,0.57,2021-08-31,912,N,VIIRS,n,2,289.81,1.74,N,0
39.96077,-120.61858,314.9,0.35,0.57,2021-08-31,912,N,VIIRS,n,2,291.74,1.48,N,0
39.96099,-120.62231,313.36,0.35,0.57,2021-08-31,912,N,VIIRS,n,2,291.85,1.48,N,0
39.9612,-120.62599,310.16,0.35,0.57,2021-08-31,912,N,VIIRS,n,2,291.3,1.57,N,0
39.96138,-120.53728,301.9,0.34,0.56,2021-08-31,912,N,VIIRS,n,2,283.5,1.98,N,0
39.96142,-120.62987,307.66,0.35,0.57,2021-08-31,912,N,VIIRS,n,2,290.69,1.57,N,0
39.96166,-120.63409,304.36,0.35,0.57,2021-08-31,912,N,VIIRS,n,2,289.33,1.28,N,0
39.96192,-120.63871,304.67,0.35,0.57,2021-08-31,912,N,VIIRS,n,2,289.61,1.28,N,0
39.96206,-120.5489,301.12,0.34,0.56,2021-08-31,912,N,VIIRS,n,2,288.47,4.02,N,0
39.96228,-120.55266,338.36,0.34,0.56,2021-08-31,912,N,VIIRS,n,2,290.53,4.02,N,0
39.96242,-120.74245,298.69,0.35,0.57,2021-08-31,912,N,VIIRS,n,2,285.87,0.61,N,0
39.96249,-120.55642,342.36,0.34,0.56,2021-08-31,912,N,VIIRS,n,2,292.19,6.81,N,0
39.96271,-120.56022,352.91,0.35,0.56,2021-08-31,912,N,VIIRS,n,2,293.22,6.81,N,0
39.96293,-120.56404,367,0.35,0.56,2021-08-31,912,N,VIIRS,h,2,296.76,6.1,N,0
39.96315,-120.56789,342.81,0.35,0.56,2021-08-31,912,N,VIIRS,n,2,295.9,6.1,N,0
39.96337,-120.57165,319.81,0.35,0.56,2021-08-31,912,N,VIIRS,n,2,293.23,5.1,N,0
39.96358,-120.57517,316.7,0.35,0.56,2021-08-31,912,N,VIIRS,n,2,291.59,5.1,N,0
39.96378,-120.57866,318.2,0.35,0.56,2021-08-31,912,N,VIIRS,n,2,292.04,4.33,N,0
39.96398,-120.58222,319.16,0.35,0.56,2021-08-31,912,N,VIIRS,n,2,293.84,4.33,N,0
39.96419,-120.58585,316.71,0.35,0.56,2021-08-31,912,N,VIIRS,n,2,292.04,3.31,N,0
39.9644,-120.58948,322.41,0.35,0.56,2021-08-31,912,N,VIIRS,n,2,293.58,3.31,N,0
39.96461,-120.59318,322.71,0.35,0.56,2021-08-31,912,N,VIIRS,n,2,295.91,2.41,N,0
39.96483,-120.59705,325.81,0.35,0.56,2021-08-31,912,N,VIIRS,n,2,298.08,2.41,N,0
39.96506,-120.60106,307.92,0.35,0.56,2021-08-31,912,N,VIIRS,n,2,291.3,1.72,N,0
39.96529,-120.60503,312.21,0.35,0.57,2021-08-31,912,N,VIIRS,n,2,292.54,1.72,N,0
39.96551,-120.60878,310.75,0.35,0.57,2021-08-31,912,N,VIIRS,n,2,290.56,1.74,N,0
39.96572,-120.61251,310.14,0.35,0.57,2021-08-31,912,N,VIIRS,n,2,291.01,1.74,N,0
39.96594,-120.61626,304.84,0.35,0.57,2021-08-31,912,N,VIIRS,n,2,290.3,1.48,N,0
39.96615,-120.62001,305.28,0.35,0.57,2021-08-31,912,N,VIIRS,n,2,290.27,1.48,N,0
39.96636,-120.62366,310.65,0.35,0.57,2021-08-31,912,N,VIIRS,n,2,291.67,1.57,N,0
39.96657,-120.62737,319.45,0.35,0.57,2021-08-31,912,N,VIIRS,n,2,293.95,1.57,N,0
39.9668,-120.6314,311.74,0.35,0.57,2021-08-31,912,N,VIIRS,n,2,290.03,1.28,N,0
39.96688,-120.54125,305.19,0.34,0.56,2021-08-31,912,N,VIIRS,n,2,282.83,2.72,N,0
39.96705,-120.6358,309.24,0.35,0.57,2021-08-31,912,N,VIIRS,n,2,289.95,1.28,N,0
39.96711,-120.54519,352.34,0.34,0.56,2021-08-31,912,N,VIIRS,n,2,290.19,2.72,N,0
39.96732,-120.64053,309.66,0.35,0.57,2021-08-31,912,N,VIIRS,n,2,290.03,3.19,N,0
39.96734,-120.54907,367,0.34,0.56,2021-08-31,912,N,VIIRS,h,2,296.68,10.68,N,0
39.96756,-120.55292,344.97,0.34,0.56,2021-08-31,912,N,VIIRS,n,2,294.51,10.68,N,0
39.96778,-120.55675,340.96,0.34,0.56,2021-08-31,912,N,VIIRS,n,2,294.25,3.86,N,0
39.968,-120.56055,325.82,0.35,0.56,2021-08-31,912,N,VIIRS,n,2,294.11,3.86,N,0
39.96822,-120.56434,321.74,0.35,0.56,2021-08-31,912,N,VIIRS,n,2,293.47,2.42,N,0
39.96845,-120.56815,320.64,0.35,0.56,2021-08-31,912,N,VIIRS,n,2,292.44,2.42,N,0
39.96866,-120.57191,320.48,0.35,0.56,2021-08-31,912,N,VIIRS,n,2,291.63,3.03,N,0
39.96887,-120.57558,319.8,0.35,0.56,2021-08-31,912,N,VIIRS,n,2,290.74,3.03,N,0
39.96909,-120.57926,318.75,0.35,0.56,2021-08-31,912,N,VIIRS,n,2,290.57,2.58,N,0
39.9693,-120.58298,318.69,0.35,0.56,2021-08-31,912,N,VIIRS,n,2,292.14,2.58,N,0
39.96951,-120.58659,321.11,0.35,0.56,2021-08-31,912,N,VIIRS,n,2,293.02,2.52,N,0
39.96972,-120.59008,322.36,0.35,0.56,2021-08-31,912,N,VIIRS,n,2,292.54,2.52,N,0
39.96991,-120.59338,318.13,0.35,0.56,2021-08-31,912,N,VIIRS,n,2,292.38,2.43,N,0
39.9701,-120.59669,319.75,0.35,0.56,2021-08-31,912,N,VIIRS,n,2,294.36,2.43,N,0
39.97029,-120.60002,318.7,0.35,0.56,2021-08-31,912,N,VIIRS,n,2,293.47,2.29,N,0
39.97048,-120.60332,309.95,0.35,0.57,2021-08-31,912,N,VIIRS,n,2,291.65,2.29,N,0
39.9707,-120.607,315.45,0.35,0.57,2021-08-31,912,N,VIIRS,n,2,293.02,2.31,N,0
39.97089,-120.61053,324.66,0.35,0.57,2021-08-31,912,N,VIIRS,n,2,295.38,2.31,N,0
39.97112,-120.61433,313.26,0.35,0.57,2021-08-31,912,N,VIIRS,n,2,291.68,3,N,0
39.97134,-120.61813,314.98,0.35,0.57,2021-08-31,912,N,VIIRS,n,2,291.25,3,N,0
39.97155,-120.62181,318.98,0.35,0.57,2021-08-31,912,N,VIIRS,n,2,292.38,3.76,N,0
39.97176,-120.62561,323.4,0.35,0.57,2021-08-31,912,N,VIIRS,n,2,292,3.76,N,0
39.97199,-120.62954,319.82,0.35,0.57,2021-08-31,912,N,VIIRS,n,2,290.57,2.49,N,0
39.97213,-120.5408,324.13,0.34,0.56,2021-08-31,912,N,VIIRS,n,2,282.06,2.72,N,0
39.97223,-120.63372,311.55,0.35,0.57,2021-08-31,912,N,VIIRS,n,2,289.28,2.49,N,0
39.97236,-120.54483,303.44,0.34,0.56,2021-08-31,912,N,VIIRS,n,2,281.62,2.72,N,0
39.97249,-120.63833,304.83,0.35,0.57,2021-08-31,912,N,VIIRS,n,2,288.79,2.42,N,0
39.97329,-120.56075,311.92,0.35,0.56,2021-08-31,912,N,VIIRS,n,2,290.82,3.86,N,0
39.97351,-120.56453,315.47,0.35,0.56,2021-08-31,912,N,VIIRS,n,2,292.57,2.42,N,0
39.97373,-120.56831,313.23,0.35,0.56,2021-08-31,912,N,VIIRS,n,2,291.31,2.42,N,0
39.97395,-120.57202,327.88,0.35,0.56,2021-08-31,912,N,VIIRS,n,2,293.21,3.03,N,0
39.97416,-120.57569,333.57,0.35,0.56,2021-08-31,912,N,VIIRS,n,2,294.46,3.03,N,0
39.97437,-120.57934,318.78,0.35,0.56,2021-08-31,912,N,VIIRS,n,2,292.68,2.58,N,0
39.97458,-120.58295,316.78,0.35,0.56,2021-08-31,912,N,VIIRS,n,2,292.28,2.58,N,0
39.97478,-120.58647,318.58,0.35,0.56,2021-08-31,912,N,VIIRS,n,2,292.2,2.52,N,0
39.97498,-120.58979,317.62,0.35,0.56,2021-08-31,912,N,VIIRS,n,2,292.76,2.52,N,0
39.97517,-120.59303,317.17,0.35,0.56,2021-08-31,912,N,VIIRS,n,2,292.94,2.43,N,0
39.97536,-120.59634,313.59,0.35,0.56,2021-08-31,912,N,VIIRS,n,2,293.88,2.43,N,0
39.97556,-120.59969,315.8,0.35,0.56,2021-08-31,912,N,VIIRS,n,2,294.73,2.29,N,0
39.97575,-120.60318,318.66,0.35,0.57,2021-08-31,912,N,VIIRS,n,2,294.15,2.29,N,0
39.97597,-120.6068,315.05,0.35,0.57,2021-08-31,912,N,VIIRS,n,2,292.57,2.31,N,0
39.97618,-120.61046,310.19,0.35,0.57,2021-08-31,912,N,VIIRS,n,2,291.31,2.31,N,0
39.97639,-120.61412,332.24,0.35,0.57,2021-08-31,912,N,VIIRS,n,2,295.1,3,N,0
39.9766,-120.61777,328.45,0.35,0.57,2021-08-31,912,N,VIIRS,n,2,293.35,3,N,0
39.97681,-120.6214,341.43,0.35,0.57,2021-08-31,912,N,VIIRS,n,2,295.41,3.76,N,0
39.97702,-120.62508,335.33,0.35,0.57,2021-08-31,912,N,VIIRS,n,2,292.18,3.76,N,0
39.97708,-120.53538,305.02,0.34,0.56,2021-08-31,912,N,VIIRS,n,2,283.01,2.99,N,0
39.97725,-120.62886,333.59,0.35,0.57,2021-08-31,912,N,VIIRS,n,2,293.21,2.49,N,0
39.97731,-120.53942,319.34,0.34,0.56,2021-08-31,912,N,VIIRS,n,2,286.58,2.5,N,0
39.97748,-120.6329,307.21,0.35,0.57,2021-08-31,912,N,VIIRS,n,2,288.58,2.49,N,0
39.97756,-120.54358,322.04,0.34,0.56,2021-08-31,912,N,VIIRS,n,2,289.55,2.5,N,0
39.97782,-120.54796,314.6,0.34,0.56,2021-08-31,912,N,VIIRS,n,2,287.25,1.8,N,0
39.97879,-120.56459,303.83,0.35,0.56,2021-08-31,912,N,VIIRS,n,2,288.12,1.62,N,0
39.97901,-120.56836,320.75,0.35,0.56,2021-08-31,912,N,VIIRS,n,2,291.93,1.62,N,0
39.97922,-120.57201,325.04,0.35,0.56,2021-08-31,912,N,VIIRS,n,2,294.13,2.46,N,0
39.97943,-120.57561,329.32,0.35,0.56,2021-08-31,912,N,VIIRS,n,2,295.42,2.46,N,0
39.97964,-120.57912,324.01,0.35,0.56,2021-08-31,912,N,VIIRS,n,2,293.5,2.75,N,0
39.97984,-120.58258,324.44,0.35,0.56,2021-08-31,912,N,VIIRS,n,2,293.68,2.75,N,0
39.98004,-120.58598,319.65,0.35,0.56,2021-08-31,912,N,VIIRS,n,2,293.84,2.29,N,0
39.98023,-120.58929,318.8,0.35,0.56,2021-08-31,912,N,VIIRS,n,2,293.44,2.29,N,0
39.98042,-120.59259,312.48,0.35,0.56,2021-08-31,912,N,VIIRS,n,2,293.25,2.04,N,0
39.98062,-120.59596,316.4,0.35,0.56,2021-08-31,912,N,VIIRS,n,2,293.78,2.04,N,0
39.98082,-120.59938,316.27,0.35,0.56,2021-08-31,912,N,VIIRS,n,2,293.35,2.23,N,0
39.98103,-120.60293,315.89,0.35,0.57,2021-08-31,912,N,VIIRS,n,2,293.06,2.23,N,0
39.98123,-120.60638,312.57,0.35,0.57,2021-08-31,912,N,VIIRS,n,2,292.32,2.81,N,0
39.98143,-120.6099,318.75,0.35,0.57,2021-08-31,912,N,VIIRS,n,2,294.12,2.81,N,0
39.98164,-120.61337,337.49,0.35,0.57,2021-08-31,912,N,VIIRS,n,2,296.34,3.55,N,0
39.98181,-120.52627,316.82,0.34,0.56,2021-08-31,912,N,VIIRS,n,2,287.85,2.3,N,0
39.98184,-120.61687,327.92,0.35,0.57,2021-08-31,912,N,VIIRS,n,2,292.91,3.55,N,0
39.98203,-120.53004,328.52,0.34,0.56,2021-08-31,912,N,VIIRS,n,2,291.1,2.99,N,0
39.98204,-120.62041,320.13,0.35,0.57,2021-08-31,912,N,VIIRS,n,2,291.09,2.39,N,0
39.98226,-120.62409,328.16,0.35,0.57,2021-08-31,912,N,VIIRS,n,2,291.59,2.39,N,0
39.98226,-120.53387,338.25,0.34,0.56,2021-08-31,912,N,VIIRS,n,2,293.64,2.99,N,0
39.98248,-120.628,311.68,0.35,0.57,2021-08-31,912,N,VIIRS,n,2,287.46,2.23,N,0
39.9825,-120.53792,325.84,0.34,0.56,2021-08-31,912,N,VIIRS,n,2,291.36,2.5,N,0
39.98275,-120.54228,315.57,0.34,0.56,2021-08-31,912,N,VIIRS,n,2,288.76,2.5,N,0
39.98302,-120.54687,310.67,0.34,0.56,2021-08-31,912,N,VIIRS,n,2,288.72,1.8,N,0
39.9833,-120.55148,302.85,0.34,0.56,2021-08-31,912,N,VIIRS,n,2,286.11,1.8,N,0
39.98355,-120.5559,301.28,0.34,0.56,2021-08-31,912,N,VIIRS,n,2,284.87,1.53,N,0
39.9838,-120.56007,305.01,0.35,0.56,2021-08-31,912,N,VIIRS,n,2,285.67,1.53,N,0
39.98428,-120.56831,301.49,0.35,0.56,2021-08-31,912,N,VIIRS,n,2,286.82,1.62,N,0
39.9845,-120.5721,307.83,0.35,0.56,2021-08-31,912,N,VIIRS,n,2,290.31,2.46,N,0
39.98471,-120.57568,320.55,0.35,0.56,2021-08-31,912,N,VIIRS,n,2,294.21,2.46,N,0
39.9848,-120.76163,315.64,0.35,0.57,2021-08-31,912,N,VIIRS,n,2,285.78,2.13,N,0
39.98492,-120.57911,317.06,0.35,0.56,2021-08-31,912,N,VIIRS,n,2,293.99,2.75,N,0
39.98502,-120.76546,314.28,0.35,0.57,2021-08-31,912,N,VIIRS,n,2,287.63,2.27,N,0
39.98511,-120.58247,319.77,0.35,0.56,2021-08-31,912,N,VIIRS,n,2,293.59,2.75,N,0
39.98531,-120.58578,315.69,0.35,0.56,2021-08-31,912,N,VIIRS,n,2,293.68,2.29,N,0
39.9855,-120.5891,314.8,0.35,0.56,2021-08-31,912,N,VIIRS,n,2,293.95,2.29,N,0
39.9857,-120.59247,312.91,0.35,0.56,2021-08-31,912,N,VIIRS,n,2,292.76,2.04,N,0
39.98589,-120.59579,316.63,0.35,0.56,2021-08-31,912,N,VIIRS,n,2,293.08,2.04,N,0
39.98608,-120.59904,317.68,0.35,0.56,2021-08-31,912,N,VIIRS,n,2,292.04,2.23,N,0
39.98628,-120.60227,318.39,0.35,0.57,2021-08-31,912,N,VIIRS,n,2,293.85,2.23,N,0
39.98647,-120.6055,322.7,0.35,0.57,2021-08-31,912,N,VIIRS,n,2,294.2,2.81,N,0
39.98665,-120.60876,328.49,0.35,0.57,2021-08-31,912,N,VIIRS,n,2,294.88,2.81,N,0
39.98679,-120.52138,323.41,0.34,0.56,2021-08-31,912,N,VIIRS,n,2,287.42,5.91,N,0
39.98685,-120.6121,327.73,0.35,0.57,2021-08-31,912,N,VIIRS,n,2,293.17,3.55,N,0
39.98701,-120.52508,367,0.34,0.56,2021-08-31,912,N,VIIRS,h,2,296.7,5.91,N,0
39.98705,-120.61555,328.16,0.35,0.57,2021-08-31,912,N,VIIRS,n,2,292.92,3.55,N,0
39.98722,-120.52874,323.22,0.34,0.56,2021-08-31,912,N,VIIRS,n,2,290.71,4.22,N,0
39.98726,-120.61905,317.8,0.35,0.57,2021-08-31,912,N,VIIRS,n,2,289.73,2.39,N,0
39.98745,-120.5325,325.09,0.34,0.56,2021-08-31,912,N,VIIRS,n,2,291.9,4.22,N,0
39.98747,-120.62274,317.44,0.35,0.57,2021-08-31,912,N,VIIRS,n,2,287.37,2.39,N,0
39.98768,-120.53648,325.59,0.34,0.56,2021-08-31,912,N,VIIRS,n,2,290.71,2.91,N,0
39.98771,-120.62688,312.31,0.35,0.57,2021-08-31,912,N,VIIRS,n,2,284.71,2.23,N,0
39.98795,-120.54102,320.26,0.34,0.56,2021-08-31,912,N,VIIRS,n,2,289.89,2.91,N,0
39.98823,-120.54579,316.49,0.34,0.56,2021-08-31,912,N,VIIRS,n,2,289.79,1.76,N,0
39.9885,-120.55037,305.73,0.34,0.56,2021-08-31,912,N,VIIRS,n,2,288.15,1.76,N,0
39.98876,-120.55475,315.85,0.34,0.56,2021-08-31,912,N,VIIRS,n,2,289.54,1.84,N,0
39.98901,-120.55901,314.41,0.35,0.56,2021-08-31,912,N,VIIRS,n,2,288.36,1.84,N,0
39.98927,-120.56337,315.31,0.35,0.56,2021-08-31,912,N,VIIRS,n,2,288.92,1.72,N,0
39.98954,-120.56792,305.5,0.35,0.56,2021-08-31,912,N,VIIRS,n,2,287.74,1.72,N,0
39.98999,-120.57568,302.49,0.35,0.56,2021-08-31,912,N,VIIRS,n,2,288.87,4.54,N,0
39.99017,-120.76232,306.97,0.35,0.57,2021-08-31,912,N,VIIRS,n,2,285.38,0.8,N,0
39.9902,-120.57913,367,0.35,0.56,2021-08-31,912,N,VIIRS,h,2,293.07,5.48,N,0
39.99036,-120.76579,303.67,0.35,0.57,2021-08-31,912,N,VIIRS,n,2,285.08,1.15,N,0
39.99039,-120.58245,321.26,0.35,0.56,2021-08-31,912,N,VIIRS,n,2,292.01,5.48,N,0
39.99059,-120.58572,313.7,0.35,0.56,2021-08-31,912,N,VIIRS,n,2,291.62,2.76,N,0
39.99078,-120.589,315.98,0.35,0.56,2021-08-31,912,N,VIIRS,n,2,292.4,2.76,N,0
39.99097,-120.59233,313.58,0.35,0.56,2021-08-31,912,N,VIIRS,n,2,291.47,2.02,N,0
39.99117,-120.59558,316.95,0.35,0.56,2021-08-31,912,N,VIIRS,n,2,292.1,2.02,N,0
39.99135,-120.59876,316.81,0.35,0.56,2021-08-31,912,N,VIIRS,n,2,291.82,2.36,N,0
39.99154,-120.60191,323.41,0.35,0.57,2021-08-31,912,N,VIIRS,n,2,293.79,2.36,N,0
39.99173,-120.60514,347.82,0.35,0.57,2021-08-31,912,N,VIIRS,n,2,300.74,4.48,N,0
39.99176,-120.51643,332.31,0.34,0.56,2021-08-31,912,N,VIIRS,n,2,288.78,4.93,N,0
39.99193,-120.60856,350.63,0.35,0.57,2021-08-31,912,N,VIIRS,n,2,297.99,4.48,N,0
39.99199,-120.52036,356.15,0.34,0.56,2021-08-31,912,N,VIIRS,n,2,298.16,5.91,N,0
39.99213,-120.61201,334.26,0.35,0.57,2021-08-31,912,N,VIIRS,n,2,292.12,3.69,N,0
39.99221,-120.52409,333.13,0.34,0.56,2021-08-31,912,N,VIIRS,n,2,295.04,5.91,N,0
39.99234,-120.6155,319.96,0.35,0.57,2021-08-31,912,N,VIIRS,n,2,288.25,3.69,N,0
39.99244,-120.5278,331.46,0.34,0.56,2021-08-31,912,N,VIIRS,n,2,293.82,4.22,N,0
39.99254,-120.61901,341.79,0.35,0.57,2021-08-31,912,N,VIIRS,n,2,291.27,4.16,N,0
39.99267,-120.53173,335.19,0.34,0.56,2021-08-31,912,N,VIIRS,n,2,293.94,4.22,N,0
39.99276,-120.62262,348.67,0.35,0.57,2021-08-31,912,N,VIIRS,n,2,291.56,4.16,N,0
39.99292,-120.536,323.1,0.34,0.56,2021-08-31,912,N,VIIRS,n,2,292.67,2.91,N,0
39.99297,-120.62634,340.13,0.35,0.57,2021-08-31,912,N,VIIRS,n,2,289.9,2.52,N,0
39.99319,-120.54056,321.92,0.34,0.56,2021-08-31,912,N,VIIRS,n,2,292.16,2.91,N,0
39.99321,-120.63033,300.52,0.35,0.57,2021-08-31,912,N,VIIRS,n,2,283.74,2.52,N,0
39.99347,-120.54517,310.38,0.34,0.56,2021-08-31,912,N,VIIRS,n,2,289.85,1.76,N,0
39.99372,-120.54952,312.79,0.34,0.56,2021-08-31,912,N,VIIRS,n,2,289.37,1.76,N,0
39.99397,-120.55367,316.21,0.34,0.56,2021-08-31,912,N,VIIRS,n,2,290.55,1.84,N,0
39.99422,-120.55782,317.66,0.35,0.56,2021-08-31,912,N,VIIRS,n,2,288.83,1.84,N,0
39.99447,-120.56219,320.04,0.35,0.56,2021-08-31,912,N,VIIRS,n,2,290.29,1.72,N,0
39.99476,-120.56705,311.86,0.35,0.56,2021-08-31,912,N,VIIRS,n,2,288.4,1.72,N,0
39.99501,-120.75385,308.69,0.35,0.57,2021-08-31,912,N,VIIRS,n,2,286.19,0.78,N,0
39.99548,-120.57913,328.36,0.35,0.56,2021-08-31,912,N,VIIRS,n,2,290.82,5.48,N,0
39.99567,-120.58247,367,0.35,0.56,2021-08-31,912,N,VIIRS,h,2,294.52,5.48,N,0
39.99586,-120.58573,315.09,0.35,0.56,2021-08-31,912,N,VIIRS,n,2,292.62,2.76,N,0
39.99606,-120.58896,317.48,0.35,0.56,2021-08-31,912,N,VIIRS,n,2,293.11,2.76,N,0
39.99625,-120.59218,311.78,0.35,0.56,2021-08-31,912,N,VIIRS,n,2,292.04,2.02,N,0
39.99644,-120.59541,315.88,0.35,0.56,2021-08-31,912,N,VIIRS,n,2,292.95,2.02,N,0
39.99663,-120.59857,315.52,0.35,0.56,2021-08-31,912,N,VIIRS,n,2,291.72,2.36,N,0
39.99671,-120.51134,323.25,0.34,0.56,2021-08-31,912,N,VIIRS,n,2,288.99,4.82,N,0
39.99682,-120.6018,313.54,0.35,0.57,2021-08-31,912,N,VIIRS,n,2,293,2.36,N,0
39.99696,-120.51541,348.79,0.34,0.56,2021-08-31,912,N,VIIRS,n,2,293.99,4.82,N,0
39.99702,-120.60519,313.81,0.35,0.57,2021-08-31,912,N,VIIRS,n,2,293.87,4.48,N,0
39.9972,-120.51936,328.2,0.34,0.56,2021-08-31,912,N,VIIRS,n,2,292.4,4.37,N,0
39.99723,-120.60873,325.1,0.35,0.57,2021-08-31,912,N,VIIRS,n,2,294.52,4.48,N,0
39.99743,-120.52321,331.1,0.34,0.56,2021-08-31,912,N,VIIRS,n,2,291.47,4.37,N,0
39.99744,-120.61232,308.48,0.35,0.57,2021-08-31,912,N,VIIRS,n,2,290.77,3.69,N,0
39.99765,-120.52702,332.35,0.34,0.56,2021-08-31,912,N,VIIRS,n,2,291.67,4.67,N,0
39.9979,-120.53109,323.51,0.34,0.56,2021-08-31,912,N,VIIRS,n,2,290.64,4.67,N,0
39.99805,-120.62282,300.58,0.35,0.57,2021-08-31,912,N,VIIRS,n,2,286.14,4.16,N,0
39.99816,-120.53548,321.46,0.34,0.56,2021-08-31,912,N,VIIRS,n,2,291.67,3.88,N,0
39.99828,-120.62656,324.29,0.35,0.57,2021-08-31,912,N,VIIRS,n,2,288.08,2.52,N,0
39.99842,-120.53993,326.74,0.34,0.56,2021-08-31,912,N,VIIRS,n,2,291.67,3.88,N,0
39.99852,-120.63065,304.41,0.35,0.57,2021-08-31,912,N,VIIRS,n,2,285.8,2.52,N,0
39.99869,-120.54441,315.22,0.34,0.56,2021-08-31,912,N,VIIRS,n,2,289.69,2.16,N,0
39.99895,-120.54871,307.8,0.34,0.56,2021-08-31,912,N,VIIRS,n,2,288.3,2.16,N,0
39.9992,-120.55293,317.9,0.34,0.56,2021-08-31,912,N,VIIRS,n,2,291.13,1.83,N,0
39.99945,-120.55717,319.09,0.35,0.56,2021-08-31,912,N,VIIRS,n,2,290.25,1.83,N,0
39.99972,-120.56162,318.83,0.35,0.56,2021-08-31,912,N,VIIRS,n,2,289.84,1.8,N,0
40.00001,-120.56647,313.07,0.35,0.56,2021-08-31,912,N,VIIRS,n,2,288.9,1.8,N,0
40.00029,-120.57121,306.66,0.35,0.56,2021-08-31,912,N,VIIRS,n,2,288.89,1.69,N,0
40.00053,-120.57528,310.95,0.35,0.56,2021-08-31,912,N,VIIRS,n,2,291.57,1.69,N,0
40.00075,-120.57894,313.01,0.35,0.56,2021-08-31,912,N,VIIRS,n,2,292.55,1.97,N,0
40.00095,-120.58231,316.03,0.35,0.56,2021-08-31,912,N,VIIRS,n,2,292.16,1.97,N,0
40.00114,-120.58554,313.36,0.35,0.56,2021-08-31,912,N,VIIRS,n,2,292.06,1.68,N,0
40.00133,-120.58877,313.27,0.35,0.56,2021-08-31,912,N,VIIRS,n,2,292.06,1.68,N,0
40.00153,-120.59206,308.31,0.35,0.56,2021-08-31,912,N,VIIRS,n,2,291.23,1.36,N,0
40.00166,-120.50615,332.47,0.34,0.56,2021-08-31,912,N,VIIRS,n,2,288.72,5,N,0
40.00173,-120.59543,305.33,0.35,0.56,2021-08-31,912,N,VIIRS,n,2,291.52,1.36,N,0
40.00191,-120.51025,350.93,0.34,0.56,2021-08-31,912,N,VIIRS,n,2,296.47,4.82,N,0
40.00193,-120.59879,308.62,0.35,0.56,2021-08-31,912,N,VIIRS,n,2,292.45,1.45,N,0
40.00213,-120.60225,315.08,0.35,0.57,2021-08-31,912,N,VIIRS,n,2,293.42,1.45,N,0
40.00216,-120.51434,328.08,0.34,0.56,2021-08-31,912,N,VIIRS,n,2,294.04,4.82,N,0
40.00217,-120.78587,296.69,0.36,0.57,2021-08-31,912,N,VIIRS,n,2,285.81,0.38,N,0
40.00234,-120.60574,317.51,0.35,0.57,2021-08-31,912,N,VIIRS,n,2,294.53,1.74,N,0
40.0024,-120.51837,329.7,0.34,0.56,2021-08-31,912,N,VIIRS,n,2,293.77,4.37,N,0
40.00255,-120.60925,319.35,0.35,0.57,2021-08-31,912,N,VIIRS,n,2,294.38,1.74,N,0
40.00265,-120.52245,339.12,0.34,0.56,2021-08-31,912,N,VIIRS,n,2,297.6,4.37,N,0
40.00289,-120.5265,342.57,0.34,0.56,2021-08-31,912,N,VIIRS,n,2,298.67,4.67,N,0
40.00295,-120.61611,307.87,0.35,0.57,2021-08-31,912,N,VIIRS,n,2,289.7,2.18,N,0
40.00314,-120.53069,335.67,0.34,0.56,2021-08-31,912,N,VIIRS,n,2,295.73,4.67,N,0
40.00316,-120.61957,338.62,0.35,0.57,2021-08-31,912,N,VIIRS,n,2,291.72,2.56,N,0
40.00338,-120.62341,325.33,0.35,0.57,2021-08-31,912,N,VIIRS,n,2,289.01,2.56,N,0
40.0034,-120.53487,339.37,0.34,0.56,2021-08-31,912,N,VIIRS,n,2,296.42,3.88,N,0
40.00362,-120.62753,307.64,0.35,0.57,2021-08-31,912,N,VIIRS,n,2,287.37,1.26,N,0
40.00365,-120.53915,337.35,0.34,0.56,2021-08-31,912,N,VIIRS,n,2,295.07,3.88,N,0
40.00391,-120.54351,317.94,0.34,0.56,2021-08-31,912,N,VIIRS,n,2,290.17,2.16,N,0
40.00418,-120.5479,311.92,0.34,0.56,2021-08-31,912,N,VIIRS,n,2,289.2,2.16,N,0
40.00444,-120.55225,308.81,0.34,0.56,2021-08-31,912,N,VIIRS,n,2,288.78,1.83,N,0
40.0047,-120.55668,315.07,0.35,0.56,2021-08-31,912,N,VIIRS,n,2,290.96,1.83,N,0
40.00497,-120.56121,312.68,0.35,0.56,2021-08-31,912,N,VIIRS,n,2,290.43,1.8,N,0
40.00525,-120.56599,309.71,0.35,0.56,2021-08-31,912,N,VIIRS,n,2,290.43,1.8,N,0
40.00554,-120.57069,305.23,0.35,0.56,2021-08-31,912,N,VIIRS,n,2,289.37,1.69,N,0
40.00618,-120.4939,298.3,0.34,0.56,2021-08-31,912,N,VIIRS,n,2,286.61,5.34,N,0
40.00622,-120.58215,305.24,0.35,0.56,2021-08-31,912,N,VIIRS,n,2,290.49,1.97,N,0
40.00642,-120.58547,310.65,0.35,0.56,2021-08-31,912,N,VIIRS,n,2,291.44,1.68,N,0
40.00642,-120.49773,356.26,0.34,0.56,2021-08-31,912,N,VIIRS,n,2,292.62,5.34,N,0
40.00662,-120.58879,311.44,0.35,0.56,2021-08-31,912,N,VIIRS,n,2,292.28,1.68,N,0
40.00666,-120.50168,346.27,0.34,0.56,2021-08-31,912,N,VIIRS,n,2,295.8,6.83,N,0
40.00682,-120.59222,307.37,0.35,0.56,2021-08-31,912,N,VIIRS,n,2,291.75,1.36,N,0
40.0069,-120.50574,349.53,0.34,0.56,2021-08-31,912,N,VIIRS,n,2,299,6.83,N,0
40.00703,-120.59569,307.9,0.35,0.56,2021-08-31,912,N,VIIRS,n,2,291.12,1.36,N,0
40.00715,-120.50989,347.49,0.34,0.56,2021-08-31,912,N,VIIRS,n,2,302.34,5.52,N,0
40.00724,-120.59921,310.71,0.35,0.56,2021-08-31,912,N,VIIRS,n,2,292.38,1.45,N,0
40.0074,-120.51403,335.7,0.34,0.56,2021-08-31,912,N,VIIRS,n,2,296.02,5.52,N,0
40.00744,-120.6027,310.5,0.35,0.57,2021-08-31,912,N,VIIRS,n,2,291.6,1.45,N,0
40.00765,-120.60619,308.97,0.35,0.57,2021-08-31,912,N,VIIRS,n,2,291.59,1.74,N,0
40.00765,-120.5181,331.39,0.34,0.56,2021-08-31,912,N,VIIRS,n,2,294.97,4.05,N,0
40.00786,-120.60965,312.13,0.35,0.57,2021-08-31,912,N,VIIRS,n,2,292.28,1.74,N,0
40.0079,-120.5222,322.67,0.34,0.56,2021-08-31,912,N,VIIRS,n,2,292.02,4.05,N,0
40.00806,-120.61315,306.48,0.35,0.57,2021-08-31,912,N,VIIRS,n,2,292.33,2.18,N,0
40.00815,-120.52638,322.96,0.34,0.56,2021-08-31,912,N,VIIRS,n,2,292.78,3.06,N,0
40.00828,-120.61675,313.28,0.35,0.57,2021-08-31,912,N,VIIRS,n,2,293.53,2.18,N,0
40.0084,-120.53057,317.17,0.34,0.56,2021-08-31,912,N,VIIRS,n,2,291.31,3.06,N,0
40.0085,-120.6204,320.33,0.35,0.57,2021-08-31,912,N,VIIRS,n,2,293.88,2.56,N,0
40.00865,-120.53474,321.83,0.34,0.56,2021-08-31,912,N,VIIRS,n,2,292.18,3,N,0
40.00875,-120.62468,313.1,0.35,0.57,2021-08-31,912,N,VIIRS,n,2,290.81,2.56,N,0
40.0089,-120.53889,327.74,0.34,0.56,2021-08-31,912,N,VIIRS,n,2,293.81,3,N,0
40.00901,-120.62907,303.24,0.35,0.57,2021-08-31,912,N,VIIRS,n,2,289.16,1.26,N,0
40.00916,-120.54301,328.56,0.34,0.56,2021-08-31,912,N,VIIRS,n,2,293.63,2.87,N,0
40.00925,-120.63318,302.13,0.35,0.57,2021-08-31,912,N,VIIRS,n,2,288.29,1.26,N,0
40.00941,-120.54725,318.35,0.34,0.56,2021-08-31,912,N,VIIRS,n,2,290.14,2.87,N,0
40.00949,-120.63721,303.96,0.35,0.57,2021-08-31,912,N,VIIRS,n,2,290.38,1.14,N,0
40.00967,-120.55155,317.04,0.34,0.56,2021-08-31,912,N,VIIRS,n,2,290.4,2.54,N,0
40.00977,-120.64198,315.98,0.35,0.57,2021-08-31,912,N,VIIRS,n,2,291.44,1.14,N,0
40.00993,-120.55594,313.86,0.35,0.56,2021-08-31,912,N,VIIRS,n,2,289.89,2.54,N,0
40.0102,-120.56038,319.66,0.35,0.56,2021-08-31,912,N,VIIRS,n,2,290.86,5.09,N,0
40.01048,-120.56509,324.3,0.35,0.56,2021-08-31,912,N,VIIRS,n,2,290.96,5.09,N,0
40.01077,-120.57,330.82,0.35,0.56,2021-08-31,912,N,VIIRS,n,2,290.3,6.62,N,0
40.01104,-120.57441,307.77,0.35,0.56,2021-08-31,912,N,VIIRS,n,2,289.12,6.62,N,0
40.0112,-120.48991,324.52,0.34,0.56,2021-08-31,912,N,VIIRS,n,2,287.8,4.3,N,0
40.01128,-120.57841,310.65,0.35,0.56,2021-08-31,912,N,VIIRS,n,2,290.86,5.43,N,0
40.01143,-120.49369,354.29,0.34,0.56,2021-08-31,912,N,VIIRS,n,2,295.15,5.34,N,0
40.01167,-120.49757,344.11,0.34,0.56,2021-08-31,912,N,VIIRS,n,2,299.17,5.34,N,0
40.01191,-120.50161,342.07,0.34,0.56,2021-08-31,912,N,VIIRS,n,2,300.23,6.83,N,0
40.01217,-120.50579,333.47,0.34,0.56,2021-08-31,912,N,VIIRS,n,2,297.77,6.83,N,0
40.01242,-120.51006,335.09,0.34,0.56,2021-08-31,912,N,VIIRS,n,2,299.09,5.52,N,0
40.01268,-120.51418,331.98,0.34,0.56,2021-08-31,912,N,VIIRS,n,2,298.87,5.52,N,0
40.01292,-120.51817,333.17,0.34,0.56,2021-08-31,912,N,VIIRS,n,2,297.04,4.05,N,0
40.01297,-120.60664,306.98,0.35,0.57,2021-08-31,912,N,VIIRS,n,2,290.92,1.9,N,0
40.01316,-120.5222,329.94,0.34,0.56,2021-08-31,912,N,VIIRS,n,2,294.66,4.05,N,0
40.01341,-120.5263,331.48,0.34,0.56,2021-08-31,912,N,VIIRS,n,2,292.92,3.06,N,0
40.01366,-120.53043,323.76,0.34,0.56,2021-08-31,912,N,VIIRS,n,2,291.36,3.06,N,0
40.01392,-120.53466,321.25,0.34,0.56,2021-08-31,912,N,VIIRS,n,2,292.87,3,N,0
40.01417,-120.53876,325.23,0.34,0.56,2021-08-31,912,N,VIIRS,n,2,293.46,3,N,0
40.01441,-120.54275,323.22,0.34,0.56,2021-08-31,912,N,VIIRS,n,2,291.67,2.87,N,0
40.01466,-120.54681,317.49,0.34,0.56,2021-08-31,912,N,VIIRS,n,2,291.99,2.87,N,0
40.01491,-120.55106,318.24,0.34,0.56,2021-08-31,912,N,VIIRS,n,2,292.4,2.54,N,0
40.01517,-120.55537,328.83,0.35,0.56,2021-08-31,912,N,VIIRS,n,2,293.31,2.54,N,0
40.01543,-120.55965,338.87,0.35,0.56,2021-08-31,912,N,VIIRS,n,2,294.79,5.09,N,0
40.01571,-120.56423,367,0.35,0.56,2021-08-31,912,N,VIIRS,h,2,300.86,5.09,N,0
40.01595,-120.48163,298.5,0.34,0.56,2021-08-31,912,N,VIIRS,n,2,286.31,4.65,N,0
40.01601,-120.56921,354.82,0.35,0.56,2021-08-31,912,N,VIIRS,n,2,298.1,6.62,N,0
40.0162,-120.48567,367,0.34,0.56,2021-08-31,912,N,VIIRS,h,2,299.21,10.67,N,0
40.01628,-120.57389,367,0.35,0.56,2021-08-31,912,N,VIIRS,h,2,294.76,6.62,N,0
40.01643,-120.48952,367,0.34,0.56,2021-08-31,912,N,VIIRS,h,2,302.49,10.67,N,0
40.01654,-120.57816,367,0.35,0.56,2021-08-31,912,N,VIIRS,h,2,296.23,5.43,N,0
40.01666,-120.49324,340.2,0.34,0.56,2021-08-31,912,N,VIIRS,n,2,297.97,10.02,N,0
40.01678,-120.58214,310.09,0.35,0.56,2021-08-31,912,N,VIIRS,n,2,290.4,5.43,N,0
40.01689,-120.49706,341.89,0.34,0.56,2021-08-31,912,N,VIIRS,n,2,296.99,10.02,N,0
40.01714,-120.50114,341.45,0.34,0.56,2021-08-31,912,N,VIIRS,n,2,297.83,7.53,N,0
40.01741,-120.50539,325.07,0.34,0.56,2021-08-31,912,N,VIIRS,n,2,291.95,7.53,N,0
40.01767,-120.50977,325.86,0.34,0.56,2021-08-31,912,N,VIIRS,n,2,293.24,5.7,N,0
40.01793,-120.51402,320.5,0.34,0.56,2021-08-31,912,N,VIIRS,n,2,292.05,5.7,N,0
40.01818,-120.51811,324.13,0.34,0.56,2021-08-31,912,N,VIIRS,n,2,295.41,5.11,N,0
40.01842,-120.52209,333.22,0.34,0.56,2021-08-31,912,N,VIIRS,n,2,296.03,5.11,N,0
40.01866,-120.52599,343.36,0.34,0.56,2021-08-31,912,N,VIIRS,n,2,297.4,5.45,N,0
40.01891,-120.53001,338.26,0.34,0.56,2021-08-31,912,N,VIIRS,n,2,296.46,5.45,N,0
40.0191,-120.80165,302.38,0.36,0.57,2021-08-31,912,N,VIIRS,n,2,285.4,4.15,N,0
40.01917,-120.53432,337.46,0.34,0.56,2021-08-31,912,N,VIIRS,n,2,295.17,3.59,N,0
40.01933,-120.80571,334.06,0.36,0.57,2021-08-31,912,N,VIIRS,n,2,287.61,153.95,N,0
40.01942,-120.53855,315.84,0.34,0.56,2021-08-31,912,N,VIIRS,n,2,293.09,3.59,N,0
40.01967,-120.54256,312.05,0.34,0.56,2021-08-31,912,N,VIIRS,n,2,291.44,2.51,N,0
40.01991,-120.54661,316.42,0.34,0.56,2021-08-31,912,N,VIIRS,n,2,291.3,2.51,N,0
40.02015,-120.81997,367,0.36,0.57,2021-08-31,912,N,VIIRS,h,2,295.59,359.92,N,0
40.02017,-120.55077,319.25,0.34,0.56,2021-08-31,912,N,VIIRS,n,2,292.65,4.96,N,0
40.02039,-120.46848,297.76,0.34,0.56,2021-08-31,912,N,VIIRS,n,2,286.95,3.09,N,0
40.02042,-120.55497,341.37,0.35,0.56,2021-08-31,912,N,VIIRS,n,2,298.95,4.96,N,0
40.02047,-120.82553,307.55,0.36,0.57,2021-08-31,912,N,VIIRS,n,2,288.84,18.57,N,0
40.02064,-120.47259,346.99,0.34,0.56,2021-08-31,912,N,VIIRS,n,2,292.5,3.09,N,0
40.02067,-120.55908,353.92,0.35,0.56,2021-08-31,912,N,VIIRS,n,2,302.21,13.07,N,0
40.02092,-120.47696,302.84,0.34,0.56,2021-08-31,912,N,VIIRS,n,2,288.5,4.65,N,0
40.02094,-120.56345,367,0.35,0.56,2021-08-31,912,N,VIIRS,h,2,302.08,13.07,N,0
40.02118,-120.48123,346.72,0.34,0.56,2021-08-31,912,N,VIIRS,n,2,292.5,4.65,N,0
40.02123,-120.56822,367,0.35,0.56,2021-08-31,912,N,VIIRS,h,2,299.83,12.79,N,0
40.02139,-120.65913,307.8,0.35,0.57,2021-08-31,912,N,VIIRS,n,2,288.89,0.84,N,0
40.02143,-120.48531,334.71,0.34,0.56,2021-08-31,912,N,VIIRS,n,2,293.08,10.67,N,0
40.02151,-120.57296,367,0.35,0.56,2021-08-31,912,N,VIIRS,h,2,296.8,12.79,N,0
40.02166,-120.48914,367,0.34,0.56,2021-08-31,912,N,VIIRS,h,2,304.68,10.67,N,0
40.02179,-120.57754,310.67,0.35,0.56,2021-08-31,912,N,VIIRS,n,2,287.34,8.16,N,0
40.02189,-120.49284,367,0.34,0.56,2021-08-31,912,N,VIIRS,h,2,306.13,10.02,N,0
40.02213,-120.49667,367,0.34,0.56,2021-08-31,912,N,VIIRS,h,2,302.83,10.02,N,0
40.02238,-120.50076,356.31,0.34,0.56,2021-08-31,912,N,VIIRS,n,2,302.01,7.53,N,0
40.02264,-120.50503,367,0.34,0.56,2021-08-31,912,N,VIIRS,h,2,301.05,7.53,N,0
40.02291,-120.50938,354.2,0.34,0.56,2021-08-31,912,N,VIIRS,n,2,298.51,5.7,N,0
40.02317,-120.51372,346.95,0.34,0.56,2021-08-31,912,N,VIIRS,n,2,297.15,5.7,N,0
40.02344,-120.51797,334.62,0.34,0.56,2021-08-31,912,N,VIIRS,n,2,296.11,5.11,N,0
40.02369,-120.52201,344.99,0.34,0.56,2021-08-31,912,N,VIIRS,n,2,301.74,5.11,N,0
40.02392,-120.52592,346.98,0.34,0.56,2021-08-31,912,N,VIIRS,n,2,298.61,5.45,N,0
40.02413,-120.79635,303.03,0.36,0.57,2021-08-31,912,N,VIIRS,n,2,287.37,1.39,N,0
40.02417,-120.5299,322.9,0.34,0.56,2021-08-31,912,N,VIIRS,n,2,293.14,5.45,N,0
40.02436,-120.80016,301.08,0.36,0.57,2021-08-31,912,N,VIIRS,n,2,287.56,1.7,N,0
40.02442,-120.53408,317.9,0.34,0.56,2021-08-31,912,N,VIIRS,n,2,291.96,3.59,N,0
40.02459,-120.80414,308.19,0.36,0.57,2021-08-31,912,N,VIIRS,n,2,289.39,1.7,N,0
40.02482,-120.8082,340.49,0.36,0.57,2021-08-31,912,N,VIIRS,n,2,293.74,30.72,N,0
40.02552,-120.82037,367,0.36,0.57,2021-08-31,912,N,VIIRS,h,2,295.2,67.39,N,0
40.02568,-120.55468,339.57,0.35,0.56,2021-08-31,912,N,VIIRS,n,2,294.77,4.96,N,0
40.02581,-120.82531,305.97,0.36,0.57,2021-08-31,912,N,VIIRS,n,2,288.08,11.08,N,0
40.0259,-120.4726,331.96,0.34,0.56,2021-08-31,912,N,VIIRS,n,2,291.02,3.67,N,0
40.02592,-120.55856,367,0.35,0.56,2021-08-31,912,N,VIIRS,h,2,302.6,13.07,N,0
40.02616,-120.56255,367,0.35,0.56,2021-08-31,912,N,VIIRS,h,2,311.64,13.07,N,0
40.02616,-120.47682,341.63,0.34,0.56,2021-08-31,912,N,VIIRS,n,2,292.15,4.53,N,0
40.02642,-120.56683,367,0.35,0.56,2021-08-31,912,N,VIIRS,h,2,301.12,12.79,N,0
40.02642,-120.481,343.35,0.34,0.56,2021-08-31,912,N,VIIRS,n,2,296.41,4.53,N,0
40.02667,-120.48508,331.86,0.34,0.56,2021-08-31,912,N,VIIRS,n,2,296.51,7.78,N,0
40.02669,-120.57121,308.26,0.35,0.56,2021-08-31,912,N,VIIRS,n,2,288.88,12.79,N,0
40.02692,-120.48898,367,0.34,0.56,2021-08-31,912,N,VIIRS,h,2,310.02,7.78,N,0
40.02715,-120.49276,349.56,0.34,0.56,2021-08-31,912,N,VIIRS,n,2,325.29,34.54,N,0
40.02739,-120.49665,367,0.34,0.56,2021-08-31,912,N,VIIRS,h,2,321.64,34.54,N,0
40.02764,-120.50072,367,0.34,0.56,2021-08-31,912,N,VIIRS,h,2,317.67,30.03,N,0
40.02789,-120.50486,367,0.34,0.56,2021-08-31,912,N,VIIRS,h,2,318.32,30.03,N,0
40.02815,-120.50906,367,0.34,0.56,2021-08-31,912,N,VIIRS,h,2,310.13,22.47,N,0
40.02842,-120.51329,367,0.34,0.56,2021-08-31,912,N,VIIRS,h,2,304.45,22.47,N,0
40.02869,-120.51768,351.43,0.34,0.56,2021-08-31,912,N,VIIRS,n,2,299.93,11.32,N,0
40.02895,-120.52191,339.07,0.34,0.56,2021-08-31,912,N,VIIRS,n,2,296.46,11.32,N,0
40.02919,-120.52594,346.36,0.34,0.56,2021-08-31,912,N,VIIRS,n,2,296.42,6.37,N,0
40.03034,-120.81121,301.2,0.36,0.57,2021-08-31,912,N,VIIRS,n,2,289.11,30.72,N,0
40.03055,-120.81477,310.12,0.36,0.57,2021-08-31,912,N,VIIRS,n,2,289.17,30.72,N,0
40.03075,-120.81819,313.48,0.36,0.57,2021-08-31,912,N,VIIRS,n,2,288.9,67.39,N,0
40.03097,-120.82195,300.64,0.36,0.57,2021-08-31,912,N,VIIRS,n,2,287.87,67.39,N,0
40.03117,-120.5582,331.6,0.35,0.56,2021-08-31,912,N,VIIRS,n,2,292.45,4.81,N,0
40.0314,-120.56199,354.31,0.35,0.56,2021-08-31,912,N,VIIRS,n,2,295.69,4.81,N,0
40.03164,-120.56593,311.87,0.35,0.56,2021-08-31,912,N,VIIRS,n,2,289.53,4.94,N,0
40.03166,-120.4807,307.3,0.34,0.56,2021-08-31,912,N,VIIRS,n,2,286.76,4.53,N,0
40.03191,-120.48481,305,0.34,0.56,2021-08-31,912,N,VIIRS,n,2,288.85,7.78,N,0
40.03216,-120.4888,307.19,0.34,0.56,2021-08-31,912,N,VIIRS,n,2,289.54,7.78,N,0
40.03241,-120.49271,355.66,0.34,0.56,2021-08-31,912,N,VIIRS,n,2,299.73,34.54,N,0
40.03265,-120.49667,353.69,0.34,0.56,2021-08-31,912,N,VIIRS,n,2,329.24,34.54,N,0
40.0329,-120.50072,367,0.34,0.56,2021-08-31,912,N,VIIRS,h,2,324.17,30.03,N,0
40.03315,-120.50481,367,0.34,0.56,2021-08-31,912,N,VIIRS,h,2,308.18,30.03,N,0
40.03341,-120.50887,367,0.34,0.56,2021-08-31,912,N,VIIRS,h,2,310.13,22.47,N,0
40.03366,-120.51299,367,0.34,0.56,2021-08-31,912,N,VIIRS,h,2,315.68,22.47,N,0
40.03392,-120.51727,367,0.34,0.56,2021-08-31,912,N,VIIRS,h,2,302.37,11.32,N,0
40.03419,-120.52153,367,0.34,0.56,2021-08-31,912,N,VIIRS,h,2,300.02,11.32,N,0
40.03445,-120.52573,301.56,0.34,0.56,2021-08-31,912,N,VIIRS,n,2,287.17,6.37,N,0
40.03523,-120.80334,307.49,0.36,0.57,2021-08-31,912,N,VIIRS,n,2,291,1.44,N,0
40.03545,-120.8072,306.81,0.36,0.57,2021-08-31,912,N,VIIRS,n,2,291.05,1.69,N,0
40.04049,-120.80174,311.13,0.36,0.57,2021-08-31,912,N,VIIRS,n,2,289.49,1.44,N,0
39.90947,-120.65323,299.18,0.45,0.63,2021-08-31,1052,N,VIIRS,n,2,286.54,41.3,N,0
39.91086,-120.65804,301.17,0.45,0.63,2021-08-31,1052,N,VIIRS,n,2,286.71,257.6,N,0
39.91359,-120.64574,302.1,0.45,0.63,2021-08-31,1052,N,VIIRS,n,2,286.54,41.3,N,0
39.91511,-120.65096,347.88,0.45,0.63,2021-08-31,1052,N,VIIRS,n,2,294.7,41.3,N,0
39.91791,-120.66064,367,0.45,0.63,2021-08-31,1052,N,VIIRS,h,2,311.58,257.6,N,0
39.91878,-120.64191,303.93,0.45,0.63,2021-08-31,1052,N,VIIRS,n,2,288.8,7.67,N,0
39.91947,-120.66605,334.98,0.45,0.63,2021-08-31,1052,N,VIIRS,n,2,293.49,22.27,N,0
39.92035,-120.64732,332.61,0.45,0.63,2021-08-31,1052,N,VIIRS,n,2,293.45,7.67,N,0
39.92106,-120.67152,314.52,0.45,0.63,2021-08-31,1052,N,VIIRS,n,2,289.36,22.27,N,0
39.92245,-120.67632,311.18,0.45,0.63,2021-08-31,1052,N,VIIRS,n,2,289.08,2.11,N,0
39.92318,-120.65711,367,0.45,0.63,2021-08-31,1052,N,VIIRS,h,2,308.84,60.87,N,0
39.92378,-120.68092,309.1,0.45,0.63,2021-08-31,1052,N,VIIRS,n,2,289.14,2.11,N,0
39.92466,-120.66223,334.38,0.45,0.63,2021-08-31,1052,N,VIIRS,n,2,296.26,9.28,N,0
39.92522,-120.68591,306.28,0.45,0.63,2021-08-31,1052,N,VIIRS,n,2,289.45,2.6,N,0
39.92524,-120.64245,308.34,0.45,0.63,2021-08-31,1052,N,VIIRS,n,2,289.45,7.67,N,0
39.92628,-120.66782,314.02,0.45,0.63,2021-08-31,1052,N,VIIRS,n,2,289.71,9.28,N,0
39.92672,-120.64759,350.56,0.45,0.63,2021-08-31,1052,N,VIIRS,n,2,297.32,60.87,N,0
39.92773,-120.67284,303.2,0.45,0.63,2021-08-31,1052,N,VIIRS,n,2,287.36,1.46,N,0
39.92813,-120.65247,343.66,0.45,0.63,2021-08-31,1052,N,VIIRS,n,2,298.5,60.87,N,0
39.92902,-120.6773,307.82,0.45,0.63,2021-08-31,1052,N,VIIRS,n,2,289.71,1.46,N,0
39.92958,-120.65746,319.41,0.45,0.63,2021-08-31,1052,N,VIIRS,n,2,294.23,9.28,N,0
39.93043,-120.68217,304.95,0.45,0.63,2021-08-31,1052,N,VIIRS,n,2,289.88,1.76,N,0
39.9311,-120.66272,310.59,0.45,0.63,2021-08-31,1052,N,VIIRS,n,2,291.87,9.28,N,0
39.93166,-120.6429,342.4,0.45,0.63,2021-08-31,1052,N,VIIRS,n,2,294.12,3.69,N,0
39.93269,-120.66824,304.9,0.45,0.63,2021-08-31,1052,N,VIIRS,n,2,289.84,1.46,N,0
39.93314,-120.64801,318.1,0.45,0.63,2021-08-31,1052,N,VIIRS,n,2,293.89,3.69,N,0
39.9341,-120.67313,302.36,0.45,0.63,2021-08-31,1052,N,VIIRS,n,2,290.13,1.46,N,0
39.93456,-120.65293,305.38,0.45,0.63,2021-08-31,1052,N,VIIRS,n,2,291.79,2.31,N,0
39.93539,-120.63401,300.19,0.45,0.63,2021-08-31,1052,N,VIIRS,n,2,285.85,3.27,N,0
39.9355,-120.67798,302.23,0.45,0.63,2021-08-31,1052,N,VIIRS,n,2,290.51,1.76,N,0
39.936,-120.6579,308.99,0.45,0.63,2021-08-31,1052,N,VIIRS,n,2,292.55,2.31,N,0
39.93688,-120.63914,325.09,0.45,0.63,2021-08-31,1052,N,VIIRS,n,2,294.75,3.69,N,0
39.93748,-120.66305,306.61,0.45,0.63,2021-08-31,1052,N,VIIRS,n,2,291.75,4.4,N,0
39.93817,-120.62178,316.53,0.45,0.63,2021-08-31,1052,N,VIIRS,n,2,288.35,2.42,N,0
39.93832,-120.64414,309.73,0.45,0.63,2021-08-31,1052,N,VIIRS,n,2,294.16,3.69,N,0
39.93958,-120.62666,306.52,0.45,0.63,2021-08-31,1052,N,VIIRS,n,2,288.82,1.99,N,0
39.94099,-120.63155,311.34,0.45,0.63,2021-08-31,1052,N,VIIRS,n,2,291.83,1.99,N,0
39.94122,-120.6542,305.1,0.45,0.63,2021-08-31,1052,N,VIIRS,n,2,291.07,2.31,N,0
39.94215,-120.72277,302.95,0.45,0.63,2021-08-31,1052,N,VIIRS,n,2,287.91,1.83,N,0
39.94236,-120.63634,308.65,0.45,0.63,2021-08-31,1052,N,VIIRS,n,2,292.05,2.84,N,0
39.94268,-120.61559,317.39,0.45,0.63,2021-08-31,1052,N,VIIRS,n,2,291.38,2.42,N,0
39.94295,-120.53323,325.71,0.46,0.63,2021-08-31,1052,N,VIIRS,n,2,286.4,5.48,N,0
39.94355,-120.53081,299.64,0.46,0.63,2021-08-31,1052,N,VIIRS,n,2,285.73,5.12,N,0
39.94378,-120.64127,303.75,0.45,0.63,2021-08-31,1052,N,VIIRS,n,2,290.63,2.84,N,0
39.94408,-120.62046,315.24,0.45,0.63,2021-08-31,1052,N,VIIRS,n,2,292.19,2.42,N,0
39.94465,-120.53897,349.13,0.46,0.63,2021-08-31,1052,N,VIIRS,n,2,290.31,5.48,N,0
39.9452,-120.53657,367,0.46,0.63,2021-08-31,1052,N,VIIRS,h,2,291.75,5.12,N,0
39.9453,-120.60579,318.45,0.45,0.63,2021-08-31,1052,N,VIIRS,n,2,288.84,2.2,N,0
39.94543,-120.62516,309.74,0.45,0.63,2021-08-31,1052,N,VIIRS,n,2,291.49,1.99,N,0
39.94548,-120.60344,311.48,0.45,0.63,2021-08-31,1052,N,VIIRS,n,2,287.84,2.46,N,0
39.94676,-120.62976,307.89,0.45,0.63,2021-08-31,1052,N,VIIRS,n,2,292.39,1.99,N,0
39.94677,-120.54205,298.83,0.46,0.63,2021-08-31,1052,N,VIIRS,n,2,287.62,7,N,0
39.94679,-120.61086,317.13,0.45,0.63,2021-08-31,1052,N,VIIRS,n,2,291.2,2.2,N,0
39.94702,-120.6088,324.39,0.45,0.63,2021-08-31,1052,N,VIIRS,n,2,291.39,2.46,N,0
39.94813,-120.61543,307.35,0.45,0.63,2021-08-31,1052,N,VIIRS,n,2,291.7,1.84,N,0
39.94837,-120.61346,308.08,0.45,0.63,2021-08-31,1052,N,VIIRS,n,2,291.59,2.15,N,0
39.9485,-120.53055,302.65,0.46,0.63,2021-08-31,1052,N,VIIRS,n,2,287.65,1.76,N,0
39.94946,-120.61994,310.65,0.45,0.63,2021-08-31,1052,N,VIIRS,n,2,291.79,1.84,N,0
39.94968,-120.61803,308.88,0.45,0.63,2021-08-31,1052,N,VIIRS,n,2,291.59,2.15,N,0
39.94997,-120.53556,302.11,0.46,0.63,2021-08-31,1052,N,VIIRS,n,2,287.83,1.76,N,0
39.95076,-120.60287,311.62,0.45,0.63,2021-08-31,1052,N,VIIRS,n,2,290.73,2.2,N,0
39.95098,-120.60064,307.63,0.45,0.63,2021-08-31,1052,N,VIIRS,n,2,289.52,2.46,N,0
39.951,-120.64449,303.53,0.45,0.63,2021-08-31,1052,N,VIIRS,n,2,290.1,3.81,N,0
39.95102,-120.62268,306.65,0.45,0.63,2021-08-31,1052,N,VIIRS,n,2,291.05,2.7,N,0
39.95142,-120.54049,300.01,0.46,0.63,2021-08-31,1052,N,VIIRS,n,2,287.84,2.84,N,0
39.95152,-120.68997,301.74,0.45,0.63,2021-08-31,1052,N,VIIRS,n,2,289.29,1.44,N,0
39.95216,-120.60766,308.62,0.45,0.63,2021-08-31,1052,N,VIIRS,n,2,291.1,2.2,N,0
39.95243,-120.60569,309.33,0.45,0.63,2021-08-31,1052,N,VIIRS,n,2,290.87,2.46,N,0
39.95286,-120.69463,301.85,0.45,0.63,2021-08-31,1052,N,VIIRS,n,2,290.13,1.44,N,0
39.95289,-120.54549,315.68,0.46,0.63,2021-08-31,1052,N,VIIRS,n,2,287.88,2.84,N,0
39.95325,-120.58986,346.12,0.45,0.63,2021-08-31,1052,N,VIIRS,n,2,291.5,4.32,N,0
39.95331,-120.54279,315.72,0.46,0.63,2021-08-31,1052,N,VIIRS,n,2,288.39,3.55,N,0
39.95354,-120.61236,309.62,0.45,0.63,2021-08-31,1052,N,VIIRS,n,2,290.77,1.84,N,0
39.95356,-120.58767,336.09,0.46,0.63,2021-08-31,1052,N,VIIRS,n,2,290.7,3.52,N,0
39.95379,-120.61044,310.24,0.45,0.63,2021-08-31,1052,N,VIIRS,n,2,290.82,2.15,N,0
39.95391,-120.63272,302.69,0.45,0.63,2021-08-31,1052,N,VIIRS,n,2,289.41,2.13,N,0
39.95481,-120.54803,298.34,0.46,0.63,2021-08-31,1052,N,VIIRS,n,2,286.23,3.69,N,0
39.9549,-120.59549,313.85,0.45,0.63,2021-08-31,1052,N,VIIRS,n,2,289.23,4.32,N,0
39.95503,-120.61745,306.78,0.45,0.63,2021-08-31,1052,N,VIIRS,n,2,289.8,1.84,N,0
39.95518,-120.59333,332.2,0.45,0.63,2021-08-31,1052,N,VIIRS,n,2,290.54,3.52,N,0
39.95526,-120.61554,306.11,0.45,0.63,2021-08-31,1052,N,VIIRS,n,2,289.46,2.15,N,0
39.95536,-120.64002,306.3,0.45,0.63,2021-08-31,1052,N,VIIRS,n,2,290.15,3.98,N,0
39.95547,-120.6382,304.94,0.45,0.63,2021-08-31,1052,N,VIIRS,n,2,290.11,2.13,N,0
39.95691,-120.62128,304.57,0.45,0.63,2021-08-31,1052,N,VIIRS,n,2,289.36,2.7,N,0
39.95707,-120.64374,303.39,0.45,0.63,2021-08-31,1052,N,VIIRS,n,2,290.2,3.23,N,0
39.95742,-120.58251,308.59,0.45,0.63,2021-08-31,1052,N,VIIRS,n,2,289.72,4.73,N,0
39.95765,-120.57997,308.63,0.46,0.63,2021-08-31,1052,N,VIIRS,n,2,288.96,4.23,N,0
39.95791,-120.60574,308.12,0.45,0.63,2021-08-31,1052,N,VIIRS,n,2,290.2,5.37,N,0
39.95806,-120.54153,341.82,0.46,0.63,2021-08-31,1052,N,VIIRS,n,2,290.49,2.84,N,0
39.95816,-120.60374,303.91,0.45,0.63,2021-08-31,1052,N,VIIRS,n,2,289.75,3.26,N,0
39.9585,-120.53886,313.12,0.46,0.63,2021-08-31,1052,N,VIIRS,n,2,287.47,3.55,N,0
39.95913,-120.58836,305.56,0.45,0.63,2021-08-31,1052,N,VIIRS,n,2,289.04,4.32,N,0
39.95934,-120.5675,367,0.46,0.63,2021-08-31,1052,N,VIIRS,h,2,288.21,15.8,N,0
39.95936,-120.58595,304.28,0.46,0.63,2021-08-31,1052,N,VIIRS,n,2,289.33,3.52,N,0
39.95955,-120.61134,309.33,0.45,0.63,2021-08-31,1052,N,VIIRS,n,2,289.34,2.59,N,0
39.95961,-120.5648,351.17,0.46,0.63,2021-08-31,1052,N,VIIRS,n,2,289.33,14.25,N,0
39.95961,-120.54681,303.52,0.46,0.63,2021-08-31,1052,N,VIIRS,n,2,286.73,5.22,N,0
39.95972,-120.60918,310.62,0.45,0.63,2021-08-31,1052,N,VIIRS,n,2,289.76,1.87,N,0
39.95998,-120.54405,331.07,0.46,0.63,2021-08-31,1052,N,VIIRS,n,2,288.3,3.69,N,0
39.96097,-120.57307,325.64,0.46,0.63,2021-08-31,1052,N,VIIRS,n,2,289.83,9.21,N,0
39.96108,-120.59196,306.34,0.45,0.63,2021-08-31,1052,N,VIIRS,n,2,288.79,3.52,N,0
39.96116,-120.5702,367,0.46,0.63,2021-08-31,1052,N,VIIRS,h,2,291.66,12.32,N,0
39.96124,-120.55241,313.33,0.46,0.63,2021-08-31,1052,N,VIIRS,n,2,287.7,5.22,N,0
39.96134,-120.61745,304.07,0.45,0.63,2021-08-31,1052,N,VIIRS,n,2,287.97,2.59,N,0
39.96146,-120.61525,302.07,0.45,0.63,2021-08-31,1052,N,VIIRS,n,2,287.7,1.87,N,0
39.96156,-120.54955,301.62,0.46,0.63,2021-08-31,1052,N,VIIRS,n,2,287.21,3.69,N,0
39.96274,-120.57912,307.19,0.45,0.63,2021-08-31,1052,N,VIIRS,n,2,289.11,9.21,N,0
39.96285,-120.55791,334.28,0.46,0.63,2021-08-31,1052,N,VIIRS,n,2,289.32,15.8,N,0
39.96287,-120.57619,311.57,0.46,0.63,2021-08-31,1052,N,VIIRS,n,2,289.08,12.32,N,0
39.96315,-120.55509,343.38,0.46,0.63,2021-08-31,1052,N,VIIRS,n,2,291.32,14.25,N,0
39.96333,-120.62421,303.54,0.45,0.63,2021-08-31,1052,N,VIIRS,n,2,288.54,1.39,N,0
39.96334,-120.62183,304.83,0.45,0.63,2021-08-31,1052,N,VIIRS,n,2,288.36,1.95,N,0
39.96408,-120.60241,302.05,0.45,0.63,2021-08-31,1052,N,VIIRS,n,2,289.86,3.26,N,0
39.96442,-120.56326,355.74,0.46,0.63,2021-08-31,1052,N,VIIRS,n,2,302.1,15.8,N,0
39.96449,-120.58509,306.93,0.45,0.63,2021-08-31,1052,N,VIIRS,n,2,289.17,1.82,N,0
39.96459,-120.58218,307.23,0.46,0.63,2021-08-31,1052,N,VIIRS,n,2,288.85,2.07,N,0
39.96471,-120.56055,353.36,0.46,0.63,2021-08-31,1052,N,VIIRS,n,2,294.32,14.25,N,0
39.96481,-120.54299,312.78,0.46,0.63,2021-08-31,1052,N,VIIRS,n,2,285.95,4.41,N,0
39.96523,-120.63069,303.18,0.45,0.63,2021-08-31,1052,N,VIIRS,n,2,288.16,1.39,N,0
39.96582,-120.60851,302.38,0.45,0.63,2021-08-31,1052,N,VIIRS,n,2,288.27,1.87,N,0
39.966,-120.56866,321.42,0.46,0.63,2021-08-31,1052,N,VIIRS,n,2,289.12,9.21,N,0
39.96612,-120.59065,311.26,0.45,0.63,2021-08-31,1052,N,VIIRS,n,2,289.96,1.82,N,0
39.96619,-120.5878,308.26,0.45,0.63,2021-08-31,1052,N,VIIRS,n,2,289.38,2.07,N,0
39.96626,-120.56596,346.17,0.46,0.63,2021-08-31,1052,N,VIIRS,n,2,291.48,12.32,N,0
39.96637,-120.54832,345.23,0.46,0.63,2021-08-31,1052,N,VIIRS,n,2,291.17,4.41,N,0
39.96674,-120.63586,300.99,0.45,0.63,2021-08-31,1052,N,VIIRS,n,2,287.65,1.81,N,0
39.96687,-120.63412,303.3,0.45,0.63,2021-08-31,1052,N,VIIRS,n,2,288.16,2.16,N,0
39.96765,-120.5743,309.48,0.45,0.63,2021-08-31,1052,N,VIIRS,n,2,288.06,9.21,N,0
39.96783,-120.57147,309.69,0.46,0.63,2021-08-31,1052,N,VIIRS,n,2,288.59,12.32,N,0
39.96793,-120.59389,308.84,0.45,0.63,2021-08-31,1052,N,VIIRS,n,2,289.89,2.36,N,0
39.96793,-120.55367,321.8,0.46,0.63,2021-08-31,1052,N,VIIRS,n,2,290.01,4.4,N,0
39.9683,-120.63914,303.24,0.45,0.63,2021-08-31,1052,N,VIIRS,n,2,288.5,2.16,N,0
39.96929,-120.57991,307.21,0.45,0.63,2021-08-31,1052,N,VIIRS,n,2,287.85,1.82,N,0
39.96946,-120.57716,309.46,0.46,0.63,2021-08-31,1052,N,VIIRS,n,2,288.09,2.07,N,0
39.96952,-120.55907,308.08,0.46,0.63,2021-08-31,1052,N,VIIRS,n,2,289.09,4.4,N,0
39.96957,-120.62399,308.29,0.45,0.63,2021-08-31,1052,N,VIIRS,n,2,288.2,1.39,N,0
39.96958,-120.62166,308.2,0.45,0.63,2021-08-31,1052,N,VIIRS,n,2,288.21,1.95,N,0
39.97092,-120.5855,308.38,0.45,0.63,2021-08-31,1052,N,VIIRS,n,2,289.79,1.82,N,0
39.97107,-120.58281,306.2,0.45,0.63,2021-08-31,1052,N,VIIRS,n,2,289.17,2.07,N,0
39.97112,-120.56454,306.43,0.46,0.63,2021-08-31,1052,N,VIIRS,n,2,288.86,2.98,N,0
39.97132,-120.62997,308.66,0.45,0.63,2021-08-31,1052,N,VIIRS,n,2,287.49,1.39,N,0
39.97137,-120.62791,314.62,0.45,0.63,2021-08-31,1052,N,VIIRS,n,2,288.04,1.95,N,0
39.97175,-120.60728,306.98,0.45,0.63,2021-08-31,1052,N,VIIRS,n,2,289.49,2.31,N,0
39.97176,-120.60995,306.38,0.45,0.63,2021-08-31,1052,N,VIIRS,n,2,289.74,1.57,N,0
39.97273,-120.57008,313.06,0.45,0.63,2021-08-31,1052,N,VIIRS,n,2,289.51,2.98,N,0
39.97279,-120.63501,301.85,0.45,0.63,2021-08-31,1052,N,VIIRS,n,2,287.45,1.81,N,0
39.97288,-120.58916,306.29,0.45,0.63,2021-08-31,1052,N,VIIRS,n,2,289.77,2.36,N,0
39.97296,-120.59245,304.84,0.45,0.63,2021-08-31,1052,N,VIIRS,n,2,289.37,3.05,N,0
39.97342,-120.61562,307.26,0.45,0.63,2021-08-31,1052,N,VIIRS,n,2,288.97,1.57,N,0
39.97344,-120.61317,304.99,0.45,0.63,2021-08-31,1052,N,VIIRS,n,2,289.08,2.31,N,0
39.97441,-120.57586,312.25,0.45,0.63,2021-08-31,1052,N,VIIRS,n,2,289.1,2.07,N,0
39.97503,-120.59667,303.96,0.45,0.63,2021-08-31,1052,N,VIIRS,n,2,289.28,2.36,N,0
39.97507,-120.59972,305.08,0.45,0.63,2021-08-31,1052,N,VIIRS,n,2,289.59,3.05,N,0
39.9751,-120.619,312.1,0.45,0.63,2021-08-31,1052,N,VIIRS,n,2,289.35,1.98,N,0
39.97513,-120.62147,313.41,0.45,0.63,2021-08-31,1052,N,VIIRS,n,2,289.36,1.82,N,0
39.9762,-120.58195,308.39,0.45,0.63,2021-08-31,1052,N,VIIRS,n,2,290.03,2.07,N,0
39.97681,-120.62498,316.54,0.45,0.63,2021-08-31,1052,N,VIIRS,n,2,289.23,1.98,N,0
39.97685,-120.62736,314.46,0.45,0.63,2021-08-31,1052,N,VIIRS,n,2,288.49,1.82,N,0
39.97688,-120.60588,307.75,0.45,0.63,2021-08-31,1052,N,VIIRS,n,2,290.22,1.57,N,0
39.97689,-120.60323,307.74,0.45,0.63,2021-08-31,1052,N,VIIRS,n,2,290.08,2.31,N,0
39.9775,-120.5431,311.35,0.46,0.63,2021-08-31,1052,N,VIIRS,n,2,287.22,2.16,N,0
39.97818,-120.58874,308.81,0.45,0.63,2021-08-31,1052,N,VIIRS,n,2,289.73,1.79,N,0
39.97841,-120.63268,302.14,0.45,0.63,2021-08-31,1052,N,VIIRS,n,2,286.39,1.38,N,0
39.97842,-120.63062,307.48,0.45,0.63,2021-08-31,1052,N,VIIRS,n,2,286.89,3.92,N,0
39.97862,-120.61186,304.05,0.45,0.63,2021-08-31,1052,N,VIIRS,n,2,289.49,1.57,N,0
39.97893,-120.54802,302.14,0.46,0.63,2021-08-31,1052,N,VIIRS,n,2,285.21,1.73,N,0
39.97957,-120.57187,308.18,0.45,0.63,2021-08-31,1052,N,VIIRS,n,2,290.12,2.07,N,0
39.9798,-120.63744,300.85,0.45,0.63,2021-08-31,1052,N,VIIRS,n,2,286.24,1.38,N,0
39.98015,-120.53048,307.28,0.46,0.63,2021-08-31,1052,N,VIIRS,n,2,286.71,1.15,N,0
39.98026,-120.59589,306.26,0.45,0.63,2021-08-31,1052,N,VIIRS,n,2,290.32,1.79,N,0
39.98049,-120.61584,311.4,0.45,0.63,2021-08-31,1052,N,VIIRS,n,2,289.92,1.98,N,0
39.98056,-120.61849,312.74,0.45,0.63,2021-08-31,1052,N,VIIRS,n,2,289.57,1.82,N,0
39.98134,-120.57795,309.53,0.45,0.63,2021-08-31,1052,N,VIIRS,n,2,290.89,2.07,N,0
39.98186,-120.53636,312.2,0.46,0.63,2021-08-31,1052,N,VIIRS,n,2,287.69,2.16,N,0
39.9822,-120.60252,306.9,0.45,0.63,2021-08-31,1052,N,VIIRS,n,2,290.34,2.01,N,0
39.9824,-120.62254,305.67,0.45,0.63,2021-08-31,1052,N,VIIRS,n,2,287.69,1.98,N,0
39.98244,-120.62492,305.69,0.45,0.63,2021-08-31,1052,N,VIIRS,n,2,287.45,1.82,N,0
39.98328,-120.5846,307.65,0.45,0.63,2021-08-31,1052,N,VIIRS,n,2,291.38,1.79,N,0
39.98336,-120.5415,313.97,0.46,0.63,2021-08-31,1052,N,VIIRS,n,2,288.2,2.16,N,0
39.98429,-120.6097,303.91,0.45,0.63,2021-08-31,1052,N,VIIRS,n,2,288.56,2.01,N,0
39.9847,-120.54612,305.14,0.46,0.63,2021-08-31,1052,N,VIIRS,n,2,286.84,1.73,N,0
39.98482,-120.76244,306.56,0.45,0.63,2021-08-31,1052,N,VIIRS,n,2,287.18,1.61,N,0
39.9853,-120.59151,304.77,0.45,0.63,2021-08-31,1052,N,VIIRS,n,2,289.61,1.79,N,0
39.98602,-120.52892,317.02,0.46,0.63,2021-08-31,1052,N,VIIRS,n,2,288.41,2.36,N,0
39.98605,-120.55077,301.31,0.46,0.63,2021-08-31,1052,N,VIIRS,n,2,286.01,1.73,N,0
39.98639,-120.61688,310.8,0.45,0.63,2021-08-31,1052,N,VIIRS,n,2,286.88,2.51,N,0
39.98739,-120.59869,306.58,0.45,0.63,2021-08-31,1052,N,VIIRS,n,2,290.27,2.01,N,0
39.98748,-120.55566,306.66,0.46,0.63,2021-08-31,1052,N,VIIRS,n,2,286.04,1.85,N,0
39.9877,-120.5347,315.33,0.46,0.63,2021-08-31,1052,N,VIIRS,n,2,287.22,2.67,N,0
39.98824,-120.57997,303.69,0.45,0.63,2021-08-31,1052,N,VIIRS,n,2,289.41,1.82,N,0
39.98895,-120.56072,303.99,0.45,0.63,2021-08-31,1052,N,VIIRS,n,2,286.33,1.85,N,0
39.98914,-120.53964,312.9,0.46,0.63,2021-08-31,1052,N,VIIRS,n,2,287.97,2.67,N,0
39.98961,-120.60633,323.42,0.45,0.63,2021-08-31,1052,N,VIIRS,n,2,291.75,2.01,N,0
39.98985,-120.52034,306.9,0.46,0.63,2021-08-31,1052,N,VIIRS,n,2,287.84,2.36,N,0
39.99031,-120.58704,306.47,0.45,0.63,2021-08-31,1052,N,VIIRS,n,2,289.78,1.82,N,0
39.99039,-120.54395,307.92,0.46,0.63,2021-08-31,1052,N,VIIRS,n,2,287.73,1.87,N,0
39.99129,-120.76322,303.33,0.45,0.63,2021-08-31,1052,N,VIIRS,n,2,286.84,0.79,N,0
39.99154,-120.61295,311.05,0.45,0.63,2021-08-31,1052,N,VIIRS,n,2,287.8,2.51,N,0
39.99164,-120.52651,315.02,0.46,0.63,2021-08-31,1052,N,VIIRS,n,2,288.59,2.36,N,0
39.99175,-120.54861,301.88,0.46,0.63,2021-08-31,1052,N,VIIRS,n,2,287.72,1.87,N,0
39.99197,-120.76502,304.02,0.44,0.63,2021-08-31,1052,N,VIIRS,n,2,286.7,0.82,N,0
39.99237,-120.59415,306.58,0.45,0.63,2021-08-31,1052,N,VIIRS,n,2,289.51,2.18,N,0
39.99308,-120.76951,299.39,0.44,0.63,2021-08-31,1052,N,VIIRS,n,2,286.62,1.29,N,0
39.99322,-120.55367,304.88,0.46,0.63,2021-08-31,1052,N,VIIRS,n,2,287.12,1.64,N,0
39.99326,-120.53209,313.56,0.46,0.63,2021-08-31,1052,N,VIIRS,n,2,288.49,2.67,N,0
39.9933,-120.57565,308.87,0.45,0.63,2021-08-31,1052,N,VIIRS,n,2,285.5,1.82,N,0
39.99334,-120.61912,318.14,0.45,0.63,2021-08-31,1052,N,VIIRS,n,2,287.8,2.51,N,0
39.99378,-120.77122,297.35,0.44,0.63,2021-08-31,1052,N,VIIRS,n,2,286.29,0.82,N,0
39.99396,-120.51273,307.33,0.46,0.63,2021-08-31,1052,N,VIIRS,n,2,286.31,2.71,N,0
39.9946,-120.60182,310.35,0.45,0.63,2021-08-31,1052,N,VIIRS,n,2,290.49,2.18,N,0
39.99466,-120.53691,315.38,0.46,0.63,2021-08-31,1052,N,VIIRS,n,2,289.98,2.67,N,0
39.99474,-120.55891,309.32,0.45,0.63,2021-08-31,1052,N,VIIRS,n,2,287.12,1.64,N,0
39.99508,-120.62509,312.49,0.45,0.63,2021-08-31,1052,N,VIIRS,n,2,286.24,2.64,N,0
39.99517,-120.5821,324.64,0.45,0.63,2021-08-31,1052,N,VIIRS,n,2,290.03,1.82,N,0
39.99539,-120.7557,302.58,0.45,0.63,2021-08-31,1052,N,VIIRS,n,2,287.93,0.79,N,0
39.99555,-120.5182,325.99,0.46,0.63,2021-08-31,1052,N,VIIRS,n,2,290.08,3.49,N,0
39.99599,-120.5415,310.04,0.46,0.63,2021-08-31,1052,N,VIIRS,n,2,287.95,1.87,N,0
39.99611,-120.75777,298.78,0.44,0.63,2021-08-31,1052,N,VIIRS,n,2,287.16,0.82,N,0
39.99612,-120.56364,306.07,0.45,0.63,2021-08-31,1052,N,VIIRS,n,2,287.12,1.47,N,0
39.9965,-120.60833,312.62,0.45,0.63,2021-08-31,1052,N,VIIRS,n,2,289.89,1.89,N,0
39.99722,-120.52393,317.05,0.46,0.63,2021-08-31,1052,N,VIIRS,n,2,288.24,3.49,N,0
39.99731,-120.58946,303.21,0.45,0.63,2021-08-31,1052,N,VIIRS,n,2,289.84,2.18,N,0
39.99734,-120.56785,301.1,0.45,0.63,2021-08-31,1052,N,VIIRS,n,2,286.86,1.47,N,0
39.99737,-120.54621,303.28,0.46,0.63,2021-08-31,1052,N,VIIRS,n,2,286.7,1.87,N,0
39.99882,-120.52946,313.54,0.46,0.63,2021-08-31,1052,N,VIIRS,n,2,287.52,3.19,N,0
39.99885,-120.55131,301.63,0.46,0.63,2021-08-31,1052,N,VIIRS,n,2,287.68,1.64,N,0
39.9997,-120.51071,318.56,0.46,0.63,2021-08-31,1052,N,VIIRS,n,2,288.86,2.71,N,0
40.00026,-120.53441,317.94,0.46,0.63,2021-08-31,1052,N,VIIRS,n,2,289.13,3.19,N,0
40.00028,-120.57797,301.75,0.45,0.63,2021-08-31,1052,N,VIIRS,n,2,287.57,3.09,N,0
40.00029,-120.55625,310.09,0.45,0.63,2021-08-31,1052,N,VIIRS,n,2,288.59,1.64,N,0
40.00126,-120.51608,316.41,0.46,0.63,2021-08-31,1052,N,VIIRS,n,2,288.84,3.49,N,0
40.00131,-120.60322,302.92,0.45,0.63,2021-08-31,1052,N,VIIRS,n,2,291.08,1.89,N,0
40.00164,-120.56094,304.8,0.45,0.63,2021-08-31,1052,N,VIIRS,n,2,287.68,1.47,N,0
40.00167,-120.53928,312.69,0.46,0.63,2021-08-31,1052,N,VIIRS,n,2,288.27,2.57,N,0
40.00281,-120.52142,320.55,0.46,0.63,2021-08-31,1052,N,VIIRS,n,2,291.38,3.49,N,0
40.00292,-120.56534,300.71,0.45,0.63,2021-08-31,1052,N,VIIRS,n,2,287.29,1.47,N,0
40.00306,-120.54404,305.65,0.46,0.63,2021-08-31,1052,N,VIIRS,n,2,287.16,2.57,N,0
40.00307,-120.60927,309.51,0.45,0.63,2021-08-31,1052,N,VIIRS,n,2,291.64,1.89,N,0
40.00333,-120.78252,295.92,0.44,0.63,2021-08-31,1052,N,VIIRS,n,2,284.97,0.51,N,0
40.00383,-120.50313,312.89,0.46,0.63,2021-08-31,1052,N,VIIRS,n,2,287.47,4.87,N,0
40.0043,-120.52657,318.53,0.46,0.63,2021-08-31,1052,N,VIIRS,n,2,291.05,3.19,N,0
40.00446,-120.5489,303.16,0.46,0.63,2021-08-31,1052,N,VIIRS,n,2,286.77,1.94,N,0
40.00489,-120.61555,315.95,0.45,0.63,2021-08-31,1052,N,VIIRS,n,2,290.72,2.44,N,0
40.00532,-120.50828,328.58,0.46,0.63,2021-08-31,1052,N,VIIRS,n,2,292.21,4.87,N,0
40.00573,-120.5315,315.05,0.46,0.63,2021-08-31,1052,N,VIIRS,n,2,290.1,3.19,N,0
40.00587,-120.55374,307.54,0.45,0.63,2021-08-31,1052,N,VIIRS,n,2,288,1.94,N,0
40.00615,-120.59818,301.2,0.45,0.63,2021-08-31,1052,N,VIIRS,n,2,288.97,2.59,N,0
40.00656,-120.62131,311.78,0.45,0.63,2021-08-31,1052,N,VIIRS,n,2,290.09,2.44,N,0
40.00676,-120.51324,317.48,0.46,0.63,2021-08-31,1052,N,VIIRS,n,2,289.62,3.42,N,0
40.00716,-120.53645,315.44,0.46,0.63,2021-08-31,1052,N,VIIRS,n,2,289.98,2.57,N,0
40.00725,-120.55849,304.6,0.45,0.63,2021-08-31,1052,N,VIIRS,n,2,288.07,3.36,N,0
40.00764,-120.49444,327.99,0.46,0.63,2021-08-31,1052,N,VIIRS,n,2,288.6,5.73,N,0
40.00785,-120.62575,301.19,0.45,0.63,2021-08-31,1052,N,VIIRS,n,2,288.27,1.31,N,0
40.00821,-120.51825,316.46,0.46,0.63,2021-08-31,1052,N,VIIRS,n,2,289.96,3.42,N,0
40.00858,-120.5631,308.28,0.45,0.63,2021-08-31,1052,N,VIIRS,n,2,288.83,3.36,N,0
40.0086,-120.54139,313,0.46,0.63,2021-08-31,1052,N,VIIRS,n,2,288.91,2.57,N,0
40.00915,-120.63018,304.75,0.45,0.63,2021-08-31,1052,N,VIIRS,n,2,287.77,1.31,N,0
40.00919,-120.49979,338.34,0.46,0.63,2021-08-31,1052,N,VIIRS,n,2,296.19,4.87,N,0
40.00967,-120.52326,310.29,0.46,0.63,2021-08-31,1052,N,VIIRS,n,2,288.32,2.8,N,0
40.00971,-120.61043,301.39,0.45,0.63,2021-08-31,1052,N,VIIRS,n,2,290.01,2.34,N,0
40.00985,-120.56747,312.48,0.45,0.63,2021-08-31,1052,N,VIIRS,n,2,288.17,5.81,N,0
40.01005,-120.54639,307.03,0.46,0.63,2021-08-31,1052,N,VIIRS,n,2,287.54,1.94,N,0
40.01065,-120.50485,323.22,0.46,0.63,2021-08-31,1052,N,VIIRS,n,2,292.1,4.87,N,0
40.01109,-120.52817,309.3,0.46,0.63,2021-08-31,1052,N,VIIRS,n,2,287.92,2.8,N,0
40.01117,-120.57201,307.58,0.45,0.63,2021-08-31,1052,N,VIIRS,n,2,287.01,5.81,N,0
40.01147,-120.55129,312.04,0.45,0.63,2021-08-31,1052,N,VIIRS,n,2,288.7,1.94,N,0
40.01182,-120.63939,308.14,0.45,0.63,2021-08-31,1052,N,VIIRS,n,2,289.2,2.06,N,0
40.01204,-120.50964,318.62,0.46,0.63,2021-08-31,1052,N,VIIRS,n,2,291.74,3.42,N,0
40.01251,-120.53307,311.4,0.46,0.63,2021-08-31,1052,N,VIIRS,n,2,288.37,3.1,N,0
40.01261,-120.57699,303.52,0.45,0.63,2021-08-31,1052,N,VIIRS,n,2,287.92,6.25,N,0
40.01287,-120.55611,312.77,0.45,0.63,2021-08-31,1052,N,VIIRS,n,2,288.17,3.36,N,0
40.01298,-120.49101,337.25,0.46,0.63,2021-08-31,1052,N,VIIRS,n,2,291.95,5.54,N,0
40.01348,-120.51462,313.91,0.46,0.63,2021-08-31,1052,N,VIIRS,n,2,291.06,3.42,N,0
40.01396,-120.53812,310.8,0.46,0.63,2021-08-31,1052,N,VIIRS,n,2,289.67,3.1,N,0
40.01427,-120.56094,337.77,0.45,0.63,2021-08-31,1052,N,VIIRS,n,2,295.33,3.36,N,0
40.01461,-120.49667,323.47,0.46,0.63,2021-08-31,1052,N,VIIRS,n,2,289.93,5.64,N,0
40.01482,-120.80053,298.39,0.44,0.63,2021-08-31,1052,N,VIIRS,n,2,286.04,0.81,N,0
40.01499,-120.51984,315.24,0.46,0.63,2021-08-31,1052,N,VIIRS,n,2,290.13,2.8,N,0
40.01549,-120.54337,309.54,0.46,0.63,2021-08-31,1052,N,VIIRS,n,2,289.22,2.61,N,0
40.01555,-120.56537,345.46,0.45,0.63,2021-08-31,1052,N,VIIRS,n,2,296.51,5.81,N,0
40.01612,-120.50187,320.13,0.46,0.63,2021-08-31,1052,N,VIIRS,n,2,290.47,5.64,N,0
40.01624,-120.8054,304.14,0.44,0.62,2021-08-31,1052,N,VIIRS,n,2,286.38,5.86,N,0
40.01651,-120.52508,317.09,0.46,0.63,2021-08-31,1052,N,VIIRS,n,2,290.7,2.8,N,0
40.01668,-120.80856,324.45,0.44,0.63,2021-08-31,1052,N,VIIRS,n,2,287.45,5.27,N,0
40.0168,-120.56971,341.73,0.45,0.63,2021-08-31,1052,N,VIIRS,n,2,294.25,5.81,N,0
40.01685,-120.4825,321.46,0.46,0.63,2021-08-31,1052,N,VIIRS,n,2,284.87,5.54,N,0
40.01696,-120.54845,308.96,0.45,0.63,2021-08-31,1052,N,VIIRS,n,2,289.76,2.61,N,0
40.0175,-120.80976,340.21,0.44,0.62,2021-08-31,1052,N,VIIRS,n,2,290.15,5.86,N,0
40.01753,-120.50676,315.15,0.46,0.63,2021-08-31,1052,N,VIIRS,n,2,288.37,5.33,N,0
40.01792,-120.81292,367,0.44,0.62,2021-08-31,1052,N,VIIRS,h,2,290.16,27.43,N,0
40.01801,-120.53029,324.53,0.46,0.63,2021-08-31,1052,N,VIIRS,n,2,291.58,3.1,N,0
40.01811,-120.5742,367,0.45,0.63,2021-08-31,1052,N,VIIRS,h,2,296.17,6.25,N,0
40.01836,-120.55331,320.57,0.45,0.63,2021-08-31,1052,N,VIIRS,n,2,293.25,4.4,N,0
40.01839,-120.48783,340.94,0.46,0.63,2021-08-31,1052,N,VIIRS,n,2,293.46,5.54,N,0
40.01878,-120.81415,367,0.44,0.62,2021-08-31,1052,N,VIIRS,h,2,294.07,28.52,N,0
40.01891,-120.51151,317.83,0.46,0.63,2021-08-31,1052,N,VIIRS,n,2,289.98,5.33,N,0
40.01898,-120.46959,297.51,0.46,0.63,2021-08-31,1052,N,VIIRS,n,2,287.2,3.47,N,0
40.01918,-120.81733,332.87,0.44,0.62,2021-08-31,1052,N,VIIRS,n,2,287.75,27.43,N,0
40.01939,-120.53504,321.4,0.46,0.63,2021-08-31,1052,N,VIIRS,n,2,290.86,3.1,N,0
40.01949,-120.57896,305.51,0.45,0.63,2021-08-31,1052,N,VIIRS,n,2,287.76,6.25,N,0
40.01957,-120.47003,313.06,0.46,0.63,2021-08-31,1052,N,VIIRS,n,2,287.84,3.15,N,0
40.01982,-120.55833,338.48,0.45,0.63,2021-08-31,1052,N,VIIRS,n,2,297.15,4.4,N,0
40.02005,-120.81848,337.29,0.44,0.62,2021-08-31,1052,N,VIIRS,n,2,288.21,28.52,N,0
40.02008,-120.49369,335.35,0.46,0.63,2021-08-31,1052,N,VIIRS,n,2,293.09,5.64,N,0
40.02033,-120.51643,315.45,0.46,0.63,2021-08-31,1052,N,VIIRS,n,2,289.64,4.67,N,0
40.0204,-120.47439,329.69,0.46,0.63,2021-08-31,1052,N,VIIRS,n,2,289.09,5.03,N,0
40.02048,-120.80006,299.54,0.44,0.63,2021-08-31,1052,N,VIIRS,n,2,284.57,5.27,N,0
40.02096,-120.47482,328.34,0.46,0.63,2021-08-31,1052,N,VIIRS,n,2,288.71,3.15,N,0
40.02121,-120.80105,304.23,0.44,0.62,2021-08-31,1052,N,VIIRS,n,2,285.19,5.86,N,0
40.02125,-120.56328,345.12,0.45,0.63,2021-08-31,1052,N,VIIRS,n,2,295.59,16.85,N,0
40.02164,-120.4991,334.77,0.46,0.63,2021-08-31,1052,N,VIIRS,n,2,293.26,5.64,N,0
40.02178,-120.47909,340.35,0.46,0.63,2021-08-31,1052,N,VIIRS,n,2,289.26,5.03,N,0
40.02182,-120.80475,326.88,0.44,0.63,2021-08-31,1052,N,VIIRS,n,2,290.02,5.27,N,0
40.02182,-120.52161,316.78,0.46,0.63,2021-08-31,1052,N,VIIRS,n,2,292.18,4.67,N,0
40.02233,-120.5452,299.77,0.45,0.63,2021-08-31,1052,N,VIIRS,n,2,288.01,2.61,N,0
40.02233,-120.47955,350.93,0.46,0.63,2021-08-31,1052,N,VIIRS,n,2,292.23,6.07,N,0
40.02253,-120.80561,336.26,0.44,0.62,2021-08-31,1052,N,VIIRS,n,2,291.62,5.86,N,0
40.02256,-120.56779,355.35,0.45,0.63,2021-08-31,1052,N,VIIRS,n,2,296.4,16.85,N,0
40.02303,-120.809,353.74,0.44,0.62,2021-08-31,1052,N,VIIRS,n,2,306.86,27.43,N,0
40.02304,-120.50394,338.28,0.46,0.63,2021-08-31,1052,N,VIIRS,n,2,294.39,5.33,N,0
40.02325,-120.48409,323.45,0.46,0.63,2021-08-31,1052,N,VIIRS,n,2,288.48,6.69,N,0
40.02338,-120.52698,319.03,0.46,0.63,2021-08-31,1052,N,VIIRS,n,2,290.8,2.7,N,0
40.02377,-120.80984,353.74,0.44,0.62,2021-08-31,1052,N,VIIRS,n,2,308.23,28.52,N,0
40.02377,-120.5502,300.63,0.45,0.63,2021-08-31,1052,N,VIIRS,n,2,286.9,4.4,N,0
40.02378,-120.4846,311.19,0.46,0.63,2021-08-31,1052,N,VIIRS,n,2,289.16,6.07,N,0
40.02393,-120.57254,347.95,0.45,0.63,2021-08-31,1052,N,VIIRS,n,2,294.06,15.74,N,0
40.02425,-120.81327,367,0.44,0.62,2021-08-31,1052,N,VIIRS,h,2,310.8,27.43,N,0
40.02442,-120.50873,340.48,0.46,0.63,2021-08-31,1052,N,VIIRS,n,2,293.67,5.33,N,0
40.02484,-120.53204,304.57,0.46,0.63,2021-08-31,1052,N,VIIRS,n,2,288.63,2.7,N,0
40.02484,-120.48944,343.24,0.46,0.63,2021-08-31,1052,N,VIIRS,n,2,297.38,6.69,N,0
40.02486,-120.46638,297.7,0.46,0.63,2021-08-31,1052,N,VIIRS,n,2,285.49,3.15,N,0
40.02507,-120.81432,367,0.44,0.62,2021-08-31,1052,N,VIIRS,h,2,303.11,28.52,N,0
40.02526,-120.55534,327.39,0.45,0.63,2021-08-31,1052,N,VIIRS,n,2,291.53,4.4,N,0
40.02535,-120.49004,350.89,0.46,0.63,2021-08-31,1052,N,VIIRS,n,2,299.64,9.41,N,0
40.0256,-120.81804,329.16,0.44,0.62,2021-08-31,1052,N,VIIRS,n,2,288.11,27.73,N,0
40.02577,-120.47109,330.2,0.46,0.63,2021-08-31,1052,N,VIIRS,n,2,289.24,5.03,N,0
40.02582,-120.51355,336.23,0.46,0.63,2021-08-31,1052,N,VIIRS,n,2,293.54,4.67,N,0
40.02633,-120.47149,322.31,0.46,0.63,2021-08-31,1052,N,VIIRS,n,2,288.52,3.15,N,0
40.02648,-120.49499,367,0.46,0.63,2021-08-31,1052,N,VIIRS,h,2,301.84,12.07,N,0
40.0265,-120.81928,300.29,0.44,0.62,2021-08-31,1052,N,VIIRS,n,2,287,16.77,N,0
40.02687,-120.56094,352.86,0.45,0.63,2021-08-31,1052,N,VIIRS,n,2,297.81,16.85,N,0
40.02695,-120.49557,367,0.46,0.63,2021-08-31,1052,N,VIIRS,h,2,301.79,9.41,N,0
40.0272,-120.51835,326.88,0.46,0.63,2021-08-31,1052,N,VIIRS,n,2,291.69,4.67,N,0
40.02722,-120.476,334.97,0.46,0.63,2021-08-31,1052,N,VIIRS,n,2,290.83,5.03,N,0
40.02775,-120.47643,341.53,0.46,0.63,2021-08-31,1052,N,VIIRS,n,2,293.07,6.07,N,0
40.02798,-120.5001,353.64,0.46,0.63,2021-08-31,1052,N,VIIRS,n,2,302.61,12.07,N,0
40.02837,-120.56609,367,0.45,0.63,2021-08-31,1052,N,VIIRS,h,2,303.53,16.85,N,0
40.02842,-120.50066,356.45,0.46,0.63,2021-08-31,1052,N,VIIRS,n,2,304.31,11.63,N,0
40.02853,-120.80643,299.24,0.44,0.62,2021-08-31,1052,N,VIIRS,n,2,288.64,1.25,N,0
40.02865,-120.52336,320.01,0.46,0.63,2021-08-31,1052,N,VIIRS,n,2,290.75,2.7,N,0
40.02868,-120.48096,328.97,0.46,0.63,2021-08-31,1052,N,VIIRS,n,2,290.97,6.69,N,0
40.0292,-120.48145,316.11,0.46,0.63,2021-08-31,1052,N,VIIRS,n,2,287.56,6.07,N,0
40.02944,-120.50504,348.06,0.46,0.63,2021-08-31,1052,N,VIIRS,n,2,302.01,9.54,N,0
40.02985,-120.50565,342.6,0.46,0.63,2021-08-31,1052,N,VIIRS,n,2,299.1,11.63,N,0
40.02988,-120.57132,300.59,0.45,0.63,2021-08-31,1052,N,VIIRS,n,2,288.18,15.74,N,0
40.03015,-120.52856,306.83,0.46,0.63,2021-08-31,1052,N,VIIRS,n,2,287.64,2.7,N,0
40.03019,-120.48607,321.02,0.46,0.63,2021-08-31,1052,N,VIIRS,n,2,289.19,6.69,N,0
40.03065,-120.81209,299.41,0.44,0.62,2021-08-31,1052,N,VIIRS,n,2,288.41,0.94,N,0
40.03069,-120.4866,322.96,0.46,0.63,2021-08-31,1052,N,VIIRS,n,2,289.1,9.41,N,0
40.03092,-120.51007,341.35,0.46,0.63,2021-08-31,1052,N,VIIRS,n,2,297.42,9.54,N,0
40.0313,-120.51068,345.59,0.46,0.63,2021-08-31,1052,N,VIIRS,n,2,298.39,7.76,N,0
40.03134,-120.81634,301.74,0.44,0.62,2021-08-31,1052,N,VIIRS,n,2,287.74,1.22,N,0
40.03175,-120.49139,344.64,0.46,0.63,2021-08-31,1052,N,VIIRS,n,2,293.9,12.07,N,0
40.03213,-120.81721,300.98,0.44,0.62,2021-08-31,1052,N,VIIRS,n,2,288.02,0.94,N,0
40.03222,-120.55759,307.99,0.45,0.63,2021-08-31,1052,N,VIIRS,n,2,287.54,2.17,N,0
40.03223,-120.49195,350.36,0.46,0.63,2021-08-31,1052,N,VIIRS,n,2,296.19,9.41,N,0
40.03235,-120.51493,342.98,0.46,0.63,2021-08-31,1052,N,VIIRS,n,2,295.63,7.2,N,0
40.03271,-120.51555,340.36,0.46,0.63,2021-08-31,1052,N,VIIRS,n,2,293.77,7.76,N,0
40.03329,-120.49663,367,0.46,0.63,2021-08-31,1052,N,VIIRS,h,2,303.39,12.07,N,0
40.03373,-120.49717,355.71,0.46,0.63,2021-08-31,1052,N,VIIRS,n,2,302.58,11.63,N,0
40.03378,-120.51975,336.07,0.46,0.63,2021-08-31,1052,N,VIIRS,n,2,292.19,7.2,N,0
40.03411,-120.52042,338.32,0.46,0.63,2021-08-31,1052,N,VIIRS,n,2,291.15,6,N,0
40.03477,-120.50166,338.08,0.46,0.63,2021-08-31,1052,N,VIIRS,n,2,294.08,9.54,N,0
40.03516,-120.80782,308.72,0.44,0.62,2021-08-31,1052,N,VIIRS,n,2,290.27,1.22,N,0
40.03519,-120.50223,329.99,0.46,0.63,2021-08-31,1052,N,VIIRS,n,2,291.13,11.63,N,0
40.03522,-120.52468,314.9,0.46,0.63,2021-08-31,1052,N,VIIRS,n,2,284.67,8.21,N,0
40.03554,-120.52535,298.55,0.46,0.63,2021-08-31,1052,N,VIIRS,n,2,282.84,6,N,0
40.03591,-120.72247,297.19,0.44,0.63,2021-08-31,1052,N,VIIRS,n,2,285.8,1,N,0
40.03593,-120.80882,308.35,0.44,0.62,2021-08-31,1052,N,VIIRS,n,2,289.84,0.94,N,0
40.03628,-120.50676,325.55,0.46,0.63,2021-08-31,1052,N,VIIRS,n,2,290.3,9.54,N,0
40.03667,-120.50738,327.47,0.46,0.63,2021-08-31,1052,N,VIIRS,n,2,290.82,7.76,N,0
40.03779,-120.51191,337.62,0.46,0.63,2021-08-31,1052,N,VIIRS,n,2,293.47,7.2,N,0
40.03816,-120.51254,337.05,0.46,0.63,2021-08-31,1052,N,VIIRS,n,2,294.14,7.76,N,0
40.03912,-120.49392,295.59,0.46,0.63,2021-08-31,1052,N,VIIRS,n,2,282.52,0.69,N,0
40.03926,-120.51688,342.23,0.46,0.63,2021-08-31,1052,N,VIIRS,n,2,293.49,7.2,N,0
40.03959,-120.51751,339.81,0.46,0.63,2021-08-31,1052,N,VIIRS,n,2,291.23,6,N,0
40.04018,-120.4985,311.42,0.46,0.63,2021-08-31,1052,N,VIIRS,n,2,283.68,1.03,N,0
40.04027,-120.80226,304.03,0.44,0.62,2021-08-31,1052,N,VIIRS,n,2,287.5,0.69,N,0
40.0406,-120.49908,302.7,0.46,0.63,2021-08-31,1052,N,VIIRS,n,2,282.57,0.69,N,0
40.04168,-120.50359,301.76,0.46,0.63,2021-08-31,1052,N,VIIRS,n,2,282.92,1.03,N,0
40.04207,-120.5042,306.57,0.46,0.63,2021-08-31,1052,N,VIIRS,n,2,283.41,1.98,N,0
40.04319,-120.50871,315.91,0.46,0.63,2021-08-31,1052,N,VIIRS,n,2,285.76,2.95,N,0
40.04355,-120.50933,319.49,0.46,0.63,2021-08-31,1052,N,VIIRS,n,2,286.45,1.98,N,0
40.04468,-120.51379,333.69,0.46,0.63,2021-08-31,1052,N,VIIRS,n,2,287.1,2.95,N,0
40.04501,-120.51441,324.97,0.46,0.63,2021-08-31,1052,N,VIIRS,n,2,284.51,3.42,N,0
40.08317,-121.08659,299.24,0.43,0.62,2021-08-31,1052,N,VIIRS,n,2,286.88,0.84,N,0
40.08426,-121.08285,310.31,0.43,0.62,2021-08-31,1052,N,VIIRS,n,2,288.28,1.22,N,0
40.08542,-121.08688,297.94,0.43,0.62,2021-08-31,1052,N,VIIRS,n,2,287.5,1.22,N,0
40.08748,-121.08015,302.02,0.43,0.62,2021-08-31,1052,N,VIIRS,n,2,287.57,0.84,N,0
40.08857,-121.08399,301.06,0.43,0.62,2021-08-31,1052,N,VIIRS,n,2,287.82,0.84,N,0
40.18439,-120.73553,305.23,0.44,0.62,2021-08-31,1052,N,VIIRS,n,2,286.78,1.72,N,0
40.41889,-121.12062,295.79,0.42,0.61,2021-08-31,1052,N,VIIRS,n,2,284.61,0.82,N,0
40.41903,-121.33466,301.82,0.41,0.6,2021-08-31,1052,N,VIIRS,n,2,277.72,0.44,N,0
40.42003,-121.12468,304.77,0.42,0.61,2021-08-31,1052,N,VIIRS,n,2,285.79,0.82,N,0
40.42436,-121.11852,298.02,0.42,0.61,2021-08-31,1052,N,VIIRS,n,2,285.49,0.82,N,0
40.4255,-121.12259,308.75,0.42,0.61,2021-08-31,1052,N,VIIRS,n,2,288.19,0.82,N,0
40.48325,-121.1994,299.29,0.41,0.61,2021-08-31,1052,N,VIIRS,n,2,282.94,1.08,N,0
40.48736,-121.19619,304.72,0.41,0.61,2021-08-31,1052,N,VIIRS,n,2,284.24,1.4,N,0
40.48822,-121.17796,309.09,0.41,0.61,2021-08-31,1052,N,VIIRS,n,2,285.08,2.07,N,0
40.48969,-121.18311,299.75,0.41,0.61,2021-08-31,1052,N,VIIRS,n,2,283.91,2.07,N,0
40.49113,-121.18819,295.86,0.41,0.61,2021-08-31,1052,N,VIIRS,n,2,283.73,1.76,N,0
40.49251,-121.19306,313.52,0.41,0.61,2021-08-31,1052,N,VIIRS,n,2,287.36,1.76,N,0
40.49332,-121.17464,326.54,0.41,0.61,2021-08-31,1052,N,VIIRS,n,2,288.86,2.07,N,0
40.49359,-121.23924,296.87,0.41,0.61,2021-08-31,1052,N,VIIRS,n,2,282.74,0.86,N,0
40.49384,-121.19771,296.4,0.41,0.61,2021-08-31,1052,N,VIIRS,n,2,283.93,1.04,N,0
40.49464,-121.24038,295.63,0.41,0.61,2021-08-31,1052,N,VIIRS,n,2,282.83,0.98,N,0
40.49479,-121.17985,326.79,0.41,0.61,2021-08-31,1052,N,VIIRS,n,2,289.11,2.07,N,0
40.49514,-121.20231,301.59,0.41,0.61,2021-08-31,1052,N,VIIRS,n,2,283.71,1.04,N,0
40.49623,-121.18492,315.4,0.41,0.61,2021-08-31,1052,N,VIIRS,n,2,288.81,1.76,N,0
40.49765,-121.1899,304.65,0.41,0.61,2021-08-31,1052,N,VIIRS,n,2,285.87,1.76,N,0
40.49841,-121.17131,325.77,0.41,0.61,2021-08-31,1052,N,VIIRS,n,2,291.44,2.59,N,0
40.49865,-121.23586,300.62,0.41,0.61,2021-08-31,1052,N,VIIRS,n,2,284.14,0.86,N,0
40.49904,-121.19479,300.25,0.41,0.61,2021-08-31,1052,N,VIIRS,n,2,284.93,1.04,N,0
40.49986,-121.17642,337.07,0.41,0.61,2021-08-31,1052,N,VIIRS,n,2,292.97,2.59,N,0
40.50113,-121.35013,306.56,0.4,0.6,2021-08-31,1052,N,VIIRS,n,2,280.8,2.91,N,0
40.50129,-121.18147,324.04,0.41,0.61,2021-08-31,1052,N,VIIRS,n,2,290.25,3.42,N,0
40.50161,-121.35152,319.91,0.4,0.6,2021-08-31,1052,N,VIIRS,n,2,281.97,1.83,N,0
40.50235,-121.35442,309.22,0.4,0.6,2021-08-31,1052,N,VIIRS,n,2,281.7,2.91,N,0
40.50278,-121.35571,299.66,0.4,0.6,2021-08-31,1052,N,VIIRS,n,2,280.99,1.75,N,0
40.50278,-121.18672,306.25,0.41,0.61,2021-08-31,1052,N,VIIRS,n,2,285.38,3.42,N,0
40.50364,-121.16846,298.49,0.41,0.61,2021-08-31,1052,N,VIIRS,n,2,286.93,2.59,N,3
40.50425,-121.19187,301.68,0.41,0.61,2021-08-31,1052,N,VIIRS,n,2,285.48,1.55,N,0
40.505,-121.34267,304.63,0.4,0.6,2021-08-31,1052,N,VIIRS,n,2,282.45,3.85,N,0
40.50501,-121.23705,297.68,0.41,0.6,2021-08-31,1052,N,VIIRS,n,2,283.98,1.23,N,0
40.50502,-121.17333,318.38,0.41,0.61,2021-08-31,1052,N,VIIRS,n,2,288.29,2.59,N,0
40.50551,-121.34406,329.98,0.4,0.6,2021-08-31,1052,N,VIIRS,n,2,283.8,4.29,N,0
40.50629,-121.34721,351.32,0.4,0.6,2021-08-31,1052,N,VIIRS,n,2,286.93,2.91,N,0
40.50671,-121.45544,300.54,0.4,0.6,2021-08-31,1052,N,VIIRS,n,2,282.3,9.86,N,0
40.50677,-121.34858,339.25,0.4,0.6,2021-08-31,1052,N,VIIRS,n,2,285.57,4.29,N,0
40.50724,-121.32948,295.29,0.4,0.6,2021-08-31,1052,N,VIIRS,n,2,283.83,1.45,N,0
40.50755,-121.35165,311.42,0.4,0.6,2021-08-31,1052,N,VIIRS,n,2,285.4,2.91,N,0
40.50771,-121.24658,297.57,0.41,0.6,2021-08-31,1052,N,VIIRS,n,2,282.98,0.91,N,0
40.50788,-121.33109,305.14,0.4,0.6,2021-08-31,1052,N,VIIRS,n,2,284.65,3.36,N,0
40.50793,-121.45983,367,0.4,0.6,2021-08-31,1052,N,VIIRS,h,2,292.64,9.86,N,0
40.508,-121.35298,311.24,0.4,0.6,2021-08-31,1052,N,VIIRS,n,2,284.74,2.67,N,0
40.50872,-121.2289,319,0.41,0.61,2021-08-31,1052,N,VIIRS,n,2,286.3,3.81,N,0
40.50874,-121.33479,323.76,0.4,0.6,2021-08-31,1052,N,VIIRS,n,2,286.04,4.24,N,0
40.50876,-121.3559,312.37,0.4,0.6,2021-08-31,1052,N,VIIRS,n,2,283.22,2.37,N,0
40.50895,-121.37762,308.46,0.4,0.6,2021-08-31,1052,N,VIIRS,n,2,279.34,3.69,N,0
40.50917,-121.4643,307.28,0.4,0.6,2021-08-31,1052,N,VIIRS,n,2,284.62,11.21,N,0
40.50917,-121.35722,309.36,0.4,0.6,2021-08-31,1052,N,VIIRS,n,2,282.24,2.67,N,0
40.50931,-121.3362,329.36,0.4,0.6,2021-08-31,1052,N,VIIRS,n,2,286.64,3.36,N,0
40.50936,-121.37937,304.87,0.4,0.6,2021-08-31,1052,N,VIIRS,n,2,278.68,1.61,N,0
40.50974,-121.21124,303.8,0.41,0.61,2021-08-31,1052,N,VIIRS,n,2,284.98,5.45,N,0
40.50995,-121.3601,316.77,0.4,0.6,2021-08-31,1052,N,VIIRS,n,2,282.55,2.37,N,0
40.51007,-121.23367,305.88,0.41,0.6,2021-08-31,1052,N,VIIRS,n,2,284.83,1.23,N,0
40.51011,-121.33958,342.32,0.4,0.6,2021-08-31,1052,N,VIIRS,n,2,288.78,4.24,N,0
40.51028,-121.1706,309.18,0.41,0.61,2021-08-31,1052,N,VIIRS,n,2,287.16,1.22,N,0
40.51035,-121.36148,316.04,0.4,0.6,2021-08-31,1052,N,VIIRS,n,2,283.07,2.31,N,0
40.51061,-121.3409,338.26,0.4,0.6,2021-08-31,1052,N,VIIRS,n,2,289.3,4.29,N,0
40.51138,-121.13177,302.62,0.41,0.61,2021-08-31,1052,N,VIIRS,n,2,286.85,2.12,N,0
40.51139,-121.34408,321.32,0.4,0.6,2021-08-31,1052,N,VIIRS,n,2,287.18,2.89,N,0
40.51142,-121.23844,297.8,0.41,0.6,2021-08-31,1052,N,VIIRS,n,2,284.27,1.23,N,0
40.5118,-121.45236,300.3,0.4,0.6,2021-08-31,1052,N,VIIRS,n,2,279.9,1.55,N,0
40.51188,-121.34545,317.25,0.4,0.6,2021-08-31,1052,N,VIIRS,n,2,286.75,4.29,N,0
40.51243,-121.32666,302.56,0.4,0.6,2021-08-31,1052,N,VIIRS,n,2,284.73,1.45,N,0
40.51265,-121.13626,322.54,0.41,0.61,2021-08-31,1052,N,VIIRS,n,2,289.04,2.12,N,0
40.51268,-121.34864,309.61,0.4,0.6,2021-08-31,1052,N,VIIRS,n,2,285.81,2.89,N,0
40.51275,-121.24314,303.56,0.41,0.6,2021-08-31,1052,N,VIIRS,n,2,284.61,0.91,N,0
40.51299,-121.45665,325.35,0.4,0.6,2021-08-31,1052,N,VIIRS,n,2,284.63,1.55,N,0
40.51307,-121.37128,313.17,0.4,0.6,2021-08-31,1052,N,VIIRS,n,2,280.19,2.96,N,0
40.51308,-121.32825,315.39,0.4,0.6,2021-08-31,1052,N,VIIRS,n,2,286.61,4.41,N,0
40.51316,-121.3501,303.99,0.4,0.6,2021-08-31,1052,N,VIIRS,n,2,285.25,2.67,N,0
40.51359,-121.43743,325.6,0.4,0.6,2021-08-31,1052,N,VIIRS,n,2,284.12,2.67,N,0
40.51375,-121.20416,313.63,0.41,0.61,2021-08-31,1052,N,VIIRS,n,2,286.26,4.99,N,0
40.51385,-121.22578,323.35,0.41,0.61,2021-08-31,1052,N,VIIRS,n,2,288.37,2.55,N,0
40.51396,-121.33204,342.44,0.4,0.6,2021-08-31,1052,N,VIIRS,n,2,290.26,4.24,N,0
40.51397,-121.14091,296.66,0.41,0.61,2021-08-31,1052,N,VIIRS,n,2,286.3,1.81,N,0
40.51402,-121.35335,296.01,0.4,0.6,2021-08-31,1052,N,VIIRS,n,2,283.81,1.43,N,0
40.51405,-121.24773,298.7,0.41,0.6,2021-08-31,1052,N,VIIRS,n,2,284.33,0.91,N,0
40.51411,-121.37474,367,0.4,0.6,2021-08-31,1052,N,VIIRS,h,2,287.43,3.69,N,0
40.51425,-121.46117,325.2,0.4,0.6,2021-08-31,1052,N,VIIRS,n,2,285.01,2.29,N,0
40.5145,-121.33338,338.98,0.4,0.6,2021-08-31,1052,N,VIIRS,n,2,290.31,4.41,N,0
40.51451,-121.37643,356.94,0.4,0.6,2021-08-31,1052,N,VIIRS,n,2,285.41,2.96,N,0
40.51472,-121.4415,325.87,0.4,0.6,2021-08-31,1052,N,VIIRS,n,2,283.38,2.55,N,0
40.51504,-121.20869,353.88,0.41,0.61,2021-08-31,1052,N,VIIRS,n,2,293.11,5.45,N,0
40.51517,-121.23045,327.63,0.41,0.6,2021-08-31,1052,N,VIIRS,n,2,290.83,3.04,N,0
40.51526,-121.35772,317.58,0.4,0.6,2021-08-31,1052,N,VIIRS,n,2,282.86,1.43,N,0
40.51529,-121.33672,324.63,0.4,0.6,2021-08-31,1052,N,VIIRS,n,2,288.48,4.24,N,0
40.51553,-121.37973,303.85,0.4,0.6,2021-08-31,1052,N,VIIRS,n,2,278.46,3.69,N,0
40.51553,-121.16782,303.21,0.41,0.61,2021-08-31,1052,N,VIIRS,n,2,287.39,1.22,N,0
40.51555,-121.46587,307.95,0.4,0.6,2021-08-31,1052,N,VIIRS,n,2,285.29,2.29,N,0
40.51563,-121.35901,317.84,0.4,0.6,2021-08-31,1052,N,VIIRS,n,2,282.7,2.31,N,0
40.51563,-121.12543,314.18,0.41,0.61,2021-08-31,1052,N,VIIRS,n,2,288.34,2.89,N,0
40.51579,-121.33804,322.68,0.4,0.6,2021-08-31,1052,N,VIIRS,n,2,287.27,4.16,N,0
40.51586,-121.4456,297.54,0.4,0.6,2021-08-31,1052,N,VIIRS,n,2,281.42,2.55,N,0
40.51607,-121.19102,297.35,0.41,0.61,2021-08-31,1052,N,VIIRS,n,2,284.67,1.42,N,0
40.51651,-121.23515,303.61,0.41,0.6,2021-08-31,1052,N,VIIRS,n,2,286.17,3.04,N,0
40.51657,-121.34128,323.11,0.4,0.6,2021-08-31,1052,N,VIIRS,n,2,286.64,2.89,N,0
40.51685,-121.1297,316.29,0.41,0.61,2021-08-31,1052,N,VIIRS,n,2,291.45,2.12,N,0
40.517,-121.4497,312.69,0.4,0.6,2021-08-31,1052,N,VIIRS,n,2,279.84,1.55,N,0
40.51706,-121.34264,324.16,0.4,0.6,2021-08-31,1052,N,VIIRS,n,2,286.58,4.16,N,0
40.51752,-121.19614,309.22,0.41,0.61,2021-08-31,1052,N,VIIRS,n,2,286.83,2,N,0
40.51757,-121.32368,303,0.4,0.6,2021-08-31,1052,N,VIIRS,n,2,282.84,3.14,N,0
40.5177,-121.2181,302.13,0.41,0.61,2021-08-31,1052,N,VIIRS,n,2,286.39,2.55,N,0
40.51771,-121.43086,317.43,0.4,0.6,2021-08-31,1052,N,VIIRS,n,2,282.1,1.69,N,0
40.51781,-121.23979,322.28,0.41,0.6,2021-08-31,1052,N,VIIRS,n,2,287.45,3.29,N,0
40.51793,-121.34602,312.97,0.4,0.6,2021-08-31,1052,N,VIIRS,n,2,284.89,2.89,N,0
40.51806,-121.134,312.83,0.41,0.61,2021-08-31,1052,N,VIIRS,n,2,291.74,2.12,N,0
40.51809,-121.36783,306.69,0.4,0.6,2021-08-31,1052,N,VIIRS,n,2,279.4,2.96,N,0
40.51815,-121.45385,304.37,0.4,0.6,2021-08-31,1052,N,VIIRS,n,2,282.09,1.55,N,0
40.5182,-121.32518,323.8,0.4,0.6,2021-08-31,1052,N,VIIRS,n,2,285.77,4.41,N,0
40.51842,-121.34752,303.65,0.4,0.6,2021-08-31,1052,N,VIIRS,n,2,283.67,2.47,N,0
40.51883,-121.43489,309.06,0.4,0.6,2021-08-31,1052,N,VIIRS,n,2,282.97,1.69,N,0
40.51892,-121.2011,319.88,0.41,0.61,2021-08-31,1052,N,VIIRS,n,2,287.41,2,N,0
40.51902,-121.22279,329.78,0.41,0.61,2021-08-31,1052,N,VIIRS,n,2,290.75,2.55,N,0
40.51906,-121.37111,318.49,0.4,0.6,2021-08-31,1052,N,VIIRS,n,2,281.25,2.79,N,0
40.51908,-121.32898,353.54,0.4,0.6,2021-08-31,1052,N,VIIRS,n,2,289.99,6.34,N,0
40.51912,-121.24439,321.85,0.41,0.6,2021-08-31,1052,N,VIIRS,n,2,287.74,3.29,N,0
40.51929,-121.13835,302.9,0.41,0.61,2021-08-31,1052,N,VIIRS,n,2,288.88,1.81,N,0
40.51941,-121.45837,314.78,0.4,0.6,2021-08-31,1052,N,VIIRS,n,2,284.47,2.29,N,0
40.51943,-121.37268,307.21,0.4,0.6,2021-08-31,1052,N,VIIRS,n,2,281.58,2.96,N,0
40.51964,-121.33036,348.84,0.4,0.6,2021-08-31,1052,N,VIIRS,n,2,290.14,4.41,N,0
40.51983,-121.11887,305.09,0.41,0.61,2021-08-31,1052,N,VIIRS,n,2,287.02,3.25,N,0
40.51996,-121.43897,298.64,0.4,0.6,2021-08-31,1052,N,VIIRS,n,2,281.18,3.22,N,0
40.52027,-121.20592,307.38,0.41,0.61,2021-08-31,1052,N,VIIRS,n,2,286.53,2.29,N,0
40.52034,-121.22744,302.81,0.41,0.6,2021-08-31,1052,N,VIIRS,n,2,287.35,3.04,N,0
40.52042,-121.33372,340.38,0.4,0.6,2021-08-31,1052,N,VIIRS,n,2,289.47,6.34,N,0
40.52042,-121.24895,315.44,0.41,0.6,2021-08-31,1052,N,VIIRS,n,2,285.78,2.84,N,0
40.52057,-121.14288,302.48,0.41,0.61,2021-08-31,1052,N,VIIRS,n,2,288.81,1.81,N,0
40.52063,-121.35555,300.22,0.4,0.6,2021-08-31,1052,N,VIIRS,n,2,284.58,1.43,N,0
40.52079,-121.46332,312.56,0.4,0.6,2021-08-31,1052,N,VIIRS,n,2,285.85,2.29,N,0
40.52094,-121.33504,332.05,0.4,0.6,2021-08-31,1052,N,VIIRS,n,2,288.48,4.16,N,0
40.521,-121.35682,299.82,0.4,0.6,2021-08-31,1052,N,VIIRS,n,2,284.76,1.34,N,0
40.52111,-121.12341,327.3,0.41,0.61,2021-08-31,1052,N,VIIRS,n,2,292.64,3.25,N,0
40.52166,-121.2321,323.15,0.41,0.6,2021-08-31,1052,N,VIIRS,n,2,288.18,3.04,N,0
40.52172,-121.33831,321.55,0.4,0.6,2021-08-31,1052,N,VIIRS,n,2,285.72,2.95,N,0
40.52172,-121.25355,336.16,0.41,0.6,2021-08-31,1052,N,VIIRS,n,2,288.12,2.84,N,0
40.52176,-121.35954,301.76,0.4,0.6,2021-08-31,1052,N,VIIRS,n,2,284.56,3.26,N,0
40.52188,-121.14756,302.23,0.41,0.61,2021-08-31,1052,N,VIIRS,n,2,287.57,2.37,N,0
40.52208,-121.3607,311.49,0.4,0.6,2021-08-31,1052,N,VIIRS,n,2,284.34,1.34,N,0
40.52221,-121.33965,326.16,0.4,0.6,2021-08-31,1052,N,VIIRS,n,2,285.19,4.16,N,0
40.52226,-121.44724,339.23,0.4,0.6,2021-08-31,1052,N,VIIRS,n,2,286.59,3.38,N,0
40.5223,-121.12762,324,0.41,0.61,2021-08-31,1052,N,VIIRS,n,2,293.07,3.04,N,0
40.52264,-121.19295,307.75,0.41,0.61,2021-08-31,1052,N,VIIRS,n,2,287.18,2,N,0
40.52287,-121.36347,330.35,0.4,0.6,2021-08-31,1052,N,VIIRS,n,2,284.27,3.26,N,0
40.52294,-121.21534,312.21,0.41,0.61,2021-08-31,1052,N,VIIRS,n,2,287.14,2.11,N,0
40.52296,-121.25795,318.62,0.41,0.6,2021-08-31,1052,N,VIIRS,n,2,284.68,2.4,N,0
40.52297,-121.23673,328.59,0.41,0.6,2021-08-31,1052,N,VIIRS,n,2,292.29,3.29,N,0
40.52303,-121.34291,313.5,0.4,0.6,2021-08-31,1052,N,VIIRS,n,2,281.18,2.95,N,0
40.52321,-121.3648,333.51,0.4,0.6,2021-08-31,1052,N,VIIRS,n,2,283,3.19,N,0
40.52342,-121.45141,319.53,0.4,0.6,2021-08-31,1052,N,VIIRS,n,2,285.32,3.38,N,0
40.52348,-121.13179,312.44,0.41,0.61,2021-08-31,1052,N,VIIRS,n,2,290.35,3.04,N,0
40.52349,-121.34428,303.64,0.4,0.6,2021-08-31,1052,N,VIIRS,n,2,280.31,2.47,N,0
40.52367,-121.11103,331.68,0.41,0.61,2021-08-31,1052,N,VIIRS,n,2,287.27,3.81,N,0
40.52409,-121.19809,324.27,0.41,0.61,2021-08-31,1052,N,VIIRS,n,2,290.14,2,N,0
40.52414,-121.36793,323.18,0.4,0.6,2021-08-31,1052,N,VIIRS,n,2,282.08,2.79,N,0
40.52417,-121.26225,300.57,0.41,0.6,2021-08-31,1052,N,VIIRS,n,2,282.92,2.4,N,0
40.52425,-121.21996,312.99,0.41,0.61,2021-08-31,1052,N,VIIRS,n,2,286.7,2.11,N,0
40.5243,-121.24143,318.08,0.41,0.6,2021-08-31,1052,N,VIIRS,n,2,289.6,3.29,N,0
40.52449,-121.36943,318.22,0.4,0.6,2021-08-31,1052,N,VIIRS,n,2,281.78,3.19,N,0
40.52464,-121.13589,310.09,0.41,0.61,2021-08-31,1052,N,VIIRS,n,2,289.09,2.36,N,0
40.52472,-121.45609,339.91,0.4,0.6,2021-08-31,1052,N,VIIRS,n,2,284.68,5.54,N,0
40.52507,-121.116,320.83,0.41,0.61,2021-08-31,1052,N,VIIRS,n,2,290.13,3.25,N,0
40.52548,-121.3727,325.92,0.4,0.6,2021-08-31,1052,N,VIIRS,n,2,283.18,2.79,N,0
40.52549,-121.20303,306.51,0.41,0.61,2021-08-31,1052,N,VIIRS,n,2,288.58,2.29,N,0
40.52557,-121.22464,304.62,0.41,0.6,2021-08-31,1052,N,VIIRS,n,2,286.38,2.44,N,0
40.52562,-121.2461,312.66,0.41,0.6,2021-08-31,1052,N,VIIRS,n,2,288.09,2.84,N,0
40.52564,-121.35213,302.75,0.4,0.6,2021-08-31,1052,N,VIIRS,n,2,284.47,1.75,N,0
40.52583,-121.37424,320.42,0.4,0.6,2021-08-31,1052,N,VIIRS,n,2,281.57,3.92,N,0
40.52585,-121.1402,306.17,0.41,0.61,2021-08-31,1052,N,VIIRS,n,2,286.4,2.36,N,0
40.52602,-121.16222,308.31,0.41,0.61,2021-08-31,1052,N,VIIRS,n,2,288.81,2.26,N,0
40.52603,-121.35343,300.81,0.4,0.6,2021-08-31,1052,N,VIIRS,n,2,285.72,1.34,N,0
40.52633,-121.18467,315.11,0.41,0.61,2021-08-31,1052,N,VIIRS,n,2,287.46,2.36,N,0
40.52649,-121.12103,321.22,0.41,0.61,2021-08-31,1052,N,VIIRS,n,2,291.69,3.25,N,0
40.52684,-121.20784,305.88,0.41,0.61,2021-08-31,1052,N,VIIRS,n,2,287.88,2.29,N,0
40.52687,-121.2505,310.51,0.41,0.6,2021-08-31,1052,N,VIIRS,n,2,287.44,2.84,N,0
40.5269,-121.22935,322.27,0.41,0.6,2021-08-31,1052,N,VIIRS,n,2,289.79,2.44,N,0
40.5274,-121.16708,306.55,0.41,0.61,2021-08-31,1052,N,VIIRS,n,2,286.47,2.48,N,0
40.52748,-121.44464,309.53,0.4,0.6,2021-08-31,1052,N,VIIRS,n,2,283.38,3.38,N,0
40.52752,-121.443,302,0.4,0.6,2021-08-31,1052,N,VIIRS,n,2,281.46,0.78,N,0
40.52772,-121.12541,318.52,0.41,0.61,2021-08-31,1052,N,VIIRS,n,2,291.48,3.04,N,0
40.52779,-121.18987,320.11,0.41,0.61,2021-08-31,1052,N,VIIRS,n,2,290.99,2.52,N,0
40.52798,-121.36043,295.11,0.4,0.6,2021-08-31,1052,N,VIIRS,n,2,280.27,3.09,N,0
40.52808,-121.25479,309.01,0.41,0.6,2021-08-31,1052,N,VIIRS,n,2,286.34,2.4,N,0
40.52819,-121.21261,313.65,0.41,0.61,2021-08-31,1052,N,VIIRS,n,2,288.64,2.11,N,0
40.52821,-121.234,303.62,0.41,0.6,2021-08-31,1052,N,VIIRS,n,2,286.68,1.76,N,0
40.52834,-121.36176,303.22,0.4,0.6,2021-08-31,1052,N,VIIRS,n,2,279.97,3.19,N,0
40.52848,-121.1495,298.62,0.41,0.61,2021-08-31,1052,N,VIIRS,n,2,286.65,1.26,N,0
40.52871,-121.44721,296.34,0.4,0.6,2021-08-31,1052,N,VIIRS,n,2,282.54,0.62,N,0
40.52871,-121.10745,328.28,0.41,0.61,2021-08-31,1052,N,VIIRS,n,2,291.24,3.84,N,0
40.5289,-121.12958,311.26,0.41,0.61,2021-08-31,1052,N,VIIRS,n,2,289.6,3.04,N,0
40.52924,-121.36484,327.01,0.4,0.6,2021-08-31,1052,N,VIIRS,n,2,282.45,3.06,N,0
40.52928,-121.19512,315.41,0.41,0.61,2021-08-31,1052,N,VIIRS,n,2,288.75,2.52,N,0
40.52955,-121.23874,298.65,0.41,0.6,2021-08-31,1052,N,VIIRS,n,2,286.65,1.76,N,0
40.5296,-121.36633,334.29,0.4,0.6,2021-08-31,1052,N,VIIRS,n,2,284.2,3.19,N,0
40.52985,-121.15439,306.11,0.41,0.61,2021-08-31,1052,N,VIIRS,n,2,289.39,1.23,N,0
40.53002,-121.13354,321.12,0.41,0.61,2021-08-31,1052,N,VIIRS,n,2,291.01,2.36,N,0
40.53014,-121.11252,324.52,0.41,0.61,2021-08-31,1052,N,VIIRS,n,2,292.3,3.19,N,0
40.5306,-121.36964,341.51,0.4,0.6,2021-08-31,1052,N,VIIRS,n,2,285.89,3.06,N,0
40.53064,-121.34865,320.68,0.4,0.6,2021-08-31,1052,N,VIIRS,n,2,286.5,1.75,N,0
40.53067,-121.20005,310.37,0.41,0.61,2021-08-31,1052,N,VIIRS,n,2,288.05,2.63,N,0
40.53084,-121.22199,320.3,0.41,0.6,2021-08-31,1052,N,VIIRS,n,2,287.72,2.44,N,0
40.5309,-121.24349,305.82,0.41,0.6,2021-08-31,1052,N,VIIRS,n,2,287.84,1.23,N,0
40.53094,-121.37116,325.08,0.4,0.6,2021-08-31,1052,N,VIIRS,n,2,283.92,3.92,N,0
40.53124,-121.15932,303.94,0.41,0.61,2021-08-31,1052,N,VIIRS,n,2,288.91,1.23,N,0
40.53151,-121.18168,322.19,0.41,0.61,2021-08-31,1052,N,VIIRS,n,2,291.39,2.36,N,0
40.53155,-121.11755,315.81,0.41,0.61,2021-08-31,1052,N,VIIRS,n,2,290.76,3.19,N,0
40.532,-121.20477,312.32,0.41,0.61,2021-08-31,1052,N,VIIRS,n,2,287.66,2.63,N,0
40.53213,-121.24788,306.77,0.41,0.6,2021-08-31,1052,N,VIIRS,n,2,287.86,1.23,N,0
40.53228,-121.22709,321.14,0.41,0.6,2021-08-31,1052,N,VIIRS,n,2,288.64,2.44,N,0
40.53261,-121.16415,298.71,0.41,0.61,2021-08-31,1052,N,VIIRS,n,2,287.02,1.55,N,0
40.53286,-121.1222,315.03,0.41,0.61,2021-08-31,1052,N,VIIRS,n,2,290.81,2.35,N,0
40.53294,-121.18676,309.04,0.41,0.61,2021-08-31,1052,N,VIIRS,n,2,289.66,2.52,N,0
40.53333,-121.2521,300.77,0.41,0.6,2021-08-31,1052,N,VIIRS,n,2,286.73,1.61,N,0
40.53334,-121.20952,322.77,0.41,0.61,2021-08-31,1052,N,VIIRS,n,2,289.33,3.92,N,0
40.5337,-121.23215,313.65,0.41,0.6,2021-08-31,1052,N,VIIRS,n,2,288.58,1.76,N,0
40.53373,-121.1467,308.76,0.41,0.61,2021-08-31,1052,N,VIIRS,n,2,288.7,1.26,N,0
40.53376,-121.10391,326.14,0.41,0.61,2021-08-31,1052,N,VIIRS,n,2,292.16,3.84,N,0
40.53407,-121.12646,315.32,0.41,0.61,2021-08-31,1052,N,VIIRS,n,2,290.14,2.35,N,0
40.53439,-121.36193,317.03,0.4,0.6,2021-08-31,1052,N,VIIRS,n,2,281.25,3.06,N,0
40.5344,-121.19191,314.72,0.41,0.61,2021-08-31,1052,N,VIIRS,n,2,288.76,2.52,N,0
40.53504,-121.23689,306.82,0.41,0.6,2021-08-31,1052,N,VIIRS,n,2,289.23,1.76,N,0
40.53507,-121.15147,301.6,0.41,0.61,2021-08-31,1052,N,VIIRS,n,2,288.92,1.23,N,0
40.53515,-121.10883,319.26,0.41,0.61,2021-08-31,1052,N,VIIRS,n,2,293.62,3.19,N,0
40.53527,-121.13077,314.38,0.41,0.61,2021-08-31,1052,N,VIIRS,n,2,289.07,3.28,N,0
40.5353,-121.17371,311.98,0.41,0.61,2021-08-31,1052,N,VIIRS,n,2,286.72,2.03,N,0
40.53573,-121.36667,338.17,0.4,0.6,2021-08-31,1052,N,VIIRS,n,2,284.56,3.06,N,0
40.53576,-121.34559,296.81,0.4,0.6,2021-08-31,1052,N,VIIRS,n,2,279.68,0.83,N,0
40.53579,-121.19685,321.43,0.41,0.61,2021-08-31,1052,N,VIIRS,n,2,290.22,2.63,N,0
40.53628,-121.24129,305.8,0.41,0.6,2021-08-31,1052,N,VIIRS,n,2,287.62,1.23,N,0
40.53645,-121.15636,301.37,0.41,0.61,2021-08-31,1052,N,VIIRS,n,2,289.66,1.23,N,0
40.53649,-121.13506,299.97,0.41,0.61,2021-08-31,1052,N,VIIRS,n,2,286.37,3.28,N,0
40.5365,-121.11362,310.48,0.41,0.61,2021-08-31,1052,N,VIIRS,n,2,291.4,3.19,N,0
40.53667,-121.1786,315.52,0.41,0.61,2021-08-31,1052,N,VIIRS,n,2,290.79,2.03,N,0
40.53711,-121.20155,321.8,0.41,0.61,2021-08-31,1052,N,VIIRS,n,2,290.41,2.63,N,0
40.53746,-121.24548,303.5,0.41,0.6,2021-08-31,1052,N,VIIRS,n,2,286.79,1.23,N,0
40.53753,-121.09576,322.01,0.41,0.61,2021-08-31,1052,N,VIIRS,n,2,287.12,6.69,N,0
40.53761,-121.22471,306.68,0.41,0.6,2021-08-31,1052,N,VIIRS,n,2,286.26,2.57,N,0
40.53773,-121.1395,315.3,0.41,0.61,2021-08-31,1052,N,VIIRS,n,2,286.64,1.63,N,0
40.53783,-121.11834,311.13,0.41,0.61,2021-08-31,1052,N,VIIRS,n,2,290.63,2.35,N,0
40.53811,-121.18372,313,0.41,0.61,2021-08-31,1052,N,VIIRS,n,2,289.64,2.47,N,0
40.53845,-121.20632,325.03,0.41,0.61,2021-08-31,1052,N,VIIRS,n,2,289.91,3.92,N,0
40.53891,-121.1007,346.57,0.41,0.61,2021-08-31,1052,N,VIIRS,n,2,295.62,6.69,N,0
40.53902,-121.14409,300.52,0.41,0.61,2021-08-31,1052,N,VIIRS,n,2,285.81,1.63,N,0
40.53912,-121.12296,318.48,0.41,0.61,2021-08-31,1052,N,VIIRS,n,2,291.19,2.35,N,0
40.53913,-121.23005,339.57,0.41,0.6,2021-08-31,1052,N,VIIRS,n,2,288.94,3.28,N,0
40.53917,-121.16607,299.45,0.41,0.61,2021-08-31,1052,N,VIIRS,n,2,286.94,1.55,N,0
40.53955,-121.18884,312.91,0.41,0.61,2021-08-31,1052,N,VIIRS,n,2,289.51,2.47,N,0
40.5403,-121.10564,322.26,0.41,0.61,2021-08-31,1052,N,VIIRS,n,2,294.7,7.12,N,0
40.54036,-121.14883,311.53,0.41,0.61,2021-08-31,1052,N,VIIRS,n,2,290.43,2.39,N,0
40.54045,-121.23478,298.99,0.41,0.6,2021-08-31,1052,N,VIIRS,n,2,285.56,3.28,N,0
40.54053,-121.17091,313.25,0.41,0.61,2021-08-31,1052,N,VIIRS,n,2,289.87,2.03,N,0
40.54096,-121.19382,320.63,0.41,0.61,2021-08-31,1052,N,VIIRS,n,2,291.02,3.13,N,0
40.54111,-121.34338,307.35,0.4,0.6,2021-08-31,1052,N,VIIRS,n,2,280.94,0.83,N,0
40.54128,-121.09538,341.14,0.41,0.61,2021-08-31,1052,N,VIIRS,n,2,290.54,7.64,N,0
40.54165,-121.11046,324.23,0.41,0.61,2021-08-31,1052,N,VIIRS,n,2,293.85,7.12,N,0
40.54173,-121.15369,306.83,0.41,0.61,2021-08-31,1052,N,VIIRS,n,2,289.9,2.39,N,0
40.54191,-121.1758,317.77,0.41,0.61,2021-08-31,1052,N,VIIRS,n,2,290.75,2.03,N,0
40.54231,-121.19863,342.39,0.41,0.61,2021-08-31,1052,N,VIIRS,n,2,292.79,3.13,N,0
40.54244,-121.34809,319.54,0.4,0.6,2021-08-31,1052,N,VIIRS,n,2,281.36,2.68,N,0
40.54269,-121.22134,321.53,0.41,0.6,2021-08-31,1052,N,VIIRS,n,2,286.06,2.57,N,0
40.54269,-121.10028,367,0.41,0.61,2021-08-31,1052,N,VIIRS,h,2,299.89,7.64,N,0
40.54275,-121.09283,315.67,0.41,0.61,2021-08-31,1052,N,VIIRS,n,2,286.6,6.69,N,0
40.54297,-121.11513,323,0.41,0.61,2021-08-31,1052,N,VIIRS,n,2,292.23,3.77,N,0
40.54301,-121.1368,312.06,0.41,0.61,2021-08-31,1052,N,VIIRS,n,2,287.98,1.63,N,0
40.54309,-121.15855,301.87,0.41,0.61,2021-08-31,1052,N,VIIRS,n,2,287.29,2.04,N,0
40.54333,-121.18085,314.33,0.41,0.61,2021-08-31,1052,N,VIIRS,n,2,289.76,2.47,N,0
40.54364,-121.20335,308.26,0.41,0.61,2021-08-31,1052,N,VIIRS,n,2,286.87,4.96,N,0
40.5441,-121.10518,325.86,0.41,0.61,2021-08-31,1052,N,VIIRS,n,2,295.06,5.15,N,0
40.5441,-121.09763,367,0.41,0.61,2021-08-31,1052,N,VIIRS,h,2,296.32,6.69,N,0
40.54425,-121.11969,324.37,0.41,0.61,2021-08-31,1052,N,VIIRS,n,2,289.28,3.77,N,0
40.54428,-121.22699,314.91,0.41,0.6,2021-08-31,1052,N,VIIRS,n,2,286.31,3.28,N,0
40.54434,-121.14153,299.95,0.41,0.61,2021-08-31,1052,N,VIIRS,n,2,287.38,1.63,N,0
40.54445,-121.16339,310.55,0.41,0.61,2021-08-31,1052,N,VIIRS,n,2,287.65,2.04,N,0
40.54477,-121.18598,316.66,0.41,0.61,2021-08-31,1052,N,VIIRS,n,2,290.7,2.47,N,0
40.54525,-121.33684,320.09,0.4,0.6,2021-08-31,1052,N,VIIRS,n,2,283.22,2.2,N,0
40.54548,-121.11001,338.99,0.41,0.61,2021-08-31,1052,N,VIIRS,n,2,293.92,5.15,N,0
40.54549,-121.10258,333.88,0.41,0.61,2021-08-31,1052,N,VIIRS,n,2,294.92,7.12,N,0
40.5457,-121.14637,323.84,0.41,0.61,2021-08-31,1052,N,VIIRS,n,2,292.26,2.39,N,0
40.54581,-121.16823,300.68,0.41,0.61,2021-08-31,1052,N,VIIRS,n,2,288.28,1.96,N,0
40.54618,-121.19099,318.96,0.41,0.61,2021-08-31,1052,N,VIIRS,n,2,290.44,3.13,N,0
40.54668,-121.34193,322.14,0.4,0.6,2021-08-31,1052,N,VIIRS,n,2,286.17,2.2,N,0
40.5468,-121.11459,312.27,0.41,0.61,2021-08-31,1052,N,VIIRS,n,2,289.01,5.12,N,0
40.54684,-121.10741,344.28,0.41,0.61,2021-08-31,1052,N,VIIRS,n,2,295.28,7.12,N,0
40.54694,-121.23647,298.9,0.41,0.6,2021-08-31,1052,N,VIIRS,n,2,284.92,0.96,N,0
40.54708,-121.15128,326.18,0.41,0.61,2021-08-31,1052,N,VIIRS,n,2,293.18,2.39,N,0
40.54719,-121.17313,308.91,0.41,0.61,2021-08-31,1052,N,VIIRS,n,2,290.47,1.96,N,0
40.54753,-121.19581,302.22,0.41,0.61,2021-08-31,1052,N,VIIRS,n,2,287.21,3.13,N,0
40.54788,-121.09723,303.72,0.41,0.61,2021-08-31,1052,N,VIIRS,n,2,284.73,7.64,N,0
40.54807,-121.34688,330.36,0.4,0.6,2021-08-31,1052,N,VIIRS,n,2,286.08,4.64,N,0
40.5481,-121.24059,301.33,0.41,0.6,2021-08-31,1052,N,VIIRS,n,2,284.66,0.96,N,0
40.54816,-121.11207,305.08,0.41,0.61,2021-08-31,1052,N,VIIRS,n,2,288.35,3.77,N,0
40.54847,-121.1562,301.33,0.41,0.61,2021-08-31,1052,N,VIIRS,n,2,288.4,2.04,N,0
40.54857,-121.17805,313.29,0.41,0.61,2021-08-31,1052,N,VIIRS,n,2,290.76,1.89,N,0
40.54921,-121.24453,307.42,0.41,0.6,2021-08-31,1052,N,VIIRS,n,2,284.98,1.25,N,0
40.54926,-121.10204,320.07,0.41,0.61,2021-08-31,1052,N,VIIRS,n,2,288.46,5.15,N,0
40.54942,-121.33044,327.5,0.4,0.6,2021-08-31,1052,N,VIIRS,n,2,284.64,3.04,N,0
40.54983,-121.16106,323.25,0.41,0.61,2021-08-31,1052,N,VIIRS,n,2,291.96,2.04,N,0
40.55002,-121.18323,312.15,0.41,0.61,2021-08-31,1052,N,VIIRS,n,2,291.29,1.89,N,0
40.5506,-121.10673,306.74,0.41,0.61,2021-08-31,1052,N,VIIRS,n,2,287.77,5.15,N,0
40.55104,-121.3362,316.09,0.4,0.6,2021-08-31,1052,N,VIIRS,n,2,286.07,2.2,N,0
40.55119,-121.1659,308.89,0.41,0.61,2021-08-31,1052,N,VIIRS,n,2,290.32,1.96,N,0
40.55148,-121.18842,311.69,0.41,0.61,2021-08-31,1052,N,VIIRS,n,2,288.97,2.42,N,0
40.55165,-121.21043,306.66,0.41,0.6,2021-08-31,1052,N,VIIRS,n,2,286.52,1.94,N,0
40.55251,-121.14917,299.11,0.41,0.61,2021-08-31,1052,N,VIIRS,n,2,288.02,1.43,N,0
40.55254,-121.17072,315.88,0.41,0.61,2021-08-31,1052,N,VIIRS,n,2,290.68,1.96,N,0
40.55256,-121.34156,299.69,0.4,0.6,2021-08-31,1052,N,VIIRS,n,2,285.29,2.2,N,0
40.55282,-121.19318,323.49,0.41,0.61,2021-08-31,1052,N,VIIRS,n,2,289.46,2.42,N,0
40.55302,-121.21531,318.44,0.41,0.6,2021-08-31,1052,N,VIIRS,n,2,287.32,1.94,N,0
40.55387,-121.17547,305.04,0.41,0.61,2021-08-31,1052,N,VIIRS,n,2,290.01,1.89,N,0
40.55391,-121.15413,312.39,0.41,0.61,2021-08-31,1052,N,VIIRS,n,2,288.75,3.17,N,0
40.55413,-121.19788,305.18,0.41,0.61,2021-08-31,1052,N,VIIRS,n,2,287.04,1.79,N,0
40.55523,-121.18031,302.95,0.41,0.61,2021-08-31,1052,N,VIIRS,n,2,290.11,1.89,N,0
40.55527,-121.15899,334.31,0.41,0.61,2021-08-31,1052,N,VIIRS,n,2,292.64,3.17,N,0
40.55549,-121.20271,301.63,0.41,0.61,2021-08-31,1052,N,VIIRS,n,2,287.11,1.79,N,0
40.55661,-121.16379,310.15,0.41,0.61,2021-08-31,1052,N,VIIRS,n,2,289.05,2.86,N,0
40.55668,-121.18549,309.48,0.41,0.61,2021-08-31,1052,N,VIIRS,n,2,289.8,2.42,N,0
40.55794,-121.1685,313.58,0.41,0.61,2021-08-31,1052,N,VIIRS,n,2,290.57,2.86,N,0
40.55835,-121.2129,321.3,0.41,0.6,2021-08-31,1052,N,VIIRS,n,2,287.5,3.16,N,0
40.55923,-121.17313,305.07,0.41,0.61,2021-08-31,1052,N,VIIRS,n,2,287.94,2.58,N,0
40.5597,-121.23912,313.86,0.41,0.6,2021-08-31,1052,N,VIIRS,n,2,286.47,1.8,N,0
40.56105,-121.22253,302.49,0.41,0.6,2021-08-31,1052,N,VIIRS,n,2,285.01,1.88,N,0
40.5649,-121.15662,303.6,0.41,0.61,2021-08-31,1052,N,VIIRS,n,2,287.37,1.08,N,0
40.56506,-121.23682,302.34,0.41,0.6,2021-08-31,1052,N,VIIRS,n,2,286.14,1.35,N,0
40.56602,-121.15434,297.43,0.41,0.61,2021-08-31,1052,N,VIIRS,n,2,285.9,0.67,N,0
40.56721,-121.24451,306.57,0.41,0.6,2021-08-31,1052,N,VIIRS,n,2,286.95,1.77,N,0
40.5695,-121.25267,299.85,0.41,0.6,2021-08-31,1052,N,VIIRS,n,2,285.09,1.09,N,0
40.57085,-121.32158,295.78,0.4,0.6,2021-08-31,1052,N,VIIRS,n,2,284.77,0.57,N,0
40.57313,-121.26561,304.8,0.41,0.6,2021-08-31,1052,N,VIIRS,n,2,283.34,0.96,N,0
40.57423,-121.33365,299.62,0.4,0.6,2021-08-31,1052,N,VIIRS,n,2,284.29,0.94,N,0
40.5774,-121.32362,312.52,0.4,0.6,2021-08-31,1052,N,VIIRS,n,2,286.77,1.78,N,0
40.57904,-121.3295,318.05,0.4,0.6,2021-08-31,1052,N,VIIRS,n,2,288.07,1.78,N,0
40.58007,-121.37578,298.47,0.4,0.6,2021-08-31,1052,N,VIIRS,n,2,283.59,0.8,N,0
40.5806,-121.35637,304.32,0.4,0.6,2021-08-31,1052,N,VIIRS,n,2,285.3,2.46,N,0
40.5806,-121.33508,301.76,0.4,0.6,2021-08-31,1052,N,VIIRS,n,2,285.74,1.85,N,0
40.58161,-121.35998,328.48,0.4,0.6,2021-08-31,1052,N,VIIRS,n,2,289.28,2.46,N,0
40.5822,-121.31944,312.79,0.4,0.6,2021-08-31,1052,N,VIIRS,n,2,288.71,1.78,N,0
40.58269,-121.36387,320.66,0.4,0.6,2021-08-31,1052,N,VIIRS,n,2,287.42,2.62,N,0
40.58327,-121.3446,296.71,0.4,0.6,2021-08-31,1052,N,VIIRS,n,2,285.02,1.03,N,0
40.58373,-121.3249,309.48,0.4,0.6,2021-08-31,1052,N,VIIRS,n,2,288.92,1.78,N,0
40.58393,-121.36829,295.35,0.4,0.6,2021-08-31,1052,N,VIIRS,n,2,284.12,2.62,N,0
40.58442,-121.34872,301.25,0.4,0.6,2021-08-31,1052,N,VIIRS,n,2,285.89,1.03,N,0
40.58524,-121.33032,312.11,0.4,0.6,2021-08-31,1052,N,VIIRS,n,2,287.86,1.85,N,0
40.58547,-121.37377,299.09,0.4,0.6,2021-08-31,1052,N,VIIRS,n,2,284.06,0.8,N,0
40.5855,-121.35257,299.18,0.4,0.6,2021-08-31,1052,N,VIIRS,n,2,285.69,1.41,N,0
40.58658,-121.35642,321.67,0.4,0.6,2021-08-31,1052,N,VIIRS,n,2,288.62,1.41,N,0
40.5867,-121.33551,310.79,0.4,0.6,2021-08-31,1052,N,VIIRS,n,2,287.74,1.85,N,0
40.58773,-121.36053,309.51,0.4,0.6,2021-08-31,1052,N,VIIRS,n,2,285.69,2.5,N,0
40.588,-121.34019,301.3,0.4,0.6,2021-08-31,1052,N,VIIRS,n,2,286.04,1.03,N,0
40.58997,-121.32587,305.45,0.4,0.6,2021-08-31,1052,N,VIIRS,n,2,287.34,1.85,N,0
40.59037,-121.34866,301.3,0.4,0.6,2021-08-31,1052,N,VIIRS,n,2,286.1,1.41,N,0
40.59273,-121.33574,301.52,0.4,0.6,2021-08-31,1052,N,VIIRS,n,2,286.24,1.28,N,0
40.594,-121.34028,303.61,0.4,0.6,2021-08-31,1052,N,VIIRS,n,2,285.72,1.28,N,0
40.60005,-121.34056,309.74,0.4,0.6,2021-08-31,1052,N,VIIRS,n,2,287.98,1.82,N,0
40.60129,-121.345,312.48,0.4,0.6,2021-08-31,1052,N,VIIRS,n,2,285.99,1.82,N,0
40.60161,-121.38891,296.31,0.4,0.6,2021-08-31,1052,N,VIIRS,n,2,284.88,0.79,N,0
40.60334,-121.3951,296.05,0.4,0.6,2021-08-31,1052,N,VIIRS,n,2,284.05,1.44,N,0
40.60447,-121.3778,299.08,0.4,0.6,2021-08-31,1052,N,VIIRS,n,2,284.2,0.88,N,0
40.60654,-121.36387,303.75,0.4,0.6,2021-08-31,1052,N,VIIRS,n,2,284.53,0.82,N,0
40.60658,-121.3854,302.1,0.4,0.6,2021-08-31,1052,N,VIIRS,n,2,284.91,1.15,N,0
40.60753,-121.3888,306.86,0.4,0.6,2021-08-31,1052,N,VIIRS,n,2,284.53,3.11,N,0
40.60793,-121.36886,295.46,0.4,0.6,2021-08-31,1052,N,VIIRS,n,2,284.51,0.88,N,0
40.60842,-121.39198,341.36,0.4,0.6,2021-08-31,1052,N,VIIRS,n,2,287.16,3.11,N,0
40.60931,-121.39516,324.97,0.4,0.6,2021-08-31,1052,N,VIIRS,n,2,284.73,5.54,N,0
40.61034,-121.37752,300.15,0.4,0.6,2021-08-31,1052,N,VIIRS,n,2,283.81,1.15,N,0
40.61395,-121.36907,300.69,0.4,0.6,2021-08-31,1052,N,VIIRS,n,2,283.11,0.9,N,0
39.90681,-120.62643,367,0.55,0.43,2021-08-31,2034,N,VIIRS,l,2,338.31,80.65,D,0
39.90937,-120.63384,367,0.55,0.43,2021-08-31,2034,N,VIIRS,h,2,337.69,197.32,D,0
39.91064,-120.64739,352.05,0.55,0.43,2021-08-31,2034,N,VIIRS,n,2,311.78,25.75,D,0
39.91064,-120.62777,367,0.55,0.43,2021-08-31,2034,N,VIIRS,l,2,379.03,197.32,D,0
39.91188,-120.6218,367,0.55,0.43,2021-08-31,2034,N,VIIRS,l,2,378.97,256.15,D,0
39.91195,-120.64114,355.4,0.55,0.43,2021-08-31,2034,N,VIIRS,n,2,322.24,25.75,D,0
39.91308,-120.61604,367,0.55,0.43,2021-08-31,2034,N,VIIRS,l,2,333.99,256.15,D,0
39.9132,-120.6351,367,0.55,0.43,2021-08-31,2034,N,VIIRS,l,2,372.85,197.32,D,0
39.91443,-120.62926,367,0.55,0.43,2021-08-31,2034,N,VIIRS,h,2,365.11,197.32,D,0
39.91449,-120.64863,352.55,0.55,0.43,2021-08-31,2034,N,VIIRS,l,2,335.47,58.45,D,0
39.91565,-120.62338,367,0.55,0.43,2021-08-31,2034,N,VIIRS,h,2,366.8,256.15,D,0
39.91576,-120.64255,354.17,0.55,0.43,2021-08-31,2034,N,VIIRS,l,2,338.23,58.45,D,0
39.91685,-120.61759,367,0.55,0.43,2021-08-31,2034,N,VIIRS,l,2,376.16,256.15,D,0
39.91697,-120.65643,350.23,0.55,0.43,2021-08-31,2034,N,VIIRS,n,2,315.25,20.89,D,0
39.91698,-120.63666,367,0.55,0.43,2021-08-31,2034,N,VIIRS,h,2,365.28,213.56,D,0
39.91818,-120.63091,367,0.55,0.43,2021-08-31,2034,N,VIIRS,l,2,382.62,213.56,D,0
39.91829,-120.65013,357.16,0.55,0.43,2021-08-31,2034,N,VIIRS,n,2,324.75,58.45,D,0
39.9194,-120.62505,367,0.55,0.43,2021-08-31,2034,N,VIIRS,l,2,381.58,328.45,D,0
39.91955,-120.64405,354.19,0.55,0.43,2021-08-31,2034,N,VIIRS,l,2,340.7,58.45,D,0
39.92063,-120.61916,367,0.55,0.43,2021-08-31,2034,N,VIIRS,l,2,372.38,328.45,D,0
39.92075,-120.63828,367,0.55,0.43,2021-08-31,2034,N,VIIRS,h,2,341.69,213.56,D,0
39.92078,-120.6579,367,0.55,0.43,2021-08-31,2034,N,VIIRS,h,2,318.98,27.96,D,0
39.92185,-120.61329,367,0.55,0.43,2021-08-31,2034,N,VIIRS,l,2,369.49,283.24,D,0
39.92194,-120.63256,367,0.55,0.43,2021-08-31,2034,N,VIIRS,l,2,377.18,213.56,D,0
39.92205,-120.65179,356.27,0.55,0.43,2021-08-31,2034,N,VIIRS,n,2,319.52,49.54,D,0
39.92313,-120.60714,355.76,0.55,0.43,2021-08-31,2034,N,VIIRS,n,2,302.46,283.24,D,0
39.92316,-120.6267,367,0.55,0.43,2021-08-31,2034,N,VIIRS,l,2,377.51,328.45,D,0
39.9233,-120.64574,353.71,0.55,0.43,2021-08-31,2034,N,VIIRS,l,2,331.92,49.54,D,0
39.92441,-120.62069,367,0.55,0.43,2021-08-31,2034,N,VIIRS,l,2,371.09,328.45,D,0
39.9245,-120.63996,367,0.55,0.43,2021-08-31,2034,N,VIIRS,h,2,348.01,115.68,D,0
39.92567,-120.61466,367,0.55,0.43,2021-08-31,2034,N,VIIRS,h,2,344.46,283.24,D,0
39.9257,-120.6342,367,0.55,0.43,2021-08-31,2034,N,VIIRS,h,2,369.34,115.68,D,0
39.92692,-120.62833,367,0.55,0.43,2021-08-31,2034,N,VIIRS,l,2,380.63,344.92,D,0
39.92818,-120.62225,367,0.55,0.43,2021-08-31,2034,N,VIIRS,l,2,381.27,344.92,D,0
39.92825,-120.64172,355.07,0.55,0.43,2021-08-31,2034,N,VIIRS,n,2,319.88,115.68,D,0
39.92825,-120.60222,355.25,0.55,0.43,2021-08-31,2034,N,VIIRS,n,2,298.67,29.99,D,0
39.92947,-120.63583,367,0.55,0.43,2021-08-31,2034,N,VIIRS,h,2,344.05,115.68,D,0
39.92948,-120.61604,367,0.55,0.43,2021-08-31,2034,N,VIIRS,h,2,338.7,355.76,D,0
39.93071,-120.62984,367,0.55,0.43,2021-08-31,2034,N,VIIRS,l,2,334.65,344.92,D,0
39.9308,-120.60966,367,0.55,0.43,2021-08-31,2034,N,VIIRS,h,2,337.31,355.76,D,0
39.93201,-120.64336,353.74,0.55,0.43,2021-08-31,2034,N,VIIRS,n,2,314.9,57.58,D,0
39.93201,-120.62357,367,0.55,0.43,2021-08-31,2034,N,VIIRS,h,2,331.29,344.92,D,0
39.93212,-120.60329,367,0.55,0.43,2021-08-31,2034,N,VIIRS,l,2,327.66,130.22,D,0
39.93326,-120.63731,367,0.55,0.43,2021-08-31,2034,N,VIIRS,l,2,331.33,57.58,D,0
39.93334,-120.61714,367,0.55,0.43,2021-08-31,2034,N,VIIRS,l,2,367.1,355.76,D,0
39.93343,-120.59702,367,0.55,0.43,2021-08-31,2034,N,VIIRS,h,2,296.16,130.22,D,0
39.93454,-120.63116,367,0.55,0.43,2021-08-31,2034,N,VIIRS,h,2,339.89,176.12,D,0
39.93469,-120.61066,367,0.55,0.43,2021-08-31,2034,N,VIIRS,l,2,347.68,355.76,D,0
39.93586,-120.62479,367,0.55,0.43,2021-08-31,2034,N,VIIRS,h,2,356.76,176.12,D,0
39.93602,-120.6042,308.99,0.55,0.43,2021-08-31,2034,N,VIIRS,l,2,317.6,130.22,D,0
39.93705,-120.63879,350.18,0.55,0.43,2021-08-31,2034,N,VIIRS,n,2,310.76,57.58,D,0
39.93721,-120.61823,367,0.55,0.43,2021-08-31,2034,N,VIIRS,l,2,375.97,684.87,D,0
39.9373,-120.59804,353.69,0.55,0.43,2021-08-31,2034,N,VIIRS,n,2,293.29,130.22,D,0
39.93835,-120.63249,350.07,0.55,0.43,2021-08-31,2034,N,VIIRS,n,2,313.14,176.12,D,0
39.93856,-120.59193,354.5,0.55,0.43,2021-08-31,2034,N,VIIRS,n,2,281.11,32.67,D,0
39.9411,-120.61926,367,0.55,0.43,2021-08-31,2034,N,VIIRS,l,2,331.91,684.87,D,0
39.94119,-120.59901,351.69,0.55,0.43,2021-08-31,2034,N,VIIRS,n,2,291.16,240.21,D,0
39.9413,-120.53926,354.91,0.55,0.42,2021-08-31,2034,N,VIIRS,n,2,308.97,26.38,D,0
39.94244,-120.59296,356.43,0.55,0.43,2021-08-31,2034,N,VIIRS,n,2,282.35,32.42,D,0
39.9426,-120.53297,356.86,0.55,0.42,2021-08-31,2034,N,VIIRS,n,2,308.11,26.38,D,0
39.94382,-120.60606,351.86,0.55,0.43,2021-08-31,2034,N,VIIRS,n,2,286.57,240.21,D,0
39.9439,-120.52668,354.04,0.54,0.42,2021-08-31,2034,N,VIIRS,n,2,300.9,16.87,D,0
39.94497,-120.62031,348.86,0.55,0.43,2021-08-31,2034,N,VIIRS,n,2,302.6,28.31,D,0
39.94519,-120.54016,354.8,0.55,0.42,2021-08-31,2034,N,VIIRS,n,2,308.83,26.96,D,0
39.94521,-120.52037,367,0.54,0.42,2021-08-31,2034,N,VIIRS,h,2,297.81,16.87,D,0
39.94633,-120.59397,355.82,0.55,0.43,2021-08-31,2034,N,VIIRS,n,2,279.51,32.42,D,0
39.94635,-120.61366,355.74,0.55,0.43,2021-08-31,2034,N,VIIRS,n,2,292.38,28.31,D,0
39.94646,-120.53406,355.59,0.55,0.42,2021-08-31,2034,N,VIIRS,n,2,301.39,26.96,D,0
39.94651,-120.51405,367,0.54,0.42,2021-08-31,2034,N,VIIRS,h,2,296.03,15.75,D,0
39.94766,-120.6073,356.96,0.55,0.43,2021-08-31,2034,N,VIIRS,l,2,284.85,33.24,D,0
39.94771,-120.52798,367,0.54,0.42,2021-08-31,2034,N,VIIRS,h,2,300.79,178.98,D,0
39.94777,-120.508,342.32,0.54,0.42,2021-08-31,2034,N,VIIRS,n,2,297.16,15.75,D,0
39.94894,-120.6011,355.97,0.55,0.43,2021-08-31,2034,N,VIIRS,n,2,285.6,33.24,D,0
39.94897,-120.52188,367,0.54,0.42,2021-08-31,2034,N,VIIRS,h,2,347.56,178.98,D,0
39.95011,-120.61524,354.79,0.55,0.43,2021-08-31,2034,N,VIIRS,n,2,294.87,28.31,D,0
39.9502,-120.59501,356.96,0.55,0.43,2021-08-31,2034,N,VIIRS,l,2,281.5,26.23,D,0
39.95021,-120.53563,349.53,0.55,0.42,2021-08-31,2034,N,VIIRS,n,2,294.13,26.96,D,0
39.95023,-120.51578,367,0.54,0.42,2021-08-31,2034,N,VIIRS,l,2,363,314.56,D,0
39.95144,-120.60885,355.04,0.55,0.43,2021-08-31,2034,N,VIIRS,n,2,289.53,33.24,D,0
39.95147,-120.50981,353.87,0.54,0.42,2021-08-31,2034,N,VIIRS,n,2,301.63,314.56,D,0
39.95149,-120.58877,356.94,0.55,0.43,2021-08-31,2034,N,VIIRS,n,2,282.75,26.23,D,0
39.95269,-120.50388,344.58,0.54,0.42,2021-08-31,2034,N,VIIRS,n,2,296.63,40.33,D,0
39.9527,-120.54334,367,0.55,0.42,2021-08-31,2034,N,VIIRS,h,2,295.76,30.27,D,0
39.95271,-120.52352,367,0.54,0.42,2021-08-31,2034,N,VIIRS,h,2,330.61,178.98,D,0
39.95276,-120.60241,352.13,0.55,0.43,2021-08-31,2034,N,VIIRS,n,2,284.03,33.24,D,0
39.95395,-120.53728,352.11,0.55,0.42,2021-08-31,2034,N,VIIRS,n,2,290.25,30.27,D,0
39.95395,-120.51751,367,0.54,0.42,2021-08-31,2034,N,VIIRS,l,2,328.07,314.56,D,0
39.95407,-120.59606,345.18,0.55,0.43,2021-08-31,2034,N,VIIRS,n,2,281.07,26.23,D,0
39.95518,-120.51154,367,0.54,0.42,2021-08-31,2034,N,VIIRS,l,2,327.71,314.56,D,0
39.95521,-120.53117,354.3,0.54,0.42,2021-08-31,2034,N,VIIRS,n,2,301.47,39.92,D,0
39.95537,-120.56997,352.82,0.55,0.42,2021-08-31,2034,N,VIIRS,n,2,288.87,99.76,D,0
39.95643,-120.50551,352.97,0.54,0.42,2021-08-31,2034,N,VIIRS,n,2,304.58,40.33,D,0
39.95645,-120.54494,353.49,0.55,0.42,2021-08-31,2034,N,VIIRS,n,2,302.8,30.27,D,0
39.95646,-120.52514,355.18,0.54,0.42,2021-08-31,2034,N,VIIRS,l,2,314.81,39.92,D,0
39.95667,-120.58345,347.51,0.55,0.43,2021-08-31,2034,N,VIIRS,n,2,286.66,21.99,D,0
39.95769,-120.51914,354.67,0.54,0.42,2021-08-31,2034,N,VIIRS,n,2,307.97,80.91,D,0
39.9577,-120.53889,367,0.55,0.42,2021-08-31,2034,N,VIIRS,h,2,292.22,30.27,D,0
39.9577,-120.49934,340.77,0.54,0.42,2021-08-31,2034,N,VIIRS,n,2,292.22,40.33,D,0
39.95792,-120.57738,356.59,0.55,0.42,2021-08-31,2034,N,VIIRS,n,2,293.42,21.99,D,0
39.95895,-120.53283,355.31,0.54,0.42,2021-08-31,2034,N,VIIRS,n,2,288.94,39.92,D,0
39.95913,-120.57154,349.51,0.55,0.42,2021-08-31,2034,N,VIIRS,n,2,305.45,99.76,D,0
39.9602,-120.52679,367,0.54,0.42,2021-08-31,2034,N,VIIRS,h,2,293.84,39.92,D,0
39.96021,-120.50695,351.19,0.54,0.42,2021-08-31,2034,N,VIIRS,n,2,302.45,37.46,D,0
39.96022,-120.54645,353.86,0.55,0.42,2021-08-31,2034,N,VIIRS,n,2,295.61,30.93,D,0
39.96144,-120.52072,367,0.54,0.42,2021-08-31,2034,N,VIIRS,h,2,293.69,80.91,D,0
39.96145,-120.54047,356.15,0.55,0.42,2021-08-31,2034,N,VIIRS,n,2,294.05,30.93,D,0
39.96149,-120.50072,347.44,0.54,0.42,2021-08-31,2034,N,VIIRS,n,2,285.78,37.46,D,0
39.96157,-120.55972,367,0.55,0.42,2021-08-31,2034,N,VIIRS,h,2,293.02,40.31,D,0
39.9627,-120.53442,351.17,0.54,0.42,2021-08-31,2034,N,VIIRS,n,2,288.67,9.7,D,0
39.96271,-120.51459,356.41,0.54,0.42,2021-08-31,2034,N,VIIRS,n,2,291.47,80.91,D,0
39.96278,-120.55383,356.22,0.55,0.42,2021-08-31,2034,N,VIIRS,n,2,295.68,40.31,D,0
39.96395,-120.52834,355.3,0.54,0.42,2021-08-31,2034,N,VIIRS,n,2,286.79,9.7,D,0
39.964,-120.54794,367,0.55,0.42,2021-08-31,2034,N,VIIRS,h,2,295.06,30.93,D,0
39.964,-120.50829,356.57,0.54,0.42,2021-08-31,2034,N,VIIRS,l,2,286.38,37.46,D,0
39.96522,-120.52217,356.96,0.54,0.42,2021-08-31,2034,N,VIIRS,l,2,289.47,19.91,D,0
39.96523,-120.54196,354.73,0.55,0.42,2021-08-31,2034,N,VIIRS,n,2,289.67,30.93,D,0
39.96532,-120.56129,347.81,0.55,0.42,2021-08-31,2034,N,VIIRS,n,2,287.98,14.63,D,0
39.96532,-120.50191,347.17,0.54,0.42,2021-08-31,2034,N,VIIRS,n,2,284.82,37.46,D,0
39.96647,-120.53589,354.38,0.54,0.42,2021-08-31,2034,N,VIIRS,n,2,290.09,9.7,D,0
39.96652,-120.51585,367,0.54,0.42,2021-08-31,2034,N,VIIRS,h,2,291.25,19.91,D,0
39.96654,-120.5554,352.97,0.55,0.42,2021-08-31,2034,N,VIIRS,n,2,291.46,14.63,D,0
39.96774,-120.52975,353.77,0.54,0.42,2021-08-31,2034,N,VIIRS,n,2,286.42,9.7,D,0
39.96776,-120.54946,346.41,0.55,0.42,2021-08-31,2034,N,VIIRS,n,2,287.68,13.57,D,0
39.96784,-120.50944,356.96,0.54,0.42,2021-08-31,2034,N,VIIRS,l,2,287.29,142.92,D,0
39.969,-120.54343,353.41,0.55,0.42,2021-08-31,2034,N,VIIRS,n,2,290.44,13.57,D,0
39.96902,-120.52352,355.78,0.54,0.42,2021-08-31,2034,N,VIIRS,n,2,285.89,19.91,D,0
39.96916,-120.50304,355.94,0.54,0.42,2021-08-31,2034,N,VIIRS,n,2,286.17,142.92,D,0
39.97027,-120.53728,367,0.54,0.42,2021-08-31,2034,N,VIIRS,h,2,296.13,27.77,D,0
39.97033,-120.51713,356.69,0.54,0.42,2021-08-31,2034,N,VIIRS,l,2,288.53,19.91,D,0
39.97046,-120.49672,342.09,0.54,0.42,2021-08-31,2034,N,VIIRS,n,2,286.47,36.41,D,0
39.97155,-120.53107,367,0.54,0.42,2021-08-31,2034,N,VIIRS,h,2,291.21,27.77,D,0
39.97284,-120.5248,356.91,0.54,0.42,2021-08-31,2034,N,VIIRS,l,2,286.63,22.79,D,0
39.97411,-120.5384,355.47,0.54,0.42,2021-08-31,2034,N,VIIRS,n,2,293.36,27.77,D,0
39.97413,-120.51844,356.87,0.54,0.42,2021-08-31,2034,N,VIIRS,l,2,288.52,22.79,D,0
39.97425,-120.49803,355.58,0.54,0.42,2021-08-31,2034,N,VIIRS,n,2,292.14,36.41,D,0
39.9754,-120.53212,354.82,0.54,0.42,2021-08-31,2034,N,VIIRS,n,2,297.47,27.77,D,0
39.97545,-120.51206,353.12,0.54,0.42,2021-08-31,2034,N,VIIRS,n,2,290.82,77.66,D,0
39.97667,-120.62304,347.68,0.55,0.43,2021-08-31,2034,N,VIIRS,n,2,311.67,12.15,D,0
39.97668,-120.52589,367,0.54,0.42,2021-08-31,2034,N,VIIRS,h,2,291.51,22.79,D,0
39.97675,-120.50574,288.97,0.54,0.42,2021-08-31,2034,N,VIIRS,l,2,320.92,77.66,D,0
39.97738,-120.62183,356.53,0.55,0.43,2021-08-31,2034,N,VIIRS,n,2,312.16,23.7,D,0
39.9779,-120.61716,353.76,0.55,0.43,2021-08-31,2034,N,VIIRS,n,2,314.67,12.15,D,0
39.97795,-120.5197,356.6,0.54,0.42,2021-08-31,2034,N,VIIRS,l,2,288.11,22.79,D,0
39.97799,-120.5394,352.74,0.54,0.42,2021-08-31,2034,N,VIIRS,n,2,297.4,29.31,D,0
39.97803,-120.49943,316.07,0.54,0.42,2021-08-31,2034,N,VIIRS,l,2,317.08,85.94,D,0
39.97859,-120.61597,356.26,0.55,0.43,2021-08-31,2034,N,VIIRS,n,2,317.58,51.36,D,0
39.97914,-120.61132,344.69,0.55,0.43,2021-08-31,2034,N,VIIRS,n,2,311.11,15.25,D,0
39.97924,-120.63029,341.44,0.55,0.43,2021-08-31,2034,N,VIIRS,n,2,308.73,10.75,D,0
39.97924,-120.5134,356.62,0.54,0.42,2021-08-31,2034,N,VIIRS,l,2,287.15,77.66,D,0
39.97927,-120.53311,357.15,0.54,0.42,2021-08-31,2034,N,VIIRS,n,2,300.46,29.31,D,0
39.97932,-120.49316,353.82,0.54,0.42,2021-08-31,2034,N,VIIRS,n,2,288.62,85.94,D,0
39.98,-120.62904,349.91,0.55,0.43,2021-08-31,2034,N,VIIRS,n,2,312.06,23.7,D,0
39.98053,-120.62418,356.55,0.55,0.43,2021-08-31,2034,N,VIIRS,n,2,314.24,60.73,D,0
39.98054,-120.52694,367,0.54,0.42,2021-08-31,2034,N,VIIRS,l,2,327.64,100.81,D,0
39.98054,-120.50708,356.6,0.54,0.42,2021-08-31,2034,N,VIIRS,l,2,286.7,77.66,D,0
39.98125,-120.62293,351.98,0.55,0.43,2021-08-31,2034,N,VIIRS,n,2,315.01,23.7,D,0
39.98179,-120.61819,346.96,0.55,0.43,2021-08-31,2034,N,VIIRS,l,2,319.49,60.73,D,0
39.98179,-120.52084,353.6,0.54,0.42,2021-08-31,2034,N,VIIRS,n,2,307.96,100.81,D,0
39.98185,-120.50067,356.62,0.54,0.42,2021-08-31,2034,N,VIIRS,l,2,287.29,85.94,D,0
39.98249,-120.61691,356.87,0.55,0.43,2021-08-31,2034,N,VIIRS,n,2,318.64,51.36,D,0
39.9828,-120.53555,346.27,0.54,0.42,2021-08-31,2034,N,VIIRS,n,2,290.14,15.97,D,0
39.98303,-120.61227,348.56,0.55,0.43,2021-08-31,2034,N,VIIRS,n,2,311.04,38.7,D,0
39.98307,-120.51459,357.49,0.54,0.42,2021-08-31,2034,N,VIIRS,l,2,288.04,278.66,D,0
39.98314,-120.49435,354.14,0.54,0.42,2021-08-31,2034,N,VIIRS,n,2,284.41,85.94,D,0
39.98315,-120.53407,348.91,0.54,0.42,2021-08-31,2034,N,VIIRS,n,2,290.83,29.31,D,0
39.9841,-120.52938,355,0.54,0.42,2021-08-31,2034,N,VIIRS,n,2,291.83,15.97,D,0
39.98441,-120.52792,356.29,0.54,0.42,2021-08-31,2034,N,VIIRS,n,2,293.74,100.81,D,0
39.98536,-120.52338,350.78,0.54,0.42,2021-08-31,2034,N,VIIRS,n,2,306.26,129.86,D,0
39.98567,-120.50186,357.49,0.54,0.42,2021-08-31,2034,N,VIIRS,l,2,287.3,17.35,D,0
39.98697,-120.49551,354.27,0.54,0.42,2021-08-31,2034,N,VIIRS,n,2,284.85,17.35,D,0
39.98796,-120.51099,367,0.54,0.42,2021-08-31,2034,N,VIIRS,h,2,332.33,175.48,D,0
39.98827,-120.52895,349.15,0.54,0.42,2021-08-31,2034,N,VIIRS,n,2,290.69,19.87,D,0
39.98922,-120.52442,355.6,0.54,0.42,2021-08-31,2034,N,VIIRS,n,2,294.31,129.86,D,0
39.98929,-120.50466,367,0.54,0.42,2021-08-31,2034,N,VIIRS,h,2,290.82,175.48,D,0
39.98949,-120.52298,354.16,0.54,0.42,2021-08-31,2034,N,VIIRS,n,2,299.65,19.87,D,0
39.9895,-120.50304,356.83,0.54,0.42,2021-08-31,2034,N,VIIRS,l,2,289.6,17.35,D,0
39.98955,-120.6202,356.99,0.55,0.43,2021-08-31,2034,N,VIIRS,n,2,306.47,79.2,D,0
39.99065,-120.49822,356.67,0.54,0.42,2021-08-31,2034,N,VIIRS,l,2,289.27,24.09,D,0
39.99081,-120.49661,356.73,0.54,0.42,2021-08-31,2034,N,VIIRS,n,2,288.29,17.35,D,0
39.99179,-120.51216,367,0.54,0.42,2021-08-31,2034,N,VIIRS,h,2,337.56,175.48,D,0
39.99193,-120.60886,354.11,0.55,0.43,2021-08-31,2034,N,VIIRS,n,2,313.77,44.84,D,0
39.99195,-120.49201,354.6,0.54,0.42,2021-08-31,2034,N,VIIRS,n,2,288.53,24.09,D,0
39.99202,-120.51059,367,0.54,0.42,2021-08-31,2034,N,VIIRS,h,2,341.44,208.97,D,0
39.99207,-120.49046,352.87,0.54,0.42,2021-08-31,2034,N,VIIRS,n,2,286.88,28.57,D,0
39.9921,-120.62759,342.19,0.55,0.43,2021-08-31,2034,N,VIIRS,n,2,310.8,79.2,D,0
39.99304,-120.76018,334.43,0.56,0.43,2021-08-31,2034,N,VIIRS,l,2,308.58,9.16,D,0
39.99334,-120.62169,367,0.55,0.43,2021-08-31,2034,N,VIIRS,h,2,350.5,79.2,D,0
39.99334,-120.52407,348.81,0.54,0.42,2021-08-31,2034,N,VIIRS,n,2,293.47,19.87,D,0
39.99414,-120.75497,347.7,0.56,0.43,2021-08-31,2034,N,VIIRS,n,2,312.53,20.59,D,0
39.99433,-120.51949,354.87,0.54,0.42,2021-08-31,2034,N,VIIRS,n,2,294.97,35.05,D,0
39.99447,-120.4994,367,0.54,0.42,2021-08-31,2034,N,VIIRS,h,2,291.73,24.09,D,0
39.99453,-120.61599,350.69,0.55,0.43,2021-08-31,2034,N,VIIRS,n,2,308.76,44.84,D,0
39.99458,-120.51799,356.98,0.54,0.42,2021-08-31,2034,N,VIIRS,n,2,296.73,208.97,D,0
39.99464,-120.49777,367,0.54,0.42,2021-08-31,2034,N,VIIRS,h,2,291.52,203.47,D,0
39.99579,-120.49313,367,0.54,0.42,2021-08-31,2034,N,VIIRS,h,2,291.98,24.09,D,0
39.99591,-120.49156,367,0.54,0.42,2021-08-31,2034,N,VIIRS,h,2,291.32,84.7,D,0
39.99695,-120.50701,367,0.54,0.42,2021-08-31,2034,N,VIIRS,h,2,330.5,197.39,D,0
39.99705,-120.48711,356.12,0.54,0.42,2021-08-31,2034,N,VIIRS,n,2,289.3,37.61,D,0
39.99712,-120.62315,351.16,0.55,0.43,2021-08-31,2034,N,VIIRS,n,2,304.67,43.44,D,0
39.99714,-120.48555,354.44,0.54,0.42,2021-08-31,2034,N,VIIRS,n,2,288.34,84.7,D,0
39.99715,-120.50541,367,0.54,0.42,2021-08-31,2034,N,VIIRS,h,2,326.14,203.47,D,0
39.99828,-120.50064,367,0.54,0.42,2021-08-31,2034,N,VIIRS,l,2,341.88,313.73,D,0
39.99841,-120.51914,351.44,0.54,0.42,2021-08-31,2034,N,VIIRS,n,2,294.42,25.11,D,0
39.99844,-120.49906,367,0.54,0.42,2021-08-31,2034,N,VIIRS,h,2,336.11,203.47,D,0
39.99947,-120.51445,356.86,0.54,0.42,2021-08-31,2034,N,VIIRS,n,2,296.09,197.39,D,0
39.99958,-120.49447,318.23,0.54,0.42,2021-08-31,2034,N,VIIRS,l,2,319.99,313.73,D,0
39.99968,-120.51289,353.92,0.54,0.42,2021-08-31,2034,N,VIIRS,n,2,299.81,25.11,D,0
40.00083,-120.48849,367,0.54,0.42,2021-08-31,2034,N,VIIRS,h,2,292.49,131.69,D,0
40.00092,-120.48694,367,0.54,0.42,2021-08-31,2034,N,VIIRS,h,2,290.36,84.7,D,0
40.00208,-120.4825,356.37,0.54,0.42,2021-08-31,2034,N,VIIRS,l,2,287.15,131.69,D,0
40.00209,-120.50193,367,0.54,0.42,2021-08-31,2034,N,VIIRS,l,2,346.97,313.73,D,0
40.00214,-120.48094,354.95,0.54,0.42,2021-08-31,2034,N,VIIRS,n,2,286.42,33.36,D,0
40.00224,-120.50037,367,0.54,0.42,2021-08-31,2034,N,VIIRS,l,2,353.92,314.76,D,0
40.00336,-120.49585,367,0.54,0.42,2021-08-31,2034,N,VIIRS,l,2,348.45,313.73,D,0
40.00348,-120.4943,367,0.54,0.42,2021-08-31,2034,N,VIIRS,l,2,337.76,278.84,D,0
40.00351,-120.5141,354.66,0.54,0.42,2021-08-31,2034,N,VIIRS,n,2,294.33,25.11,D,0
40.00459,-120.50943,367,0.54,0.42,2021-08-31,2034,N,VIIRS,h,2,295.41,49.12,D,0
40.0046,-120.48989,208,0.54,0.42,2021-08-31,2034,N,VIIRS,l,2,321.93,131.69,D,0
40.00469,-120.48837,296.84,0.54,0.42,2021-08-31,2034,N,VIIRS,l,2,316.91,278.84,D,0
40.00478,-120.50787,356.57,0.54,0.42,2021-08-31,2034,N,VIIRS,n,2,298.17,314.76,D,0
40.00584,-120.6206,345.87,0.55,0.43,2021-08-31,2034,N,VIIRS,n,2,309.61,8.12,D,0
40.00586,-120.48389,349.93,0.54,0.42,2021-08-31,2034,N,VIIRS,n,2,298.86,131.69,D,0
40.00592,-120.48231,355.66,0.54,0.42,2021-08-31,2034,N,VIIRS,n,2,291.4,178.35,D,0
40.00714,-120.49722,316.91,0.54,0.42,2021-08-31,2034,N,VIIRS,l,2,317.71,96.63,D,0
40.00715,-120.47774,353.95,0.54,0.42,2021-08-31,2034,N,VIIRS,n,2,281.49,48.17,D,0
40.00726,-120.4957,306.29,0.54,0.42,2021-08-31,2034,N,VIIRS,l,2,322.06,278.84,D,0
40.00838,-120.49126,291.41,0.54,0.42,2021-08-31,2034,N,VIIRS,l,2,319.15,258.72,D,0
40.00848,-120.48974,246.02,0.54,0.42,2021-08-31,2034,N,VIIRS,l,2,321.74,278.84,D,0
40.00964,-120.50477,367,0.54,0.42,2021-08-31,2034,N,VIIRS,h,2,296.94,96.63,D,0
40.00964,-120.48529,367,0.54,0.42,2021-08-31,2034,N,VIIRS,l,2,332.62,258.72,D,0
40.0097,-120.48372,367,0.54,0.42,2021-08-31,2034,N,VIIRS,l,2,328.65,178.35,D,0
40.01092,-120.49863,367,0.54,0.42,2021-08-31,2034,N,VIIRS,h,2,296.49,96.63,D,0
40.01097,-120.47746,351.41,0.54,0.42,2021-08-31,2034,N,VIIRS,n,2,292.43,178.35,D,0
40.01217,-120.49262,353.04,0.54,0.42,2021-08-31,2034,N,VIIRS,n,2,295.58,258.72,D,0
40.01227,-120.47268,347.82,0.54,0.42,2021-08-31,2034,N,VIIRS,n,2,280.65,241.13,D,0
40.0147,-120.5,352.25,0.54,0.42,2021-08-31,2034,N,VIIRS,n,2,297.68,20.97,D,0
40.01597,-120.49392,357.01,0.54,0.42,2021-08-31,2034,N,VIIRS,n,2,297.1,19.17,D,0
40.01604,-120.47413,354.28,0.54,0.42,2021-08-31,2034,N,VIIRS,n,2,285.14,241.13,D,0
40.01678,-120.56817,347.89,0.55,0.42,2021-08-31,2034,N,VIIRS,n,2,312.24,44.21,D,0
40.01721,-120.48798,367,0.54,0.42,2021-08-31,2034,N,VIIRS,h,2,295.22,19.17,D,0
40.01818,-120.56145,346.96,0.54,0.42,2021-08-31,2034,N,VIIRS,n,2,314.98,10.49,D,0
40.01848,-120.48189,353.98,0.54,0.42,2021-08-31,2034,N,VIIRS,n,2,294.23,37.17,D,0
40.01979,-120.80986,334.13,0.56,0.43,2021-08-31,2034,N,VIIRS,l,2,305.99,3.55,D,0
40.01979,-120.47558,367,0.54,0.42,2021-08-31,2034,N,VIIRS,h,2,292.66,37.17,D,0
40.02058,-120.5695,348.98,0.55,0.42,2021-08-31,2034,N,VIIRS,n,2,311.37,44.21,D,0
40.021,-120.48929,348.05,0.54,0.42,2021-08-31,2034,N,VIIRS,n,2,299.08,19.17,D,0
40.02109,-120.80362,330.05,0.56,0.43,2021-08-31,2034,N,VIIRS,l,2,303.58,6.31,D,0
40.0211,-120.46933,345.87,0.54,0.42,2021-08-31,2034,N,VIIRS,n,2,299.48,34.31,D,0
40.02198,-120.5628,347.98,0.54,0.42,2021-08-31,2034,N,VIIRS,n,2,313.6,10.49,D,0
40.02226,-120.48327,348.23,0.54,0.42,2021-08-31,2034,N,VIIRS,n,2,294.91,37.17,D,0
40.02234,-120.46336,343.98,0.54,0.42,2021-08-31,2034,N,VIIRS,n,2,288.17,34.31,D,0
40.02348,-120.81195,350.24,0.56,0.43,2021-08-31,2034,N,VIIRS,n,2,309.03,14.45,D,0
40.02355,-120.47705,356.5,0.54,0.42,2021-08-31,2034,N,VIIRS,n,2,297.93,37.17,D,0
40.02443,-120.57063,350.26,0.55,0.42,2021-08-31,2034,N,VIIRS,l,2,327.5,72.03,D,0
40.02485,-120.47083,355.82,0.54,0.42,2021-08-31,2034,N,VIIRS,n,2,296.98,34.31,D,0
40.02581,-120.56403,353.13,0.54,0.42,2021-08-31,2034,N,VIIRS,n,2,315.51,18.57,D,0
40.02595,-120.81998,339.58,0.56,0.43,2021-08-31,2034,N,VIIRS,n,2,308.26,14.45,D,0
40.0261,-120.4648,350.55,0.54,0.42,2021-08-31,2034,N,VIIRS,n,2,297.51,34.31,D,0
40.02709,-120.55788,341.99,0.54,0.42,2021-08-31,2034,N,VIIRS,n,2,309.58,18.57,D,0
40.02715,-120.8142,335.64,0.56,0.43,2021-08-31,2034,N,VIIRS,n,2,305.62,14.45,D,0
40.02731,-120.47852,341.14,0.54,0.42,2021-08-31,2034,N,VIIRS,n,2,298.75,12.8,D,0
40.02831,-120.57163,353.66,0.55,0.42,2021-08-31,2034,N,VIIRS,n,2,321.7,72.03,D,0
40.02859,-120.47237,353.9,0.54,0.42,2021-08-31,2034,N,VIIRS,n,2,302.39,9.02,D,0
40.02963,-120.56525,355.53,0.54,0.42,2021-08-31,2034,N,VIIRS,n,2,315.64,18.57,D,0
40.02987,-120.46622,336.69,0.54,0.42,2021-08-31,2034,N,VIIRS,n,2,294.56,9.02,D,0
40.03089,-120.5592,339.72,0.54,0.42,2021-08-31,2034,N,VIIRS,n,2,304.99,18.57,D,0
40.03215,-120.57277,345.27,0.55,0.42,2021-08-31,2034,N,VIIRS,n,2,317.21,37.83,D,0
40.03233,-120.4935,338.13,0.54,0.42,2021-08-31,2034,N,VIIRS,n,2,304.55,11.59,D,0
40.03236,-120.47376,343.36,0.54,0.42,2021-08-31,2034,N,VIIRS,n,2,299.28,9.02,D,0
40.03344,-120.56655,367,0.54,0.42,2021-08-31,2034,N,VIIRS,h,2,315.15,43.15,D,0
40.03605,-120.51476,337.66,0.54,0.42,2021-08-31,2034,N,VIIRS,n,2,307.56,21.59,D,0
40.03695,-120.8031,337.72,0.56,0.43,2021-08-31,2034,N,VIIRS,n,2,304.17,7.73,D,0
40.03787,-120.80244,346.3,0.56,0.43,2021-08-31,2034,N,VIIRS,n,2,305.03,10.01,D,0
40.03982,-120.51619,349.21,0.54,0.42,2021-08-31,2034,N,VIIRS,n,2,308.95,21.59,D,0
40.0419,-120.7992,346,0.56,0.43,2021-08-31,2034,N,VIIRS,n,2,305.54,11.12,D,0
40.04284,-120.79841,330.6,0.56,0.43,2021-08-31,2034,N,VIIRS,l,2,304.42,8.03,D,0
40.04359,-120.51765,367,0.54,0.42,2021-08-31,2034,N,VIIRS,h,2,340.58,89.98,D,0
40.04487,-120.51144,346.23,0.54,0.42,2021-08-31,2034,N,VIIRS,n,2,304.55,89.98,D,0
40.08513,-121.10654,341.77,0.38,0.43,2021-08-31,2034,N,VIIRS,l,2,312.33,10.23,D,0
40.08583,-121.08321,340.17,0.57,0.43,2021-08-31,2034,N,VIIRS,l,2,311.94,7.76,D,0
40.08718,-121.08392,344.34,0.57,0.43,2021-08-31,2034,N,VIIRS,n,2,310.59,9.64,D,0
40.35214,-121.17361,339.34,0.57,0.43,2021-08-31,2034,N,VIIRS,l,2,312.58,14.29,D,0
40.42213,-121.11834,347.31,0.57,0.43,2021-08-31,2034,N,VIIRS,n,2,308.96,6.49,D,0
40.42866,-121.10696,348.4,0.57,0.43,2021-08-31,2034,N,VIIRS,n,2,307.93,5.69,D,0
40.43102,-121.10906,342,0.57,0.43,2021-08-31,2034,N,VIIRS,n,2,310.32,6.56,D,0
40.4325,-121.10849,333.76,0.57,0.43,2021-08-31,2034,N,VIIRS,l,2,308.39,5.69,D,0
40.45943,-121.34875,352.38,0.39,0.44,2021-08-31,2034,N,VIIRS,n,2,310.6,8.45,D,0
40.46457,-121.08812,348.4,0.56,0.43,2021-08-31,2034,N,VIIRS,n,2,315.01,13.81,D,0
40.46573,-121.10225,330.9,0.56,0.43,2021-08-31,2034,N,VIIRS,l,2,305.01,13.24,D,0
40.46708,-121.09586,345.97,0.56,0.43,2021-08-31,2034,N,VIIRS,n,2,318.24,13.24,D,0
40.48712,-121.19795,351.07,0.57,0.43,2021-08-31,2034,N,VIIRS,n,2,313.08,19.49,D,0
40.48724,-121.1776,339.27,0.57,0.43,2021-08-31,2034,N,VIIRS,n,2,307.78,8.39,D,0
40.4911,-121.17905,356.7,0.57,0.43,2021-08-31,2034,N,VIIRS,n,2,313.65,123.81,D,0
40.49232,-121.19302,349.57,0.57,0.43,2021-08-31,2034,N,VIIRS,n,2,310.36,22.38,D,0
40.4924,-121.17287,367,0.57,0.43,2021-08-31,2034,N,VIIRS,h,2,317.36,123.81,D,0
40.49377,-121.3507,344.46,0.39,0.44,2021-08-31,2034,N,VIIRS,n,2,308.11,3.51,D,0
40.49481,-121.20101,340.49,0.57,0.43,2021-08-31,2034,N,VIIRS,n,2,304.92,7.38,D,0
40.49496,-121.18049,346.83,0.57,0.43,2021-08-31,2034,N,VIIRS,n,2,317.08,123.81,D,0
40.49597,-121.23516,340.15,0.57,0.43,2021-08-31,2034,N,VIIRS,n,2,303.37,6.38,D,0
40.49617,-121.19453,352.69,0.57,0.43,2021-08-31,2034,N,VIIRS,n,2,303.94,16.22,D,0
40.49626,-121.17432,367,0.57,0.43,2021-08-31,2034,N,VIIRS,h,2,362.8,123.81,D,0
40.49738,-121.23692,348.12,0.57,0.43,2021-08-31,2034,N,VIIRS,n,2,304.28,5.65,D,0
40.49751,-121.18819,352.26,0.57,0.43,2021-08-31,2034,N,VIIRS,n,2,305.65,16.22,D,0
40.49855,-121.22292,341.15,0.57,0.43,2021-08-31,2034,N,VIIRS,n,2,304.49,5.2,D,0
40.49882,-121.18198,345.37,0.57,0.43,2021-08-31,2034,N,VIIRS,n,2,307.96,65.37,D,0
40.49983,-121.23668,347.97,0.57,0.43,2021-08-31,2034,N,VIIRS,n,2,301.45,6.38,D,0
40.49986,-121.21667,338.95,0.57,0.43,2021-08-31,2034,N,VIIRS,n,2,304.07,5.2,D,0
40.50012,-121.17578,351.43,0.57,0.43,2021-08-31,2034,N,VIIRS,n,2,306.78,65.37,D,0
40.50112,-121.23056,339.45,0.57,0.43,2021-08-31,2034,N,VIIRS,n,2,301.36,6.38,D,0
40.50119,-121.21033,349.82,0.57,0.43,2021-08-31,2034,N,VIIRS,n,2,309.42,19.11,D,0
40.50121,-121.23855,340.01,0.57,0.43,2021-08-31,2034,N,VIIRS,n,2,301.43,5.65,D,0
40.50138,-121.18963,355.42,0.57,0.43,2021-08-31,2034,N,VIIRS,n,2,311.42,16.22,D,0
40.50249,-121.34925,346.02,0.39,0.44,2021-08-31,2034,N,VIIRS,n,2,315.36,5.51,D,0
40.50253,-121.2324,340.75,0.57,0.43,2021-08-31,2034,N,VIIRS,n,2,301.36,15.66,D,0
40.50267,-121.18346,350.85,0.57,0.43,2021-08-31,2034,N,VIIRS,n,2,307.02,65.37,D,0
40.50366,-121.23833,338.21,0.57,0.43,2021-08-31,2034,N,VIIRS,n,2,300.75,4.94,D,0
40.50397,-121.17725,367,0.57,0.43,2021-08-31,2034,N,VIIRS,h,2,350.62,65.37,D,0
40.50422,-121.28279,345.46,0.38,0.43,2021-08-31,2034,N,VIIRS,n,2,309.63,12.61,D,0
40.50507,-121.21173,336.32,0.57,0.43,2021-08-31,2034,N,VIIRS,n,2,301.91,19.11,D,0
40.50525,-121.19102,345.04,0.57,0.43,2021-08-31,2034,N,VIIRS,n,2,308.73,29.03,D,0
40.50527,-121.33633,350.26,0.38,0.44,2021-08-31,2034,N,VIIRS,n,2,309.9,9.24,D,0
40.50531,-121.17089,349.92,0.57,0.43,2021-08-31,2034,N,VIIRS,n,2,309.42,89.65,D,0
40.50539,-121.35532,339.29,0.39,0.44,2021-08-31,2034,N,VIIRS,l,2,311.46,3.92,D,0
40.50605,-121.25489,337.63,0.57,0.43,2021-08-31,2034,N,VIIRS,n,2,303.86,3.26,D,0
40.5063,-121.22572,341.97,0.57,0.43,2021-08-31,2034,N,VIIRS,n,2,304.72,17.65,D,0
40.50636,-121.35081,345.9,0.39,0.44,2021-08-31,2034,N,VIIRS,n,2,313.87,3.92,D,0
40.50637,-121.37028,346.38,0.39,0.44,2021-08-31,2034,N,VIIRS,n,2,311.62,1.2,D,0
40.50731,-121.34644,367,0.39,0.44,2021-08-31,2034,N,VIIRS,h,2,322.9,30.78,D,0
40.50774,-121.22761,342.29,0.57,0.43,2021-08-31,2034,N,VIIRS,n,2,305.03,22.15,D,0
40.50786,-121.1786,340.14,0.57,0.43,2021-08-31,2034,N,VIIRS,n,2,304.24,101.12,D,0
40.5082,-121.18667,346.43,0.57,0.43,2021-08-31,2034,N,VIIRS,n,2,303.06,9.88,D,0
40.50823,-121.34209,356.14,0.38,0.44,2021-08-31,2034,N,VIIRS,n,2,320.05,30.78,D,0
40.50851,-121.37992,349.09,0.39,0.44,2021-08-31,2034,N,VIIRS,n,2,316.05,8.48,D,0
40.50852,-121.45834,354.23,0.39,0.44,2021-08-31,2034,N,VIIRS,n,2,324.08,20.93,D,0
40.50917,-121.33776,355.73,0.38,0.44,2021-08-31,2034,N,VIIRS,n,2,319.63,29.41,D,0
40.50919,-121.17226,367,0.57,0.43,2021-08-31,2034,N,VIIRS,l,2,348.46,121.31,D,0
40.50925,-121.35692,345.43,0.39,0.44,2021-08-31,2034,N,VIIRS,n,2,313.09,3.92,D,0
40.50947,-121.45392,344.41,0.39,0.44,2021-08-31,2034,N,VIIRS,n,2,314.19,14.34,D,0
40.50957,-121.13075,342.87,0.57,0.43,2021-08-31,2034,N,VIIRS,n,2,306.81,8.79,D,0
40.51,-121.24792,336.82,0.57,0.43,2021-08-31,2034,N,VIIRS,n,2,303.4,7.28,D,0
40.51009,-121.33347,350.39,0.38,0.44,2021-08-31,2034,N,VIIRS,l,2,322.12,29.41,D,0
40.51016,-121.22725,355.81,0.57,0.43,2021-08-31,2034,N,VIIRS,n,2,308.76,17.65,D,0
40.51022,-121.35242,344.86,0.39,0.44,2021-08-31,2034,N,VIIRS,n,2,314.34,3.92,D,0
40.51052,-121.16588,338.38,0.57,0.43,2021-08-31,2034,N,VIIRS,n,2,302.16,121.31,D,0
40.51143,-121.44479,340.14,0.39,0.44,2021-08-31,2034,N,VIIRS,n,2,313.5,7.48,D,0
40.51145,-121.46439,331.53,0.39,0.44,2021-08-31,2034,N,VIIRS,l,2,305.77,20.93,D,0
40.51159,-121.22913,357,0.57,0.43,2021-08-31,2034,N,VIIRS,n,2,310.47,22.15,D,0
40.51186,-121.20844,351.85,0.57,0.43,2021-08-31,2034,N,VIIRS,n,2,310.34,37.19,D,0
40.51205,-121.13876,337.06,0.57,0.43,2021-08-31,2034,N,VIIRS,l,2,309.61,14.7,D,0
40.51215,-121.36299,300.19,0.39,0.44,2021-08-31,2034,N,VIIRS,l,2,309.56,45.12,D,0
40.51239,-121.46,349.89,0.39,0.44,2021-08-31,2034,N,VIIRS,n,2,324.65,20.93,D,0
40.51267,-121.23518,352.87,0.57,0.43,2021-08-31,2034,N,VIIRS,n,2,308.57,18.95,D,0
40.5127,-121.2434,341.93,0.57,0.43,2021-08-31,2034,N,VIIRS,n,2,302.82,7.47,D,0
40.51312,-121.35844,367,0.39,0.44,2021-08-31,2034,N,VIIRS,h,2,357.36,204.69,D,0
40.51334,-121.37701,353.4,0.39,0.44,2021-08-31,2034,N,VIIRS,n,2,316.74,37.64,D,0
40.51335,-121.45556,353.5,0.39,0.44,2021-08-31,2034,N,VIIRS,n,2,315.26,14.34,D,0
40.51344,-121.13208,344.36,0.57,0.43,2021-08-31,2034,N,VIIRS,n,2,309.82,8.79,D,0
40.51398,-121.33489,342.15,0.38,0.44,2021-08-31,2034,N,VIIRS,n,2,310.6,29.41,D,0
40.51401,-121.22878,367,0.57,0.43,2021-08-31,2034,N,VIIRS,h,2,312.15,21.28,D,0
40.51407,-121.23705,351.95,0.57,0.43,2021-08-31,2034,N,VIIRS,n,2,307.35,31.09,D,0
40.51421,-121.20794,354.05,0.57,0.43,2021-08-31,2034,N,VIIRS,n,2,317.96,50.64,D,0
40.51423,-121.37289,367,0.39,0.44,2021-08-31,2034,N,VIIRS,l,2,335.73,37.64,D,0
40.51432,-121.45101,367,0.39,0.44,2021-08-31,2034,N,VIIRS,h,2,318.46,14.34,D,0
40.51439,-121.16727,343.47,0.57,0.43,2021-08-31,2034,N,VIIRS,n,2,303.94,121.31,D,0
40.51463,-121.1956,351.7,0.57,0.43,2021-08-31,2034,N,VIIRS,n,2,311.66,37.07,D,0
40.51488,-121.12521,337.78,0.56,0.43,2021-08-31,2034,N,VIIRS,n,2,302.44,8.79,D,0
40.51491,-121.3306,339.59,0.38,0.44,2021-08-31,2034,N,VIIRS,l,2,311.83,10.16,D,0
40.51513,-121.36872,346.31,0.39,0.44,2021-08-31,2034,N,VIIRS,n,2,315.27,45.12,D,0
40.51532,-121.44637,342.91,0.39,0.44,2021-08-31,2034,N,VIIRS,n,2,314.46,7.48,D,0
40.51536,-121.22234,350.21,0.57,0.43,2021-08-31,2034,N,VIIRS,n,2,308.31,21.28,D,0
40.51544,-121.23067,354.73,0.57,0.43,2021-08-31,2034,N,VIIRS,n,2,314.86,31.09,D,0
40.51556,-121.20143,352.29,0.57,0.43,2021-08-31,2034,N,VIIRS,n,2,306.28,32.9,D,0
40.5163,-121.46149,353.49,0.39,0.44,2021-08-31,2034,N,VIIRS,n,2,320.05,28.4,D,0
40.51633,-121.44168,367,0.39,0.44,2021-08-31,2034,N,VIIRS,h,2,314.62,7.48,D,0
40.51652,-121.23673,349.91,0.57,0.43,2021-08-31,2034,N,VIIRS,n,2,304.29,18.95,D,0
40.51653,-121.24501,340.16,0.57,0.43,2021-08-31,2034,N,VIIRS,n,2,305.05,7.47,D,0
40.51682,-121.22422,355.64,0.57,0.43,2021-08-31,2034,N,VIIRS,n,2,311.43,35.93,D,0
40.51688,-121.19515,356.19,0.57,0.43,2021-08-31,2034,N,VIIRS,n,2,318.18,32.9,D,0
40.51713,-121.20338,354.59,0.57,0.43,2021-08-31,2034,N,VIIRS,n,2,308.39,37.19,D,0
40.51724,-121.4571,345.93,0.39,0.44,2021-08-31,2034,N,VIIRS,n,2,308.53,37.6,D,0
40.51733,-121.437,351.35,0.39,0.44,2021-08-31,2034,N,VIIRS,n,2,313.07,66.44,D,0
40.51786,-121.23031,352.14,0.57,0.43,2021-08-31,2034,N,VIIRS,n,2,308.02,21.28,D,0
40.51791,-121.23862,352.04,0.57,0.43,2021-08-31,2034,N,VIIRS,n,2,307.98,31.09,D,0
40.5181,-121.37446,354.72,0.39,0.44,2021-08-31,2034,N,VIIRS,n,2,315.81,22.77,D,0
40.51827,-121.16863,342.23,0.57,0.43,2021-08-31,2034,N,VIIRS,n,2,300.23,5.46,D,0
40.51848,-121.19706,356.06,0.57,0.43,2021-08-31,2034,N,VIIRS,n,2,311.11,37.07,D,0
40.51875,-121.12656,334.87,0.56,0.43,2021-08-31,2034,N,VIIRS,l,2,309.82,8.74,D,0
40.51899,-121.25306,343.43,0.57,0.43,2021-08-31,2034,N,VIIRS,n,2,303.28,17.44,D,0
40.51921,-121.44792,354.45,0.39,0.44,2021-08-31,2034,N,VIIRS,n,2,319.84,14.48,D,0
40.51921,-121.22384,355.84,0.57,0.43,2021-08-31,2034,N,VIIRS,n,2,306.27,21.28,D,0
40.51929,-121.23219,349.2,0.57,0.43,2021-08-31,2034,N,VIIRS,n,2,315.46,31.09,D,0
40.51942,-121.20293,350.11,0.57,0.43,2021-08-31,2034,N,VIIRS,n,2,307.55,22.68,D,0
40.5197,-121.3278,350.69,0.38,0.43,2021-08-31,2034,N,VIIRS,n,2,317.53,8.3,D,0
40.51991,-121.36601,345.19,0.39,0.44,2021-08-31,2034,N,VIIRS,n,2,312.97,8.75,D,0
40.52018,-121.11974,350.6,0.56,0.43,2021-08-31,2034,N,VIIRS,n,2,320.82,28.26,D,0
40.52021,-121.44325,367,0.39,0.44,2021-08-31,2034,N,VIIRS,h,2,319.03,14.48,D,0
40.52023,-121.46288,330.82,0.39,0.44,2021-08-31,2034,N,VIIRS,l,2,305.23,28.4,D,0
40.52037,-121.24664,353.91,0.57,0.43,2021-08-31,2034,N,VIIRS,n,2,308.68,17.44,D,0
40.52058,-121.21733,367,0.57,0.43,2021-08-31,2034,N,VIIRS,h,2,305.3,21.56,D,0
40.52059,-121.32365,348.2,0.38,0.43,2021-08-31,2034,N,VIIRS,n,2,315.07,7.19,D,0
40.52068,-121.22571,342.6,0.57,0.43,2021-08-31,2034,N,VIIRS,n,2,301.88,35.93,D,0
40.52074,-121.19661,354.7,0.57,0.43,2021-08-31,2034,N,VIIRS,n,2,310.05,22.68,D,0
40.52088,-121.3615,354.83,0.39,0.44,2021-08-31,2034,N,VIIRS,n,2,310.75,7.28,D,0
40.52098,-121.20483,343.15,0.57,0.43,2021-08-31,2034,N,VIIRS,n,2,305.53,25.11,D,0
40.52148,-121.31953,343.55,0.38,0.43,2021-08-31,2034,N,VIIRS,n,2,313.08,7.19,D,0
40.52151,-121.11333,332.56,0.56,0.43,2021-08-31,2034,N,VIIRS,n,2,300.71,28.26,D,0
40.5216,-121.14368,340.65,0.57,0.43,2021-08-31,2034,N,VIIRS,n,2,301.02,15.08,D,0
40.52173,-121.33794,367,0.38,0.44,2021-08-31,2034,N,VIIRS,h,2,317.77,20.26,D,0
40.52176,-121.24016,350.97,0.57,0.43,2021-08-31,2034,N,VIIRS,n,2,310.13,16.46,D,0
40.52203,-121.19042,367,0.57,0.43,2021-08-31,2034,N,VIIRS,h,2,309.39,31.85,D,0
40.52207,-121.21922,351.87,0.57,0.43,2021-08-31,2034,N,VIIRS,n,2,313.74,35.93,D,0
40.52211,-121.45409,345.77,0.39,0.44,2021-08-31,2034,N,VIIRS,n,2,309.32,37.6,D,0
40.52212,-121.12189,345.87,0.56,0.43,2021-08-31,2034,N,VIIRS,n,2,315.24,23.75,D,0
40.52234,-121.19849,355.81,0.57,0.43,2021-08-31,2034,N,VIIRS,n,2,308.25,46.77,D,0
40.52261,-121.12794,336.11,0.56,0.43,2021-08-31,2034,N,VIIRS,l,2,310.32,8.74,D,0
40.52266,-121.33363,354.77,0.38,0.44,2021-08-31,2034,N,VIIRS,n,2,309.11,8.3,D,0
40.52283,-121.25468,351.56,0.57,0.43,2021-08-31,2034,N,VIIRS,n,2,309.63,17.44,D,0
40.52287,-121.37183,343.93,0.39,0.44,2021-08-31,2034,N,VIIRS,l,2,314.31,8.75,D,0
40.52309,-121.44949,351.59,0.39,0.44,2021-08-31,2034,N,VIIRS,n,2,313.92,14.48,D,0
40.52315,-121.23367,352.56,0.57,0.43,2021-08-31,2034,N,VIIRS,n,2,313.05,16.46,D,0
40.52318,-121.42938,345.81,0.39,0.44,2021-08-31,2034,N,VIIRS,n,2,308.58,6.69,D,0
40.52347,-121.2127,347.53,0.57,0.43,2021-08-31,2034,N,VIIRS,n,2,305.82,25.11,D,0
40.5235,-121.11547,352.95,0.56,0.43,2021-08-31,2034,N,VIIRS,n,2,312.03,19.58,D,0
40.52362,-121.14304,343.35,0.57,0.43,2021-08-31,2034,N,VIIRS,n,2,301.75,19.28,D,0
40.52368,-121.19227,352.91,0.57,0.43,2021-08-31,2034,N,VIIRS,n,2,317.9,46.77,D,0
40.52379,-121.36753,353.18,0.39,0.44,2021-08-31,2034,N,VIIRS,n,2,316.88,8.75,D,0
40.52403,-121.12115,349.18,0.56,0.43,2021-08-31,2034,N,VIIRS,n,2,312.3,28.26,D,0
40.52409,-121.44483,367,0.39,0.44,2021-08-31,2034,N,VIIRS,h,2,315.63,14.48,D,0
40.52423,-121.24812,352.94,0.57,0.43,2021-08-31,2034,N,VIIRS,n,2,307.68,17.44,D,0
40.52454,-121.22717,353.96,0.57,0.43,2021-08-31,2034,N,VIIRS,n,2,316.24,31.78,D,0
40.52462,-121.19799,346.71,0.57,0.43,2021-08-31,2034,N,VIIRS,n,2,306.63,22.68,D,0
40.52472,-121.36319,367,0.39,0.44,2021-08-31,2034,N,VIIRS,h,2,317.13,7.28,D,0
40.52483,-121.10928,335.06,0.56,0.43,2021-08-31,2034,N,VIIRS,n,2,303.99,19.58,D,0
40.525,-121.18607,347.29,0.57,0.43,2021-08-31,2034,N,VIIRS,n,2,306.89,35.91,D,0
40.52501,-121.13638,340.19,0.57,0.43,2021-08-31,2034,N,VIIRS,n,2,304.11,24.91,D,0
40.52515,-121.45963,349.54,0.39,0.44,2021-08-31,2034,N,VIIRS,n,2,306.01,26.88,D,0
40.52536,-121.11481,350.47,0.56,0.43,2021-08-31,2034,N,VIIRS,n,2,307.13,28.26,D,0
40.52545,-121.14513,344.75,0.57,0.43,2021-08-31,2034,N,VIIRS,n,2,299.41,27.13,D,0
40.52559,-121.33955,353.65,0.38,0.44,2021-08-31,2034,N,VIIRS,n,2,315.68,11.7,D,0
40.52563,-121.24161,345.17,0.57,0.43,2021-08-31,2034,N,VIIRS,n,2,306.04,16.46,D,0
40.5257,-121.35861,340.7,0.39,0.44,2021-08-31,2034,N,VIIRS,n,2,306.99,7.28,D,0
40.52592,-121.19177,352.6,0.57,0.43,2021-08-31,2034,N,VIIRS,n,2,311.46,31.85,D,0
40.52593,-121.22068,350.76,0.57,0.43,2021-08-31,2034,N,VIIRS,n,2,298.28,31.78,D,0
40.52598,-121.12328,337.73,0.56,0.43,2021-08-31,2034,N,VIIRS,l,2,308.21,23.75,D,0
40.52665,-121.25633,341.78,0.57,0.43,2021-08-31,2034,N,VIIRS,n,2,307.43,11.64,D,0
40.52665,-121.10863,355.92,0.56,0.43,2021-08-31,2034,N,VIIRS,n,2,308.07,13.32,D,0
40.52676,-121.37331,346.05,0.39,0.44,2021-08-31,2034,N,VIIRS,n,2,313.07,13.23,D,0
40.52686,-121.13854,349,0.56,0.43,2021-08-31,2034,N,VIIRS,n,2,308.63,27.13,D,0
40.527,-121.45095,367,0.39,0.44,2021-08-31,2034,N,VIIRS,l,2,325.95,64.91,D,0
40.52701,-121.23512,346.81,0.57,0.43,2021-08-31,2034,N,VIIRS,n,2,306.03,16.46,D,0
40.52721,-121.18558,354.07,0.57,0.43,2021-08-31,2034,N,VIIRS,n,2,311.57,31.85,D,0
40.52733,-121.21415,345.38,0.57,0.43,2021-08-31,2034,N,VIIRS,l,2,316.02,53.94,D,0
40.52733,-121.16505,341.75,0.57,0.43,2021-08-31,2034,N,VIIRS,n,2,301.06,18.57,D,0
40.52736,-121.11687,337.44,0.56,0.43,2021-08-31,2034,N,VIIRS,n,2,305.88,19.58,D,0
40.52767,-121.36905,355.36,0.39,0.44,2021-08-31,2034,N,VIIRS,n,2,319.65,13.23,D,0
40.52789,-121.12259,331.24,0.56,0.43,2021-08-31,2034,N,VIIRS,l,2,305.68,11.67,D,0
40.52792,-121.10255,354.11,0.56,0.43,2021-08-31,2034,N,VIIRS,n,2,307.69,13.32,D,0
40.52798,-121.4464,349.84,0.39,0.44,2021-08-31,2034,N,VIIRS,n,2,314.88,64.91,D,0
40.52835,-121.1316,333.82,0.56,0.43,2021-08-31,2034,N,VIIRS,n,2,301.42,20.58,D,0
40.52842,-121.22856,367,0.57,0.43,2021-08-31,2034,N,VIIRS,h,2,310.78,31.78,D,0
40.52851,-121.34547,344.74,0.38,0.44,2021-08-31,2034,N,VIIRS,n,2,310.29,11.7,D,0
40.52853,-121.17926,349.34,0.57,0.43,2021-08-31,2034,N,VIIRS,n,2,304.21,14.7,D,0
40.52859,-121.36475,351.87,0.39,0.44,2021-08-31,2034,N,VIIRS,n,2,318.28,16.22,D,0
40.52866,-121.11077,351.42,0.56,0.43,2021-08-31,2034,N,VIIRS,n,2,306.18,19.58,D,0
40.52885,-121.13789,347.32,0.57,0.43,2021-08-31,2034,N,VIIRS,n,2,312.26,24.91,D,0
40.52888,-121.18743,354.81,0.57,0.43,2021-08-31,2034,N,VIIRS,n,2,308.84,35.91,D,0
40.52953,-121.36037,347.87,0.39,0.44,2021-08-31,2034,N,VIIRS,n,2,314.74,16.22,D,0
40.52981,-121.22209,353.2,0.57,0.43,2021-08-31,2034,N,VIIRS,n,2,303.78,31.78,D,0
40.52996,-121.10468,367,0.56,0.43,2021-08-31,2034,N,VIIRS,l,2,337.74,69.31,D,0
40.53022,-121.18118,350.63,0.57,0.43,2021-08-31,2034,N,VIIRS,n,2,317.28,35.91,D,0
40.53029,-121.13094,333.07,0.56,0.43,2021-08-31,2034,N,VIIRS,n,2,299.46,24.91,D,0
40.53047,-121.11018,337.27,0.56,0.43,2021-08-31,2034,N,VIIRS,n,2,305.59,39.99,D,0
40.53092,-121.2364,341.56,0.57,0.43,2021-08-31,2034,N,VIIRS,n,2,305.76,20.21,D,0
40.53119,-121.21561,351.28,0.57,0.43,2021-08-31,2034,N,VIIRS,n,2,302.59,53.94,D,0
40.53128,-121.09856,350.52,0.56,0.43,2021-08-31,2034,N,VIIRS,n,2,318.96,69.31,D,0
40.53132,-121.14594,337.83,0.57,0.43,2021-08-31,2034,N,VIIRS,n,2,297.93,12.25,D,0
40.53157,-121.37051,342.3,0.39,0.44,2021-08-31,2034,N,VIIRS,n,2,311.76,13.23,D,0
40.53157,-121.17487,367,0.57,0.43,2021-08-31,2034,N,VIIRS,h,2,349,204.78,D,0
40.53176,-121.10403,367,0.56,0.43,2021-08-31,2034,N,VIIRS,h,2,339.33,39.99,D,0
40.53193,-121.25121,345.66,0.57,0.43,2021-08-31,2034,N,VIIRS,n,2,307.56,11.64,D,0
40.53215,-121.13326,348.4,0.56,0.43,2021-08-31,2034,N,VIIRS,n,2,299.29,20.58,D,0
40.53234,-121.22974,367,0.57,0.43,2021-08-31,2034,N,VIIRS,h,2,338.38,257.61,D,0
40.53237,-121.34709,350.97,0.38,0.44,2021-08-31,2034,N,VIIRS,n,2,307.22,16.86,D,0
40.53248,-121.36623,367,0.39,0.44,2021-08-31,2034,N,VIIRS,h,2,320.42,16.22,D,0
40.53248,-121.11234,331.35,0.56,0.43,2021-08-31,2034,N,VIIRS,l,2,305.03,11.28,D,0
40.53256,-121.20922,354.61,0.57,0.43,2021-08-31,2034,N,VIIRS,n,2,310.42,53.94,D,0
40.53304,-121.09786,367,0.56,0.43,2021-08-31,2034,N,VIIRS,l,2,331.16,70.1,D,0
40.53316,-121.14796,340.72,0.57,0.43,2021-08-31,2034,N,VIIRS,n,2,299.04,14.87,D,0
40.5334,-121.3619,356.42,0.39,0.44,2021-08-31,2034,N,VIIRS,n,2,319.25,16.22,D,0
40.53371,-121.22336,367,0.57,0.43,2021-08-31,2034,N,VIIRS,l,2,368.67,257.61,D,0
40.53379,-121.10618,348.72,0.56,0.43,2021-08-31,2034,N,VIIRS,n,2,307.31,58.09,D,0
40.5341,-121.13261,347.59,0.56,0.43,2021-08-31,2034,N,VIIRS,n,2,299.9,9.83,D,0
40.53434,-121.35751,339.72,0.39,0.44,2021-08-31,2034,N,VIIRS,n,2,311.3,14.55,D,0
40.53506,-121.21706,367,0.57,0.43,2021-08-31,2034,N,VIIRS,h,2,343.48,132.52,D,0
40.53512,-121.09999,367,0.56,0.43,2021-08-31,2034,N,VIIRS,l,2,330.76,58.09,D,0
40.53547,-121.126,339.4,0.56,0.43,2021-08-31,2034,N,VIIRS,n,2,300.97,17.51,D,0
40.53559,-121.10554,340.01,0.56,0.43,2021-08-31,2034,N,VIIRS,n,2,305.56,39.99,D,0
40.53597,-121.13484,336.31,0.56,0.43,2021-08-31,2034,N,VIIRS,n,2,299.24,12.11,D,0
40.53628,-121.23087,367,0.57,0.43,2021-08-31,2034,N,VIIRS,l,2,327.16,257.61,D,0
40.53637,-121.36768,352.25,0.39,0.44,2021-08-31,2034,N,VIIRS,n,2,312.49,22.96,D,0
40.53641,-121.21074,367,0.57,0.43,2021-08-31,2034,N,VIIRS,h,2,326.64,132.52,D,0
40.53646,-121.0937,334.93,0.56,0.43,2021-08-31,2034,N,VIIRS,n,2,305.29,26.88,D,0
40.53679,-121.16993,367,0.57,0.43,2021-08-31,2034,N,VIIRS,h,2,347.08,200.16,D,0
40.5368,-121.11966,331.11,0.56,0.43,2021-08-31,2034,N,VIIRS,l,2,303.22,17.51,D,0
40.53689,-121.09928,353.03,0.56,0.43,2021-08-31,2034,N,VIIRS,n,2,312.18,70.1,D,0
40.5373,-121.36338,367,0.39,0.44,2021-08-31,2034,N,VIIRS,h,2,315.86,22.96,D,0
40.53738,-121.12827,352.11,0.56,0.43,2021-08-31,2034,N,VIIRS,n,2,299.77,12.11,D,0
40.53762,-121.22459,367,0.57,0.43,2021-08-31,2034,N,VIIRS,h,2,351.81,257.61,D,0
40.53792,-121.13421,343.98,0.56,0.43,2021-08-31,2034,N,VIIRS,n,2,297.85,9.83,D,0
40.53815,-121.16354,347.45,0.57,0.43,2021-08-31,2034,N,VIIRS,n,2,305.86,21.18,D,0
40.53821,-121.09297,347.22,0.56,0.43,2021-08-31,2034,N,VIIRS,n,2,309.84,70.1,D,0
40.53874,-121.12187,339.61,0.56,0.43,2021-08-31,2034,N,VIIRS,n,2,301.63,80.43,D,0
40.53893,-121.21845,353.06,0.57,0.43,2021-08-31,2034,N,VIIRS,n,2,302.26,132.52,D,0
40.53896,-121.10143,340.04,0.56,0.43,2021-08-31,2034,N,VIIRS,n,2,304.09,58.09,D,0
40.53913,-121.19798,350.09,0.57,0.43,2021-08-31,2034,N,VIIRS,n,2,304.78,251.15,D,0
40.53927,-121.12768,348.79,0.56,0.43,2021-08-31,2034,N,VIIRS,n,2,299.11,17.51,D,0
40.53942,-121.10703,341.76,0.56,0.43,2021-08-31,2034,N,VIIRS,n,2,305.07,10.41,D,0
40.53981,-121.13633,353.88,0.56,0.43,2021-08-31,2034,N,VIIRS,n,2,301.21,12.11,D,0
40.54018,-121.23215,347.01,0.57,0.43,2021-08-31,2034,N,VIIRS,n,2,305.27,55.16,D,0
40.54027,-121.2122,354.62,0.57,0.43,2021-08-31,2034,N,VIIRS,n,2,293.55,132.52,D,0
40.5403,-121.09514,352.53,0.56,0.43,2021-08-31,2034,N,VIIRS,n,2,311.75,26.88,D,0
40.5406,-121.12128,356.4,0.56,0.43,2021-08-31,2034,N,VIIRS,n,2,312.42,17.51,D,0
40.54066,-121.17133,352.91,0.57,0.43,2021-08-31,2034,N,VIIRS,n,2,305.73,200.16,D,0
40.54074,-121.10073,343.29,0.56,0.43,2021-08-31,2034,N,VIIRS,n,2,305.35,9.8,D,0
40.54111,-121.34548,343.12,0.38,0.44,2021-08-31,2034,N,VIIRS,n,2,312.85,37.87,D,0
40.54146,-121.10916,347.23,0.56,0.43,2021-08-31,2034,N,VIIRS,n,2,305.84,8.54,D,0
40.54152,-121.2259,367,0.57,0.43,2021-08-31,2034,N,VIIRS,h,2,341.12,55.16,D,0
40.54162,-121.20587,367,0.57,0.43,2021-08-31,2034,N,VIIRS,l,2,346.38,251.15,D,0
40.54205,-121.09441,347.82,0.56,0.43,2021-08-31,2034,N,VIIRS,n,2,307.03,9.8,D,0
40.54227,-121.14425,356.71,0.56,0.43,2021-08-31,2034,N,VIIRS,n,2,304.84,21.31,D,0
40.54256,-121.12347,367,0.56,0.43,2021-08-31,2034,N,VIIRS,h,2,338.1,80.43,D,0
40.54279,-121.2199,345.98,0.57,0.43,2021-08-31,2034,N,VIIRS,n,2,311.24,95.53,D,0
40.54281,-121.10286,339.4,0.56,0.43,2021-08-31,2034,N,VIIRS,n,2,302.64,8.54,D,0
40.54299,-121.19944,367,0.57,0.43,2021-08-31,2034,N,VIIRS,h,2,343.07,251.15,D,0
40.54327,-121.10847,345.21,0.56,0.43,2021-08-31,2034,N,VIIRS,n,2,303.07,10.41,D,0
40.5434,-121.15849,352.03,0.57,0.43,2021-08-31,2034,N,VIIRS,n,2,304.14,21.18,D,0
40.54366,-121.13778,341.62,0.56,0.43,2021-08-31,2034,N,VIIRS,n,2,299.23,43.91,D,0
40.54393,-121.11707,367,0.56,0.43,2021-08-31,2034,N,VIIRS,h,2,304.43,80.43,D,0
40.54405,-121.23357,339.44,0.57,0.43,2021-08-31,2034,N,VIIRS,n,2,299.3,55.16,D,0
40.54413,-121.21365,347.95,0.57,0.43,2021-08-31,2034,N,VIIRS,n,2,292.2,95.53,D,0
40.54414,-121.09657,354.4,0.56,0.43,2021-08-31,2034,N,VIIRS,n,2,303.71,18.32,D,0
40.54436,-121.19302,356.95,0.57,0.43,2021-08-31,2034,N,VIIRS,l,2,307.45,65.07,D,0
40.54458,-121.10217,331.23,0.56,0.43,2021-08-31,2034,N,VIIRS,n,2,302.16,9.8,D,0
40.54477,-121.15204,350.6,0.57,0.43,2021-08-31,2034,N,VIIRS,n,2,305.7,21.31,D,0
40.5453,-121.11063,352.3,0.56,0.43,2021-08-31,2034,N,VIIRS,n,2,305.34,8.54,D,0
40.54539,-121.22728,367,0.57,0.43,2021-08-31,2034,N,VIIRS,l,2,327.17,55.16,D,0
40.54589,-121.09586,343.33,0.56,0.43,2021-08-31,2034,N,VIIRS,n,2,300.76,9.8,D,0
40.54604,-121.34206,349.44,0.38,0.44,2021-08-31,2034,N,VIIRS,n,2,313.59,44.52,D,0
40.54615,-121.14558,349.86,0.56,0.43,2021-08-31,2034,N,VIIRS,n,2,312.4,21.31,D,0
40.54665,-121.10431,337.66,0.56,0.43,2021-08-31,2034,N,VIIRS,n,2,303.2,8.54,D,0
40.54666,-121.22135,367,0.57,0.43,2021-08-31,2034,N,VIIRS,h,2,343.57,95.53,D,0
40.54685,-121.20089,367,0.57,0.43,2021-08-31,2034,N,VIIRS,l,2,332.25,202.49,D,0
40.54728,-121.15978,367,0.57,0.43,2021-08-31,2034,N,VIIRS,l,2,330.09,97.06,D,0
40.54753,-121.1391,367,0.56,0.43,2021-08-31,2034,N,VIIRS,l,2,325.7,43.91,D,0
40.54794,-121.33313,345.82,0.38,0.43,2021-08-31,2034,N,VIIRS,n,2,309.19,7.09,D,0
40.54823,-121.19441,367,0.57,0.43,2021-08-31,2034,N,VIIRS,h,2,333.39,131.55,D,0
40.54867,-121.15327,367,0.57,0.43,2021-08-31,2034,N,VIIRS,l,2,332.61,181.18,D,0
40.54887,-121.32879,350.48,0.38,0.43,2021-08-31,2034,N,VIIRS,n,2,313.34,7.09,D,0
40.54888,-121.13277,335.52,0.56,0.43,2021-08-31,2034,N,VIIRS,n,2,298.16,43.91,D,0
40.54911,-121.11219,341.34,0.56,0.43,2021-08-31,2034,N,VIIRS,n,2,307.81,55.85,D,0
40.55005,-121.14679,344.74,0.56,0.43,2021-08-31,2034,N,VIIRS,n,2,317.73,181.18,D,0
40.55008,-121.34279,367,0.38,0.44,2021-08-31,2034,N,VIIRS,l,2,329.3,77.81,D,0
40.55025,-121.24368,347.02,0.57,0.43,2021-08-31,2034,N,VIIRS,n,2,303.92,9.05,D,0
40.55046,-121.10585,348.34,0.56,0.43,2021-08-31,2034,N,VIIRS,n,2,311,55.85,D,0
40.55072,-121.20229,352.59,0.57,0.43,2021-08-31,2034,N,VIIRS,n,2,290.23,202.49,D,0
40.55105,-121.33823,367,0.38,0.43,2021-08-31,2034,N,VIIRS,h,2,311.82,77.81,D,0
40.55118,-121.16103,340.26,0.57,0.43,2021-08-31,2034,N,VIIRS,n,2,304.93,97.06,D,0
40.55188,-121.21641,349.51,0.57,0.43,2021-08-31,2034,N,VIIRS,n,2,302.02,17.05,D,0
40.5521,-121.19581,356.11,0.57,0.43,2021-08-31,2034,N,VIIRS,n,2,294.36,131.55,D,0
40.55257,-121.15447,367,0.57,0.43,2021-08-31,2034,N,VIIRS,l,2,331.43,181.18,D,0
40.55276,-121.13406,336.77,0.56,0.43,2021-08-31,2034,N,VIIRS,n,2,294.71,106.36,D,0
40.55325,-121.20996,345.13,0.57,0.43,2021-08-31,2034,N,VIIRS,n,2,300.26,24.41,D,0
40.55368,-121.16882,342.67,0.57,0.43,2021-08-31,2034,N,VIIRS,n,2,294.62,17.36,D,0
40.55395,-121.14802,367,0.56,0.43,2021-08-31,2034,N,VIIRS,h,2,328.3,181.18,D,0
40.55508,-121.16225,353.56,0.57,0.43,2021-08-31,2034,N,VIIRS,n,2,295.8,17.36,D,0
40.5551,-121.33893,367,0.38,0.43,2021-08-31,2034,N,VIIRS,h,2,348.09,77.81,D,0
40.55531,-121.14162,345.42,0.56,0.43,2021-08-31,2034,N,VIIRS,n,2,293.75,106.36,D,0
40.55597,-121.19718,342.62,0.57,0.43,2021-08-31,2034,N,VIIRS,n,2,290.94,10.19,D,0
40.55601,-121.33463,352.31,0.38,0.43,2021-08-31,2034,N,VIIRS,n,2,305.54,64.29,D,0
40.55647,-121.1557,339.06,0.57,0.43,2021-08-31,2034,N,VIIRS,n,2,301.5,129.41,D,0
40.55757,-121.1701,343.54,0.57,0.43,2021-08-31,2034,N,VIIRS,n,2,294.69,17.36,D,0
40.55898,-121.16346,346.83,0.57,0.43,2021-08-31,2034,N,VIIRS,n,2,299.51,17.36,D,0
40.5591,-121.33981,367,0.38,0.43,2021-08-31,2034,N,VIIRS,h,2,304.94,29.71,D,0
40.55919,-121.14291,337.42,0.56,0.43,2021-08-31,2034,N,VIIRS,n,2,288.87,15.59,D,0
40.55937,-121.24007,342.28,0.57,0.43,2021-08-31,2034,N,VIIRS,n,2,305.34,11.84,D,0
40.56002,-121.33549,351.51,0.38,0.43,2021-08-31,2034,N,VIIRS,n,2,308.97,48.45,D,0
40.56038,-121.15691,337.31,0.57,0.43,2021-08-31,2034,N,VIIRS,n,2,288.92,129.41,D,0
40.56173,-121.24862,341.17,0.57,0.43,2021-08-31,2034,N,VIIRS,n,2,304.42,6.67,D,0
40.56173,-121.15055,342.95,0.56,0.43,2021-08-31,2034,N,VIIRS,n,2,288.58,129.41,D,0
40.56174,-121.32737,350.05,0.38,0.43,2021-08-31,2034,N,VIIRS,n,2,299.14,6.24,D,0
40.56287,-121.16471,338.31,0.57,0.43,2021-08-31,2034,N,VIIRS,n,2,291.58,11.33,D,0
40.56321,-121.24164,339.07,0.57,0.43,2021-08-31,2034,N,VIIRS,n,2,302.98,8.22,D,0
40.56414,-121.25695,336.19,0.57,0.43,2021-08-31,2034,N,VIIRS,n,2,304.62,6.67,D,0
40.56426,-121.15819,347.26,0.57,0.43,2021-08-31,2034,N,VIIRS,n,2,295.08,15.9,D,0
40.56556,-121.25024,334.06,0.57,0.43,2021-08-31,2034,N,VIIRS,n,2,302.84,6.67,D,0
40.56703,-121.2433,339.68,0.57,0.43,2021-08-31,2034,N,VIIRS,n,2,302.09,8.22,D,0
40.56798,-121.25852,354.17,0.57,0.43,2021-08-31,2034,N,VIIRS,n,2,305.74,7.51,D,0
40.56813,-121.15952,338.02,0.57,0.43,2021-08-31,2034,N,VIIRS,n,2,292.95,15.9,D,0
40.56939,-121.25187,347.54,0.57,0.43,2021-08-31,2034,N,VIIRS,n,2,305.1,7.51,D,0
40.56948,-121.15318,339.27,0.56,0.43,2021-08-31,2034,N,VIIRS,n,2,290.68,15.9,D,0
40.57084,-121.24503,337.96,0.57,0.43,2021-08-31,2034,N,VIIRS,n,2,301.87,7.68,D,0
40.57182,-121.26012,330.68,0.57,0.43,2021-08-31,2034,N,VIIRS,n,2,303.44,7.51,D,0
40.57521,-121.32315,346.6,0.38,0.43,2021-08-31,2034,N,VIIRS,n,2,302.51,10.22,D,0
40.57744,-121.33238,342.69,0.38,0.43,2021-08-31,2034,N,VIIRS,n,2,303.33,4.86,D,0
40.5776,-121.37137,331.11,0.39,0.44,2021-08-31,2034,N,VIIRS,l,2,302.32,3.27,D,0
40.57909,-121.32459,352.24,0.38,0.43,2021-08-31,2034,N,VIIRS,n,2,306.86,13.82,D,0
40.57958,-121.36197,349.18,0.38,0.44,2021-08-31,2034,N,VIIRS,n,2,301.22,4.16,D,0
40.57992,-121.32068,367,0.38,0.43,2021-08-31,2034,N,VIIRS,h,2,306.26,13.82,D,0
40.58057,-121.35723,345.8,0.38,0.44,2021-08-31,2034,N,VIIRS,n,2,300.34,4.16,D,0
40.58076,-121.3167,342.06,0.38,0.43,2021-08-31,2034,N,VIIRS,n,2,300.62,13.34,D,0
40.5813,-121.33397,343.26,0.38,0.43,2021-08-31,2034,N,VIIRS,n,2,301.55,4.86,D,0
40.58154,-121.37257,343.18,0.39,0.44,2021-08-31,2034,N,VIIRS,n,2,304.83,3.27,D,0
40.58155,-121.35258,336.13,0.38,0.44,2021-08-31,2034,N,VIIRS,n,2,298.82,4.42,D,0
40.58212,-121.33006,337.73,0.38,0.43,2021-08-31,2034,N,VIIRS,n,2,304.71,4.86,D,0
40.58295,-121.32616,349.5,0.38,0.43,2021-08-31,2034,N,VIIRS,n,2,305.37,13.82,D,0
40.58339,-121.36378,340.04,0.38,0.44,2021-08-31,2034,N,VIIRS,n,2,301.21,4.16,D,0
40.58378,-121.32224,352.91,0.38,0.43,2021-08-31,2034,N,VIIRS,n,2,306.47,13.82,D,0
40.58434,-121.35929,342.96,0.38,0.44,2021-08-31,2034,N,VIIRS,n,2,302.55,4.16,D,0
40.58512,-121.3357,339.88,0.38,0.43,2021-08-31,2034,N,VIIRS,n,2,302.76,5.37,D,0
40.5853,-121.35474,330.28,0.38,0.44,2021-08-31,2034,N,VIIRS,n,2,299.97,4.42,D,0
40.58596,-121.33176,367,0.38,0.43,2021-08-31,2034,N,VIIRS,h,2,302.67,5.37,D,0
40.5868,-121.3278,347.22,0.38,0.43,2021-08-31,2034,N,VIIRS,n,2,301.97,9.52,D,0
40.58814,-121.36115,339.8,0.38,0.44,2021-08-31,2034,N,VIIRS,n,2,303.23,5.95,D,0
40.58892,-121.33756,341.47,0.38,0.43,2021-08-31,2034,N,VIIRS,n,2,299.04,5.37,D,0
40.58908,-121.35673,331.33,0.38,0.44,2021-08-31,2034,N,VIIRS,n,2,298.61,4.13,D,0
40.59359,-121.33533,344.91,0.38,0.43,2021-08-31,2034,N,VIIRS,n,2,299.11,3.41,D,0
40.59494,-121.33812,341.45,0.38,0.43,2021-08-31,2034,N,VIIRS,n,2,300.11,5.53,D,0
40.59739,-121.33719,341.18,0.38,0.43,2021-08-31,2034,N,VIIRS,n,2,299.32,3.41,D,0
40.60251,-121.34187,343.53,0.38,0.43,2021-08-31,2034,N,VIIRS,n,2,302.92,4.66,D,0
40.60571,-121.366,335.06,0.38,0.43,2021-08-31,2034,N,VIIRS,n,2,302.27,2.62,D,0
40.60738,-121.39722,336.65,0.39,0.44,2021-08-31,2034,N,VIIRS,n,2,303.8,8.65,D,0
40.60775,-121.37604,341.07,0.38,0.44,2021-08-31,2034,N,VIIRS,n,2,301.61,2.7,D,0
40.60849,-121.39209,346.8,0.39,0.44,2021-08-31,2034,N,VIIRS,n,2,303.8,12.36,D,0
40.60954,-121.36774,343.23,0.38,0.43,2021-08-31,2034,N,VIIRS,n,2,302.15,2.62,D,0
41.45602,-121.88754,332.37,0.39,0.44,2021-08-31,2034,N,VIIRS,n,2,304.63,2.64,D,0
41.50514,-121.89822,335.65,0.39,0.44,2021-08-31,2034,N,VIIRS,n,2,303.24,3.46,D,0