latitude,longitude,bright_ti4,scan,track,acq_date,acq_time,satellite,instrument,confidence,version,bright_ti5,frp,daynight,type
39.4087,-121.30509,309.82,0.46,0.39,2021-08-17,1014,N,VIIRS,n,2,293.14,0.68,N,0
39.44767,-121.9874,302.41,0.43,0.38,2021-08-17,1014,N,VIIRS,n,2,291.63,1.03,N,0
40.05089,-121.11442,313.16,0.46,0.39,2021-08-17,1014,N,VIIRS,n,2,288.41,1.31,N,0
40.05189,-121.11961,302.28,0.46,0.39,2021-08-17,1014,N,VIIRS,n,2,290.48,1.31,N,0
40.05453,-121.11394,319.22,0.46,0.39,2021-08-17,1014,N,VIIRS,n,2,287.17,1.77,N,0
40.08394,-121.09184,304.7,0.46,0.39,2021-08-17,1014,N,VIIRS,n,2,289.8,1.88,N,0
40.0849,-121.09681,324.51,0.46,0.39,2021-08-17,1014,N,VIIRS,n,2,290.52,1.88,N,0
40.08588,-121.10191,303.41,0.46,0.39,2021-08-17,1014,N,VIIRS,n,2,290.16,1.72,N,0
40.08744,-121.09058,328.85,0.46,0.39,2021-08-17,1014,N,VIIRS,n,2,292,2.37,N,0
40.08838,-121.09547,323.69,0.46,0.39,2021-08-17,1014,N,VIIRS,n,2,293.71,2.37,N,0
40.08933,-121.10044,350.49,0.46,0.39,2021-08-17,1014,N,VIIRS,n,2,298.22,7.05,N,0
40.08998,-121.08434,316.46,0.46,0.39,2021-08-17,1014,N,VIIRS,n,2,289.83,1.96,N,0
40.09031,-121.1055,346.8,0.46,0.39,2021-08-17,1014,N,VIIRS,n,2,294.67,7.05,N,0
40.09093,-121.08928,310.57,0.46,0.39,2021-08-17,1014,N,VIIRS,n,2,291.5,2.37,N,0
40.09188,-121.0942,313.96,0.46,0.39,2021-08-17,1014,N,VIIRS,n,2,291.7,2.37,N,0
40.09282,-121.09914,305.57,0.46,0.39,2021-08-17,1014,N,VIIRS,n,2,291.56,7.05,N,0
40.09376,-121.10401,335.49,0.46,0.39,2021-08-17,1014,N,VIIRS,n,2,294.64,7.05,N,0
40.0944,-121.08789,302.42,0.46,0.39,2021-08-17,1014,N,VIIRS,n,2,290.85,1.19,N,0
40.0947,-121.10891,306.51,0.46,0.39,2021-08-17,1014,N,VIIRS,n,2,291.09,3.51,N,0
40.09632,-121.09785,302.81,0.46,0.39,2021-08-17,1014,N,VIIRS,n,2,289.91,1.4,N,0
40.09724,-121.10265,315.21,0.46,0.39,2021-08-17,1014,N,VIIRS,n,2,292.32,1.4,N,0
40.10017,-121.11793,304.03,0.46,0.39,2021-08-17,1014,N,VIIRS,n,2,290.95,0.65,N,0
40.10118,-121.12323,308.12,0.45,0.39,2021-08-17,1014,N,VIIRS,n,2,290.61,0.65,N,0
40.10322,-121.13388,301.01,0.45,0.39,2021-08-17,1014,N,VIIRS,n,2,291,0.97,N,0
40.11597,-120.74699,314.89,0.47,0.4,2021-08-17,1014,N,VIIRS,n,2,290.04,2.6,N,0
40.11695,-120.75202,325.64,0.47,0.4,2021-08-17,1014,N,VIIRS,n,2,292.35,2.6,N,0
40.11789,-120.75684,343.02,0.47,0.4,2021-08-17,1014,N,VIIRS,n,2,295.27,3.15,N,0
40.11852,-120.74065,300.57,0.47,0.4,2021-08-17,1014,N,VIIRS,n,2,288.39,0.75,N,0
40.11881,-120.76153,324.83,0.47,0.4,2021-08-17,1014,N,VIIRS,n,2,294.23,3.15,N,0
40.11954,-120.74587,327.81,0.47,0.4,2021-08-17,1014,N,VIIRS,n,2,295.7,2.6,N,0
40.11975,-120.76637,323.81,0.47,0.4,2021-08-17,1014,N,VIIRS,n,2,295.13,4.39,N,0
40.12052,-120.7509,316.98,0.47,0.4,2021-08-17,1014,N,VIIRS,n,2,292.47,2.6,N,0
40.12074,-120.77138,348.26,0.47,0.4,2021-08-17,1014,N,VIIRS,n,2,299.29,4.39,N,0
40.12147,-120.75574,307.53,0.47,0.4,2021-08-17,1014,N,VIIRS,n,2,291.42,3.15,N,0
40.12175,-120.77657,308.81,0.47,0.4,2021-08-17,1014,N,VIIRS,n,2,292.15,5.77,N,0
40.1221,-120.7396,319.89,0.47,0.4,2021-08-17,1014,N,VIIRS,n,2,291.94,3.52,N,0
40.12239,-120.76039,317.11,0.47,0.4,2021-08-17,1014,N,VIIRS,n,2,294.46,3.15,N,0
40.12312,-120.7448,306.19,0.47,0.4,2021-08-17,1014,N,VIIRS,n,2,290.79,1.08,N,0
40.12334,-120.76534,321.42,0.47,0.4,2021-08-17,1014,N,VIIRS,n,2,295.9,4.39,N,0
40.12409,-120.74978,310.51,0.47,0.4,2021-08-17,1014,N,VIIRS,n,2,289.58,1.08,N,0
40.12437,-120.7706,305.69,0.47,0.4,2021-08-17,1014,N,VIIRS,n,2,292.62,4.39,N,0
40.1247,-120.7335,341.01,0.47,0.4,2021-08-17,1014,N,VIIRS,n,2,293.73,3.52,N,0
40.12503,-120.75458,312.57,0.47,0.4,2021-08-17,1014,N,VIIRS,n,2,291.37,1.24,N,0
40.12572,-120.73875,309.8,0.47,0.4,2021-08-17,1014,N,VIIRS,n,2,291.45,3.52,N,0
40.12597,-120.75938,307.88,0.47,0.4,2021-08-17,1014,N,VIIRS,n,2,292.7,1.24,N,0
40.12625,-120.72199,313.51,0.47,0.4,2021-08-17,1014,N,VIIRS,n,2,287.85,5.64,N,0
40.12672,-120.74383,306.37,0.47,0.4,2021-08-17,1014,N,VIIRS,n,2,289.44,1.08,N,0
40.12696,-120.76445,310.36,0.47,0.4,2021-08-17,1014,N,VIIRS,n,2,293.13,1.16,N,0
40.12731,-120.72745,347.06,0.47,0.4,2021-08-17,1014,N,VIIRS,n,2,293.21,5.64,N,0
40.12767,-120.74869,307.58,0.47,0.4,2021-08-17,1014,N,VIIRS,n,2,290.32,1.08,N,0
40.12835,-120.73276,319.93,0.47,0.4,2021-08-17,1014,N,VIIRS,n,2,292.35,2.37,N,0
40.12861,-120.75348,309.13,0.47,0.4,2021-08-17,1014,N,VIIRS,n,2,291.71,1.24,N,0
40.12879,-120.71558,319.67,0.47,0.4,2021-08-17,1014,N,VIIRS,n,2,290.45,2.88,N,0
40.12935,-120.73791,315.85,0.47,0.4,2021-08-17,1014,N,VIIRS,n,2,291.75,2.37,N,0
40.12958,-120.75845,307.97,0.47,0.4,2021-08-17,1014,N,VIIRS,n,2,292.32,1.24,N,0
40.1299,-120.72127,355.51,0.47,0.4,2021-08-17,1014,N,VIIRS,n,2,301.47,5.64,N,0
40.13032,-120.74288,312.14,0.47,0.4,2021-08-17,1014,N,VIIRS,n,2,292,1.51,N,0
40.1306,-120.7637,302.04,0.47,0.4,2021-08-17,1014,N,VIIRS,n,2,291.35,1.16,N,0
40.13096,-120.72672,328.63,0.47,0.4,2021-08-17,1014,N,VIIRS,n,2,296.68,5.64,N,0
40.13128,-120.74773,314.81,0.47,0.4,2021-08-17,1014,N,VIIRS,n,2,292.68,1.51,N,0
40.13198,-120.73198,317.37,0.47,0.4,2021-08-17,1014,N,VIIRS,n,2,293.59,2.37,N,0
40.13223,-120.75259,314.21,0.47,0.4,2021-08-17,1014,N,VIIRS,n,2,292.49,1.27,N,0
40.13242,-120.71477,333.28,0.47,0.4,2021-08-17,1014,N,VIIRS,n,2,294.14,2.31,N,0
40.13297,-120.73701,311.67,0.47,0.4,2021-08-17,1014,N,VIIRS,n,2,292.92,2.37,N,0
40.13322,-120.75773,304.22,0.47,0.4,2021-08-17,1014,N,VIIRS,n,2,291.6,1.27,N,0
40.13353,-120.72047,305.13,0.47,0.4,2021-08-17,1014,N,VIIRS,n,2,291.08,1.09,N,0
40.13392,-120.7419,309.67,0.47,0.4,2021-08-17,1014,N,VIIRS,n,2,293.79,1.51,N,0
40.1346,-120.72594,303.03,0.47,0.4,2021-08-17,1014,N,VIIRS,n,2,290.78,1.09,N,0
40.13488,-120.74677,309.98,0.47,0.4,2021-08-17,1014,N,VIIRS,n,2,291.79,1.51,N,0
40.13494,-120.70823,303.9,0.47,0.4,2021-08-17,1014,N,VIIRS,n,2,289.15,2.31,N,0
40.13585,-120.7518,304.59,0.47,0.4,2021-08-17,1014,N,VIIRS,n,2,292.32,1.27,N,0
40.13605,-120.71392,311.84,0.47,0.4,2021-08-17,1014,N,VIIRS,n,2,291.58,2.31,N,0
40.13715,-120.7196,311.47,0.47,0.4,2021-08-17,1014,N,VIIRS,n,2,291.52,1.09,N,0
40.13743,-120.70152,340.51,0.47,0.4,2021-08-17,1014,N,VIIRS,n,2,291.3,20.56,N,0
40.13822,-120.7251,299.33,0.47,0.4,2021-08-17,1014,N,VIIRS,n,2,287.98,1.09,N,0
40.13854,-120.70724,338.02,0.47,0.4,2021-08-17,1014,N,VIIRS,n,2,296.51,3.93,N,0
40.13895,-120.76769,300.64,0.47,0.4,2021-08-17,1014,N,VIIRS,n,2,289.98,1.71,N,0
40.13964,-120.71292,306.37,0.47,0.4,2021-08-17,1014,N,VIIRS,n,2,290.23,3.93,N,0
40.13984,-120.69439,331.78,0.47,0.4,2021-08-17,1014,N,VIIRS,n,2,292.36,20.56,N,0
40.14075,-120.71862,325.63,0.47,0.4,2021-08-17,1014,N,VIIRS,n,2,293.43,2.43,N,0
40.14096,-120.70016,367,0.47,0.4,2021-08-17,1014,N,VIIRS,h,2,312.87,20.56,N,0
40.14156,-120.76163,316.11,0.47,0.4,2021-08-17,1014,N,VIIRS,n,2,292.45,1.73,N,0
40.14182,-120.7241,321.05,0.47,0.4,2021-08-17,1014,N,VIIRS,n,2,291.98,2.43,N,0
40.14207,-120.70588,331.17,0.47,0.4,2021-08-17,1014,N,VIIRS,n,2,296.39,3.93,N,0
40.14222,-120.68707,338.43,0.47,0.4,2021-08-17,1014,N,VIIRS,n,2,292.05,7.1,N,0
40.14252,-120.76659,305.48,0.47,0.4,2021-08-17,1014,N,VIIRS,n,2,289.74,1.73,N,0
40.14283,-120.7293,324.53,0.47,0.4,2021-08-17,1014,N,VIIRS,n,2,292.22,2.28,N,0
40.14312,-120.75023,311.62,0.47,0.4,2021-08-17,1014,N,VIIRS,n,2,292.09,1.78,N,0
40.1432,-120.71172,316.34,0.47,0.4,2021-08-17,1014,N,VIIRS,n,2,291.9,3.93,N,0
40.14337,-120.69298,367,0.47,0.4,2021-08-17,1014,N,VIIRS,h,2,302.94,14.52,N,0
40.14381,-120.73434,316.56,0.47,0.4,2021-08-17,1014,N,VIIRS,n,2,291.74,2.28,N,0
40.14398,-120.657,301.83,0.47,0.4,2021-08-17,1014,N,VIIRS,n,2,289.69,3.47,N,0
40.14417,-120.75558,306.57,0.47,0.4,2021-08-17,1014,N,VIIRS,n,2,290.48,1.78,N,0
40.14432,-120.66151,322.18,0.47,0.4,2021-08-17,1014,N,VIIRS,n,2,290.21,4.1,N,0
40.14433,-120.71751,313.26,0.47,0.4,2021-08-17,1014,N,VIIRS,n,2,290.03,2.43,N,0
40.14449,-120.69875,353.49,0.47,0.4,2021-08-17,1014,N,VIIRS,n,2,307.88,14.52,N,0
40.1446,-120.67974,303.06,0.47,0.4,2021-08-17,1014,N,VIIRS,n,2,288.74,7.1,N,0
40.14478,-120.73932,306.44,0.47,0.4,2021-08-17,1014,N,VIIRS,n,2,290.17,1.73,N,0
40.14505,-120.66248,336.12,0.47,0.4,2021-08-17,1014,N,VIIRS,n,2,291.08,3.47,N,0
40.14513,-120.68465,347.94,0.47,0.4,2021-08-17,1014,N,VIIRS,n,2,299.51,15.27,N,0
40.14518,-120.76078,318.68,0.47,0.4,2021-08-17,1014,N,VIIRS,n,2,291.1,1.73,N,0
40.14525,-120.78053,311.55,0.47,0.4,2021-08-17,1014,N,VIIRS,n,2,289.79,1.86,N,0
40.14535,-120.64442,298.75,0.47,0.4,2021-08-17,1014,N,VIIRS,n,2,287.96,0.53,N,0
40.14539,-120.72301,315.86,0.47,0.4,2021-08-17,1014,N,VIIRS,n,2,291.54,2.43,N,0
40.1456,-120.70448,330.6,0.47,0.4,2021-08-17,1014,N,VIIRS,n,2,296.93,3.21,N,0
40.14566,-120.64915,298.5,0.47,0.4,2021-08-17,1014,N,VIIRS,n,2,288.06,0.82,N,0
40.14577,-120.68575,367,0.47,0.4,2021-08-17,1014,N,VIIRS,h,2,306.23,7.1,N,0
40.14611,-120.76556,316.48,0.47,0.4,2021-08-17,1014,N,VIIRS,n,2,290.21,1.73,N,0
40.14632,-120.69059,367,0.47,0.4,2021-08-17,1014,N,VIIRS,h,2,313.46,15.27,N,0
40.1464,-120.72821,311.41,0.47,0.4,2021-08-17,1014,N,VIIRS,n,2,290.55,2.28,N,0
40.14645,-120.65013,298.31,0.47,0.4,2021-08-17,1014,N,VIIRS,n,2,287.71,0.53,N,0
40.14672,-120.71031,320.25,0.47,0.4,2021-08-17,1014,N,VIIRS,n,2,292.5,3.21,N,0
40.14674,-120.7494,310.46,0.47,0.4,2021-08-17,1014,N,VIIRS,n,2,291.64,1.01,N,0
40.14681,-120.65487,304.46,0.47,0.4,2021-08-17,1014,N,VIIRS,n,2,289.69,0.82,N,0
40.14691,-120.69167,367,0.47,0.4,2021-08-17,1014,N,VIIRS,h,2,312.59,14.52,N,0
40.1474,-120.73331,320.59,0.47,0.4,2021-08-17,1014,N,VIIRS,n,2,293.69,2.28,N,0
40.14746,-120.69633,343.12,0.47,0.4,2021-08-17,1014,N,VIIRS,n,2,303.3,4.85,N,0
40.1475,-120.67747,339.22,0.47,0.4,2021-08-17,1014,N,VIIRS,n,2,290.97,11.87,N,0
40.14756,-120.65584,303.11,0.47,0.4,2021-08-17,1014,N,VIIRS,n,2,289.17,3.47,N,0
40.1478,-120.75481,301.08,0.47,0.4,2021-08-17,1014,N,VIIRS,n,2,287.84,1.01,N,0
40.14784,-120.71606,308.32,0.47,0.4,2021-08-17,1014,N,VIIRS,n,2,290.16,2.07,N,0
40.14791,-120.66043,347.11,0.47,0.4,2021-08-17,1014,N,VIIRS,n,2,295.01,9.34,N,0
40.14802,-120.6974,332.07,0.47,0.4,2021-08-17,1014,N,VIIRS,n,2,299.27,14.52,N,0
40.14814,-120.64244,302.65,0.47,0.4,2021-08-17,1014,N,VIIRS,n,2,289.02,1.16,N,0
40.14816,-120.6785,347.83,0.47,0.4,2021-08-17,1014,N,VIIRS,n,2,299.19,21.06,N,0
40.14837,-120.73832,315.58,0.47,0.4,2021-08-17,1014,N,VIIRS,n,2,293.93,1.73,N,0
40.14859,-120.70198,326.42,0.47,0.4,2021-08-17,1014,N,VIIRS,n,2,297.38,4.85,N,0
40.14864,-120.66137,334.22,0.47,0.4,2021-08-17,1014,N,VIIRS,n,2,294.04,3.47,N,0
40.14867,-120.68336,367,0.47,0.4,2021-08-17,1014,N,VIIRS,h,2,308.14,15.27,N,0
40.14877,-120.7598,322.88,0.47,0.4,2021-08-17,1014,N,VIIRS,n,2,289.92,2.14,N,0
40.14891,-120.7216,314.53,0.47,0.4,2021-08-17,1014,N,VIIRS,n,2,289.75,2.07,N,0
40.14911,-120.70303,324.03,0.47,0.4,2021-08-17,1014,N,VIIRS,n,2,295.91,3.21,N,0
40.14925,-120.64798,295.99,0.47,0.4,2021-08-17,1014,N,VIIRS,n,2,285.85,0.82,N,0
40.14932,-120.68449,356.01,0.47,0.4,2021-08-17,1014,N,VIIRS,n,2,308.34,21.06,N,0
40.14933,-120.74324,307.33,0.47,0.4,2021-08-17,1014,N,VIIRS,n,2,291.02,1.73,N,0
40.14965,-120.66662,304.16,0.47,0.4,2021-08-17,1014,N,VIIRS,n,2,289.34,15.68,N,0
40.14972,-120.70768,321.21,0.47,0.4,2021-08-17,1014,N,VIIRS,n,2,293.82,2.9,N,0
40.14987,-120.68936,338.03,0.47,0.4,2021-08-17,1014,N,VIIRS,n,2,302.5,15.27,N,0
40.14994,-120.7269,303.44,0.47,0.4,2021-08-17,1014,N,VIIRS,n,2,287.56,1.05,N,0
40.15,-120.67089,335.43,0.47,0.4,2021-08-17,1014,N,VIIRS,n,2,293.05,29.27,N,0
40.15022,-120.70879,323.12,0.47,0.4,2021-08-17,1014,N,VIIRS,n,2,293.96,3.21,N,0
40.15034,-120.74844,303.04,0.47,0.4,2021-08-17,1014,N,VIIRS,n,2,289.45,1.01,N,0
40.15047,-120.69044,328.25,0.47,0.4,2021-08-17,1014,N,VIIRS,n,2,299.04,3.69,N,0
40.15067,-120.67184,346.19,0.47,0.4,2021-08-17,1014,N,VIIRS,n,2,296.18,15.68,N,0
40.15086,-120.71333,324.69,0.47,0.4,2021-08-17,1014,N,VIIRS,n,2,294.61,2.9,N,0
40.15096,-120.73213,313.37,0.47,0.4,2021-08-17,1014,N,VIIRS,n,2,290.96,1.05,N,0
40.15101,-120.69507,333.51,0.47,0.4,2021-08-17,1014,N,VIIRS,n,2,299.81,4.85,N,0
40.15108,-120.67635,356.28,0.47,0.4,2021-08-17,1014,N,VIIRS,n,2,301.66,29.27,N,0
40.15131,-120.71442,319.52,0.47,0.4,2021-08-17,1014,N,VIIRS,n,2,293.75,2.07,N,0
40.15147,-120.65919,308.38,0.47,0.4,2021-08-17,1014,N,VIIRS,n,2,289.89,9.34,N,0
40.15157,-120.69612,329.97,0.47,0.4,2021-08-17,1014,N,VIIRS,n,2,298.35,3.69,N,0
40.15174,-120.67734,367,0.47,0.4,2021-08-17,1014,N,VIIRS,h,2,306.43,21.06,N,0
40.15195,-120.73723,301.42,0.47,0.4,2021-08-17,1014,N,VIIRS,n,2,288.39,0.8,N,0
40.15196,-120.71888,302.71,0.47,0.4,2021-08-17,1014,N,VIIRS,n,2,290.33,1.26,N,0
40.15212,-120.70065,315.27,0.47,0.4,2021-08-17,1014,N,VIIRS,n,2,292.82,4.85,N,0
40.15223,-120.68215,367,0.47,0.4,2021-08-17,1014,N,VIIRS,h,2,310.51,8.12,N,0
40.15255,-120.66458,351.61,0.47,0.4,2021-08-17,1014,N,VIIRS,n,2,293.38,9.34,N,0
40.15265,-120.70168,315.24,0.47,0.4,2021-08-17,1014,N,VIIRS,n,2,292.48,1.64,N,0
40.15284,-120.64692,300.52,0.47,0.4,2021-08-17,1014,N,VIIRS,n,2,288.74,1.18,N,0
40.15287,-120.68323,355.32,0.47,0.4,2021-08-17,1014,N,VIIRS,n,2,309.23,21.06,N,0
40.15292,-120.74224,303.95,0.47,0.4,2021-08-17,1014,N,VIIRS,n,2,288.54,0.8,N,0
40.15305,-120.72436,301,0.47,0.4,2021-08-17,1014,N,VIIRS,n,2,287.49,1.26,N,0
40.15323,-120.70621,322.85,0.47,0.4,2021-08-17,1014,N,VIIRS,n,2,294.46,2.9,N,0
40.15343,-120.68812,334.36,0.47,0.4,2021-08-17,1014,N,VIIRS,n,2,298.65,8.12,N,0
40.15346,-120.72546,303.62,0.47,0.4,2021-08-17,1014,N,VIIRS,n,2,287.71,1.05,N,0
40.15358,-120.66977,352.15,0.47,0.4,2021-08-17,1014,N,VIIRS,n,2,320.43,29.27,N,0
40.15372,-120.70725,321.8,0.47,0.4,2021-08-17,1014,N,VIIRS,n,2,294.44,1.64,N,0
40.15393,-120.74741,306.66,0.47,0.4,2021-08-17,1014,N,VIIRS,n,2,289.25,0.82,N,0
40.15401,-120.68916,321.01,0.47,0.4,2021-08-17,1014,N,VIIRS,n,2,295.93,3.69,N,0
40.15413,-120.72982,306.66,0.47,0.4,2021-08-17,1014,N,VIIRS,n,2,288.77,1.28,N,0
40.15434,-120.71178,324.22,0.47,0.4,2021-08-17,1014,N,VIIRS,n,2,293.68,2.9,N,0
40.15451,-120.7309,304.98,0.47,0.4,2021-08-17,1014,N,VIIRS,n,2,288.47,1.05,N,0
40.15455,-120.69377,320.45,0.47,0.4,2021-08-17,1014,N,VIIRS,n,2,295.01,1.92,N,0
40.15465,-120.67516,367,0.47,0.4,2021-08-17,1014,N,VIIRS,h,2,311.01,29.27,N,0
40.15481,-120.71284,330.16,0.47,0.4,2021-08-17,1014,N,VIIRS,n,2,293.35,1.81,N,0
40.15501,-120.75299,301.79,0.47,0.4,2021-08-17,1014,N,VIIRS,n,2,286.06,0.82,N,0
40.15504,-120.65798,297.9,0.47,0.4,2021-08-17,1014,N,VIIRS,n,2,286.99,19.61,N,0
40.1551,-120.69479,320.08,0.47,0.4,2021-08-17,1014,N,VIIRS,n,2,294.98,3.69,N,0
40.15517,-120.73503,303.66,0.47,0.4,2021-08-17,1014,N,VIIRS,n,2,286.42,1.28,N,0
40.15544,-120.71732,321.21,0.47,0.4,2021-08-17,1014,N,VIIRS,n,2,290.07,1.26,N,0
40.15552,-120.73609,304.3,0.47,0.4,2021-08-17,1014,N,VIIRS,n,2,286.07,0.8,N,0
40.15564,-120.69925,311.73,0.47,0.4,2021-08-17,1014,N,VIIRS,n,2,292.11,1.92,N,0
40.15577,-120.68079,342.75,0.47,0.4,2021-08-17,1014,N,VIIRS,n,2,300.54,8.12,N,0
40.15589,-120.71843,306.67,0.47,0.4,2021-08-17,1014,N,VIIRS,n,2,288.01,1.81,N,0
40.15613,-120.66348,346.38,0.47,0.4,2021-08-17,1014,N,VIIRS,n,2,310.27,19.61,N,0
40.15617,-120.74012,303.91,0.47,0.4,2021-08-17,1014,N,VIIRS,n,2,288.13,1.6,N,0
40.15617,-120.70026,303.48,0.47,0.4,2021-08-17,1014,N,VIIRS,n,2,289.88,1.64,N,0
40.15651,-120.74117,302.7,0.47,0.4,2021-08-17,1014,N,VIIRS,n,2,288.03,0.8,N,0
40.15656,-120.72294,302.53,0.47,0.4,2021-08-17,1014,N,VIIRS,n,2,287.85,1.26,N,0
40.15673,-120.70473,300.5,0.47,0.4,2021-08-17,1014,N,VIIRS,n,2,287.83,1.2,N,0
40.15694,-120.68667,306.46,0.47,0.4,2021-08-17,1014,N,VIIRS,n,2,288.62,8.12,N,0
40.15698,-120.72408,306.02,0.47,0.4,2021-08-17,1014,N,VIIRS,n,2,288.47,1.57,N,0
40.15716,-120.66865,367,0.47,0.4,2021-08-17,1014,N,VIIRS,h,2,312.37,22.48,N,0
40.15719,-120.74526,302.83,0.47,0.4,2021-08-17,1014,N,VIIRS,n,2,288.41,1.6,N,0
40.15723,-120.70576,301.63,0.47,0.4,2021-08-17,1014,N,VIIRS,n,2,287.6,1.64,N,0
40.15752,-120.74638,309.23,0.47,0.4,2021-08-17,1014,N,VIIRS,n,2,289.01,0.82,N,0
40.15767,-120.72852,309.55,0.47,0.4,2021-08-17,1014,N,VIIRS,n,2,288.53,1.28,N,0
40.15784,-120.71029,311.85,0.47,0.4,2021-08-17,1014,N,VIIRS,n,2,288.91,1.2,N,0
40.15805,-120.72961,313.39,0.47,0.4,2021-08-17,1014,N,VIIRS,n,2,287.63,1.57,N,0
40.15805,-120.69225,304.67,0.47,0.4,2021-08-17,1014,N,VIIRS,n,2,288.66,1.92,N,0
40.15822,-120.674,341.23,0.47,0.4,2021-08-17,1014,N,VIIRS,n,2,294.72,22.48,N,0
40.15828,-120.75072,307.96,0.47,0.4,2021-08-17,1014,N,VIIRS,n,2,288.45,1.31,N,0
40.15832,-120.71136,312.4,0.47,0.4,2021-08-17,1014,N,VIIRS,n,2,289.01,1.81,N,0
40.15858,-120.7519,298.07,0.47,0.4,2021-08-17,1014,N,VIIRS,n,2,287.11,0.82,N,0
40.15872,-120.73381,316.09,0.47,0.4,2021-08-17,1014,N,VIIRS,n,2,286.44,1.28,N,0
40.15895,-120.71592,308.4,0.47,0.4,2021-08-17,1014,N,VIIRS,n,2,287.13,1.64,N,0
40.15907,-120.73489,318.06,0.47,0.4,2021-08-17,1014,N,VIIRS,n,2,286.85,1.75,N,0
40.15931,-120.67947,299.17,0.47,0.4,2021-08-17,1014,N,VIIRS,n,2,287.84,0.94,N,0
40.1594,-120.71703,303.16,0.47,0.4,2021-08-17,1014,N,VIIRS,n,2,286.42,1.81,N,0
40.15971,-120.6623,339.26,0.47,0.4,2021-08-17,1014,N,VIIRS,n,2,302.6,19.61,N,0
40.15974,-120.73899,318,0.47,0.4,2021-08-17,1014,N,VIIRS,n,2,288.73,1.6,N,0
40.16008,-120.74007,319.67,0.47,0.4,2021-08-17,1014,N,VIIRS,n,2,289.34,1.75,N,0
40.16008,-120.7216,308.89,0.47,0.4,2021-08-17,1014,N,VIIRS,n,2,287.84,1.64,N,0
40.1601,-120.62596,296.45,0.47,0.4,2021-08-17,1014,N,VIIRS,n,2,286.3,0.45,N,0
40.16043,-120.68514,301.38,0.47,0.4,2021-08-17,1014,N,VIIRS,n,2,288.07,0.94,N,0
40.16051,-120.72273,315.32,0.47,0.4,2021-08-17,1014,N,VIIRS,n,2,288.84,1.57,N,0
40.16075,-120.66757,355.63,0.47,0.4,2021-08-17,1014,N,VIIRS,n,2,303.07,22.48,N,0
40.16077,-120.74421,325.15,0.47,0.4,2021-08-17,1014,N,VIIRS,n,2,290.78,1.6,N,0
40.16109,-120.74533,331.21,0.47,0.4,2021-08-17,1014,N,VIIRS,n,2,291.01,4.08,N,0
40.1612,-120.72723,319.76,0.47,0.4,2021-08-17,1014,N,VIIRS,n,2,288.25,1.65,N,0
40.16135,-120.70884,308.8,0.47,0.4,2021-08-17,1014,N,VIIRS,n,2,288.57,1.2,N,0
40.16154,-120.69073,299.03,0.47,0.4,2021-08-17,1014,N,VIIRS,n,2,287.56,1.14,N,0
40.16159,-120.72833,316.23,0.47,0.4,2021-08-17,1014,N,VIIRS,n,2,286.76,1.57,N,0
40.1618,-120.67286,315.34,0.47,0.4,2021-08-17,1014,N,VIIRS,n,2,288.4,22.48,N,0
40.16185,-120.74962,309.58,0.47,0.4,2021-08-17,1014,N,VIIRS,n,2,287.23,1.31,N,0
40.16227,-120.73261,301.57,0.47,0.4,2021-08-17,1014,N,VIIRS,n,2,286,1.65,N,0
40.16248,-120.71455,312.97,0.47,0.4,2021-08-17,1014,N,VIIRS,n,2,289.2,1.64,N,0
40.16262,-120.73369,308.72,0.47,0.4,2021-08-17,1014,N,VIIRS,n,2,286.79,1.75,N,0
40.16329,-120.66118,296.46,0.47,0.4,2021-08-17,1014,N,VIIRS,n,2,285.41,0.62,N,0
40.16331,-120.73788,306.35,0.47,0.4,2021-08-17,1014,N,VIIRS,n,2,286.89,0.56,N,0
40.16363,-120.72036,322.79,0.47,0.4,2021-08-17,1014,N,VIIRS,n,2,291.08,1.64,N,0
40.16436,-120.74317,300.26,0.47,0.4,2021-08-17,1014,N,VIIRS,n,2,285.57,0.56,N,0
40.16476,-120.72604,318.7,0.47,0.4,2021-08-17,1014,N,VIIRS,n,2,287.82,1.65,N,0
40.16508,-120.68941,303.87,0.47,0.4,2021-08-17,1014,N,VIIRS,n,2,289.29,1.14,N,0
40.1656,-120.76868,299.91,0.47,0.4,2021-08-17,1014,N,VIIRS,n,2,289.87,0.94,N,0
40.16584,-120.73151,307.33,0.47,0.4,2021-08-17,1014,N,VIIRS,n,2,285.51,1.65,N,0
40.16606,-120.71347,310.06,0.47,0.4,2021-08-17,1014,N,VIIRS,n,2,288.36,2.97,N,0
40.1669,-120.73683,298.05,0.47,0.4,2021-08-17,1014,N,VIIRS,n,2,285.35,0.56,N,0
40.16722,-120.71935,335.79,0.47,0.4,2021-08-17,1014,N,VIIRS,n,2,290.52,2.97,N,0
40.16834,-120.72495,331.15,0.47,0.4,2021-08-17,1014,N,VIIRS,n,2,286.85,2.48,N,0
40.16838,-120.6293,298.23,0.47,0.4,2021-08-17,1014,N,VIIRS,n,2,286.67,1.01,N,0
40.1708,-120.71822,320.96,0.47,0.4,2021-08-17,1014,N,VIIRS,n,2,288.21,2.97,N,0
40.17189,-120.72375,298.57,0.47,0.4,2021-08-17,1014,N,VIIRS,n,2,285.24,2.48,N,0
40.17207,-120.70547,312.84,0.47,0.4,2021-08-17,1014,N,VIIRS,n,2,288.8,2.21,N,0
40.1732,-120.71119,347.54,0.47,0.4,2021-08-17,1014,N,VIIRS,n,2,297.41,26.22,N,0
40.17401,-120.73444,299.55,0.47,0.4,2021-08-17,1014,N,VIIRS,n,2,285.04,0.69,N,0
40.17403,-120.65781,298.18,0.47,0.4,2021-08-17,1014,N,VIIRS,n,2,286.46,0.49,N,0
40.17432,-120.71684,343.92,0.47,0.4,2021-08-17,1014,N,VIIRS,n,2,289.17,26.22,N,0
40.17445,-120.69831,310.62,0.47,0.4,2021-08-17,1014,N,VIIRS,n,2,288.25,2.21,N,0
40.17515,-120.66344,309.22,0.47,0.4,2021-08-17,1014,N,VIIRS,n,2,285.99,1.22,N,0
40.1754,-120.72231,308.31,0.47,0.4,2021-08-17,1014,N,VIIRS,n,2,286.1,2.03,N,0
40.17559,-120.70407,320.75,0.47,0.4,2021-08-17,1014,N,VIIRS,n,2,292.17,2.21,N,0
40.17645,-120.72762,318.72,0.47,0.4,2021-08-17,1014,N,VIIRS,n,2,287.73,2.03,N,0
40.17672,-120.70979,334.38,0.47,0.4,2021-08-17,1014,N,VIIRS,n,2,304.07,26.22,N,0
40.17752,-120.73301,335.69,0.47,0.4,2021-08-17,1014,N,VIIRS,n,2,291.09,3.6,N,0
40.17783,-120.71539,346.89,0.47,0.4,2021-08-17,1014,N,VIIRS,n,2,301.44,26.22,N,0
40.17874,-120.66235,310.18,0.47,0.4,2021-08-17,1014,N,VIIRS,n,2,285.93,1.04,N,0
40.17912,-120.70275,315.1,0.47,0.4,2021-08-17,1014,N,VIIRS,n,2,289.33,2.37,N,0
40.17995,-120.72617,320.07,0.47,0.4,2021-08-17,1014,N,VIIRS,n,2,289,2.03,N,0
40.18023,-120.70839,344.39,0.47,0.4,2021-08-17,1014,N,VIIRS,n,2,311.77,20.63,N,0
40.18103,-120.7316,313.41,0.47,0.4,2021-08-17,1014,N,VIIRS,n,2,287.61,3.6,N,0
40.18133,-120.71394,345.6,0.47,0.4,2021-08-17,1014,N,VIIRS,n,2,294.1,20.63,N,0
40.18267,-120.70148,310.51,0.47,0.4,2021-08-17,1014,N,VIIRS,n,2,286.92,2.37,N,0
40.18375,-120.70699,314.95,0.47,0.4,2021-08-17,1014,N,VIIRS,n,2,287.8,20.63,N,0
40.18382,-120.63028,296.55,0.47,0.4,2021-08-17,1014,N,VIIRS,n,2,286.21,0.27,N,0
40.18483,-120.71246,340.48,0.47,0.4,2021-08-17,1014,N,VIIRS,n,2,290.18,20.63,N,0
40.18518,-120.69496,308.14,0.47,0.4,2021-08-17,1014,N,VIIRS,n,2,288.56,2.15,N,0
40.18563,-120.73573,299.77,0.47,0.4,2021-08-17,1014,N,VIIRS,n,2,286.27,0.86,N,0
40.18589,-120.71786,300.19,0.47,0.4,2021-08-17,1014,N,VIIRS,n,2,284.22,3.89,N,0
40.18694,-120.66541,303.35,0.47,0.4,2021-08-17,1014,N,VIIRS,n,2,283.93,1.01,N,0
40.18773,-120.68867,310.03,0.47,0.4,2021-08-17,1014,N,VIIRS,n,2,286.37,2.25,N,0
40.18805,-120.72878,298.82,0.47,0.4,2021-08-17,1014,N,VIIRS,n,2,286.41,0.86,N,0
40.18847,-120.63457,297.68,0.47,0.4,2021-08-17,1014,N,VIIRS,n,2,286.07,0.97,N,0
40.18878,-120.69398,326.52,0.47,0.4,2021-08-17,1014,N,VIIRS,n,2,287.16,2.15,N,0
40.18983,-120.69932,309.05,0.47,0.4,2021-08-17,1014,N,VIIRS,n,2,286.89,2.15,N,0
40.19049,-120.7219,317.91,0.47,0.4,2021-08-17,1014,N,VIIRS,n,2,288.54,1.89,N,0
40.1909,-120.62757,296.52,0.47,0.4,2021-08-17,1014,N,VIIRS,n,2,284.9,0.72,N,0
40.19131,-120.68757,298.57,0.47,0.4,2021-08-17,1014,N,VIIRS,n,2,286.51,0.69,N,0
40.192,-120.63316,297.88,0.47,0.4,2021-08-17,1014,N,VIIRS,n,2,287.07,0.97,N,0
40.19238,-120.69299,301.25,0.47,0.4,2021-08-17,1014,N,VIIRS,n,2,285.72,0.84,N,0
40.19553,-120.63175,299.03,0.47,0.4,2021-08-17,1014,N,VIIRS,n,2,285.64,1.66,N,0
40.1977,-120.64279,336.78,0.47,0.4,2021-08-17,1014,N,VIIRS,n,2,288.59,3.19,N,0
40.19877,-120.64823,298.06,0.47,0.4,2021-08-17,1014,N,VIIRS,n,2,281.76,3.19,N,0
40.19984,-121.41273,299.62,0.44,0.39,2021-08-17,1014,N,VIIRS,n,2,287.65,0.49,N,0
40.20018,-120.63603,316.15,0.47,0.4,2021-08-17,1014,N,VIIRS,n,2,288.41,1.66,N,0
40.20126,-120.64153,333.33,0.47,0.4,2021-08-17,1014,N,VIIRS,n,2,285.98,3.19,N,0
40.20374,-120.63479,328.29,0.47,0.4,2021-08-17,1014,N,VIIRS,n,2,288.15,3.77,N,0
40.20481,-120.64027,332.26,0.47,0.4,2021-08-17,1014,N,VIIRS,n,2,286.34,6.84,N,0
40.21344,-120.68427,297.91,0.47,0.4,2021-08-17,1014,N,VIIRS,n,2,285.26,0.86,N,0
40.2142,-120.70744,298.22,0.47,0.4,2021-08-17,1014,N,VIIRS,n,2,285.18,0.86,N,0
40.21455,-120.68995,307.19,0.47,0.4,2021-08-17,1014,N,VIIRS,n,2,286.73,0.86,N,0
40.21546,-120.48061,300.17,0.48,0.4,2021-08-17,1014,N,VIIRS,n,2,289.54,1.64,N,0
40.21565,-120.69553,309.91,0.47,0.4,2021-08-17,1014,N,VIIRS,n,2,286.24,1.31,N,0
40.21582,-120.48541,298.86,0.48,0.4,2021-08-17,1014,N,VIIRS,n,2,287.9,74.8,N,0
40.21658,-120.48635,302.16,0.48,0.4,2021-08-17,1014,N,VIIRS,n,2,287.12,1.44,N,0
40.2167,-120.70089,307.41,0.47,0.4,2021-08-17,1014,N,VIIRS,n,2,286.02,1.31,N,0
40.21692,-120.47185,304.77,0.48,0.4,2021-08-17,1014,N,VIIRS,n,2,291,2.58,N,0
40.217,-120.68302,299.08,0.47,0.4,2021-08-17,1014,N,VIIRS,n,2,285.71,0.86,N,0
40.21772,-120.70608,304.04,0.47,0.4,2021-08-17,1014,N,VIIRS,n,2,286.9,1.45,N,0
40.21776,-120.47275,310,0.48,0.4,2021-08-17,1014,N,VIIRS,n,2,291.2,29.71,N,0
40.21811,-120.68869,303.24,0.47,0.4,2021-08-17,1014,N,VIIRS,n,2,287.02,0.86,N,0
40.21814,-120.4779,331.88,0.48,0.4,2021-08-17,1014,N,VIIRS,n,2,292.75,74.8,N,0
40.21895,-120.47885,333.64,0.48,0.4,2021-08-17,1014,N,VIIRS,n,2,310.82,29.71,N,0
40.21919,-120.69425,298.94,0.47,0.4,2021-08-17,1014,N,VIIRS,n,2,285.5,1.31,N,0
40.21935,-120.48386,367,0.48,0.4,2021-08-17,1014,N,VIIRS,h,2,337.84,74.8,N,0
40.22012,-120.48485,367,0.48,0.4,2021-08-17,1014,N,VIIRS,h,2,336.04,115.3,N,0
40.22039,-120.47005,312.18,0.48,0.4,2021-08-17,1014,N,VIIRS,n,2,291.4,1.78,N,0
40.22049,-120.48956,306.74,0.48,0.4,2021-08-17,1014,N,VIIRS,n,2,287.28,10.48,N,0
40.22055,-120.68183,309.29,0.47,0.4,2021-08-17,1014,N,VIIRS,n,2,287.67,1.67,N,0
40.22122,-120.49052,301.78,0.48,0.4,2021-08-17,1014,N,VIIRS,n,2,286.85,115.3,N,0
40.22126,-120.47105,317.4,0.48,0.4,2021-08-17,1014,N,VIIRS,n,2,291.22,29.71,N,0
40.22136,-120.51296,302.07,0.48,0.4,2021-08-17,1014,N,VIIRS,n,2,288.15,27.42,N,0
40.22163,-120.47623,345.55,0.48,0.4,2021-08-17,1014,N,VIIRS,n,2,294.82,126.4,N,0
40.22165,-120.68743,310.09,0.47,0.4,2021-08-17,1014,N,VIIRS,n,2,287.73,1.67,N,0
40.22199,-120.51398,329.15,0.48,0.4,2021-08-17,1014,N,VIIRS,n,2,289,8.37,N,0
40.22247,-120.47727,336.9,0.48,0.4,2021-08-17,1014,N,VIIRS,n,2,298.3,29.71,N,0
40.22249,-120.51862,351.88,0.48,0.4,2021-08-17,1014,N,VIIRS,n,2,291.63,27.42,N,0
40.22274,-120.69296,296.94,0.47,0.4,2021-08-17,1014,N,VIIRS,n,2,284.98,0.8,N,0
40.22309,-120.51965,367,0.48,0.4,2021-08-17,1014,N,VIIRS,h,2,295.34,16.09,N,0
40.2236,-120.52415,354.73,0.48,0.4,2021-08-17,1014,N,VIIRS,n,2,295.55,11.6,N,0
40.22366,-120.48341,367,0.48,0.4,2021-08-17,1014,N,VIIRS,h,2,373.97,115.3,N,0
40.22396,-120.46874,303.59,0.48,0.4,2021-08-17,1014,N,VIIRS,n,2,290.6,1.78,N,0
40.22408,-120.48833,345.78,0.48,0.4,2021-08-17,1014,N,VIIRS,n,2,306.7,58.67,N,0
40.22411,-120.68056,324.63,0.47,0.4,2021-08-17,1014,N,VIIRS,n,2,289.27,1.67,N,0
40.22417,-120.52518,349.59,0.48,0.4,2021-08-17,1014,N,VIIRS,n,2,294.57,16.09,N,0
40.22434,-120.72055,297.62,0.47,0.4,2021-08-17,1014,N,VIIRS,n,2,283.92,0.71,N,0
40.22446,-120.50706,303.59,0.48,0.4,2021-08-17,1014,N,VIIRS,n,2,289.41,24.78,N,0
40.2247,-120.52963,307.82,0.48,0.4,2021-08-17,1014,N,VIIRS,n,2,286.87,11.6,N,0
40.22481,-120.48932,338.79,0.48,0.4,2021-08-17,1014,N,VIIRS,n,2,293.69,115.3,N,0
40.2249,-120.5116,339.08,0.48,0.4,2021-08-17,1014,N,VIIRS,n,2,297.98,27.42,N,0
40.22519,-120.6861,298.43,0.47,0.4,2021-08-17,1014,N,VIIRS,n,2,286.13,1.67,N,0
40.2252,-120.47492,327.63,0.48,0.4,2021-08-17,1014,N,VIIRS,n,2,292.05,126.4,N,0
40.22525,-120.53065,312.35,0.48,0.4,2021-08-17,1014,N,VIIRS,n,2,286.74,2.05,N,0
40.22554,-120.51258,348.84,0.48,0.4,2021-08-17,1014,N,VIIRS,n,2,315.42,24.78,N,0
40.22602,-120.51717,352.79,0.48,0.4,2021-08-17,1014,N,VIIRS,n,2,324.57,27.42,N,0
40.22642,-120.48097,367,0.48,0.4,2021-08-17,1014,N,VIIRS,h,2,348.7,126.4,N,0
40.22663,-120.51817,353.45,0.48,0.4,2021-08-17,1014,N,VIIRS,n,2,311.97,15.91,N,0
40.22714,-120.52276,340.02,0.48,0.4,2021-08-17,1014,N,VIIRS,n,2,302.39,11.6,N,0
40.22737,-120.5048,305.52,0.48,0.4,2021-08-17,1014,N,VIIRS,n,2,289.3,7.99,N,0
40.22765,-120.48711,342,0.48,0.4,2021-08-17,1014,N,VIIRS,n,2,337.54,58.67,N,0
40.22772,-120.52377,337.28,0.48,0.4,2021-08-17,1014,N,VIIRS,n,2,300.89,15.91,N,0
40.22788,-120.71926,305.81,0.47,0.4,2021-08-17,1014,N,VIIRS,n,2,284.39,0.77,N,0
40.22803,-120.50575,330.49,0.48,0.4,2021-08-17,1014,N,VIIRS,n,2,291.38,24.78,N,0
40.22826,-120.52832,343.05,0.48,0.4,2021-08-17,1014,N,VIIRS,n,2,300.47,11.6,N,0
40.22846,-120.51026,355.06,0.48,0.4,2021-08-17,1014,N,VIIRS,n,2,310.21,21.02,N,0
40.22877,-120.49268,333.15,0.48,0.4,2021-08-17,1014,N,VIIRS,n,2,291.62,58.67,N,0
40.22879,-120.47368,338.11,0.48,0.4,2021-08-17,1014,N,VIIRS,n,2,291.82,18.55,N,0
40.22882,-120.52937,330.28,0.48,0.4,2021-08-17,1014,N,VIIRS,n,2,297.92,13.31,N,0
40.2291,-120.51125,355.68,0.48,0.4,2021-08-17,1014,N,VIIRS,n,2,315.61,24.78,N,0
40.22957,-120.51579,352.69,0.48,0.4,2021-08-17,1014,N,VIIRS,n,2,308.35,21.02,N,0
40.22997,-120.47952,352.46,0.48,0.4,2021-08-17,1014,N,VIIRS,n,2,313.95,18.55,N,0
40.23018,-120.5168,345.33,0.48,0.4,2021-08-17,1014,N,VIIRS,n,2,303.08,15.91,N,0
40.23039,-120.71269,302.6,0.47,0.4,2021-08-17,1014,N,VIIRS,n,2,284.98,0.77,N,0
40.23069,-120.52136,332.05,0.48,0.4,2021-08-17,1014,N,VIIRS,n,2,297.36,5.98,N,0
40.23095,-120.50356,325.1,0.48,0.4,2021-08-17,1014,N,VIIRS,n,2,292.83,7.99,N,0
40.23117,-120.48553,356.79,0.48,0.4,2021-08-17,1014,N,VIIRS,n,2,319.53,34.2,N,0
40.23128,-120.52242,340.88,0.48,0.4,2021-08-17,1014,N,VIIRS,n,2,298.65,15.91,N,0
40.23182,-120.52703,335.3,0.48,0.4,2021-08-17,1014,N,VIIRS,n,2,292.58,5.98,N,0
40.23204,-120.50903,352,0.48,0.4,2021-08-17,1014,N,VIIRS,n,2,303.01,21.02,N,0
40.23232,-120.47216,309.36,0.48,0.4,2021-08-17,1014,N,VIIRS,n,2,289.23,18.55,N,0
40.23233,-120.49136,355.65,0.48,0.4,2021-08-17,1014,N,VIIRS,n,2,308.79,34.2,N,0
40.23238,-120.52808,315.5,0.48,0.4,2021-08-17,1014,N,VIIRS,n,2,287.74,13.31,N,0
40.23315,-120.51458,332.55,0.48,0.4,2021-08-17,1014,N,VIIRS,n,2,299.13,21.02,N,0
40.23346,-120.49697,331.01,0.48,0.4,2021-08-17,1014,N,VIIRS,n,2,289.79,25.5,N,0
40.23347,-120.47794,347.86,0.48,0.4,2021-08-17,1014,N,VIIRS,n,2,307.74,18.55,N,0
40.23426,-120.52013,334.29,0.48,0.4,2021-08-17,1014,N,VIIRS,n,2,295.09,5.98,N,0
40.23454,-120.5024,340.12,0.48,0.4,2021-08-17,1014,N,VIIRS,n,2,303.48,25.5,N,0
40.23463,-120.46458,317.74,0.48,0.4,2021-08-17,1014,N,VIIRS,n,2,289.54,5.81,N,0
40.23466,-120.48386,367,0.48,0.4,2021-08-17,1014,N,VIIRS,h,2,311.68,34.2,N,0
40.23564,-120.50787,350.33,0.48,0.4,2021-08-17,1014,N,VIIRS,n,2,304.17,12.39,N,0
40.23582,-120.47055,353.79,0.48,0.4,2021-08-17,1014,N,VIIRS,n,2,296.16,20.43,N,0
40.23585,-120.48982,367,0.48,0.4,2021-08-17,1014,N,VIIRS,h,2,312.91,34.2,N,0
40.23634,-121.01385,326.38,0.46,0.39,2021-08-17,1014,N,VIIRS,n,2,289,2.65,N,0
40.23673,-120.51337,336,0.48,0.4,2021-08-17,1014,N,VIIRS,n,2,295.72,12.39,N,0
40.23698,-120.47633,356.01,0.48,0.4,2021-08-17,1014,N,VIIRS,n,2,309.88,20.43,N,0
40.23703,-120.49571,357.49,0.48,0.4,2021-08-17,1014,N,VIIRS,n,2,311.19,25.5,N,0
40.23784,-120.51892,308.29,0.48,0.4,2021-08-17,1014,N,VIIRS,n,2,287.12,3.72,N,0
40.23812,-120.50117,367,0.48,0.4,2021-08-17,1014,N,VIIRS,h,2,309.29,25.5,N,0
40.23816,-120.48219,367,0.48,0.4,2021-08-17,1014,N,VIIRS,h,2,312.88,14,N,0
40.23816,-120.46307,349.3,0.48,0.4,2021-08-17,1014,N,VIIRS,n,2,296.45,5.81,N,0
40.23921,-120.50661,337.24,0.48,0.4,2021-08-17,1014,N,VIIRS,n,2,299.28,12.39,N,0
40.23933,-120.46891,356.34,0.48,0.4,2021-08-17,1014,N,VIIRS,n,2,304.7,20.43,N,0
40.23935,-120.48816,353.82,0.48,0.4,2021-08-17,1014,N,VIIRS,n,2,308.25,14,N,0
40.24031,-120.51209,352.45,0.48,0.4,2021-08-17,1014,N,VIIRS,n,2,301.23,12.39,N,0
40.24049,-120.47474,352.52,0.48,0.4,2021-08-17,1014,N,VIIRS,n,2,303.57,20.43,N,0
40.24054,-120.49411,335.56,0.48,0.4,2021-08-17,1014,N,VIIRS,n,2,300.18,6.02,N,0
40.24079,-120.95969,303.59,0.46,0.39,2021-08-17,1014,N,VIIRS,n,2,290.36,1.39,N,0
40.24166,-120.49976,350.59,0.48,0.4,2021-08-17,1014,N,VIIRS,n,2,304.35,6.02,N,0
40.24167,-120.48064,345.91,0.48,0.4,2021-08-17,1014,N,VIIRS,n,2,301.29,14,N,0
40.24168,-120.46152,316.42,0.48,0.4,2021-08-17,1014,N,VIIRS,n,2,293.67,2.13,N,0
40.24184,-120.9651,308.04,0.46,0.39,2021-08-17,1014,N,VIIRS,n,2,290.56,1.39,N,0
40.24277,-120.5053,352.42,0.48,0.4,2021-08-17,1014,N,VIIRS,n,2,306.94,17.72,N,0
40.24283,-120.46727,327.92,0.48,0.4,2021-08-17,1014,N,VIIRS,n,2,296.87,3.39,N,0
40.24285,-120.4865,325.16,0.48,0.4,2021-08-17,1014,N,VIIRS,n,2,296.27,14,N,0
40.24297,-120.44878,301.04,0.48,0.4,2021-08-17,1014,N,VIIRS,n,2,289.18,1.4,N,0
40.24386,-120.51078,336.17,0.48,0.4,2021-08-17,1014,N,VIIRS,n,2,295.23,17.72,N,0
40.244,-120.47311,331.31,0.48,0.4,2021-08-17,1014,N,VIIRS,n,2,298.11,3.39,N,0
40.24402,-120.49238,329.83,0.48,0.4,2021-08-17,1014,N,VIIRS,n,2,297.47,6.02,N,0
40.24427,-120.95828,320.03,0.46,0.39,2021-08-17,1014,N,VIIRS,n,2,294.11,2.49,N,0
40.24458,-120.99845,299.53,0.46,0.39,2021-08-17,1014,N,VIIRS,n,2,289.41,1.29,N,0
40.24517,-120.49817,339.07,0.48,0.4,2021-08-17,1014,N,VIIRS,n,2,300.45,6.02,N,0
40.24519,-120.47907,329.11,0.48,0.4,2021-08-17,1014,N,VIIRS,n,2,297.01,4.27,N,0
40.24522,-120.46001,309.41,0.48,0.4,2021-08-17,1014,N,VIIRS,n,2,292.28,2.13,N,0
40.24531,-120.96362,322.81,0.46,0.39,2021-08-17,1014,N,VIIRS,n,2,295.29,2.49,N,0
40.24567,-120.94617,318.71,0.46,0.39,2021-08-17,1014,N,VIIRS,n,2,285.6,2.99,N,0
40.2463,-120.50382,356.51,0.48,0.4,2021-08-17,1014,N,VIIRS,n,2,306.35,17.72,N,0
40.24635,-120.48488,328.69,0.48,0.4,2021-08-17,1014,N,VIIRS,n,2,298.15,4.27,N,0
40.24635,-120.46571,314.34,0.48,0.4,2021-08-17,1014,N,VIIRS,n,2,293.69,3.39,N,0
40.24638,-120.96917,329.84,0.46,0.39,2021-08-17,1014,N,VIIRS,n,2,293.6,3.25,N,0
40.24672,-120.95156,324.1,0.46,0.39,2021-08-17,1014,N,VIIRS,n,2,290.9,2.99,N,0
40.24738,-120.50926,329.77,0.48,0.4,2021-08-17,1014,N,VIIRS,n,2,294.15,17.72,N,0
40.24751,-120.49067,341.53,0.48,0.4,2021-08-17,1014,N,VIIRS,n,2,301.85,6.77,N,0
40.24751,-120.47149,324.08,0.48,0.4,2021-08-17,1014,N,VIIRS,n,2,295.31,3.39,N,0
40.24775,-120.9569,304.67,0.46,0.39,2021-08-17,1014,N,VIIRS,n,2,289.48,2.49,N,0
40.24854,-120.98026,302.99,0.46,0.39,2021-08-17,1014,N,VIIRS,n,2,290.25,1.44,N,0
40.24866,-120.49648,337.61,0.48,0.4,2021-08-17,1014,N,VIIRS,n,2,300.38,6.77,N,0
40.2487,-120.47748,326.21,0.48,0.4,2021-08-17,1014,N,VIIRS,n,2,297.34,4.27,N,0
40.24879,-120.96223,321.28,0.46,0.39,2021-08-17,1014,N,VIIRS,n,2,295.52,2.49,N,0
40.24918,-120.94491,319.17,0.46,0.39,2021-08-17,1014,N,VIIRS,n,2,286.68,1.79,N,3
40.24978,-120.50211,344.66,0.48,0.4,2021-08-17,1014,N,VIIRS,n,2,300.6,17.09,N,0
40.24984,-120.96765,321.37,0.46,0.39,2021-08-17,1014,N,VIIRS,n,2,292.82,3.25,N,0
40.24984,-120.48322,334.33,0.48,0.4,2021-08-17,1014,N,VIIRS,n,2,300.22,4.27,N,0
40.2499,-120.46432,314.02,0.48,0.4,2021-08-17,1014,N,VIIRS,n,2,293.54,3.9,N,0
40.25022,-120.95026,312.22,0.46,0.39,2021-08-17,1014,N,VIIRS,n,2,290.93,1.79,N,0
40.25087,-120.50754,332.06,0.48,0.4,2021-08-17,1014,N,VIIRS,n,2,295.62,17.09,N,0
40.2509,-120.97308,322.89,0.46,0.39,2021-08-17,1014,N,VIIRS,n,2,295.67,3.25,N,0
40.25098,-120.48894,347.56,0.48,0.4,2021-08-17,1014,N,VIIRS,n,2,305.33,6.77,N,0
40.25105,-120.47005,325.36,0.48,0.4,2021-08-17,1014,N,VIIRS,n,2,295.56,3.9,N,0
40.25126,-120.95559,304.4,0.46,0.39,2021-08-17,1014,N,VIIRS,n,2,288.49,1.85,N,0
40.25195,-120.97854,310.73,0.46,0.39,2021-08-17,1014,N,VIIRS,n,2,292.36,1.44,N,0
40.25215,-120.4948,338.49,0.48,0.4,2021-08-17,1014,N,VIIRS,n,2,301.19,6.77,N,0
40.2522,-120.47585,341.41,0.48,0.4,2021-08-17,1014,N,VIIRS,n,2,300.78,4.81,N,0
40.25228,-120.9609,315.49,0.46,0.39,2021-08-17,1014,N,VIIRS,n,2,292.43,1.85,N,0
40.253,-120.98392,302.82,0.46,0.39,2021-08-17,1014,N,VIIRS,n,2,291.42,1.44,N,0
40.25327,-120.5004,346.86,0.48,0.4,2021-08-17,1014,N,VIIRS,n,2,304.62,17.09,N,0
40.25335,-120.48158,333.56,0.48,0.4,2021-08-17,1014,N,VIIRS,n,2,300.56,4.81,N,0
40.25348,-120.463,328.2,0.48,0.4,2021-08-17,1014,N,VIIRS,n,2,291.68,3.9,N,0
40.25373,-120.94902,306.79,0.46,0.39,2021-08-17,1014,N,VIIRS,n,2,290.7,1.79,N,0
40.25402,-120.9892,303.33,0.46,0.39,2021-08-17,1014,N,VIIRS,n,2,290.88,1.94,N,0
40.25409,-120.89275,322.28,0.46,0.39,2021-08-17,1014,N,VIIRS,n,2,287.9,2.31,N,0
40.25435,-120.50584,337.52,0.48,0.4,2021-08-17,1014,N,VIIRS,n,2,296.55,17.09,N,0
40.25436,-120.97158,304.7,0.46,0.39,2021-08-17,1014,N,VIIRS,n,2,289.15,1.48,N,0
40.25448,-120.48727,339.48,0.48,0.4,2021-08-17,1014,N,VIIRS,n,2,301.83,5.18,N,0
40.2546,-120.46865,332.66,0.48,0.4,2021-08-17,1014,N,VIIRS,n,2,292.79,3.9,N,0
40.25512,-120.89803,326.46,0.46,0.39,2021-08-17,1014,N,VIIRS,n,2,286.7,5.11,N,0
40.2554,-120.97697,311.43,0.46,0.39,2021-08-17,1014,N,VIIRS,n,2,292.52,1.39,N,0
40.25564,-120.49309,332.46,0.48,0.4,2021-08-17,1014,N,VIIRS,n,2,300.16,5.18,N,0
40.25574,-120.47436,328.29,0.48,0.4,2021-08-17,1014,N,VIIRS,n,2,294.91,4.81,N,0
40.25645,-120.98238,314.15,0.46,0.39,2021-08-17,1014,N,VIIRS,n,2,293.87,1.39,N,0
40.25676,-120.49874,349.07,0.48,0.4,2021-08-17,1014,N,VIIRS,n,2,301.74,13.89,N,0
40.25682,-120.96493,304.62,0.46,0.39,2021-08-17,1014,N,VIIRS,n,2,288.85,1.48,N,0
40.25687,-120.48007,326.21,0.48,0.4,2021-08-17,1014,N,VIIRS,n,2,297.16,4.81,N,0
40.25749,-120.98773,323.96,0.46,0.39,2021-08-17,1014,N,VIIRS,n,2,295.43,3.9,N,0
40.25763,-120.89158,315.23,0.46,0.39,2021-08-17,1014,N,VIIRS,n,2,290.47,2.31,N,0
40.25785,-120.97026,312.48,0.46,0.39,2021-08-17,1014,N,VIIRS,n,2,289.9,1.48,N,0
40.258,-120.48576,335.29,0.48,0.4,2021-08-17,1014,N,VIIRS,n,2,300.67,5.18,N,0
40.25864,-120.8968,335.29,0.46,0.39,2021-08-17,1014,N,VIIRS,n,2,290.65,5.11,N,0
40.25888,-120.9756,301.65,0.46,0.39,2021-08-17,1014,N,VIIRS,n,2,287.83,1.39,N,0
40.25915,-120.49149,331.14,0.48,0.4,2021-08-17,1014,N,VIIRS,n,2,299.84,5.18,N,0
40.25992,-120.98096,304.01,0.46,0.39,2021-08-17,1014,N,VIIRS,n,2,288.73,1.39,N,0
40.26026,-120.49712,346.72,0.48,0.4,2021-08-17,1014,N,VIIRS,n,2,302.39,13.89,N,0
40.26041,-120.47862,324.66,0.48,0.4,2021-08-17,1014,N,VIIRS,n,2,296.1,1.98,N,0
40.26154,-120.48431,329.52,0.48,0.4,2021-08-17,1014,N,VIIRS,n,2,298.56,3.75,N,0
40.26267,-120.48997,333.71,0.48,0.4,2021-08-17,1014,N,VIIRS,n,2,299.6,3.75,N,0
40.26286,-120.47161,301.48,0.48,0.4,2021-08-17,1014,N,VIIRS,n,2,290.81,1.98,N,0
40.26379,-120.49561,329.73,0.48,0.4,2021-08-17,1014,N,VIIRS,n,2,295.16,3.54,N,0
40.26397,-120.47723,304.47,0.48,0.4,2021-08-17,1014,N,VIIRS,n,2,290.61,1.98,N,0
40.26509,-120.48289,319.56,0.48,0.4,2021-08-17,1014,N,VIIRS,n,2,294.22,3.75,N,0
40.26573,-120.89458,311.7,0.46,0.39,2021-08-17,1014,N,VIIRS,n,2,288.12,1.58,N,0
40.26622,-120.48856,322.69,0.48,0.4,2021-08-17,1014,N,VIIRS,n,2,295.74,3.75,N,0
40.26674,-120.89981,299.69,0.46,0.39,2021-08-17,1014,N,VIIRS,n,2,286.88,1.58,N,0
40.26733,-120.49421,323.4,0.48,0.4,2021-08-17,1014,N,VIIRS,n,2,291.94,3.54,N,0
40.26754,-120.47591,300.45,0.48,0.4,2021-08-17,1014,N,VIIRS,n,2,290.41,1.01,N,0
40.26865,-120.48152,310.78,0.48,0.4,2021-08-17,1014,N,VIIRS,n,2,289.86,2.75,N,0
40.26929,-120.89359,326.64,0.46,0.39,2021-08-17,1014,N,VIIRS,n,2,292.51,4.8,N,0
40.2703,-120.89879,333.6,0.46,0.39,2021-08-17,1014,N,VIIRS,n,2,291.87,4.8,N,0
40.27083,-120.88208,324.12,0.46,0.39,2021-08-17,1014,N,VIIRS,n,2,290.69,2.4,N,0
40.27184,-120.88728,306.49,0.46,0.39,2021-08-17,1014,N,VIIRS,n,2,291.12,2.4,N,0
40.27285,-120.89252,316.44,0.46,0.39,2021-08-17,1014,N,VIIRS,n,2,292.44,4.8,N,0
40.27385,-120.89771,337.33,0.46,0.39,2021-08-17,1014,N,VIIRS,n,2,293.97,4.8,N,0
40.27639,-120.89136,332.36,0.46,0.39,2021-08-17,1014,N,VIIRS,n,2,292.84,1.87,N,0
40.27739,-120.89658,304.27,0.46,0.39,2021-08-17,1014,N,VIIRS,n,2,288.62,1.87,N,0
40.27992,-120.89022,307.35,0.46,0.39,2021-08-17,1014,N,VIIRS,n,2,289.38,1.87,N,0
40.28093,-120.89547,305.83,0.46,0.39,2021-08-17,1014,N,VIIRS,n,2,289.74,1.87,N,0
40.28292,-120.90575,335.93,0.46,0.39,2021-08-17,1014,N,VIIRS,n,2,292.98,5.64,N,0
40.28348,-120.88918,299.35,0.46,0.39,2021-08-17,1014,N,VIIRS,n,2,288.37,1.08,N,0
40.28448,-120.89435,305.95,0.46,0.39,2021-08-17,1014,N,VIIRS,n,2,290.39,1.08,N,0
40.28547,-120.89951,301.54,0.46,0.39,2021-08-17,1014,N,VIIRS,n,2,290.11,1.12,N,0
40.28647,-120.90468,305.28,0.46,0.39,2021-08-17,1014,N,VIIRS,n,2,290.49,1.12,N,0
40.28747,-120.90987,303.13,0.46,0.39,2021-08-17,1014,N,VIIRS,n,2,288.92,1.34,N,0
40.28902,-120.89839,305.67,0.46,0.39,2021-08-17,1014,N,VIIRS,n,2,289.83,1.12,N,0
40.29002,-120.90358,301.82,0.46,0.39,2021-08-17,1014,N,VIIRS,n,2,287.52,1.12,N,0
40.29159,-120.89223,303.08,0.46,0.39,2021-08-17,1014,N,VIIRS,n,2,290.4,1.5,N,0
40.2924,-120.838,298.35,0.46,0.39,2021-08-17,1014,N,VIIRS,n,2,285.92,0.45,N,0
40.29256,-120.89729,310.35,0.46,0.39,2021-08-17,1014,N,VIIRS,n,2,291.21,2.81,N,0
40.29323,-120.83643,299.19,0.46,0.39,2021-08-17,1014,N,VIIRS,n,2,286.21,0.97,N,0
40.29356,-120.90247,324.69,0.46,0.39,2021-08-17,1014,N,VIIRS,n,2,291.45,2.81,N,0
40.29514,-120.8912,310.29,0.46,0.39,2021-08-17,1014,N,VIIRS,n,2,292.4,1.5,N,0
40.29569,-120.8298,309.43,0.46,0.39,2021-08-17,1014,N,VIIRS,n,2,287.84,1,N,0
40.29611,-120.89623,325.19,0.46,0.39,2021-08-17,1014,N,VIIRS,n,2,293.86,2.81,N,0
40.29613,-120.88958,309.82,0.46,0.39,2021-08-17,1014,N,VIIRS,n,2,292.38,3.57,N,0
40.29676,-120.8352,306.63,0.46,0.39,2021-08-17,1014,N,VIIRS,n,2,287.94,0.97,N,0
40.29712,-120.90147,325.16,0.46,0.39,2021-08-17,1014,N,VIIRS,n,2,291.24,2.81,N,0
40.29712,-120.89459,319.93,0.46,0.39,2021-08-17,1014,N,VIIRS,n,2,294.39,3.57,N,0
40.2977,-120.88496,301.91,0.46,0.39,2021-08-17,1014,N,VIIRS,n,2,290.57,2.72,N,0
40.29778,-120.84042,298.24,0.46,0.39,2021-08-17,1014,N,VIIRS,n,2,287.09,0.97,N,0
40.29815,-120.89986,335.34,0.46,0.39,2021-08-17,1014,N,VIIRS,n,2,293.05,3.82,N,0
40.29865,-120.88324,300.8,0.46,0.39,2021-08-17,1014,N,VIIRS,n,2,290.03,1.45,N,0
40.29868,-120.89005,317.27,0.46,0.39,2021-08-17,1014,N,VIIRS,n,2,294.35,2.72,N,0
40.29917,-120.82834,305.04,0.46,0.39,2021-08-17,1014,N,VIIRS,n,2,288.63,2.66,N,0
40.29965,-120.88835,313.18,0.46,0.39,2021-08-17,1014,N,VIIRS,n,2,293.09,3.57,N,0
40.29968,-120.89525,349.21,0.46,0.39,2021-08-17,1014,N,VIIRS,n,2,296.48,6.63,N,0
40.30023,-120.87856,306,0.46,0.39,2021-08-17,1014,N,VIIRS,n,2,290.77,1.71,N,0
40.30025,-120.83381,306.51,0.46,0.39,2021-08-17,1014,N,VIIRS,n,2,288.4,3.34,N,0
40.30067,-120.89355,349.07,0.46,0.39,2021-08-17,1014,N,VIIRS,n,2,298.15,3.57,N,0
40.30074,-120.85551,298.81,0.46,0.39,2021-08-17,1014,N,VIIRS,n,2,287.49,0.86,N,0
40.30117,-120.87689,309.45,0.46,0.39,2021-08-17,1014,N,VIIRS,n,2,291.83,2.54,N,0
40.30121,-120.88368,312.08,0.46,0.39,2021-08-17,1014,N,VIIRS,n,2,293.03,2.72,N,0
40.30131,-120.83922,329.46,0.46,0.39,2021-08-17,1014,N,VIIRS,n,2,292.18,3.34,N,0
40.30173,-120.89896,309.59,0.46,0.39,2021-08-17,1014,N,VIIRS,n,2,289.48,3.82,N,0
40.30173,-120.86054,302.26,0.46,0.39,2021-08-17,1014,N,VIIRS,n,2,288.79,0.86,N,0
40.30217,-120.882,312.91,0.46,0.39,2021-08-17,1014,N,VIIRS,n,2,293.57,2.54,N,0
40.30221,-120.88884,339.79,0.46,0.39,2021-08-17,1014,N,VIIRS,n,2,294.96,2.72,N,0
40.30234,-120.84444,307.8,0.46,0.39,2021-08-17,1014,N,VIIRS,n,2,288.35,3.36,N,0
40.30264,-120.82683,333.58,0.46,0.39,2021-08-17,1014,N,VIIRS,n,2,292.61,2.66,N,0
40.30273,-120.86565,300.13,0.46,0.39,2021-08-17,1014,N,VIIRS,n,2,289.52,0.99,N,0
40.30317,-120.88709,342.2,0.46,0.39,2021-08-17,1014,N,VIIRS,n,2,295.54,4.13,N,0
40.30323,-120.89423,325.61,0.46,0.39,2021-08-17,1014,N,VIIRS,n,2,291.38,6.63,N,0
40.30333,-120.84954,317.97,0.46,0.39,2021-08-17,1014,N,VIIRS,n,2,290.35,3.36,N,0
40.30372,-120.83233,332.53,0.46,0.39,2021-08-17,1014,N,VIIRS,n,2,292.25,3.34,N,0
40.30373,-120.87077,301.7,0.46,0.39,2021-08-17,1014,N,VIIRS,n,2,290.85,0.99,N,0
40.30422,-120.89249,315.3,0.46,0.39,2021-08-17,1014,N,VIIRS,n,2,289.35,4.13,N,0
40.30431,-120.85453,333.53,0.46,0.39,2021-08-17,1014,N,VIIRS,n,2,296.14,2.8,N,0
40.30473,-120.87585,305.51,0.46,0.39,2021-08-17,1014,N,VIIRS,n,2,291.33,2.54,N,0
40.30482,-120.83793,328.52,0.46,0.39,2021-08-17,1014,N,VIIRS,n,2,294.58,3.34,N,0
40.30531,-120.85961,324.39,0.46,0.39,2021-08-17,1014,N,VIIRS,n,2,295.02,2.8,N,0
40.30571,-120.88089,335.89,0.46,0.39,2021-08-17,1014,N,VIIRS,n,2,296.46,2.54,N,0
40.30589,-120.84332,342.58,0.46,0.39,2021-08-17,1014,N,VIIRS,n,2,291.58,3.36,N,0
40.3063,-120.86469,301.61,0.46,0.39,2021-08-17,1014,N,VIIRS,n,2,290.03,1.55,N,0
40.30671,-120.886,317.87,0.46,0.39,2021-08-17,1014,N,VIIRS,n,2,289.91,4.13,N,0
40.3069,-120.84852,326.56,0.46,0.39,2021-08-17,1014,N,VIIRS,n,2,292.8,3.36,N,0
40.3073,-120.86979,300.86,0.46,0.39,2021-08-17,1014,N,VIIRS,n,2,289.61,1.55,N,0
40.30779,-120.89148,331.5,0.46,0.39,2021-08-17,1014,N,VIIRS,n,2,289.73,4.13,N,0
40.3079,-120.85363,306.71,0.46,0.39,2021-08-17,1014,N,VIIRS,n,2,292.25,2.8,N,0
40.30828,-120.87482,303.35,0.46,0.39,2021-08-17,1014,N,VIIRS,n,2,291.09,3.13,N,0
40.30833,-120.83662,311.67,0.46,0.39,2021-08-17,1014,N,VIIRS,n,2,289.77,2.63,N,0
40.3089,-120.85871,313.99,0.46,0.39,2021-08-17,1014,N,VIIRS,n,2,293.88,2.8,N,0
40.30927,-120.87987,342.72,0.46,0.39,2021-08-17,1014,N,VIIRS,n,2,295.6,3.13,N,0
40.30941,-120.84209,309.96,0.46,0.39,2021-08-17,1014,N,VIIRS,n,2,288.89,3.76,N,0
40.30988,-120.86375,311.54,0.46,0.39,2021-08-17,1014,N,VIIRS,n,2,291.68,1.55,N,0
40.31046,-120.84743,333.73,0.46,0.39,2021-08-17,1014,N,VIIRS,n,2,293.99,3.76,N,0
40.31087,-120.86877,317.75,0.46,0.39,2021-08-17,1014,N,VIIRS,n,2,296.01,1.55,N,0
40.31148,-120.85267,312.74,0.46,0.39,2021-08-17,1014,N,VIIRS,n,2,293.73,1.92,N,0
40.31184,-120.8353,320.89,0.46,0.39,2021-08-17,1014,N,VIIRS,n,2,292.39,2.63,N,0
40.31185,-120.87379,334,0.46,0.39,2021-08-17,1014,N,VIIRS,n,2,297.85,3.13,N,0
40.31248,-120.85778,317.31,0.46,0.39,2021-08-17,1014,N,VIIRS,n,2,294.13,1.92,N,0
40.31283,-120.87881,307.86,0.46,0.39,2021-08-17,1014,N,VIIRS,n,2,289.36,3.13,N,0
40.31293,-120.84085,331.27,0.46,0.39,2021-08-17,1014,N,VIIRS,n,2,292.2,3.76,N,0
40.31309,-120.82248,306.3,0.46,0.39,2021-08-17,1014,N,VIIRS,n,2,292.35,2.56,N,0
40.31346,-120.86276,319.43,0.46,0.39,2021-08-17,1014,N,VIIRS,n,2,294.22,3.02,N,0
40.31399,-120.84625,332.45,0.46,0.39,2021-08-17,1014,N,VIIRS,n,2,296.46,3.76,N,0
40.31422,-120.82819,302.22,0.46,0.39,2021-08-17,1014,N,VIIRS,n,2,291.7,2.17,N,0
40.31443,-120.86774,322.62,0.46,0.39,2021-08-17,1014,N,VIIRS,n,2,296.03,3.02,N,0
40.31503,-120.85155,310.95,0.46,0.39,2021-08-17,1014,N,VIIRS,n,2,292.2,1.92,N,0
40.31533,-120.8339,322.06,0.46,0.39,2021-08-17,1014,N,VIIRS,n,2,294.45,2.17,N,0
40.3154,-120.87268,336.62,0.46,0.39,2021-08-17,1014,N,VIIRS,n,2,296.03,4.51,N,0
40.31604,-120.85671,306.46,0.46,0.39,2021-08-17,1014,N,VIIRS,n,2,291.91,1.92,N,0
40.31643,-120.83946,334.03,0.46,0.39,2021-08-17,1014,N,VIIRS,n,2,295.49,3.18,N,0
40.31702,-120.86172,309.71,0.46,0.39,2021-08-17,1014,N,VIIRS,n,2,292.82,3.02,N,0
40.31749,-120.84491,319.76,0.46,0.39,2021-08-17,1014,N,VIIRS,n,2,294.22,3.18,N,0
40.31798,-120.86665,337.09,0.46,0.39,2021-08-17,1014,N,VIIRS,n,2,297.07,3.02,N,0
40.31855,-120.85032,324.4,0.46,0.39,2021-08-17,1014,N,VIIRS,n,2,293.95,2.83,N,0
40.31882,-120.8325,315.11,0.46,0.39,2021-08-17,1014,N,VIIRS,n,2,294.68,2.17,N,0
40.31894,-120.87156,324.49,0.46,0.39,2021-08-17,1014,N,VIIRS,n,2,291.18,4.51,N,0
40.31958,-120.85558,312.83,0.46,0.39,2021-08-17,1014,N,VIIRS,n,2,292.76,2.83,N,0
40.31991,-120.83805,317.54,0.46,0.39,2021-08-17,1014,N,VIIRS,n,2,294.86,3.18,N,0
40.32029,-121.06152,299.09,0.45,0.39,2021-08-17,1014,N,VIIRS,n,2,288.69,1.64,N,0
40.32053,-121.19929,300.52,0.45,0.39,2021-08-17,1014,N,VIIRS,n,2,286.09,3.32,N,0
40.32057,-120.86065,311.67,0.46,0.39,2021-08-17,1014,N,VIIRS,n,2,292.06,3.13,N,0
40.32098,-120.84352,319.37,0.46,0.39,2021-08-17,1014,N,VIIRS,n,2,295.41,3.18,N,0
40.32129,-121.06676,299.89,0.45,0.39,2021-08-17,1014,N,VIIRS,n,2,288.31,1.32,N,0
40.32154,-120.86561,337.65,0.46,0.39,2021-08-17,1014,N,VIIRS,n,2,293.13,3.13,N,0
40.32183,-121.05001,310.85,0.45,0.39,2021-08-17,1014,N,VIIRS,n,2,292.93,2.05,N,0
40.32204,-120.84893,323.44,0.46,0.39,2021-08-17,1014,N,VIIRS,n,2,295.68,2.83,N,0
40.32229,-121.072,303.99,0.45,0.39,2021-08-17,1014,N,VIIRS,n,2,289.27,1.32,N,0
40.3223,-120.83103,307.45,0.46,0.39,2021-08-17,1014,N,VIIRS,n,2,293.23,2.21,N,0
40.32252,-120.81289,301.53,0.46,0.39,2021-08-17,1014,N,VIIRS,n,2,291.28,2.97,N,0
40.32275,-121.13298,313.63,0.45,0.39,2021-08-17,1014,N,VIIRS,n,2,290.16,2.76,N,0
40.32283,-121.05525,304.82,0.45,0.39,2021-08-17,1014,N,VIIRS,n,2,290.56,1.36,N,0
40.32309,-120.85429,322.99,0.46,0.39,2021-08-17,1014,N,VIIRS,n,2,295.36,2.83,N,0
40.32329,-121.07722,311.93,0.45,0.39,2021-08-17,1014,N,VIIRS,n,2,288.79,1.79,N,0
40.32338,-120.83652,316.7,0.46,0.39,2021-08-17,1014,N,VIIRS,n,2,294.93,2.4,N,0
40.32382,-121.06046,302.1,0.45,0.39,2021-08-17,1014,N,VIIRS,n,2,290.25,1.36,N,0
40.32404,-121.19823,336.2,0.45,0.39,2021-08-17,1014,N,VIIRS,n,2,292.71,3.32,N,0
40.3241,-120.85947,329.42,0.46,0.39,2021-08-17,1014,N,VIIRS,n,2,295.05,3.13,N,0
40.32428,-121.08244,302.97,0.45,0.39,2021-08-17,1014,N,VIIRS,n,2,286.88,1.79,N,0
40.32444,-120.84193,320.61,0.46,0.39,2021-08-17,1014,N,VIIRS,n,2,295.52,2.4,N,0
40.32482,-121.06569,304.42,0.45,0.39,2021-08-17,1014,N,VIIRS,n,2,290.76,1.88,N,0
40.32495,-120.80603,304.54,0.46,0.39,2021-08-17,1014,N,VIIRS,n,2,290.9,1.3,N,0
40.3251,-120.86459,315.17,0.46,0.39,2021-08-17,1014,N,VIIRS,n,2,288.58,3.13,N,0
40.32526,-121.12664,314.24,0.45,0.39,2021-08-17,1014,N,VIIRS,n,2,290.64,2.53,N,0
40.32534,-121.04889,307.99,0.45,0.39,2021-08-17,1014,N,VIIRS,n,2,292.4,2.05,N,0
40.3255,-120.84736,320.75,0.46,0.39,2021-08-17,1014,N,VIIRS,n,2,295.16,3.54,N,0
40.32578,-120.82953,307.77,0.46,0.39,2021-08-17,1014,N,VIIRS,n,2,294.33,2.21,N,0
40.32582,-121.07094,314.83,0.45,0.39,2021-08-17,1014,N,VIIRS,n,2,293.72,1.88,N,0
40.32603,-120.81152,304.12,0.46,0.39,2021-08-17,1014,N,VIIRS,n,2,290.77,0.95,N,0
40.32626,-121.1319,318.34,0.45,0.39,2021-08-17,1014,N,VIIRS,n,2,293.6,2.76,N,0
40.32635,-121.05418,306.99,0.45,0.39,2021-08-17,1014,N,VIIRS,n,2,292.4,1.36,N,0
40.32656,-120.85281,321.18,0.46,0.39,2021-08-17,1014,N,VIIRS,n,2,296.07,3.54,N,0
40.32678,-121.11506,297.72,0.45,0.39,2021-08-17,1014,N,VIIRS,n,2,287.11,1.82,N,0
40.32681,-121.07613,341.5,0.45,0.39,2021-08-17,1014,N,VIIRS,n,2,299.23,5.83,N,0
40.32684,-120.83497,314.31,0.46,0.39,2021-08-17,1014,N,VIIRS,n,2,294.18,2.4,N,0
40.32693,-121.04688,303.96,0.45,0.39,2021-08-17,1014,N,VIIRS,n,2,290.99,1.09,N,0
40.32711,-120.8171,302.38,0.46,0.39,2021-08-17,1014,N,VIIRS,n,2,290.56,0.95,N,0
40.32735,-121.05942,309.96,0.45,0.39,2021-08-17,1014,N,VIIRS,n,2,293.39,1.36,N,0
40.32761,-120.8582,318.05,0.46,0.39,2021-08-17,1014,N,VIIRS,n,2,290.6,2.27,N,0
40.32777,-121.12029,319.51,0.45,0.39,2021-08-17,1014,N,VIIRS,n,2,290.56,2.69,N,0
40.3278,-121.08132,335.01,0.45,0.39,2021-08-17,1014,N,VIIRS,n,2,292.05,5.83,N,0
40.32789,-120.84036,320.84,0.46,0.39,2021-08-17,1014,N,VIIRS,n,2,295.86,2.4,N,0
40.32796,-121.05217,305.42,0.45,0.39,2021-08-17,1014,N,VIIRS,n,2,291.64,1.09,N,0
40.32819,-120.82265,302.54,0.46,0.39,2021-08-17,1014,N,VIIRS,n,2,291.67,1.74,N,0
40.32835,-121.06465,302.87,0.45,0.39,2021-08-17,1014,N,VIIRS,n,2,291.09,1.88,N,0
40.32846,-120.8047,305.42,0.46,0.39,2021-08-17,1014,N,VIIRS,n,2,290.57,1.3,N,0
40.32878,-121.12555,312.09,0.45,0.39,2021-08-17,1014,N,VIIRS,n,2,293.5,2.69,N,0
40.32886,-121.04775,301.16,0.45,0.39,2021-08-17,1014,N,VIIRS,n,2,290.37,1.23,N,0
40.32895,-120.84574,313.67,0.46,0.39,2021-08-17,1014,N,VIIRS,n,2,293.48,3.54,N,0
40.32898,-121.05743,305.07,0.45,0.39,2021-08-17,1014,N,VIIRS,n,2,291.93,1.68,N,0
40.32925,-120.82804,311.08,0.46,0.39,2021-08-17,1014,N,VIIRS,n,2,294.04,1.74,N,0
40.32935,-121.06989,320.38,0.45,0.39,2021-08-17,1014,N,VIIRS,n,2,296.66,1.88,N,0
40.32953,-120.81016,301.52,0.46,0.39,2021-08-17,1014,N,VIIRS,n,2,290.4,0.95,N,0
40.32977,-121.13081,314.06,0.45,0.39,2021-08-17,1014,N,VIIRS,n,2,291.34,1.66,N,0
40.32987,-121.05309,307.51,0.45,0.39,2021-08-17,1014,N,VIIRS,n,2,292.09,1.3,N,0
40.33001,-121.06268,306.07,0.45,0.39,2021-08-17,1014,N,VIIRS,n,2,293.24,1.68,N,0
40.33002,-120.85126,341.64,0.46,0.39,2021-08-17,1014,N,VIIRS,n,2,297.07,3.54,N,0
40.33013,-121.1912,313.11,0.45,0.39,2021-08-17,1014,N,VIIRS,n,2,291.02,2.41,N,0
40.33029,-121.11395,328.5,0.45,0.39,2021-08-17,1014,N,VIIRS,n,2,291.4,1.82,N,0
40.33031,-120.83344,316.64,0.46,0.39,2021-08-17,1014,N,VIIRS,n,2,294.75,3.01,N,0
40.33033,-121.07505,348.08,0.45,0.39,2021-08-17,1014,N,VIIRS,n,2,299.46,5.83,N,0
40.33044,-121.04575,298.72,0.45,0.39,2021-08-17,1014,N,VIIRS,n,2,288.48,1.09,N,0
40.33061,-120.8157,304.32,0.46,0.39,2021-08-17,1014,N,VIIRS,n,2,290.77,0.95,N,0
40.33078,-121.13607,299.72,0.45,0.39,2021-08-17,1014,N,VIIRS,n,2,288.21,1.66,N,0
40.33088,-121.0584,303.71,0.45,0.39,2021-08-17,1014,N,VIIRS,n,2,292.05,1.3,N,0
40.33102,-121.06789,315.79,0.45,0.39,2021-08-17,1014,N,VIIRS,n,2,295.38,3.25,N,0
40.33109,-120.85673,300.35,0.46,0.39,2021-08-17,1014,N,VIIRS,n,2,288.31,2.27,N,0
40.33129,-121.11919,313.46,0.45,0.39,2021-08-17,1014,N,VIIRS,n,2,292.92,2.69,N,0
40.33132,-121.08024,310.48,0.45,0.39,2021-08-17,1014,N,VIIRS,n,2,288.52,5.83,N,0
40.33137,-120.83889,323.09,0.46,0.39,2021-08-17,1014,N,VIIRS,n,2,295.46,3.01,N,0
40.33148,-121.05106,305.93,0.45,0.39,2021-08-17,1014,N,VIIRS,n,2,291.31,1.09,N,0
40.33168,-120.82118,309.34,0.46,0.39,2021-08-17,1014,N,VIIRS,n,2,293.16,1.74,N,0
40.33189,-121.06365,310.29,0.45,0.39,2021-08-17,1014,N,VIIRS,n,2,294.61,2.16,N,0
40.33198,-120.80338,302.95,0.46,0.39,2021-08-17,1014,N,VIIRS,n,2,290.12,1.61,N,0
40.33203,-121.07305,339.09,0.45,0.39,2021-08-17,1014,N,VIIRS,n,2,300.35,3.25,N,0
40.33237,-121.04662,299.78,0.45,0.39,2021-08-17,1014,N,VIIRS,n,2,289.03,1.23,N,0
40.33242,-120.84425,318.73,0.46,0.39,2021-08-17,1014,N,VIIRS,n,2,295.07,4.01,N,0
40.33252,-121.05639,308.36,0.45,0.39,2021-08-17,1014,N,VIIRS,n,2,293.14,1.68,N,0
40.33273,-120.82655,321.04,0.46,0.39,2021-08-17,1014,N,VIIRS,n,2,295.34,1.74,N,0
40.3328,-121.10761,304.62,0.45,0.39,2021-08-17,1014,N,VIIRS,n,2,288.84,3.36,N,0
40.33287,-121.06883,312.51,0.45,0.39,2021-08-17,1014,N,VIIRS,n,2,295.17,2.16,N,0
40.33303,-121.07822,314.22,0.45,0.39,2021-08-17,1014,N,VIIRS,n,2,289.17,3.99,N,0
40.33303,-120.80879,307.37,0.46,0.39,2021-08-17,1014,N,VIIRS,n,2,291.38,1.41,N,0
40.33329,-121.12971,323.51,0.45,0.39,2021-08-17,1014,N,VIIRS,n,2,292.57,1.66,N,0
40.33339,-121.052,302.01,0.45,0.39,2021-08-17,1014,N,VIIRS,n,2,290.68,1.3,N,0
40.33348,-120.84971,344.12,0.46,0.39,2021-08-17,1014,N,VIIRS,n,2,295.33,4.01,N,0
40.33378,-120.83196,324.52,0.46,0.39,2021-08-17,1014,N,VIIRS,n,2,295.67,3.01,N,0
40.33381,-121.11286,324.44,0.45,0.39,2021-08-17,1014,N,VIIRS,n,2,293.38,3.36,N,0
40.33385,-121.074,339.45,0.45,0.39,2021-08-17,1014,N,VIIRS,n,2,295.47,5.28,N,0
40.3341,-120.81427,308.64,0.46,0.39,2021-08-17,1014,N,VIIRS,n,2,292.31,1.41,N,0
40.33429,-121.13498,301.16,0.45,0.39,2021-08-17,1014,N,VIIRS,n,2,289.74,1.66,N,0
40.33442,-121.05737,310,0.45,0.39,2021-08-17,1014,N,VIIRS,n,2,292.8,1.3,N,0
40.33456,-121.06688,307.26,0.45,0.39,2021-08-17,1014,N,VIIRS,n,2,293.47,3.25,N,0
40.3348,-121.1181,318.37,0.45,0.39,2021-08-17,1014,N,VIIRS,n,2,294.95,1.69,N,0
40.33485,-120.83746,327.33,0.46,0.39,2021-08-17,1014,N,VIIRS,n,2,296.19,3.01,N,0
40.33516,-120.81973,316.59,0.46,0.39,2021-08-17,1014,N,VIIRS,n,2,294.04,2.57,N,0
40.33531,-121.10122,315.78,0.45,0.39,2021-08-17,1014,N,VIIRS,n,2,287.28,2.02,N,0
40.33556,-121.072,321.16,0.45,0.39,2021-08-17,1014,N,VIIRS,n,2,292.33,3.25,N,0
40.3358,-121.12337,301.66,0.45,0.39,2021-08-17,1014,N,VIIRS,n,2,290.3,1.69,N,0
40.3359,-120.8428,334.65,0.46,0.39,2021-08-17,1014,N,VIIRS,n,2,297.5,4.01,N,0
40.3362,-120.82505,322.52,0.46,0.39,2021-08-17,1014,N,VIIRS,n,2,294.42,2.57,N,0
40.33632,-121.10647,337.76,0.45,0.39,2021-08-17,1014,N,VIIRS,n,2,295.34,3.36,N,0
40.33641,-121.06782,301.32,0.45,0.39,2021-08-17,1014,N,VIIRS,n,2,291.04,2.16,N,0
40.33654,-120.80748,304.99,0.46,0.39,2021-08-17,1014,N,VIIRS,n,2,291.57,1.41,N,0
40.3368,-121.12862,310.02,0.45,0.39,2021-08-17,1014,N,VIIRS,n,2,292.6,2,N,0
40.33694,-120.84818,307.25,0.46,0.39,2021-08-17,1014,N,VIIRS,n,2,289.84,4.01,N,0
40.3371,-121.09913,339.82,0.45,0.39,2021-08-17,1014,N,VIIRS,n,2,294.38,10.26,N,0
40.33725,-120.83046,325.58,0.46,0.39,2021-08-17,1014,N,VIIRS,n,2,295.23,4.19,N,0
40.33731,-121.11174,323.61,0.45,0.39,2021-08-17,1014,N,VIIRS,n,2,297.02,3.36,N,0
40.33738,-121.07293,328.82,0.45,0.39,2021-08-17,1014,N,VIIRS,n,2,291.76,5.28,N,0
40.3376,-120.81288,313.21,0.46,0.39,2021-08-17,1014,N,VIIRS,n,2,293.28,1.41,N,0
40.33806,-120.79593,312.66,0.46,0.39,2021-08-17,1014,N,VIIRS,n,2,290.82,1.67,N,0
40.33812,-121.10435,352.71,0.45,0.39,2021-08-17,1014,N,VIIRS,n,2,298.92,10.26,N,0
40.33831,-121.117,313.18,0.45,0.39,2021-08-17,1014,N,VIIRS,n,2,294.32,1.69,N,0
40.33834,-120.83606,331.6,0.46,0.39,2021-08-17,1014,N,VIIRS,n,2,296.41,4.19,N,0
40.33865,-120.81828,315.7,0.46,0.39,2021-08-17,1014,N,VIIRS,n,2,293.71,2.57,N,0
40.3388,-121.13914,298.91,0.45,0.39,2021-08-17,1014,N,VIIRS,n,2,287.97,0.39,N,0
40.33883,-121.17839,302.3,0.45,0.39,2021-08-17,1014,N,VIIRS,n,2,288.81,1.48,N,0
40.33883,-121.1001,351.44,0.45,0.39,2021-08-17,1014,N,VIIRS,n,2,300.42,14.11,N,0
40.33906,-120.80103,301.5,0.46,0.39,2021-08-17,1014,N,VIIRS,n,2,290.06,1.67,N,0
40.33909,-121.07095,335.78,0.45,0.39,2021-08-17,1014,N,VIIRS,n,2,293.8,6.38,N,0
40.33915,-121.10962,330.62,0.45,0.39,2021-08-17,1014,N,VIIRS,n,2,300.55,2.59,N,0
40.33931,-121.12226,304.34,0.45,0.39,2021-08-17,1014,N,VIIRS,n,2,291.19,1.69,N,0
40.33939,-120.84143,345.68,0.46,0.39,2021-08-17,1014,N,VIIRS,n,2,294.99,4.88,N,0
40.33969,-120.82365,321.35,0.46,0.39,2021-08-17,1014,N,VIIRS,n,2,294.62,2.57,N,0
40.33978,-121.18343,326.91,0.45,0.39,2021-08-17,1014,N,VIIRS,n,2,294.66,3.12,N,0
40.33982,-121.10532,336.1,0.45,0.39,2021-08-17,1014,N,VIIRS,n,2,298.67,3.81,N,0
40.33998,-121.20395,300.78,0.45,0.39,2021-08-17,1014,N,VIIRS,n,2,287.99,2.45,N,0
40.34017,-121.11488,311.08,0.45,0.39,2021-08-17,1014,N,VIIRS,n,2,293.25,2.59,N,0
40.34031,-121.12752,308.21,0.45,0.39,2021-08-17,1014,N,VIIRS,n,2,291.78,2,N,0
40.34056,-120.78941,308.04,0.46,0.39,2021-08-17,1014,N,VIIRS,n,2,290.46,1.82,N,0
40.34062,-121.09804,348.66,0.45,0.39,2021-08-17,1014,N,VIIRS,n,2,295.99,10.26,N,0
40.34076,-120.82906,324.71,0.46,0.39,2021-08-17,1014,N,VIIRS,n,2,294.68,4.19,N,0
40.34082,-121.11062,320.83,0.45,0.39,2021-08-17,1014,N,VIIRS,n,2,297.18,3.81,N,0
40.34095,-121.20903,332.08,0.45,0.39,2021-08-17,1014,N,VIIRS,n,2,289.53,2.45,N,0
40.3411,-120.81152,314.74,0.46,0.39,2021-08-17,1014,N,VIIRS,n,2,292.81,1.96,N,0
40.34119,-121.12014,303.34,0.45,0.39,2021-08-17,1014,N,VIIRS,n,2,290.31,1.04,N,0
40.34132,-121.172,298.17,0.45,0.39,2021-08-17,1014,N,VIIRS,n,2,288,1.48,N,0
40.34135,-121.09379,321.67,0.45,0.39,2021-08-17,1014,N,VIIRS,n,2,288.51,14.11,N,0
40.34158,-120.79464,310.23,0.46,0.39,2021-08-17,1014,N,VIIRS,n,2,292.17,1.67,N,0
40.34163,-121.10324,338.09,0.45,0.39,2021-08-17,1014,N,VIIRS,n,2,298.79,10.26,N,0
40.34183,-120.83459,340.6,0.46,0.39,2021-08-17,1014,N,VIIRS,n,2,297.81,4.19,N,0
40.34215,-120.81689,313.46,0.46,0.39,2021-08-17,1014,N,VIIRS,n,2,291.73,2.61,N,0
40.34221,-121.1254,299.96,0.45,0.39,2021-08-17,1014,N,VIIRS,n,2,288.97,1.04,N,0
40.3423,-121.17717,326.62,0.45,0.39,2021-08-17,1014,N,VIIRS,n,2,292.58,1.48,N,0
40.34234,-121.09902,354.83,0.45,0.39,2021-08-17,1014,N,VIIRS,n,2,306.66,14.11,N,0
40.34259,-120.7998,320.01,0.46,0.39,2021-08-17,1014,N,VIIRS,n,2,292.9,1.67,N,0
40.34261,-121.06989,328.9,0.45,0.39,2021-08-17,1014,N,VIIRS,n,2,293.31,6.38,N,0
40.34266,-121.10851,314.8,0.45,0.39,2021-08-17,1014,N,VIIRS,n,2,295.89,2.59,N,0
40.34289,-120.84005,304.99,0.46,0.39,2021-08-17,1014,N,VIIRS,n,2,290.04,4.88,N,0
40.34306,-120.78282,332.46,0.46,0.39,2021-08-17,1014,N,VIIRS,n,2,293.12,4.47,N,0
40.34313,-121.09174,335.72,0.45,0.39,2021-08-17,1014,N,VIIRS,n,2,292.09,9.51,N,0
40.3432,-120.82229,311.85,0.46,0.39,2021-08-17,1014,N,VIIRS,n,2,292.14,2.61,N,0
40.34328,-121.1823,312.81,0.45,0.39,2021-08-17,1014,N,VIIRS,n,2,289.84,3.12,N,0
40.34333,-121.10423,319.78,0.45,0.39,2021-08-17,1014,N,VIIRS,n,2,296.58,3.81,N,0
40.34349,-121.20293,334.81,0.45,0.39,2021-08-17,1014,N,VIIRS,n,2,293.99,2.86,N,0
40.34361,-120.80501,314.02,0.46,0.39,2021-08-17,1014,N,VIIRS,n,2,291.31,1.96,N,0
40.34368,-121.11376,307.05,0.45,0.39,2021-08-17,1014,N,VIIRS,n,2,291.99,2.59,N,0
40.34408,-120.78807,324.64,0.46,0.39,2021-08-17,1014,N,VIIRS,n,2,291.93,4.47,N,0
40.34414,-121.09698,355.89,0.45,0.39,2021-08-17,1014,N,VIIRS,n,2,307.88,10.4,N,0
40.34426,-120.82773,329.63,0.46,0.39,2021-08-17,1014,N,VIIRS,n,2,294.73,6.11,N,0
40.34433,-121.10948,311.5,0.45,0.39,2021-08-17,1014,N,VIIRS,n,2,294.75,3.81,N,0
40.34445,-121.20796,314.03,0.45,0.39,2021-08-17,1014,N,VIIRS,n,2,292.97,2.86,N,0
40.34462,-120.81021,312.47,0.46,0.39,2021-08-17,1014,N,VIIRS,n,2,292.6,1.96,N,0
40.34509,-120.79329,306,0.46,0.39,2021-08-17,1014,N,VIIRS,n,2,291.91,2,N,0
40.34515,-121.10215,328.29,0.45,0.39,2021-08-17,1014,N,VIIRS,n,2,298.31,10.4,N,0
40.34515,-121.06372,303.35,0.45,0.39,2021-08-17,1014,N,VIIRS,n,2,292.06,2.04,N,0
40.34532,-120.83321,335.35,0.46,0.39,2021-08-17,1014,N,VIIRS,n,2,293.14,6.11,N,0
40.34533,-121.11476,309.32,0.45,0.39,2021-08-17,1014,N,VIIRS,n,2,292.18,3.76,N,0
40.34563,-121.08544,306.78,0.45,0.39,2021-08-17,1014,N,VIIRS,n,2,289.67,9.51,N,0
40.34565,-120.81551,324.43,0.46,0.39,2021-08-17,1014,N,VIIRS,n,2,294.87,2.61,N,0
40.34611,-120.79854,328.02,0.46,0.39,2021-08-17,1014,N,VIIRS,n,2,295.77,2,N,0
40.34614,-121.06883,321.72,0.45,0.39,2021-08-17,1014,N,VIIRS,n,2,295.07,2.04,N,0
40.34616,-121.10737,314.99,0.45,0.39,2021-08-17,1014,N,VIIRS,n,2,296.16,2.39,N,0
40.34629,-121.14639,306.11,0.45,0.39,2021-08-17,1014,N,VIIRS,n,2,289.83,2.09,N,0
40.34658,-120.78152,327.92,0.46,0.39,2021-08-17,1014,N,VIIRS,n,2,293.2,4.47,N,0
40.34665,-121.09068,367,0.45,0.39,2021-08-17,1014,N,VIIRS,h,2,305.11,9.51,N,0
40.34671,-120.82096,326.7,0.46,0.39,2021-08-17,1014,N,VIIRS,n,2,293.85,2.61,N,0
40.34703,-121.20205,306.6,0.45,0.39,2021-08-17,1014,N,VIIRS,n,2,291.03,2.86,N,0
40.34714,-121.07395,314.82,0.45,0.39,2021-08-17,1014,N,VIIRS,n,2,290.5,5.16,N,0
40.34714,-120.80379,329.66,0.46,0.39,2021-08-17,1014,N,VIIRS,n,2,295.33,2.55,N,0
40.34719,-121.11266,311.97,0.45,0.39,2021-08-17,1014,N,VIIRS,n,2,294.46,2.39,N,0
40.3476,-120.78681,309.43,0.46,0.39,2021-08-17,1014,N,VIIRS,n,2,291.36,4.47,N,0
40.34766,-121.09591,345.86,0.45,0.39,2021-08-17,1014,N,VIIRS,n,2,303.64,10.4,N,0
40.34778,-120.82645,350.89,0.46,0.39,2021-08-17,1014,N,VIIRS,n,2,294.92,6.11,N,0
40.34781,-121.14748,314.8,0.45,0.39,2021-08-17,1014,N,VIIRS,n,2,290.58,1.77,N,0
40.34814,-121.07916,324,0.45,0.39,2021-08-17,1014,N,VIIRS,n,2,290.96,5.16,N,0
40.34814,-120.80897,309.84,0.46,0.39,2021-08-17,1014,N,VIIRS,n,2,291.88,2.55,N,0
40.34821,-121.11793,316.25,0.45,0.39,2021-08-17,1014,N,VIIRS,n,2,293.86,1.83,N,0
40.34862,-120.79205,309.67,0.46,0.39,2021-08-17,1014,N,VIIRS,n,2,292.13,2,N,0
40.34867,-121.10107,320.97,0.45,0.39,2021-08-17,1014,N,VIIRS,n,2,296.93,10.4,N,0
40.34905,-120.77485,330.44,0.46,0.39,2021-08-17,1014,N,VIIRS,n,2,293.93,6.75,N,0
40.34916,-121.08439,367,0.45,0.39,2021-08-17,1014,N,VIIRS,h,2,308.75,18.13,N,0
40.34917,-120.81425,323.6,0.46,0.39,2021-08-17,1014,N,VIIRS,n,2,295.28,6.73,N,0
40.34923,-121.12318,303.12,0.45,0.39,2021-08-17,1014,N,VIIRS,n,2,289.81,1.83,N,0
40.34964,-120.79726,312.94,0.46,0.39,2021-08-17,1014,N,VIIRS,n,2,293.73,2,N,0
40.34967,-121.06779,315.2,0.45,0.39,2021-08-17,1014,N,VIIRS,n,2,293.04,2.04,N,0
40.34968,-121.10629,316.66,0.45,0.39,2021-08-17,1014,N,VIIRS,n,2,296.73,2.39,N,0
40.3498,-121.14528,319.89,0.45,0.39,2021-08-17,1014,N,VIIRS,n,2,291.89,2.09,N,0
40.3501,-120.78021,340.36,0.46,0.39,2021-08-17,1014,N,VIIRS,n,2,296.48,4.69,N,0
40.35018,-121.08962,367,0.45,0.39,2021-08-17,1014,N,VIIRS,h,2,311.9,18.13,N,0
40.35023,-120.81973,340.79,0.46,0.39,2021-08-17,1014,N,VIIRS,n,2,299.95,6.73,N,0
40.35032,-121.14108,305.25,0.45,0.39,2021-08-17,1014,N,VIIRS,n,2,290.34,1.95,N,0
40.35066,-120.8025,324.06,0.46,0.39,2021-08-17,1014,N,VIIRS,n,2,294.22,2.55,N,0
40.3507,-121.11156,320.18,0.45,0.39,2021-08-17,1014,N,VIIRS,n,2,297.44,2.39,N,0
40.35114,-120.78558,310.43,0.46,0.39,2021-08-17,1014,N,VIIRS,n,2,290.85,4.69,N,0
40.35119,-121.09484,330.8,0.45,0.39,2021-08-17,1014,N,VIIRS,n,2,299.88,3.52,N,0
40.35131,-121.14635,309.55,0.45,0.39,2021-08-17,1014,N,VIIRS,n,2,289.17,1.77,N,0
40.35131,-120.82528,336.43,0.46,0.39,2021-08-17,1014,N,VIIRS,n,2,295.75,16.36,N,0
40.35167,-121.07808,337.79,0.45,0.39,2021-08-17,1014,N,VIIRS,n,2,296.07,5.16,N,0
40.35167,-120.80772,308.73,0.46,0.39,2021-08-17,1014,N,VIIRS,n,2,291.62,2.55,N,0
40.35172,-121.11682,318.27,0.45,0.39,2021-08-17,1014,N,VIIRS,n,2,295.76,1.83,N,0
40.35217,-120.79086,302.85,0.46,0.39,2021-08-17,1014,N,VIIRS,n,2,290.36,1.33,N,0
40.35219,-121.10001,317.77,0.45,0.39,2021-08-17,1014,N,VIIRS,n,2,296.44,3.52,N,0
40.35256,-120.7735,332.44,0.46,0.39,2021-08-17,1014,N,VIIRS,n,2,293.45,6.75,N,0
40.35268,-121.08333,367,0.45,0.39,2021-08-17,1014,N,VIIRS,h,2,308.63,18.13,N,0
40.3527,-120.813,342.53,0.46,0.39,2021-08-17,1014,N,VIIRS,n,2,298.45,6.73,N,0
40.35275,-121.12208,304.95,0.45,0.39,2021-08-17,1014,N,VIIRS,n,2,290.66,1.83,N,0
40.35317,-120.79601,303.72,0.46,0.39,2021-08-17,1014,N,VIIRS,n,2,289.93,1.33,N,0
40.3532,-121.10519,316.69,0.45,0.39,2021-08-17,1014,N,VIIRS,n,2,296.84,3,N,0
40.35321,-121.06676,305.83,0.45,0.39,2021-08-17,1014,N,VIIRS,n,2,291.74,2.09,N,0
40.35361,-120.77888,318.82,0.46,0.39,2021-08-17,1014,N,VIIRS,n,2,293.25,4.69,N,0
40.3537,-121.08857,350.22,0.45,0.39,2021-08-17,1014,N,VIIRS,n,2,306.78,18.13,N,0
40.35376,-120.8185,329.39,0.46,0.39,2021-08-17,1014,N,VIIRS,n,2,291.78,6.73,N,0
40.35417,-121.53211,332.99,0.44,0.38,2021-08-17,1014,N,VIIRS,n,2,294.52,36.56,N,0
40.35418,-120.80121,322.99,0.46,0.39,2021-08-17,1014,N,VIIRS,n,2,293.55,3.52,N,0
40.3542,-121.07189,301.47,0.45,0.39,2021-08-17,1014,N,VIIRS,n,2,289.54,7.66,N,0
40.35422,-121.11047,320.73,0.45,0.39,2021-08-17,1014,N,VIIRS,n,2,297.66,3,N,0
40.35466,-120.78429,317.89,0.46,0.39,2021-08-17,1014,N,VIIRS,n,2,293.4,4.69,N,0
40.35471,-121.09377,321.96,0.45,0.39,2021-08-17,1014,N,VIIRS,n,2,297.44,3.52,N,0
40.35507,-120.76697,317.18,0.46,0.39,2021-08-17,1014,N,VIIRS,n,2,290.81,5.25,N,0
40.35519,-121.07706,344.8,0.45,0.39,2021-08-17,1014,N,VIIRS,n,2,299.07,7.66,N,0
40.35519,-120.80646,326.93,0.46,0.39,2021-08-17,1014,N,VIIRS,n,2,294.91,3.52,N,0
40.35523,-121.11573,321.06,0.45,0.39,2021-08-17,1014,N,VIIRS,n,2,296.45,2.6,N,0
40.35567,-121.52061,317.43,0.44,0.38,2021-08-17,1014,N,VIIRS,n,2,288.72,2.58,N,0
40.35569,-120.7896,317.39,0.46,0.39,2021-08-17,1014,N,VIIRS,n,2,291.78,1.33,N,0
40.35571,-121.09892,321.27,0.45,0.39,2021-08-17,1014,N,VIIRS,n,2,296.93,3.52,N,0
40.35609,-120.77222,347.63,0.46,0.39,2021-08-17,1014,N,VIIRS,n,2,298.48,5.25,N,0
40.35621,-121.08226,367,0.45,0.39,2021-08-17,1014,N,VIIRS,h,2,313.79,14.11,N,0
40.35623,-120.81177,313.32,0.46,0.39,2021-08-17,1014,N,VIIRS,n,2,291.08,3.25,N,0
40.35667,-121.52595,319.14,0.44,0.38,2021-08-17,1014,N,VIIRS,n,2,291.19,36.56,N,0
40.3567,-120.79478,308.41,0.46,0.39,2021-08-17,1014,N,VIIRS,n,2,291.11,1.33,N,0
40.35671,-121.1041,313.57,0.45,0.39,2021-08-17,1014,N,VIIRS,n,2,295.48,3,N,0
40.35712,-120.7775,326.47,0.46,0.39,2021-08-17,1014,N,VIIRS,n,2,295.05,2.45,N,0
40.35722,-121.08749,340.33,0.45,0.39,2021-08-17,1014,N,VIIRS,n,2,302.58,14.11,N,0
40.35757,-120.76044,301.63,0.46,0.39,2021-08-17,1014,N,VIIRS,n,2,288.68,1.07,N,0
40.35767,-121.5312,348.75,0.44,0.38,2021-08-17,1014,N,VIIRS,n,2,305.67,36.56,N,0
40.35771,-120.79996,321.02,0.46,0.39,2021-08-17,1014,N,VIIRS,n,2,294.16,3.52,N,0
40.35773,-121.10936,331.79,0.45,0.39,2021-08-17,1014,N,VIIRS,n,2,298.75,3,N,0
40.35773,-121.07087,335.92,0.45,0.39,2021-08-17,1014,N,VIIRS,n,2,293.73,7.66,N,0
40.35816,-120.78288,316.49,0.46,0.39,2021-08-17,1014,N,VIIRS,n,2,292.67,2.45,N,0
40.35823,-121.0927,318.18,0.45,0.39,2021-08-17,1014,N,VIIRS,n,2,296.13,3.4,N,0
40.35862,-120.76582,336.08,0.46,0.39,2021-08-17,1014,N,VIIRS,n,2,295.19,5.25,N,0
40.35865,-121.53642,309.38,0.44,0.38,2021-08-17,1014,N,VIIRS,n,2,289.06,4.7,N,0
40.35872,-120.80518,337.67,0.46,0.39,2021-08-17,1014,N,VIIRS,n,2,295.85,3.52,N,0
40.35873,-121.07602,330.99,0.45,0.39,2021-08-17,1014,N,VIIRS,n,2,290.89,7.66,N,0
40.35875,-121.11459,306.9,0.45,0.39,2021-08-17,1014,N,VIIRS,n,2,289.62,2.6,N,0
40.35919,-121.51984,346.2,0.44,0.38,2021-08-17,1014,N,VIIRS,n,2,293.83,7.35,N,0
40.3592,-120.78823,314.67,0.46,0.39,2021-08-17,1014,N,VIIRS,n,2,291.79,4.04,N,0
40.35923,-121.09786,322.99,0.45,0.39,2021-08-17,1014,N,VIIRS,n,2,297.52,3.4,N,0
40.35963,-120.771,336.96,0.46,0.39,2021-08-17,1014,N,VIIRS,n,2,297.37,5.25,N,0
40.35974,-121.08122,349.29,0.45,0.39,2021-08-17,1014,N,VIIRS,n,2,305.76,14.11,N,0
40.36019,-121.52515,348.53,0.44,0.38,2021-08-17,1014,N,VIIRS,n,2,294.82,32.33,N,0
40.36022,-120.79351,307.09,0.46,0.39,2021-08-17,1014,N,VIIRS,n,2,290.75,4.04,N,0
40.36023,-121.10303,326.13,0.45,0.39,2021-08-17,1014,N,VIIRS,n,2,298.99,6.08,N,0
40.36027,-121.06469,307.25,0.45,0.39,2021-08-17,1014,N,VIIRS,n,2,291.1,2.6,N,0
40.36064,-120.7762,309.66,0.46,0.39,2021-08-17,1014,N,VIIRS,n,2,291.34,2.45,N,0
40.36074,-121.08641,322.82,0.45,0.39,2021-08-17,1014,N,VIIRS,n,2,298.04,14.11,N,0
40.36111,-120.75919,344.1,0.46,0.39,2021-08-17,1014,N,VIIRS,n,2,296.32,6.13,N,0
40.36117,-121.53033,333.74,0.44,0.38,2021-08-17,1014,N,VIIRS,n,2,312.02,32.33,N,0
40.36123,-120.79871,326.3,0.46,0.39,2021-08-17,1014,N,VIIRS,n,2,292.68,9.82,N,0
40.36124,-121.10825,341.78,0.45,0.39,2021-08-17,1014,N,VIIRS,n,2,299.97,6.08,N,0
40.36126,-121.06983,331.65,0.45,0.39,2021-08-17,1014,N,VIIRS,n,2,293.04,5.17,N,0
40.36166,-120.78146,313,0.46,0.39,2021-08-17,1014,N,VIIRS,n,2,291.29,2.45,N,0
40.36175,-121.09161,322.85,0.45,0.39,2021-08-17,1014,N,VIIRS,n,2,298.36,3.4,N,0
40.36213,-121.53545,347.12,0.44,0.38,2021-08-17,1014,N,VIIRS,n,2,301.07,48.88,N,0
40.36217,-120.76467,342.5,0.46,0.39,2021-08-17,1014,N,VIIRS,n,2,298.53,5.45,N,0
40.36224,-120.80392,367,0.46,0.39,2021-08-17,1014,N,VIIRS,h,2,295.7,9.82,N,0
40.36226,-121.11349,307.76,0.45,0.39,2021-08-17,1014,N,VIIRS,n,2,288,1.72,N,0
40.36226,-121.075,333.27,0.45,0.39,2021-08-17,1014,N,VIIRS,n,2,291.66,5.17,N,0
40.36271,-120.78687,313.88,0.46,0.39,2021-08-17,1014,N,VIIRS,n,2,291.85,4.04,N,0
40.36275,-121.09679,330.81,0.45,0.39,2021-08-17,1014,N,VIIRS,n,2,298.32,3.4,N,0
40.36302,-121.34522,313.5,0.44,0.39,2021-08-17,1014,N,VIIRS,n,2,288.22,2.76,N,0
40.36317,-120.76982,331.25,0.46,0.39,2021-08-17,1014,N,VIIRS,n,2,295.52,5.45,N,0
40.36327,-121.0802,336.07,0.45,0.39,2021-08-17,1014,N,VIIRS,n,2,295.9,3.9,N,0
40.3637,-121.52437,347.14,0.44,0.38,2021-08-17,1014,N,VIIRS,n,2,295.68,32.33,N,0
40.36374,-120.79222,342.06,0.46,0.39,2021-08-17,1014,N,VIIRS,n,2,297.28,4.04,N,0
40.36375,-121.10194,338.1,0.45,0.39,2021-08-17,1014,N,VIIRS,n,2,299.54,6.08,N,0
40.36417,-120.77494,313.03,0.46,0.39,2021-08-17,1014,N,VIIRS,n,2,291.67,1.5,N,0
40.36427,-121.0854,311.08,0.45,0.39,2021-08-17,1014,N,VIIRS,n,2,295,3.9,N,0
40.36465,-120.75798,334.73,0.46,0.39,2021-08-17,1014,N,VIIRS,n,2,293.58,6.13,N,0
40.36467,-121.52947,326.69,0.44,0.38,2021-08-17,1014,N,VIIRS,n,2,314.83,32.33,N,0
40.36475,-121.10715,344.29,0.45,0.39,2021-08-17,1014,N,VIIRS,n,2,297.49,6.08,N,0
40.36477,-120.79751,343.56,0.46,0.39,2021-08-17,1014,N,VIIRS,n,2,295.19,9.82,N,0
40.36479,-121.06879,336.46,0.45,0.39,2021-08-17,1014,N,VIIRS,n,2,294.62,5.17,N,0
40.36517,-120.78014,314.72,0.46,0.39,2021-08-17,1014,N,VIIRS,n,2,290.78,1.5,N,0
40.36528,-121.09058,323.12,0.45,0.39,2021-08-17,1014,N,VIIRS,n,2,297.86,3.03,N,0
40.36562,-121.5345,349,0.44,0.38,2021-08-17,1014,N,VIIRS,n,2,329.12,48.88,N,0
40.36573,-120.76352,337.04,0.46,0.39,2021-08-17,1014,N,VIIRS,n,2,296.73,5.45,N,0
40.36576,-121.11238,299.06,0.45,0.39,2021-08-17,1014,N,VIIRS,n,2,287.09,1.72,N,0
40.3658,-121.07398,341.11,0.45,0.39,2021-08-17,1014,N,VIIRS,n,2,296.66,5.17,N,0
40.36623,-120.7856,317.29,0.46,0.39,2021-08-17,1014,N,VIIRS,n,2,289.55,1.94,N,0
40.36628,-121.09574,333.98,0.45,0.39,2021-08-17,1014,N,VIIRS,n,2,299.61,3.03,N,0
40.36655,-121.53947,298.42,0.44,0.38,2021-08-17,1014,N,VIIRS,n,2,287.6,48.88,N,0
40.36673,-120.76868,325.02,0.46,0.39,2021-08-17,1014,N,VIIRS,n,2,294,5.45,N,0
40.36678,-121.11764,315.68,0.45,0.39,2021-08-17,1014,N,VIIRS,n,2,288.78,1.72,N,0
40.3668,-121.0792,327.07,0.45,0.39,2021-08-17,1014,N,VIIRS,n,2,297.59,3.9,N,0
40.36721,-121.52352,338.1,0.44,0.38,2021-08-17,1014,N,VIIRS,n,2,297.36,24.26,N,0
40.36726,-121.10089,326.52,0.45,0.39,2021-08-17,1014,N,VIIRS,n,2,292.35,2.79,N,0
40.36728,-120.79099,318.52,0.46,0.39,2021-08-17,1014,N,VIIRS,n,2,288.54,1.94,N,0
40.3675,-121.34944,302.24,0.44,0.39,2021-08-17,1014,N,VIIRS,n,2,290.8,1.69,N,0
40.36771,-120.77377,310.08,0.46,0.39,2021-08-17,1014,N,VIIRS,n,2,288.49,1.5,N,0
40.36779,-121.12287,300.15,0.45,0.39,2021-08-17,1014,N,VIIRS,n,2,287.44,1.33,N,0
40.36781,-121.0844,308.43,0.45,0.39,2021-08-17,1014,N,VIIRS,n,2,293.67,3.9,N,0
40.36817,-121.5286,348.32,0.44,0.38,2021-08-17,1014,N,VIIRS,n,2,323.64,24.26,N,0
40.36826,-121.10604,307.43,0.45,0.39,2021-08-17,1014,N,VIIRS,n,2,287.5,2.79,N,0
40.36832,-121.06774,321.74,0.45,0.39,2021-08-17,1014,N,VIIRS,n,2,293.83,2.27,N,0
40.36848,-121.35461,316.74,0.44,0.39,2021-08-17,1014,N,VIIRS,n,2,291.43,1.69,N,0
40.36871,-120.77891,299.21,0.46,0.39,2021-08-17,1014,N,VIIRS,n,2,285.61,1.5,N,0
40.36881,-121.08958,316.57,0.45,0.39,2021-08-17,1014,N,VIIRS,n,2,295.83,3.03,N,0
40.3691,-121.53353,351.26,0.44,0.38,2021-08-17,1014,N,VIIRS,n,2,314.72,30.16,N,0
40.36927,-121.11127,337.14,0.45,0.39,2021-08-17,1014,N,VIIRS,n,2,291.74,2.36,N,0
40.36928,-120.76239,319.74,0.46,0.39,2021-08-17,1014,N,VIIRS,n,2,290.72,2.85,N,0
40.36933,-121.07296,305.16,0.45,0.39,2021-08-17,1014,N,VIIRS,n,2,291.74,2.27,N,0
40.3698,-121.09472,311.92,0.45,0.39,2021-08-17,1014,N,VIIRS,n,2,294.64,3.03,N,0
40.37029,-121.11653,308.45,0.45,0.39,2021-08-17,1014,N,VIIRS,n,2,289.84,2.36,N,0
40.3707,-121.52254,340.79,0.44,0.38,2021-08-17,1014,N,VIIRS,n,2,296.9,24.26,N,0
40.37078,-121.09982,330.22,0.45,0.39,2021-08-17,1014,N,VIIRS,n,2,299,2.79,N,0
40.37101,-121.34845,311.02,0.44,0.39,2021-08-17,1014,N,VIIRS,n,2,291.44,2.08,N,0
40.37166,-121.52769,353.13,0.44,0.38,2021-08-17,1014,N,VIIRS,n,2,316.05,24.26,N,0
40.37178,-121.10495,313.54,0.45,0.39,2021-08-17,1014,N,VIIRS,n,2,287.91,2.79,N,0
40.37199,-121.50989,297.86,0.44,0.38,2021-08-17,1014,N,VIIRS,n,2,287.26,3.13,N,0
40.37234,-121.08853,312.77,0.45,0.39,2021-08-17,1014,N,VIIRS,n,2,295.76,2.2,N,0
40.37257,-121.53255,346.68,0.44,0.38,2021-08-17,1014,N,VIIRS,n,2,303.92,30.16,N,0
40.37278,-121.11017,302.34,0.45,0.39,2021-08-17,1014,N,VIIRS,n,2,286.52,2.36,N,0
40.37304,-121.51553,329.39,0.44,0.38,2021-08-17,1014,N,VIIRS,n,2,291.86,3.13,N,0
40.37332,-121.09364,321,0.45,0.39,2021-08-17,1014,N,VIIRS,n,2,297.2,2.2,N,0
40.37411,-121.52125,306.27,0.44,0.38,2021-08-17,1014,N,VIIRS,n,2,290.95,12.6,N,0
40.3743,-121.09873,337.85,0.45,0.39,2021-08-17,1014,N,VIIRS,n,2,298.5,3.98,N,0
40.37486,-121.08231,302.5,0.45,0.39,2021-08-17,1014,N,VIIRS,n,2,291.34,3.08,N,0
40.37509,-121.52643,348.19,0.44,0.38,2021-08-17,1014,N,VIIRS,n,2,297.62,12.6,N,0
40.37529,-121.10384,318.75,0.45,0.39,2021-08-17,1014,N,VIIRS,n,2,287.68,3.98,N,0
40.37585,-121.08744,312.71,0.45,0.39,2021-08-17,1014,N,VIIRS,n,2,295.6,2.2,N,0
40.37603,-121.53146,342.78,0.44,0.38,2021-08-17,1014,N,VIIRS,n,2,296.33,14.17,N,0
40.37644,-121.51407,338.81,0.44,0.38,2021-08-17,1014,N,VIIRS,n,2,295.27,3.13,N,0
40.37683,-121.09253,312.85,0.45,0.39,2021-08-17,1014,N,VIIRS,n,2,296.83,2.2,N,0
40.37751,-121.51981,317.04,0.44,0.38,2021-08-17,1014,N,VIIRS,n,2,293.58,12.6,N,0
40.37777,-121.38443,320.58,0.44,0.39,2021-08-17,1014,N,VIIRS,n,2,295.92,3.28,N,0
40.37782,-121.09763,325.82,0.45,0.39,2021-08-17,1014,N,VIIRS,n,2,297.83,3.98,N,0
40.37798,-121.50274,336.72,0.44,0.38,2021-08-17,1014,N,VIIRS,n,2,291.66,7.55,N,0
40.37831,-121.11953,300.1,0.45,0.39,2021-08-17,1014,N,VIIRS,n,2,287.09,0.85,N,0
40.37851,-121.52515,351.92,0.44,0.38,2021-08-17,1014,N,VIIRS,n,2,306.51,12.6,N,0
40.37875,-121.38962,324.37,0.44,0.39,2021-08-17,1014,N,VIIRS,n,2,290.71,2.12,N,0
40.3788,-121.10274,329.67,0.45,0.39,2021-08-17,1014,N,VIIRS,n,2,293.54,3.98,N,0
40.37936,-121.08632,306.67,0.45,0.39,2021-08-17,1014,N,VIIRS,n,2,293.18,2.67,N,0
40.37948,-121.53032,309.11,0.44,0.38,2021-08-17,1014,N,VIIRS,n,2,287.44,14.17,N,0
40.37986,-121.51276,303.45,0.44,0.38,2021-08-17,1014,N,VIIRS,n,2,288.48,1.74,N,0
40.38034,-121.09142,320.95,0.45,0.39,2021-08-17,1014,N,VIIRS,n,2,297.19,2.67,N,0
40.3806,-121.49719,345.41,0.44,0.38,2021-08-17,1014,N,VIIRS,n,2,294.17,7.55,N,0
40.38092,-121.51845,323.79,0.44,0.38,2021-08-17,1014,N,VIIRS,n,2,295.09,2.8,N,0
40.38126,-121.38335,325.02,0.44,0.39,2021-08-17,1014,N,VIIRS,n,2,295.46,3.28,N,0
40.38132,-121.09653,327.31,0.45,0.39,2021-08-17,1014,N,VIIRS,n,2,298.84,5.51,N,0
40.38148,-121.50188,311.7,0.44,0.38,2021-08-17,1014,N,VIIRS,n,2,290.45,7.55,N,0
40.38188,-121.08008,302.75,0.45,0.39,2021-08-17,1014,N,VIIRS,n,2,292.22,1.76,N,0
40.38195,-121.52391,331.78,0.44,0.38,2021-08-17,1014,N,VIIRS,n,2,295.37,2.8,N,0
40.38223,-121.38855,299.23,0.44,0.39,2021-08-17,1014,N,VIIRS,n,2,288.47,2.12,N,0
40.38286,-121.08514,319.59,0.45,0.39,2021-08-17,1014,N,VIIRS,n,2,296.67,2.67,N,0
40.38385,-121.09026,325.11,0.45,0.39,2021-08-17,1014,N,VIIRS,n,2,298.84,2.67,N,0
40.38409,-121.49629,326.21,0.44,0.38,2021-08-17,1014,N,VIIRS,n,2,290.99,3.42,N,0
40.38434,-121.51714,321.12,0.44,0.38,2021-08-17,1014,N,VIIRS,n,2,290.57,2.8,N,0
40.38473,-121.38227,314.43,0.44,0.39,2021-08-17,1014,N,VIIRS,n,2,291.7,1.62,N,0
40.38483,-121.09541,337.59,0.45,0.39,2021-08-17,1014,N,VIIRS,n,2,296.71,5.51,N,0
40.38538,-121.52271,328.78,0.44,0.38,2021-08-17,1014,N,VIIRS,n,2,296.64,2.8,N,0
40.38538,-121.0789,302.82,0.45,0.39,2021-08-17,1014,N,VIIRS,n,2,292.32,1.52,N,0
40.38571,-121.38749,322.93,0.44,0.39,2021-08-17,1014,N,VIIRS,n,2,289.66,1.95,N,0
40.38594,-121.34949,299.28,0.44,0.39,2021-08-17,1014,N,VIIRS,n,2,289.06,0.52,N,0
40.38624,-121.35338,300.6,0.44,0.39,2021-08-17,1014,N,VIIRS,n,2,289.01,0.88,N,0
40.38636,-121.08397,316.92,0.45,0.39,2021-08-17,1014,N,VIIRS,n,2,295.19,3.55,N,0
40.38683,-121.10577,298.73,0.45,0.39,2021-08-17,1014,N,VIIRS,n,2,287.41,0.49,N,0
40.38735,-121.0891,323.31,0.45,0.39,2021-08-17,1014,N,VIIRS,n,2,296.13,3.55,N,0
40.38735,-121.05038,300.42,0.45,0.39,2021-08-17,1014,N,VIIRS,n,2,289.55,1.33,N,0
40.38778,-121.51589,315.74,0.44,0.38,2021-08-17,1014,N,VIIRS,n,2,290.4,2.71,N,0
40.38794,-121.07285,312.45,0.45,0.39,2021-08-17,1014,N,VIIRS,n,2,291.73,1.52,N,0
40.38822,-121.38123,310.86,0.44,0.39,2021-08-17,1014,N,VIIRS,n,2,291.41,1.62,N,0
40.38835,-121.09432,317.83,0.45,0.39,2021-08-17,1014,N,VIIRS,n,2,289.86,3.78,N,0
40.38883,-121.52154,323.19,0.44,0.38,2021-08-17,1014,N,VIIRS,n,2,296.07,2.71,N,0
40.38889,-121.07777,310.66,0.45,0.39,2021-08-17,1014,N,VIIRS,n,2,293.81,1.52,N,0
40.3892,-121.38647,308.32,0.44,0.39,2021-08-17,1014,N,VIIRS,n,2,290.41,1.95,N,0
40.38987,-121.08285,314.32,0.45,0.39,2021-08-17,1014,N,VIIRS,n,2,294.74,3.55,N,0
40.39012,-121.48936,322.85,0.44,0.38,2021-08-17,1014,N,VIIRS,n,2,287.51,14.14,N,0
40.39025,-121.50956,316.99,0.44,0.38,2021-08-17,1014,N,VIIRS,n,2,291.38,2.72,N,0
40.39047,-121.06664,305.52,0.45,0.39,2021-08-17,1014,N,VIIRS,n,2,290.79,1.78,N,0
40.39087,-121.08804,341.87,0.45,0.39,2021-08-17,1014,N,VIIRS,n,2,296.46,3.55,N,0
40.39105,-121.49427,367,0.44,0.38,2021-08-17,1014,N,VIIRS,h,2,298.07,11.97,N,0
40.39123,-121.51478,324.35,0.44,0.38,2021-08-17,1014,N,VIIRS,n,2,292.5,2.71,N,0
40.39145,-121.07172,305.4,0.45,0.39,2021-08-17,1014,N,VIIRS,n,2,293.93,1.67,N,0
40.39187,-121.09328,326.67,0.45,0.39,2021-08-17,1014,N,VIIRS,n,2,292.72,3.78,N,0
40.39194,-121.49902,350.28,0.44,0.38,2021-08-17,1014,N,VIIRS,n,2,297.78,11.97,N,0
40.39213,-121.38406,306.29,0.44,0.39,2021-08-17,1014,N,VIIRS,n,2,291.15,1.6,N,0
40.39214,-121.40216,319.3,0.44,0.38,2021-08-17,1014,N,VIIRS,n,2,291.67,2.97,N,0
40.39228,-121.5204,327.47,0.44,0.38,2021-08-17,1014,N,VIIRS,n,2,296.93,2.71,N,0
40.39241,-121.07668,310.82,0.45,0.39,2021-08-17,1014,N,VIIRS,n,2,295.5,1.67,N,0
40.39264,-121.48322,351.47,0.44,0.38,2021-08-17,1014,N,VIIRS,n,2,294.06,14.14,N,0
40.39271,-121.38556,320.29,0.44,0.39,2021-08-17,1014,N,VIIRS,n,2,291.99,2.6,N,0
40.39282,-121.5037,341.22,0.44,0.38,2021-08-17,1014,N,VIIRS,n,2,294.15,4,N,0
40.39297,-121.0602,303.79,0.45,0.39,2021-08-17,1014,N,VIIRS,n,2,289.88,1.78,N,0
40.39314,-121.38929,311.18,0.44,0.38,2021-08-17,1014,N,VIIRS,n,2,290.13,4.2,N,0
40.39331,-121.52595,306.38,0.44,0.38,2021-08-17,1014,N,VIIRS,n,2,289.61,2,N,0
40.39338,-121.08174,323.61,0.45,0.39,2021-08-17,1014,N,VIIRS,n,2,296.78,2.95,N,0
40.39359,-121.48831,367,0.44,0.38,2021-08-17,1014,N,VIIRS,h,2,310.1,14.14,N,0
40.39369,-121.39079,302.85,0.44,0.39,2021-08-17,1014,N,VIIRS,n,2,289.54,2.6,N,0
40.39372,-121.50852,320.3,0.44,0.38,2021-08-17,1014,N,VIIRS,n,2,291.74,4,N,0
40.39399,-121.0655,319.41,0.45,0.39,2021-08-17,1014,N,VIIRS,n,2,295.59,1.78,N,0
40.39412,-121.39445,320.78,0.44,0.38,2021-08-17,1014,N,VIIRS,n,2,293.56,4.2,N,0
40.39417,-121.47177,332.49,0.44,0.38,2021-08-17,1014,N,VIIRS,n,2,288.18,25.28,N,0
40.39439,-121.08698,316.31,0.45,0.39,2021-08-17,1014,N,VIIRS,n,2,293.29,2.95,N,0
40.39451,-121.49322,339.37,0.44,0.38,2021-08-17,1014,N,VIIRS,n,2,300.82,11.97,N,0
40.39465,-121.39594,325.06,0.44,0.38,2021-08-17,1014,N,VIIRS,n,2,294.62,4.03,N,0
40.39468,-121.51366,334.87,0.44,0.38,2021-08-17,1014,N,VIIRS,n,2,295.54,4.67,N,0
40.39496,-121.07058,308.84,0.45,0.39,2021-08-17,1014,N,VIIRS,n,2,293.38,1.67,N,0
40.39512,-121.39966,314.05,0.44,0.38,2021-08-17,1014,N,VIIRS,n,2,293.37,2.27,N,0
40.39514,-121.47697,350.04,0.44,0.38,2021-08-17,1014,N,VIIRS,n,2,291.86,25.28,N,0
40.39541,-121.49799,334.01,0.44,0.38,2021-08-17,1014,N,VIIRS,n,2,299.56,11.97,N,0
40.39563,-121.4012,320.13,0.44,0.38,2021-08-17,1014,N,VIIRS,n,2,292.62,4.03,N,0
40.39573,-121.51929,331.27,0.44,0.38,2021-08-17,1014,N,VIIRS,n,2,297.97,4.67,N,0
40.39592,-121.07557,311.74,0.45,0.39,2021-08-17,1014,N,VIIRS,n,2,294.5,1.67,N,0
40.39611,-121.48215,350.7,0.44,0.38,2021-08-17,1014,N,VIIRS,n,2,305.36,7.56,N,0
40.39613,-121.40491,311.9,0.44,0.38,2021-08-17,1014,N,VIIRS,n,2,289.56,2.27,N,0
40.39621,-121.38459,301.14,0.44,0.39,2021-08-17,1014,N,VIIRS,n,2,290.42,2.6,N,0
40.39629,-121.50266,329.42,0.44,0.38,2021-08-17,1014,N,VIIRS,n,2,297.09,4,N,0
40.39663,-121.38834,328.02,0.44,0.38,2021-08-17,1014,N,VIIRS,n,2,292.61,4.2,N,0
40.39677,-121.52486,318.68,0.44,0.38,2021-08-17,1014,N,VIIRS,n,2,292.32,3.55,N,0
40.39689,-121.08065,326.17,0.45,0.39,2021-08-17,1014,N,VIIRS,n,2,298.9,2.95,N,0
40.39707,-121.48729,334.14,0.44,0.38,2021-08-17,1014,N,VIIRS,n,2,299.16,7.56,N,0
40.39718,-121.38981,341.84,0.44,0.39,2021-08-17,1014,N,VIIRS,n,2,293.92,2.6,N,0
40.3972,-121.50754,329.33,0.44,0.38,2021-08-17,1014,N,VIIRS,n,2,293.24,4,N,0
40.39726,-121.02431,299.76,0.45,0.39,2021-08-17,1014,N,VIIRS,n,2,286.74,0.8,N,0
40.39749,-121.06434,319.7,0.45,0.39,2021-08-17,1014,N,VIIRS,n,2,294.68,2.26,N,0
40.39761,-121.39346,350.61,0.44,0.38,2021-08-17,1014,N,VIIRS,n,2,295.96,4.2,N,0
40.39764,-121.47076,329,0.44,0.38,2021-08-17,1014,N,VIIRS,n,2,300.24,25.28,N,0
40.39791,-121.08594,315.63,0.45,0.39,2021-08-17,1014,N,VIIRS,n,2,292.14,2.95,N,0
40.39799,-121.49221,333.67,0.44,0.38,2021-08-17,1014,N,VIIRS,n,2,298.31,5.51,N,0
40.39814,-121.39494,340.05,0.44,0.38,2021-08-17,1014,N,VIIRS,n,2,296.38,4.03,N,0
40.39815,-121.51259,333.95,0.44,0.38,2021-08-17,1014,N,VIIRS,n,2,296.59,4.67,N,0
40.39828,-121.0296,297.08,0.45,0.39,2021-08-17,1014,N,VIIRS,n,2,286.3,0.8,N,0
40.39846,-121.06942,314.96,0.45,0.39,2021-08-17,1014,N,VIIRS,n,2,295.8,3.76,N,0
40.39861,-121.47595,352.53,0.44,0.38,2021-08-17,1014,N,VIIRS,n,2,310.26,25.28,N,0
40.39861,-121.39866,317.16,0.44,0.38,2021-08-17,1014,N,VIIRS,n,2,295.52,2.27,N,0
40.3989,-121.49707,332.37,0.44,0.38,2021-08-17,1014,N,VIIRS,n,2,298.15,5.51,N,0
40.39893,-121.09125,300.27,0.45,0.39,2021-08-17,1014,N,VIIRS,n,2,289.26,2.14,N,0
40.39912,-121.40021,327.57,0.44,0.38,2021-08-17,1014,N,VIIRS,n,2,295.38,4.03,N,0
40.39919,-121.51817,339.14,0.44,0.38,2021-08-17,1014,N,VIIRS,n,2,299.42,4.67,N,0
40.39943,-121.07445,325.82,0.45,0.39,2021-08-17,1014,N,VIIRS,n,2,297.14,3.76,N,0
40.39958,-121.48112,350.54,0.44,0.38,2021-08-17,1014,N,VIIRS,n,2,304.63,7.56,N,0
40.39963,-121.40396,322.53,0.44,0.38,2021-08-17,1014,N,VIIRS,n,2,291.36,2.27,N,0
40.3998,-121.50188,321.64,0.44,0.38,2021-08-17,1014,N,VIIRS,n,2,294.62,3.15,N,0
40.39997,-121.05785,305.9,0.45,0.39,2021-08-17,1014,N,VIIRS,n,2,289.58,2.26,N,0
40.40012,-121.4055,303.88,0.44,0.38,2021-08-17,1014,N,VIIRS,n,2,288.4,2.14,N,0
40.40016,-121.46465,314.46,0.44,0.38,2021-08-17,1014,N,VIIRS,n,2,288.43,9.51,N,0
40.40023,-121.52377,344.13,0.44,0.38,2021-08-17,1014,N,VIIRS,n,2,301.11,3.55,N,0
40.40042,-121.0796,334.05,0.45,0.39,2021-08-17,1014,N,VIIRS,n,2,297.92,3.96,N,0
40.40054,-121.48624,327.22,0.44,0.38,2021-08-17,1014,N,VIIRS,n,2,295.61,7.56,N,0
40.40071,-121.5067,328.81,0.44,0.38,2021-08-17,1014,N,VIIRS,n,2,296.57,3.15,N,0
40.40099,-121.06318,315.32,0.45,0.39,2021-08-17,1014,N,VIIRS,n,2,294.65,2.26,N,0
40.4011,-121.39243,339.92,0.44,0.38,2021-08-17,1014,N,VIIRS,n,2,297.23,2.81,N,0
40.40113,-121.46978,367,0.44,0.38,2021-08-17,1014,N,VIIRS,h,2,301.69,14.34,N,0
40.40123,-121.52916,301.37,0.44,0.38,2021-08-17,1014,N,VIIRS,n,2,287.88,3.55,N,0
40.40144,-121.0849,326.02,0.45,0.39,2021-08-17,1014,N,VIIRS,n,2,293.77,3.96,N,0
40.40147,-121.49123,346.42,0.44,0.38,2021-08-17,1014,N,VIIRS,n,2,302,5.51,N,0
40.40163,-121.5116,343.53,0.44,0.38,2021-08-17,1014,N,VIIRS,n,2,299.37,4.64,N,0
40.40197,-121.06824,321.28,0.45,0.39,2021-08-17,1014,N,VIIRS,n,2,296.88,3.76,N,0
40.4021,-121.47495,354.03,0.44,0.38,2021-08-17,1014,N,VIIRS,n,2,300.06,14.34,N,0
40.4021,-121.39765,307.94,0.44,0.38,2021-08-17,1014,N,VIIRS,n,2,292.29,1.75,N,0
40.40239,-121.49615,333.96,0.44,0.38,2021-08-17,1014,N,VIIRS,n,2,297.3,5.51,N,0
40.40264,-121.51707,335.46,0.44,0.38,2021-08-17,1014,N,VIIRS,n,2,298.89,4.64,N,0
40.4028,-121.03371,297.34,0.45,0.39,2021-08-17,1014,N,VIIRS,n,2,286.73,0.98,N,0
40.40294,-121.07331,339.23,0.45,0.39,2021-08-17,1014,N,VIIRS,n,2,300.72,3.76,N,0
40.40305,-121.4801,334.82,0.44,0.38,2021-08-17,1014,N,VIIRS,n,2,298.15,5.06,N,0
40.40312,-121.40298,319.99,0.44,0.38,2021-08-17,1014,N,VIIRS,n,2,291.55,1.75,N,0
40.40332,-121.50106,328.78,0.44,0.38,2021-08-17,1014,N,VIIRS,n,2,296.04,3.15,N,0
40.40358,-121.38614,303.3,0.44,0.38,2021-08-17,1014,N,VIIRS,n,2,289.97,2.81,N,0
40.40365,-121.46367,354.29,0.44,0.38,2021-08-17,1014,N,VIIRS,n,2,294.22,9.51,N,0
40.40369,-121.5227,344.62,0.44,0.38,2021-08-17,1014,N,VIIRS,n,2,303.74,6.29,N,0
40.40393,-121.07851,335.73,0.45,0.39,2021-08-17,1014,N,VIIRS,n,2,298.16,3.96,N,0
40.40401,-121.48521,334.18,0.44,0.38,2021-08-17,1014,N,VIIRS,n,2,297.09,5.06,N,0
40.40423,-121.50594,309.93,0.44,0.38,2021-08-17,1014,N,VIIRS,n,2,293.35,3.15,N,0
40.40458,-121.39137,311.43,0.44,0.38,2021-08-17,1014,N,VIIRS,n,2,292.93,2.81,N,0
40.40461,-121.46881,352.88,0.44,0.38,2021-08-17,1014,N,VIIRS,n,2,305.91,14.34,N,0
40.40469,-121.52807,344.93,0.44,0.38,2021-08-17,1014,N,VIIRS,n,2,300.53,6.29,N,0
40.40495,-121.49024,334.54,0.44,0.38,2021-08-17,1014,N,VIIRS,n,2,297.82,5.49,N,0
40.40495,-121.08382,303.1,0.45,0.39,2021-08-17,1014,N,VIIRS,n,2,289.01,3.96,N,0
40.40512,-121.51072,325.31,0.44,0.38,2021-08-17,1014,N,VIIRS,n,2,296.98,4.64,N,0
40.40547,-121.06707,310.01,0.45,0.39,2021-08-17,1014,N,VIIRS,n,2,290.75,2.9,N,0
40.40557,-121.47395,344.05,0.44,0.38,2021-08-17,1014,N,VIIRS,n,2,300.6,14.34,N,0
40.40589,-121.49525,338.44,0.44,0.38,2021-08-17,1014,N,VIIRS,n,2,299.45,5.49,N,0
40.40609,-121.51592,325.24,0.44,0.38,2021-08-17,1014,N,VIIRS,n,2,296.56,4.64,N,0
40.40617,-121.45753,320.29,0.44,0.38,2021-08-17,1014,N,VIIRS,n,2,288.3,19.31,N,0
40.40644,-121.07219,342.73,0.45,0.39,2021-08-17,1014,N,VIIRS,n,2,294.96,2.9,N,0
40.40653,-121.47908,338.3,0.44,0.38,2021-08-17,1014,N,VIIRS,n,2,300,5.06,N,0
40.40661,-121.40194,314.54,0.44,0.38,2021-08-17,1014,N,VIIRS,n,2,290.61,1.75,N,0
40.40683,-121.50028,332.82,0.44,0.38,2021-08-17,1014,N,VIIRS,n,2,296.73,4.38,N,0
40.40687,-121.46107,350.91,0.44,0.38,2021-08-17,1014,N,VIIRS,n,2,298.66,15.93,N,0
40.40712,-121.52144,339.1,0.44,0.38,2021-08-17,1014,N,VIIRS,n,2,301.43,6.29,N,0
40.40713,-121.46268,356.46,0.44,0.38,2021-08-17,1014,N,VIIRS,n,2,303.54,19.31,N,0
40.40745,-121.0774,300.26,0.45,0.39,2021-08-17,1014,N,VIIRS,n,2,288.32,2.37,N,0
40.40748,-121.48419,330.56,0.44,0.38,2021-08-17,1014,N,VIIRS,n,2,296.67,5.06,N,0
40.40775,-121.50523,324.08,0.44,0.38,2021-08-17,1014,N,VIIRS,n,2,294.46,4.38,N,0
40.40784,-121.4662,351.74,0.44,0.38,2021-08-17,1014,N,VIIRS,n,2,304.16,15.93,N,0
40.40808,-121.46778,351.34,0.44,0.38,2021-08-17,1014,N,VIIRS,n,2,304.93,7.23,N,0
40.40813,-121.52685,334.41,0.44,0.38,2021-08-17,1014,N,VIIRS,n,2,300.02,6.29,N,0
40.40843,-121.48926,341.31,0.44,0.38,2021-08-17,1014,N,VIIRS,n,2,299.66,5.49,N,0
40.40863,-121.50991,312.95,0.44,0.38,2021-08-17,1014,N,VIIRS,n,2,294.32,2.1,N,0
40.40868,-121.45131,312.92,0.44,0.38,2021-08-17,1014,N,VIIRS,n,2,287.38,3.39,N,0
40.40882,-121.47131,347.28,0.44,0.38,2021-08-17,1014,N,VIIRS,n,2,303.21,6.34,N,0
40.40905,-121.47292,340.7,0.44,0.38,2021-08-17,1014,N,VIIRS,n,2,301.1,7.23,N,0
40.40912,-121.5322,305.29,0.44,0.38,2021-08-17,1014,N,VIIRS,n,2,289.06,2.72,N,0
40.40936,-121.45489,350.89,0.44,0.38,2021-08-17,1014,N,VIIRS,n,2,297.13,23.58,N,0
40.40938,-121.49437,332.43,0.44,0.38,2021-08-17,1014,N,VIIRS,n,2,296.62,5.49,N,0
40.40955,-121.51482,315.94,0.44,0.38,2021-08-17,1014,N,VIIRS,n,2,294.46,2.1,N,0
40.40965,-121.4565,367,0.44,0.38,2021-08-17,1014,N,VIIRS,h,2,304.21,19.31,N,0
40.4098,-121.47643,339.37,0.44,0.38,2021-08-17,1014,N,VIIRS,n,2,299.64,6.34,N,0
40.40996,-121.07106,302.23,0.45,0.39,2021-08-17,1014,N,VIIRS,n,2,289.77,2.9,N,0
40.41,-121.47804,338.81,0.44,0.38,2021-08-17,1014,N,VIIRS,n,2,299.51,5.48,N,0
40.41008,-121.40086,304.25,0.44,0.38,2021-08-17,1014,N,VIIRS,n,2,289.34,1.19,N,0
40.41034,-121.4995,325.76,0.44,0.38,2021-08-17,1014,N,VIIRS,n,2,294.79,4.38,N,0
40.41034,-121.46007,367,0.44,0.38,2021-08-17,1014,N,VIIRS,h,2,310.4,15.93,N,0
40.41055,-121.5202,316.77,0.44,0.38,2021-08-17,1014,N,VIIRS,n,2,294.52,3.66,N,0
40.41061,-121.46166,355.92,0.44,0.38,2021-08-17,1014,N,VIIRS,n,2,308.52,19.31,N,0
40.41077,-121.48154,338.49,0.44,0.38,2021-08-17,1014,N,VIIRS,n,2,299.3,5.1,N,0
40.41095,-121.48316,340.26,0.44,0.38,2021-08-17,1014,N,VIIRS,n,2,299.06,5.48,N,0
40.41111,-121.40627,314.23,0.44,0.38,2021-08-17,1014,N,VIIRS,n,2,291.51,3.02,N,0
40.41129,-121.50455,340.71,0.44,0.38,2021-08-17,1014,N,VIIRS,n,2,298.62,4.38,N,0
40.41133,-121.4652,345.91,0.44,0.38,2021-08-17,1014,N,VIIRS,n,2,302.74,15.93,N,0
40.41155,-121.5256,334.74,0.44,0.38,2021-08-17,1014,N,VIIRS,n,2,300.1,3.66,N,0
40.41157,-121.46679,337.87,0.44,0.38,2021-08-17,1014,N,VIIRS,n,2,300.33,7.23,N,0
40.41174,-121.48663,336.9,0.44,0.38,2021-08-17,1014,N,VIIRS,n,2,298.25,5.1,N,0
40.41183,-121.4486,312.9,0.44,0.38,2021-08-17,1014,N,VIIRS,n,2,288.01,19.13,N,0
40.41191,-121.48826,336.13,0.44,0.38,2021-08-17,1014,N,VIIRS,n,2,297.64,5.04,N,0
40.41215,-121.50916,313.67,0.44,0.38,2021-08-17,1014,N,VIIRS,n,2,293.35,2.1,N,0
40.4123,-121.4703,334.12,0.44,0.38,2021-08-17,1014,N,VIIRS,n,2,298.83,6.34,N,0
40.41252,-121.47189,339.49,0.44,0.38,2021-08-17,1014,N,VIIRS,n,2,299.57,7.23,N,0
40.41256,-121.53106,335.78,0.44,0.38,2021-08-17,1014,N,VIIRS,n,2,297.02,5.16,N,0
40.41272,-121.4918,339.2,0.44,0.38,2021-08-17,1014,N,VIIRS,n,2,299.17,4.72,N,0
40.41283,-121.45383,355.26,0.44,0.38,2021-08-17,1014,N,VIIRS,n,2,316.3,19.13,N,0
40.41287,-121.49346,340.53,0.44,0.38,2021-08-17,1014,N,VIIRS,n,2,299.79,5.04,N,0
40.41304,-121.51392,315.91,0.44,0.38,2021-08-17,1014,N,VIIRS,n,2,294.48,2.1,N,0
40.41327,-121.47542,340.14,0.44,0.38,2021-08-17,1014,N,VIIRS,n,2,298.89,6.34,N,0
40.41348,-121.47704,335.51,0.44,0.38,2021-08-17,1014,N,VIIRS,n,2,298.32,5.48,N,0
40.41372,-121.49703,337.06,0.44,0.38,2021-08-17,1014,N,VIIRS,n,2,298.07,4.72,N,0
40.41382,-121.45903,367,0.44,0.38,2021-08-17,1014,N,VIIRS,h,2,307.21,10.65,N,0
40.41385,-121.49873,330.06,0.44,0.38,2021-08-17,1014,N,VIIRS,n,2,295.23,4.27,N,0
40.41399,-121.519,322.78,0.44,0.38,2021-08-17,1014,N,VIIRS,n,2,295.45,3.66,N,0
40.41425,-121.48053,330.77,0.44,0.38,2021-08-17,1014,N,VIIRS,n,2,297.12,5.1,N,0
40.41434,-121.44248,323.49,0.44,0.38,2021-08-17,1014,N,VIIRS,n,2,287.6,4.2,N,0
40.41443,-121.48215,329.58,0.44,0.38,2021-08-17,1014,N,VIIRS,n,2,295.9,5.48,N,0
40.41472,-121.50224,334.84,0.44,0.38,2021-08-17,1014,N,VIIRS,n,2,295.48,3.75,N,0
40.4148,-121.46418,350.39,0.44,0.38,2021-08-17,1014,N,VIIRS,n,2,302.34,10.65,N,0
40.41481,-121.50382,338.97,0.44,0.38,2021-08-17,1014,N,VIIRS,n,2,298.27,4.27,N,0
40.4149,-121.05793,304.93,0.45,0.39,2021-08-17,1014,N,VIIRS,n,2,286.93,1.59,N,0
40.41499,-121.52435,329.22,0.44,0.38,2021-08-17,1014,N,VIIRS,n,2,297.32,3.66,N,0
40.41523,-121.48568,331.32,0.44,0.38,2021-08-17,1014,N,VIIRS,n,2,296.06,5.1,N,0
40.41531,-121.44759,367,0.44,0.38,2021-08-17,1014,N,VIIRS,h,2,303.03,19.13,N,0
40.4154,-121.48734,330.04,0.44,0.38,2021-08-17,1014,N,VIIRS,n,2,296.43,5.04,N,0
40.41561,-121.41055,329.57,0.44,0.38,2021-08-17,1014,N,VIIRS,n,2,291.1,3.02,N,0
40.41563,-121.50704,327.9,0.44,0.38,2021-08-17,1014,N,VIIRS,n,2,295.67,3.75,N,0
40.41569,-121.50854,322.67,0.44,0.38,2021-08-17,1014,N,VIIRS,n,2,294.52,2.62,N,0
40.41577,-121.46928,344.11,0.44,0.38,2021-08-17,1014,N,VIIRS,n,2,300.09,7.37,N,0
40.41599,-121.52979,331.96,0.44,0.38,2021-08-17,1014,N,VIIRS,n,2,298.17,5.16,N,0
40.41623,-121.49092,332.92,0.44,0.38,2021-08-17,1014,N,VIIRS,n,2,297.12,4.72,N,0
40.41631,-121.45281,354.89,0.44,0.38,2021-08-17,1014,N,VIIRS,n,2,305.42,19.13,N,0
40.41638,-121.49263,331.8,0.44,0.38,2021-08-17,1014,N,VIIRS,n,2,296,5.04,N,0
40.4165,-121.51167,318.88,0.44,0.38,2021-08-17,1014,N,VIIRS,n,2,294.29,2.6,N,0
40.41656,-121.51322,319.94,0.44,0.38,2021-08-17,1014,N,VIIRS,n,2,295.28,2.62,N,0
40.4166,-121.41571,326.14,0.44,0.38,2021-08-17,1014,N,VIIRS,n,2,287.23,3.44,N,0
40.41675,-121.47441,340.17,0.44,0.38,2021-08-17,1014,N,VIIRS,n,2,299,7.37,N,0
40.41725,-121.49625,324.67,0.44,0.38,2021-08-17,1014,N,VIIRS,n,2,293.92,4.72,N,0
40.4173,-121.45799,351.09,0.44,0.38,2021-08-17,1014,N,VIIRS,n,2,304.4,10.65,N,0
40.41737,-121.49796,325.86,0.44,0.38,2021-08-17,1014,N,VIIRS,n,2,294.04,4.27,N,0
40.41741,-121.51644,323.36,0.44,0.38,2021-08-17,1014,N,VIIRS,n,2,296.49,2.6,N,0
40.41747,-121.51803,321.22,0.44,0.38,2021-08-17,1014,N,VIIRS,n,2,295.83,3.13,N,0
40.41773,-121.47955,327.76,0.44,0.38,2021-08-17,1014,N,VIIRS,n,2,295.46,4.51,N,0
40.41784,-121.44156,329.28,0.44,0.38,2021-08-17,1014,N,VIIRS,n,2,289.25,3.88,N,0
40.41825,-121.5015,329.09,0.44,0.38,2021-08-17,1014,N,VIIRS,n,2,293.43,3.75,N,0
40.41827,-121.46311,353.35,0.44,0.38,2021-08-17,1014,N,VIIRS,n,2,303.63,10.65,N,0
40.41833,-121.50314,329.19,0.44,0.38,2021-08-17,1014,N,VIIRS,n,2,294.55,4.27,N,0
40.41835,-121.52137,322.53,0.44,0.38,2021-08-17,1014,N,VIIRS,n,2,295.87,3.72,N,0
40.41841,-121.52312,328.87,0.44,0.38,2021-08-17,1014,N,VIIRS,n,2,297.43,3.13,N,0
40.41872,-121.48473,328.87,0.44,0.38,2021-08-17,1014,N,VIIRS,n,2,295.31,4.51,N,0
40.4188,-121.44665,367,0.44,0.38,2021-08-17,1014,N,VIIRS,h,2,315.51,26.85,N,0
40.41907,-121.40937,319.33,0.44,0.38,2021-08-17,1014,N,VIIRS,n,2,292.34,1.53,N,0
40.41911,-121.11894,304.47,0.45,0.39,2021-08-17,1014,N,VIIRS,n,2,287.31,1.06,N,0
40.41919,-121.50642,316.05,0.44,0.38,2021-08-17,1014,N,VIIRS,n,2,293.3,3.75,N,0
40.41923,-121.50794,315.5,0.44,0.38,2021-08-17,1014,N,VIIRS,n,2,293.41,2.62,N,0
40.41925,-121.46825,349.76,0.44,0.38,2021-08-17,1014,N,VIIRS,n,2,302.05,7.37,N,0
40.41936,-121.52667,329.67,0.44,0.38,2021-08-17,1014,N,VIIRS,n,2,298.29,3.72,N,0
40.41942,-121.52852,328.23,0.44,0.38,2021-08-17,1014,N,VIIRS,n,2,298.08,3.65,N,0
40.41973,-121.49004,335.32,0.44,0.38,2021-08-17,1014,N,VIIRS,n,2,295.99,4.47,N,0
40.41979,-121.45181,367,0.44,0.38,2021-08-17,1014,N,VIIRS,h,2,309.9,26.85,N,0
40.42006,-121.51106,320.51,0.44,0.38,2021-08-17,1014,N,VIIRS,n,2,294.34,2.6,N,0
40.42006,-121.41457,319.33,0.44,0.38,2021-08-17,1014,N,VIIRS,n,2,289.96,1.63,N,0
40.42006,-121.12391,307.76,0.45,0.39,2021-08-17,1014,N,VIIRS,n,2,288.41,1.06,N,0
40.4201,-121.51257,314.08,0.44,0.38,2021-08-17,1014,N,VIIRS,n,2,293.02,2.62,N,0
40.42023,-121.4734,339.44,0.44,0.38,2021-08-17,1014,N,VIIRS,n,2,299.19,7.37,N,0
40.4204,-121.53215,323.59,0.44,0.38,2021-08-17,1014,N,VIIRS,n,2,295.91,3.04,N,0
40.42043,-121.53402,311.84,0.44,0.38,2021-08-17,1014,N,VIIRS,n,2,290.75,3.65,N,0
40.42077,-121.49548,324.67,0.44,0.38,2021-08-17,1014,N,VIIRS,n,2,292.23,4.47,N,0
40.42077,-121.45696,351.99,0.44,0.38,2021-08-17,1014,N,VIIRS,n,2,304.19,7.31,N,0
40.42093,-121.51568,311.19,0.44,0.38,2021-08-17,1014,N,VIIRS,n,2,293.49,2.6,N,0
40.42097,-121.5172,315.31,0.44,0.38,2021-08-17,1014,N,VIIRS,n,2,295.03,3.13,N,0
40.42121,-121.47855,336.78,0.44,0.38,2021-08-17,1014,N,VIIRS,n,2,298.31,4.51,N,0
40.42133,-121.4406,301.61,0.44,0.38,2021-08-17,1014,N,VIIRS,n,2,286.96,3.88,N,0
40.42148,-121.40276,303.43,0.44,0.38,2021-08-17,1014,N,VIIRS,n,2,290.9,1.53,N,0
40.42165,-121.11281,299.7,0.45,0.39,2021-08-17,1014,N,VIIRS,n,2,287.18,1.9,N,0
40.42175,-121.4621,336.06,0.44,0.38,2021-08-17,1014,N,VIIRS,n,2,298.32,7.31,N,0
40.42178,-121.50075,324.81,0.44,0.38,2021-08-17,1014,N,VIIRS,n,2,291.34,2.27,N,0
40.42182,-121.52038,322.58,0.44,0.38,2021-08-17,1014,N,VIIRS,n,2,297.21,3.72,N,0
40.42186,-121.52197,321.36,0.44,0.38,2021-08-17,1014,N,VIIRS,n,2,296,3.13,N,0
40.4222,-121.48375,333.79,0.44,0.38,2021-08-17,1014,N,VIIRS,n,2,295.92,4.51,N,0
40.4223,-121.44568,351.3,0.44,0.38,2021-08-17,1014,N,VIIRS,n,2,313.41,26.85,N,0
40.42249,-121.40806,305.2,0.44,0.38,2021-08-17,1014,N,VIIRS,n,2,290.06,1.53,N,0
40.42272,-121.50571,314.96,0.44,0.38,2021-08-17,1014,N,VIIRS,n,2,291.37,2.27,N,0
40.42273,-121.46722,350.78,0.44,0.38,2021-08-17,1014,N,VIIRS,n,2,302.77,10.26,N,0
40.4228,-121.52553,331.19,0.44,0.38,2021-08-17,1014,N,VIIRS,n,2,297.69,3.72,N,0
40.42285,-121.52733,332.63,0.44,0.38,2021-08-17,1014,N,VIIRS,n,2,298.57,3.65,N,0
40.42322,-121.48907,331.97,0.44,0.38,2021-08-17,1014,N,VIIRS,n,2,295.76,4.47,N,0
40.42328,-121.45083,353.62,0.44,0.38,2021-08-17,1014,N,VIIRS,n,2,308.18,26.85,N,0
40.42349,-121.41328,303.26,0.44,0.38,2021-08-17,1014,N,VIIRS,n,2,288.34,1.63,N,0
40.4236,-121.51038,332.92,0.44,0.38,2021-08-17,1014,N,VIIRS,n,2,295.59,3.93,N,0
40.42371,-121.47237,343.49,0.44,0.38,2021-08-17,1014,N,VIIRS,n,2,297.23,10.26,N,0
40.42383,-121.53092,328.68,0.44,0.38,2021-08-17,1014,N,VIIRS,n,2,297.21,3.04,N,0
40.42386,-121.53279,326.95,0.44,0.38,2021-08-17,1014,N,VIIRS,n,2,296.06,3.65,N,0
40.42426,-121.45601,345.9,0.44,0.38,2021-08-17,1014,N,VIIRS,n,2,300.99,7.31,N,0
40.42427,-121.49456,331.45,0.44,0.38,2021-08-17,1014,N,VIIRS,n,2,293.56,4.47,N,0
40.42446,-121.51494,311.47,0.44,0.38,2021-08-17,1014,N,VIIRS,n,2,293.54,3.93,N,0
40.42469,-121.47752,337.78,0.44,0.38,2021-08-17,1014,N,VIIRS,n,2,297.2,7.41,N,0
40.42482,-121.43961,311.92,0.44,0.38,2021-08-17,1014,N,VIIRS,n,2,288.24,4.49,N,0
40.42489,-121.53645,301.96,0.44,0.38,2021-08-17,1014,N,VIIRS,n,2,288.8,3.04,N,0
40.42513,-121.11156,320.98,0.45,0.39,2021-08-17,1014,N,VIIRS,n,2,289.47,1.9,N,0
40.42524,-121.46112,339.32,0.44,0.38,2021-08-17,1014,N,VIIRS,n,2,299.16,7.31,N,0
40.42527,-121.49986,317,0.44,0.38,2021-08-17,1014,N,VIIRS,n,2,288.89,2.27,N,0
40.42532,-121.5195,328.98,0.44,0.38,2021-08-17,1014,N,VIIRS,n,2,298.98,3.5,N,0
40.42568,-121.48274,328.9,0.44,0.38,2021-08-17,1014,N,VIIRS,n,2,294.36,7.41,N,0
40.42578,-121.44469,349.34,0.44,0.38,2021-08-17,1014,N,VIIRS,n,2,318.55,27.55,N,0
40.4259,-121.40664,308.17,0.44,0.38,2021-08-17,1014,N,VIIRS,n,2,291.99,2.33,N,0
40.42621,-121.46622,348.88,0.44,0.38,2021-08-17,1014,N,VIIRS,n,2,301.13,10.26,N,0
40.42624,-121.50488,307.33,0.44,0.38,2021-08-17,1014,N,VIIRS,n,2,288.1,2.27,N,0
40.42627,-121.52448,326.81,0.44,0.38,2021-08-17,1014,N,VIIRS,n,2,296.19,3.5,N,0
40.42658,-121.09964,302.88,0.45,0.39,2021-08-17,1014,N,VIIRS,n,2,287.33,1.15,N,0
40.42669,-121.48804,332.15,0.44,0.38,2021-08-17,1014,N,VIIRS,n,2,294.15,6.97,N,0
40.42677,-121.44984,354.66,0.44,0.38,2021-08-17,1014,N,VIIRS,n,2,306.86,27.55,N,0
40.4268,-121.3146,312.43,0.44,0.39,2021-08-17,1014,N,VIIRS,n,2,288.73,1.15,N,0
40.4269,-121.41187,324.01,0.44,0.38,2021-08-17,1014,N,VIIRS,n,2,289.73,6.97,N,0
40.42712,-121.50961,341.57,0.44,0.38,2021-08-17,1014,N,VIIRS,n,2,296.04,3.93,N,0
40.42718,-121.47134,367,0.44,0.38,2021-08-17,1014,N,VIIRS,h,2,310.81,10.26,N,0
40.42727,-121.52972,323.49,0.44,0.38,2021-08-17,1014,N,VIIRS,n,2,295.68,2.95,N,0
40.42731,-121.43343,328.46,0.44,0.38,2021-08-17,1014,N,VIIRS,n,2,288.29,4.49,N,0
40.4274,-121.06486,296.22,0.45,0.39,2021-08-17,1014,N,VIIRS,n,2,284.47,1.06,N,0
40.42759,-121.10495,297.01,0.45,0.39,2021-08-17,1014,N,VIIRS,n,2,285.18,1.67,N,0
40.4277,-121.31934,299.9,0.44,0.39,2021-08-17,1014,N,VIIRS,n,2,288.27,1.15,N,0
40.42775,-121.49358,334.43,0.44,0.38,2021-08-17,1014,N,VIIRS,n,2,294.94,6.97,N,0
40.42776,-121.45506,341.5,0.44,0.38,2021-08-17,1014,N,VIIRS,n,2,299.08,7.73,N,0
40.42786,-121.41695,305.93,0.44,0.38,2021-08-17,1014,N,VIIRS,n,2,287.22,6.97,N,0
40.42799,-121.51419,317.74,0.44,0.38,2021-08-17,1014,N,VIIRS,n,2,292.31,3.93,N,0
40.42816,-121.4765,346.76,0.44,0.38,2021-08-17,1014,N,VIIRS,n,2,298.94,7.41,N,0
40.4283,-121.43861,332.78,0.44,0.38,2021-08-17,1014,N,VIIRS,n,2,291.28,4.49,N,0
40.42832,-121.53526,312.12,0.44,0.38,2021-08-17,1014,N,VIIRS,n,2,290.96,2.95,N,0
40.42873,-121.46017,330.15,0.44,0.38,2021-08-17,1014,N,VIIRS,n,2,295.38,7.73,N,0
40.42877,-121.49895,309.49,0.44,0.38,2021-08-17,1014,N,VIIRS,n,2,287.28,1.94,N,0
40.42881,-121.422,301.87,0.44,0.38,2021-08-17,1014,N,VIIRS,n,2,286.87,34.64,N,0
40.42884,-121.51872,326.76,0.44,0.38,2021-08-17,1014,N,VIIRS,n,2,297.2,3.5,N,0
40.42915,-121.4817,356.18,0.44,0.38,2021-08-17,1014,N,VIIRS,n,2,301.3,7.41,N,0
40.42927,-121.44369,356.68,0.44,0.38,2021-08-17,1014,N,VIIRS,n,2,312.33,27.55,N,0
40.42931,-121.40526,309.25,0.44,0.38,2021-08-17,1014,N,VIIRS,n,2,293.87,2.33,N,0
40.42942,-121.07545,303.69,0.45,0.39,2021-08-17,1014,N,VIIRS,n,2,287.28,0.97,N,0
40.4297,-121.46527,331.41,0.44,0.38,2021-08-17,1014,N,VIIRS,n,2,296.75,7.02,N,0
40.42973,-121.50401,310.38,0.44,0.38,2021-08-17,1014,N,VIIRS,n,2,288.08,1.94,N,0
40.42975,-121.52353,317.05,0.44,0.38,2021-08-17,1014,N,VIIRS,n,2,293.42,3.5,N,0
40.43005,-121.09833,304.44,0.45,0.39,2021-08-17,1014,N,VIIRS,n,2,287.9,1.15,N,0
40.43015,-121.48695,367,0.44,0.38,2021-08-17,1014,N,VIIRS,h,2,304.4,6.97,N,0
40.43024,-121.44884,367,0.44,0.38,2021-08-17,1014,N,VIIRS,h,2,308.83,27.55,N,0
40.4303,-121.41044,342.74,0.44,0.38,2021-08-17,1014,N,VIIRS,n,2,304.72,6.97,N,0
40.43034,-121.31377,303.76,0.44,0.39,2021-08-17,1014,N,VIIRS,n,2,287.87,3.11,N,0
40.43057,-121.12057,298.67,0.45,0.39,2021-08-17,1014,N,VIIRS,n,2,286.92,1.17,N,0
40.43061,-121.50867,333.34,0.44,0.38,2021-08-17,1014,N,VIIRS,n,2,294.06,4.09,N,0
40.43066,-121.47034,351.71,0.44,0.38,2021-08-17,1014,N,VIIRS,n,2,302.46,7.02,N,0
40.43073,-121.52871,326.82,0.44,0.38,2021-08-17,1014,N,VIIRS,n,2,295.06,2.95,N,0
40.43106,-121.10367,305.23,0.45,0.39,2021-08-17,1014,N,VIIRS,n,2,286.77,1.67,N,0
40.43119,-121.49242,334.25,0.44,0.38,2021-08-17,1014,N,VIIRS,n,2,294.17,6.97,N,0
40.43124,-121.45408,355.88,0.44,0.38,2021-08-17,1014,N,VIIRS,n,2,301.71,7.73,N,0
40.43124,-121.3185,327.43,0.44,0.39,2021-08-17,1014,N,VIIRS,n,2,291.3,3.11,N,0
40.43126,-121.41553,367,0.44,0.38,2021-08-17,1014,N,VIIRS,h,2,307.47,6.97,N,0
40.43147,-121.51323,327.12,0.44,0.38,2021-08-17,1014,N,VIIRS,n,2,294.05,4.09,N,0
40.43163,-121.47545,367,0.44,0.38,2021-08-17,1014,N,VIIRS,h,2,304.68,17.94,N,0
40.43174,-121.39872,305.51,0.44,0.38,2021-08-17,1014,N,VIIRS,n,2,291.97,2.58,N,0
40.43176,-121.43747,353.43,0.44,0.38,2021-08-17,1014,N,VIIRS,n,2,294.64,9.06,N,0
40.43177,-121.5341,322.14,0.44,0.38,2021-08-17,1014,N,VIIRS,n,2,292.27,2.95,N,0
40.43207,-121.10896,327.94,0.45,0.39,2021-08-17,1014,N,VIIRS,n,2,289.67,1.67,N,0
40.4322,-121.4977,321.76,0.44,0.38,2021-08-17,1014,N,VIIRS,n,2,288.85,1.94,N,0
40.43222,-121.42057,332.35,0.44,0.38,2021-08-17,1014,N,VIIRS,n,2,325.32,34.64,N,0
40.43223,-121.45927,342.89,0.44,0.38,2021-08-17,1014,N,VIIRS,n,2,296.19,7.73,N,0
40.43233,-121.51778,319.37,0.44,0.38,2021-08-17,1014,N,VIIRS,n,2,294.37,3.37,N,0
40.4325,-121.13066,302.62,0.45,0.39,2021-08-17,1014,N,VIIRS,n,2,287.12,0.67,N,0
40.43261,-121.4806,367,0.44,0.38,2021-08-17,1014,N,VIIRS,h,2,307.95,17.94,N,0
40.43272,-121.40384,312.62,0.44,0.38,2021-08-17,1014,N,VIIRS,n,2,291.88,2.58,N,0
40.43273,-121.44258,354.99,0.44,0.38,2021-08-17,1014,N,VIIRS,n,2,315.74,25.34,N,0
40.43291,-121.3079,308.06,0.44,0.39,2021-08-17,1014,N,VIIRS,n,2,286.3,1.3,N,0
40.43314,-121.50269,308.22,0.44,0.38,2021-08-17,1014,N,VIIRS,n,2,287.85,1.94,N,0
40.43319,-121.42567,334.97,0.44,0.38,2021-08-17,1014,N,VIIRS,n,2,293.43,34.64,N,0
40.4332,-121.46439,325.44,0.44,0.38,2021-08-17,1014,N,VIIRS,n,2,294.03,7.02,N,0
40.43323,-121.52256,324.37,0.44,0.38,2021-08-17,1014,N,VIIRS,n,2,294.59,3.37,N,0
40.4336,-121.4858,367,0.44,0.38,2021-08-17,1014,N,VIIRS,h,2,306.27,12.37,N,0
40.43369,-121.40895,326.01,0.44,0.38,2021-08-17,1014,N,VIIRS,n,2,293.23,8.69,N,0
40.43372,-121.44778,355.44,0.44,0.38,2021-08-17,1014,N,VIIRS,n,2,308.14,25.34,N,0
40.43383,-121.31277,333.86,0.44,0.39,2021-08-17,1014,N,VIIRS,n,2,291.32,3.11,N,0
40.43403,-121.50742,330.51,0.44,0.38,2021-08-17,1014,N,VIIRS,n,2,293.15,4.09,N,0
40.43415,-121.4694,353.45,0.44,0.38,2021-08-17,1014,N,VIIRS,n,2,303.1,7.02,N,0
40.43421,-121.52773,314.23,0.44,0.38,2021-08-17,1014,N,VIIRS,n,2,291.52,2.2,N,0
40.43461,-121.49113,333.43,0.44,0.38,2021-08-17,1014,N,VIIRS,n,2,293.64,12.37,N,0
40.43466,-121.41405,347.84,0.44,0.38,2021-08-17,1014,N,VIIRS,n,2,306.23,8.69,N,0
40.43473,-121.45311,355.58,0.44,0.38,2021-08-17,1014,N,VIIRS,n,2,301.4,16.37,N,0
40.43474,-121.31754,328.36,0.44,0.39,2021-08-17,1014,N,VIIRS,n,2,293.19,3.11,N,0
40.43491,-121.51202,329.25,0.44,0.38,2021-08-17,1014,N,VIIRS,n,2,295.06,4.09,N,0
40.4351,-121.47441,353.03,0.44,0.38,2021-08-17,1014,N,VIIRS,n,2,302.25,17.94,N,0
40.43517,-121.39739,317.27,0.44,0.38,2021-08-17,1014,N,VIIRS,n,2,294.13,2.58,N,0
40.43519,-121.43619,301.88,0.44,0.38,2021-08-17,1014,N,VIIRS,n,2,287.72,9.06,N,0
40.43523,-121.53307,323.34,0.44,0.38,2021-08-17,1014,N,VIIRS,n,2,292.29,2.2,N,0
40.43562,-121.49641,327.15,0.44,0.38,2021-08-17,1014,N,VIIRS,n,2,292.39,5.09,N,0
40.43562,-121.41914,355.15,0.44,0.38,2021-08-17,1014,N,VIIRS,n,2,315.78,73.07,N,0
40.43573,-121.45837,350.7,0.44,0.38,2021-08-17,1014,N,VIIRS,n,2,298.39,16.37,N,0
40.43579,-121.51673,324.38,0.44,0.38,2021-08-17,1014,N,VIIRS,n,2,294.6,3.37,N,0
40.43607,-121.47951,367,0.44,0.38,2021-08-17,1014,N,VIIRS,h,2,310.1,17.94,N,0
40.43613,-121.40247,334.07,0.44,0.38,2021-08-17,1014,N,VIIRS,n,2,287.95,2.58,N,0
40.43618,-121.44142,353.5,0.44,0.38,2021-08-17,1014,N,VIIRS,n,2,295.83,25.34,N,0
40.43638,-121.30677,328.84,0.44,0.39,2021-08-17,1014,N,VIIRS,n,2,289.04,3.21,N,0
40.43656,-121.5014,327.2,0.44,0.38,2021-08-17,1014,N,VIIRS,n,2,291.98,5.09,N,0
40.4366,-121.4243,347.53,0.44,0.38,2021-08-17,1014,N,VIIRS,n,2,305.05,73.07,N,0
40.43665,-121.38581,304.36,0.44,0.38,2021-08-17,1014,N,VIIRS,n,2,290.68,2.8,N,0
40.43671,-121.46353,345.45,0.44,0.38,2021-08-17,1014,N,VIIRS,n,2,296.13,8.47,N,0
40.43673,-121.52164,331.91,0.44,0.38,2021-08-17,1014,N,VIIRS,n,2,298.85,3.37,N,0
40.43705,-121.48466,353.93,0.44,0.38,2021-08-17,1014,N,VIIRS,n,2,304.63,12.37,N,0
40.4371,-121.40754,329.66,0.44,0.38,2021-08-17,1014,N,VIIRS,n,2,281.48,8.69,N,0
40.43718,-121.44669,367,0.44,0.38,2021-08-17,1014,N,VIIRS,h,2,300.1,25.34,N,0
40.43731,-121.31166,332.8,0.44,0.39,2021-08-17,1014,N,VIIRS,n,2,292.8,2.6,N,0
40.43746,-121.50618,346.27,0.44,0.38,2021-08-17,1014,N,VIIRS,n,2,298.83,4.82,N,0
40.4376,-121.42957,305.62,0.44,0.38,2021-08-17,1014,N,VIIRS,n,2,288.79,4.89,N,0
40.43764,-121.46847,325.83,0.44,0.38,2021-08-17,1014,N,VIIRS,n,2,292.87,8.47,N,0
40.43764,-121.39101,318.1,0.44,0.38,2021-08-17,1014,N,VIIRS,n,2,293.49,2.8,N,0
40.4377,-121.52679,305.57,0.44,0.38,2021-08-17,1014,N,VIIRS,n,2,289.63,2.2,N,0
40.43804,-121.48993,350.96,0.44,0.38,2021-08-17,1014,N,VIIRS,n,2,301.14,12.37,N,0
40.43806,-121.41262,354.74,0.44,0.38,2021-08-17,1014,N,VIIRS,n,2,297.51,8.69,N,0
40.4382,-121.45203,356.23,0.44,0.38,2021-08-17,1014,N,VIIRS,n,2,302.28,16.37,N,0
40.43823,-121.31648,313.72,0.44,0.39,2021-08-17,1014,N,VIIRS,n,2,290.46,2.6,N,0
40.43835,-121.51087,314.74,0.44,0.38,2021-08-17,1014,N,VIIRS,n,2,292.21,4.82,N,0
40.43859,-121.47345,328.84,0.44,0.38,2021-08-17,1014,N,VIIRS,n,2,294.05,5.92,N,0
40.43862,-121.39618,334.5,0.44,0.38,2021-08-17,1014,N,VIIRS,n,2,297.59,4.43,N,0
40.4387,-121.53207,321.18,0.44,0.38,2021-08-17,1014,N,VIIRS,n,2,290.86,2.2,N,0
40.43904,-121.4952,335.56,0.44,0.38,2021-08-17,1014,N,VIIRS,n,2,295.25,5.09,N,0
40.43904,-121.41783,342.48,0.44,0.38,2021-08-17,1014,N,VIIRS,n,2,313.8,73.07,N,0
40.43913,-121.37947,326.32,0.44,0.38,2021-08-17,1014,N,VIIRS,n,2,289.64,2.89,N,0
40.43921,-121.45734,367,0.44,0.38,2021-08-17,1014,N,VIIRS,h,2,302.72,16.37,N,0
40.43927,-121.51576,330.83,0.44,0.38,2021-08-17,1014,N,VIIRS,n,2,296.7,2.57,N,0
40.43954,-121.47849,346.37,0.44,0.38,2021-08-17,1014,N,VIIRS,n,2,298.79,5.92,N,0
40.43959,-121.40128,337.35,0.44,0.38,2021-08-17,1014,N,VIIRS,n,2,288.31,4.43,N,0
40.43963,-121.44025,310.39,0.44,0.38,2021-08-17,1014,N,VIIRS,n,2,288.65,2.94,N,0
40.43982,-121.30547,318.01,0.44,0.39,2021-08-17,1014,N,VIIRS,n,2,289.54,3.21,N,0
40.44001,-121.50027,344.58,0.44,0.38,2021-08-17,1014,N,VIIRS,n,2,297.77,5.09,N,0
40.44004,-121.42307,367,0.44,0.38,2021-08-17,1014,N,VIIRS,h,2,329.29,73.07,N,0
40.44012,-121.38471,331,0.44,0.38,2021-08-17,1014,N,VIIRS,n,2,293.32,2.8,N,0
40.44019,-121.46256,367,0.44,0.38,2021-08-17,1014,N,VIIRS,h,2,302.88,8.47,N,0
40.44023,-121.52084,314.69,0.44,0.38,2021-08-17,1014,N,VIIRS,n,2,294.36,2.57,N,0
40.44051,-121.48362,355.82,0.44,0.38,2021-08-17,1014,N,VIIRS,n,2,304.5,16.54,N,0
40.44056,-121.40639,343.18,0.44,0.38,2021-08-17,1014,N,VIIRS,n,2,284.67,9.09,N,0
40.44075,-121.31037,327.25,0.44,0.39,2021-08-17,1014,N,VIIRS,n,2,293.33,2.6,N,0
40.44093,-121.50514,341.94,0.44,0.38,2021-08-17,1014,N,VIIRS,n,2,298.46,4.82,N,0
40.44106,-121.4284,327.99,0.44,0.38,2021-08-17,1014,N,VIIRS,n,2,289.81,4.89,N,0
40.44112,-121.38993,319.81,0.44,0.38,2021-08-17,1014,N,VIIRS,n,2,293.54,2.8,N,0
40.44115,-121.46761,347.21,0.44,0.38,2021-08-17,1014,N,VIIRS,n,2,297.05,8.47,N,0
40.44121,-121.52599,305.54,0.44,0.38,2021-08-17,1014,N,VIIRS,n,2,289.36,1.7,N,0
40.4415,-121.48882,356.01,0.44,0.38,2021-08-17,1014,N,VIIRS,n,2,306.08,16.54,N,0
40.44153,-121.41154,357.02,0.44,0.38,2021-08-17,1014,N,VIIRS,n,2,292.6,9.09,N,0
40.44164,-121.45084,314.59,0.44,0.38,2021-08-17,1014,N,VIIRS,n,2,288.94,10.36,N,0
40.44169,-121.31529,304.73,0.44,0.39,2021-08-17,1014,N,VIIRS,n,2,287.93,2.6,N,0
40.44183,-121.50993,314.48,0.44,0.38,2021-08-17,1014,N,VIIRS,n,2,292.69,4.82,N,0
40.44207,-121.43375,305.13,0.44,0.38,2021-08-17,1014,N,VIIRS,n,2,289.92,4.89,N,0
40.4421,-121.4726,336.56,0.44,0.38,2021-08-17,1014,N,VIIRS,n,2,294.09,5.92,N,0
40.4421,-121.39513,323.85,0.44,0.38,2021-08-17,1014,N,VIIRS,n,2,293.22,4.43,N,0
40.4425,-121.49409,367,0.44,0.38,2021-08-17,1014,N,VIIRS,h,2,302.81,9.65,N,0
40.44252,-121.41673,338.04,0.44,0.38,2021-08-17,1014,N,VIIRS,n,2,308.82,63.81,N,0
40.44263,-121.37851,300.97,0.44,0.38,2021-08-17,1014,N,VIIRS,n,2,288.39,0.68,N,0
40.44266,-121.45618,367,0.44,0.38,2021-08-17,1014,N,VIIRS,h,2,302.18,10.36,N,0
40.44276,-121.51485,312.38,0.44,0.38,2021-08-17,1014,N,VIIRS,n,2,291.39,2.57,N,0
40.44295,-121.12702,308.3,0.45,0.39,2021-08-17,1014,N,VIIRS,n,2,286.94,0.77,N,0
40.44304,-121.47758,340.52,0.44,0.38,2021-08-17,1014,N,VIIRS,n,2,297.09,5.92,N,0
40.44307,-121.40022,326.81,0.44,0.38,2021-08-17,1014,N,VIIRS,n,2,289.64,4.43,N,0
40.44324,-121.30405,304.22,0.44,0.39,2021-08-17,1014,N,VIIRS,n,2,287.92,0.99,N,0
40.44347,-121.49919,353.08,0.44,0.38,2021-08-17,1014,N,VIIRS,n,2,301.31,9.65,N,0
40.44351,-121.42198,348.73,0.44,0.38,2021-08-17,1014,N,VIIRS,n,2,306.52,63.81,N,0
40.44367,-121.46152,367,0.44,0.38,2021-08-17,1014,N,VIIRS,h,2,306.75,19.59,N,0
40.44374,-121.52003,312.06,0.44,0.38,2021-08-17,1014,N,VIIRS,n,2,292.88,2.57,N,0
40.444,-121.48264,367,0.44,0.38,2021-08-17,1014,N,VIIRS,h,2,306.68,16.54,N,0
40.44403,-121.40534,330.6,0.44,0.38,2021-08-17,1014,N,VIIRS,n,2,289.78,9.09,N,0
40.44419,-121.30904,314.29,0.44,0.39,2021-08-17,1014,N,VIIRS,n,2,290.39,1.56,N,0
40.44441,-121.50415,336.44,0.44,0.38,2021-08-17,1014,N,VIIRS,n,2,297.11,3.86,N,0
40.44452,-121.42731,333.35,0.44,0.38,2021-08-17,1014,N,VIIRS,n,2,290.59,10.03,N,0
40.44465,-121.46669,367,0.44,0.38,2021-08-17,1014,N,VIIRS,h,2,302.18,19.59,N,0
40.44472,-121.52518,318.54,0.44,0.38,2021-08-17,1014,N,VIIRS,n,2,292.21,1.7,N,0
40.44497,-121.48777,367,0.44,0.38,2021-08-17,1014,N,VIIRS,h,2,305.83,16.54,N,0
40.44501,-121.41048,342.91,0.44,0.38,2021-08-17,1014,N,VIIRS,n,2,291.19,9.09,N,0
40.44514,-121.31403,299.99,0.44,0.39,2021-08-17,1014,N,VIIRS,n,2,287.41,1.56,N,0
40.44532,-121.50898,309.3,0.44,0.38,2021-08-17,1014,N,VIIRS,n,2,290.87,3.86,N,0
40.44558,-121.39409,306.34,0.44,0.38,2021-08-17,1014,N,VIIRS,n,2,290.21,2.98,N,0
40.4456,-121.47172,352.54,0.44,0.38,2021-08-17,1014,N,VIIRS,n,2,300.01,10.31,N,0
40.44569,-121.53028,301.26,0.44,0.38,2021-08-17,1014,N,VIIRS,n,2,287.48,1.7,N,0
40.44596,-121.49303,346.36,0.44,0.38,2021-08-17,1014,N,VIIRS,n,2,299.61,9.65,N,0
40.44599,-121.41568,349.67,0.44,0.38,2021-08-17,1014,N,VIIRS,n,2,308.58,63.81,N,0
40.4461,-121.45501,343.7,0.44,0.38,2021-08-17,1014,N,VIIRS,n,2,291.9,10.36,N,0
40.44625,-121.51394,304.04,0.44,0.38,2021-08-17,1014,N,VIIRS,n,2,288.98,1.12,N,0
40.44653,-121.47666,347.01,0.44,0.38,2021-08-17,1014,N,VIIRS,n,2,297.97,10.31,N,0
40.44655,-121.39919,319.74,0.44,0.38,2021-08-17,1014,N,VIIRS,n,2,291.74,2.98,N,0
40.44695,-121.49822,349.79,0.44,0.38,2021-08-17,1014,N,VIIRS,n,2,301.21,9.65,N,0
40.44699,-121.42096,343.34,0.44,0.38,2021-08-17,1014,N,VIIRS,n,2,307.72,63.81,N,0
40.44712,-121.46037,367,0.44,0.38,2021-08-17,1014,N,VIIRS,h,2,303.24,19.59,N,0
40.44724,-121.51913,307.22,0.44,0.38,2021-08-17,1014,N,VIIRS,n,2,288.85,1.12,N,0
40.44748,-121.48165,349.06,0.44,0.38,2021-08-17,1014,N,VIIRS,n,2,301.28,11.51,N,0
40.44752,-121.40434,340.61,0.44,0.38,2021-08-17,1014,N,VIIRS,n,2,295.48,9.22,N,0
40.44791,-121.50329,328.13,0.44,0.38,2021-08-17,1014,N,VIIRS,n,2,294.53,3.86,N,0
40.44801,-121.4263,316.48,0.44,0.38,2021-08-17,1014,N,VIIRS,n,2,288.63,10.03,N,0
40.4481,-121.46558,367,0.44,0.38,2021-08-17,1014,N,VIIRS,h,2,302.39,19.59,N,0
40.44821,-121.52425,302.77,0.44,0.38,2021-08-17,1014,N,VIIRS,n,2,286.97,1.92,N,0
40.44842,-121.13628,298.06,0.45,0.39,2021-08-17,1014,N,VIIRS,n,2,286.28,1.32,N,0
40.44845,-121.48677,349.22,0.44,0.38,2021-08-17,1014,N,VIIRS,n,2,302.14,11.51,N,0
40.44851,-121.40954,355.29,0.44,0.38,2021-08-17,1014,N,VIIRS,n,2,301.96,9.22,N,0
40.44856,-121.44862,298.95,0.44,0.38,2021-08-17,1014,N,VIIRS,n,2,285.97,7.67,N,0
40.44891,-121.11933,306.96,0.45,0.39,2021-08-17,1014,N,VIIRS,n,2,287,1.58,N,0
40.44906,-121.47066,353.03,0.44,0.38,2021-08-17,1014,N,VIIRS,n,2,299.37,10.31,N,0
40.44906,-121.39304,307.23,0.44,0.38,2021-08-17,1014,N,VIIRS,n,2,290.26,2.98,N,0
40.44945,-121.49209,312.71,0.44,0.38,2021-08-17,1014,N,VIIRS,n,2,289.18,3.56,N,0
40.4495,-121.41478,347.94,0.44,0.38,2021-08-17,1014,N,VIIRS,n,2,321.15,62.01,N,0
40.44955,-121.45389,340.91,0.44,0.38,2021-08-17,1014,N,VIIRS,n,2,291.85,7.67,N,0
40.44976,-121.51308,300.53,0.44,0.38,2021-08-17,1014,N,VIIRS,n,2,286.88,1.12,N,0
40.45,-121.47564,354.34,0.44,0.38,2021-08-17,1014,N,VIIRS,n,2,300.75,10.31,N,0
40.45004,-121.39821,343.26,0.44,0.38,2021-08-17,1014,N,VIIRS,n,2,298.27,2.98,N,0
40.45046,-121.49741,326.83,0.44,0.38,2021-08-17,1014,N,VIIRS,n,2,293.79,3.56,N,0
40.4505,-121.42007,367,0.44,0.38,2021-08-17,1014,N,VIIRS,h,2,331.18,62.01,N,0
40.45055,-121.45915,367,0.44,0.38,2021-08-17,1014,N,VIIRS,h,2,307.86,31.17,N,0
40.45055,-121.11748,316.52,0.45,0.39,2021-08-17,1014,N,VIIRS,n,2,288.78,1.89,N,0
40.45071,-121.51814,306.04,0.44,0.38,2021-08-17,1014,N,VIIRS,n,2,288.64,1.12,N,0
40.45095,-121.48065,348.78,0.44,0.38,2021-08-17,1014,N,VIIRS,n,2,302.97,11.51,N,0
40.45102,-121.4034,346.88,0.44,0.38,2021-08-17,1014,N,VIIRS,n,2,298.62,9.22,N,0
40.45142,-121.11294,304.18,0.45,0.39,2021-08-17,1014,N,VIIRS,n,2,286.85,1.02,N,0
40.45143,-121.50253,311.06,0.44,0.38,2021-08-17,1014,N,VIIRS,n,2,287.24,1.37,N,0
40.45151,-121.42539,314.14,0.44,0.38,2021-08-17,1014,N,VIIRS,n,2,287.47,5.54,N,0
40.45153,-121.46434,352.96,0.44,0.38,2021-08-17,1014,N,VIIRS,n,2,299.75,31.17,N,0
40.45168,-121.52326,322.95,0.44,0.38,2021-08-17,1014,N,VIIRS,n,2,287.91,1.92,N,0
40.45192,-121.48579,355.77,0.44,0.38,2021-08-17,1014,N,VIIRS,n,2,305.91,11.51,N,0
40.452,-121.40859,356.8,0.44,0.38,2021-08-17,1014,N,VIIRS,n,2,302.3,9.22,N,0
40.45204,-121.44762,302.31,0.44,0.38,2021-08-17,1014,N,VIIRS,n,2,285.26,7.67,N,0
40.4524,-121.1181,318.52,0.45,0.39,2021-08-17,1014,N,VIIRS,n,2,290.45,3.01,N,0
40.45251,-121.46951,353.23,0.44,0.38,2021-08-17,1014,N,VIIRS,n,2,299.82,15.33,N,0
40.45253,-121.39197,317.66,0.44,0.38,2021-08-17,1014,N,VIIRS,n,2,292.27,6.61,N,0
40.45293,-121.49114,327.27,0.44,0.38,2021-08-17,1014,N,VIIRS,n,2,293.39,3.56,N,0
40.453,-121.41384,352.56,0.44,0.38,2021-08-17,1014,N,VIIRS,n,2,310.58,62.01,N,0
40.45303,-121.45283,344.04,0.44,0.38,2021-08-17,1014,N,VIIRS,n,2,291.87,7.67,N,0
40.45326,-121.51225,309.21,0.44,0.38,2021-08-17,1014,N,VIIRS,n,2,289.18,1.12,N,0
40.45347,-121.47457,367,0.44,0.38,2021-08-17,1014,N,VIIRS,h,2,304.4,15.33,N,0
40.45352,-121.39716,349.65,0.44,0.38,2021-08-17,1014,N,VIIRS,n,2,299.81,6.61,N,0
40.45398,-121.4966,331.55,0.44,0.38,2021-08-17,1014,N,VIIRS,n,2,290.99,3.56,N,0
40.454,-121.45799,356.79,0.44,0.38,2021-08-17,1014,N,VIIRS,n,2,313.25,31.17,N,0
40.454,-121.41914,339.58,0.44,0.38,2021-08-17,1014,N,VIIRS,n,2,299.86,62.01,N,0
40.45403,-121.38041,315.06,0.44,0.38,2021-08-17,1014,N,VIIRS,n,2,290.55,3.01,N,0
40.45404,-121.32208,307.73,0.44,0.39,2021-08-17,1014,N,VIIRS,n,2,286.96,1.44,N,3
40.45404,-121.11626,310.04,0.45,0.39,2021-08-17,1014,N,VIIRS,n,2,289.53,1.89,N,0
40.45419,-121.5172,309.58,0.44,0.38,2021-08-17,1014,N,VIIRS,n,2,287.59,1.12,N,0
40.45443,-121.47964,346.24,0.44,0.38,2021-08-17,1014,N,VIIRS,n,2,298.93,11.61,N,0
40.4545,-121.40237,354.83,0.44,0.38,2021-08-17,1014,N,VIIRS,n,2,301.42,17.49,N,0
40.45451,-121.34409,318.86,0.44,0.39,2021-08-17,1014,N,VIIRS,n,2,288.64,2.39,N,0
40.45452,-121.4413,301.66,0.44,0.38,2021-08-17,1014,N,VIIRS,n,2,285.5,1.82,N,0
40.45494,-121.50175,304.18,0.44,0.38,2021-08-17,1014,N,VIIRS,n,2,284.46,1.37,N,0
40.45498,-121.46317,367,0.44,0.38,2021-08-17,1014,N,VIIRS,h,2,309.8,31.17,N,0
40.45499,-121.42439,301.62,0.44,0.38,2021-08-17,1014,N,VIIRS,n,2,286.93,5.54,N,0
40.45502,-121.3857,321.62,0.44,0.38,2021-08-17,1014,N,VIIRS,n,2,293.11,3.01,N,0
40.45515,-121.52226,319.72,0.44,0.38,2021-08-17,1014,N,VIIRS,n,2,287.68,2.84,N,0
40.45541,-121.48483,344.49,0.44,0.38,2021-08-17,1014,N,VIIRS,n,2,298.1,11.61,N,0
40.45546,-121.34904,306.01,0.44,0.39,2021-08-17,1014,N,VIIRS,n,2,286.98,1.18,N,0
40.45548,-121.40754,356.24,0.44,0.38,2021-08-17,1014,N,VIIRS,n,2,304.29,17.49,N,0
40.45552,-121.44659,329.72,0.44,0.38,2021-08-17,1014,N,VIIRS,n,2,286.36,4.76,N,0
40.45587,-121.50668,296.34,0.44,0.38,2021-08-17,1014,N,VIIRS,n,2,284.46,1.37,N,0
40.45596,-121.46835,367,0.44,0.38,2021-08-17,1014,N,VIIRS,h,2,305.3,15.33,N,0
40.45601,-121.39086,333.8,0.44,0.38,2021-08-17,1014,N,VIIRS,n,2,296.5,6.61,N,0
40.45642,-121.4902,334.84,0.44,0.38,2021-08-17,1014,N,VIIRS,n,2,292.95,4,N,0
40.45646,-121.41273,354.49,0.44,0.38,2021-08-17,1014,N,VIIRS,n,2,313.29,22.12,N,0
40.45649,-121.45177,345.57,0.44,0.38,2021-08-17,1014,N,VIIRS,n,2,293.96,4.76,N,0
40.45677,-121.51146,305.61,0.44,0.38,2021-08-17,1014,N,VIIRS,n,2,285.8,1.12,N,0
40.45693,-121.47348,352.88,0.44,0.38,2021-08-17,1014,N,VIIRS,n,2,296.5,15.33,N,0
40.45698,-121.39601,354.86,0.44,0.38,2021-08-17,1014,N,VIIRS,n,2,301.79,6.61,N,0
40.45699,-121.33774,298.17,0.44,0.39,2021-08-17,1014,N,VIIRS,n,2,286.39,3.05,N,0
40.45745,-121.41795,332,0.44,0.38,2021-08-17,1014,N,VIIRS,n,2,289.39,22.12,N,0
40.45747,-121.45695,367,0.44,0.38,2021-08-17,1014,N,VIIRS,h,2,305.08,23.25,N,0
40.45756,-121.37962,312.69,0.44,0.38,2021-08-17,1014,N,VIIRS,n,2,290.64,1.87,N,0
40.4577,-121.51633,297.81,0.44,0.38,2021-08-17,1014,N,VIIRS,n,2,286.49,1.12,N,0
40.45789,-121.47859,367,0.44,0.38,2021-08-17,1014,N,VIIRS,h,2,301.94,11.61,N,0
40.45795,-121.40115,367,0.44,0.38,2021-08-17,1014,N,VIIRS,h,2,301.19,17.49,N,0
40.45795,-121.34279,330.3,0.44,0.39,2021-08-17,1014,N,VIIRS,n,2,290.23,3.05,N,0
40.45841,-121.08122,298.36,0.45,0.39,2021-08-17,1014,N,VIIRS,n,2,284.92,1.37,N,0
40.45844,-121.46209,356.56,0.44,0.38,2021-08-17,1014,N,VIIRS,n,2,318.7,23.25,N,0
40.45853,-121.38476,314.08,0.44,0.38,2021-08-17,1014,N,VIIRS,n,2,291.55,1.87,N,0
40.45889,-121.48385,354.7,0.44,0.38,2021-08-17,1014,N,VIIRS,n,2,301.3,11.61,N,0
40.4589,-121.34782,313.73,0.44,0.39,2021-08-17,1014,N,VIIRS,n,2,287.14,2.3,N,0
40.45892,-121.4063,356.65,0.44,0.38,2021-08-17,1014,N,VIIRS,n,2,304.29,17.49,N,0
40.45897,-121.44542,317.54,0.44,0.38,2021-08-17,1014,N,VIIRS,n,2,287.53,4.76,N,0
40.45938,-121.50587,304.89,0.44,0.38,2021-08-17,1014,N,VIIRS,n,2,284.87,1.33,N,0
40.45942,-121.46725,348.6,0.44,0.38,2021-08-17,1014,N,VIIRS,n,2,293.48,10.45,N,0
40.45948,-121.38979,332.51,0.44,0.38,2021-08-17,1014,N,VIIRS,n,2,295.95,7.16,N,0
40.45985,-121.35286,299.58,0.44,0.39,2021-08-17,1014,N,VIIRS,n,2,285.71,2.3,N,0
40.4599,-121.48924,305.45,0.44,0.38,2021-08-17,1014,N,VIIRS,n,2,286.24,4,N,0
40.4599,-121.41149,353.45,0.44,0.38,2021-08-17,1014,N,VIIRS,n,2,307.08,22.12,N,0
40.45996,-121.45071,299.28,0.44,0.38,2021-08-17,1014,N,VIIRS,n,2,286.25,4.76,N,0
40.46029,-121.51069,308.74,0.44,0.38,2021-08-17,1014,N,VIIRS,n,2,285.32,1.42,N,0
40.46038,-121.47234,327.47,0.44,0.38,2021-08-17,1014,N,VIIRS,n,2,287.99,10.45,N,0
40.46043,-121.39484,353.65,0.44,0.38,2021-08-17,1014,N,VIIRS,n,2,302.37,7.16,N,0
40.46043,-121.33644,318.21,0.44,0.39,2021-08-17,1014,N,VIIRS,n,2,288.9,3.05,N,0
40.46043,-121.09168,300.22,0.45,0.39,2021-08-17,1014,N,VIIRS,n,2,284.97,1.3,N,0
40.46088,-121.41669,330.62,0.44,0.38,2021-08-17,1014,N,VIIRS,n,2,288.82,22.12,N,0
40.46095,-121.45594,315.28,0.44,0.38,2021-08-17,1014,N,VIIRS,n,2,287.15,23.25,N,0
40.46135,-121.47749,336.38,0.44,0.38,2021-08-17,1014,N,VIIRS,n,2,290.71,5.45,N,0
40.46138,-121.34145,340.53,0.44,0.39,2021-08-17,1014,N,VIIRS,n,2,295.36,3.05,N,0
40.46139,-121.3999,367,0.44,0.38,2021-08-17,1014,N,VIIRS,h,2,303.75,26.54,N,0
40.46193,-121.46112,342.21,0.44,0.38,2021-08-17,1014,N,VIIRS,n,2,293.92,23.25,N,0
40.46204,-121.38388,308.8,0.44,0.38,2021-08-17,1014,N,VIIRS,n,2,289.96,1.87,N,0
40.46233,-121.34647,325.13,0.44,0.39,2021-08-17,1014,N,VIIRS,n,2,291.53,2.3,N,0
40.46236,-121.48283,342.77,0.44,0.38,2021-08-17,1014,N,VIIRS,n,2,290.67,5.45,N,0
40.46236,-121.40504,353.22,0.44,0.38,2021-08-17,1014,N,VIIRS,n,2,296.2,26.54,N,0
40.46242,-121.4443,298,0.44,0.38,2021-08-17,1014,N,VIIRS,n,2,285.92,0.72,N,0
40.46289,-121.46626,356.82,0.44,0.38,2021-08-17,1014,N,VIIRS,n,2,296.72,10.45,N,0
40.46292,-121.0853,312.66,0.45,0.39,2021-08-17,1014,N,VIIRS,n,2,286.97,1.3,N,0
40.46293,-121.33015,300.8,0.44,0.39,2021-08-17,1014,N,VIIRS,n,2,286.27,4.37,N,0
40.46296,-121.38877,336.47,0.44,0.38,2021-08-17,1014,N,VIIRS,n,2,295.74,7.16,N,0
40.46335,-121.41029,354.14,0.44,0.38,2021-08-17,1014,N,VIIRS,n,2,293.03,6.12,N,0
40.46338,-121.48826,310.71,0.44,0.38,2021-08-17,1014,N,VIIRS,n,2,284.92,3.51,N,0
40.46343,-121.44965,300.84,0.44,0.38,2021-08-17,1014,N,VIIRS,n,2,286.86,0.72,N,0
40.46364,-121.37289,300.19,0.44,0.38,2021-08-17,1014,N,VIIRS,n,2,286.46,1.49,N,0
40.46386,-121.47137,308.37,0.44,0.38,2021-08-17,1014,N,VIIRS,n,2,286.2,10.45,N,0
40.46387,-121.33515,325.69,0.44,0.39,2021-08-17,1014,N,VIIRS,n,2,292.34,9.35,N,0
40.46391,-121.39377,347.45,0.44,0.38,2021-08-17,1014,N,VIIRS,n,2,300.43,7.16,N,0
40.46433,-121.4155,316.89,0.44,0.38,2021-08-17,1014,N,VIIRS,n,2,287.82,6.12,N,0
40.46446,-121.31875,315.26,0.44,0.39,2021-08-17,1014,N,VIIRS,n,2,289,2.48,N,0
40.46461,-121.37799,306.24,0.44,0.38,2021-08-17,1014,N,VIIRS,n,2,288.52,2.32,N,0
40.46482,-121.34014,329.98,0.44,0.39,2021-08-17,1014,N,VIIRS,n,2,293.94,9.35,N,0
40.46487,-121.39884,353.23,0.44,0.38,2021-08-17,1014,N,VIIRS,n,2,312.54,26.54,N,0
40.46543,-121.32386,348.12,0.44,0.39,2021-08-17,1014,N,VIIRS,n,2,294.45,4.37,N,0
40.46544,-121.46028,306.75,0.44,0.38,2021-08-17,1014,N,VIIRS,n,2,286.86,1.5,N,0
40.46553,-121.38293,325.04,0.44,0.38,2021-08-17,1014,N,VIIRS,n,2,295.29,2.32,N,0
40.46577,-121.34519,316.58,0.44,0.39,2021-08-17,1014,N,VIIRS,n,2,289.87,1.85,N,0
40.46584,-121.40398,355.92,0.44,0.38,2021-08-17,1014,N,VIIRS,n,2,298.09,26.54,N,0
40.46616,-121.36674,306.45,0.44,0.38,2021-08-17,1014,N,VIIRS,n,2,288,1.49,N,0
40.46637,-121.32887,327.66,0.44,0.39,2021-08-17,1014,N,VIIRS,n,2,289.32,4.37,N,0
40.46645,-121.38776,343.75,0.44,0.38,2021-08-17,1014,N,VIIRS,n,2,297.9,17.47,N,0
40.46681,-121.40916,330.84,0.44,0.38,2021-08-17,1014,N,VIIRS,n,2,288.63,6.12,N,0
40.46711,-121.37177,316.47,0.44,0.38,2021-08-17,1014,N,VIIRS,n,2,288.47,1.49,N,0
40.46739,-121.39275,351.78,0.44,0.38,2021-08-17,1014,N,VIIRS,n,2,301.96,17.47,N,0
40.46793,-121.31757,317.45,0.44,0.39,2021-08-17,1014,N,VIIRS,n,2,289.59,1.97,N,0
40.46807,-121.37688,303,0.44,0.38,2021-08-17,1014,N,VIIRS,n,2,287.8,2.32,N,0
40.46835,-121.39781,338.47,0.44,0.38,2021-08-17,1014,N,VIIRS,n,2,317.02,48.65,N,0
40.46869,-121.36066,304.16,0.44,0.39,2021-08-17,1014,N,VIIRS,n,2,287.34,1.01,N,0
40.46888,-121.32263,354.73,0.44,0.39,2021-08-17,1014,N,VIIRS,n,2,302.79,15.26,N,0
40.46891,-121.0778,296.98,0.45,0.39,2021-08-17,1014,N,VIIRS,n,2,285.76,0.56,N,0
40.46901,-121.38186,323.75,0.44,0.38,2021-08-17,1014,N,VIIRS,n,2,293.21,2.32,N,0
40.46932,-121.40296,350.44,0.44,0.38,2021-08-17,1014,N,VIIRS,n,2,311.8,48.65,N,0
40.46964,-121.36568,315.06,0.44,0.38,2021-08-17,1014,N,VIIRS,n,2,289.52,2.98,N,0
40.46981,-121.32756,322.85,0.44,0.39,2021-08-17,1014,N,VIIRS,n,2,288.84,15.26,N,0
40.46992,-121.08304,307.16,0.45,0.39,2021-08-17,1014,N,VIIRS,n,2,286.54,1.76,N,0
40.46993,-121.38675,345.46,0.44,0.38,2021-08-17,1014,N,VIIRS,n,2,298.45,17.47,N,0
40.47019,-121.34909,303.41,0.44,0.39,2021-08-17,1014,N,VIIRS,n,2,285.91,1.85,N,0
40.47028,-121.4081,336.18,0.44,0.38,2021-08-17,1014,N,VIIRS,n,2,289.01,5.19,N,0
40.47057,-121.37064,310.15,0.44,0.38,2021-08-17,1014,N,VIIRS,n,2,288.71,2.98,N,0
40.47076,-121.33256,343.15,0.44,0.39,2021-08-17,1014,N,VIIRS,n,2,297.8,4.63,N,0
40.47088,-121.39175,354.92,0.44,0.38,2021-08-17,1014,N,VIIRS,n,2,309.3,17.47,N,0
40.47139,-121.31641,301.82,0.44,0.39,2021-08-17,1014,N,VIIRS,n,2,286.6,1.97,N,0
40.47153,-121.37574,336.05,0.44,0.38,2021-08-17,1014,N,VIIRS,n,2,291.8,15.86,N,0
40.47171,-121.33764,308.76,0.44,0.39,2021-08-17,1014,N,VIIRS,n,2,288.14,4.63,N,0
40.47184,-121.39684,355.26,0.44,0.38,2021-08-17,1014,N,VIIRS,n,2,302.64,48.65,N,0
40.47215,-121.3595,301.2,0.44,0.39,2021-08-17,1014,N,VIIRS,n,2,286.99,1.01,N,0
40.47234,-121.32143,343.86,0.44,0.39,2021-08-17,1014,N,VIIRS,n,2,302.13,15.26,N,0
40.47249,-121.38078,356.06,0.44,0.38,2021-08-17,1014,N,VIIRS,n,2,298.82,15.86,N,0
40.47281,-121.40199,353.04,0.44,0.38,2021-08-17,1014,N,VIIRS,n,2,295.71,48.65,N,0
40.4731,-121.36456,322,0.44,0.38,2021-08-17,1014,N,VIIRS,n,2,289.38,2.98,N,0
40.47327,-121.32639,316.61,0.44,0.39,2021-08-17,1014,N,VIIRS,n,2,286.93,15.26,N,0
40.47342,-121.38574,355.1,0.44,0.38,2021-08-17,1014,N,VIIRS,n,2,302.09,28.16,N,0
40.47344,-121.08196,297.71,0.45,0.39,2021-08-17,1014,N,VIIRS,n,2,286.71,1.06,N,0
40.47366,-121.34795,310.96,0.44,0.39,2021-08-17,1014,N,VIIRS,n,2,287.38,2.32,N,0
40.47377,-121.4071,320.62,0.44,0.38,2021-08-17,1014,N,VIIRS,n,2,287.95,5.19,N,0
40.47403,-121.3695,337.82,0.44,0.38,2021-08-17,1014,N,VIIRS,n,2,293.19,2.98,N,0
40.47422,-121.33143,346.86,0.44,0.39,2021-08-17,1014,N,VIIRS,n,2,293.95,4.63,N,0
40.47437,-121.39077,353.56,0.44,0.38,2021-08-17,1014,N,VIIRS,n,2,307.66,28.16,N,0
40.47446,-121.08725,310.13,0.45,0.39,2021-08-17,1014,N,VIIRS,n,2,287.24,1.06,N,0
40.47499,-121.37458,353.49,0.44,0.38,2021-08-17,1014,N,VIIRS,n,2,294.65,15.86,N,0
40.4752,-121.3366,315.53,0.44,0.39,2021-08-17,1014,N,VIIRS,n,2,287.58,4.63,N,0
40.47533,-121.39585,351,0.44,0.38,2021-08-17,1014,N,VIIRS,n,2,312.02,22.95,N,0
40.47579,-121.32021,325.88,0.44,0.39,2021-08-17,1014,N,VIIRS,n,2,289.54,2.59,N,0
40.47586,-121.20985,295.1,0.45,0.39,2021-08-17,1014,N,VIIRS,n,2,284.54,0.82,N,0
40.47596,-121.37971,367,0.44,0.38,2021-08-17,1014,N,VIIRS,h,2,300.15,15.86,N,0
40.47617,-121.34177,309.08,0.44,0.39,2021-08-17,1014,N,VIIRS,n,2,287.69,2.32,N,0
40.4763,-121.40101,325.1,0.44,0.38,2021-08-17,1014,N,VIIRS,n,2,287.45,22.95,N,0
40.47655,-121.36333,333.69,0.44,0.38,2021-08-17,1014,N,VIIRS,n,2,291.63,15.54,N,0
40.47674,-121.32523,307.53,0.44,0.39,2021-08-17,1014,N,VIIRS,n,2,286.63,2.59,N,0
40.47691,-121.38471,356.45,0.44,0.38,2021-08-17,1014,N,VIIRS,n,2,305.92,28.16,N,0
40.47696,-121.08088,304.32,0.45,0.39,2021-08-17,1014,N,VIIRS,n,2,287.71,1.06,N,0
40.47714,-121.34692,329.9,0.44,0.39,2021-08-17,1014,N,VIIRS,n,2,287.96,2.32,N,0
40.47749,-121.36832,352.19,0.44,0.38,2021-08-17,1014,N,VIIRS,n,2,294.33,15.54,N,0
40.4777,-121.33032,338.38,0.44,0.39,2021-08-17,1014,N,VIIRS,n,2,290.57,4.57,N,0
40.47786,-121.38977,349.59,0.44,0.38,2021-08-17,1014,N,VIIRS,n,2,292.02,28.16,N,0
40.47798,-121.0862,301.16,0.45,0.39,2021-08-17,1014,N,VIIRS,n,2,287.32,1.06,N,0
40.4781,-121.35204,304.13,0.44,0.39,2021-08-17,1014,N,VIIRS,n,2,286.34,2.93,N,0
40.47836,-121.20359,297.48,0.45,0.39,2021-08-17,1014,N,VIIRS,n,2,285.21,0.82,N,0
40.47845,-121.37342,355.27,0.44,0.38,2021-08-17,1014,N,VIIRS,n,2,297.76,24.96,N,0
40.47868,-121.33555,324.73,0.44,0.39,2021-08-17,1014,N,VIIRS,n,2,287.54,4.57,N,0
40.47882,-121.39489,340.33,0.44,0.38,2021-08-17,1014,N,VIIRS,n,2,289.64,22.95,N,0
40.47902,-121.09156,303.55,0.45,0.39,2021-08-17,1014,N,VIIRS,n,2,288.93,1.56,N,0
40.47906,-121.35712,309.1,0.44,0.39,2021-08-17,1014,N,VIIRS,n,2,286.27,2.93,N,0
40.47931,-121.17011,296.8,0.45,0.39,2021-08-17,1014,N,VIIRS,n,2,286.27,1.64,N,0
40.47935,-121.20874,300.78,0.45,0.39,2021-08-17,1014,N,VIIRS,n,2,285.33,0.82,N,0
40.47942,-121.24754,301.16,0.45,0.39,2021-08-17,1014,N,VIIRS,n,2,284.42,1.21,N,0
40.47943,-121.37862,354.35,0.44,0.38,2021-08-17,1014,N,VIIRS,n,2,297.92,24.96,N,0
40.47962,-121.11395,309.16,0.45,0.39,2021-08-17,1014,N,VIIRS,n,2,288.63,1.6,N,0
40.48001,-121.36216,367,0.44,0.38,2021-08-17,1014,N,VIIRS,h,2,299.36,15.54,N,0
40.48006,-121.09697,298.98,0.45,0.39,2021-08-17,1014,N,VIIRS,n,2,288.39,1.56,N,0
40.48021,-121.32407,318.67,0.44,0.39,2021-08-17,1014,N,VIIRS,n,2,288.01,2.59,N,0
40.48039,-121.38372,351.25,0.44,0.38,2021-08-17,1014,N,VIIRS,n,2,301.62,15.21,N,0
40.48046,-121.07976,301.72,0.45,0.39,2021-08-17,1014,N,VIIRS,n,2,287.79,2.25,N,0
40.48063,-121.34589,329.4,0.44,0.39,2021-08-17,1014,N,VIIRS,n,2,288.89,3.87,N,0
40.48063,-121.11919,314.56,0.45,0.39,2021-08-17,1014,N,VIIRS,n,2,290.23,1.6,N,0
40.48072,-121.2485,303.68,0.45,0.39,2021-08-17,1014,N,VIIRS,n,2,285.05,1.4,N,0
40.48088,-121.19746,303.88,0.45,0.39,2021-08-17,1014,N,VIIRS,n,2,285.26,2.16,N,0
40.48096,-121.36722,352.59,0.44,0.38,2021-08-17,1014,N,VIIRS,n,2,298.69,15.54,N,0
40.4811,-121.10236,315.28,0.45,0.39,2021-08-17,1014,N,VIIRS,n,2,289.69,3.12,N,0
40.48117,-121.32922,338.21,0.44,0.39,2021-08-17,1014,N,VIIRS,n,2,289.84,4.57,N,0
40.48135,-121.38882,304.87,0.44,0.38,2021-08-17,1014,N,VIIRS,n,2,286.16,15.21,N,0
40.48137,-121.18076,296.09,0.45,0.39,2021-08-17,1014,N,VIIRS,n,2,285.93,1.09,N,0
40.48164,-121.12443,306.82,0.45,0.39,2021-08-17,1014,N,VIIRS,n,2,288.63,2,N,0
40.48185,-121.20253,314.96,0.45,0.39,2021-08-17,1014,N,VIIRS,n,2,286.69,1.33,N,0
40.48193,-121.37235,347.68,0.44,0.38,2021-08-17,1014,N,VIIRS,n,2,301.79,24.96,N,0
40.48254,-121.35608,311.46,0.44,0.39,2021-08-17,1014,N,VIIRS,n,2,286.37,7.18,N,0
40.48284,-121.20766,307.05,0.45,0.39,2021-08-17,1014,N,VIIRS,n,2,286.5,1.33,N,0
40.48291,-121.37759,350.96,0.44,0.38,2021-08-17,1014,N,VIIRS,n,2,297.89,24.96,N,0
40.4831,-121.11275,308.76,0.45,0.39,2021-08-17,1014,N,VIIRS,n,2,288.62,1.6,N,0
40.48333,-121.26785,314.89,0.44,0.39,2021-08-17,1014,N,VIIRS,n,2,286.26,1.97,N,0
40.48338,-121.1912,325.08,0.45,0.39,2021-08-17,1014,N,VIIRS,n,2,290.19,2.16,N,0
40.4835,-121.36112,350.93,0.44,0.38,2021-08-17,1014,N,VIIRS,n,2,296.05,22.42,N,0
40.48355,-121.09577,306.34,0.45,0.39,2021-08-17,1014,N,VIIRS,n,2,290.04,1.46,N,0
40.48359,-121.26374,310.79,0.45,0.39,2021-08-17,1014,N,VIIRS,n,2,285.52,2.56,N,0
40.4838,-121.17413,322.02,0.45,0.39,2021-08-17,1014,N,VIIRS,n,2,289.83,4.68,N,0
40.48388,-121.38275,348.67,0.44,0.38,2021-08-17,1014,N,VIIRS,n,2,300.63,15.21,N,0
40.48411,-121.11798,312.95,0.45,0.39,2021-08-17,1014,N,VIIRS,n,2,289.51,1.6,N,0
40.48437,-121.19637,316.1,0.45,0.39,2021-08-17,1014,N,VIIRS,n,2,287.99,2.16,N,0
40.48445,-121.36619,350.52,0.44,0.38,2021-08-17,1014,N,VIIRS,n,2,299.46,22.42,N,0
40.48457,-121.1011,335.77,0.45,0.39,2021-08-17,1014,N,VIIRS,n,2,293.52,5.07,N,0
40.48465,-121.32812,298.92,0.44,0.39,2021-08-17,1014,N,VIIRS,n,2,285.61,1.1,N,0
40.48466,-121.14014,296.55,0.45,0.39,2021-08-17,1014,N,VIIRS,n,2,286.37,1.8,N,0
40.48481,-121.17943,304.82,0.45,0.39,2021-08-17,1014,N,VIIRS,n,2,287.21,1.57,N,0
40.48485,-121.38787,311.54,0.44,0.38,2021-08-17,1014,N,VIIRS,n,2,286.66,15.21,N,0
40.48513,-121.12327,314.29,0.45,0.39,2021-08-17,1014,N,VIIRS,n,2,289.74,2,N,0
40.48535,-121.20146,305.08,0.45,0.39,2021-08-17,1014,N,VIIRS,n,2,285.78,1.33,N,0
40.48541,-121.37133,334.51,0.44,0.38,2021-08-17,1014,N,VIIRS,n,2,293.68,7.13,N,0
40.48558,-121.10635,337.25,0.45,0.39,2021-08-17,1014,N,VIIRS,n,2,291.13,5.07,N,0
40.48604,-121.3551,330.47,0.44,0.39,2021-08-17,1014,N,VIIRS,n,2,292.14,7.18,N,0
40.48623,-121.16754,323.71,0.45,0.39,2021-08-17,1014,N,VIIRS,n,2,289.68,4.68,N,0
40.48634,-121.20657,300.87,0.45,0.39,2021-08-17,1014,N,VIIRS,n,2,286.31,1.33,N,0
40.4864,-121.37657,350.74,0.44,0.38,2021-08-17,1014,N,VIIRS,n,2,297.9,7.13,N,0
40.48685,-121.18997,320.09,0.45,0.39,2021-08-17,1014,N,VIIRS,n,2,288.76,1.31,N,0
40.48698,-121.36008,352.75,0.44,0.38,2021-08-17,1014,N,VIIRS,n,2,309.14,22.42,N,0
40.48703,-121.09457,304.87,0.45,0.39,2021-08-17,1014,N,VIIRS,n,2,288.82,1.46,N,0
40.48715,-121.13377,303.05,0.45,0.39,2021-08-17,1014,N,VIIRS,n,2,287.86,1.8,N,0
40.48725,-121.17283,345.78,0.45,0.39,2021-08-17,1014,N,VIIRS,n,2,296.74,4.68,N,0
40.48733,-121.21172,302.85,0.45,0.39,2021-08-17,1014,N,VIIRS,n,2,285.12,0.96,N,0
40.48737,-121.38177,328.46,0.44,0.38,2021-08-17,1014,N,VIIRS,n,2,287.14,8.43,N,0
40.48759,-121.11677,316.19,0.45,0.39,2021-08-17,1014,N,VIIRS,n,2,289.38,2.44,N,0
40.48785,-121.19519,305.37,0.45,0.39,2021-08-17,1014,N,VIIRS,n,2,286.41,1.31,N,0
40.48793,-121.36514,350.64,0.44,0.38,2021-08-17,1014,N,VIIRS,n,2,298.84,22.42,N,0
40.48811,-121.32697,310.06,0.44,0.39,2021-08-17,1014,N,VIIRS,n,2,286.95,1.1,N,0
40.48815,-121.13896,330.07,0.45,0.39,2021-08-17,1014,N,VIIRS,n,2,293.29,1.8,N,0
40.48827,-121.17812,301.06,0.45,0.39,2021-08-17,1014,N,VIIRS,n,2,286.49,1.57,N,0
40.48861,-121.12207,307.7,0.45,0.39,2021-08-17,1014,N,VIIRS,n,2,288.08,1.48,N,0
40.48868,-121.16101,299.84,0.45,0.39,2021-08-17,1014,N,VIIRS,n,2,287.38,0.61,N,0
40.48884,-121.20033,301.18,0.45,0.39,2021-08-17,1014,N,VIIRS,n,2,286.17,0.72,N,0
40.48889,-121.37025,325.97,0.44,0.38,2021-08-17,1014,N,VIIRS,n,2,292.22,7.13,N,0
40.48951,-121.35403,330.86,0.44,0.39,2021-08-17,1014,N,VIIRS,n,2,287.99,5.1,N,0
40.48962,-121.12731,311,0.45,0.39,2021-08-17,1014,N,VIIRS,n,2,288.76,1.48,N,0
40.4897,-121.16628,324.36,0.45,0.39,2021-08-17,1014,N,VIIRS,n,2,291.82,2.8,N,0
40.48982,-121.20545,299.65,0.45,0.39,2021-08-17,1014,N,VIIRS,n,2,286.03,0.72,N,0
40.48986,-121.37547,347.38,0.44,0.38,2021-08-17,1014,N,VIIRS,n,2,298.79,7.13,N,0
40.48997,-121.24467,306.14,0.45,0.39,2021-08-17,1014,N,VIIRS,n,2,285.3,1.9,N,0
40.49003,-121.30282,306.35,0.44,0.39,2021-08-17,1014,N,VIIRS,n,2,286.32,1.71,N,0
40.49031,-121.18873,299.73,0.45,0.39,2021-08-17,1014,N,VIIRS,n,2,285.73,1.31,N,0
40.49045,-121.35901,344.49,0.44,0.38,2021-08-17,1014,N,VIIRS,n,2,293.12,14.93,N,0
40.49054,-121.32464,306.98,0.44,0.39,2021-08-17,1014,N,VIIRS,n,2,286.61,2.42,N,0
40.49063,-121.13253,337.19,0.45,0.39,2021-08-17,1014,N,VIIRS,n,2,293.05,4.4,N,0
40.49072,-121.17157,334.77,0.45,0.39,2021-08-17,1014,N,VIIRS,n,2,291.95,2.8,N,0
40.49084,-121.38066,345.23,0.44,0.38,2021-08-17,1014,N,VIIRS,n,2,292.37,8.43,N,0
40.49099,-121.30782,308.21,0.44,0.39,2021-08-17,1014,N,VIIRS,n,2,288.03,1.75,N,0
40.49107,-121.11555,318.92,0.45,0.39,2021-08-17,1014,N,VIIRS,n,2,288.71,2.44,N,0
40.49114,-121.3038,323.36,0.44,0.39,2021-08-17,1014,N,VIIRS,n,2,289.68,2.42,N,0
40.49139,-121.36401,367,0.44,0.38,2021-08-17,1014,N,VIIRS,h,2,300.92,14.93,N,0
40.49144,-121.23309,299.29,0.45,0.39,2021-08-17,1014,N,VIIRS,n,2,285.43,0.84,N,0
40.49157,-121.32573,313.47,0.44,0.39,2021-08-17,1014,N,VIIRS,n,2,285.99,4.76,N,0
40.49163,-121.13772,323.95,0.45,0.39,2021-08-17,1014,N,VIIRS,n,2,290.37,4.4,N,0
40.49196,-121.31289,308.1,0.44,0.39,2021-08-17,1014,N,VIIRS,n,2,287.43,1.75,N,0
40.49208,-121.30883,304.24,0.44,0.39,2021-08-17,1014,N,VIIRS,n,2,287.8,2.42,N,0
40.49208,-121.12078,311.54,0.45,0.39,2021-08-17,1014,N,VIIRS,n,2,287.51,1.48,N,0
40.49235,-121.36909,341.95,0.44,0.38,2021-08-17,1014,N,VIIRS,n,2,294.93,10.91,N,0
40.49248,-121.23848,302.6,0.45,0.39,2021-08-17,1014,N,VIIRS,n,2,285.16,0.84,N,0
40.49258,-121.29684,304.7,0.44,0.39,2021-08-17,1014,N,VIIRS,n,2,287.03,2.02,N,0
40.49296,-121.31808,300.02,0.44,0.39,2021-08-17,1014,N,VIIRS,n,2,287.68,2.42,N,0
40.49298,-121.35291,331.72,0.44,0.39,2021-08-17,1014,N,VIIRS,n,2,290.78,5.1,N,0
40.49304,-121.31393,320.05,0.44,0.39,2021-08-17,1014,N,VIIRS,n,2,289.03,2.52,N,0
40.4933,-121.20428,296.04,0.45,0.39,2021-08-17,1014,N,VIIRS,n,2,285.36,0.72,N,0
40.49332,-121.37429,346.64,0.44,0.38,2021-08-17,1014,N,VIIRS,n,2,297.97,10.91,N,0
40.49351,-121.30171,323.26,0.44,0.39,2021-08-17,1014,N,VIIRS,n,2,291.14,2.02,N,0
40.49355,-121.10908,298.21,0.45,0.39,2021-08-17,1014,N,VIIRS,n,2,285.25,0.52,N,0
40.49387,-121.22649,318.1,0.45,0.39,2021-08-17,1014,N,VIIRS,n,2,287.31,1.57,N,0
40.49392,-121.35789,343.31,0.44,0.38,2021-08-17,1014,N,VIIRS,n,2,293.91,14.93,N,0
40.49397,-121.32335,338.15,0.44,0.39,2021-08-17,1014,N,VIIRS,n,2,291.49,2.42,N,0
40.49401,-121.31913,313.55,0.44,0.39,2021-08-17,1014,N,VIIRS,n,2,288.96,2.52,N,0
40.49409,-121.13126,332.49,0.45,0.39,2021-08-17,1014,N,VIIRS,n,2,288.29,4.4,N,0
40.49417,-121.1703,302.47,0.45,0.39,2021-08-17,1014,N,VIIRS,n,2,287.68,2.8,N,0
40.49429,-121.20944,302.71,0.45,0.39,2021-08-17,1014,N,VIIRS,n,2,284.92,1.24,N,0
40.4943,-121.37952,347.34,0.44,0.38,2021-08-17,1014,N,VIIRS,n,2,294.88,18.35,N,0
40.49445,-121.30663,326.34,0.44,0.39,2021-08-17,1014,N,VIIRS,n,2,293.32,4.27,N,0
40.49455,-121.11433,298.14,0.45,0.39,2021-08-17,1014,N,VIIRS,n,2,284.62,0.52,N,0
40.49485,-121.36286,367,0.44,0.38,2021-08-17,1014,N,VIIRS,h,2,296.53,14.93,N,0
40.49491,-121.23191,307.38,0.45,0.39,2021-08-17,1014,N,VIIRS,n,2,286.98,2.34,N,0
40.495,-121.3287,306.8,0.44,0.39,2021-08-17,1014,N,VIIRS,n,2,285.8,2.87,N,0
40.49501,-121.32446,342.74,0.44,0.39,2021-08-17,1014,N,VIIRS,n,2,292.06,4.76,N,0
40.4953,-121.21468,303.01,0.45,0.39,2021-08-17,1014,N,VIIRS,n,2,286.52,1.24,N,0
40.49541,-121.31166,330.21,0.44,0.39,2021-08-17,1014,N,VIIRS,n,2,293.53,4.27,N,0
40.49541,-121.25378,305.24,0.45,0.39,2021-08-17,1014,N,VIIRS,n,2,284.77,0.81,N,0
40.49553,-121.35066,303.53,0.44,0.38,2021-08-17,1014,N,VIIRS,n,2,283.84,5.96,N,0
40.4958,-121.36793,349.89,0.44,0.38,2021-08-17,1014,N,VIIRS,n,2,298.07,10.91,N,0
40.49632,-121.22,312.95,0.45,0.39,2021-08-17,1014,N,VIIRS,n,2,286.6,1.57,N,0
40.4964,-121.3168,335.75,0.44,0.39,2021-08-17,1014,N,VIIRS,n,2,294.43,5.15,N,0
40.49645,-121.35178,331.67,0.44,0.39,2021-08-17,1014,N,VIIRS,n,2,287.83,5.99,N,0
40.4965,-121.3557,367,0.44,0.38,2021-08-17,1014,N,VIIRS,h,2,297.09,5.96,N,0
40.49675,-121.28005,297.46,0.44,0.39,2021-08-17,1014,N,VIIRS,n,2,284.82,0.53,N,0
40.49678,-121.3731,367,0.44,0.38,2021-08-17,1014,N,VIIRS,h,2,299.98,10.91,N,0
40.49699,-121.30061,310.78,0.44,0.39,2021-08-17,1014,N,VIIRS,n,2,290.13,2.02,N,0
40.49734,-121.22531,296.88,0.45,0.39,2021-08-17,1014,N,VIIRS,n,2,285.05,1.57,N,0
40.49739,-121.35677,367,0.44,0.38,2021-08-17,1014,N,VIIRS,h,2,296.96,6.2,N,0
40.49741,-121.32207,338.36,0.44,0.39,2021-08-17,1014,N,VIIRS,n,2,296,5.15,N,0
40.49744,-121.36062,345.57,0.44,0.38,2021-08-17,1014,N,VIIRS,n,2,291.73,7.18,N,0
40.49776,-121.37838,344,0.44,0.38,2021-08-17,1014,N,VIIRS,n,2,295.19,18.35,N,0
40.49792,-121.30547,332.01,0.44,0.39,2021-08-17,1014,N,VIIRS,n,2,295.27,4.27,N,0
40.49831,-121.36172,332.34,0.44,0.38,2021-08-17,1014,N,VIIRS,n,2,289,6.2,N,0
40.4984,-121.36565,348.39,0.44,0.38,2021-08-17,1014,N,VIIRS,n,2,296.91,7.18,N,0
40.49844,-121.32742,336.58,0.44,0.39,2021-08-17,1014,N,VIIRS,n,2,289.78,5.16,N,0
40.49887,-121.31044,329.1,0.44,0.39,2021-08-17,1014,N,VIIRS,n,2,294.5,4.27,N,0
40.49926,-121.36677,367,0.44,0.38,2021-08-17,1014,N,VIIRS,h,2,298.7,8,N,0
40.49938,-121.37077,355.04,0.44,0.38,2021-08-17,1014,N,VIIRS,n,2,294.43,7.61,N,0
40.49957,-121.29476,333.89,0.44,0.39,2021-08-17,1014,N,VIIRS,n,2,287.92,2.41,N,0
40.49985,-121.31554,330.18,0.44,0.39,2021-08-17,1014,N,VIIRS,n,2,292.52,5.15,N,0
40.49996,-121.35454,313.09,0.44,0.38,2021-08-17,1014,N,VIIRS,n,2,284.73,5.96,N,0
40.50023,-121.37192,341.84,0.44,0.38,2021-08-17,1014,N,VIIRS,n,2,291.58,8,N,0
40.50039,-121.37601,317.16,0.44,0.38,2021-08-17,1014,N,VIIRS,n,2,286.47,7.61,N,0
40.50047,-121.29951,298.7,0.44,0.39,2021-08-17,1014,N,VIIRS,n,2,287.31,2.41,N,0
40.50081,-121.22414,303.73,0.45,0.39,2021-08-17,1014,N,VIIRS,n,2,285.83,1.05,N,0
40.50085,-121.35563,323.66,0.44,0.38,2021-08-17,1014,N,VIIRS,n,2,285.47,6.2,N,0
40.50085,-121.32077,339.07,0.44,0.39,2021-08-17,1014,N,VIIRS,n,2,294.08,5.15,N,0
40.5009,-121.3595,336.49,0.44,0.38,2021-08-17,1014,N,VIIRS,n,2,287.73,7.18,N,0
40.50116,-121.28382,299.82,0.44,0.39,2021-08-17,1014,N,VIIRS,n,2,285.27,3.8,N,0
40.50139,-121.30435,313.3,0.44,0.39,2021-08-17,1014,N,VIIRS,n,2,290.58,2.45,N,0
40.50178,-121.36059,325.79,0.44,0.38,2021-08-17,1014,N,VIIRS,n,2,286.69,6.2,N,0
40.50186,-121.36449,341.38,0.44,0.38,2021-08-17,1014,N,VIIRS,n,2,288.48,7.18,N,0
40.50188,-121.32613,328.64,0.44,0.39,2021-08-17,1014,N,VIIRS,n,2,288.08,5.16,N,0
40.50211,-121.28878,343.64,0.44,0.39,2021-08-17,1014,N,VIIRS,n,2,288.63,3.8,N,0
40.50233,-121.30927,325.47,0.44,0.39,2021-08-17,1014,N,VIIRS,n,2,293.54,2.45,N,3
40.50273,-121.36563,338.5,0.44,0.38,2021-08-17,1014,N,VIIRS,n,2,288.97,8,N,0
40.50284,-121.36962,337.57,0.44,0.38,2021-08-17,1014,N,VIIRS,n,2,290.55,7.61,N,0
40.50303,-121.29362,323.62,0.44,0.39,2021-08-17,1014,N,VIIRS,n,2,289.61,2.41,N,0
40.5033,-121.31432,306.32,0.44,0.39,2021-08-17,1014,N,VIIRS,n,2,285.83,4.59,N,3
40.5033,-121.25643,299.12,0.44,0.39,2021-08-17,1014,N,VIIRS,n,2,285.1,1.16,N,0
40.50369,-121.37078,312.85,0.44,0.38,2021-08-17,1014,N,VIIRS,n,2,287.47,8,N,0
40.50395,-121.29841,304.76,0.44,0.39,2021-08-17,1014,N,VIIRS,n,2,288.29,2.41,N,0
40.50428,-121.22296,303.48,0.45,0.39,2021-08-17,1014,N,VIIRS,n,2,285.45,1.05,N,0
40.5043,-121.31954,343.36,0.44,0.39,2021-08-17,1014,N,VIIRS,n,2,292.36,4.59,N,0
40.50486,-121.30322,323,0.44,0.39,2021-08-17,1014,N,VIIRS,n,2,292.19,2.45,N,0
40.50533,-121.3249,345.53,0.44,0.39,2021-08-17,1014,N,VIIRS,n,2,292.28,15.03,N,0
40.50555,-121.28749,341.79,0.44,0.39,2021-08-17,1014,N,VIIRS,n,2,292.7,4.76,N,0
40.5058,-121.30811,308.41,0.44,0.39,2021-08-17,1014,N,VIIRS,n,2,288.68,2.45,N,3
40.50581,-121.25021,303.8,0.45,0.39,2021-08-17,1014,N,VIIRS,n,2,285.69,0.93,N,0
40.50648,-121.29237,304.58,0.44,0.39,2021-08-17,1014,N,VIIRS,n,2,287.36,1.55,N,0
40.50674,-121.21646,300.08,0.45,0.39,2021-08-17,1014,N,VIIRS,n,2,285.49,2.59,N,0
40.50677,-121.25524,304.84,0.44,0.39,2021-08-17,1014,N,VIIRS,n,2,285.01,0.93,N,0
40.50709,-121.27625,301.02,0.44,0.39,2021-08-17,1014,N,VIIRS,n,2,284.54,0.77,N,0
40.5074,-121.2972,306.92,0.44,0.39,2021-08-17,1014,N,VIIRS,n,2,288.25,1.55,N,0
40.50775,-121.22175,329.22,0.45,0.39,2021-08-17,1014,N,VIIRS,n,2,291.18,2.59,N,0
40.50776,-121.31837,323.01,0.44,0.39,2021-08-17,1014,N,VIIRS,n,2,286.26,4.59,N,0
40.50804,-121.28123,327.55,0.44,0.39,2021-08-17,1014,N,VIIRS,n,2,287,4.76,N,0
40.50832,-121.30202,327.08,0.44,0.39,2021-08-17,1014,N,VIIRS,n,2,293.92,2.62,N,0
40.50875,-121.22697,310.03,0.45,0.39,2021-08-17,1014,N,VIIRS,n,2,285.54,1.87,N,0
40.50899,-121.28617,328.53,0.44,0.39,2021-08-17,1014,N,VIIRS,n,2,289.37,4.76,N,0
40.50926,-121.30692,315.03,0.44,0.39,2021-08-17,1014,N,VIIRS,n,2,290.2,2.62,N,3
40.50927,-121.24899,303.55,0.45,0.39,2021-08-17,1014,N,VIIRS,n,2,284.91,0.93,N,0
40.50992,-121.29106,311.8,0.44,0.39,2021-08-17,1014,N,VIIRS,n,2,289.29,1.55,N,0
40.51021,-121.21527,300.15,0.45,0.39,2021-08-17,1014,N,VIIRS,n,2,285.46,2.59,N,0
40.51024,-121.25407,304.17,0.44,0.39,2021-08-17,1014,N,VIIRS,n,2,285.4,0.93,N,0
40.51085,-121.29592,315.11,0.44,0.39,2021-08-17,1014,N,VIIRS,n,2,290.75,1.55,N,0
40.51122,-121.22053,336.55,0.45,0.39,2021-08-17,1014,N,VIIRS,n,2,293.72,2.59,N,0
40.51178,-121.30079,327.55,0.44,0.39,2021-08-17,1014,N,VIIRS,n,2,293.93,2.62,N,0
40.51221,-121.22574,313.89,0.45,0.39,2021-08-17,1014,N,VIIRS,n,2,285.57,1.87,N,0
40.51272,-121.24771,324.84,0.45,0.39,2021-08-17,1014,N,VIIRS,n,2,286.97,1.91,N,0
40.51273,-121.30576,301.07,0.44,0.39,2021-08-17,1014,N,VIIRS,n,2,287.18,2.62,N,3
40.51337,-121.2898,304.95,0.44,0.39,2021-08-17,1014,N,VIIRS,n,2,288.54,1.43,N,0
40.51368,-121.2141,300.73,0.45,0.39,2021-08-17,1014,N,VIIRS,n,2,286.84,1.87,N,0
40.5137,-121.25285,297.79,0.44,0.39,2021-08-17,1014,N,VIIRS,n,2,285.29,1.91,N,0
40.51431,-121.29471,312.71,0.44,0.39,2021-08-17,1014,N,VIIRS,n,2,290.04,1.43,N,0
40.51468,-121.21933,319.42,0.45,0.39,2021-08-17,1014,N,VIIRS,n,2,287.15,1.87,N,0
40.51524,-121.29962,296.01,0.44,0.39,2021-08-17,1014,N,VIIRS,n,2,285.01,4.26,N,3
40.51562,-121.26289,304.37,0.44,0.39,2021-08-17,1014,N,VIIRS,n,2,285.44,0.87,N,0
40.51567,-121.22452,295.27,0.45,0.39,2021-08-17,1014,N,VIIRS,n,2,283.65,0.43,N,0
40.5162,-121.30463,306.14,0.44,0.39,2021-08-17,1014,N,VIIRS,n,2,286.18,4.26,N,3
40.51683,-121.28861,298.68,0.44,0.39,2021-08-17,1014,N,VIIRS,n,2,286.22,1.43,N,0
40.51716,-121.21295,332.5,0.45,0.39,2021-08-17,1014,N,VIIRS,n,2,288.04,1.87,N,0
40.51777,-121.29353,317.34,0.44,0.39,2021-08-17,1014,N,VIIRS,n,2,291.51,1.43,N,0
40.51815,-121.21814,296.24,0.45,0.39,2021-08-17,1014,N,VIIRS,n,2,284.13,1.87,N,0
40.51871,-121.29849,335.77,0.44,0.39,2021-08-17,1014,N,VIIRS,n,2,290.39,4.26,N,0
40.51909,-121.26176,296.37,0.44,0.39,2021-08-17,1014,N,VIIRS,n,2,284.88,0.87,N,0
40.51965,-121.2066,296.19,0.45,0.39,2021-08-17,1014,N,VIIRS,n,2,285.24,1.39,N,0
40.51967,-121.3035,347.12,0.44,0.39,2021-08-17,1014,N,VIIRS,n,2,288.45,4.26,N,3
40.5203,-121.28744,299.43,0.44,0.39,2021-08-17,1014,N,VIIRS,n,2,286.48,2.62,N,0
40.52064,-121.21179,343.54,0.45,0.39,2021-08-17,1014,N,VIIRS,n,2,292.21,4.26,N,0
40.52124,-121.2924,316.51,0.44,0.39,2021-08-17,1014,N,VIIRS,n,2,290.04,2.62,N,0
40.52219,-121.29737,347.91,0.44,0.39,2021-08-17,1014,N,VIIRS,n,2,293.47,8.81,N,0
40.52256,-121.26057,309.8,0.44,0.39,2021-08-17,1014,N,VIIRS,n,2,286.11,1.65,N,0
40.52352,-121.26559,304.95,0.44,0.39,2021-08-17,1014,N,VIIRS,n,2,285.21,0.78,N,0
40.52377,-121.28629,317.69,0.44,0.39,2021-08-17,1014,N,VIIRS,n,2,289.07,2.62,N,0
40.52411,-121.21062,296.46,0.45,0.39,2021-08-17,1014,N,VIIRS,n,2,285.12,4.26,N,0
40.52472,-121.29125,336.94,0.44,0.39,2021-08-17,1014,N,VIIRS,n,2,293.38,2.62,N,0
40.52567,-121.29628,327.75,0.44,0.39,2021-08-17,1014,N,VIIRS,n,2,287.73,8.81,N,0
40.52697,-121.26437,295.67,0.44,0.39,2021-08-17,1014,N,VIIRS,n,2,284.56,0.78,N,0
40.52723,-121.28512,317.22,0.44,0.39,2021-08-17,1014,N,VIIRS,n,2,289.95,3.54,N,0
40.52793,-121.26939,304.24,0.44,0.39,2021-08-17,1014,N,VIIRS,n,2,286.19,0.78,N,0
40.52818,-121.29013,351.72,0.44,0.39,2021-08-17,1014,N,VIIRS,n,2,294.51,3.54,N,0
40.52914,-121.29517,298.21,0.44,0.39,2021-08-17,1014,N,VIIRS,n,2,286.1,1.7,N,0
40.5307,-121.28394,318.54,0.44,0.39,2021-08-17,1014,N,VIIRS,n,2,288.52,3.54,N,0
40.53138,-121.26814,317.8,0.44,0.39,2021-08-17,1014,N,VIIRS,n,2,286.21,1.84,N,0
40.53165,-121.28897,313.1,0.44,0.39,2021-08-17,1014,N,VIIRS,n,2,287.26,3.54,N,0
40.53322,-121.27782,314.69,0.44,0.39,2021-08-17,1014,N,VIIRS,n,2,288.23,3.27,N,0
40.53389,-121.26192,302.07,0.44,0.39,2021-08-17,1014,N,VIIRS,n,2,285.01,1.84,N,0
40.53416,-121.28275,332.86,0.44,0.39,2021-08-17,1014,N,VIIRS,n,2,288.67,3.44,N,0
40.53484,-121.26691,323.62,0.44,0.39,2021-08-17,1014,N,VIIRS,n,2,288.17,1.84,N,0
40.53577,-121.27183,315.21,0.44,0.39,2021-08-17,1014,N,VIIRS,n,2,290.26,3.27,N,0
40.53669,-121.27665,338.13,0.44,0.39,2021-08-17,1014,N,VIIRS,n,2,290.84,3.27,N,0
40.53735,-121.26073,299.7,0.44,0.39,2021-08-17,1014,N,VIIRS,n,2,286.33,1.42,N,0
40.53762,-121.28156,320.32,0.44,0.39,2021-08-17,1014,N,VIIRS,n,2,287.74,3.44,N,0
40.5383,-121.26575,307.96,0.44,0.39,2021-08-17,1014,N,VIIRS,n,2,288.9,1.42,N,0
40.53925,-121.27071,302.83,0.44,0.39,2021-08-17,1014,N,VIIRS,n,2,289.11,8.47,N,0
40.53988,-121.25459,307.63,0.44,0.39,2021-08-17,1014,N,VIIRS,n,2,287.96,1.5,N,0
40.54017,-121.27554,348.06,0.44,0.39,2021-08-17,1014,N,VIIRS,n,2,296.6,8.47,N,0
40.54083,-121.25963,323.8,0.44,0.39,2021-08-17,1014,N,VIIRS,n,2,291.97,1.42,N,0
40.54179,-121.26466,297.37,0.44,0.39,2021-08-17,1014,N,VIIRS,n,2,286.91,1.42,N,0
40.54335,-121.25346,342.73,0.44,0.39,2021-08-17,1014,N,VIIRS,n,2,291.82,10.75,N,0
40.54366,-121.27451,329.89,0.44,0.39,2021-08-17,1014,N,VIIRS,n,2,292.94,8.47,N,0
40.54431,-121.25849,318.87,0.44,0.39,2021-08-17,1014,N,VIIRS,n,2,289.98,3.74,N,0
40.54457,-121.2793,328.72,0.44,0.39,2021-08-17,1014,N,VIIRS,n,2,287.86,10.76,N,0
40.54527,-121.26359,297.78,0.44,0.39,2021-08-17,1014,N,VIIRS,n,2,286.23,3.74,N,0
40.54623,-121.26865,298.9,0.44,0.39,2021-08-17,1014,N,VIIRS,n,2,287.22,9.4,N,0
40.54683,-121.2523,367,0.44,0.39,2021-08-17,1014,N,VIIRS,h,2,298.65,10.75,N,0
40.54717,-121.27354,346.84,0.44,0.39,2021-08-17,1014,N,VIIRS,n,2,294.52,9.4,N,0
40.54778,-121.25735,329.66,0.44,0.39,2021-08-17,1014,N,VIIRS,n,2,291.13,3.74,N,0
40.54807,-121.27827,314.04,0.44,0.39,2021-08-17,1014,N,VIIRS,n,2,287.42,5.19,N,0
40.54875,-121.26241,339.75,0.44,0.39,2021-08-17,1014,N,VIIRS,n,2,291.41,3.74,N,0
40.54934,-121.24615,313.66,0.44,0.39,2021-08-17,1014,N,VIIRS,n,2,286.41,3.37,N,0
40.54971,-121.26751,348.08,0.44,0.39,2021-08-17,1014,N,VIIRS,n,2,294.71,9.4,N,0
40.55029,-121.25113,350.53,0.44,0.39,2021-08-17,1014,N,VIIRS,n,2,290.71,3.37,N,0
40.55065,-121.27249,345.83,0.44,0.39,2021-08-17,1014,N,VIIRS,n,2,293.52,9.4,N,0
40.55125,-121.25616,325.4,0.44,0.39,2021-08-17,1014,N,VIIRS,n,2,287.45,3.48,N,0
40.55221,-121.26124,318.11,0.44,0.39,2021-08-17,1014,N,VIIRS,n,2,286.96,3.48,N,0
40.55318,-121.26633,334.04,0.44,0.39,2021-08-17,1014,N,VIIRS,n,2,288.68,5.8,N,0
40.55376,-121.24993,310.14,0.44,0.39,2021-08-17,1014,N,VIIRS,n,2,286.29,3.37,N,0
40.73789,-122.3251,306.4,0.41,0.37,2021-08-17,1014,N,VIIRS,n,2,293.7,0.76,N,0
41.47646,-121.98584,296.54,0.41,0.37,2021-08-17,1014,N,VIIRS,n,2,285.06,0.68,N,0
41.47799,-121.9745,307.8,0.41,0.37,2021-08-17,1014,N,VIIRS,n,2,286.13,0.88,N,0
41.47891,-121.97964,303.04,0.41,0.37,2021-08-17,1014,N,VIIRS,n,2,286.34,0.88,N,0
41.47983,-121.98477,300.3,0.41,0.37,2021-08-17,1014,N,VIIRS,n,2,286.08,0.68,N,0
41.48134,-121.97333,334.55,0.41,0.37,2021-08-17,1014,N,VIIRS,n,2,290.4,3.56,N,0
41.48227,-121.97853,299.02,0.41,0.37,2021-08-17,1014,N,VIIRS,n,2,287.52,3.56,N,0
41.48321,-121.98373,298.49,0.41,0.37,2021-08-17,1014,N,VIIRS,n,2,286.76,0.73,N,0
41.48411,-121.98878,297.72,0.41,0.37,2021-08-17,1014,N,VIIRS,n,2,285.44,0.73,N,0
41.4847,-121.97215,333.98,0.41,0.37,2021-08-17,1014,N,VIIRS,n,2,293.3,3.56,N,0
41.48496,-121.99349,298.64,0.41,0.37,2021-08-17,1014,N,VIIRS,n,2,285.35,3.75,N,0
41.48806,-121.97098,301.92,0.41,0.37,2021-08-17,1014,N,VIIRS,n,2,288.08,1.18,N,0
41.48835,-121.99259,344.91,0.41,0.37,2021-08-17,1014,N,VIIRS,n,2,291.32,3.75,N,0
41.48899,-121.94286,297.44,0.41,0.37,2021-08-17,1014,N,VIIRS,n,2,285.47,0.48,N,0
41.4892,-121.99731,339.42,0.41,0.37,2021-08-17,1014,N,VIIRS,n,2,290.1,3.75,N,0
41.48993,-121.9815,303.96,0.41,0.37,2021-08-17,1014,N,VIIRS,n,2,286.5,0.6,N,0
41.49005,-122.00198,326.78,0.41,0.37,2021-08-17,1014,N,VIIRS,n,2,288.97,2.15,N,0
41.49089,-122.00665,296.49,0.41,0.37,2021-08-17,1014,N,VIIRS,n,2,285.64,2.15,N,0
41.49173,-121.99154,300.23,0.41,0.37,2021-08-17,1014,N,VIIRS,n,2,284.79,0.59,N,0
41.49235,-121.94172,319.87,0.41,0.37,2021-08-17,1014,N,VIIRS,n,2,285.44,4,N,0
41.49259,-121.99636,298.17,0.41,0.37,2021-08-17,1014,N,VIIRS,n,2,285.9,0.59,N,0
41.49324,-121.94661,338.55,0.41,0.37,2021-08-17,1014,N,VIIRS,n,2,289.5,4,N,0
41.49414,-121.95154,318.92,0.41,0.37,2021-08-17,1014,N,VIIRS,n,2,286.1,2.26,N,0
41.49429,-122.0058,328.03,0.41,0.37,2021-08-17,1014,N,VIIRS,n,2,288.99,4.36,N,0
41.49503,-121.9564,322.29,0.41,0.37,2021-08-17,1014,N,VIIRS,n,2,287.69,2.26,N,0
41.49566,-121.99882,295.29,0.41,0.37,2021-08-17,1014,N,VIIRS,n,2,283.59,0.52,N,0
41.49573,-121.94067,302.27,0.41,0.37,2021-08-17,1014,N,VIIRS,n,2,284.26,4,N,0
41.49592,-121.96128,298.23,0.41,0.37,2021-08-17,1014,N,VIIRS,n,2,285.68,1.67,N,0
41.49652,-122.00353,301.94,0.41,0.37,2021-08-17,1014,N,VIIRS,n,2,285.13,0.93,N,0
41.49664,-121.94564,341.22,0.41,0.37,2021-08-17,1014,N,VIIRS,n,2,295.21,4,N,0
41.49731,-121.92978,321.61,0.41,0.37,2021-08-17,1014,N,VIIRS,n,2,288.31,1.93,N,0
41.49754,-121.9506,320.54,0.41,0.37,2021-08-17,1014,N,VIIRS,n,2,290.27,2.26,N,0
41.49823,-121.93486,315.07,0.41,0.37,2021-08-17,1014,N,VIIRS,n,2,287.49,1.93,N,0
41.49844,-121.95551,325.53,0.41,0.37,2021-08-17,1014,N,VIIRS,n,2,289.79,2.26,N,0
41.49987,-122.00237,307.4,0.41,0.37,2021-08-17,1014,N,VIIRS,n,2,285.98,0.93,N,0
41.5057,-121.99528,302.84,0.41,0.37,2021-08-17,1014,N,VIIRS,n,2,283.53,0.51,N,0
41.50784,-121.94829,298.08,0.41,0.37,2021-08-17,1014,N,VIIRS,n,2,283.56,1.61,N,0
41.51122,-121.94727,328.15,0.41,0.37,2021-08-17,1014,N,VIIRS,n,2,285.53,1.61,N,0
41.51244,-121.99319,299.03,0.41,0.37,2021-08-17,1014,N,VIIRS,n,2,284.52,0.64,N,0
41.51567,-121.97172,299.42,0.41,0.37,2021-08-17,1014,N,VIIRS,n,2,285.47,0.5,N,0
41.5158,-121.99203,298.36,0.41,0.37,2021-08-17,1014,N,VIIRS,n,2,284.5,1.92,N,0
41.51743,-121.98138,309.87,0.41,0.37,2021-08-17,1014,N,VIIRS,n,2,285.01,1.43,N,0
41.51829,-121.98615,329.13,0.41,0.37,2021-08-17,1014,N,VIIRS,n,2,286.34,1.92,N,0
41.51915,-121.99087,312.88,0.41,0.37,2021-08-17,1014,N,VIIRS,n,2,286.23,1.92,N,0
41.51994,-121.97561,303.96,0.41,0.37,2021-08-17,1014,N,VIIRS,n,2,285.11,3.26,N,0
41.52,-121.99557,338.27,0.41,0.37,2021-08-17,1014,N,VIIRS,n,2,288.24,4.41,N,0
41.52081,-121.98039,340.21,0.41,0.37,2021-08-17,1014,N,VIIRS,n,2,290.21,3.26,N,0
41.52085,-122.00027,329.85,0.41,0.37,2021-08-17,1014,N,VIIRS,n,2,287.59,4.41,N,0
41.52167,-121.9851,338,0.41,0.37,2021-08-17,1014,N,VIIRS,n,2,296.69,4.35,N,0
41.5217,-122.00495,333.53,0.41,0.37,2021-08-17,1014,N,VIIRS,n,2,286.79,4.01,N,0
41.52253,-121.98987,331.43,0.41,0.37,2021-08-17,1014,N,VIIRS,n,2,294.76,4.35,N,0
41.52333,-121.97462,333.44,0.41,0.37,2021-08-17,1014,N,VIIRS,n,2,291.87,3.26,N,0
41.5234,-121.99467,336.4,0.41,0.37,2021-08-17,1014,N,VIIRS,n,2,295.03,2.62,N,0
41.52419,-121.97939,331.48,0.41,0.37,2021-08-17,1014,N,VIIRS,n,2,291.85,3.26,N,0
41.52427,-121.99944,304.99,0.41,0.37,2021-08-17,1014,N,VIIRS,n,2,288.27,2.62,N,0
41.52512,-122.00417,319.32,0.41,0.37,2021-08-17,1014,N,VIIRS,n,2,287.59,1.98,N,0
41.52596,-122.00883,318.22,0.41,0.37,2021-08-17,1014,N,VIIRS,n,2,285.52,1.98,N,0
41.52671,-121.97363,299.18,0.41,0.37,2021-08-17,1014,N,VIIRS,n,2,285.27,1.04,N,0
41.52757,-121.97839,301.78,0.41,0.37,2021-08-17,1014,N,VIIRS,n,2,285.13,1.04,N,0
41.53093,-121.97725,314.13,0.41,0.37,2021-08-17,1014,N,VIIRS,n,2,287.3,1.04,N,0
41.53258,-121.96669,299.32,0.41,0.37,2021-08-17,1014,N,VIIRS,n,2,284.55,1.34,N,0
41.53342,-121.97134,300.6,0.41,0.37,2021-08-17,1014,N,VIIRS,n,2,285.31,0.74,N,0
41.53413,-121.95562,299.07,0.41,0.37,2021-08-17,1014,N,VIIRS,n,2,285.29,0.73,N,0
41.53426,-121.97599,297.79,0.41,0.37,2021-08-17,1014,N,VIIRS,n,2,284.66,0.74,N,0
41.53451,-121.997,307.14,0.41,0.37,2021-08-17,1014,N,VIIRS,n,2,284.55,0.84,N,0
41.53513,-121.98077,304.99,0.41,0.37,2021-08-17,1014,N,VIIRS,n,2,286,1.01,N,0
41.54215,-121.99989,297.15,0.41,0.37,2021-08-17,1014,N,VIIRS,n,2,283.03,0.42,N,0
41.54589,-121.76446,321.88,0.42,0.38,2021-08-17,1014,N,VIIRS,n,2,287.09,3.58,N,0
41.54596,-121.96189,299.1,0.41,0.37,2021-08-17,1014,N,VIIRS,n,2,283.41,0.58,N,0
41.5464,-122.00374,295.36,0.41,0.37,2021-08-17,1014,N,VIIRS,n,2,283.51,0.28,N,0
41.54677,-121.76933,342.67,0.42,0.38,2021-08-17,1014,N,VIIRS,n,2,296.58,17.67,N,0
41.547,-121.98737,303.45,0.41,0.37,2021-08-17,1014,N,VIIRS,n,2,285.14,0.63,N,0
41.54765,-121.77417,328.26,0.42,0.38,2021-08-17,1014,N,VIIRS,n,2,287.25,17.67,N,0
41.54927,-121.7634,334.52,0.42,0.38,2021-08-17,1014,N,VIIRS,n,2,291.08,3.58,N,0
41.54974,-122.00249,296.92,0.41,0.37,2021-08-17,1014,N,VIIRS,n,2,282.76,0.28,N,0
41.55016,-121.76822,367,0.42,0.38,2021-08-17,1014,N,VIIRS,h,2,306.51,17.67,N,0
41.55103,-121.77304,336.68,0.42,0.38,2021-08-17,1014,N,VIIRS,n,2,292.21,17.67,N,0
41.55187,-121.9749,296.76,0.41,0.37,2021-08-17,1014,N,VIIRS,n,2,285.51,0.51,N,0
41.55266,-121.76233,335.31,0.42,0.38,2021-08-17,1014,N,VIIRS,n,2,292.69,4.73,N,0
41.55307,-122.00126,304.65,0.41,0.37,2021-08-17,1014,N,VIIRS,n,2,284.38,1.27,N,0
41.55354,-121.76712,367,0.42,0.38,2021-08-17,1014,N,VIIRS,h,2,308.19,8.49,N,0
41.5544,-121.7719,367,0.42,0.38,2021-08-17,1014,N,VIIRS,h,2,302.3,8.49,N,0
41.55528,-121.77676,298.22,0.42,0.38,2021-08-17,1014,N,VIIRS,n,2,285.91,3.34,N,0
41.55604,-121.76118,339.79,0.42,0.38,2021-08-17,1014,N,VIIRS,n,2,293.3,4.73,N,0
41.55691,-121.76596,322.04,0.42,0.38,2021-08-17,1014,N,VIIRS,n,2,293.75,8.49,N,0
41.55778,-121.77073,343.49,0.42,0.38,2021-08-17,1014,N,VIIRS,n,2,298.58,8.49,N,0
41.55852,-121.7551,315.15,0.42,0.38,2021-08-17,1014,N,VIIRS,n,2,286.32,58.3,N,0
41.55865,-121.77557,333.2,0.42,0.38,2021-08-17,1014,N,VIIRS,n,2,290.51,3.34,N,0
41.5594,-121.75995,328.97,0.42,0.38,2021-08-17,1014,N,VIIRS,n,2,289.42,58.3,N,0
41.56028,-121.76477,339.16,0.42,0.38,2021-08-17,1014,N,VIIRS,n,2,294.43,4.23,N,0
41.56044,-121.75188,313.79,0.42,0.38,2021-08-17,1014,N,VIIRS,n,2,291.67,22.03,N,0
41.5606,-122.00354,297.32,0.41,0.37,2021-08-17,1014,N,VIIRS,n,2,285.97,0.88,N,0
41.56103,-121.7492,299.61,0.42,0.38,2021-08-17,1014,N,VIIRS,n,2,287.1,1.18,N,0
41.56115,-121.76954,341.38,0.42,0.38,2021-08-17,1014,N,VIIRS,n,2,299.5,4.23,N,0
41.56132,-121.75665,337.14,0.42,0.38,2021-08-17,1014,N,VIIRS,n,2,321.81,50.31,N,0
41.5619,-121.75395,367,0.42,0.38,2021-08-17,1014,N,VIIRS,h,2,347.45,58.3,N,0
41.56203,-121.77441,344.63,0.42,0.38,2021-08-17,1014,N,VIIRS,n,2,297.7,4.81,N,0
41.56221,-121.76148,337.57,0.42,0.38,2021-08-17,1014,N,VIIRS,n,2,291.49,50.31,N,0
41.56277,-121.75875,343.28,0.42,0.38,2021-08-17,1014,N,VIIRS,n,2,295.18,58.3,N,0
41.56309,-121.76627,326.76,0.42,0.38,2021-08-17,1014,N,VIIRS,n,2,293.18,2.97,N,0
41.56364,-121.76357,332.61,0.42,0.38,2021-08-17,1014,N,VIIRS,n,2,293.25,4.23,N,0
41.56382,-121.75075,319.63,0.42,0.38,2021-08-17,1014,N,VIIRS,n,2,288.57,22.03,N,0
41.56397,-121.7711,332.45,0.42,0.38,2021-08-17,1014,N,VIIRS,n,2,296.94,2.97,N,0
41.56452,-121.76838,317.71,0.42,0.38,2021-08-17,1014,N,VIIRS,n,2,292.12,4.23,N,0
41.56469,-121.75551,342.78,0.42,0.38,2021-08-17,1014,N,VIIRS,n,2,325.28,50.31,N,0
41.56487,-121.77598,332.87,0.42,0.38,2021-08-17,1014,N,VIIRS,n,2,292.29,4.99,N,0
41.5654,-121.77325,339.64,0.42,0.38,2021-08-17,1014,N,VIIRS,n,2,299.13,4.81,N,0
41.56558,-121.76031,322.72,0.42,0.38,2021-08-17,1014,N,VIIRS,n,2,292.12,50.31,N,0
41.56629,-121.77816,303.45,0.42,0.38,2021-08-17,1014,N,VIIRS,n,2,284.17,4.81,N,0
41.56646,-121.76513,308.12,0.42,0.38,2021-08-17,1014,N,VIIRS,n,2,288.51,2.97,N,0
41.56718,-121.74957,295.08,0.42,0.38,2021-08-17,1014,N,VIIRS,n,2,284.84,0.42,N,0
41.56734,-121.76995,325.16,0.42,0.38,2021-08-17,1014,N,VIIRS,n,2,292.84,2.97,N,0
41.56807,-121.75438,312.31,0.42,0.38,2021-08-17,1014,N,VIIRS,n,2,287.18,3.23,N,0
41.56824,-121.77484,337.85,0.42,0.38,2021-08-17,1014,N,VIIRS,n,2,295.26,4.99,N,0
41.56895,-121.75917,330.7,0.42,0.38,2021-08-17,1014,N,VIIRS,n,2,292.88,3.23,N,0
41.56983,-121.76398,325.23,0.42,0.38,2021-08-17,1014,N,VIIRS,n,2,291.18,2.95,N,0
41.57072,-121.76881,326.78,0.42,0.38,2021-08-17,1014,N,VIIRS,n,2,293.06,2.95,N,0
41.57162,-121.7737,329.58,0.42,0.38,2021-08-17,1014,N,VIIRS,n,2,293.88,3.56,N,0
41.57233,-121.75804,337.55,0.42,0.38,2021-08-17,1014,N,VIIRS,n,2,293.54,3.23,N,0
41.57253,-121.77863,328.97,0.42,0.38,2021-08-17,1014,N,VIIRS,n,2,286.74,3.56,N,0
41.57279,-121.79952,301.15,0.42,0.37,2021-08-17,1014,N,VIIRS,n,2,285.78,0.49,N,0
41.57321,-121.76285,325.47,0.42,0.38,2021-08-17,1014,N,VIIRS,n,2,293.24,2.95,N,0
41.5741,-121.76767,319.11,0.42,0.38,2021-08-17,1014,N,VIIRS,n,2,292.63,2.95,N,0
41.57499,-121.77256,319.09,0.42,0.38,2021-08-17,1014,N,VIIRS,n,2,290.78,3.56,N,0
41.57571,-121.7569,304.43,0.42,0.38,2021-08-17,1014,N,VIIRS,n,2,288.2,4.8,N,0
41.5759,-121.7775,336.86,0.42,0.38,2021-08-17,1014,N,VIIRS,n,2,290.84,3.56,N,0
41.57619,-121.79855,320.91,0.42,0.37,2021-08-17,1014,N,VIIRS,n,2,288.53,2.19,N,0
41.57658,-121.7617,327.32,0.42,0.38,2021-08-17,1014,N,VIIRS,n,2,292.44,2.67,N,0
41.57747,-121.76653,318.63,0.42,0.38,2021-08-17,1014,N,VIIRS,n,2,291.22,2.67,N,0
41.57803,-121.80849,302.06,0.42,0.37,2021-08-17,1014,N,VIIRS,n,2,287.03,0.8,N,0
41.57818,-121.75089,325.24,0.42,0.38,2021-08-17,1014,N,VIIRS,n,2,287.17,4.8,N,0
41.57837,-121.77142,322.71,0.42,0.38,2021-08-17,1014,N,VIIRS,n,2,292.44,3.75,N,0
41.57908,-121.75578,342.19,0.42,0.38,2021-08-17,1014,N,VIIRS,n,2,292.72,4.8,N,0
41.57928,-121.77638,331.64,0.42,0.38,2021-08-17,1014,N,VIIRS,n,2,292.27,3.75,N,0
41.5796,-121.79756,317.59,0.42,0.37,2021-08-17,1014,N,VIIRS,n,2,288.87,2.19,N,0
41.57996,-121.76055,314.39,0.42,0.38,2021-08-17,1014,N,VIIRS,n,2,290.96,2.67,N,0
41.5802,-121.78139,326.18,0.42,0.37,2021-08-17,1014,N,VIIRS,n,2,286.63,3.21,N,0
41.58084,-121.76537,331.5,0.42,0.38,2021-08-17,1014,N,VIIRS,n,2,293.85,2.67,N,0
41.58144,-121.80757,297.76,0.42,0.37,2021-08-17,1014,N,VIIRS,n,2,287.03,0.8,N,0
41.58155,-121.74969,345.28,0.42,0.38,2021-08-17,1014,N,VIIRS,n,2,293.92,5.68,N,0
41.58174,-121.77026,322.95,0.42,0.38,2021-08-17,1014,N,VIIRS,n,2,292.54,3.75,N,0
41.58244,-121.75459,346.5,0.42,0.38,2021-08-17,1014,N,VIIRS,n,2,296.45,5.68,N,0
41.58266,-121.77524,333.91,0.42,0.38,2021-08-17,1014,N,VIIRS,n,2,295.38,3.75,N,0
41.58332,-121.75938,311.78,0.42,0.38,2021-08-17,1014,N,VIIRS,n,2,291.16,1.6,N,0
41.58358,-121.78029,329.4,0.42,0.37,2021-08-17,1014,N,VIIRS,n,2,290.24,3.21,N,0
41.58421,-121.7642,318.94,0.42,0.38,2021-08-17,1014,N,VIIRS,n,2,291.22,1.6,N,0
41.58491,-121.74849,319.21,0.42,0.38,2021-08-17,1014,N,VIIRS,n,2,288.36,5.68,N,0
41.58511,-121.7691,315.72,0.42,0.38,2021-08-17,1014,N,VIIRS,n,2,290.15,1.9,N,0
41.58576,-121.8116,298.5,0.42,0.37,2021-08-17,1014,N,VIIRS,n,2,286.29,0.61,N,0
41.58581,-121.75341,330.66,0.42,0.38,2021-08-17,1014,N,VIIRS,n,2,293.24,5.68,N,0
41.58603,-121.7741,325.58,0.42,0.38,2021-08-17,1014,N,VIIRS,n,2,292.13,1.9,N,0
41.58669,-121.75822,313.63,0.42,0.38,2021-08-17,1014,N,VIIRS,n,2,290.19,1.6,N,0
41.58696,-121.77918,331.16,0.42,0.37,2021-08-17,1014,N,VIIRS,n,2,293.2,3.19,N,0
41.58758,-121.76302,298.17,0.42,0.38,2021-08-17,1014,N,VIIRS,n,2,285.94,1.6,N,0
41.58848,-121.76794,296.46,0.42,0.38,2021-08-17,1014,N,VIIRS,n,2,285.8,1.9,N,0
41.58883,-121.78936,304.39,0.42,0.37,2021-08-17,1014,N,VIIRS,n,2,287.73,1.97,N,0
41.58918,-121.75222,299.13,0.42,0.38,2021-08-17,1014,N,VIIRS,n,2,288.49,0.82,N,0
41.59007,-121.75707,300.82,0.42,0.38,2021-08-17,1014,N,VIIRS,n,2,287.29,1.27,N,0
41.59034,-121.77807,316.49,0.42,0.37,2021-08-17,1014,N,VIIRS,n,2,291.26,3.19,N,0
41.59127,-121.78316,328.09,0.42,0.37,2021-08-17,1014,N,VIIRS,n,2,291.27,3.19,N,0
41.59407,-121.79838,298.35,0.42,0.37,2021-08-17,1014,N,VIIRS,n,2,287.47,0.86,N,0
41.59465,-121.78204,300.62,0.42,0.37,2021-08-17,1014,N,VIIRS,n,2,288.39,1.62,N,0
41.59678,-121.81316,301.87,0.42,0.37,2021-08-17,1014,N,VIIRS,n,2,286.4,1.02,N,0
41.59803,-121.78092,316.1,0.42,0.37,2021-08-17,1014,N,VIIRS,n,2,289.26,1.62,N,0
41.59895,-121.78595,313.96,0.42,0.37,2021-08-17,1014,N,VIIRS,n,2,288.18,2.21,N,0
41.59924,-121.80707,314.38,0.42,0.37,2021-08-17,1014,N,VIIRS,n,2,287.92,2.02,N,0
41.6014,-121.77979,308.26,0.42,0.37,2021-08-17,1014,N,VIIRS,n,2,288.88,1.66,N,0
41.60232,-121.78477,298.26,0.42,0.37,2021-08-17,1014,N,VIIRS,n,2,286.35,0.68,N,0
41.60568,-121.78362,302.77,0.42,0.37,2021-08-17,1014,N,VIIRS,n,2,286.45,0.68,N,0
41.60629,-121.76733,297.91,0.42,0.38,2021-08-17,1014,N,VIIRS,n,2,285.32,2.74,N,0
41.60876,-121.76128,321.03,0.42,0.38,2021-08-17,1014,N,VIIRS,n,2,290.85,2.74,N,0
41.60904,-121.78244,309.44,0.42,0.37,2021-08-17,1014,N,VIIRS,n,2,286.42,1.34,N,0
41.60966,-121.76625,335.61,0.42,0.38,2021-08-17,1014,N,VIIRS,n,2,296.56,2.74,N,0
41.6115,-121.77626,298.16,0.42,0.37,2021-08-17,1014,N,VIIRS,n,2,286.19,1.36,N,0
41.61214,-121.76019,308.88,0.42,0.38,2021-08-17,1014,N,VIIRS,n,2,288.05,11.92,N,0
41.61241,-121.78122,316.59,0.42,0.37,2021-08-17,1014,N,VIIRS,n,2,287.5,1.34,N,0
41.61305,-121.76511,349.6,0.42,0.38,2021-08-17,1014,N,VIIRS,n,2,302.86,11.92,N,0
41.6133,-121.78611,297.71,0.42,0.37,2021-08-17,1014,N,VIIRS,n,2,286.36,1.34,N,0
41.61396,-121.7701,297.15,0.42,0.37,2021-08-17,1014,N,VIIRS,n,2,286.38,8.64,N,0
41.61486,-121.77503,314.98,0.42,0.37,2021-08-17,1014,N,VIIRS,n,2,287.41,8.64,N,0
41.61552,-121.75906,315.66,0.42,0.38,2021-08-17,1014,N,VIIRS,n,2,287.8,11.92,N,0
41.61576,-121.77994,324.26,0.42,0.37,2021-08-17,1014,N,VIIRS,n,2,288.85,5.69,N,0
41.61641,-121.76394,367,0.42,0.38,2021-08-17,1014,N,VIIRS,h,2,309.97,11.92,N,0
41.61731,-121.76886,354.68,0.42,0.37,2021-08-17,1014,N,VIIRS,n,2,301.77,8.64,N,0
41.61821,-121.77377,323.58,0.42,0.37,2021-08-17,1014,N,VIIRS,n,2,292.42,8.64,N,0
41.6191,-121.77866,355.36,0.42,0.37,2021-08-17,1014,N,VIIRS,n,2,296.63,5.69,N,0
41.62,-121.78355,321.82,0.42,0.37,2021-08-17,1014,N,VIIRS,n,2,289.35,5.69,N,0
41.62246,-121.77744,303.23,0.42,0.37,2021-08-17,1014,N,VIIRS,n,2,286.61,0.84,N,0
41.62335,-121.78233,301.27,0.42,0.37,2021-08-17,1014,N,VIIRS,n,2,286.99,0.84,N,0
40.12325,-120.73224,339.05,0.54,0.68,2021-08-17,1956,N,VIIRS,n,2,292.5,8.99,D,0
40.13943,-120.70087,334.61,0.53,0.67,2021-08-17,1956,N,VIIRS,n,2,288.86,9.85,D,0
40.14084,-120.69619,367,0.53,0.67,2021-08-17,1956,N,VIIRS,h,2,292.25,9.85,D,0
40.14218,-120.69173,367,0.53,0.67,2021-08-17,1956,N,VIIRS,h,2,293.53,23.79,D,0
40.14351,-120.68732,367,0.53,0.67,2021-08-17,1956,N,VIIRS,h,2,295.02,23.79,D,0
40.14479,-120.68304,337.36,0.53,0.67,2021-08-17,1956,N,VIIRS,n,2,291.26,11.79,D,0
40.14618,-120.67843,349.21,0.53,0.67,2021-08-17,1956,N,VIIRS,n,2,292.43,11.79,D,0
40.14793,-120.67257,331.57,0.53,0.67,2021-08-17,1956,N,VIIRS,n,2,290.62,10.07,D,0
40.15008,-120.66537,367,0.53,0.67,2021-08-17,1956,N,VIIRS,h,2,293.86,10.07,D,0
40.12824,-120.731,336.82,0.54,0.68,2021-08-17,1957,N,VIIRS,n,2,294.57,7.91,D,0
40.13787,-120.69955,338.24,0.53,0.67,2021-08-17,1957,N,VIIRS,n,2,289.13,14.66,D,0
40.1393,-120.69486,354.19,0.53,0.67,2021-08-17,1957,N,VIIRS,n,2,291.45,22.97,D,0
40.14062,-120.69054,367,0.53,0.67,2021-08-17,1957,N,VIIRS,h,2,293.75,22.97,D,0
40.14195,-120.68623,367,0.53,0.67,2021-08-17,1957,N,VIIRS,h,2,292.67,23.3,D,0
40.14473,-120.67712,334.46,0.53,0.67,2021-08-17,1957,N,VIIRS,n,2,290.32,10.94,D,0
40.14946,-120.68383,332.14,0.53,0.67,2021-08-17,1957,N,VIIRS,n,2,296.09,23.3,D,0
40.15084,-120.67932,341.93,0.53,0.67,2021-08-17,1957,N,VIIRS,n,2,294.92,10.94,D,0
40.15249,-120.67391,353.09,0.53,0.67,2021-08-17,1957,N,VIIRS,n,2,293.02,10.94,D,0
40.15453,-120.66721,367,0.53,0.67,2021-08-17,1957,N,VIIRS,h,2,294.92,34.13,D,0
40.16035,-120.67036,353.83,0.53,0.67,2021-08-17,1957,N,VIIRS,n,2,299.3,26.51,D,0
40.16253,-120.6632,367,0.53,0.67,2021-08-17,1957,N,VIIRS,h,2,299.29,26.51,D,0
40.16566,-120.71966,334.2,0.53,0.67,2021-08-17,1957,N,VIIRS,n,2,300.8,14.44,D,0
40.17185,-120.72163,339.55,0.53,0.67,2021-08-17,1957,N,VIIRS,n,2,296.49,7.72,D,0
40.17339,-120.71656,331.61,0.53,0.67,2021-08-17,1957,N,VIIRS,n,2,296.34,7.72,D,0
40.17482,-120.71185,367,0.53,0.67,2021-08-17,1957,N,VIIRS,h,2,304.14,35.18,D,0
40.17625,-120.70713,337.85,0.53,0.67,2021-08-17,1957,N,VIIRS,n,2,300.72,35.18,D,0
40.17729,-120.72604,329.61,0.53,0.67,2021-08-17,1957,N,VIIRS,n,2,293.48,7.72,D,0
40.17769,-120.70239,329.9,0.53,0.67,2021-08-17,1957,N,VIIRS,n,2,298.73,18.17,D,0
40.1805,-120.71547,356.64,0.53,0.67,2021-08-17,1957,N,VIIRS,n,2,295.53,35.18,D,0
40.18203,-120.71045,367,0.53,0.67,2021-08-17,1957,N,VIIRS,h,2,311.61,35.18,D,0
40.18358,-120.70531,332.01,0.53,0.67,2021-08-17,1957,N,VIIRS,n,2,299.38,18.17,D,0
40.20317,-120.6407,333.47,0.53,0.67,2021-08-17,1957,N,VIIRS,n,2,298,6.15,D,0
40.2049,-120.63498,333.45,0.53,0.67,2021-08-17,1957,N,VIIRS,n,2,295.26,6.15,D,0
40.21664,-120.48505,350.5,0.52,0.67,2021-08-17,1957,N,VIIRS,n,2,291.75,9.96,D,0
40.21795,-120.48075,367,0.52,0.67,2021-08-17,1957,N,VIIRS,h,2,298.18,16.57,D,0
40.21913,-120.47684,367,0.52,0.67,2021-08-17,1957,N,VIIRS,h,2,295.58,16.57,D,0
40.21998,-120.51837,345.69,0.52,0.67,2021-08-17,1957,N,VIIRS,n,2,291.18,17,D,0
40.22029,-120.47304,367,0.52,0.67,2021-08-17,1957,N,VIIRS,h,2,294.4,35.56,D,0
40.22147,-120.51344,367,0.52,0.67,2021-08-17,1957,N,VIIRS,h,2,294.62,17,D,0
40.2215,-120.46902,367,0.52,0.67,2021-08-17,1957,N,VIIRS,h,2,294.37,35.56,D,0
40.22236,-120.4883,337.83,0.52,0.67,2021-08-17,1957,N,VIIRS,n,2,291.8,9.96,D,0
40.22304,-120.50822,346.99,0.52,0.67,2021-08-17,1957,N,VIIRS,n,2,290.77,18.46,D,0
40.22377,-120.48365,332.52,0.52,0.67,2021-08-17,1957,N,VIIRS,n,2,294.29,16.57,D,0
40.22397,-120.52735,339.49,0.52,0.67,2021-08-17,1957,N,VIIRS,n,2,291.55,14.92,D,0
40.22505,-120.47942,338.09,0.52,0.67,2021-08-17,1957,N,VIIRS,n,2,293.2,16.57,D,0
40.22557,-120.52203,367,0.52,0.67,2021-08-17,1957,N,VIIRS,h,2,295.46,17,D,0
40.22639,-120.475,367,0.52,0.67,2021-08-17,1957,N,VIIRS,h,2,296.8,35.56,D,0
40.22711,-120.51697,340.37,0.52,0.67,2021-08-17,1957,N,VIIRS,n,2,292.74,17,D,0
40.22775,-120.4705,367,0.52,0.67,2021-08-17,1957,N,VIIRS,h,2,300.3,35.56,D,0
40.22817,-120.71468,337.29,0.53,0.67,2021-08-17,1957,N,VIIRS,n,2,301.22,6.87,D,0
40.22823,-120.49108,333.72,0.52,0.67,2021-08-17,1957,N,VIIRS,n,2,291.92,29.7,D,0
40.22863,-120.71031,367,0.53,0.67,2021-08-17,1957,N,VIIRS,h,2,301.88,10.23,D,0
40.22869,-120.51173,336.63,0.52,0.67,2021-08-17,1957,N,VIIRS,n,2,293.3,18.46,D,0
40.23008,-120.70831,351.26,0.53,0.67,2021-08-17,1957,N,VIIRS,n,2,300.69,11.56,D,0
40.23043,-120.50597,367,0.52,0.67,2021-08-17,1957,N,VIIRS,h,2,295.18,18.46,D,0
40.23094,-120.48211,329.4,0.52,0.67,2021-08-17,1957,N,VIIRS,n,2,290.75,27.81,D,0
40.2313,-120.52531,342.4,0.52,0.67,2021-08-17,1957,N,VIIRS,n,2,292.41,12.98,D,0
40.23219,-120.47795,348.24,0.52,0.67,2021-08-17,1957,N,VIIRS,n,2,291.84,15.39,D,0
40.23228,-120.49982,350.81,0.52,0.67,2021-08-17,1957,N,VIIRS,n,2,297.63,29.7,D,0
40.23352,-120.47354,367,0.52,0.67,2021-08-17,1957,N,VIIRS,h,2,293.13,15.39,D,0
40.23399,-120.49417,367,0.52,0.67,2021-08-17,1957,N,VIIRS,h,2,296.53,29.7,D,0
40.23481,-120.46926,367,0.52,0.67,2021-08-17,1957,N,VIIRS,h,2,294.24,14.38,D,0
40.23608,-120.46507,336.29,0.52,0.66,2021-08-17,1957,N,VIIRS,n,2,291.97,14.38,D,0
40.23629,-120.50876,330.45,0.52,0.67,2021-08-17,1957,N,VIIRS,n,2,294.15,9.14,D,0
40.23804,-120.50297,329.02,0.52,0.67,2021-08-17,1957,N,VIIRS,n,2,294.26,10.07,D,0
40.24039,-120.51742,338.68,0.52,0.67,2021-08-17,1957,N,VIIRS,n,2,292.33,9.14,D,0
40.24201,-120.51202,348.36,0.52,0.67,2021-08-17,1957,N,VIIRS,n,2,294.5,9.14,D,0
40.24368,-120.50649,357.41,0.52,0.67,2021-08-17,1957,N,VIIRS,n,2,297.54,10.07,D,0
40.24517,-120.50152,332.29,0.52,0.67,2021-08-17,1957,N,VIIRS,n,2,296.33,10.07,D,0
40.24789,-120.94941,355.99,0.54,0.68,2021-08-17,1957,N,VIIRS,n,2,299.92,10.7,D,0
40.24896,-120.51122,334.09,0.52,0.67,2021-08-17,1957,N,VIIRS,n,2,291.3,4.77,D,0
40.24963,-120.94381,340.35,0.54,0.68,2021-08-17,1957,N,VIIRS,n,2,298.22,10.7,D,3
40.25041,-120.50639,328.87,0.52,0.67,2021-08-17,1957,N,VIIRS,n,2,292.19,4.77,D,0
40.29696,-120.90141,342.03,0.54,0.68,2021-08-17,1957,N,VIIRS,n,2,295.51,9.21,D,0
40.29822,-120.906,331.07,0.54,0.68,2021-08-17,1957,N,VIIRS,n,2,292.85,46.52,D,0
40.2992,-120.89414,349.46,0.54,0.68,2021-08-17,1957,N,VIIRS,n,2,297.7,9.21,D,0
40.30036,-120.8989,367,0.54,0.68,2021-08-17,1957,N,VIIRS,h,2,311.3,46.52,D,0
40.30124,-120.88754,331.44,0.54,0.68,2021-08-17,1957,N,VIIRS,n,2,293.83,12.97,D,0
40.30222,-120.89274,367,0.54,0.68,2021-08-17,1957,N,VIIRS,h,2,300.95,112.49,D,0
40.30408,-120.88659,367,0.54,0.68,2021-08-17,1957,N,VIIRS,h,2,295.58,112.49,D,0
40.305,-120.90607,344.82,0.54,0.68,2021-08-17,1957,N,VIIRS,n,2,294.91,46.52,D,0
40.30551,-120.89584,354.41,0.54,0.68,2021-08-17,1957,N,VIIRS,n,2,312.92,92.5,D,0
40.30642,-120.8788,344.68,0.54,0.68,2021-08-17,1957,N,VIIRS,n,2,293.79,87.02,D,0
40.30692,-120.89973,347.63,0.54,0.68,2021-08-17,1957,N,VIIRS,n,2,309.13,46.52,D,0
40.30725,-120.89015,343.37,0.54,0.68,2021-08-17,1957,N,VIIRS,n,2,310.93,97.25,D,0
40.30867,-120.89391,350.01,0.54,0.68,2021-08-17,1957,N,VIIRS,n,2,311.35,112.49,D,0
40.30922,-120.88374,367,0.54,0.68,2021-08-17,1957,N,VIIRS,h,2,300.15,97.25,D,0
40.3101,-120.90308,333.68,0.54,0.68,2021-08-17,1957,N,VIIRS,n,2,292.03,92.5,D,0
40.3121,-120.89659,356.13,0.54,0.68,2021-08-17,1957,N,VIIRS,n,2,295.71,92.5,D,0
40.31231,-120.88182,367,0.54,0.68,2021-08-17,1957,N,VIIRS,h,2,294.86,87.02,D,0
40.31367,-120.89146,332.71,0.54,0.68,2021-08-17,1957,N,VIIRS,n,2,304.05,97.25,D,0
40.31412,-121.11364,367,0.55,0.68,2021-08-17,1957,N,VIIRS,h,2,300.34,27.81,D,0
40.31516,-121.12342,367,0.55,0.68,2021-08-17,1957,N,VIIRS,h,2,295.72,41.13,D,0
40.31533,-120.88605,367,0.54,0.68,2021-08-17,1957,N,VIIRS,h,2,295.43,97.25,D,0
40.31611,-121.10712,367,0.55,0.68,2021-08-17,1957,N,VIIRS,h,2,298.4,27.81,D,0
40.31713,-121.11712,367,0.55,0.68,2021-08-17,1957,N,VIIRS,h,2,305.55,41.13,D,0
40.31805,-121.10075,348.17,0.55,0.68,2021-08-17,1957,N,VIIRS,n,2,293.64,12.99,D,0
40.31823,-121.1227,367,0.55,0.68,2021-08-17,1957,N,VIIRS,h,2,296.59,38.29,D,0
40.31891,-121.08931,329.1,0.55,0.68,2021-08-17,1957,N,VIIRS,n,2,292.84,21.34,D,0
40.31912,-121.11074,367,0.55,0.68,2021-08-17,1957,N,VIIRS,h,2,297.54,61.94,D,0
40.31992,-121.09464,330.59,0.55,0.68,2021-08-17,1957,N,VIIRS,n,2,291.25,12.99,D,0
40.32017,-121.11634,367,0.55,0.68,2021-08-17,1957,N,VIIRS,h,2,295.72,55.89,D,0
40.32123,-121.12612,367,0.55,0.68,2021-08-17,1957,N,VIIRS,h,2,307.39,64.74,D,0
40.3243,-121.1254,367,0.55,0.68,2021-08-17,1957,N,VIIRS,h,2,302.09,38.29,D,0
40.33308,-120.85039,336.91,0.54,0.67,2021-08-17,1957,N,VIIRS,n,2,291.74,19.93,D,0
40.33455,-120.84562,367,0.53,0.67,2021-08-17,1957,N,VIIRS,h,2,299.34,44.32,D,0
40.33614,-120.8404,367,0.53,0.67,2021-08-17,1957,N,VIIRS,h,2,295.36,44.32,D,0
40.34015,-120.84954,354.51,0.53,0.67,2021-08-17,1957,N,VIIRS,n,2,293.87,44.32,D,0
40.34172,-120.84442,367,0.53,0.67,2021-08-17,1957,N,VIIRS,h,2,300.8,44.32,D,0
40.34333,-120.83916,348.96,0.53,0.67,2021-08-17,1957,N,VIIRS,n,2,290.61,33.92,D,0
40.34487,-120.83409,341.63,0.53,0.67,2021-08-17,1957,N,VIIRS,n,2,289.33,33.92,D,0
40.34646,-120.82892,351.82,0.53,0.67,2021-08-17,1957,N,VIIRS,n,2,290.06,17.7,D,0
40.34808,-120.82363,354.25,0.53,0.67,2021-08-17,1957,N,VIIRS,n,2,292.08,17.7,D,0
40.34907,-120.84259,335.8,0.53,0.67,2021-08-17,1957,N,VIIRS,n,2,287.07,24.97,D,0
40.3497,-120.81831,344.34,0.53,0.67,2021-08-17,1957,N,VIIRS,n,2,290.41,12.08,D,0
40.35075,-120.83711,355.74,0.53,0.67,2021-08-17,1957,N,VIIRS,n,2,287.87,24.97,D,0
40.35137,-120.81285,335.57,0.53,0.67,2021-08-17,1957,N,VIIRS,n,2,289.23,12.08,D,0
40.35249,-120.83141,334.38,0.53,0.67,2021-08-17,1957,N,VIIRS,n,2,299.54,152.95,D,0
40.35412,-120.82605,340.94,0.53,0.67,2021-08-17,1957,N,VIIRS,n,2,307.1,152.95,D,0
40.35571,-120.82088,356.52,0.53,0.67,2021-08-17,1957,N,VIIRS,n,2,298.2,115.97,D,0
40.35731,-120.81562,367,0.53,0.67,2021-08-17,1957,N,VIIRS,h,2,296.9,115.97,D,0
40.35896,-120.81021,367,0.53,0.67,2021-08-17,1957,N,VIIRS,h,2,296.16,27.78,D,0
40.359,-121.52482,354.6,0.57,0.69,2021-08-17,1957,N,VIIRS,n,2,295.18,13.53,D,0
40.36067,-120.80461,367,0.53,0.67,2021-08-17,1957,N,VIIRS,h,2,292.77,27.78,D,0
40.36259,-120.79833,342.03,0.53,0.67,2021-08-17,1957,N,VIIRS,n,2,289.43,23.77,D,0
40.36651,-120.80769,340.43,0.53,0.67,2021-08-17,1957,N,VIIRS,n,2,288.73,27.78,D,0
40.37828,-121.50806,331.29,0.57,0.69,2021-08-17,1957,N,VIIRS,n,2,292.98,31.36,D,0
40.38164,-121.49726,337.12,0.57,0.69,2021-08-17,1957,N,VIIRS,n,2,305.93,86.77,D,0
40.38441,-121.48838,367,0.57,0.69,2021-08-17,1957,N,VIIRS,h,2,291.41,86.77,D,0
40.39045,-121.49147,329.47,0.57,0.69,2021-08-17,1957,N,VIIRS,n,2,295.37,13.91,D,0
40.39266,-121.48438,348.62,0.57,0.69,2021-08-17,1957,N,VIIRS,n,2,299.65,16.56,D,0
40.39459,-121.4782,343.85,0.57,0.69,2021-08-17,1957,N,VIIRS,n,2,295.17,16.56,D,0
40.3965,-121.47206,367,0.57,0.69,2021-08-17,1957,N,VIIRS,h,2,295.06,49.33,D,0
40.39856,-121.46542,367,0.57,0.69,2021-08-17,1957,N,VIIRS,h,2,304.89,49.33,D,0
40.40073,-121.4585,331.97,0.57,0.69,2021-08-17,1957,N,VIIRS,n,2,291.29,30.09,D,0
40.40236,-121.52077,331.5,0.57,0.69,2021-08-17,1957,N,VIIRS,l,2,303.83,14.61,D,0
40.40502,-121.46716,349.43,0.57,0.69,2021-08-17,1957,N,VIIRS,n,2,299.44,49.33,D,0
40.40503,-121.48964,329.21,0.57,0.69,2021-08-17,1957,N,VIIRS,l,2,301.49,5.51,D,0
40.4071,-121.46047,367,0.57,0.69,2021-08-17,1957,N,VIIRS,h,2,305.74,30.09,D,0
40.40714,-121.52795,329.43,0.57,0.69,2021-08-17,1957,N,VIIRS,l,2,303.28,8.23,D,0
40.40724,-121.48251,328.53,0.57,0.69,2021-08-17,1957,N,VIIRS,l,2,302.66,5.51,D,0
40.40907,-121.45412,345.66,0.57,0.69,2021-08-17,1957,N,VIIRS,n,2,294.7,30.09,D,0
40.40921,-121.4987,333.08,0.57,0.69,2021-08-17,1957,N,VIIRS,l,2,306.33,15.36,D,0
40.41147,-121.49139,333.69,0.57,0.69,2021-08-17,1957,N,VIIRS,n,2,303.19,5.51,D,0
40.41346,-121.46251,333.41,0.57,0.69,2021-08-17,1957,N,VIIRS,n,2,302.81,9.18,D,0
40.41354,-121.48475,331.35,0.57,0.69,2021-08-17,1957,N,VIIRS,l,2,304.52,5.51,D,0
40.41481,-121.5258,330.99,0.57,0.69,2021-08-17,1957,N,VIIRS,l,2,303.11,17.92,D,0
40.41541,-121.45621,338.19,0.57,0.69,2021-08-17,1957,N,VIIRS,n,2,296.88,9.18,D,0
40.41637,-121.5279,330.81,0.57,0.69,2021-08-17,1957,N,VIIRS,l,2,303.52,13.51,D,0
40.41736,-121.44991,342.6,0.57,0.69,2021-08-17,1957,N,VIIRS,n,2,293.14,46,D,0
40.41767,-121.47143,334.19,0.57,0.69,2021-08-17,1957,N,VIIRS,l,2,304.81,24.02,D,0
40.41947,-121.4431,367,0.57,0.69,2021-08-17,1957,N,VIIRS,h,2,291.65,46,D,0
40.41968,-121.46494,339.78,0.57,0.69,2021-08-17,1957,N,VIIRS,n,2,305.75,9.18,D,0
40.42016,-121.48595,333.64,0.57,0.69,2021-08-17,1957,N,VIIRS,l,2,306.78,8.98,D,0
40.42023,-121.49348,330.19,0.57,0.69,2021-08-17,1957,N,VIIRS,l,2,304.98,7.87,D,0
40.4217,-121.4359,347.97,0.57,0.69,2021-08-17,1957,N,VIIRS,n,2,286.72,172.83,D,0
40.42173,-121.45833,335.76,0.57,0.69,2021-08-17,1957,N,VIIRS,n,2,302.8,9.18,D,0
40.42197,-121.48796,332.81,0.57,0.69,2021-08-17,1957,N,VIIRS,l,2,305.33,10.09,D,0
40.42342,-121.49796,334.15,0.57,0.69,2021-08-17,1957,N,VIIRS,l,2,305.82,18.83,D,0
40.42381,-121.42914,349.13,0.57,0.69,2021-08-17,1957,N,VIIRS,n,2,288.05,172.83,D,0
40.42382,-121.4516,355.2,0.57,0.69,2021-08-17,1957,N,VIIRS,n,2,302.06,46,D,0
40.42401,-121.47352,337.27,0.57,0.69,2021-08-17,1957,N,VIIRS,n,2,306.24,10.62,D,0
40.42516,-121.49235,334.32,0.57,0.69,2021-08-17,1957,N,VIIRS,l,2,305.29,8.98,D,0
40.42519,-121.49998,331.9,0.57,0.69,2021-08-17,1957,N,VIIRS,l,2,304.45,7.87,D,0
40.42575,-121.47604,334.76,0.57,0.69,2021-08-17,1957,N,VIIRS,l,2,305.47,9.46,D,0
40.42584,-121.44507,351.37,0.57,0.69,2021-08-17,1957,N,VIIRS,n,2,297.94,46,D,0
40.42585,-121.42252,334.42,0.57,0.69,2021-08-17,1957,N,VIIRS,n,2,286.07,80.48,D,0
40.42604,-121.46695,341.63,0.57,0.69,2021-08-17,1957,N,VIIRS,n,2,306.95,9.06,D,0
40.42672,-121.48734,332.94,0.57,0.69,2021-08-17,1957,N,VIIRS,l,2,303.41,8.98,D,0
40.42709,-121.49397,332.21,0.57,0.69,2021-08-17,1957,N,VIIRS,l,2,303.16,7.87,D,0
40.42771,-121.41654,340.21,0.57,0.69,2021-08-17,1957,N,VIIRS,n,2,287.2,80.48,D,0
40.42776,-121.46964,342.99,0.57,0.69,2021-08-17,1957,N,VIIRS,n,2,306.82,9.46,D,0
40.42801,-121.43809,290.85,0.57,0.69,2021-08-17,1957,N,VIIRS,l,2,307.98,172.83,D,0
40.42822,-121.45993,333.2,0.57,0.69,2021-08-17,1957,N,VIIRS,l,2,305.24,9.06,D,0
40.42846,-121.4817,338.14,0.57,0.69,2021-08-17,1957,N,VIIRS,n,2,306.88,10.62,D,0
40.42858,-121.48926,334.25,0.57,0.69,2021-08-17,1957,N,VIIRS,n,2,303.39,10.09,D,0
40.42937,-121.41119,336.34,0.57,0.69,2021-08-17,1957,N,VIIRS,n,2,290.18,15.28,D,0
40.43004,-121.46243,332.13,0.57,0.69,2021-08-17,1957,N,VIIRS,l,2,304.26,12.89,D,0
40.43022,-121.48405,343.12,0.57,0.69,2021-08-17,1957,N,VIIRS,n,2,305.49,10.09,D,0
40.43031,-121.45318,344.81,0.57,0.69,2021-08-17,1957,N,VIIRS,n,2,309.52,64.55,D,0
40.43034,-121.47564,341.73,0.57,0.69,2021-08-17,1957,N,VIIRS,n,2,305.95,10.62,D,0
40.4314,-121.42712,348.31,0.57,0.69,2021-08-17,1957,N,VIIRS,n,2,298.8,80.48,D,0
40.43163,-121.49405,330.46,0.57,0.69,2021-08-17,1957,N,VIIRS,l,2,301.71,7.05,D,0
40.43207,-121.4782,345.22,0.57,0.69,2021-08-17,1957,N,VIIRS,n,2,306.02,9.46,D,0
40.43216,-121.4472,367,0.57,0.69,2021-08-17,1957,N,VIIRS,h,2,302.95,64.55,D,0
40.43223,-121.45551,344.23,0.57,0.69,2021-08-17,1957,N,VIIRS,n,2,308.27,12.89,D,0
40.43247,-121.46874,336.91,0.57,0.69,2021-08-17,1957,N,VIIRS,n,2,304.52,9.06,D,0
40.43304,-121.48949,335.7,0.57,0.69,2021-08-17,1957,N,VIIRS,n,2,301.31,7.05,D,0
40.43306,-121.42181,357.04,0.57,0.69,2021-08-17,1957,N,VIIRS,l,2,292.78,80.48,D,0
40.43324,-121.49667,331.08,0.57,0.69,2021-08-17,1957,N,VIIRS,l,2,301.69,9.2,D,0
40.4341,-121.44956,367,0.57,0.69,2021-08-17,1957,N,VIIRS,h,2,309.14,105.01,D,0
40.43418,-121.4715,338.95,0.57,0.69,2021-08-17,1957,N,VIIRS,n,2,303.96,9.46,D,0
40.43468,-121.48421,344.1,0.57,0.69,2021-08-17,1957,N,VIIRS,n,2,303.74,10.03,D,0
40.43468,-121.41656,340.53,0.57,0.69,2021-08-17,1957,N,VIIRS,n,2,287.81,15.28,D,0
40.43481,-121.49169,334.04,0.57,0.69,2021-08-17,1957,N,VIIRS,n,2,302.03,8.64,D,0
40.43492,-121.46083,338.94,0.57,0.69,2021-08-17,1957,N,VIIRS,n,2,304.52,9.06,D,0
40.43631,-121.41127,328.61,0.57,0.69,2021-08-17,1957,N,VIIRS,n,2,289.19,15.28,D,0
40.43641,-121.48665,339.79,0.57,0.69,2021-08-17,1957,N,VIIRS,n,2,302.56,8.64,D,0
40.43654,-121.47816,342.61,0.57,0.69,2021-08-17,1957,N,VIIRS,n,2,304.4,10.03,D,0
40.43683,-121.45466,354.57,0.57,0.69,2021-08-17,1957,N,VIIRS,n,2,305.71,64.55,D,0
40.43684,-121.46307,340.9,0.57,0.69,2021-08-17,1957,N,VIIRS,n,2,304.01,12.89,D,0
40.43719,-121.43097,348.21,0.57,0.69,2021-08-17,1957,N,VIIRS,n,2,300.03,98.08,D,0
40.43745,-121.49783,330.06,0.57,0.69,2021-08-17,1957,N,VIIRS,l,2,302.26,7.05,D,0
40.43828,-121.48071,341.95,0.57,0.69,2021-08-17,1957,N,VIIRS,n,2,304.3,9.47,D,0
40.43876,-121.4259,367,0.57,0.69,2021-08-17,1957,N,VIIRS,h,2,294.22,98.08,D,0
40.43879,-121.45689,354.27,0.57,0.69,2021-08-17,1957,N,VIIRS,n,2,304.31,12.89,D,0
40.43888,-121.47058,332.59,0.57,0.69,2021-08-17,1957,N,VIIRS,l,2,303.07,10.44,D,0
40.43892,-121.50089,330.77,0.57,0.69,2021-08-17,1957,N,VIIRS,l,2,301.91,9.2,D,0
40.43917,-121.43348,356.32,0.57,0.69,2021-08-17,1957,N,VIIRS,n,2,300.78,224.89,D,0
40.43922,-121.4921,339.78,0.57,0.69,2021-08-17,1957,N,VIIRS,n,2,304.45,7.05,D,0
40.44011,-121.44404,367,0.57,0.69,2021-08-17,1957,N,VIIRS,h,2,299.02,272.08,D,0
40.44043,-121.45168,345.1,0.57,0.69,2021-08-17,1957,N,VIIRS,n,2,306.85,105.01,D,0
40.44045,-121.42043,367,0.57,0.69,2021-08-17,1957,N,VIIRS,h,2,292.88,22.2,D,0
40.44065,-121.47317,333.31,0.57,0.69,2021-08-17,1957,N,VIIRS,l,2,303.46,9.47,D,0
40.4408,-121.42832,367,0.57,0.69,2021-08-17,1957,N,VIIRS,h,2,292.05,44.68,D,0
40.44091,-121.48662,345.26,0.57,0.69,2021-08-17,1957,N,VIIRS,n,2,305.59,10.03,D,0
40.44097,-121.49439,336.95,0.57,0.69,2021-08-17,1957,N,VIIRS,n,2,304.11,8.64,D,0
40.44135,-121.46258,344.1,0.57,0.69,2021-08-17,1957,N,VIIRS,n,2,304.53,10.44,D,0
40.44176,-121.43869,367,0.57,0.69,2021-08-17,1957,N,VIIRS,h,2,293.26,272.08,D,0
40.44205,-121.44653,367,0.57,0.69,2021-08-17,1957,N,VIIRS,h,2,297.42,105.01,D,0
40.44228,-121.4145,352.56,0.57,0.69,2021-08-17,1957,N,VIIRS,n,2,292.52,22.2,D,0
40.4425,-121.42292,367,0.57,0.69,2021-08-17,1957,N,VIIRS,h,2,293.75,44.68,D,0
40.44269,-121.48893,349.68,0.57,0.69,2021-08-17,1957,N,VIIRS,n,2,306.2,8.64,D,0
40.44298,-121.47994,341.71,0.57,0.69,2021-08-17,1957,N,VIIRS,n,2,305.66,10.03,D,0
40.44309,-121.45695,356.36,0.57,0.69,2021-08-17,1957,N,VIIRS,n,2,304.95,36.74,D,0
40.44318,-121.46516,341.89,0.57,0.69,2021-08-17,1957,N,VIIRS,n,2,303.78,13.46,D,0
40.44339,-121.43344,351.02,0.57,0.69,2021-08-17,1957,N,VIIRS,n,2,292.48,98.08,D,0
40.44341,-121.50116,331.65,0.57,0.69,2021-08-17,1957,N,VIIRS,l,2,301.9,8.29,D,0
40.44373,-121.44118,333.8,0.57,0.69,2021-08-17,1957,N,VIIRS,n,2,291.95,224.89,D,0
40.44421,-121.40826,336.83,0.56,0.69,2021-08-17,1957,N,VIIRS,n,2,290.52,11.97,D,0
40.44432,-121.41718,348.34,0.56,0.69,2021-08-17,1957,N,VIIRS,n,2,294.53,15.88,D,0
40.44466,-121.45186,367,0.57,0.69,2021-08-17,1957,N,VIIRS,h,2,306.23,36.74,D,0
40.44471,-121.4825,344.52,0.57,0.69,2021-08-17,1957,N,VIIRS,n,2,307.44,9.47,D,0
40.44505,-121.45919,351.36,0.57,0.69,2021-08-17,1957,N,VIIRS,n,2,305.21,13.46,D,0
40.44507,-121.42802,336.49,0.57,0.69,2021-08-17,1957,N,VIIRS,n,2,292.1,98.08,D,0
40.44549,-121.49441,341.5,0.57,0.69,2021-08-17,1957,N,VIIRS,n,2,306.02,8.29,D,0
40.44553,-121.47162,337.84,0.57,0.69,2021-08-17,1957,N,VIIRS,n,2,304.13,10.44,D,0
40.44629,-121.4109,350.64,0.56,0.69,2021-08-17,1957,N,VIIRS,n,2,293.5,15.88,D,0
40.44663,-121.45418,367,0.57,0.69,2021-08-17,1957,N,VIIRS,h,2,306.03,40.5,D,0
40.44682,-121.42233,367,0.57,0.69,2021-08-17,1957,N,VIIRS,h,2,298.75,22.2,D,0
40.44714,-121.47478,338.07,0.57,0.69,2021-08-17,1957,N,VIIRS,n,2,303.79,9.47,D,0
40.44719,-121.43021,328.31,0.57,0.69,2021-08-17,1957,N,VIIRS,n,2,293.3,44.68,D,0
40.4473,-121.49654,336.99,0.57,0.69,2021-08-17,1957,N,VIIRS,n,2,304.74,9.94,D,0
40.44733,-121.48845,334.74,0.57,0.69,2021-08-17,1957,N,VIIRS,n,2,301.36,7.8,D,0
40.44758,-121.46501,346.04,0.57,0.69,2021-08-17,1957,N,VIIRS,n,2,306.98,10.44,D,0
40.44837,-121.44865,339.36,0.57,0.69,2021-08-17,1957,N,VIIRS,n,2,296.79,40.5,D,0
40.44874,-121.41615,340.08,0.57,0.69,2021-08-17,1957,N,VIIRS,n,2,295.68,22.2,D,0
40.44905,-121.42429,367,0.57,0.69,2021-08-17,1957,N,VIIRS,h,2,297.1,44.68,D,0
40.44927,-121.45953,351.23,0.57,0.69,2021-08-17,1957,N,VIIRS,n,2,304.76,36.74,D,0
40.44931,-121.4679,343.67,0.57,0.69,2021-08-17,1957,N,VIIRS,n,2,307.14,13.46,D,0
40.44934,-121.48193,340.59,0.57,0.69,2021-08-17,1957,N,VIIRS,n,2,304.5,7.8,D,0
40.45073,-121.40968,328.53,0.56,0.69,2021-08-17,1957,N,VIIRS,n,2,293.5,11.97,D,0
40.45094,-121.45414,355.79,0.57,0.69,2021-08-17,1957,N,VIIRS,n,2,303.06,36.74,D,0
40.45099,-121.41813,367,0.56,0.69,2021-08-17,1957,N,VIIRS,h,2,299.06,15.88,D,0
40.45108,-121.46227,342.96,0.57,0.69,2021-08-17,1957,N,VIIRS,n,2,303.39,13.46,D,0
40.45111,-121.4844,335.87,0.57,0.69,2021-08-17,1957,N,VIIRS,n,2,301.6,7.81,D,0
40.45126,-121.52104,331.09,0.57,0.69,2021-08-17,1957,N,VIIRS,n,2,300.58,10.95,D,0
40.45153,-121.47483,336.96,0.57,0.69,2021-08-17,1957,N,VIIRS,n,2,302.83,10.3,D,0
40.45169,-121.42914,332.26,0.57,0.69,2021-08-17,1957,N,VIIRS,n,2,292.86,12.09,D,0
40.45232,-121.49489,329.15,0.57,0.69,2021-08-17,1957,N,VIIRS,l,2,300.28,8.29,D,0
40.45284,-121.44799,367,0.57,0.69,2021-08-17,1957,N,VIIRS,h,2,299.54,37.86,D,0
40.45285,-121.45663,367,0.57,0.69,2021-08-17,1957,N,VIIRS,h,2,303.84,40.5,D,0
40.45292,-121.52323,341.42,0.57,0.69,2021-08-17,1957,N,VIIRS,n,2,298.76,7.57,D,0
40.45292,-121.41201,334.82,0.56,0.69,2021-08-17,1957,N,VIIRS,n,2,294.48,15.88,D,0
40.45323,-121.47768,335.34,0.57,0.69,2021-08-17,1957,N,VIIRS,n,2,302.26,7.81,D,0
40.4535,-121.46844,343.29,0.57,0.69,2021-08-17,1957,N,VIIRS,n,2,306.75,10.3,D,0
40.45354,-121.42314,349.28,0.57,0.69,2021-08-17,1957,N,VIIRS,n,2,292.97,16,D,0
40.45399,-121.48949,332.55,0.57,0.69,2021-08-17,1957,N,VIIRS,n,2,299.67,7.8,D,0
40.4546,-121.44227,355.56,0.57,0.69,2021-08-17,1957,N,VIIRS,n,2,298.98,37.86,D,0
40.45478,-121.45049,367,0.57,0.69,2021-08-17,1957,N,VIIRS,h,2,306.07,40.5,D,0
40.45528,-121.47116,341.36,0.57,0.69,2021-08-17,1957,N,VIIRS,n,2,303.2,21.27,D,0
40.45528,-121.46266,345.65,0.57,0.69,2021-08-17,1957,N,VIIRS,n,2,301.19,40.09,D,0
40.4553,-121.41743,349.07,0.57,0.69,2021-08-17,1957,N,VIIRS,n,2,293.4,16,D,0
40.45576,-121.48373,333.06,0.57,0.69,2021-08-17,1957,N,VIIRS,n,2,299.77,7.8,D,0
40.45601,-121.49109,330.37,0.57,0.69,2021-08-17,1957,N,VIIRS,n,2,297.2,9.94,D,0
40.45661,-121.44469,367,0.57,0.69,2021-08-17,1957,N,VIIRS,h,2,300.09,29.38,D,0
40.45701,-121.41189,356.61,0.56,0.69,2021-08-17,1957,N,VIIRS,n,2,296.68,24.78,D,0
40.45715,-121.46519,353.17,0.57,0.69,2021-08-17,1957,N,VIIRS,n,2,302.36,21.27,D,0
40.45721,-121.45641,367,0.57,0.69,2021-08-17,1957,N,VIIRS,h,2,305.54,40.09,D,0
40.45765,-121.47763,338.96,0.57,0.69,2021-08-17,1957,N,VIIRS,n,2,301.87,10.3,D,0
40.45771,-121.48569,339.74,0.57,0.69,2021-08-17,1957,N,VIIRS,n,2,299.02,7.81,D,0
40.45827,-121.4394,344.62,0.57,0.69,2021-08-17,1957,N,VIIRS,n,2,293.16,29.38,D,0
40.45871,-121.40639,357.05,0.56,0.69,2021-08-17,1957,N,VIIRS,l,2,296.39,24.78,D,0
40.459,-121.41486,354.92,0.56,0.69,2021-08-17,1957,N,VIIRS,n,2,294.11,48.74,D,0
40.45911,-121.45024,367,0.57,0.69,2021-08-17,1957,N,VIIRS,h,2,299.75,27.48,D,0
40.45914,-121.45886,367,0.57,0.69,2021-08-17,1957,N,VIIRS,h,2,302.59,49.91,D,0
40.45949,-121.48001,343.11,0.57,0.69,2021-08-17,1957,N,VIIRS,n,2,300.3,7.81,D,0
40.45956,-121.47137,340.1,0.57,0.69,2021-08-17,1957,N,VIIRS,n,2,297.24,10.3,D,0
40.46046,-121.4007,328.68,0.56,0.69,2021-08-17,1957,N,VIIRS,n,2,291.05,13.85,D,0
40.4607,-121.40945,357.01,0.56,0.69,2021-08-17,1957,N,VIIRS,l,2,302.03,36.23,D,0
40.46078,-121.44481,367,0.57,0.69,2021-08-17,1957,N,VIIRS,h,2,296.05,27.48,D,0
40.4611,-121.45262,367,0.57,0.69,2021-08-17,1957,N,VIIRS,h,2,299.92,49.91,D,0
40.46157,-121.46489,353.4,0.57,0.69,2021-08-17,1957,N,VIIRS,n,2,302.33,40.09,D,0
40.46235,-121.48499,344.5,0.57,0.69,2021-08-17,1957,N,VIIRS,n,2,295.52,10.5,D,0
40.46242,-121.43949,336.12,0.57,0.69,2021-08-17,1957,N,VIIRS,n,2,293.84,15.47,D,0
40.46246,-121.40385,337.96,0.56,0.69,2021-08-17,1957,N,VIIRS,n,2,290.31,36.23,D,0
40.46285,-121.44704,341.96,0.57,0.69,2021-08-17,1957,N,VIIRS,n,2,294.9,21.81,D,0
40.46293,-121.41528,367,0.56,0.69,2021-08-17,1957,N,VIIRS,h,2,291.99,24.78,D,0
40.46354,-121.46712,354.78,0.57,0.69,2021-08-17,1957,N,VIIRS,n,2,296.3,21.27,D,0
40.4637,-121.45796,367,0.57,0.69,2021-08-17,1957,N,VIIRS,h,2,299.3,40.09,D,0
40.46436,-121.48676,329.29,0.57,0.69,2021-08-17,1957,N,VIIRS,n,2,293.92,3.64,D,0
40.46447,-121.39746,329.01,0.56,0.69,2021-08-17,1957,N,VIIRS,n,2,289.9,19.28,D,0
40.46467,-121.40959,356.67,0.56,0.69,2021-08-17,1957,N,VIIRS,l,2,292.03,24.78,D,0
40.46563,-121.45167,339.75,0.57,0.69,2021-08-17,1957,N,VIIRS,n,2,292.78,27.48,D,0
40.46587,-121.45967,367,0.57,0.69,2021-08-17,1957,N,VIIRS,h,2,299.39,49.91,D,0
40.46657,-121.40344,340.64,0.56,0.69,2021-08-17,1957,N,VIIRS,n,2,289.74,13.85,D,0
40.46677,-121.41231,332.52,0.56,0.69,2021-08-17,1957,N,VIIRS,n,2,289.53,36.23,D,0
40.46863,-121.39677,343.15,0.56,0.69,2021-08-17,1957,N,VIIRS,n,2,290.36,13.85,D,0
40.46871,-121.40615,351.02,0.56,0.69,2021-08-17,1957,N,VIIRS,n,2,289.99,36.23,D,0
40.47079,-121.39952,357.73,0.56,0.69,2021-08-17,1957,N,VIIRS,l,2,295.27,19.28,D,0
40.47085,-121.41213,343.47,0.56,0.69,2021-08-17,1957,N,VIIRS,n,2,288.9,20.3,D,0
40.47087,-121.38947,333.53,0.56,0.69,2021-08-17,1957,N,VIIRS,n,2,288.7,18.04,D,0
40.47291,-121.40543,352.63,0.56,0.69,2021-08-17,1957,N,VIIRS,n,2,293.74,101.49,D,0
40.47298,-121.39254,346.64,0.56,0.69,2021-08-17,1957,N,VIIRS,n,2,289.44,19.28,D,0
40.47301,-121.41466,328.54,0.56,0.69,2021-08-17,1957,N,VIIRS,n,2,290.43,22.82,D,0
40.47499,-121.39865,354.75,0.56,0.69,2021-08-17,1957,N,VIIRS,n,2,304.14,101.49,D,0
40.47507,-121.40809,367,0.56,0.69,2021-08-17,1957,N,VIIRS,h,2,292.95,22.82,D,0
40.4753,-121.38515,352.63,0.56,0.69,2021-08-17,1957,N,VIIRS,n,2,291.11,21.96,D,0
40.47532,-121.375,342.61,0.56,0.69,2021-08-17,1957,N,VIIRS,n,2,290.83,8.51,D,0
40.47712,-121.39172,367,0.56,0.69,2021-08-17,1957,N,VIIRS,h,2,292.07,89.12,D,0
40.47722,-121.36881,334.14,0.56,0.69,2021-08-17,1957,N,VIIRS,n,2,289.89,8.51,D,0
40.47724,-121.40118,346.32,0.56,0.69,2021-08-17,1957,N,VIIRS,n,2,300.22,98.36,D,0
40.47752,-121.37806,357.59,0.56,0.69,2021-08-17,1957,N,VIIRS,l,2,291.07,21.96,D,0
40.47933,-121.36195,328.9,0.56,0.69,2021-08-17,1957,N,VIIRS,n,2,289.32,8.07,D,0
40.47934,-121.39447,367,0.56,0.69,2021-08-17,1957,N,VIIRS,h,2,293.05,98.36,D,0
40.47934,-121.38448,367,0.56,0.69,2021-08-17,1957,N,VIIRS,h,2,295.86,89.12,D,0
40.47938,-121.37212,357.73,0.56,0.69,2021-08-17,1957,N,VIIRS,l,2,292.09,34.88,D,0
40.48145,-121.37762,367,0.56,0.69,2021-08-17,1957,N,VIIRS,h,2,292.12,26.66,D,0
40.48158,-121.3873,367,0.56,0.69,2021-08-17,1957,N,VIIRS,h,2,294,32.36,D,0
40.48335,-121.37144,337.3,0.56,0.69,2021-08-17,1957,N,VIIRS,n,2,290.61,26.66,D,0
40.48378,-121.38027,335.05,0.56,0.69,2021-08-17,1957,N,VIIRS,n,2,290.95,32.36,D,0
40.48379,-121.35806,333.76,0.56,0.69,2021-08-17,1957,N,VIIRS,n,2,288.78,5.38,D,0
40.48764,-121.35748,334.24,0.56,0.69,2021-08-17,1957,N,VIIRS,n,2,288.9,9.91,D,0
40.48978,-121.36112,340.15,0.56,0.69,2021-08-17,1957,N,VIIRS,n,2,290.33,5.73,D,0
40.49189,-121.37659,330.2,0.56,0.69,2021-08-17,1957,N,VIIRS,n,2,296.16,14.87,D,0
40.49342,-121.36122,331.41,0.56,0.69,2021-08-17,1957,N,VIIRS,n,2,291.29,9.91,D,0
40.49558,-121.36481,328.53,0.56,0.69,2021-08-17,1957,N,VIIRS,n,2,292.9,5.73,D,0
40.49564,-121.3766,352.78,0.56,0.69,2021-08-17,1957,N,VIIRS,n,2,298.99,12.48,D,0
40.49565,-121.35393,336.09,0.56,0.69,2021-08-17,1957,N,VIIRS,n,2,290.82,8.91,D,0
40.49735,-121.37103,335.19,0.56,0.69,2021-08-17,1957,N,VIIRS,n,2,294.93,15.31,D,0
40.49777,-121.35778,334.2,0.56,0.69,2021-08-17,1957,N,VIIRS,n,2,291,5.73,D,0
40.49796,-121.37943,342.72,0.56,0.69,2021-08-17,1957,N,VIIRS,n,2,295.46,6.85,D,0
40.49969,-121.37388,337.13,0.56,0.69,2021-08-17,1957,N,VIIRS,n,2,294.55,6.85,D,0
40.50086,-121.32569,330.34,0.56,0.69,2021-08-17,1957,N,VIIRS,n,2,290.02,7.83,D,0
40.50243,-121.32066,346.29,0.56,0.69,2021-08-17,1957,N,VIIRS,n,2,293.3,7.83,D,0
40.50584,-121.32069,351.87,0.56,0.69,2021-08-17,1957,N,VIIRS,n,2,293.14,20.12,D,0
40.51938,-121.29903,329.73,0.56,0.68,2021-08-17,1957,N,VIIRS,n,2,292.18,7.94,D,0
41.47991,-121.97739,356.35,0.56,0.69,2021-08-17,1957,N,VIIRS,n,2,298.08,24.34,D,0
41.4814,-121.97263,346.96,0.56,0.69,2021-08-17,1957,N,VIIRS,n,2,293.7,24.42,D,0
41.53542,-122.00028,327.14,0.56,0.69,2021-08-17,1957,N,VIIRS,n,2,294.12,4.69,D,0
41.57156,-121.77297,337.03,0.54,0.68,2021-08-17,1957,N,VIIRS,n,2,297.49,17.23,D,0
41.57737,-121.77643,367,0.54,0.68,2021-08-17,1957,N,VIIRS,h,2,299.16,17.23,D,0
41.58335,-121.77934,353.45,0.54,0.68,2021-08-17,1957,N,VIIRS,n,2,296.38,12.67,D,0
40.05102,-121.11028,332.47,0.55,0.51,2021-08-17,2137,N,VIIRS,n,2,287.83,8.35,D,0
40.0556,-121.11267,342.37,0.55,0.51,2021-08-17,2137,N,VIIRS,n,2,284.96,8.35,D,0
40.08526,-121.09875,352.52,0.55,0.51,2021-08-17,2137,N,VIIRS,n,2,292.52,11.79,D,0
40.08572,-121.09271,347.14,0.55,0.51,2021-08-17,2137,N,VIIRS,n,2,290.93,11.3,D,0
40.08615,-121.0998,367,0.55,0.51,2021-08-17,2137,N,VIIRS,h,2,293.39,11.12,D,0
40.08657,-121.09375,348.31,0.55,0.51,2021-08-17,2137,N,VIIRS,n,2,290.66,11.12,D,0
40.0896,-121.10453,354.82,0.55,0.51,2021-08-17,2137,N,VIIRS,n,2,290.15,9.24,D,0
40.09007,-121.09834,336.08,0.55,0.51,2021-08-17,2137,N,VIIRS,n,2,291.09,9.24,D,0
40.09052,-121.10555,346.67,0.55,0.51,2021-08-17,2137,N,VIIRS,n,2,285.06,8.65,D,0
40.09094,-121.08673,331.12,0.55,0.51,2021-08-17,2137,N,VIIRS,n,2,291.92,6.22,D,0
40.10413,-120.76215,336.48,0.57,0.52,2021-08-17,2137,N,VIIRS,n,2,296.46,15.31,D,0
40.10525,-120.76132,339.71,0.57,0.52,2021-08-17,2137,N,VIIRS,n,2,295.77,156.15,D,0
40.10571,-120.75493,330.84,0.57,0.52,2021-08-17,2137,N,VIIRS,n,2,295.77,156.15,D,0
40.1086,-120.76804,333.78,0.57,0.52,2021-08-17,2137,N,VIIRS,n,2,296.9,15.31,D,0
40.10901,-120.76183,352.92,0.57,0.52,2021-08-17,2137,N,VIIRS,n,2,299.16,15.31,D,0
40.10941,-120.75596,367,0.57,0.52,2021-08-17,2137,N,VIIRS,h,2,299.4,20.01,D,0
40.1097,-120.76704,340.89,0.57,0.52,2021-08-17,2137,N,VIIRS,n,2,296.72,12.16,D,0
40.10979,-120.75019,350.49,0.57,0.52,2021-08-17,2137,N,VIIRS,n,2,299.17,20.01,D,0
40.11055,-120.75517,367,0.57,0.52,2021-08-17,2137,N,VIIRS,l,2,326.48,156.15,D,0
40.11096,-120.74947,354.92,0.57,0.52,2021-08-17,2137,N,VIIRS,n,2,301.64,67.27,D,0
40.11307,-120.77376,331.94,0.57,0.52,2021-08-17,2137,N,VIIRS,n,2,295.93,13.17,D,0
40.1139,-120.76144,367,0.57,0.52,2021-08-17,2137,N,VIIRS,l,2,382.67,691.28,D,0
40.11415,-120.77267,334.61,0.57,0.52,2021-08-17,2137,N,VIIRS,n,2,296.75,133.28,D,0
40.11425,-120.75607,367,0.57,0.52,2021-08-17,2137,N,VIIRS,l,2,378.51,582.72,D,0
40.11461,-120.76635,367,0.57,0.52,2021-08-17,2137,N,VIIRS,l,2,335.93,133.28,D,0
40.11462,-120.75052,356.53,0.57,0.52,2021-08-17,2137,N,VIIRS,n,2,305.87,582.72,D,0
40.11502,-120.76064,367,0.57,0.52,2021-08-17,2137,N,VIIRS,l,2,377.81,0,D,0
40.11502,-120.74458,349.37,0.57,0.52,2021-08-17,2137,N,VIIRS,n,2,297.24,25.5,D,0
40.1154,-120.75533,367,0.57,0.52,2021-08-17,2137,N,VIIRS,h,2,353.51,0,D,0
40.1158,-120.74978,367,0.57,0.52,2021-08-17,2137,N,VIIRS,h,2,302.06,52.55,D,0
40.11623,-120.74383,342.5,0.57,0.52,2021-08-17,2137,N,VIIRS,n,2,295.86,52.55,D,0
40.11799,-120.7728,346.41,0.57,0.52,2021-08-17,2137,N,VIIRS,n,2,299.25,13.17,D,0
40.11839,-120.76678,316.15,0.57,0.52,2021-08-17,2137,N,VIIRS,l,2,318.12,691.28,D,0
40.11876,-120.76127,348.61,0.57,0.52,2021-08-17,2137,N,VIIRS,n,2,309.22,691.28,D,0
40.11908,-120.77176,347.31,0.57,0.52,2021-08-17,2137,N,VIIRS,n,2,301.05,133.28,D,0
40.1191,-120.75619,367,0.57,0.52,2021-08-17,2137,N,VIIRS,h,2,301.97,582.72,D,0
40.11946,-120.75089,347.92,0.57,0.52,2021-08-17,2137,N,VIIRS,n,2,299.39,582.72,D,0
40.11951,-120.76583,352.96,0.57,0.52,2021-08-17,2137,N,VIIRS,n,2,307.58,133.28,D,0
40.1199,-120.76048,367,0.57,0.52,2021-08-17,2137,N,VIIRS,h,2,303.16,0,D,0
40.12025,-120.7555,354.17,0.57,0.52,2021-08-17,2137,N,VIIRS,n,2,300.49,0,D,0
40.12063,-120.75016,341.95,0.57,0.52,2021-08-17,2137,N,VIIRS,n,2,300.19,52.55,D,0
40.12069,-120.73234,339.52,0.57,0.52,2021-08-17,2137,N,VIIRS,n,2,293.82,10.12,D,0
40.12196,-120.73179,350.64,0.57,0.52,2021-08-17,2137,N,VIIRS,n,2,296.24,20.91,D,0
40.12282,-120.77311,330.58,0.57,0.52,2021-08-17,2137,N,VIIRS,n,2,298.82,5.34,D,0
40.12322,-120.76721,335.95,0.57,0.52,2021-08-17,2137,N,VIIRS,n,2,300.32,7.35,D,0
40.1236,-120.76158,340.88,0.57,0.52,2021-08-17,2137,N,VIIRS,n,2,300.76,7.35,D,0
40.12395,-120.75639,339.74,0.57,0.52,2021-08-17,2137,N,VIIRS,n,2,301.65,5.96,D,0
40.1243,-120.75114,339.48,0.57,0.52,2021-08-17,2137,N,VIIRS,n,2,302.09,5.96,D,0
40.12431,-120.76666,332.58,0.57,0.52,2021-08-17,2137,N,VIIRS,n,2,300.17,11.52,D,0
40.12472,-120.76097,337.46,0.57,0.52,2021-08-17,2137,N,VIIRS,n,2,300.77,5.87,D,0
40.1251,-120.7557,338.31,0.57,0.52,2021-08-17,2137,N,VIIRS,n,2,301.78,5.87,D,0
40.12545,-120.73402,356.89,0.57,0.52,2021-08-17,2137,N,VIIRS,n,2,298.52,17.96,D,0
40.12547,-120.75045,337.53,0.57,0.52,2021-08-17,2137,N,VIIRS,n,2,301.73,8.1,D,0
40.12586,-120.72784,367,0.57,0.52,2021-08-17,2137,N,VIIRS,h,2,298.32,17.96,D,0
40.12669,-120.73357,341.64,0.57,0.52,2021-08-17,2137,N,VIIRS,n,2,298.08,15.86,D,0
40.12713,-120.72745,354.4,0.57,0.52,2021-08-17,2137,N,VIIRS,n,2,298.64,25.86,D,0
40.12878,-120.75681,333.52,0.57,0.52,2021-08-17,2137,N,VIIRS,n,2,301.25,5.96,D,0
40.12992,-120.75624,332.53,0.57,0.52,2021-08-17,2137,N,VIIRS,n,2,301.17,5.87,D,0
40.1303,-120.7509,331.29,0.57,0.52,2021-08-17,2137,N,VIIRS,n,2,301,8.1,D,0
40.13896,-120.67746,337.19,0.58,0.52,2021-08-17,2137,N,VIIRS,n,2,293.46,138.77,D,0
40.13946,-120.66995,339.22,0.58,0.52,2021-08-17,2137,N,VIIRS,n,2,293.77,138.77,D,0
40.14263,-120.69555,346,0.58,0.52,2021-08-17,2137,N,VIIRS,n,2,298.17,100.4,D,0
40.14321,-120.68687,367,0.58,0.52,2021-08-17,2137,N,VIIRS,h,2,325.44,100.4,D,0
40.1438,-120.67802,367,0.58,0.52,2021-08-17,2137,N,VIIRS,l,2,342.52,138.77,D,0
40.14428,-120.67096,350.7,0.58,0.52,2021-08-17,2137,N,VIIRS,n,2,310.65,138.77,D,0
40.14469,-120.66477,367,0.58,0.52,2021-08-17,2137,N,VIIRS,h,2,295.53,43.81,D,0
40.14513,-120.65816,351.53,0.58,0.52,2021-08-17,2137,N,VIIRS,n,2,296.69,43.81,D,0
40.14782,-120.76262,344.16,0.57,0.52,2021-08-17,2137,N,VIIRS,n,2,299.97,11.82,D,0
40.14803,-120.68768,342.95,0.58,0.52,2021-08-17,2137,N,VIIRS,n,2,299.76,27.63,D,0
40.14864,-120.67873,367,0.58,0.52,2021-08-17,2137,N,VIIRS,h,2,325.6,373.81,D,0
40.14911,-120.6717,367,0.58,0.52,2021-08-17,2137,N,VIIRS,l,2,381.09,373.81,D,0
40.14952,-120.66548,367,0.58,0.52,2021-08-17,2137,N,VIIRS,l,2,342.82,286.34,D,0
40.14997,-120.65874,351.56,0.58,0.52,2021-08-17,2137,N,VIIRS,n,2,314.41,286.34,D,0
40.15047,-120.65133,348.76,0.58,0.52,2021-08-17,2137,N,VIIRS,n,2,295.89,12.53,D,0
40.15345,-120.67966,340.6,0.58,0.52,2021-08-17,2137,N,VIIRS,n,2,300.57,373.81,D,0
40.15395,-120.67231,356.08,0.58,0.52,2021-08-17,2137,N,VIIRS,n,2,302.01,373.81,D,0
40.15483,-120.65932,354.3,0.58,0.52,2021-08-17,2137,N,VIIRS,n,2,299.84,286.34,D,0
40.15532,-120.65207,334.98,0.58,0.52,2021-08-17,2137,N,VIIRS,n,2,294.96,12.53,D,0
40.15878,-120.673,345.53,0.58,0.52,2021-08-17,2137,N,VIIRS,n,2,303.56,19.01,D,0
40.15921,-120.6666,367,0.58,0.52,2021-08-17,2137,N,VIIRS,h,2,328.65,74.8,D,0
40.15966,-120.66002,345.52,0.58,0.52,2021-08-17,2137,N,VIIRS,n,2,303.8,74.8,D,0
40.16344,-120.7475,341.2,0.57,0.52,2021-08-17,2137,N,VIIRS,n,2,297.11,1.42,D,0
40.16405,-120.66734,340.15,0.58,0.52,2021-08-17,2137,N,VIIRS,n,2,303.01,74.8,D,0
40.17007,-120.72178,345.44,0.58,0.52,2021-08-17,2137,N,VIIRS,n,2,300.33,10.18,D,0
40.17548,-120.71407,351.06,0.58,0.52,2021-08-17,2137,N,VIIRS,n,2,300.6,47.11,D,0
40.17604,-120.706,341.28,0.58,0.52,2021-08-17,2137,N,VIIRS,n,2,303.07,47.11,D,0
40.17936,-120.72832,356.89,0.57,0.52,2021-08-17,2137,N,VIIRS,n,2,300.92,21.07,D,0
40.1809,-120.70618,347.99,0.58,0.52,2021-08-17,2137,N,VIIRS,n,2,306.43,47.11,D,0
40.18526,-120.71351,354.73,0.58,0.52,2021-08-17,2137,N,VIIRS,n,2,299.91,10.41,D,0
40.18919,-120.65701,342.93,0.58,0.52,2021-08-17,2137,N,VIIRS,n,2,303.87,11.92,D,0
40.20494,-120.64149,342.48,0.58,0.52,2021-08-17,2137,N,VIIRS,n,2,303.61,11.16,D,0
40.20544,-120.63438,340.54,0.58,0.52,2021-08-17,2137,N,VIIRS,n,2,300.31,11.16,D,0
40.21142,-120.47619,351.42,0.59,0.53,2021-08-17,2137,N,VIIRS,n,2,301.29,182.46,D,0
40.21207,-120.46679,349.24,0.59,0.53,2021-08-17,2137,N,VIIRS,n,2,294.19,182.46,D,0
40.21258,-120.45927,340.18,0.59,0.53,2021-08-17,2137,N,VIIRS,n,2,293.39,32.85,D,0
40.21372,-120.6957,349.6,0.58,0.52,2021-08-17,2137,N,VIIRS,n,2,309.44,20.42,D,0
40.21422,-120.688,335.08,0.58,0.52,2021-08-17,2137,N,VIIRS,n,2,302.9,20.42,D,0
40.2154,-120.701,339.06,0.58,0.52,2021-08-17,2137,N,VIIRS,n,2,302.96,24.08,D,0
40.21582,-120.48405,342.47,0.59,0.53,2021-08-17,2137,N,VIIRS,n,2,297.56,38.19,D,0
40.2159,-120.69402,345.65,0.58,0.52,2021-08-17,2137,N,VIIRS,n,2,307,24.08,D,0
40.21646,-120.47477,367,0.59,0.53,2021-08-17,2137,N,VIIRS,l,2,332.12,182.46,D,0
40.21711,-120.46535,367,0.59,0.53,2021-08-17,2137,N,VIIRS,h,2,345.11,182.46,D,0
40.21761,-120.45794,367,0.59,0.53,2021-08-17,2137,N,VIIRS,h,2,295.73,32.85,D,0
40.21811,-120.45068,347.55,0.59,0.53,2021-08-17,2137,N,VIIRS,n,2,292.73,32.85,D,0
40.21871,-120.51369,345.22,0.59,0.53,2021-08-17,2137,N,VIIRS,n,2,295.33,133.83,D,0
40.21906,-120.68858,337.88,0.58,0.52,2021-08-17,2137,N,VIIRS,n,2,304.45,20.42,D,0
40.21923,-120.50607,353.52,0.59,0.53,2021-08-17,2137,N,VIIRS,n,2,295.92,216.75,D,0
40.21975,-120.49855,338.4,0.59,0.53,2021-08-17,2137,N,VIIRS,n,2,293.4,216.75,D,0
40.22078,-120.48372,356.49,0.59,0.53,2021-08-17,2137,N,VIIRS,n,2,296.79,20.61,D,0
40.22128,-120.68696,332.42,0.58,0.52,2021-08-17,2137,N,VIIRS,n,2,302.35,9.93,D,0
40.22145,-120.47391,347.49,0.59,0.53,2021-08-17,2137,N,VIIRS,n,2,306.28,100,D,0
40.22209,-120.46471,367,0.59,0.53,2021-08-17,2137,N,VIIRS,l,2,339.74,100,D,0
40.2231,-120.52136,345.99,0.59,0.53,2021-08-17,2137,N,VIIRS,n,2,306.02,133.83,D,0
40.22316,-120.4493,350.56,0.59,0.53,2021-08-17,2137,N,VIIRS,n,2,294.59,76.37,D,0
40.22364,-120.51369,367,0.59,0.53,2021-08-17,2137,N,VIIRS,h,2,339.21,133.83,D,0
40.22369,-120.44142,330.24,0.59,0.53,2021-08-17,2137,N,VIIRS,n,2,292.96,9.16,D,0
40.22415,-120.50629,367,0.59,0.53,2021-08-17,2137,N,VIIRS,l,2,367.9,216.75,D,0
40.2244,-120.68143,332.13,0.58,0.52,2021-08-17,2137,N,VIIRS,n,2,301.33,5.22,D,0
40.22465,-120.4991,367,0.59,0.53,2021-08-17,2137,N,VIIRS,h,2,299.51,216.75,D,0
40.2248,-120.52298,367,0.59,0.53,2021-08-17,2137,N,VIIRS,h,2,300.67,15.57,D,0
40.22514,-120.49203,367,0.59,0.53,2021-08-17,2137,N,VIIRS,h,2,294.39,20.61,D,0
40.22529,-120.51533,333.58,0.59,0.53,2021-08-17,2137,N,VIIRS,n,2,307.03,143.58,D,0
40.22568,-120.48413,352.11,0.59,0.53,2021-08-17,2137,N,VIIRS,n,2,297.5,20.61,D,0
40.22576,-120.50793,367,0.59,0.53,2021-08-17,2137,N,VIIRS,l,2,336.8,143.58,D,0
40.22621,-120.50081,353.47,0.59,0.53,2021-08-17,2137,N,VIIRS,n,2,308.84,279.48,D,0
40.22632,-120.47498,356.3,0.59,0.53,2021-08-17,2137,N,VIIRS,n,2,298.44,100,D,0
40.22665,-120.49378,367,0.59,0.53,2021-08-17,2137,N,VIIRS,h,2,297.78,279.48,D,0
40.22697,-120.46561,356.3,0.59,0.53,2021-08-17,2137,N,VIIRS,n,2,296.59,100,D,0
40.22713,-120.48624,367,0.59,0.53,2021-08-17,2137,N,VIIRS,h,2,297.78,54.81,D,0
40.22751,-120.52881,342.43,0.59,0.53,2021-08-17,2137,N,VIIRS,n,2,300.1,15.41,D,0
40.22759,-120.45673,344.78,0.59,0.53,2021-08-17,2137,N,VIIRS,n,2,293.93,76.37,D,0
40.22771,-120.47697,367,0.59,0.53,2021-08-17,2137,N,VIIRS,h,2,298.91,54.81,D,0
40.22804,-120.52124,330.83,0.59,0.53,2021-08-17,2137,N,VIIRS,n,2,299.36,9.66,D,0
40.22814,-120.44871,334.35,0.59,0.53,2021-08-17,2137,N,VIIRS,n,2,293.74,76.37,D,0
40.22828,-120.46796,367,0.59,0.53,2021-08-17,2137,N,VIIRS,h,2,296.86,23.7,D,0
40.22857,-120.51372,341.67,0.59,0.53,2021-08-17,2137,N,VIIRS,n,2,299.87,9.66,D,0
40.22887,-120.4584,340.03,0.59,0.53,2021-08-17,2137,N,VIIRS,n,2,293.35,23.7,D,0
40.22906,-120.50655,349.76,0.59,0.53,2021-08-17,2137,N,VIIRS,n,2,305.16,126.71,D,0
40.2291,-120.71414,331.88,0.58,0.52,2021-08-17,2137,N,VIIRS,l,2,304.58,6.36,D,0
40.22925,-120.53057,340.17,0.59,0.53,2021-08-17,2137,N,VIIRS,n,2,296.7,15.57,D,0
40.22938,-120.45021,331.87,0.59,0.53,2021-08-17,2137,N,VIIRS,n,2,293.77,8.24,D,0
40.22954,-120.49966,367,0.59,0.53,2021-08-17,2137,N,VIIRS,l,2,347.4,126.71,D,0
40.22973,-120.52295,339.47,0.59,0.53,2021-08-17,2137,N,VIIRS,n,2,299.9,15.57,D,0
40.23003,-120.49257,367,0.59,0.53,2021-08-17,2137,N,VIIRS,h,2,362,178.24,D,0
40.23021,-120.51543,330.98,0.59,0.53,2021-08-17,2137,N,VIIRS,n,2,300.76,143.58,D,0
40.23061,-120.48428,353.91,0.59,0.53,2021-08-17,2137,N,VIIRS,n,2,296.6,178.24,D,0
40.23067,-120.50822,352.04,0.59,0.53,2021-08-17,2137,N,VIIRS,n,2,303.58,143.58,D,0
40.23111,-120.50133,367,0.59,0.53,2021-08-17,2137,N,VIIRS,h,2,337.15,279.48,D,0
40.23124,-120.47523,356.39,0.59,0.53,2021-08-17,2137,N,VIIRS,n,2,296.74,12.79,D,0
40.23155,-120.49428,367,0.59,0.53,2021-08-17,2137,N,VIIRS,l,2,372.64,279.48,D,0
40.23188,-120.46611,352.02,0.59,0.53,2021-08-17,2137,N,VIIRS,n,2,295.17,12.79,D,0
40.23207,-120.48608,353.16,0.59,0.53,2021-08-17,2137,N,VIIRS,n,2,299.57,54.81,D,0
40.23265,-120.47686,345.11,0.59,0.53,2021-08-17,2137,N,VIIRS,n,2,295.97,54.81,D,0
40.23294,-120.52162,333.69,0.59,0.53,2021-08-17,2137,N,VIIRS,n,2,298.64,9.66,D,0
40.2332,-120.46803,356.6,0.59,0.53,2021-08-17,2137,N,VIIRS,n,2,295.72,23.7,D,0
40.23395,-120.5071,351.39,0.59,0.53,2021-08-17,2137,N,VIIRS,n,2,301.97,126.71,D,0
40.23443,-120.50022,352.89,0.59,0.53,2021-08-17,2137,N,VIIRS,n,2,307.79,126.71,D,0
40.23496,-120.49269,353.67,0.59,0.53,2021-08-17,2137,N,VIIRS,n,2,308.16,178.24,D,0
40.23555,-120.50888,332.34,0.59,0.53,2021-08-17,2137,N,VIIRS,n,2,299.47,9.84,D,0
40.23559,-120.48363,339.3,0.59,0.53,2021-08-17,2137,N,VIIRS,n,2,296.61,178.24,D,0
40.236,-120.50188,352.85,0.59,0.53,2021-08-17,2137,N,VIIRS,n,2,301.39,15.48,D,0
40.23622,-120.47466,333.87,0.59,0.53,2021-08-17,2137,N,VIIRS,n,2,296.43,12.79,D,0
40.23646,-120.49455,354.58,0.59,0.53,2021-08-17,2137,N,VIIRS,n,2,300.65,15.48,D,0
40.23684,-120.46589,342.21,0.59,0.53,2021-08-17,2137,N,VIIRS,n,2,296.52,12.79,D,0
40.23705,-120.48544,334.26,0.59,0.53,2021-08-17,2137,N,VIIRS,n,2,297.12,13.08,D,0
40.23816,-120.46764,332.29,0.59,0.53,2021-08-17,2137,N,VIIRS,n,2,297.23,7.4,D,0
40.23834,-120.51479,342.04,0.59,0.53,2021-08-17,2137,N,VIIRS,n,2,300.11,5.32,D,0
40.23885,-120.5076,333.21,0.59,0.53,2021-08-17,2137,N,VIIRS,n,2,300.11,12.38,D,0
40.23999,-120.51656,335.16,0.59,0.53,2021-08-17,2137,N,VIIRS,n,2,297.73,9.84,D,0
40.24046,-120.50925,343.44,0.59,0.53,2021-08-17,2137,N,VIIRS,n,2,302.16,9.84,D,0
40.24325,-120.51508,331.81,0.59,0.53,2021-08-17,2137,N,VIIRS,n,2,296.58,5.32,D,0
40.24376,-120.50781,348.61,0.59,0.53,2021-08-17,2137,N,VIIRS,n,2,300.58,12.38,D,0
40.24538,-120.50932,342.09,0.59,0.53,2021-08-17,2137,N,VIIRS,n,2,301.28,13.45,D,0
40.24586,-120.50178,333.28,0.59,0.53,2021-08-17,2137,N,VIIRS,n,2,301.08,12.2,D,0
40.24875,-120.50709,347.82,0.59,0.53,2021-08-17,2137,N,VIIRS,n,2,303.33,18.17,D,0
40.25037,-120.50826,342.99,0.59,0.53,2021-08-17,2137,N,VIIRS,n,2,302.29,13.45,D,0
40.25087,-120.50063,337.92,0.59,0.53,2021-08-17,2137,N,VIIRS,n,2,299.83,12.2,D,0
40.25378,-120.50577,367,0.59,0.53,2021-08-17,2137,N,VIIRS,h,2,300.94,18.17,D,0
40.25433,-120.49813,338.27,0.59,0.53,2021-08-17,2137,N,VIIRS,n,2,301.54,18.17,D,0
40.25537,-120.50719,337.18,0.59,0.53,2021-08-17,2137,N,VIIRS,n,2,297.81,6.36,D,0
40.25586,-120.49959,343.71,0.59,0.53,2021-08-17,2137,N,VIIRS,n,2,303.01,7.98,D,0
40.26085,-120.49879,332.97,0.59,0.53,2021-08-17,2137,N,VIIRS,n,2,299,7.98,D,0
40.26136,-120.49091,332.58,0.59,0.53,2021-08-17,2137,N,VIIRS,n,2,301.96,7.98,D,0
40.26799,-120.89799,334.18,0.56,0.52,2021-08-17,2137,N,VIIRS,n,2,291.66,4.47,D,0
40.28191,-120.90608,344.7,0.56,0.52,2021-08-17,2137,N,VIIRS,n,2,295.45,7.56,D,0
40.29669,-120.90195,333.96,0.56,0.52,2021-08-17,2137,N,VIIRS,n,2,294.11,6.11,D,0
40.29713,-120.89574,336.04,0.56,0.52,2021-08-17,2137,N,VIIRS,n,2,295.59,32.55,D,0
40.29757,-120.88972,333.92,0.56,0.52,2021-08-17,2137,N,VIIRS,n,2,293.06,32.55,D,0
40.29801,-120.88349,334.76,0.57,0.52,2021-08-17,2137,N,VIIRS,n,2,292.81,26.2,D,0
40.30058,-120.8475,341.2,0.57,0.52,2021-08-17,2137,N,VIIRS,n,2,298.22,8.76,D,0
40.30138,-120.90382,341.71,0.56,0.52,2021-08-17,2137,N,VIIRS,n,2,296.28,6.11,D,0
40.30188,-120.89693,367,0.56,0.52,2021-08-17,2137,N,VIIRS,h,2,306.28,32.55,D,0
40.30238,-120.89005,341.54,0.56,0.52,2021-08-17,2137,N,VIIRS,n,2,310.96,32.55,D,0
40.30284,-120.88365,367,0.57,0.52,2021-08-17,2137,N,VIIRS,h,2,297.01,26.2,D,0
40.30326,-120.87764,355.13,0.57,0.52,2021-08-17,2137,N,VIIRS,n,2,290.24,26.2,D,0
40.30369,-120.8717,341.07,0.57,0.52,2021-08-17,2137,N,VIIRS,n,2,292.14,13.51,D,0
40.30537,-120.84819,333.77,0.57,0.52,2021-08-17,2137,N,VIIRS,n,2,295.04,8.76,D,0
40.30565,-120.90463,336.67,0.56,0.52,2021-08-17,2137,N,VIIRS,n,2,298.51,98.61,D,0
40.3061,-120.90536,345.69,0.56,0.52,2021-08-17,2137,N,VIIRS,n,2,296.2,26.59,D,0
40.30612,-120.8976,367,0.56,0.52,2021-08-17,2137,N,VIIRS,h,2,338.08,98.61,D,0
40.3066,-120.89845,367,0.56,0.52,2021-08-17,2137,N,VIIRS,h,2,336.55,172.76,D,0
40.30661,-120.89014,367,0.57,0.52,2021-08-17,2137,N,VIIRS,h,2,331.55,491.98,D,0
40.30704,-120.8836,367,0.57,0.52,2021-08-17,2137,N,VIIRS,h,2,352.23,491.98,D,0
40.30745,-120.87767,367,0.57,0.52,2021-08-17,2137,N,VIIRS,h,2,295.79,207.58,D,0
40.30762,-120.88429,367,0.57,0.52,2021-08-17,2137,N,VIIRS,l,2,369.05,474.5,D,0
40.30783,-120.87185,354.03,0.57,0.52,2021-08-17,2137,N,VIIRS,n,2,291.04,207.58,D,0
40.30806,-120.87833,351.44,0.57,0.52,2021-08-17,2137,N,VIIRS,n,2,303.48,474.5,D,0
40.30822,-120.86597,335.52,0.57,0.52,2021-08-17,2137,N,VIIRS,n,2,297.44,12.46,D,0
40.30847,-120.87251,367,0.57,0.52,2021-08-17,2137,N,VIIRS,h,2,290.39,47.38,D,0
40.30889,-120.86668,339.67,0.57,0.52,2021-08-17,2137,N,VIIRS,n,2,296.39,47.38,D,0
40.31086,-120.89909,367,0.56,0.52,2021-08-17,2137,N,VIIRS,h,2,294.82,98.61,D,0
40.31133,-120.89983,352.03,0.56,0.52,2021-08-17,2137,N,VIIRS,n,2,293.84,172.76,D,0
40.31182,-120.88454,367,0.57,0.52,2021-08-17,2137,N,VIIRS,l,2,374.94,491.98,D,0
40.31185,-120.89265,347.57,0.56,0.52,2021-08-17,2137,N,VIIRS,n,2,306.93,172.76,D,0
40.31223,-120.8784,367,0.57,0.52,2021-08-17,2137,N,VIIRS,h,2,354.69,207.58,D,0
40.31239,-120.88528,367,0.57,0.52,2021-08-17,2137,N,VIIRS,l,2,358.57,474.5,D,0
40.31262,-120.87256,357.19,0.57,0.52,2021-08-17,2137,N,VIIRS,l,2,289.41,207.58,D,0
40.31284,-120.87906,367,0.57,0.52,2021-08-17,2137,N,VIIRS,h,2,362.92,474.5,D,0
40.31301,-120.8668,349.34,0.57,0.52,2021-08-17,2137,N,VIIRS,n,2,290.19,12.46,D,0
40.31326,-120.87318,367,0.57,0.52,2021-08-17,2137,N,VIIRS,h,2,290.27,47.38,D,0
40.31352,-121.12957,352.97,0.55,0.51,2021-08-17,2137,N,VIIRS,n,2,292.18,19.61,D,0
40.31367,-120.86746,351.51,0.57,0.52,2021-08-17,2137,N,VIIRS,n,2,290.03,47.38,D,0
40.31401,-121.12306,348.01,0.55,0.51,2021-08-17,2137,N,VIIRS,n,2,300.01,118.9,D,0
40.31408,-120.86178,330.73,0.57,0.52,2021-08-17,2137,N,VIIRS,n,2,292.23,10.52,D,0
40.31435,-121.12937,367,0.55,0.51,2021-08-17,2137,N,VIIRS,h,2,293.37,129.33,D,0
40.31451,-121.11651,367,0.55,0.51,2021-08-17,2137,N,VIIRS,h,2,339.03,118.9,D,0
40.31499,-121.11002,354.77,0.55,0.51,2021-08-17,2137,N,VIIRS,n,2,301.99,26.08,D,0
40.31526,-121.11629,367,0.55,0.51,2021-08-17,2137,N,VIIRS,h,2,343.7,128.38,D,0
40.31548,-121.10355,357.07,0.55,0.51,2021-08-17,2137,N,VIIRS,n,2,304.62,26.08,D,0
40.31565,-120.89967,337.78,0.56,0.52,2021-08-17,2137,N,VIIRS,n,2,294.18,8.44,D,0
40.31572,-121.10979,367,0.55,0.51,2021-08-17,2137,N,VIIRS,h,2,304.03,128.38,D,0
40.31598,-121.09697,356.12,0.55,0.51,2021-08-17,2137,N,VIIRS,n,2,310,41.88,D,0
40.31611,-120.89269,348.42,0.57,0.52,2021-08-17,2137,N,VIIRS,n,2,301.46,99.92,D,0
40.31613,-120.90025,333.73,0.56,0.52,2021-08-17,2137,N,VIIRS,n,2,293.45,36.91,D,0
40.31617,-121.10331,355.64,0.55,0.51,2021-08-17,2137,N,VIIRS,n,2,307.08,51.74,D,0
40.31648,-121.09032,367,0.55,0.51,2021-08-17,2137,N,VIIRS,h,2,306.08,41.88,D,0
40.3166,-120.88532,367,0.57,0.52,2021-08-17,2137,N,VIIRS,l,2,343.09,99.92,D,0
40.31663,-121.0967,367,0.55,0.51,2021-08-17,2137,N,VIIRS,h,2,311.74,51.74,D,0
40.31663,-120.89342,348.58,0.56,0.52,2021-08-17,2137,N,VIIRS,n,2,294.59,36.91,D,0
40.31709,-121.09003,357.33,0.55,0.51,2021-08-17,2137,N,VIIRS,n,2,304.35,31.26,D,0
40.31717,-120.88603,367,0.57,0.52,2021-08-17,2137,N,VIIRS,l,2,333.01,111.63,D,0
40.31743,-120.87299,356.89,0.57,0.52,2021-08-17,2137,N,VIIRS,l,2,289.09,163.14,D,0
40.31763,-120.87962,343.47,0.57,0.52,2021-08-17,2137,N,VIIRS,n,2,308.57,111.63,D,0
40.31781,-120.86729,348.15,0.57,0.52,2021-08-17,2137,N,VIIRS,n,2,289.04,13.39,D,0
40.31807,-120.87358,357.59,0.57,0.52,2021-08-17,2137,N,VIIRS,l,2,288.1,18.03,D,0
40.31849,-120.86787,351,0.57,0.52,2021-08-17,2137,N,VIIRS,n,2,289,18.03,D,0
40.31862,-121.13664,330.25,0.55,0.51,2021-08-17,2137,N,VIIRS,n,2,282.49,7.32,D,0
40.31888,-120.86233,338.27,0.57,0.52,2021-08-17,2137,N,VIIRS,n,2,291.46,12.65,D,0
40.31953,-121.12357,355.64,0.55,0.51,2021-08-17,2137,N,VIIRS,n,2,303.82,74.76,D,0
40.31999,-121.11701,348.76,0.55,0.51,2021-08-17,2137,N,VIIRS,n,2,295.98,46.35,D,0
40.32044,-121.11051,355.07,0.55,0.51,2021-08-17,2137,N,VIIRS,n,2,302.67,46.35,D,0
40.3209,-121.10401,367,0.55,0.51,2021-08-17,2137,N,VIIRS,h,2,299.07,33.41,D,0
40.32092,-120.89308,332.24,0.57,0.52,2021-08-17,2137,N,VIIRS,n,2,290.11,99.92,D,0
40.32137,-121.09733,367,0.55,0.51,2021-08-17,2137,N,VIIRS,h,2,293.64,33.41,D,0
40.32139,-120.88603,337.12,0.57,0.52,2021-08-17,2137,N,VIIRS,n,2,294.3,99.92,D,0
40.32182,-120.87958,336.4,0.57,0.52,2021-08-17,2137,N,VIIRS,n,2,293.04,163.14,D,0
40.32183,-121.09064,344.56,0.55,0.51,2021-08-17,2137,N,VIIRS,n,2,291.2,12.06,D,0
40.32195,-120.88671,330.9,0.57,0.52,2021-08-17,2137,N,VIIRS,n,2,293.83,111.63,D,0
40.32243,-120.88025,332.66,0.57,0.52,2021-08-17,2137,N,VIIRS,n,2,293.37,111.63,D,0
40.32261,-120.86787,343.79,0.57,0.52,2021-08-17,2137,N,VIIRS,n,2,290.06,13.39,D,0
40.32299,-120.86222,355.27,0.57,0.52,2021-08-17,2137,N,VIIRS,n,2,296.42,13.39,D,0
40.32328,-120.86853,334.09,0.57,0.52,2021-08-17,2137,N,VIIRS,n,2,288.81,18.03,D,0
40.32368,-120.86286,367,0.57,0.52,2021-08-17,2137,N,VIIRS,h,2,296.96,12.65,D,0
40.32379,-121.13091,350.21,0.55,0.51,2021-08-17,2137,N,VIIRS,n,2,285.65,74.76,D,0
40.32401,-121.19534,335.65,0.54,0.51,2021-08-17,2137,N,VIIRS,n,2,285.6,6.45,D,0
40.32426,-121.12431,367,0.55,0.51,2021-08-17,2137,N,VIIRS,h,2,293.54,74.76,D,0
40.32471,-121.11772,353.16,0.55,0.51,2021-08-17,2137,N,VIIRS,n,2,288.66,46.35,D,0
40.32517,-121.11122,367,0.55,0.51,2021-08-17,2137,N,VIIRS,h,2,291.46,46.35,D,0
40.32563,-121.10471,331.95,0.55,0.51,2021-08-17,2137,N,VIIRS,n,2,286.02,33.41,D,0
40.32827,-120.85573,333.1,0.57,0.52,2021-08-17,2137,N,VIIRS,n,2,293.32,6.92,D,0
40.32957,-120.84854,340.44,0.57,0.52,2021-08-17,2137,N,VIIRS,n,2,297.36,12.79,D,0
40.3299,-121.11193,331.41,0.55,0.51,2021-08-17,2137,N,VIIRS,n,2,288.73,6.82,D,0
40.33221,-121.07898,335.16,0.55,0.51,2021-08-17,2137,N,VIIRS,n,2,285.11,4.33,D,0
40.33266,-121.07271,336.61,0.55,0.51,2021-08-17,2137,N,VIIRS,n,2,285.71,4.33,D,0
40.33315,-120.85509,331.21,0.57,0.52,2021-08-17,2137,N,VIIRS,n,2,294.46,6.92,D,0
40.33367,-120.84731,349.36,0.57,0.52,2021-08-17,2137,N,VIIRS,n,2,301.71,6.92,D,0
40.33447,-120.84796,367,0.57,0.52,2021-08-17,2137,N,VIIRS,h,2,303.79,12.79,D,0
40.3351,-121.10602,331.74,0.55,0.51,2021-08-17,2137,N,VIIRS,n,2,293.12,5.24,D,0
40.33557,-121.09938,350.94,0.55,0.51,2021-08-17,2137,N,VIIRS,n,2,290.3,5.24,D,0
40.33604,-121.09273,334.01,0.55,0.51,2021-08-17,2137,N,VIIRS,n,2,287.62,4.46,D,0
40.33854,-120.84695,356.25,0.57,0.52,2021-08-17,2137,N,VIIRS,n,2,308.13,107.16,D,0
40.33902,-120.83981,351.49,0.57,0.52,2021-08-17,2137,N,VIIRS,n,2,309.92,70.69,D,0
40.3403,-121.10011,345.11,0.55,0.51,2021-08-17,2137,N,VIIRS,n,2,297.4,24.08,D,0
40.34076,-121.0936,352.21,0.55,0.51,2021-08-17,2137,N,VIIRS,n,2,291.42,13.66,D,0
40.34388,-120.83964,343.87,0.57,0.52,2021-08-17,2137,N,VIIRS,l,2,317.62,70.69,D,0
40.34439,-120.83207,348.7,0.57,0.52,2021-08-17,2137,N,VIIRS,n,2,298.72,70.69,D,0
40.34548,-121.0945,347.66,0.55,0.51,2021-08-17,2137,N,VIIRS,n,2,290.07,13.66,D,0
40.34594,-121.08794,344.82,0.55,0.51,2021-08-17,2137,N,VIIRS,n,2,292.16,13.66,D,0
40.34809,-120.77717,330.94,0.57,0.52,2021-08-17,2137,N,VIIRS,n,2,294.29,5.54,D,0
40.34921,-120.83259,351.04,0.57,0.52,2021-08-17,2137,N,VIIRS,n,2,308.93,51.16,D,0
40.34971,-120.82521,355.77,0.57,0.52,2021-08-17,2137,N,VIIRS,n,2,310.06,64.83,D,0
40.35022,-120.8177,338.97,0.57,0.52,2021-08-17,2137,N,VIIRS,n,2,297.13,64.83,D,0
40.35113,-121.08231,335.01,0.55,0.51,2021-08-17,2137,N,VIIRS,n,2,293.5,9.28,D,0
40.35158,-121.0759,333.96,0.55,0.51,2021-08-17,2137,N,VIIRS,n,2,286.02,9.28,D,0
40.35402,-120.83318,355.11,0.57,0.52,2021-08-17,2137,N,VIIRS,n,2,307.17,51.16,D,0
40.35451,-120.82595,367,0.57,0.52,2021-08-17,2137,N,VIIRS,h,2,336.27,64.83,D,0
40.35503,-120.81829,367,0.57,0.52,2021-08-17,2137,N,VIIRS,h,2,306.52,64.83,D,0
40.35553,-120.81091,349.13,0.57,0.52,2021-08-17,2137,N,VIIRS,n,2,302.16,16.4,D,0
40.35585,-121.08319,334.45,0.55,0.51,2021-08-17,2137,N,VIIRS,n,2,296.07,9.28,D,0
40.35586,-121.52964,342.29,0.52,0.5,2021-08-17,2137,N,VIIRS,n,2,285.13,32.05,D,0
40.35631,-121.07675,355.21,0.55,0.51,2021-08-17,2137,N,VIIRS,n,2,296.78,9.28,D,0
40.35638,-121.52296,353.05,0.52,0.5,2021-08-17,2137,N,VIIRS,n,2,296.81,90.17,D,0
40.35675,-121.07054,331.27,0.55,0.51,2021-08-17,2137,N,VIIRS,n,2,288.02,6.68,D,0
40.35932,-120.82664,340.68,0.57,0.52,2021-08-17,2137,N,VIIRS,n,2,295.94,33.23,D,0
40.35983,-120.81909,354.9,0.57,0.52,2021-08-17,2137,N,VIIRS,n,2,309.13,33.23,D,0
40.36035,-120.81154,353.62,0.57,0.52,2021-08-17,2137,N,VIIRS,n,2,317.3,34.68,D,0
40.36041,-121.53128,336.13,0.52,0.5,2021-08-17,2137,N,VIIRS,n,2,291.01,32.05,D,0
40.36084,-120.80438,348.15,0.57,0.52,2021-08-17,2137,N,VIIRS,n,2,302.6,34.68,D,0
40.36103,-121.07768,347.31,0.55,0.51,2021-08-17,2137,N,VIIRS,n,2,292.88,12.74,D,0
40.36145,-121.51788,333.5,0.52,0.5,2021-08-17,2137,N,VIIRS,n,2,282.55,90.17,D,0
40.36393,-121.10395,336.73,0.55,0.51,2021-08-17,2137,N,VIIRS,n,2,286.95,7.47,D,0
40.36497,-121.53262,343.91,0.52,0.5,2021-08-17,2137,N,VIIRS,n,2,290.14,11.5,D,0
40.36544,-121.52665,367,0.52,0.5,2021-08-17,2137,N,VIIRS,h,2,290.04,11.83,D,0
40.36567,-120.80473,353.74,0.57,0.52,2021-08-17,2137,N,VIIRS,n,2,304.26,34.68,D,0
40.36612,-120.79818,345.38,0.57,0.52,2021-08-17,2137,N,VIIRS,n,2,303.49,11.79,D,0
40.36621,-121.07229,331.53,0.55,0.51,2021-08-17,2137,N,VIIRS,n,2,291.45,10.02,D,0
40.36657,-120.79153,338.36,0.57,0.52,2021-08-17,2137,N,VIIRS,n,2,301.52,11.79,D,0
40.36706,-120.78439,346.48,0.57,0.52,2021-08-17,2137,N,VIIRS,n,2,300.65,7.35,D,0
40.36753,-120.77746,336.03,0.57,0.52,2021-08-17,2137,N,VIIRS,n,2,298.97,7.35,D,0
40.36819,-121.11119,335.84,0.55,0.51,2021-08-17,2137,N,VIIRS,n,2,287.19,8.01,D,0
40.36866,-121.10468,345.23,0.55,0.51,2021-08-17,2137,N,VIIRS,n,2,287.63,8.01,D,0
40.37,-121.52805,330.31,0.52,0.5,2021-08-17,2137,N,VIIRS,n,2,290.39,11.83,D,0
40.3705,-121.52166,333.9,0.52,0.5,2021-08-17,2137,N,VIIRS,n,2,286.15,11.83,D,0
40.37227,-121.53056,352.74,0.52,0.5,2021-08-17,2137,N,VIIRS,n,2,296.1,24.11,D,0
40.37271,-121.52444,367,0.52,0.5,2021-08-17,2137,N,VIIRS,h,2,298.34,40.7,D,0
40.37465,-121.52849,356.03,0.52,0.5,2021-08-17,2137,N,VIIRS,n,2,297.87,39.58,D,0
40.37518,-121.5217,348.77,0.52,0.5,2021-08-17,2137,N,VIIRS,n,2,298.06,39.58,D,0
40.37685,-121.50032,350.54,0.53,0.5,2021-08-17,2137,N,VIIRS,n,2,279.62,39.37,D,0
40.37723,-121.49538,357.65,0.53,0.5,2021-08-17,2137,N,VIIRS,l,2,265.09,39.37,D,0
40.3774,-121.5243,367,0.52,0.5,2021-08-17,2137,N,VIIRS,h,2,298.98,34.51,D,0
40.37764,-121.49007,357.65,0.53,0.5,2021-08-17,2137,N,VIIRS,l,2,263.97,273.42,D,0
40.37808,-121.48437,352.41,0.53,0.5,2021-08-17,2137,N,VIIRS,n,2,272.96,273.42,D,0
40.37857,-121.47814,357.65,0.53,0.5,2021-08-17,2137,N,VIIRS,l,2,267.36,141.34,D,0
40.37895,-121.50272,345.01,0.53,0.5,2021-08-17,2137,N,VIIRS,n,2,286.25,30.28,D,0
40.3793,-121.49776,356.78,0.53,0.5,2021-08-17,2137,N,VIIRS,n,2,285.76,188.05,D,0
40.381,-121.47415,356.9,0.53,0.5,2021-08-17,2137,N,VIIRS,l,2,267.37,46.65,D,0
40.38145,-121.5014,356.69,0.53,0.5,2021-08-17,2137,N,VIIRS,n,2,285.41,39.37,D,0
40.38183,-121.49648,336.12,0.53,0.5,2021-08-17,2137,N,VIIRS,n,2,293.72,39.37,D,0
40.38225,-121.49106,367,0.53,0.5,2021-08-17,2137,N,VIIRS,l,2,342.97,273.42,D,0
40.38271,-121.48513,367,0.53,0.5,2021-08-17,2137,N,VIIRS,l,2,350.58,273.42,D,0
40.38321,-121.47875,343.85,0.53,0.5,2021-08-17,2137,N,VIIRS,n,2,292.9,141.34,D,0
40.38374,-121.47196,356.94,0.53,0.5,2021-08-17,2137,N,VIIRS,l,2,264.53,141.34,D,0
40.38379,-121.09406,350.95,0.55,0.51,2021-08-17,2137,N,VIIRS,n,2,292.74,10.75,D,0
40.38392,-121.49874,352.08,0.53,0.5,2021-08-17,2137,N,VIIRS,n,2,292,188.05,D,0
40.38427,-121.46517,350.03,0.53,0.5,2021-08-17,2137,N,VIIRS,n,2,265.06,14.73,D,0
40.3843,-121.49345,367,0.53,0.5,2021-08-17,2137,N,VIIRS,l,2,341.76,188.05,D,0
40.38472,-121.48766,367,0.53,0.5,2021-08-17,2137,N,VIIRS,l,2,326.83,1532.84,D,0
40.38475,-121.45892,341.53,0.53,0.5,2021-08-17,2137,N,VIIRS,n,2,269.37,14.73,D,0
40.38522,-121.45283,336.91,0.53,0.5,2021-08-17,2137,N,VIIRS,n,2,268.17,15.27,D,0
40.38565,-121.47474,356.34,0.53,0.5,2021-08-17,2137,N,VIIRS,l,2,274.53,46.65,D,0
40.38606,-121.50236,344.49,0.53,0.5,2021-08-17,2137,N,VIIRS,n,2,285.14,80.01,D,0
40.38614,-121.46792,353.1,0.53,0.5,2021-08-17,2137,N,VIIRS,n,2,269.73,46.65,D,0
40.38645,-121.49731,335.19,0.53,0.5,2021-08-17,2137,N,VIIRS,n,2,289.87,80.01,D,0
40.38734,-121.4858,355.85,0.53,0.5,2021-08-17,2137,N,VIIRS,n,2,284.67,266.31,D,0
40.38785,-121.47937,356.83,0.53,0.5,2021-08-17,2137,N,VIIRS,l,2,278.28,63.08,D,0
40.38838,-121.4726,355.92,0.53,0.5,2021-08-17,2137,N,VIIRS,n,2,273.47,63.08,D,0
40.38855,-121.49949,354.89,0.53,0.5,2021-08-17,2137,N,VIIRS,n,2,287.41,128.81,D,0
40.3889,-121.46598,346.91,0.53,0.5,2021-08-17,2137,N,VIIRS,n,2,269.64,9.63,D,0
40.38893,-121.4942,367,0.53,0.5,2021-08-17,2137,N,VIIRS,h,2,326.03,128.81,D,0
40.38935,-121.48837,367,0.53,0.5,2021-08-17,2137,N,VIIRS,h,2,290.09,146.04,D,0
40.38938,-121.45979,343.9,0.53,0.5,2021-08-17,2137,N,VIIRS,n,2,267.39,9.63,D,0
40.38985,-121.45371,345.35,0.53,0.5,2021-08-17,2137,N,VIIRS,n,2,271.78,10.09,D,0
40.39028,-121.47547,356.38,0.53,0.5,2021-08-17,2137,N,VIIRS,n,2,277.36,33,D,0
40.39029,-121.50819,346.28,0.52,0.5,2021-08-17,2137,N,VIIRS,n,2,291.92,13.65,D,0
40.39035,-121.4473,344.53,0.53,0.5,2021-08-17,2137,N,VIIRS,n,2,268.12,10.09,D,0
40.3907,-121.50289,355.58,0.53,0.5,2021-08-17,2137,N,VIIRS,n,2,292.06,80.01,D,0
40.39076,-121.4688,347.56,0.53,0.5,2021-08-17,2137,N,VIIRS,n,2,276.39,33,D,0
40.39122,-121.46243,347.56,0.53,0.5,2021-08-17,2137,N,VIIRS,n,2,270.48,20.3,D,0
40.39152,-121.49242,367,0.53,0.5,2021-08-17,2137,N,VIIRS,l,2,326.16,266.31,D,0
40.39212,-121.45004,348.62,0.53,0.5,2021-08-17,2137,N,VIIRS,n,2,270.35,12.98,D,0
40.39242,-121.51067,345.12,0.53,0.5,2021-08-17,2137,N,VIIRS,n,2,295.85,17.68,D,0
40.39257,-121.44367,346.83,0.53,0.5,2021-08-17,2137,N,VIIRS,n,2,270.87,12.98,D,0
40.39283,-121.50502,348.48,0.53,0.5,2021-08-17,2137,N,VIIRS,n,2,294.39,17.68,D,0
40.393,-121.4735,357.15,0.53,0.5,2021-08-17,2137,N,VIIRS,l,2,278.47,63.08,D,0
40.39301,-121.43754,347.01,0.53,0.5,2021-08-17,2137,N,VIIRS,n,2,266.52,13.05,D,0
40.3932,-121.49989,347.96,0.53,0.5,2021-08-17,2137,N,VIIRS,n,2,302.4,128.81,D,0
40.39351,-121.46698,354.33,0.53,0.5,2021-08-17,2137,N,VIIRS,n,2,274.4,9.63,D,0
40.39399,-121.48908,367,0.53,0.5,2021-08-17,2137,N,VIIRS,h,2,294.3,146.04,D,0
40.394,-121.46073,355.19,0.53,0.5,2021-08-17,2137,N,VIIRS,n,2,267.84,9.63,D,0
40.39448,-121.45459,357.15,0.53,0.5,2021-08-17,2137,N,VIIRS,l,2,266.63,10.09,D,0
40.39491,-121.47633,367,0.53,0.5,2021-08-17,2137,N,VIIRS,h,2,290.62,33,D,0
40.39497,-121.44825,357.08,0.53,0.5,2021-08-17,2137,N,VIIRS,n,2,272.34,10.09,D,0
40.39539,-121.46978,357.84,0.53,0.5,2021-08-17,2137,N,VIIRS,l,2,287.61,33,D,0
40.39547,-121.44194,354.71,0.53,0.5,2021-08-17,2137,N,VIIRS,n,2,271.4,35.85,D,0
40.39584,-121.46346,357.84,0.53,0.5,2021-08-17,2137,N,VIIRS,l,2,279.19,20.3,D,0
40.39629,-121.45728,357.84,0.53,0.5,2021-08-17,2137,N,VIIRS,l,2,272.63,20.3,D,0
40.39674,-121.45101,357.84,0.53,0.5,2021-08-17,2137,N,VIIRS,l,2,268.82,12.98,D,0
40.39721,-121.4446,357.84,0.53,0.5,2021-08-17,2137,N,VIIRS,l,2,268.32,12.98,D,0
40.39735,-121.41772,338.85,0.53,0.5,2021-08-17,2137,N,VIIRS,n,2,268.59,14.17,D,0
40.39765,-121.43836,357.84,0.53,0.5,2021-08-17,2137,N,VIIRS,l,2,271.13,13.05,D,0
40.39809,-121.4324,355.16,0.53,0.5,2021-08-17,2137,N,VIIRS,n,2,268.01,13.05,D,0
40.39895,-121.42041,346.2,0.53,0.5,2021-08-17,2137,N,VIIRS,n,2,266.57,28.98,D,0
40.39953,-121.4774,353.65,0.53,0.5,2021-08-17,2137,N,VIIRS,n,2,291.71,24.36,D,0
40.4,-121.47091,367,0.53,0.5,2021-08-17,2137,N,VIIRS,h,2,292.92,24.36,D,0
40.40091,-121.45834,367,0.53,0.5,2021-08-17,2137,N,VIIRS,l,2,335.15,279.42,D,0
40.40136,-121.45206,367,0.53,0.5,2021-08-17,2137,N,VIIRS,l,2,341.47,663.11,D,0
40.40183,-121.44559,349.39,0.53,0.5,2021-08-17,2137,N,VIIRS,n,2,283.56,663.11,D,0
40.4023,-121.43918,357,0.53,0.5,2021-08-17,2137,N,VIIRS,l,2,266.35,58.92,D,0
40.40273,-121.43318,357,0.53,0.5,2021-08-17,2137,N,VIIRS,l,2,267.68,58.92,D,0
40.40314,-121.42746,354.03,0.53,0.5,2021-08-17,2137,N,VIIRS,n,2,268.26,14.1,D,0
40.40356,-121.42164,346.4,0.53,0.5,2021-08-17,2137,N,VIIRS,n,2,269.11,14.1,D,0
40.40461,-121.47205,349.53,0.53,0.5,2021-08-17,2137,N,VIIRS,n,2,293.04,24.36,D,0
40.40507,-121.46571,354.08,0.53,0.5,2021-08-17,2137,N,VIIRS,n,2,297.88,279.42,D,0
40.40553,-121.4594,367,0.53,0.5,2021-08-17,2137,N,VIIRS,l,2,341.84,279.42,D,0
40.40599,-121.453,367,0.53,0.5,2021-08-17,2137,N,VIIRS,l,2,373.48,663.11,D,0
40.40736,-121.4341,357.04,0.53,0.5,2021-08-17,2137,N,VIIRS,l,2,256.45,58.92,D,0
40.40778,-121.42844,357.04,0.53,0.5,2021-08-17,2137,N,VIIRS,l,2,254.44,14.1,D,0
40.40968,-121.46674,355.49,0.53,0.5,2021-08-17,2137,N,VIIRS,n,2,293.81,26.12,D,0
40.41014,-121.4604,352.88,0.53,0.5,2021-08-17,2137,N,VIIRS,n,2,290.85,26.12,D,0
40.41063,-121.45387,208,0.53,0.5,2021-08-17,2137,N,VIIRS,l,2,297.86,260.49,D,0
40.41156,-121.44097,354.56,0.53,0.5,2021-08-17,2137,N,VIIRS,n,2,273.12,108.31,D,0
40.41199,-121.4351,356.21,0.53,0.5,2021-08-17,2137,N,VIIRS,l,2,264.76,108.31,D,0
40.41241,-121.42941,356.21,0.53,0.5,2021-08-17,2137,N,VIIRS,l,2,261.05,67.57,D,0
40.41422,-121.40448,346.39,0.53,0.5,2021-08-17,2137,N,VIIRS,n,2,273.5,11.8,D,0
40.41431,-121.46771,350.49,0.53,0.5,2021-08-17,2137,N,VIIRS,n,2,289.92,26.12,D,0
40.41477,-121.46139,356.93,0.53,0.5,2021-08-17,2137,N,VIIRS,l,2,282.93,26.12,D,0
40.41525,-121.45486,356.93,0.53,0.5,2021-08-17,2137,N,VIIRS,l,2,278.64,260.49,D,0
40.41662,-121.43607,352.28,0.53,0.5,2021-08-17,2137,N,VIIRS,n,2,292.47,108.31,D,0
40.41705,-121.43019,356.93,0.53,0.5,2021-08-17,2137,N,VIIRS,l,2,279.57,67.57,D,0
40.41788,-121.41882,356.93,0.53,0.5,2021-08-17,2137,N,VIIRS,l,2,267.26,39.79,D,0
40.41833,-121.41258,356.93,0.53,0.5,2021-08-17,2137,N,VIIRS,l,2,263.77,39.79,D,0
40.41887,-121.4052,356.81,0.53,0.5,2021-08-17,2137,N,VIIRS,n,2,266.34,11.8,D,0
40.41893,-121.46864,349.27,0.53,0.5,2021-08-17,2137,N,VIIRS,n,2,291.68,11.75,D,0
40.41939,-121.3981,350.5,0.53,0.5,2021-08-17,2137,N,VIIRS,n,2,268.17,11.8,D,0
40.4194,-121.4622,354.21,0.53,0.5,2021-08-17,2137,N,VIIRS,n,2,289.76,11.75,D,0
40.41987,-121.4559,367,0.53,0.5,2021-08-17,2137,N,VIIRS,h,2,291.89,25.37,D,0
40.42034,-121.44946,355.99,0.53,0.5,2021-08-17,2137,N,VIIRS,n,2,292.21,25.37,D,0
40.4208,-121.44317,367,0.53,0.5,2021-08-17,2137,N,VIIRS,l,2,346.08,1085.05,D,0
40.42125,-121.43707,367,0.53,0.5,2021-08-17,2137,N,VIIRS,l,2,383.54,1085.05,D,0
40.4217,-121.43093,367,0.53,0.5,2021-08-17,2137,N,VIIRS,l,2,354.86,0,D,0
40.42303,-121.41269,356.02,0.53,0.5,2021-08-17,2137,N,VIIRS,n,2,278.85,888.11,D,0
40.42355,-121.46961,347.85,0.53,0.5,2021-08-17,2137,N,VIIRS,n,2,296.91,11.75,D,0
40.42356,-121.40537,356.31,0.53,0.5,2021-08-17,2137,N,VIIRS,l,2,271.77,35.93,D,0
40.42402,-121.46327,350.26,0.53,0.5,2021-08-17,2137,N,VIIRS,n,2,296.67,11.75,D,0
40.42408,-121.39829,356.31,0.53,0.5,2021-08-17,2137,N,VIIRS,l,2,263.45,35.93,D,0
40.42448,-121.45703,354.83,0.53,0.5,2021-08-17,2137,N,VIIRS,n,2,301.61,25.37,D,0
40.42495,-121.45062,367,0.53,0.5,2021-08-17,2137,N,VIIRS,h,2,303.45,25.37,D,0
40.42682,-121.42513,367,0.53,0.5,2021-08-17,2137,N,VIIRS,l,2,379.59,0,D,0
40.42729,-121.41885,367,0.53,0.5,2021-08-17,2137,N,VIIRS,l,2,374.3,888.11,D,0
40.42817,-121.47061,349.62,0.53,0.5,2021-08-17,2137,N,VIIRS,n,2,300.31,14.26,D,0
40.4283,-121.40511,356.78,0.53,0.5,2021-08-17,2137,N,VIIRS,l,2,276.14,35.93,D,0
40.42863,-121.46442,348.44,0.53,0.5,2021-08-17,2137,N,VIIRS,n,2,295.62,14.26,D,0
40.42881,-121.3981,356.78,0.53,0.5,2021-08-17,2137,N,VIIRS,l,2,274.7,35.93,D,0
40.42908,-121.45825,351.83,0.53,0.5,2021-08-17,2137,N,VIIRS,n,2,298.26,17.27,D,0
40.4293,-121.39141,350.6,0.53,0.5,2021-08-17,2137,N,VIIRS,n,2,268.72,32.11,D,0
40.42956,-121.4518,367,0.53,0.5,2021-08-17,2137,N,VIIRS,h,2,305.26,17.27,D,0
40.43154,-121.42499,367,0.53,0.5,2021-08-17,2137,N,VIIRS,l,2,373.2,1238.78,D,0
40.43204,-121.4183,367,0.53,0.5,2021-08-17,2137,N,VIIRS,h,2,331.95,156.31,D,0
40.43253,-121.41156,354.44,0.53,0.5,2021-08-17,2137,N,VIIRS,n,2,288.91,156.31,D,0
40.43279,-121.47163,349.59,0.53,0.5,2021-08-17,2137,N,VIIRS,n,2,299.74,14.26,D,0
40.43304,-121.40465,356.77,0.53,0.5,2021-08-17,2137,N,VIIRS,l,2,278.81,20.33,D,0
40.43354,-121.39788,355.72,0.53,0.5,2021-08-17,2137,N,VIIRS,n,2,276.47,20.33,D,0
40.43368,-121.45964,351.16,0.53,0.5,2021-08-17,2137,N,VIIRS,n,2,296.13,17.27,D,0
40.43402,-121.39122,345.25,0.53,0.5,2021-08-17,2137,N,VIIRS,n,2,274.73,23.74,D,0
40.43417,-121.45303,367,0.53,0.5,2021-08-17,2137,N,VIIRS,h,2,303.83,17.27,D,0
40.4352,-121.43918,367,0.53,0.5,2021-08-17,2137,N,VIIRS,l,2,343.86,490.7,D,0
40.43679,-121.41763,356.65,0.53,0.5,2021-08-17,2137,N,VIIRS,l,2,289.9,156.31,D,0
40.43729,-121.41089,356.65,0.53,0.5,2021-08-17,2137,N,VIIRS,l,2,285.11,156.31,D,0
40.43777,-121.40434,356.65,0.53,0.5,2021-08-17,2137,N,VIIRS,l,2,283.74,20.33,D,0
40.43824,-121.39794,351.53,0.53,0.5,2021-08-17,2137,N,VIIRS,n,2,280.27,20.33,D,0
40.43827,-121.46102,354.28,0.53,0.5,2021-08-17,2137,N,VIIRS,n,2,298.75,78.29,D,0
40.43933,-121.44683,367,0.53,0.5,2021-08-17,2137,N,VIIRS,l,2,357.63,275.61,D,0
40.44041,-121.43233,356.62,0.53,0.5,2021-08-17,2137,N,VIIRS,n,2,294,40.81,D,0
40.44095,-121.42506,357.26,0.53,0.5,2021-08-17,2137,N,VIIRS,l,2,291.4,40.81,D,0
40.44146,-121.41814,357.26,0.53,0.5,2021-08-17,2137,N,VIIRS,l,2,287.19,29.2,D,0
40.44289,-121.46206,354.75,0.53,0.5,2021-08-17,2137,N,VIIRS,n,2,300.45,78.29,D,0
40.44398,-121.44743,355.73,0.53,0.5,2021-08-17,2137,N,VIIRS,l,2,311.04,275.61,D,0
40.44451,-121.44034,358.11,0.53,0.5,2021-08-17,2137,N,VIIRS,l,2,288.27,275.61,D,0
40.44505,-121.4332,348.59,0.53,0.5,2021-08-17,2137,N,VIIRS,n,2,287.04,40.81,D,0
40.44558,-121.42604,352.03,0.53,0.5,2021-08-17,2137,N,VIIRS,n,2,290.91,40.81,D,0
40.44569,-121.48729,343.87,0.53,0.5,2021-08-17,2137,N,VIIRS,n,2,301.77,26.5,D,0
40.44609,-121.4191,357.04,0.53,0.5,2021-08-17,2137,N,VIIRS,n,2,290.36,29.2,D,0
40.44659,-121.41246,351.24,0.53,0.5,2021-08-17,2137,N,VIIRS,n,2,286.57,29.2,D,0
40.4486,-121.44847,367,0.53,0.5,2021-08-17,2137,N,VIIRS,h,2,296.33,70.93,D,0
40.44912,-121.44149,357.26,0.53,0.5,2021-08-17,2137,N,VIIRS,l,2,288.78,70.93,D,0
40.45119,-121.41395,355.16,0.53,0.5,2021-08-17,2137,N,VIIRS,n,2,290.97,55,D,0
40.45221,-121.46295,349.66,0.53,0.5,2021-08-17,2137,N,VIIRS,n,2,296.08,52.84,D,0
40.45271,-121.45625,355.1,0.53,0.5,2021-08-17,2137,N,VIIRS,n,2,297.79,52.84,D,0
40.45372,-121.44284,357.26,0.53,0.5,2021-08-17,2137,N,VIIRS,l,2,275.91,70.93,D,0
40.45426,-121.43578,350.4,0.53,0.5,2021-08-17,2137,N,VIIRS,n,2,272.64,36.79,D,0
40.45428,-121.49754,337.92,0.53,0.5,2021-08-17,2137,N,VIIRS,n,2,293.45,7.54,D,0
40.45478,-121.42883,349.85,0.53,0.5,2021-08-17,2137,N,VIIRS,n,2,274.69,36.79,D,0
40.45529,-121.42197,357.26,0.53,0.5,2021-08-17,2137,N,VIIRS,l,2,275.3,55,D,0
40.45581,-121.41505,357.12,0.53,0.5,2021-08-17,2137,N,VIIRS,n,2,282.22,55,D,0
40.45633,-121.40823,351.05,0.53,0.5,2021-08-17,2137,N,VIIRS,n,2,280.42,33.42,D,0
40.45636,-121.47025,347.19,0.53,0.5,2021-08-17,2137,N,VIIRS,n,2,289.73,23.79,D,0
40.45685,-121.46362,355.45,0.53,0.5,2021-08-17,2137,N,VIIRS,n,2,283.71,25.57,D,0
40.45734,-121.45712,357.52,0.53,0.5,2021-08-17,2137,N,VIIRS,l,2,279.95,25.57,D,0
40.45784,-121.45053,357.52,0.53,0.5,2021-08-17,2137,N,VIIRS,l,2,273.84,72.89,D,0
40.45837,-121.44357,356.74,0.53,0.5,2021-08-17,2137,N,VIIRS,n,2,273.11,72.89,D,0
40.45892,-121.43635,355.39,0.53,0.5,2021-08-17,2137,N,VIIRS,n,2,272.26,173.94,D,0
40.4605,-121.4153,350.96,0.53,0.5,2021-08-17,2137,N,VIIRS,n,2,265.78,29.03,D,0
40.46102,-121.40839,357.52,0.53,0.5,2021-08-17,2137,N,VIIRS,l,2,272.08,17.29,D,0
40.46148,-121.46456,355.65,0.53,0.5,2021-08-17,2137,N,VIIRS,n,2,274.89,25.57,D,0
40.46153,-121.40163,348.94,0.53,0.5,2021-08-17,2137,N,VIIRS,n,2,270.09,17.29,D,0
40.46196,-121.45825,352.94,0.53,0.5,2021-08-17,2137,N,VIIRS,n,2,282.45,25.57,D,0
40.46247,-121.45154,351.24,0.53,0.5,2021-08-17,2137,N,VIIRS,n,2,269.82,72.89,D,0
40.46605,-121.46621,356.33,0.53,0.5,2021-08-17,2137,N,VIIRS,n,2,266.21,13.49,D,0
40.46618,-121.40244,356.78,0.53,0.5,2021-08-17,2137,N,VIIRS,l,2,259.13,17.29,D,0
40.46651,-121.46002,357.14,0.53,0.5,2021-08-17,2137,N,VIIRS,l,2,264.92,13.49,D,0
40.46666,-121.39613,348.8,0.53,0.5,2021-08-17,2137,N,VIIRS,n,2,265.7,24.4,D,0
40.47082,-121.40347,357.14,0.53,0.5,2021-08-17,2137,N,VIIRS,l,2,260.45,49.28,D,0
40.47176,-121.39098,351.18,0.53,0.5,2021-08-17,2137,N,VIIRS,n,2,265.31,40.18,D,0
40.47222,-121.32172,351.09,0.54,0.51,2021-08-17,2137,N,VIIRS,n,2,284.66,15.7,D,0
40.47544,-121.40462,356.41,0.53,0.5,2021-08-17,2137,N,VIIRS,n,2,271.73,49.28,D,0
40.47592,-121.39825,356.78,0.53,0.5,2021-08-17,2137,N,VIIRS,l,2,274.59,40.18,D,0
40.4764,-121.392,352.54,0.53,0.5,2021-08-17,2137,N,VIIRS,n,2,274.59,40.18,D,0
40.47686,-121.3859,349.24,0.53,0.5,2021-08-17,2137,N,VIIRS,n,2,287.39,70.15,D,0
40.47731,-121.37985,356.78,0.53,0.5,2021-08-17,2137,N,VIIRS,l,2,280.65,70.15,D,0
40.47781,-121.37331,355.69,0.54,0.5,2021-08-17,2137,N,VIIRS,n,2,284.05,33.66,D,0
40.47829,-121.36691,348.46,0.54,0.5,2021-08-17,2137,N,VIIRS,n,2,278.44,33.66,D,0
40.47875,-121.36081,355.44,0.54,0.51,2021-08-17,2137,N,VIIRS,n,2,282.98,20.29,D,0
40.48055,-121.39944,352.82,0.53,0.5,2021-08-17,2137,N,VIIRS,n,2,268.67,34.17,D,0
40.48102,-121.39314,354.49,0.53,0.5,2021-08-17,2137,N,VIIRS,n,2,278.11,34.17,D,0
40.48196,-121.38075,357.05,0.53,0.5,2021-08-17,2137,N,VIIRS,l,2,278.94,80.09,D,0
40.48244,-121.40138,331.87,0.53,0.5,2021-08-17,2137,N,VIIRS,n,2,266.92,9.15,D,0
40.48246,-121.3742,353.81,0.54,0.5,2021-08-17,2137,N,VIIRS,n,2,278,10.77,D,0
40.48288,-121.39511,356.52,0.53,0.5,2021-08-17,2137,N,VIIRS,l,2,271.46,16.57,D,0
40.48295,-121.36771,343.31,0.54,0.5,2021-08-17,2137,N,VIIRS,n,2,277.33,10.77,D,0
40.48331,-121.38882,356.52,0.53,0.5,2021-08-17,2137,N,VIIRS,l,2,274.81,16.57,D,0
40.48342,-121.36156,355.55,0.54,0.51,2021-08-17,2137,N,VIIRS,n,2,285.49,25.07,D,0
40.48375,-121.38262,356.52,0.54,0.5,2021-08-17,2137,N,VIIRS,l,2,279.97,12.25,D,0
40.4842,-121.37614,348.43,0.54,0.5,2021-08-17,2137,N,VIIRS,n,2,279.43,12.25,D,0
40.48466,-121.3695,333.97,0.54,0.51,2021-08-17,2137,N,VIIRS,n,2,279.37,5.14,D,0
40.4851,-121.36323,345.85,0.54,0.51,2021-08-17,2137,N,VIIRS,n,2,280.5,5.14,D,0
40.48552,-121.35725,349.5,0.54,0.51,2021-08-17,2137,N,VIIRS,n,2,283.29,12.72,D,0
40.48659,-121.38187,354.39,0.53,0.5,2021-08-17,2137,N,VIIRS,n,2,279.2,80.09,D,0
40.4871,-121.37526,347.09,0.54,0.5,2021-08-17,2137,N,VIIRS,n,2,281.2,10.77,D,0
40.48839,-121.38367,334.28,0.54,0.5,2021-08-17,2137,N,VIIRS,n,2,278.71,12.25,D,0
40.48853,-121.35637,356.75,0.54,0.51,2021-08-17,2137,N,VIIRS,l,2,284.17,25.07,D,0
40.48885,-121.37711,350.62,0.54,0.5,2021-08-17,2137,N,VIIRS,n,2,285.1,12.25,D,0
40.48933,-121.37029,330.04,0.54,0.51,2021-08-17,2137,N,VIIRS,n,2,281.51,5.14,D,0
40.48978,-121.3639,335.44,0.54,0.51,2021-08-17,2137,N,VIIRS,n,2,279.39,5.14,D,0
40.4902,-121.35791,349.5,0.54,0.51,2021-08-17,2137,N,VIIRS,n,2,277.92,12.72,D,0
40.49176,-121.3759,348.77,0.54,0.5,2021-08-17,2137,N,VIIRS,n,2,285.62,15.45,D,0
40.49353,-121.37772,353.64,0.54,0.5,2021-08-17,2137,N,VIIRS,n,2,281.37,14.48,D,0
40.49401,-121.37078,333.35,0.54,0.51,2021-08-17,2137,N,VIIRS,n,2,283.86,9.01,D,0
40.49447,-121.36433,339.52,0.54,0.51,2021-08-17,2137,N,VIIRS,n,2,281.42,9.01,D,0
40.49489,-121.35835,334.18,0.54,0.51,2021-08-17,2137,N,VIIRS,n,2,278.12,6.54,D,0
40.49532,-121.35233,344.78,0.54,0.51,2021-08-17,2137,N,VIIRS,n,2,279.64,6.54,D,0
40.49644,-121.37648,357.01,0.54,0.5,2021-08-17,2137,N,VIIRS,l,2,284.78,15.45,D,0
40.49697,-121.36959,349.91,0.54,0.5,2021-08-17,2137,N,VIIRS,n,2,283.54,15.45,D,0
40.49791,-121.35728,346.26,0.54,0.51,2021-08-17,2137,N,VIIRS,n,2,279.93,22.27,D,0
40.4982,-121.37831,355.45,0.54,0.5,2021-08-17,2137,N,VIIRS,n,2,277.95,14.48,D,0
40.4987,-121.37132,354.07,0.54,0.51,2021-08-17,2137,N,VIIRS,n,2,279.12,9.01,D,0
40.49916,-121.36477,352.93,0.54,0.51,2021-08-17,2137,N,VIIRS,n,2,280.49,9.01,D,0
40.49959,-121.35876,347.93,0.54,0.51,2021-08-17,2137,N,VIIRS,n,2,282.06,6.54,D,0
40.50001,-121.35272,336,0.54,0.51,2021-08-17,2137,N,VIIRS,n,2,283.82,6.54,D,0
40.50165,-121.3701,344.45,0.54,0.5,2021-08-17,2137,N,VIIRS,n,2,275,10.92,D,0
40.50195,-121.32507,344.66,0.54,0.51,2021-08-17,2137,N,VIIRS,n,2,279.12,9.63,D,0
40.50215,-121.36366,353.19,0.54,0.51,2021-08-17,2137,N,VIIRS,n,2,280.8,19.66,D,0
40.50246,-121.31778,342.61,0.54,0.51,2021-08-17,2137,N,VIIRS,n,2,283.93,12.74,D,0
40.50385,-121.36526,343.5,0.54,0.51,2021-08-17,2137,N,VIIRS,n,2,269.09,7.53,D,0
40.50521,-121.32367,351.77,0.54,0.51,2021-08-17,2137,N,VIIRS,n,2,282.79,12.09,D,0
40.50577,-121.31647,342.08,0.54,0.51,2021-08-17,2137,N,VIIRS,n,2,282.2,12.09,D,3
40.50664,-121.32565,342.16,0.54,0.51,2021-08-17,2137,N,VIIRS,n,2,270.91,4.33,D,0
40.50716,-121.31826,342.47,0.54,0.51,2021-08-17,2137,N,VIIRS,n,2,275.73,5.84,D,0
40.54964,-121.25445,330.5,0.54,0.51,2021-08-17,2137,N,VIIRS,n,2,290.93,9.2,D,0
40.55009,-121.24831,335.65,0.54,0.51,2021-08-17,2137,N,VIIRS,n,2,293.57,6.9,D,0
41.47601,-121.97625,342.73,0.51,0.49,2021-08-17,2137,N,VIIRS,n,2,296.44,16.08,D,0
41.48819,-121.99804,339.14,0.51,0.49,2021-08-17,2137,N,VIIRS,n,2,295.53,5.23,D,0
41.4886,-121.9927,348.16,0.51,0.49,2021-08-17,2137,N,VIIRS,n,2,300.76,5.23,D,0
41.49237,-121.94402,342.95,0.51,0.49,2021-08-17,2137,N,VIIRS,n,2,300.93,123.14,D,0
41.49598,-121.95731,336.16,0.51,0.49,2021-08-17,2137,N,VIIRS,n,2,294.42,5.78,D,0
41.4974,-121.93889,350.83,0.51,0.5,2021-08-17,2137,N,VIIRS,n,2,318.47,165.57,D,0
41.49839,-121.92599,344.18,0.51,0.5,2021-08-17,2137,N,VIIRS,n,2,302.51,66.68,D,0
41.51708,-121.98302,334.47,0.51,0.49,2021-08-17,2137,N,VIIRS,n,2,299.76,7.13,D,0
41.52085,-121.99057,355.85,0.51,0.49,2021-08-17,2137,N,VIIRS,n,2,298.72,15.57,D,0
41.52124,-121.98509,343.51,0.51,0.49,2021-08-17,2137,N,VIIRS,n,2,297.63,10.21,D,0
41.52165,-121.97958,355.54,0.51,0.49,2021-08-17,2137,N,VIIRS,n,2,298.62,10.21,D,0
41.52207,-121.97382,337.53,0.51,0.49,2021-08-17,2137,N,VIIRS,n,2,303.2,4.49,D,0
41.52419,-122.00787,336.52,0.51,0.49,2021-08-17,2137,N,VIIRS,n,2,308.87,19.29,D,0
41.52457,-122.00278,336.02,0.51,0.49,2021-08-17,2137,N,VIIRS,n,2,297.15,19.29,D,0
41.52663,-121.97476,343.17,0.51,0.49,2021-08-17,2137,N,VIIRS,n,2,296.8,8.61,D,0
41.53392,-122.00115,340.2,0.51,0.49,2021-08-17,2137,N,VIIRS,n,2,303.07,13.22,D,0
41.54645,-121.76523,337.61,0.52,0.5,2021-08-17,2137,N,VIIRS,n,2,294.34,10.27,D,0
41.55066,-121.77168,346.16,0.52,0.5,2021-08-17,2137,N,VIIRS,n,2,296.31,9.64,D,0
41.55109,-121.76577,332.48,0.52,0.5,2021-08-17,2137,N,VIIRS,n,2,300.88,9.64,D,0
41.56129,-121.75397,355.22,0.52,0.5,2021-08-17,2137,N,VIIRS,n,2,299.36,21.77,D,0
41.56171,-121.74821,348.7,0.53,0.5,2021-08-17,2137,N,VIIRS,n,2,294.94,14.07,D,0
41.56419,-121.77852,334.85,0.52,0.5,2021-08-17,2137,N,VIIRS,n,2,295.19,9.98,D,0
41.56465,-121.77216,343.62,0.52,0.5,2021-08-17,2137,N,VIIRS,n,2,303.28,24.73,D,0
41.56931,-121.77248,343.81,0.52,0.5,2021-08-17,2137,N,VIIRS,n,2,303.12,40.8,D,0
41.57396,-121.7728,344.03,0.52,0.5,2021-08-17,2137,N,VIIRS,n,2,302.84,40.8,D,0
41.57711,-121.79346,339.79,0.52,0.5,2021-08-17,2137,N,VIIRS,n,2,298.86,8.7,D,0
41.57811,-121.77991,367,0.52,0.5,2021-08-17,2137,N,VIIRS,l,2,325.27,54.83,D,0
41.5786,-121.7732,345.93,0.52,0.5,2021-08-17,2137,N,VIIRS,n,2,307.21,20.82,D,0
41.57907,-121.76682,345.59,0.52,0.5,2021-08-17,2137,N,VIIRS,n,2,306.21,20.82,D,0
41.57996,-121.75478,342.58,0.52,0.5,2021-08-17,2137,N,VIIRS,n,2,294.25,12.82,D,0
41.58273,-121.78063,345.59,0.52,0.5,2021-08-17,2137,N,VIIRS,n,2,307.22,54.83,D,0
41.58325,-121.77363,345.41,0.52,0.5,2021-08-17,2137,N,VIIRS,n,2,300.47,20.82,D,0
41.58374,-121.76703,334.98,0.52,0.5,2021-08-17,2137,N,VIIRS,n,2,297.48,20.82,D,0
41.58735,-121.78141,347.37,0.52,0.5,2021-08-17,2137,N,VIIRS,n,2,297.62,16.74,D,0
41.61574,-121.777,367,0.52,0.5,2021-08-17,2137,N,VIIRS,h,2,297.78,8.14,D,0
41.61624,-121.77036,344.16,0.52,0.5,2021-08-17,2137,N,VIIRS,n,2,299.41,8.14,D,0
41.61817,-121.77904,367,0.52,0.5,2021-08-17,2137,N,VIIRS,h,2,299.91,15.77,D,0
41.61907,-121.76603,333.97,0.52,0.5,2021-08-17,2137,N,VIIRS,n,2,296.23,10.1,D,0
41.61995,-121.7832,332.21,0.52,0.5,2021-08-17,2137,N,VIIRS,n,2,297.12,5.98,D,0
41.62044,-121.77673,331.28,0.52,0.5,2021-08-17,2137,N,VIIRS,n,2,296.27,8.14,D,0
40.0829,-121.0881,315.02,0.39,0.36,2021-08-18,955,N,VIIRS,n,2,282.85,3.08,N,0
40.08358,-121.09263,342.44,0.39,0.36,2021-08-18,955,N,VIIRS,n,2,286.23,3.08,N,0
40.0862,-121.08725,305.55,0.39,0.36,2021-08-18,955,N,VIIRS,n,2,283.81,1.05,N,0
40.08688,-121.09182,312.36,0.39,0.36,2021-08-18,955,N,VIIRS,n,2,285.36,1.05,N,0
40.08756,-121.09637,302.23,0.39,0.36,2021-08-18,955,N,VIIRS,n,2,284.49,1.25,N,0
40.08825,-121.10091,309.48,0.39,0.36,2021-08-18,955,N,VIIRS,n,2,285.62,1.25,N,0
40.0889,-120.72318,332.45,0.38,0.36,2021-08-18,955,N,VIIRS,n,2,283.94,7.95,N,0
40.08892,-121.10543,300.3,0.39,0.36,2021-08-18,955,N,VIIRS,n,2,284.18,2.31,N,0
40.0895,-121.08646,309.21,0.39,0.36,2021-08-18,955,N,VIIRS,n,2,282.01,1.05,N,0
40.0896,-121.10994,311.91,0.39,0.36,2021-08-18,955,N,VIIRS,n,2,284.22,2.31,N,0
40.0896,-120.72771,350.97,0.38,0.36,2021-08-18,955,N,VIIRS,n,2,286.35,7.95,N,0
40.0903,-120.73222,345.84,0.38,0.36,2021-08-18,955,N,VIIRS,n,2,284.57,3.79,N,0
40.09098,-120.71964,315.54,0.38,0.36,2021-08-18,955,N,VIIRS,n,2,283.25,9.96,N,0
40.091,-120.73672,298.33,0.38,0.36,2021-08-18,955,N,VIIRS,n,2,284.53,3.79,N,0
40.09167,-120.72417,350.61,0.38,0.36,2021-08-18,955,N,VIIRS,n,2,310.5,29.68,N,0
40.09223,-121.10466,330.04,0.39,0.36,2021-08-18,955,N,VIIRS,n,2,287.6,2.31,N,0
40.09236,-120.72869,355.54,0.38,0.36,2021-08-18,955,N,VIIRS,n,2,307.38,29.68,N,0
40.09291,-121.1092,328.65,0.39,0.36,2021-08-18,955,N,VIIRS,n,2,288.62,2.31,N,0
40.09304,-120.7332,350.11,0.38,0.36,2021-08-18,955,N,VIIRS,n,2,295.93,8.22,N,0
40.09373,-120.7377,328.11,0.38,0.36,2021-08-18,955,N,VIIRS,n,2,286.08,8.22,N,0
40.09427,-120.7188,336.71,0.38,0.36,2021-08-18,955,N,VIIRS,n,2,290.99,9.96,N,0
40.09441,-120.74217,296.05,0.38,0.36,2021-08-18,955,N,VIIRS,n,2,283.57,3.3,N,0
40.09496,-120.7233,356.82,0.38,0.36,2021-08-18,955,N,VIIRS,n,2,314.3,29.68,N,0
40.09553,-121.10388,298.06,0.39,0.36,2021-08-18,955,N,VIIRS,n,2,285.67,1.48,N,0
40.09564,-120.72783,367,0.38,0.36,2021-08-18,955,N,VIIRS,h,2,301.62,29.68,N,0
40.09622,-121.10846,329.49,0.39,0.36,2021-08-18,955,N,VIIRS,n,2,286.36,1.48,N,0
40.09632,-120.73234,348.27,0.38,0.36,2021-08-18,955,N,VIIRS,n,2,294.39,8.22,N,0
40.09701,-120.73682,344.24,0.38,0.36,2021-08-18,955,N,VIIRS,n,2,294,8.22,N,0
40.09755,-120.71793,327.51,0.38,0.36,2021-08-18,955,N,VIIRS,n,2,285.41,4.63,N,0
40.09769,-120.74127,340.3,0.38,0.36,2021-08-18,955,N,VIIRS,n,2,289.38,3.3,N,0
40.09824,-120.72243,356.53,0.38,0.36,2021-08-18,955,N,VIIRS,n,2,307.52,14.34,N,0
40.09883,-121.10308,300.7,0.39,0.36,2021-08-18,955,N,VIIRS,n,2,285.88,1.48,N,0
40.09892,-120.72695,339.95,0.38,0.36,2021-08-18,955,N,VIIRS,n,2,291.75,14.34,N,0
40.09961,-120.73145,351.44,0.38,0.36,2021-08-18,955,N,VIIRS,n,2,294.15,5.8,N,0
40.1003,-120.73592,338.97,0.38,0.36,2021-08-18,955,N,VIIRS,n,2,293.24,5.8,N,0
40.10083,-120.71706,317.81,0.38,0.36,2021-08-18,955,N,VIIRS,n,2,283.12,4.63,N,0
40.10098,-120.74037,345.02,0.38,0.36,2021-08-18,955,N,VIIRS,n,2,293.97,6.4,N,0
40.10152,-120.72157,367,0.38,0.36,2021-08-18,955,N,VIIRS,h,2,296.69,14.34,N,0
40.10166,-120.7448,312.98,0.38,0.36,2021-08-18,955,N,VIIRS,n,2,283.43,6.4,N,0
40.10221,-120.72608,348.77,0.38,0.36,2021-08-18,955,N,VIIRS,n,2,294.3,14.34,N,0
40.10289,-120.73058,350.12,0.38,0.36,2021-08-18,955,N,VIIRS,n,2,293.97,5.8,N,0
40.10357,-121.13461,298.79,0.39,0.36,2021-08-18,955,N,VIIRS,n,2,286.42,0.75,N,0
40.10358,-120.73503,341.7,0.38,0.36,2021-08-18,955,N,VIIRS,n,2,293.49,5.8,N,0
40.10426,-120.73946,340.03,0.38,0.36,2021-08-18,955,N,VIIRS,n,2,291.86,6.4,N,0
40.1048,-120.72071,317.77,0.38,0.36,2021-08-18,955,N,VIIRS,n,2,283.86,13.04,N,0
40.10495,-120.74393,355.07,0.38,0.36,2021-08-18,955,N,VIIRS,n,2,293.4,6.4,N,0
40.10508,-120.76725,309.7,0.38,0.36,2021-08-18,955,N,VIIRS,n,2,283.91,4.45,N,0
40.10549,-120.7252,367,0.38,0.36,2021-08-18,955,N,VIIRS,h,2,298.7,13.04,N,0
40.10563,-120.74841,323.16,0.38,0.36,2021-08-18,955,N,VIIRS,n,2,283.6,3.12,N,0
40.10577,-120.77176,349.89,0.38,0.36,2021-08-18,955,N,VIIRS,n,2,286.89,4.45,N,0
40.10617,-120.7297,349.17,0.38,0.36,2021-08-18,955,N,VIIRS,n,2,293.99,10.34,N,0
40.10645,-120.77627,313.94,0.38,0.36,2021-08-18,955,N,VIIRS,n,2,283.81,1.97,N,0
40.10686,-120.73415,341.88,0.38,0.36,2021-08-18,955,N,VIIRS,n,2,292.99,10.34,N,0
40.107,-120.75743,314.47,0.38,0.36,2021-08-18,955,N,VIIRS,n,2,286.83,1.37,N,0
40.10754,-120.73862,334.52,0.38,0.36,2021-08-18,955,N,VIIRS,n,2,292.08,4.44,N,0
40.10769,-120.76194,306.48,0.38,0.36,2021-08-18,955,N,VIIRS,n,2,285.8,1.37,N,0
40.10823,-120.74309,341.35,0.38,0.36,2021-08-18,955,N,VIIRS,n,2,295.01,4.44,N,0
40.10837,-120.76643,336.02,0.38,0.36,2021-08-18,955,N,VIIRS,n,2,291.52,4.45,N,0
40.10877,-120.72437,356.65,0.38,0.36,2021-08-18,955,N,VIIRS,n,2,294.59,13.04,N,0
40.10891,-120.74757,341.33,0.38,0.36,2021-08-18,955,N,VIIRS,n,2,290.15,2.15,N,0
40.10905,-120.77093,332.16,0.38,0.36,2021-08-18,955,N,VIIRS,n,2,286.11,4.45,N,0
40.10946,-120.72885,357.03,0.38,0.36,2021-08-18,955,N,VIIRS,n,2,301.55,10.34,N,0
40.1096,-120.75208,303.43,0.38,0.36,2021-08-18,955,N,VIIRS,n,2,285.03,2.15,N,0
40.11014,-120.73331,340,0.38,0.36,2021-08-18,955,N,VIIRS,n,2,291.62,10.34,N,0
40.11029,-120.75658,313.06,0.38,0.36,2021-08-18,955,N,VIIRS,n,2,286.71,0.94,N,0
40.11083,-120.73775,329.19,0.38,0.36,2021-08-18,955,N,VIIRS,n,2,291.01,4.44,N,0
40.11097,-120.76111,304.55,0.38,0.36,2021-08-18,955,N,VIIRS,n,2,286,0.94,N,0
40.11151,-120.74223,346.54,0.38,0.36,2021-08-18,955,N,VIIRS,n,2,291.81,4.44,N,0
40.11166,-120.76561,307.02,0.38,0.36,2021-08-18,955,N,VIIRS,n,2,286.28,2.04,N,0
40.11206,-120.72351,345.68,0.38,0.36,2021-08-18,955,N,VIIRS,n,2,287.46,3.74,N,0
40.1122,-120.7467,321.13,0.38,0.36,2021-08-18,955,N,VIIRS,n,2,286.96,2.15,N,0
40.11235,-120.77012,340.34,0.38,0.36,2021-08-18,955,N,VIIRS,n,2,288.24,2.04,N,0
40.11274,-120.72799,354.54,0.38,0.36,2021-08-18,955,N,VIIRS,n,2,306.15,11.82,N,0
40.11288,-120.75121,311.4,0.38,0.36,2021-08-18,955,N,VIIRS,n,2,286.88,2.15,N,0
40.11303,-120.77461,310.82,0.38,0.36,2021-08-18,955,N,VIIRS,n,2,285.03,5.04,N,0
40.11343,-120.73244,347.49,0.38,0.36,2021-08-18,955,N,VIIRS,n,2,292.31,11.82,N,0
40.11357,-120.75572,307,0.38,0.36,2021-08-18,955,N,VIIRS,n,2,286.06,0.94,N,0
40.11411,-120.73689,327.92,0.38,0.36,2021-08-18,955,N,VIIRS,n,2,289.6,1.87,N,0
40.11426,-120.76026,303.35,0.38,0.36,2021-08-18,955,N,VIIRS,n,2,286.34,0.94,N,0
40.1148,-120.74136,332.84,0.38,0.36,2021-08-18,955,N,VIIRS,n,2,288.21,1.87,N,0
40.11494,-120.76479,311.98,0.38,0.36,2021-08-18,955,N,VIIRS,n,2,288.34,2.04,N,0
40.11534,-120.72263,311.86,0.38,0.36,2021-08-18,955,N,VIIRS,n,2,283.08,3.74,N,0
40.11548,-120.74585,325.42,0.38,0.36,2021-08-18,955,N,VIIRS,n,2,288.53,1.96,N,0
40.11563,-120.7693,312.72,0.38,0.36,2021-08-18,955,N,VIIRS,n,2,287.38,2.04,N,0
40.11603,-120.7271,318.86,0.38,0.36,2021-08-18,955,N,VIIRS,n,2,283.51,11.82,N,0
40.11617,-120.75035,311.23,0.38,0.36,2021-08-18,955,N,VIIRS,n,2,286.27,1.96,N,0
40.11632,-120.77381,347.15,0.38,0.36,2021-08-18,955,N,VIIRS,n,2,292.45,5.04,N,0
40.11671,-120.73158,306.75,0.38,0.36,2021-08-18,955,N,VIIRS,n,2,282.61,11.82,N,0
40.11686,-120.75489,307.17,0.38,0.36,2021-08-18,955,N,VIIRS,n,2,285.82,0.78,N,0
40.1174,-120.73602,295.46,0.38,0.36,2021-08-18,955,N,VIIRS,n,2,281.63,1.87,N,0
40.11754,-120.75942,297.97,0.38,0.36,2021-08-18,955,N,VIIRS,n,2,285.74,0.78,N,0
40.11808,-120.74052,307.83,0.38,0.36,2021-08-18,955,N,VIIRS,n,2,283.34,1.87,N,0
40.11823,-120.76396,298.84,0.38,0.36,2021-08-18,955,N,VIIRS,n,2,286.11,0.97,N,0
40.11832,-120.67529,300.23,0.38,0.36,2021-08-18,955,N,VIIRS,n,2,281.27,7.09,N,0
40.11877,-120.745,312.49,0.38,0.36,2021-08-18,955,N,VIIRS,n,2,286.08,1.96,N,0
40.11892,-120.76848,306.33,0.38,0.36,2021-08-18,955,N,VIIRS,n,2,288.26,0.97,N,0
40.119,-120.67974,314.28,0.38,0.36,2021-08-18,955,N,VIIRS,n,2,281.57,23.87,N,0
40.11961,-120.773,339.2,0.38,0.36,2021-08-18,955,N,VIIRS,n,2,289.23,4.76,N,0
40.12068,-120.73518,314.99,0.38,0.36,2021-08-18,955,N,VIIRS,n,2,281.76,4.04,N,0
40.1216,-120.67445,343.56,0.38,0.36,2021-08-18,955,N,VIIRS,n,2,300.54,7.09,N,0
40.12229,-120.67891,345.55,0.38,0.36,2021-08-18,955,N,VIIRS,n,2,322.67,23.87,N,0
40.12259,-120.72534,300.13,0.38,0.36,2021-08-18,955,N,VIIRS,n,2,281.51,1.23,N,0
40.12297,-120.68338,327.93,0.38,0.36,2021-08-18,955,N,VIIRS,n,2,283.97,23.87,N,0
40.12327,-120.72981,311.36,0.38,0.36,2021-08-18,955,N,VIIRS,n,2,282.82,1.23,N,0
40.12395,-120.73428,346.26,0.38,0.36,2021-08-18,955,N,VIIRS,n,2,288.56,4.04,N,0
40.1242,-120.66918,298.58,0.38,0.36,2021-08-18,955,N,VIIRS,n,2,283.4,8.16,N,0
40.12489,-120.67362,367,0.38,0.36,2021-08-18,955,N,VIIRS,h,2,316.08,8.16,N,0
40.12557,-120.67806,352.79,0.38,0.36,2021-08-18,955,N,VIIRS,n,2,329.25,21.8,N,0
40.12587,-120.72443,349.48,0.38,0.36,2021-08-18,955,N,VIIRS,n,2,290.57,4.38,N,0
40.12626,-120.68254,338.67,0.38,0.36,2021-08-18,955,N,VIIRS,n,2,288.33,21.8,N,0
40.12655,-120.7289,336.87,0.38,0.36,2021-08-18,955,N,VIIRS,n,2,287.38,4.38,N,0
40.1268,-120.66389,299.94,0.38,0.36,2021-08-18,955,N,VIIRS,n,2,282.07,1.11,N,0
40.12695,-120.68703,315.48,0.38,0.36,2021-08-18,955,N,VIIRS,n,2,281.62,1.74,N,0
40.12748,-120.66835,308.84,0.38,0.36,2021-08-18,955,N,VIIRS,n,2,284.49,8.16,N,0
40.12763,-120.69147,295.74,0.38,0.36,2021-08-18,955,N,VIIRS,n,2,281.21,1.74,N,0
40.12817,-120.67279,355.85,0.38,0.36,2021-08-18,955,N,VIIRS,n,2,303.74,8.16,N,0
40.12832,-120.69593,296.43,0.38,0.36,2021-08-18,955,N,VIIRS,n,2,280.52,6.1,N,0
40.12846,-120.71907,312.24,0.38,0.36,2021-08-18,955,N,VIIRS,n,2,283.75,1.12,N,0
40.12885,-120.67725,356.53,0.38,0.36,2021-08-18,955,N,VIIRS,n,2,311.84,21.8,N,0
40.12914,-120.72354,312.39,0.38,0.36,2021-08-18,955,N,VIIRS,n,2,285.54,4.38,N,0
40.1294,-120.6586,329.79,0.38,0.36,2021-08-18,955,N,VIIRS,n,2,284.36,1.81,N,0
40.12954,-120.68169,350.29,0.38,0.36,2021-08-18,955,N,VIIRS,n,2,307.12,21.8,N,0
40.13008,-120.66306,314.84,0.38,0.36,2021-08-18,955,N,VIIRS,n,2,284.76,1.81,N,0
40.13023,-120.68616,329.38,0.38,0.36,2021-08-18,955,N,VIIRS,n,2,283.51,1.74,N,0
40.13077,-120.66752,342.48,0.38,0.36,2021-08-18,955,N,VIIRS,n,2,293.66,5.62,N,0
40.13091,-120.69062,312.04,0.38,0.36,2021-08-18,955,N,VIIRS,n,2,282.18,1.74,N,0
40.13106,-120.71373,315.48,0.38,0.36,2021-08-18,955,N,VIIRS,n,2,282.75,1.08,N,0
40.13145,-120.67196,351.83,0.38,0.36,2021-08-18,955,N,VIIRS,n,2,300.5,5.62,N,0
40.1316,-120.69506,348.89,0.38,0.36,2021-08-18,955,N,VIIRS,n,2,282.84,6.1,N,0
40.13214,-120.67641,352.95,0.38,0.36,2021-08-18,955,N,VIIRS,n,2,300.96,12.16,N,0
40.13228,-120.69949,326.81,0.38,0.36,2021-08-18,955,N,VIIRS,n,2,281.9,6.1,N,0
40.13268,-120.65772,299.45,0.38,0.36,2021-08-18,955,N,VIIRS,n,2,283.43,1.81,N,0
40.13282,-120.68086,367,0.38,0.36,2021-08-18,955,N,VIIRS,h,2,308.2,12.16,N,0
40.13337,-120.6622,319.19,0.38,0.36,2021-08-18,955,N,VIIRS,n,2,286.54,1.81,N,0
40.13351,-120.68532,342.8,0.38,0.36,2021-08-18,955,N,VIIRS,n,2,322.1,71.06,N,0
40.13405,-120.66667,337.72,0.38,0.36,2021-08-18,955,N,VIIRS,n,2,296.99,5.62,N,0
40.13419,-120.68976,347.52,0.38,0.36,2021-08-18,955,N,VIIRS,n,2,298.21,71.06,N,0
40.13433,-120.71286,297.61,0.38,0.36,2021-08-18,955,N,VIIRS,n,2,281.9,1.08,N,0
40.13474,-120.67113,344.44,0.38,0.36,2021-08-18,955,N,VIIRS,n,2,296.85,5.62,N,0
40.13488,-120.69418,367,0.38,0.36,2021-08-18,955,N,VIIRS,h,2,330.71,55.99,N,0
40.13543,-120.67558,356.97,0.38,0.36,2021-08-18,955,N,VIIRS,n,2,302.17,12.16,N,0
40.13556,-120.69862,343.02,0.38,0.36,2021-08-18,955,N,VIIRS,n,2,318.58,55.99,N,0
40.13595,-120.65685,336.81,0.38,0.36,2021-08-18,955,N,VIIRS,n,2,289.12,5.07,N,0
40.13611,-120.68003,367,0.38,0.36,2021-08-18,955,N,VIIRS,h,2,300.63,12.16,N,0
40.13625,-120.70306,297.96,0.38,0.36,2021-08-18,955,N,VIIRS,n,2,280.87,2.36,N,0
40.13664,-120.66133,350.36,0.38,0.36,2021-08-18,955,N,VIIRS,n,2,299.67,5.07,N,0
40.1368,-120.68447,367,0.38,0.36,2021-08-18,955,N,VIIRS,h,2,341.44,71.06,N,0
40.13693,-120.70753,299.85,0.38,0.36,2021-08-18,955,N,VIIRS,n,2,282.03,2.36,N,0
40.13733,-120.66581,350.43,0.38,0.36,2021-08-18,955,N,VIIRS,n,2,301.55,7.54,N,0
40.13748,-120.6889,367,0.38,0.36,2021-08-18,955,N,VIIRS,h,2,338.81,71.06,N,0
40.13802,-120.67028,352.24,0.38,0.36,2021-08-18,955,N,VIIRS,n,2,300.7,7.54,N,0
40.13816,-120.69334,337.39,0.38,0.36,2021-08-18,955,N,VIIRS,n,2,291.23,55.99,N,0
40.13871,-120.67473,351.04,0.38,0.36,2021-08-18,955,N,VIIRS,n,2,300.43,6.49,N,0
40.13884,-120.69776,356.19,0.38,0.36,2021-08-18,955,N,VIIRS,n,2,312.41,55.99,N,0
40.13924,-120.65598,316.19,0.38,0.36,2021-08-18,955,N,VIIRS,n,2,283.29,5.07,N,0
40.13939,-120.67918,367,0.38,0.36,2021-08-18,955,N,VIIRS,h,2,303.9,6.49,N,0
40.13952,-120.70223,331.64,0.38,0.36,2021-08-18,955,N,VIIRS,n,2,285.34,2.36,N,0
40.1397,-120.46067,295.89,0.38,0.36,2021-08-18,955,N,VIIRS,n,2,280.15,0.84,N,0
40.13993,-120.66045,347.65,0.38,0.36,2021-08-18,955,N,VIIRS,n,2,294.46,5.07,N,0
40.14008,-120.68362,352.09,0.38,0.36,2021-08-18,955,N,VIIRS,n,2,303.85,13.59,N,0
40.14039,-120.46514,295.93,0.38,0.36,2021-08-18,955,N,VIIRS,n,2,281.01,0.84,N,0
40.14061,-120.66493,356.38,0.38,0.36,2021-08-18,955,N,VIIRS,n,2,305.55,7.54,N,0
40.14076,-120.68805,354.17,0.38,0.36,2021-08-18,955,N,VIIRS,n,2,308.09,13.59,N,0
40.1413,-120.66942,346.99,0.38,0.36,2021-08-18,955,N,VIIRS,n,2,299.54,7.54,N,0
40.14144,-120.69249,342.51,0.38,0.36,2021-08-18,955,N,VIIRS,n,2,289.56,2.99,N,0
40.14158,-120.45087,298.75,0.38,0.36,2021-08-18,955,N,VIIRS,n,2,278.24,0.91,N,0
40.14199,-120.67387,342.18,0.38,0.36,2021-08-18,955,N,VIIRS,n,2,295.24,6.49,N,0
40.14212,-120.69695,315.28,0.38,0.36,2021-08-18,955,N,VIIRS,n,2,285.9,2.99,N,0
40.14228,-120.45533,303.88,0.38,0.36,2021-08-18,955,N,VIIRS,n,2,279.11,0.91,N,0
40.14268,-120.67834,335.55,0.38,0.36,2021-08-18,955,N,VIIRS,n,2,294.46,6.49,N,0
40.14281,-120.70139,307.23,0.38,0.36,2021-08-18,955,N,VIIRS,n,2,284.02,1.7,N,0
40.14297,-120.45981,309.68,0.38,0.36,2021-08-18,955,N,VIIRS,n,2,279.74,0.84,N,0
40.1432,-120.65958,313.77,0.38,0.36,2021-08-18,955,N,VIIRS,n,2,285.82,2,N,0
40.14336,-120.68278,335.99,0.38,0.36,2021-08-18,955,N,VIIRS,n,2,293.89,13.59,N,0
40.14367,-120.46428,313.37,0.38,0.36,2021-08-18,955,N,VIIRS,n,2,280.93,0.84,N,0
40.14389,-120.66405,342.43,0.38,0.36,2021-08-18,955,N,VIIRS,n,2,298.3,3.7,N,0
40.14404,-120.6872,318.92,0.38,0.36,2021-08-18,955,N,VIIRS,n,2,287.22,13.59,N,0
40.14416,-120.44553,298.89,0.38,0.36,2021-08-18,955,N,VIIRS,n,2,278.43,0.71,N,0
40.14437,-120.46873,307.69,0.38,0.36,2021-08-18,955,N,VIIRS,n,2,281.05,1.06,N,0
40.14458,-120.66853,334.22,0.38,0.36,2021-08-18,955,N,VIIRS,n,2,294.35,3.7,N,0
40.14472,-120.69166,304.35,0.38,0.36,2021-08-18,955,N,VIIRS,n,2,283.23,2.99,N,0
40.14486,-120.45,306.08,0.38,0.36,2021-08-18,955,N,VIIRS,n,2,278.36,1.74,N,0
40.14506,-120.4732,298.75,0.38,0.36,2021-08-18,955,N,VIIRS,n,2,281.39,1.06,N,0
40.14528,-120.67301,322.01,0.38,0.36,2021-08-18,955,N,VIIRS,n,2,290.38,2.09,N,0
40.14556,-120.45448,315.2,0.38,0.36,2021-08-18,955,N,VIIRS,n,2,279.22,1.74,N,0
40.14586,-120.76588,319.5,0.38,0.36,2021-08-18,955,N,VIIRS,n,2,283.32,1.54,N,0
40.14596,-120.67747,316.78,0.38,0.36,2021-08-18,955,N,VIIRS,n,2,287.61,2.09,N,0
40.14626,-120.45894,326.82,0.38,0.36,2021-08-18,955,N,VIIRS,n,2,280.25,22.28,N,0
40.14664,-120.68192,315.57,0.38,0.36,2021-08-18,955,N,VIIRS,n,2,287.22,1.16,N,0
40.14674,-120.44021,298.09,0.38,0.36,2021-08-18,955,N,VIIRS,n,2,278.15,0.71,N,0
40.14695,-120.46342,347.92,0.38,0.36,2021-08-18,955,N,VIIRS,n,2,289.3,22.28,N,0
40.14717,-120.66318,325.11,0.38,0.36,2021-08-18,955,N,VIIRS,n,2,291.18,3.7,N,0
40.14733,-120.68636,295.58,0.38,0.36,2021-08-18,955,N,VIIRS,n,2,282.06,1.16,N,0
40.14744,-120.44468,306.25,0.38,0.36,2021-08-18,955,N,VIIRS,n,2,278.01,0.71,N,0
40.14764,-120.46787,342.59,0.38,0.36,2021-08-18,955,N,VIIRS,n,2,281.68,12.94,N,0
40.14787,-120.66767,325.2,0.38,0.36,2021-08-18,955,N,VIIRS,n,2,293.46,3.7,N,0
40.14814,-120.44914,315.82,0.38,0.36,2021-08-18,955,N,VIIRS,n,2,278.75,1.74,N,0
40.14834,-120.47233,313.8,0.38,0.36,2021-08-18,955,N,VIIRS,n,2,280.82,12.94,N,0
40.14845,-120.76048,317.11,0.38,0.36,2021-08-18,955,N,VIIRS,n,2,282.06,1.55,N,0
40.14856,-120.67215,319.39,0.38,0.36,2021-08-18,955,N,VIIRS,n,2,288.87,2.09,N,0
40.14883,-120.45361,329.95,0.38,0.36,2021-08-18,955,N,VIIRS,n,2,280.19,1.74,N,0
40.14903,-120.47678,300.74,0.38,0.36,2021-08-18,955,N,VIIRS,n,2,280.47,0.8,N,0
40.14915,-120.76504,305.75,0.38,0.36,2021-08-18,955,N,VIIRS,n,2,283.61,1.54,N,0
40.14925,-120.67661,315.74,0.38,0.36,2021-08-18,955,N,VIIRS,n,2,287.65,2.09,N,0
40.14953,-120.45806,348.22,0.38,0.36,2021-08-18,955,N,VIIRS,n,2,282.57,22.28,N,0
40.14993,-120.68107,299.39,0.38,0.36,2021-08-18,955,N,VIIRS,n,2,284,1.16,N,0
40.15002,-120.43935,300.72,0.38,0.36,2021-08-18,955,N,VIIRS,n,2,279.13,0.95,N,0
40.15023,-120.46255,340.73,0.38,0.36,2021-08-18,955,N,VIIRS,n,2,308.51,22.28,N,0
40.15046,-120.66232,299.29,0.38,0.36,2021-08-18,955,N,VIIRS,n,2,282.26,1.45,N,0
40.15072,-120.44382,311.29,0.38,0.36,2021-08-18,955,N,VIIRS,n,2,279.25,0.95,N,0
40.15092,-120.467,354.62,0.38,0.36,2021-08-18,955,N,VIIRS,n,2,284.04,12.94,N,0
40.15115,-120.66679,310.96,0.38,0.36,2021-08-18,955,N,VIIRS,n,2,286.96,1.45,N,0
40.15142,-120.44828,328.02,0.38,0.36,2021-08-18,955,N,VIIRS,n,2,279.83,25.22,N,0
40.15162,-120.47147,330.29,0.38,0.36,2021-08-18,955,N,VIIRS,n,2,280.6,12.94,N,0
40.15184,-120.67129,307.48,0.38,0.36,2021-08-18,955,N,VIIRS,n,2,286.35,0.99,N,0
40.15211,-120.45274,353.12,0.38,0.36,2021-08-18,955,N,VIIRS,n,2,291.09,25.22,N,0
40.15231,-120.47591,310.24,0.38,0.36,2021-08-18,955,N,VIIRS,n,2,279.86,0.8,N,0
40.15253,-120.67576,301.52,0.38,0.36,2021-08-18,955,N,VIIRS,n,2,284.54,0.99,N,0
40.15281,-120.45721,353.53,0.38,0.36,2021-08-18,955,N,VIIRS,n,2,301.46,53.63,N,0
40.153,-120.48037,297.71,0.38,0.36,2021-08-18,955,N,VIIRS,n,2,279.61,0.8,N,0
40.15321,-120.68022,296.81,0.38,0.36,2021-08-18,955,N,VIIRS,n,2,282.27,0.73,N,0
40.1533,-120.43848,301.2,0.38,0.36,2021-08-18,955,N,VIIRS,n,2,280.26,0.95,N,0
40.15351,-120.46167,367,0.38,0.36,2021-08-18,955,N,VIIRS,h,2,327.63,53.63,N,0
40.15389,-120.68465,299.99,0.38,0.36,2021-08-18,955,N,VIIRS,n,2,282.28,0.73,N,0
40.154,-120.44296,313.85,0.38,0.36,2021-08-18,955,N,VIIRS,n,2,280.46,0.95,N,0
40.1542,-120.46613,345.36,0.38,0.36,2021-08-18,955,N,VIIRS,n,2,307.21,48.48,N,0
40.15443,-120.66593,322.21,0.38,0.36,2021-08-18,955,N,VIIRS,n,2,284.43,1.45,N,0
40.1547,-120.44741,338.59,0.38,0.36,2021-08-18,955,N,VIIRS,n,2,281.67,25.22,N,0
40.15489,-120.47059,341.18,0.38,0.36,2021-08-18,955,N,VIIRS,n,2,281.84,48.48,N,0
40.15512,-120.67043,296.7,0.38,0.36,2021-08-18,955,N,VIIRS,n,2,282.35,0.99,N,0
40.15539,-120.45187,339.24,0.38,0.36,2021-08-18,955,N,VIIRS,n,2,307.18,25.22,N,0
40.15559,-120.47504,319.22,0.38,0.36,2021-08-18,955,N,VIIRS,n,2,279.6,1.63,N,0
40.15597,-120.43539,299.08,0.38,0.36,2021-08-18,955,N,VIIRS,n,2,280.48,0.9,N,0
40.15609,-120.45634,354.02,0.38,0.36,2021-08-18,955,N,VIIRS,n,2,305.53,53.63,N,0
40.15628,-120.4795,303.41,0.38,0.36,2021-08-18,955,N,VIIRS,n,2,279.13,1.63,N,0
40.15667,-120.43986,310.6,0.38,0.36,2021-08-18,955,N,VIIRS,n,2,280.94,12.41,N,0
40.15678,-120.46081,345.09,0.38,0.36,2021-08-18,955,N,VIIRS,n,2,311.13,53.63,N,0
40.15736,-120.44431,339.91,0.38,0.36,2021-08-18,955,N,VIIRS,n,2,282.84,12.41,N,0
40.15748,-120.46526,333.92,0.38,0.36,2021-08-18,955,N,VIIRS,n,2,323.48,48.48,N,0
40.15771,-120.66507,304.88,0.38,0.36,2021-08-18,955,N,VIIRS,n,2,280.85,0.77,N,0
40.15806,-120.44878,340.5,0.38,0.36,2021-08-18,955,N,VIIRS,n,2,307.42,63.53,N,0
40.15817,-120.46973,350.75,0.38,0.36,2021-08-18,955,N,VIIRS,n,2,284.13,48.48,N,0
40.1584,-120.66956,301.43,0.38,0.36,2021-08-18,955,N,VIIRS,n,2,279.49,0.73,N,0
40.15875,-120.45324,350.58,0.38,0.36,2021-08-18,955,N,VIIRS,n,2,318.04,63.53,N,0
40.15887,-120.47418,322.84,0.38,0.36,2021-08-18,955,N,VIIRS,n,2,280.02,1.63,N,0
40.15925,-120.43452,299.83,0.38,0.36,2021-08-18,955,N,VIIRS,n,2,280.12,0.9,N,0
40.15945,-120.45772,367,0.38,0.36,2021-08-18,955,N,VIIRS,h,2,298.89,21.77,N,0
40.15956,-120.47862,308.15,0.38,0.36,2021-08-18,955,N,VIIRS,n,2,278.31,1.63,N,0
40.15995,-120.43898,314.6,0.38,0.36,2021-08-18,955,N,VIIRS,n,2,281.08,12.41,N,0
40.16014,-120.46217,340.15,0.38,0.36,2021-08-18,955,N,VIIRS,n,2,317.04,21.77,N,0
40.1602,-120.74799,296.85,0.38,0.36,2021-08-18,955,N,VIIRS,n,2,279.48,0.54,N,0
40.16024,-120.48308,302.41,0.38,0.36,2021-08-18,955,N,VIIRS,n,2,275.84,0.84,N,0
40.16064,-120.44344,333.97,0.38,0.36,2021-08-18,955,N,VIIRS,n,2,302.64,12.41,N,0
40.16084,-120.46664,336.84,0.38,0.36,2021-08-18,955,N,VIIRS,n,2,335.33,40.04,N,0
40.16093,-120.48754,297.02,0.38,0.36,2021-08-18,955,N,VIIRS,n,2,276.18,0.84,N,0
40.16099,-120.66422,299.7,0.38,0.36,2021-08-18,955,N,VIIRS,n,2,279.09,0.77,N,0
40.16134,-120.4479,328.8,0.38,0.36,2021-08-18,955,N,VIIRS,n,2,317.64,63.53,N,0
40.16153,-120.47111,346.16,0.38,0.36,2021-08-18,955,N,VIIRS,n,2,285.34,40.04,N,0
40.16168,-120.66869,297.39,0.38,0.36,2021-08-18,955,N,VIIRS,n,2,278.42,0.73,N,0
40.16203,-120.45237,356.45,0.38,0.36,2021-08-18,955,N,VIIRS,n,2,306.31,63.53,N,0
40.16223,-120.47556,318.38,0.38,0.36,2021-08-18,955,N,VIIRS,n,2,279.5,2.14,N,0
40.16253,-120.43365,298.89,0.38,0.36,2021-08-18,955,N,VIIRS,n,2,280.75,1.25,N,0
40.16273,-120.45683,346.1,0.38,0.36,2021-08-18,955,N,VIIRS,n,2,287.43,21.77,N,0
40.16292,-120.48002,308.51,0.38,0.36,2021-08-18,955,N,VIIRS,n,2,278.07,2.14,N,0
40.16323,-120.4381,316.47,0.38,0.36,2021-08-18,955,N,VIIRS,n,2,281.12,16.71,N,0
40.16342,-120.46131,356.41,0.38,0.36,2021-08-18,955,N,VIIRS,n,2,290.25,21.77,N,0
40.16348,-120.74713,326.85,0.38,0.36,2021-08-18,955,N,VIIRS,n,2,282.54,2.34,N,0
40.16362,-120.48447,306.27,0.38,0.36,2021-08-18,955,N,VIIRS,n,2,275.67,1.47,N,0
40.16393,-120.44257,335.27,0.38,0.36,2021-08-18,955,N,VIIRS,n,2,317.14,16.71,N,0
40.16412,-120.46577,346.51,0.38,0.36,2021-08-18,955,N,VIIRS,n,2,320.72,40.04,N,0
40.16431,-120.48892,303.78,0.38,0.36,2021-08-18,955,N,VIIRS,n,2,276.12,1.47,N,0
40.16462,-120.44704,336.25,0.38,0.36,2021-08-18,955,N,VIIRS,n,2,321.41,36.43,N,0
40.16481,-120.47024,344.04,0.38,0.36,2021-08-18,955,N,VIIRS,n,2,282.42,40.04,N,0
40.165,-120.4934,302.94,0.38,0.36,2021-08-18,955,N,VIIRS,n,2,277.32,1.51,N,0
40.16531,-120.45151,356.28,0.38,0.36,2021-08-18,955,N,VIIRS,n,2,292.12,36.43,N,0
40.16551,-120.4747,317.93,0.38,0.36,2021-08-18,955,N,VIIRS,n,2,279.73,2.14,N,0
40.1657,-120.49787,300.36,0.38,0.36,2021-08-18,955,N,VIIRS,n,2,280.38,1.51,N,0
40.16601,-120.45596,342.27,0.38,0.36,2021-08-18,955,N,VIIRS,n,2,286.72,4.94,N,0
40.1662,-120.47916,309.62,0.38,0.36,2021-08-18,955,N,VIIRS,n,2,278.7,2.14,N,0
40.16639,-120.50237,295.21,0.38,0.36,2021-08-18,955,N,VIIRS,n,2,281.73,0.74,N,0
40.1665,-120.43725,310.51,0.38,0.36,2021-08-18,955,N,VIIRS,n,2,280.61,16.71,N,0
40.1667,-120.46044,343.75,0.38,0.36,2021-08-18,955,N,VIIRS,n,2,287.4,4.94,N,0
40.1669,-120.4836,311.02,0.38,0.36,2021-08-18,955,N,VIIRS,n,2,276.32,1.47,N,0
40.16696,-120.76982,295.32,0.39,0.36,2021-08-18,955,N,VIIRS,n,2,282.89,0.42,N,0
40.16708,-120.50683,296.08,0.38,0.36,2021-08-18,955,N,VIIRS,n,2,282.16,0.74,N,0
40.1672,-120.4417,340.87,0.38,0.36,2021-08-18,955,N,VIIRS,n,2,284.38,16.71,N,0
40.1674,-120.4649,353.32,0.38,0.36,2021-08-18,955,N,VIIRS,n,2,308.06,29.04,N,0
40.16759,-120.48806,313.17,0.38,0.36,2021-08-18,955,N,VIIRS,n,2,275.3,1.47,N,0
40.16777,-120.51128,297.34,0.38,0.36,2021-08-18,955,N,VIIRS,n,2,281.04,0.83,N,0
40.1679,-120.44617,367,0.38,0.36,2021-08-18,955,N,VIIRS,h,2,296.78,36.43,N,0
40.16809,-120.46938,336.34,0.38,0.36,2021-08-18,955,N,VIIRS,n,2,281.94,29.04,N,0
40.16829,-120.49253,316.39,0.38,0.36,2021-08-18,955,N,VIIRS,n,2,275.7,1.51,N,0
40.16859,-120.45063,367,0.38,0.36,2021-08-18,955,N,VIIRS,h,2,292.37,36.43,N,0
40.16879,-120.47382,314.93,0.38,0.36,2021-08-18,955,N,VIIRS,n,2,280.37,2.07,N,0
40.16898,-120.49701,316.57,0.38,0.36,2021-08-18,955,N,VIIRS,n,2,277.77,1.51,N,0
40.16928,-120.4551,337.56,0.38,0.36,2021-08-18,955,N,VIIRS,n,2,287.49,4.94,N,0
40.16948,-120.47828,310.49,0.38,0.36,2021-08-18,955,N,VIIRS,n,2,279.39,2.07,N,0
40.16966,-120.50149,305.16,0.38,0.36,2021-08-18,955,N,VIIRS,n,2,281.51,0.74,N,0
40.16978,-120.43637,304.56,0.38,0.36,2021-08-18,955,N,VIIRS,n,2,280.49,6.63,N,0
40.16989,-120.72216,332.92,0.38,0.36,2021-08-18,955,N,VIIRS,n,2,280.6,3.98,N,0
40.16998,-120.45956,333.54,0.38,0.36,2021-08-18,955,N,VIIRS,n,2,284.74,4.94,N,0
40.17017,-120.48273,313.7,0.38,0.36,2021-08-18,955,N,VIIRS,n,2,278.45,3.1,N,0
40.17036,-120.50596,303.72,0.38,0.36,2021-08-18,955,N,VIIRS,n,2,281.84,0.74,N,0
40.17048,-120.44083,323.56,0.38,0.36,2021-08-18,955,N,VIIRS,n,2,282.2,6.63,N,0
40.17067,-120.46404,343.05,0.38,0.36,2021-08-18,955,N,VIIRS,n,2,314.09,29.04,N,0
40.17087,-120.48719,320.65,0.38,0.36,2021-08-18,955,N,VIIRS,n,2,277.39,3.1,N,0
40.17105,-120.51042,304.25,0.38,0.36,2021-08-18,955,N,VIIRS,n,2,280.76,0.83,N,0
40.17117,-120.44529,356.09,0.38,0.36,2021-08-18,955,N,VIIRS,n,2,291.94,8.25,N,0
40.17137,-120.4685,333.82,0.38,0.36,2021-08-18,955,N,VIIRS,n,2,281.45,29.04,N,0
40.17156,-120.49167,331.71,0.38,0.36,2021-08-18,955,N,VIIRS,n,2,277.21,7.42,N,0
40.17174,-120.51488,304.04,0.38,0.36,2021-08-18,955,N,VIIRS,n,2,279.74,0.83,N,0
40.17187,-120.44976,367,0.38,0.36,2021-08-18,955,N,VIIRS,h,2,298.86,8.25,N,0
40.17207,-120.47297,313.12,0.38,0.36,2021-08-18,955,N,VIIRS,n,2,280.23,2.07,N,0
40.17225,-120.49613,340.04,0.38,0.36,2021-08-18,955,N,VIIRS,n,2,278.11,7.42,N,0
40.17243,-120.51936,300.57,0.38,0.36,2021-08-18,955,N,VIIRS,n,2,278.86,0.7,N,0
40.17257,-120.45422,339.35,0.38,0.36,2021-08-18,955,N,VIIRS,n,2,289.67,8.34,N,0
40.17276,-120.47741,310.56,0.38,0.36,2021-08-18,955,N,VIIRS,n,2,280.06,2.07,N,0
40.17294,-120.50063,328.08,0.38,0.36,2021-08-18,955,N,VIIRS,n,2,281.13,5.16,N,0
40.17306,-120.43549,302.56,0.38,0.36,2021-08-18,955,N,VIIRS,n,2,280.23,6.63,N,0
40.17312,-120.52381,295.3,0.38,0.36,2021-08-18,955,N,VIIRS,n,2,279.69,0.7,N,0
40.17326,-120.4587,345.97,0.38,0.36,2021-08-18,955,N,VIIRS,n,2,290.36,8.34,N,0
40.17345,-120.48187,319.38,0.38,0.36,2021-08-18,955,N,VIIRS,n,2,278.88,3.1,N,0
40.17364,-120.50511,318.47,0.38,0.36,2021-08-18,955,N,VIIRS,n,2,281.54,5.16,N,0
40.17376,-120.43996,353.14,0.38,0.36,2021-08-18,955,N,VIIRS,n,2,291.13,6.63,N,0
40.17395,-120.46317,367,0.38,0.36,2021-08-18,955,N,VIIRS,h,2,294.07,10.65,N,0
40.17415,-120.48633,328.68,0.38,0.36,2021-08-18,955,N,VIIRS,n,2,278.92,3.1,N,0
40.17432,-120.50955,315.82,0.38,0.36,2021-08-18,955,N,VIIRS,n,2,281.13,2.45,N,0
40.17445,-120.44443,353.99,0.38,0.36,2021-08-18,955,N,VIIRS,n,2,297.33,8.25,N,0
40.17465,-120.46763,322.1,0.38,0.36,2021-08-18,955,N,VIIRS,n,2,280.54,10.65,N,0
40.17484,-120.49079,349.41,0.38,0.36,2021-08-18,955,N,VIIRS,n,2,279.91,7.42,N,0
40.17502,-120.51402,313.22,0.38,0.36,2021-08-18,955,N,VIIRS,n,2,279.74,2.45,N,0
40.17509,-120.71157,307.83,0.38,0.36,2021-08-18,955,N,VIIRS,n,2,279.17,1.19,N,0
40.17515,-120.4489,351.29,0.38,0.36,2021-08-18,955,N,VIIRS,n,2,297.78,8.25,N,0
40.17534,-120.47209,312.26,0.38,0.36,2021-08-18,955,N,VIIRS,n,2,280.09,2.67,N,0
40.17553,-120.49528,367,0.38,0.36,2021-08-18,955,N,VIIRS,h,2,281.76,7.42,N,0
40.17571,-120.51849,308.18,0.38,0.36,2021-08-18,955,N,VIIRS,n,2,278.8,1.21,N,0
40.17578,-120.71603,314.1,0.38,0.36,2021-08-18,955,N,VIIRS,n,2,280.67,1.19,N,0
40.17584,-120.45336,344.09,0.38,0.36,2021-08-18,955,N,VIIRS,n,2,290.76,8.34,N,0
40.17604,-120.47655,313.52,0.38,0.36,2021-08-18,955,N,VIIRS,n,2,280.14,2.67,N,0
40.17622,-120.49976,353.76,0.38,0.36,2021-08-18,955,N,VIIRS,n,2,282.83,5.16,N,0
40.17641,-120.52295,301.44,0.38,0.36,2021-08-18,955,N,VIIRS,n,2,279.69,1.21,N,0
40.17654,-120.45783,346.83,0.38,0.36,2021-08-18,955,N,VIIRS,n,2,290.55,8.34,N,0
40.17673,-120.481,324.68,0.38,0.36,2021-08-18,955,N,VIIRS,n,2,279.58,7.76,N,0
40.17691,-120.50423,341.16,0.38,0.36,2021-08-18,955,N,VIIRS,n,2,282.03,5.16,N,0
40.17704,-120.43909,320.19,0.38,0.36,2021-08-18,955,N,VIIRS,n,2,281.62,2.15,N,0
40.17709,-120.5274,295.51,0.38,0.36,2021-08-18,955,N,VIIRS,n,2,280.33,0.74,N,0
40.17715,-120.72496,303.82,0.38,0.36,2021-08-18,955,N,VIIRS,n,2,279.1,0.84,N,0
40.17723,-120.4623,352.25,0.38,0.36,2021-08-18,955,N,VIIRS,n,2,286.29,10.65,N,0
40.17743,-120.48545,342.96,0.38,0.36,2021-08-18,955,N,VIIRS,n,2,279.89,7.76,N,0
40.17761,-120.50871,331.73,0.38,0.36,2021-08-18,955,N,VIIRS,n,2,280.77,2.45,N,0
40.17773,-120.44356,324.71,0.38,0.36,2021-08-18,955,N,VIIRS,n,2,285.2,2.92,N,0
40.17784,-120.72944,307.08,0.38,0.36,2021-08-18,955,N,VIIRS,n,2,279.75,2.73,N,0
40.17793,-120.46677,321.77,0.38,0.36,2021-08-18,955,N,VIIRS,n,2,280.67,10.65,N,0
40.17812,-120.48993,352.69,0.38,0.36,2021-08-18,955,N,VIIRS,n,2,285.59,477.51,N,0
40.1783,-120.51315,323.5,0.38,0.36,2021-08-18,955,N,VIIRS,n,2,280.06,2.45,N,0
40.17838,-120.71074,295.09,0.38,0.36,2021-08-18,955,N,VIIRS,n,2,277.64,10.27,N,0
40.17842,-120.44804,346.42,0.38,0.36,2021-08-18,955,N,VIIRS,n,2,291.63,2.92,N,0
40.17852,-120.73391,333.12,0.38,0.36,2021-08-18,955,N,VIIRS,n,2,281.48,2.73,N,0
40.17863,-120.47121,313.45,0.38,0.36,2021-08-18,955,N,VIIRS,n,2,279.86,2.67,N,0
40.17881,-120.49442,367,0.38,0.36,2021-08-18,955,N,VIIRS,h,2,315.94,477.51,N,0
40.17899,-120.51762,318.15,0.38,0.36,2021-08-18,955,N,VIIRS,n,2,278.94,1.21,N,0
40.17907,-120.71519,338.5,0.38,0.36,2021-08-18,955,N,VIIRS,n,2,283.66,10.27,N,0
40.17912,-120.45251,348.9,0.38,0.36,2021-08-18,955,N,VIIRS,n,2,294.49,5.3,N,0
40.17931,-120.47567,316.48,0.38,0.36,2021-08-18,955,N,VIIRS,n,2,280.41,2.67,N,0
40.1795,-120.49889,347.16,0.38,0.36,2021-08-18,955,N,VIIRS,n,2,293.71,134.67,N,0
40.17968,-120.52208,308.71,0.38,0.36,2021-08-18,955,N,VIIRS,n,2,279.57,1.21,N,0
40.17981,-120.45697,328.07,0.38,0.36,2021-08-18,955,N,VIIRS,n,2,284.96,5.3,N,0
40.18001,-120.48014,330.92,0.38,0.36,2021-08-18,955,N,VIIRS,n,2,279.96,7.76,N,0
40.18019,-120.50337,367,0.38,0.36,2021-08-18,955,N,VIIRS,h,2,282.79,134.67,N,0
40.18037,-120.52654,299.27,0.38,0.36,2021-08-18,955,N,VIIRS,n,2,281.3,0.74,N,0
40.18051,-120.46143,334.4,0.38,0.36,2021-08-18,955,N,VIIRS,n,2,297.02,36.53,N,0
40.1807,-120.48459,354.13,0.38,0.36,2021-08-18,955,N,VIIRS,n,2,280.57,7.76,N,0
40.18089,-120.50783,349.66,0.38,0.36,2021-08-18,955,N,VIIRS,n,2,280.6,9.03,N,0
40.18101,-120.44268,308.15,0.38,0.36,2021-08-18,955,N,VIIRS,n,2,281.96,2.92,N,0
40.18113,-120.72861,341.69,0.38,0.36,2021-08-18,955,N,VIIRS,n,2,283.39,2.62,N,0
40.18121,-120.46589,341.82,0.38,0.36,2021-08-18,955,N,VIIRS,n,2,290.16,36.53,N,0
40.18158,-120.5123,338.94,0.38,0.36,2021-08-18,955,N,VIIRS,n,2,279.33,9.03,N,0
40.18167,-120.70991,316.32,0.38,0.36,2021-08-18,955,N,VIIRS,n,2,280.77,10.27,N,0
40.18171,-120.44716,325.02,0.38,0.36,2021-08-18,955,N,VIIRS,n,2,286.56,2.92,N,0
40.18181,-120.73307,302.05,0.38,0.36,2021-08-18,955,N,VIIRS,n,2,279.18,2.62,N,0
40.1819,-120.47036,314.32,0.38,0.36,2021-08-18,955,N,VIIRS,n,2,280.21,2.5,N,0
40.18227,-120.51675,331.74,0.38,0.36,2021-08-18,955,N,VIIRS,n,2,278.25,4.41,N,0
40.18235,-120.71436,355.35,0.38,0.36,2021-08-18,955,N,VIIRS,n,2,301.76,10.27,N,0
40.1824,-120.45163,323.74,0.38,0.36,2021-08-18,955,N,VIIRS,n,2,285.49,5.3,N,0
40.1826,-120.47481,319.22,0.38,0.36,2021-08-18,955,N,VIIRS,n,2,280.12,2.5,N,0
40.18296,-120.52122,320.67,0.38,0.36,2021-08-18,955,N,VIIRS,n,2,279.02,4.41,N,0
40.18304,-120.71884,304.28,0.38,0.36,2021-08-18,955,N,VIIRS,n,2,278.25,8.04,N,0
40.18309,-120.45609,344.75,0.38,0.36,2021-08-18,955,N,VIIRS,n,2,291.34,5.3,N,0
40.18329,-120.47926,334.36,0.38,0.36,2021-08-18,955,N,VIIRS,n,2,280.11,14.97,N,0
40.18348,-120.5025,357.26,0.38,0.36,2021-08-18,955,N,VIIRS,n,2,288.31,134.67,N,0
40.18365,-120.52568,305.07,0.38,0.36,2021-08-18,955,N,VIIRS,n,2,281.15,0.87,N,0
40.18379,-120.46056,340.94,0.38,0.36,2021-08-18,955,N,VIIRS,n,2,315.74,36.53,N,0
40.18398,-120.48373,354.69,0.38,0.36,2021-08-18,955,N,VIIRS,n,2,282.81,14.97,N,0
40.18417,-120.50698,367,0.38,0.36,2021-08-18,955,N,VIIRS,h,2,281.49,9.03,N,0
40.18429,-120.44183,302.46,0.38,0.36,2021-08-18,955,N,VIIRS,n,2,281.04,8.82,N,0
40.18435,-120.53014,297.76,0.38,0.36,2021-08-18,955,N,VIIRS,n,2,281.7,0.87,N,0
40.18441,-120.72778,314.76,0.38,0.36,2021-08-18,955,N,VIIRS,n,2,279.46,2.62,N,0
40.18449,-120.46502,338.8,0.38,0.36,2021-08-18,955,N,VIIRS,n,2,286.36,36.53,N,0
40.18468,-120.4882,367,0.38,0.36,2021-08-18,955,N,VIIRS,h,2,325.7,765.39,N,0
40.18486,-120.51142,355.95,0.38,0.36,2021-08-18,955,N,VIIRS,n,2,279.45,9.03,N,0
40.18499,-120.44629,302.54,0.38,0.36,2021-08-18,955,N,VIIRS,n,2,282.38,8.82,N,0
40.18518,-120.46947,310.25,0.38,0.36,2021-08-18,955,N,VIIRS,n,2,280.74,2.5,N,0
40.18555,-120.51588,350.49,0.38,0.36,2021-08-18,955,N,VIIRS,n,2,278.95,4.41,N,0
40.18564,-120.71352,326.4,0.38,0.36,2021-08-18,955,N,VIIRS,n,2,280.44,2.4,N,0
40.18568,-120.45075,302.38,0.38,0.36,2021-08-18,955,N,VIIRS,n,2,281.91,2.37,N,0
40.18587,-120.47394,318.36,0.38,0.36,2021-08-18,955,N,VIIRS,n,2,280.51,2.5,N,0
40.18624,-120.52034,337.05,0.38,0.36,2021-08-18,955,N,VIIRS,n,2,279.56,4.41,N,0
40.18633,-120.71801,295.14,0.38,0.36,2021-08-18,955,N,VIIRS,n,2,276.73,0.96,N,0
40.18637,-120.45522,339.65,0.38,0.36,2021-08-18,955,N,VIIRS,n,2,289.9,2.37,N,0
40.18657,-120.4784,338.49,0.38,0.36,2021-08-18,955,N,VIIRS,n,2,280.85,14.97,N,0
40.18675,-120.50164,342.5,0.38,0.36,2021-08-18,955,N,VIIRS,n,2,310.86,321.84,N,0
40.18687,-120.43652,301.16,0.38,0.36,2021-08-18,955,N,VIIRS,n,2,282.41,1.45,N,0
40.18694,-120.52481,315.16,0.38,0.36,2021-08-18,955,N,VIIRS,n,2,281.49,0.87,N,0
40.18707,-120.45969,351.2,0.38,0.36,2021-08-18,955,N,VIIRS,n,2,305.99,9.98,N,0
40.18726,-120.48286,343.72,0.38,0.36,2021-08-18,955,N,VIIRS,n,2,288.83,14.97,N,0
40.18745,-120.5061,367,0.38,0.36,2021-08-18,955,N,VIIRS,h,2,283.25,48.9,N,0
40.18756,-120.44097,343.76,0.38,0.36,2021-08-18,955,N,VIIRS,n,2,296.44,8.82,N,0
40.18763,-120.52927,302.55,0.38,0.36,2021-08-18,955,N,VIIRS,n,2,281.77,0.87,N,0
40.18776,-120.46414,314.12,0.38,0.36,2021-08-18,955,N,VIIRS,n,2,281.37,9.98,N,0
40.18814,-120.51057,367,0.38,0.36,2021-08-18,955,N,VIIRS,h,2,282.07,48.9,N,0
40.18826,-120.44543,333.98,0.38,0.36,2021-08-18,955,N,VIIRS,n,2,286.23,8.82,N,0
40.18832,-120.53374,296.92,0.38,0.36,2021-08-18,955,N,VIIRS,n,2,281.59,0.81,N,0
40.18846,-120.46861,305.05,0.38,0.36,2021-08-18,955,N,VIIRS,n,2,280.74,1.56,N,0
40.18883,-120.51501,367,0.38,0.36,2021-08-18,955,N,VIIRS,h,2,282.02,150.34,N,0
40.18896,-120.4499,305.46,0.38,0.36,2021-08-18,955,N,VIIRS,n,2,282.19,2.37,N,0
40.18916,-120.47306,312.42,0.38,0.36,2021-08-18,955,N,VIIRS,n,2,281.01,1.56,N,0
40.18952,-120.51948,367,0.38,0.36,2021-08-18,955,N,VIIRS,h,2,280.02,150.34,N,0
40.18965,-120.45435,318.54,0.38,0.36,2021-08-18,955,N,VIIRS,n,2,285.55,2.37,N,0
40.18984,-120.47753,335.38,0.38,0.36,2021-08-18,955,N,VIIRS,n,2,281.66,40.83,N,0
40.19003,-120.50078,335.32,0.38,0.36,2021-08-18,955,N,VIIRS,n,2,327.15,321.84,N,0
40.19015,-120.43566,307.02,0.38,0.36,2021-08-18,955,N,VIIRS,n,2,283.25,1,N,0
40.19022,-120.52395,337.95,0.38,0.36,2021-08-18,955,N,VIIRS,n,2,280.92,5.49,N,0
40.1903,-120.72163,295.44,0.38,0.36,2021-08-18,955,N,VIIRS,n,2,278.97,0.96,N,0
40.19035,-120.45882,333.43,0.38,0.36,2021-08-18,955,N,VIIRS,n,2,285.17,9.98,N,0
40.19054,-120.48201,343.01,0.38,0.36,2021-08-18,955,N,VIIRS,n,2,295.35,40.83,N,0
40.19073,-120.50525,327.61,0.38,0.36,2021-08-18,955,N,VIIRS,n,2,311.33,48.9,N,0
40.19084,-120.44012,336.62,0.38,0.36,2021-08-18,955,N,VIIRS,n,2,297.01,30.31,N,0
40.19091,-120.52841,308.88,0.38,0.36,2021-08-18,955,N,VIIRS,n,2,282.42,5.49,N,0
40.19098,-120.7261,297.34,0.38,0.36,2021-08-18,955,N,VIIRS,n,2,279.86,1.37,N,0
40.19104,-120.46326,302.73,0.38,0.36,2021-08-18,955,N,VIIRS,n,2,281,9.98,N,0
40.19142,-120.50969,345.99,0.38,0.36,2021-08-18,955,N,VIIRS,n,2,290.71,48.9,N,0
40.19154,-120.44456,341.12,0.38,0.36,2021-08-18,955,N,VIIRS,n,2,292.39,30.31,N,0
40.1916,-120.53285,300.59,0.38,0.36,2021-08-18,955,N,VIIRS,n,2,281.72,0.67,N,0
40.19173,-120.46774,300.67,0.38,0.36,2021-08-18,955,N,VIIRS,n,2,280.67,1.56,N,0
40.19193,-120.49096,367,0.38,0.36,2021-08-18,955,N,VIIRS,h,2,340.87,219.57,N,0
40.19223,-120.44902,324.56,0.38,0.36,2021-08-18,955,N,VIIRS,n,2,285.86,2.79,N,0
40.19243,-120.4722,309.45,0.38,0.36,2021-08-18,955,N,VIIRS,n,2,280.72,1.56,N,0
40.19262,-120.49544,367,0.38,0.36,2021-08-18,955,N,VIIRS,h,2,344.77,80.13,N,0
40.19273,-120.43036,300.15,0.38,0.36,2021-08-18,955,N,VIIRS,n,2,283.29,1,N,0
40.1928,-120.51862,343.1,0.38,0.36,2021-08-18,955,N,VIIRS,n,2,300.37,150.34,N,0
40.19313,-120.47665,329.46,0.38,0.36,2021-08-18,955,N,VIIRS,n,2,281.97,40.83,N,0
40.19331,-120.49991,332.33,0.38,0.36,2021-08-18,955,N,VIIRS,n,2,321.05,80.13,N,0
40.19343,-120.4348,315.31,0.38,0.36,2021-08-18,955,N,VIIRS,n,2,283.42,1,N,0
40.19349,-120.52306,355.25,0.38,0.36,2021-08-18,955,N,VIIRS,n,2,282.12,5.49,N,0
40.19362,-120.45795,329.41,0.38,0.36,2021-08-18,955,N,VIIRS,n,2,286.11,2.96,N,0
40.19382,-120.48113,337.39,0.38,0.36,2021-08-18,955,N,VIIRS,n,2,321.3,40.83,N,0
40.19412,-120.43925,336.62,0.38,0.36,2021-08-18,955,N,VIIRS,n,2,302.32,30.31,N,0
40.19418,-120.52753,322.3,0.38,0.36,2021-08-18,955,N,VIIRS,n,2,282.16,5.49,N,0
40.19432,-120.46241,327.2,0.38,0.36,2021-08-18,955,N,VIIRS,n,2,281.88,2.96,N,0
40.19451,-120.48562,367,0.38,0.36,2021-08-18,955,N,VIIRS,h,2,366.69,219.57,N,0
40.19482,-120.4437,344.39,0.38,0.36,2021-08-18,955,N,VIIRS,n,2,288,30.31,N,0
40.19488,-120.53199,304.74,0.38,0.36,2021-08-18,955,N,VIIRS,n,2,281.75,0.67,N,0
40.19501,-120.46686,299.11,0.38,0.36,2021-08-18,955,N,VIIRS,n,2,280.38,1.35,N,0
40.19521,-120.4901,343.49,0.38,0.36,2021-08-18,955,N,VIIRS,n,2,333.95,219.57,N,0
40.19551,-120.44814,320.98,0.38,0.36,2021-08-18,955,N,VIIRS,n,2,285.51,2.79,N,0
40.19557,-120.53646,295.67,0.38,0.36,2021-08-18,955,N,VIIRS,n,2,280.94,0.67,N,0
40.19571,-120.47133,305.01,0.38,0.36,2021-08-18,955,N,VIIRS,n,2,280.43,1.35,N,0
40.1959,-120.49456,340.41,0.38,0.36,2021-08-18,955,N,VIIRS,n,2,331.32,80.13,N,0
40.19601,-120.4295,303.26,0.38,0.36,2021-08-18,955,N,VIIRS,n,2,283.45,2.03,N,0
40.19608,-120.51773,367,0.38,0.36,2021-08-18,955,N,VIIRS,h,2,336.98,0,N,0
40.1964,-120.47579,317.82,0.38,0.36,2021-08-18,955,N,VIIRS,n,2,281.52,6.21,N,0
40.19659,-120.49905,343.56,0.38,0.36,2021-08-18,955,N,VIIRS,n,2,325.47,80.13,N,0
40.19671,-120.43395,322.3,0.38,0.36,2021-08-18,955,N,VIIRS,n,2,285.08,2.03,N,0
40.19677,-120.5222,354.71,0.38,0.36,2021-08-18,955,N,VIIRS,n,2,287.07,143.94,N,0
40.1971,-120.48028,343.16,0.38,0.36,2021-08-18,955,N,VIIRS,n,2,287.91,6.21,N,0
40.19728,-120.50351,367,0.38,0.36,2021-08-18,955,N,VIIRS,h,2,339.81,827,N,0
40.1974,-120.43841,367,0.38,0.36,2021-08-18,955,N,VIIRS,h,2,345.45,81.07,N,0
40.19747,-120.52666,340.55,0.38,0.36,2021-08-18,955,N,VIIRS,n,2,282.84,143.94,N,0
40.1976,-120.46155,329.73,0.38,0.36,2021-08-18,955,N,VIIRS,n,2,284.77,2.96,N,0
40.19779,-120.48473,367,0.38,0.36,2021-08-18,955,N,VIIRS,h,2,337.25,44.01,N,0
40.19809,-120.44285,356.9,0.38,0.36,2021-08-18,955,N,VIIRS,n,2,299.91,81.07,N,0
40.19815,-120.53112,310.59,0.38,0.36,2021-08-18,955,N,VIIRS,n,2,281.81,0.89,N,0
40.19848,-120.48922,354.8,0.38,0.36,2021-08-18,955,N,VIIRS,n,2,315.87,44.01,N,0
40.19879,-120.4473,339.89,0.38,0.36,2021-08-18,955,N,VIIRS,n,2,288.14,4.08,N,0
40.19885,-120.53558,298.02,0.38,0.36,2021-08-18,955,N,VIIRS,n,2,281.32,0.89,N,0
40.19899,-120.47047,299.58,0.38,0.36,2021-08-18,955,N,VIIRS,n,2,279.82,1.35,N,0
40.19918,-120.49371,355.99,0.38,0.36,2021-08-18,955,N,VIIRS,n,2,314.01,35.02,N,0
40.1993,-120.42864,301.77,0.38,0.36,2021-08-18,955,N,VIIRS,n,2,283.35,2.03,N,0
40.19968,-120.47492,304.45,0.38,0.36,2021-08-18,955,N,VIIRS,n,2,280.88,6.21,N,0
40.19987,-120.49817,351.92,0.38,0.36,2021-08-18,955,N,VIIRS,n,2,321.36,35.02,N,0
40.19999,-120.43309,315.11,0.38,0.36,2021-08-18,955,N,VIIRS,n,2,283.94,2.03,N,0
40.20005,-120.52131,367,0.38,0.36,2021-08-18,955,N,VIIRS,h,2,357.4,143.94,N,0
40.20037,-120.47939,325.53,0.38,0.36,2021-08-18,955,N,VIIRS,n,2,281.72,6.21,N,0
40.20057,-120.50264,367,0.38,0.36,2021-08-18,955,N,VIIRS,h,2,341.03,77.37,N,0
40.20068,-120.43755,334.48,0.38,0.36,2021-08-18,955,N,VIIRS,n,2,302.26,81.07,N,0
40.20074,-120.52579,350.53,0.38,0.36,2021-08-18,955,N,VIIRS,n,2,285.39,143.94,N,0
40.20088,-120.46069,314.46,0.38,0.36,2021-08-18,955,N,VIIRS,n,2,283.36,2.78,N,0
40.20107,-120.48386,350.03,0.38,0.36,2021-08-18,955,N,VIIRS,n,2,291.39,44.01,N,0
40.20126,-120.50709,367,0.38,0.36,2021-08-18,955,N,VIIRS,h,2,361.14,77.37,N,0
40.20138,-120.44199,352.03,0.38,0.36,2021-08-18,955,N,VIIRS,n,2,291.16,81.07,N,0
40.20144,-120.53026,318.72,0.38,0.36,2021-08-18,955,N,VIIRS,n,2,281.87,0.89,N,0
40.20157,-120.46516,308.41,0.38,0.36,2021-08-18,955,N,VIIRS,n,2,282.38,1.27,N,0
40.2016,-120.64203,295.51,0.38,0.36,2021-08-18,955,N,VIIRS,n,2,276.11,0.91,N,0
40.20176,-120.48833,355.79,0.38,0.36,2021-08-18,955,N,VIIRS,n,2,313.98,44.01,N,0
40.20195,-120.51153,367,0.38,0.36,2021-08-18,955,N,VIIRS,h,2,367.02,82,N,0
40.20207,-120.44643,325.09,0.38,0.36,2021-08-18,955,N,VIIRS,n,2,284.34,4.08,N,0
40.20213,-120.53474,301.57,0.38,0.36,2021-08-18,955,N,VIIRS,n,2,280.89,0.89,N,0
40.20226,-120.4696,301.66,0.38,0.36,2021-08-18,955,N,VIIRS,n,2,282.03,1.27,N,0
40.20246,-120.49281,354.38,0.38,0.36,2021-08-18,955,N,VIIRS,n,2,326.01,35.02,N,0
40.20257,-120.42778,298.61,0.38,0.36,2021-08-18,955,N,VIIRS,n,2,283.3,2.49,N,0
40.20264,-120.51598,367,0.38,0.36,2021-08-18,955,N,VIIRS,h,2,348.7,82,N,0
40.20296,-120.47408,300.41,0.38,0.36,2021-08-18,955,N,VIIRS,n,2,281.5,1.59,N,0
40.20315,-120.49731,355.99,0.38,0.36,2021-08-18,955,N,VIIRS,n,2,320.74,35.02,N,0
40.20327,-120.43223,317.96,0.38,0.36,2021-08-18,955,N,VIIRS,n,2,284.37,2.49,N,0
40.20346,-120.45536,319.62,0.38,0.36,2021-08-18,955,N,VIIRS,n,2,285,2.78,N,0
40.20365,-120.47852,300.9,0.38,0.36,2021-08-18,955,N,VIIRS,n,2,280.79,1.59,N,0
40.20384,-120.50176,354.46,0.38,0.36,2021-08-18,955,N,VIIRS,n,2,322.44,77.37,N,0
40.20396,-120.43668,350.24,0.38,0.36,2021-08-18,955,N,VIIRS,n,2,290.43,8.88,N,0
40.20402,-120.52492,343.81,0.38,0.36,2021-08-18,955,N,VIIRS,n,2,318.26,486.04,N,0
40.20415,-120.45984,339.25,0.38,0.36,2021-08-18,955,N,VIIRS,n,2,289.17,2.78,N,0
40.20419,-120.6367,321.47,0.38,0.36,2021-08-18,955,N,VIIRS,n,2,280.62,1.91,N,0
40.20435,-120.48299,350.08,0.38,0.36,2021-08-18,955,N,VIIRS,n,2,294.19,8.77,N,0
40.20453,-120.50622,367,0.38,0.36,2021-08-18,955,N,VIIRS,h,2,347.16,77.37,N,0
40.20465,-120.44112,336.43,0.38,0.36,2021-08-18,955,N,VIIRS,n,2,287.3,8.88,N,0
40.20472,-120.52941,324.31,0.38,0.36,2021-08-18,955,N,VIIRS,n,2,282.24,2.78,N,0
40.20485,-120.46429,316.44,0.38,0.36,2021-08-18,955,N,VIIRS,n,2,285.98,1.27,N,0
40.20488,-120.64117,307.04,0.38,0.36,2021-08-18,955,N,VIIRS,n,2,277.56,0.91,N,0
40.20504,-120.48747,367,0.38,0.36,2021-08-18,955,N,VIIRS,h,2,301.86,8.77,N,0
40.20522,-120.51066,351.58,0.38,0.36,2021-08-18,955,N,VIIRS,n,2,329.94,82,N,0
40.20535,-120.44556,323.98,0.38,0.36,2021-08-18,955,N,VIIRS,n,2,286.06,2.11,N,0
40.20541,-120.53387,303.58,0.38,0.36,2021-08-18,955,N,VIIRS,n,2,281.16,2.78,N,0
40.20554,-120.46874,303.62,0.38,0.36,2021-08-18,955,N,VIIRS,n,2,285.2,1.27,N,0
40.20573,-120.49195,367,0.38,0.36,2021-08-18,955,N,VIIRS,h,2,312.45,22.15,N,0
40.20585,-120.42692,298.18,0.38,0.36,2021-08-18,955,N,VIIRS,n,2,283.11,2.49,N,0
40.20592,-120.51512,344.05,0.38,0.36,2021-08-18,955,N,VIIRS,n,2,319.3,82,N,0
40.20604,-120.45003,326.05,0.38,0.36,2021-08-18,955,N,VIIRS,n,2,283.64,2.11,N,0
40.20624,-120.47321,326.17,0.38,0.36,2021-08-18,955,N,VIIRS,n,2,285.71,1.59,N,0
40.20643,-120.49644,356.38,0.38,0.36,2021-08-18,955,N,VIIRS,n,2,318.04,22.15,N,0
40.20655,-120.43136,327.12,0.38,0.36,2021-08-18,955,N,VIIRS,n,2,286,2.49,N,0
40.20674,-120.4545,326.14,0.38,0.36,2021-08-18,955,N,VIIRS,n,2,284.92,1.88,N,0
40.20693,-120.47768,312.7,0.38,0.36,2021-08-18,955,N,VIIRS,n,2,285.2,1.59,N,0
40.20712,-120.5009,352.38,0.38,0.36,2021-08-18,955,N,VIIRS,n,2,320.86,36.68,N,0
40.20724,-120.43581,350.22,0.38,0.36,2021-08-18,955,N,VIIRS,n,2,299.47,8.88,N,0
40.2073,-120.52404,367,0.38,0.36,2021-08-18,955,N,VIIRS,h,2,341.24,486.04,N,0
40.20744,-120.45898,317.62,0.38,0.36,2021-08-18,955,N,VIIRS,n,2,285.66,1.88,N,0
40.20763,-120.48215,337.76,0.38,0.36,2021-08-18,955,N,VIIRS,n,2,290.28,8.77,N,0
40.20781,-120.50536,341.76,0.38,0.36,2021-08-18,955,N,VIIRS,n,2,339.75,36.68,N,0
40.20794,-120.44026,326.7,0.38,0.36,2021-08-18,955,N,VIIRS,n,2,286.22,8.88,N,0
40.208,-120.52853,326.88,0.38,0.36,2021-08-18,955,N,VIIRS,n,2,282.64,2.78,N,0
40.20813,-120.46346,325.01,0.38,0.36,2021-08-18,955,N,VIIRS,n,2,288.64,1.61,N,0
40.20832,-120.4866,353.32,0.38,0.36,2021-08-18,955,N,VIIRS,n,2,295.75,8.77,N,0
40.20844,-120.42159,297.14,0.38,0.36,2021-08-18,955,N,VIIRS,n,2,283.22,0.92,N,0
40.2085,-120.5098,350.88,0.38,0.36,2021-08-18,955,N,VIIRS,n,2,333.82,35.74,N,0
40.20863,-120.44472,317.38,0.38,0.36,2021-08-18,955,N,VIIRS,n,2,286.29,2.11,N,0
40.20869,-120.533,302.83,0.38,0.36,2021-08-18,955,N,VIIRS,n,2,281.33,2.78,N,0
40.20882,-120.46793,307.6,0.38,0.36,2021-08-18,955,N,VIIRS,n,2,284.84,1.61,N,0
40.20901,-120.49108,367,0.38,0.36,2021-08-18,955,N,VIIRS,h,2,302.78,22.15,N,0
40.20914,-120.42606,314.65,0.38,0.36,2021-08-18,955,N,VIIRS,n,2,283.91,18.24,N,0
40.20919,-120.51425,354.28,0.38,0.36,2021-08-18,955,N,VIIRS,n,2,326.86,35.74,N,0
40.20933,-120.44917,322.52,0.38,0.36,2021-08-18,955,N,VIIRS,n,2,285.66,2.11,N,0
40.20952,-120.47237,319.69,0.38,0.36,2021-08-18,955,N,VIIRS,n,2,285.28,2.13,N,0
40.20971,-120.49557,356.28,0.38,0.36,2021-08-18,955,N,VIIRS,n,2,308.1,22.15,N,0
40.20983,-120.43051,321.98,0.38,0.36,2021-08-18,955,N,VIIRS,n,2,285.54,18.24,N,0
40.20989,-120.51871,367,0.38,0.36,2021-08-18,955,N,VIIRS,h,2,344.76,72.18,N,0
40.21002,-120.45364,322.97,0.38,0.36,2021-08-18,955,N,VIIRS,n,2,284.79,1.88,N,0
40.21021,-120.47682,324.49,0.38,0.36,2021-08-18,955,N,VIIRS,n,2,287.7,2.13,N,0
40.21025,-120.56518,298,0.38,0.36,2021-08-18,955,N,VIIRS,n,2,279.5,0.73,N,0
40.2104,-120.50002,356.86,0.38,0.36,2021-08-18,955,N,VIIRS,n,2,313.21,36.68,N,0
40.21052,-120.43497,335.16,0.38,0.36,2021-08-18,955,N,VIIRS,n,2,288.88,8.1,N,0
40.21058,-120.52319,367,0.38,0.36,2021-08-18,955,N,VIIRS,h,2,336.29,72.18,N,0
40.21072,-120.45813,309.67,0.38,0.36,2021-08-18,955,N,VIIRS,n,2,284.89,1.88,N,0
40.2109,-120.48129,336.73,0.38,0.36,2021-08-18,955,N,VIIRS,n,2,289.09,5.82,N,0
40.21109,-120.50448,356.03,0.38,0.36,2021-08-18,955,N,VIIRS,n,2,320.67,36.68,N,0
40.21122,-120.43941,322.2,0.38,0.36,2021-08-18,955,N,VIIRS,n,2,285.24,8.1,N,0
40.21127,-120.52766,336.12,0.38,0.36,2021-08-18,955,N,VIIRS,n,2,283.4,7.94,N,0
40.21141,-120.46261,306.95,0.38,0.36,2021-08-18,955,N,VIIRS,n,2,284.96,1.61,N,0
40.2116,-120.48576,351.68,0.38,0.36,2021-08-18,955,N,VIIRS,n,2,297.07,5.82,N,0
40.21172,-120.42072,299.89,0.38,0.36,2021-08-18,955,N,VIIRS,n,2,282.51,0.92,N,0
40.21178,-120.50893,356.54,0.38,0.36,2021-08-18,955,N,VIIRS,n,2,320.71,35.74,N,0
40.21191,-120.44387,310.06,0.38,0.36,2021-08-18,955,N,VIIRS,n,2,283.91,1.78,N,0
40.21197,-120.53214,301.92,0.38,0.36,2021-08-18,955,N,VIIRS,n,2,281.1,7.94,N,0
40.21211,-120.46708,319.3,0.38,0.36,2021-08-18,955,N,VIIRS,n,2,287.32,1.61,N,0
40.2123,-120.4902,357.88,0.38,0.36,2021-08-18,955,N,VIIRS,n,2,299.94,6.61,N,0
40.21241,-120.42519,326.6,0.38,0.36,2021-08-18,955,N,VIIRS,n,2,307.83,18.24,N,0
40.21247,-120.5134,355.23,0.38,0.36,2021-08-18,955,N,VIIRS,n,2,329.55,35.74,N,0
40.2126,-120.44833,316.66,0.38,0.36,2021-08-18,955,N,VIIRS,n,2,285.75,1.78,N,0
40.2128,-120.47153,323.08,0.38,0.36,2021-08-18,955,N,VIIRS,n,2,288.47,2.13,N,0
40.21299,-120.4947,343.58,0.38,0.36,2021-08-18,955,N,VIIRS,n,2,295.85,6.61,N,0
40.21311,-120.42965,349.6,0.38,0.36,2021-08-18,955,N,VIIRS,n,2,290.62,18.24,N,0
40.21317,-120.51784,367,0.38,0.36,2021-08-18,955,N,VIIRS,h,2,343.69,72.18,N,0
40.2133,-120.4528,312.17,0.38,0.36,2021-08-18,955,N,VIIRS,n,2,285.92,1.04,N,0
40.21349,-120.47598,317.38,0.38,0.36,2021-08-18,955,N,VIIRS,n,2,287.15,2.13,N,0
40.21353,-120.56432,305.79,0.38,0.36,2021-08-18,955,N,VIIRS,n,2,280.21,0.73,N,0
40.21368,-120.49917,354.05,0.38,0.36,2021-08-18,955,N,VIIRS,n,2,299.85,6.52,N,0
40.21381,-120.4341,345.65,0.38,0.36,2021-08-18,955,N,VIIRS,n,2,297.14,8.1,N,0
40.21386,-120.52231,367,0.38,0.36,2021-08-18,955,N,VIIRS,h,2,345.26,72.18,N,0
40.214,-120.45727,311.73,0.38,0.36,2021-08-18,955,N,VIIRS,n,2,285.34,1.04,N,0
40.21418,-120.48042,337.74,0.38,0.36,2021-08-18,955,N,VIIRS,n,2,292.82,5.82,N,0
40.21437,-120.50362,347.75,0.38,0.36,2021-08-18,955,N,VIIRS,n,2,296.51,6.52,N,0
40.2145,-120.43855,337.55,0.38,0.36,2021-08-18,955,N,VIIRS,n,2,288.17,8.1,N,0
40.21455,-120.52679,338.95,0.38,0.36,2021-08-18,955,N,VIIRS,n,2,284.73,7.94,N,0
40.21469,-120.46175,309.9,0.38,0.36,2021-08-18,955,N,VIIRS,n,2,285.56,1.73,N,0
40.21488,-120.48489,355.01,0.38,0.36,2021-08-18,955,N,VIIRS,n,2,298.68,5.82,N,0
40.21506,-120.50807,350.42,0.38,0.36,2021-08-18,955,N,VIIRS,n,2,296.55,7.33,N,0
40.21519,-120.44302,319.29,0.38,0.36,2021-08-18,955,N,VIIRS,n,2,284.01,1.78,N,0
40.21524,-120.53127,303.78,0.38,0.36,2021-08-18,955,N,VIIRS,n,2,281.37,7.94,N,0
40.21539,-120.46622,315.54,0.38,0.36,2021-08-18,955,N,VIIRS,n,2,287.01,1.73,N,0
40.21557,-120.48936,350.04,0.38,0.36,2021-08-18,955,N,VIIRS,n,2,298.28,6.61,N,0
40.21569,-120.42432,322.76,0.38,0.36,2021-08-18,955,N,VIIRS,n,2,283.94,3.03,N,0
40.21576,-120.51253,356.7,0.38,0.36,2021-08-18,955,N,VIIRS,n,2,304.83,7.33,N,0
40.21589,-120.44749,309.96,0.38,0.36,2021-08-18,955,N,VIIRS,n,2,284.86,1.78,N,0
40.21627,-120.49384,338.37,0.38,0.36,2021-08-18,955,N,VIIRS,n,2,293.65,6.61,N,0
40.21639,-120.42879,338.65,0.38,0.36,2021-08-18,955,N,VIIRS,n,2,287.43,3.03,N,0
40.21645,-120.51699,355.72,0.38,0.36,2021-08-18,955,N,VIIRS,n,2,320.15,32.95,N,0
40.21658,-120.45196,306.3,0.38,0.36,2021-08-18,955,N,VIIRS,n,2,284.01,1.04,N,0
40.21677,-120.47514,302.52,0.38,0.36,2021-08-18,955,N,VIIRS,n,2,283.54,1.09,N,0
40.21696,-120.49829,343.82,0.38,0.36,2021-08-18,955,N,VIIRS,n,2,297.38,6.52,N,0
40.21709,-120.6984,302.1,0.38,0.36,2021-08-18,955,N,VIIRS,n,2,277.93,0.83,N,0
40.21709,-120.43324,323.94,0.38,0.36,2021-08-18,955,N,VIIRS,n,2,285.81,1.89,N,0
40.21714,-120.52146,367,0.38,0.36,2021-08-18,955,N,VIIRS,h,2,343.77,32.95,N,0
40.21728,-120.45644,308.73,0.38,0.36,2021-08-18,955,N,VIIRS,n,2,285.41,1.04,N,0
40.21747,-120.47959,316.81,0.38,0.36,2021-08-18,955,N,VIIRS,n,2,288.53,2.47,N,0
40.21765,-120.50276,349.77,0.38,0.36,2021-08-18,955,N,VIIRS,n,2,298.28,6.52,N,0
40.21778,-120.43771,336.11,0.38,0.36,2021-08-18,955,N,VIIRS,n,2,289.19,1.89,N,0
40.21783,-120.52592,338.92,0.38,0.36,2021-08-18,955,N,VIIRS,n,2,325.08,47.62,N,0
40.21798,-120.46091,318.43,0.38,0.36,2021-08-18,955,N,VIIRS,n,2,287.34,1.73,N,0
40.21816,-120.48405,339.36,0.38,0.36,2021-08-18,955,N,VIIRS,n,2,292.8,2.47,N,0
40.21834,-120.50721,346.56,0.38,0.36,2021-08-18,955,N,VIIRS,n,2,296.27,7.33,N,0
40.21848,-120.44218,352.58,0.38,0.36,2021-08-18,955,N,VIIRS,n,2,288.67,5.95,N,0
40.21852,-120.53041,308.73,0.38,0.36,2021-08-18,955,N,VIIRS,n,2,281.16,47.62,N,0
40.21885,-120.48849,328.53,0.38,0.36,2021-08-18,955,N,VIIRS,n,2,290.31,3.18,N,0
40.21903,-120.51168,347.75,0.38,0.36,2021-08-18,955,N,VIIRS,n,2,297.43,7.33,N,0
40.21917,-120.44664,312.73,0.38,0.36,2021-08-18,955,N,VIIRS,n,2,285.38,5.95,N,0
40.21936,-120.46984,304.03,0.38,0.36,2021-08-18,955,N,VIIRS,n,2,284.88,1.09,N,0
40.21954,-120.49297,346.86,0.38,0.36,2021-08-18,955,N,VIIRS,n,2,297.55,3.18,N,0
40.21973,-120.51614,352.85,0.38,0.36,2021-08-18,955,N,VIIRS,n,2,306.6,32.95,N,0
40.21987,-120.45111,301.91,0.38,0.36,2021-08-18,955,N,VIIRS,n,2,284.05,1.32,N,0
40.22006,-120.47428,305.61,0.38,0.36,2021-08-18,955,N,VIIRS,n,2,285.24,1.09,N,0
40.22024,-120.49743,342.13,0.38,0.36,2021-08-18,955,N,VIIRS,n,2,295.07,3.95,N,0
40.22037,-120.43238,300.2,0.38,0.36,2021-08-18,955,N,VIIRS,n,2,284.12,1.89,N,0
40.22042,-120.52058,356.35,0.38,0.36,2021-08-18,955,N,VIIRS,n,2,321.52,32.95,N,0
40.22093,-120.50188,338.58,0.38,0.36,2021-08-18,955,N,VIIRS,n,2,294.24,3.95,N,0
40.22107,-120.43685,303.52,0.38,0.36,2021-08-18,955,N,VIIRS,n,2,285.17,1.89,N,0
40.22111,-120.52505,335.18,0.38,0.36,2021-08-18,955,N,VIIRS,n,2,334.22,47.62,N,0
40.22126,-120.46006,305.09,0.38,0.36,2021-08-18,955,N,VIIRS,n,2,285.82,0.87,N,0
40.22144,-120.48318,302.24,0.38,0.36,2021-08-18,955,N,VIIRS,n,2,284.21,2.47,N,0
40.22163,-120.50636,341.62,0.38,0.36,2021-08-18,955,N,VIIRS,n,2,295.77,3.23,N,0
40.22176,-120.44131,348.17,0.38,0.36,2021-08-18,955,N,VIIRS,n,2,295.27,5.95,N,0
40.2218,-120.52953,335.27,0.38,0.36,2021-08-18,955,N,VIIRS,n,2,283.03,47.62,N,0
40.22195,-120.46452,304.12,0.38,0.36,2021-08-18,955,N,VIIRS,n,2,285.17,0.87,N,0
40.22213,-120.48764,309.68,0.38,0.36,2021-08-18,955,N,VIIRS,n,2,284.61,3.18,N,0
40.22231,-120.51082,335.51,0.38,0.36,2021-08-18,955,N,VIIRS,n,2,291.99,3.23,N,0
40.22245,-120.44579,349.14,0.38,0.36,2021-08-18,955,N,VIIRS,n,2,290.34,5.95,N,0
40.2225,-120.534,310.93,0.38,0.36,2021-08-18,955,N,VIIRS,n,2,280.94,3.21,N,0
40.22264,-120.46898,308.92,0.38,0.36,2021-08-18,955,N,VIIRS,n,2,286.85,1.67,N,0
40.22282,-120.49209,329.32,0.38,0.36,2021-08-18,955,N,VIIRS,n,2,291.39,3.18,N,0
40.22301,-120.51529,324.31,0.38,0.36,2021-08-18,955,N,VIIRS,n,2,290.9,2.15,N,0
40.22315,-120.45025,305.19,0.38,0.36,2021-08-18,955,N,VIIRS,n,2,284.01,1.32,N,0
40.22352,-120.49656,329.05,0.38,0.36,2021-08-18,955,N,VIIRS,n,2,291.5,3.95,N,0
40.2237,-120.51974,342.52,0.38,0.36,2021-08-18,955,N,VIIRS,n,2,294.52,2.15,N,0
40.22421,-120.50102,319.86,0.38,0.36,2021-08-18,955,N,VIIRS,n,2,288.44,3.95,N,0
40.22439,-120.52421,331.67,0.38,0.36,2021-08-18,955,N,VIIRS,n,2,288.33,11.56,N,0
40.22454,-120.4592,302.54,0.38,0.36,2021-08-18,955,N,VIIRS,n,2,285,0.87,N,0
40.2249,-120.50549,320.17,0.38,0.36,2021-08-18,955,N,VIIRS,n,2,289.85,3.23,N,0
40.22504,-120.44047,296.11,0.38,0.36,2021-08-18,955,N,VIIRS,n,2,282.31,0.87,N,0
40.22509,-120.52867,340.28,0.38,0.36,2021-08-18,955,N,VIIRS,n,2,314.78,11.56,N,0
40.22523,-120.46365,306.56,0.38,0.36,2021-08-18,955,N,VIIRS,n,2,285.34,0.87,N,0
40.2256,-120.50997,324.98,0.38,0.36,2021-08-18,955,N,VIIRS,n,2,287.75,3.23,N,0
40.22573,-120.44494,308.81,0.38,0.36,2021-08-18,955,N,VIIRS,n,2,284.8,0.87,N,0
40.22577,-120.53314,330.02,0.38,0.36,2021-08-18,955,N,VIIRS,n,2,283.29,14.45,N,0
40.22593,-120.4681,314.64,0.38,0.36,2021-08-18,955,N,VIIRS,n,2,284.67,1.67,N,0
40.2261,-120.49123,311.08,0.38,0.36,2021-08-18,955,N,VIIRS,n,2,286.05,2.29,N,0
40.22629,-120.51443,301.09,0.38,0.36,2021-08-18,955,N,VIIRS,n,2,283.41,2.15,N,0
40.22644,-120.4494,299.94,0.38,0.36,2021-08-18,955,N,VIIRS,n,2,283.65,0.73,N,0
40.2268,-120.4957,317.52,0.38,0.36,2021-08-18,955,N,VIIRS,n,2,289.33,1.23,N,0
40.22698,-120.51888,297.83,0.38,0.36,2021-08-18,955,N,VIIRS,n,2,282.18,2.15,N,0
40.22713,-120.45388,299.09,0.38,0.36,2021-08-18,955,N,VIIRS,n,2,283.52,0.73,N,0
40.22749,-120.50017,313.03,0.38,0.36,2021-08-18,955,N,VIIRS,n,2,287.18,1.23,N,0
40.22767,-120.52335,299.4,0.38,0.36,2021-08-18,955,N,VIIRS,n,2,281.48,11.56,N,0
40.22782,-120.45834,301.52,0.38,0.36,2021-08-18,955,N,VIIRS,n,2,284.12,3.81,N,0
40.22818,-120.50463,307.25,0.38,0.36,2021-08-18,955,N,VIIRS,n,2,285.51,1.05,N,0
40.22836,-120.52782,325.1,0.38,0.36,2021-08-18,955,N,VIIRS,n,2,292.26,11.56,N,0
40.22852,-120.46281,344.43,0.38,0.36,2021-08-18,955,N,VIIRS,n,2,290.16,3.81,N,0
40.22887,-120.5091,307.33,0.38,0.36,2021-08-18,955,N,VIIRS,n,2,284.49,1.05,N,0
40.22906,-120.53228,328.89,0.38,0.36,2021-08-18,955,N,VIIRS,n,2,283.95,14.45,N,0
40.22921,-120.46724,333.48,0.38,0.36,2021-08-18,955,N,VIIRS,n,2,285.49,2.83,N,0
40.22957,-120.51357,303.01,0.38,0.36,2021-08-18,955,N,VIIRS,n,2,282.57,1.35,N,0
40.22972,-120.44854,300.19,0.38,0.36,2021-08-18,955,N,VIIRS,n,2,284.36,0.73,N,0
40.2299,-120.47168,303.06,0.38,0.36,2021-08-18,955,N,VIIRS,n,2,282.64,2.83,N,0
40.23007,-120.49482,301.35,0.38,0.36,2021-08-18,955,N,VIIRS,n,2,283.9,1.23,N,0
40.23077,-120.49931,304.81,0.38,0.36,2021-08-18,955,N,VIIRS,n,2,284.62,1.23,N,0
40.23146,-120.50377,308.04,0.38,0.36,2021-08-18,955,N,VIIRS,n,2,285.88,1.05,N,0
40.23164,-120.52695,345.59,0.38,0.36,2021-08-18,955,N,VIIRS,n,2,291.77,11.99,N,0
40.23216,-120.50824,306.78,0.38,0.36,2021-08-18,955,N,VIIRS,n,2,284.4,1.05,N,0
40.23336,-120.49397,301.26,0.38,0.36,2021-08-18,955,N,VIIRS,n,2,283.09,0.77,N,0
40.23405,-120.49843,299.05,0.38,0.36,2021-08-18,955,N,VIIRS,n,2,283.32,0.77,N,0
40.23474,-120.5029,311.51,0.38,0.36,2021-08-18,955,N,VIIRS,n,2,285.59,0.68,N,0
40.23543,-120.50736,297.32,0.38,0.36,2021-08-18,955,N,VIIRS,n,2,283.11,0.68,N,0
40.23577,-120.46552,314.39,0.38,0.36,2021-08-18,955,N,VIIRS,n,2,282.16,1.38,N,0
40.23802,-120.50204,297.66,0.38,0.36,2021-08-18,955,N,VIIRS,n,2,283.37,0.68,N,0
40.2401,-120.9398,295.23,0.39,0.36,2021-08-18,955,N,VIIRS,n,2,282.38,0.53,N,0
40.2401,-120.51543,305.29,0.38,0.36,2021-08-18,955,N,VIIRS,n,2,283.52,1.25,N,0
40.24269,-120.51011,330.83,0.38,0.36,2021-08-18,955,N,VIIRS,n,2,284.18,9.52,N,0
40.24338,-120.51458,334.57,0.38,0.36,2021-08-18,955,N,VIIRS,n,2,285.75,9.52,N,0
40.24527,-120.50478,296.98,0.38,0.36,2021-08-18,955,N,VIIRS,n,2,283.04,0.62,N,0
40.24597,-120.50925,327.75,0.38,0.36,2021-08-18,955,N,VIIRS,n,2,297.1,9.52,N,0
40.24666,-120.51372,330.29,0.38,0.36,2021-08-18,955,N,VIIRS,n,2,283.54,9.52,N,0
40.24746,-120.96589,310.31,0.39,0.36,2021-08-18,955,N,VIIRS,n,2,285.38,2.04,N,0
40.24805,-120.94713,306.73,0.39,0.36,2021-08-18,955,N,VIIRS,n,2,285.17,1.08,N,0
40.24856,-120.50394,298.63,0.38,0.36,2021-08-18,955,N,VIIRS,n,2,283.39,1.03,N,0
40.24925,-120.50842,331.83,0.38,0.36,2021-08-18,955,N,VIIRS,n,2,328.82,25.93,N,0
40.24995,-120.51289,332.97,0.38,0.36,2021-08-18,955,N,VIIRS,n,2,285.43,25.93,N,0
40.25185,-120.50309,296.74,0.38,0.36,2021-08-18,955,N,VIIRS,n,2,282.85,1.03,N,0
40.25211,-120.97406,295.18,0.39,0.36,2021-08-18,955,N,VIIRS,n,2,283.11,0.98,N,0
40.25254,-120.50757,342.36,0.38,0.36,2021-08-18,955,N,VIIRS,n,2,298.02,25.93,N,0
40.25323,-120.51203,330.24,0.38,0.36,2021-08-18,955,N,VIIRS,n,2,287.66,25.93,N,0
40.25513,-120.50225,307.16,0.38,0.36,2021-08-18,955,N,VIIRS,n,2,286.07,1.45,N,0
40.25583,-120.50672,347.16,0.38,0.36,2021-08-18,955,N,VIIRS,n,2,291.48,7.83,N,0
40.25666,-120.95895,297.31,0.39,0.36,2021-08-18,955,N,VIIRS,n,2,280.53,0.57,N,0
40.25702,-120.89338,295.43,0.39,0.36,2021-08-18,955,N,VIIRS,n,2,282.53,0.69,N,0
40.25743,-120.98672,304.64,0.39,0.36,2021-08-18,955,N,VIIRS,n,2,284.01,1.51,N,0
40.26101,-120.49609,320.74,0.38,0.36,2021-08-18,955,N,VIIRS,n,2,288.09,2.81,N,0
40.26428,-120.89618,367,0.39,0.36,2021-08-18,955,N,VIIRS,h,2,297.69,9.01,N,0
40.2643,-120.49523,335.53,0.38,0.36,2021-08-18,955,N,VIIRS,n,2,288.55,2.81,N,0
40.26497,-120.90069,302.05,0.39,0.36,2021-08-18,955,N,VIIRS,n,2,279.33,9.01,N,0
40.26757,-120.8953,332.83,0.39,0.36,2021-08-18,955,N,VIIRS,n,2,290.34,6.51,N,0
40.26825,-120.89983,346.01,0.39,0.36,2021-08-18,955,N,VIIRS,n,2,287.62,6.51,N,0
40.27154,-120.89895,346.62,0.39,0.36,2021-08-18,955,N,VIIRS,n,2,290.76,6.51,N,0
40.27483,-120.89809,332.83,0.39,0.36,2021-08-18,955,N,VIIRS,n,2,284.18,4.23,N,0
40.27552,-120.90263,299.06,0.39,0.36,2021-08-18,955,N,VIIRS,n,2,279.03,5.11,N,0
40.27743,-120.89272,303.08,0.39,0.36,2021-08-18,955,N,VIIRS,n,2,281.52,4.23,N,0
40.27812,-120.89725,340.05,0.39,0.36,2021-08-18,955,N,VIIRS,n,2,287.22,4.23,N,0
40.2788,-120.90176,345.38,0.39,0.36,2021-08-18,955,N,VIIRS,n,2,292.68,5.11,N,0
40.27949,-120.90629,321.48,0.39,0.36,2021-08-18,955,N,VIIRS,n,2,281.96,5.11,N,0
40.28277,-120.90543,296.25,0.39,0.36,2021-08-18,955,N,VIIRS,n,2,283.76,1.09,N,0
40.29003,-120.90821,306.63,0.39,0.36,2021-08-18,955,N,VIIRS,n,2,280,12.5,N,0
40.29264,-120.90285,320.57,0.39,0.36,2021-08-18,955,N,VIIRS,n,2,283.69,2.85,N,0
40.29332,-120.90736,351.16,0.39,0.36,2021-08-18,955,N,VIIRS,n,2,298.58,12.5,N,0
40.29548,-120.83158,295.3,0.39,0.36,2021-08-18,955,N,VIIRS,n,2,278.63,0.63,N,0
40.29593,-120.90199,346.38,0.39,0.36,2021-08-18,955,N,VIIRS,n,2,295.12,6.38,N,0
40.29616,-120.83606,301.01,0.39,0.36,2021-08-18,955,N,VIIRS,n,2,280.12,0.63,N,0
40.29661,-120.90648,349.86,0.39,0.36,2021-08-18,955,N,VIIRS,n,2,312.08,26.97,N,0
40.29877,-120.83076,309.27,0.39,0.36,2021-08-18,955,N,VIIRS,n,2,281.06,1.06,N,0
40.29921,-120.90108,336.31,0.39,0.36,2021-08-18,955,N,VIIRS,n,2,291.21,6.38,N,0
40.29945,-120.83523,304.45,0.39,0.36,2021-08-18,955,N,VIIRS,n,2,280.14,1.06,N,0
40.29989,-120.90556,345.25,0.39,0.36,2021-08-18,955,N,VIIRS,n,2,295.08,26.97,N,0
40.30013,-120.83971,296.88,0.39,0.36,2021-08-18,955,N,VIIRS,n,2,279.49,1.12,N,0
40.30082,-120.84423,303.03,0.39,0.36,2021-08-18,955,N,VIIRS,n,2,279.33,1.12,N,0
40.30113,-120.8912,300.33,0.39,0.36,2021-08-18,955,N,VIIRS,n,2,283.13,1.21,N,0
40.30151,-120.84875,311.63,0.39,0.36,2021-08-18,955,N,VIIRS,n,2,281.17,1.87,N,0
40.30181,-120.89571,302.83,0.39,0.36,2021-08-18,955,N,VIIRS,n,2,284.61,0.97,N,0
40.30206,-120.82996,315.85,0.39,0.36,2021-08-18,955,N,VIIRS,n,2,281.84,1.06,N,0
40.3022,-120.8533,323.58,0.39,0.36,2021-08-18,955,N,VIIRS,n,2,282.88,1.87,N,0
40.30249,-120.90019,311.58,0.39,0.36,2021-08-18,955,N,VIIRS,n,2,285.29,0.97,N,0
40.30274,-120.8344,304.59,0.39,0.36,2021-08-18,955,N,VIIRS,n,2,281.6,1.06,N,0
40.30317,-120.90466,337.62,0.39,0.36,2021-08-18,955,N,VIIRS,n,2,287.52,3.44,N,0
40.30342,-120.83889,301.87,0.39,0.36,2021-08-18,955,N,VIIRS,n,2,281.44,1.12,N,0
40.30374,-120.88586,306.46,0.39,0.36,2021-08-18,955,N,VIIRS,n,2,284.93,1.21,N,0
40.3041,-120.84338,324.43,0.39,0.36,2021-08-18,955,N,VIIRS,n,2,281.72,1.12,N,0
40.30442,-120.89036,312.78,0.39,0.36,2021-08-18,955,N,VIIRS,n,2,288.27,1.21,N,0
40.30479,-120.84788,319.39,0.39,0.36,2021-08-18,955,N,VIIRS,n,2,283.92,1.87,N,0
40.3051,-120.89483,301.96,0.39,0.36,2021-08-18,955,N,VIIRS,n,2,283.88,0.97,N,0
40.30577,-120.89929,301.24,0.39,0.36,2021-08-18,955,N,VIIRS,n,2,281.6,0.97,N,0
40.30645,-120.90377,327.07,0.39,0.36,2021-08-18,955,N,VIIRS,n,2,282.27,3.44,N,0
40.30671,-120.83804,298.17,0.39,0.36,2021-08-18,955,N,VIIRS,n,2,280.56,1.75,N,0
40.30702,-120.885,318.27,0.39,0.36,2021-08-18,955,N,VIIRS,n,2,287.66,1.62,N,0
40.30739,-120.84252,317.98,0.39,0.36,2021-08-18,955,N,VIIRS,n,2,283.06,1.75,N,0
40.3077,-120.8895,312.39,0.39,0.36,2021-08-18,955,N,VIIRS,n,2,286.63,1.62,N,0
40.30807,-120.84702,332.28,0.39,0.36,2021-08-18,955,N,VIIRS,n,2,283.9,2.98,N,0
40.30838,-120.89395,303.45,0.39,0.36,2021-08-18,955,N,VIIRS,n,2,283.73,1.93,N,0
40.30906,-120.89842,318.15,0.39,0.36,2021-08-18,955,N,VIIRS,n,2,283.09,1.93,N,0
40.30962,-120.87959,307.45,0.39,0.36,2021-08-18,955,N,VIIRS,n,2,284.99,1.53,N,0
40.30999,-120.8372,304.12,0.39,0.36,2021-08-18,955,N,VIIRS,n,2,279.83,1.75,N,0
40.31031,-120.88412,319,0.39,0.36,2021-08-18,955,N,VIIRS,n,2,287.07,1.62,N,0
40.31068,-120.84167,338.38,0.39,0.36,2021-08-18,955,N,VIIRS,n,2,284.08,1.75,N,0
40.31099,-120.88863,308.86,0.39,0.36,2021-08-18,955,N,VIIRS,n,2,285.49,1.62,N,0
40.31136,-120.84615,319.88,0.39,0.36,2021-08-18,955,N,VIIRS,n,2,283.22,2.98,N,0
40.31166,-120.89307,311.56,0.39,0.36,2021-08-18,955,N,VIIRS,n,2,284.82,1.93,N,0
40.31221,-120.8742,295.47,0.39,0.36,2021-08-18,955,N,VIIRS,n,2,281.64,1.68,N,0
40.31234,-120.89754,333.03,0.39,0.36,2021-08-18,955,N,VIIRS,n,2,282.75,1.93,N,0
40.3129,-120.87873,322.59,0.39,0.36,2021-08-18,955,N,VIIRS,n,2,287.81,1.68,N,0
40.31329,-120.83636,312.68,0.39,0.36,2021-08-18,955,N,VIIRS,n,2,282.82,1.44,N,0
40.31359,-120.88326,313.72,0.39,0.36,2021-08-18,955,N,VIIRS,n,2,285.21,2.11,N,0
40.31396,-120.84084,334.52,0.39,0.36,2021-08-18,955,N,VIIRS,n,2,283.78,1.44,N,0
40.31428,-120.88775,309.87,0.39,0.36,2021-08-18,955,N,VIIRS,n,2,285.15,2.11,N,0
40.31466,-121.11744,303.04,0.39,0.36,2021-08-18,955,N,VIIRS,n,2,284.35,0.88,N,0
40.31495,-120.89222,332.02,0.39,0.36,2021-08-18,955,N,VIIRS,n,2,287.05,3.41,N,0
40.31525,-121.0985,302.68,0.39,0.36,2021-08-18,955,N,VIIRS,n,2,281.88,1,N,0
40.31533,-121.12196,298.97,0.39,0.36,2021-08-18,955,N,VIIRS,n,2,285.41,0.88,N,0
40.3155,-120.87334,313.94,0.39,0.36,2021-08-18,955,N,VIIRS,n,2,284.71,1.68,N,0
40.31563,-120.89668,326.63,0.39,0.36,2021-08-18,955,N,VIIRS,n,2,282.17,3.41,N,0
40.31593,-121.10303,301.6,0.39,0.36,2021-08-18,955,N,VIIRS,n,2,282.42,1,N,0
40.31601,-121.12648,297.37,0.39,0.36,2021-08-18,955,N,VIIRS,n,2,284.5,1.25,N,0
40.31619,-120.87788,323.34,0.39,0.36,2021-08-18,955,N,VIIRS,n,2,287.25,1.68,N,0
40.31658,-120.83554,296.05,0.39,0.36,2021-08-18,955,N,VIIRS,n,2,280.76,1.44,N,0
40.3166,-121.10753,337.65,0.39,0.36,2021-08-18,955,N,VIIRS,n,2,287.25,3.25,N,0
40.31688,-120.88239,322.66,0.39,0.36,2021-08-18,955,N,VIIRS,n,2,287.32,2.11,N,0
40.3172,-121.08864,304.51,0.39,0.36,2021-08-18,955,N,VIIRS,n,2,280.87,4.48,N,0
40.31726,-120.84002,295.32,0.39,0.36,2021-08-18,955,N,VIIRS,n,2,279.23,1.44,N,0
40.31728,-121.11207,297.38,0.39,0.36,2021-08-18,955,N,VIIRS,n,2,284.61,3.25,N,0
40.31757,-120.8869,325.42,0.39,0.36,2021-08-18,955,N,VIIRS,n,2,286.6,2.11,N,0
40.31787,-121.09315,335.44,0.39,0.36,2021-08-18,955,N,VIIRS,n,2,290.86,4.48,N,0
40.31795,-121.11659,298.78,0.39,0.36,2021-08-18,955,N,VIIRS,n,2,285.49,0.88,N,0
40.3181,-120.86794,321.69,0.39,0.36,2021-08-18,955,N,VIIRS,n,2,283.88,4.01,N,0
40.31824,-120.89138,326.69,0.39,0.36,2021-08-18,955,N,VIIRS,n,2,283.05,3.41,N,0
40.31855,-121.09764,325.31,0.39,0.36,2021-08-18,955,N,VIIRS,n,2,291.88,3.52,N,0
40.31863,-121.12109,311.65,0.39,0.36,2021-08-18,955,N,VIIRS,n,2,288.67,0.88,N,0
40.31879,-120.87249,329.67,0.39,0.36,2021-08-18,955,N,VIIRS,n,2,285.54,2.55,N,0
40.31922,-121.10217,322.26,0.39,0.36,2021-08-18,955,N,VIIRS,n,2,290.81,3.52,N,0
40.3193,-121.12562,316.84,0.39,0.36,2021-08-18,955,N,VIIRS,n,2,288.68,1.25,N,0
40.31948,-120.87701,312.17,0.39,0.36,2021-08-18,955,N,VIIRS,n,2,280.91,2.55,N,0
40.31989,-121.10668,328.89,0.39,0.36,2021-08-18,955,N,VIIRS,n,2,290,3.46,N,0
40.31998,-121.13014,301.73,0.39,0.36,2021-08-18,955,N,VIIRS,n,2,284.56,1.25,N,0
40.32016,-120.88154,337.09,0.39,0.36,2021-08-18,955,N,VIIRS,n,2,282.34,2.46,N,0
40.32057,-121.11121,326.06,0.39,0.36,2021-08-18,955,N,VIIRS,n,2,290.47,3.46,N,0
40.32085,-120.88604,304.9,0.39,0.36,2021-08-18,955,N,VIIRS,n,2,280.52,2.46,N,0
40.32117,-121.0923,349.93,0.39,0.36,2021-08-18,955,N,VIIRS,n,2,293.9,4.48,N,0
40.32125,-121.11573,303.59,0.39,0.36,2021-08-18,955,N,VIIRS,n,2,285.68,1.56,N,0
40.32138,-120.86707,335.99,0.39,0.36,2021-08-18,955,N,VIIRS,n,2,287.37,4.01,N,0
40.32184,-121.09681,330.29,0.39,0.36,2021-08-18,955,N,VIIRS,n,2,290.61,3.52,N,0
40.32192,-121.12026,296.74,0.39,0.36,2021-08-18,955,N,VIIRS,n,2,284.72,1.56,N,0
40.32252,-121.10132,340.94,0.39,0.36,2021-08-18,955,N,VIIRS,n,2,294.71,3.52,N,0
40.3226,-121.12477,311.88,0.39,0.36,2021-08-18,955,N,VIIRS,n,2,286.46,1.16,N,0
40.32319,-121.10583,318.58,0.39,0.36,2021-08-18,955,N,VIIRS,n,2,291.19,3.46,N,0
40.32328,-121.12928,320.03,0.39,0.36,2021-08-18,955,N,VIIRS,n,2,288.72,1.16,N,0
40.32352,-121.19991,304.9,0.39,0.36,2021-08-18,955,N,VIIRS,n,2,282.96,1.03,N,0
40.32379,-121.08694,304,0.39,0.36,2021-08-18,955,N,VIIRS,n,2,280.65,4.37,N,0
40.32381,-120.79912,313.08,0.39,0.36,2021-08-18,955,N,VIIRS,n,2,280.96,1.13,N,0
40.32387,-121.11034,344.33,0.39,0.36,2021-08-18,955,N,VIIRS,n,2,295.47,3.46,N,0
40.32395,-121.13381,296.61,0.39,0.36,2021-08-18,955,N,VIIRS,n,2,283.28,0.72,N,0
40.32397,-120.86166,324.83,0.39,0.36,2021-08-18,955,N,VIIRS,n,2,284.42,2.3,N,0
40.32446,-121.09145,345.27,0.39,0.36,2021-08-18,955,N,VIIRS,n,2,288.03,4.37,N,0
40.32449,-120.80362,301.04,0.39,0.36,2021-08-18,955,N,VIIRS,n,2,281.69,1.13,N,0
40.32455,-121.11488,327.77,0.39,0.36,2021-08-18,955,N,VIIRS,n,2,289.5,1.56,N,0
40.32466,-120.8662,329.23,0.39,0.36,2021-08-18,955,N,VIIRS,n,2,284.9,2.3,N,0
40.32514,-121.09596,331.85,0.39,0.36,2021-08-18,955,N,VIIRS,n,2,287.02,10.91,N,0
40.32522,-121.1194,305.42,0.39,0.36,2021-08-18,955,N,VIIRS,n,2,285.14,1.56,N,0
40.32581,-121.10047,353.93,0.39,0.36,2021-08-18,955,N,VIIRS,n,2,305.51,10.91,N,0
40.3259,-121.12392,299.66,0.39,0.36,2021-08-18,955,N,VIIRS,n,2,283.69,1.16,N,0
40.32641,-121.08158,299.12,0.39,0.36,2021-08-18,955,N,VIIRS,n,2,282.54,1.19,N,0
40.32649,-121.10498,340.21,0.39,0.36,2021-08-18,955,N,VIIRS,n,2,294.24,8.83,N,0
40.32657,-121.12845,295.1,0.39,0.36,2021-08-18,955,N,VIIRS,n,2,281.61,1.16,N,0
40.32657,-120.8563,300.16,0.39,0.36,2021-08-18,955,N,VIIRS,n,2,280.28,0.54,N,0
40.32659,-121.47736,295.89,0.39,0.36,2021-08-18,955,N,VIIRS,n,2,280.97,0.54,N,0
40.32682,-121.19904,331.56,0.39,0.36,2021-08-18,955,N,VIIRS,n,2,286.19,3.29,N,0
40.32709,-121.0861,312.25,0.39,0.36,2021-08-18,955,N,VIIRS,n,2,277.96,4.37,N,0
40.32716,-121.10951,350.35,0.39,0.36,2021-08-18,955,N,VIIRS,n,2,293.86,8.83,N,0
40.32725,-121.13297,303.6,0.39,0.36,2021-08-18,955,N,VIIRS,n,2,281.78,0.72,N,0
40.32726,-121.48191,296.74,0.39,0.36,2021-08-18,955,N,VIIRS,n,2,281.18,0.61,N,0
40.32726,-120.8608,306.38,0.39,0.36,2021-08-18,955,N,VIIRS,n,2,280.74,2.3,N,0
40.32776,-121.09062,334.4,0.39,0.36,2021-08-18,955,N,VIIRS,n,2,288.61,4.37,N,0
40.32784,-121.11402,347.52,0.39,0.36,2021-08-18,955,N,VIIRS,n,2,292.43,5.85,N,0
40.32791,-121.48639,296.16,0.39,0.36,2021-08-18,955,N,VIIRS,n,2,282.03,0.61,N,0
40.32794,-120.8653,304.91,0.39,0.36,2021-08-18,955,N,VIIRS,n,2,279.02,2.3,N,0
40.32843,-121.09512,328.93,0.39,0.36,2021-08-18,955,N,VIIRS,n,2,284.21,10.91,N,0
40.32856,-121.46728,295.71,0.39,0.36,2021-08-18,955,N,VIIRS,n,2,282.37,0.8,N,0
40.32868,-120.8537,316.78,0.39,0.36,2021-08-18,955,N,VIIRS,n,2,281.84,2.22,N,0
40.32902,-121.07619,302.2,0.39,0.36,2021-08-18,955,N,VIIRS,n,2,283.77,3.39,N,0
40.32911,-121.09964,367,0.39,0.36,2021-08-18,955,N,VIIRS,h,2,306.94,10.91,N,0
40.32924,-121.47192,297.13,0.39,0.36,2021-08-18,955,N,VIIRS,n,2,282.82,0.54,N,0
40.32936,-120.85816,300.67,0.39,0.36,2021-08-18,955,N,VIIRS,n,2,280.27,2.22,N,0
40.32943,-121.1936,302.03,0.39,0.36,2021-08-18,955,N,VIIRS,n,2,282.31,1.39,N,0
40.3297,-121.08072,328.51,0.39,0.36,2021-08-18,955,N,VIIRS,n,2,285.19,3.39,N,0
40.32978,-121.10413,351.89,0.39,0.36,2021-08-18,955,N,VIIRS,n,2,302.8,8.83,N,0
40.3299,-121.47654,304.11,0.39,0.36,2021-08-18,955,N,VIIRS,n,2,281.17,0.54,N,0
40.33046,-121.10865,315.48,0.39,0.36,2021-08-18,955,N,VIIRS,n,2,284.97,8.83,N,0
40.33054,-121.13211,330.16,0.39,0.36,2021-08-18,955,N,VIIRS,n,2,283.52,3.59,N,0
40.33057,-121.4811,305.91,0.39,0.36,2021-08-18,955,N,VIIRS,n,2,280.94,0.61,N,0
40.33113,-121.11317,329.53,0.39,0.36,2021-08-18,955,N,VIIRS,n,2,289.41,5.85,N,0
40.3312,-121.46175,296.06,0.39,0.36,2021-08-18,955,N,VIIRS,n,2,283.33,0.77,N,0
40.33123,-121.48561,303.28,0.39,0.36,2021-08-18,955,N,VIIRS,n,2,281.75,0.61,N,0
40.33173,-121.09427,342.63,0.39,0.36,2021-08-18,955,N,VIIRS,n,2,295.41,12.55,N,0
40.33187,-121.46641,301.19,0.39,0.36,2021-08-18,955,N,VIIRS,n,2,283.08,0.77,N,0
40.33189,-121.4901,299.74,0.39,0.36,2021-08-18,955,N,VIIRS,n,2,282.19,1.18,N,0
40.33197,-120.85287,339.02,0.39,0.36,2021-08-18,955,N,VIIRS,n,2,284.69,2.22,N,0
40.33232,-121.07533,327.77,0.39,0.36,2021-08-18,955,N,VIIRS,n,2,288.01,3.39,N,0
40.33241,-121.09878,352.71,0.39,0.36,2021-08-18,955,N,VIIRS,n,2,305.27,12.55,N,0
40.33255,-121.47106,307.69,0.39,0.36,2021-08-18,955,N,VIIRS,n,2,283.13,2.66,N,0
40.33273,-121.19272,297.46,0.39,0.36,2021-08-18,955,N,VIIRS,n,2,282.73,0.59,N,0
40.333,-121.07986,335.74,0.39,0.36,2021-08-18,955,N,VIIRS,n,2,288.91,3.39,N,0
40.33308,-121.10329,353.76,0.39,0.36,2021-08-18,955,N,VIIRS,n,2,303.23,6.18,N,0
40.33322,-121.47569,317.71,0.39,0.36,2021-08-18,955,N,VIIRS,n,2,281.35,2.66,N,0
40.33376,-121.1078,338.67,0.39,0.36,2021-08-18,955,N,VIIRS,n,2,286.95,6.18,N,0
40.33389,-121.48027,317.97,0.39,0.36,2021-08-18,955,N,VIIRS,n,2,281.04,2.33,N,0
40.33435,-121.08891,310.26,0.39,0.36,2021-08-18,955,N,VIIRS,n,2,282.56,1.67,N,0
40.33451,-121.46094,298.71,0.39,0.36,2021-08-18,955,N,VIIRS,n,2,284.86,0.77,N,0
40.33455,-121.48483,310.82,0.39,0.36,2021-08-18,955,N,VIIRS,n,2,282.24,2.33,N,0
40.33458,-120.84762,300.66,0.39,0.36,2021-08-18,955,N,VIIRS,n,2,283.09,1.8,N,0
40.33493,-121.06994,300.99,0.39,0.36,2021-08-18,955,N,VIIRS,n,2,283.15,1.21,N,0
40.33503,-121.09342,367,0.39,0.36,2021-08-18,955,N,VIIRS,h,2,300.06,12.55,N,0
40.33518,-121.46557,305.28,0.39,0.36,2021-08-18,955,N,VIIRS,n,2,284.85,0.77,N,0
40.33521,-121.48933,303.14,0.39,0.36,2021-08-18,955,N,VIIRS,n,2,283.18,0.77,N,0
40.33526,-120.85208,325.45,0.39,0.36,2021-08-18,955,N,VIIRS,n,2,282.34,2.72,N,0
40.33561,-121.07447,347.07,0.39,0.36,2021-08-18,955,N,VIIRS,n,2,290.38,4.02,N,0
40.3357,-121.09793,367,0.39,0.36,2021-08-18,955,N,VIIRS,h,2,303.89,12.55,N,0
40.33586,-121.4702,329.38,0.39,0.36,2021-08-18,955,N,VIIRS,n,2,282.83,2.66,N,0
40.33587,-121.4938,297.76,0.39,0.36,2021-08-18,955,N,VIIRS,n,2,283.09,0.77,N,0
40.33587,-121.14481,295.16,0.39,0.36,2021-08-18,955,N,VIIRS,n,2,278.86,0.28,N,0
40.33638,-121.10245,341.24,0.39,0.36,2021-08-18,955,N,VIIRS,n,2,296.83,6.18,N,0
40.33653,-121.47483,338.06,0.39,0.36,2021-08-18,955,N,VIIRS,n,2,282.09,2.66,N,0
40.33706,-121.10697,334.21,0.39,0.36,2021-08-18,955,N,VIIRS,n,2,291.06,6.18,N,0
40.3372,-121.47945,335.57,0.39,0.36,2021-08-18,955,N,VIIRS,n,2,282.25,2.33,N,0
40.33765,-121.08805,338.26,0.39,0.36,2021-08-18,955,N,VIIRS,n,2,289.97,18.47,N,0
40.33782,-121.46011,302.26,0.39,0.36,2021-08-18,955,N,VIIRS,n,2,285.19,1.87,N,0
40.33786,-121.48401,317.69,0.39,0.36,2021-08-18,955,N,VIIRS,n,2,283.35,2.33,N,0
40.33788,-120.84679,320.38,0.39,0.36,2021-08-18,955,N,VIIRS,n,2,286.46,1.8,N,0
40.33822,-121.06908,315.53,0.39,0.36,2021-08-18,955,N,VIIRS,n,2,285.44,1.21,N,0
40.33833,-121.09256,354.38,0.39,0.36,2021-08-18,955,N,VIIRS,n,2,305.94,10.44,N,0
40.3385,-121.4647,309.81,0.39,0.36,2021-08-18,955,N,VIIRS,n,2,285.84,1.87,N,0
40.33853,-121.48853,309.66,0.39,0.36,2021-08-18,955,N,VIIRS,n,2,283.46,0.77,N,0
40.33855,-120.85126,328.5,0.39,0.36,2021-08-18,955,N,VIIRS,n,2,283.99,2.72,N,0
40.3389,-121.07362,299.42,0.39,0.36,2021-08-18,955,N,VIIRS,n,2,282.13,4.02,N,0
40.339,-121.09707,337.15,0.39,0.36,2021-08-18,955,N,VIIRS,n,2,296,10.44,N,0
40.33916,-121.46933,346.72,0.39,0.36,2021-08-18,955,N,VIIRS,n,2,285.24,126.12,N,0
40.33918,-121.49303,303.66,0.39,0.36,2021-08-18,955,N,VIIRS,n,2,283.09,0.77,N,0
40.33968,-121.1016,319.46,0.39,0.36,2021-08-18,955,N,VIIRS,n,2,287.31,1.07,N,0
40.33984,-121.49754,295.72,0.39,0.36,2021-08-18,955,N,VIIRS,n,2,283.04,0.72,N,0
40.33984,-121.47395,367,0.39,0.36,2021-08-18,955,N,VIIRS,h,2,286.09,126.12,N,0
40.34035,-121.10612,303.54,0.39,0.36,2021-08-18,955,N,VIIRS,n,2,282.78,1.07,N,0
40.34046,-121.45464,298.5,0.39,0.36,2021-08-18,955,N,VIIRS,n,2,284.95,4.71,N,0
40.34048,-120.84148,301.13,0.39,0.36,2021-08-18,955,N,VIIRS,n,2,283.75,3.32,N,0
40.34051,-121.47858,355.59,0.39,0.36,2021-08-18,955,N,VIIRS,n,2,284.15,27.27,N,0
40.34094,-121.08719,342.84,0.39,0.36,2021-08-18,955,N,VIIRS,n,2,306.71,18.47,N,0
40.34113,-121.45921,305.43,0.39,0.36,2021-08-18,955,N,VIIRS,n,2,285.31,1.87,N,0
40.34116,-120.84598,316.64,0.39,0.36,2021-08-18,955,N,VIIRS,n,2,285.35,3.32,N,0
40.34118,-121.48316,337.17,0.39,0.36,2021-08-18,955,N,VIIRS,n,2,283.07,27.27,N,0
40.34125,-121.18092,301.49,0.39,0.36,2021-08-18,955,N,VIIRS,n,2,284.09,1.22,N,0
40.34138,-121.20478,301.57,0.39,0.36,2021-08-18,955,N,VIIRS,n,2,282.59,1.23,N,0
40.34151,-121.06821,329.61,0.39,0.36,2021-08-18,955,N,VIIRS,n,2,290.11,3.55,N,0
40.34162,-121.0917,351.53,0.39,0.36,2021-08-18,955,N,VIIRS,n,2,302.84,10.44,N,0
40.3418,-121.4638,321.43,0.39,0.36,2021-08-18,955,N,VIIRS,n,2,285.84,1.87,N,0
40.34184,-121.48772,319.7,0.39,0.36,2021-08-18,955,N,VIIRS,n,2,283.35,2.26,N,0
40.34184,-120.85046,308.4,0.39,0.36,2021-08-18,955,N,VIIRS,n,2,281.37,1.79,N,0
40.34193,-121.18546,299.92,0.39,0.36,2021-08-18,955,N,VIIRS,n,2,282.95,1.11,N,0
40.34205,-121.20934,304.17,0.39,0.36,2021-08-18,955,N,VIIRS,n,2,283.54,1.23,N,0
40.34219,-121.07274,347.79,0.39,0.36,2021-08-18,955,N,VIIRS,n,2,292.04,7.66,N,0
40.34229,-121.09622,329.52,0.39,0.36,2021-08-18,955,N,VIIRS,n,2,293.15,10.44,N,0
40.34247,-121.46838,335.72,0.39,0.36,2021-08-18,955,N,VIIRS,n,2,292.7,126.12,N,0
40.3425,-121.49225,313.98,0.39,0.36,2021-08-18,955,N,VIIRS,n,2,282.56,2.26,N,0
40.34297,-121.10075,296.51,0.39,0.36,2021-08-18,955,N,VIIRS,n,2,283.26,1.07,N,0
40.34317,-121.49676,300.13,0.39,0.36,2021-08-18,955,N,VIIRS,n,2,283.55,0.75,N,0
40.3432,-121.17101,303,0.39,0.36,2021-08-18,955,N,VIIRS,n,2,280.83,1.89,N,0
40.34377,-121.45377,299.96,0.39,0.36,2021-08-18,955,N,VIIRS,n,2,284.94,2.66,N,0
40.34377,-120.84065,328.88,0.39,0.36,2021-08-18,955,N,VIIRS,n,2,288.06,3.32,N,0
40.34382,-121.47768,356.52,0.39,0.36,2021-08-18,955,N,VIIRS,n,2,290.55,27.27,N,0
40.34387,-121.17554,304.39,0.39,0.36,2021-08-18,955,N,VIIRS,n,2,280.17,1.26,N,0
40.34423,-121.08633,300.64,0.39,0.36,2021-08-18,955,N,VIIRS,n,2,282.54,1.14,N,0
40.34444,-121.45832,308.33,0.39,0.36,2021-08-18,955,N,VIIRS,n,2,285.15,3.26,N,0
40.34445,-120.84515,350.11,0.39,0.36,2021-08-18,955,N,VIIRS,n,2,291.54,3.32,N,0
40.34449,-121.48229,352.33,0.39,0.36,2021-08-18,955,N,VIIRS,n,2,285.16,27.27,N,0
40.34476,-120.77969,327.28,0.39,0.36,2021-08-18,955,N,VIIRS,n,2,281.88,2.31,N,0
40.34481,-121.06734,306.48,0.39,0.36,2021-08-18,955,N,VIIRS,n,2,284.15,3.55,N,0
40.34491,-121.09084,340.55,0.39,0.36,2021-08-18,955,N,VIIRS,n,2,289.33,2.12,N,0
40.3451,-121.46288,332.88,0.39,0.36,2021-08-18,955,N,VIIRS,n,2,287.75,3.26,N,0
40.34513,-120.84962,316.02,0.39,0.36,2021-08-18,955,N,VIIRS,n,2,280.9,1.79,N,0
40.34516,-121.48689,333.69,0.39,0.36,2021-08-18,955,N,VIIRS,n,2,283.88,2.26,N,0
40.34549,-121.07189,345.57,0.39,0.36,2021-08-18,955,N,VIIRS,n,2,292.26,7.66,N,0
40.34559,-121.09536,306.63,0.39,0.36,2021-08-18,955,N,VIIRS,n,2,284.85,2.12,N,0
40.3457,-120.83086,319.92,0.39,0.36,2021-08-18,955,N,VIIRS,n,2,286.49,3.52,N,0
40.34577,-121.46745,367,0.39,0.36,2021-08-18,955,N,VIIRS,h,2,353.72,0,N,0
40.34582,-121.49146,324.72,0.39,0.36,2021-08-18,955,N,VIIRS,n,2,282.6,2.26,N,0
40.34617,-121.07642,305.61,0.39,0.36,2021-08-18,955,N,VIIRS,n,2,282.48,7.66,N,0
40.34636,-121.40101,300.15,0.39,0.36,2021-08-18,955,N,VIIRS,n,2,281.08,0.7,N,0
40.34638,-120.83533,343.76,0.39,0.36,2021-08-18,955,N,VIIRS,n,2,293.76,3.52,N,0
40.34643,-121.14677,304.36,0.39,0.36,2021-08-18,955,N,VIIRS,n,2,282.73,0.87,N,0
40.34649,-121.49596,301.7,0.39,0.36,2021-08-18,955,N,VIIRS,n,2,283.4,0.75,N,0
40.34706,-120.83981,367,0.39,0.36,2021-08-18,955,N,VIIRS,h,2,294.96,10.34,N,0
40.34708,-121.4529,310.28,0.39,0.36,2021-08-18,955,N,VIIRS,n,2,284.15,2.66,N,0
40.34712,-121.47673,367,0.39,0.36,2021-08-18,955,N,VIIRS,h,2,354.2,371.64,N,0
40.34737,-120.77435,302.81,0.39,0.36,2021-08-18,955,N,VIIRS,n,2,280.03,2.31,N,0
40.34753,-121.08546,309.57,0.39,0.36,2021-08-18,955,N,VIIRS,n,2,284.09,1.14,N,0
40.34769,-121.41015,297.93,0.39,0.36,2021-08-18,955,N,VIIRS,n,2,283.1,10.61,N,0
40.34774,-121.45746,313.63,0.39,0.36,2021-08-18,955,N,VIIRS,n,2,284.52,3.26,N,0
40.34774,-120.84431,313.21,0.39,0.36,2021-08-18,955,N,VIIRS,n,2,280.57,10.34,N,0
40.3478,-121.4814,355.02,0.39,0.36,2021-08-18,955,N,VIIRS,n,2,292.96,371.64,N,0
40.34785,-121.17925,311.31,0.39,0.36,2021-08-18,955,N,VIIRS,n,2,282.06,1.26,N,0
40.34806,-120.77885,338.5,0.39,0.36,2021-08-18,955,N,VIIRS,n,2,286.46,2.31,N,0
40.34819,-120.80221,295.3,0.39,0.36,2021-08-18,955,N,VIIRS,n,2,279.15,0.43,N,0
40.3482,-121.08997,303.96,0.39,0.36,2021-08-18,955,N,VIIRS,n,2,285.16,2.12,N,0
40.34837,-121.41476,353.1,0.39,0.36,2021-08-18,955,N,VIIRS,n,2,292.85,10.61,N,0
40.34841,-121.46202,331.52,0.39,0.36,2021-08-18,955,N,VIIRS,n,2,285.28,3.26,N,0
40.34847,-121.48602,349.67,0.39,0.36,2021-08-18,955,N,VIIRS,n,2,286.39,39.1,N,0
40.34878,-121.07103,323.51,0.39,0.36,2021-08-18,955,N,VIIRS,n,2,284.81,4.83,N,0
40.34899,-120.83001,321.32,0.39,0.36,2021-08-18,955,N,VIIRS,n,2,287.03,3.52,N,0
40.34908,-121.46657,367,0.39,0.36,2021-08-18,955,N,VIIRS,h,2,354.88,0,N,0
40.34914,-121.49061,332.27,0.39,0.36,2021-08-18,955,N,VIIRS,n,2,283.13,39.1,N,0
40.34946,-121.07555,344.81,0.39,0.36,2021-08-18,955,N,VIIRS,n,2,290.34,4.83,N,0
40.34967,-121.40023,334.69,0.39,0.36,2021-08-18,955,N,VIIRS,n,2,282.22,5.9,N,0
40.34967,-120.83449,337.82,0.39,0.36,2021-08-18,955,N,VIIRS,n,2,291.62,3.52,N,0
40.34973,-121.44756,300.04,0.39,0.36,2021-08-18,955,N,VIIRS,n,2,283.73,17.37,N,0
40.34973,-121.14592,298.5,0.39,0.36,2021-08-18,955,N,VIIRS,n,2,282.36,0.87,N,0
40.3498,-121.49517,304.82,0.39,0.36,2021-08-18,955,N,VIIRS,n,2,283.03,3.29,N,0
40.34988,-121.19289,305.83,0.39,0.36,2021-08-18,955,N,VIIRS,n,2,281.66,1.61,N,0
40.35014,-121.08009,346.33,0.39,0.36,2021-08-18,955,N,VIIRS,n,2,292.02,5.18,N,0
40.35035,-120.83898,345.56,0.39,0.36,2021-08-18,955,N,VIIRS,n,2,291.87,10.34,N,0
40.3504,-121.45209,335.06,0.39,0.36,2021-08-18,955,N,VIIRS,n,2,285.76,17.37,N,0
40.35066,-120.77351,306.59,0.39,0.36,2021-08-18,955,N,VIIRS,n,2,282.12,1.73,N,0
40.35101,-121.40939,325.52,0.39,0.36,2021-08-18,955,N,VIIRS,n,2,284.12,8.17,N,0
40.35106,-121.45663,305.94,0.39,0.36,2021-08-18,955,N,VIIRS,n,2,284.09,5.26,N,0
40.35109,-121.48045,367,0.39,0.36,2021-08-18,955,N,VIIRS,h,2,352.61,371.64,N,0
40.3515,-121.08912,299.07,0.39,0.36,2021-08-18,955,N,VIIRS,n,2,284.23,0.58,N,0
40.3516,-120.82468,301.14,0.39,0.36,2021-08-18,955,N,VIIRS,n,2,282.99,1.05,N,0
40.35168,-121.41398,356.19,0.39,0.36,2021-08-18,955,N,VIIRS,n,2,287.74,8.17,N,0
40.35172,-121.46119,331.93,0.39,0.36,2021-08-18,955,N,VIIRS,n,2,286.06,5.26,N,0
40.35172,-121.43765,303.48,0.39,0.36,2021-08-18,955,N,VIIRS,n,2,283.99,2.06,N,0
40.35177,-121.48511,367,0.39,0.36,2021-08-18,955,N,VIIRS,h,2,320.23,39.1,N,0
40.35228,-120.82915,317.14,0.39,0.36,2021-08-18,955,N,VIIRS,n,2,285.41,2.12,N,0
40.35232,-121.39494,316.97,0.39,0.36,2021-08-18,955,N,VIIRS,n,2,282.26,2.16,N,0
40.35236,-121.41856,300.62,0.39,0.36,2021-08-18,955,N,VIIRS,n,2,284.12,3.19,N,0
40.35238,-121.4422,306.77,0.39,0.36,2021-08-18,955,N,VIIRS,n,2,283.41,2.06,N,0
40.35239,-121.46572,331.21,0.39,0.36,2021-08-18,955,N,VIIRS,n,2,321.67,49.39,N,0
40.35245,-121.48975,351.37,0.39,0.36,2021-08-18,955,N,VIIRS,n,2,306.91,39.1,N,0
40.35275,-121.07469,342.16,0.39,0.36,2021-08-18,955,N,VIIRS,n,2,289.23,4.83,N,0
40.35296,-120.83364,320.14,0.39,0.36,2021-08-18,955,N,VIIRS,n,2,283.79,2.12,N,0
40.35299,-121.39948,356.75,0.39,0.36,2021-08-18,955,N,VIIRS,n,2,289.16,5.9,N,0
40.35304,-121.44675,338.42,0.39,0.36,2021-08-18,955,N,VIIRS,n,2,287.84,17.37,N,0
40.35305,-121.47025,355.26,0.39,0.36,2021-08-18,955,N,VIIRS,n,2,330.06,49.39,N,0
40.35312,-121.49435,330.76,0.39,0.36,2021-08-18,955,N,VIIRS,n,2,283.49,3.29,N,0
40.35344,-121.07923,339.48,0.39,0.36,2021-08-18,955,N,VIIRS,n,2,291.62,5.18,N,0
40.35364,-120.83813,330.67,0.39,0.36,2021-08-18,955,N,VIIRS,n,2,284.18,2.92,N,0
40.35366,-121.40405,300.23,0.39,0.36,2021-08-18,955,N,VIIRS,n,2,283.23,5.9,N,0
40.35371,-121.45128,350.04,0.39,0.36,2021-08-18,955,N,VIIRS,n,2,309.39,17.37,N,0
40.35372,-121.47485,367,0.39,0.36,2021-08-18,955,N,VIIRS,h,2,344.43,75.31,N,0
40.35411,-121.08373,303.64,0.39,0.36,2021-08-18,955,N,VIIRS,n,2,283.92,5.18,N,0
40.35431,-121.38507,299.73,0.39,0.36,2021-08-18,955,N,VIIRS,n,2,281.78,1.53,N,0
40.35433,-121.40861,299.79,0.39,0.36,2021-08-18,955,N,VIIRS,n,2,284.15,8.17,N,0
40.35437,-121.45582,332.81,0.39,0.36,2021-08-18,955,N,VIIRS,n,2,285.52,5.26,N,0
40.3544,-121.47951,367,0.39,0.36,2021-08-18,955,N,VIIRS,h,2,340.06,75.31,N,0
40.35445,-121.5271,298.49,0.39,0.36,2021-08-18,955,N,VIIRS,n,2,285.44,2.32,N,0
40.35479,-121.08826,296.05,0.39,0.36,2021-08-18,955,N,VIIRS,n,2,283.07,0.58,N,0
40.35489,-120.82383,305.01,0.39,0.36,2021-08-18,955,N,VIIRS,n,2,283.13,1.05,N,0
40.35497,-121.3896,300.85,0.39,0.36,2021-08-18,955,N,VIIRS,n,2,283.16,22.37,N,0
40.355,-121.41319,356.19,0.39,0.36,2021-08-18,955,N,VIIRS,n,2,294.32,8.17,N,0
40.35503,-121.43683,337.38,0.39,0.36,2021-08-18,955,N,VIIRS,n,2,285.11,22.25,N,0
40.35504,-121.46038,326.88,0.39,0.36,2021-08-18,955,N,VIIRS,n,2,286,5.26,N,0
40.35508,-121.48419,344.09,0.39,0.36,2021-08-18,955,N,VIIRS,n,2,320.28,40.75,N,0
40.35536,-121.06928,318.23,0.39,0.36,2021-08-18,955,N,VIIRS,n,2,283.53,2.84,N,0
40.35556,-120.82832,326.46,0.39,0.36,2021-08-18,955,N,VIIRS,n,2,286.29,2.12,N,0
40.35564,-121.39416,348.69,0.39,0.36,2021-08-18,955,N,VIIRS,n,2,297.14,22.37,N,0
40.35567,-121.41776,324.83,0.39,0.36,2021-08-18,955,N,VIIRS,n,2,284.49,3.19,N,0
40.3557,-121.46491,343.24,0.39,0.36,2021-08-18,955,N,VIIRS,n,2,319.31,49.39,N,0
40.3557,-121.44139,353.67,0.39,0.36,2021-08-18,955,N,VIIRS,n,2,287.33,22.25,N,0
40.35575,-121.48886,367,0.39,0.36,2021-08-18,955,N,VIIRS,h,2,314.88,40.75,N,0
40.35604,-121.07382,321.57,0.39,0.36,2021-08-18,955,N,VIIRS,n,2,285.79,2.84,N,0
40.3563,-121.39869,367,0.39,0.36,2021-08-18,955,N,VIIRS,h,2,322.2,89.85,N,0
40.35634,-121.42233,298.81,0.39,0.36,2021-08-18,955,N,VIIRS,n,2,283.85,3.19,N,0
40.35637,-121.46942,367,0.39,0.36,2021-08-18,955,N,VIIRS,h,2,319.4,49.39,N,0
40.35637,-121.44594,316.16,0.39,0.36,2021-08-18,955,N,VIIRS,n,2,284.28,7.44,N,0
40.35643,-121.49351,351.99,0.39,0.36,2021-08-18,955,N,VIIRS,n,2,298.86,9.91,N,0
40.35673,-121.07835,331.91,0.39,0.36,2021-08-18,955,N,VIIRS,n,2,291.27,3.34,N,0
40.35698,-121.40325,349.26,0.39,0.36,2021-08-18,955,N,VIIRS,n,2,289.73,89.85,N,0
40.35703,-121.474,356.18,0.39,0.36,2021-08-18,955,N,VIIRS,n,2,328.59,75.31,N,0
40.35703,-121.45048,331.71,0.39,0.36,2021-08-18,955,N,VIIRS,n,2,285.7,7.44,N,0
40.35741,-121.08288,302.2,0.39,0.36,2021-08-18,955,N,VIIRS,n,2,283.45,3.34,N,0
40.3575,-120.8185,295.06,0.39,0.36,2021-08-18,955,N,VIIRS,n,2,280.93,1.36,N,0
40.35764,-121.4078,367,0.39,0.36,2021-08-18,955,N,VIIRS,h,2,291.18,27.14,N,0
40.35767,-121.43145,333.72,0.39,0.36,2021-08-18,955,N,VIIRS,n,2,287.35,6.35,N,0
40.35769,-121.45504,333.59,0.39,0.36,2021-08-18,955,N,VIIRS,n,2,285.06,25.2,N,0
40.3577,-121.4786,367,0.39,0.36,2021-08-18,955,N,VIIRS,h,2,342.06,75.31,N,0
40.35775,-121.52617,335.46,0.39,0.36,2021-08-18,955,N,VIIRS,n,2,293.07,2.32,N,0
40.35817,-120.82298,330.13,0.39,0.36,2021-08-18,955,N,VIIRS,n,2,286.74,1.36,N,0
40.35829,-121.3888,337.85,0.39,0.36,2021-08-18,955,N,VIIRS,n,2,284.42,22.37,N,0
40.35831,-121.41236,346.45,0.39,0.36,2021-08-18,955,N,VIIRS,n,2,287.09,27.14,N,0
40.35835,-121.436,352.77,0.39,0.36,2021-08-18,955,N,VIIRS,n,2,316.72,22.25,N,0
40.35836,-121.4596,335.19,0.39,0.36,2021-08-18,955,N,VIIRS,n,2,287.44,25.2,N,0
40.35838,-121.48326,367,0.39,0.36,2021-08-18,955,N,VIIRS,h,2,318.68,40.75,N,0
40.35841,-121.53069,303.92,0.39,0.36,2021-08-18,955,N,VIIRS,n,2,286.71,1.86,N,0
40.35865,-121.06842,309.89,0.39,0.36,2021-08-18,955,N,VIIRS,n,2,283.03,2.84,N,0
40.35885,-120.82745,329.7,0.39,0.36,2021-08-18,955,N,VIIRS,n,2,285.79,3.17,N,0
40.35895,-121.39335,336.65,0.39,0.36,2021-08-18,955,N,VIIRS,n,2,319.62,22.37,N,0
40.35898,-121.41692,355.59,0.39,0.36,2021-08-18,955,N,VIIRS,n,2,297.63,33.81,N,0
40.35901,-121.44056,367,0.39,0.36,2021-08-18,955,N,VIIRS,h,2,329.32,22.25,N,0
40.35902,-121.46413,354.62,0.39,0.36,2021-08-18,955,N,VIIRS,n,2,322.68,28.7,N,0
40.35906,-121.48796,367,0.39,0.36,2021-08-18,955,N,VIIRS,h,2,306.92,40.75,N,0
40.35934,-121.07296,344.08,0.39,0.36,2021-08-18,955,N,VIIRS,n,2,291.82,2.84,N,0
40.35962,-121.39788,367,0.39,0.36,2021-08-18,955,N,VIIRS,h,2,361.32,89.85,N,0
40.35965,-121.4215,342.24,0.39,0.36,2021-08-18,955,N,VIIRS,n,2,287.85,33.81,N,0
40.35968,-121.46866,367,0.39,0.36,2021-08-18,955,N,VIIRS,h,2,315.26,28.7,N,0
40.35968,-121.44512,354.4,0.39,0.36,2021-08-18,955,N,VIIRS,n,2,296.97,7.44,N,0
40.35975,-121.49266,347.28,0.39,0.36,2021-08-18,955,N,VIIRS,n,2,297.68,9.91,N,0
40.36002,-121.07748,347.66,0.39,0.36,2021-08-18,955,N,VIIRS,n,2,294.97,3.34,N,0
40.3601,-120.81318,307.35,0.39,0.36,2021-08-18,955,N,VIIRS,n,2,283.34,1.88,N,0
40.36029,-121.40244,340.8,0.39,0.36,2021-08-18,955,N,VIIRS,n,2,315.82,89.85,N,0
40.36032,-121.42605,334.35,0.39,0.36,2021-08-18,955,N,VIIRS,n,2,287.52,56.39,N,0
40.36035,-121.47319,367,0.39,0.36,2021-08-18,955,N,VIIRS,h,2,315.21,18.74,N,0
40.36035,-121.4497,348.59,0.39,0.36,2021-08-18,955,N,VIIRS,n,2,290.8,7.44,N,0
40.36042,-121.49729,316.21,0.39,0.36,2021-08-18,955,N,VIIRS,n,2,284.91,9.91,N,0
40.36052,-121.06583,301.21,0.39,0.36,2021-08-18,955,N,VIIRS,n,2,282.39,1.27,N,0
40.3607,-121.08202,295.74,0.39,0.36,2021-08-18,955,N,VIIRS,n,2,282.93,3.34,N,0
40.36079,-120.81764,305.75,0.39,0.36,2021-08-18,955,N,VIIRS,n,2,282.85,1.36,N,0
40.36095,-121.40698,342.84,0.39,0.36,2021-08-18,955,N,VIIRS,n,2,301.28,27.14,N,0
40.36099,-121.43061,346.68,0.39,0.36,2021-08-18,955,N,VIIRS,n,2,304.05,56.39,N,0
40.36101,-121.47771,367,0.39,0.36,2021-08-18,955,N,VIIRS,h,2,316.49,18.74,N,0
40.36101,-121.45426,340.88,0.39,0.36,2021-08-18,955,N,VIIRS,n,2,292.55,25.2,N,0
40.36105,-121.52522,300.9,0.39,0.36,2021-08-18,955,N,VIIRS,n,2,286.31,1.29,N,0
40.36109,-121.50188,343.96,0.39,0.36,2021-08-18,955,N,VIIRS,n,2,289.59,5.63,N,0
40.3612,-121.07037,318.33,0.39,0.36,2021-08-18,955,N,VIIRS,n,2,283.93,3.03,N,0
40.36146,-120.82213,309.6,0.39,0.36,2021-08-18,955,N,VIIRS,n,2,283.12,1.36,N,0
40.36148,-121.11003,307.15,0.39,0.36,2021-08-18,955,N,VIIRS,n,2,283.9,2.31,N,0
40.36152,-121.34082,314.71,0.39,0.36,2021-08-18,955,N,VIIRS,n,2,281.14,1.16,N,0
40.3616,-121.38798,329.1,0.39,0.36,2021-08-18,955,N,VIIRS,n,2,291.99,27.22,N,0
40.36162,-121.41154,351.91,0.39,0.36,2021-08-18,955,N,VIIRS,n,2,303.96,27.14,N,0
40.36165,-121.43517,356.48,0.39,0.36,2021-08-18,955,N,VIIRS,n,2,319.37,23.61,N,0
40.36168,-121.48235,347.01,0.39,0.36,2021-08-18,955,N,VIIRS,n,2,304.81,9.01,N,0
40.36168,-121.45881,329.33,0.39,0.36,2021-08-18,955,N,VIIRS,n,2,317.72,25.2,N,0
40.36172,-121.52976,314.07,0.39,0.36,2021-08-18,955,N,VIIRS,n,2,288.86,1.08,N,0
40.36188,-121.07491,342.17,0.39,0.36,2021-08-18,955,N,VIIRS,n,2,287.26,3.03,N,0
40.36203,-120.80337,295.25,0.39,0.36,2021-08-18,955,N,VIIRS,n,2,282.33,0.93,N,0
40.36219,-121.34538,309.12,0.39,0.36,2021-08-18,955,N,VIIRS,n,2,282.98,1.16,N,0
40.36227,-121.39253,344.44,0.39,0.36,2021-08-18,955,N,VIIRS,n,2,334.31,27.22,N,0
40.36229,-121.41611,347.95,0.39,0.36,2021-08-18,955,N,VIIRS,n,2,314.59,33.81,N,0
40.36232,-121.43974,367,0.39,0.36,2021-08-18,955,N,VIIRS,h,2,313.86,23.61,N,0
40.36234,-121.46334,367,0.39,0.36,2021-08-18,955,N,VIIRS,h,2,313.31,28.7,N,0
40.36237,-121.48706,367,0.39,0.36,2021-08-18,955,N,VIIRS,h,2,307.98,9.01,N,0
40.36238,-121.53432,305.85,0.39,0.36,2021-08-18,955,N,VIIRS,n,2,285.26,1.08,N,0
40.36255,-121.07944,324.2,0.39,0.36,2021-08-18,955,N,VIIRS,n,2,286.79,1.64,N,0
40.36271,-120.80786,295.2,0.39,0.36,2021-08-18,955,N,VIIRS,n,2,281.92,0.7,N,0
40.36293,-121.39706,350.7,0.39,0.36,2021-08-18,955,N,VIIRS,n,2,338.96,70.52,N,0
40.36296,-121.42065,340.64,0.39,0.36,2021-08-18,955,N,VIIRS,n,2,306.73,33.81,N,0
40.36299,-121.4443,367,0.39,0.36,2021-08-18,955,N,VIIRS,h,2,313.59,17.49,N,0
40.363,-121.46786,354.19,0.39,0.36,2021-08-18,955,N,VIIRS,n,2,303.2,28.7,N,0
40.36305,-121.49177,352.67,0.39,0.36,2021-08-18,955,N,VIIRS,n,2,300.04,6.5,N,0
40.36339,-120.81233,311.39,0.39,0.36,2021-08-18,955,N,VIIRS,n,2,282.23,0.7,N,0
40.36341,-121.10013,300.75,0.39,0.36,2021-08-18,955,N,VIIRS,n,2,282.41,0.74,N,0
40.3636,-121.40161,349.1,0.39,0.36,2021-08-18,955,N,VIIRS,n,2,315.82,70.52,N,0
40.36363,-121.4252,367,0.39,0.36,2021-08-18,955,N,VIIRS,h,2,330.83,56.39,N,0
40.36366,-121.47237,367,0.39,0.36,2021-08-18,955,N,VIIRS,h,2,313.27,18.74,N,0
40.36366,-121.44888,367,0.39,0.36,2021-08-18,955,N,VIIRS,h,2,316.07,17.49,N,0
40.36374,-121.49644,323.38,0.39,0.36,2021-08-18,955,N,VIIRS,n,2,287.44,6.5,N,0
40.36382,-121.06496,307.09,0.39,0.36,2021-08-18,955,N,VIIRS,n,2,281.54,1.27,N,0
40.3641,-121.10466,318.15,0.39,0.36,2021-08-18,955,N,VIIRS,n,2,284.01,2.31,N,0
40.36424,-121.3826,305.57,0.39,0.36,2021-08-18,955,N,VIIRS,n,2,283.03,2.86,N,0
40.36427,-121.40615,341.17,0.39,0.36,2021-08-18,955,N,VIIRS,n,2,291.25,33.53,N,0
40.36429,-121.42976,343.01,0.39,0.36,2021-08-18,955,N,VIIRS,n,2,329.73,56.39,N,0
40.36432,-121.47687,367,0.39,0.36,2021-08-18,955,N,VIIRS,h,2,309.06,18.74,N,0
40.36432,-121.45344,350.73,0.39,0.36,2021-08-18,955,N,VIIRS,n,2,312.22,53.92,N,0
40.36441,-121.50106,346.1,0.39,0.36,2021-08-18,955,N,VIIRS,n,2,292.58,9.65,N,0
40.36449,-121.0695,331.44,0.39,0.36,2021-08-18,955,N,VIIRS,n,2,287.71,3.03,N,0
40.36478,-121.10918,337.9,0.39,0.36,2021-08-18,955,N,VIIRS,n,2,288.98,2.31,N,0
40.36491,-121.38713,367,0.39,0.36,2021-08-18,955,N,VIIRS,h,2,295.56,27.22,N,0
40.36494,-121.4107,348.18,0.39,0.36,2021-08-18,955,N,VIIRS,n,2,290.43,33.53,N,0
40.36496,-121.43432,367,0.39,0.36,2021-08-18,955,N,VIIRS,h,2,315.28,23.61,N,0
40.36499,-121.48145,352.59,0.39,0.36,2021-08-18,955,N,VIIRS,n,2,312.15,9.01,N,0
40.36499,-121.45798,367,0.39,0.36,2021-08-18,955,N,VIIRS,h,2,327.42,53.92,N,0
40.36502,-121.52886,306.57,0.39,0.36,2021-08-18,955,N,VIIRS,n,2,287.31,1.08,N,0
40.36507,-121.50562,308.74,0.39,0.36,2021-08-18,955,N,VIIRS,n,2,282.15,9.65,N,0
40.36517,-121.07404,325.34,0.39,0.36,2021-08-18,955,N,VIIRS,n,2,286.9,3.03,N,0
40.36525,-121.09756,311.9,0.39,0.36,2021-08-18,955,N,VIIRS,n,2,283.21,4.08,N,0
40.36549,-121.3445,296.69,0.39,0.36,2021-08-18,955,N,VIIRS,n,2,284.15,1.16,N,0
40.36557,-121.39169,353.53,0.39,0.36,2021-08-18,955,N,VIIRS,n,2,323.66,27.22,N,0
40.3656,-121.41526,350.43,0.39,0.36,2021-08-18,955,N,VIIRS,n,2,320.31,41.13,N,0
40.36563,-121.43888,367,0.39,0.36,2021-08-18,955,N,VIIRS,h,2,315.69,23.61,N,0
40.36565,-121.46249,367,0.39,0.36,2021-08-18,955,N,VIIRS,h,2,315.68,24.96,N,0
40.36567,-121.48616,346.61,0.39,0.36,2021-08-18,955,N,VIIRS,n,2,303.2,9.01,N,0
40.36569,-121.53345,302.79,0.39,0.36,2021-08-18,955,N,VIIRS,n,2,286.16,1.08,N,0
40.36584,-121.07856,297.64,0.39,0.36,2021-08-18,955,N,VIIRS,n,2,283.08,1.64,N,0
40.36592,-121.10211,367,0.39,0.36,2021-08-18,955,N,VIIRS,h,2,293.76,4.08,N,0
40.366,-120.80701,298.31,0.39,0.36,2021-08-18,955,N,VIIRS,n,2,281.21,0.7,N,0
40.36624,-121.39622,367,0.39,0.36,2021-08-18,955,N,VIIRS,h,2,349.51,70.52,N,0
40.36627,-121.41981,345,0.39,0.36,2021-08-18,955,N,VIIRS,n,2,328.3,41.13,N,0
40.3663,-121.44345,367,0.39,0.36,2021-08-18,955,N,VIIRS,h,2,314.51,17.49,N,0
40.36631,-121.46702,367,0.39,0.36,2021-08-18,955,N,VIIRS,h,2,308.09,24.96,N,0
40.36636,-121.49087,355.97,0.39,0.36,2021-08-18,955,N,VIIRS,n,2,301.2,6.5,N,0
40.3666,-121.10663,348.07,0.39,0.36,2021-08-18,955,N,VIIRS,n,2,295.26,3.66,N,0
40.3668,-121.12275,300.42,0.39,0.36,2021-08-18,955,N,VIIRS,n,2,281.75,0.93,N,0
40.36691,-121.40076,367,0.39,0.36,2021-08-18,955,N,VIIRS,h,2,347.18,70.52,N,0
40.36694,-121.42435,356.63,0.39,0.36,2021-08-18,955,N,VIIRS,n,2,327.5,21.73,N,0
40.36697,-121.47151,367,0.39,0.36,2021-08-18,955,N,VIIRS,h,2,311.14,14.81,N,0
40.36697,-121.44803,367,0.39,0.36,2021-08-18,955,N,VIIRS,h,2,312.62,17.49,N,0
40.36704,-121.49558,344.35,0.39,0.36,2021-08-18,955,N,VIIRS,n,2,294.73,6.5,N,0
40.36727,-121.11115,315.68,0.39,0.36,2021-08-18,955,N,VIIRS,n,2,283.36,3.66,N,0
40.36758,-121.40531,335.4,0.39,0.36,2021-08-18,955,N,VIIRS,n,2,289.73,33.53,N,0
40.3676,-121.42889,367,0.39,0.36,2021-08-18,955,N,VIIRS,h,2,320.84,21.73,N,0
40.36763,-121.47602,367,0.39,0.36,2021-08-18,955,N,VIIRS,h,2,310.8,14.81,N,0
40.36764,-121.45259,355.44,0.39,0.36,2021-08-18,955,N,VIIRS,n,2,308.75,53.92,N,0
40.36772,-121.50021,350.67,0.39,0.36,2021-08-18,955,N,VIIRS,n,2,301.83,9.65,N,0
40.36779,-121.06863,302.33,0.39,0.36,2021-08-18,955,N,VIIRS,n,2,283.13,1.12,N,0
40.36794,-121.11568,305.55,0.39,0.36,2021-08-18,955,N,VIIRS,n,2,283.11,1.51,N,0
40.36821,-121.38628,343.98,0.39,0.36,2021-08-18,955,N,VIIRS,n,2,302.84,14.53,N,0
40.36824,-121.40985,330.46,0.39,0.36,2021-08-18,955,N,VIIRS,n,2,319.16,33.53,N,0
40.36827,-121.43346,367,0.39,0.36,2021-08-18,955,N,VIIRS,h,2,326.19,19.65,N,0
40.3683,-121.4806,354.75,0.39,0.36,2021-08-18,955,N,VIIRS,n,2,306.54,8.59,N,0
40.3683,-121.45713,367,0.39,0.36,2021-08-18,955,N,VIIRS,h,2,336.43,53.92,N,0
40.36839,-121.50481,355.86,0.39,0.36,2021-08-18,955,N,VIIRS,n,2,299.08,9.65,N,0
40.36854,-121.0967,320.68,0.39,0.36,2021-08-18,955,N,VIIRS,n,2,283.81,4.08,N,0
40.36889,-121.39083,367,0.39,0.36,2021-08-18,955,N,VIIRS,h,2,317.43,14.53,N,0
40.36891,-121.4144,354.92,0.39,0.36,2021-08-18,955,N,VIIRS,n,2,329.18,41.13,N,0
40.36894,-121.43802,367,0.39,0.36,2021-08-18,955,N,VIIRS,h,2,311.41,19.65,N,0
40.36896,-121.46165,367,0.39,0.36,2021-08-18,955,N,VIIRS,h,2,314.25,24.96,N,0
40.36898,-121.48527,341.13,0.39,0.36,2021-08-18,955,N,VIIRS,n,2,297.6,8.59,N,0
40.369,-121.53256,296.21,0.39,0.36,2021-08-18,955,N,VIIRS,n,2,284.31,0.86,N,0
40.36905,-121.50932,321.11,0.39,0.36,2021-08-18,955,N,VIIRS,n,2,283.25,5.14,N,0
40.36916,-120.78281,296.79,0.39,0.36,2021-08-18,955,N,VIIRS,n,2,278.18,0.62,N,0
40.36922,-121.10125,336.48,0.39,0.36,2021-08-18,955,N,VIIRS,n,2,286.75,4.08,N,0
40.36954,-121.39537,367,0.39,0.36,2021-08-18,955,N,VIIRS,h,2,336.25,33.12,N,0
40.36958,-121.41896,367,0.39,0.36,2021-08-18,955,N,VIIRS,h,2,316.67,41.13,N,0
40.36961,-121.4426,354.01,0.39,0.36,2021-08-18,955,N,VIIRS,n,2,305.62,9.26,N,0
40.36962,-121.46614,367,0.39,0.36,2021-08-18,955,N,VIIRS,h,2,305.12,24.96,N,0
40.36967,-121.48998,354.18,0.39,0.36,2021-08-18,955,N,VIIRS,n,2,300.97,8.19,N,0
40.36969,-121.51376,312.49,0.39,0.36,2021-08-18,955,N,VIIRS,n,2,286.42,5.14,N,0
40.36984,-120.78729,303.1,0.39,0.36,2021-08-18,955,N,VIIRS,n,2,277.55,1.1,N,0
40.36989,-121.1058,315.19,0.39,0.36,2021-08-18,955,N,VIIRS,n,2,281.92,3.66,N,0
40.37013,-121.35269,313.9,0.39,0.36,2021-08-18,955,N,VIIRS,n,2,284.89,1.77,N,0
40.37022,-121.39992,349.99,0.39,0.36,2021-08-18,955,N,VIIRS,n,2,293.36,33.12,N,0
40.37025,-121.42348,367,0.39,0.36,2021-08-18,955,N,VIIRS,h,2,310.66,21.73,N,0
40.37028,-121.47065,367,0.39,0.36,2021-08-18,955,N,VIIRS,h,2,309.29,14.81,N,0
40.37028,-121.44718,354.76,0.39,0.36,2021-08-18,955,N,VIIRS,n,2,313.59,9.26,N,0
40.37035,-121.49468,354.3,0.39,0.36,2021-08-18,955,N,VIIRS,n,2,300.62,8.19,N,0
40.37057,-121.11032,334.42,0.39,0.36,2021-08-18,955,N,VIIRS,n,2,287.26,3.66,N,0
40.37089,-121.40448,340.68,0.39,0.36,2021-08-18,955,N,VIIRS,n,2,298.23,108.78,N,0
40.37091,-121.42803,367,0.39,0.36,2021-08-18,955,N,VIIRS,h,2,318.82,21.73,N,0
40.37094,-121.47519,355.16,0.39,0.36,2021-08-18,955,N,VIIRS,n,2,307.46,14.81,N,0
40.37094,-121.45174,367,0.39,0.36,2021-08-18,955,N,VIIRS,h,2,312.43,16.09,N,0
40.37103,-121.49933,349.6,0.39,0.36,2021-08-18,955,N,VIIRS,n,2,294.74,11.22,N,0
40.37152,-121.38544,318.85,0.39,0.36,2021-08-18,955,N,VIIRS,n,2,287.2,14.53,N,0
40.37155,-121.409,367,0.39,0.36,2021-08-18,955,N,VIIRS,h,2,372.65,108.78,N,0
40.37157,-121.43258,367,0.39,0.36,2021-08-18,955,N,VIIRS,h,2,325.54,19.65,N,0
40.37161,-121.47975,367,0.39,0.36,2021-08-18,955,N,VIIRS,h,2,308.48,8.59,N,0
40.37161,-121.4563,354.09,0.39,0.36,2021-08-18,955,N,VIIRS,n,2,307.8,16.09,N,0
40.3717,-121.50396,348.32,0.39,0.36,2021-08-18,955,N,VIIRS,n,2,291.45,11.22,N,0
40.37218,-121.38998,367,0.39,0.36,2021-08-18,955,N,VIIRS,h,2,315.49,14.53,N,0
40.37222,-121.41355,367,0.39,0.36,2021-08-18,955,N,VIIRS,h,2,320.8,26.81,N,0
40.37225,-121.43714,367,0.39,0.36,2021-08-18,955,N,VIIRS,h,2,315.41,19.65,N,0
40.37228,-121.48438,356.22,0.39,0.36,2021-08-18,955,N,VIIRS,n,2,308.45,8.59,N,0
40.37228,-121.4608,355.38,0.39,0.36,2021-08-18,955,N,VIIRS,n,2,301.99,8,N,0
40.37231,-121.53167,303.39,0.39,0.36,2021-08-18,955,N,VIIRS,n,2,284.98,0.86,N,0
40.37236,-121.50851,337.01,0.39,0.36,2021-08-18,955,N,VIIRS,n,2,289.91,4.01,N,0
40.37251,-121.10039,302.72,0.39,0.36,2021-08-18,955,N,VIIRS,n,2,283.97,2.21,N,0
40.37286,-121.39451,348.36,0.39,0.36,2021-08-18,955,N,VIIRS,n,2,325.07,33.12,N,0
40.37289,-121.4181,367,0.39,0.36,2021-08-18,955,N,VIIRS,h,2,319.52,26.81,N,0
40.37292,-121.44172,351.56,0.39,0.36,2021-08-18,955,N,VIIRS,n,2,303.11,9.26,N,0
40.37294,-121.46531,354.01,0.39,0.36,2021-08-18,955,N,VIIRS,n,2,305.88,8,N,0
40.37297,-121.48905,354.79,0.39,0.36,2021-08-18,955,N,VIIRS,n,2,304.61,8.19,N,0
40.37302,-121.51296,299.77,0.39,0.36,2021-08-18,955,N,VIIRS,n,2,286.19,4.01,N,0
40.37319,-121.10493,299.21,0.39,0.36,2021-08-18,955,N,VIIRS,n,2,280.21,1.1,N,0
40.37352,-121.39906,335.14,0.39,0.36,2021-08-18,955,N,VIIRS,n,2,286.11,33.12,N,0
40.37355,-121.42262,367,0.39,0.36,2021-08-18,955,N,VIIRS,h,2,309.79,13.49,N,0
40.37358,-121.44631,355.52,0.39,0.36,2021-08-18,955,N,VIIRS,n,2,307.78,9.26,N,0
40.3736,-121.46983,367,0.39,0.36,2021-08-18,955,N,VIIRS,h,2,311.84,7.99,N,0
40.37365,-121.49372,353.33,0.39,0.36,2021-08-18,955,N,VIIRS,n,2,299.28,8.19,N,0
40.37419,-121.40362,336.6,0.39,0.36,2021-08-18,955,N,VIIRS,n,2,336.54,108.78,N,0
40.37421,-121.42715,367,0.39,0.36,2021-08-18,955,N,VIIRS,h,2,312.06,13.49,N,0
40.37426,-121.47436,367,0.39,0.36,2021-08-18,955,N,VIIRS,h,2,312.34,7.99,N,0
40.37426,-121.45089,353.34,0.39,0.36,2021-08-18,955,N,VIIRS,n,2,302.73,16.09,N,0
40.37433,-121.49841,354.67,0.39,0.36,2021-08-18,955,N,VIIRS,n,2,299.57,11.22,N,0
40.37482,-121.38457,301.72,0.39,0.36,2021-08-18,955,N,VIIRS,n,2,284.52,8.84,N,0
40.37486,-121.40816,367,0.39,0.36,2021-08-18,955,N,VIIRS,h,2,364.51,108.78,N,0
40.37488,-121.43171,367,0.39,0.36,2021-08-18,955,N,VIIRS,h,2,317.22,16.66,N,0
40.37492,-121.4789,367,0.39,0.36,2021-08-18,955,N,VIIRS,h,2,314.78,7.47,N,0
40.37492,-121.45542,349.96,0.39,0.36,2021-08-18,955,N,VIIRS,n,2,305.88,16.09,N,0
40.37496,-121.52628,307.13,0.39,0.36,2021-08-18,955,N,VIIRS,n,2,286.1,1.11,N,0
40.37501,-121.50307,355.21,0.39,0.36,2021-08-18,955,N,VIIRS,n,2,304.15,11.22,N,0
40.37549,-121.3891,367,0.39,0.36,2021-08-18,955,N,VIIRS,h,2,313.91,8.84,N,0
40.37553,-121.4127,367,0.39,0.36,2021-08-18,955,N,VIIRS,h,2,327.96,26.81,N,0
40.37555,-121.43626,354.87,0.39,0.36,2021-08-18,955,N,VIIRS,n,2,311.61,16.66,N,0
40.37559,-121.45997,339.13,0.39,0.36,2021-08-18,955,N,VIIRS,n,2,288.83,8,N,0
40.3756,-121.48351,353.85,0.39,0.36,2021-08-18,955,N,VIIRS,n,2,311.36,7.47,N,0
40.37562,-121.53085,310.05,0.39,0.36,2021-08-18,955,N,VIIRS,n,2,285.07,1.11,N,0
40.37568,-121.50768,330.93,0.39,0.36,2021-08-18,955,N,VIIRS,n,2,287.53,4.01,N,0
40.37581,-121.09954,337.7,0.39,0.36,2021-08-18,955,N,VIIRS,n,2,287.77,2.21,N,0
40.37616,-121.39366,347.57,0.39,0.36,2021-08-18,955,N,VIIRS,n,2,301.01,8.3,N,0
40.37619,-121.41724,367,0.39,0.36,2021-08-18,955,N,VIIRS,h,2,316.31,26.81,N,0
40.37622,-121.44084,348.61,0.39,0.36,2021-08-18,955,N,VIIRS,n,2,301.25,7.02,N,0
40.37625,-121.46451,332.66,0.39,0.36,2021-08-18,955,N,VIIRS,n,2,294.68,8,N,0
40.37627,-121.48812,353.47,0.39,0.36,2021-08-18,955,N,VIIRS,n,2,307.21,6.04,N,0
40.37634,-121.51219,318.24,0.39,0.36,2021-08-18,955,N,VIIRS,n,2,287.58,4.01,N,0
40.37649,-121.10409,310.68,0.39,0.36,2021-08-18,955,N,VIIRS,n,2,281.64,1.1,N,0
40.37683,-121.3982,297.83,0.39,0.36,2021-08-18,955,N,VIIRS,n,2,283.2,8.3,N,0
40.37686,-121.42179,367,0.39,0.36,2021-08-18,955,N,VIIRS,h,2,307.72,13.49,N,0
40.3769,-121.44545,344.6,0.39,0.36,2021-08-18,955,N,VIIRS,n,2,301.69,7.02,N,0
40.37691,-121.46902,342,0.39,0.36,2021-08-18,955,N,VIIRS,n,2,298.02,7.99,N,0
40.37694,-121.49278,353.05,0.39,0.36,2021-08-18,955,N,VIIRS,n,2,308.5,6.04,N,0
40.3775,-121.40276,325.16,0.39,0.36,2021-08-18,955,N,VIIRS,n,2,312.39,54.75,N,0
40.37753,-121.4263,354.38,0.39,0.36,2021-08-18,955,N,VIIRS,n,2,306.69,13.49,N,0
40.37756,-121.45,354.29,0.39,0.36,2021-08-18,955,N,VIIRS,n,2,306.97,6.37,N,0
40.37757,-121.47353,337.93,0.39,0.36,2021-08-18,955,N,VIIRS,n,2,296.75,7.99,N,0
40.37762,-121.49744,341.26,0.39,0.36,2021-08-18,955,N,VIIRS,n,2,298.73,11.79,N,0
40.37817,-121.4073,367,0.39,0.36,2021-08-18,955,N,VIIRS,h,2,354.03,54.75,N,0
40.37819,-121.43083,354.72,0.39,0.36,2021-08-18,955,N,VIIRS,n,2,310.24,16.66,N,0
40.37823,-121.47808,333.65,0.39,0.36,2021-08-18,955,N,VIIRS,n,2,296.77,7.47,N,0
40.37823,-121.45456,346.74,0.39,0.36,2021-08-18,955,N,VIIRS,n,2,304.28,6.37,N,0
40.37828,-121.5255,306.59,0.39,0.36,2021-08-18,955,N,VIIRS,n,2,285.94,1.11,N,0
40.37831,-121.50217,353.67,0.39,0.36,2021-08-18,955,N,VIIRS,n,2,305.09,11.79,N,0
40.37851,-121.11767,308.47,0.39,0.36,2021-08-18,955,N,VIIRS,n,2,282.55,1.36,N,0
40.3788,-121.38824,346.51,0.39,0.36,2021-08-18,955,N,VIIRS,n,2,298.34,8.84,N,0
40.37883,-121.41184,367,0.39,0.36,2021-08-18,955,N,VIIRS,h,2,318.33,25.01,N,0
40.37886,-121.43538,367,0.39,0.36,2021-08-18,955,N,VIIRS,h,2,321.95,16.66,N,0
40.3789,-121.48264,329.2,0.39,0.36,2021-08-18,955,N,VIIRS,n,2,295.03,7.47,N,0
40.3789,-121.45914,349.86,0.39,0.36,2021-08-18,955,N,VIIRS,n,2,293.21,4.91,N,0
40.37899,-121.50681,310.21,0.39,0.36,2021-08-18,955,N,VIIRS,n,2,286.47,13.44,N,0
40.37947,-121.39279,306.35,0.39,0.36,2021-08-18,955,N,VIIRS,n,2,283.23,8.3,N,0
40.3795,-121.41638,367,0.39,0.36,2021-08-18,955,N,VIIRS,h,2,308.67,25.01,N,0
40.37952,-121.43997,352.15,0.39,0.36,2021-08-18,955,N,VIIRS,n,2,307.08,7.02,N,0
40.37957,-121.48722,334.31,0.39,0.36,2021-08-18,955,N,VIIRS,n,2,297.32,6.04,N,0
40.37957,-121.4637,345.18,0.39,0.36,2021-08-18,955,N,VIIRS,n,2,295.8,4.91,N,0
40.37978,-121.10323,298.58,0.39,0.36,2021-08-18,955,N,VIIRS,n,2,282.47,0.41,N,0
40.38017,-121.42093,352.2,0.39,0.36,2021-08-18,955,N,VIIRS,n,2,304.51,7.97,N,0
40.3802,-121.44457,339.34,0.39,0.36,2021-08-18,955,N,VIIRS,n,2,299.58,7.02,N,0
40.38023,-121.46821,340.19,0.39,0.36,2021-08-18,955,N,VIIRS,n,2,297.18,4.66,N,0
40.38025,-121.49185,327.46,0.39,0.36,2021-08-18,955,N,VIIRS,n,2,295.34,6.04,N,0
40.38081,-121.4019,333.14,0.39,0.36,2021-08-18,955,N,VIIRS,n,2,306.03,54.75,N,0
40.38083,-121.42546,347.58,0.39,0.36,2021-08-18,955,N,VIIRS,n,2,304.62,7.97,N,0
40.38087,-121.44913,342.74,0.39,0.36,2021-08-18,955,N,VIIRS,n,2,301.11,6.37,N,0
40.38089,-121.47272,325.06,0.39,0.36,2021-08-18,955,N,VIIRS,n,2,292.17,4.66,N,0
40.38093,-121.49651,310.89,0.39,0.36,2021-08-18,955,N,VIIRS,n,2,291.26,11.79,N,0
40.38144,-121.38286,301.8,0.39,0.36,2021-08-18,955,N,VIIRS,n,2,284.43,9.99,N,0
40.38147,-121.40643,367,0.39,0.36,2021-08-18,955,N,VIIRS,h,2,340.73,54.75,N,0
40.3815,-121.42999,367,0.39,0.36,2021-08-18,955,N,VIIRS,h,2,310.09,16.29,N,0
40.38154,-121.45369,338.47,0.39,0.36,2021-08-18,955,N,VIIRS,n,2,299.58,6.37,N,0
40.38155,-121.47726,325.09,0.39,0.36,2021-08-18,955,N,VIIRS,n,2,291.64,3.03,N,0
40.38162,-121.50124,338.18,0.39,0.36,2021-08-18,955,N,VIIRS,n,2,309.39,11.79,N,0
40.3821,-121.38739,353.11,0.39,0.36,2021-08-18,955,N,VIIRS,n,2,292.6,9.99,N,0
40.38214,-121.41097,352.95,0.39,0.36,2021-08-18,955,N,VIIRS,n,2,330.16,25.01,N,0
40.38216,-121.43453,367,0.39,0.36,2021-08-18,955,N,VIIRS,h,2,316.7,16.29,N,0
40.38221,-121.4818,307.24,0.39,0.36,2021-08-18,955,N,VIIRS,n,2,287.45,3.03,N,0
40.38221,-121.45829,333.13,0.39,0.36,2021-08-18,955,N,VIIRS,n,2,296.4,4.91,N,0
40.3823,-121.50594,334.34,0.39,0.36,2021-08-18,955,N,VIIRS,n,2,287.33,13.44,N,0
40.38277,-121.39193,296.07,0.39,0.36,2021-08-18,955,N,VIIRS,n,2,282.1,6.13,N,0
40.38281,-121.4155,367,0.39,0.36,2021-08-18,955,N,VIIRS,h,2,315.54,25.01,N,0
40.38284,-121.43913,355.71,0.39,0.36,2021-08-18,955,N,VIIRS,n,2,316.33,16.7,N,0
40.38288,-121.48637,313.3,0.39,0.36,2021-08-18,955,N,VIIRS,n,2,289.75,1.94,N,0
40.38288,-121.46285,336.82,0.39,0.36,2021-08-18,955,N,VIIRS,n,2,293.69,4.91,N,0
40.38347,-121.42007,353.15,0.39,0.36,2021-08-18,955,N,VIIRS,n,2,302.85,7.97,N,0
40.38351,-121.44371,341.28,0.39,0.36,2021-08-18,955,N,VIIRS,n,2,301.63,16.7,N,0
40.38354,-121.46738,350.03,0.39,0.36,2021-08-18,955,N,VIIRS,n,2,297.92,4.66,N,0
40.38356,-121.49098,314.74,0.39,0.36,2021-08-18,955,N,VIIRS,n,2,290,1.94,N,0
40.38411,-121.40101,342.06,0.39,0.36,2021-08-18,955,N,VIIRS,n,2,300.43,28.26,N,0
40.38414,-121.42461,351.06,0.39,0.36,2021-08-18,955,N,VIIRS,n,2,304.14,7.97,N,0
40.38418,-121.44828,349.5,0.39,0.36,2021-08-18,955,N,VIIRS,n,2,303.93,16.47,N,0
40.3842,-121.47192,330.49,0.39,0.36,2021-08-18,955,N,VIIRS,n,2,294.9,4.66,N,0
40.38424,-121.49562,325.07,0.39,0.36,2021-08-18,955,N,VIIRS,n,2,294.25,9.47,N,0
40.38477,-121.40556,346.47,0.39,0.36,2021-08-18,955,N,VIIRS,n,2,316.81,28.26,N,0
40.38481,-121.42915,367,0.39,0.36,2021-08-18,955,N,VIIRS,h,2,309.82,16.29,N,0
40.38485,-121.45283,355.61,0.39,0.36,2021-08-18,955,N,VIIRS,n,2,308.37,16.47,N,0
40.38486,-121.47643,341.91,0.39,0.36,2021-08-18,955,N,VIIRS,n,2,297.63,3.03,N,0
40.38492,-121.50032,350.33,0.39,0.36,2021-08-18,955,N,VIIRS,n,2,305.45,9.47,N,0
40.38503,-121.09244,306.09,0.39,0.36,2021-08-18,955,N,VIIRS,n,2,282.9,2.59,N,0
40.38541,-121.38654,353.24,0.39,0.36,2021-08-18,955,N,VIIRS,n,2,297.89,9.99,N,0
40.38544,-121.41008,352.32,0.39,0.36,2021-08-18,955,N,VIIRS,n,2,327.87,36.65,N,0
40.38548,-121.43372,356.58,0.39,0.36,2021-08-18,955,N,VIIRS,n,2,318.83,16.29,N,0
40.38552,-121.45741,350.45,0.39,0.36,2021-08-18,955,N,VIIRS,n,2,301.43,8.19,N,0
40.38553,-121.48098,330.51,0.39,0.36,2021-08-18,955,N,VIIRS,n,2,291.55,3.03,N,0
40.38561,-121.50504,356.7,0.39,0.36,2021-08-18,955,N,VIIRS,n,2,302.9,12.38,N,0
40.3857,-121.09697,347.17,0.39,0.36,2021-08-18,955,N,VIIRS,n,2,289.94,2.59,N,0
40.38611,-121.41463,367,0.39,0.36,2021-08-18,955,N,VIIRS,h,2,314.18,36.65,N,0
40.38615,-121.43828,354.45,0.39,0.36,2021-08-18,955,N,VIIRS,n,2,327.5,16.7,N,0
40.38619,-121.46201,342.55,0.39,0.36,2021-08-18,955,N,VIIRS,n,2,299.47,8.19,N,0
40.3862,-121.48554,318.42,0.39,0.36,2021-08-18,955,N,VIIRS,n,2,289.58,1.94,N,0
40.38629,-121.5097,329.18,0.39,0.36,2021-08-18,955,N,VIIRS,n,2,287.35,12.38,N,0
40.38678,-121.4192,353.43,0.39,0.36,2021-08-18,955,N,VIIRS,n,2,306.62,9.01,N,0
40.38682,-121.44286,346.68,0.39,0.36,2021-08-18,955,N,VIIRS,n,2,306.93,16.7,N,0
40.38685,-121.46655,351.19,0.39,0.36,2021-08-18,955,N,VIIRS,n,2,310.99,22.43,N,0
40.38687,-121.49014,321.43,0.39,0.36,2021-08-18,955,N,VIIRS,n,2,292.06,1.94,N,0
40.38695,-121.51424,330.13,0.39,0.36,2021-08-18,955,N,VIIRS,n,2,287.48,2.15,N,0
40.38731,-121.35291,304.08,0.39,0.36,2021-08-18,955,N,VIIRS,n,2,281.38,0.63,N,0
40.38741,-121.40014,330.29,0.39,0.36,2021-08-18,955,N,VIIRS,n,2,284.78,28.26,N,0
40.38744,-121.42374,344.31,0.39,0.36,2021-08-18,955,N,VIIRS,n,2,302.4,9.01,N,0
40.38749,-121.44743,354.08,0.39,0.36,2021-08-18,955,N,VIIRS,n,2,307.64,16.47,N,0
40.38752,-121.47109,367,0.39,0.36,2021-08-18,955,N,VIIRS,h,2,312.44,22.43,N,0
40.38754,-121.49474,353.17,0.39,0.36,2021-08-18,955,N,VIIRS,n,2,308.22,9.47,N,0
40.3876,-121.51865,304.72,0.39,0.36,2021-08-18,955,N,VIIRS,n,2,286.55,2.15,N,0
40.38808,-121.40467,342.57,0.39,0.36,2021-08-18,955,N,VIIRS,n,2,310.61,28.26,N,0
40.38811,-121.42829,335.43,0.39,0.36,2021-08-18,955,N,VIIRS,n,2,300.02,4.99,N,0
40.38816,-121.45198,355.17,0.39,0.36,2021-08-18,955,N,VIIRS,n,2,315.32,16.47,N,0
40.38818,-121.47561,367,0.39,0.36,2021-08-18,955,N,VIIRS,h,2,308.92,21.56,N,0
40.38823,-121.49945,367,0.39,0.36,2021-08-18,955,N,VIIRS,h,2,317.47,9.47,N,0
40.38832,-121.09159,328.18,0.39,0.36,2021-08-18,955,N,VIIRS,n,2,285.21,2.59,N,0
40.38871,-121.38568,316.25,0.39,0.36,2021-08-18,955,N,VIIRS,n,2,284.86,1.19,N,0
40.38874,-121.40921,350.3,0.39,0.36,2021-08-18,955,N,VIIRS,n,2,342.65,36.65,N,0
40.38878,-121.43285,348.76,0.39,0.36,2021-08-18,955,N,VIIRS,n,2,307.29,4.99,N,0
40.38882,-121.45656,353.41,0.39,0.36,2021-08-18,955,N,VIIRS,n,2,307.55,8.19,N,0
40.38884,-121.48015,353.2,0.39,0.36,2021-08-18,955,N,VIIRS,n,2,304.26,21.56,N,0
40.38892,-121.50415,355.43,0.39,0.36,2021-08-18,955,N,VIIRS,n,2,296.89,12.38,N,0
40.389,-121.09612,308.35,0.39,0.36,2021-08-18,955,N,VIIRS,n,2,281.6,2.59,N,0
40.38941,-121.41374,367,0.39,0.36,2021-08-18,955,N,VIIRS,h,2,315.4,36.65,N,0
40.38945,-121.43743,353.64,0.39,0.36,2021-08-18,955,N,VIIRS,n,2,325.03,12.73,N,0
40.3895,-121.46113,354.59,0.39,0.36,2021-08-18,955,N,VIIRS,n,2,305.54,8.19,N,0
40.38951,-121.4847,317.96,0.39,0.36,2021-08-18,955,N,VIIRS,n,2,291.13,2.96,N,0
40.3896,-121.50883,334.19,0.39,0.36,2021-08-18,955,N,VIIRS,n,2,291.13,12.38,N,0
40.39008,-121.4183,355.12,0.39,0.36,2021-08-18,955,N,VIIRS,n,2,307.58,9.01,N,0
40.39013,-121.44201,340.04,0.39,0.36,2021-08-18,955,N,VIIRS,n,2,304.38,12.73,N,0
40.39017,-121.46571,343.16,0.39,0.36,2021-08-18,955,N,VIIRS,n,2,303.85,22.43,N,0
40.39018,-121.48929,339.07,0.39,0.36,2021-08-18,955,N,VIIRS,n,2,297.41,2.96,N,0
40.39071,-121.39926,332.92,0.39,0.36,2021-08-18,955,N,VIIRS,n,2,288.84,6.91,N,0
40.39075,-121.42287,350.94,0.39,0.36,2021-08-18,955,N,VIIRS,n,2,304.76,9.01,N,0
40.3908,-121.44658,346.11,0.39,0.36,2021-08-18,955,N,VIIRS,n,2,303.25,6.67,N,0
40.39083,-121.47025,356.35,0.39,0.36,2021-08-18,955,N,VIIRS,n,2,305.17,22.43,N,0
40.39086,-121.4939,341.37,0.39,0.36,2021-08-18,955,N,VIIRS,n,2,300.56,4.35,N,0
40.39094,-121.0862,309.12,0.39,0.36,2021-08-18,955,N,VIIRS,n,2,282.85,1.42,N,0
40.39138,-121.4038,350.69,0.39,0.36,2021-08-18,955,N,VIIRS,n,2,303.41,6.91,N,0
40.39142,-121.42741,327.26,0.39,0.36,2021-08-18,955,N,VIIRS,n,2,297.62,4.99,N,0
40.39146,-121.45113,367,0.39,0.36,2021-08-18,955,N,VIIRS,h,2,310.77,6.67,N,0
40.39149,-121.47478,353.57,0.39,0.36,2021-08-18,955,N,VIIRS,n,2,306.63,21.56,N,0
40.39154,-121.49859,327.36,0.39,0.36,2021-08-18,955,N,VIIRS,n,2,297.6,4.35,N,0
40.39161,-121.09073,341.13,0.39,0.36,2021-08-18,955,N,VIIRS,n,2,289.37,2.86,N,0
40.39201,-121.38478,295.33,0.39,0.36,2021-08-18,955,N,VIIRS,n,2,282.15,1.19,N,0
40.39204,-121.40832,350.72,0.39,0.36,2021-08-18,955,N,VIIRS,n,2,326.92,29.06,N,0
40.39209,-121.43199,334.56,0.39,0.36,2021-08-18,955,N,VIIRS,n,2,299.34,4.99,N,0
40.39213,-121.45568,353.4,0.39,0.36,2021-08-18,955,N,VIIRS,n,2,303.74,6.31,N,0
40.39215,-121.47932,367,0.39,0.36,2021-08-18,955,N,VIIRS,h,2,301.06,21.56,N,0
40.39223,-121.50331,339.73,0.39,0.36,2021-08-18,955,N,VIIRS,n,2,299.17,5.15,N,0
40.39229,-121.09525,308.41,0.39,0.36,2021-08-18,955,N,VIIRS,n,2,282.04,2.86,N,0
40.39268,-121.38932,337.73,0.39,0.36,2021-08-18,955,N,VIIRS,n,2,285.77,4.34,N,0
40.39271,-121.41286,354.2,0.39,0.36,2021-08-18,955,N,VIIRS,n,2,317.49,29.06,N,0
40.39276,-121.43657,335.95,0.39,0.36,2021-08-18,955,N,VIIRS,n,2,300.1,12.73,N,0
40.3928,-121.46027,355.51,0.39,0.36,2021-08-18,955,N,VIIRS,n,2,307.59,6.31,N,0
40.39282,-121.48386,315.2,0.39,0.36,2021-08-18,955,N,VIIRS,n,2,289.87,2.96,N,0
40.39291,-121.50799,318.11,0.39,0.36,2021-08-18,955,N,VIIRS,n,2,287.38,5.15,N,0
40.39335,-121.39385,335.75,0.39,0.36,2021-08-18,955,N,VIIRS,n,2,284.54,4.34,N,0
40.39338,-121.41742,348.94,0.39,0.36,2021-08-18,955,N,VIIRS,n,2,305.08,6.76,N,0
40.39344,-121.44115,332.89,0.39,0.36,2021-08-18,955,N,VIIRS,n,2,301.54,12.73,N,0
40.39347,-121.46484,356.85,0.39,0.36,2021-08-18,955,N,VIIRS,n,2,299.79,5.68,N,0
40.39349,-121.48843,326.3,0.39,0.36,2021-08-18,955,N,VIIRS,n,2,292.73,2.96,N,0
40.39402,-121.39839,298.26,0.39,0.36,2021-08-18,955,N,VIIRS,n,2,282.46,6.91,N,0
40.39405,-121.42198,342.59,0.39,0.36,2021-08-18,955,N,VIIRS,n,2,301.34,6.76,N,0
40.3941,-121.44572,340.12,0.39,0.36,2021-08-18,955,N,VIIRS,n,2,299.85,6.67,N,0
40.39414,-121.46938,331.07,0.39,0.36,2021-08-18,955,N,VIIRS,n,2,286.75,5.68,N,0
40.39468,-121.40291,317.22,0.39,0.36,2021-08-18,955,N,VIIRS,n,2,283.6,6.91,N,0
40.39472,-121.42654,337.89,0.39,0.36,2021-08-18,955,N,VIIRS,n,2,299.82,4.24,N,0
40.39478,-121.45027,315.88,0.39,0.36,2021-08-18,955,N,VIIRS,n,2,290.97,6.67,N,0
40.39481,-121.47393,367,0.39,0.36,2021-08-18,955,N,VIIRS,h,2,305.04,9.6,N,0
40.39534,-121.40743,355.9,0.39,0.36,2021-08-18,955,N,VIIRS,n,2,313.77,29.06,N,0
40.39539,-121.43111,333.52,0.39,0.36,2021-08-18,955,N,VIIRS,n,2,299.84,4.24,N,0
40.39544,-121.45482,321.17,0.39,0.36,2021-08-18,955,N,VIIRS,n,2,291.74,6.31,N,0
40.39547,-121.47847,351.39,0.39,0.36,2021-08-18,955,N,VIIRS,n,2,295.78,9.6,N,0
40.39598,-121.38843,348.89,0.39,0.36,2021-08-18,955,N,VIIRS,n,2,297.18,7.99,N,0
40.39601,-121.41196,367,0.39,0.36,2021-08-18,955,N,VIIRS,h,2,320.82,29.06,N,0
40.39607,-121.43571,335.33,0.39,0.36,2021-08-18,955,N,VIIRS,n,2,298.71,3.39,N,0
40.39611,-121.45941,338.19,0.39,0.36,2021-08-18,955,N,VIIRS,n,2,295.22,6.31,N,0
40.39622,-121.50714,319.79,0.39,0.36,2021-08-18,955,N,VIIRS,n,2,285.93,5.15,N,0
40.39665,-121.39298,349.83,0.39,0.36,2021-08-18,955,N,VIIRS,n,2,293,7.99,N,0
40.39668,-121.41653,355.52,0.39,0.36,2021-08-18,955,N,VIIRS,n,2,303.22,6.76,N,0
40.39674,-121.4403,329.61,0.39,0.36,2021-08-18,955,N,VIIRS,n,2,296.78,3.39,N,0
40.39678,-121.46396,328.01,0.39,0.36,2021-08-18,955,N,VIIRS,n,2,291.48,5.68,N,0
40.39732,-121.39751,296.85,0.39,0.36,2021-08-18,955,N,VIIRS,n,2,281.69,3.06,N,0
40.39735,-121.42109,337.52,0.39,0.36,2021-08-18,955,N,VIIRS,n,2,300.54,6.76,N,0
40.39741,-121.44486,322.72,0.39,0.36,2021-08-18,955,N,VIIRS,n,2,292.55,2.42,N,0
40.39745,-121.46854,319.65,0.39,0.36,2021-08-18,955,N,VIIRS,n,2,289.05,5.68,N,0
40.39798,-121.40204,336.39,0.39,0.36,2021-08-18,955,N,VIIRS,n,2,287.53,3.06,N,0
40.39803,-121.42565,341.88,0.39,0.36,2021-08-18,955,N,VIIRS,n,2,299.96,4.24,N,0
40.39808,-121.44941,320.51,0.39,0.36,2021-08-18,955,N,VIIRS,n,2,292.09,2.42,N,0
40.39811,-121.47307,314.57,0.39,0.36,2021-08-18,955,N,VIIRS,n,2,287.96,9.6,N,0
40.39865,-121.40656,367,0.39,0.36,2021-08-18,955,N,VIIRS,h,2,301.79,23.54,N,0
40.3987,-121.43024,321.6,0.39,0.36,2021-08-18,955,N,VIIRS,n,2,294.82,4.24,N,0
40.39875,-121.45396,318.4,0.39,0.36,2021-08-18,955,N,VIIRS,n,2,290.98,2.42,N,0
40.39878,-121.47761,327.98,0.39,0.36,2021-08-18,955,N,VIIRS,n,2,289.37,9.6,N,0
40.39931,-121.41106,367,0.39,0.36,2021-08-18,955,N,VIIRS,h,2,317.05,23.54,N,0
40.39938,-121.43484,322.9,0.39,0.36,2021-08-18,955,N,VIIRS,n,2,295.48,3.39,N,0
40.39941,-121.45852,335.82,0.39,0.36,2021-08-18,955,N,VIIRS,n,2,293.89,2.42,N,0
40.39996,-121.39212,308.21,0.39,0.36,2021-08-18,955,N,VIIRS,n,2,284.1,7.99,N,0
40.39998,-121.41561,356.01,0.39,0.36,2021-08-18,955,N,VIIRS,n,2,311.1,19.02,N,0
40.40005,-121.43944,328.97,0.39,0.36,2021-08-18,955,N,VIIRS,n,2,297.62,3.39,N,0
40.40009,-121.46308,323.59,0.39,0.36,2021-08-18,955,N,VIIRS,n,2,289.39,2.38,N,0
40.40015,-121.0791,296.77,0.39,0.36,2021-08-18,955,N,VIIRS,n,2,281.32,1.15,N,0
40.40065,-121.42019,343.29,0.39,0.36,2021-08-18,955,N,VIIRS,n,2,299.89,19.02,N,0
40.40072,-121.444,326.42,0.39,0.36,2021-08-18,955,N,VIIRS,n,2,293.4,2.42,N,0
40.40075,-121.46764,321.99,0.39,0.36,2021-08-18,955,N,VIIRS,n,2,289.24,2.38,N,0
40.40083,-121.08361,310.2,0.39,0.36,2021-08-18,955,N,VIIRS,n,2,284.43,1.15,N,0
40.40129,-121.40116,325.97,0.39,0.36,2021-08-18,955,N,VIIRS,n,2,287,3.06,N,0
40.40133,-121.42477,339.83,0.39,0.36,2021-08-18,955,N,VIIRS,n,2,299.18,4.83,N,0
40.40139,-121.44854,317.12,0.39,0.36,2021-08-18,955,N,VIIRS,n,2,289.61,2.42,N,0
40.40142,-121.4722,315.87,0.39,0.36,2021-08-18,955,N,VIIRS,n,2,286.87,2.62,N,0
40.40195,-121.40567,350.83,0.39,0.36,2021-08-18,955,N,VIIRS,n,2,293.32,23.54,N,0
40.402,-121.42937,351.91,0.39,0.36,2021-08-18,955,N,VIIRS,n,2,304.54,4.83,N,0
40.40205,-121.4531,316.46,0.39,0.36,2021-08-18,955,N,VIIRS,n,2,290.51,2.42,N,0
40.40261,-121.41016,349.08,0.39,0.36,2021-08-18,955,N,VIIRS,n,2,323.75,23.54,N,0
40.40268,-121.434,333.9,0.39,0.36,2021-08-18,955,N,VIIRS,n,2,300.72,3.76,N,0
40.40272,-121.45765,319.09,0.39,0.36,2021-08-18,955,N,VIIRS,n,2,289.92,2.42,N,0
40.40277,-121.07371,296.18,0.39,0.36,2021-08-18,955,N,VIIRS,n,2,281.77,0.85,N,0
40.40327,-121.4147,354.58,0.39,0.36,2021-08-18,955,N,VIIRS,n,2,323.9,19.02,N,0
40.40336,-121.43859,323.4,0.39,0.36,2021-08-18,955,N,VIIRS,n,2,294.09,3.76,N,0
40.40339,-121.46221,326.65,0.39,0.36,2021-08-18,955,N,VIIRS,n,2,289.99,2.38,N,0
40.40345,-121.07823,308.25,0.39,0.36,2021-08-18,955,N,VIIRS,n,2,283.36,0.73,N,0
40.40395,-121.41929,353.17,0.39,0.36,2021-08-18,955,N,VIIRS,n,2,303.95,19.02,N,0
40.40403,-121.44314,327.03,0.39,0.36,2021-08-18,955,N,VIIRS,n,2,291.79,3.1,N,0
40.40405,-121.31382,309.47,0.39,0.36,2021-08-18,955,N,VIIRS,n,2,281.96,1.33,N,0
40.40406,-121.46677,317.94,0.39,0.36,2021-08-18,955,N,VIIRS,n,2,289.08,2.38,N,0
40.40412,-121.08276,296.23,0.39,0.36,2021-08-18,955,N,VIIRS,n,2,281.1,0.73,N,0
40.40459,-121.4003,297.36,0.39,0.36,2021-08-18,955,N,VIIRS,n,2,281.48,1.39,N,0
40.40462,-121.42388,335.02,0.39,0.36,2021-08-18,955,N,VIIRS,n,2,296.41,4.83,N,0
40.40469,-121.44769,322.42,0.39,0.36,2021-08-18,955,N,VIIRS,n,2,291.36,3.1,N,0
40.40471,-121.06375,298.37,0.39,0.36,2021-08-18,955,N,VIIRS,n,2,279.82,0.81,N,0
40.40525,-121.40479,347.78,0.39,0.36,2021-08-18,955,N,VIIRS,n,2,285.61,14.38,N,0
40.4053,-121.4285,328.66,0.39,0.36,2021-08-18,955,N,VIIRS,n,2,297.85,4.83,N,0
40.40536,-121.45224,313.76,0.39,0.36,2021-08-18,955,N,VIIRS,n,2,287.4,2.43,N,0
40.40538,-121.06831,297.3,0.39,0.36,2021-08-18,955,N,VIIRS,n,2,280.6,0.85,N,0
40.40591,-121.40929,347.77,0.39,0.36,2021-08-18,955,N,VIIRS,n,2,308.41,14.38,N,0
40.40599,-121.43313,333.33,0.39,0.36,2021-08-18,955,N,VIIRS,n,2,298.83,3.76,N,0
40.40603,-121.45677,316.3,0.39,0.36,2021-08-18,955,N,VIIRS,n,2,288.72,2.43,N,0
40.40606,-121.07285,312.09,0.39,0.36,2021-08-18,955,N,VIIRS,n,2,282.86,0.85,N,0
40.40657,-121.4138,353.63,0.39,0.36,2021-08-18,955,N,VIIRS,n,2,323.15,33.72,N,0
40.40666,-121.43771,332.6,0.39,0.36,2021-08-18,955,N,VIIRS,n,2,299.35,3.76,N,0
40.40669,-121.46133,324.22,0.39,0.36,2021-08-18,955,N,VIIRS,n,2,289.72,2.23,N,0
40.40674,-121.07738,298.76,0.39,0.36,2021-08-18,955,N,VIIRS,n,2,280.09,0.73,N,0
40.40725,-121.41839,356.19,0.39,0.36,2021-08-18,955,N,VIIRS,n,2,311.74,33.72,N,0
40.40733,-121.44229,334.26,0.39,0.36,2021-08-18,955,N,VIIRS,n,2,291.48,3.1,N,0
40.40741,-121.08189,296.42,0.39,0.36,2021-08-18,955,N,VIIRS,n,2,280.16,0.73,N,0
40.40792,-121.42298,344.93,0.39,0.36,2021-08-18,955,N,VIIRS,n,2,296.04,10.18,N,0
40.408,-121.44685,331.39,0.39,0.36,2021-08-18,955,N,VIIRS,n,2,291.65,3.1,N,0
40.40855,-121.40394,346,0.39,0.36,2021-08-18,955,N,VIIRS,n,2,290.18,14.38,N,0
40.4086,-121.42761,325.55,0.39,0.36,2021-08-18,955,N,VIIRS,n,2,294.42,10.18,N,0
40.40867,-121.45139,327.02,0.39,0.36,2021-08-18,955,N,VIIRS,n,2,292.17,2.43,N,0
40.40921,-121.40842,331,0.39,0.36,2021-08-18,955,N,VIIRS,n,2,295.8,14.38,N,0
40.40929,-121.43224,322.04,0.39,0.36,2021-08-18,955,N,VIIRS,n,2,290.7,2.19,N,0
40.40934,-121.45594,335.29,0.39,0.36,2021-08-18,955,N,VIIRS,n,2,293.18,2.43,N,0
40.40936,-121.072,300.08,0.39,0.36,2021-08-18,955,N,VIIRS,n,2,279.97,0.86,N,0
40.40987,-121.41291,354.48,0.39,0.36,2021-08-18,955,N,VIIRS,n,2,319.49,33.72,N,0
40.40997,-121.43684,325.9,0.39,0.36,2021-08-18,955,N,VIIRS,n,2,292.19,2.19,N,0
40.41,-121.46047,304.93,0.39,0.36,2021-08-18,955,N,VIIRS,n,2,283.48,2.23,N,0
40.41005,-121.40156,297.8,0.39,0.36,2021-08-18,955,N,VIIRS,n,2,278.58,0.59,N,0
40.41054,-121.41749,356.01,0.39,0.36,2021-08-18,955,N,VIIRS,n,2,312.17,33.72,N,0
40.41064,-121.44144,328.83,0.39,0.36,2021-08-18,955,N,VIIRS,n,2,291.02,3.39,N,0
40.41071,-121.40604,328.63,0.39,0.36,2021-08-18,955,N,VIIRS,n,2,283.65,17.15,N,0
40.41122,-121.42209,355.03,0.39,0.36,2021-08-18,955,N,VIIRS,n,2,306.61,10.18,N,0
40.41132,-121.44602,341.74,0.39,0.36,2021-08-18,955,N,VIIRS,n,2,293.96,3.39,N,0
40.41137,-121.41051,344.6,0.39,0.36,2021-08-18,955,N,VIIRS,n,2,320.63,17.15,N,0
40.41191,-121.42672,325.68,0.39,0.36,2021-08-18,955,N,VIIRS,n,2,290.31,10.18,N,0
40.41198,-121.45055,331.81,0.39,0.36,2021-08-18,955,N,VIIRS,n,2,291.49,2.1,N,0
40.41203,-121.41502,367,0.39,0.36,2021-08-18,955,N,VIIRS,h,2,307.99,23.26,N,0
40.41259,-121.43135,318.7,0.39,0.36,2021-08-18,955,N,VIIRS,n,2,287.92,2.19,N,0
40.41264,-121.45508,305.86,0.39,0.36,2021-08-18,955,N,VIIRS,n,2,283.8,2.1,N,0
40.4127,-121.41965,355.89,0.39,0.36,2021-08-18,955,N,VIIRS,n,2,311.03,23.26,N,0
40.41327,-121.43595,320.08,0.39,0.36,2021-08-18,955,N,VIIRS,n,2,287.22,2.19,N,0
40.41337,-121.42428,353.33,0.39,0.36,2021-08-18,955,N,VIIRS,n,2,297.92,6.6,N,0
40.41394,-121.44057,325.3,0.39,0.36,2021-08-18,955,N,VIIRS,n,2,289.85,3.39,N,0
40.41404,-121.42891,317.95,0.39,0.36,2021-08-18,955,N,VIIRS,n,2,288.76,6.6,N,0
40.41462,-121.44514,330.58,0.39,0.36,2021-08-18,955,N,VIIRS,n,2,292.69,3.39,N,0
40.41468,-121.40966,334.84,0.39,0.36,2021-08-18,955,N,VIIRS,n,2,286.66,17.15,N,0
40.41471,-121.43353,318.71,0.39,0.36,2021-08-18,955,N,VIIRS,n,2,286.09,1.83,N,0
40.41528,-121.44968,305.37,0.39,0.36,2021-08-18,955,N,VIIRS,n,2,283.91,2.1,N,0
40.41534,-121.41418,367,0.39,0.36,2021-08-18,955,N,VIIRS,h,2,304.48,23.26,N,0
40.41538,-121.43814,315.76,0.39,0.36,2021-08-18,955,N,VIIRS,n,2,284.67,1.83,N,0
40.41601,-121.41879,367,0.39,0.36,2021-08-18,955,N,VIIRS,h,2,300.24,23.26,N,0
40.41604,-121.44272,329.6,0.39,0.36,2021-08-18,955,N,VIIRS,n,2,289.91,2.62,N,0
40.41668,-121.42342,344.56,0.39,0.36,2021-08-18,955,N,VIIRS,n,2,293.53,6.6,N,0
40.41735,-121.42805,319.9,0.39,0.36,2021-08-18,955,N,VIIRS,n,2,287.98,6.6,N,0
40.41737,-121.45181,310.15,0.39,0.36,2021-08-18,955,N,VIIRS,n,2,284.18,2.19,N,0
40.41802,-121.43265,321.1,0.39,0.36,2021-08-18,955,N,VIIRS,n,2,285.74,1.83,N,0
40.41865,-121.41336,329.94,0.39,0.36,2021-08-18,955,N,VIIRS,n,2,290.04,14.1,N,0
40.41868,-121.43726,317.44,0.39,0.36,2021-08-18,955,N,VIIRS,n,2,284.39,1.83,N,0
40.41932,-121.41794,367,0.39,0.36,2021-08-18,955,N,VIIRS,h,2,298.89,14.1,N,0
40.41935,-121.44183,331.7,0.39,0.36,2021-08-18,955,N,VIIRS,n,2,288.43,2.62,N,0
40.41938,-121.1162,299.31,0.39,0.36,2021-08-18,955,N,VIIRS,n,2,278.19,0.58,N,0
40.41998,-121.42255,347.26,0.39,0.36,2021-08-18,955,N,VIIRS,n,2,292.28,3.82,N,0
40.42001,-121.4464,307.1,0.39,0.36,2021-08-18,955,N,VIIRS,n,2,283.03,2.62,N,0
40.42006,-121.12076,303.72,0.39,0.36,2021-08-18,955,N,VIIRS,n,2,278.21,0.91,N,0
40.42066,-121.42719,319.46,0.39,0.36,2021-08-18,955,N,VIIRS,n,2,284.47,3.82,N,0
40.42075,-121.12534,300.34,0.39,0.36,2021-08-18,955,N,VIIRS,n,2,279.36,0.91,N,0
40.42133,-121.4318,327.24,0.39,0.36,2021-08-18,955,N,VIIRS,n,2,285.33,2.77,N,0
40.42199,-121.43638,326.49,0.39,0.36,2021-08-18,955,N,VIIRS,n,2,286.05,2.77,N,0
40.42263,-121.41714,353.63,0.39,0.36,2021-08-18,955,N,VIIRS,n,2,293.61,14.1,N,0
40.42266,-121.44094,334.66,0.39,0.36,2021-08-18,955,N,VIIRS,n,2,290.22,3.1,N,0
40.42268,-121.11533,313.33,0.39,0.36,2021-08-18,955,N,VIIRS,n,2,278.61,1.05,N,0
40.4233,-121.42175,336.05,0.39,0.36,2021-08-18,955,N,VIIRS,n,2,288.12,3.82,N,0
40.42332,-121.44553,331.1,0.39,0.36,2021-08-18,955,N,VIIRS,n,2,287.15,3.1,N,0
40.42397,-121.42638,314.44,0.39,0.36,2021-08-18,955,N,VIIRS,n,2,282.71,3.82,N,0
40.42464,-121.43097,333.56,0.39,0.36,2021-08-18,955,N,VIIRS,n,2,286.81,2.77,N,0
40.4253,-121.4355,321.77,0.39,0.36,2021-08-18,955,N,VIIRS,n,2,285.61,2.77,N,0
40.4253,-121.10998,297.76,0.39,0.36,2021-08-18,955,N,VIIRS,n,2,277.88,1.05,N,0
40.42595,-121.4164,343.43,0.39,0.36,2021-08-18,955,N,VIIRS,n,2,290.75,2.68,N,0
40.42597,-121.44008,325.22,0.39,0.36,2021-08-18,955,N,VIIRS,n,2,286.76,3.1,N,0
40.42662,-121.42098,317.43,0.39,0.36,2021-08-18,955,N,VIIRS,n,2,285.27,1.74,N,0
40.42663,-121.44466,325.23,0.39,0.36,2021-08-18,955,N,VIIRS,n,2,286.68,3.1,N,0
40.42725,-121.10016,312.47,0.39,0.36,2021-08-18,955,N,VIIRS,n,2,278.29,1.03,N,0
40.42728,-121.42558,317.16,0.39,0.36,2021-08-18,955,N,VIIRS,n,2,285.08,1.74,N,0
40.42795,-121.43015,327.26,0.39,0.36,2021-08-18,955,N,VIIRS,n,2,286.81,2.42,N,0
40.42846,-121.31638,312.65,0.39,0.36,2021-08-18,955,N,VIIRS,n,2,280.76,1.99,N,0
40.4286,-121.41109,312.47,0.39,0.36,2021-08-18,955,N,VIIRS,n,2,282.63,2.68,N,0
40.42861,-121.43465,320.67,0.39,0.36,2021-08-18,955,N,VIIRS,n,2,284.3,2.42,N,0
40.42927,-121.43922,309.46,0.39,0.36,2021-08-18,955,N,VIIRS,n,2,284.01,2,N,0
40.42927,-121.41566,306.39,0.39,0.36,2021-08-18,955,N,VIIRS,n,2,283.53,2.68,N,0
40.43056,-121.09933,297.57,0.39,0.36,2021-08-18,955,N,VIIRS,n,2,278.6,1.03,N,0
40.4306,-121.4248,311.39,0.39,0.36,2021-08-18,955,N,VIIRS,n,2,284.15,1.74,N,0
40.43123,-121.10386,295.7,0.39,0.36,2021-08-18,955,N,VIIRS,n,2,277.66,1.03,N,0
40.43127,-121.42937,320.69,0.39,0.36,2021-08-18,955,N,VIIRS,n,2,285.39,2.42,N,0
40.43176,-121.31547,306.73,0.39,0.36,2021-08-18,955,N,VIIRS,n,2,279.75,0.94,N,0
40.4319,-121.10835,329.23,0.39,0.36,2021-08-18,955,N,VIIRS,n,2,279.41,3.16,N,0
40.43193,-121.48112,303.04,0.39,0.36,2021-08-18,955,N,VIIRS,n,2,281.13,1.69,N,0
40.43193,-121.43388,326.27,0.39,0.36,2021-08-18,955,N,VIIRS,n,2,285.77,2.42,N,0
40.43245,-121.32015,296.03,0.39,0.36,2021-08-18,955,N,VIIRS,n,2,279.1,0.94,N,0
40.43259,-121.48565,308.77,0.39,0.36,2021-08-18,955,N,VIIRS,n,2,281.81,1.5,N,0
40.43259,-121.4384,326.05,0.39,0.36,2021-08-18,955,N,VIIRS,n,2,284.88,2,N,0
40.43325,-121.44295,310.38,0.39,0.36,2021-08-18,955,N,VIIRS,n,2,280.73,2,N,0
40.4337,-121.30536,330.04,0.39,0.36,2021-08-18,955,N,VIIRS,n,2,279.93,3.76,N,0
40.43393,-121.42406,309.84,0.39,0.36,2021-08-18,955,N,VIIRS,n,2,285.02,1.19,N,0
40.43438,-121.30997,307.82,0.39,0.36,2021-08-18,955,N,VIIRS,n,2,277.6,3.76,N,0
40.43458,-121.47572,303.93,0.39,0.36,2021-08-18,955,N,VIIRS,n,2,281.94,1.24,N,0
40.43459,-121.4286,311.85,0.39,0.36,2021-08-18,955,N,VIIRS,n,2,284.48,1.91,N,0
40.43506,-121.31461,318.24,0.39,0.36,2021-08-18,955,N,VIIRS,n,2,280.05,0.94,N,0
40.43525,-121.48029,308.57,0.39,0.36,2021-08-18,955,N,VIIRS,n,2,282.48,1.24,N,0
40.43525,-121.4331,306.66,0.39,0.36,2021-08-18,955,N,VIIRS,n,2,282.48,1.91,N,0
40.43574,-121.31927,296.35,0.39,0.36,2021-08-18,955,N,VIIRS,n,2,278.69,0.94,N,0
40.4359,-121.43761,322.53,0.39,0.36,2021-08-18,955,N,VIIRS,n,2,285.54,3.15,N,0
40.43591,-121.48485,311.59,0.39,0.36,2021-08-18,955,N,VIIRS,n,2,282.34,2.93,N,0
40.43657,-121.44213,335.57,0.39,0.36,2021-08-18,955,N,VIIRS,n,2,287.51,3.15,N,0
40.43658,-121.41879,304.06,0.39,0.36,2021-08-18,955,N,VIIRS,n,2,282.68,1.19,N,0
40.43701,-121.30453,304.62,0.39,0.36,2021-08-18,955,N,VIIRS,n,2,278.59,0.93,N,0
40.43722,-121.44665,331.04,0.39,0.36,2021-08-18,955,N,VIIRS,n,2,287.6,3.16,N,0
40.43725,-121.42332,314.17,0.39,0.36,2021-08-18,955,N,VIIRS,n,2,284.74,1.19,N,0
40.43769,-121.30914,302.63,0.39,0.36,2021-08-18,955,N,VIIRS,n,2,278.38,0.93,N,0
40.43788,-121.45115,310.2,0.39,0.36,2021-08-18,955,N,VIIRS,n,2,281.24,3.16,N,0
40.43789,-121.38075,312.99,0.39,0.36,2021-08-18,955,N,VIIRS,n,2,283.78,1.31,N,0
40.4379,-121.42784,325.27,0.39,0.36,2021-08-18,955,N,VIIRS,n,2,286.09,1.91,N,0
40.43855,-121.38529,303.86,0.39,0.36,2021-08-18,955,N,VIIRS,n,2,283.25,1.31,N,0
40.43856,-121.43232,321.48,0.39,0.36,2021-08-18,955,N,VIIRS,n,2,287.29,1.91,N,0
40.43857,-121.4089,308.07,0.39,0.36,2021-08-18,955,N,VIIRS,n,2,284.39,1.28,N,0
40.43922,-121.43681,323.82,0.39,0.36,2021-08-18,955,N,VIIRS,n,2,289,3.15,N,0
40.43924,-121.41344,307,0.39,0.36,2021-08-18,955,N,VIIRS,n,2,284.35,1.28,N,0
40.43988,-121.44131,339.37,0.39,0.36,2021-08-18,955,N,VIIRS,n,2,292.13,3.15,N,0
40.4399,-121.41798,317.04,0.39,0.36,2021-08-18,955,N,VIIRS,n,2,286.7,1.74,N,0
40.44054,-121.44582,339.26,0.39,0.36,2021-08-18,955,N,VIIRS,n,2,290.52,3.16,N,0
40.44056,-121.42252,323.99,0.39,0.36,2021-08-18,955,N,VIIRS,n,2,290.01,1.74,N,0
40.44119,-121.37988,302.1,0.39,0.36,2021-08-18,955,N,VIIRS,n,2,282.59,0.66,N,0
40.4412,-121.45033,323.25,0.39,0.36,2021-08-18,955,N,VIIRS,n,2,285.77,3.16,N,0
40.44122,-121.42701,345.02,0.39,0.36,2021-08-18,955,N,VIIRS,n,2,295.32,3.15,N,0
40.44185,-121.45482,332.25,0.39,0.36,2021-08-18,955,N,VIIRS,n,2,285.12,5.4,N,0
40.44188,-121.4315,330.84,0.39,0.36,2021-08-18,955,N,VIIRS,n,2,290.81,3.15,N,0
40.44188,-121.40805,308.07,0.39,0.36,2021-08-18,955,N,VIIRS,n,2,283.83,1.28,N,0
40.44253,-121.48312,308.69,0.39,0.36,2021-08-18,955,N,VIIRS,n,2,281.52,2.83,N,0
40.44254,-121.436,326.97,0.39,0.36,2021-08-18,955,N,VIIRS,n,2,290.47,2.72,N,0
40.44317,-121.46384,307.29,0.39,0.36,2021-08-18,955,N,VIIRS,n,2,281.58,2.34,N,0
40.44319,-121.44051,339.77,0.39,0.36,2021-08-18,955,N,VIIRS,n,2,293.82,2.72,N,0
40.44321,-121.41713,309.54,0.39,0.36,2021-08-18,955,N,VIIRS,n,2,286.77,1.74,N,0
40.44385,-121.44501,348.5,0.39,0.36,2021-08-18,955,N,VIIRS,n,2,297.6,6.1,N,0
40.44387,-121.42167,308.95,0.39,0.36,2021-08-18,955,N,VIIRS,n,2,286.94,1.74,N,0
40.44451,-121.44951,337.28,0.39,0.36,2021-08-18,955,N,VIIRS,n,2,289.68,6.1,N,0
40.44453,-121.42616,319.81,0.39,0.36,2021-08-18,955,N,VIIRS,n,2,288.17,3.15,N,0
40.44517,-121.45402,347.02,0.39,0.36,2021-08-18,955,N,VIIRS,n,2,289.72,7.56,N,0
40.44519,-121.43066,312.12,0.39,0.36,2021-08-18,955,N,VIIRS,n,2,286,3.15,N,0
40.44581,-121.36456,316.61,0.39,0.36,2021-08-18,955,N,VIIRS,n,2,282.6,1.46,N,0
40.44582,-121.4585,322.26,0.39,0.36,2021-08-18,955,N,VIIRS,n,2,283.31,7.56,N,0
40.44585,-121.43517,309.21,0.39,0.36,2021-08-18,955,N,VIIRS,n,2,284.52,2.72,N,0
40.4465,-121.43966,316.96,0.39,0.36,2021-08-18,955,N,VIIRS,n,2,285.32,2.72,N,0
40.44716,-121.44417,344.41,0.39,0.36,2021-08-18,955,N,VIIRS,n,2,288.63,6.1,N,0
40.44782,-121.44866,348.69,0.39,0.36,2021-08-18,955,N,VIIRS,n,2,288.49,6.1,N,0
40.44847,-121.45318,367,0.39,0.36,2021-08-18,955,N,VIIRS,h,2,294.31,7.56,N,0
40.44913,-121.45769,343.37,0.39,0.36,2021-08-18,955,N,VIIRS,n,2,289.46,7.56,N,0
40.44915,-121.43429,325.38,0.39,0.36,2021-08-18,955,N,VIIRS,n,2,284.46,6.39,N,0
40.44981,-121.4388,341.54,0.39,0.36,2021-08-18,955,N,VIIRS,n,2,289.47,6.39,N,0
40.45047,-121.44328,356.6,0.39,0.36,2021-08-18,955,N,VIIRS,n,2,296.72,8.43,N,0
40.45048,-121.41989,315.64,0.39,0.36,2021-08-18,955,N,VIIRS,n,2,284.17,3.65,N,0
40.45113,-121.4478,354.55,0.39,0.36,2021-08-18,955,N,VIIRS,n,2,293.62,8.43,N,0
40.45114,-121.42439,308.29,0.39,0.36,2021-08-18,955,N,VIIRS,n,2,280.22,2.56,N,0
40.45179,-121.45232,351.53,0.39,0.36,2021-08-18,955,N,VIIRS,n,2,292.54,6.87,N,0
40.4518,-121.42891,314.97,0.39,0.36,2021-08-18,955,N,VIIRS,n,2,281.6,2.56,N,0
40.45182,-121.52345,302.37,0.39,0.36,2021-08-18,955,N,VIIRS,n,2,278.93,0.76,N,0
40.45245,-121.45687,332.91,0.39,0.36,2021-08-18,955,N,VIIRS,n,2,287.54,6.87,N,0
40.45246,-121.4334,348.77,0.39,0.36,2021-08-18,955,N,VIIRS,n,2,292.39,6.39,N,0
40.45297,-121.34316,304.27,0.39,0.36,2021-08-18,955,N,VIIRS,n,2,276.82,0.78,N,0
40.45311,-121.46142,319.36,0.39,0.36,2021-08-18,955,N,VIIRS,n,2,285.9,3.07,N,0
40.45312,-121.48505,304.14,0.39,0.36,2021-08-18,955,N,VIIRS,n,2,281.2,2.76,N,0
40.45312,-121.43791,367,0.39,0.36,2021-08-18,955,N,VIIRS,h,2,301.06,6.39,N,0
40.45312,-121.41448,308.53,0.39,0.36,2021-08-18,955,N,VIIRS,n,2,283.22,8.8,N,0
40.45375,-121.11708,295.17,0.39,0.36,2021-08-18,955,N,VIIRS,n,2,278.32,0.99,N,0
40.45378,-121.44241,350.24,0.39,0.36,2021-08-18,955,N,VIIRS,n,2,291.13,8.43,N,0
40.45378,-121.41899,355.6,0.39,0.36,2021-08-18,955,N,VIIRS,n,2,299.32,8.8,N,0
40.45443,-121.44692,354.89,0.39,0.36,2021-08-18,955,N,VIIRS,n,2,294,8.43,N,0
40.45443,-121.37648,302.34,0.39,0.36,2021-08-18,955,N,VIIRS,n,2,282.3,1.31,N,0
40.45444,-121.42351,367,0.39,0.36,2021-08-18,955,N,VIIRS,h,2,294.89,14.23,N,0
40.45508,-121.4985,304.17,0.39,0.36,2021-08-18,955,N,VIIRS,n,2,279.72,0.69,N,0
40.4551,-121.45147,357.14,0.39,0.36,2021-08-18,955,N,VIIRS,n,2,295.82,6.87,N,0
40.4551,-121.42805,348.64,0.39,0.36,2021-08-18,955,N,VIIRS,n,2,289.89,14.23,N,0
40.45513,-121.52258,296.27,0.39,0.36,2021-08-18,955,N,VIIRS,n,2,279.08,1.5,N,0
40.45576,-121.45602,340.37,0.39,0.36,2021-08-18,955,N,VIIRS,n,2,289.45,6.87,N,0
40.45577,-121.43256,331.3,0.39,0.36,2021-08-18,955,N,VIIRS,n,2,286.14,5.26,N,0
40.45628,-121.34232,304.12,0.39,0.36,2021-08-18,955,N,VIIRS,n,2,277.85,1.49,N,0
40.45642,-121.46057,316.52,0.39,0.36,2021-08-18,955,N,VIIRS,n,2,285.3,3.07,N,0
40.45642,-121.43707,339.56,0.39,0.36,2021-08-18,955,N,VIIRS,n,2,288.78,5.26,N,0
40.45644,-121.41364,327.51,0.39,0.36,2021-08-18,955,N,VIIRS,n,2,284.83,8.8,N,0
40.45695,-121.3469,307.87,0.39,0.36,2021-08-18,955,N,VIIRS,n,2,278.47,1.51,N,0
40.45708,-121.48866,309.57,0.39,0.36,2021-08-18,955,N,VIIRS,n,2,280.74,4.83,N,0
40.45708,-121.46512,329.19,0.39,0.36,2021-08-18,955,N,VIIRS,n,2,287.26,3.07,N,0
40.45708,-121.4416,341.51,0.39,0.36,2021-08-18,955,N,VIIRS,n,2,290.48,6.28,N,0
40.4571,-121.41817,345.73,0.39,0.36,2021-08-18,955,N,VIIRS,n,2,289.3,8.8,N,0
40.45763,-121.35151,317.7,0.39,0.36,2021-08-18,955,N,VIIRS,n,2,278.13,1.51,N,0
40.45775,-121.46968,345.15,0.39,0.36,2021-08-18,955,N,VIIRS,n,2,287.57,5.05,N,0
40.45775,-121.44611,354.25,0.39,0.36,2021-08-18,955,N,VIIRS,n,2,292.5,6.28,N,0
40.45776,-121.42271,344.71,0.39,0.36,2021-08-18,955,N,VIIRS,n,2,286.73,14.23,N,0
40.45776,-121.39921,304.18,0.39,0.36,2021-08-18,955,N,VIIRS,n,2,280.89,1.28,N,0
40.45777,-121.51707,322.72,0.39,0.36,2021-08-18,955,N,VIIRS,n,2,280.1,1.5,N,0
40.45823,-121.07837,297.15,0.39,0.36,2021-08-18,955,N,VIIRS,n,2,276.11,0.77,N,0
40.45841,-121.47423,322.46,0.39,0.36,2021-08-18,955,N,VIIRS,n,2,281.6,5.05,N,0
40.45841,-121.45061,367,0.39,0.36,2021-08-18,955,N,VIIRS,h,2,295.45,12.67,N,0
40.45842,-121.42724,367,0.39,0.36,2021-08-18,955,N,VIIRS,h,2,297.53,14.23,N,0
40.45842,-121.40377,306.28,0.39,0.36,2021-08-18,955,N,VIIRS,n,2,281.77,3.48,N,0
40.459,-121.10635,305.38,0.39,0.36,2021-08-18,955,N,VIIRS,n,2,278.54,0.92,N,0
40.45907,-121.45515,354.52,0.39,0.36,2021-08-18,955,N,VIIRS,n,2,293.86,12.67,N,0
40.45908,-121.47879,315.7,0.39,0.36,2021-08-18,955,N,VIIRS,n,2,281.16,4.09,N,0
40.45908,-121.43176,343.65,0.39,0.36,2021-08-18,955,N,VIIRS,n,2,290.84,5.26,N,0
40.45909,-121.40831,319.11,0.39,0.36,2021-08-18,955,N,VIIRS,n,2,283.64,3.48,N,0
40.45959,-121.34156,319.37,0.39,0.36,2021-08-18,955,N,VIIRS,n,2,280.36,1.49,N,0
40.45974,-121.48329,338.75,0.39,0.36,2021-08-18,955,N,VIIRS,n,2,285.35,4.09,N,0
40.45974,-121.45971,353.66,0.39,0.36,2021-08-18,955,N,VIIRS,n,2,293.04,14.36,N,0
40.45975,-121.43627,346.84,0.39,0.36,2021-08-18,955,N,VIIRS,n,2,291.95,5.26,N,0
40.45975,-121.41284,346.2,0.39,0.36,2021-08-18,955,N,VIIRS,n,2,294.31,23.64,N,0
40.46027,-121.34614,315.49,0.39,0.36,2021-08-18,955,N,VIIRS,n,2,279.03,1.51,N,0
40.46039,-121.48779,334.47,0.39,0.36,2021-08-18,955,N,VIIRS,n,2,286.47,4.83,N,0
40.4604,-121.46426,367,0.39,0.36,2021-08-18,955,N,VIIRS,h,2,288.73,14.36,N,0
40.4604,-121.44078,341.54,0.39,0.36,2021-08-18,955,N,VIIRS,n,2,290.68,6.28,N,0
40.46041,-121.41737,346.75,0.39,0.36,2021-08-18,955,N,VIIRS,n,2,288.35,23.64,N,0
40.46106,-121.44527,346.51,0.39,0.36,2021-08-18,955,N,VIIRS,n,2,290.82,6.28,N,0
40.46107,-121.51613,300.88,0.39,0.36,2021-08-18,955,N,VIIRS,n,2,277.54,0.6,N,0
40.46107,-121.3984,299.97,0.39,0.36,2021-08-18,955,N,VIIRS,n,2,281.52,1.28,N,0
40.46172,-121.44979,352.5,0.39,0.36,2021-08-18,955,N,VIIRS,n,2,291.77,12.67,N,0
40.46173,-121.4734,319.74,0.39,0.36,2021-08-18,955,N,VIIRS,n,2,278.86,6.07,N,0
40.46174,-121.42645,336.74,0.39,0.36,2021-08-18,955,N,VIIRS,n,2,289.15,11.72,N,0
40.46174,-121.40298,331.59,0.39,0.36,2021-08-18,955,N,VIIRS,n,2,286.21,3.48,N,0
40.46238,-121.45428,351.46,0.39,0.36,2021-08-18,955,N,VIIRS,n,2,291.23,12.67,N,0
40.46239,-121.47794,336.76,0.39,0.36,2021-08-18,955,N,VIIRS,n,2,282.61,3.06,N,0
40.46239,-121.43094,350.88,0.39,0.36,2021-08-18,955,N,VIIRS,n,2,302.86,24.64,N,0
40.4624,-121.40752,350.23,0.39,0.36,2021-08-18,955,N,VIIRS,n,2,292.33,3.48,N,0
40.46304,-121.48244,314.66,0.39,0.36,2021-08-18,955,N,VIIRS,n,2,280.17,3.06,N,0
40.46304,-121.45882,356.36,0.39,0.36,2021-08-18,955,N,VIIRS,n,2,292.9,14.36,N,0
40.46305,-121.43545,353.43,0.39,0.36,2021-08-18,955,N,VIIRS,n,2,299.05,24.64,N,0
40.46307,-121.41203,356.74,0.39,0.36,2021-08-18,955,N,VIIRS,n,2,294.82,23.64,N,0
40.46353,-121.32166,320.25,0.39,0.36,2021-08-18,955,N,VIIRS,n,2,278.95,1.31,N,0
40.4637,-121.48691,321.16,0.39,0.36,2021-08-18,955,N,VIIRS,n,2,279.96,3.77,N,0
40.4637,-121.46337,354.86,0.39,0.36,2021-08-18,955,N,VIIRS,n,2,293.38,14.36,N,0
40.46371,-121.43993,367,0.39,0.36,2021-08-18,955,N,VIIRS,h,2,295.78,10.08,N,0
40.46373,-121.41657,345.2,0.39,0.36,2021-08-18,955,N,VIIRS,n,2,316.33,23.64,N,0
40.4642,-121.32621,305.61,0.39,0.36,2021-08-18,955,N,VIIRS,n,2,277.32,0.92,N,0
40.46437,-121.46793,352.87,0.39,0.36,2021-08-18,955,N,VIIRS,n,2,288.17,6.07,N,0
40.46437,-121.44441,343.41,0.39,0.36,2021-08-18,955,N,VIIRS,n,2,288.15,10.08,N,0
40.46438,-121.39757,300.88,0.39,0.36,2021-08-18,955,N,VIIRS,n,2,280.39,1.65,N,0
40.46439,-121.42109,328.29,0.39,0.36,2021-08-18,955,N,VIIRS,n,2,281.54,11.72,N,0
40.46487,-121.33081,309.87,0.39,0.36,2021-08-18,955,N,VIIRS,n,2,277.96,0.92,N,0
40.46502,-121.44891,342.21,0.39,0.36,2021-08-18,955,N,VIIRS,n,2,287.17,3.54,N,0
40.46505,-121.40213,320.08,0.39,0.36,2021-08-18,955,N,VIIRS,n,2,284.74,4.24,N,0
40.46568,-121.45338,320.43,0.39,0.36,2021-08-18,955,N,VIIRS,n,2,279.71,3.54,N,0
40.46571,-121.40668,349.05,0.39,0.36,2021-08-18,955,N,VIIRS,n,2,290.03,4.24,N,0
40.46634,-121.45789,343.12,0.39,0.36,2021-08-18,955,N,VIIRS,n,2,287.12,6.81,N,0
40.46638,-121.4112,345.22,0.39,0.36,2021-08-18,955,N,VIIRS,n,2,292.48,8.15,N,0
40.46684,-121.32085,302.8,0.39,0.36,2021-08-18,955,N,VIIRS,n,2,277.89,1.35,N,0
40.46695,-121.36824,320.46,0.39,0.36,2021-08-18,955,N,VIIRS,n,2,279.31,2.38,N,0
40.46699,-121.46242,343.16,0.39,0.36,2021-08-18,955,N,VIIRS,n,2,286.33,6.81,N,0
40.46701,-121.48605,345.41,0.39,0.36,2021-08-18,955,N,VIIRS,n,2,281.23,3.77,N,0
40.46704,-121.41575,329.81,0.39,0.36,2021-08-18,955,N,VIIRS,n,2,284.82,8.15,N,0
40.46751,-121.32543,317.52,0.39,0.36,2021-08-18,955,N,VIIRS,n,2,278.5,4.49,N,0
40.46769,-121.3967,316.67,0.39,0.36,2021-08-18,955,N,VIIRS,n,2,284.28,1.65,N,0
40.4677,-121.42026,321.77,0.39,0.36,2021-08-18,955,N,VIIRS,n,2,281.04,2.98,N,0
40.46819,-121.33005,329.94,0.39,0.36,2021-08-18,955,N,VIIRS,n,2,281.4,4.49,N,0
40.46835,-121.40127,323.54,0.39,0.36,2021-08-18,955,N,VIIRS,n,2,286.88,4.24,N,0
40.46902,-121.40582,344.5,0.39,0.36,2021-08-18,955,N,VIIRS,n,2,289.59,4.24,N,0
40.46969,-121.41037,336.88,0.39,0.36,2021-08-18,955,N,VIIRS,n,2,284.52,8.15,N,0
40.47032,-121.39124,311.47,0.39,0.36,2021-08-18,955,N,VIIRS,n,2,281.5,2.7,N,0
40.47083,-121.32464,338.51,0.39,0.36,2021-08-18,955,N,VIIRS,n,2,283.21,4.49,N,0
40.47099,-121.39582,332.88,0.39,0.36,2021-08-18,955,N,VIIRS,n,2,285.88,2.7,N,0
40.4715,-121.32924,348.27,0.39,0.36,2021-08-18,955,N,VIIRS,n,2,289.01,4.49,N,0
40.47166,-121.4004,313.42,0.39,0.36,2021-08-18,955,N,VIIRS,n,2,285.08,3.77,N,0
40.47233,-121.42841,300.14,0.39,0.36,2021-08-18,955,N,VIIRS,n,2,275.85,1.04,N,0
40.47233,-121.40495,316.73,0.39,0.36,2021-08-18,955,N,VIIRS,n,2,285.26,3.77,N,0
40.47295,-121.38577,302.93,0.39,0.36,2021-08-18,955,N,VIIRS,n,2,281.42,1.32,N,0
40.473,-121.40951,337.44,0.39,0.36,2021-08-18,955,N,VIIRS,n,2,284.77,4.71,N,0
40.47363,-121.39037,338.56,0.39,0.36,2021-08-18,955,N,VIIRS,n,2,287.44,2.7,N,0
40.47413,-121.32383,332.93,0.39,0.36,2021-08-18,955,N,VIIRS,n,2,282,3.02,N,0
40.47424,-121.37118,303.05,0.39,0.36,2021-08-18,955,N,VIIRS,n,2,279.47,3.14,N,0
40.4743,-121.39494,313.9,0.39,0.36,2021-08-18,955,N,VIIRS,n,2,284.44,2.7,N,0
40.47481,-121.32841,329.56,0.39,0.36,2021-08-18,955,N,VIIRS,n,2,279.29,3.02,N,0
40.47491,-121.37574,317.03,0.39,0.36,2021-08-18,955,N,VIIRS,n,2,281.66,3.14,N,0
40.47496,-121.39951,316.32,0.39,0.36,2021-08-18,955,N,VIIRS,n,2,285.21,3.77,N,0
40.47548,-121.33297,321.76,0.39,0.36,2021-08-18,955,N,VIIRS,n,2,280.05,1.97,N,0
40.47557,-121.38029,321.19,0.39,0.36,2021-08-18,955,N,VIIRS,n,2,283.35,2.26,N,0
40.47563,-121.40406,347.4,0.39,0.36,2021-08-18,955,N,VIIRS,n,2,296.12,3.77,N,0
40.47615,-121.33752,313.28,0.39,0.36,2021-08-18,955,N,VIIRS,n,2,280.71,1.97,N,0
40.4762,-121.36115,310.08,0.39,0.36,2021-08-18,955,N,VIIRS,n,2,277.56,2.49,N,0
40.47625,-121.3849,306.08,0.39,0.36,2021-08-18,955,N,VIIRS,n,2,282.34,2.26,N,0
40.4763,-121.40862,322.79,0.39,0.36,2021-08-18,955,N,VIIRS,n,2,279.13,4.71,N,0
40.47693,-121.3895,323.65,0.39,0.36,2021-08-18,955,N,VIIRS,n,2,287.9,6.82,N,0
40.47744,-121.32301,325.33,0.39,0.36,2021-08-18,955,N,VIIRS,n,2,279.72,3.02,N,0
40.47749,-121.34662,299.84,0.39,0.36,2021-08-18,955,N,VIIRS,n,2,276.29,0.93,N,0
40.47755,-121.37035,335.64,0.39,0.36,2021-08-18,955,N,VIIRS,n,2,281.44,3.14,N,0
40.4776,-121.39406,345.34,0.39,0.36,2021-08-18,955,N,VIIRS,n,2,292.09,6.82,N,0
40.47812,-121.32758,341.82,0.39,0.36,2021-08-18,955,N,VIIRS,n,2,279.73,3.02,N,0
40.47816,-121.35119,309.67,0.39,0.36,2021-08-18,955,N,VIIRS,n,2,276.89,2.1,N,0
40.47822,-121.37491,345.89,0.39,0.36,2021-08-18,955,N,VIIRS,n,2,288.22,3.14,N,0
40.47826,-121.39864,354.01,0.39,0.36,2021-08-18,955,N,VIIRS,n,2,293.31,8.19,N,0
40.47829,-121.08035,297.67,0.39,0.36,2021-08-18,955,N,VIIRS,n,2,279.48,0.99,N,0
40.47879,-121.33212,318.77,0.39,0.36,2021-08-18,955,N,VIIRS,n,2,278.17,1.97,N,0
40.47884,-121.35576,308.51,0.39,0.36,2021-08-18,955,N,VIIRS,n,2,277.47,2.1,N,0
40.47889,-121.37946,307.14,0.39,0.36,2021-08-18,955,N,VIIRS,n,2,279.86,2.26,N,0
40.47893,-121.40317,348.31,0.39,0.36,2021-08-18,955,N,VIIRS,n,2,291.8,8.19,N,0
40.47945,-121.33665,301.76,0.39,0.36,2021-08-18,955,N,VIIRS,n,2,276.48,1.97,N,0
40.47951,-121.36034,325.86,0.39,0.36,2021-08-18,955,N,VIIRS,n,2,279.17,5.52,N,0
40.47956,-121.38403,335.6,0.39,0.36,2021-08-18,955,N,VIIRS,n,2,286.25,2.26,N,0
40.4796,-121.40775,333.17,0.39,0.36,2021-08-18,955,N,VIIRS,n,2,282.52,4.5,N,0
40.47969,-121.11278,302.69,0.39,0.36,2021-08-18,955,N,VIIRS,n,2,279.58,0.68,N,0
40.48019,-121.36494,300.89,0.39,0.36,2021-08-18,955,N,VIIRS,n,2,277.64,5.52,N,0
40.48023,-121.38861,345.38,0.39,0.36,2021-08-18,955,N,VIIRS,n,2,292.01,6.82,N,0
40.48036,-121.11731,299.45,0.39,0.36,2021-08-18,955,N,VIIRS,n,2,279.91,1.48,N,0
40.48075,-121.32217,303.22,0.39,0.36,2021-08-18,955,N,VIIRS,n,2,277.78,3.22,N,0
40.48079,-121.34576,319.26,0.39,0.36,2021-08-18,955,N,VIIRS,n,2,277.36,0.93,N,0
40.48086,-121.36951,308.73,0.39,0.36,2021-08-18,955,N,VIIRS,n,2,279.23,1.1,N,0
40.4809,-121.39317,353.83,0.39,0.36,2021-08-18,955,N,VIIRS,n,2,298.35,6.82,N,0
40.48143,-121.32674,348.62,0.39,0.36,2021-08-18,955,N,VIIRS,n,2,287.07,3.22,N,0
40.48153,-121.37406,308.12,0.39,0.36,2021-08-18,955,N,VIIRS,n,2,277.75,1.1,N,0
40.48157,-121.39774,338.53,0.39,0.36,2021-08-18,955,N,VIIRS,n,2,286.69,8.19,N,0
40.48165,-121.10287,300.92,0.39,0.36,2021-08-18,955,N,VIIRS,n,2,279.64,1.24,N,0
40.48209,-121.33129,313.62,0.39,0.36,2021-08-18,955,N,VIIRS,n,2,276.55,4.12,N,0
40.48214,-121.3549,329.91,0.39,0.36,2021-08-18,955,N,VIIRS,n,2,278.47,2.1,N,0
40.48219,-121.37859,300.54,0.39,0.36,2021-08-18,955,N,VIIRS,n,2,277.73,2.6,N,0
40.48233,-121.1941,296.35,0.39,0.36,2021-08-18,955,N,VIIRS,n,2,276.65,0.92,N,0
40.48255,-121.2648,300.83,0.39,0.36,2021-08-18,955,N,VIIRS,n,2,275.31,1.22,N,0
40.48281,-121.35948,356.51,0.39,0.36,2021-08-18,955,N,VIIRS,n,2,292.3,5.52,N,0
40.48286,-121.38314,337.73,0.39,0.36,2021-08-18,955,N,VIIRS,n,2,286.21,2.6,N,0
40.48299,-121.11196,329.95,0.39,0.36,2021-08-18,955,N,VIIRS,n,2,281.2,2.75,N,0
40.48349,-121.36407,310.81,0.39,0.36,2021-08-18,955,N,VIIRS,n,2,280.19,5.52,N,0
40.48353,-121.38772,330.44,0.39,0.36,2021-08-18,955,N,VIIRS,n,2,281.03,6.16,N,0
40.48367,-121.11648,298.03,0.39,0.36,2021-08-18,955,N,VIIRS,n,2,279.28,1.22,N,0
40.48417,-121.36864,301.61,0.39,0.36,2021-08-18,955,N,VIIRS,n,2,277.76,1.1,N,0
40.4842,-121.39228,353.7,0.39,0.36,2021-08-18,955,N,VIIRS,n,2,288.26,6.16,N,0
40.48433,-121.121,309.13,0.39,0.36,2021-08-18,955,N,VIIRS,n,2,280.29,1.22,N,0
40.48473,-121.3259,304.21,0.39,0.36,2021-08-18,955,N,VIIRS,n,2,277.02,3.22,N,0
40.48487,-121.39684,345.34,0.39,0.36,2021-08-18,955,N,VIIRS,n,2,289.97,11.3,N,0
40.48495,-121.10205,307.84,0.39,0.36,2021-08-18,955,N,VIIRS,n,2,281.35,1.24,N,0
40.48511,-121.17246,312.97,0.39,0.36,2021-08-18,955,N,VIIRS,n,2,279.02,1.55,N,0
40.4855,-121.37772,329.25,0.39,0.36,2021-08-18,955,N,VIIRS,n,2,279.89,2.6,N,0
40.48562,-121.10659,321.33,0.39,0.36,2021-08-18,955,N,VIIRS,n,2,281.21,2.75,N,0
40.48563,-121.19327,305.37,0.39,0.36,2021-08-18,955,N,VIIRS,n,2,279.2,0.92,N,0
40.48578,-121.17698,296.4,0.39,0.36,2021-08-18,955,N,VIIRS,n,2,277.58,1.55,N,0
40.48612,-121.35863,347.87,0.39,0.36,2021-08-18,955,N,VIIRS,n,2,286.18,4.83,N,0
40.48616,-121.38227,324.85,0.39,0.36,2021-08-18,955,N,VIIRS,n,2,280.59,2.6,N,0
40.48679,-121.36321,309.24,0.39,0.36,2021-08-18,955,N,VIIRS,n,2,279.08,4.83,N,0
40.48699,-121.20236,311.7,0.39,0.36,2021-08-18,955,N,VIIRS,n,2,276.84,1.97,N,0
40.48764,-121.12017,306.54,0.39,0.36,2021-08-18,955,N,VIIRS,n,2,280.12,1.22,N,0
40.48775,-121.16713,345.45,0.39,0.36,2021-08-18,955,N,VIIRS,n,2,283.12,6.74,N,0
40.48804,-121.32509,311.25,0.39,0.36,2021-08-18,955,N,VIIRS,n,2,276.92,1.8,N,0
40.48842,-121.17165,307.48,0.39,0.36,2021-08-18,955,N,VIIRS,n,2,279.26,1.55,N,0
40.4888,-121.37688,309.29,0.39,0.36,2021-08-18,955,N,VIIRS,n,2,278.17,4.67,N,0
40.48898,-121.12923,302.81,0.39,0.36,2021-08-18,955,N,VIIRS,n,2,278.83,1.26,N,0
40.48913,-121.19959,321.86,0.39,0.36,2021-08-18,955,N,VIIRS,n,2,277.39,1.2,N,0
40.48942,-121.35777,353.39,0.39,0.36,2021-08-18,955,N,VIIRS,n,2,281.87,4.83,N,0
40.48947,-121.38141,341.32,0.39,0.36,2021-08-18,955,N,VIIRS,n,2,281.2,4.67,N,0
40.48965,-121.13376,306.69,0.39,0.36,2021-08-18,955,N,VIIRS,n,2,278.57,1.38,N,0
40.4898,-121.20415,298.15,0.39,0.36,2021-08-18,955,N,VIIRS,n,2,276.61,1.2,N,0
40.4901,-121.36238,309.41,0.39,0.36,2021-08-18,955,N,VIIRS,n,2,278.15,4.83,N,0
40.49033,-121.1383,306.28,0.39,0.36,2021-08-18,955,N,VIIRS,n,2,278.01,1.38,N,0
40.49042,-121.18519,298.92,0.39,0.36,2021-08-18,955,N,VIIRS,n,2,276.72,0.59,N,0
40.49078,-121.36696,295.12,0.39,0.36,2021-08-18,955,N,VIIRS,n,2,275.91,1.35,N,0
40.49105,-121.16633,296.06,0.39,0.36,2021-08-18,955,N,VIIRS,n,2,279.99,1.31,N,0
40.49135,-121.32428,325.38,0.39,0.36,2021-08-18,955,N,VIIRS,n,2,278.43,1.8,N,0
40.49172,-121.17085,300.23,0.39,0.36,2021-08-18,955,N,VIIRS,n,2,278.57,0.85,N,0
40.49198,-121.30529,295.88,0.39,0.36,2021-08-18,955,N,VIIRS,n,2,278.93,0.74,N,0
40.49201,-121.32879,301.67,0.39,0.36,2021-08-18,955,N,VIIRS,n,2,276.39,1.82,N,0
40.49205,-121.35233,307.52,0.39,0.36,2021-08-18,955,N,VIIRS,n,2,276.48,1.31,N,0
40.49228,-121.12842,322.43,0.39,0.36,2021-08-18,955,N,VIIRS,n,2,280.27,1.74,N,0
40.49273,-121.35693,327.02,0.39,0.36,2021-08-18,955,N,VIIRS,n,2,277.24,1.98,N,0
40.49277,-121.38058,347.52,0.39,0.36,2021-08-18,955,N,VIIRS,n,2,286,4.67,N,0
40.49295,-121.13294,333.51,0.39,0.36,2021-08-18,955,N,VIIRS,n,2,282.33,1.91,N,0
40.49314,-121.22678,298.28,0.39,0.36,2021-08-18,955,N,VIIRS,n,2,275.68,0.84,N,0
40.49333,-121.31445,297.05,0.39,0.36,2021-08-18,955,N,VIIRS,n,2,279.04,1.11,N,0
40.49341,-121.36155,307.73,0.39,0.36,2021-08-18,955,N,VIIRS,n,2,276.7,1.98,N,0
40.49363,-121.13747,296.46,0.39,0.36,2021-08-18,955,N,VIIRS,n,2,275.19,1.91,N,0
40.4938,-121.23125,295.58,0.39,0.36,2021-08-18,955,N,VIIRS,n,2,275.94,0.84,N,0
40.494,-121.31897,299.44,0.39,0.36,2021-08-18,955,N,VIIRS,n,2,278.54,2.09,N,0
40.49408,-121.36613,297.14,0.39,0.36,2021-08-18,955,N,VIIRS,n,2,275.95,1.29,N,0
40.49446,-121.23572,298.77,0.39,0.36,2021-08-18,955,N,VIIRS,n,2,275.16,0.67,N,0
40.4946,-121.29983,299.62,0.39,0.36,2021-08-18,955,N,VIIRS,n,2,279.58,0.74,N,0
40.49466,-121.32349,323.47,0.39,0.36,2021-08-18,955,N,VIIRS,n,2,282.65,2.09,N,0
40.49529,-121.30446,295.39,0.39,0.36,2021-08-18,955,N,VIIRS,n,2,278.9,0.74,N,0
40.49533,-121.32798,330.57,0.39,0.36,2021-08-18,955,N,VIIRS,n,2,283.35,6.38,N,0
40.49536,-121.35149,308.4,0.39,0.36,2021-08-18,955,N,VIIRS,n,2,273.12,1.31,N,0
40.49558,-121.12759,315.71,0.39,0.36,2021-08-18,955,N,VIIRS,n,2,278.28,1.74,N,0
40.49577,-121.22144,298.58,0.39,0.36,2021-08-18,955,N,VIIRS,n,2,275.7,0.77,N,0
40.49597,-121.30907,311.84,0.39,0.36,2021-08-18,955,N,VIIRS,n,2,281.44,1.11,N,0
40.49603,-121.35608,330.16,0.39,0.36,2021-08-18,955,N,VIIRS,n,2,276.74,1.98,N,0
40.49609,-121.37975,340.99,0.39,0.36,2021-08-18,955,N,VIIRS,n,2,286.15,5.23,N,0
40.49626,-121.13212,308.14,0.39,0.36,2021-08-18,955,N,VIIRS,n,2,277.18,1.91,N,0
40.49665,-121.31364,299.73,0.39,0.36,2021-08-18,955,N,VIIRS,n,2,280.01,1.11,N,0
40.49672,-121.36073,311.05,0.39,0.36,2021-08-18,955,N,VIIRS,n,2,278.37,1.98,N,0
40.49721,-121.29431,312.85,0.39,0.36,2021-08-18,955,N,VIIRS,n,2,275.87,4,N,0
40.49739,-121.3653,297.33,0.39,0.36,2021-08-18,955,N,VIIRS,n,2,279.93,1.29,N,0
40.49774,-121.21157,303.38,0.39,0.36,2021-08-18,955,N,VIIRS,n,2,275.99,0.71,N,0
40.49777,-121.23493,299.88,0.39,0.36,2021-08-18,955,N,VIIRS,n,2,275.66,0.67,N,0
40.49798,-121.3227,300.82,0.39,0.36,2021-08-18,955,N,VIIRS,n,2,279.66,2.09,N,0
40.49807,-121.36987,315.87,0.39,0.36,2021-08-18,955,N,VIIRS,n,2,281.13,1.29,N,0
40.4986,-121.30363,298.87,0.39,0.36,2021-08-18,955,N,VIIRS,n,2,279.07,1.04,N,0
40.49864,-121.32719,338.65,0.39,0.36,2021-08-18,955,N,VIIRS,n,2,279.35,6.38,N,0
40.49874,-121.3744,347.6,0.39,0.36,2021-08-18,955,N,VIIRS,n,2,286.71,5.23,N,0
40.49908,-121.2206,303.55,0.39,0.36,2021-08-18,955,N,VIIRS,n,2,275.67,0.86,N,0
40.49935,-121.35526,339.38,0.39,0.36,2021-08-18,955,N,VIIRS,n,2,277.97,2.8,N,0
40.4994,-121.37892,324.55,0.39,0.36,2021-08-18,955,N,VIIRS,n,2,280.27,5.23,N,0
40.49996,-121.31284,296.46,0.39,0.36,2021-08-18,955,N,VIIRS,n,2,278.9,1.25,N,0
40.50003,-121.35988,321.04,0.39,0.36,2021-08-18,955,N,VIIRS,n,2,278.04,2.8,N,0
40.50051,-121.29348,345.99,0.39,0.36,2021-08-18,955,N,VIIRS,n,2,279.98,4,N,0
40.50071,-121.36449,321.62,0.39,0.36,2021-08-18,955,N,VIIRS,n,2,280.09,3.9,N,0
40.5013,-121.32191,306.27,0.39,0.36,2021-08-18,955,N,VIIRS,n,2,278.07,1.66,N,0
40.50138,-121.36905,339.62,0.39,0.36,2021-08-18,955,N,VIIRS,n,2,287.82,3.9,N,0
40.50196,-121.3264,330.09,0.39,0.36,2021-08-18,955,N,VIIRS,n,2,276.11,3.02,N,0
40.50241,-121.24316,303.66,0.39,0.36,2021-08-18,955,N,VIIRS,n,2,275.24,0.83,N,0
40.50252,-121.29073,323.15,0.39,0.36,2021-08-18,955,N,VIIRS,n,2,277.03,2.21,N,0
40.50461,-121.3211,317.88,0.39,0.36,2021-08-18,955,N,VIIRS,n,2,275.73,1.66,N,0
40.50516,-121.28534,306.05,0.39,0.36,2021-08-18,955,N,VIIRS,n,2,275.03,1.35,N,0
40.50527,-121.32559,330.15,0.39,0.36,2021-08-18,955,N,VIIRS,n,2,278,3.02,N,0
40.50635,-121.22346,300.54,0.39,0.36,2021-08-18,955,N,VIIRS,n,2,275.77,0.77,N,0
40.50656,-121.31844,336,0.39,0.36,2021-08-18,955,N,VIIRS,n,2,277.14,4.6,N,0
40.50706,-121.25151,298.96,0.39,0.36,2021-08-18,955,N,VIIRS,n,2,275.42,1.17,N,0
40.50722,-121.32294,312.97,0.39,0.36,2021-08-18,955,N,VIIRS,n,2,275.62,4.6,N,0
40.50773,-121.2561,308.43,0.39,0.36,2021-08-18,955,N,VIIRS,n,2,275.85,1.17,N,0
40.5078,-121.27995,303.17,0.39,0.36,2021-08-18,955,N,VIIRS,n,2,274.76,0.92,N,0
40.50898,-121.21811,299.11,0.39,0.36,2021-08-18,955,N,VIIRS,n,2,277.14,1.03,N,0
40.50965,-121.22263,306.19,0.39,0.36,2021-08-18,955,N,VIIRS,n,2,276.31,0.77,N,0
40.50987,-121.3176,333,0.39,0.36,2021-08-18,955,N,VIIRS,n,2,277.34,4.6,N,0
40.51036,-121.25071,306.81,0.39,0.36,2021-08-18,955,N,VIIRS,n,2,275.88,1.86,N,0
40.51104,-121.25527,298.99,0.39,0.36,2021-08-18,955,N,VIIRS,n,2,275.25,1.86,N,0
40.51296,-121.22182,309.42,0.39,0.36,2021-08-18,955,N,VIIRS,n,2,277.21,1.65,N,0
40.51367,-121.24989,332.08,0.39,0.36,2021-08-18,955,N,VIIRS,n,2,277.78,1.86,N,0
40.51492,-121.21192,296.73,0.39,0.36,2021-08-18,955,N,VIIRS,n,2,277.64,1.25,N,0
40.51559,-121.21646,311.2,0.39,0.36,2021-08-18,955,N,VIIRS,n,2,278.75,1.25,N,0
40.51569,-121.26364,300.58,0.39,0.36,2021-08-18,955,N,VIIRS,n,2,276.27,1.03,N,0
40.51778,-121.30141,336.9,0.39,0.36,2021-08-18,955,N,VIIRS,n,2,277.82,5.86,N,3
40.51823,-121.21109,327.97,0.39,0.36,2021-08-18,955,N,VIIRS,n,2,278.74,3.44,N,0
40.51846,-121.30601,301.21,0.39,0.36,2021-08-18,955,N,VIIRS,n,2,278.18,1.82,N,3
40.51889,-121.21563,312.64,0.39,0.36,2021-08-18,955,N,VIIRS,n,2,276.63,3.44,N,0
40.52042,-121.29597,295.54,0.39,0.36,2021-08-18,955,N,VIIRS,n,2,277.88,5.86,N,0
40.52109,-121.30058,351.21,0.39,0.36,2021-08-18,955,N,VIIRS,n,2,287.23,5.86,N,0
40.52153,-121.21024,347.45,0.39,0.36,2021-08-18,955,N,VIIRS,n,2,283.81,3.44,N,0
40.52163,-121.2574,309.74,0.39,0.36,2021-08-18,955,N,VIIRS,n,2,275.13,2.24,N,0
40.52177,-121.30517,324.65,0.39,0.36,2021-08-18,955,N,VIIRS,n,2,277.02,1.82,N,3
40.52373,-121.29514,338.62,0.39,0.36,2021-08-18,955,N,VIIRS,n,2,282.19,6.99,N,0
40.5244,-121.29974,330.51,0.39,0.36,2021-08-18,955,N,VIIRS,n,2,278.05,6.99,N,0
40.5256,-121.26117,295.28,0.39,0.36,2021-08-18,955,N,VIIRS,n,2,273.28,0.6,N,0
40.52628,-121.26576,295.02,0.39,0.36,2021-08-18,955,N,VIIRS,n,2,274.95,0.7,N,0
40.52703,-121.2943,350.99,0.39,0.36,2021-08-18,955,N,VIIRS,n,2,285.18,6.99,N,0
40.52899,-121.28427,302.78,0.39,0.36,2021-08-18,955,N,VIIRS,n,2,276.94,2.9,N,0
40.52967,-121.28887,331.68,0.39,0.36,2021-08-18,955,N,VIIRS,n,2,280.92,2.9,N,0
40.53026,-121.26955,298.47,0.39,0.36,2021-08-18,955,N,VIIRS,n,2,275.5,0.7,N,0
40.53034,-121.29346,327.07,0.39,0.36,2021-08-18,955,N,VIIRS,n,2,279.99,2.87,N,0
40.53222,-121.25954,334.99,0.39,0.36,2021-08-18,955,N,VIIRS,n,2,276.57,7.49,N,0
40.5323,-121.28346,325.28,0.39,0.36,2021-08-18,955,N,VIIRS,n,2,280.62,2.9,N,0
40.53297,-121.28806,341.2,0.39,0.36,2021-08-18,955,N,VIIRS,n,2,280.95,2.9,N,0
40.53357,-121.26874,307.62,0.39,0.36,2021-08-18,955,N,VIIRS,n,2,276.89,1.91,N,0
40.53553,-121.25874,351.62,0.39,0.36,2021-08-18,955,N,VIIRS,n,2,288.44,7.49,N,0
40.53561,-121.28265,310.82,0.39,0.36,2021-08-18,955,N,VIIRS,n,2,278.64,2.14,N,0
40.53628,-121.28722,331.75,0.39,0.36,2021-08-18,955,N,VIIRS,n,2,279.39,2.14,N,0
40.53824,-121.27719,344.78,0.39,0.36,2021-08-18,955,N,VIIRS,n,2,283.11,6.82,N,0
40.53883,-121.25789,313.23,0.39,0.36,2021-08-18,955,N,VIIRS,n,2,278.53,2.67,N,0
40.53892,-121.28182,324.6,0.39,0.36,2021-08-18,955,N,VIIRS,n,2,280.31,2.14,N,0
40.54155,-121.27636,334.84,0.39,0.36,2021-08-18,955,N,VIIRS,n,2,284.43,4.11,N,0
40.54477,-121.25163,313.63,0.39,0.36,2021-08-18,955,N,VIIRS,n,2,277.92,2.01,N,0
40.54485,-121.2755,328.74,0.39,0.36,2021-08-18,955,N,VIIRS,n,2,285.3,4.11,N,0
40.54553,-121.28014,315.72,0.39,0.36,2021-08-18,955,N,VIIRS,n,2,278.55,4.55,N,0
40.54612,-121.2608,299.25,0.39,0.36,2021-08-18,955,N,VIIRS,n,2,276.75,2.76,N,0
40.54807,-121.2508,326.35,0.39,0.36,2021-08-18,955,N,VIIRS,n,2,280.64,2.01,N,0
40.54815,-121.2746,325.95,0.39,0.36,2021-08-18,955,N,VIIRS,n,2,287.51,5.61,N,0
40.54875,-121.25539,311.5,0.39,0.36,2021-08-18,955,N,VIIRS,n,2,277.78,2.01,N,0
40.54883,-121.27927,327.95,0.39,0.36,2021-08-18,955,N,VIIRS,n,2,280.05,7.75,N,0
40.54942,-121.25997,321.24,0.39,0.36,2021-08-18,955,N,VIIRS,n,2,279.94,2.76,N,0
40.55009,-121.26454,342.75,0.39,0.36,2021-08-18,955,N,VIIRS,n,2,282.28,2.76,N,0
40.5507,-121.24538,296.64,0.39,0.36,2021-08-18,955,N,VIIRS,n,2,275.18,0.68,N,0
40.55077,-121.26912,324.27,0.39,0.36,2021-08-18,955,N,VIIRS,n,2,279.12,5.61,N,0
40.55138,-121.24998,318.54,0.39,0.36,2021-08-18,955,N,VIIRS,n,2,278.71,1.28,N,0
40.55145,-121.27374,351.43,0.39,0.36,2021-08-18,955,N,VIIRS,n,2,286.23,5.61,N,0
40.55205,-121.25456,307.56,0.39,0.36,2021-08-18,955,N,VIIRS,n,2,277.01,1.28,N,0
40.5534,-121.26373,331.79,0.39,0.36,2021-08-18,955,N,VIIRS,n,2,278.06,2.41,N,0
40.55468,-121.24916,299.26,0.39,0.36,2021-08-18,955,N,VIIRS,n,2,276.22,1.28,N,0
40.73582,-122.32351,301.5,0.41,0.37,2021-08-18,955,N,VIIRS,n,2,290.71,0.53,N,2
41.43596,-121.88855,300.03,0.4,0.37,2021-08-18,955,N,VIIRS,n,2,278.87,1.59,N,0
41.43662,-121.89335,309.18,0.4,0.37,2021-08-18,955,N,VIIRS,n,2,280.02,1.59,N,0
41.43729,-121.89811,308.96,0.4,0.37,2021-08-18,955,N,VIIRS,n,2,280.23,45.77,N,0
41.43998,-121.89249,308.89,0.4,0.37,2021-08-18,955,N,VIIRS,n,2,280.11,1.59,N,0
41.44064,-121.89722,367,0.4,0.37,2021-08-18,955,N,VIIRS,h,2,316.38,45.77,N,0
41.4413,-121.90194,348.74,0.4,0.37,2021-08-18,955,N,VIIRS,n,2,289.81,45.77,N,0
41.44334,-121.89162,328.03,0.4,0.37,2021-08-18,955,N,VIIRS,n,2,285.05,11.05,N,0
41.444,-121.89634,343.49,0.4,0.37,2021-08-18,955,N,VIIRS,n,2,324.28,65.76,N,0
41.44465,-121.90099,367,0.4,0.37,2021-08-18,955,N,VIIRS,h,2,339.04,65.76,N,0
41.4453,-121.90569,333.61,0.4,0.37,2021-08-18,955,N,VIIRS,n,2,284.79,20.9,N,0
41.44669,-121.89078,322.73,0.4,0.37,2021-08-18,955,N,VIIRS,n,2,283.78,11.05,N,0
41.44735,-121.89549,352.36,0.4,0.37,2021-08-18,955,N,VIIRS,n,2,317.38,65.76,N,0
41.44801,-121.90015,356.17,0.4,0.37,2021-08-18,955,N,VIIRS,n,2,317.6,65.76,N,0
41.44866,-121.90482,336.1,0.4,0.37,2021-08-18,955,N,VIIRS,n,2,306.89,20.9,N,0
41.44932,-121.90952,327.57,0.4,0.37,2021-08-18,955,N,VIIRS,n,2,280.63,20.9,N,0
41.44998,-121.91423,328.2,0.4,0.37,2021-08-18,955,N,VIIRS,n,2,282.72,5.12,N,0
41.45072,-121.89465,346.76,0.4,0.37,2021-08-18,955,N,VIIRS,n,2,302.52,29.59,N,0
41.45137,-121.89931,367,0.4,0.37,2021-08-18,955,N,VIIRS,h,2,306.27,29.59,N,0
41.45202,-121.904,352.56,0.4,0.37,2021-08-18,955,N,VIIRS,n,2,318.51,27.9,N,0
41.45268,-121.9087,356.64,0.4,0.37,2021-08-18,955,N,VIIRS,n,2,288.03,27.9,N,0
41.45334,-121.9134,345.1,0.4,0.37,2021-08-18,955,N,VIIRS,n,2,280.68,12.45,N,0
41.45399,-121.91813,305.62,0.4,0.37,2021-08-18,955,N,VIIRS,n,2,278.98,12.45,N,0
41.45408,-121.89378,326.69,0.4,0.37,2021-08-18,955,N,VIIRS,n,2,307.52,29.59,N,0
41.45437,-121.89165,313.88,0.4,0.37,2021-08-18,955,N,VIIRS,n,2,280.26,3.54,N,0
41.45473,-121.8985,367,0.4,0.37,2021-08-18,955,N,VIIRS,h,2,310.42,29.59,N,0
41.45502,-121.89635,347.28,0.4,0.37,2021-08-18,955,N,VIIRS,n,2,321.25,48.62,N,0
41.45539,-121.90317,367,0.4,0.37,2021-08-18,955,N,VIIRS,h,2,313.26,27.9,N,0
41.45567,-121.90104,367,0.4,0.37,2021-08-18,955,N,VIIRS,h,2,315.35,48.62,N,0
41.45604,-121.90788,350.68,0.4,0.37,2021-08-18,955,N,VIIRS,n,2,303.38,27.9,N,0
41.45632,-121.90574,367,0.4,0.37,2021-08-18,955,N,VIIRS,h,2,309.84,20.99,N,0
41.4567,-121.91261,351.88,0.4,0.37,2021-08-18,955,N,VIIRS,n,2,293.96,12.45,N,0
41.45697,-121.91046,352.83,0.4,0.37,2021-08-18,955,N,VIIRS,n,2,306.93,20.99,N,0
41.45737,-121.91734,331.44,0.4,0.37,2021-08-18,955,N,VIIRS,n,2,284.08,12.45,N,0
41.45763,-121.91521,349.76,0.4,0.37,2021-08-18,955,N,VIIRS,n,2,285.17,8.87,N,0
41.45773,-121.89081,296.82,0.4,0.37,2021-08-18,955,N,VIIRS,n,2,278.91,3.54,N,0
41.45803,-121.92209,318.11,0.4,0.37,2021-08-18,955,N,VIIRS,n,2,280.2,1.29,N,0
41.45828,-121.91997,324.71,0.4,0.37,2021-08-18,955,N,VIIRS,n,2,280.8,8.87,N,0
41.45838,-121.8955,367,0.4,0.37,2021-08-18,955,N,VIIRS,h,2,317.63,48.62,N,0
41.45903,-121.90019,354.03,0.4,0.37,2021-08-18,955,N,VIIRS,n,2,319.49,48.62,N,0
41.45968,-121.90489,350.61,0.4,0.37,2021-08-18,955,N,VIIRS,n,2,305.36,20.99,N,0
41.46034,-121.90965,356.71,0.4,0.37,2021-08-18,955,N,VIIRS,n,2,307.23,20.99,N,0
41.461,-121.91444,367,0.4,0.37,2021-08-18,955,N,VIIRS,h,2,300.71,8.87,N,0
41.46165,-121.9192,332.25,0.4,0.37,2021-08-18,955,N,VIIRS,n,2,282.74,8.87,N,0
41.46175,-121.89465,309.28,0.4,0.37,2021-08-18,955,N,VIIRS,n,2,294.35,38.28,N,0
41.46239,-121.89933,343.7,0.4,0.37,2021-08-18,955,N,VIIRS,n,2,331.76,38.28,N,0
41.46304,-121.904,350.01,0.4,0.37,2021-08-18,955,N,VIIRS,n,2,298.96,12.24,N,0
41.46369,-121.90873,353.31,0.4,0.37,2021-08-18,955,N,VIIRS,n,2,295.15,12.24,N,0
41.46435,-121.9135,333.2,0.4,0.37,2021-08-18,955,N,VIIRS,n,2,295.42,4.57,N,0
41.46501,-121.91826,353.77,0.4,0.37,2021-08-18,955,N,VIIRS,n,2,300.11,4.57,N,0
41.4651,-121.89377,301.01,0.4,0.37,2021-08-18,955,N,VIIRS,n,2,279.31,38.28,N,0
41.46566,-121.923,354.76,0.4,0.37,2021-08-18,955,N,VIIRS,n,2,300.34,21.93,N,0
41.46574,-121.89838,338.91,0.4,0.37,2021-08-18,955,N,VIIRS,n,2,318.44,38.28,N,0
41.46631,-121.92771,367,0.4,0.37,2021-08-18,955,N,VIIRS,h,2,284.67,21.93,N,0
41.46638,-121.90302,348.88,0.4,0.37,2021-08-18,955,N,VIIRS,n,2,305.22,12.24,N,0
41.46696,-121.93237,305.9,0.4,0.37,2021-08-18,955,N,VIIRS,n,2,278.99,37.73,N,0
41.46703,-121.90771,321.01,0.4,0.37,2021-08-18,955,N,VIIRS,n,2,291.74,12.24,N,0
41.46769,-121.91245,326.21,0.4,0.37,2021-08-18,955,N,VIIRS,n,2,293.89,4.57,N,0
41.46835,-121.91721,316.05,0.4,0.37,2021-08-18,955,N,VIIRS,n,2,289.62,4.57,N,0
41.469,-121.92197,337.62,0.4,0.37,2021-08-18,955,N,VIIRS,n,2,296.07,21.93,N,0
41.46909,-121.89746,297.99,0.4,0.37,2021-08-18,955,N,VIIRS,n,2,279.12,1.84,N,0
41.46965,-121.92672,337.84,0.4,0.37,2021-08-18,955,N,VIIRS,n,2,320.87,21.93,N,0
41.46973,-121.90203,355.62,0.4,0.37,2021-08-18,955,N,VIIRS,n,2,304.11,16.29,N,0
41.47012,-121.98071,346.26,0.4,0.37,2021-08-18,955,N,VIIRS,n,2,281.09,10.85,N,0
41.4703,-121.93139,340.72,0.4,0.37,2021-08-18,955,N,VIIRS,n,2,324.44,37.73,N,0
41.47038,-121.90669,313.9,0.4,0.37,2021-08-18,955,N,VIIRS,n,2,288.71,16.29,N,0
41.47094,-121.93604,301.37,0.4,0.37,2021-08-18,955,N,VIIRS,n,2,277.01,37.73,N,0
41.47103,-121.91143,302.43,0.4,0.37,2021-08-18,955,N,VIIRS,n,2,284.09,2.41,N,0
41.47169,-121.91623,330.34,0.4,0.37,2021-08-18,955,N,VIIRS,n,2,288.33,2.41,N,0
41.47235,-121.92102,334.9,0.4,0.37,2021-08-18,955,N,VIIRS,n,2,291.51,5.47,N,0
41.47285,-121.97521,317.54,0.4,0.37,2021-08-18,955,N,VIIRS,n,2,278.54,5.95,N,0
41.47301,-121.92579,337.15,0.4,0.37,2021-08-18,955,N,VIIRS,n,2,297.1,5.47,N,0
41.47309,-121.90112,309.71,0.4,0.37,2021-08-18,955,N,VIIRS,n,2,291.39,16.29,N,0
41.4735,-121.97997,342.8,0.4,0.37,2021-08-18,955,N,VIIRS,n,2,295.83,13.68,N,0
41.47366,-121.9305,367,0.4,0.37,2021-08-18,955,N,VIIRS,h,2,341.12,50.65,N,0
41.47373,-121.90578,333.8,0.4,0.37,2021-08-18,955,N,VIIRS,n,2,289.16,16.29,N,0
41.47431,-121.93519,333.16,0.4,0.37,2021-08-18,955,N,VIIRS,n,2,279.32,50.65,N,0
41.47438,-121.91051,327.12,0.4,0.37,2021-08-18,955,N,VIIRS,n,2,282.62,2.41,N,0
41.47505,-121.91531,312.88,0.4,0.37,2021-08-18,955,N,VIIRS,n,2,284.5,2.41,N,0
41.47571,-121.92012,327.6,0.4,0.37,2021-08-18,955,N,VIIRS,n,2,287.19,5.47,N,0
41.47637,-121.9249,336.09,0.4,0.37,2021-08-18,955,N,VIIRS,n,2,295.13,5.47,N,0
41.47644,-121.90025,306.89,0.4,0.37,2021-08-18,955,N,VIIRS,n,2,277.33,6.85,N,0
41.47688,-121.97919,347.12,0.4,0.37,2021-08-18,955,N,VIIRS,n,2,285.07,13.68,N,0
41.47702,-121.92964,348.83,0.4,0.37,2021-08-18,955,N,VIIRS,n,2,313.63,50.65,N,0
41.47709,-121.90491,344.81,0.4,0.37,2021-08-18,955,N,VIIRS,n,2,281,6.85,N,0
41.47751,-121.98382,329.33,0.4,0.37,2021-08-18,955,N,VIIRS,n,2,283.47,13.68,N,0
41.47768,-121.93436,352.47,0.4,0.37,2021-08-18,955,N,VIIRS,n,2,306.01,50.65,N,0
41.47775,-121.90965,345.41,0.4,0.37,2021-08-18,955,N,VIIRS,n,2,288.1,4.23,N,0
41.47841,-121.91444,330.53,0.4,0.37,2021-08-18,955,N,VIIRS,n,2,285.73,4.23,N,0
41.47907,-121.91929,337.19,0.4,0.37,2021-08-18,955,N,VIIRS,n,2,287.48,3.17,N,0
41.47915,-121.8947,314.8,0.4,0.37,2021-08-18,955,N,VIIRS,n,2,276.99,3.31,N,0
41.47961,-121.97379,324.71,0.4,0.37,2021-08-18,955,N,VIIRS,n,2,279.84,1.84,N,0
41.47974,-121.92411,328.92,0.4,0.37,2021-08-18,955,N,VIIRS,n,2,286.02,3.17,N,0
41.4798,-121.8994,367,0.4,0.37,2021-08-18,955,N,VIIRS,h,2,293.91,6.85,N,0
41.48025,-121.97839,322.91,0.4,0.37,2021-08-18,955,N,VIIRS,n,2,280.94,1.99,N,0
41.4804,-121.9289,352.5,0.4,0.37,2021-08-18,955,N,VIIRS,n,2,303.82,18.86,N,0
41.48046,-121.90412,303.11,0.4,0.37,2021-08-18,955,N,VIIRS,n,2,276.38,6.85,N,0
41.48088,-121.983,316.05,0.4,0.37,2021-08-18,955,N,VIIRS,n,2,279.73,1.99,N,0
41.48106,-121.93369,348.97,0.4,0.37,2021-08-18,955,N,VIIRS,n,2,303.64,18.86,N,0
41.48112,-121.90891,333.14,0.4,0.37,2021-08-18,955,N,VIIRS,n,2,283.68,4.23,N,0
41.48178,-121.91376,327.01,0.4,0.37,2021-08-18,955,N,VIIRS,n,2,285.17,4.23,N,0
41.48232,-121.9682,308.54,0.4,0.37,2021-08-18,955,N,VIIRS,n,2,278.77,1.84,N,0
41.48246,-121.91863,320.72,0.4,0.37,2021-08-18,955,N,VIIRS,n,2,284.41,3.17,N,0
41.48299,-121.97303,305.24,0.4,0.37,2021-08-18,955,N,VIIRS,n,2,280.4,1.84,N,0
41.48313,-121.92348,321.79,0.4,0.37,2021-08-18,955,N,VIIRS,n,2,285.84,3.17,N,0
41.48379,-121.9283,350.02,0.4,0.37,2021-08-18,955,N,VIIRS,n,2,304.86,18.86,N,0
41.48445,-121.93311,330.35,0.4,0.37,2021-08-18,955,N,VIIRS,n,2,282.98,18.86,N,0
41.4845,-121.90826,323.99,0.4,0.37,2021-08-18,955,N,VIIRS,n,2,280.49,4.01,N,0
41.48512,-121.93795,352.01,0.4,0.37,2021-08-18,955,N,VIIRS,n,2,283.79,27.61,N,0
41.48518,-121.91314,336.05,0.4,0.37,2021-08-18,955,N,VIIRS,n,2,288.98,4.01,N,0
41.48571,-121.96752,320.12,0.4,0.37,2021-08-18,955,N,VIIRS,n,2,280.52,1.94,N,0
41.48585,-121.91803,322.3,0.4,0.37,2021-08-18,955,N,VIIRS,n,2,287.43,4.58,N,0
41.48623,-121.99657,312.12,0.4,0.37,2021-08-18,955,N,VIIRS,n,2,278.13,3.04,N,0
41.48636,-121.97226,320.37,0.4,0.37,2021-08-18,955,N,VIIRS,n,2,281.4,1.94,N,0
41.48652,-121.92288,336.9,0.4,0.37,2021-08-18,955,N,VIIRS,n,2,292.47,4.58,N,0
41.48691,-122.00158,325.71,0.4,0.37,2021-08-18,955,N,VIIRS,n,2,278.26,3.04,N,0
41.48718,-121.92769,350.02,0.4,0.37,2021-08-18,955,N,VIIRS,n,2,301.77,8.86,N,0
41.48785,-121.9325,329.71,0.4,0.37,2021-08-18,955,N,VIIRS,n,2,284.05,8.86,N,0
41.48789,-121.90758,295.11,0.4,0.37,2021-08-18,955,N,VIIRS,n,2,276.87,4.01,N,0
41.48851,-121.93729,347.36,0.4,0.37,2021-08-18,955,N,VIIRS,n,2,302.59,15.22,N,0
41.48856,-121.91248,351.98,0.4,0.37,2021-08-18,955,N,VIIRS,n,2,294.13,4.01,N,0
41.48891,-121.99069,301.19,0.4,0.37,2021-08-18,955,N,VIIRS,n,2,274.78,0.88,N,0
41.48917,-121.9421,351.85,0.4,0.37,2021-08-18,955,N,VIIRS,n,2,290.6,15.22,N,0
41.48923,-121.91734,343.98,0.4,0.37,2021-08-18,955,N,VIIRS,n,2,295.05,4.58,N,0
41.48958,-121.99559,329.1,0.4,0.37,2021-08-18,955,N,VIIRS,n,2,280.01,18.38,N,0
41.48974,-121.97147,303.97,0.4,0.37,2021-08-18,955,N,VIIRS,n,2,279.68,1.94,N,0
41.4899,-121.92217,335.75,0.4,0.37,2021-08-18,955,N,VIIRS,n,2,294.03,4.58,N,0
41.49026,-122.00056,349.33,0.4,0.37,2021-08-18,955,N,VIIRS,n,2,298.23,18.38,N,0
41.49056,-121.92698,340.21,0.4,0.37,2021-08-18,955,N,VIIRS,n,2,293.43,8.86,N,0
41.49094,-122.00558,326.42,0.4,0.37,2021-08-18,955,N,VIIRS,n,2,280.16,5.44,N,0
41.491,-121.98058,296.09,0.4,0.37,2021-08-18,955,N,VIIRS,n,2,275.76,0.94,N,0
41.49122,-121.93176,324.54,0.4,0.37,2021-08-18,955,N,VIIRS,n,2,285.97,8.86,N,0
41.49188,-121.93654,323.08,0.4,0.37,2021-08-18,955,N,VIIRS,n,2,283.75,15.22,N,0
41.49194,-121.91172,336.37,0.4,0.37,2021-08-18,955,N,VIIRS,n,2,285.89,2.63,N,0
41.49246,-121.96599,306.4,0.4,0.37,2021-08-18,955,N,VIIRS,n,2,279.97,1.06,N,0
41.49255,-121.94134,317.23,0.4,0.37,2021-08-18,955,N,VIIRS,n,2,284.12,15.22,N,0
41.49261,-121.91658,336.66,0.4,0.37,2021-08-18,955,N,VIIRS,n,2,296.46,5.85,N,0
41.49321,-121.94611,336.35,0.4,0.37,2021-08-18,955,N,VIIRS,n,2,284.6,4.54,N,0
41.49327,-121.9214,346.35,0.4,0.37,2021-08-18,955,N,VIIRS,n,2,298.38,5.85,N,0
41.49386,-121.9509,330.25,0.4,0.37,2021-08-18,955,N,VIIRS,n,2,280.87,4.54,N,0
41.49393,-121.92619,332.8,0.4,0.37,2021-08-18,955,N,VIIRS,n,2,290.63,2.69,N,0
41.49429,-122.00457,320.4,0.4,0.37,2021-08-18,955,N,VIIRS,n,2,279.6,5.44,N,0
41.49453,-121.95569,335.67,0.4,0.37,2021-08-18,955,N,VIIRS,n,2,282.41,5.08,N,0
41.49459,-121.93095,319.95,0.4,0.37,2021-08-18,955,N,VIIRS,n,2,286.09,2.69,N,0
41.49525,-121.93572,332.33,0.4,0.37,2021-08-18,955,N,VIIRS,n,2,290.44,2.28,N,0
41.49531,-121.91096,312.23,0.4,0.37,2021-08-18,955,N,VIIRS,n,2,279.49,2.63,N,0
41.49591,-121.94044,317.68,0.4,0.37,2021-08-18,955,N,VIIRS,n,2,284.69,2.28,N,0
41.49598,-121.9158,342.85,0.4,0.37,2021-08-18,955,N,VIIRS,n,2,291.74,5.85,N,0
41.49657,-121.9452,324.38,0.4,0.37,2021-08-18,955,N,VIIRS,n,2,283.59,2.31,N,0
41.49664,-121.92057,339.13,0.4,0.37,2021-08-18,955,N,VIIRS,n,2,292.42,5.85,N,0
41.49722,-121.94998,318.97,0.4,0.37,2021-08-18,955,N,VIIRS,n,2,282.66,2.31,N,0
41.49729,-121.9253,326.28,0.4,0.37,2021-08-18,955,N,VIIRS,n,2,286.6,2.69,N,0
41.49788,-121.95475,336.34,0.4,0.37,2021-08-18,955,N,VIIRS,n,2,287.38,4.9,N,0
41.49794,-121.93001,304.5,0.4,0.37,2021-08-18,955,N,VIIRS,n,2,283.16,2.69,N,0
41.4986,-121.93469,302.2,0.4,0.37,2021-08-18,955,N,VIIRS,n,2,281.39,2.28,N,0
41.51059,-121.94584,301.42,0.4,0.37,2021-08-18,955,N,VIIRS,n,2,275.15,0.64,N,0
41.51319,-121.98998,295.93,0.4,0.37,2021-08-18,955,N,VIIRS,n,2,274.92,0.95,N,0
41.51726,-121.96896,307.33,0.4,0.37,2021-08-18,955,N,VIIRS,n,2,275.57,1.35,N,0
41.51859,-121.9786,305.61,0.4,0.37,2021-08-18,955,N,VIIRS,n,2,276.36,1.78,N,0
41.51927,-121.98351,321.33,0.4,0.37,2021-08-18,955,N,VIIRS,n,2,279.48,1.78,N,0
41.51995,-121.98846,328.21,0.4,0.37,2021-08-18,955,N,VIIRS,n,2,281.72,3.38,N,0
41.52063,-121.99341,324.51,0.4,0.37,2021-08-18,955,N,VIIRS,n,2,282.21,3.38,N,0
41.52131,-121.99835,330.35,0.4,0.37,2021-08-18,955,N,VIIRS,n,2,282.7,4.67,N,0
41.52195,-121.9777,323.36,0.4,0.37,2021-08-18,955,N,VIIRS,n,2,278.6,1.45,N,0
41.522,-122.00331,329.65,0.4,0.37,2021-08-18,955,N,VIIRS,n,2,282.84,4.67,N,0
41.52263,-121.98261,298.39,0.4,0.37,2021-08-18,955,N,VIIRS,n,2,277.45,1.45,N,0
41.52268,-122.0083,324.01,0.4,0.37,2021-08-18,955,N,VIIRS,n,2,279.28,4.75,N,0
41.52531,-121.97681,305.79,0.4,0.37,2021-08-18,955,N,VIIRS,n,2,276.62,1.45,N,0
41.53137,-121.97022,306.22,0.4,0.37,2021-08-18,955,N,VIIRS,n,2,275.09,0.99,N,0
41.53206,-121.97523,306.26,0.4,0.37,2021-08-18,955,N,VIIRS,n,2,276.53,1.31,N,0
41.53274,-121.98014,299.83,0.4,0.37,2021-08-18,955,N,VIIRS,n,2,276.05,1.31,N,0
41.53366,-121.73791,298.5,0.4,0.37,2021-08-18,955,N,VIIRS,n,2,278.63,0.86,N,0
41.53469,-121.99429,309.82,0.4,0.37,2021-08-18,955,N,VIIRS,n,2,274.31,1.49,N,0
41.53476,-121.96957,304.84,0.4,0.37,2021-08-18,955,N,VIIRS,n,2,275.82,0.98,N,0
41.53535,-121.99901,313.63,0.4,0.37,2021-08-18,955,N,VIIRS,n,2,276.17,1.49,N,0
41.53699,-121.73696,349.95,0.4,0.37,2021-08-18,955,N,VIIRS,n,2,281.46,56.64,N,0
41.53764,-121.74158,300.76,0.4,0.37,2021-08-18,955,N,VIIRS,n,2,277.54,56.64,N,0
41.54034,-121.73608,367,0.4,0.37,2021-08-18,955,N,VIIRS,h,2,333.59,56.64,N,0
41.54099,-121.74071,338.13,0.4,0.37,2021-08-18,955,N,VIIRS,n,2,301.1,56.64,N,0
41.54128,-121.739,367,0.4,0.37,2021-08-18,955,N,VIIRS,h,2,354.05,81.71,N,0
41.54193,-121.74358,300.31,0.4,0.37,2021-08-18,955,N,VIIRS,n,2,276.62,81.71,N,0
41.54463,-121.73814,367,0.4,0.37,2021-08-18,955,N,VIIRS,h,2,349.12,81.71,N,0
41.54502,-121.76928,298.88,0.4,0.37,2021-08-18,955,N,VIIRS,n,2,276.2,1.33,N,0
41.54525,-121.76753,301.25,0.4,0.37,2021-08-18,955,N,VIIRS,n,2,277.05,1.5,N,0
41.54527,-121.74273,355.78,0.4,0.37,2021-08-18,955,N,VIIRS,n,2,300.65,81.71,N,0
41.54591,-121.77237,306.67,0.4,0.37,2021-08-18,955,N,VIIRS,n,2,276.98,1.5,N,0
41.54592,-121.74737,295.24,0.4,0.37,2021-08-18,955,N,VIIRS,n,2,275.32,3.65,N,0
41.54677,-122.00603,308.41,0.4,0.37,2021-08-18,955,N,VIIRS,n,2,274.53,1.02,N,0
41.54733,-121.73267,308.62,0.4,0.37,2021-08-18,955,N,VIIRS,n,2,278.78,5.65,N,0
41.54798,-121.7373,367,0.4,0.37,2021-08-18,955,N,VIIRS,h,2,339.94,41.71,N,0
41.5486,-121.7667,316.65,0.4,0.37,2021-08-18,955,N,VIIRS,n,2,279.59,1.5,N,0
41.54863,-121.74189,350.86,0.4,0.37,2021-08-18,955,N,VIIRS,n,2,306.66,41.71,N,0
41.54927,-121.77156,330.87,0.4,0.37,2021-08-18,955,N,VIIRS,n,2,281.8,1.5,N,0
41.54928,-121.74658,327.66,0.4,0.37,2021-08-18,955,N,VIIRS,n,2,277.39,13.94,N,0
41.54966,-121.97647,297.56,0.4,0.37,2021-08-18,955,N,VIIRS,n,2,277.89,0.66,N,0
41.55016,-122.00533,299.98,0.4,0.37,2021-08-18,955,N,VIIRS,n,2,273.96,1.02,N,0
41.55133,-121.73647,338.63,0.4,0.37,2021-08-18,955,N,VIIRS,n,2,303.03,41.71,N,0
41.55196,-121.76587,303.01,0.4,0.37,2021-08-18,955,N,VIIRS,n,2,276.98,0.88,N,0
41.55198,-121.7411,345.72,0.4,0.37,2021-08-18,955,N,VIIRS,n,2,301.36,41.71,N,0
41.55263,-121.77076,299.91,0.4,0.37,2021-08-18,955,N,VIIRS,n,2,277.14,0.88,N,0
41.55263,-121.74574,339.18,0.4,0.37,2021-08-18,955,N,VIIRS,n,2,285.08,13.94,N,0
41.55304,-121.97572,301.97,0.4,0.37,2021-08-18,955,N,VIIRS,n,2,278.36,0.66,N,0
41.5533,-121.77558,299.63,0.4,0.37,2021-08-18,955,N,VIIRS,n,2,276.98,0.81,N,0
41.55464,-121.76022,295.95,0.4,0.37,2021-08-18,955,N,VIIRS,n,2,276.15,0.96,N,0
41.55534,-121.74028,328.94,0.4,0.37,2021-08-18,955,N,VIIRS,n,2,278.66,2.68,N,0
41.55599,-121.74493,334.77,0.4,0.37,2021-08-18,955,N,VIIRS,n,2,284.4,3.92,N,0
41.55666,-121.7748,301.27,0.4,0.37,2021-08-18,955,N,VIIRS,n,2,277.87,0.81,N,0
41.55666,-121.74977,343.28,0.4,0.37,2021-08-18,955,N,VIIRS,n,2,280.59,3.92,N,0
41.55733,-121.75465,313.66,0.4,0.37,2021-08-18,955,N,VIIRS,n,2,276.1,3,N,0
41.558,-121.75945,320.07,0.4,0.37,2021-08-18,955,N,VIIRS,n,2,278.14,3,N,0
41.55935,-121.74415,301.6,0.4,0.37,2021-08-18,955,N,VIIRS,n,2,277.19,3.92,N,0
41.56002,-121.74897,343.15,0.4,0.37,2021-08-18,955,N,VIIRS,n,2,284.58,3.92,N,0
41.56069,-121.75386,348.56,0.4,0.37,2021-08-18,955,N,VIIRS,n,2,286.11,3,N,0
41.56137,-121.75871,302.12,0.4,0.37,2021-08-18,955,N,VIIRS,n,2,277.54,3,N,0
41.56203,-121.76356,312.77,0.4,0.37,2021-08-18,955,N,VIIRS,n,2,278.44,2.07,N,0
41.56308,-121.99789,296.44,0.4,0.37,2021-08-18,955,N,VIIRS,n,2,276.22,0.8,N,0
41.56337,-121.74818,322.23,0.4,0.37,2021-08-18,955,N,VIIRS,n,2,277.18,2.07,N,0
41.56405,-121.77805,313.19,0.4,0.37,2021-08-18,955,N,VIIRS,n,2,279.21,2.17,N,0
41.56405,-121.75307,305.94,0.4,0.37,2021-08-18,955,N,VIIRS,n,2,277.16,1.63,N,0
41.56741,-121.77724,295.41,0.4,0.37,2021-08-18,955,N,VIIRS,n,2,276.66,0.85,N,0
41.57077,-121.77644,309.35,0.4,0.37,2021-08-18,955,N,VIIRS,n,2,279.32,0.85,N,0
41.57145,-121.75633,298.71,0.4,0.37,2021-08-18,955,N,VIIRS,n,2,277.54,0.87,N,0
41.57341,-121.79548,316.49,0.4,0.37,2021-08-18,955,N,VIIRS,n,2,278.89,1.2,N,0
41.57407,-121.80021,303.06,0.4,0.37,2021-08-18,955,N,VIIRS,n,2,278.57,1.41,N,0
41.57479,-121.78039,317.37,0.4,0.37,2021-08-18,955,N,VIIRS,n,2,279.93,2.51,N,0
41.57548,-121.76039,296.7,0.4,0.37,2021-08-18,955,N,VIIRS,n,2,277.14,0.89,N,0
41.57815,-121.77957,331.16,0.4,0.37,2021-08-18,955,N,VIIRS,n,2,282.34,2.51,N,0
41.57816,-121.75472,329.08,0.4,0.37,2021-08-18,955,N,VIIRS,n,2,281.28,2.25,N,0
41.57874,-121.8088,295.65,0.4,0.37,2021-08-18,955,N,VIIRS,n,2,277.9,0.96,N,0
41.58011,-121.79368,305.83,0.4,0.37,2021-08-18,955,N,VIIRS,n,2,278.49,0.92,N,0
41.5815,-121.77873,308.54,0.4,0.37,2021-08-18,955,N,VIIRS,n,2,278.43,1.15,N,0
41.58152,-121.75394,315.21,0.4,0.37,2021-08-18,955,N,VIIRS,n,2,280.18,2.25,N,0
41.5822,-121.75882,304.9,0.4,0.37,2021-08-18,955,N,VIIRS,n,2,277.93,2.63,N,0
41.58347,-121.79279,310.55,0.4,0.37,2021-08-18,955,N,VIIRS,n,2,278.46,1.15,N,0
41.58486,-121.77792,296.31,0.4,0.37,2021-08-18,955,N,VIIRS,n,2,277.75,1.15,N,0
41.58551,-121.7826,313.39,0.4,0.37,2021-08-18,955,N,VIIRS,n,2,279.67,1.15,N,0
41.58887,-121.78177,303.86,0.4,0.37,2021-08-18,955,N,VIIRS,n,2,279.15,1.38,N,0
41.59895,-121.7793,309.82,0.4,0.37,2021-08-18,955,N,VIIRS,n,2,278.62,0.96,N,0
41.59954,-121.80847,297.95,0.4,0.37,2021-08-18,955,N,VIIRS,n,2,276.82,1.24,N,0
41.5996,-121.784,299.51,0.4,0.37,2021-08-18,955,N,VIIRS,n,2,277.27,1.09,N,0
41.6097,-121.78166,296.8,0.4,0.37,2021-08-18,955,N,VIIRS,n,2,277.03,1.39,N,0
41.61306,-121.78091,309.87,0.4,0.37,2021-08-18,955,N,VIIRS,n,2,278.89,1.39,N,0
41.61444,-121.76589,296.11,0.4,0.37,2021-08-18,955,N,VIIRS,n,2,279.02,1.39,N,0
41.61577,-121.77543,308.09,0.4,0.37,2021-08-18,955,N,VIIRS,n,2,279.39,2.37,N,0
41.61644,-121.78021,336.18,0.4,0.37,2021-08-18,955,N,VIIRS,n,2,283.56,3.42,N,0
41.61982,-121.77951,320.12,0.4,0.37,2021-08-18,955,N,VIIRS,n,2,283.4,3.42,N,0
39.44202,-121.9867,302.48,0.39,0.36,2021-08-18,956,N,VIIRS,n,2,292.09,1.04,N,0
39.56317,-119.52021,301.68,0.39,0.36,2021-08-18,956,N,VIIRS,n,2,287.13,0.86,N,0
39.61936,-119.26295,299.82,0.39,0.36,2021-08-18,956,N,VIIRS,n,2,288.04,0.71,N,2
39.92905,-121.21784,334.28,0.48,0.4,2021-08-18,2118,N,VIIRS,l,2,307.43,5.39,D,0
40.08439,-121.09155,355.92,0.49,0.4,2021-08-18,2118,N,VIIRS,n,2,303.17,15.57,D,0
40.085,-121.08615,334.63,0.49,0.4,2021-08-18,2118,N,VIIRS,n,2,298.74,15.57,D,0
40.08781,-120.72073,337.02,0.5,0.41,2021-08-18,2118,N,VIIRS,n,2,293.98,5.04,D,0
40.08873,-121.08665,347.5,0.49,0.4,2021-08-18,2118,N,VIIRS,n,2,300.58,10.52,D,0
40.08936,-121.08114,340.18,0.49,0.4,2021-08-18,2118,N,VIIRS,n,2,300.45,24.03,D,0
40.08995,-121.10896,342.14,0.48,0.4,2021-08-18,2118,N,VIIRS,n,2,303.32,16.2,D,0
40.09045,-120.73172,367,0.5,0.41,2021-08-18,2118,N,VIIRS,h,2,297.98,16.64,D,0
40.09061,-121.10324,339.14,0.48,0.4,2021-08-18,2118,N,VIIRS,n,2,296.91,13.54,D,0
40.09101,-120.72655,357.03,0.5,0.41,2021-08-18,2118,N,VIIRS,n,2,297.7,23.76,D,0
40.09158,-120.72138,353.6,0.5,0.41,2021-08-18,2118,N,VIIRS,n,2,299.34,23.76,D,0
40.09216,-120.71606,336.73,0.5,0.41,2021-08-18,2118,N,VIIRS,n,2,293.38,20.28,D,0
40.0931,-121.11454,345.58,0.48,0.4,2021-08-18,2118,N,VIIRS,n,2,293.97,165.38,D,0
40.0936,-120.73798,347.2,0.5,0.41,2021-08-18,2118,N,VIIRS,n,2,298.3,16.64,D,0
40.09373,-121.10896,367,0.48,0.4,2021-08-18,2118,N,VIIRS,h,2,296.88,165.38,D,0
40.09436,-121.1035,335.03,0.48,0.4,2021-08-18,2118,N,VIIRS,n,2,297.98,18.3,D,0
40.09526,-121.11005,367,0.48,0.4,2021-08-18,2118,N,VIIRS,h,2,343.21,143.27,D,0
40.09586,-121.10464,349.92,0.49,0.4,2021-08-18,2118,N,VIIRS,n,2,304,143.27,D,0
40.09592,-120.7167,344.95,0.5,0.41,2021-08-18,2118,N,VIIRS,n,2,300.63,20.28,D,0
40.09686,-121.11468,367,0.48,0.4,2021-08-18,2118,N,VIIRS,h,2,332.17,165.38,D,0
40.0973,-120.73913,345.8,0.5,0.41,2021-08-18,2118,N,VIIRS,n,2,304.91,32.84,D,0
40.09748,-121.10927,367,0.48,0.4,2021-08-18,2118,N,VIIRS,h,2,361.52,165.38,D,0
40.0981,-121.10384,343.76,0.48,0.4,2021-08-18,2118,N,VIIRS,n,2,299.56,18.3,D,0
40.09898,-121.1106,291.1,0.48,0.4,2021-08-18,2118,N,VIIRS,l,2,324.07,143.27,D,0
40.09958,-121.10506,342.6,0.49,0.4,2021-08-18,2118,N,VIIRS,n,2,297.15,143.27,D,0
40.09969,-120.71731,347.33,0.5,0.41,2021-08-18,2118,N,VIIRS,n,2,295.74,10.5,D,0
40.10098,-120.74049,349.26,0.5,0.41,2021-08-18,2118,N,VIIRS,n,2,305.91,32.84,D,0
40.10118,-121.10995,337.79,0.48,0.4,2021-08-18,2118,N,VIIRS,n,2,296.65,13,D,0
40.10467,-120.74176,350.34,0.5,0.41,2021-08-18,2118,N,VIIRS,n,2,300.66,22.52,D,0
40.10664,-120.72391,346.16,0.5,0.41,2021-08-18,2118,N,VIIRS,n,2,300.4,22.18,D,0
40.10725,-120.71835,343.51,0.5,0.41,2021-08-18,2118,N,VIIRS,n,2,308.37,59.63,D,0
40.1085,-120.77644,356.35,0.5,0.41,2021-08-18,2118,N,VIIRS,n,2,305.9,72.47,D,0
40.11041,-120.72446,356.68,0.5,0.41,2021-08-18,2118,N,VIIRS,n,2,300.29,22.18,D,0
40.111,-120.78836,342.24,0.5,0.41,2021-08-18,2118,N,VIIRS,n,2,311.5,38.72,D,0
40.11164,-120.78259,367,0.5,0.41,2021-08-18,2118,N,VIIRS,h,2,297.1,38.72,D,0
40.11293,-120.77102,349.78,0.5,0.41,2021-08-18,2118,N,VIIRS,n,2,299.56,72.47,D,0
40.11416,-120.72525,351.44,0.5,0.41,2021-08-18,2118,N,VIIRS,n,2,309.39,58.92,D,0
40.11419,-120.79412,348.7,0.5,0.41,2021-08-18,2118,N,VIIRS,n,2,305.31,17.96,D,0
40.11481,-120.78857,353.79,0.5,0.41,2021-08-18,2118,N,VIIRS,n,2,297.69,20.1,D,0
40.11675,-120.77112,346.61,0.5,0.41,2021-08-18,2118,N,VIIRS,n,2,303.09,25.38,D,0
40.11926,-120.67906,342.76,0.51,0.41,2021-08-18,2118,N,VIIRS,n,2,296.8,13.65,D,0
40.12056,-120.77136,345.92,0.5,0.41,2021-08-18,2118,N,VIIRS,n,2,299.92,25.38,D,0
40.12306,-120.67944,354.77,0.51,0.41,2021-08-18,2118,N,VIIRS,n,2,303.49,13.65,D,0
40.13064,-120.68041,345.7,0.51,0.41,2021-08-18,2118,N,VIIRS,n,2,302.11,24.75,D,0
40.13298,-120.6938,367,0.5,0.41,2021-08-18,2118,N,VIIRS,h,2,303.19,46.85,D,0
40.13372,-120.6873,344.78,0.5,0.41,2021-08-18,2118,N,VIIRS,n,2,300.79,9.89,D,0
40.13747,-120.68805,345.78,0.5,0.41,2021-08-18,2118,N,VIIRS,n,2,300.05,9.89,D,0
40.14238,-120.46758,353.16,0.52,0.41,2021-08-18,2118,N,VIIRS,n,2,304.16,66.41,D,0
40.14303,-120.46157,367,0.52,0.41,2021-08-18,2118,N,VIIRS,h,2,307.65,66.41,D,0
40.14366,-120.45578,367,0.52,0.41,2021-08-18,2118,N,VIIRS,l,2,351.27,203.52,D,0
40.14405,-120.76654,345.72,0.5,0.41,2021-08-18,2118,N,VIIRS,n,2,301.98,2.68,D,0
40.14428,-120.44999,344.73,0.52,0.41,2021-08-18,2118,N,VIIRS,n,2,319.24,203.52,D,0
40.14618,-120.46832,367,0.52,0.41,2021-08-18,2118,N,VIIRS,l,2,328.75,66.41,D,0
40.14811,-120.45054,367,0.52,0.41,2021-08-18,2118,N,VIIRS,h,2,360.92,203.52,D,0
40.14997,-120.46913,353.72,0.52,0.41,2021-08-18,2118,N,VIIRS,n,2,309.04,53.52,D,0
40.15259,-120.44503,338.34,0.52,0.41,2021-08-18,2118,N,VIIRS,n,2,310.24,35.63,D,0
40.15641,-120.44566,355.71,0.52,0.41,2021-08-18,2118,N,VIIRS,n,2,313.37,35.63,D,0
40.15803,-120.50185,367,0.51,0.41,2021-08-18,2118,N,VIIRS,h,2,327.24,217.74,D,0
40.16065,-120.4779,355.42,0.52,0.41,2021-08-18,2118,N,VIIRS,n,2,288.58,16.72,D,0
40.16086,-120.4404,340.53,0.52,0.41,2021-08-18,2118,N,VIIRS,n,2,309.6,58.52,D,0
40.16135,-120.47153,355.24,0.52,0.41,2021-08-18,2118,N,VIIRS,n,2,294.89,17.53,D,0
40.16359,-120.47271,353.16,0.52,0.41,2021-08-18,2118,N,VIIRS,n,2,306.77,579.29,D,0
40.16444,-120.47871,367,0.52,0.41,2021-08-18,2118,N,VIIRS,h,2,340.43,509.48,D,0
40.16466,-120.44123,367,0.52,0.41,2021-08-18,2118,N,VIIRS,l,2,333.05,58.52,D,0
40.16513,-120.47235,367,0.52,0.41,2021-08-18,2118,N,VIIRS,h,2,344.69,325.22,D,0
40.16582,-120.46613,348.57,0.52,0.41,2021-08-18,2118,N,VIIRS,n,2,299.71,325.22,D,0
40.16671,-120.47993,367,0.52,0.41,2021-08-18,2118,N,VIIRS,l,2,366.85,579.29,D,0
40.16675,-120.44238,354.86,0.52,0.41,2021-08-18,2118,N,VIIRS,n,2,311.23,31.42,D,0
40.16738,-120.47356,367,0.52,0.41,2021-08-18,2118,N,VIIRS,h,2,366.98,579.29,D,0
40.16817,-120.72049,348.23,0.5,0.41,2021-08-18,2118,N,VIIRS,n,2,313.17,45.12,D,0
40.16822,-120.47954,367,0.52,0.41,2021-08-18,2118,N,VIIRS,l,2,349.15,509.48,D,0
40.16892,-120.4732,367,0.52,0.41,2021-08-18,2118,N,VIIRS,h,2,360.4,325.22,D,0
40.17117,-120.4744,367,0.52,0.41,2021-08-18,2118,N,VIIRS,h,2,346.21,465.8,D,0
40.17201,-120.48035,321.15,0.52,0.41,2021-08-18,2118,N,VIIRS,l,2,324.94,186.65,D,0
40.17271,-120.47403,367,0.52,0.41,2021-08-18,2118,N,VIIRS,l,2,333.43,129.35,D,0
40.1729,-120.43682,349.09,0.52,0.41,2021-08-18,2118,N,VIIRS,n,2,316.97,16.41,D,0
40.17448,-120.49313,356.87,0.52,0.41,2021-08-18,2118,N,VIIRS,n,2,299.8,132.82,D,0
40.17498,-120.43786,351.02,0.52,0.41,2021-08-18,2118,N,VIIRS,n,2,320.35,19.82,D,0
40.17562,-120.46896,351.54,0.52,0.41,2021-08-18,2118,N,VIIRS,n,2,304.69,60.97,D,0
40.17672,-120.43751,346.75,0.52,0.41,2021-08-18,2118,N,VIIRS,n,2,314.7,21.88,D,0
40.17707,-120.7091,339.81,0.5,0.41,2021-08-18,2118,N,VIIRS,n,2,309.41,69.85,D,0
40.17719,-120.4686,353.98,0.52,0.41,2021-08-18,2118,N,VIIRS,n,2,308.76,129.35,D,0
40.17788,-120.46236,349.18,0.52,0.41,2021-08-18,2118,N,VIIRS,n,2,308.68,16.16,D,0
40.17879,-120.43861,352.48,0.52,0.41,2021-08-18,2118,N,VIIRS,n,2,308.18,19.82,D,0
40.18004,-120.53731,355.21,0.51,0.41,2021-08-18,2118,N,VIIRS,l,2,312.65,192.08,D,0
40.18006,-120.46355,350.7,0.52,0.41,2021-08-18,2118,N,VIIRS,n,2,310.59,85.47,D,0
40.18055,-120.43803,346.32,0.52,0.41,2021-08-18,2118,N,VIIRS,n,2,307.23,21.88,D,0
40.18086,-120.7096,341.71,0.5,0.41,2021-08-18,2118,N,VIIRS,n,2,309.33,69.85,D,0
40.18261,-120.51301,367,0.51,0.41,2021-08-18,2118,N,VIIRS,h,2,360.69,180.23,D,0
40.18264,-120.43887,351.01,0.52,0.41,2021-08-18,2118,N,VIIRS,n,2,301.71,21.94,D,0
40.18385,-120.46443,350.59,0.52,0.41,2021-08-18,2118,N,VIIRS,n,2,300.28,85.47,D,0
40.18399,-120.71619,367,0.5,0.41,2021-08-18,2118,N,VIIRS,h,2,336.46,126.02,D,0
40.18446,-120.5321,367,0.51,0.41,2021-08-18,2118,N,VIIRS,h,2,309.52,74.72,D,0
40.18511,-120.52596,356.2,0.51,0.41,2021-08-18,2118,N,VIIRS,l,2,309.11,74.72,D,0
40.18641,-120.51369,367,0.51,0.41,2021-08-18,2118,N,VIIRS,l,2,327.61,180.23,D,0
40.1865,-120.4392,346.11,0.52,0.41,2021-08-18,2118,N,VIIRS,n,2,309.11,21.94,D,0
40.18759,-120.53902,367,0.51,0.41,2021-08-18,2118,N,VIIRS,l,2,355.31,240.29,D,0
40.18764,-120.46532,367,0.52,0.41,2021-08-18,2118,N,VIIRS,h,2,362.2,289.69,D,0
40.18824,-120.53295,367,0.51,0.41,2021-08-18,2118,N,VIIRS,h,2,316.7,63.08,D,0
40.1883,-120.45903,347.13,0.52,0.41,2021-08-18,2118,N,VIIRS,n,2,320.03,59.93,D,0
40.1889,-120.5268,356.88,0.51,0.41,2021-08-18,2118,N,VIIRS,n,2,307.87,63.08,D,0
40.19034,-120.43958,346.24,0.52,0.41,2021-08-18,2118,N,VIIRS,n,2,305.93,21.3,D,0
40.19095,-120.68732,346.46,0.51,0.41,2021-08-18,2118,N,VIIRS,n,2,316.02,31.31,D,0
40.19138,-120.53986,367,0.51,0.41,2021-08-18,2118,N,VIIRS,h,2,337.32,240.29,D,0
40.19143,-120.46616,367,0.52,0.41,2021-08-18,2118,N,VIIRS,h,2,369,289.69,D,0
40.19201,-120.53384,354.74,0.51,0.41,2021-08-18,2118,N,VIIRS,n,2,316.9,63.08,D,0
40.19209,-120.45994,350.02,0.52,0.41,2021-08-18,2118,N,VIIRS,n,2,313.24,59.93,D,0
40.19395,-120.47911,350.79,0.52,0.41,2021-08-18,2118,N,VIIRS,n,2,312.39,79.92,D,0
40.19418,-120.44002,354.9,0.52,0.41,2021-08-18,2118,N,VIIRS,n,2,306.98,21.3,D,0
40.19516,-120.54066,367,0.51,0.41,2021-08-18,2118,N,VIIRS,h,2,336.09,341.29,D,0
40.19579,-120.53468,367,0.51,0.41,2021-08-18,2118,N,VIIRS,h,2,355.3,220.34,D,0
40.19589,-120.46072,345.25,0.52,0.41,2021-08-18,2118,N,VIIRS,n,2,308.27,10.09,D,0
40.19644,-120.5286,367,0.51,0.41,2021-08-18,2118,N,VIIRS,h,2,312.37,220.34,D,0
40.19774,-120.47987,367,0.52,0.41,2021-08-18,2118,N,VIIRS,h,2,335.64,79.92,D,0
40.20154,-120.48063,356.01,0.52,0.41,2021-08-18,2118,N,VIIRS,n,2,312.38,46.7,D,0
40.20263,-120.43353,351.32,0.52,0.41,2021-08-18,2118,N,VIIRS,n,2,315.08,87.22,D,0
40.2034,-120.53591,367,0.51,0.41,2021-08-18,2118,N,VIIRS,l,2,371.82,264.91,D,0
40.20398,-120.63824,352.09,0.51,0.41,2021-08-18,2118,N,VIIRS,n,2,316.96,15.04,D,0
40.20404,-120.52996,354.42,0.51,0.41,2021-08-18,2118,N,VIIRS,n,2,320.1,264.91,D,0
40.20645,-120.43417,342.23,0.52,0.41,2021-08-18,2118,N,VIIRS,n,2,311.46,14.95,D,0
40.2072,-120.5366,367,0.51,0.41,2021-08-18,2118,N,VIIRS,l,2,363.69,264.91,D,0
40.2072,-120.42712,348.29,0.52,0.41,2021-08-18,2118,N,VIIRS,n,2,308.79,14.95,D,0
40.20783,-120.53069,367,0.51,0.41,2021-08-18,2118,N,VIIRS,h,2,349.24,264.91,D,0
40.2079,-120.42049,337.61,0.52,0.41,2021-08-18,2118,N,VIIRS,l,2,310.61,8.7,D,0
40.21103,-120.42771,354,0.52,0.41,2021-08-18,2118,N,VIIRS,n,2,318.21,14.95,D,0
40.21162,-120.53139,367,0.51,0.41,2021-08-18,2118,N,VIIRS,h,2,340.22,352.92,D,0
40.21542,-120.5321,367,0.51,0.41,2021-08-18,2118,N,VIIRS,l,2,376.44,352.92,D,0
40.21684,-120.69678,343.61,0.51,0.41,2021-08-18,2118,N,VIIRS,n,2,311.47,6,D,0
40.21798,-120.43544,336.82,0.52,0.41,2021-08-18,2118,N,VIIRS,l,2,310.92,5.16,D,0
40.21922,-120.53281,367,0.51,0.41,2021-08-18,2118,N,VIIRS,l,2,326.89,161.22,D,0
40.21984,-120.52692,353.05,0.51,0.41,2021-08-18,2118,N,VIIRS,l,2,332.93,78.67,D,0
40.22366,-120.5275,353.72,0.51,0.41,2021-08-18,2118,N,VIIRS,n,2,313.57,78.67,D,0
40.22563,-120.72164,337.93,0.5,0.41,2021-08-18,2118,N,VIIRS,l,2,310.29,11.51,D,0
40.22814,-121.41273,331.25,0.47,0.4,2021-08-18,2118,N,VIIRS,n,2,296.36,2.4,D,0
40.23058,-120.4631,345.44,0.52,0.41,2021-08-18,2118,N,VIIRS,l,2,317.28,39.93,D,0
40.23128,-120.52867,349.38,0.51,0.41,2021-08-18,2118,N,VIIRS,n,2,309.21,67.83,D,0
40.24404,-120.51817,304.41,0.51,0.41,2021-08-18,2118,N,VIIRS,l,2,307.02,114.28,D,0
40.24472,-120.51184,367,0.52,0.41,2021-08-18,2118,N,VIIRS,h,2,353.41,114.28,D,0
40.24858,-120.51205,345.43,0.52,0.41,2021-08-18,2118,N,VIIRS,n,2,319.04,114.28,D,0
40.25245,-120.51213,346.46,0.52,0.41,2021-08-18,2118,N,VIIRS,n,2,298.63,10.88,D,0
40.25945,-120.89819,335.96,0.5,0.41,2021-08-18,2118,N,VIIRS,n,2,296.24,2.19,D,0
40.26319,-120.89886,352.72,0.5,0.41,2021-08-18,2118,N,VIIRS,n,2,296.67,109.73,D,0
40.26381,-120.89314,337.46,0.5,0.41,2021-08-18,2118,N,VIIRS,n,2,296.61,10.44,D,0
40.26629,-120.90537,337.1,0.5,0.41,2021-08-18,2118,N,VIIRS,n,2,293.96,109.73,D,0
40.26691,-120.89967,367,0.5,0.41,2021-08-18,2118,N,VIIRS,h,2,350.02,109.73,D,0
40.26753,-120.89402,344.47,0.5,0.41,2021-08-18,2118,N,VIIRS,n,2,296.41,10.44,D,0
40.27002,-120.90605,332.34,0.5,0.41,2021-08-18,2118,N,VIIRS,n,2,292.46,178.12,D,0
40.27064,-120.90044,367,0.5,0.41,2021-08-18,2118,N,VIIRS,h,2,352.23,178.12,D,0
40.27125,-120.89487,344.38,0.5,0.41,2021-08-18,2118,N,VIIRS,n,2,297.45,11.25,D,0
40.27438,-120.90114,348.7,0.5,0.41,2021-08-18,2118,N,VIIRS,n,2,293.18,178.12,D,0
40.27499,-120.89556,335,0.5,0.41,2021-08-18,2118,N,VIIRS,n,2,293.02,11.25,D,0
40.27872,-120.89625,347.64,0.5,0.41,2021-08-18,2118,N,VIIRS,n,2,296.7,9.56,D,0
40.29241,-120.91045,349.76,0.5,0.41,2021-08-18,2118,N,VIIRS,n,2,307.34,27.44,D,0
40.29551,-120.91694,351.1,0.5,0.41,2021-08-18,2118,N,VIIRS,n,2,321.2,152.38,D,0
40.29613,-120.9113,367,0.5,0.41,2021-08-18,2118,N,VIIRS,h,2,306.2,27.44,D,0
40.29676,-120.90563,339.61,0.5,0.41,2021-08-18,2118,N,VIIRS,n,2,295.44,27.44,D,0
40.29919,-120.91802,314.77,0.5,0.41,2021-08-18,2118,N,VIIRS,l,2,319.95,157.04,D,0
40.29919,-120.84911,337.92,0.5,0.41,2021-08-18,2118,N,VIIRS,n,2,303.03,6.33,D,0
40.29981,-120.91248,367,0.5,0.41,2021-08-18,2118,N,VIIRS,l,2,329.02,112.61,D,0
40.30044,-120.90684,355.16,0.5,0.41,2021-08-18,2118,N,VIIRS,n,2,302.83,112.61,D,0
40.30349,-120.91365,367,0.5,0.41,2021-08-18,2118,N,VIIRS,h,2,337.75,112.61,D,0
40.30412,-120.90801,351.04,0.5,0.41,2021-08-18,2118,N,VIIRS,n,2,320.05,112.61,D,0
40.30476,-120.90221,339.2,0.5,0.41,2021-08-18,2118,N,VIIRS,n,2,293.85,8.96,D,0
40.3072,-120.91454,336.64,0.5,0.41,2021-08-18,2118,N,VIIRS,n,2,294.27,9.83,D,0
40.31169,-120.83971,350.2,0.5,0.41,2021-08-18,2118,N,VIIRS,n,2,296.85,10.77,D,0
40.31282,-120.79494,336.8,0.5,0.41,2021-08-18,2118,N,VIIRS,n,2,300.5,27.21,D,0
40.31657,-120.79566,339.39,0.5,0.41,2021-08-18,2118,N,VIIRS,l,2,310.72,27.21,D,0
40.31738,-121.10623,347.19,0.49,0.4,2021-08-18,2118,N,VIIRS,n,2,301.44,7.7,D,0
40.31989,-121.10468,348.43,0.49,0.4,2021-08-18,2118,N,VIIRS,n,2,300.51,19.05,D,0
40.32108,-121.107,340.76,0.49,0.4,2021-08-18,2118,N,VIIRS,n,2,293.21,7.7,D,0
40.32122,-121.09309,342.74,0.49,0.4,2021-08-18,2118,N,VIIRS,n,2,295.57,10.4,D,0
40.32235,-121.09541,341.53,0.49,0.4,2021-08-18,2118,N,VIIRS,n,2,294.49,12.03,D,0
40.32298,-121.08961,345.13,0.49,0.4,2021-08-18,2118,N,VIIRS,n,2,300.24,7.11,D,0
40.32413,-120.8653,343.24,0.5,0.41,2021-08-18,2118,N,VIIRS,n,2,288.56,18.4,D,0
40.32475,-120.85973,345.7,0.5,0.41,2021-08-18,2118,N,VIIRS,n,2,297.01,8.21,D,0
40.32478,-121.10773,347.27,0.49,0.4,2021-08-18,2118,N,VIIRS,n,2,301.56,20.3,D,0
40.32605,-121.09615,342.39,0.49,0.4,2021-08-18,2118,N,VIIRS,n,2,296.76,12.59,D,0
40.32669,-121.09032,347.86,0.49,0.4,2021-08-18,2118,N,VIIRS,n,2,300.53,20.59,D,0
40.32784,-121.11423,337.81,0.49,0.4,2021-08-18,2118,N,VIIRS,n,2,297.2,20.3,D,0
40.32795,-121.07889,338.48,0.49,0.4,2021-08-18,2118,N,VIIRS,n,2,301.69,9.63,D,0
40.32847,-121.10851,353.16,0.49,0.4,2021-08-18,2118,N,VIIRS,n,2,300.62,20.3,D,0
40.32911,-121.10274,341.77,0.49,0.4,2021-08-18,2118,N,VIIRS,n,2,298.19,12.59,D,0
40.3292,-120.85416,346.66,0.5,0.41,2021-08-18,2118,N,VIIRS,n,2,295.34,11.99,D,0
40.32963,-121.13227,354.88,0.49,0.4,2021-08-18,2118,N,VIIRS,n,2,305.42,6.51,D,0
40.32975,-121.09689,346.08,0.49,0.4,2021-08-18,2118,N,VIIRS,n,2,297.38,12.59,D,0
40.33039,-121.09106,347.79,0.49,0.4,2021-08-18,2118,N,VIIRS,n,2,296.92,20.59,D,0
40.33165,-121.07965,345.68,0.49,0.4,2021-08-18,2118,N,VIIRS,n,2,300.23,9.63,D,0
40.33218,-121.10925,349.2,0.49,0.4,2021-08-18,2118,N,VIIRS,n,2,301.92,24.25,D,0
40.33281,-121.10346,343.71,0.49,0.4,2021-08-18,2118,N,VIIRS,n,2,296.76,16.47,D,0
40.33332,-121.13306,341.1,0.49,0.4,2021-08-18,2118,N,VIIRS,n,2,304.44,6.51,D,0
40.33409,-121.09187,367,0.49,0.4,2021-08-18,2118,N,VIIRS,h,2,300.64,33.88,D,0
40.33472,-121.08608,348,0.49,0.4,2021-08-18,2118,N,VIIRS,n,2,298.57,33.88,D,0
40.33535,-121.08041,336.91,0.49,0.4,2021-08-18,2118,N,VIIRS,n,2,297.41,130,D,0
40.3354,-120.8671,367,0.5,0.41,2021-08-18,2118,N,VIIRS,h,2,325.13,253.51,D,0
40.33551,-120.86909,317.8,0.5,0.41,2021-08-18,2118,N,VIIRS,l,2,318.5,177.57,D,0
40.33597,-121.07479,367,0.49,0.4,2021-08-18,2118,N,VIIRS,h,2,302.99,130,D,0
40.33617,-120.86289,367,0.5,0.41,2021-08-18,2118,N,VIIRS,h,2,341.19,177.57,D,0
40.33659,-121.06921,338.22,0.49,0.4,2021-08-18,2118,N,VIIRS,n,2,302.39,81.97,D,0
40.3368,-120.85471,350.62,0.5,0.41,2021-08-18,2118,N,VIIRS,n,2,311.22,164.11,D,0
40.33683,-120.85674,349.77,0.5,0.41,2021-08-18,2118,N,VIIRS,n,2,310.77,86.76,D,0
40.33747,-121.42915,346.46,0.47,0.4,2021-08-18,2118,N,VIIRS,n,2,298.91,35.6,D,0
40.33749,-120.8505,351.56,0.5,0.41,2021-08-18,2118,N,VIIRS,n,2,308.94,86.76,D,0
40.3375,-120.84845,347.56,0.5,0.41,2021-08-18,2118,N,VIIRS,n,2,300.76,62.7,D,0
40.33775,-121.49135,344.57,0.47,0.4,2021-08-18,2118,N,VIIRS,n,2,290.92,8.04,D,0
40.33779,-121.09266,340.59,0.49,0.4,2021-08-18,2118,N,VIIRS,n,2,294.57,33.88,D,0
40.33809,-121.42373,355.83,0.47,0.4,2021-08-18,2118,N,VIIRS,n,2,292.8,35.6,D,0
40.33843,-121.08688,348.93,0.49,0.4,2021-08-18,2118,N,VIIRS,n,2,316.18,33.88,D,0
40.33844,-121.48551,340.48,0.47,0.4,2021-08-18,2118,N,VIIRS,n,2,290.34,10.12,D,0
40.33969,-121.47466,336.36,0.47,0.4,2021-08-18,2118,N,VIIRS,n,2,295.43,9.54,D,0
40.33988,-120.86132,367,0.5,0.41,2021-08-18,2118,N,VIIRS,h,2,344.17,164.11,D,0
40.33994,-120.86335,367,0.5,0.41,2021-08-18,2118,N,VIIRS,h,2,337.27,177.57,D,0
40.34029,-121.46945,355.29,0.47,0.4,2021-08-18,2118,N,VIIRS,n,2,299.97,9.54,D,0
40.34029,-121.06998,367,0.49,0.4,2021-08-18,2118,N,VIIRS,l,2,337,81.97,D,0
40.34057,-120.85516,367,0.5,0.41,2021-08-18,2118,N,VIIRS,h,2,346.65,164.11,D,0
40.3406,-120.85718,367,0.5,0.41,2021-08-18,2118,N,VIIRS,h,2,347.56,86.76,D,0
40.3409,-121.46412,355.45,0.47,0.4,2021-08-18,2118,N,VIIRS,n,2,298.9,22.32,D,0
40.34111,-121.42995,317.25,0.47,0.4,2021-08-18,2118,N,VIIRS,l,2,317.81,152.68,D,0
40.34127,-120.85098,367,0.5,0.41,2021-08-18,2118,N,VIIRS,h,2,346.26,86.76,D,0
40.34127,-120.84895,367,0.5,0.41,2021-08-18,2118,N,VIIRS,l,2,334.25,62.7,D,0
40.3414,-121.492,367,0.47,0.4,2021-08-18,2118,N,VIIRS,h,2,333.24,130.83,D,0
40.34148,-121.09351,335.21,0.49,0.4,2021-08-18,2118,N,VIIRS,n,2,297.55,74.13,D,0
40.34174,-121.42452,367,0.47,0.4,2021-08-18,2118,N,VIIRS,h,2,349.71,152.68,D,0
40.34207,-121.48627,367,0.47,0.4,2021-08-18,2118,N,VIIRS,h,2,339.22,117.55,D,0
40.34212,-121.08772,367,0.49,0.4,2021-08-18,2118,N,VIIRS,h,2,332.26,74.13,D,0
40.34235,-121.41918,351.78,0.47,0.4,2021-08-18,2118,N,VIIRS,n,2,319.64,74.49,D,0
40.34271,-121.4808,355.71,0.47,0.4,2021-08-18,2118,N,VIIRS,n,2,298.94,117.55,D,0
40.34275,-121.08203,367,0.49,0.4,2021-08-18,2118,N,VIIRS,l,2,381.85,279.72,D,0
40.34297,-121.4138,348.08,0.47,0.4,2021-08-18,2118,N,VIIRS,n,2,303.2,74.49,D,0
40.3433,-121.47561,340.96,0.47,0.4,2021-08-18,2118,N,VIIRS,n,2,297.09,5.17,D,0
40.34338,-121.07636,367,0.49,0.4,2021-08-18,2118,N,VIIRS,h,2,347.14,279.72,D,0
40.34357,-121.17671,335.38,0.48,0.4,2021-08-18,2118,N,VIIRS,n,2,304.59,4.68,D,0
40.3436,-121.40831,332.46,0.47,0.4,2021-08-18,2118,N,VIIRS,n,2,290.35,39.04,D,0
40.34364,-120.86185,367,0.5,0.41,2021-08-18,2118,N,VIIRS,h,2,348.54,87.55,D,0
40.3437,-120.86387,367,0.5,0.41,2021-08-18,2118,N,VIIRS,h,2,328,98.54,D,0
40.34389,-121.4705,341.47,0.47,0.4,2021-08-18,2118,N,VIIRS,n,2,296.71,5.17,D,0
40.344,-121.07073,352.09,0.49,0.4,2021-08-18,2118,N,VIIRS,n,2,303.35,21.37,D,0
40.34434,-120.85567,350.79,0.5,0.41,2021-08-18,2118,N,VIIRS,l,2,336.66,87.55,D,0
40.34436,-120.85771,367,0.5,0.41,2021-08-18,2118,N,VIIRS,h,2,351.47,104.17,D,0
40.34437,-121.49859,334.88,0.47,0.4,2021-08-18,2118,N,VIIRS,n,2,291.72,130.83,D,0
40.34451,-121.46516,354.87,0.47,0.4,2021-08-18,2118,N,VIIRS,n,2,309.66,32.91,D,0
40.34476,-121.43075,336.75,0.47,0.4,2021-08-18,2118,N,VIIRS,n,2,294.51,152.68,D,0
40.34503,-120.85151,352.87,0.5,0.41,2021-08-18,2118,N,VIIRS,n,2,327.76,104.17,D,0
40.34504,-120.84949,353.76,0.5,0.41,2021-08-18,2118,N,VIIRS,n,2,327.58,40.26,D,0
40.34506,-121.49266,367,0.47,0.4,2021-08-18,2118,N,VIIRS,l,2,351.28,130.83,D,0
40.34515,-121.45969,356.63,0.47,0.4,2021-08-18,2118,N,VIIRS,n,2,310.7,32.91,D,0
40.34555,-120.77647,346.96,0.5,0.41,2021-08-18,2118,N,VIIRS,n,2,305.46,7.39,D,0
40.34569,-120.84534,355.54,0.5,0.41,2021-08-18,2118,N,VIIRS,n,2,309,40.32,D,0
40.34573,-120.84333,352.21,0.5,0.41,2021-08-18,2118,N,VIIRS,n,2,302.03,40.26,D,0
40.34578,-121.45414,351.26,0.47,0.4,2021-08-18,2118,N,VIIRS,n,2,303.31,44.99,D,0
40.34581,-121.08857,367,0.49,0.4,2021-08-18,2118,N,VIIRS,h,2,303.77,74.13,D,0
40.346,-121.41994,345.08,0.47,0.4,2021-08-18,2118,N,VIIRS,n,2,318.27,74.49,D,0
40.34633,-121.48165,353.63,0.47,0.4,2021-08-18,2118,N,VIIRS,n,2,302.18,117.55,D,0
40.34644,-121.08286,367,0.49,0.4,2021-08-18,2118,N,VIIRS,h,2,325.71,279.72,D,0
40.34663,-121.41445,341.7,0.47,0.4,2021-08-18,2118,N,VIIRS,n,2,315.22,74.49,D,0
40.3468,-121.14779,334.75,0.49,0.4,2021-08-18,2118,N,VIIRS,n,2,299.43,2.48,D,0
40.34692,-121.47652,336.11,0.47,0.4,2021-08-18,2118,N,VIIRS,n,2,295.77,5.17,D,0
40.34708,-121.07715,367,0.49,0.4,2021-08-18,2118,N,VIIRS,h,2,344.02,279.72,D,0
40.34727,-121.40891,344.51,0.47,0.4,2021-08-18,2118,N,VIIRS,n,2,315.21,39.04,D,0
40.34727,-121.17735,337.53,0.48,0.4,2021-08-18,2118,N,VIIRS,n,2,301.8,3.52,D,0
40.3474,-120.86238,342.11,0.5,0.41,2021-08-18,2118,N,VIIRS,n,2,304.63,87.55,D,0
40.34751,-121.47147,330.49,0.47,0.4,2021-08-18,2118,N,VIIRS,n,2,297.21,5.17,D,0
40.3477,-121.07153,348.34,0.49,0.4,2021-08-18,2118,N,VIIRS,n,2,304.66,21.37,D,0
40.34792,-121.40331,356.46,0.48,0.4,2021-08-18,2118,N,VIIRS,n,2,299.08,39.04,D,0
40.34792,-121.2052,348.49,0.48,0.4,2021-08-18,2118,N,VIIRS,n,2,308.14,6.65,D,0
40.34809,-121.13621,335.48,0.49,0.4,2021-08-18,2118,N,VIIRS,l,2,307.2,3.37,D,0
40.34811,-120.85621,367,0.5,0.41,2021-08-18,2118,N,VIIRS,l,2,330.36,87.55,D,0
40.34813,-121.46608,342.95,0.47,0.4,2021-08-18,2118,N,VIIRS,n,2,300.62,32.91,D,0
40.34856,-121.39764,332.23,0.48,0.4,2021-08-18,2118,N,VIIRS,n,2,294.51,4.98,D,0
40.34871,-121.49337,353.19,0.47,0.4,2021-08-18,2118,N,VIIRS,n,2,297.32,38.56,D,0
40.34878,-121.4605,356.23,0.47,0.4,2021-08-18,2118,N,VIIRS,n,2,313.38,32.91,D,0
40.34879,-120.85206,353.58,0.5,0.41,2021-08-18,2118,N,VIIRS,n,2,316.06,104.17,D,0
40.3488,-120.85002,352.73,0.5,0.41,2021-08-18,2118,N,VIIRS,n,2,320.16,40.26,D,0
40.34933,-120.77699,341.32,0.5,0.41,2021-08-18,2118,N,VIIRS,n,2,303.6,7.39,D,0
40.34934,-121.48786,356.97,0.47,0.4,2021-08-18,2118,N,VIIRS,l,2,306.57,11.65,D,0
40.34943,-121.45487,349.93,0.47,0.4,2021-08-18,2118,N,VIIRS,n,2,315.05,44.99,D,0
40.34945,-120.84592,354.94,0.5,0.41,2021-08-18,2118,N,VIIRS,n,2,320.02,40.32,D,0
40.34949,-120.84393,356.15,0.5,0.41,2021-08-18,2118,N,VIIRS,n,2,319.7,40.26,D,0
40.34968,-121.42043,348.14,0.47,0.4,2021-08-18,2118,N,VIIRS,n,2,289.21,183.39,D,0
40.34995,-121.48264,344.22,0.47,0.4,2021-08-18,2118,N,VIIRS,n,2,296.51,11.65,D,0
40.35009,-121.44917,347.49,0.47,0.4,2021-08-18,2118,N,VIIRS,n,2,299.54,44.99,D,0
40.3501,-120.83984,367,0.5,0.41,2021-08-18,2118,N,VIIRS,h,2,315.01,40.32,D,0
40.35018,-120.83786,352.31,0.5,0.41,2021-08-18,2118,N,VIIRS,n,2,311.15,31.01,D,0
40.35032,-121.41492,367,0.47,0.4,2021-08-18,2118,N,VIIRS,h,2,343.89,183.39,D,0
40.35053,-121.47754,334.07,0.47,0.4,2021-08-18,2118,N,VIIRS,n,2,295.09,12.01,D,0
40.35077,-121.07796,349.31,0.49,0.4,2021-08-18,2118,N,VIIRS,n,2,305.75,13.3,D,0
40.35096,-121.40936,367,0.47,0.4,2021-08-18,2118,N,VIIRS,h,2,361.95,156.15,D,0
40.3514,-121.07233,338.49,0.49,0.4,2021-08-18,2118,N,VIIRS,n,2,312.69,24.75,D,0
40.3516,-121.40373,353.05,0.48,0.4,2021-08-18,2118,N,VIIRS,n,2,308.08,156.15,D,0
40.35176,-121.46696,339.76,0.47,0.4,2021-08-18,2118,N,VIIRS,n,2,295.24,31.03,D,0
40.35202,-121.06674,340.11,0.49,0.4,2021-08-18,2118,N,VIIRS,n,2,308.37,24.75,D,0
40.35226,-121.39803,353.59,0.48,0.4,2021-08-18,2118,N,VIIRS,n,2,301.87,42.86,D,0
40.35242,-121.46123,353.24,0.47,0.4,2021-08-18,2118,N,VIIRS,n,2,302.01,31.03,D,0
40.35292,-121.39227,350.02,0.48,0.4,2021-08-18,2118,N,VIIRS,n,2,297.93,42.86,D,0
40.35297,-121.48871,345.46,0.47,0.4,2021-08-18,2118,N,VIIRS,n,2,293.69,11.65,D,0
40.35308,-121.45556,367,0.47,0.4,2021-08-18,2118,N,VIIRS,h,2,301.77,21.73,D,0
40.35356,-121.48359,330.67,0.47,0.4,2021-08-18,2118,N,VIIRS,n,2,293.3,11.65,D,0
40.35359,-121.38651,367,0.48,0.4,2021-08-18,2118,N,VIIRS,h,2,302.43,45.69,D,0
40.35375,-121.44982,346.11,0.47,0.4,2021-08-18,2118,N,VIIRS,n,2,296.94,21.73,D,0
40.35425,-121.38078,333.67,0.48,0.4,2021-08-18,2118,N,VIIRS,n,2,298.32,45.69,D,0
40.35447,-121.07877,336.16,0.49,0.4,2021-08-18,2118,N,VIIRS,n,2,301.85,13.3,D,0
40.3545,-120.83447,345.68,0.5,0.41,2021-08-18,2118,N,VIIRS,n,2,313.07,64.01,D,0
40.35464,-121.40985,367,0.47,0.4,2021-08-18,2118,N,VIIRS,h,2,325.67,156.15,D,0
40.3551,-121.07315,338.98,0.49,0.4,2021-08-18,2118,N,VIIRS,n,2,300.49,24.75,D,0
40.35529,-121.40422,367,0.48,0.4,2021-08-18,2118,N,VIIRS,h,2,308.56,156.15,D,0
40.35572,-121.4328,346.14,0.47,0.4,2021-08-18,2118,N,VIIRS,n,2,297.45,20.85,D,0
40.35572,-121.06756,343.78,0.49,0.4,2021-08-18,2118,N,VIIRS,n,2,305.32,24.75,D,0
40.35595,-121.39853,367,0.48,0.4,2021-08-18,2118,N,VIIRS,h,2,300.98,42.86,D,0
40.35598,-121.49482,330.07,0.47,0.4,2021-08-18,2118,N,VIIRS,n,2,294.59,4.86,D,0
40.35702,-121.4216,339.9,0.47,0.4,2021-08-18,2118,N,VIIRS,n,2,294.12,21.97,D,0
40.35726,-121.38709,367,0.48,0.4,2021-08-18,2118,N,VIIRS,h,2,342.51,45.69,D,0
40.35767,-121.41604,350.53,0.47,0.4,2021-08-18,2118,N,VIIRS,n,2,304.08,21.97,D,0
40.35792,-121.38141,336.08,0.48,0.4,2021-08-18,2118,N,VIIRS,n,2,300.96,45.69,D,0
40.35815,-121.34679,340.54,0.48,0.4,2021-08-18,2118,N,VIIRS,n,2,308.09,26.24,D,0
40.35817,-121.0796,337.07,0.49,0.4,2021-08-18,2118,N,VIIRS,n,2,302.2,5.38,D,0
40.3583,-121.41048,353.12,0.47,0.4,2021-08-18,2118,N,VIIRS,n,2,314.83,28.89,D,0
40.3588,-121.34113,347.55,0.48,0.4,2021-08-18,2118,N,VIIRS,n,2,306.39,88.54,D,0
40.3588,-121.07395,354.79,0.49,0.4,2021-08-18,2118,N,VIIRS,n,2,307.78,10.8,D,0
40.35896,-121.40485,367,0.48,0.4,2021-08-18,2118,N,VIIRS,h,2,309.2,28.89,D,0
40.35937,-121.43354,354.82,0.47,0.4,2021-08-18,2118,N,VIIRS,n,2,304.48,20.85,D,0
40.35942,-121.06835,338.29,0.49,0.4,2021-08-18,2118,N,VIIRS,n,2,299.18,10.8,D,0
40.35956,-120.82303,343.77,0.5,0.41,2021-08-18,2118,N,VIIRS,n,2,306.92,40.68,D,0
40.35961,-121.39917,352,0.48,0.4,2021-08-18,2118,N,VIIRS,n,2,302.69,13.84,D,0
40.36002,-121.42793,351.26,0.47,0.4,2021-08-18,2118,N,VIIRS,n,2,309.4,20.85,D,0
40.36027,-121.39346,352.94,0.48,0.4,2021-08-18,2118,N,VIIRS,n,2,309.29,13.84,D,0
40.36042,-121.4567,352.84,0.47,0.4,2021-08-18,2118,N,VIIRS,n,2,301.71,12.98,D,0
40.36067,-121.42231,356.44,0.47,0.4,2021-08-18,2118,N,VIIRS,n,2,307.84,21.97,D,0
40.36093,-121.38775,367,0.48,0.4,2021-08-18,2118,N,VIIRS,l,2,333.38,38.24,D,0
40.36132,-121.41673,351.57,0.47,0.4,2021-08-18,2118,N,VIIRS,n,2,300.4,21.97,D,0
40.36159,-121.38206,332.68,0.48,0.4,2021-08-18,2118,N,VIIRS,n,2,298.56,38.24,D,0
40.36173,-121.44542,334.45,0.47,0.4,2021-08-18,2118,N,VIIRS,l,2,305.58,14.67,D,0
40.36181,-121.34757,334.99,0.48,0.4,2021-08-18,2118,N,VIIRS,n,2,296.31,26.24,D,0
40.36197,-121.41116,367,0.47,0.4,2021-08-18,2118,N,VIIRS,h,2,302.99,28.89,D,0
40.3624,-121.10961,338.32,0.49,0.4,2021-08-18,2118,N,VIIRS,n,2,300.72,17.24,D,0
40.36249,-121.07478,351.39,0.49,0.4,2021-08-18,2118,N,VIIRS,n,2,300.32,10.8,D,0
40.36262,-121.40552,355.52,0.48,0.4,2021-08-18,2118,N,VIIRS,n,2,298.02,28.89,D,0
40.36312,-121.06915,338.38,0.49,0.4,2021-08-18,2118,N,VIIRS,n,2,299.08,10.8,D,0
40.36327,-121.39985,353.06,0.48,0.4,2021-08-18,2118,N,VIIRS,n,2,300.56,13.84,D,0
40.36393,-121.39418,343.68,0.48,0.4,2021-08-18,2118,N,VIIRS,n,2,304.32,13.84,D,0
40.36407,-121.45734,343.23,0.47,0.4,2021-08-18,2118,N,VIIRS,n,2,298,12.98,D,0
40.36432,-121.4231,355.41,0.47,0.4,2021-08-18,2118,N,VIIRS,n,2,303.77,13.5,D,0
40.36459,-121.38851,353.59,0.48,0.4,2021-08-18,2118,N,VIIRS,n,2,315.39,38.24,D,0
40.36497,-121.41751,353.58,0.47,0.4,2021-08-18,2118,N,VIIRS,n,2,301.64,13.5,D,0
40.36524,-121.38286,341.83,0.48,0.4,2021-08-18,2118,N,VIIRS,n,2,306.3,38.24,D,0
40.36562,-121.41193,353.72,0.47,0.4,2021-08-18,2118,N,VIIRS,n,2,300.76,17.7,D,0
40.36609,-121.11039,344.74,0.49,0.4,2021-08-18,2118,N,VIIRS,n,2,310.61,17.24,D,0
40.36627,-121.40627,348.44,0.48,0.4,2021-08-18,2118,N,VIIRS,n,2,296.67,17.7,D,0
40.36629,-121.50233,341.45,0.47,0.4,2021-08-18,2118,N,VIIRS,n,2,294.1,8.2,D,0
40.36674,-121.10465,353.05,0.49,0.4,2021-08-18,2118,N,VIIRS,n,2,307.04,17.24,D,0
40.36692,-121.40063,367,0.48,0.4,2021-08-18,2118,N,VIIRS,h,2,301.89,58.82,D,0
40.36737,-121.09902,354.37,0.49,0.4,2021-08-18,2118,N,VIIRS,n,2,303.93,15.72,D,0
40.36758,-121.395,344.87,0.48,0.4,2021-08-18,2118,N,VIIRS,n,2,301.23,58.82,D,0
40.3677,-121.45821,342.47,0.47,0.4,2021-08-18,2118,N,VIIRS,n,2,298.65,8.77,D,0
40.36823,-121.38934,347.18,0.48,0.4,2021-08-18,2118,N,VIIRS,n,2,303.28,9.87,D,0
40.36889,-121.38372,339.93,0.48,0.4,2021-08-18,2118,N,VIIRS,n,2,302.86,9.87,D,0
40.3691,-121.34937,338.1,0.48,0.4,2021-08-18,2118,N,VIIRS,n,2,299.97,5.2,D,0
40.3698,-121.11115,347.05,0.49,0.4,2021-08-18,2118,N,VIIRS,n,2,314.07,28.62,D,0
40.36992,-121.40707,354.41,0.48,0.4,2021-08-18,2118,N,VIIRS,n,2,302.38,17.7,D,0
40.37044,-121.10542,367,0.49,0.4,2021-08-18,2118,N,VIIRS,h,2,304.43,28.62,D,0
40.37122,-121.39582,352.9,0.48,0.4,2021-08-18,2118,N,VIIRS,n,2,316.3,58.82,D,0
40.37133,-121.45907,343.56,0.47,0.4,2021-08-18,2118,N,VIIRS,n,2,294.11,8.77,D,0
40.37188,-121.39018,336.51,0.48,0.4,2021-08-18,2118,N,VIIRS,n,2,299.4,9.87,D,0
40.37237,-121.50613,342.92,0.47,0.4,2021-08-18,2118,N,VIIRS,n,2,294.28,60.15,D,0
40.37273,-121.3503,334.46,0.48,0.4,2021-08-18,2118,N,VIIRS,n,2,297.33,2.7,D,0
40.37289,-121.50956,332.17,0.47,0.4,2021-08-18,2118,N,VIIRS,n,2,292.4,5.23,D,0
40.37349,-121.11192,341.76,0.49,0.4,2021-08-18,2118,N,VIIRS,n,2,300.9,28.62,D,0
40.37355,-121.50393,348.63,0.47,0.4,2021-08-18,2118,N,VIIRS,n,2,297.44,34.85,D,0
40.37477,-121.10049,367,0.49,0.4,2021-08-18,2118,N,VIIRS,h,2,306.75,32.41,D,0
40.37486,-121.39664,341.85,0.48,0.4,2021-08-18,2118,N,VIIRS,n,2,316.23,126.02,D,0
40.37535,-121.51273,335.72,0.47,0.4,2021-08-18,2118,N,VIIRS,n,2,293.73,60.15,D,0
40.37551,-121.39105,354.12,0.48,0.4,2021-08-18,2118,N,VIIRS,n,2,312.5,79.16,D,0
40.37617,-121.38541,342.37,0.48,0.4,2021-08-18,2118,N,VIIRS,n,2,299.26,79.16,D,0
40.37653,-121.51025,346.1,0.47,0.4,2021-08-18,2118,N,VIIRS,n,2,299.1,34.55,D,0
40.3766,-121.50165,343.83,0.47,0.4,2021-08-18,2118,N,VIIRS,n,2,296.51,38.72,D,0
40.37718,-121.50476,343.11,0.47,0.4,2021-08-18,2118,N,VIIRS,l,2,316.02,60.69,D,0
40.37786,-121.40308,351.46,0.48,0.4,2021-08-18,2118,N,VIIRS,n,2,310.63,126.02,D,0
40.37848,-121.10122,346.87,0.49,0.4,2021-08-18,2118,N,VIIRS,n,2,302.48,9.67,D,0
40.37915,-121.39191,367,0.48,0.4,2021-08-18,2118,N,VIIRS,h,2,365.78,79.16,D,0
40.37964,-121.50771,356.36,0.47,0.4,2021-08-18,2118,N,VIIRS,n,2,298.25,19.85,D,0
40.37981,-121.38626,349.05,0.48,0.4,2021-08-18,2118,N,VIIRS,n,2,308.3,79.16,D,0
40.38023,-121.50253,343.68,0.47,0.4,2021-08-18,2118,N,VIIRS,n,2,300.02,14.98,D,0
40.38081,-121.50559,354.35,0.47,0.4,2021-08-18,2118,N,VIIRS,n,2,300.53,60.69,D,0
40.3815,-121.40395,353.15,0.48,0.4,2021-08-18,2118,N,VIIRS,n,2,305.2,25.41,D,0
40.38214,-121.39836,350.21,0.48,0.4,2021-08-18,2118,N,VIIRS,n,2,301.1,25.41,D,0
40.38346,-121.38708,355.35,0.48,0.4,2021-08-18,2118,N,VIIRS,n,2,317.52,76.9,D,0
40.38352,-121.40694,353.72,0.48,0.4,2021-08-18,2118,N,VIIRS,n,2,309.71,17.76,D,0
40.38386,-121.50337,349.51,0.47,0.4,2021-08-18,2118,N,VIIRS,n,2,300.05,14.98,D,0
40.38415,-121.40131,351.82,0.48,0.4,2021-08-18,2118,N,VIIRS,n,2,305.49,45.65,D,0
40.38512,-121.40488,352.55,0.48,0.4,2021-08-18,2118,N,VIIRS,n,2,314.66,25.41,D,0
40.38541,-121.38998,356.08,0.48,0.4,2021-08-18,2118,N,VIIRS,n,2,301.84,16.36,D,0
40.38578,-121.39926,344.48,0.48,0.4,2021-08-18,2118,N,VIIRS,n,2,304.49,25.41,D,0
40.38605,-121.38428,346.11,0.48,0.4,2021-08-18,2118,N,VIIRS,n,2,299.6,16.36,D,0
40.38652,-121.09707,347.74,0.49,0.4,2021-08-18,2118,N,VIIRS,n,2,303.77,14.6,D,0
40.3871,-121.3879,348.62,0.48,0.4,2021-08-18,2118,N,VIIRS,n,2,296.56,76.9,D,0
40.38715,-121.4079,346.43,0.48,0.4,2021-08-18,2118,N,VIIRS,n,2,305.63,17.76,D,0
40.38715,-121.09137,339.03,0.49,0.4,2021-08-18,2118,N,VIIRS,n,2,302.96,10.21,D,0
40.38779,-121.40224,350.33,0.48,0.4,2021-08-18,2118,N,VIIRS,n,2,320.04,45.65,D,0
40.38875,-121.40583,352.77,0.48,0.4,2021-08-18,2118,N,VIIRS,n,2,310.74,25.24,D,0
40.38941,-121.40018,354.7,0.48,0.4,2021-08-18,2118,N,VIIRS,n,2,310.83,25.24,D,0
40.39053,-121.47742,353.95,0.47,0.4,2021-08-18,2118,N,VIIRS,n,2,303.58,15.58,D,0
40.39073,-121.38889,336.62,0.48,0.4,2021-08-18,2118,N,VIIRS,n,2,296.11,8.18,D,0
40.39085,-121.09218,352.47,0.49,0.4,2021-08-18,2118,N,VIIRS,n,2,302.92,10.21,D,0
40.39114,-121.50484,355.11,0.47,0.4,2021-08-18,2118,N,VIIRS,n,2,299.05,12.93,D,0
40.39142,-121.4032,356.05,0.48,0.4,2021-08-18,2118,N,VIIRS,n,2,304.48,19.54,D,0
40.39182,-121.46603,367,0.47,0.4,2021-08-18,2118,N,VIIRS,h,2,340.84,73.61,D,0
40.39238,-121.40679,347.55,0.48,0.4,2021-08-18,2118,N,VIIRS,n,2,303.13,25.24,D,0
40.39269,-121.39188,340.17,0.48,0.4,2021-08-18,2118,N,VIIRS,n,2,298.17,6.7,D,0
40.39331,-121.38625,343.39,0.48,0.4,2021-08-18,2118,N,VIIRS,n,2,298.56,6.7,D,0
40.39416,-121.47823,355.9,0.47,0.4,2021-08-18,2118,N,VIIRS,n,2,300.76,15.58,D,0
40.39435,-121.38989,367,0.48,0.4,2021-08-18,2118,N,VIIRS,h,2,302.21,8.18,D,0
40.39479,-121.50546,343.99,0.47,0.4,2021-08-18,2118,N,VIIRS,n,2,298.8,9.13,D,0
40.39481,-121.47253,367,0.47,0.4,2021-08-18,2118,N,VIIRS,h,2,300.94,73.61,D,0
40.39505,-121.40415,348.19,0.48,0.4,2021-08-18,2118,N,VIIRS,n,2,300.52,19.54,D,0
40.39545,-121.46691,352.75,0.47,0.4,2021-08-18,2118,N,VIIRS,n,2,300.21,73.61,D,0
40.39632,-121.39279,349.54,0.48,0.4,2021-08-18,2118,N,VIIRS,n,2,301.23,6.7,D,0
40.39695,-121.38718,346.41,0.48,0.4,2021-08-18,2118,N,VIIRS,n,2,299.11,6.7,D,0
40.39804,-121.41084,338.13,0.48,0.4,2021-08-18,2118,N,VIIRS,n,2,303.45,8.69,D,0
40.39868,-121.40514,353.64,0.48,0.4,2021-08-18,2118,N,VIIRS,n,2,301.94,13.36,D,0
40.39933,-121.39936,336.35,0.48,0.4,2021-08-18,2118,N,VIIRS,n,2,300.57,13.36,D,0
40.40231,-121.40616,350.98,0.48,0.4,2021-08-18,2118,N,VIIRS,n,2,298.54,13.36,D,0
40.40305,-121.31528,347.51,0.48,0.4,2021-08-18,2118,N,VIIRS,n,2,303.8,15.04,D,0
40.40467,-121.41835,339.24,0.48,0.4,2021-08-18,2118,N,VIIRS,n,2,300.54,7.46,D,0
40.40529,-121.31258,345.87,0.48,0.4,2021-08-18,2118,N,VIIRS,n,2,305.33,25.67,D,0
40.40593,-121.40714,354.99,0.48,0.4,2021-08-18,2118,N,VIIRS,n,2,308.98,38.21,D,0
40.4066,-121.40123,341.64,0.48,0.4,2021-08-18,2118,N,VIIRS,n,2,298.67,38.21,D,0
40.40824,-121.07237,338.46,0.49,0.4,2021-08-18,2118,N,VIIRS,n,2,298.07,5.22,D,0
40.4083,-121.4193,340.02,0.48,0.4,2021-08-18,2118,N,VIIRS,n,2,299.76,7.46,D,0
40.41024,-121.40213,338.42,0.48,0.4,2021-08-18,2118,N,VIIRS,n,2,304.17,38.21,D,0
40.41193,-121.4202,344.15,0.48,0.4,2021-08-18,2118,N,VIIRS,n,2,298.72,7.18,D,0
40.4132,-121.40904,354.75,0.48,0.4,2021-08-18,2118,N,VIIRS,n,2,315.02,45.51,D,0
40.41558,-121.421,343.48,0.48,0.4,2021-08-18,2118,N,VIIRS,n,2,297.31,7.18,D,0
40.41985,-121.41627,341.29,0.48,0.4,2021-08-18,2118,N,VIIRS,n,2,301.75,13.59,D,0
40.42141,-121.12304,338.34,0.49,0.4,2021-08-18,2118,N,VIIRS,n,2,301.78,3.19,D,0
40.42267,-121.11197,334.65,0.49,0.4,2021-08-18,2118,N,VIIRS,n,2,298.62,3.73,D,0
40.42354,-121.41676,341.32,0.48,0.4,2021-08-18,2118,N,VIIRS,n,2,299.59,13.59,D,0
40.42419,-121.411,350.81,0.48,0.4,2021-08-18,2118,N,VIIRS,n,2,299.73,26.66,D,0
40.42708,-121.10659,337.56,0.49,0.4,2021-08-18,2118,N,VIIRS,n,2,299.19,3.73,D,0
40.42776,-121.10056,334.04,0.49,0.4,2021-08-18,2118,N,VIIRS,n,2,300.09,3.27,D,0
40.42789,-121.41137,351.2,0.48,0.4,2021-08-18,2118,N,VIIRS,n,2,300.81,8.67,D,0
40.43151,-121.10962,351.15,0.49,0.4,2021-08-18,2118,N,VIIRS,n,2,311.65,52.89,D,0
40.43497,-121.3157,346.35,0.48,0.4,2021-08-18,2118,N,VIIRS,n,2,304.2,15.29,D,0
40.44156,-121.45522,342.27,0.47,0.4,2021-08-18,2118,N,VIIRS,n,2,304.56,7.49,D,0
40.4452,-121.45598,345.36,0.47,0.4,2021-08-18,2118,N,VIIRS,n,2,302.37,15.94,D,0
40.44588,-121.45001,350.78,0.47,0.4,2021-08-18,2118,N,VIIRS,n,2,307.35,22.82,D,0
40.44884,-121.45675,349.06,0.47,0.4,2021-08-18,2118,N,VIIRS,n,2,308.36,15.94,D,0
40.44952,-121.4509,367,0.47,0.4,2021-08-18,2118,N,VIIRS,h,2,313.1,22.82,D,0
40.45018,-121.44512,353.81,0.47,0.4,2021-08-18,2118,N,VIIRS,n,2,310.65,22.82,D,0
40.45315,-121.45179,354.51,0.47,0.4,2021-08-18,2118,N,VIIRS,n,2,310.7,8.12,D,0
40.45352,-121.41611,367,0.48,0.4,2021-08-18,2118,N,VIIRS,l,2,329.43,128.05,D,0
40.4538,-121.44609,350.5,0.47,0.4,2021-08-18,2118,N,VIIRS,n,2,308.24,8.12,D,0
40.45629,-121.52125,347.34,0.47,0.4,2021-08-18,2118,N,VIIRS,n,2,301.38,10.88,D,0
40.4565,-121.42269,367,0.48,0.4,2021-08-18,2118,N,VIIRS,h,2,338.41,258.43,D,0
40.45678,-121.45264,347.41,0.47,0.4,2021-08-18,2118,N,VIIRS,n,2,306.55,8.12,D,0
40.45718,-121.41685,367,0.48,0.4,2021-08-18,2118,N,VIIRS,h,2,362.15,226.52,D,0
40.45745,-121.44688,351.5,0.47,0.4,2021-08-18,2118,N,VIIRS,n,2,305.51,8.12,D,0
40.45845,-121.47042,348.96,0.47,0.4,2021-08-18,2118,N,VIIRS,n,2,301.52,15.73,D,0
40.45911,-121.46478,352.7,0.47,0.4,2021-08-18,2118,N,VIIRS,n,2,304.86,10.87,D,0
40.45976,-121.45917,353.88,0.47,0.4,2021-08-18,2118,N,VIIRS,n,2,306.72,10.87,D,0
40.46007,-121.48862,356.43,0.47,0.4,2021-08-18,2118,N,VIIRS,n,2,300.72,9.71,D,0
40.46041,-121.45349,345.98,0.47,0.4,2021-08-18,2118,N,VIIRS,n,2,308.7,14.36,D,0
40.46076,-121.48267,344.64,0.47,0.4,2021-08-18,2118,N,VIIRS,n,2,304.03,9.71,D,0
40.46082,-121.08419,342.16,0.49,0.4,2021-08-18,2118,N,VIIRS,n,2,302.76,2.45,D,0
40.46085,-121.41744,367,0.48,0.4,2021-08-18,2118,N,VIIRS,h,2,337.24,226.52,D,0
40.46109,-121.44766,343.28,0.47,0.4,2021-08-18,2118,N,VIIRS,n,2,307.57,14.36,D,0
40.46152,-121.41161,354.92,0.48,0.4,2021-08-18,2118,N,VIIRS,n,2,314.87,226.52,D,0
40.46178,-121.44175,344.72,0.47,0.4,2021-08-18,2118,N,VIIRS,n,2,308.7,47.38,D,0
40.46247,-121.43579,353.35,0.48,0.4,2021-08-18,2118,N,VIIRS,l,2,324.2,47.38,D,0
40.46316,-121.42986,352.99,0.48,0.4,2021-08-18,2118,N,VIIRS,n,2,313.17,105.37,D,0
40.46338,-121.46014,352.75,0.47,0.4,2021-08-18,2118,N,VIIRS,n,2,306.23,10.87,D,0
40.46404,-121.45448,345.8,0.47,0.4,2021-08-18,2118,N,VIIRS,n,2,306.71,14.36,D,0
40.46451,-121.41813,367,0.48,0.4,2021-08-18,2118,N,VIIRS,h,2,333.79,187.62,D,0
40.46453,-121.0849,335.4,0.49,0.4,2021-08-18,2118,N,VIIRS,n,2,303.67,5.17,D,0
40.46471,-121.44866,344.27,0.47,0.4,2021-08-18,2118,N,VIIRS,l,2,316.86,14.36,D,0
40.46518,-121.41232,367,0.48,0.4,2021-08-18,2118,N,VIIRS,h,2,373.49,187.62,D,0
40.46539,-121.44274,345.84,0.47,0.4,2021-08-18,2118,N,VIIRS,n,2,320.29,47.38,D,0
40.46584,-121.40657,353.86,0.48,0.4,2021-08-18,2118,N,VIIRS,n,2,297.27,33,D,0
40.46609,-121.43678,347.77,0.48,0.4,2021-08-18,2118,N,VIIRS,n,2,309.63,47.38,D,0
40.46679,-121.3329,343.01,0.48,0.4,2021-08-18,2118,N,VIIRS,n,2,305.1,12.93,D,0
40.46696,-121.46135,356.2,0.47,0.4,2021-08-18,2118,N,VIIRS,n,2,306.23,28.63,D,0
40.46723,-121.36188,345.1,0.48,0.4,2021-08-18,2118,N,VIIRS,n,2,307.02,14.02,D,0
40.46816,-121.41889,350.17,0.48,0.4,2021-08-18,2118,N,VIIRS,n,2,298.16,187.62,D,0
40.46949,-121.40739,350.99,0.48,0.4,2021-08-18,2118,N,VIIRS,n,2,300.16,33,D,0
40.47027,-121.36805,341,0.48,0.4,2021-08-18,2118,N,VIIRS,n,2,300.79,6.23,D,0
40.47041,-121.43173,367,0.48,0.4,2021-08-18,2118,N,VIIRS,h,2,332.9,130.57,D,0
40.47111,-121.4257,367,0.48,0.4,2021-08-18,2118,N,VIIRS,h,2,337.79,130.57,D,0
40.47176,-121.32234,348.66,0.48,0.4,2021-08-18,2118,N,VIIRS,n,2,302.02,26.39,D,0
40.47313,-121.40826,353,0.48,0.4,2021-08-18,2118,N,VIIRS,n,2,311.89,82.8,D,0
40.47458,-121.36317,341.56,0.48,0.4,2021-08-18,2118,N,VIIRS,n,2,300.07,12,D,0
40.47475,-121.42656,345.82,0.48,0.4,2021-08-18,2118,N,VIIRS,n,2,302.41,130.57,D,0
40.47545,-121.3229,345.95,0.48,0.4,2021-08-18,2118,N,VIIRS,n,2,306.96,27.17,D,0
40.47564,-121.0873,335.64,0.49,0.4,2021-08-18,2118,N,VIIRS,n,2,302.98,4.41,D,0
40.47588,-121.35188,345.05,0.48,0.4,2021-08-18,2118,N,VIIRS,n,2,302.73,11.54,D,0
40.47697,-121.37495,342.99,0.48,0.4,2021-08-18,2118,N,VIIRS,n,2,300.93,16.42,D,0
40.47741,-121.40363,367,0.48,0.4,2021-08-18,2118,N,VIIRS,l,2,329.31,82.8,D,0
40.47783,-121.33489,353.81,0.48,0.4,2021-08-18,2118,N,VIIRS,n,2,301.24,10.92,D,0
40.47806,-121.39801,367,0.48,0.4,2021-08-18,2118,N,VIIRS,l,2,333.75,48.7,D,0
40.47849,-121.32915,354.3,0.48,0.4,2021-08-18,2118,N,VIIRS,n,2,302.77,27.17,D,0
40.4787,-121.39243,346.01,0.48,0.4,2021-08-18,2118,N,VIIRS,n,2,302.54,48.7,D,0
40.4789,-121.35817,352.44,0.48,0.4,2021-08-18,2118,N,VIIRS,n,2,302.82,12.3,D,0
40.47934,-121.38692,355.26,0.48,0.4,2021-08-18,2118,N,VIIRS,n,2,299.98,19.55,D,0
40.48104,-121.40453,367,0.48,0.4,2021-08-18,2118,N,VIIRS,h,2,308.6,40.22,D,0
40.48215,-121.32993,346.44,0.48,0.4,2021-08-18,2118,N,VIIRS,n,2,304.44,25.18,D,0
40.48233,-121.39339,345.69,0.48,0.4,2021-08-18,2118,N,VIIRS,n,2,319.39,130.01,D,0
40.48256,-121.35895,350.9,0.48,0.4,2021-08-18,2118,N,VIIRS,n,2,304.27,12.3,D,0
40.48298,-121.38783,367,0.48,0.4,2021-08-18,2118,N,VIIRS,l,2,376.69,289.49,D,0
40.48362,-121.38229,353.31,0.48,0.4,2021-08-18,2118,N,VIIRS,l,2,326.07,289.49,D,0
40.48427,-121.37663,346.84,0.48,0.4,2021-08-18,2118,N,VIIRS,n,2,310.48,29.26,D,0
40.4853,-121.20326,340.11,0.49,0.4,2021-08-18,2118,N,VIIRS,n,2,300.54,6.34,D,0
40.48532,-121.39989,340.19,0.48,0.4,2021-08-18,2118,N,VIIRS,n,2,308.97,130.01,D,0
40.48558,-121.16739,349.54,0.49,0.4,2021-08-18,2118,N,VIIRS,n,2,304.63,9.85,D,0
40.48597,-121.39435,367,0.48,0.4,2021-08-18,2118,N,VIIRS,h,2,346.27,130.01,D,0
40.48622,-121.35977,349.96,0.48,0.4,2021-08-18,2118,N,VIIRS,n,2,306.47,15.13,D,0
40.48659,-121.19187,340.62,0.49,0.4,2021-08-18,2118,N,VIIRS,n,2,303.61,10.42,D,0
40.48661,-121.38877,345.07,0.48,0.4,2021-08-18,2118,N,VIIRS,n,2,309.65,289.49,D,0
40.48726,-121.38319,345.04,0.48,0.4,2021-08-18,2118,N,VIIRS,n,2,311.7,289.49,D,0
40.48792,-121.3775,346.65,0.48,0.4,2021-08-18,2118,N,VIIRS,n,2,320.31,29.26,D,0
40.4893,-121.16798,350.9,0.49,0.4,2021-08-18,2118,N,VIIRS,n,2,304,9.85,D,0
40.48954,-121.13226,338.39,0.49,0.4,2021-08-18,2118,N,VIIRS,n,2,298.45,6.35,D,0
40.48961,-121.39523,343.75,0.48,0.4,2021-08-18,2118,N,VIIRS,n,2,301.38,12.67,D,0
40.48964,-121.19829,338.84,0.49,0.4,2021-08-18,2118,N,VIIRS,n,2,300.7,12.57,D,0
40.49051,-121.35504,367,0.48,0.4,2021-08-18,2118,N,VIIRS,h,2,303.35,14.48,D,0
40.49158,-121.37824,348.49,0.48,0.4,2021-08-18,2118,N,VIIRS,n,2,318.47,32.35,D,0
40.493,-121.16859,334.78,0.49,0.4,2021-08-18,2118,N,VIIRS,n,2,296.95,2.93,D,0
40.49327,-121.13282,340.97,0.49,0.4,2021-08-18,2118,N,VIIRS,n,2,299.17,6.35,D,0
40.49385,-121.32618,347.01,0.48,0.4,2021-08-18,2118,N,VIIRS,n,2,301.45,12.8,D,0
40.49389,-121.38078,349.11,0.48,0.4,2021-08-18,2118,N,VIIRS,n,2,312.2,56.38,D,0
40.49393,-121.12695,341.79,0.49,0.4,2021-08-18,2118,N,VIIRS,n,2,297.58,6.35,D,0
40.49524,-121.37897,348.77,0.48,0.4,2021-08-18,2118,N,VIIRS,n,2,306.03,32.35,D,0
40.49702,-121.35255,346.32,0.48,0.4,2021-08-18,2118,N,VIIRS,n,2,308.96,4.75,D,0
40.49753,-121.32681,342.16,0.48,0.4,2021-08-18,2118,N,VIIRS,n,2,304.96,15.96,D,0
40.49769,-121.29277,335.83,0.48,0.4,2021-08-18,2118,N,VIIRS,n,2,300.26,2.4,D,0
40.49786,-121.35634,341.55,0.48,0.4,2021-08-18,2118,N,VIIRS,n,2,304.59,6.36,D,0
40.4982,-121.37567,352.94,0.48,0.4,2021-08-18,2118,N,VIIRS,n,2,304.82,34.16,D,0
40.4985,-121.3508,335.98,0.48,0.4,2021-08-18,2118,N,VIIRS,l,2,307.73,6.36,D,0
40.49874,-121.21772,336.81,0.48,0.4,2021-08-18,2118,N,VIIRS,n,2,295.68,4.84,D,0
40.4989,-121.37971,346.96,0.48,0.4,2021-08-18,2118,N,VIIRS,n,2,303.6,11.9,D,0
40.49942,-121.21179,334.84,0.49,0.4,2021-08-18,2118,N,VIIRS,n,2,295.99,4.84,D,0
40.49949,-121.36416,343.74,0.48,0.4,2021-08-18,2118,N,VIIRS,n,2,305.53,6.17,D,0
40.49959,-121.37383,346.5,0.48,0.4,2021-08-18,2118,N,VIIRS,n,2,299.64,11.9,D,0
40.5001,-121.35867,340.93,0.48,0.4,2021-08-18,2118,N,VIIRS,n,2,306.9,6.17,D,0
40.50026,-121.36803,350.9,0.48,0.4,2021-08-18,2118,N,VIIRS,n,2,303.65,6.24,D,0
40.50027,-121.32317,338.17,0.48,0.4,2021-08-18,2118,N,VIIRS,n,2,301.69,97.34,D,0
40.50071,-121.35317,333.87,0.48,0.4,2021-08-18,2118,N,VIIRS,l,2,305.81,4.75,D,0
40.50091,-121.36243,343.31,0.48,0.4,2021-08-18,2118,N,VIIRS,n,2,307.94,6.24,D,0
40.50122,-121.32741,344.04,0.48,0.4,2021-08-18,2118,N,VIIRS,n,2,302.86,15.96,D,0
40.50139,-121.2933,349.83,0.48,0.4,2021-08-18,2118,N,VIIRS,n,2,300.98,6.38,D,0
40.50154,-121.35697,337.92,0.48,0.4,2021-08-18,2118,N,VIIRS,n,2,307.36,4.51,D,0
40.50174,-121.15823,330.06,0.49,0.4,2021-08-18,2118,N,VIIRS,n,2,297.36,4.44,D,0
40.50193,-121.32134,339.96,0.48,0.4,2021-08-18,2118,N,VIIRS,n,2,305.71,12.81,D,0
40.5024,-121.1524,330.97,0.49,0.4,2021-08-18,2118,N,VIIRS,n,2,296.21,4.44,D,0
40.50462,-121.31785,344.86,0.48,0.4,2021-08-18,2118,N,VIIRS,n,2,308.62,7.22,D,0
40.5049,-121.32809,305.01,0.48,0.4,2021-08-18,2118,N,VIIRS,l,2,305.39,29.97,D,0
40.5056,-121.32201,353.41,0.48,0.4,2021-08-18,2118,N,VIIRS,n,2,322.98,38.3,D,0
40.50763,-121.32461,346.41,0.48,0.4,2021-08-18,2118,N,VIIRS,n,2,303.11,8.7,D,0
40.50829,-121.31859,353.84,0.48,0.4,2021-08-18,2118,N,VIIRS,n,2,310.17,12.35,D,0
40.50996,-121.31683,347.75,0.48,0.4,2021-08-18,2118,N,VIIRS,n,2,306.13,38.3,D,0
40.51387,-121.25016,334.27,0.48,0.4,2021-08-18,2118,N,VIIRS,n,2,299.65,3.75,D,0
40.51577,-121.21691,333.54,0.49,0.4,2021-08-18,2118,N,VIIRS,n,2,296.79,4.09,D,0
40.51641,-121.21112,337.68,0.49,0.4,2021-08-18,2118,N,VIIRS,n,2,296.16,4.09,D,0
40.51788,-121.21532,333.93,0.49,0.4,2021-08-18,2118,N,VIIRS,n,2,296.98,4.01,D,0
40.51817,-121.29732,338.21,0.48,0.4,2021-08-18,2118,N,VIIRS,n,2,304.46,20.33,D,0
40.51854,-121.20956,367,0.49,0.4,2021-08-18,2118,N,VIIRS,h,2,304.19,16.02,D,0
40.5201,-121.2118,350.13,0.49,0.4,2021-08-18,2118,N,VIIRS,n,2,301.07,14.43,D,0
40.52074,-121.20601,335.47,0.49,0.4,2021-08-18,2118,N,VIIRS,n,2,300.7,16.9,D,0
40.52124,-121.30352,346.47,0.48,0.4,2021-08-18,2118,N,VIIRS,n,2,314.65,30.34,D,0
40.52186,-121.29797,350.38,0.48,0.4,2021-08-18,2118,N,VIIRS,n,2,309.95,20.33,D,0
40.52224,-121.21024,348.16,0.49,0.4,2021-08-18,2118,N,VIIRS,n,2,300.85,16.02,D,0
40.5224,-121.25923,337.96,0.48,0.4,2021-08-18,2118,N,VIIRS,n,2,298.59,4.47,D,0
40.52554,-121.2987,348.45,0.48,0.4,2021-08-18,2118,N,VIIRS,n,2,307.9,19.77,D,0
40.52616,-121.29314,349.62,0.48,0.4,2021-08-18,2118,N,VIIRS,n,2,304.56,19.77,D,0
40.52984,-121.29382,347.1,0.48,0.4,2021-08-18,2118,N,VIIRS,n,2,301.25,19.77,D,0
40.53046,-121.28821,367,0.48,0.4,2021-08-18,2118,N,VIIRS,h,2,301.89,8.2,D,0
40.53109,-121.28263,335.73,0.48,0.4,2021-08-18,2118,N,VIIRS,n,2,298.81,8.2,D,0
40.53352,-121.26086,344.52,0.48,0.4,2021-08-18,2118,N,VIIRS,n,2,300.29,15.31,D,0
40.53414,-121.25528,341.59,0.48,0.4,2021-08-18,2118,N,VIIRS,n,2,302.67,25.38,D,0
40.53416,-121.28882,346.04,0.48,0.4,2021-08-18,2118,N,VIIRS,n,2,302.94,12.61,D,0
40.53479,-121.28322,354.17,0.48,0.4,2021-08-18,2118,N,VIIRS,n,2,299.76,12.61,D,0
40.5354,-121.27774,332.71,0.48,0.4,2021-08-18,2118,N,VIIRS,n,2,296.47,11.53,D,0
40.53783,-121.25593,341.37,0.48,0.4,2021-08-18,2118,N,VIIRS,n,2,295.57,5.43,D,0
40.5391,-121.2783,355.56,0.48,0.4,2021-08-18,2118,N,VIIRS,n,2,302.69,11.53,D,0
40.54214,-121.25104,333.59,0.48,0.4,2021-08-18,2118,N,VIIRS,n,2,295.57,5.43,D,0
40.54279,-121.27892,343.42,0.48,0.4,2021-08-18,2118,N,VIIRS,n,2,301.22,19.9,D,0
40.54584,-121.25168,335.74,0.48,0.4,2021-08-18,2118,N,VIIRS,n,2,300.98,4.39,D,0
40.54705,-121.27446,335.01,0.48,0.4,2021-08-18,2118,N,VIIRS,n,2,302.56,19.9,D,0
40.54891,-121.25789,332.69,0.48,0.4,2021-08-18,2118,N,VIIRS,n,2,299.05,4.39,D,0
40.54954,-121.25228,344.1,0.48,0.4,2021-08-18,2118,N,VIIRS,n,2,300.73,4.39,D,0
40.55074,-121.27522,348.12,0.48,0.4,2021-08-18,2118,N,VIIRS,n,2,312.25,64.54,D,0
40.55134,-121.26982,350.07,0.48,0.4,2021-08-18,2118,N,VIIRS,n,2,300.47,25.36,D,0
40.55198,-121.26418,351.68,0.48,0.4,2021-08-18,2118,N,VIIRS,n,2,310.68,25.36,D,0
40.55261,-121.25851,333.23,0.48,0.4,2021-08-18,2118,N,VIIRS,n,2,297.73,11.31,D,0
41.43756,-121.90324,342.46,0.47,0.39,2021-08-18,2118,N,VIIRS,n,2,294.97,15.07,D,0
41.43821,-121.89761,356.13,0.47,0.4,2021-08-18,2118,N,VIIRS,n,2,301.07,15.07,D,0
41.44116,-121.90427,346.76,0.47,0.39,2021-08-18,2118,N,VIIRS,n,2,302.73,15.07,D,0
41.44181,-121.89855,356.56,0.47,0.4,2021-08-18,2118,N,VIIRS,n,2,297.54,15.07,D,0
41.44247,-121.89284,346.98,0.47,0.4,2021-08-18,2118,N,VIIRS,n,2,300.81,13.85,D,0
41.44474,-121.90536,342.68,0.47,0.39,2021-08-18,2118,N,VIIRS,n,2,300.3,13.12,D,0
41.44608,-121.8937,332.91,0.47,0.4,2021-08-18,2118,N,VIIRS,n,2,295.53,4.85,D,0
41.44835,-121.90627,332.08,0.47,0.39,2021-08-18,2118,N,VIIRS,n,2,291.55,13.12,D,0
41.4497,-121.89453,345.23,0.47,0.4,2021-08-18,2118,N,VIIRS,n,2,294.43,4.85,D,0
41.4513,-121.91286,345.38,0.47,0.39,2021-08-18,2118,N,VIIRS,n,2,302.09,29.81,D,0
41.45197,-121.90706,353.75,0.47,0.39,2021-08-18,2118,N,VIIRS,n,2,301.59,25.16,D,0
41.45331,-121.89538,340.85,0.47,0.4,2021-08-18,2118,N,VIIRS,n,2,300.55,14.64,D,0
41.45491,-121.91366,351.73,0.47,0.39,2021-08-18,2118,N,VIIRS,n,2,311.7,29.81,D,0
41.45559,-121.90784,351.08,0.47,0.39,2021-08-18,2118,N,VIIRS,n,2,298.89,25.16,D,0
41.45693,-121.89622,340.11,0.47,0.4,2021-08-18,2118,N,VIIRS,n,2,295.4,14.64,D,0
41.45855,-121.91433,336.22,0.47,0.39,2021-08-18,2118,N,VIIRS,n,2,295.28,13.33,D,0
41.46054,-121.89706,334.54,0.47,0.4,2021-08-18,2118,N,VIIRS,n,2,293.97,16.71,D,0
41.46244,-121.94473,337.35,0.47,0.39,2021-08-18,2118,N,VIIRS,n,2,299.73,48.03,D,0
41.46414,-121.89805,350.1,0.47,0.4,2021-08-18,2118,N,VIIRS,n,2,302.13,16.71,D,0
41.46512,-121.92165,337.7,0.47,0.39,2021-08-18,2118,N,VIIRS,n,2,288.81,9.3,D,0
41.46842,-121.8932,340.43,0.47,0.4,2021-08-18,2118,N,VIIRS,n,2,292.77,154.88,D,0
41.46869,-121.92282,347.04,0.47,0.39,2021-08-18,2118,N,VIIRS,n,2,300.81,9.3,D,0
41.4713,-121.90037,367,0.47,0.4,2021-08-18,2118,N,VIIRS,l,2,333.77,154.88,D,0
41.472,-121.89432,367,0.47,0.4,2021-08-18,2118,N,VIIRS,h,2,349.55,154.88,D,0
41.47227,-121.92389,342.55,0.47,0.39,2021-08-18,2118,N,VIIRS,n,2,287.78,14.08,D,0
41.47335,-121.88268,347.78,0.47,0.4,2021-08-18,2118,N,VIIRS,n,2,290.14,13.79,D,0
41.47359,-121.97611,336.37,0.46,0.39,2021-08-18,2118,N,VIIRS,n,2,302.71,24.4,D,0
41.47401,-121.87695,352.87,0.47,0.4,2021-08-18,2118,N,VIIRS,n,2,280.62,10.92,D,0
41.47558,-121.89544,367,0.47,0.4,2021-08-18,2118,N,VIIRS,l,2,375.33,237.16,D,0
41.47626,-121.88959,345.24,0.47,0.4,2021-08-18,2118,N,VIIRS,n,2,297.01,55.7,D,0
41.47692,-121.8839,357.45,0.47,0.4,2021-08-18,2118,N,VIIRS,l,2,284.45,55.7,D,0
41.47722,-121.9767,335.39,0.46,0.39,2021-08-18,2118,N,VIIRS,n,2,297.47,24.4,D,0
41.47849,-121.90229,352,0.47,0.4,2021-08-18,2118,N,VIIRS,n,2,315.27,237.16,D,0
41.48116,-121.94308,351.35,0.47,0.39,2021-08-18,2118,N,VIIRS,n,2,293.23,43.78,D,0
41.48251,-121.93156,347.91,0.47,0.39,2021-08-18,2118,N,VIIRS,n,2,296.35,22.44,D,0
41.48416,-121.94912,295.83,0.47,0.39,2021-08-18,2118,N,VIIRS,l,2,301.5,89.1,D,0
41.48552,-121.93751,356.2,0.47,0.39,2021-08-18,2118,N,VIIRS,n,2,296.85,13.52,D,0
41.4862,-121.93175,352.62,0.47,0.39,2021-08-18,2118,N,VIIRS,n,2,292.85,13.52,D,0
41.48853,-121.94356,345.24,0.47,0.39,2021-08-18,2118,N,VIIRS,n,2,281.67,89.1,D,0
41.48919,-121.93789,345.69,0.47,0.39,2021-08-18,2118,N,VIIRS,n,2,288.38,13.52,D,0
41.49577,-121.94499,341.57,0.47,0.39,2021-08-18,2118,N,VIIRS,n,2,285.52,17.1,D,0
41.52068,-121.988,331.15,0.46,0.39,2021-08-18,2118,N,VIIRS,n,2,295.81,2.92,D,0
41.53429,-121.73605,335.33,0.47,0.4,2021-08-18,2118,N,VIIRS,n,2,290.33,3.66,D,0
41.53527,-121.73432,341.45,0.47,0.4,2021-08-18,2118,N,VIIRS,n,2,290.95,4.58,D,0
41.53791,-121.73707,331.71,0.47,0.4,2021-08-18,2118,N,VIIRS,n,2,291.3,3.66,D,0
41.54153,-121.73804,344.3,0.47,0.4,2021-08-18,2118,N,VIIRS,n,2,300.35,13.91,D,0
41.54812,-121.746,331.11,0.47,0.4,2021-08-18,2118,N,VIIRS,n,2,288.98,3.9,D,0
41.5488,-121.7399,341.88,0.47,0.4,2021-08-18,2118,N,VIIRS,n,2,298.79,44.48,D,0
41.55313,-121.73461,331.59,0.48,0.4,2021-08-18,2118,N,VIIRS,n,2,293.08,44.48,D,0
41.5561,-121.74149,338.21,0.47,0.4,2021-08-18,2118,N,VIIRS,n,2,295.41,6.49,D,0
41.55849,-121.75338,337.57,0.47,0.4,2021-08-18,2118,N,VIIRS,n,2,292.43,4.35,D,0
41.5591,-121.74796,334.22,0.47,0.4,2021-08-18,2118,N,VIIRS,n,2,294.23,4.35,D,0
41.56331,-121.77681,338.9,0.47,0.4,2021-08-18,2118,N,VIIRS,n,2,295.05,9.85,D,0
41.56762,-121.77175,332.24,0.47,0.4,2021-08-18,2118,N,VIIRS,n,2,301.07,6.88,D,0
41.57063,-121.77812,351.55,0.47,0.4,2021-08-18,2118,N,VIIRS,n,2,290.92,6.88,D,0
41.57128,-121.7724,351.71,0.47,0.4,2021-08-18,2118,N,VIIRS,n,2,286.41,6.88,D,0
41.57298,-121.79029,332.56,0.47,0.4,2021-08-18,2118,N,VIIRS,n,2,287.65,102.39,D,0
41.57363,-121.78455,367,0.47,0.4,2021-08-18,2118,N,VIIRS,l,2,331.66,102.39,D,0
41.57428,-121.77882,367,0.47,0.4,2021-08-18,2118,N,VIIRS,h,2,301.78,233.05,D,0
41.57594,-121.79697,336.71,0.47,0.4,2021-08-18,2118,N,VIIRS,n,2,284.96,8.27,D,0
41.57957,-121.79794,331.55,0.47,0.4,2021-08-18,2118,N,VIIRS,n,2,280.88,4.88,D,0
41.58023,-121.79212,337.13,0.47,0.4,2021-08-18,2118,N,VIIRS,n,2,276.61,7.22,D,0
41.5809,-121.78625,355.78,0.47,0.4,2021-08-18,2118,N,VIIRS,n,2,284.77,7.22,D,0
41.58291,-121.7686,331.54,0.47,0.4,2021-08-18,2118,N,VIIRS,n,2,288.28,6.81,D,0
41.61514,-121.78075,333.48,0.47,0.4,2021-08-18,2118,N,VIIRS,n,2,293.04,4.36,D,0
41.61884,-121.78113,331.13,0.47,0.4,2021-08-18,2118,N,VIIRS,n,2,295.19,3.17,D,0
40.52271,-121.21083,322.78,0.54,0.42,2021-08-19,936,N,VIIRS,n,2,281.58,3.27,N,0
40.52866,-121.26898,310.66,0.54,0.42,2021-08-19,936,N,VIIRS,n,2,279.15,1.59,N,0
40.53011,-121.2833,299.57,0.54,0.42,2021-08-19,936,N,VIIRS,n,2,281.46,4.54,N,0
40.53079,-121.29001,350.08,0.55,0.42,2021-08-19,936,N,VIIRS,n,2,286.45,7.43,N,0
40.53123,-121.25521,306.42,0.54,0.42,2021-08-19,936,N,VIIRS,n,2,279.5,1.36,N,0
40.53146,-121.29663,317.77,0.55,0.42,2021-08-19,936,N,VIIRS,n,2,281.06,7.43,N,3
40.5319,-121.26186,296.86,0.54,0.42,2021-08-19,936,N,VIIRS,n,2,278.56,1.59,N,0
40.53402,-121.28273,343.16,0.54,0.42,2021-08-19,936,N,VIIRS,n,2,285.41,4.54,N,0
40.5347,-121.28938,343.65,0.55,0.42,2021-08-19,936,N,VIIRS,n,2,286.02,7.43,N,0
40.53513,-121.25455,314.74,0.54,0.42,2021-08-19,936,N,VIIRS,n,2,282.08,1.61,N,0
40.53581,-121.26127,308.72,0.54,0.42,2021-08-19,936,N,VIIRS,n,2,283.45,1.97,N,0
40.53651,-121.26804,296.63,0.54,0.42,2021-08-19,936,N,VIIRS,n,2,279.81,1.97,N,0
40.53794,-121.28214,334.01,0.54,0.42,2021-08-19,936,N,VIIRS,n,2,284,5.22,N,0
40.53902,-121.25386,302.59,0.54,0.42,2021-08-19,936,N,VIIRS,n,2,280.01,1.61,N,0
40.54185,-121.28152,326.64,0.54,0.42,2021-08-19,936,N,VIIRS,n,2,283.11,5.22,N,0
40.54292,-121.25317,297.45,0.54,0.42,2021-08-19,936,N,VIIRS,n,2,279.19,1.1,N,0
40.54575,-121.28075,329.08,0.54,0.42,2021-08-19,936,N,VIIRS,n,2,284.42,6.46,N,0
40.54682,-121.25249,300.26,0.54,0.42,2021-08-19,936,N,VIIRS,n,2,279.69,1.1,N,0
40.54962,-121.27973,331.06,0.54,0.42,2021-08-19,936,N,VIIRS,n,2,283.43,6.46,N,0
40.55073,-121.25188,301.91,0.54,0.42,2021-08-19,936,N,VIIRS,n,2,280.14,2.37,N,0
40.55141,-121.25852,304.15,0.54,0.42,2021-08-19,936,N,VIIRS,n,2,280.38,6.89,N,0
40.55209,-121.26506,352.86,0.54,0.42,2021-08-19,936,N,VIIRS,n,2,286.96,6.89,N,0
40.55277,-121.27166,313.45,0.54,0.42,2021-08-19,936,N,VIIRS,n,2,281.24,3.64,N,0
40.55348,-121.27863,321.99,0.54,0.42,2021-08-19,936,N,VIIRS,n,2,282.36,3.64,N,0
41.41223,-121.89954,345.52,0.4,0.44,2021-08-19,936,N,VIIRS,n,2,288.57,19.71,N,0
41.41629,-121.89873,323.43,0.4,0.44,2021-08-19,936,N,VIIRS,n,2,290.81,19.71,N,0
41.41676,-121.90356,353.7,0.4,0.44,2021-08-19,936,N,VIIRS,n,2,288.88,19.71,N,0
41.42035,-121.89792,300.86,0.4,0.44,2021-08-19,936,N,VIIRS,n,2,281.49,1,N,0
41.42083,-121.90276,309.11,0.4,0.44,2021-08-19,936,N,VIIRS,n,2,282.45,1,N,0
41.43707,-121.89954,300.44,0.4,0.44,2021-08-19,936,N,VIIRS,n,2,284.41,0.99,N,0
41.43753,-121.90421,302.95,0.4,0.44,2021-08-19,936,N,VIIRS,n,2,284.46,0.94,N,0
41.44065,-121.89392,305.46,0.4,0.44,2021-08-19,936,N,VIIRS,n,2,285.2,0.99,N,0
41.44111,-121.89854,302.93,0.4,0.44,2021-08-19,936,N,VIIRS,n,2,285.37,0.99,N,0
41.44155,-121.90305,308.67,0.4,0.44,2021-08-19,936,N,VIIRS,n,2,286.81,0.94,N,0
41.44199,-121.90751,295.01,0.4,0.44,2021-08-19,936,N,VIIRS,n,2,283.9,0.94,N,0
41.4447,-121.89304,303.54,0.4,0.44,2021-08-19,936,N,VIIRS,n,2,285.11,2.35,N,0
41.44602,-121.90638,334.04,0.4,0.44,2021-08-19,936,N,VIIRS,n,2,290.99,4.23,N,0
41.44646,-121.91086,337.95,0.4,0.44,2021-08-19,936,N,VIIRS,n,2,287.7,4.18,N,0
41.44876,-121.89224,325.52,0.4,0.44,2021-08-19,936,N,VIIRS,n,2,286.67,2.35,N,0
41.45008,-121.90559,336.49,0.4,0.44,2021-08-19,936,N,VIIRS,n,2,286.07,4.23,N,0
41.45053,-121.91008,318.25,0.4,0.44,2021-08-19,936,N,VIIRS,n,2,283.23,4.18,N,0
41.45098,-121.91459,310.56,0.4,0.44,2021-08-19,936,N,VIIRS,n,2,284.41,4.18,N,0
41.45162,-121.8903,301.75,0.4,0.44,2021-08-19,936,N,VIIRS,n,2,284.51,0.8,N,0
41.45205,-121.89484,319.3,0.4,0.44,2021-08-19,936,N,VIIRS,n,2,286.26,2.85,N,0
41.45282,-121.89143,311.87,0.4,0.44,2021-08-19,936,N,VIIRS,n,2,285.01,2.28,N,0
41.45289,-121.90376,299.56,0.4,0.44,2021-08-19,936,N,VIIRS,n,2,284.17,2.44,N,0
41.45327,-121.89594,316.61,0.4,0.44,2021-08-19,936,N,VIIRS,n,2,285.86,2.28,N,0
41.45331,-121.90823,343.92,0.4,0.44,2021-08-19,936,N,VIIRS,n,2,288.12,2.44,N,0
41.45374,-121.91276,325.38,0.4,0.44,2021-08-19,936,N,VIIRS,n,2,285.63,2.28,N,0
41.45415,-121.90486,309.77,0.4,0.44,2021-08-19,936,N,VIIRS,n,2,285.92,2.47,N,0
41.45417,-121.91729,310.76,0.4,0.44,2021-08-19,936,N,VIIRS,n,2,282.49,2.28,N,0
41.4546,-121.90936,321.21,0.4,0.44,2021-08-19,936,N,VIIRS,n,2,285.6,2.26,N,0
41.45505,-121.9139,332.71,0.4,0.44,2021-08-19,936,N,VIIRS,n,2,285.86,2.26,N,0
41.45551,-121.91846,313.98,0.4,0.44,2021-08-19,936,N,VIIRS,n,2,283.06,1.42,N,0
41.45568,-121.88953,295.81,0.4,0.44,2021-08-19,936,N,VIIRS,n,2,283.5,0.8,N,0
41.45611,-121.89406,322.25,0.4,0.44,2021-08-19,936,N,VIIRS,n,2,285.58,2.85,N,0
41.45689,-121.89069,309.83,0.4,0.44,2021-08-19,936,N,VIIRS,n,2,283.96,2.28,N,0
41.45714,-121.94896,337.21,0.4,0.44,2021-08-19,936,N,VIIRS,n,2,282.89,6,N,0
41.45733,-121.89517,333.1,0.4,0.44,2021-08-19,936,N,VIIRS,n,2,286.45,2.28,N,0
41.45739,-121.90754,303.11,0.4,0.44,2021-08-19,936,N,VIIRS,n,2,284.18,2.44,N,0
41.45782,-121.91217,326.2,0.4,0.44,2021-08-19,936,N,VIIRS,n,2,285.53,2.28,N,0
41.45819,-121.94563,328.92,0.4,0.44,2021-08-19,936,N,VIIRS,n,2,283.33,5.86,N,0
41.45826,-121.91682,313.18,0.4,0.44,2021-08-19,936,N,VIIRS,n,2,284.65,2.28,N,0
41.45863,-121.95004,341.35,0.4,0.44,2021-08-19,936,N,VIIRS,n,2,284.47,5.86,N,0
41.45868,-121.9087,309.34,0.4,0.44,2021-08-19,936,N,VIIRS,n,2,284.3,2.26,N,0
41.45914,-121.91338,311.01,0.4,0.44,2021-08-19,936,N,VIIRS,n,2,284.75,2.26,N,0
41.45961,-121.91807,299.68,0.4,0.44,2021-08-19,936,N,VIIRS,n,2,283.04,1.42,N,0
41.45976,-121.88881,328.9,0.4,0.44,2021-08-19,936,N,VIIRS,n,2,289.29,19.14,N,0
41.46018,-121.89329,367,0.4,0.44,2021-08-19,936,N,VIIRS,h,2,294.77,24.41,N,0
41.4606,-121.89773,303.64,0.4,0.44,2021-08-19,936,N,VIIRS,n,2,284.67,24.41,N,0
41.46083,-121.94411,337.3,0.4,0.44,2021-08-19,936,N,VIIRS,n,2,285.94,4.97,N,0
41.46124,-121.94839,356.27,0.4,0.44,2021-08-19,936,N,VIIRS,n,2,293.35,6,N,0
41.46164,-121.95266,304.05,0.4,0.44,2021-08-19,936,N,VIIRS,n,2,281.06,6,N,0
41.4623,-121.94514,345.08,0.4,0.44,2021-08-19,936,N,VIIRS,n,2,289.05,5.86,N,0
41.46271,-121.94936,352.2,0.4,0.44,2021-08-19,936,N,VIIRS,n,2,292.13,5.86,N,0
41.46382,-121.88799,336.85,0.4,0.44,2021-08-19,936,N,VIIRS,n,2,284.97,19.14,N,0
41.46423,-121.8924,346.31,0.4,0.44,2021-08-19,936,N,VIIRS,n,2,318,24.41,N,0
41.46465,-121.89672,321.52,0.4,0.44,2021-08-19,936,N,VIIRS,n,2,289.53,24.41,N,0
41.46489,-121.94321,307.71,0.4,0.44,2021-08-19,936,N,VIIRS,n,2,282.44,1.28,N,0
41.46529,-121.9474,329.16,0.4,0.44,2021-08-19,936,N,VIIRS,n,2,286.57,2.52,N,0
41.46569,-121.95159,308.23,0.4,0.44,2021-08-19,936,N,VIIRS,n,2,282.29,2.52,N,0
41.46725,-121.92418,297.05,0.4,0.44,2021-08-19,936,N,VIIRS,n,2,283.48,1.6,N,0
41.46743,-121.88245,303.68,0.4,0.44,2021-08-19,936,N,VIIRS,n,2,284.28,42.43,N,0
41.46768,-121.92876,316.35,0.4,0.44,2021-08-19,936,N,VIIRS,n,2,284.36,2.22,N,0
41.46786,-121.88702,351.72,0.4,0.44,2021-08-19,936,N,VIIRS,n,2,285.35,42.43,N,0
41.46809,-121.93311,318.63,0.4,0.44,2021-08-19,936,N,VIIRS,n,2,285.28,2.22,N,0
41.46828,-121.8914,348.81,0.4,0.44,2021-08-19,936,N,VIIRS,n,2,291.46,7.15,N,0
41.46836,-121.98016,310.83,0.4,0.44,2021-08-19,936,N,VIIRS,n,2,279.81,1.65,N,0
41.4685,-121.93742,306.85,0.4,0.44,2021-08-19,936,N,VIIRS,n,2,283.07,1.28,N,0
41.46868,-121.8956,308.44,0.4,0.44,2021-08-19,936,N,VIIRS,n,2,286.03,7.15,N,0
41.46891,-121.94176,312.2,0.4,0.44,2021-08-19,936,N,VIIRS,n,2,281.87,1.28,N,0
41.47103,-121.8768,328.93,0.4,0.44,2021-08-19,936,N,VIIRS,n,2,284.94,21.35,N,0
41.47146,-121.88132,335.65,0.4,0.44,2021-08-19,936,N,VIIRS,n,2,326.83,42.43,N,0
41.4719,-121.8859,349.8,0.4,0.44,2021-08-19,936,N,VIIRS,n,2,311.76,42.43,N,0
41.47205,-121.97525,317.99,0.4,0.44,2021-08-19,936,N,VIIRS,n,2,281.6,1.65,N,0
41.47232,-121.8903,334.23,0.4,0.44,2021-08-19,936,N,VIIRS,n,2,289.86,7.15,N,0
41.4725,-121.9799,310.9,0.4,0.44,2021-08-19,936,N,VIIRS,n,2,282.55,1.65,N,0
41.47254,-121.93626,313.6,0.4,0.44,2021-08-19,936,N,VIIRS,n,2,284.67,1.98,N,0
41.47272,-121.89449,302.09,0.4,0.44,2021-08-19,936,N,VIIRS,n,2,284.26,7.15,N,0
41.47296,-121.94075,314.46,0.4,0.44,2021-08-19,936,N,VIIRS,n,2,282.35,1.98,N,0
41.47312,-121.89867,296.8,0.4,0.44,2021-08-19,936,N,VIIRS,n,2,283.42,1.3,N,0
41.47506,-121.87566,305.37,0.4,0.44,2021-08-19,936,N,VIIRS,n,2,282.69,5.58,N,0
41.47547,-121.87994,344.66,0.4,0.44,2021-08-19,936,N,VIIRS,n,2,311.67,31.48,N,0
41.4759,-121.88442,355.76,0.4,0.44,2021-08-19,936,N,VIIRS,n,2,312.71,31.48,N,0
41.47619,-121.93106,308.48,0.4,0.44,2021-08-19,936,N,VIIRS,n,2,282.47,1.47,N,0
41.47632,-121.88891,353.97,0.4,0.44,2021-08-19,936,N,VIIRS,n,2,304.73,21.09,N,0
41.4766,-121.97939,300.07,0.4,0.44,2021-08-19,936,N,VIIRS,n,2,280.94,1.3,N,0
41.47662,-121.93557,308.72,0.4,0.44,2021-08-19,936,N,VIIRS,n,2,283,1.98,N,0
41.47675,-121.89332,325.7,0.4,0.44,2021-08-19,936,N,VIIRS,n,2,288.05,21.09,N,0
41.47701,-121.98368,301.63,0.4,0.44,2021-08-19,936,N,VIIRS,n,2,281.09,2.16,N,0
41.47706,-121.94022,321.81,0.4,0.44,2021-08-19,936,N,VIIRS,n,2,284.73,1.98,N,0
41.47717,-121.89767,300.33,0.4,0.44,2021-08-19,936,N,VIIRS,n,2,283.2,3.97,N,0
41.4775,-121.94494,328.31,0.4,0.44,2021-08-19,936,N,VIIRS,n,2,284.57,3.11,N,0
41.47758,-121.90203,346.46,0.4,0.44,2021-08-19,936,N,VIIRS,n,2,288,3.97,N,0
41.47795,-121.94955,315.42,0.4,0.44,2021-08-19,936,N,VIIRS,n,2,280.87,3.11,N,0
41.47801,-121.90652,302.27,0.4,0.44,2021-08-19,936,N,VIIRS,n,2,281.1,1.73,N,0
41.47846,-121.91122,297.25,0.4,0.44,2021-08-19,936,N,VIIRS,n,2,280.53,1.73,N,0
41.4795,-121.87882,300.83,0.4,0.44,2021-08-19,936,N,VIIRS,n,2,281.16,31.48,N,0
41.47992,-121.88314,367,0.4,0.44,2021-08-19,936,N,VIIRS,h,2,299.75,31.48,N,0
41.4803,-121.97459,298.9,0.4,0.44,2021-08-19,936,N,VIIRS,n,2,280.71,1.3,N,0
41.48036,-121.88777,356.67,0.4,0.44,2021-08-19,936,N,VIIRS,n,2,303.24,21.09,N,0
41.48069,-121.97878,317.77,0.4,0.44,2021-08-19,936,N,VIIRS,n,2,281.67,1.3,N,0
41.48074,-121.93531,308.72,0.4,0.44,2021-08-19,936,N,VIIRS,n,2,283.3,1.91,N,0
41.48079,-121.89233,367,0.4,0.44,2021-08-19,936,N,VIIRS,h,2,295.44,21.09,N,0
41.48119,-121.94012,299.55,0.4,0.44,2021-08-19,936,N,VIIRS,n,2,283.25,1.91,N,0
41.48123,-121.89691,343.15,0.4,0.44,2021-08-19,936,N,VIIRS,n,2,289.08,3.97,N,0
41.48166,-121.94502,312.96,0.4,0.44,2021-08-19,936,N,VIIRS,n,2,284.96,2.09,N,0
41.48167,-121.90146,305.18,0.4,0.44,2021-08-19,936,N,VIIRS,n,2,281.11,3.97,N,0
41.48209,-121.94964,331.82,0.4,0.44,2021-08-19,936,N,VIIRS,n,2,285.55,2.09,N,0
41.48446,-121.93085,301.63,0.4,0.44,2021-08-19,936,N,VIIRS,n,2,282.8,1.54,N,0
41.48491,-121.93564,326.11,0.4,0.44,2021-08-19,936,N,VIIRS,n,2,285.32,1.91,N,0
41.48583,-121.94535,318.23,0.4,0.44,2021-08-19,936,N,VIIRS,n,2,285.54,2.09,N,0
41.48626,-121.94983,305.22,0.4,0.44,2021-08-19,936,N,VIIRS,n,2,282.31,2.09,N,0
41.48653,-121.99657,305.63,0.4,0.44,2021-08-19,936,N,VIIRS,n,2,281,1.46,N,0
41.48705,-122.00217,327,0.4,0.44,2021-08-19,936,N,VIIRS,n,2,283.55,1.43,N,0
41.48758,-122.00782,296.74,0.4,0.44,2021-08-19,936,N,VIIRS,n,2,280.12,1.43,N,0
41.48809,-121.9692,295.57,0.4,0.44,2021-08-19,936,N,VIIRS,n,2,282.96,1.17,N,0
41.48861,-121.9309,306.09,0.4,0.44,2021-08-19,936,N,VIIRS,n,2,283.83,1.64,N,0
41.48906,-121.93568,309.59,0.4,0.44,2021-08-19,936,N,VIIRS,n,2,282.91,1.28,N,0
41.48951,-121.94043,300.76,0.4,0.44,2021-08-19,936,N,VIIRS,n,2,283.78,1.28,N,0
41.48996,-121.94516,296.52,0.4,0.44,2021-08-19,936,N,VIIRS,n,2,281.68,1.23,N,0
41.49086,-121.91103,302.73,0.4,0.44,2021-08-19,936,N,VIIRS,n,2,282.61,1.24,N,0
41.49108,-122.0007,296.85,0.4,0.44,2021-08-19,936,N,VIIRS,n,2,279.78,1.43,N,0
41.4916,-122.00626,299.96,0.4,0.44,2021-08-19,936,N,VIIRS,n,2,280.94,1.43,N,0
41.49451,-121.94941,303.19,0.4,0.44,2021-08-19,936,N,VIIRS,n,2,283.1,1.23,N,0
41.49496,-121.95413,295.6,0.4,0.44,2021-08-19,936,N,VIIRS,n,2,282.06,1.42,N,0
41.49496,-121.91063,300.23,0.4,0.44,2021-08-19,936,N,VIIRS,n,2,282.06,0.66,N,0
41.49543,-121.91554,295.09,0.4,0.44,2021-08-19,936,N,VIIRS,n,2,281.48,0.78,N,0
41.49588,-121.92033,295.04,0.4,0.44,2021-08-19,936,N,VIIRS,n,2,282.47,0.78,N,0
41.53578,-121.73746,298.66,0.39,0.44,2021-08-19,936,N,VIIRS,n,2,281.89,0.93,N,0
41.53979,-121.73648,297.33,0.39,0.44,2021-08-19,936,N,VIIRS,n,2,281.66,0.93,N,0
41.54382,-121.73565,298.99,0.39,0.44,2021-08-19,936,N,VIIRS,n,2,280.93,0.88,N,0
41.54785,-121.73484,306.88,0.39,0.44,2021-08-19,936,N,VIIRS,n,2,280.98,0.88,N,0
41.5481,-121.73634,306.07,0.39,0.44,2021-08-19,936,N,VIIRS,n,2,281.16,2.11,N,0
41.54869,-121.74323,298.64,0.39,0.44,2021-08-19,936,N,VIIRS,n,2,281.32,1.93,N,0
41.54892,-121.74482,299.74,0.39,0.44,2021-08-19,936,N,VIIRS,n,2,281.1,1.99,N,0
41.54915,-121.74781,301.3,0.39,0.44,2021-08-19,936,N,VIIRS,n,2,280.1,0.82,N,0
41.54963,-122.00372,296.16,0.4,0.44,2021-08-19,936,N,VIIRS,n,2,278.1,0.49,N,0
41.55214,-121.7356,307.88,0.39,0.44,2021-08-19,936,N,VIIRS,n,2,281.76,1.37,N,0
41.55255,-121.73988,324.4,0.39,0.44,2021-08-19,936,N,VIIRS,n,2,282.61,2.85,N,0
41.55659,-121.73917,316.9,0.39,0.44,2021-08-19,936,N,VIIRS,n,2,281.43,2.85,N,0
41.55747,-121.74833,309.44,0.39,0.44,2021-08-19,936,N,VIIRS,n,2,280.58,1.91,N,0
41.55843,-121.75838,295.71,0.39,0.44,2021-08-19,936,N,VIIRS,n,2,279.4,1.08,N,0
41.56031,-121.77823,317.69,0.39,0.44,2021-08-19,936,N,VIIRS,n,2,282.85,1.88,N,0
41.56076,-121.78298,310.15,0.39,0.44,2021-08-19,936,N,VIIRS,n,2,281.16,1.88,N,0
41.56121,-121.7877,310.15,0.39,0.44,2021-08-19,936,N,VIIRS,n,2,280.9,1.73,N,0
41.56438,-121.77771,320.94,0.39,0.44,2021-08-19,936,N,VIIRS,n,2,283.55,1.9,N,0
41.56483,-121.78244,323.39,0.39,0.44,2021-08-19,936,N,VIIRS,n,2,286.15,1.9,N,0
41.56528,-121.78716,319.86,0.39,0.44,2021-08-19,936,N,VIIRS,n,2,283.8,1.86,N,0
41.56844,-121.77715,302.31,0.39,0.44,2021-08-19,936,N,VIIRS,n,2,279.83,1.9,N,0
41.5689,-121.78189,309.83,0.39,0.44,2021-08-19,936,N,VIIRS,n,2,283.63,1.9,N,0
41.56935,-121.78664,315.82,0.39,0.44,2021-08-19,936,N,VIIRS,n,2,284.68,1.86,N,0
41.5698,-121.79134,299.89,0.39,0.44,2021-08-19,936,N,VIIRS,n,2,279.61,1.86,N,0
41.57296,-121.78125,310.93,0.39,0.44,2021-08-19,936,N,VIIRS,n,2,285.2,1.46,N,0
41.57341,-121.7859,309.27,0.39,0.44,2021-08-19,936,N,VIIRS,n,2,284.14,1.69,N,0
41.57384,-121.79053,313.68,0.39,0.44,2021-08-19,936,N,VIIRS,n,2,282.72,1.69,N,0
41.57429,-121.79513,302.86,0.39,0.44,2021-08-19,936,N,VIIRS,n,2,281.13,1.49,N,0
41.57701,-121.78053,306.49,0.39,0.44,2021-08-19,936,N,VIIRS,n,2,282.59,1.46,N,0
41.57745,-121.78506,307.94,0.39,0.44,2021-08-19,936,N,VIIRS,n,2,283.19,1.69,N,0
41.57875,-121.75584,297.39,0.39,0.44,2021-08-19,936,N,VIIRS,n,2,280.89,1.14,N,0
41.58106,-121.77982,302.25,0.39,0.44,2021-08-19,936,N,VIIRS,n,2,279.79,0.54,N,0
41.58511,-121.77911,297.08,0.39,0.44,2021-08-19,936,N,VIIRS,n,2,279.15,0.54,N,0
41.614,-121.77944,298.69,0.39,0.44,2021-08-19,936,N,VIIRS,n,2,281.58,0.89,N,0
41.61811,-121.77931,300.99,0.39,0.44,2021-08-19,936,N,VIIRS,n,2,282.56,0.89,N,0
39.6209,-119.2649,297.96,0.44,0.39,2021-08-19,937,N,VIIRS,n,2,284.51,0.95,N,2
40.03653,-120.79028,313.35,0.51,0.41,2021-08-19,937,N,VIIRS,n,2,285.31,2.13,N,0
40.06005,-120.73635,302.79,0.51,0.41,2021-08-19,937,N,VIIRS,n,2,284.41,9.17,N,0
40.06147,-120.78484,316.72,0.51,0.41,2021-08-19,937,N,VIIRS,n,2,285.2,2.43,N,0
40.06307,-120.78543,314.88,0.51,0.41,2021-08-19,937,N,VIIRS,n,2,285.42,2.51,N,0
40.06316,-120.72955,330.48,0.51,0.41,2021-08-19,937,N,VIIRS,n,2,287.97,6.55,N,0
40.06381,-120.73548,352.72,0.51,0.41,2021-08-19,937,N,VIIRS,n,2,293.33,9.17,N,0
40.06451,-120.74184,352,0.51,0.41,2021-08-19,937,N,VIIRS,n,2,294.46,9.17,N,0
40.06521,-120.74824,324.01,0.51,0.41,2021-08-19,937,N,VIIRS,n,2,286.04,5.38,N,0
40.06625,-120.72246,346.23,0.51,0.41,2021-08-19,937,N,VIIRS,n,2,288.05,10.94,N,0
40.06688,-120.72814,350.84,0.51,0.41,2021-08-19,937,N,VIIRS,n,2,292.35,10.94,N,0
40.067,-120.76456,338.53,0.51,0.41,2021-08-19,937,N,VIIRS,n,2,286.27,6.96,N,0
40.06757,-120.73448,349.69,0.51,0.41,2021-08-19,937,N,VIIRS,n,2,294.7,12.31,N,0
40.06765,-120.77042,308.6,0.51,0.41,2021-08-19,937,N,VIIRS,n,2,283.95,3.31,N,0
40.06829,-120.74117,333.24,0.51,0.41,2021-08-19,937,N,VIIRS,n,2,287.6,12.31,N,0
40.0696,-120.7531,312.38,0.51,0.41,2021-08-19,937,N,VIIRS,n,2,284.61,4.43,N,0
40.06994,-120.72088,352.92,0.51,0.41,2021-08-19,937,N,VIIRS,n,2,298.77,10.94,N,0
40.07018,-120.75829,318.37,0.51,0.41,2021-08-19,937,N,VIIRS,n,2,285.95,17.28,N,0
40.07057,-120.72662,327.01,0.51,0.41,2021-08-19,937,N,VIIRS,n,2,290.98,10.94,N,0
40.07075,-120.7635,342.58,0.51,0.41,2021-08-19,937,N,VIIRS,n,2,297.29,17.28,N,0
40.0713,-120.73336,334.13,0.51,0.41,2021-08-19,937,N,VIIRS,n,2,292.23,12.31,N,0
40.07139,-120.76933,356.13,0.51,0.41,2021-08-19,937,N,VIIRS,n,2,299.07,20.84,N,0
40.07206,-120.77546,314.19,0.51,0.41,2021-08-19,937,N,VIIRS,n,2,284.07,20.84,N,0
40.07207,-120.74037,344.96,0.51,0.41,2021-08-19,937,N,VIIRS,n,2,294.23,12.31,N,0
40.07275,-120.74656,297.16,0.51,0.41,2021-08-19,937,N,VIIRS,n,2,285.12,4.43,N,0
40.07336,-120.75208,339.89,0.51,0.41,2021-08-19,937,N,VIIRS,n,2,290.04,4.43,N,0
40.07364,-120.71938,319.09,0.51,0.41,2021-08-19,937,N,VIIRS,n,2,287.45,3.35,N,0
40.07394,-120.75731,355.16,0.51,0.41,2021-08-19,937,N,VIIRS,n,2,298.17,17.28,N,0
40.0743,-120.72541,321.59,0.51,0.41,2021-08-19,937,N,VIIRS,n,2,288.03,3.35,N,0
40.07452,-120.76255,367,0.51,0.41,2021-08-19,937,N,VIIRS,h,2,295.85,17.28,N,0
40.07505,-120.73224,327.65,0.51,0.41,2021-08-19,937,N,VIIRS,n,2,289.67,4.19,N,0
40.07515,-120.76839,367,0.51,0.41,2021-08-19,937,N,VIIRS,h,2,299.78,20.84,N,0
40.07582,-120.73933,336.23,0.51,0.41,2021-08-19,937,N,VIIRS,n,2,289.23,4.19,N,0
40.07583,-120.77454,338.62,0.51,0.41,2021-08-19,937,N,VIIRS,n,2,287.58,20.84,N,0
40.07651,-120.7456,336.73,0.51,0.41,2021-08-19,937,N,VIIRS,n,2,288.8,11.16,N,0
40.07669,-120.71207,326.77,0.51,0.41,2021-08-19,937,N,VIIRS,n,2,284.25,3.67,N,0
40.07711,-120.75107,353.83,0.51,0.41,2021-08-19,937,N,VIIRS,n,2,293.37,11.16,N,0
40.07732,-120.71777,319.35,0.51,0.41,2021-08-19,937,N,VIIRS,n,2,286.84,3.35,N,0
40.07769,-120.75629,350.57,0.51,0.41,2021-08-19,937,N,VIIRS,n,2,294.48,10.95,N,0
40.07802,-120.72414,330.79,0.51,0.41,2021-08-19,937,N,VIIRS,n,2,289.57,3.35,N,0
40.07828,-120.76163,367,0.51,0.41,2021-08-19,937,N,VIIRS,h,2,295.16,10.95,N,0
40.07879,-120.73118,320.21,0.51,0.41,2021-08-19,937,N,VIIRS,n,2,289.67,4.19,N,0
40.07893,-120.7675,354.01,0.51,0.41,2021-08-19,937,N,VIIRS,n,2,296.12,7.87,N,0
40.07957,-120.73833,316.76,0.51,0.41,2021-08-19,937,N,VIIRS,n,2,288.24,4.19,N,0
40.07961,-120.77377,338.09,0.51,0.41,2021-08-19,937,N,VIIRS,n,2,287.55,7.87,N,0
40.08027,-120.7447,356.93,0.51,0.41,2021-08-19,937,N,VIIRS,n,2,297.94,11.16,N,0
40.0804,-120.71066,327.75,0.51,0.41,2021-08-19,937,N,VIIRS,n,2,285.62,6.41,N,0
40.08088,-120.75021,349.85,0.51,0.41,2021-08-19,937,N,VIIRS,n,2,295.31,11.16,N,0
40.08104,-120.71646,343.84,0.51,0.41,2021-08-19,937,N,VIIRS,n,2,291.77,10.17,N,0
40.08126,-121.08637,306.2,0.53,0.42,2021-08-19,937,N,VIIRS,n,2,282.55,2.2,N,0
40.08146,-120.75545,345,0.51,0.41,2021-08-19,937,N,VIIRS,n,2,292,10.95,N,0
40.08177,-120.72308,320.29,0.51,0.41,2021-08-19,937,N,VIIRS,n,2,288.18,10.17,N,0
40.08193,-121.08521,303.27,0.53,0.42,2021-08-19,937,N,VIIRS,n,2,283.06,0.73,N,0
40.08197,-121.0928,318.57,0.53,0.42,2021-08-19,937,N,VIIRS,n,2,284.04,2.2,N,0
40.08206,-120.76085,367,0.51,0.41,2021-08-19,937,N,VIIRS,h,2,295.21,10.95,N,0
40.08255,-120.7303,332.18,0.51,0.41,2021-08-19,937,N,VIIRS,n,2,290.62,11.94,N,0
40.08261,-121.09171,326.04,0.53,0.42,2021-08-19,937,N,VIIRS,n,2,285.51,2.24,N,0
40.08271,-120.7668,315.66,0.51,0.41,2021-08-19,937,N,VIIRS,n,2,286.32,7.87,N,0
40.08334,-120.73747,346.03,0.51,0.41,2021-08-19,937,N,VIIRS,n,2,292.78,11.94,N,0
40.08404,-120.74383,354.21,0.51,0.41,2021-08-19,937,N,VIIRS,n,2,300.11,21.67,N,0
40.08466,-120.74948,355.86,0.51,0.41,2021-08-19,937,N,VIIRS,n,2,296.44,21.67,N,0
40.08475,-121.11805,299.13,0.53,0.42,2021-08-19,937,N,VIIRS,n,2,283.26,1.03,N,0
40.0848,-120.71559,356.24,0.51,0.41,2021-08-19,937,N,VIIRS,n,2,291.87,10.17,N,0
40.08509,-121.08556,307.16,0.53,0.42,2021-08-19,937,N,VIIRS,n,2,283.16,1.76,N,0
40.08525,-120.75481,350.94,0.51,0.41,2021-08-19,937,N,VIIRS,n,2,294.16,9.83,N,0
40.08528,-121.1171,311.87,0.53,0.42,2021-08-19,937,N,VIIRS,n,2,284.35,2.34,N,0
40.08554,-120.72231,323.64,0.51,0.41,2021-08-19,937,N,VIIRS,n,2,287.79,10.17,N,0
40.08577,-121.08438,298.22,0.53,0.42,2021-08-19,937,N,VIIRS,n,2,282.2,0.73,N,0
40.08585,-121.09238,302.54,0.53,0.42,2021-08-19,937,N,VIIRS,n,2,284.62,1.76,N,0
40.08585,-120.76019,353.21,0.51,0.41,2021-08-19,937,N,VIIRS,n,2,294.23,9.83,N,0
40.08632,-120.72948,337.92,0.51,0.41,2021-08-19,937,N,VIIRS,n,2,290.28,11.94,N,0
40.08649,-121.09125,300.37,0.53,0.42,2021-08-19,937,N,VIIRS,n,2,284.41,2.24,N,0
40.0865,-120.76613,301.42,0.51,0.41,2021-08-19,937,N,VIIRS,n,2,284.88,1.41,N,0
40.08659,-121.09906,310.9,0.53,0.42,2021-08-19,937,N,VIIRS,n,2,285.1,1.95,N,0
40.08709,-120.73647,337.56,0.51,0.41,2021-08-19,937,N,VIIRS,n,2,291.27,11.94,N,0
40.0872,-121.09804,310.62,0.53,0.42,2021-08-19,937,N,VIIRS,n,2,285.63,2.24,N,0
40.08779,-120.74281,345.43,0.51,0.41,2021-08-19,937,N,VIIRS,n,2,296.01,21.67,N,0
40.08797,-121.11163,312.96,0.53,0.42,2021-08-19,937,N,VIIRS,n,2,285.21,3.97,N,0
40.08844,-120.74865,349.2,0.51,0.41,2021-08-19,937,N,VIIRS,n,2,292.39,21.67,N,0
40.08852,-121.11072,311.01,0.53,0.42,2021-08-19,937,N,VIIRS,n,2,285.16,2.17,N,0
40.08856,-120.71474,311.45,0.51,0.41,2021-08-19,937,N,VIIRS,n,2,282.28,1.91,N,0
40.08873,-121.11842,322.71,0.53,0.42,2021-08-19,937,N,VIIRS,n,2,288.06,3.97,N,0
40.08896,-121.08506,319,0.53,0.42,2021-08-19,937,N,VIIRS,n,2,282.91,1.76,N,0
40.08904,-120.75413,317.4,0.51,0.41,2021-08-19,937,N,VIIRS,n,2,286.99,9.83,N,0
40.08923,-121.11744,326.92,0.53,0.42,2021-08-19,937,N,VIIRS,n,2,288.79,2.34,N,0
40.08931,-120.7215,322.46,0.51,0.41,2021-08-19,937,N,VIIRS,n,2,287.69,1.91,N,0
40.08965,-121.08399,304.57,0.53,0.42,2021-08-19,937,N,VIIRS,n,2,282.12,1.22,N,0
40.08994,-121.12424,301.33,0.53,0.42,2021-08-19,937,N,VIIRS,n,2,286.36,2.34,N,0
40.09008,-120.72851,335.89,0.51,0.41,2021-08-19,937,N,VIIRS,n,2,290.66,16.87,N,0
40.09035,-121.09078,301.26,0.53,0.42,2021-08-19,937,N,VIIRS,n,2,282.07,1.29,N,0
40.09083,-120.73534,353.9,0.51,0.41,2021-08-19,937,N,VIIRS,n,2,305.61,16.87,N,0
40.09122,-121.1054,308.92,0.53,0.42,2021-08-19,937,N,VIIRS,n,2,286.11,1.95,N,0
40.09152,-120.74162,341.55,0.51,0.41,2021-08-19,937,N,VIIRS,n,2,291.47,5.27,N,0
40.09178,-121.10442,298.26,0.53,0.42,2021-08-19,937,N,VIIRS,n,2,285.55,2.61,N,0
40.09195,-121.11197,333.96,0.53,0.42,2021-08-19,937,N,VIIRS,n,2,288.8,3.97,N,0
40.09218,-120.74753,335.69,0.51,0.41,2021-08-19,937,N,VIIRS,n,2,289.6,5.27,N,0
40.09233,-120.71397,297.47,0.51,0.41,2021-08-19,937,N,VIIRS,n,2,281.37,1.91,N,0
40.09247,-121.11102,331.89,0.53,0.42,2021-08-19,937,N,VIIRS,n,2,288.32,2.61,N,0
40.09271,-121.11883,336.25,0.53,0.42,2021-08-19,937,N,VIIRS,n,2,290.19,3.97,N,0
40.09282,-120.75336,356.89,0.51,0.41,2021-08-19,937,N,VIIRS,n,2,296.26,20.13,N,0
40.09307,-120.7206,311.37,0.51,0.41,2021-08-19,937,N,VIIRS,n,2,286.1,1.91,N,0
40.09319,-121.11786,331.63,0.53,0.42,2021-08-19,937,N,VIIRS,n,2,289.64,3.08,N,0
40.09383,-120.7275,300.94,0.51,0.41,2021-08-19,937,N,VIIRS,n,2,285.05,16.87,N,0
40.09389,-121.12455,309.62,0.53,0.42,2021-08-19,937,N,VIIRS,n,2,286.75,3.08,N,0
40.09457,-120.73422,301.34,0.51,0.41,2021-08-19,937,N,VIIRS,n,2,285.29,16.87,N,0
40.09514,-121.10532,316.55,0.53,0.42,2021-08-19,937,N,VIIRS,n,2,286.97,2.09,N,0
40.09525,-120.74038,314.92,0.51,0.41,2021-08-19,937,N,VIIRS,n,2,287.38,5.27,N,0
40.09568,-121.10421,295.98,0.53,0.42,2021-08-19,937,N,VIIRS,n,2,285.31,2.61,N,0
40.09589,-120.74619,328.34,0.51,0.41,2021-08-19,937,N,VIIRS,n,2,289.11,5.27,N,0
40.0959,-121.11209,319.98,0.53,0.42,2021-08-19,937,N,VIIRS,n,2,288.29,3.04,N,0
40.0964,-121.11105,329.89,0.53,0.42,2021-08-19,937,N,VIIRS,n,2,288.86,2.61,N,0
40.09658,-120.7524,353.33,0.51,0.41,2021-08-19,937,N,VIIRS,n,2,292.79,20.13,N,0
40.09663,-121.11874,307.51,0.53,0.42,2021-08-19,937,N,VIIRS,n,2,286.47,3.04,N,0
40.09683,-120.71976,334.71,0.51,0.41,2021-08-19,937,N,VIIRS,n,2,287.96,10.09,N,0
40.09709,-121.11767,317.08,0.53,0.42,2021-08-19,937,N,VIIRS,n,2,287.4,3.08,N,0
40.09903,-121.1049,312.36,0.53,0.42,2021-08-19,937,N,VIIRS,n,2,286.24,2.09,N,0
40.09961,-120.74482,316.23,0.51,0.41,2021-08-19,937,N,VIIRS,n,2,286.99,1.91,N,0
40.09975,-121.11138,340.53,0.53,0.42,2021-08-19,937,N,VIIRS,n,2,289.04,3.04,N,0
40.10024,-121.11029,337.71,0.53,0.42,2021-08-19,937,N,VIIRS,n,2,288.37,5.79,N,0
40.1003,-120.75104,349.26,0.51,0.41,2021-08-19,937,N,VIIRS,n,2,290.97,9.5,N,0
40.10044,-121.11768,298.07,0.53,0.42,2021-08-19,937,N,VIIRS,n,2,286.47,3.04,N,0
40.10059,-120.71895,336.64,0.51,0.41,2021-08-19,937,N,VIIRS,n,2,290.51,10.09,N,0
40.10091,-121.11656,304.82,0.53,0.42,2021-08-19,937,N,VIIRS,n,2,286.75,1.56,N,0
40.10204,-120.73196,297.22,0.51,0.41,2021-08-19,937,N,VIIRS,n,2,282.93,1.87,N,0
40.10303,-120.77579,347.35,0.51,0.41,2021-08-19,937,N,VIIRS,n,2,292.7,8.36,N,0
40.10332,-120.74347,307.26,0.51,0.41,2021-08-19,937,N,VIIRS,n,2,285.2,1.91,N,0
40.10377,-120.78243,336.65,0.51,0.41,2021-08-19,937,N,VIIRS,n,2,288.77,8.36,N,0
40.10402,-120.74969,340.82,0.51,0.41,2021-08-19,937,N,VIIRS,n,2,289.17,9.5,N,0
40.10437,-120.71825,337.41,0.51,0.41,2021-08-19,937,N,VIIRS,n,2,287.71,6.52,N,0
40.10452,-120.78922,339.57,0.51,0.41,2021-08-19,937,N,VIIRS,n,2,288.26,5.93,N,0
40.10613,-120.76884,326.59,0.51,0.41,2021-08-19,937,N,VIIRS,n,2,286.37,3,N,0
40.10685,-120.77531,334.75,0.51,0.41,2021-08-19,937,N,VIIRS,n,2,289.76,8.36,N,0
40.10757,-120.78178,333.17,0.51,0.41,2021-08-19,937,N,VIIRS,n,2,290.83,8.36,N,0
40.10778,-120.74886,305.04,0.51,0.41,2021-08-19,937,N,VIIRS,n,2,284.48,1.32,N,0
40.10818,-120.71776,338.56,0.51,0.41,2021-08-19,937,N,VIIRS,n,2,287.1,6.52,N,0
40.10828,-120.78828,342.33,0.51,0.41,2021-08-19,937,N,VIIRS,n,2,290.56,5.93,N,0
40.10889,-120.72411,305.36,0.51,0.41,2021-08-19,937,N,VIIRS,n,2,284.94,3.36,N,0
40.10903,-120.79501,327.46,0.51,0.41,2021-08-19,937,N,VIIRS,n,2,287.31,5.93,N,0
40.11068,-120.77493,304.34,0.51,0.41,2021-08-19,937,N,VIIRS,n,2,286.99,1.82,N,0
40.11137,-120.78121,308.38,0.51,0.41,2021-08-19,937,N,VIIRS,n,2,287.52,1.82,N,0
40.11198,-120.71727,298.27,0.51,0.41,2021-08-19,937,N,VIIRS,n,2,281.59,1.29,N,0
40.11206,-120.7874,314.76,0.51,0.41,2021-08-19,937,N,VIIRS,n,2,287.74,5.01,N,0
40.11219,-120.68475,301.08,0.51,0.41,2021-08-19,937,N,VIIRS,n,2,280.21,1,N,0
40.11267,-120.7234,333.96,0.51,0.41,2021-08-19,937,N,VIIRS,n,2,286.87,3.16,N,0
40.1128,-120.79417,317.51,0.51,0.41,2021-08-19,937,N,VIIRS,n,2,286.61,5.01,N,0
40.11335,-120.72945,303.89,0.51,0.41,2021-08-19,937,N,VIIRS,n,2,284.47,3.16,N,0
40.11398,-120.73516,296.35,0.51,0.41,2021-08-19,937,N,VIIRS,n,2,283.48,1.76,N,0
40.11453,-120.77475,304.94,0.51,0.41,2021-08-19,937,N,VIIRS,n,2,288.53,1.82,N,0
40.11523,-120.78111,320.25,0.51,0.41,2021-08-19,937,N,VIIRS,n,2,290.99,1.82,N,0
40.11593,-120.7874,351.69,0.51,0.41,2021-08-19,937,N,VIIRS,n,2,293.64,5.01,N,0
40.11602,-120.68449,308.03,0.51,0.41,2021-08-19,937,N,VIIRS,n,2,281.76,4.27,N,0
40.11641,-120.72237,332.54,0.51,0.41,2021-08-19,937,N,VIIRS,n,2,285.29,3.16,N,0
40.11666,-120.79401,335.22,0.51,0.41,2021-08-19,937,N,VIIRS,n,2,291.1,5.01,N,0
40.11709,-120.72842,316.57,0.51,0.41,2021-08-19,937,N,VIIRS,n,2,284.09,3.16,N,0
40.11739,-120.80058,311.95,0.51,0.41,2021-08-19,937,N,VIIRS,n,2,286.3,2.2,N,0
40.11775,-120.73434,319.56,0.51,0.41,2021-08-19,937,N,VIIRS,n,2,283.51,1.76,N,0
40.11839,-120.7747,333.71,0.51,0.41,2021-08-19,937,N,VIIRS,n,2,289.37,3.65,N,0
40.11843,-120.74038,311.24,0.51,0.41,2021-08-19,937,N,VIIRS,n,2,283.87,1.76,N,0
40.1191,-120.78109,330.43,0.51,0.41,2021-08-19,937,N,VIIRS,n,2,288.69,3.65,N,0
40.11916,-120.67818,326.87,0.51,0.41,2021-08-19,937,N,VIIRS,n,2,284.76,5.2,N,0
40.11984,-120.68423,328.31,0.51,0.41,2021-08-19,937,N,VIIRS,n,2,287.53,4.27,N,0
40.1215,-120.73333,307.14,0.51,0.41,2021-08-19,937,N,VIIRS,n,2,282.34,0.82,N,0
40.12219,-120.77407,311.97,0.51,0.41,2021-08-19,937,N,VIIRS,n,2,287.27,3.65,N,0
40.12297,-120.67782,308.7,0.51,0.41,2021-08-19,937,N,VIIRS,n,2,285.55,2.54,N,0
40.12363,-120.68375,319.66,0.51,0.41,2021-08-19,937,N,VIIRS,n,2,284.23,2.09,N,0
40.12453,-120.72596,299.19,0.51,0.41,2021-08-19,937,N,VIIRS,n,2,282.43,1.66,N,0
40.12522,-120.73206,300.76,0.51,0.41,2021-08-19,937,N,VIIRS,n,2,282.51,0.82,N,0
40.12742,-120.68314,317.94,0.51,0.41,2021-08-19,937,N,VIIRS,n,2,283.47,2.09,N,0
40.12757,-120.7187,313.44,0.51,0.41,2021-08-19,937,N,VIIRS,n,2,282.3,2.93,N,0
40.12809,-120.68902,297.48,0.51,0.41,2021-08-19,937,N,VIIRS,n,2,281.47,2.09,N,0
40.12873,-120.46044,295.33,0.5,0.41,2021-08-19,937,N,VIIRS,n,2,278.32,0.88,N,0
40.13066,-120.71186,299.1,0.51,0.41,2021-08-19,937,N,VIIRS,n,2,281.58,0.73,N,0
40.13186,-120.68831,303.47,0.51,0.41,2021-08-19,937,N,VIIRS,n,2,282.95,1.28,N,0
40.13246,-120.45966,299.88,0.5,0.41,2021-08-19,937,N,VIIRS,n,2,279.44,0.88,N,0
40.13248,-120.6938,311.96,0.51,0.41,2021-08-19,937,N,VIIRS,n,2,283.69,2.27,N,0
40.13289,-120.45879,299.85,0.5,0.41,2021-08-19,937,N,VIIRS,n,2,279.48,1.94,N,0
40.13311,-120.69936,316.54,0.51,0.41,2021-08-19,937,N,VIIRS,n,2,284.22,2.27,N,0
40.13564,-120.68765,295.86,0.51,0.41,2021-08-19,937,N,VIIRS,n,2,282.93,1.28,N,0
40.13624,-120.69298,320.26,0.51,0.41,2021-08-19,937,N,VIIRS,n,2,284.63,2.27,N,0
40.13686,-120.6984,312.8,0.51,0.41,2021-08-19,937,N,VIIRS,n,2,283.72,2.27,N,0
40.13725,-120.50083,299.43,0.5,0.41,2021-08-19,937,N,VIIRS,n,2,280.26,1.73,N,0
40.13749,-120.70398,320.49,0.51,0.41,2021-08-19,937,N,VIIRS,n,2,282.94,3.57,N,0
40.13795,-120.50683,313.89,0.5,0.41,2021-08-19,937,N,VIIRS,n,2,281.23,1.73,N,0
40.13814,-120.50603,318.58,0.5,0.41,2021-08-19,937,N,VIIRS,n,2,283.28,2.92,N,0
40.13942,-120.68701,299.55,0.51,0.41,2021-08-19,937,N,VIIRS,n,2,284.07,1.84,N,0
40.14003,-120.69235,309.1,0.51,0.41,2021-08-19,937,N,VIIRS,n,2,283.34,2.7,N,0
40.14119,-120.49906,309.93,0.5,0.41,2021-08-19,937,N,VIIRS,n,2,283.69,1.43,N,0
40.14127,-120.70341,298.32,0.51,0.41,2021-08-19,937,N,VIIRS,n,2,281.31,1.04,N,0
40.14186,-120.50518,311.78,0.5,0.41,2021-08-19,937,N,VIIRS,n,2,284.12,1.75,N,0
40.14459,-120.76678,296.2,0.51,0.41,2021-08-19,937,N,VIIRS,n,2,282.31,0.59,N,0
40.1449,-120.49808,306.71,0.5,0.41,2021-08-19,937,N,VIIRS,n,2,283.3,1.43,N,0
40.14559,-120.50426,303.92,0.5,0.41,2021-08-19,937,N,VIIRS,n,2,283.99,1.75,N,0
40.14626,-120.51028,299.93,0.5,0.41,2021-08-19,937,N,VIIRS,n,2,281.58,1.75,N,0
40.14862,-120.49712,303.64,0.5,0.41,2021-08-19,937,N,VIIRS,n,2,283.22,3.25,N,0
40.14932,-120.50337,303.9,0.5,0.41,2021-08-19,937,N,VIIRS,n,2,284.79,4.77,N,0
40.14978,-120.47337,341.58,0.5,0.41,2021-08-19,937,N,VIIRS,n,2,283.09,7.92,N,0
40.14999,-120.50949,339.17,0.5,0.41,2021-08-19,937,N,VIIRS,n,2,289.68,4.77,N,0
40.15041,-120.47897,306.69,0.5,0.41,2021-08-19,937,N,VIIRS,n,2,282.55,1.23,N,0
40.15104,-120.48451,297.79,0.5,0.41,2021-08-19,937,N,VIIRS,n,2,281.06,1.23,N,0
40.15167,-120.49018,333.42,0.5,0.41,2021-08-19,937,N,VIIRS,n,2,284.75,3.25,N,0
40.15234,-120.49618,305.58,0.5,0.41,2021-08-19,937,N,VIIRS,n,2,283.4,3.25,N,0
40.15304,-120.5025,305.1,0.5,0.41,2021-08-19,937,N,VIIRS,n,2,284.44,4.77,N,0
40.15351,-120.47257,328.64,0.5,0.41,2021-08-19,937,N,VIIRS,n,2,282.63,2.27,N,0
40.15373,-120.50871,341.01,0.5,0.41,2021-08-19,937,N,VIIRS,n,2,291.34,4.77,N,0
40.15414,-120.47814,329.23,0.5,0.41,2021-08-19,937,N,VIIRS,n,2,289.54,3.67,N,0
40.15476,-120.48362,298.62,0.5,0.41,2021-08-19,937,N,VIIRS,n,2,281.97,3.67,N,0
40.15538,-120.48921,331.55,0.5,0.41,2021-08-19,937,N,VIIRS,n,2,286.08,4.32,N,0
40.15607,-120.49532,304.24,0.5,0.41,2021-08-19,937,N,VIIRS,n,2,282.13,4.32,N,0
40.15678,-120.50171,307.21,0.5,0.41,2021-08-19,937,N,VIIRS,n,2,285.14,2.06,N,0
40.15725,-120.4718,311.28,0.5,0.41,2021-08-19,937,N,VIIRS,n,2,281.75,2.27,N,0
40.15747,-120.50797,316.21,0.5,0.41,2021-08-19,937,N,VIIRS,n,2,286.39,2.06,N,0
40.15788,-120.47738,322.39,0.5,0.41,2021-08-19,937,N,VIIRS,n,2,288.54,3.67,N,0
40.1598,-120.49451,299.62,0.5,0.41,2021-08-19,937,N,VIIRS,n,2,282.08,4.32,N,0
40.16052,-120.501,309.95,0.5,0.41,2021-08-19,937,N,VIIRS,n,2,286.41,2.06,N,0
40.16122,-120.50731,315.4,0.5,0.41,2021-08-19,937,N,VIIRS,n,2,284.08,2.06,N,0
40.16142,-120.44106,296.8,0.5,0.41,2021-08-19,937,N,VIIRS,n,2,279.95,1.03,N,0
40.16161,-120.47663,309.39,0.5,0.41,2021-08-19,937,N,VIIRS,n,2,285.93,2.06,N,0
40.16353,-120.49371,301.2,0.5,0.41,2021-08-19,937,N,VIIRS,n,2,283.06,1.8,N,0
40.16426,-120.50024,323.16,0.5,0.41,2021-08-19,937,N,VIIRS,n,2,288.16,14.72,N,0
40.16496,-120.50652,337.64,0.5,0.41,2021-08-19,937,N,VIIRS,n,2,285.65,14.72,N,0
40.16513,-120.44018,346.04,0.5,0.41,2021-08-19,937,N,VIIRS,n,2,286.59,47.26,N,0
40.16534,-120.47585,306.15,0.5,0.41,2021-08-19,937,N,VIIRS,n,2,285.58,2.06,N,0
40.16562,-120.51232,336.43,0.5,0.41,2021-08-19,937,N,VIIRS,n,2,283.81,7.12,N,0
40.16693,-120.52411,329.25,0.5,0.41,2021-08-19,937,N,VIIRS,n,2,280.82,5.45,N,0
40.16727,-120.49298,306.03,0.5,0.41,2021-08-19,937,N,VIIRS,n,2,282.86,1.8,N,0
40.16758,-120.52991,323.95,0.5,0.41,2021-08-19,937,N,VIIRS,n,2,281.36,5.45,N,0
40.168,-120.49944,325.07,0.5,0.41,2021-08-19,937,N,VIIRS,n,2,287.56,14.72,N,0
40.16819,-120.43349,311.11,0.5,0.41,2021-08-19,937,N,VIIRS,n,2,280.2,8.58,N,0
40.16869,-120.50563,345.51,0.5,0.41,2021-08-19,937,N,VIIRS,n,2,297.33,14.72,N,0
40.16885,-120.43927,348.82,0.5,0.41,2021-08-19,937,N,VIIRS,n,2,304.73,47.26,N,0
40.16933,-120.51139,336.16,0.5,0.41,2021-08-19,937,N,VIIRS,n,2,283.46,7.12,N,0
40.1702,-120.72733,307.85,0.51,0.41,2021-08-19,937,N,VIIRS,n,2,278.89,1.35,N,0
40.17068,-120.52338,347.05,0.5,0.41,2021-08-19,937,N,VIIRS,n,2,285.42,5.45,N,0
40.17101,-120.49223,304.6,0.5,0.41,2021-08-19,937,N,VIIRS,n,2,281.9,5.67,N,0
40.17133,-120.52918,330.53,0.5,0.41,2021-08-19,937,N,VIIRS,n,2,283.63,5.45,N,0
40.17174,-120.4987,316.94,0.5,0.41,2021-08-19,937,N,VIIRS,n,2,283.03,4.21,N,0
40.17243,-120.50488,348.67,0.5,0.41,2021-08-19,937,N,VIIRS,n,2,286.89,4.21,N,0
40.17257,-120.43841,319.08,0.5,0.41,2021-08-19,937,N,VIIRS,n,2,280.88,2.09,N,0
40.17308,-120.51063,342.93,0.5,0.41,2021-08-19,937,N,VIIRS,n,2,284.47,4.45,N,0
40.17335,-120.72085,347.64,0.51,0.41,2021-08-19,937,N,VIIRS,n,2,284.36,14.95,N,0
40.17344,-120.47987,303.43,0.5,0.41,2021-08-19,937,N,VIIRS,n,2,284.33,2.98,N,0
40.17401,-120.72688,315.42,0.51,0.41,2021-08-19,937,N,VIIRS,n,2,280.25,5.02,N,0
40.17406,-120.48534,336.51,0.5,0.41,2021-08-19,937,N,VIIRS,n,2,284.86,5.67,N,0
40.17442,-120.5226,355.66,0.5,0.41,2021-08-19,937,N,VIIRS,n,2,287.89,7.8,N,0
40.17574,-120.53432,305.34,0.5,0.41,2021-08-19,937,N,VIIRS,n,2,281.37,2.07,N,0
40.17618,-120.50421,316.77,0.5,0.41,2021-08-19,937,N,VIIRS,n,2,283.54,4.21,N,0
40.17641,-120.54035,319.85,0.5,0.41,2021-08-19,937,N,VIIRS,n,2,282.52,2.07,N,0
40.17653,-120.71466,309.2,0.51,0.41,2021-08-19,937,N,VIIRS,n,2,279.44,14.95,N,0
40.17653,-120.47346,329.52,0.5,0.41,2021-08-19,937,N,VIIRS,n,2,285.41,2.81,N,0
40.17683,-120.51,309.89,0.5,0.41,2021-08-19,937,N,VIIRS,n,2,282.8,4.45,N,0
40.17717,-120.72049,350.54,0.51,0.41,2021-08-19,937,N,VIIRS,n,2,294.23,14.95,N,0
40.17717,-120.47913,313.71,0.5,0.41,2021-08-19,937,N,VIIRS,n,2,287.25,2.81,N,0
40.17749,-120.51586,315.77,0.5,0.41,2021-08-19,937,N,VIIRS,n,2,285.21,4.45,N,0
40.1778,-120.4846,349.06,0.5,0.41,2021-08-19,937,N,VIIRS,n,2,295.69,24.59,N,0
40.17816,-120.52179,315.42,0.5,0.41,2021-08-19,937,N,VIIRS,n,2,285.9,7.8,N,0
40.17848,-120.73248,329.74,0.51,0.41,2021-08-19,937,N,VIIRS,n,2,282.67,5.02,N,0
40.17881,-120.52761,339.69,0.5,0.41,2021-08-19,937,N,VIIRS,n,2,284.49,7.8,N,0
40.17947,-120.53347,309.08,0.5,0.41,2021-08-19,937,N,VIIRS,n,2,285.41,2.07,N,0
40.17992,-120.50349,306.08,0.5,0.41,2021-08-19,937,N,VIIRS,n,2,282.27,1.83,N,0
40.18005,-120.43715,340.84,0.5,0.41,2021-08-19,937,N,VIIRS,n,2,289.05,14.41,N,0
40.18014,-120.53944,317.66,0.5,0.41,2021-08-19,937,N,VIIRS,n,2,284.77,2.07,N,0
40.18026,-120.47264,304.43,0.5,0.41,2021-08-19,937,N,VIIRS,n,2,282.1,2.81,N,0
40.18034,-120.71423,327.17,0.51,0.41,2021-08-19,937,N,VIIRS,n,2,281.09,4.27,N,0
40.18058,-120.50936,329.21,0.5,0.41,2021-08-19,937,N,VIIRS,n,2,286.55,2.69,N,0
40.18083,-120.54556,340.43,0.5,0.41,2021-08-19,937,N,VIIRS,n,2,288.55,9.08,N,0
40.18091,-120.47838,324.84,0.5,0.41,2021-08-19,937,N,VIIRS,n,2,284.54,2.81,N,0
40.18099,-120.72015,335.99,0.51,0.41,2021-08-19,937,N,VIIRS,n,2,284.91,4.27,N,0
40.18124,-120.51517,308.8,0.5,0.41,2021-08-19,937,N,VIIRS,n,2,286.74,2.69,N,0
40.18152,-120.55177,350.25,0.5,0.41,2021-08-19,937,N,VIIRS,n,2,286.96,9.08,N,0
40.18154,-120.48395,345.45,0.5,0.41,2021-08-19,937,N,VIIRS,n,2,286.68,24.59,N,0
40.18164,-120.72614,307.28,0.51,0.41,2021-08-19,937,N,VIIRS,n,2,280.94,6.83,N,0
40.1819,-120.52103,316.21,0.5,0.41,2021-08-19,937,N,VIIRS,n,2,286.19,1.77,N,0
40.18229,-120.73203,315.54,0.51,0.41,2021-08-19,937,N,VIIRS,n,2,281.26,6.83,N,0
40.18255,-120.52684,307.6,0.5,0.41,2021-08-19,937,N,VIIRS,n,2,286.02,1.77,N,0
40.1832,-120.53264,303.3,0.5,0.41,2021-08-19,937,N,VIIRS,n,2,285.57,1.23,N,0
40.18383,-120.43686,351.66,0.5,0.41,2021-08-19,937,N,VIIRS,n,2,298.73,14.41,N,0
40.18386,-120.5385,306.2,0.5,0.41,2021-08-19,937,N,VIIRS,n,2,286.12,1.23,N,0
40.18433,-120.50867,319.02,0.5,0.41,2021-08-19,937,N,VIIRS,n,2,287.07,2.69,N,0
40.18446,-120.44234,296.88,0.5,0.41,2021-08-19,937,N,VIIRS,n,2,283.17,14.41,N,0
40.18455,-120.54456,315.53,0.5,0.41,2021-08-19,937,N,VIIRS,n,2,285.77,4.79,N,0
40.18464,-120.47755,347.25,0.5,0.41,2021-08-19,937,N,VIIRS,n,2,299.48,22.52,N,0
40.18481,-120.71983,318.85,0.51,0.41,2021-08-19,937,N,VIIRS,n,2,282.09,4.27,N,0
40.18499,-120.51444,315.15,0.5,0.41,2021-08-19,937,N,VIIRS,n,2,286.56,2.69,N,0
40.18525,-120.55079,303.9,0.5,0.41,2021-08-19,937,N,VIIRS,n,2,282.86,4.79,N,0
40.18529,-120.48332,311.31,0.5,0.41,2021-08-19,937,N,VIIRS,n,2,284.78,2.34,N,0
40.18546,-120.72572,336.95,0.51,0.41,2021-08-19,937,N,VIIRS,n,2,284.56,6.83,N,0
40.1861,-120.73154,329.5,0.51,0.41,2021-08-19,937,N,VIIRS,n,2,284.25,6.83,N,0
40.18629,-120.52605,298.49,0.5,0.41,2021-08-19,937,N,VIIRS,n,2,283.97,1.77,N,0
40.18695,-120.53183,299.83,0.5,0.41,2021-08-19,937,N,VIIRS,n,2,285.17,1.23,N,0
40.18704,-120.43156,314.53,0.5,0.41,2021-08-19,937,N,VIIRS,n,2,284.16,6.44,N,0
40.18706,-120.46522,296.83,0.5,0.41,2021-08-19,937,N,VIIRS,n,2,282.84,1.32,N,0
40.1876,-120.53761,310.01,0.5,0.41,2021-08-19,937,N,VIIRS,n,2,286.73,1.23,N,0
40.18762,-120.43663,336.18,0.5,0.41,2021-08-19,937,N,VIIRS,n,2,294.89,22.8,N,0
40.18808,-120.50795,300.67,0.5,0.41,2021-08-19,937,N,VIIRS,n,2,283.74,0.82,N,0
40.18827,-120.54359,325.01,0.5,0.41,2021-08-19,937,N,VIIRS,n,2,288.28,4.79,N,0
40.18837,-120.47675,340.05,0.5,0.41,2021-08-19,937,N,VIIRS,n,2,291.32,22.52,N,0
40.18873,-120.51367,298.26,0.5,0.41,2021-08-19,937,N,VIIRS,n,2,283.92,0.82,N,0
40.18897,-120.54978,347.6,0.5,0.41,2021-08-19,937,N,VIIRS,n,2,290.44,4.79,N,0
40.18903,-120.48263,299.42,0.5,0.41,2021-08-19,937,N,VIIRS,n,2,283.24,2.34,N,0
40.18927,-120.72526,345.12,0.51,0.41,2021-08-19,937,N,VIIRS,n,2,287.13,10.4,N,0
40.19003,-120.52519,298.8,0.5,0.41,2021-08-19,937,N,VIIRS,n,2,284.02,1.25,N,0
40.19078,-120.46437,298.14,0.5,0.41,2021-08-19,937,N,VIIRS,n,2,283.2,1.01,N,0
40.19082,-120.4313,318.81,0.5,0.41,2021-08-19,937,N,VIIRS,n,2,283.83,6.44,N,0
40.19133,-120.53671,302.49,0.5,0.41,2021-08-19,937,N,VIIRS,n,2,285.63,1.42,N,0
40.1914,-120.43636,347.55,0.5,0.41,2021-08-19,937,N,VIIRS,n,2,300.61,22.8,N,0
40.19143,-120.47011,334.36,0.5,0.41,2021-08-19,937,N,VIIRS,n,2,285.24,4.46,N,0
40.19201,-120.5427,315.2,0.5,0.41,2021-08-19,937,N,VIIRS,n,2,287.8,15.91,N,0
40.19209,-120.47594,324.62,0.5,0.41,2021-08-19,937,N,VIIRS,n,2,284.16,4.46,N,0
40.19269,-120.5488,348.22,0.5,0.41,2021-08-19,937,N,VIIRS,n,2,290.55,15.91,N,0
40.19375,-120.52425,309.06,0.5,0.41,2021-08-19,937,N,VIIRS,n,2,285.1,1.25,N,0
40.19506,-120.53586,303.12,0.5,0.41,2021-08-19,937,N,VIIRS,n,2,285.38,1.42,N,0
40.19516,-120.46931,333.51,0.5,0.41,2021-08-19,937,N,VIIRS,n,2,283.09,4.46,N,0
40.19518,-120.43606,341.45,0.5,0.41,2021-08-19,937,N,VIIRS,n,2,296.76,9.91,N,0
40.19574,-120.54184,320.42,0.5,0.41,2021-08-19,937,N,VIIRS,n,2,288.87,15.91,N,0
40.19597,-120.64661,314.07,0.51,0.41,2021-08-19,937,N,VIIRS,n,2,277.57,1.9,N,0
40.19642,-120.5479,342.59,0.5,0.41,2021-08-19,937,N,VIIRS,n,2,301.26,15.91,N,0
40.19815,-120.52925,306.42,0.5,0.41,2021-08-19,937,N,VIIRS,n,2,285.81,2.41,N,0
40.19836,-120.43053,297.57,0.5,0.41,2021-08-19,937,N,VIIRS,n,2,282.84,5.21,N,0
40.19881,-120.53515,329.14,0.5,0.41,2021-08-19,937,N,VIIRS,n,2,289.63,2.41,N,0
40.19895,-120.43565,324.49,0.5,0.41,2021-08-19,937,N,VIIRS,n,2,287.46,9.91,N,0
40.19949,-120.54113,327.79,0.5,0.41,2021-08-19,937,N,VIIRS,n,2,291.17,7.42,N,0
40.19957,-120.4744,327.09,0.5,0.41,2021-08-19,937,N,VIIRS,n,2,282.54,4.44,N,0
40.19975,-120.64603,306.97,0.51,0.41,2021-08-19,937,N,VIIRS,n,2,277.42,1.9,N,0
40.20018,-120.54716,346.08,0.5,0.41,2021-08-19,937,N,VIIRS,n,2,293.06,7.42,N,0
40.20023,-120.48022,345.34,0.5,0.41,2021-08-19,937,N,VIIRS,n,2,287.95,7.49,N,0
40.20189,-120.52848,313.91,0.5,0.41,2021-08-19,937,N,VIIRS,n,2,287.13,2.41,N,0
40.20212,-120.42996,327.76,0.5,0.41,2021-08-19,937,N,VIIRS,n,2,284.99,3.5,N,0
40.20257,-120.53451,313.1,0.5,0.41,2021-08-19,937,N,VIIRS,n,2,287.48,2.41,N,0
40.20271,-120.43513,301.75,0.5,0.41,2021-08-19,937,N,VIIRS,n,2,283.68,2.89,N,0
40.20325,-120.54047,339.55,0.5,0.41,2021-08-19,937,N,VIIRS,n,2,291.83,7.42,N,0
40.20393,-120.54642,320.48,0.5,0.41,2021-08-19,937,N,VIIRS,n,2,285.51,7.42,N,0
40.20396,-120.4794,308.15,0.5,0.41,2021-08-19,937,N,VIIRS,n,2,279.81,7.49,N,0
40.20563,-120.52768,297.52,0.5,0.41,2021-08-19,937,N,VIIRS,n,2,283.73,1.5,N,0
40.20632,-120.53378,304.83,0.5,0.41,2021-08-19,937,N,VIIRS,n,2,285.75,1.5,N,0
40.207,-120.53976,324.32,0.5,0.41,2021-08-19,937,N,VIIRS,n,2,287.95,5.27,N,0
40.20768,-120.54571,308.66,0.5,0.41,2021-08-19,937,N,VIIRS,n,2,283.23,5.27,N,0
40.20963,-120.42889,302.76,0.5,0.41,2021-08-19,937,N,VIIRS,n,2,283.36,1.43,N,0
40.21006,-120.53302,315.54,0.5,0.41,2021-08-19,937,N,VIIRS,n,2,288.41,1.5,N,0
40.21075,-120.53902,343.22,0.5,0.41,2021-08-19,937,N,VIIRS,n,2,293.17,5.27,N,0
40.21143,-120.54497,336.74,0.5,0.41,2021-08-19,937,N,VIIRS,n,2,283.73,5.27,N,0
40.21381,-120.53221,313.06,0.5,0.41,2021-08-19,937,N,VIIRS,n,2,287.81,1.61,N,0
40.21411,-120.56863,303.84,0.5,0.41,2021-08-19,937,N,VIIRS,n,2,281.66,2.43,N,0
40.21449,-120.53826,340.79,0.5,0.41,2021-08-19,937,N,VIIRS,n,2,295.38,20.92,N,0
40.21517,-120.54422,329.7,0.5,0.41,2021-08-19,937,N,VIIRS,n,2,284.63,20.92,N,0
40.21685,-120.5253,296.11,0.5,0.41,2021-08-19,937,N,VIIRS,n,2,283.93,1.61,N,0
40.21755,-120.5314,310.41,0.5,0.41,2021-08-19,937,N,VIIRS,n,2,287.26,1.61,N,0
40.21824,-120.53747,347.08,0.5,0.41,2021-08-19,937,N,VIIRS,n,2,301.21,20.92,N,0
40.21892,-120.54344,332.25,0.5,0.41,2021-08-19,937,N,VIIRS,n,2,285.23,20.92,N,0
40.2206,-120.52464,298.73,0.5,0.41,2021-08-19,937,N,VIIRS,n,2,284.21,1.46,N,0
40.22129,-120.53064,308.15,0.5,0.41,2021-08-19,937,N,VIIRS,n,2,286.88,1.46,N,0
40.22198,-120.53669,346.62,0.5,0.41,2021-08-19,937,N,VIIRS,n,2,304.82,18.56,N,0
40.22266,-120.54268,329.58,0.5,0.41,2021-08-19,937,N,VIIRS,n,2,284.79,18.56,N,0
40.22438,-120.52411,297.15,0.5,0.41,2021-08-19,937,N,VIIRS,n,2,283.52,1.46,N,0
40.22505,-120.52998,304.64,0.5,0.41,2021-08-19,937,N,VIIRS,n,2,285.32,1.46,N,0
40.22573,-120.53591,355.3,0.5,0.41,2021-08-19,937,N,VIIRS,n,2,296.64,18.56,N,0
40.2288,-120.52934,304.19,0.5,0.41,2021-08-19,937,N,VIIRS,n,2,284.4,2.58,N,0
40.22947,-120.53516,355.61,0.5,0.41,2021-08-19,937,N,VIIRS,n,2,293.06,18.35,N,0
40.23191,-120.523,303.89,0.5,0.41,2021-08-19,937,N,VIIRS,n,2,281.46,2.58,N,0
40.23256,-120.5287,337.66,0.5,0.41,2021-08-19,937,N,VIIRS,n,2,286.92,2.58,N,0
40.23534,-120.52188,340.14,0.5,0.41,2021-08-19,937,N,VIIRS,n,2,286.61,4.52,N,0
40.23566,-120.52231,336.69,0.5,0.41,2021-08-19,937,N,VIIRS,n,2,287.86,6.32,N,0
40.23845,-120.51538,313.41,0.5,0.41,2021-08-19,937,N,VIIRS,n,2,283.08,4.52,N,0
40.23875,-120.51583,319.68,0.5,0.41,2021-08-19,937,N,VIIRS,n,2,284.56,2.61,N,0
40.23909,-120.52119,327.24,0.5,0.41,2021-08-19,937,N,VIIRS,n,2,288.35,4.52,N,0
40.23941,-120.5216,323.94,0.5,0.41,2021-08-19,937,N,VIIRS,n,2,286.7,6.32,N,0
40.24221,-120.51476,302.72,0.5,0.41,2021-08-19,937,N,VIIRS,n,2,283.97,10.7,N,0
40.24251,-120.51519,307.4,0.5,0.41,2021-08-19,937,N,VIIRS,n,2,284.75,2.43,N,0
40.24284,-120.52049,353.07,0.5,0.41,2021-08-19,937,N,VIIRS,n,2,296.15,10.7,N,0
40.24317,-120.52091,355.97,0.5,0.41,2021-08-19,937,N,VIIRS,n,2,295.49,21.08,N,0
40.24598,-120.51421,312.79,0.5,0.41,2021-08-19,937,N,VIIRS,n,2,286.45,10.7,N,0
40.24628,-120.51469,316.56,0.5,0.41,2021-08-19,937,N,VIIRS,n,2,287.37,2.43,N,0
40.2466,-120.51991,351.29,0.5,0.41,2021-08-19,937,N,VIIRS,n,2,293.39,10.7,N,0
40.24693,-120.52034,343.78,0.5,0.41,2021-08-19,937,N,VIIRS,n,2,290.77,21.08,N,0
40.24978,-120.514,325.01,0.5,0.41,2021-08-19,937,N,VIIRS,n,2,289.18,4.57,N,0
40.25039,-120.51951,336.9,0.5,0.41,2021-08-19,937,N,VIIRS,n,2,286.5,4.57,N,0
40.25358,-120.51379,342.56,0.5,0.41,2021-08-19,937,N,VIIRS,n,2,290.41,4.57,N,0
40.25418,-120.5192,305.5,0.5,0.41,2021-08-19,937,N,VIIRS,n,2,283.08,4.57,N,0
40.27119,-120.90462,337.32,0.52,0.42,2021-08-19,937,N,VIIRS,n,2,285.77,3.48,N,0
40.27428,-120.89735,318.24,0.52,0.42,2021-08-19,937,N,VIIRS,n,2,283.56,3.48,N,0
40.27501,-120.90384,306.62,0.52,0.42,2021-08-19,937,N,VIIRS,n,2,281.07,3.48,N,0
40.27586,-120.89682,316.42,0.52,0.42,2021-08-19,937,N,VIIRS,n,2,283.4,1.71,N,0
40.27655,-120.90332,309.97,0.52,0.42,2021-08-19,937,N,VIIRS,n,2,279.63,2.51,N,0
40.27809,-120.89658,307,0.52,0.42,2021-08-19,937,N,VIIRS,n,2,282.98,2.27,N,0
40.27967,-120.89604,298.14,0.52,0.42,2021-08-19,937,N,VIIRS,n,2,282.82,1.71,N,0
40.29694,-120.91168,296.45,0.52,0.42,2021-08-19,937,N,VIIRS,n,2,283.52,2.06,N,0
40.29828,-120.92426,299.07,0.52,0.42,2021-08-19,937,N,VIIRS,n,2,280.34,1.45,N,0
40.30069,-120.9103,298.18,0.52,0.42,2021-08-19,937,N,VIIRS,n,2,283.78,4.39,N,0
40.30137,-120.91659,304.02,0.52,0.42,2021-08-19,937,N,VIIRS,n,2,284.73,4.39,N,0
40.30205,-120.923,352.57,0.52,0.42,2021-08-19,937,N,VIIRS,n,2,297.35,40.01,N,0
40.30212,-120.85114,297.31,0.52,0.41,2021-08-19,937,N,VIIRS,n,2,281.37,1.72,N,0
40.3038,-120.90292,297.89,0.52,0.42,2021-08-19,937,N,VIIRS,n,2,282.73,1.74,N,0
40.30446,-120.90902,316.64,0.52,0.42,2021-08-19,937,N,VIIRS,n,2,285.65,4.39,N,0
40.30514,-120.91536,335.68,0.52,0.42,2021-08-19,937,N,VIIRS,n,2,289.79,4.39,N,0
40.30521,-120.84373,309.15,0.52,0.41,2021-08-19,937,N,VIIRS,n,2,281.91,1.72,N,0
40.30577,-121.51889,305.98,0.55,0.43,2021-08-19,937,N,VIIRS,n,2,285.67,57.4,N,0
40.30584,-120.92194,367,0.52,0.42,2021-08-19,937,N,VIIRS,h,2,295.7,40.01,N,0
40.30759,-120.9019,299.6,0.52,0.42,2021-08-19,937,N,VIIRS,n,2,280.71,2.02,N,0
40.30825,-120.90805,346.96,0.52,0.42,2021-08-19,937,N,VIIRS,n,2,287.85,8.55,N,0
40.3083,-121.50471,308.87,0.55,0.43,2021-08-19,937,N,VIIRS,n,2,284.82,2.75,N,0
40.30894,-120.91444,345.35,0.52,0.42,2021-08-19,937,N,VIIRS,n,2,288.68,8.55,N,0
40.30902,-120.84301,308.22,0.52,0.41,2021-08-19,937,N,VIIRS,n,2,282.22,1.72,N,0
40.30903,-121.51173,353.54,0.55,0.43,2021-08-19,937,N,VIIRS,n,2,297.72,57.4,N,0
40.30969,-120.8492,295.46,0.52,0.41,2021-08-19,937,N,VIIRS,n,2,280.63,1.72,N,0
40.30972,-121.51827,339.83,0.55,0.43,2021-08-19,937,N,VIIRS,n,2,309.26,57.4,N,0
40.31041,-121.52491,304.95,0.56,0.43,2021-08-19,937,N,VIIRS,n,2,287.23,10.66,N,0
40.31139,-120.90093,317.84,0.52,0.42,2021-08-19,937,N,VIIRS,n,2,282.25,2.02,N,0
40.3122,-120.83654,298.17,0.52,0.41,2021-08-19,937,N,VIIRS,n,2,280.95,1.74,N,0
40.31221,-121.50377,325.81,0.55,0.43,2021-08-19,937,N,VIIRS,n,2,287.91,12.82,N,0
40.31284,-120.84237,314.96,0.52,0.41,2021-08-19,937,N,VIIRS,n,2,282.67,1.72,N,0
40.31297,-121.51102,348.99,0.55,0.43,2021-08-19,937,N,VIIRS,n,2,317.28,58.38,N,0
40.31367,-121.51779,344.19,0.55,0.43,2021-08-19,937,N,VIIRS,n,2,315.84,58.38,N,0
40.31438,-121.52457,302.23,0.56,0.43,2021-08-19,937,N,VIIRS,n,2,286.89,3.67,N,0
40.31454,-120.89409,296.83,0.52,0.42,2021-08-19,937,N,VIIRS,n,2,282.38,0.94,N,0
40.31538,-121.49581,334.05,0.55,0.43,2021-08-19,937,N,VIIRS,n,2,284.3,12.82,N,0
40.31612,-121.50289,346.26,0.55,0.43,2021-08-19,937,N,VIIRS,n,2,290.73,12.82,N,0
40.31636,-120.87492,298.22,0.52,0.41,2021-08-19,937,N,VIIRS,n,2,283,1.46,N,0
40.3169,-121.51032,351.41,0.55,0.43,2021-08-19,937,N,VIIRS,n,2,314.41,58.38,N,0
40.31707,-120.88144,300,0.52,0.42,2021-08-19,937,N,VIIRS,n,2,282.89,2.34,N,0
40.31765,-121.51746,330.67,0.55,0.43,2021-08-19,937,N,VIIRS,n,2,291.46,58.38,N,0
40.31837,-120.89347,305.7,0.52,0.42,2021-08-19,937,N,VIIRS,n,2,282.67,0.94,N,0
40.31868,-121.48908,306.94,0.55,0.43,2021-08-19,937,N,VIIRS,n,2,284.56,4.47,N,0
40.31921,-120.79429,299.05,0.52,0.41,2021-08-19,937,N,VIIRS,n,2,280.41,3.11,N,0
40.31932,-121.49519,351.61,0.55,0.43,2021-08-19,937,N,VIIRS,n,2,305.66,25.46,N,0
40.31944,-120.86736,334.05,0.52,0.41,2021-08-19,937,N,VIIRS,n,2,287.07,38,N,0
40.31989,-120.80046,332.72,0.52,0.41,2021-08-19,937,N,VIIRS,n,2,283.23,3.11,N,0
40.32004,-121.50204,352.1,0.55,0.43,2021-08-19,937,N,VIIRS,n,2,296.95,25.46,N,0
40.32017,-120.87416,357.09,0.52,0.41,2021-08-19,937,N,VIIRS,n,2,297.19,38,N,0
40.32036,-121.42929,329.22,0.55,0.43,2021-08-19,937,N,VIIRS,n,2,284.08,9.85,N,0
40.32084,-121.50963,367,0.55,0.43,2021-08-19,937,N,VIIRS,h,2,296.79,25.47,N,0
40.32088,-120.88066,346.49,0.52,0.42,2021-08-19,937,N,VIIRS,n,2,290.97,10.26,N,0
40.32105,-121.43583,356.12,0.55,0.43,2021-08-19,937,N,VIIRS,n,2,290.59,9.85,N,0
40.32155,-120.88689,329.79,0.52,0.42,2021-08-19,937,N,VIIRS,n,2,288.45,10.26,N,0
40.32265,-121.48877,338.91,0.55,0.43,2021-08-19,937,N,VIIRS,n,2,288.59,4.47,N,0
40.32323,-120.86641,327.88,0.52,0.41,2021-08-19,937,N,VIIRS,n,2,293.83,38,N,0
40.32328,-121.4947,341.36,0.55,0.43,2021-08-19,937,N,VIIRS,n,2,293.19,25.46,N,0
40.32387,-121.09125,312.76,0.53,0.42,2021-08-19,937,N,VIIRS,n,2,282.63,2.55,N,0
40.3239,-121.4627,308.27,0.55,0.43,2021-08-19,937,N,VIIRS,n,2,283.88,8.89,N,0
40.32396,-120.87313,352.14,0.52,0.41,2021-08-19,937,N,VIIRS,n,2,314.67,38,N,0
40.32399,-121.5014,336.26,0.55,0.43,2021-08-19,937,N,VIIRS,n,2,293.94,25.46,N,0
40.32426,-121.42847,336.18,0.55,0.43,2021-08-19,937,N,VIIRS,n,2,288.33,9.85,N,0
40.32453,-121.09745,329.63,0.53,0.42,2021-08-19,937,N,VIIRS,n,2,287.49,6.18,N,0
40.32464,-121.13583,305.87,0.53,0.42,2021-08-19,937,N,VIIRS,n,2,281.85,3.75,N,0
40.32468,-120.87978,351.02,0.52,0.42,2021-08-19,937,N,VIIRS,n,2,294.34,10.26,N,0
40.32479,-121.50901,353.76,0.55,0.43,2021-08-19,937,N,VIIRS,n,2,298.99,25.47,N,0
40.32495,-121.43491,345.84,0.55,0.43,2021-08-19,937,N,VIIRS,n,2,293.09,9.85,N,0
40.32537,-120.88619,329.1,0.52,0.42,2021-08-19,937,N,VIIRS,n,2,287.14,10.26,N,0
40.32565,-121.44146,318.8,0.55,0.43,2021-08-19,937,N,VIIRS,n,2,283.95,4.27,N,0
40.32585,-121.10992,308.53,0.53,0.42,2021-08-19,937,N,VIIRS,n,2,284.99,2.69,N,0
40.32599,-121.48245,298.98,0.55,0.43,2021-08-19,937,N,VIIRS,n,2,284.83,2.88,N,0
40.32632,-120.85909,309.99,0.52,0.41,2021-08-19,937,N,VIIRS,n,2,280.88,5.71,N,0
40.32635,-121.44804,329.4,0.55,0.43,2021-08-19,937,N,VIIRS,n,2,284.85,4.27,N,0
40.32663,-121.48843,327.44,0.55,0.43,2021-08-19,937,N,VIIRS,n,2,288.87,2.88,N,0
40.32701,-120.86543,351.71,0.52,0.41,2021-08-19,937,N,VIIRS,n,2,297.82,20.92,N,0
40.32706,-121.08424,310.01,0.53,0.42,2021-08-19,937,N,VIIRS,n,2,280.7,4.13,N,0
40.32724,-121.49427,335.44,0.55,0.43,2021-08-19,937,N,VIIRS,n,2,289.34,8.4,N,0
40.32751,-121.42139,295.12,0.55,0.43,2021-08-19,937,N,VIIRS,n,2,282.79,3,N,0
40.32751,-121.20097,308.9,0.54,0.42,2021-08-19,937,N,VIIRS,n,2,281.87,1.32,N,0
40.32773,-121.09052,321.05,0.53,0.42,2021-08-19,937,N,VIIRS,n,2,286.01,4.13,N,0
40.32773,-120.87204,343.53,0.52,0.41,2021-08-19,937,N,VIIRS,n,2,295.8,20.92,N,0
40.32776,-121.46133,350.25,0.55,0.43,2021-08-19,937,N,VIIRS,n,2,291.46,8.89,N,0
40.32794,-121.50084,349.92,0.55,0.43,2021-08-19,937,N,VIIRS,n,2,295.13,8.4,N,0
40.32819,-121.42781,335.41,0.55,0.43,2021-08-19,937,N,VIIRS,n,2,292.47,8.92,N,0
40.32838,-121.09671,316.9,0.53,0.42,2021-08-19,937,N,VIIRS,n,2,287.37,2.06,N,0
40.32847,-120.87883,336.64,0.52,0.42,2021-08-19,937,N,VIIRS,n,2,288.68,5.06,N,0
40.3285,-121.135,331.33,0.53,0.42,2021-08-19,937,N,VIIRS,n,2,287.55,3.75,N,0
40.32874,-121.50839,339.2,0.55,0.43,2021-08-19,937,N,VIIRS,n,2,292.15,17.13,N,0
40.32887,-121.43417,351.97,0.55,0.43,2021-08-19,937,N,VIIRS,n,2,292.06,8.92,N,0
40.32904,-121.10287,299.23,0.53,0.42,2021-08-19,937,N,VIIRS,n,2,285.66,2.06,N,0
40.32918,-120.8854,308.95,0.52,0.42,2021-08-19,937,N,VIIRS,n,2,283.08,5.06,N,0
40.32952,-120.85278,318.5,0.52,0.41,2021-08-19,937,N,VIIRS,n,2,280.92,5.71,N,0
40.32954,-121.44053,347.64,0.55,0.43,2021-08-19,937,N,VIIRS,n,2,291.14,6.84,N,0
40.3297,-121.10913,323.62,0.53,0.42,2021-08-19,937,N,VIIRS,n,2,289.55,2.79,N,0
40.32995,-121.48196,315.94,0.55,0.43,2021-08-19,937,N,VIIRS,n,2,286.97,2.88,N,0
40.33016,-120.85867,354.18,0.52,0.41,2021-08-19,937,N,VIIRS,n,2,288.88,5.71,N,0
40.33023,-121.44702,299.43,0.55,0.43,2021-08-19,937,N,VIIRS,n,2,283.59,6.84,N,0
40.33031,-121.4211,320.89,0.55,0.43,2021-08-19,937,N,VIIRS,n,2,285.55,4.23,N,0
40.33059,-121.48801,320.39,0.55,0.43,2021-08-19,937,N,VIIRS,n,2,289.53,2.88,N,0
40.33065,-121.19322,305.35,0.54,0.42,2021-08-19,937,N,VIIRS,n,2,285.18,1.65,N,0
40.33083,-120.86476,355.93,0.52,0.41,2021-08-19,937,N,VIIRS,n,2,293.26,20.92,N,0
40.33091,-121.08344,335.81,0.53,0.42,2021-08-19,937,N,VIIRS,n,2,287.97,4.13,N,0
40.33097,-121.42757,323.04,0.55,0.43,2021-08-19,937,N,VIIRS,n,2,290.24,4.23,N,0
40.33121,-121.4939,328.17,0.55,0.43,2021-08-19,937,N,VIIRS,n,2,290.12,8.4,N,0
40.33142,-121.42064,327.43,0.55,0.43,2021-08-19,937,N,VIIRS,n,2,286.85,3,N,0
40.33153,-120.87115,343.08,0.52,0.41,2021-08-19,937,N,VIIRS,n,2,292.31,20.92,N,0
40.33158,-121.08976,335.23,0.53,0.42,2021-08-19,937,N,VIIRS,n,2,291.76,4.13,N,0
40.33162,-121.43399,351.95,0.55,0.43,2021-08-19,937,N,VIIRS,n,2,300.2,12.36,N,0
40.33166,-121.46043,315.56,0.55,0.43,2021-08-19,937,N,VIIRS,n,2,285.12,34.26,N,0
40.33189,-121.50032,355.89,0.55,0.43,2021-08-19,937,N,VIIRS,n,2,298.03,8.4,N,0
40.33212,-121.42715,317.54,0.55,0.43,2021-08-19,937,N,VIIRS,n,2,289.79,8.92,N,0
40.33224,-121.09595,302.64,0.53,0.42,2021-08-19,937,N,VIIRS,n,2,287.24,2.06,N,0
40.33226,-121.44041,349.62,0.55,0.43,2021-08-19,937,N,VIIRS,n,2,293.77,12.36,N,0
40.33226,-120.87786,341.23,0.52,0.42,2021-08-19,937,N,VIIRS,n,2,288.46,5.06,N,0
40.33242,-121.46758,306.28,0.55,0.43,2021-08-19,937,N,VIIRS,n,2,284.97,18.84,N,0
40.33266,-121.50756,346.22,0.55,0.43,2021-08-19,937,N,VIIRS,n,2,295.16,17.13,N,0
40.33281,-121.43362,349.6,0.55,0.43,2021-08-19,937,N,VIIRS,n,2,296.17,8.92,N,0
40.33292,-121.44688,301.88,0.55,0.43,2021-08-19,937,N,VIIRS,n,2,284.15,23.93,N,0
40.33318,-121.47464,345.57,0.55,0.43,2021-08-19,937,N,VIIRS,n,2,285.8,18.84,N,0
40.33338,-120.85253,326.83,0.52,0.41,2021-08-19,937,N,VIIRS,n,2,287.62,9.8,N,0
40.33349,-121.44003,336.5,0.55,0.43,2021-08-19,937,N,VIIRS,n,2,291.01,6.84,N,0
40.33354,-121.41362,325.48,0.55,0.43,2021-08-19,937,N,VIIRS,n,2,284.05,3.72,N,0
40.33355,-121.10837,309.82,0.53,0.42,2021-08-19,937,N,VIIRS,n,2,287.66,2.79,N,0
40.33359,-121.45354,325.34,0.55,0.43,2021-08-19,937,N,VIIRS,n,2,285.45,23.93,N,0
40.33388,-121.48131,309.32,0.55,0.43,2021-08-19,937,N,VIIRS,n,2,285.54,6.59,N,0
40.33403,-120.85847,347.41,0.52,0.41,2021-08-19,937,N,VIIRS,n,2,292.78,9.8,N,0
40.33407,-121.07621,303.62,0.53,0.42,2021-08-19,937,N,VIIRS,n,2,286.08,2.91,N,0
40.33418,-121.44647,312.96,0.55,0.43,2021-08-19,937,N,VIIRS,n,2,284.26,6.84,N,0
40.33422,-121.42027,329.1,0.55,0.43,2021-08-19,937,N,VIIRS,n,2,290.04,4.23,N,0
40.33427,-121.46033,348.45,0.55,0.43,2021-08-19,937,N,VIIRS,n,2,287.83,50.53,N,0
40.33455,-121.48753,326.45,0.55,0.43,2021-08-19,937,N,VIIRS,n,2,291.37,6.59,N,0
40.3346,-121.41307,330.11,0.55,0.43,2021-08-19,937,N,VIIRS,n,2,285.75,4.85,N,0
40.33469,-120.86447,323.49,0.52,0.41,2021-08-19,937,N,VIIRS,n,2,287.72,2.51,N,0
40.33475,-121.08262,314.04,0.53,0.42,2021-08-19,937,N,VIIRS,n,2,290.62,2.09,N,0
40.33488,-121.4531,353.89,0.55,0.43,2021-08-19,937,N,VIIRS,n,2,291.95,34.26,N,0
40.33489,-121.42696,316.17,0.55,0.43,2021-08-19,937,N,VIIRS,n,2,292.56,4.23,N,0
40.33498,-121.46735,340.41,0.55,0.43,2021-08-19,937,N,VIIRS,n,2,290.15,50.53,N,0
40.33518,-121.49352,322.29,0.55,0.43,2021-08-19,937,N,VIIRS,n,2,289.24,11.99,N,0
40.33532,-121.41977,324.39,0.55,0.43,2021-08-19,937,N,VIIRS,n,2,289.36,4.85,N,0
40.33535,-120.87047,316.63,0.52,0.41,2021-08-19,937,N,VIIRS,n,2,284.5,2.51,N,0
40.33543,-121.08894,310.39,0.53,0.42,2021-08-19,937,N,VIIRS,n,2,290.14,2.09,N,0
40.33556,-121.43349,319.38,0.55,0.43,2021-08-19,937,N,VIIRS,n,2,288.43,12.36,N,0
40.33561,-121.45985,349.61,0.55,0.43,2021-08-19,937,N,VIIRS,n,2,299.46,34.26,N,0
40.33568,-121.47438,349.5,0.55,0.43,2021-08-19,937,N,VIIRS,n,2,293.52,14.44,N,0
40.33584,-121.4998,349.35,0.55,0.43,2021-08-19,937,N,VIIRS,n,2,300.59,11.99,N,0
40.33604,-121.42651,314.12,0.55,0.43,2021-08-19,937,N,VIIRS,n,2,291.41,2.69,N,0
40.33606,-120.87696,296.17,0.52,0.42,2021-08-19,937,N,VIIRS,n,2,281.67,1.39,N,0
40.33635,-121.46679,355.47,0.55,0.43,2021-08-19,937,N,VIIRS,n,2,293.71,18.84,N,0
40.33636,-121.48114,343.94,0.55,0.43,2021-08-19,937,N,VIIRS,n,2,289.64,14.44,N,0
40.33658,-121.50671,327.76,0.55,0.43,2021-08-19,937,N,VIIRS,n,2,306.66,68.97,N,0
40.33675,-121.4331,303.36,0.55,0.43,2021-08-19,937,N,VIIRS,n,2,285.64,2.69,N,0
40.33686,-121.44633,355.03,0.55,0.43,2021-08-19,937,N,VIIRS,n,2,294.83,23.93,N,0
40.337,-121.48746,324.26,0.55,0.43,2021-08-19,937,N,VIIRS,n,2,292.12,2.92,N,0
40.33709,-121.47377,354.82,0.55,0.43,2021-08-19,937,N,VIIRS,n,2,295.92,18.84,N,0
40.33724,-120.85227,336.16,0.52,0.41,2021-08-19,937,N,VIIRS,n,2,288.23,9.8,N,0
40.33742,-121.41245,328.85,0.55,0.43,2021-08-19,937,N,VIIRS,n,2,288.34,5.06,N,0
40.33752,-121.4529,355.76,0.55,0.43,2021-08-19,937,N,VIIRS,n,2,310.17,23.93,N,0
40.33762,-121.49352,326.81,0.55,0.43,2021-08-19,937,N,VIIRS,n,2,291.25,2.92,N,0
40.33781,-121.48057,344.96,0.55,0.43,2021-08-19,937,N,VIIRS,n,2,291.27,6.59,N,0
40.33789,-120.85822,321.57,0.52,0.41,2021-08-19,937,N,VIIRS,n,2,288.08,9.8,N,0
40.33791,-121.07535,321.62,0.53,0.42,2021-08-19,937,N,VIIRS,n,2,291.09,2.91,N,0
40.33811,-121.44588,354.97,0.55,0.43,2021-08-19,937,N,VIIRS,n,2,298.15,17.4,N,0
40.33811,-121.4193,323.82,0.55,0.43,2021-08-19,937,N,VIIRS,n,2,290.53,3.76,N,0
40.3382,-121.45959,336.46,0.55,0.43,2021-08-19,937,N,VIIRS,n,2,317.28,50.53,N,0
40.33825,-121.49975,354.46,0.55,0.43,2021-08-19,937,N,VIIRS,n,2,301.51,12.84,N,0
40.33847,-121.41198,331.07,0.55,0.43,2021-08-19,937,N,VIIRS,n,2,289.05,4.85,N,0
40.3385,-121.48699,314.3,0.55,0.43,2021-08-19,937,N,VIIRS,n,2,290.13,6.59,N,0
40.33854,-120.86413,310.02,0.52,0.41,2021-08-19,937,N,VIIRS,n,2,287.33,2.51,N,0
40.3386,-121.08176,312.7,0.53,0.42,2021-08-19,937,N,VIIRS,n,2,290.15,2.09,N,0
40.33881,-121.45238,367,0.55,0.43,2021-08-19,937,N,VIIRS,h,2,307.58,42.18,N,0
40.33881,-121.42619,314.99,0.55,0.43,2021-08-19,937,N,VIIRS,n,2,289.23,3.76,N,0
40.33889,-121.46638,351.68,0.55,0.43,2021-08-19,937,N,VIIRS,n,2,303.29,50.53,N,0
40.33893,-121.5065,338.55,0.55,0.43,2021-08-19,937,N,VIIRS,n,2,289.46,12.84,N,0
40.33914,-121.49307,319.91,0.55,0.43,2021-08-19,937,N,VIIRS,n,2,290.64,11.99,N,0
40.33919,-120.87005,312.46,0.52,0.41,2021-08-19,937,N,VIIRS,n,2,284.91,2.51,N,0
40.33921,-121.41884,326.51,0.55,0.43,2021-08-19,937,N,VIIRS,n,2,291.87,4.85,N,0
40.33927,-121.0881,301.72,0.53,0.42,2021-08-19,937,N,VIIRS,n,2,287.33,2.09,N,0
40.33952,-121.45898,352.34,0.55,0.43,2021-08-19,937,N,VIIRS,n,2,305.84,42.18,N,0
40.33958,-121.47327,341.92,0.55,0.43,2021-08-19,937,N,VIIRS,n,2,291.03,14.44,N,0
40.33979,-121.49923,350.53,0.55,0.43,2021-08-19,937,N,VIIRS,n,2,297.08,11.99,N,0
40.33995,-121.4257,316.38,0.55,0.43,2021-08-19,937,N,VIIRS,n,2,289.98,2.69,N,0
40.34013,-121.43919,305.72,0.55,0.43,2021-08-19,937,N,VIIRS,n,2,283.57,4.04,N,0
40.34023,-121.46567,348.41,0.55,0.43,2021-08-19,937,N,VIIRS,n,2,302.37,16.8,N,0
40.34028,-121.48029,322.63,0.55,0.43,2021-08-19,937,N,VIIRS,n,2,285.46,14.44,N,0
40.34078,-121.44552,351.04,0.55,0.43,2021-08-19,937,N,VIIRS,n,2,291.13,37.17,N,0
40.34095,-121.48682,300.71,0.55,0.43,2021-08-19,937,N,VIIRS,n,2,286.29,2.92,N,0
40.34096,-121.47253,316.07,0.55,0.43,2021-08-19,937,N,VIIRS,n,2,287.49,16.8,N,0
40.34108,-120.85187,309.17,0.52,0.41,2021-08-19,937,N,VIIRS,n,2,285.83,1.55,N,0
40.34133,-121.4116,334.09,0.55,0.43,2021-08-19,937,N,VIIRS,n,2,291.2,5.06,N,0
40.34134,-121.43867,330.97,0.55,0.43,2021-08-19,937,N,VIIRS,n,2,284.88,17.4,N,0
40.34143,-121.45193,367,0.55,0.43,2021-08-19,937,N,VIIRS,h,2,295.75,37.17,N,0
40.34157,-121.49304,314.84,0.55,0.43,2021-08-19,937,N,VIIRS,n,2,290.24,2.92,N,0
40.34167,-121.40456,295.55,0.55,0.43,2021-08-19,937,N,VIIRS,n,2,282,3.24,N,0
40.34172,-121.47963,297.05,0.55,0.43,2021-08-19,937,N,VIIRS,n,2,284.95,1.78,N,0
40.34173,-120.85774,306.75,0.52,0.41,2021-08-19,937,N,VIIRS,n,2,285.9,1.55,N,0
40.34175,-121.07449,306,0.53,0.42,2021-08-19,937,N,VIIRS,n,2,288.36,2.82,N,0
40.34201,-121.41839,324.5,0.55,0.43,2021-08-19,937,N,VIIRS,n,2,293.04,3.76,N,0
40.34202,-121.44501,344.53,0.55,0.43,2021-08-19,937,N,VIIRS,n,2,291.18,17.4,N,0
40.34209,-121.45845,356.63,0.55,0.43,2021-08-19,937,N,VIIRS,n,2,294.05,14.61,N,0
40.34219,-121.49914,320.65,0.55,0.43,2021-08-19,937,N,VIIRS,n,2,288.59,12.84,N,0
40.34238,-121.41118,330.2,0.55,0.43,2021-08-19,937,N,VIIRS,n,2,290.88,5.19,N,0
40.34238,-120.86368,315.33,0.52,0.41,2021-08-19,937,N,VIIRS,n,2,287.38,11.93,N,0
40.34243,-121.08086,305.62,0.53,0.42,2021-08-19,937,N,VIIRS,n,2,288.55,2.21,N,0
40.3427,-121.45139,355.06,0.55,0.43,2021-08-19,937,N,VIIRS,n,2,297.03,42.18,N,0
40.34271,-121.42526,313.26,0.55,0.43,2021-08-19,937,N,VIIRS,n,2,290.21,3.76,N,0
40.34276,-121.46508,339.51,0.55,0.43,2021-08-19,937,N,VIIRS,n,2,291.78,14.61,N,0
40.34306,-120.86979,313.73,0.52,0.41,2021-08-19,937,N,VIIRS,n,2,283.43,11.93,N,0
40.3431,-121.49259,312.27,0.55,0.43,2021-08-19,937,N,VIIRS,n,2,289.93,1.18,N,0
40.34311,-121.41791,322.07,0.55,0.43,2021-08-19,937,N,VIIRS,n,2,292.67,5.19,N,0
40.34311,-121.08719,311.04,0.53,0.42,2021-08-19,937,N,VIIRS,n,2,288.41,2.21,N,0
40.34339,-121.43192,304.17,0.55,0.43,2021-08-19,937,N,VIIRS,n,2,284.16,4.04,N,0
40.3434,-121.45784,355.42,0.55,0.43,2021-08-19,937,N,VIIRS,n,2,296.03,42.18,N,0
40.34345,-121.47191,304.09,0.55,0.43,2021-08-19,937,N,VIIRS,n,2,286.67,3.19,N,0
40.34374,-121.49864,299.4,0.55,0.43,2021-08-19,937,N,VIIRS,n,2,285.96,1.18,N,0
40.34385,-121.42477,329.03,0.55,0.43,2021-08-19,937,N,VIIRS,n,2,290.13,5.58,N,0
40.34404,-121.43826,341.42,0.55,0.43,2021-08-19,937,N,VIIRS,n,2,290.21,4.04,N,0
40.34409,-121.46439,320.26,0.55,0.43,2021-08-19,937,N,VIIRS,n,2,289.49,16.8,N,0
40.34457,-121.43145,317.53,0.55,0.43,2021-08-19,937,N,VIIRS,n,2,286.52,5.58,N,0
40.34457,-121.40427,335.21,0.55,0.43,2021-08-19,937,N,VIIRS,n,2,287.02,6.35,N,0
40.34467,-121.17612,296.37,0.54,0.42,2021-08-19,937,N,VIIRS,n,2,281.83,1.47,N,0
40.34468,-121.44462,354.24,0.55,0.43,2021-08-19,937,N,VIIRS,n,2,299.58,37.17,N,0
40.34481,-121.47106,299,0.55,0.43,2021-08-19,937,N,VIIRS,n,2,286.3,16.8,N,0
40.34487,-121.48608,305,0.55,0.43,2021-08-19,937,N,VIIRS,n,2,288.43,1.97,N,0
40.34489,-121.39736,303.74,0.55,0.43,2021-08-19,937,N,VIIRS,n,2,282.42,3.24,N,0
40.34492,-120.85139,305.8,0.52,0.41,2021-08-19,937,N,VIIRS,n,2,285.71,1.55,N,0
40.34524,-121.41087,335.88,0.55,0.43,2021-08-19,937,N,VIIRS,n,2,292.51,6.35,N,0
40.34525,-121.4378,338.72,0.55,0.43,2021-08-19,937,N,VIIRS,n,2,291.89,14.8,N,0
40.34533,-121.45098,343.18,0.55,0.43,2021-08-19,937,N,VIIRS,n,2,314.68,37.17,N,0
40.34552,-121.49251,304.75,0.55,0.43,2021-08-19,937,N,VIIRS,n,2,287.91,1.97,N,0
40.34557,-120.85725,309.2,0.52,0.41,2021-08-19,937,N,VIIRS,n,2,286.15,1.55,N,0
40.34559,-121.40392,341.04,0.55,0.43,2021-08-19,937,N,VIIRS,n,2,288.36,3.24,N,0
40.34592,-121.44415,367,0.55,0.43,2021-08-19,937,N,VIIRS,h,2,302.14,14.8,N,0
40.34593,-121.41758,320.37,0.55,0.43,2021-08-19,937,N,VIIRS,n,2,290.25,6.06,N,0
40.34599,-121.45741,338.27,0.55,0.43,2021-08-19,937,N,VIIRS,n,2,294.15,14.61,N,0
40.34623,-120.86316,346.94,0.52,0.41,2021-08-19,937,N,VIIRS,n,2,297.98,11.93,N,0
40.34627,-121.07999,311.77,0.53,0.42,2021-08-19,937,N,VIIRS,n,2,288.69,2.21,N,0
40.34631,-121.41052,337.65,0.55,0.43,2021-08-19,937,N,VIIRS,n,2,292.99,5.19,N,0
40.34635,-121.48544,306.5,0.55,0.43,2021-08-19,937,N,VIIRS,n,2,288.52,1.78,N,0
40.34661,-121.45052,367,0.55,0.43,2021-08-19,937,N,VIIRS,h,2,325.52,43.53,N,0
40.34662,-121.42442,348.54,0.55,0.43,2021-08-19,937,N,VIIRS,n,2,291.95,6.06,N,0
40.34665,-121.46396,306.77,0.55,0.43,2021-08-19,937,N,VIIRS,n,2,286.85,14.61,N,0
40.34692,-120.86943,353.67,0.52,0.41,2021-08-19,937,N,VIIRS,n,2,287.95,11.93,N,0
40.34695,-121.0863,319.85,0.53,0.42,2021-08-19,937,N,VIIRS,n,2,288.38,2.21,N,0
40.34703,-121.41721,318.71,0.55,0.43,2021-08-19,937,N,VIIRS,n,2,289.7,5.19,N,0
40.34704,-121.49199,299.53,0.55,0.43,2021-08-19,937,N,VIIRS,n,2,286.24,1.18,N,0
40.34718,-121.39086,300.59,0.55,0.43,2021-08-19,937,N,VIIRS,n,2,282.92,2.17,N,0
40.34729,-121.45691,334.81,0.55,0.43,2021-08-19,937,N,VIIRS,n,2,290.45,43.53,N,0
40.34731,-121.43113,305.77,0.55,0.43,2021-08-19,937,N,VIIRS,n,2,284.44,5.07,N,0
40.34745,-120.839,298.05,0.52,0.41,2021-08-19,937,N,VIIRS,n,2,284.15,1.98,N,0
40.34776,-121.42403,338.53,0.55,0.43,2021-08-19,937,N,VIIRS,n,2,289.83,5.58,N,0
40.34784,-121.39724,307.8,0.55,0.43,2021-08-19,937,N,VIIRS,n,2,283.1,2.17,N,0
40.34796,-121.43754,345.98,0.55,0.43,2021-08-19,937,N,VIIRS,n,2,293.01,5.07,N,0
40.34799,-121.4634,305.71,0.55,0.43,2021-08-19,937,N,VIIRS,n,2,286.19,2.98,N,0
40.34811,-120.84494,302.57,0.52,0.41,2021-08-19,937,N,VIIRS,n,2,284.68,1.98,N,0
40.34834,-120.77694,298.96,0.51,0.41,2021-08-19,937,N,VIIRS,n,2,282.15,0.98,N,0
40.34851,-121.40381,335.72,0.55,0.43,2021-08-19,937,N,VIIRS,n,2,291.47,6.35,N,0
40.34861,-121.44393,355.91,0.55,0.43,2021-08-19,937,N,VIIRS,n,2,296.73,27.08,N,0
40.34876,-120.85087,317.06,0.52,0.41,2021-08-19,937,N,VIIRS,n,2,286.1,4.62,N,0
40.34901,-120.783,300.52,0.52,0.41,2021-08-19,937,N,VIIRS,n,2,280.57,0.98,N,0
40.34917,-121.43714,345.83,0.55,0.43,2021-08-19,937,N,VIIRS,n,2,292.13,14.8,N,0
40.34919,-121.41042,339.88,0.55,0.43,2021-08-19,937,N,VIIRS,n,2,292.85,6.35,N,0
40.34926,-121.45029,345.6,0.55,0.43,2021-08-19,937,N,VIIRS,n,2,308.91,27.08,N,0
40.34941,-120.85677,347.1,0.52,0.41,2021-08-19,937,N,VIIRS,n,2,289.2,4.62,N,0
40.34943,-121.07275,319.55,0.53,0.42,2021-08-19,937,N,VIIRS,n,2,288.1,7.22,N,0
40.34986,-121.44353,337.98,0.55,0.43,2021-08-19,937,N,VIIRS,n,2,290.97,14.8,N,0
40.34987,-121.41714,327.38,0.55,0.43,2021-08-19,937,N,VIIRS,n,2,290.21,6.06,N,0
40.34991,-121.45667,315.8,0.55,0.43,2021-08-19,937,N,VIIRS,n,2,287.84,4.87,N,0
40.35006,-120.86263,338.37,0.52,0.41,2021-08-19,937,N,VIIRS,n,2,287.4,12.64,N,0
40.35011,-121.07915,297.93,0.53,0.42,2021-08-19,937,N,VIIRS,n,2,285,1.98,N,0
40.35049,-121.38428,322.56,0.55,0.43,2021-08-19,937,N,VIIRS,n,2,282.18,5.44,N,0
40.35054,-121.44989,353.01,0.55,0.43,2021-08-19,937,N,VIIRS,n,2,294.49,43.53,N,0
40.35057,-121.46311,325.24,0.55,0.43,2021-08-19,937,N,VIIRS,n,2,287.54,4.87,N,0
40.35076,-120.86897,343.46,0.52,0.41,2021-08-19,937,N,VIIRS,n,2,296.27,12.64,N,0
40.35097,-121.49117,314.1,0.55,0.43,2021-08-19,937,N,VIIRS,n,2,283.66,2.78,N,0
40.35114,-121.39063,331.2,0.55,0.43,2021-08-19,937,N,VIIRS,n,2,287.38,4.49,N,0
40.35122,-121.45624,311.61,0.55,0.43,2021-08-19,937,N,VIIRS,n,2,287.29,43.53,N,0
40.35126,-120.83834,300.74,0.52,0.41,2021-08-19,937,N,VIIRS,n,2,284.03,1.98,N,0
40.35147,-120.87546,306.74,0.52,0.42,2021-08-19,937,N,VIIRS,n,2,284.16,17.58,N,0
40.3518,-121.39703,326.74,0.55,0.43,2021-08-19,937,N,VIIRS,n,2,286.35,4.49,N,0
40.3519,-121.43697,329.44,0.55,0.43,2021-08-19,937,N,VIIRS,n,2,287.88,5.07,N,0
40.35191,-121.46262,334.15,0.55,0.43,2021-08-19,937,N,VIIRS,n,2,288.28,2.98,N,0
40.35193,-120.84434,334.43,0.52,0.41,2021-08-19,937,N,VIIRS,n,2,286.37,1.98,N,0
40.35246,-121.4035,341.17,0.55,0.43,2021-08-19,937,N,VIIRS,n,2,288.39,4.15,N,0
40.35255,-121.44337,317.4,0.55,0.43,2021-08-19,937,N,VIIRS,n,2,285.59,27.08,N,0
40.35258,-121.46888,301.31,0.55,0.43,2021-08-19,937,N,VIIRS,n,2,284.96,2.98,N,0
40.35259,-120.85033,319.7,0.52,0.41,2021-08-19,937,N,VIIRS,n,2,284.8,4.62,N,0
40.35314,-121.4101,329.8,0.55,0.43,2021-08-19,937,N,VIIRS,n,2,291.11,4.15,N,0
40.3532,-121.44971,329.24,0.55,0.43,2021-08-19,937,N,VIIRS,n,2,287.08,27.08,N,0
40.35326,-121.07184,351.05,0.53,0.42,2021-08-19,937,N,VIIRS,n,2,292.9,7.22,N,0
40.35338,-121.49092,315.7,0.55,0.43,2021-08-19,937,N,VIIRS,n,2,285.51,3.55,N,0
40.35382,-121.41675,309.9,0.55,0.43,2021-08-19,937,N,VIIRS,n,2,286.76,2.19,N,0
40.35385,-121.45602,325.92,0.55,0.43,2021-08-19,937,N,VIIRS,n,2,288.64,4.87,N,0
40.35389,-120.86214,296.71,0.52,0.41,2021-08-19,937,N,VIIRS,n,2,281.91,12.64,N,0
40.35395,-121.07825,309.87,0.53,0.42,2021-08-19,937,N,VIIRS,n,2,286.26,1.98,N,0
40.35442,-120.83166,309.67,0.52,0.41,2021-08-19,937,N,VIIRS,n,2,282.68,2.69,N,0
40.35443,-121.38391,343.38,0.55,0.43,2021-08-19,937,N,VIIRS,n,2,289.06,5.44,N,0
40.3545,-121.46242,325.52,0.55,0.43,2021-08-19,937,N,VIIRS,n,2,286.88,4.87,N,0
40.35459,-120.86843,330.22,0.52,0.41,2021-08-19,937,N,VIIRS,n,2,290.36,12.64,N,0
40.35509,-121.39029,326.6,0.55,0.43,2021-08-19,937,N,VIIRS,n,2,290.36,4.49,N,0
40.35509,-120.83775,336.15,0.52,0.41,2021-08-19,937,N,VIIRS,n,2,288.14,5.12,N,0
40.35516,-121.42988,322.19,0.55,0.43,2021-08-19,937,N,VIIRS,n,2,286.52,3.56,N,0
40.35531,-120.87492,328.23,0.52,0.42,2021-08-19,937,N,VIIRS,n,2,289.2,17.58,N,0
40.35571,-121.35768,337.72,0.55,0.42,2021-08-19,937,N,VIIRS,n,2,285.32,4.4,N,0
40.35575,-121.39665,312.58,0.55,0.43,2021-08-19,937,N,VIIRS,n,2,288.06,4.49,N,0
40.35577,-120.84382,308.1,0.52,0.41,2021-08-19,937,N,VIIRS,n,2,284.07,5.12,N,0
40.35582,-121.43633,321.41,0.55,0.43,2021-08-19,937,N,VIIRS,n,2,288.12,3.56,N,0
40.3564,-121.40306,303.53,0.55,0.43,2021-08-19,937,N,VIIRS,n,2,286.69,4.15,N,0
40.35649,-121.44277,301.3,0.55,0.43,2021-08-19,937,N,VIIRS,n,2,284.92,1.38,N,0
40.35707,-121.40954,319.81,0.55,0.43,2021-08-19,937,N,VIIRS,n,2,292.27,4.15,N,0
40.3571,-121.07094,316.32,0.53,0.42,2021-08-19,937,N,VIIRS,n,2,285.33,1.8,N,0
40.35757,-120.82505,295.56,0.52,0.41,2021-08-19,937,N,VIIRS,n,2,282.37,2.69,N,0
40.35775,-121.41612,307.33,0.55,0.43,2021-08-19,937,N,VIIRS,n,2,287.5,2.19,N,0
40.35779,-121.07737,298.75,0.53,0.42,2021-08-19,937,N,VIIRS,n,2,284.72,1.27,N,0
40.35823,-120.83101,337.11,0.52,0.41,2021-08-19,937,N,VIIRS,n,2,287.58,2.69,N,0
40.35828,-121.34412,311.3,0.55,0.42,2021-08-19,937,N,VIIRS,n,2,285.06,1.96,N,0
40.35836,-121.38334,314.16,0.55,0.43,2021-08-19,937,N,VIIRS,n,2,282.97,3.44,N,0
40.35842,-121.42266,307.6,0.55,0.43,2021-08-19,937,N,VIIRS,n,2,284.89,2.19,N,0
40.35842,-120.86779,337.05,0.52,0.41,2021-08-19,937,N,VIIRS,n,2,284.38,5.72,N,0
40.35894,-121.35048,314.29,0.55,0.42,2021-08-19,937,N,VIIRS,n,2,286.21,4.4,N,0
40.35902,-121.38972,332.12,0.55,0.43,2021-08-19,937,N,VIIRS,n,2,295.08,4.11,N,0
40.35908,-121.42912,331.87,0.55,0.43,2021-08-19,937,N,VIIRS,n,2,292.12,3.56,N,0
40.35968,-121.39608,301.85,0.55,0.43,2021-08-19,937,N,VIIRS,n,2,289.23,4.11,N,0
40.35975,-121.4356,310.12,0.55,0.43,2021-08-19,937,N,VIIRS,n,2,287.81,3.56,N,0
40.36034,-121.40247,320.82,0.55,0.43,2021-08-19,937,N,VIIRS,n,2,290.32,2.78,N,0
40.36094,-121.07004,305.16,0.53,0.42,2021-08-19,937,N,VIIRS,n,2,284.64,1.8,N,0
40.361,-121.4089,319.98,0.55,0.43,2021-08-19,937,N,VIIRS,n,2,289.85,2.78,N,0
40.36108,-121.4486,300.66,0.55,0.43,2021-08-19,937,N,VIIRS,n,2,284.89,1.38,N,0
40.36119,-121.10909,300.56,0.53,0.42,2021-08-19,937,N,VIIRS,n,2,283.2,1.48,N,0
40.36162,-121.07644,300.31,0.53,0.42,2021-08-19,937,N,VIIRS,n,2,284.42,1.27,N,0
40.36167,-121.4154,310.27,0.55,0.43,2021-08-19,937,N,VIIRS,n,2,288.5,2.03,N,0
40.36206,-120.83041,297.95,0.52,0.41,2021-08-19,937,N,VIIRS,n,2,283.28,1.58,N,0
40.36217,-121.34331,299.26,0.55,0.42,2021-08-19,937,N,VIIRS,n,2,284.64,1.49,N,0
40.36228,-121.38271,333.6,0.55,0.43,2021-08-19,937,N,VIIRS,n,2,288.47,3.44,N,0
40.36234,-121.42191,306.61,0.55,0.43,2021-08-19,937,N,VIIRS,n,2,285.82,2.03,N,0
40.36294,-121.38908,317.71,0.55,0.43,2021-08-19,937,N,VIIRS,n,2,292.05,4.11,N,0
40.363,-121.42832,303.1,0.55,0.43,2021-08-19,937,N,VIIRS,n,2,286.94,1.87,N,0
40.36426,-121.40179,310.68,0.55,0.43,2021-08-19,937,N,VIIRS,n,2,288.03,2.78,N,0
40.36491,-121.40817,320.77,0.55,0.43,2021-08-19,937,N,VIIRS,n,2,288.62,2.78,N,0
40.36505,-121.1083,314.44,0.53,0.42,2021-08-19,937,N,VIIRS,n,2,285.67,1.48,N,0
40.36558,-121.41459,309.35,0.55,0.43,2021-08-19,937,N,VIIRS,n,2,287.46,2.03,N,0
40.36572,-121.11456,303.98,0.53,0.42,2021-08-19,937,N,VIIRS,n,2,283.27,2.54,N,0
40.36618,-121.38186,303.59,0.55,0.43,2021-08-19,937,N,VIIRS,n,2,284.79,1.29,N,0
40.36684,-121.38824,318.05,0.55,0.43,2021-08-19,937,N,VIIRS,n,2,289.96,2.68,N,0
40.36817,-121.40099,319.52,0.55,0.43,2021-08-19,937,N,VIIRS,n,2,289.43,3.38,N,0
40.36821,-121.10111,311.95,0.53,0.42,2021-08-19,937,N,VIIRS,n,2,286,1.84,N,0
40.36883,-121.40739,321.72,0.55,0.43,2021-08-19,937,N,VIIRS,n,2,288.46,3.38,N,0
40.3689,-121.10749,320.77,0.53,0.42,2021-08-19,937,N,VIIRS,n,2,288.68,1.84,N,0
40.36957,-121.11376,314.7,0.53,0.42,2021-08-19,937,N,VIIRS,n,2,285.32,1.78,N,0
40.37023,-121.45979,300.88,0.55,0.43,2021-08-19,937,N,VIIRS,n,2,285.96,2.03,N,0
40.37074,-121.38734,297.45,0.55,0.43,2021-08-19,937,N,VIIRS,n,2,285.52,2.68,N,0
40.37127,-121.35409,299.65,0.55,0.42,2021-08-19,937,N,VIIRS,n,2,284.48,1.24,N,0
40.37206,-121.10028,298.19,0.53,0.42,2021-08-19,937,N,VIIRS,n,2,282.82,1.84,N,0
40.37207,-121.40015,322.97,0.55,0.43,2021-08-19,937,N,VIIRS,n,2,291.29,3.38,N,0
40.37273,-121.40657,319.22,0.55,0.43,2021-08-19,937,N,VIIRS,n,2,288.92,3.38,N,0
40.37276,-121.10671,304.71,0.53,0.42,2021-08-19,937,N,VIIRS,n,2,283.33,1.84,N,0
40.37343,-121.11297,296.28,0.53,0.42,2021-08-19,937,N,VIIRS,n,2,283.05,1.78,N,0
40.37416,-121.45903,301.44,0.55,0.43,2021-08-19,937,N,VIIRS,n,2,283.48,0.98,N,0
40.37464,-121.38642,324.51,0.55,0.43,2021-08-19,937,N,VIIRS,n,2,286.09,2.43,N,0
40.37508,-121.50716,303.76,0.56,0.43,2021-08-19,937,N,VIIRS,n,2,285.9,2.13,N,0
40.3753,-121.39283,304.12,0.55,0.43,2021-08-19,937,N,VIIRS,n,2,288.47,2.43,N,0
40.37591,-121.0995,312.65,0.53,0.42,2021-08-19,937,N,VIIRS,n,2,286.31,2.25,N,0
40.37597,-121.39926,342.75,0.55,0.43,2021-08-19,937,N,VIIRS,n,2,294.96,7.15,N,0
40.37661,-121.10593,313.23,0.53,0.42,2021-08-19,937,N,VIIRS,n,2,283.3,2.25,N,0
40.37664,-121.40572,305.5,0.55,0.43,2021-08-19,937,N,VIIRS,n,2,287.14,7.15,N,0
40.37796,-121.11846,298.24,0.53,0.42,2021-08-19,937,N,VIIRS,n,2,283.09,0.71,N,0
40.37853,-121.38552,309.94,0.55,0.43,2021-08-19,937,N,VIIRS,n,2,285.08,2.43,N,0
40.379,-121.50628,305.32,0.56,0.43,2021-08-19,937,N,VIIRS,n,2,287.73,1.73,N,0
40.3792,-121.3919,309.92,0.55,0.43,2021-08-19,937,N,VIIRS,n,2,289.88,2.43,N,0
40.37987,-121.39835,356.12,0.55,0.43,2021-08-19,937,N,VIIRS,n,2,295.32,7.15,N,0
40.38054,-121.40481,317.19,0.55,0.43,2021-08-19,937,N,VIIRS,n,2,289.72,7.15,N,0
40.38243,-121.3847,300.37,0.55,0.43,2021-08-19,937,N,VIIRS,n,2,285.47,4.83,N,0
40.38291,-121.50519,310.82,0.56,0.43,2021-08-19,937,N,VIIRS,n,2,286.92,1.73,N,0
40.38309,-121.39103,338.74,0.55,0.43,2021-08-19,937,N,VIIRS,n,2,293.57,4.83,N,0
40.38376,-121.39739,336.77,0.55,0.43,2021-08-19,937,N,VIIRS,n,2,291.4,7.44,N,0
40.38443,-121.40379,320.49,0.55,0.43,2021-08-19,937,N,VIIRS,n,2,289.18,7.44,N,0
40.38509,-121.41013,300.09,0.55,0.43,2021-08-19,937,N,VIIRS,n,2,286.1,1.21,N,0
40.387,-121.39015,322.87,0.55,0.43,2021-08-19,937,N,VIIRS,n,2,287.09,4.83,N,0
40.38725,-121.46945,307.82,0.55,0.43,2021-08-19,937,N,VIIRS,n,2,286.56,2.16,N,0
40.38746,-121.0971,330.79,0.53,0.42,2021-08-19,937,N,VIIRS,n,2,287.17,5.35,N,0
40.38754,-121.51126,311.62,0.56,0.43,2021-08-19,937,N,VIIRS,n,2,285.9,1.33,N,0
40.38816,-121.51722,305,0.56,0.43,2021-08-19,937,N,VIIRS,n,2,286.09,1.91,N,0
40.38831,-121.40277,332.24,0.55,0.43,2021-08-19,937,N,VIIRS,n,2,290.15,7.44,N,0
40.38897,-121.4091,301.51,0.55,0.43,2021-08-19,937,N,VIIRS,n,2,286.05,1.21,N,0
40.39062,-121.08991,306.53,0.53,0.42,2021-08-19,937,N,VIIRS,n,2,284.09,1.6,N,0
40.39073,-121.5032,298.76,0.56,0.43,2021-08-19,937,N,VIIRS,n,2,285.85,1.33,N,0
40.39088,-121.38913,315.43,0.55,0.43,2021-08-19,937,N,VIIRS,n,2,285.03,2.57,N,0
40.39116,-121.46862,319.07,0.55,0.43,2021-08-19,937,N,VIIRS,n,2,289.43,3.98,N,0
40.3913,-121.09617,300.47,0.53,0.42,2021-08-19,937,N,VIIRS,n,2,283.34,1.16,N,0
40.39147,-121.51048,299.95,0.56,0.43,2021-08-19,937,N,VIIRS,n,2,286.02,1.33,N,0
40.39154,-121.39548,328.67,0.55,0.43,2021-08-19,937,N,VIIRS,n,2,286.42,6.11,N,0
40.39182,-121.47491,329.03,0.55,0.43,2021-08-19,937,N,VIIRS,n,2,289.06,3.93,N,0
40.3922,-121.40176,336.5,0.55,0.43,2021-08-19,937,N,VIIRS,n,2,288.83,6.11,N,0
40.39247,-121.48122,312.68,0.55,0.43,2021-08-19,937,N,VIIRS,n,2,284.94,3.93,N,0
40.39286,-121.40805,301.63,0.55,0.43,2021-08-19,937,N,VIIRS,n,2,284.99,2.52,N,0
40.39475,-121.38802,320.55,0.55,0.43,2021-08-19,937,N,VIIRS,n,2,286.65,2.57,N,0
40.39508,-121.46771,326.87,0.55,0.43,2021-08-19,937,N,VIIRS,n,2,288.85,3.98,N,0
40.39574,-121.47408,320.69,0.55,0.43,2021-08-19,937,N,VIIRS,n,2,287.27,3.93,N,0
40.39674,-121.407,320.63,0.55,0.43,2021-08-19,937,N,VIIRS,n,2,286.55,2.52,N,0
40.40062,-121.40593,305.12,0.55,0.43,2021-08-19,937,N,VIIRS,n,2,284.34,2.45,N,0
40.40308,-121.31596,295.84,0.54,0.42,2021-08-19,937,N,VIIRS,n,2,279.89,0.42,N,0
40.40451,-121.40491,317.41,0.55,0.43,2021-08-19,937,N,VIIRS,n,2,284.51,2.45,N,0
40.40515,-121.41104,316.25,0.55,0.43,2021-08-19,937,N,VIIRS,n,2,284.68,2.45,N,0
40.40841,-121.40403,325.33,0.55,0.43,2021-08-19,937,N,VIIRS,n,2,285.5,3.88,N,0
40.40904,-121.41,335.84,0.55,0.43,2021-08-19,937,N,VIIRS,n,2,286.73,3.88,N,0
40.41294,-121.40911,303.68,0.55,0.43,2021-08-19,937,N,VIIRS,n,2,283.31,3.88,N,0
40.41432,-121.42223,300.66,0.55,0.43,2021-08-19,937,N,VIIRS,n,2,282.31,2.05,N,0
40.4185,-121.12102,297.33,0.53,0.42,2021-08-19,937,N,VIIRS,n,2,280.79,1.46,N,0
40.42082,-121.11406,324.6,0.53,0.42,2021-08-19,937,N,VIIRS,n,2,285.51,3.47,N,0
40.42156,-121.12071,308.46,0.53,0.42,2021-08-19,937,N,VIIRS,n,2,281.51,3.47,N,0
40.42164,-121.11345,319.59,0.53,0.42,2021-08-19,937,N,VIIRS,n,2,284.99,2.03,N,0
40.42231,-121.12759,305.76,0.53,0.42,2021-08-19,937,N,VIIRS,n,2,281.56,1.63,N,0
40.42234,-121.12009,308.3,0.53,0.42,2021-08-19,937,N,VIIRS,n,2,281.39,2.41,N,0
40.42305,-121.12695,310.26,0.53,0.42,2021-08-19,937,N,VIIRS,n,2,281.75,2.41,N,0
40.42542,-121.41379,302.38,0.55,0.43,2021-08-19,937,N,VIIRS,n,2,281.3,1.3,N,0
40.42552,-121.11286,295.7,0.53,0.42,2021-08-19,937,N,VIIRS,n,2,279.13,2.03,N,0
40.42812,-121.10011,295.21,0.53,0.42,2021-08-19,937,N,VIIRS,n,2,280.49,1.17,N,0
40.42941,-121.11236,326.53,0.53,0.42,2021-08-19,937,N,VIIRS,n,2,283.45,2.32,N,0
40.43264,-121.10569,300.96,0.53,0.42,2021-08-19,937,N,VIIRS,n,2,281.01,2.32,N,0
40.43329,-121.11185,298.47,0.53,0.42,2021-08-19,937,N,VIIRS,n,2,279.95,2.32,N,0
40.43356,-121.30465,304.5,0.54,0.42,2021-08-19,937,N,VIIRS,n,2,278.81,1.04,N,0
40.4337,-121.30494,308.33,0.54,0.42,2021-08-19,937,N,VIIRS,n,2,279.02,1.76,N,0
40.43426,-121.31161,310.69,0.55,0.42,2021-08-19,937,N,VIIRS,n,2,279.97,1.88,N,0
40.43445,-121.3119,312.53,0.54,0.42,2021-08-19,937,N,VIIRS,n,2,280.47,1.76,N,0
40.43746,-121.30399,306.5,0.54,0.42,2021-08-19,937,N,VIIRS,n,2,279.86,1.04,N,0
40.43761,-121.3043,304.89,0.54,0.42,2021-08-19,937,N,VIIRS,n,2,280.09,2.1,N,0
40.43817,-121.31092,297.48,0.55,0.42,2021-08-19,937,N,VIIRS,n,2,279.71,1.88,N,0
40.44192,-121.45621,298.84,0.55,0.43,2021-08-19,937,N,VIIRS,n,2,280.05,1.17,N,0
40.44368,-121.44345,301.87,0.55,0.43,2021-08-19,937,N,VIIRS,n,2,284.27,2.21,N,0
40.44491,-121.45556,310.7,0.55,0.43,2021-08-19,937,N,VIIRS,n,2,281.93,3.05,N,0
40.44585,-121.45557,315.78,0.55,0.43,2021-08-19,937,N,VIIRS,n,2,282.24,3.48,N,0
40.44822,-121.44873,312.73,0.55,0.43,2021-08-19,937,N,VIIRS,n,2,281.86,2.08,N,0
40.44884,-121.45486,332.71,0.55,0.43,2021-08-19,937,N,VIIRS,n,2,284.77,3.48,N,0
40.44913,-121.44868,317.2,0.55,0.43,2021-08-19,937,N,VIIRS,n,2,282.65,3.48,N,0
40.44978,-121.45486,331.75,0.55,0.43,2021-08-19,937,N,VIIRS,n,2,285.2,3.48,N,0
40.45212,-121.44777,305.83,0.55,0.43,2021-08-19,937,N,VIIRS,n,2,281.43,2.08,N,0
40.45277,-121.45408,318.01,0.55,0.43,2021-08-19,937,N,VIIRS,n,2,282.46,3.48,N,0
40.45303,-121.44773,302.87,0.55,0.43,2021-08-19,937,N,VIIRS,n,2,281.26,1.81,N,0
40.4534,-121.11575,296.33,0.53,0.42,2021-08-19,937,N,VIIRS,n,2,280.7,1.07,N,0
40.45341,-121.46045,302.6,0.55,0.43,2021-08-19,937,N,VIIRS,n,2,281.8,3.48,N,0
40.4537,-121.45406,319.04,0.55,0.43,2021-08-19,937,N,VIIRS,n,2,282.77,1.81,N,0
40.4543,-121.42226,311.19,0.55,0.43,2021-08-19,937,N,VIIRS,n,2,282.57,2.26,N,0
40.45438,-121.46045,300.75,0.55,0.43,2021-08-19,937,N,VIIRS,n,2,281.67,1.73,N,0
40.45603,-121.44687,305,0.55,0.43,2021-08-19,937,N,VIIRS,n,2,281.06,3.44,N,0
40.4566,-121.4919,298.82,0.56,0.43,2021-08-19,937,N,VIIRS,n,2,279.55,1.31,N,0
40.45668,-121.45322,314.44,0.55,0.43,2021-08-19,937,N,VIIRS,n,2,282.16,2.14,N,0
40.45681,-121.41531,309.56,0.55,0.43,2021-08-19,937,N,VIIRS,n,2,284.17,4.84,N,0
40.45694,-121.44692,306.8,0.55,0.43,2021-08-19,937,N,VIIRS,n,2,281.21,1.81,N,0
40.45714,-121.34069,296.44,0.55,0.42,2021-08-19,937,N,VIIRS,n,2,279.79,0.79,N,0
40.45733,-121.45964,303.28,0.55,0.43,2021-08-19,937,N,VIIRS,n,2,281.21,2.14,N,0
40.45745,-121.42157,338.33,0.55,0.43,2021-08-19,937,N,VIIRS,n,2,291.03,4.84,N,0
40.45761,-121.45321,311.78,0.55,0.43,2021-08-19,937,N,VIIRS,n,2,282.17,1.81,N,0
40.45771,-121.49173,303.6,0.56,0.43,2021-08-19,937,N,VIIRS,n,2,280.05,2.44,N,0
40.45782,-121.34731,322.29,0.55,0.42,2021-08-19,937,N,VIIRS,n,2,282.03,3.66,N,0
40.45798,-121.46602,304.2,0.55,0.43,2021-08-19,937,N,VIIRS,n,2,281.66,2.23,N,0
40.45809,-121.42784,301.9,0.55,0.43,2021-08-19,937,N,VIIRS,n,2,282.82,2.97,N,0
40.45829,-121.45957,310.3,0.55,0.43,2021-08-19,937,N,VIIRS,n,2,281.69,1.73,N,0
40.45863,-121.47246,313.5,0.55,0.43,2021-08-19,937,N,VIIRS,n,2,281.62,2.23,N,0
40.45898,-121.466,307.63,0.55,0.43,2021-08-19,937,N,VIIRS,n,2,281.52,1.73,N,0
40.45929,-121.47886,300.34,0.56,0.43,2021-08-19,937,N,VIIRS,n,2,279.87,2.76,N,0
40.45967,-121.47244,315.73,0.55,0.43,2021-08-19,937,N,VIIRS,n,2,281.69,2.23,N,0
40.45982,-121.51151,300.57,0.56,0.43,2021-08-19,937,N,VIIRS,n,2,278.68,0.76,N,0
40.45991,-121.48495,316.59,0.56,0.43,2021-08-19,937,N,VIIRS,n,2,281.11,2.76,N,0
40.46035,-121.47882,302.57,0.55,0.43,2021-08-19,937,N,VIIRS,n,2,280.63,2.23,N,0
40.46051,-121.49085,314.1,0.56,0.43,2021-08-19,937,N,VIIRS,n,2,279.62,3.35,N,0
40.46059,-121.45235,305.71,0.55,0.43,2021-08-19,937,N,VIIRS,n,2,281.83,2.14,N,0
40.46075,-121.41481,318.36,0.55,0.43,2021-08-19,937,N,VIIRS,n,2,287.15,7.32,N,0
40.46099,-121.48485,326.41,0.56,0.43,2021-08-19,937,N,VIIRS,n,2,282.75,2.44,N,0
40.46124,-121.45866,317.87,0.55,0.43,2021-08-19,937,N,VIIRS,n,2,282.44,2.14,N,0
40.46139,-121.42108,342.01,0.55,0.43,2021-08-19,937,N,VIIRS,n,2,291.28,7.32,N,0
40.46161,-121.49072,307.63,0.56,0.43,2021-08-19,937,N,VIIRS,n,2,279,2.44,N,0
40.46177,-121.34702,297.68,0.55,0.42,2021-08-19,937,N,VIIRS,n,2,280.66,1.06,N,0
40.4619,-121.46513,314.94,0.55,0.43,2021-08-19,937,N,VIIRS,n,2,281.4,2.23,N,0
40.46203,-121.42731,352.55,0.55,0.43,2021-08-19,937,N,VIIRS,n,2,292.74,8.49,N,0
40.46248,-121.51038,295.95,0.56,0.43,2021-08-19,937,N,VIIRS,n,2,278.28,0.65,N,0
40.46255,-121.47162,316.81,0.55,0.43,2021-08-19,937,N,VIIRS,n,2,280.75,2.23,N,0
40.46265,-121.43339,305.9,0.55,0.43,2021-08-19,937,N,VIIRS,n,2,282.17,8.49,N,0
40.46327,-121.43938,305.57,0.55,0.43,2021-08-19,937,N,VIIRS,n,2,281.64,13.68,N,0
40.46382,-121.48402,321.71,0.56,0.43,2021-08-19,937,N,VIIRS,n,2,281.76,2.76,N,0
40.46404,-121.40794,309.02,0.55,0.43,2021-08-19,937,N,VIIRS,n,2,285.07,3.09,N,0
40.46468,-121.41421,341.34,0.55,0.43,2021-08-19,937,N,VIIRS,n,2,290.57,7.32,N,0
40.46532,-121.42043,350.61,0.55,0.43,2021-08-19,937,N,VIIRS,n,2,292.28,7.32,N,0
40.46577,-121.46381,301.37,0.55,0.43,2021-08-19,937,N,VIIRS,n,2,279.96,1.45,N,0
40.46595,-121.42653,331.53,0.55,0.43,2021-08-19,937,N,VIIRS,n,2,286.33,8.49,N,0
40.46644,-121.47038,306.6,0.55,0.43,2021-08-19,937,N,VIIRS,n,2,279.63,1.45,N,0
40.46656,-121.4325,338.75,0.55,0.43,2021-08-19,937,N,VIIRS,n,2,290.86,8.49,N,0
40.46717,-121.43839,352.54,0.55,0.43,2021-08-19,937,N,VIIRS,n,2,292.88,13.68,N,0
40.46758,-121.32622,303.11,0.55,0.42,2021-08-19,937,N,VIIRS,n,2,280.7,3.49,N,0
40.46773,-121.36612,303.93,0.55,0.43,2021-08-19,937,N,VIIRS,n,2,281.03,0.65,N,0
40.46774,-121.48309,315.56,0.56,0.43,2021-08-19,937,N,VIIRS,n,2,280.55,2.05,N,0
40.46795,-121.40712,324.6,0.55,0.43,2021-08-19,937,N,VIIRS,n,2,287.29,6.17,N,0
40.46829,-121.33301,299.34,0.55,0.42,2021-08-19,937,N,VIIRS,n,2,282.41,1.02,N,0
40.46861,-121.4135,367,0.55,0.43,2021-08-19,937,N,VIIRS,h,2,300.05,14.54,N,0
40.46924,-121.41967,306.95,0.55,0.43,2021-08-19,937,N,VIIRS,n,2,282.85,14.54,N,0
40.46939,-121.08105,298.63,0.53,0.42,2021-08-19,937,N,VIIRS,n,2,280.01,0.67,N,0
40.46986,-121.4257,324.79,0.55,0.43,2021-08-19,937,N,VIIRS,n,2,285.45,4.73,N,0
40.47047,-121.43161,319.9,0.55,0.43,2021-08-19,937,N,VIIRS,n,2,284.32,4.73,N,0
40.47107,-121.43745,345.54,0.55,0.43,2021-08-19,937,N,VIIRS,n,2,287.13,13.02,N,0
40.47152,-121.32578,331.41,0.55,0.42,2021-08-19,937,N,VIIRS,n,2,284.29,3.49,N,0
40.47221,-121.3325,296.68,0.55,0.42,2021-08-19,937,N,VIIRS,n,2,283.92,1.02,N,0
40.47252,-121.41267,349.9,0.55,0.43,2021-08-19,937,N,VIIRS,n,2,290.26,14.54,N,0
40.47289,-121.339,296.05,0.55,0.42,2021-08-19,937,N,VIIRS,n,2,283.69,1.02,N,0
40.47356,-121.34543,295.92,0.55,0.42,2021-08-19,937,N,VIIRS,n,2,280.76,0.88,N,0
40.47543,-121.32517,328.72,0.55,0.42,2021-08-19,937,N,VIIRS,n,2,283.2,4.27,N,0
40.47556,-121.36481,295.39,0.55,0.43,2021-08-19,937,N,VIIRS,n,2,280.58,1.54,N,0
40.47575,-121.40518,306.31,0.55,0.43,2021-08-19,937,N,VIIRS,n,2,283.9,3,N,0
40.47612,-121.33173,326.32,0.55,0.42,2021-08-19,937,N,VIIRS,n,2,283.93,4.23,N,0
40.47626,-121.37154,297.21,0.55,0.43,2021-08-19,937,N,VIIRS,n,2,281.21,1.06,N,0
40.47642,-121.41171,332.49,0.55,0.43,2021-08-19,937,N,VIIRS,n,2,287.07,3.89,N,0
40.47677,-121.33807,310.68,0.55,0.42,2021-08-19,937,N,VIIRS,n,2,283.05,4.23,N,0
40.47693,-121.37795,300.2,0.55,0.43,2021-08-19,937,N,VIIRS,n,2,282.31,1.06,N,0
40.47744,-121.34447,306.31,0.55,0.42,2021-08-19,937,N,VIIRS,n,2,280.39,1.67,N,0
40.47812,-121.35099,308.39,0.55,0.43,2021-08-19,937,N,VIIRS,n,2,280.65,1.67,N,0
40.47881,-121.35756,310.28,0.55,0.43,2021-08-19,937,N,VIIRS,n,2,281.65,2.36,N,0
40.47897,-121.39772,302.9,0.55,0.43,2021-08-19,937,N,VIIRS,n,2,283.05,3,N,0
40.47935,-121.32452,331.84,0.55,0.42,2021-08-19,937,N,VIIRS,n,2,285.03,4.27,N,0
40.47963,-121.40415,334.14,0.55,0.43,2021-08-19,937,N,VIIRS,n,2,286.41,3,N,0
40.48001,-121.33095,336.63,0.55,0.42,2021-08-19,937,N,VIIRS,n,2,285.25,4.23,N,0
40.48018,-121.37081,298.45,0.55,0.43,2021-08-19,937,N,VIIRS,n,2,281.13,1.4,N,0
40.48032,-121.41072,302.43,0.55,0.43,2021-08-19,937,N,VIIRS,n,2,282.44,3.89,N,0
40.48067,-121.33717,321.51,0.55,0.42,2021-08-19,937,N,VIIRS,n,2,281.04,4.23,N,0
40.48151,-121.3836,296.97,0.55,0.43,2021-08-19,937,N,VIIRS,n,2,282.28,4.48,N,0
40.48219,-121.39015,314.45,0.55,0.43,2021-08-19,937,N,VIIRS,n,2,284.18,4.48,N,0
40.4827,-121.35668,313.96,0.55,0.43,2021-08-19,937,N,VIIRS,n,2,281.73,2.36,N,0
40.48286,-121.39663,326.97,0.55,0.43,2021-08-19,937,N,VIIRS,n,2,288.27,6.9,N,0
40.48325,-121.32384,314.36,0.55,0.42,2021-08-19,937,N,VIIRS,n,2,281.84,2.36,N,0
40.48353,-121.40316,337.82,0.55,0.43,2021-08-19,937,N,VIIRS,n,2,286,6.9,N,0
40.48358,-121.10303,295.02,0.53,0.42,2021-08-19,937,N,VIIRS,n,2,281.76,0.99,N,0
40.48392,-121.33014,307.51,0.55,0.42,2021-08-19,937,N,VIIRS,n,2,281.03,2.14,N,0
40.48514,-121.19128,295.1,0.54,0.42,2021-08-19,937,N,VIIRS,n,2,280.4,1.65,N,0
40.48539,-121.38257,340.79,0.55,0.43,2021-08-19,937,N,VIIRS,n,2,287.97,4.48,N,0
40.48607,-121.38908,330.61,0.55,0.43,2021-08-19,937,N,VIIRS,n,2,286.57,4.48,N,0
40.48642,-121.16621,299.81,0.54,0.42,2021-08-19,937,N,VIIRS,n,2,280.2,0.96,N,0
40.48651,-121.20415,297.07,0.54,0.42,2021-08-19,937,N,VIIRS,n,2,279.8,1.51,N,0
40.48674,-121.39555,341.38,0.55,0.43,2021-08-19,937,N,VIIRS,n,2,288.14,6.9,N,0
40.48707,-121.17234,296.59,0.54,0.42,2021-08-19,937,N,VIIRS,n,2,280.5,2.22,N,0
40.48929,-121.38168,347.38,0.55,0.43,2021-08-19,937,N,VIIRS,n,2,290.8,9.97,N,0
40.49015,-121.12741,300.3,0.54,0.42,2021-08-19,937,N,VIIRS,n,2,280.66,1.75,N,0
40.49031,-121.16567,308.24,0.54,0.42,2021-08-19,937,N,VIIRS,n,2,281.71,1.91,N,0
40.49039,-121.20347,308.26,0.54,0.42,2021-08-19,937,N,VIIRS,n,2,280.43,1.51,N,0
40.49049,-121.3549,326.98,0.55,0.43,2021-08-19,937,N,VIIRS,n,2,282.22,3.32,N,0
40.49083,-121.13369,297.69,0.54,0.42,2021-08-19,937,N,VIIRS,n,2,279.83,1.1,N,0
40.4911,-121.3227,310.78,0.55,0.42,2021-08-19,937,N,VIIRS,n,2,280.86,2.47,N,0
40.49121,-121.36178,307.04,0.55,0.43,2021-08-19,937,N,VIIRS,n,2,280.54,3.32,N,0
40.4915,-121.14001,298.16,0.54,0.42,2021-08-19,937,N,VIIRS,n,2,279.22,1.1,N,0
40.49174,-121.32879,312.88,0.55,0.42,2021-08-19,937,N,VIIRS,n,2,281.63,6.67,N,0
40.49321,-121.38096,339.47,0.55,0.43,2021-08-19,937,N,VIIRS,n,2,285.86,9.97,N,0
40.49404,-121.1269,308.95,0.54,0.42,2021-08-19,937,N,VIIRS,n,2,281.48,1.28,N,0
40.4943,-121.24019,300.84,0.54,0.42,2021-08-19,937,N,VIIRS,n,2,277.97,1.86,N,0
40.4944,-121.35421,303.07,0.55,0.43,2021-08-19,937,N,VIIRS,n,2,278.99,1.89,N,0
40.49472,-121.13316,303.35,0.54,0.42,2021-08-19,937,N,VIIRS,n,2,280.5,1.37,N,0
40.49512,-121.36108,296.35,0.55,0.43,2021-08-19,937,N,VIIRS,n,2,279.79,1.89,N,0
40.49566,-121.32823,347.89,0.55,0.42,2021-08-19,937,N,VIIRS,n,2,286.02,6.67,N,0
40.49628,-121.22151,299.63,0.54,0.42,2021-08-19,937,N,VIIRS,n,2,279.4,1.51,N,0
40.49648,-121.37406,298.28,0.55,0.43,2021-08-19,937,N,VIIRS,n,2,280.05,1.85,N,0
40.49712,-121.38025,331.23,0.55,0.43,2021-08-19,937,N,VIIRS,n,2,283.9,3.16,N,0
40.49832,-121.35353,326.92,0.55,0.43,2021-08-19,937,N,VIIRS,n,2,280.07,1.89,N,0
40.49904,-121.36038,306.75,0.55,0.43,2021-08-19,937,N,VIIRS,n,2,281.94,1.89,N,0
40.49959,-121.32775,340.89,0.55,0.42,2021-08-19,937,N,VIIRS,n,2,284.78,4.7,N,0
40.49974,-121.36707,302.13,0.55,0.43,2021-08-19,937,N,VIIRS,n,2,282.67,1.85,N,0
40.50001,-121.29401,337.38,0.54,0.42,2021-08-19,937,N,VIIRS,n,2,286.03,17.57,N,0
40.50017,-121.22083,309.11,0.54,0.42,2021-08-19,937,N,VIIRS,n,2,279.95,1.51,N,0
40.5004,-121.37342,316.15,0.55,0.43,2021-08-19,937,N,VIIRS,n,2,284.06,1.85,N,0
40.50105,-121.37956,303.86,0.55,0.43,2021-08-19,937,N,VIIRS,n,2,281.66,3.16,N,0
40.50295,-121.35972,305.23,0.55,0.43,2021-08-19,937,N,VIIRS,n,2,279.03,1.61,N,0
40.50318,-121.2864,295.14,0.54,0.42,2021-08-19,937,N,VIIRS,n,2,278.37,0.98,N,0
40.50352,-121.32725,313.68,0.55,0.42,2021-08-19,937,N,VIIRS,n,2,281.59,4.7,N,0
40.50423,-121.25887,299.08,0.54,0.42,2021-08-19,937,N,VIIRS,n,2,279.32,0.72,N,0
40.50681,-121.32062,309.4,0.55,0.42,2021-08-19,937,N,VIIRS,n,2,279.26,2.81,N,0
40.50694,-121.39769,296.55,0.55,0.43,2021-08-19,937,N,VIIRS,n,2,279.15,0.83,N,0
40.50713,-121.28612,314.03,0.54,0.42,2021-08-19,937,N,VIIRS,n,2,278.62,0.98,N,0
40.50743,-121.32655,314.87,0.55,0.42,2021-08-19,937,N,VIIRS,n,2,280.8,1.52,N,0
40.50813,-121.25829,301.2,0.54,0.42,2021-08-19,937,N,VIIRS,n,2,279.34,1.38,N,0
40.50863,-121.22578,306.06,0.54,0.42,2021-08-19,937,N,VIIRS,n,2,279.06,2.42,N,0
40.51133,-121.25106,298.09,0.54,0.42,2021-08-19,937,N,VIIRS,n,2,278.54,1.45,N,0
40.51253,-121.2252,297.74,0.54,0.42,2021-08-19,937,N,VIIRS,n,2,278.76,1.14,N,0
40.51524,-121.25056,296.68,0.54,0.42,2021-08-19,937,N,VIIRS,n,2,278.93,1.26,N,0
40.51575,-121.21831,300.65,0.54,0.42,2021-08-19,937,N,VIIRS,n,2,279.36,1.14,N,0
40.51827,-121.20494,297.06,0.54,0.42,2021-08-19,937,N,VIIRS,n,2,278.41,3.82,N,0
40.51896,-121.2113,340.99,0.54,0.42,2021-08-19,937,N,VIIRS,n,2,285.1,3.82,N,0
40.52038,-121.29848,320.21,0.55,0.42,2021-08-19,937,N,VIIRS,n,2,282.03,4.96,N,0
40.52109,-121.30515,311.69,0.55,0.42,2021-08-19,937,N,VIIRS,n,2,281.13,4.96,N,3
40.52285,-121.21062,322.35,0.54,0.42,2021-08-19,937,N,VIIRS,n,2,281.93,3.82,N,0
40.52428,-121.29772,345.74,0.55,0.42,2021-08-19,937,N,VIIRS,n,2,284.66,4.96,N,0
40.52448,-121.26257,296.07,0.54,0.42,2021-08-19,937,N,VIIRS,n,2,278.42,1.25,N,0
40.52498,-121.30432,329.24,0.55,0.42,2021-08-19,937,N,VIIRS,n,2,282.04,4.96,N,3
40.52817,-121.29694,341.15,0.55,0.42,2021-08-19,937,N,VIIRS,n,2,283.15,5.46,N,0
40.52911,-121.26868,312.15,0.54,0.42,2021-08-19,937,N,VIIRS,n,2,279.13,2.09,N,0
40.53065,-121.28297,309.8,0.54,0.42,2021-08-19,937,N,VIIRS,n,2,281.55,7.2,N,0
40.53137,-121.28965,354.84,0.54,0.42,2021-08-19,937,N,VIIRS,n,2,287.54,7.2,N,0
40.5316,-121.25494,309.78,0.54,0.42,2021-08-19,937,N,VIIRS,n,2,279.83,1.81,N,0
40.53208,-121.29625,310.32,0.55,0.42,2021-08-19,937,N,VIIRS,n,2,280.4,5.46,N,3
40.53231,-121.26155,302.08,0.54,0.42,2021-08-19,937,N,VIIRS,n,2,278.54,1.81,N,0
40.53456,-121.28239,345.75,0.54,0.42,2021-08-19,937,N,VIIRS,n,2,285.57,6.84,N,0
40.53528,-121.28904,335.73,0.54,0.42,2021-08-19,937,N,VIIRS,n,2,285.25,6.84,N,0
40.5355,-121.25424,314,0.54,0.42,2021-08-19,937,N,VIIRS,n,2,282.15,1.81,N,0
40.53622,-121.26096,302.81,0.54,0.42,2021-08-19,937,N,VIIRS,n,2,283.18,1.81,N,0
40.53848,-121.2818,338.12,0.54,0.42,2021-08-19,937,N,VIIRS,n,2,284.16,6.84,N,0
40.53939,-121.25356,304.9,0.54,0.42,2021-08-19,937,N,VIIRS,n,2,279.71,1.6,N,0
40.54161,-121.27396,296.34,0.54,0.42,2021-08-19,937,N,VIIRS,n,2,281.09,3.05,N,0
40.54239,-121.2812,319.6,0.54,0.42,2021-08-19,937,N,VIIRS,n,2,281.68,3.95,N,0
40.54329,-121.25288,297.51,0.54,0.42,2021-08-19,937,N,VIIRS,n,2,279.17,1.6,N,0
40.54628,-121.28039,327.87,0.54,0.42,2021-08-19,937,N,VIIRS,n,2,284.44,3.95,N,0
41.41051,-121.90567,307.25,0.71,0.75,2021-08-19,1116,N,VIIRS,n,2,281.81,2.67,N,0
41.41709,-121.90225,330.1,0.71,0.75,2021-08-19,1116,N,VIIRS,n,2,284.61,5.52,N,0
41.42103,-121.89112,304.49,0.71,0.75,2021-08-19,1116,N,VIIRS,n,2,281.35,5.07,N,0
41.42368,-121.8989,312.77,0.71,0.75,2021-08-19,1116,N,VIIRS,n,2,282.93,5.52,N,0
41.45028,-121.90894,303.66,0.71,0.75,2021-08-19,1116,N,VIIRS,n,2,281.41,2.49,N,0
41.45033,-121.91335,306.46,0.71,0.75,2021-08-19,1116,N,VIIRS,n,2,281.55,2.8,N,0
41.45299,-121.89413,300.85,0.71,0.75,2021-08-19,1116,N,VIIRS,n,2,282.2,2.31,N,0
41.45304,-121.89874,297.35,0.71,0.75,2021-08-19,1116,N,VIIRS,n,2,281.83,3.52,N,0
41.45364,-121.91888,306.81,0.71,0.75,2021-08-19,1116,N,VIIRS,n,2,280.88,2.49,N,0
41.45444,-121.94773,295.22,0.71,0.75,2021-08-19,1116,N,VIIRS,n,2,279.53,1.25,N,0
41.45755,-121.95325,308.35,0.71,0.75,2021-08-19,1116,N,VIIRS,n,2,279.56,2.09,N,0
41.45928,-121.88988,317.8,0.71,0.75,2021-08-19,1116,N,VIIRS,n,2,282.57,3.09,N,0
41.45934,-121.89456,326.1,0.71,0.75,2021-08-19,1116,N,VIIRS,n,2,283.5,3.52,N,0
41.46308,-121.90112,297.18,0.71,0.75,2021-08-19,1116,N,VIIRS,n,2,281.14,5.09,N,0
41.46443,-121.9543,300.22,0.7,0.75,2021-08-19,1116,N,VIIRS,n,2,280.35,1.25,N,0
41.46574,-121.88612,303.68,0.71,0.75,2021-08-19,1116,N,VIIRS,n,2,281.71,3.09,N,0
41.4659,-121.89112,297.19,0.71,0.75,2021-08-19,1116,N,VIIRS,n,2,281.3,5.81,N,0
41.46928,-121.87836,325.56,0.71,0.75,2021-08-19,1116,N,VIIRS,n,2,282.45,8.58,N,0
41.46933,-121.87389,313.04,0.71,0.75,2021-08-19,1116,N,VIIRS,n,2,281.9,7.77,N,0
41.47296,-121.88912,342.63,0.71,0.75,2021-08-19,1116,N,VIIRS,n,2,285.23,5.81,N,0
41.47297,-121.8847,343.88,0.71,0.75,2021-08-19,1116,N,VIIRS,n,2,285.78,7.77,N,0
41.47361,-121.93233,296.53,0.71,0.75,2021-08-19,1116,N,VIIRS,n,2,279.89,1.57,N,0
41.47398,-121.93714,305.03,0.71,0.75,2021-08-19,1116,N,VIIRS,n,2,280.32,1.82,N,0
41.47607,-121.87096,313.25,0.71,0.75,2021-08-19,1116,N,VIIRS,n,2,281.29,7.77,N,0
41.47655,-121.87701,341.42,0.71,0.75,2021-08-19,1116,N,VIIRS,n,2,283.1,11.35,N,0
41.47682,-121.94188,302.17,0.71,0.75,2021-08-19,1116,N,VIIRS,n,2,280.05,2.96,N,0
41.47695,-121.94577,300.14,0.7,0.75,2021-08-19,1116,N,VIIRS,n,2,279.7,1.82,N,0
41.47737,-121.89777,318.5,0.71,0.75,2021-08-19,1116,N,VIIRS,n,2,281.15,15.68,N,0
41.47771,-121.90295,303.19,0.71,0.75,2021-08-19,1116,N,VIIRS,n,2,279.84,5.81,N,0
41.47956,-121.94998,300.68,0.7,0.75,2021-08-19,1116,N,VIIRS,n,2,279.94,2.96,N,0
41.47976,-121.95397,302.08,0.7,0.75,2021-08-19,1116,N,VIIRS,n,2,279.94,2.22,N,0
41.48053,-121.88423,340.64,0.71,0.75,2021-08-19,1116,N,VIIRS,n,2,283.91,7.77,N,0
41.48057,-121.88874,331.7,0.71,0.75,2021-08-19,1116,N,VIIRS,n,2,283.31,14.45,N,0
41.48955,-122.00495,303.71,0.7,0.75,2021-08-19,1116,N,VIIRS,n,2,279.69,2.63,N,0
41.48965,-122.00272,305.34,0.7,0.75,2021-08-19,1116,N,VIIRS,n,2,279.33,2.41,N,0
40.03441,-120.79196,335.59,0.38,0.36,2021-08-19,2059,N,VIIRS,n,2,295.79,5.5,D,0
40.03508,-120.78751,341.42,0.38,0.36,2021-08-19,2059,N,VIIRS,n,2,299.94,17.76,D,0
40.05944,-120.78442,331.69,0.38,0.36,2021-08-19,2059,N,VIIRS,n,2,294.77,11.24,D,0
40.05962,-120.73806,348.38,0.38,0.36,2021-08-19,2059,N,VIIRS,n,2,297.74,8.97,D,0
40.0603,-120.7336,367,0.38,0.36,2021-08-19,2059,N,VIIRS,h,2,304.76,8.97,D,0
40.06097,-120.72911,367,0.38,0.36,2021-08-19,2059,N,VIIRS,h,2,305.05,15.81,D,0
40.06224,-120.74336,348.04,0.38,0.36,2021-08-19,2059,N,VIIRS,n,2,298.37,7.38,D,0
40.06272,-120.78527,342.17,0.38,0.36,2021-08-19,2059,N,VIIRS,n,2,302.15,11.24,D,0
40.0629,-120.73891,351.13,0.38,0.36,2021-08-19,2059,N,VIIRS,n,2,299.03,8.97,D,0
40.0634,-120.7808,333.38,0.38,0.36,2021-08-19,2059,N,VIIRS,n,2,298.42,11.24,D,0
40.06425,-120.72999,334.42,0.38,0.36,2021-08-19,2059,N,VIIRS,n,2,300.44,15.81,D,0
40.06485,-120.74866,367,0.38,0.36,2021-08-19,2059,N,VIIRS,h,2,305.17,30.81,D,0
40.06493,-120.72552,348.22,0.38,0.36,2021-08-19,2059,N,VIIRS,n,2,303.2,15.81,D,0
40.06553,-120.74419,355.27,0.38,0.36,2021-08-19,2059,N,VIIRS,n,2,302.27,30.81,D,0
40.0656,-120.72104,347.39,0.38,0.36,2021-08-19,2059,N,VIIRS,n,2,299.71,3.56,D,0
40.06609,-120.76295,348.25,0.38,0.36,2021-08-19,2059,N,VIIRS,n,2,295.44,5.9,D,0
40.06619,-120.73974,332.67,0.38,0.36,2021-08-19,2059,N,VIIRS,n,2,296.25,6.45,D,0
40.06628,-120.71658,343.79,0.38,0.36,2021-08-19,2059,N,VIIRS,n,2,298.72,3.56,D,0
40.06667,-120.78168,333.08,0.38,0.36,2021-08-19,2059,N,VIIRS,n,2,293.37,9.85,D,0
40.06677,-120.75847,333.26,0.38,0.36,2021-08-19,2059,N,VIIRS,n,2,294.07,16.36,D,0
40.06746,-120.75397,337.92,0.38,0.36,2021-08-19,2059,N,VIIRS,n,2,307.94,16.36,D,0
40.06802,-120.77274,331,0.38,0.36,2021-08-19,2059,N,VIIRS,n,2,293.95,4.21,D,0
40.06814,-120.7495,367,0.38,0.36,2021-08-19,2059,N,VIIRS,l,2,333.68,30.81,D,0
40.06869,-120.76829,348.74,0.38,0.36,2021-08-19,2059,N,VIIRS,n,2,314.94,18.62,D,0
40.06881,-120.74503,367,0.38,0.36,2021-08-19,2059,N,VIIRS,h,2,306.72,30.81,D,0
40.06937,-120.76381,351.69,0.38,0.36,2021-08-19,2059,N,VIIRS,n,2,300.88,18.62,D,0
40.06948,-120.74057,353.99,0.38,0.36,2021-08-19,2059,N,VIIRS,n,2,301.4,6.45,D,0
40.06955,-120.71746,346.41,0.38,0.36,2021-08-19,2059,N,VIIRS,n,2,308.54,24.59,D,0
40.07005,-120.75933,355.3,0.38,0.36,2021-08-19,2059,N,VIIRS,n,2,300.99,16.03,D,0
40.07074,-120.75484,352.55,0.38,0.36,2021-08-19,2059,N,VIIRS,n,2,304.69,16.03,D,0
40.0713,-120.77361,331.7,0.38,0.36,2021-08-19,2059,N,VIIRS,n,2,296.09,4.21,D,0
40.07197,-120.76913,352.14,0.38,0.36,2021-08-19,2059,N,VIIRS,n,2,299.32,18.62,D,0
40.07209,-120.74587,356.55,0.38,0.36,2021-08-19,2059,N,VIIRS,n,2,307.81,39.02,D,0
40.07265,-120.76467,335.84,0.38,0.36,2021-08-19,2059,N,VIIRS,n,2,297.44,18.62,D,0
40.07277,-120.74142,350.63,0.38,0.36,2021-08-19,2059,N,VIIRS,n,2,318.59,25.6,D,0
40.07333,-120.76019,331.83,0.38,0.36,2021-08-19,2059,N,VIIRS,n,2,293.9,16.03,D,0
40.07343,-120.73697,337.92,0.38,0.36,2021-08-19,2059,N,VIIRS,n,2,295.69,25.6,D,0
40.07401,-120.7557,331.7,0.38,0.36,2021-08-19,2059,N,VIIRS,n,2,294.95,16.03,D,0
40.07458,-120.77445,331.67,0.38,0.36,2021-08-19,2059,N,VIIRS,n,2,296.17,4.95,D,0
40.0747,-120.75121,335.99,0.38,0.36,2021-08-19,2059,N,VIIRS,n,2,295.54,39.02,D,0
40.07525,-120.76998,341.93,0.38,0.36,2021-08-19,2059,N,VIIRS,n,2,297.72,12.14,D,0
40.07538,-120.74672,341.3,0.38,0.36,2021-08-19,2059,N,VIIRS,n,2,296.27,39.02,D,0
40.07605,-120.74226,352.26,0.38,0.36,2021-08-19,2059,N,VIIRS,n,2,316.18,25.6,D,0
40.07672,-120.7378,346.08,0.38,0.36,2021-08-19,2059,N,VIIRS,n,2,307.83,25.6,D,0
40.07743,-120.71027,356.34,0.38,0.36,2021-08-19,2059,N,VIIRS,n,2,303.02,20.95,D,0
40.07786,-120.77528,335.76,0.38,0.36,2021-08-19,2059,N,VIIRS,n,2,296.72,4.95,D,0
40.07854,-120.77083,351.59,0.38,0.36,2021-08-19,2059,N,VIIRS,n,2,297.16,12.14,D,0
40.07933,-120.7431,344.11,0.38,0.36,2021-08-19,2059,N,VIIRS,n,2,298.69,24.81,D,0
40.08,-120.73865,350.31,0.38,0.36,2021-08-19,2059,N,VIIRS,n,2,315.82,24.81,D,0
40.08028,-121.09025,348.95,0.38,0.36,2021-08-19,2059,N,VIIRS,n,2,297.28,7.19,D,0
40.08067,-120.73421,334.15,0.38,0.36,2021-08-19,2059,N,VIIRS,n,2,296.98,10.16,D,0
40.0807,-120.71117,342.3,0.38,0.36,2021-08-19,2059,N,VIIRS,n,2,309.82,20.95,D,0
40.08329,-120.73949,354.39,0.38,0.36,2021-08-19,2059,N,VIIRS,n,2,311.73,24.81,D,0
40.08331,-120.71646,336.21,0.38,0.36,2021-08-19,2059,N,VIIRS,n,2,294.57,22.63,D,0
40.08395,-120.73505,354.11,0.38,0.36,2021-08-19,2059,N,VIIRS,n,2,302.9,10.16,D,0
40.08398,-120.712,344.5,0.38,0.36,2021-08-19,2059,N,VIIRS,n,2,319.13,22.63,D,0
40.08522,-120.76682,341.87,0.38,0.36,2021-08-19,2059,N,VIIRS,n,2,295.87,4.28,D,0
40.08531,-120.74357,342.82,0.38,0.36,2021-08-19,2059,N,VIIRS,n,2,299.09,12.83,D,0
40.0859,-120.76234,347.61,0.38,0.36,2021-08-19,2059,N,VIIRS,n,2,301.15,18.97,D,0
40.08598,-120.7391,355.32,0.38,0.36,2021-08-19,2059,N,VIIRS,n,2,308.55,12.83,D,0
40.08657,-120.75787,367,0.38,0.36,2021-08-19,2059,N,VIIRS,h,2,311.96,18.97,D,0
40.08659,-120.71731,340.08,0.38,0.36,2021-08-19,2059,N,VIIRS,n,2,298.66,22.63,D,0
40.08665,-120.73466,352.83,0.38,0.36,2021-08-19,2059,N,VIIRS,n,2,300.26,5.6,D,0
40.08725,-120.75337,367,0.38,0.36,2021-08-19,2059,N,VIIRS,h,2,310.34,16.57,D,0
40.08783,-120.7721,354.1,0.38,0.36,2021-08-19,2059,N,VIIRS,n,2,299.44,15.84,D,0
40.08792,-120.74888,345.89,0.38,0.36,2021-08-19,2059,N,VIIRS,n,2,300.49,16.57,D,0
40.08851,-120.76765,348.01,0.38,0.36,2021-08-19,2059,N,VIIRS,n,2,303.61,15.84,D,0
40.08919,-120.76319,356.38,0.38,0.36,2021-08-19,2059,N,VIIRS,n,2,303.4,16.27,D,0
40.08927,-120.73994,342.36,0.38,0.36,2021-08-19,2059,N,VIIRS,n,2,298.47,12.83,D,0
40.08934,-120.71694,348.47,0.38,0.36,2021-08-19,2059,N,VIIRS,n,2,298.43,14.5,D,0
40.08986,-120.75871,367,0.38,0.36,2021-08-19,2059,N,VIIRS,h,2,304.48,16.27,D,0
40.08994,-120.7355,334.06,0.38,0.36,2021-08-19,2059,N,VIIRS,n,2,297.91,5.6,D,0
40.0912,-120.74976,341.15,0.38,0.36,2021-08-19,2059,N,VIIRS,n,2,298.06,40.39,D,0
40.09134,-121.10709,341.5,0.38,0.36,2021-08-19,2059,N,VIIRS,n,2,299.04,5.98,D,0
40.09247,-120.76403,356.79,0.38,0.36,2021-08-19,2059,N,VIIRS,n,2,311.61,16.27,D,0
40.09256,-121.12137,349.34,0.38,0.36,2021-08-19,2059,N,VIIRS,n,2,300.66,23.76,D,0
40.09262,-120.71776,337.49,0.38,0.36,2021-08-19,2059,N,VIIRS,n,2,295.04,14.5,D,0
40.09314,-120.75956,367,0.38,0.36,2021-08-19,2059,N,VIIRS,h,2,306.87,16.27,D,0
40.09325,-121.11691,341.12,0.38,0.36,2021-08-19,2059,N,VIIRS,n,2,297.54,8.81,D,0
40.0933,-120.71331,355.76,0.38,0.36,2021-08-19,2059,N,VIIRS,n,2,308.98,14.5,D,0
40.09382,-120.75507,348.52,0.38,0.36,2021-08-19,2059,N,VIIRS,n,2,299.67,40.39,D,0
40.09463,-121.10797,367,0.38,0.36,2021-08-19,2059,N,VIIRS,h,2,300.57,5.98,D,0
40.09575,-120.76488,353.42,0.38,0.36,2021-08-19,2059,N,VIIRS,n,2,307.41,21.29,D,0
40.09585,-121.12225,333.56,0.38,0.36,2021-08-19,2059,N,VIIRS,n,2,299.37,3.81,D,0
40.09643,-120.76039,355.82,0.38,0.36,2021-08-19,2059,N,VIIRS,n,2,318.67,21.29,D,0
40.09658,-120.71416,367,0.38,0.36,2021-08-19,2059,N,VIIRS,l,2,356.9,191.84,D,0
40.0971,-120.75591,356.52,0.38,0.36,2021-08-19,2059,N,VIIRS,n,2,309.99,31.26,D,0
40.09726,-120.70969,334.78,0.38,0.36,2021-08-19,2059,N,VIIRS,n,2,299.39,49.37,D,0
40.09777,-120.75146,341.8,0.38,0.36,2021-08-19,2059,N,VIIRS,n,2,298.21,31.26,D,0
40.09791,-121.10883,341.32,0.38,0.36,2021-08-19,2059,N,VIIRS,n,2,301.2,2.83,D,0
40.09971,-120.76124,367,0.38,0.36,2021-08-19,2059,N,VIIRS,h,2,298.36,21.29,D,0
40.10038,-120.75677,347.66,0.38,0.36,2021-08-19,2059,N,VIIRS,n,2,311.1,31.26,D,0
40.10106,-120.7523,345.54,0.38,0.36,2021-08-19,2059,N,VIIRS,n,2,313.65,31.26,D,0
40.10165,-120.77101,340.56,0.38,0.36,2021-08-19,2059,N,VIIRS,n,2,309.4,52.2,D,0
40.10291,-120.7852,353.73,0.38,0.36,2021-08-19,2059,N,VIIRS,n,2,303.85,8.42,D,0
40.10315,-120.71582,341.8,0.38,0.36,2021-08-19,2059,N,VIIRS,n,2,299.48,4.74,D,0
40.10358,-120.78075,347.14,0.38,0.36,2021-08-19,2059,N,VIIRS,n,2,299.78,8.42,D,0
40.10426,-120.7763,343.66,0.38,0.36,2021-08-19,2059,N,VIIRS,n,2,299.02,52.2,D,0
40.10434,-120.75317,338.9,0.38,0.36,2021-08-19,2059,N,VIIRS,n,2,299.14,2.22,D,0
40.10493,-120.77184,352.92,0.38,0.36,2021-08-19,2059,N,VIIRS,n,2,302.24,52.2,D,0
40.10501,-120.74873,367,0.38,0.36,2021-08-19,2059,N,VIIRS,h,2,303.95,12.78,D,0
40.10552,-120.79047,333.57,0.38,0.36,2021-08-19,2059,N,VIIRS,n,2,301.9,4.35,D,0
40.1056,-120.76739,349.12,0.38,0.36,2021-08-19,2059,N,VIIRS,n,2,305.05,9.94,D,0
40.10619,-120.78603,351.65,0.38,0.36,2021-08-19,2059,N,VIIRS,n,2,302.29,9.42,D,0
40.10643,-120.71663,343.38,0.38,0.36,2021-08-19,2059,N,VIIRS,n,2,298.73,4.74,D,0
40.10813,-120.79578,337.39,0.38,0.36,2021-08-19,2059,N,VIIRS,n,2,302.07,4.35,D,0
40.10971,-120.71746,347.65,0.38,0.36,2021-08-19,2059,N,VIIRS,n,2,298.65,14.82,D,0
40.113,-120.71829,347.5,0.38,0.36,2021-08-19,2059,N,VIIRS,n,2,302.38,14.82,D,0
40.11538,-120.79299,333.3,0.38,0.36,2021-08-19,2059,N,VIIRS,n,2,302.11,5.6,D,0
40.11561,-120.72361,345.66,0.38,0.36,2021-08-19,2059,N,VIIRS,n,2,297.36,13.14,D,0
40.11605,-120.78854,367,0.38,0.36,2021-08-19,2059,N,VIIRS,h,2,300.97,6.95,D,0
40.11629,-120.71914,348.82,0.38,0.36,2021-08-19,2059,N,VIIRS,n,2,303.09,13.14,D,0
40.11672,-120.78406,336.14,0.38,0.36,2021-08-19,2059,N,VIIRS,n,2,298.85,6.95,D,0
40.11688,-120.73785,350.67,0.38,0.36,2021-08-19,2059,N,VIIRS,n,2,302.69,4.9,D,0
40.1174,-120.77959,344.2,0.38,0.36,2021-08-19,2059,N,VIIRS,n,2,299.89,2.44,D,0
40.11799,-120.79827,351.83,0.38,0.36,2021-08-19,2059,N,VIIRS,n,2,302.63,4.74,D,0
40.11807,-120.77512,334.12,0.38,0.36,2021-08-19,2059,N,VIIRS,n,2,299.53,2.44,D,0
40.11822,-120.7289,344,0.38,0.36,2021-08-19,2059,N,VIIRS,n,2,300.59,5.48,D,0
40.11866,-120.79381,345.07,0.38,0.36,2021-08-19,2059,N,VIIRS,n,2,301.7,4.74,D,0
40.11904,-120.67813,344.68,0.38,0.36,2021-08-19,2059,N,VIIRS,n,2,302.28,5.06,D,0
40.11949,-120.74316,340.65,0.38,0.36,2021-08-19,2059,N,VIIRS,n,2,301.6,3.75,D,0
40.12151,-120.72978,347.62,0.38,0.36,2021-08-19,2059,N,VIIRS,n,2,314.26,16.64,D,0
40.12165,-120.68342,338.31,0.38,0.36,2021-08-19,2059,N,VIIRS,n,2,302.24,24.56,D,0
40.12233,-120.67894,346.82,0.38,0.36,2021-08-19,2059,N,VIIRS,n,2,304.23,11.57,D,0
40.12479,-120.73063,342.75,0.38,0.36,2021-08-19,2059,N,VIIRS,n,2,306.49,16.64,D,0
40.1268,-120.71725,346.43,0.38,0.36,2021-08-19,2059,N,VIIRS,n,2,310.26,27.52,D,0
40.13459,-120.48215,334.46,0.39,0.36,2021-08-19,2059,N,VIIRS,l,2,308.61,1.26,D,0
40.14771,-120.50873,341.13,0.39,0.36,2021-08-19,2059,N,VIIRS,n,2,305.27,3.81,D,0
40.14974,-120.47204,346.71,0.39,0.36,2021-08-19,2059,N,VIIRS,n,2,310.29,4.05,D,0
40.151,-120.50956,340.21,0.39,0.36,2021-08-19,2059,N,VIIRS,n,2,305.73,3.81,D,0
40.16162,-120.43782,338.15,0.39,0.36,2021-08-19,2059,N,VIIRS,l,2,308.84,3.47,D,0
40.16356,-120.47089,339.32,0.39,0.36,2021-08-19,2059,N,VIIRS,l,2,310.46,4.73,D,0
40.16416,-120.51289,350.33,0.39,0.36,2021-08-19,2059,N,VIIRS,n,2,307.06,36.62,D,0
40.16482,-120.5084,351.9,0.39,0.36,2021-08-19,2059,N,VIIRS,n,2,315.91,36.62,D,0
40.16491,-120.43865,352.83,0.39,0.36,2021-08-19,2059,N,VIIRS,n,2,326.8,20.55,D,0
40.16544,-120.52718,345.98,0.39,0.36,2021-08-19,2059,N,VIIRS,n,2,304.89,53.51,D,0
40.1682,-120.4395,344.7,0.39,0.36,2021-08-19,2059,N,VIIRS,n,2,310.4,20.55,D,0
40.16878,-120.50475,367,0.39,0.36,2021-08-19,2059,N,VIIRS,h,2,309.67,22.45,D,0
40.16887,-120.43501,346.88,0.39,0.36,2021-08-19,2059,N,VIIRS,n,2,314.72,20.55,D,0
40.1694,-120.52351,347.64,0.39,0.36,2021-08-19,2059,N,VIIRS,l,2,320.05,30.85,D,0
40.17007,-120.51903,345.87,0.39,0.36,2021-08-19,2059,N,VIIRS,n,2,311.36,30.85,D,0
40.17139,-120.51009,367,0.39,0.36,2021-08-19,2059,N,VIIRS,h,2,334.39,95.18,D,0
40.17202,-120.52884,350.14,0.39,0.36,2021-08-19,2059,N,VIIRS,n,2,306.7,14.49,D,0
40.17206,-120.50558,345.55,0.39,0.36,2021-08-19,2059,N,VIIRS,n,2,320.09,22.45,D,0
40.17269,-120.52435,353.05,0.39,0.36,2021-08-19,2059,N,VIIRS,n,2,310.15,68.75,D,0
40.17339,-120.49665,343.49,0.39,0.36,2021-08-19,2059,N,VIIRS,n,2,307.03,4.37,D,0
40.17464,-120.53415,345.38,0.39,0.36,2021-08-19,2059,N,VIIRS,n,2,307.87,14.49,D,0
40.17535,-120.50641,356.31,0.39,0.36,2021-08-19,2059,N,VIIRS,n,2,316.5,20.17,D,0
40.17537,-120.48327,352.17,0.39,0.36,2021-08-19,2059,N,VIIRS,n,2,312.03,7.18,D,0
40.17726,-120.53947,349.02,0.39,0.36,2021-08-19,2059,N,VIIRS,n,2,308.88,12.48,D,0
40.17731,-120.51623,350.57,0.39,0.36,2021-08-19,2059,N,VIIRS,n,2,310.57,10.21,D,0
40.17797,-120.51173,353.77,0.39,0.36,2021-08-19,2059,N,VIIRS,n,2,307.69,10.21,D,0
40.17856,-120.55369,342.82,0.39,0.36,2021-08-19,2059,N,VIIRS,n,2,301.57,5.84,D,0
40.17864,-120.50723,355.78,0.39,0.36,2021-08-19,2059,N,VIIRS,n,2,315,20.17,D,0
40.17866,-120.4841,348.64,0.39,0.36,2021-08-19,2059,N,VIIRS,n,2,310.64,6.98,D,0
40.17926,-120.52602,349.75,0.39,0.36,2021-08-19,2059,N,VIIRS,n,2,308.48,9,D,0
40.17931,-120.50275,345.87,0.39,0.36,2021-08-19,2059,N,VIIRS,n,2,312.99,20.17,D,0
40.17993,-120.52155,367,0.39,0.36,2021-08-19,2059,N,VIIRS,h,2,310.23,9,D,0
40.18,-120.47508,340.02,0.39,0.36,2021-08-19,2059,N,VIIRS,n,2,306.38,6.83,D,0
40.18193,-120.50806,348.94,0.39,0.36,2021-08-19,2059,N,VIIRS,n,2,312.24,7.82,D,0
40.18251,-120.55006,352.89,0.39,0.36,2021-08-19,2059,N,VIIRS,n,2,304.09,11.81,D,0
40.18521,-120.5089,367,0.39,0.36,2021-08-19,2059,N,VIIRS,h,2,313.5,7.82,D,0
40.18645,-120.54646,351.04,0.39,0.36,2021-08-19,2059,N,VIIRS,n,2,309.09,17.37,D,0
40.18657,-120.72787,352.25,0.38,0.36,2021-08-19,2059,N,VIIRS,n,2,322.1,71.67,D,0
40.18851,-120.50973,343.68,0.39,0.36,2021-08-19,2059,N,VIIRS,n,2,312.93,9.12,D,0
40.18908,-120.55176,352,0.39,0.36,2021-08-19,2059,N,VIIRS,n,2,313.91,39.44,D,0
40.18974,-120.54729,352.22,0.39,0.36,2021-08-19,2059,N,VIIRS,n,2,313.77,35.18,D,0
40.19262,-120.68761,338.82,0.38,0.36,2021-08-19,2059,N,VIIRS,l,2,311.94,6.67,D,0
40.19303,-120.54814,347.89,0.39,0.36,2021-08-19,2059,N,VIIRS,n,2,316.51,35.18,D,0
40.19447,-120.46946,351.76,0.39,0.36,2021-08-19,2059,N,VIIRS,l,2,322.4,27.17,D,0
40.19514,-120.46497,343.34,0.39,0.36,2021-08-19,2059,N,VIIRS,n,2,312.5,13.59,D,0
40.19657,-120.43233,346.8,0.39,0.36,2021-08-19,2059,N,VIIRS,n,2,309.65,11.42,D,0
40.1971,-120.47478,345.74,0.39,0.36,2021-08-19,2059,N,VIIRS,n,2,307.81,27.17,D,0
40.19972,-120.48011,337.39,0.39,0.36,2021-08-19,2059,N,VIIRS,l,2,310.63,5.68,D,0
40.19986,-120.43316,348.48,0.39,0.36,2021-08-19,2059,N,VIIRS,n,2,310.48,8.02,D,0
40.20027,-120.54534,367,0.39,0.36,2021-08-19,2059,N,VIIRS,h,2,305.09,66.79,D,0
40.20039,-120.47562,348.19,0.39,0.36,2021-08-19,2059,N,VIIRS,n,2,310.75,16.45,D,0
40.20335,-120.63899,341.54,0.38,0.36,2021-08-19,2059,N,VIIRS,l,2,315.56,5.41,D,0
40.20383,-120.42942,345.13,0.39,0.36,2021-08-19,2059,N,VIIRS,n,2,318.1,23.16,D,0
40.20422,-120.54169,367,0.39,0.36,2021-08-19,2059,N,VIIRS,h,2,305.63,43.13,D,0
40.2108,-120.54334,367,0.39,0.36,2021-08-19,2059,N,VIIRS,l,2,325.06,32.75,D,0
40.21146,-120.53886,350.71,0.39,0.36,2021-08-19,2059,N,VIIRS,n,2,314.66,32.75,D,0
40.21403,-120.56744,345.26,0.39,0.36,2021-08-19,2059,N,VIIRS,n,2,301.95,3,D,0
40.21475,-120.5397,349.96,0.39,0.36,2021-08-19,2059,N,VIIRS,n,2,305.04,32.75,D,0
40.21804,-120.54053,348.3,0.39,0.36,2021-08-19,2059,N,VIIRS,n,2,307.35,17.56,D,0
40.2187,-120.53605,350.62,0.39,0.36,2021-08-19,2059,N,VIIRS,n,2,314.13,23.49,D,0
40.21877,-121.03127,341.4,0.38,0.36,2021-08-19,2059,N,VIIRS,n,2,300.56,3.48,D,0
40.22848,-120.53634,347.07,0.39,0.36,2021-08-19,2059,N,VIIRS,n,2,307.53,19.31,D,0
40.22915,-120.53185,346.11,0.39,0.36,2021-08-19,2059,N,VIIRS,n,2,306.91,19.31,D,0
40.2331,-120.52817,355.24,0.39,0.36,2021-08-19,2059,N,VIIRS,n,2,303.46,13.42,D,0
40.23838,-120.51549,355.74,0.39,0.36,2021-08-19,2059,N,VIIRS,n,2,310.01,13.02,D,0
40.24496,-120.51714,343.51,0.39,0.36,2021-08-19,2059,N,VIIRS,n,2,303.97,10.25,D,0
40.25154,-120.51875,367,0.39,0.36,2021-08-19,2059,N,VIIRS,h,2,336.15,152.1,D,0
40.25222,-120.51419,352.25,0.39,0.36,2021-08-19,2059,N,VIIRS,n,2,305.17,21.82,D,0
40.27199,-120.90558,347.47,0.38,0.36,2021-08-19,2059,N,VIIRS,n,2,299.11,6.97,D,0
40.29897,-120.92535,337.25,0.38,0.36,2021-08-19,2059,N,VIIRS,n,2,301.24,22.67,D,0
40.30225,-120.9262,348.72,0.38,0.36,2021-08-19,2059,N,VIIRS,n,2,299.65,7.92,D,0
40.30293,-120.92175,332.16,0.38,0.36,2021-08-19,2059,N,VIIRS,n,2,296.07,7.92,D,0
40.30564,-120.90387,333.47,0.38,0.36,2021-08-19,2059,N,VIIRS,n,2,295.46,6.82,D,0
40.30621,-121.51758,340.12,0.38,0.36,2021-08-19,2059,N,VIIRS,n,2,299.28,9.41,D,0
40.30692,-121.51309,351.27,0.38,0.36,2021-08-19,2059,N,VIIRS,n,2,301.42,11.68,D,0
40.30757,-120.91367,341.81,0.38,0.36,2021-08-19,2059,N,VIIRS,n,2,296.24,9.06,D,0
40.30762,-121.5086,353.47,0.38,0.36,2021-08-19,2059,N,VIIRS,n,2,300.01,11.68,D,0
40.30788,-120.84405,336.41,0.38,0.36,2021-08-19,2059,N,VIIRS,n,2,293.3,3.2,D,0
40.30825,-120.90918,346.58,0.38,0.36,2021-08-19,2059,N,VIIRS,n,2,294.28,6.82,D,0
40.30879,-121.52294,367,0.38,0.36,2021-08-19,2059,N,VIIRS,h,2,298.62,9.41,D,0
40.30949,-121.51845,353.4,0.38,0.36,2021-08-19,2059,N,VIIRS,n,2,300.98,9.41,D,0
40.3102,-121.51398,350.89,0.38,0.36,2021-08-19,2059,N,VIIRS,n,2,297.89,11.68,D,0
40.3109,-121.50948,354.66,0.38,0.36,2021-08-19,2059,N,VIIRS,n,2,301.75,11.68,D,0
40.31184,-120.8404,333.71,0.38,0.36,2021-08-19,2059,N,VIIRS,n,2,294.1,3.2,D,0
40.31232,-121.50046,332.92,0.38,0.36,2021-08-19,2059,N,VIIRS,n,2,292.68,7.7,D,0
40.31277,-121.51934,337.8,0.38,0.36,2021-08-19,2059,N,VIIRS,n,2,295.28,5.66,D,0
40.31347,-121.51487,333.02,0.38,0.36,2021-08-19,2059,N,VIIRS,n,2,297.09,3.59,D,0
40.31418,-121.51038,330.87,0.38,0.36,2021-08-19,2059,N,VIIRS,n,2,298.89,3.59,D,0
40.3149,-121.50585,348.89,0.38,0.36,2021-08-19,2059,N,VIIRS,n,2,298.34,9.34,D,0
40.31561,-121.50134,346.91,0.38,0.36,2021-08-19,2059,N,VIIRS,n,2,299.38,9.34,D,0
40.31631,-121.49683,355.17,0.38,0.36,2021-08-19,2059,N,VIIRS,n,2,309.03,15.17,D,0
40.31702,-121.49237,344.94,0.38,0.36,2021-08-19,2059,N,VIIRS,n,2,297.05,15.17,D,0
40.31746,-121.51125,330.66,0.38,0.36,2021-08-19,2059,N,VIIRS,n,2,298,3.59,D,0
40.31886,-121.4369,342.46,0.38,0.36,2021-08-19,2059,N,VIIRS,n,2,297.97,10.85,D,0
40.31889,-121.50222,330.02,0.38,0.36,2021-08-19,2059,N,VIIRS,n,2,295.18,9.34,D,0
40.31956,-121.43242,367,0.38,0.36,2021-08-19,2059,N,VIIRS,h,2,302.61,11.94,D,0
40.31959,-121.49771,340.17,0.38,0.36,2021-08-19,2059,N,VIIRS,n,2,299.12,15.17,D,0
40.32023,-120.87508,338.41,0.38,0.36,2021-08-19,2059,N,VIIRS,n,2,292.84,3.41,D,0
40.3203,-121.49325,355.29,0.38,0.36,2021-08-19,2059,N,VIIRS,n,2,300.81,15.17,D,0
40.32074,-121.51217,334.74,0.38,0.36,2021-08-19,2059,N,VIIRS,n,2,296.39,2.91,D,0
40.3209,-120.87061,332.18,0.38,0.36,2021-08-19,2059,N,VIIRS,n,2,293.54,3.41,D,0
40.32099,-121.48879,341.43,0.38,0.36,2021-08-19,2059,N,VIIRS,n,2,295.56,5.94,D,0
40.32215,-121.43776,354.65,0.38,0.36,2021-08-19,2059,N,VIIRS,n,2,298.66,10.85,D,0
40.32285,-121.43328,354.75,0.38,0.36,2021-08-19,2059,N,VIIRS,n,2,301.19,11.94,D,0
40.32355,-121.42879,352.65,0.38,0.36,2021-08-19,2059,N,VIIRS,n,2,301.03,11.94,D,0
40.32402,-121.51304,333.13,0.38,0.36,2021-08-19,2059,N,VIIRS,n,2,294.76,2.91,D,0
40.32418,-120.87145,332.31,0.38,0.36,2021-08-19,2059,N,VIIRS,n,2,294.24,7.19,D,0
40.3243,-121.09488,351.06,0.38,0.36,2021-08-19,2059,N,VIIRS,n,2,307.05,8.51,D,0
40.32449,-121.46645,333.1,0.38,0.36,2021-08-19,2059,N,VIIRS,n,2,295.7,4.66,D,0
40.32468,-121.13687,330.23,0.38,0.36,2021-08-19,2059,N,VIIRS,l,2,302.45,3.06,D,0
40.32473,-121.50852,346.6,0.38,0.36,2021-08-19,2059,N,VIIRS,n,2,299.62,10.61,D,0
40.32473,-121.44312,347.12,0.38,0.36,2021-08-19,2059,N,VIIRS,n,2,300.4,9.4,D,0
40.32486,-120.86699,353.52,0.38,0.36,2021-08-19,2059,N,VIIRS,n,2,298.32,7.6,D,0
40.32498,-121.0904,345.37,0.38,0.36,2021-08-19,2059,N,VIIRS,n,2,305.83,5.69,D,0
40.32519,-121.46194,367,0.38,0.36,2021-08-19,2059,N,VIIRS,h,2,305.48,9.66,D,0
40.32543,-121.43863,345.16,0.38,0.36,2021-08-19,2059,N,VIIRS,n,2,296.95,9.4,D,0
40.32552,-121.10917,336.66,0.38,0.36,2021-08-19,2059,N,VIIRS,l,2,309.16,1.99,D,0
40.3259,-121.45746,336.13,0.38,0.36,2021-08-19,2059,N,VIIRS,n,2,297.86,9.66,D,0
40.32611,-120.88123,340.09,0.38,0.36,2021-08-19,2059,N,VIIRS,n,2,291.87,5.84,D,0
40.32613,-121.43414,353.5,0.38,0.36,2021-08-19,2059,N,VIIRS,n,2,300.5,10.74,D,0
40.32683,-121.42966,331.7,0.38,0.36,2021-08-19,2059,N,VIIRS,n,2,299.62,10.74,D,0
40.32731,-121.44846,351.93,0.38,0.36,2021-08-19,2059,N,VIIRS,n,2,300.58,14.38,D,0
40.32753,-121.42519,340.11,0.38,0.36,2021-08-19,2059,N,VIIRS,n,2,298.78,5.94,D,0
40.32796,-121.13773,346.88,0.38,0.36,2021-08-19,2059,N,VIIRS,n,2,305.67,3.06,D,0
40.32801,-121.50944,352.06,0.38,0.36,2021-08-19,2059,N,VIIRS,n,2,302.64,10.85,D,0
40.32814,-120.86784,348.25,0.38,0.36,2021-08-19,2059,N,VIIRS,n,2,294.31,7.6,D,0
40.32823,-121.42072,346.66,0.38,0.36,2021-08-19,2059,N,VIIRS,n,2,298.05,5.94,D,0
40.32848,-121.46281,354.09,0.38,0.36,2021-08-19,2059,N,VIIRS,n,2,301.11,27.64,D,0
40.32865,-121.13326,334.89,0.38,0.36,2021-08-19,2059,N,VIIRS,n,2,302.22,3.06,D,0
40.32871,-121.43949,356.96,0.38,0.36,2021-08-19,2059,N,VIIRS,n,2,301.54,9.4,D,0
40.32872,-121.5049,338.51,0.38,0.36,2021-08-19,2059,N,VIIRS,n,2,300.48,10.85,D,0
40.3288,-121.11002,347.07,0.38,0.36,2021-08-19,2059,N,VIIRS,n,2,303.3,7.83,D,0
40.32882,-120.86338,350.11,0.38,0.36,2021-08-19,2059,N,VIIRS,n,2,296.38,7.6,D,0
40.32885,-121.19856,351.34,0.38,0.36,2021-08-19,2059,N,VIIRS,n,2,308.13,12.98,D,0
40.32895,-121.08678,342.49,0.38,0.36,2021-08-19,2059,N,VIIRS,n,2,308.47,5.69,D,0
40.32919,-121.45831,334.99,0.38,0.36,2021-08-19,2059,N,VIIRS,n,2,295.29,27.64,D,0
40.32941,-121.43501,367,0.38,0.36,2021-08-19,2059,N,VIIRS,h,2,303.88,10.74,D,0
40.32949,-120.8589,337.76,0.38,0.36,2021-08-19,2059,N,VIIRS,n,2,291.74,4.97,D,0
40.32954,-121.19408,334.61,0.38,0.36,2021-08-19,2059,N,VIIRS,n,2,303.14,2.68,D,0
40.32964,-121.0823,347.9,0.38,0.36,2021-08-19,2059,N,VIIRS,n,2,306.62,6.49,D,0
40.33007,-120.87762,337.09,0.38,0.36,2021-08-19,2059,N,VIIRS,n,2,290.82,3.52,D,0
40.33017,-120.85439,346.28,0.38,0.36,2021-08-19,2059,N,VIIRS,n,2,294.57,4.97,D,0
40.33059,-121.44932,347.12,0.38,0.36,2021-08-19,2059,N,VIIRS,n,2,298.31,20.23,D,0
40.33105,-121.46819,355.29,0.38,0.36,2021-08-19,2059,N,VIIRS,n,2,307.54,30.15,D,0
40.33151,-121.42159,346.39,0.38,0.36,2021-08-19,2059,N,VIIRS,n,2,299.25,5.94,D,0
40.33154,-121.09212,334.12,0.38,0.36,2021-08-19,2059,N,VIIRS,n,2,303.56,2.61,D,0
40.33176,-121.46367,351.24,0.38,0.36,2021-08-19,2059,N,VIIRS,n,2,311.48,27.64,D,0
40.33192,-121.13412,332.93,0.38,0.36,2021-08-19,2059,N,VIIRS,l,2,304.48,1.59,D,0
40.33199,-121.44037,354.65,0.38,0.36,2021-08-19,2059,N,VIIRS,n,2,301.25,9.11,D,0
40.332,-121.50578,342.81,0.38,0.36,2021-08-19,2059,N,VIIRS,n,2,300.85,10.85,D,0
40.33221,-121.41711,367,0.38,0.36,2021-08-19,2059,N,VIIRS,h,2,303.57,10.7,D,0
40.33222,-121.48255,334.96,0.38,0.36,2021-08-19,2059,N,VIIRS,n,2,296.5,6.16,D,0
40.33223,-121.08764,337.42,0.38,0.36,2021-08-19,2059,N,VIIRS,n,2,305.54,2.61,D,0
40.33246,-121.45918,350.4,0.38,0.36,2021-08-19,2059,N,VIIRS,n,2,315.99,27.64,D,0
40.33269,-121.43589,342,0.38,0.36,2021-08-19,2059,N,VIIRS,n,2,298.41,5.09,D,0
40.3329,-121.41261,347.64,0.38,0.36,2021-08-19,2059,N,VIIRS,n,2,299.9,10.7,D,0
40.33316,-121.45468,351.24,0.38,0.36,2021-08-19,2059,N,VIIRS,n,2,301.1,20.23,D,0
40.33339,-121.43142,341.3,0.38,0.36,2021-08-19,2059,N,VIIRS,n,2,298.79,5.09,D,0
40.33345,-120.85522,346.93,0.38,0.36,2021-08-19,2059,N,VIIRS,n,2,295.48,7.44,D,0
40.33362,-121.47358,345.4,0.38,0.36,2021-08-19,2059,N,VIIRS,n,2,302.5,46.63,D,0
40.33387,-121.45022,356.18,0.38,0.36,2021-08-19,2059,N,VIIRS,n,2,311.62,20.23,D,0
40.33403,-120.87399,332.81,0.38,0.36,2021-08-19,2059,N,VIIRS,n,2,288.54,3.52,D,0
40.33457,-121.44573,343.95,0.38,0.36,2021-08-19,2059,N,VIIRS,n,2,296.96,9.11,D,0
40.33504,-121.46456,367,0.38,0.36,2021-08-19,2059,N,VIIRS,l,2,336.79,55.64,D,0
40.33528,-121.50668,347.15,0.38,0.36,2021-08-19,2059,N,VIIRS,n,2,308.79,21.48,D,0
40.33574,-121.46007,355.9,0.38,0.36,2021-08-19,2059,N,VIIRS,n,2,306.91,55.64,D,0
40.33598,-121.50217,352.23,0.38,0.36,2021-08-19,2059,N,VIIRS,n,2,312.08,11.7,D,0
40.33619,-121.41347,350.36,0.38,0.36,2021-08-19,2059,N,VIIRS,n,2,302.63,15.41,D,0
40.33644,-121.45558,367,0.38,0.36,2021-08-19,2059,N,VIIRS,h,2,302.41,21.61,D,0
40.33691,-121.47445,353.41,0.38,0.36,2021-08-19,2059,N,VIIRS,n,2,306.65,46.63,D,0
40.33711,-121.14478,331.3,0.38,0.36,2021-08-19,2059,N,VIIRS,n,2,303.43,0.92,D,0
40.33715,-121.45109,367,0.38,0.36,2021-08-19,2059,N,VIIRS,h,2,306.37,21.61,D,0
40.33785,-121.44661,356.01,0.38,0.36,2021-08-19,2059,N,VIIRS,n,2,310.84,16.13,D,0
40.33832,-121.46545,335.4,0.38,0.36,2021-08-19,2059,N,VIIRS,n,2,300.64,55.64,D,0
40.33855,-121.44213,343.62,0.38,0.36,2021-08-19,2059,N,VIIRS,n,2,298.8,16.13,D,0
40.33926,-121.50304,352.86,0.38,0.36,2021-08-19,2059,N,VIIRS,n,2,299.37,11.7,D,0
40.33949,-121.4798,354.92,0.38,0.36,2021-08-19,2059,N,VIIRS,n,2,304.11,13.02,D,0
40.33973,-121.45644,356.57,0.38,0.36,2021-08-19,2059,N,VIIRS,n,2,312.79,21.61,D,0
40.33997,-121.49856,335.59,0.38,0.36,2021-08-19,2059,N,VIIRS,n,2,299.7,11.7,D,0
40.34018,-121.40985,341.24,0.38,0.36,2021-08-19,2059,N,VIIRS,n,2,298.84,6.96,D,0
40.34019,-121.47531,350.7,0.38,0.36,2021-08-19,2059,N,VIIRS,n,2,298.86,12.94,D,0
40.34043,-121.45195,346.13,0.38,0.36,2021-08-19,2059,N,VIIRS,n,2,302,21.61,D,0
40.34113,-121.44747,350.71,0.38,0.36,2021-08-19,2059,N,VIIRS,n,2,302.23,16.13,D,0
40.3423,-121.46178,345.94,0.38,0.36,2021-08-19,2059,N,VIIRS,n,2,303.36,22.71,D,0
40.34253,-121.43852,354,0.38,0.36,2021-08-19,2059,N,VIIRS,n,2,305.28,13.61,D,0
40.34301,-121.45731,354.87,0.38,0.36,2021-08-19,2059,N,VIIRS,n,2,309.25,23.6,D,0
40.34371,-121.45281,352.95,0.38,0.36,2021-08-19,2059,N,VIIRS,n,2,302.98,23.6,D,0
40.34388,-120.87651,349.72,0.38,0.36,2021-08-19,2059,N,VIIRS,n,2,294.33,10.64,D,0
40.34393,-121.42957,347.58,0.38,0.36,2021-08-19,2059,N,VIIRS,n,2,301.88,6.54,D,0
40.34415,-121.40623,353.91,0.38,0.36,2021-08-19,2059,N,VIIRS,n,2,300.24,12.04,D,0
40.34441,-121.44834,344.28,0.38,0.36,2021-08-19,2059,N,VIIRS,n,2,302.91,20.75,D,0
40.34463,-121.42506,348.05,0.38,0.36,2021-08-19,2059,N,VIIRS,n,2,306.81,6.54,D,0
40.34485,-121.40175,348.6,0.38,0.36,2021-08-19,2059,N,VIIRS,n,2,302.55,10.02,D,0
40.34535,-121.09107,334.92,0.38,0.36,2021-08-19,2059,N,VIIRS,n,2,302.37,1.59,D,0
40.34555,-121.39729,336.22,0.38,0.36,2021-08-19,2059,N,VIIRS,n,2,296.46,10.02,D,0
40.34591,-120.86307,367,0.38,0.36,2021-08-19,2059,N,VIIRS,h,2,299.54,270.22,D,0
40.34604,-121.08659,337.52,0.38,0.36,2021-08-19,2059,N,VIIRS,n,2,302.25,5.46,D,0
40.34624,-121.3928,334.22,0.38,0.36,2021-08-19,2059,N,VIIRS,n,2,296.21,7.81,D,0
40.34659,-120.85859,356.85,0.38,0.36,2021-08-19,2059,N,VIIRS,n,2,299.92,270.22,D,0
40.34672,-121.08211,351.54,0.38,0.36,2021-08-19,2059,N,VIIRS,n,2,303.39,5.46,D,0
40.34717,-120.87734,346.79,0.38,0.36,2021-08-19,2059,N,VIIRS,n,2,292.42,10.64,D,0
40.34727,-120.85409,342.54,0.38,0.36,2021-08-19,2059,N,VIIRS,n,2,299.06,105.16,D,0
40.34743,-121.40712,350.51,0.38,0.36,2021-08-19,2059,N,VIIRS,n,2,303.8,12.04,D,0
40.34769,-121.4492,347.21,0.38,0.36,2021-08-19,2059,N,VIIRS,n,2,311.01,20.75,D,0
40.34784,-120.87286,332.17,0.38,0.36,2021-08-19,2059,N,VIIRS,n,2,288.84,61.87,D,0
40.34813,-121.40263,342.52,0.38,0.36,2021-08-19,2059,N,VIIRS,n,2,300.82,10.02,D,0
40.34824,-120.77978,344.46,0.38,0.36,2021-08-19,2059,N,VIIRS,n,2,307.28,3.22,D,0
40.34839,-121.44474,354.8,0.38,0.36,2021-08-19,2059,N,VIIRS,n,2,312.14,20.75,D,0
40.34852,-120.86838,344.87,0.38,0.36,2021-08-19,2059,N,VIIRS,n,2,306.95,61.87,D,0
40.34861,-121.42146,367,0.38,0.36,2021-08-19,2059,N,VIIRS,h,2,301.19,15.05,D,0
40.34883,-121.39817,367,0.38,0.36,2021-08-19,2059,N,VIIRS,h,2,303.62,10.02,D,0
40.34901,-121.13393,339.59,0.38,0.36,2021-08-19,2059,N,VIIRS,n,2,305.97,4.19,D,0
40.34909,-121.44025,353.2,0.38,0.36,2021-08-19,2059,N,VIIRS,n,2,302.29,19.44,D,0
40.3492,-120.86391,367,0.38,0.36,2021-08-19,2059,N,VIIRS,l,2,363.12,270.22,D,0
40.34978,-121.43578,355.89,0.38,0.36,2021-08-19,2059,N,VIIRS,n,2,305.31,19.44,D,0
40.34988,-120.85944,367,0.38,0.36,2021-08-19,2059,N,VIIRS,l,2,375.68,270.22,D,0
40.35022,-121.38922,351.04,0.38,0.36,2021-08-19,2059,N,VIIRS,n,2,300.14,7.81,D,0
40.35056,-120.85493,367,0.38,0.36,2021-08-19,2059,N,VIIRS,l,2,375.99,105.16,D,0
40.3507,-121.408,350.58,0.38,0.36,2021-08-19,2059,N,VIIRS,n,2,303.79,9.13,D,0
40.35091,-121.38476,346.88,0.38,0.36,2021-08-19,2059,N,VIIRS,n,2,310.94,24.1,D,0
40.35097,-121.4501,345.98,0.38,0.36,2021-08-19,2059,N,VIIRS,n,2,298.67,23.99,D,0
40.35123,-120.85044,367,0.38,0.36,2021-08-19,2059,N,VIIRS,h,2,366.22,105.16,D,0
40.35137,-121.07401,343.32,0.38,0.36,2021-08-19,2059,N,VIIRS,n,2,305.91,9.1,D,0
40.35141,-121.40354,348.48,0.38,0.36,2021-08-19,2059,N,VIIRS,n,2,299.98,7.54,D,0
40.35167,-121.44561,353.38,0.38,0.36,2021-08-19,2059,N,VIIRS,n,2,305.25,23.99,D,0
40.35181,-120.86922,345.43,0.38,0.36,2021-08-19,2059,N,VIIRS,n,2,310.87,20.45,D,0
40.35191,-121.48779,333.24,0.38,0.36,2021-08-19,2059,N,VIIRS,n,2,300.35,3.4,D,0
40.35191,-120.84595,367,0.38,0.36,2021-08-19,2059,N,VIIRS,h,2,371.9,89.59,D,0
40.35205,-121.06953,353.62,0.38,0.36,2021-08-19,2059,N,VIIRS,n,2,308.3,10.1,D,0
40.3521,-121.39906,342.56,0.38,0.36,2021-08-19,2059,N,VIIRS,n,2,301.74,7.54,D,0
40.35248,-120.86475,367,0.38,0.36,2021-08-19,2059,N,VIIRS,l,2,373.63,187.75,D,0
40.35259,-120.84145,352.84,0.38,0.36,2021-08-19,2059,N,VIIRS,n,2,316.28,89.59,D,0
40.3528,-121.39458,346.33,0.38,0.36,2021-08-19,2059,N,VIIRS,n,2,300.9,6.2,D,0
40.35316,-120.86027,367,0.38,0.36,2021-08-19,2059,N,VIIRS,l,2,380.43,187.75,D,0
40.35327,-120.83698,342.05,0.38,0.36,2021-08-19,2059,N,VIIRS,n,2,297.69,5.12,D,0
40.3535,-121.39011,343.02,0.38,0.36,2021-08-19,2059,N,VIIRS,n,2,299.71,6.2,D,0
40.35355,-121.45544,347.24,0.38,0.36,2021-08-19,2059,N,VIIRS,n,2,298.3,9.77,D,0
40.35384,-120.85577,367,0.38,0.36,2021-08-19,2059,N,VIIRS,h,2,378.48,110.58,D,0
40.35394,-120.83248,350.83,0.38,0.36,2021-08-19,2059,N,VIIRS,n,2,302.19,5.12,D,0
40.35419,-121.38564,354.77,0.38,0.36,2021-08-19,2059,N,VIIRS,n,2,304.28,14.65,D,0
40.35447,-121.4277,349.42,0.38,0.36,2021-08-19,2059,N,VIIRS,n,2,301.96,13.4,D,0
40.35452,-120.85128,367,0.38,0.36,2021-08-19,2059,N,VIIRS,h,2,366.19,110.58,D,0
40.35489,-121.38116,331.16,0.38,0.36,2021-08-19,2059,N,VIIRS,n,2,298.2,14.65,D,0
40.35509,-121.35791,354.19,0.38,0.36,2021-08-19,2059,N,VIIRS,n,2,316.38,29.96,D,0
40.35509,-120.87007,348.71,0.38,0.36,2021-08-19,2059,N,VIIRS,n,2,303.89,20.45,D,0
40.35519,-120.84679,367,0.38,0.36,2021-08-19,2059,N,VIIRS,h,2,362.38,81.03,D,0
40.35533,-121.07039,337.04,0.38,0.36,2021-08-19,2059,N,VIIRS,n,2,301.76,2.57,D,0
40.35576,-120.86559,367,0.38,0.36,2021-08-19,2059,N,VIIRS,h,2,330.99,187.75,D,0
40.35587,-120.8423,367,0.38,0.36,2021-08-19,2059,N,VIIRS,h,2,373.34,81.03,D,0
40.35613,-121.46079,342.94,0.38,0.36,2021-08-19,2059,N,VIIRS,n,2,303.88,11.8,D,0
40.35644,-120.86111,367,0.38,0.36,2021-08-19,2059,N,VIIRS,h,2,348.14,187.75,D,0
40.35655,-120.83781,367,0.38,0.36,2021-08-19,2059,N,VIIRS,h,2,344.73,64.72,D,0
40.35705,-121.43306,346.01,0.38,0.36,2021-08-19,2059,N,VIIRS,n,2,301.84,13.4,D,0
40.35712,-120.85662,367,0.38,0.36,2021-08-19,2059,N,VIIRS,h,2,347.77,110.58,D,0
40.35723,-120.83333,350.1,0.38,0.36,2021-08-19,2059,N,VIIRS,l,2,325.12,64.72,D,0
40.35747,-121.38652,350.37,0.38,0.36,2021-08-19,2059,N,VIIRS,n,2,311.61,14.65,D,0
40.35774,-121.42858,348.23,0.38,0.36,2021-08-19,2059,N,VIIRS,n,2,307.67,13.4,D,0
40.3578,-120.85213,367,0.38,0.36,2021-08-19,2059,N,VIIRS,h,2,351.5,110.58,D,0
40.3579,-120.82885,344.11,0.38,0.36,2021-08-19,2059,N,VIIRS,n,2,303.37,45.66,D,0
40.35817,-121.38203,345.96,0.38,0.36,2021-08-19,2059,N,VIIRS,n,2,306.37,14.65,D,0
40.35837,-121.35876,348.4,0.38,0.36,2021-08-19,2059,N,VIIRS,n,2,296.84,4.95,D,0
40.35848,-120.84763,367,0.38,0.36,2021-08-19,2059,N,VIIRS,l,2,344.74,81.03,D,0
40.35858,-120.82436,353.72,0.38,0.36,2021-08-19,2059,N,VIIRS,n,2,307.1,45.66,D,0
40.35905,-120.86642,344.96,0.38,0.36,2021-08-19,2059,N,VIIRS,n,2,307.22,59.33,D,0
40.35914,-121.41962,345.62,0.38,0.36,2021-08-19,2059,N,VIIRS,n,2,303.13,10.19,D,0
40.35916,-120.84313,367,0.38,0.36,2021-08-19,2059,N,VIIRS,h,2,343.76,81.03,D,0
40.35926,-120.81985,367,0.38,0.36,2021-08-19,2059,N,VIIRS,h,2,306.71,25.88,D,0
40.35973,-120.86195,367,0.38,0.36,2021-08-19,2059,N,VIIRS,h,2,334.63,59.33,D,0
40.35984,-120.83864,367,0.38,0.36,2021-08-19,2059,N,VIIRS,h,2,348.17,64.72,D,0
40.35994,-120.81536,348.04,0.38,0.36,2021-08-19,2059,N,VIIRS,n,2,304.6,25.88,D,0
40.3604,-120.85745,347.01,0.38,0.36,2021-08-19,2059,N,VIIRS,n,2,316.94,88.63,D,0
40.36051,-120.83416,367,0.38,0.36,2021-08-19,2059,N,VIIRS,h,2,344.69,64.72,D,0
40.36075,-121.38739,341.46,0.38,0.36,2021-08-19,2059,N,VIIRS,n,2,306.88,9.74,D,0
40.36108,-120.85296,367,0.38,0.36,2021-08-19,2059,N,VIIRS,h,2,372.58,88.63,D,0
40.36115,-121.07516,337.09,0.38,0.36,2021-08-19,2059,N,VIIRS,n,2,300.55,2.1,D,0
40.36116,-121.34085,330.11,0.38,0.36,2021-08-19,2059,N,VIIRS,l,2,300.76,5.69,D,0
40.36119,-120.82968,367,0.38,0.36,2021-08-19,2059,N,VIIRS,h,2,352.69,45.66,D,0
40.36145,-121.38291,356.2,0.38,0.36,2021-08-19,2059,N,VIIRS,n,2,308.29,9.74,D,0
40.36165,-121.35963,333.39,0.38,0.36,2021-08-19,2059,N,VIIRS,n,2,299.83,4.95,D,0
40.36177,-120.84846,356.32,0.38,0.36,2021-08-19,2059,N,VIIRS,n,2,324.51,31.49,D,0
40.36183,-121.07068,337.63,0.38,0.36,2021-08-19,2059,N,VIIRS,n,2,299.3,6.46,D,0
40.36187,-120.8252,367,0.38,0.36,2021-08-19,2059,N,VIIRS,h,2,359.43,45.66,D,0
40.36222,-121.11271,332.67,0.38,0.36,2021-08-19,2059,N,VIIRS,n,2,301.4,2.66,D,0
40.36242,-121.42048,350.87,0.38,0.36,2021-08-19,2059,N,VIIRS,n,2,304.46,9.05,D,0
40.36244,-120.84397,367,0.38,0.36,2021-08-19,2059,N,VIIRS,h,2,319.59,31.49,D,0
40.36254,-120.8207,367,0.38,0.36,2021-08-19,2059,N,VIIRS,l,2,337.36,25.88,D,0
40.36312,-120.83949,367,0.38,0.36,2021-08-19,2059,N,VIIRS,l,2,338.11,34.14,D,0
40.36322,-120.81621,351.82,0.38,0.36,2021-08-19,2059,N,VIIRS,l,2,333.37,25.88,D,0
40.3638,-120.83499,351.08,0.38,0.36,2021-08-19,2059,N,VIIRS,l,2,337.32,34.14,D,0
40.3639,-120.81171,350.53,0.38,0.36,2021-08-19,2059,N,VIIRS,l,2,331.64,36.37,D,0
40.36403,-121.38827,340.58,0.38,0.36,2021-08-19,2059,N,VIIRS,n,2,303.65,9.74,D,0
40.36437,-120.85381,347.75,0.38,0.36,2021-08-19,2059,N,VIIRS,n,2,305.92,88.63,D,0
40.36444,-121.34173,341.71,0.38,0.36,2021-08-19,2059,N,VIIRS,n,2,305.1,5.69,D,0
40.36447,-120.83053,367,0.38,0.36,2021-08-19,2059,N,VIIRS,l,2,332.72,43.36,D,0
40.36452,-121.40705,344.87,0.38,0.36,2021-08-19,2059,N,VIIRS,n,2,302.54,4.34,D,0
40.36458,-120.80721,356.56,0.38,0.36,2021-08-19,2059,N,VIIRS,n,2,315.93,36.37,D,0
40.36473,-121.38379,355.67,0.38,0.36,2021-08-19,2059,N,VIIRS,n,2,304.09,9.74,D,0
40.36515,-120.82603,367,0.38,0.36,2021-08-19,2059,N,VIIRS,h,2,347.07,43.36,D,0
40.36522,-121.40257,339.72,0.38,0.36,2021-08-19,2059,N,VIIRS,n,2,303.17,4.34,D,0
40.36573,-120.84482,367,0.38,0.36,2021-08-19,2059,N,VIIRS,h,2,311.4,31.49,D,0
40.36583,-120.82154,367,0.38,0.36,2021-08-19,2059,N,VIIRS,l,2,339.09,35.75,D,0
40.36618,-121.10908,342.89,0.38,0.36,2021-08-19,2059,N,VIIRS,n,2,304.39,4.11,D,0
40.36641,-120.84033,367,0.38,0.36,2021-08-19,2059,N,VIIRS,h,2,315.72,34.14,D,0
40.36651,-120.81705,353.93,0.38,0.36,2021-08-19,2059,N,VIIRS,l,2,334.34,35.75,D,0
40.36687,-121.1046,343.98,0.38,0.36,2021-08-19,2059,N,VIIRS,n,2,303.85,4.11,D,0
40.36708,-120.83584,367,0.38,0.36,2021-08-19,2059,N,VIIRS,h,2,318.07,34.14,D,0
40.36719,-120.81255,356.17,0.38,0.36,2021-08-19,2059,N,VIIRS,l,2,333.14,26.14,D,0
40.36756,-121.10013,332.34,0.38,0.36,2021-08-19,2059,N,VIIRS,n,2,300.92,2.64,D,0
40.36776,-120.83136,349.84,0.38,0.36,2021-08-19,2059,N,VIIRS,n,2,317.62,43.36,D,0
40.36786,-120.80805,367,0.38,0.36,2021-08-19,2059,N,VIIRS,h,2,320.36,26.14,D,0
40.36801,-121.38464,348.32,0.38,0.36,2021-08-19,2059,N,VIIRS,n,2,303.17,5.04,D,0
40.36843,-120.82687,367,0.38,0.36,2021-08-19,2059,N,VIIRS,l,2,343.28,43.36,D,0
40.3685,-121.40343,341.47,0.38,0.36,2021-08-19,2059,N,VIIRS,n,2,302.47,4.34,D,0
40.36878,-121.11442,331.23,0.38,0.36,2021-08-19,2059,N,VIIRS,l,2,302.98,1.55,D,0
40.36912,-120.82237,354.12,0.38,0.36,2021-08-19,2059,N,VIIRS,l,2,331.95,35.75,D,0
40.36946,-121.10994,345.18,0.38,0.36,2021-08-19,2059,N,VIIRS,n,2,305.85,4.59,D,0
40.36979,-120.81789,356.43,0.38,0.36,2021-08-19,2059,N,VIIRS,l,2,327.85,35.75,D,0
40.37016,-121.10545,347.98,0.38,0.36,2021-08-19,2059,N,VIIRS,n,2,302.61,4.59,D,0
40.37047,-120.8134,356.8,0.38,0.36,2021-08-19,2059,N,VIIRS,n,2,324.56,26.14,D,0
40.37115,-120.8089,354.03,0.38,0.36,2021-08-19,2059,N,VIIRS,l,2,335.06,26.14,D,0
40.37172,-120.82771,367,0.38,0.36,2021-08-19,2059,N,VIIRS,h,2,306.94,11.68,D,0
40.37178,-121.4043,351.93,0.38,0.36,2021-08-19,2059,N,VIIRS,n,2,302.36,4.92,D,0
40.3724,-120.82322,355.8,0.38,0.36,2021-08-19,2059,N,VIIRS,n,2,310.31,7,D,0
40.37275,-121.11079,340.35,0.38,0.36,2021-08-19,2059,N,VIIRS,n,2,303.62,4.59,D,0
40.37308,-120.81873,350.01,0.38,0.36,2021-08-19,2059,N,VIIRS,n,2,308.36,7,D,0
40.37343,-121.10632,337.76,0.38,0.36,2021-08-19,2059,N,VIIRS,n,2,302.66,4.59,D,0
40.37375,-120.81425,356.91,0.38,0.36,2021-08-19,2059,N,VIIRS,n,2,312.11,10.48,D,0
40.37411,-121.10184,352.85,0.38,0.36,2021-08-19,2059,N,VIIRS,n,2,306.52,7.67,D,0
40.37443,-120.80975,367,0.38,0.36,2021-08-19,2059,N,VIIRS,h,2,317.23,10.48,D,0
40.37511,-120.80524,342.74,0.38,0.36,2021-08-19,2059,N,VIIRS,n,2,311.23,6.09,D,0
40.37576,-121.4007,354.73,0.38,0.36,2021-08-19,2059,N,VIIRS,n,2,302.38,5.02,D,0
40.37646,-121.3962,339.06,0.38,0.36,2021-08-19,2059,N,VIIRS,n,2,304.22,5.02,D,0
40.37734,-121.1027,340.73,0.38,0.36,2021-08-19,2059,N,VIIRS,n,2,304.4,5.39,D,0
40.37793,-121.12147,336.02,0.38,0.36,2021-08-19,2059,N,VIIRS,n,2,300.51,3.4,D,0
40.37904,-121.40156,345.36,0.38,0.36,2021-08-19,2059,N,VIIRS,n,2,303.5,18.28,D,0
40.37974,-121.39706,355.23,0.38,0.36,2021-08-19,2059,N,VIIRS,n,2,313.26,18.28,D,0
40.38302,-121.39794,352.94,0.38,0.36,2021-08-19,2059,N,VIIRS,n,2,306.44,18.28,D,0
40.38371,-121.39344,367,0.38,0.36,2021-08-19,2059,N,VIIRS,h,2,307.63,17.98,D,0
40.38441,-121.38896,350.51,0.38,0.36,2021-08-19,2059,N,VIIRS,n,2,306.73,17.98,D,0
40.38529,-121.09543,355.05,0.38,0.36,2021-08-19,2059,N,VIIRS,n,2,307.23,7.67,D,0
40.3863,-121.3988,339.62,0.38,0.36,2021-08-19,2059,N,VIIRS,n,2,300.02,10.61,D,0
40.38858,-121.09629,352.63,0.38,0.36,2021-08-19,2059,N,VIIRS,n,2,303.29,7.67,D,0
40.38926,-121.0918,339.73,0.38,0.36,2021-08-19,2059,N,VIIRS,n,2,302.86,7.67,D,0
40.38958,-121.39964,349.28,0.38,0.36,2021-08-19,2059,N,VIIRS,n,2,306.88,10.61,D,0
40.39151,-121.47488,340.24,0.38,0.36,2021-08-19,2059,N,VIIRS,n,2,303.22,3.98,D,0
40.39216,-121.40498,343.79,0.38,0.36,2021-08-19,2059,N,VIIRS,n,2,304.11,7.14,D,0
40.39291,-121.46591,332.71,0.38,0.36,2021-08-19,2059,N,VIIRS,n,2,301.46,3.24,D,0
40.39425,-121.39155,337.33,0.38,0.36,2021-08-19,2059,N,VIIRS,n,2,301.84,8.39,D,0
40.39495,-121.38706,334.76,0.38,0.36,2021-08-19,2059,N,VIIRS,n,2,301.5,5.37,D,0
40.39544,-121.40585,351.31,0.38,0.36,2021-08-19,2059,N,VIIRS,n,2,302.86,7.14,D,0
40.39549,-121.47125,349.11,0.38,0.36,2021-08-19,2059,N,VIIRS,n,2,302.65,5.24,D,0
40.40147,-121.03442,333.73,0.38,0.36,2021-08-19,2059,N,VIIRS,n,2,303.36,2.4,D,0
40.40527,-121.40842,347.61,0.38,0.36,2021-08-19,2059,N,VIIRS,n,2,303.8,6.1,D,0
40.40597,-121.40395,344.68,0.38,0.36,2021-08-19,2059,N,VIIRS,n,2,303,6.1,D,0
40.40855,-121.40928,339.54,0.38,0.36,2021-08-19,2059,N,VIIRS,n,2,303.09,6.1,D,0
40.40925,-121.40481,343.02,0.38,0.36,2021-08-19,2059,N,VIIRS,n,2,303.7,6.1,D,0
40.41371,-121.41996,342.84,0.38,0.36,2021-08-19,2059,N,VIIRS,n,2,304.64,2.99,D,0
40.41939,-121.11838,336.89,0.38,0.36,2021-08-19,2059,N,VIIRS,n,2,303.28,2.96,D,0
40.42199,-121.12373,340.96,0.38,0.36,2021-08-19,2059,N,VIIRS,n,2,303.78,3.48,D,0
40.43055,-121.11196,340.09,0.38,0.36,2021-08-19,2059,N,VIIRS,n,2,304.56,3.95,D,0
40.43124,-121.10747,347.11,0.38,0.36,2021-08-19,2059,N,VIIRS,n,2,304.02,6.16,D,0
40.43193,-121.10298,333.74,0.38,0.36,2021-08-19,2059,N,VIIRS,n,2,301.28,6.16,D,0
40.44837,-121.45589,340.14,0.38,0.36,2021-08-19,2059,N,VIIRS,n,2,305.71,5.75,D,0
40.45855,-121.34655,333.96,0.38,0.36,2021-08-19,2059,N,VIIRS,n,2,297.97,2.55,D,0
40.45925,-121.34206,335.92,0.38,0.36,2021-08-19,2059,N,VIIRS,n,2,299.9,2.55,D,0
40.45981,-121.42634,346.95,0.38,0.36,2021-08-19,2059,N,VIIRS,n,2,302.41,4.25,D,0
40.46308,-121.42722,351.66,0.38,0.36,2021-08-19,2059,N,VIIRS,n,2,306.68,17.62,D,0
40.46378,-121.42273,367,0.38,0.36,2021-08-19,2059,N,VIIRS,h,2,301.62,19.85,D,0
40.46447,-121.41825,337.65,0.38,0.36,2021-08-19,2059,N,VIIRS,n,2,298.87,19.85,D,0
40.46454,-121.48351,344.48,0.38,0.36,2021-08-19,2059,N,VIIRS,n,2,305.38,20.89,D,0
40.46518,-121.41379,338.46,0.38,0.36,2021-08-19,2059,N,VIIRS,n,2,301.95,31.46,D,0
40.46637,-121.42807,354.73,0.38,0.36,2021-08-19,2059,N,VIIRS,n,2,304.09,17.62,D,0
40.46664,-121.47005,340.2,0.38,0.36,2021-08-19,2059,N,VIIRS,n,2,304.87,6.77,D,0
40.46776,-121.41913,341.06,0.38,0.36,2021-08-19,2059,N,VIIRS,n,2,309.24,19.85,D,0
40.46845,-121.41464,367,0.38,0.36,2021-08-19,2059,N,VIIRS,l,2,333.35,31.46,D,0
40.46858,-121.32589,346.41,0.38,0.36,2021-08-19,2059,N,VIIRS,n,2,301.97,7.23,D,0
40.46888,-121.36801,335.09,0.38,0.36,2021-08-19,2059,N,VIIRS,n,2,302.09,3.38,D,0
40.46895,-121.4334,343.88,0.38,0.36,2021-08-19,2059,N,VIIRS,l,2,317.04,42.81,D,0
40.46915,-121.41018,356.25,0.38,0.36,2021-08-19,2059,N,VIIRS,n,2,306.9,31.46,D,0
40.46964,-121.42893,353.34,0.38,0.36,2021-08-19,2059,N,VIIRS,n,2,311.17,42.81,D,0
40.47173,-121.41552,353.88,0.38,0.36,2021-08-19,2059,N,VIIRS,n,2,302.82,26.04,D,0
40.47186,-121.32677,351.83,0.38,0.36,2021-08-19,2059,N,VIIRS,n,2,302.35,13.79,D,0
40.47223,-121.43426,345.41,0.38,0.36,2021-08-19,2059,N,VIIRS,l,2,315.53,42.81,D,0
40.47243,-121.41104,354.35,0.38,0.36,2021-08-19,2059,N,VIIRS,n,2,313.42,26.04,D,0
40.47404,-121.37872,337.58,0.38,0.36,2021-08-19,2059,N,VIIRS,n,2,303.03,2.54,D,0
40.47491,-121.08495,339.3,0.38,0.36,2021-08-19,2059,N,VIIRS,n,2,303.37,6.6,D,0
40.47571,-121.4119,344.08,0.38,0.36,2021-08-19,2059,N,VIIRS,n,2,308.21,26.04,D,0
40.47641,-121.4074,344.14,0.38,0.36,2021-08-19,2059,N,VIIRS,n,2,312.47,13.08,D,0
40.47702,-121.33748,345.45,0.38,0.36,2021-08-19,2059,N,VIIRS,n,2,303.28,7.69,D,0
40.47752,-121.35629,343.21,0.38,0.36,2021-08-19,2059,N,VIIRS,n,2,299.24,2.61,D,0
40.47771,-121.333,350.02,0.38,0.36,2021-08-19,2059,N,VIIRS,n,2,304.19,7.89,D,0
40.47841,-121.32851,349.23,0.38,0.36,2021-08-19,2059,N,VIIRS,n,2,303.42,7.89,D,0
40.47891,-121.34731,335.79,0.38,0.36,2021-08-19,2059,N,VIIRS,n,2,302.46,6.01,D,0
40.47969,-121.40828,338.41,0.38,0.36,2021-08-19,2059,N,VIIRS,n,2,304.95,18.86,D,0
40.48038,-121.40377,356.95,0.38,0.36,2021-08-19,2059,N,VIIRS,n,2,315.49,18.86,D,0
40.4808,-121.35716,344.73,0.38,0.36,2021-08-19,2059,N,VIIRS,n,2,304,4.34,D,0
40.481,-121.33385,343.13,0.38,0.36,2021-08-19,2059,N,VIIRS,n,2,305.82,7.89,D,0
40.48108,-121.39929,338.07,0.38,0.36,2021-08-19,2059,N,VIIRS,n,2,305.37,9.68,D,0
40.48169,-121.32939,344.92,0.38,0.36,2021-08-19,2059,N,VIIRS,n,2,304.62,7.89,D,0
40.48248,-121.3903,342.39,0.38,0.36,2021-08-19,2059,N,VIIRS,n,2,304.48,38.24,D,0
40.48318,-121.38582,344.83,0.38,0.36,2021-08-19,2059,N,VIIRS,n,2,310.61,38.24,D,0
40.48387,-121.38132,342.07,0.38,0.36,2021-08-19,2059,N,VIIRS,n,2,312.15,33.6,D,0
40.48436,-121.40015,367,0.38,0.36,2021-08-19,2059,N,VIIRS,h,2,306.35,9.68,D,0
40.48477,-121.35353,339.85,0.38,0.36,2021-08-19,2059,N,VIIRS,n,2,298.7,2.13,D,0
40.48506,-121.39566,346.23,0.38,0.36,2021-08-19,2059,N,VIIRS,n,2,303.43,9.68,D,0
40.48576,-121.39116,354.03,0.38,0.36,2021-08-19,2059,N,VIIRS,n,2,304.86,38.24,D,0
40.48645,-121.38668,367,0.38,0.36,2021-08-19,2059,N,VIIRS,h,2,342.74,38.24,D,0
40.48715,-121.38219,350.88,0.38,0.36,2021-08-19,2059,N,VIIRS,l,2,339.43,33.6,D,0
40.48785,-121.37771,343.58,0.38,0.36,2021-08-19,2059,N,VIIRS,n,2,311.03,33.6,D,0
40.48795,-121.20034,338.78,0.38,0.36,2021-08-19,2059,N,VIIRS,n,2,303.07,3.38,D,0
40.48805,-121.3544,333.38,0.38,0.36,2021-08-19,2059,N,VIIRS,n,2,299.55,1.33,D,0
40.48834,-121.39651,353.16,0.38,0.36,2021-08-19,2059,N,VIIRS,n,2,306.07,11.38,D,0
40.48948,-121.16809,340.97,0.38,0.36,2021-08-19,2059,N,VIIRS,n,2,304.31,3.03,D,0
40.48973,-121.38754,335.91,0.38,0.36,2021-08-19,2059,N,VIIRS,n,2,300.33,5.36,D,0
40.49043,-121.38306,367,0.38,0.36,2021-08-19,2059,N,VIIRS,h,2,307.58,9.28,D,0
40.49113,-121.37857,340.29,0.38,0.36,2021-08-19,2059,N,VIIRS,n,2,308.89,9.28,D,0
40.49133,-121.35528,333.52,0.38,0.36,2021-08-19,2059,N,VIIRS,n,2,303.49,1.33,D,0
40.49222,-121.32751,340.38,0.38,0.36,2021-08-19,2059,N,VIIRS,n,2,303.18,6.18,D,0
40.49235,-121.12682,340.82,0.38,0.36,2021-08-19,2059,N,VIIRS,n,2,298.8,6.48,D,0
40.49371,-121.38393,332.94,0.38,0.36,2021-08-19,2059,N,VIIRS,n,2,302.05,9.28,D,0
40.4944,-121.37944,340.33,0.38,0.36,2021-08-19,2059,N,VIIRS,n,2,306.93,9.28,D,0
40.4953,-121.35165,335.85,0.38,0.36,2021-08-19,2059,N,VIIRS,l,2,307.69,5.13,D,0
40.49549,-121.32838,367,0.38,0.36,2021-08-19,2059,N,VIIRS,h,2,306.78,6.18,D,0
40.49623,-121.23518,337.87,0.38,0.36,2021-08-19,2059,N,VIIRS,n,2,296.66,5.37,D,0
40.49768,-121.38032,356.96,0.38,0.36,2021-08-19,2059,N,VIIRS,n,2,305.36,12.09,D,0
40.4983,-121.22172,336.76,0.38,0.36,2021-08-19,2059,N,VIIRS,n,2,300.46,4.28,D,0
40.49837,-121.37584,367,0.38,0.36,2021-08-19,2059,N,VIIRS,h,2,307.67,14.73,D,0
40.49877,-121.32925,367,0.38,0.36,2021-08-19,2059,N,VIIRS,h,2,304.87,6.43,D,0
40.49946,-121.32478,330.6,0.38,0.36,2021-08-19,2059,N,VIIRS,n,2,304.8,6.43,D,0
40.50104,-121.29248,342.04,0.38,0.36,2021-08-19,2059,N,VIIRS,n,2,301.1,3.43,D,0
40.50116,-121.3579,348.73,0.38,0.36,2021-08-19,2059,N,VIIRS,n,2,307.98,4.01,D,0
40.50174,-121.28797,334.36,0.38,0.36,2021-08-19,2059,N,VIIRS,n,2,298.33,3.43,D,0
40.50413,-121.3167,336.92,0.38,0.36,2021-08-19,2059,N,VIIRS,n,2,306.22,4.36,D,0
40.50602,-121.32652,335.2,0.38,0.36,2021-08-19,2059,N,VIIRS,l,2,307.41,7.09,D,0
40.50671,-121.32204,335.22,0.38,0.36,2021-08-19,2059,N,VIIRS,l,2,309.77,5.9,D,0
40.50741,-121.31756,343.07,0.38,0.36,2021-08-19,2059,N,VIIRS,n,2,307.94,5.9,D,0
40.50813,-121.22431,338.95,0.38,0.36,2021-08-19,2059,N,VIIRS,n,2,301.52,4.64,D,0
40.50882,-121.21982,331.67,0.38,0.36,2021-08-19,2059,N,VIIRS,l,2,304.59,3.03,D,0
40.50951,-121.21535,330.47,0.38,0.36,2021-08-19,2059,N,VIIRS,n,2,297.69,3.03,D,0
40.51607,-121.21707,336.44,0.38,0.36,2021-08-19,2059,N,VIIRS,n,2,299.29,5.5,D,0
40.51676,-121.21259,349.16,0.38,0.36,2021-08-19,2059,N,VIIRS,n,2,301.12,5.96,D,0
40.51744,-121.20811,350.99,0.38,0.36,2021-08-19,2059,N,VIIRS,n,2,305.21,5.96,D,0
40.52003,-121.21346,334.5,0.38,0.36,2021-08-19,2059,N,VIIRS,n,2,298.45,5.96,D,0
40.52072,-121.20898,353.97,0.38,0.36,2021-08-19,2059,N,VIIRS,n,2,304.36,5.96,D,0
40.5233,-121.30311,350.17,0.38,0.36,2021-08-19,2059,N,VIIRS,n,2,316.48,34.28,D,0
40.52399,-121.2986,352.81,0.38,0.36,2021-08-19,2059,N,VIIRS,n,2,319.77,27.67,D,0
40.524,-121.20983,338.05,0.38,0.36,2021-08-19,2059,N,VIIRS,n,2,297.48,2.37,D,0
40.52624,-121.2618,334.59,0.38,0.36,2021-08-19,2059,N,VIIRS,n,2,301.42,3.35,D,0
40.52726,-121.29948,340.22,0.38,0.36,2021-08-19,2059,N,VIIRS,n,2,304.25,27.67,D,0
40.52796,-121.29499,353.88,0.38,0.36,2021-08-19,2059,N,VIIRS,n,2,313.42,27.67,D,0
40.52883,-121.26715,340.29,0.38,0.36,2021-08-19,2059,N,VIIRS,n,2,302.63,4.67,D,0
40.5302,-121.25818,332.93,0.38,0.36,2021-08-19,2059,N,VIIRS,n,2,300.01,2.86,D,0
40.53193,-121.29136,356.67,0.38,0.36,2021-08-19,2059,N,VIIRS,n,2,311.9,16.07,D,0
40.53262,-121.28688,367,0.38,0.36,2021-08-19,2059,N,VIIRS,h,2,309.67,16.07,D,0
40.53331,-121.2824,353.86,0.38,0.36,2021-08-19,2059,N,VIIRS,n,2,301.82,14.63,D,0
40.53349,-121.25906,344.05,0.38,0.36,2021-08-19,2059,N,VIIRS,n,2,300.87,2.86,D,0
40.53418,-121.25457,343.89,0.38,0.36,2021-08-19,2059,N,VIIRS,n,2,301.78,6.58,D,0
40.53521,-121.29224,332.25,0.38,0.36,2021-08-19,2059,N,VIIRS,n,2,303.2,16.07,D,0
40.5359,-121.28775,367,0.38,0.36,2021-08-19,2059,N,VIIRS,h,2,304.92,16.07,D,0
40.53607,-121.2644,332.31,0.38,0.36,2021-08-19,2059,N,VIIRS,n,2,297.04,2.68,D,0
40.53659,-121.28326,346.37,0.38,0.36,2021-08-19,2059,N,VIIRS,n,2,304.61,14.63,D,0
40.54057,-121.27964,352.1,0.38,0.36,2021-08-19,2059,N,VIIRS,n,2,308.08,12.4,D,0
40.54142,-121.2518,337.97,0.38,0.36,2021-08-19,2059,N,VIIRS,n,2,296.76,6.83,D,0
40.54384,-121.28051,333.79,0.38,0.36,2021-08-19,2059,N,VIIRS,n,2,300.07,12.4,D,0
40.54453,-121.27601,333.93,0.38,0.36,2021-08-19,2059,N,VIIRS,n,2,298.16,5.27,D,0
40.54707,-121.27988,344.78,0.38,0.36,2021-08-19,2059,N,VIIRS,n,2,308.39,12.56,D,0
40.54867,-121.24905,334.83,0.38,0.36,2021-08-19,2059,N,VIIRS,n,2,301.12,4,D,0
40.54985,-121.26191,337.78,0.38,0.36,2021-08-19,2059,N,VIIRS,n,2,302.35,11.27,D,0
40.55035,-121.28076,332,0.38,0.36,2021-08-19,2059,N,VIIRS,n,2,300.73,12.56,D,0
40.55054,-121.25742,342.03,0.38,0.36,2021-08-19,2059,N,VIIRS,n,2,301.86,7.32,D,0
40.55104,-121.27625,355.92,0.38,0.36,2021-08-19,2059,N,VIIRS,n,2,314.01,20.79,D,0
40.55174,-121.27176,340.13,0.38,0.36,2021-08-19,2059,N,VIIRS,n,2,300.44,20.79,D,0
40.55193,-121.24843,339.76,0.38,0.36,2021-08-19,2059,N,VIIRS,n,2,300.47,3.65,D,0
40.55243,-121.26727,348.61,0.38,0.36,2021-08-19,2059,N,VIIRS,n,2,305.12,11.27,D,0
40.55312,-121.26278,352.39,0.38,0.36,2021-08-19,2059,N,VIIRS,n,2,308.6,11.27,D,0
40.55433,-121.27712,343.77,0.38,0.36,2021-08-19,2059,N,VIIRS,n,2,299.1,6.57,D,0
40.55589,-121.2448,333.96,0.38,0.36,2021-08-19,2059,N,VIIRS,n,2,299.31,3.65,D,0
41.4094,-121.90135,331.13,0.38,0.36,2021-08-19,2059,N,VIIRS,n,2,297.63,10.03,D,0
41.41268,-121.90227,349.1,0.38,0.36,2021-08-19,2059,N,VIIRS,n,2,307.24,10.03,D,0
41.4134,-121.89769,333.29,0.38,0.36,2021-08-19,2059,N,VIIRS,l,2,304.1,10.03,D,0
41.41596,-121.90318,346.02,0.38,0.36,2021-08-19,2059,N,VIIRS,n,2,302.33,9.47,D,0
41.41668,-121.89861,337.02,0.38,0.36,2021-08-19,2059,N,VIIRS,n,2,305.95,9.47,D,0
41.41995,-121.89952,344.66,0.38,0.36,2021-08-19,2059,N,VIIRS,n,2,302,9.47,D,0
41.42067,-121.89496,346.18,0.38,0.36,2021-08-19,2059,N,VIIRS,n,2,303.11,5.23,D,0
41.42395,-121.89584,331.48,0.38,0.36,2021-08-19,2059,N,VIIRS,n,2,299.91,4.11,D,0
41.42467,-121.8913,351.02,0.38,0.36,2021-08-19,2059,N,VIIRS,n,2,304.55,4.11,D,0
41.42795,-121.8922,339.59,0.38,0.36,2021-08-19,2059,N,VIIRS,n,2,301.91,4.11,D,0
41.42866,-121.88763,355.32,0.38,0.36,2021-08-19,2059,N,VIIRS,n,2,306.93,9.74,D,0
41.43142,-121.88616,352.25,0.38,0.36,2021-08-19,2059,N,VIIRS,n,2,304.2,6.06,D,0
41.43214,-121.8816,346.65,0.38,0.36,2021-08-19,2059,N,VIIRS,n,2,304.92,6.06,D,0
41.43542,-121.88251,342.09,0.38,0.36,2021-08-19,2059,N,VIIRS,n,2,300.16,6.06,D,0
41.43614,-121.87795,367,0.38,0.36,2021-08-19,2059,N,VIIRS,h,2,313.47,23.77,D,0
41.43655,-121.89709,333.94,0.38,0.36,2021-08-19,2059,N,VIIRS,n,2,299.89,3.57,D,0
41.43941,-121.87885,340.03,0.38,0.36,2021-08-19,2059,N,VIIRS,n,2,298.55,4.95,D,0
41.44055,-121.89344,336.02,0.38,0.36,2021-08-19,2059,N,VIIRS,n,2,301.11,3.57,D,0
41.4424,-121.90343,344.38,0.38,0.36,2021-08-19,2059,N,VIIRS,n,2,304.64,17.95,D,0
41.44497,-121.90885,345.79,0.38,0.36,2021-08-19,2059,N,VIIRS,n,2,306.27,17.95,D,0
41.44897,-121.9052,342.52,0.38,0.36,2021-08-19,2059,N,VIIRS,n,2,301.24,6.87,D,0
41.45082,-121.91519,347.97,0.38,0.36,2021-08-19,2059,N,VIIRS,n,2,299.12,12.47,D,0
41.45111,-121.89159,337.15,0.38,0.36,2021-08-19,2059,N,VIIRS,n,2,297.89,6.44,D,0
41.45153,-121.91065,341.31,0.38,0.36,2021-08-19,2059,N,VIIRS,n,2,298.39,6.87,D,0
41.45225,-121.90612,350.09,0.38,0.36,2021-08-19,2059,N,VIIRS,n,2,304.96,6.87,D,0
41.4541,-121.91609,345.3,0.38,0.36,2021-08-19,2059,N,VIIRS,n,2,304.46,10.98,D,0
41.45438,-121.8925,356.84,0.38,0.36,2021-08-19,2059,N,VIIRS,n,2,305.02,6.44,D,0
41.45481,-121.91155,343.42,0.38,0.36,2021-08-19,2059,N,VIIRS,n,2,307.82,17.48,D,0
41.45666,-121.92154,345.09,0.38,0.36,2021-08-19,2059,N,VIIRS,n,2,299.36,10.98,D,0
41.45767,-121.89339,353.78,0.38,0.36,2021-08-19,2059,N,VIIRS,n,2,309.63,19.29,D,0
41.45838,-121.88885,340.03,0.38,0.36,2021-08-19,2059,N,VIIRS,n,2,310.41,19.29,D,0
41.45893,-121.9506,337.05,0.39,0.36,2021-08-19,2059,N,VIIRS,n,2,299.4,14.13,D,0
41.45964,-121.94606,356.13,0.39,0.36,2021-08-19,2059,N,VIIRS,n,2,304.08,14.13,D,0
41.45993,-121.92247,345.22,0.38,0.36,2021-08-19,2059,N,VIIRS,n,2,297.36,10.09,D,0
41.46095,-121.89429,346.23,0.38,0.36,2021-08-19,2059,N,VIIRS,n,2,302.8,19.29,D,0
41.46166,-121.88976,349.05,0.38,0.36,2021-08-19,2059,N,VIIRS,n,2,312.89,19.29,D,0
41.46221,-121.9515,346.17,0.39,0.36,2021-08-19,2059,N,VIIRS,n,2,300.07,22.59,D,0
41.46292,-121.94696,348.66,0.39,0.36,2021-08-19,2059,N,VIIRS,n,2,304.8,22.59,D,0
41.46578,-121.92881,367,0.38,0.36,2021-08-19,2059,N,VIIRS,h,2,345.07,59.91,D,0
41.46621,-121.94784,344.65,0.39,0.36,2021-08-19,2059,N,VIIRS,n,2,307.32,22.59,D,0
41.46708,-121.87698,336.56,0.38,0.36,2021-08-19,2059,N,VIIRS,n,2,297.66,21.48,D,0
41.46764,-121.93877,343.72,0.38,0.36,2021-08-19,2059,N,VIIRS,n,2,313.49,61.2,D,0
41.46774,-121.98151,344.34,0.39,0.36,2021-08-19,2059,N,VIIRS,n,2,299.66,6.84,D,0
41.46822,-121.89153,349.34,0.38,0.36,2021-08-19,2059,N,VIIRS,n,2,315.22,71.32,D,0
41.46835,-121.93423,346.96,0.38,0.36,2021-08-19,2059,N,VIIRS,n,2,301.48,59.91,D,0
41.46846,-121.97697,332.03,0.39,0.36,2021-08-19,2059,N,VIIRS,n,2,298.73,6.84,D,0
41.46893,-121.88699,367,0.38,0.36,2021-08-19,2059,N,VIIRS,l,2,330.08,59.12,D,0
41.46907,-121.92968,351.21,0.38,0.36,2021-08-19,2059,N,VIIRS,n,2,306.76,59.91,D,0
41.46965,-121.88243,367,0.38,0.36,2021-08-19,2059,N,VIIRS,l,2,332.14,59.12,D,0
41.47092,-121.93963,342.14,0.38,0.36,2021-08-19,2059,N,VIIRS,n,2,308.46,12.98,D,0
41.4715,-121.8924,343.54,0.38,0.36,2021-08-19,2059,N,VIIRS,n,2,310,5.15,D,0
41.47163,-121.9351,348.79,0.38,0.36,2021-08-19,2059,N,VIIRS,n,2,307.76,14.86,D,0
41.47173,-121.97792,343.65,0.39,0.36,2021-08-19,2059,N,VIIRS,n,2,306.29,5.07,D,0
41.47221,-121.88788,367,0.38,0.36,2021-08-19,2059,N,VIIRS,l,2,329.05,35,D,0
41.47293,-121.88332,343.4,0.38,0.36,2021-08-19,2059,N,VIIRS,n,2,311.44,35,D,0
41.47365,-121.87877,367,0.38,0.36,2021-08-19,2059,N,VIIRS,h,2,338.48,87.06,D,0
41.47436,-121.87422,339.76,0.38,0.36,2021-08-19,2059,N,VIIRS,n,2,306.99,87.06,D,0
41.47479,-121.89329,340.23,0.38,0.36,2021-08-19,2059,N,VIIRS,l,2,313.45,5.15,D,0
41.475,-121.97883,337.85,0.39,0.36,2021-08-19,2059,N,VIIRS,n,2,299.38,5.07,D,0
41.47551,-121.88874,355.55,0.38,0.36,2021-08-19,2059,N,VIIRS,n,2,318,35,D,0
41.47665,-121.90324,349.46,0.38,0.36,2021-08-19,2059,N,VIIRS,n,2,302.08,13.01,D,0
41.47693,-121.87965,367,0.38,0.36,2021-08-19,2059,N,VIIRS,l,2,329.69,87.06,D,0
41.47736,-121.8987,344.18,0.38,0.36,2021-08-19,2059,N,VIIRS,n,2,312.5,19.23,D,0
41.47879,-121.88962,352,0.38,0.36,2021-08-19,2059,N,VIIRS,n,2,320.63,26.55,D,0
41.479,-121.97523,335.43,0.39,0.36,2021-08-19,2059,N,VIIRS,n,2,301.81,3.45,D,0
41.4795,-121.88507,349.46,0.38,0.36,2021-08-19,2059,N,VIIRS,l,2,322.52,26.55,D,0
41.47993,-121.90414,344.86,0.38,0.36,2021-08-19,2059,N,VIIRS,n,2,304.62,13.01,D,0
41.48064,-121.8996,340.89,0.38,0.36,2021-08-19,2059,N,VIIRS,n,2,299.11,19.23,D,0
41.48135,-121.89505,354.99,0.38,0.36,2021-08-19,2059,N,VIIRS,n,2,313.12,19.23,D,0
41.48206,-121.89052,342.85,0.38,0.36,2021-08-19,2059,N,VIIRS,n,2,303.59,26.55,D,0
41.4833,-121.94791,342.98,0.39,0.36,2021-08-19,2059,N,VIIRS,n,2,303.74,6.99,D,0
41.4845,-122.00535,332.7,0.39,0.36,2021-08-19,2059,N,VIIRS,n,2,298.84,6.55,D,0
41.48596,-121.99612,339.11,0.39,0.36,2021-08-19,2059,N,VIIRS,n,2,307.7,26.98,D,0
41.48669,-121.99151,336.12,0.39,0.36,2021-08-19,2059,N,VIIRS,n,2,306.03,26.98,D,0
41.48779,-122.00626,338.49,0.39,0.36,2021-08-19,2059,N,VIIRS,n,2,298.6,15.07,D,0
41.48851,-122.00163,346.86,0.39,0.36,2021-08-19,2059,N,VIIRS,n,2,301.05,15.07,D,0
41.49558,-121.91338,348.61,0.38,0.36,2021-08-19,2059,N,VIIRS,n,2,303.2,5.61,D,0
41.53718,-121.7346,333.68,0.38,0.36,2021-08-19,2059,N,VIIRS,n,2,295.02,4.42,D,0
41.53975,-121.74004,332.1,0.38,0.36,2021-08-19,2059,N,VIIRS,n,2,295.15,2.29,D,0
41.54046,-121.73549,343.45,0.38,0.36,2021-08-19,2059,N,VIIRS,n,2,300.83,4.42,D,0
41.54303,-121.74092,331.78,0.38,0.36,2021-08-19,2059,N,VIIRS,n,2,295.18,2.84,D,0
41.54514,-121.98708,334.23,0.39,0.36,2021-08-19,2059,N,VIIRS,n,2,302.3,2.05,D,0
41.54956,-122.00252,334.73,0.39,0.36,2021-08-19,2059,N,VIIRS,n,2,300.18,2.92,D,0
41.55029,-121.73817,331.13,0.38,0.36,2021-08-19,2059,N,VIIRS,l,2,301.86,5.63,D,0
41.55099,-121.73363,330.16,0.38,0.36,2021-08-19,2059,N,VIIRS,n,2,296.17,5.63,D,0
41.55356,-121.73907,346.39,0.38,0.36,2021-08-19,2059,N,VIIRS,n,2,305.2,5.63,D,0
41.55542,-121.74906,344.45,0.38,0.36,2021-08-19,2059,N,VIIRS,n,2,298.7,15.71,D,0
41.55684,-121.73997,336.57,0.38,0.36,2021-08-19,2059,N,VIIRS,n,2,295.43,3.22,D,0
41.55766,-121.7765,339.29,0.38,0.36,2021-08-19,2059,N,VIIRS,n,2,294,6.9,D,0
41.5587,-121.74998,350.63,0.38,0.36,2021-08-19,2059,N,VIIRS,n,2,297.69,15.71,D,0
41.56022,-121.78198,345.61,0.38,0.36,2021-08-19,2059,N,VIIRS,n,2,296.51,5.21,D,0
41.56093,-121.77742,367,0.38,0.36,2021-08-19,2059,N,VIIRS,h,2,300.4,6.9,D,0
41.56278,-121.78745,355.95,0.38,0.36,2021-08-19,2059,N,VIIRS,n,2,300.04,6.18,D,0
41.5635,-121.78289,342.08,0.38,0.36,2021-08-19,2059,N,VIIRS,n,2,299.34,6.18,D,0
41.56421,-121.77834,354.47,0.38,0.36,2021-08-19,2059,N,VIIRS,n,2,310.31,12.31,D,0
41.56606,-121.78835,334.28,0.38,0.36,2021-08-19,2059,N,VIIRS,n,2,297.06,6.18,D,0
41.56677,-121.78381,338.01,0.38,0.36,2021-08-19,2059,N,VIIRS,n,2,304.95,6.18,D,0
41.56748,-121.77924,351.8,0.38,0.36,2021-08-19,2059,N,VIIRS,n,2,303.43,12.31,D,0
41.56819,-121.77468,331.67,0.38,0.36,2021-08-19,2059,N,VIIRS,l,2,304.54,12.31,D,0
41.56933,-121.78927,346.2,0.38,0.36,2021-08-19,2059,N,VIIRS,n,2,298.67,8.96,D,0
41.57076,-121.78016,339.37,0.38,0.36,2021-08-19,2059,N,VIIRS,n,2,308.26,7.72,D,0
41.57261,-121.79017,346.01,0.38,0.36,2021-08-19,2059,N,VIIRS,n,2,301.81,8.96,D,0
41.57332,-121.78562,339.33,0.38,0.36,2021-08-19,2059,N,VIIRS,n,2,306.99,8.96,D,0
41.57403,-121.78106,336.59,0.38,0.36,2021-08-19,2059,N,VIIRS,l,2,309.61,7.72,D,0
41.57475,-121.7765,337.27,0.38,0.36,2021-08-19,2059,N,VIIRS,n,2,307.16,7.72,D,0
41.5766,-121.78652,351.66,0.38,0.36,2021-08-19,2059,N,VIIRS,n,2,298.41,7.32,D,0
41.57731,-121.78196,333.92,0.38,0.36,2021-08-19,2059,N,VIIRS,n,2,303.72,4.02,D,0
41.58058,-121.78286,337.62,0.38,0.36,2021-08-19,2059,N,VIIRS,n,2,299.7,4.02,D,0
41.58245,-121.79286,334.3,0.38,0.36,2021-08-19,2059,N,VIIRS,n,2,293.38,3.13,D,0
41.58457,-121.77921,341.2,0.38,0.36,2021-08-19,2059,N,VIIRS,n,2,308.12,4.42,D,0
41.61547,-121.77827,331.73,0.38,0.36,2021-08-19,2059,N,VIIRS,n,2,300.82,9.54,D,0
41.41172,-121.89855,299.57,0.35,0.56,2021-08-20,917,N,VIIRS,n,2,285.52,0.46,N,0
41.41719,-121.9021,303.42,0.35,0.56,2021-08-20,917,N,VIIRS,n,2,287.27,1.28,N,0
41.4222,-121.897,302.15,0.35,0.56,2021-08-20,917,N,VIIRS,n,2,287.12,1.38,N,0
41.42719,-121.89197,300.83,0.34,0.56,2021-08-20,917,N,VIIRS,n,2,286.63,1.13,N,0
41.43194,-121.88269,303.57,0.34,0.56,2021-08-20,917,N,VIIRS,n,2,286.13,0.83,N,0
41.43218,-121.88702,304,0.34,0.56,2021-08-20,917,N,VIIRS,n,2,285.84,0.83,N,0
41.43694,-121.87785,314.69,0.34,0.56,2021-08-20,917,N,VIIRS,n,2,287.02,2.6,N,0
41.43718,-121.88214,302.17,0.34,0.56,2021-08-20,917,N,VIIRS,n,2,286.23,2.84,N,0
41.44219,-121.87737,325.19,0.34,0.56,2021-08-20,917,N,VIIRS,n,2,287.79,2.6,N,0
41.44242,-121.88158,347.56,0.34,0.56,2021-08-20,917,N,VIIRS,n,2,289.84,2.84,N,0
41.44266,-121.88578,298.07,0.34,0.56,2021-08-20,917,N,VIIRS,n,2,284.91,2.84,N,0
41.44375,-121.90515,305.79,0.35,0.56,2021-08-20,917,N,VIIRS,n,2,287.47,0.84,N,0
41.44397,-121.90894,299.63,0.35,0.56,2021-08-20,917,N,VIIRS,n,2,286.96,0.84,N,0
41.44767,-121.881,326.74,0.34,0.56,2021-08-20,917,N,VIIRS,n,2,287.45,2.1,N,0
41.44789,-121.88508,325.36,0.34,0.56,2021-08-20,917,N,VIIRS,n,2,287.11,2.1,N,0
41.44834,-121.89296,298.97,0.35,0.56,2021-08-20,917,N,VIIRS,n,2,285.79,1.04,N,0
41.44919,-121.90787,304.9,0.35,0.56,2021-08-20,917,N,VIIRS,n,2,285.89,0.67,N,0
41.4494,-121.91167,300.53,0.35,0.56,2021-08-20,917,N,VIIRS,n,2,285.15,1.16,N,0
41.44962,-121.91546,302.67,0.35,0.56,2021-08-20,917,N,VIIRS,n,2,285.37,1.16,N,0
41.45024,-121.92657,312.01,0.35,0.56,2021-08-20,917,N,VIIRS,n,2,286.28,3.8,N,0
41.45045,-121.9302,331.22,0.35,0.56,2021-08-20,917,N,VIIRS,n,2,286.65,3.8,N,0
41.45065,-121.93386,341.43,0.35,0.56,2021-08-20,917,N,VIIRS,n,2,285.2,5.18,N,0
41.45335,-121.88833,299.05,0.34,0.56,2021-08-20,917,N,VIIRS,n,2,285.12,1.04,N,0
41.45357,-121.8922,313.66,0.35,0.56,2021-08-20,917,N,VIIRS,n,2,286.55,1.04,N,0
41.45443,-121.90726,297.15,0.35,0.56,2021-08-20,917,N,VIIRS,n,2,285.62,0.67,N,0
41.45465,-121.91105,305.1,0.35,0.56,2021-08-20,917,N,VIIRS,n,2,285.12,1.16,N,0
41.45486,-121.91492,317.99,0.35,0.56,2021-08-20,917,N,VIIRS,n,2,286.38,1.16,N,0
41.45508,-121.91877,334.06,0.35,0.56,2021-08-20,917,N,VIIRS,n,2,285.95,7.31,N,0
41.45529,-121.92245,367,0.35,0.56,2021-08-20,917,N,VIIRS,h,2,292.77,7.31,N,0
41.4555,-121.92613,330.87,0.35,0.56,2021-08-20,917,N,VIIRS,n,2,291.54,3.8,N,0
41.45571,-121.92982,319.61,0.35,0.56,2021-08-20,917,N,VIIRS,n,2,289.51,3.8,N,0
41.45592,-121.9336,329.51,0.35,0.56,2021-08-20,917,N,VIIRS,n,2,287.73,5.18,N,0
41.45659,-121.9454,297.4,0.35,0.57,2021-08-20,917,N,VIIRS,n,2,283.73,0.86,N,0
41.4568,-121.94912,314.92,0.35,0.57,2021-08-20,917,N,VIIRS,n,2,284.52,1.54,N,0
41.45701,-121.95287,317.27,0.35,0.57,2021-08-20,917,N,VIIRS,n,2,282.95,1.54,N,0
41.45859,-121.8877,319.6,0.34,0.56,2021-08-20,917,N,VIIRS,n,2,287.15,7.72,N,0
41.45881,-121.89153,321.79,0.35,0.56,2021-08-20,917,N,VIIRS,n,2,288.6,7.72,N,0
41.45902,-121.89529,304.11,0.35,0.56,2021-08-20,917,N,VIIRS,n,2,286.2,3.92,N,0
41.46038,-121.91891,303.05,0.35,0.56,2021-08-20,917,N,VIIRS,n,2,285.3,0.79,N,0
41.4606,-121.92287,299.63,0.35,0.56,2021-08-20,917,N,VIIRS,n,2,285.21,0.79,N,0
41.46168,-121.94186,303.42,0.35,0.57,2021-08-20,917,N,VIIRS,n,2,285.36,1.46,N,0
41.46188,-121.9454,308.63,0.35,0.57,2021-08-20,917,N,VIIRS,n,2,286.31,1.46,N,0
41.46207,-121.94878,321.36,0.35,0.57,2021-08-20,917,N,VIIRS,n,2,286.25,3.92,N,0
41.46227,-121.95219,367,0.35,0.57,2021-08-20,917,N,VIIRS,h,2,293.29,3.92,N,0
41.4636,-121.88299,355.64,0.34,0.56,2021-08-20,917,N,VIIRS,n,2,291.56,9.15,N,0
41.46382,-121.88696,367,0.34,0.56,2021-08-20,917,N,VIIRS,h,2,297.23,7.72,N,0
41.46404,-121.89072,343.39,0.35,0.56,2021-08-20,917,N,VIIRS,n,2,289.7,7.72,N,0
41.46603,-121.92551,306.66,0.35,0.56,2021-08-20,917,N,VIIRS,n,2,286.1,1.71,N,0
41.46625,-121.92934,315.01,0.35,0.56,2021-08-20,917,N,VIIRS,n,2,287.76,1.71,N,0
41.46646,-121.93306,321.11,0.35,0.56,2021-08-20,917,N,VIIRS,n,2,288.59,2.66,N,0
41.46667,-121.93665,317.55,0.35,0.57,2021-08-20,917,N,VIIRS,n,2,288.63,2.66,N,0
41.46687,-121.94022,318.6,0.35,0.57,2021-08-20,917,N,VIIRS,n,2,286.81,1.46,N,0
41.46707,-121.94371,299.88,0.35,0.57,2021-08-20,917,N,VIIRS,n,2,285.29,1.46,N,0
41.46727,-121.94717,316.79,0.35,0.57,2021-08-20,917,N,VIIRS,n,2,286.37,3.92,N,0
41.46746,-121.95064,299.46,0.35,0.57,2021-08-20,917,N,VIIRS,n,2,283.67,3.92,N,0
41.46793,-121.87623,318.4,0.34,0.56,2021-08-20,917,N,VIIRS,n,2,286.81,42.66,N,0
41.46813,-121.88017,328.22,0.34,0.56,2021-08-20,917,N,VIIRS,n,2,287.35,25.83,N,0
41.46834,-121.88422,325.03,0.35,0.56,2021-08-20,917,N,VIIRS,n,2,291.16,25.83,N,0
41.46834,-121.87393,310.5,0.34,0.56,2021-08-20,917,N,VIIRS,n,2,285.92,23.82,N,0
41.46854,-121.88805,351.95,0.35,0.56,2021-08-20,917,N,VIIRS,n,2,293.6,2.93,N,0
41.46857,-121.87782,326.62,0.34,0.56,2021-08-20,917,N,VIIRS,n,2,287.43,33.03,N,0
41.46873,-121.89159,305.24,0.35,0.56,2021-08-20,917,N,VIIRS,n,2,286.37,2.93,N,0
41.4688,-121.88181,322.15,0.34,0.56,2021-08-20,917,N,VIIRS,n,2,289.58,33.03,N,0
41.46903,-121.88579,326.42,0.34,0.56,2021-08-20,917,N,VIIRS,n,2,291.61,2.25,N,0
41.46915,-121.98029,338.13,0.35,0.57,2021-08-20,917,N,VIIRS,n,2,285.16,3.74,N,0
41.46924,-121.8895,314.54,0.35,0.56,2021-08-20,917,N,VIIRS,n,2,287.89,2.25,N,0
41.47293,-121.8713,304.56,0.34,0.56,2021-08-20,917,N,VIIRS,n,2,285.58,42.66,N,0
41.47304,-121.97491,307.82,0.35,0.57,2021-08-20,917,N,VIIRS,n,2,283.14,1.57,N,0
41.47332,-121.87859,367,0.34,0.56,2021-08-20,917,N,VIIRS,h,2,297.17,25.83,N,0
41.47353,-121.88243,303.77,0.35,0.56,2021-08-20,917,N,VIIRS,n,2,283.86,25.83,N,0
41.47355,-121.87279,338.43,0.34,0.56,2021-08-20,917,N,VIIRS,n,2,293.37,23.82,N,0
41.47372,-121.88627,299.22,0.35,0.56,2021-08-20,917,N,VIIRS,n,2,284.29,2.93,N,0
41.47375,-121.87634,356.93,0.34,0.56,2021-08-20,917,N,VIIRS,n,2,321.9,33.03,N,0
41.47397,-121.88005,325.37,0.34,0.56,2021-08-20,917,N,VIIRS,n,2,285.08,33.03,N,0
41.47419,-121.88388,298.58,0.34,0.56,2021-08-20,917,N,VIIRS,n,2,284.06,2.25,N,0
41.47425,-121.97673,304.28,0.35,0.57,2021-08-20,917,N,VIIRS,n,2,282.58,1.03,N,0
41.47833,-121.87358,336.22,0.34,0.56,2021-08-20,917,N,VIIRS,n,2,285.42,5.89,N,0
41.47851,-121.87699,367,0.34,0.56,2021-08-20,917,N,VIIRS,h,2,289.3,6.82,N,0
41.47869,-121.88037,341.81,0.35,0.56,2021-08-20,917,N,VIIRS,n,2,286.79,6.82,N,0
41.47889,-121.88411,367,0.35,0.56,2021-08-20,917,N,VIIRS,h,2,289.49,24.27,N,0
41.47894,-121.87493,320.92,0.34,0.56,2021-08-20,917,N,VIIRS,n,2,286.27,4.57,N,0
41.4791,-121.88799,303.99,0.35,0.56,2021-08-20,917,N,VIIRS,n,2,283.83,24.27,N,0
41.47914,-121.87839,329.11,0.34,0.56,2021-08-20,917,N,VIIRS,n,2,286.66,4.57,N,0
41.47929,-121.89172,325.15,0.35,0.56,2021-08-20,917,N,VIIRS,n,2,284.97,6.06,N,0
41.47935,-121.88198,367,0.34,0.56,2021-08-20,917,N,VIIRS,h,2,290.11,23.51,N,0
41.4795,-121.8957,295.48,0.35,0.56,2021-08-20,917,N,VIIRS,n,2,282.38,6.06,N,0
41.47956,-121.88559,333.19,0.35,0.56,2021-08-20,917,N,VIIRS,n,2,285.41,23.51,N,0
41.4797,-121.89942,298.06,0.35,0.56,2021-08-20,917,N,VIIRS,n,2,282.82,0.9,N,0
41.4798,-121.8896,313.23,0.35,0.56,2021-08-20,917,N,VIIRS,n,2,284.06,7.78,N,0
41.4799,-121.90313,306.52,0.35,0.56,2021-08-20,917,N,VIIRS,n,2,284.24,0.9,N,0
41.48002,-121.89344,312.99,0.35,0.56,2021-08-20,917,N,VIIRS,n,2,283.3,7.78,N,0
41.48024,-121.89724,301.22,0.35,0.56,2021-08-20,917,N,VIIRS,n,2,283.42,1.04,N,0
41.48046,-121.90112,302.42,0.35,0.56,2021-08-20,917,N,VIIRS,n,2,283.83,1.04,N,0
41.48375,-121.87645,295.04,0.34,0.56,2021-08-20,917,N,VIIRS,n,2,283.24,6.82,N,0
41.48395,-121.88008,300.41,0.35,0.56,2021-08-20,917,N,VIIRS,n,2,283.14,6.82,N,0
41.48415,-121.88381,342.67,0.35,0.56,2021-08-20,917,N,VIIRS,n,2,303.13,24.27,N,0
41.48434,-121.9884,300.56,0.35,0.57,2021-08-20,917,N,VIIRS,n,2,282.31,0.62,N,0
41.48435,-121.88763,367,0.35,0.56,2021-08-20,917,N,VIIRS,h,2,287.03,24.27,N,0
41.48456,-121.89152,367,0.35,0.56,2021-08-20,917,N,VIIRS,h,2,287.17,6.06,N,0
41.4846,-121.99352,300.63,0.35,0.57,2021-08-20,917,N,VIIRS,n,2,283.09,0.62,N,0
41.48461,-121.88176,336.37,0.34,0.56,2021-08-20,917,N,VIIRS,n,2,289.84,23.51,N,0
41.48483,-121.88552,367,0.35,0.56,2021-08-20,917,N,VIIRS,h,2,295.84,23.51,N,0
41.48506,-121.88936,367,0.35,0.56,2021-08-20,917,N,VIIRS,h,2,289.68,7.78,N,0
41.48529,-121.89328,305.66,0.35,0.56,2021-08-20,917,N,VIIRS,n,2,282.91,7.78,N,0
41.4856,-121.98998,300.12,0.35,0.57,2021-08-20,917,N,VIIRS,n,2,282.28,0.7,N,0
41.4859,-121.99528,297.84,0.35,0.57,2021-08-20,917,N,VIIRS,n,2,283.1,1.01,N,0
41.4866,-121.9304,298.17,0.35,0.57,2021-08-20,917,N,VIIRS,n,2,283.52,0.48,N,0
41.48682,-121.93464,295.97,0.35,0.57,2021-08-20,917,N,VIIRS,n,2,283.99,1.07,N,0
41.48757,-121.93244,302.58,0.35,0.56,2021-08-20,917,N,VIIRS,n,2,284.17,0.92,N,0
41.49076,-121.9091,302.4,0.35,0.56,2021-08-20,917,N,VIIRS,n,2,282.93,1.14,N,0
41.50288,-121.9383,295.52,0.35,0.57,2021-08-20,917,N,VIIRS,n,2,281.81,0.56,N,0
41.55009,-121.74558,304.74,0.34,0.56,2021-08-20,917,N,VIIRS,n,2,282.46,0.83,N,0
41.55557,-121.74971,310.07,0.34,0.56,2021-08-20,917,N,VIIRS,n,2,282.44,1.24,N,0
41.56719,-121.78022,303.36,0.34,0.56,2021-08-20,917,N,VIIRS,n,2,282.89,0.85,N,0
41.56764,-121.77688,295.81,0.34,0.56,2021-08-20,917,N,VIIRS,n,2,281.77,0.36,N,0
41.57285,-121.78808,296.8,0.34,0.56,2021-08-20,917,N,VIIRS,n,2,281.33,1.16,N,0
41.57306,-121.79211,295.67,0.34,0.56,2021-08-20,917,N,VIIRS,n,2,281.77,0.81,N,0
41.57358,-121.78882,304.28,0.34,0.56,2021-08-20,917,N,VIIRS,n,2,282.76,1.14,N,0
41.57922,-121.79543,297.21,0.34,0.56,2021-08-20,917,N,VIIRS,n,2,281.31,0.71,N,0
39.61879,-119.26511,295.95,0.48,0.48,2021-08-20,918,N,VIIRS,n,2,284.41,1.13,N,2
40.03286,-120.78561,298.23,0.59,0.53,2021-08-20,918,N,VIIRS,n,2,287.45,1.89,N,0
40.03515,-120.78745,303.89,0.59,0.53,2021-08-20,918,N,VIIRS,n,2,288.13,1.7,N,0
40.03788,-120.78702,300.06,0.59,0.53,2021-08-20,918,N,VIIRS,n,2,287.95,1.49,N,0
40.05596,-120.73217,316.01,0.58,0.52,2021-08-20,918,N,VIIRS,n,2,285.2,3.22,N,0
40.05637,-120.73824,309.42,0.58,0.52,2021-08-20,918,N,VIIRS,n,2,285.99,4.49,N,0
40.05922,-120.78011,301.3,0.59,0.53,2021-08-20,918,N,VIIRS,n,2,285.89,3.65,N,0
40.05965,-120.78642,330.68,0.59,0.53,2021-08-20,918,N,VIIRS,n,2,288.67,3.65,N,0
40.06002,-120.79173,336.78,0.59,0.53,2021-08-20,918,N,VIIRS,n,2,288.51,9.61,N,0
40.06035,-120.7246,342.34,0.58,0.52,2021-08-20,918,N,VIIRS,n,2,288.73,10.34,N,0
40.06077,-120.73078,343.27,0.58,0.52,2021-08-20,918,N,VIIRS,n,2,291.11,10.34,N,0
40.06121,-120.73718,307.45,0.58,0.52,2021-08-20,918,N,VIIRS,n,2,287.45,2.18,N,0
40.06175,-120.7452,308.67,0.58,0.52,2021-08-20,918,N,VIIRS,n,2,287.4,2.18,N,0
40.06227,-120.75272,298.86,0.58,0.52,2021-08-20,918,N,VIIRS,n,2,284.95,4.22,N,0
40.06305,-120.76398,320.58,0.58,0.52,2021-08-20,918,N,VIIRS,n,2,287.7,4.83,N,0
40.0635,-120.77057,315.18,0.59,0.52,2021-08-20,918,N,VIIRS,n,2,287.45,4.83,N,0
40.06402,-120.77829,303.13,0.59,0.53,2021-08-20,918,N,VIIRS,n,2,286.41,12.03,N,0
40.06446,-120.78471,367,0.59,0.53,2021-08-20,918,N,VIIRS,h,2,293.87,12.03,N,0
40.06467,-120.71632,322.04,0.58,0.52,2021-08-20,918,N,VIIRS,n,2,286.85,4.16,N,0
40.06483,-120.79015,367,0.59,0.53,2021-08-20,918,N,VIIRS,h,2,300.24,71.97,N,0
40.0651,-120.72242,343.95,0.58,0.52,2021-08-20,918,N,VIIRS,n,2,291.15,10.34,N,0
40.0652,-120.79553,351.51,0.59,0.53,2021-08-20,918,N,VIIRS,n,2,301.75,71.97,N,0
40.06553,-120.72866,307.96,0.58,0.52,2021-08-20,918,N,VIIRS,n,2,288.07,10.34,N,0
40.06567,-120.80241,341.5,0.59,0.53,2021-08-20,918,N,VIIRS,n,2,291.11,48.34,N,0
40.06662,-120.74458,299.3,0.58,0.52,2021-08-20,918,N,VIIRS,n,2,287.38,2.18,N,0
40.0671,-120.75157,324.44,0.58,0.52,2021-08-20,918,N,VIIRS,n,2,288.54,4.22,N,0
40.06749,-120.75732,330.34,0.58,0.52,2021-08-20,918,N,VIIRS,n,2,287.86,4.22,N,0
40.06786,-120.76251,326.92,0.58,0.52,2021-08-20,918,N,VIIRS,n,2,289.96,4.83,N,0
40.0683,-120.76888,329.88,0.59,0.52,2021-08-20,918,N,VIIRS,n,2,290.79,4.83,N,0
40.06879,-120.77615,325.15,0.59,0.53,2021-08-20,918,N,VIIRS,n,2,288.6,12.03,N,0
40.06925,-120.78288,357.35,0.59,0.53,2021-08-20,918,N,VIIRS,n,2,294.31,12.03,N,0
40.06941,-120.71377,346.02,0.58,0.52,2021-08-20,918,N,VIIRS,n,2,291.93,10.6,N,0
40.06965,-120.78866,347.97,0.59,0.53,2021-08-20,918,N,VIIRS,n,2,307.4,71.97,N,0
40.06982,-120.71967,305.22,0.58,0.52,2021-08-20,918,N,VIIRS,n,2,288.28,9.89,N,0
40.07001,-120.79391,347.51,0.59,0.53,2021-08-20,918,N,VIIRS,n,2,313.77,71.97,N,0
40.07047,-120.8006,341.65,0.59,0.53,2021-08-20,918,N,VIIRS,n,2,292.74,48.34,N,0
40.07193,-120.75045,301.43,0.58,0.52,2021-08-20,918,N,VIIRS,n,2,287.24,2.59,N,0
40.07232,-120.75607,307.17,0.58,0.52,2021-08-20,918,N,VIIRS,n,2,288.03,2.59,N,0
40.07268,-120.76123,307.68,0.58,0.52,2021-08-20,918,N,VIIRS,n,2,288.08,4.78,N,0
40.07361,-120.77471,344.97,0.59,0.53,2021-08-20,918,N,VIIRS,n,2,294.63,14.01,N,0
40.07409,-120.78169,345.16,0.59,0.53,2021-08-20,918,N,VIIRS,n,2,298.2,14.01,N,0
40.07412,-120.71103,338.49,0.58,0.52,2021-08-20,918,N,VIIRS,n,2,290.3,10.6,N,0
40.07451,-120.78785,323.92,0.59,0.53,2021-08-20,918,N,VIIRS,n,2,288.63,2.76,N,0
40.07453,-120.7169,339.48,0.58,0.52,2021-08-20,918,N,VIIRS,n,2,291.08,9.89,N,0
40.07491,-120.79363,297.61,0.59,0.53,2021-08-20,918,N,VIIRS,n,2,286.84,2.76,N,0
40.0763,-120.74262,301.28,0.58,0.52,2021-08-20,918,N,VIIRS,n,2,288.54,3.56,N,0
40.07846,-120.77376,322.25,0.59,0.53,2021-08-20,918,N,VIIRS,n,2,289.92,14.01,N,0
40.0788,-120.70798,336.38,0.58,0.52,2021-08-20,918,N,VIIRS,n,2,289.56,11.29,N,0
40.07896,-120.78104,340.85,0.59,0.53,2021-08-20,918,N,VIIRS,n,2,291.51,14.01,N,0
40.07922,-120.71394,340.49,0.58,0.52,2021-08-20,918,N,VIIRS,n,2,290.56,34.25,N,0
40.07941,-120.78757,305.43,0.59,0.53,2021-08-20,918,N,VIIRS,n,2,288.05,2.76,N,0
40.08281,-120.76569,317.63,0.59,0.52,2021-08-20,918,N,VIIRS,n,2,286.4,2.43,N,0
40.08336,-120.77356,342.64,0.59,0.53,2021-08-20,918,N,VIIRS,n,2,289.51,12.05,N,0
40.08363,-120.70695,322.15,0.58,0.52,2021-08-20,918,N,VIIRS,n,2,287.36,11.29,N,0
40.08391,-120.78159,344.82,0.59,0.53,2021-08-20,918,N,VIIRS,n,2,293.86,12.05,N,0
40.08404,-120.71276,356.2,0.58,0.52,2021-08-20,918,N,VIIRS,n,2,299.07,34.25,N,0
40.08442,-120.78892,316.52,0.59,0.53,2021-08-20,918,N,VIIRS,n,2,288.3,4.17,N,0
40.08533,-121.09797,297.18,0.61,0.53,2021-08-20,918,N,VIIRS,n,2,286.42,1.68,N,0
40.08682,-121.12092,319.69,0.61,0.53,2021-08-20,918,N,VIIRS,n,2,287.41,5.91,N,0
40.08685,-120.75313,300.88,0.58,0.52,2021-08-20,918,N,VIIRS,n,2,287.69,3.55,N,0
40.08724,-120.75871,299.44,0.58,0.52,2021-08-20,918,N,VIIRS,n,2,287.25,2.43,N,0
40.08738,-121.12946,333.75,0.61,0.54,2021-08-20,918,N,VIIRS,n,2,288.01,5.91,N,0
40.0877,-120.76523,312.36,0.59,0.52,2021-08-20,918,N,VIIRS,n,2,288.13,2.43,N,0
40.08826,-120.7733,347.34,0.59,0.53,2021-08-20,918,N,VIIRS,n,2,293.72,12.05,N,0
40.08884,-120.78176,345.22,0.59,0.53,2021-08-20,918,N,VIIRS,n,2,294.3,12.05,N,0
40.08887,-120.71188,347.7,0.58,0.52,2021-08-20,918,N,VIIRS,n,2,293.86,9.65,N,0
40.0894,-120.7898,310.66,0.59,0.53,2021-08-20,918,N,VIIRS,n,2,288.74,4.17,N,0
40.08944,-120.71999,303.46,0.58,0.52,2021-08-20,918,N,VIIRS,n,2,287.53,9.65,N,0
40.0909,-121.10668,298.32,0.61,0.53,2021-08-20,918,N,VIIRS,n,2,286.75,1.29,N,0
40.09142,-121.11473,298.22,0.61,0.53,2021-08-20,918,N,VIIRS,n,2,286.91,1.29,N,0
40.0917,-120.75228,300.76,0.58,0.52,2021-08-20,918,N,VIIRS,n,2,288.19,2.69,N,0
40.09198,-121.12331,326.64,0.61,0.53,2021-08-20,918,N,VIIRS,n,2,288.98,5.91,N,0
40.09212,-120.75828,299.75,0.58,0.52,2021-08-20,918,N,VIIRS,n,2,287.74,1.63,N,0
40.09256,-120.76466,304.15,0.59,0.52,2021-08-20,918,N,VIIRS,n,2,287.94,1.63,N,0
40.09308,-120.77206,343.54,0.59,0.53,2021-08-20,918,N,VIIRS,n,2,291.77,7.4,N,0
40.09365,-120.78027,342.28,0.59,0.53,2021-08-20,918,N,VIIRS,n,2,294.01,7.4,N,0
40.09372,-120.7111,342.68,0.58,0.52,2021-08-20,918,N,VIIRS,n,2,290.44,9.65,N,0
40.09427,-120.78922,319.9,0.59,0.53,2021-08-20,918,N,VIIRS,n,2,290.14,4.48,N,0
40.09598,-121.10799,303.2,0.61,0.53,2021-08-20,918,N,VIIRS,n,2,286.7,2.47,N,0
40.09698,-120.75755,302.63,0.58,0.52,2021-08-20,918,N,VIIRS,n,2,287.69,1.63,N,0
40.09743,-120.764,304.5,0.59,0.52,2021-08-20,918,N,VIIRS,n,2,287.79,1.63,N,0
40.09794,-120.77122,320.02,0.59,0.53,2021-08-20,918,N,VIIRS,n,2,290.13,7.4,N,0
40.0985,-120.7793,339.87,0.59,0.53,2021-08-20,918,N,VIIRS,n,2,293.28,7.4,N,0
40.09858,-120.71051,305.75,0.58,0.52,2021-08-20,918,N,VIIRS,n,2,284.89,1.68,N,0
40.09913,-120.71834,302.39,0.58,0.52,2021-08-20,918,N,VIIRS,n,2,285.89,1.68,N,0
40.09915,-120.78857,304.1,0.59,0.53,2021-08-20,918,N,VIIRS,n,2,288.12,4.48,N,0
40.10179,-120.75608,317.51,0.58,0.52,2021-08-20,918,N,VIIRS,n,2,289.45,3.8,N,0
40.10228,-120.76306,330.05,0.59,0.52,2021-08-20,918,N,VIIRS,n,2,290.26,3.8,N,0
40.10283,-120.77081,310.7,0.59,0.53,2021-08-20,918,N,VIIRS,n,2,289.35,3.53,N,0
40.1034,-120.77895,313.82,0.59,0.53,2021-08-20,918,N,VIIRS,n,2,290.16,3.53,N,0
40.10399,-120.71783,309.53,0.58,0.52,2021-08-20,918,N,VIIRS,n,2,286.31,1.68,N,0
40.10403,-120.78799,315.42,0.59,0.53,2021-08-20,918,N,VIIRS,n,2,289.4,3.11,N,0
40.10466,-120.79707,311.64,0.59,0.53,2021-08-20,918,N,VIIRS,n,2,286.73,3.11,N,0
40.10603,-120.74653,298.48,0.58,0.52,2021-08-20,918,N,VIIRS,n,2,286.04,1.56,N,0
40.10663,-120.75504,322.55,0.58,0.52,2021-08-20,918,N,VIIRS,n,2,289.09,3.8,N,0
40.10719,-120.763,310.84,0.59,0.52,2021-08-20,918,N,VIIRS,n,2,287.85,3.8,N,0
40.10889,-120.71787,315.29,0.58,0.52,2021-08-20,918,N,VIIRS,n,2,286.3,3.25,N,0
40.10949,-120.79575,319.84,0.59,0.53,2021-08-20,918,N,VIIRS,n,2,288.61,3.11,N,0
40.11377,-120.71751,331.54,0.58,0.52,2021-08-20,918,N,VIIRS,n,2,287.66,3.25,N,0
40.11429,-120.72472,307.02,0.58,0.52,2021-08-20,918,N,VIIRS,n,2,286.09,3.91,N,0
40.11645,-120.68665,328.64,0.58,0.52,2021-08-20,918,N,VIIRS,n,2,286.18,6.25,N,0
40.11828,-120.7808,318.03,0.59,0.53,2021-08-20,918,N,VIIRS,n,2,288.95,4.7,N,0
40.11883,-120.78857,326.17,0.59,0.53,2021-08-20,918,N,VIIRS,n,2,289.06,7.71,N,0
40.11959,-120.73025,305.55,0.58,0.52,2021-08-20,918,N,VIIRS,n,2,285.13,2.79,N,0
40.12086,-120.67988,315.8,0.58,0.52,2021-08-20,918,N,VIIRS,n,2,286.8,6.25,N,0
40.12138,-120.68708,342.99,0.58,0.52,2021-08-20,918,N,VIIRS,n,2,289.34,6.25,N,0
40.12336,-120.71449,297.63,0.58,0.52,2021-08-20,918,N,VIIRS,n,2,283.98,2.04,N,0
40.12383,-120.72115,332.45,0.58,0.52,2021-08-20,918,N,VIIRS,n,2,286.42,2.79,N,0
40.12404,-120.6805,297.94,0.58,0.52,2021-08-20,918,N,VIIRS,n,2,284.7,1.39,N,0
40.12435,-120.72823,300.91,0.58,0.52,2021-08-20,918,N,VIIRS,n,2,285.43,2.79,N,0
40.12451,-120.68748,329.33,0.58,0.52,2021-08-20,918,N,VIIRS,n,2,285.44,4.78,N,0
40.12496,-120.69427,308.95,0.58,0.52,2021-08-20,918,N,VIIRS,n,2,284.55,4.78,N,0
40.12624,-120.68668,317.26,0.58,0.52,2021-08-20,918,N,VIIRS,n,2,284.8,3.84,N,0
40.12627,-120.71397,322.44,0.58,0.52,2021-08-20,918,N,VIIRS,n,2,285.29,4.2,N,0
40.12671,-120.72049,334.78,0.58,0.52,2021-08-20,918,N,VIIRS,n,2,286.85,4.2,N,0
40.12672,-120.69327,309.82,0.58,0.52,2021-08-20,918,N,VIIRS,n,2,284.74,2.19,N,0
40.12813,-120.71273,308.64,0.58,0.52,2021-08-20,918,N,VIIRS,n,2,284.91,1.52,N,0
40.12859,-120.71907,318.9,0.58,0.52,2021-08-20,918,N,VIIRS,n,2,285.27,3.71,N,0
40.13106,-120.71223,296.03,0.58,0.52,2021-08-20,918,N,VIIRS,n,2,284.8,4.2,N,0
40.13155,-120.69231,298.46,0.58,0.52,2021-08-20,918,N,VIIRS,n,2,285.05,2.19,N,0
40.1329,-120.71098,296.46,0.58,0.52,2021-08-20,918,N,VIIRS,n,2,284.54,1.52,N,0
40.13462,-120.69225,301.38,0.58,0.52,2021-08-20,918,N,VIIRS,n,2,285.13,1.54,N,0
40.13501,-120.69807,295.59,0.58,0.52,2021-08-20,918,N,VIIRS,n,2,284.53,1.51,N,0
40.13638,-120.69154,303.61,0.58,0.52,2021-08-20,918,N,VIIRS,n,2,285.5,2.13,N,0
40.1368,-120.6972,305.87,0.58,0.52,2021-08-20,918,N,VIIRS,n,2,284.93,2.13,N,0
40.13723,-120.7032,303.04,0.58,0.52,2021-08-20,918,N,VIIRS,n,2,284.4,1.85,N,0
40.13947,-120.69168,301.29,0.58,0.52,2021-08-20,918,N,VIIRS,n,2,285.57,1.54,N,0
40.13986,-120.6974,299.31,0.58,0.52,2021-08-20,918,N,VIIRS,n,2,285.16,1.51,N,0
40.14027,-120.70343,297.24,0.58,0.52,2021-08-20,918,N,VIIRS,n,2,284.23,1.51,N,0
40.16114,-121.33216,295.46,0.63,0.54,2021-08-20,918,N,VIIRS,n,2,283.38,0.94,N,0
40.16209,-120.52489,295.09,0.57,0.52,2021-08-20,918,N,VIIRS,n,2,281.75,3.45,N,0
40.16255,-120.53147,308.94,0.57,0.52,2021-08-20,918,N,VIIRS,n,2,282.01,2.58,N,0
40.16304,-120.53841,315.16,0.57,0.52,2021-08-20,918,N,VIIRS,n,2,284.91,2.58,N,0
40.16594,-120.51068,301.93,0.57,0.52,2021-08-20,918,N,VIIRS,n,2,283.01,2.02,N,0
40.16643,-120.51764,302.84,0.57,0.52,2021-08-20,918,N,VIIRS,n,2,278.5,3.45,N,0
40.1669,-120.52435,340,0.57,0.52,2021-08-20,918,N,VIIRS,n,2,283.46,3.45,N,0
40.16737,-120.53097,319.97,0.57,0.52,2021-08-20,918,N,VIIRS,n,2,283.35,2.58,N,0
40.16787,-120.53802,300.63,0.57,0.52,2021-08-20,918,N,VIIRS,n,2,282.56,2.58,N,0
40.17071,-120.50961,304.49,0.57,0.52,2021-08-20,918,N,VIIRS,n,2,282.9,8.94,N,0
40.1712,-120.51659,344.49,0.57,0.52,2021-08-20,918,N,VIIRS,n,2,285.13,4.69,N,0
40.17125,-120.72669,324.39,0.58,0.52,2021-08-20,918,N,VIIRS,n,2,283.12,4.46,N,0
40.17171,-120.52369,324.96,0.57,0.52,2021-08-20,918,N,VIIRS,n,2,282.42,4.69,N,0
40.17218,-120.53031,322.36,0.57,0.52,2021-08-20,918,N,VIIRS,n,2,282.63,2.97,N,0
40.17268,-120.53741,309.44,0.57,0.52,2021-08-20,918,N,VIIRS,n,2,281.66,2.97,N,0
40.17525,-120.71362,296.4,0.58,0.52,2021-08-20,918,N,VIIRS,n,2,281.22,1.74,N,0
40.17553,-120.50918,345.39,0.57,0.52,2021-08-20,918,N,VIIRS,n,2,290.31,8.94,N,0
40.17569,-120.72002,323.45,0.58,0.52,2021-08-20,918,N,VIIRS,n,2,284.15,3.84,N,0
40.17601,-120.51597,323.38,0.57,0.52,2021-08-20,918,N,VIIRS,n,2,285.37,4.69,N,0
40.17651,-120.5229,308.33,0.57,0.52,2021-08-20,918,N,VIIRS,n,2,283.6,4.69,N,0
40.17698,-120.52951,309.6,0.57,0.52,2021-08-20,918,N,VIIRS,n,2,284.29,2.97,N,0
40.17747,-120.53639,315.94,0.57,0.52,2021-08-20,918,N,VIIRS,n,2,284.63,2.97,N,0
40.17853,-120.55127,302.66,0.57,0.52,2021-08-20,918,N,VIIRS,n,2,284.35,3.61,N,0
40.17976,-120.43365,342.9,0.56,0.52,2021-08-20,918,N,VIIRS,n,2,292.02,16.09,N,0
40.18019,-120.43957,337.55,0.56,0.52,2021-08-20,918,N,VIIRS,n,2,285.96,16.09,N,0
40.18035,-120.50878,301.73,0.57,0.52,2021-08-20,918,N,VIIRS,n,2,283.53,1.71,N,0
40.18062,-120.7204,319.8,0.58,0.52,2021-08-20,918,N,VIIRS,n,2,285.31,3.84,N,0
40.1811,-120.72724,312.22,0.58,0.52,2021-08-20,918,N,VIIRS,n,2,284.03,3.84,N,0
40.1813,-120.52214,296.07,0.57,0.52,2021-08-20,918,N,VIIRS,n,2,283.11,1.68,N,0
40.18155,-120.73386,304.77,0.58,0.52,2021-08-20,918,N,VIIRS,n,2,284.7,2.65,N,0
40.1833,-120.55005,313.19,0.57,0.52,2021-08-20,918,N,VIIRS,n,2,285.78,2.21,N,0
40.18426,-120.42909,320.93,0.56,0.52,2021-08-20,918,N,VIIRS,n,2,287.31,3.68,N,0
40.18464,-120.43431,342,0.56,0.52,2021-08-20,918,N,VIIRS,n,2,294.12,9.93,N,0
40.18601,-120.72739,367,0.58,0.52,2021-08-20,918,N,VIIRS,h,2,292.84,26.96,N,0
40.18646,-120.73386,307.98,0.58,0.52,2021-08-20,918,N,VIIRS,n,2,284.03,4.84,N,0
40.18807,-120.54871,301.1,0.57,0.52,2021-08-20,918,N,VIIRS,n,2,285.8,2.21,N,0
40.18864,-120.55668,317.5,0.57,0.52,2021-08-20,918,N,VIIRS,n,2,284.65,3.25,N,0
40.18914,-120.42976,298.44,0.56,0.52,2021-08-20,918,N,VIIRS,n,2,286.78,3.68,N,0
40.18951,-120.43484,303.65,0.56,0.52,2021-08-20,918,N,VIIRS,n,2,287.88,9.93,N,0
40.19263,-120.4775,302.13,0.57,0.52,2021-08-20,918,N,VIIRS,n,2,284.04,2.55,N,0
40.19284,-120.54749,305.28,0.57,0.52,2021-08-20,918,N,VIIRS,n,2,286.16,1.61,N,0
40.19337,-120.55492,302.13,0.57,0.52,2021-08-20,918,N,VIIRS,n,2,284.58,2.41,N,0
40.19506,-120.64703,314.22,0.58,0.52,2021-08-20,918,N,VIIRS,n,2,278.63,2.68,N,0
40.19741,-120.47671,312.78,0.57,0.52,2021-08-20,918,N,VIIRS,n,2,285.02,1.67,N,0
40.19764,-120.54655,302.8,0.57,0.52,2021-08-20,918,N,VIIRS,n,2,286.28,1.61,N,0
40.2022,-120.47603,299.6,0.57,0.52,2021-08-20,918,N,VIIRS,n,2,283.35,1.67,N,0
40.20245,-120.54597,298.55,0.57,0.52,2021-08-20,918,N,VIIRS,n,2,284.3,2.47,N,0
40.21208,-120.54475,299.22,0.57,0.52,2021-08-20,918,N,VIIRS,n,2,284.14,2.34,N,0
40.2219,-121.03569,306.38,0.61,0.53,2021-08-20,918,N,VIIRS,n,2,287.55,2.15,N,0
40.22916,-120.5347,330.46,0.57,0.52,2021-08-20,918,N,VIIRS,n,2,287.17,5.58,N,0
40.23032,-120.52844,307.03,0.57,0.52,2021-08-20,918,N,VIIRS,n,2,284.9,4.72,N,0
40.2308,-120.53496,335.44,0.57,0.52,2021-08-20,918,N,VIIRS,n,2,287.2,4.62,N,0
40.2331,-120.52129,316.3,0.57,0.52,2021-08-20,918,N,VIIRS,n,2,284.37,2.22,N,0
40.23353,-120.52769,342.68,0.57,0.52,2021-08-20,918,N,VIIRS,n,2,289.28,5.58,N,0
40.23397,-120.5341,306.26,0.57,0.52,2021-08-20,918,N,VIIRS,n,2,284.73,5.58,N,0
40.23467,-120.52158,319.95,0.57,0.52,2021-08-20,918,N,VIIRS,n,2,286.03,4.72,N,0
40.23515,-120.52799,337.77,0.57,0.52,2021-08-20,918,N,VIIRS,n,2,288.28,4.72,N,0
40.23561,-120.53436,307.72,0.57,0.52,2021-08-20,918,N,VIIRS,n,2,284.31,4.62,N,0
40.23835,-120.52717,334.96,0.57,0.52,2021-08-20,918,N,VIIRS,n,2,289.36,27.12,N,0
40.23879,-120.53347,340.13,0.57,0.52,2021-08-20,918,N,VIIRS,n,2,295.45,27.12,N,0
40.23996,-120.52742,335.09,0.57,0.52,2021-08-20,918,N,VIIRS,n,2,298.01,22.33,N,0
40.24043,-120.53368,339.47,0.57,0.52,2021-08-20,918,N,VIIRS,n,2,297.77,31.03,N,0
40.24273,-120.5202,316.75,0.57,0.52,2021-08-20,918,N,VIIRS,n,2,286.24,4.44,N,0
40.24317,-120.52649,354.53,0.57,0.52,2021-08-20,918,N,VIIRS,n,2,292.12,27.12,N,0
40.2436,-120.53271,339.11,0.57,0.52,2021-08-20,918,N,VIIRS,n,2,291.78,27.12,N,0
40.2443,-120.52055,338.96,0.57,0.52,2021-08-20,918,N,VIIRS,n,2,289.52,22.33,N,0
40.24477,-120.52675,336.96,0.57,0.52,2021-08-20,918,N,VIIRS,n,2,288.2,22.33,N,0
40.24523,-120.53294,296.15,0.57,0.52,2021-08-20,918,N,VIIRS,n,2,283.79,31.03,N,0
40.24757,-120.51999,329.96,0.57,0.52,2021-08-20,918,N,VIIRS,n,2,290.57,2.33,N,0
40.24799,-120.52605,325.11,0.57,0.52,2021-08-20,918,N,VIIRS,n,2,289.85,6.58,N,0
40.25204,-120.51451,300.19,0.57,0.52,2021-08-20,918,N,VIIRS,n,2,287.35,2.33,N,0
40.25244,-120.52018,300.1,0.57,0.52,2021-08-20,918,N,VIIRS,n,2,287.3,2.33,N,0
40.30454,-120.92361,295.56,0.6,0.53,2021-08-20,918,N,VIIRS,n,2,284.54,1.79,N,0
40.30641,-121.5077,297.5,0.32,0.55,2021-08-20,918,N,VIIRS,n,2,282.86,0.35,N,0
40.30666,-121.51191,297.14,0.32,0.55,2021-08-20,918,N,VIIRS,n,2,281.91,0.35,N,0
40.3069,-121.5158,297.45,0.32,0.55,2021-08-20,918,N,VIIRS,n,2,282.97,0.66,N,0
40.30712,-121.51953,308.36,0.32,0.55,2021-08-20,918,N,VIIRS,n,2,284.62,0.66,N,0
40.30735,-121.52328,301.71,0.32,0.55,2021-08-20,918,N,VIIRS,n,2,285.84,1.06,N,0
40.30836,-120.90663,296.32,0.6,0.53,2021-08-20,918,N,VIIRS,n,2,282.98,1.84,N,0
40.30888,-120.91431,299.5,0.6,0.53,2021-08-20,918,N,VIIRS,n,2,283.78,1.79,N,0
40.30909,-120.84444,295.39,0.59,0.53,2021-08-20,918,N,VIIRS,n,2,283.71,1.69,N,0
40.30945,-120.92283,302.43,0.6,0.53,2021-08-20,918,N,VIIRS,n,2,284.92,1.79,N,0
40.31148,-121.50678,299.19,0.32,0.55,2021-08-20,918,N,VIIRS,n,2,285.86,1.7,N,0
40.31275,-120.89828,296.09,0.6,0.53,2021-08-20,918,N,VIIRS,n,2,284.08,1.11,N,0
40.31575,-121.49271,309.43,0.32,0.55,2021-08-20,918,N,VIIRS,n,2,285.66,1.12,N,0
40.31599,-121.4967,304.3,0.32,0.55,2021-08-20,918,N,VIIRS,n,2,287.25,1.03,N,0
40.31625,-121.5011,305.65,0.32,0.55,2021-08-20,918,N,VIIRS,n,2,287.62,1.03,N,0
40.31696,-121.42919,367,0.32,0.54,2021-08-20,918,N,VIIRS,h,2,294.08,4.37,N,0
40.3172,-121.43317,345.23,0.32,0.54,2021-08-20,918,N,VIIRS,n,2,292.45,4.37,N,0
40.31744,-121.43712,309.7,0.32,0.55,2021-08-20,918,N,VIIRS,n,2,286.06,2.88,N,0
40.3177,-121.44113,319.9,0.32,0.55,2021-08-20,918,N,VIIRS,n,2,285.56,2.88,N,0
40.32047,-121.48632,309.46,0.32,0.55,2021-08-20,918,N,VIIRS,n,2,287.06,0.82,N,0
40.32066,-121.4895,316.45,0.32,0.55,2021-08-20,918,N,VIIRS,n,2,287.66,2.29,N,0
40.32085,-121.49268,326.29,0.32,0.55,2021-08-20,918,N,VIIRS,n,2,289.18,2.29,N,0
40.32108,-121.49629,298.63,0.32,0.55,2021-08-20,918,N,VIIRS,n,2,286.92,1.48,N,0
40.32113,-120.87589,304.6,0.6,0.53,2021-08-20,918,N,VIIRS,n,2,285.69,1.91,N,0
40.32196,-121.42761,329.36,0.32,0.54,2021-08-20,918,N,VIIRS,n,2,292.16,4.37,N,0
40.3222,-121.43145,317.42,0.32,0.54,2021-08-20,918,N,VIIRS,n,2,290.14,4.37,N,0
40.32244,-121.43534,316.71,0.32,0.55,2021-08-20,918,N,VIIRS,n,2,289.42,2.88,N,0
40.32269,-121.43932,349.53,0.32,0.55,2021-08-20,918,N,VIIRS,n,2,293.03,2.88,N,0
40.32294,-121.44348,312.56,0.32,0.55,2021-08-20,918,N,VIIRS,n,2,287.26,2.9,N,0
40.3232,-121.44765,306.29,0.32,0.55,2021-08-20,918,N,VIIRS,n,2,287.23,2.9,N,0
40.32345,-121.4518,299.86,0.32,0.55,2021-08-20,918,N,VIIRS,n,2,286.99,1.9,N,0
40.3237,-121.45587,317.89,0.32,0.55,2021-08-20,918,N,VIIRS,n,2,287.34,1.9,N,0
40.32395,-121.45988,345.58,0.32,0.55,2021-08-20,918,N,VIIRS,n,2,290.46,3.9,N,0
40.3242,-121.46399,326.63,0.32,0.55,2021-08-20,918,N,VIIRS,n,2,288.56,3.9,N,0
40.32446,-121.46819,305.63,0.32,0.55,2021-08-20,918,N,VIIRS,n,2,286.83,1.81,N,0
40.32539,-120.86582,296.85,0.6,0.53,2021-08-20,918,N,VIIRS,n,2,285.43,1.91,N,0
40.32559,-121.48653,308.93,0.32,0.55,2021-08-20,918,N,VIIRS,n,2,287.71,0.82,N,0
40.32571,-121.09171,303.48,0.61,0.54,2021-08-20,918,N,VIIRS,n,2,281.87,2.1,N,0
40.32633,-121.41585,334.75,0.32,0.54,2021-08-20,918,N,VIIRS,n,2,288.49,2.02,N,0
40.32656,-121.41959,341.1,0.32,0.54,2021-08-20,918,N,VIIRS,n,2,292.95,2.98,N,0
40.32679,-121.4233,318.58,0.32,0.54,2021-08-20,918,N,VIIRS,n,2,290.25,2.98,N,0
40.32748,-121.43443,317.14,0.32,0.55,2021-08-20,918,N,VIIRS,n,2,289.66,1.91,N,0
40.32771,-121.43807,319.98,0.32,0.55,2021-08-20,918,N,VIIRS,n,2,289.62,1.91,N,0
40.32795,-121.44194,349.58,0.32,0.55,2021-08-20,918,N,VIIRS,n,2,294.33,3.56,N,0
40.32818,-121.44563,327.81,0.32,0.55,2021-08-20,918,N,VIIRS,n,2,289.43,3.56,N,0
40.32843,-121.44971,321.84,0.32,0.55,2021-08-20,918,N,VIIRS,n,2,289.91,3.65,N,0
40.32859,-121.13525,303.64,0.62,0.54,2021-08-20,918,N,VIIRS,n,2,283.98,1.43,N,0
40.32867,-121.45363,337.91,0.32,0.55,2021-08-20,918,N,VIIRS,n,2,295.11,3.65,N,0
40.32893,-121.45773,348.93,0.32,0.55,2021-08-20,918,N,VIIRS,n,2,296.39,3.2,N,0
40.32919,-121.46195,325.09,0.32,0.55,2021-08-20,918,N,VIIRS,n,2,292.66,3.2,N,0
40.32947,-121.46658,310.53,0.32,0.55,2021-08-20,918,N,VIIRS,n,2,289.42,1.46,N,0
40.32977,-121.47129,302.09,0.32,0.55,2021-08-20,918,N,VIIRS,n,2,287.4,1.46,N,0
40.3298,-120.85802,302.43,0.6,0.53,2021-08-20,918,N,VIIRS,n,2,285.09,2.45,N,0
40.33029,-120.86504,308.98,0.6,0.53,2021-08-20,918,N,VIIRS,n,2,285.4,2.46,N,0
40.33084,-120.87304,302.43,0.6,0.53,2021-08-20,918,N,VIIRS,n,2,284.68,2.46,N,0
40.33113,-121.4112,305.74,0.32,0.54,2021-08-20,918,N,VIIRS,n,2,283.47,2.02,N,0
40.33138,-121.41509,319.32,0.32,0.54,2021-08-20,918,N,VIIRS,n,2,290.13,2.02,N,0
40.33145,-120.88182,310.5,0.6,0.53,2021-08-20,918,N,VIIRS,n,2,283.85,3.89,N,0
40.33162,-121.41891,313.65,0.32,0.54,2021-08-20,918,N,VIIRS,n,2,290.01,2.98,N,0
40.33257,-121.43411,318.87,0.32,0.55,2021-08-20,918,N,VIIRS,n,2,288.62,1.91,N,0
40.33303,-121.44153,315.74,0.32,0.55,2021-08-20,918,N,VIIRS,n,2,289.43,3.56,N,0
40.33326,-121.44526,328.62,0.32,0.55,2021-08-20,918,N,VIIRS,n,2,289.81,3.56,N,0
40.3335,-121.44918,335.7,0.32,0.55,2021-08-20,918,N,VIIRS,n,2,293.46,3.65,N,0
40.33375,-121.45317,319.07,0.32,0.55,2021-08-20,918,N,VIIRS,n,2,292.19,3.65,N,0
40.334,-121.45725,316.18,0.32,0.55,2021-08-20,918,N,VIIRS,n,2,291.74,3.2,N,0
40.33427,-121.46146,312.14,0.32,0.55,2021-08-20,918,N,VIIRS,n,2,290.29,3.2,N,0
40.33434,-120.85213,309.97,0.59,0.53,2021-08-20,918,N,VIIRS,n,2,285.63,2.45,N,0
40.33454,-121.46588,305.51,0.32,0.55,2021-08-20,918,N,VIIRS,n,2,290.43,1.46,N,0
40.33574,-120.87238,312.43,0.6,0.53,2021-08-20,918,N,VIIRS,n,2,285.02,2.46,N,0
40.33611,-121.40936,299.1,0.32,0.54,2021-08-20,918,N,VIIRS,n,2,283.32,1.11,N,0
40.33632,-120.88065,325.45,0.6,0.53,2021-08-20,918,N,VIIRS,n,2,286.12,3.89,N,0
40.33637,-121.41348,321.29,0.32,0.54,2021-08-20,918,N,VIIRS,n,2,288.03,1.11,N,0
40.33691,-121.50417,308.61,0.32,0.55,2021-08-20,918,N,VIIRS,n,2,288.41,1.06,N,0
40.3372,-121.50886,306.83,0.32,0.55,2021-08-20,918,N,VIIRS,n,2,287.61,1.06,N,0
40.33765,-121.43394,297.08,0.32,0.55,2021-08-20,918,N,VIIRS,n,2,283.96,1.24,N,0
40.33811,-121.44134,311.03,0.32,0.55,2021-08-20,918,N,VIIRS,n,2,288.03,1.93,N,0
40.33835,-121.44502,312.62,0.32,0.55,2021-08-20,918,N,VIIRS,n,2,289.46,1.93,N,0
40.33858,-121.44877,309.99,0.32,0.55,2021-08-20,918,N,VIIRS,n,2,289.25,0.95,N,0
40.33883,-121.45264,302.02,0.32,0.55,2021-08-20,918,N,VIIRS,n,2,288.29,0.95,N,0
40.33907,-121.45656,303.78,0.32,0.55,2021-08-20,918,N,VIIRS,n,2,289.05,1.43,N,0
40.33932,-121.4606,305.44,0.32,0.55,2021-08-20,918,N,VIIRS,n,2,288.95,1.43,N,0
40.34072,-120.87268,324.45,0.6,0.53,2021-08-20,918,N,VIIRS,n,2,288.69,3.04,N,0
40.34089,-121.4044,308.76,0.32,0.54,2021-08-20,918,N,VIIRS,n,2,283.85,1.22,N,0
40.34114,-121.40836,310.17,0.32,0.54,2021-08-20,918,N,VIIRS,n,2,284.77,1.11,N,0
40.34293,-121.43668,321.37,0.32,0.55,2021-08-20,918,N,VIIRS,n,2,287.57,1.24,N,0
40.34362,-121.44766,300.64,0.32,0.55,2021-08-20,918,N,VIIRS,n,2,287.89,0.95,N,0
40.34385,-121.45134,302.41,0.32,0.55,2021-08-20,918,N,VIIRS,n,2,288.45,0.95,N,0
40.34519,-120.86587,299.25,0.6,0.53,2021-08-20,918,N,VIIRS,n,2,286.01,3.04,N,0
40.34573,-120.8735,317.12,0.6,0.53,2021-08-20,918,N,VIIRS,n,2,286.62,3.04,N,0
40.34596,-121.40398,297.63,0.32,0.54,2021-08-20,918,N,VIIRS,n,2,284.26,0.83,N,0
40.34621,-121.4079,302.59,0.32,0.54,2021-08-20,918,N,VIIRS,n,2,285.92,0.72,N,0
40.34628,-120.88137,302.57,0.6,0.53,2021-08-20,918,N,VIIRS,n,2,285.19,4.16,N,0
40.34678,-120.86697,301.72,0.6,0.53,2021-08-20,918,N,VIIRS,n,2,286.35,1.71,N,0
40.34698,-121.42001,300.04,0.32,0.54,2021-08-20,918,N,VIIRS,n,2,285.09,1.31,N,0
40.34724,-121.42429,325.06,0.32,0.54,2021-08-20,918,N,VIIRS,n,2,287.35,1.28,N,0
40.34727,-120.87472,313.39,0.6,0.53,2021-08-20,918,N,VIIRS,n,2,285.81,4.14,N,0
40.3475,-121.42846,304.11,0.32,0.54,2021-08-20,918,N,VIIRS,n,2,285.35,1.28,N,0
40.34798,-121.43597,302.51,0.32,0.55,2021-08-20,918,N,VIIRS,n,2,284.73,1.57,N,0
40.34845,-121.44333,312.93,0.32,0.55,2021-08-20,918,N,VIIRS,n,2,287.7,1.48,N,0
40.34867,-121.44698,309.79,0.32,0.55,2021-08-20,918,N,VIIRS,n,2,288.12,1.39,N,0
40.34891,-121.45062,307.42,0.32,0.55,2021-08-20,918,N,VIIRS,n,2,288.91,1.39,N,0
40.34966,-120.85896,302.65,0.6,0.53,2021-08-20,918,N,VIIRS,n,2,287.19,2.14,N,0
40.35001,-121.3876,329.28,0.64,0.54,2021-08-20,918,N,VIIRS,n,2,289.05,4.32,N,0
40.35014,-120.86588,299.73,0.6,0.53,2021-08-20,918,N,VIIRS,n,2,287.45,1.8,N,0
40.35041,-120.84658,298.63,0.59,0.53,2021-08-20,918,N,VIIRS,n,2,285.57,1.44,N,0
40.35047,-121.39487,304,0.64,0.54,2021-08-20,918,N,VIIRS,n,2,285.77,4.32,N,0
40.35083,-121.40049,315.28,0.32,0.54,2021-08-20,918,N,VIIRS,n,2,282.99,0.83,N,0
40.35085,-120.8533,300.56,0.6,0.53,2021-08-20,918,N,VIIRS,n,2,287.02,1.44,N,0
40.35107,-121.40434,301.54,0.32,0.54,2021-08-20,918,N,VIIRS,n,2,282.24,0.83,N,0
40.35127,-120.85984,305.96,0.6,0.53,2021-08-20,918,N,VIIRS,n,2,288.75,1.71,N,0
40.35132,-121.40824,296.91,0.32,0.54,2021-08-20,918,N,VIIRS,n,2,283.04,0.72,N,0
40.35173,-120.86697,297.74,0.6,0.53,2021-08-20,918,N,VIIRS,n,2,287.43,1.71,N,0
40.3532,-121.35809,302.99,0.63,0.54,2021-08-20,918,N,VIIRS,n,2,282.41,1.02,N,0
40.35354,-121.44314,307.43,0.32,0.55,2021-08-20,918,N,VIIRS,n,2,283.86,1.48,N,0
40.35366,-120.84551,308.55,0.59,0.53,2021-08-20,918,N,VIIRS,n,2,288.57,3.46,N,0
40.35377,-121.44676,301.05,0.32,0.55,2021-08-20,918,N,VIIRS,n,2,284.87,1.39,N,0
40.35414,-120.8523,307.71,0.59,0.53,2021-08-20,918,N,VIIRS,n,2,288.02,2.14,N,0
40.35439,-121.0712,300.5,0.61,0.53,2021-08-20,918,N,VIIRS,n,2,286.68,1.62,N,0
40.3546,-120.85885,304.74,0.6,0.53,2021-08-20,918,N,VIIRS,n,2,288.02,2.14,N,0
40.35469,-121.46125,316.09,0.32,0.55,2021-08-20,918,N,VIIRS,n,2,287.58,2.3,N,0
40.3549,-120.83952,302.1,0.59,0.53,2021-08-20,918,N,VIIRS,n,2,286.28,1.54,N,0
40.35509,-120.8658,298.72,0.6,0.53,2021-08-20,918,N,VIIRS,n,2,287.53,1.8,N,0
40.35512,-121.38792,308.15,0.64,0.54,2021-08-20,918,N,VIIRS,n,2,288.04,1.72,N,0
40.35534,-120.84644,309.55,0.59,0.53,2021-08-20,918,N,VIIRS,n,2,287.99,1.58,N,0
40.35559,-121.39526,299.03,0.64,0.54,2021-08-20,918,N,VIIRS,n,2,285.91,1.72,N,0
40.35578,-120.8532,306.64,0.6,0.53,2021-08-20,918,N,VIIRS,n,2,287.16,1.58,N,0
40.3562,-120.85968,304.38,0.6,0.53,2021-08-20,918,N,VIIRS,n,2,287.5,3.93,N,0
40.35759,-120.83128,297.18,0.59,0.53,2021-08-20,918,N,VIIRS,n,2,284.49,1.78,N,0
40.35789,-121.43138,303.5,0.32,0.55,2021-08-20,918,N,VIIRS,n,2,285.14,1.26,N,0
40.35812,-120.83864,304.69,0.59,0.53,2021-08-20,918,N,VIIRS,n,2,285.81,2.21,N,0
40.35825,-121.35767,295,0.63,0.54,2021-08-20,918,N,VIIRS,n,2,281.42,1.02,N,0
40.35861,-120.84561,302.65,0.59,0.53,2021-08-20,918,N,VIIRS,n,2,286.64,2.21,N,0
40.3589,-120.82519,296.2,0.59,0.53,2021-08-20,918,N,VIIRS,n,2,285.58,1.16,N,0
40.35908,-120.85223,302.36,0.59,0.53,2021-08-20,918,N,VIIRS,n,2,286.12,1.71,N,0
40.35932,-121.07014,296.44,0.61,0.53,2021-08-20,918,N,VIIRS,n,2,286.13,1.62,N,0
40.35936,-120.83217,300.9,0.59,0.53,2021-08-20,918,N,VIIRS,n,2,285.63,1.54,N,0
40.35953,-120.85865,300.36,0.6,0.53,2021-08-20,918,N,VIIRS,n,2,286.79,1.71,N,0
40.35971,-121.38025,305.43,0.63,0.54,2021-08-20,918,N,VIIRS,n,2,284.77,1.27,N,0
40.35984,-120.83967,299.48,0.59,0.53,2021-08-20,918,N,VIIRS,n,2,285.02,1.54,N,0
40.36018,-121.38764,300.43,0.64,0.54,2021-08-20,918,N,VIIRS,n,2,287.27,1.72,N,0
40.36029,-120.84657,296.63,0.59,0.53,2021-08-20,918,N,VIIRS,n,2,285.38,1.58,N,0
40.36072,-120.85308,300.39,0.6,0.53,2021-08-20,918,N,VIIRS,n,2,286.15,1.58,N,0
40.36155,-120.8175,295.17,0.59,0.53,2021-08-20,918,N,VIIRS,n,2,283.53,0.85,N,0
40.36201,-120.82397,305.96,0.59,0.53,2021-08-20,918,N,VIIRS,n,2,286.48,1.78,N,0
40.36242,-121.50286,305.78,0.32,0.55,2021-08-20,918,N,VIIRS,n,2,283.34,0.37,N,0
40.36251,-120.83096,307.89,0.59,0.53,2021-08-20,918,N,VIIRS,n,2,287.29,1.78,N,0
40.36338,-120.81821,300.65,0.59,0.53,2021-08-20,918,N,VIIRS,n,2,284.25,1.47,N,0
40.36382,-120.82481,307.83,0.59,0.53,2021-08-20,918,N,VIIRS,n,2,286.65,1.47,N,0
40.36428,-120.83196,301.45,0.59,0.53,2021-08-20,918,N,VIIRS,n,2,286.41,2.78,N,0
40.36463,-121.0703,295.75,0.61,0.54,2021-08-20,918,N,VIIRS,n,2,284.73,2.1,N,0
40.36476,-121.37961,298.8,0.63,0.54,2021-08-20,918,N,VIIRS,n,2,282.34,0.36,N,0
40.36647,-120.81722,300.97,0.59,0.53,2021-08-20,918,N,VIIRS,n,2,284.66,1.94,N,0
40.36654,-121.40724,305.74,0.32,0.54,2021-08-20,918,N,VIIRS,n,2,284.25,1.41,N,0
40.36686,-121.10718,298.89,0.61,0.54,2021-08-20,918,N,VIIRS,n,2,284.73,1.5,N,0
40.36696,-120.82404,304.95,0.59,0.53,2021-08-20,918,N,VIIRS,n,2,286.1,3.12,N,0
40.367,-121.10841,302.7,0.61,0.54,2021-08-20,918,N,VIIRS,n,2,284.58,1.78,N,0
40.36736,-121.11446,305.15,0.61,0.54,2021-08-20,918,N,VIIRS,n,2,285.05,2.13,N,0
40.36745,-121.11568,299.96,0.61,0.54,2021-08-20,918,N,VIIRS,n,2,284.63,1.78,N,0
40.36786,-120.81128,296.3,0.59,0.53,2021-08-20,918,N,VIIRS,n,2,284.03,1.51,N,0
40.36831,-120.81807,299.65,0.59,0.53,2021-08-20,918,N,VIIRS,n,2,285.13,1.47,N,0
40.36876,-120.82497,300.85,0.59,0.53,2021-08-20,918,N,VIIRS,n,2,285.81,1.47,N,0
40.37091,-120.8102,297.33,0.59,0.53,2021-08-20,918,N,VIIRS,n,2,284.95,1.94,N,0
40.37134,-121.40275,298.1,0.32,0.54,2021-08-20,918,N,VIIRS,n,2,282.66,0.86,N,0
40.37182,-121.10641,303.93,0.61,0.54,2021-08-20,918,N,VIIRS,n,2,283.73,1.5,N,0
40.37197,-121.10764,302.65,0.61,0.54,2021-08-20,918,N,VIIRS,n,2,283.47,1.65,N,0
40.37613,-121.39796,304.07,0.32,0.54,2021-08-20,918,N,VIIRS,n,2,283.7,0.88,N,0
40.37638,-121.40176,305.74,0.32,0.54,2021-08-20,918,N,VIIRS,n,2,284.86,0.88,N,0
40.38115,-121.39686,315.16,0.32,0.54,2021-08-20,918,N,VIIRS,n,2,284.66,0.88,N,0
40.38139,-121.40063,302.88,0.32,0.54,2021-08-20,918,N,VIIRS,n,2,285.07,0.88,N,0
40.38581,-121.3903,300.35,0.64,0.54,2021-08-20,918,N,VIIRS,n,2,277.62,1.24,N,0
40.38617,-121.39574,315.45,0.32,0.54,2021-08-20,918,N,VIIRS,n,2,280.43,1.57,N,0
40.38617,-121.0964,299,0.61,0.54,2021-08-20,918,N,VIIRS,n,2,282.55,1.7,N,0
40.38639,-121.09762,299.08,0.61,0.54,2021-08-20,918,N,VIIRS,n,2,282.6,0.84,N,0
40.38641,-121.3994,332.95,0.32,0.54,2021-08-20,918,N,VIIRS,n,2,286.4,1.57,N,0
40.38943,-121.3928,297.58,0.32,0.54,2021-08-20,918,N,VIIRS,n,2,279.52,1.41,N,0
40.38965,-121.39645,311.83,0.32,0.54,2021-08-20,918,N,VIIRS,n,2,284.27,1.38,N,0
40.38987,-121.40005,310.06,0.32,0.54,2021-08-20,918,N,VIIRS,n,2,285.72,1.38,N,0
40.39082,-121.38906,298.77,0.64,0.54,2021-08-20,918,N,VIIRS,n,2,277.83,1.24,N,0
40.39135,-121.47505,299.65,0.32,0.55,2021-08-20,918,N,VIIRS,n,2,285.25,1.47,N,0
40.39142,-121.39814,302.68,0.32,0.54,2021-08-20,918,N,VIIRS,n,2,284.95,1.57,N,0
40.39158,-121.47863,296.38,0.32,0.55,2021-08-20,918,N,VIIRS,n,2,283.86,1.03,N,0
40.39419,-121.47247,297.08,0.32,0.55,2021-08-20,918,N,VIIRS,n,2,284.67,0.6,N,0
40.3944,-121.47609,297.83,0.32,0.55,2021-08-20,918,N,VIIRS,n,2,284.39,0.6,N,0
40.39532,-121.40593,301.29,0.32,0.54,2021-08-20,918,N,VIIRS,n,2,284.97,1.62,N,0
40.40213,-121.40607,297.34,0.32,0.54,2021-08-20,918,N,VIIRS,n,2,281.33,1.43,N,0
40.40556,-121.4066,312.32,0.32,0.54,2021-08-20,918,N,VIIRS,n,2,280.89,1.13,N,0
40.40577,-121.41001,297.5,0.32,0.54,2021-08-20,918,N,VIIRS,n,2,282.54,1.13,N,0
40.42284,-121.11839,320.36,0.62,0.54,2021-08-20,918,N,VIIRS,n,2,283.49,4.65,N,0
40.4319,-121.10346,295.88,0.61,0.54,2021-08-20,918,N,VIIRS,n,2,282.35,1.33,N,0
40.43513,-121.30966,309.93,0.63,0.54,2021-08-20,918,N,VIIRS,n,2,281.88,1.65,N,0
40.44923,-121.45306,297.5,0.32,0.55,2021-08-20,918,N,VIIRS,n,2,282.83,0.82,N,0
40.4535,-121.52178,301.29,0.32,0.55,2021-08-20,918,N,VIIRS,n,2,281.91,1.07,N,0
40.45853,-121.5202,302.06,0.32,0.55,2021-08-20,918,N,VIIRS,n,2,281.87,0.62,N,0
40.45876,-121.52391,296.09,0.32,0.55,2021-08-20,918,N,VIIRS,n,2,281.89,0.62,N,0
40.46159,-121.48708,321.23,0.32,0.55,2021-08-20,918,N,VIIRS,n,2,284.9,1.72,N,0
40.46179,-121.4902,312.33,0.32,0.55,2021-08-20,918,N,VIIRS,n,2,281.68,1.72,N,0
40.46248,-121.42014,298.79,0.32,0.55,2021-08-20,918,N,VIIRS,n,2,285.29,2.09,N,0
40.4627,-121.42363,330.42,0.32,0.55,2021-08-20,918,N,VIIRS,n,2,288.42,4.37,N,0
40.46291,-121.4271,354.52,0.32,0.55,2021-08-20,918,N,VIIRS,n,2,292.16,4.37,N,0
40.46709,-121.41254,300.6,0.32,0.55,2021-08-20,918,N,VIIRS,n,2,285.35,1.81,N,0
40.46732,-121.41608,318.24,0.32,0.55,2021-08-20,918,N,VIIRS,n,2,287.76,2.09,N,0
40.46754,-121.41955,332.73,0.32,0.55,2021-08-20,918,N,VIIRS,n,2,289.21,2.09,N,0
40.46775,-121.42292,317.69,0.32,0.55,2021-08-20,918,N,VIIRS,n,2,286.05,4.37,N,0
40.46796,-121.42624,348.15,0.32,0.55,2021-08-20,918,N,VIIRS,n,2,291.79,4.37,N,0
40.46838,-121.43265,315.11,0.32,0.55,2021-08-20,918,N,VIIRS,n,2,284.16,7.49,N,0
40.46858,-121.43582,328.42,0.32,0.55,2021-08-20,918,N,VIIRS,n,2,286.5,2.2,N,0
40.46878,-121.43895,304.39,0.32,0.55,2021-08-20,918,N,VIIRS,n,2,282.67,2.2,N,0
40.47151,-121.32319,297.54,0.63,0.54,2021-08-20,918,N,VIIRS,n,2,282.33,1.32,N,0
40.47214,-121.41172,329.4,0.32,0.55,2021-08-20,918,N,VIIRS,n,2,286.99,2.04,N,0
40.47237,-121.41537,341.71,0.32,0.55,2021-08-20,918,N,VIIRS,n,2,285.38,3.02,N,0
40.47259,-121.41879,305.77,0.32,0.55,2021-08-20,918,N,VIIRS,n,2,283.43,3.02,N,0
40.47301,-121.42538,303.11,0.32,0.55,2021-08-20,918,N,VIIRS,n,2,283.58,1.9,N,0
40.47322,-121.4286,336.26,0.32,0.55,2021-08-20,918,N,VIIRS,n,2,286.77,4.65,N,0
40.47342,-121.43176,355.05,0.32,0.55,2021-08-20,918,N,VIIRS,n,2,291.47,4.65,N,0
40.47362,-121.43489,313.39,0.32,0.55,2021-08-20,918,N,VIIRS,n,2,283.98,4.31,N,0
40.47708,-121.33081,300.65,0.63,0.54,2021-08-20,918,N,VIIRS,n,2,281.14,1.6,N,0
40.47716,-121.41051,311.74,0.32,0.55,2021-08-20,918,N,VIIRS,n,2,284.93,2.04,N,0
40.47755,-121.33805,301.54,0.63,0.54,2021-08-20,918,N,VIIRS,n,2,281.47,1.6,N,0
40.48048,-121.33238,304.98,0.63,0.54,2021-08-20,918,N,VIIRS,n,2,281.19,3.08,N,0
40.48167,-121.40146,318.25,0.32,0.54,2021-08-20,918,N,VIIRS,n,2,285.07,2.53,N,0
40.48193,-121.40531,336.93,0.32,0.55,2021-08-20,918,N,VIIRS,n,2,286.95,5.69,N,0
40.48211,-121.33006,298.07,0.63,0.54,2021-08-20,918,N,VIIRS,n,2,280.92,1.6,N,0
40.48569,-121.38476,306.92,0.32,0.54,2021-08-20,918,N,VIIRS,n,2,284.27,1.57,N,0
40.48594,-121.38858,315.23,0.32,0.54,2021-08-20,918,N,VIIRS,n,2,285.03,1.53,N,0
40.48618,-121.39236,305.69,0.32,0.54,2021-08-20,918,N,VIIRS,n,2,283.47,1.53,N,0
40.48643,-121.39618,310.71,0.32,0.54,2021-08-20,918,N,VIIRS,n,2,284.53,2.53,N,0
40.48669,-121.40011,335.15,0.32,0.54,2021-08-20,918,N,VIIRS,n,2,286.83,2.53,N,0
40.48918,-121.13391,295.35,0.62,0.54,2021-08-20,918,N,VIIRS,n,2,282.03,1.07,N,0
40.49047,-121.38008,314.39,0.32,0.54,2021-08-20,918,N,VIIRS,n,2,283.57,1,N,0
40.49072,-121.3838,313.27,0.32,0.54,2021-08-20,918,N,VIIRS,n,2,283.48,1,N,0
40.49188,-121.3531,297.22,0.64,0.54,2021-08-20,918,N,VIIRS,n,2,280.97,1.96,N,0
40.4922,-121.32894,299.08,0.63,0.54,2021-08-20,918,N,VIIRS,n,2,280.8,0.92,N,0
40.4936,-121.38189,308.32,0.32,0.54,2021-08-20,918,N,VIIRS,n,2,282.97,1.43,N,0
40.49363,-121.35066,298.69,0.63,0.54,2021-08-20,918,N,VIIRS,n,2,279.74,0.68,N,0
40.49553,-121.37951,302.69,0.32,0.54,2021-08-20,918,N,VIIRS,n,2,282.58,1,N,0
40.49561,-121.3307,300.77,0.63,0.54,2021-08-20,918,N,VIIRS,n,2,279.25,2.86,N,0
40.49577,-121.38313,308.25,0.32,0.54,2021-08-20,918,N,VIIRS,n,2,282.64,1,N,0
40.49726,-121.32872,297.78,0.63,0.54,2021-08-20,918,N,VIIRS,n,2,279.6,1.18,N,0
40.49823,-121.37424,307.8,0.32,0.54,2021-08-20,918,N,VIIRS,n,2,281.13,1.04,N,0
40.49844,-121.37772,306.42,0.32,0.54,2021-08-20,918,N,VIIRS,n,2,282.45,1.04,N,0
40.49865,-121.38122,306.88,0.32,0.54,2021-08-20,918,N,VIIRS,n,2,283.02,1.43,N,0
40.49904,-121.22106,295.77,0.63,0.54,2021-08-20,918,N,VIIRS,n,2,281.28,1.88,N,0
40.49923,-121.35839,312.32,0.64,0.54,2021-08-20,918,N,VIIRS,n,2,280.37,3.37,N,0
40.50013,-121.37204,299.06,0.32,0.54,2021-08-20,918,N,VIIRS,n,2,282.15,0.56,N,0
40.50036,-121.37552,297.25,0.32,0.54,2021-08-20,918,N,VIIRS,n,2,281.12,0.56,N,0
40.50059,-121.37897,301.5,0.32,0.54,2021-08-20,918,N,VIIRS,n,2,281.22,0.65,N,0
40.50249,-121.36058,310.31,0.64,0.54,2021-08-20,918,N,VIIRS,n,2,279.19,2.38,N,0
40.50533,-121.32372,302.36,0.63,0.54,2021-08-20,918,N,VIIRS,n,2,279.65,2.66,N,0
40.51867,-121.21206,305.43,0.62,0.54,2021-08-20,918,N,VIIRS,n,2,280.34,2.9,N,0
40.52413,-121.29929,344.47,0.63,0.54,2021-08-20,918,N,VIIRS,n,2,284.96,15.92,N,0
40.52461,-121.30708,317.63,0.63,0.54,2021-08-20,918,N,VIIRS,n,2,281.92,9.76,N,3
40.52702,-121.26442,305.27,0.63,0.54,2021-08-20,918,N,VIIRS,n,2,280.6,2.47,N,0
40.52866,-121.2906,296.22,0.63,0.54,2021-08-20,918,N,VIIRS,n,2,281.6,4.13,N,0
40.52916,-121.29855,325.27,0.63,0.54,2021-08-20,918,N,VIIRS,n,2,282.23,4.13,N,0
40.5332,-121.2822,306.24,0.63,0.54,2021-08-20,918,N,VIIRS,n,2,282.52,3.4,N,0
40.5337,-121.29024,325.75,0.63,0.54,2021-08-20,918,N,VIIRS,n,2,283.76,4.13,N,0
40.53661,-121.25602,296.17,0.63,0.54,2021-08-20,918,N,VIIRS,n,2,281.62,2.24,N,0
40.53825,-121.28197,312.15,0.63,0.54,2021-08-20,918,N,VIIRS,n,2,283.17,3.2,N,0
40.53875,-121.28989,297.37,0.63,0.54,2021-08-20,918,N,VIIRS,n,2,281.94,1.88,N,0
40.5433,-121.28161,316.05,0.63,0.54,2021-08-20,918,N,VIIRS,n,2,283.36,3.2,N,0
40.54614,-121.24672,299.16,0.63,0.54,2021-08-20,918,N,VIIRS,n,2,281.22,1.78,N,0
40.54667,-121.25501,295.72,0.63,0.54,2021-08-20,918,N,VIIRS,n,2,280.9,2.14,N,0
40.54831,-121.28072,312.91,0.63,0.54,2021-08-20,918,N,VIIRS,n,2,283.19,4.88,N,0
40.55172,-121.25472,296.74,0.63,0.54,2021-08-20,918,N,VIIRS,n,2,281.76,2.14,N,0
40.55222,-121.26257,316.44,0.63,0.54,2021-08-20,918,N,VIIRS,n,2,283.11,2.14,N,0
40.55272,-121.27036,307.1,0.63,0.54,2021-08-20,918,N,VIIRS,n,2,282.21,4.88,N,0
40.55328,-121.27909,339.87,0.63,0.54,2021-08-20,918,N,VIIRS,n,2,285.48,4.88,N,0
40.03407,-120.79065,319.13,0.53,0.67,2021-08-20,1058,N,VIIRS,n,2,286.23,3.71,N,0
40.03532,-120.79476,298.84,0.53,0.67,2021-08-20,1058,N,VIIRS,n,2,285.16,2.98,N,0
40.03875,-120.78387,295.89,0.53,0.67,2021-08-20,1058,N,VIIRS,n,2,285.36,0.66,N,0
40.05875,-120.73854,308.26,0.53,0.67,2021-08-20,1058,N,VIIRS,n,2,285.76,1.95,N,0
40.05989,-120.78681,308.85,0.53,0.67,2021-08-20,1058,N,VIIRS,n,2,284.85,2.01,N,0
40.06027,-120.74354,304.34,0.53,0.67,2021-08-20,1058,N,VIIRS,n,2,285.44,1.95,N,0
40.06032,-120.7214,307.19,0.53,0.67,2021-08-20,1058,N,VIIRS,n,2,284.09,3.25,N,0
40.06052,-120.76664,311.56,0.53,0.67,2021-08-20,1058,N,VIIRS,n,2,284.78,3.31,N,0
40.06176,-120.74846,302.52,0.53,0.67,2021-08-20,1058,N,VIIRS,n,2,284.51,1.99,N,0
40.06244,-120.77296,304.19,0.53,0.67,2021-08-20,1058,N,VIIRS,n,2,283.45,3.31,N,0
40.06285,-120.72978,326.41,0.53,0.67,2021-08-20,1058,N,VIIRS,n,2,286.63,3.25,N,0
40.0637,-120.75488,296.03,0.53,0.67,2021-08-20,1058,N,VIIRS,n,2,284.29,1.99,N,0
40.06418,-120.77871,322.47,0.53,0.67,2021-08-20,1058,N,VIIRS,n,2,285.14,5.43,N,0
40.06468,-120.71349,298.62,0.53,0.67,2021-08-20,1058,N,VIIRS,n,2,284.13,0.89,N,0
40.06668,-120.78696,331.68,0.53,0.67,2021-08-20,1058,N,VIIRS,n,2,287.45,5.43,N,0
40.06699,-120.76574,318.75,0.53,0.67,2021-08-20,1058,N,VIIRS,n,2,286.79,3.31,N,0
40.06744,-120.70597,298.77,0.53,0.67,2021-08-20,1058,N,VIIRS,n,2,283.52,0.82,N,0
40.06773,-120.74586,299.57,0.53,0.67,2021-08-20,1058,N,VIIRS,n,2,285.66,1.54,N,0
40.06882,-120.70483,310.06,0.53,0.67,2021-08-20,1058,N,VIIRS,n,2,285.01,2.46,N,0
40.06902,-120.77243,329.12,0.53,0.67,2021-08-20,1058,N,VIIRS,n,2,286.91,3.31,N,0
40.06981,-120.75273,298.91,0.53,0.67,2021-08-20,1058,N,VIIRS,n,2,285.38,1.54,N,0
40.07005,-120.79813,297.38,0.53,0.67,2021-08-20,1058,N,VIIRS,n,2,285.03,4.97,N,0
40.07079,-120.77831,332.7,0.53,0.67,2021-08-20,1058,N,VIIRS,n,2,288.18,5.43,N,0
40.071,-120.7175,316.62,0.53,0.67,2021-08-20,1058,N,VIIRS,n,2,286.1,3.24,N,0
40.07256,-120.71724,315.53,0.53,0.67,2021-08-20,1058,N,VIIRS,n,2,285.65,2.46,N,0
40.07296,-120.78545,317.22,0.53,0.67,2021-08-20,1058,N,VIIRS,n,2,287.71,5.43,N,0
40.07338,-120.76459,299.09,0.53,0.67,2021-08-20,1058,N,VIIRS,n,2,285.36,2.98,N,0
40.07526,-120.77079,311.88,0.53,0.67,2021-08-20,1058,N,VIIRS,n,2,286.58,2.98,N,0
40.07602,-120.71178,323.29,0.53,0.67,2021-08-20,1058,N,VIIRS,n,2,286.85,4.18,N,0
40.07691,-120.77624,343.14,0.53,0.67,2021-08-20,1058,N,VIIRS,n,2,290.2,10.83,N,0
40.07785,-120.7124,317.57,0.53,0.67,2021-08-20,1058,N,VIIRS,n,2,286.32,2.46,N,0
40.07854,-120.71996,296.07,0.53,0.67,2021-08-20,1058,N,VIIRS,n,2,283.97,4.95,N,0
40.07867,-121.09499,298.55,0.51,0.66,2021-08-20,1058,N,VIIRS,n,2,283.44,0.84,N,0
40.07869,-120.78213,342.19,0.53,0.67,2021-08-20,1058,N,VIIRS,n,2,288.31,10.83,N,0
40.07932,-120.70049,323.2,0.53,0.67,2021-08-20,1058,N,VIIRS,n,2,285.7,4.18,N,0
40.08009,-120.69738,330.67,0.53,0.67,2021-08-20,1058,N,VIIRS,n,2,286.63,10.39,N,0
40.08027,-120.76942,304.72,0.53,0.67,2021-08-20,1058,N,VIIRS,n,2,286.07,4.95,N,0
40.08045,-121.09679,303.38,0.51,0.66,2021-08-20,1058,N,VIIRS,n,2,284.08,2.32,N,0
40.08054,-120.78825,296.38,0.53,0.67,2021-08-20,1058,N,VIIRS,n,2,285.36,6.08,N,0
40.08123,-120.76823,312.45,0.53,0.67,2021-08-20,1058,N,VIIRS,n,2,285.92,2.98,N,0
40.08179,-120.77437,332.19,0.53,0.67,2021-08-20,1058,N,VIIRS,n,2,287.62,4.95,N,0
40.08221,-120.79377,296.55,0.53,0.67,2021-08-20,1058,N,VIIRS,n,2,285.23,6.08,N,0
40.08273,-120.77318,335.18,0.53,0.67,2021-08-20,1058,N,VIIRS,n,2,287.81,10.83,N,0
40.08306,-120.71265,328.26,0.53,0.67,2021-08-20,1058,N,VIIRS,n,2,286.83,4.18,N,0
40.08324,-120.77907,367,0.53,0.67,2021-08-20,1058,N,VIIRS,h,2,294.19,10.07,N,0
40.08406,-121.09081,306.46,0.51,0.66,2021-08-20,1058,N,VIIRS,n,2,285.57,1.99,N,0
40.08412,-120.7778,367,0.53,0.67,2021-08-20,1058,N,VIIRS,h,2,294.32,10.83,N,0
40.08418,-120.71101,353.01,0.53,0.67,2021-08-20,1058,N,VIIRS,n,2,290.29,7.68,N,0
40.0847,-120.78381,336.37,0.53,0.67,2021-08-20,1058,N,VIIRS,n,2,289.54,10.07,N,0
40.08479,-120.73534,298.31,0.53,0.67,2021-08-20,1058,N,VIIRS,n,2,285.4,1.42,N,0
40.08551,-120.78239,338.47,0.53,0.67,2021-08-20,1058,N,VIIRS,n,2,290.47,6.08,N,0
40.08562,-120.69894,310.67,0.53,0.67,2021-08-20,1058,N,VIIRS,n,2,285.53,5.3,N,0
40.08611,-120.76645,322.68,0.53,0.67,2021-08-20,1058,N,VIIRS,n,2,287.43,4.95,N,0
40.08622,-120.78874,326.87,0.52,0.67,2021-08-20,1058,N,VIIRS,n,2,288.34,4.38,N,0
40.08697,-120.78719,329.18,0.53,0.67,2021-08-20,1058,N,VIIRS,n,2,288.94,6.08,N,0
40.08706,-120.76521,316.77,0.53,0.67,2021-08-20,1058,N,VIIRS,n,2,287.24,5.13,N,0
40.0874,-121.12425,334.2,0.51,0.66,2021-08-20,1058,N,VIIRS,n,2,286.8,3.48,N,0
40.08757,-120.77122,317.5,0.53,0.67,2021-08-20,1058,N,VIIRS,n,2,287.64,4.95,N,0
40.0878,-121.12097,297.58,0.51,0.66,2021-08-20,1058,N,VIIRS,n,2,285.5,1.43,N,0
40.08783,-120.79396,300.54,0.52,0.67,2021-08-20,1058,N,VIIRS,n,2,285.92,4.38,N,0
40.08855,-120.79243,305.73,0.52,0.67,2021-08-20,1058,N,VIIRS,n,2,286.59,4.1,N,0
40.08858,-120.77023,316,0.53,0.67,2021-08-20,1058,N,VIIRS,n,2,287.48,4.13,N,0
40.08863,-121.1284,309.87,0.51,0.66,2021-08-20,1058,N,VIIRS,n,2,286.64,3.48,N,0
40.08901,-120.70999,355.45,0.53,0.67,2021-08-20,1058,N,VIIRS,n,2,292.79,5.3,N,0
40.08904,-120.77597,331.51,0.53,0.67,2021-08-20,1058,N,VIIRS,n,2,289.58,10.07,N,0
40.08907,-121.12514,335.97,0.51,0.66,2021-08-20,1058,N,VIIRS,n,2,288.09,2.82,N,0
40.08977,-121.10996,297.18,0.51,0.66,2021-08-20,1058,N,VIIRS,n,2,285.46,0.97,N,0
40.09003,-120.70799,337.62,0.53,0.67,2021-08-20,1058,N,VIIRS,n,2,290.07,7.68,N,0
40.09004,-120.77506,328.85,0.53,0.67,2021-08-20,1058,N,VIIRS,n,2,289.2,4.13,N,0
40.09034,-121.12932,326.79,0.5,0.66,2021-08-20,1058,N,VIIRS,n,2,287.4,2.82,N,0
40.09051,-120.78073,326.3,0.53,0.67,2021-08-20,1058,N,VIIRS,n,2,289.84,10.07,N,0
40.09084,-120.71594,305.1,0.53,0.67,2021-08-20,1058,N,VIIRS,n,2,286.45,4.91,N,0
40.09109,-121.11439,296.03,0.51,0.66,2021-08-20,1058,N,VIIRS,n,2,285.77,0.97,N,0
40.09144,-121.1111,299.53,0.51,0.66,2021-08-20,1058,N,VIIRS,n,2,285.79,1.43,N,0
40.09152,-120.77995,326.43,0.53,0.67,2021-08-20,1058,N,VIIRS,n,2,289.5,6.07,N,0
40.09197,-120.78549,330.43,0.52,0.67,2021-08-20,1058,N,VIIRS,n,2,290.2,4.38,N,0
40.09201,-120.71458,306.18,0.53,0.67,2021-08-20,1058,N,VIIRS,n,2,287.3,7.68,N,0
40.09228,-121.11838,299.36,0.51,0.66,2021-08-20,1058,N,VIIRS,n,2,286.08,1.62,N,0
40.09271,-121.11526,298.09,0.51,0.66,2021-08-20,1058,N,VIIRS,n,2,285.95,1.43,N,0
40.09293,-120.78465,330.51,0.53,0.67,2021-08-20,1058,N,VIIRS,n,2,289.65,6.07,N,0
40.09341,-120.79015,310.16,0.52,0.67,2021-08-20,1058,N,VIIRS,n,2,287.05,4.38,N,0
40.09354,-121.12259,319.6,0.51,0.66,2021-08-20,1058,N,VIIRS,n,2,286.89,1.62,N,0
40.09369,-120.76915,317.51,0.53,0.67,2021-08-20,1058,N,VIIRS,n,2,287.28,2.91,N,0
40.09396,-121.1194,299.49,0.51,0.66,2021-08-20,1058,N,VIIRS,n,2,285.94,2.82,N,0
40.0943,-120.78918,304.92,0.52,0.67,2021-08-20,1058,N,VIIRS,n,2,286.25,3.81,N,0
40.09463,-120.76797,316.48,0.53,0.67,2021-08-20,1058,N,VIIRS,n,2,286.7,4.13,N,0
40.09494,-121.1273,307.17,0.51,0.66,2021-08-20,1058,N,VIIRS,n,2,285.46,3,N,0
40.09495,-120.70727,317.93,0.53,0.67,2021-08-20,1058,N,VIIRS,n,2,285.61,5.3,N,0
40.09532,-120.77442,322.03,0.53,0.67,2021-08-20,1058,N,VIIRS,n,2,288.73,3.72,N,0
40.09534,-121.12395,309.51,0.5,0.66,2021-08-20,1058,N,VIIRS,n,2,286.1,2.82,N,0
40.09614,-120.70585,308.7,0.53,0.67,2021-08-20,1058,N,VIIRS,n,2,284.54,1.47,N,0
40.09618,-121.1092,301.35,0.51,0.66,2021-08-20,1058,N,VIIRS,n,2,285.55,0.97,N,0
40.09626,-120.77336,319.7,0.53,0.67,2021-08-20,1058,N,VIIRS,n,2,288.56,4.13,N,0
40.0966,-121.10621,296.28,0.51,0.66,2021-08-20,1058,N,VIIRS,n,2,285.42,0.75,N,0
40.09679,-120.77924,330.77,0.53,0.67,2021-08-20,1058,N,VIIRS,n,2,289.79,3.72,N,0
40.0968,-120.71329,308.58,0.53,0.67,2021-08-20,1058,N,VIIRS,n,2,286.19,4.91,N,0
40.09761,-121.11399,295.94,0.51,0.66,2021-08-20,1058,N,VIIRS,n,2,284.82,1.62,N,0
40.09774,-120.77829,328.53,0.53,0.67,2021-08-20,1058,N,VIIRS,n,2,289.71,6.07,N,0
40.09793,-120.71181,307.42,0.53,0.67,2021-08-20,1058,N,VIIRS,n,2,285.27,1.47,N,0
40.09804,-121.11096,298.15,0.51,0.66,2021-08-20,1058,N,VIIRS,n,2,284.84,0.75,N,0
40.09813,-120.78359,337.08,0.52,0.67,2021-08-20,1058,N,VIIRS,n,2,290.07,3.8,N,0
40.09905,-120.78262,339.05,0.53,0.67,2021-08-20,1058,N,VIIRS,n,2,290.19,6.07,N,0
40.09941,-120.78776,302.23,0.52,0.67,2021-08-20,1058,N,VIIRS,n,2,285.95,3.8,N,0
40.09962,-120.76645,304.15,0.53,0.67,2021-08-20,1058,N,VIIRS,n,2,286.42,2.91,N,0
40.10032,-120.7868,309.36,0.52,0.67,2021-08-20,1058,N,VIIRS,n,2,286.32,3.81,N,0
40.10056,-120.76527,306.81,0.53,0.67,2021-08-20,1058,N,VIIRS,n,2,286.67,2.58,N,0
40.10071,-120.79195,310.53,0.52,0.67,2021-08-20,1058,N,VIIRS,n,2,286.42,3.47,N,0
40.1012,-120.77162,310.27,0.53,0.67,2021-08-20,1058,N,VIIRS,n,2,287.36,3.72,N,0
40.10159,-120.79101,316.69,0.52,0.67,2021-08-20,1058,N,VIIRS,n,2,286.53,3.81,N,0
40.10209,-120.7525,303.72,0.53,0.67,2021-08-20,1058,N,VIIRS,n,2,285.85,1.56,N,0
40.1021,-120.77042,307.58,0.53,0.67,2021-08-20,1058,N,VIIRS,n,2,287.04,2.58,N,0
40.10269,-120.77644,309.69,0.53,0.67,2021-08-20,1058,N,VIIRS,n,2,288.03,3.72,N,0
40.10289,-120.79534,300.25,0.52,0.67,2021-08-20,1058,N,VIIRS,n,2,284.49,3.47,N,0
40.10319,-120.75166,311.56,0.53,0.67,2021-08-20,1058,N,VIIRS,n,2,286.43,2.92,N,0
40.10355,-120.77522,304.18,0.53,0.67,2021-08-20,1058,N,VIIRS,n,2,287.28,1.61,N,0
40.10382,-120.75816,309.96,0.53,0.67,2021-08-20,1058,N,VIIRS,n,2,286.36,2.09,N,0
40.10407,-120.78094,315.05,0.52,0.67,2021-08-20,1058,N,VIIRS,n,2,287.81,3.8,N,0
40.10417,-120.71526,297.02,0.53,0.67,2021-08-20,1058,N,VIIRS,n,2,284.53,1.24,N,0
40.10477,-120.75688,311.93,0.53,0.67,2021-08-20,1058,N,VIIRS,n,2,286.48,2.92,N,0
40.10495,-120.77985,301.95,0.53,0.67,2021-08-20,1058,N,VIIRS,n,2,286.38,1.61,N,0
40.10542,-120.78534,308.64,0.52,0.67,2021-08-20,1058,N,VIIRS,n,2,286.68,3.8,N,0
40.10547,-120.76353,302.73,0.53,0.67,2021-08-20,1058,N,VIIRS,n,2,286.33,2.09,N,0
40.10632,-120.78437,299.75,0.52,0.67,2021-08-20,1058,N,VIIRS,n,2,286.16,3.57,N,0
40.10674,-120.71865,300.68,0.53,0.67,2021-08-20,1058,N,VIIRS,n,2,285.09,1.82,N,0
40.10683,-120.78994,303.75,0.52,0.67,2021-08-20,1058,N,VIIRS,n,2,285.9,3.47,N,0
40.10821,-120.7944,318.55,0.52,0.67,2021-08-20,1058,N,VIIRS,n,2,287.23,3.47,N,0
40.10829,-120.75071,303.55,0.53,0.67,2021-08-20,1058,N,VIIRS,n,2,285.61,1.56,N,0
40.10909,-120.79359,315.45,0.52,0.67,2021-08-20,1058,N,VIIRS,n,2,287.03,3.3,N,0
40.10958,-120.79889,347.89,0.52,0.67,2021-08-20,1058,N,VIIRS,n,2,288.4,10.86,N,0
40.11043,-120.79804,347.4,0.52,0.67,2021-08-20,1058,N,VIIRS,n,2,288.45,3.3,N,0
40.11126,-120.71632,303.54,0.53,0.67,2021-08-20,1058,N,VIIRS,n,2,283.97,1.37,N,0
40.11297,-120.7219,296.38,0.53,0.67,2021-08-20,1058,N,VIIRS,n,2,284.23,1.37,N,0
40.11417,-120.79189,298.36,0.52,0.67,2021-08-20,1058,N,VIIRS,n,2,285.9,5.35,N,0
40.11491,-120.79054,307.23,0.52,0.67,2021-08-20,1058,N,VIIRS,n,2,285.94,3.3,N,0
40.11527,-120.68522,304.03,0.53,0.67,2021-08-20,1058,N,VIIRS,n,2,283.21,1.21,N,0
40.11545,-120.79604,297.54,0.52,0.67,2021-08-20,1058,N,VIIRS,n,2,285.03,4.91,N,0
40.11617,-120.79474,302.11,0.52,0.67,2021-08-20,1058,N,VIIRS,n,2,285.16,3.3,N,0
40.11668,-120.68984,295.02,0.53,0.67,2021-08-20,1058,N,VIIRS,n,2,283.14,1.27,N,0
40.11738,-120.71421,304.47,0.53,0.67,2021-08-20,1058,N,VIIRS,n,2,284,1.9,N,0
40.11929,-120.78658,348.28,0.52,0.67,2021-08-20,1058,N,VIIRS,n,2,289.46,5.35,N,0
40.12001,-120.78512,344.6,0.52,0.67,2021-08-20,1058,N,VIIRS,n,2,288.56,5.87,N,0
40.12057,-120.68041,312.18,0.53,0.67,2021-08-20,1058,N,VIIRS,n,2,285.43,4.39,N,0
40.12074,-120.79131,322.88,0.52,0.67,2021-08-20,1058,N,VIIRS,n,2,284.37,4.91,N,0
40.12126,-120.72688,300.57,0.53,0.67,2021-08-20,1058,N,VIIRS,n,2,284.21,2.05,N,0
40.1215,-120.79009,318.3,0.52,0.67,2021-08-20,1058,N,VIIRS,n,2,283.15,5.87,N,0
40.12223,-120.68584,320.06,0.53,0.67,2021-08-20,1058,N,VIIRS,n,2,284.99,3.26,N,0
40.12611,-120.72066,306.91,0.53,0.67,2021-08-20,1058,N,VIIRS,n,2,283.81,1.9,N,0
40.12792,-120.68231,305.78,0.53,0.67,2021-08-20,1058,N,VIIRS,n,2,283.55,3.26,N,0
40.1465,-120.76535,303.29,0.52,0.67,2021-08-20,1058,N,VIIRS,n,2,284.83,1.77,N,0
40.16294,-120.52956,300.05,0.54,0.68,2021-08-20,1058,N,VIIRS,n,2,280.34,2.53,N,0
40.16366,-120.53664,307.31,0.54,0.68,2021-08-20,1058,N,VIIRS,n,2,283.15,2.53,N,0
40.16474,-120.53553,310.07,0.54,0.68,2021-08-20,1058,N,VIIRS,n,2,283.24,4.05,N,0
40.16563,-120.52094,305.69,0.54,0.68,2021-08-20,1058,N,VIIRS,n,2,277.72,2.12,N,0
40.16764,-120.52744,313.54,0.54,0.68,2021-08-20,1058,N,VIIRS,n,2,280.15,2.53,N,0
40.16947,-120.53339,307.48,0.54,0.68,2021-08-20,1058,N,VIIRS,n,2,282.03,2.53,N,0
40.16997,-120.51289,322.87,0.54,0.68,2021-08-20,1058,N,VIIRS,n,2,282.39,2.91,N,0
40.1717,-120.51847,325.59,0.54,0.68,2021-08-20,1058,N,VIIRS,n,2,280.25,2.91,N,0
40.17319,-120.72014,328.58,0.53,0.67,2021-08-20,1058,N,VIIRS,n,2,282.88,2.26,N,0
40.17352,-120.52438,316.72,0.54,0.68,2021-08-20,1058,N,VIIRS,n,2,280.53,2.81,N,0
40.17493,-120.72585,295.68,0.53,0.67,2021-08-20,1058,N,VIIRS,n,2,281.57,2.26,N,0
40.17547,-120.53074,312.82,0.54,0.68,2021-08-20,1058,N,VIIRS,n,2,282.21,2.81,N,0
40.17577,-120.50954,326.47,0.54,0.68,2021-08-20,1058,N,VIIRS,n,2,284.62,2.91,N,0
40.17731,-120.53672,321.84,0.54,0.68,2021-08-20,1058,N,VIIRS,n,2,282.95,5.87,N,0
40.17764,-120.51562,300.17,0.54,0.68,2021-08-20,1058,N,VIIRS,n,2,281.92,2.91,N,0
40.17818,-120.71559,298.89,0.53,0.67,2021-08-20,1058,N,VIIRS,n,2,281.66,2.36,N,0
40.17843,-120.71516,298.1,0.53,0.67,2021-08-20,1058,N,VIIRS,n,2,281.55,2.26,N,0
40.17947,-120.52155,296.31,0.54,0.68,2021-08-20,1058,N,VIIRS,n,2,282.15,2.81,N,0
40.17999,-120.72145,321.63,0.53,0.67,2021-08-20,1058,N,VIIRS,n,2,284.3,3.38,N,0
40.18021,-120.72105,321.46,0.53,0.67,2021-08-20,1058,N,VIIRS,n,2,284.68,2.26,N,0
40.1807,-120.54774,295.75,0.54,0.68,2021-08-20,1058,N,VIIRS,n,2,283.3,1.16,N,0
40.18086,-120.43725,299.02,0.54,0.68,2021-08-20,1058,N,VIIRS,n,2,281.31,1.04,N,0
40.18172,-120.72707,306.4,0.53,0.67,2021-08-20,1058,N,VIIRS,n,2,282.54,3.38,N,0
40.18193,-120.72672,308.61,0.53,0.67,2021-08-20,1058,N,VIIRS,n,2,282.88,4.54,N,0
40.18232,-120.553,299.65,0.54,0.68,2021-08-20,1058,N,VIIRS,n,2,282.97,1.16,N,0
40.18363,-120.73325,325.22,0.53,0.67,2021-08-20,1058,N,VIIRS,n,2,284.05,8.09,N,0
40.18381,-120.73294,330.05,0.53,0.67,2021-08-20,1058,N,VIIRS,n,2,284.35,4.54,N,0
40.18521,-120.71648,297.52,0.53,0.67,2021-08-20,1058,N,VIIRS,n,2,280.81,3.38,N,0
40.18544,-120.71606,296.67,0.53,0.67,2021-08-20,1058,N,VIIRS,n,2,280.96,1.2,N,0
40.18701,-120.72231,320.22,0.53,0.67,2021-08-20,1058,N,VIIRS,n,2,283.27,3.38,N,0
40.18703,-120.54617,295.23,0.54,0.68,2021-08-20,1058,N,VIIRS,n,2,284.02,1.16,N,0
40.18722,-120.72192,317.69,0.53,0.67,2021-08-20,1058,N,VIIRS,n,2,282.93,5.55,N,0
40.18864,-120.55141,303.95,0.54,0.68,2021-08-20,1058,N,VIIRS,n,2,284.19,1.16,N,0
40.18896,-120.72864,344.88,0.53,0.67,2021-08-20,1058,N,VIIRS,n,2,287,8.09,N,0
40.18914,-120.72828,341.31,0.53,0.67,2021-08-20,1058,N,VIIRS,n,2,285.95,5.55,N,0
40.19023,-120.55658,313.4,0.54,0.68,2021-08-20,1058,N,VIIRS,n,2,282.76,3.14,N,0
40.19291,-120.47652,299.44,0.54,0.68,2021-08-20,1058,N,VIIRS,n,2,282.52,0.98,N,0
40.19496,-120.54987,309.52,0.54,0.68,2021-08-20,1058,N,VIIRS,n,2,284.76,1.42,N,0
40.1976,-120.64687,303.82,0.53,0.67,2021-08-20,1058,N,VIIRS,n,2,276.88,0.63,N,0
40.19811,-120.64611,302.41,0.53,0.67,2021-08-20,1058,N,VIIRS,n,2,277.06,0.62,N,0
40.20094,-120.54716,296.82,0.54,0.68,2021-08-20,1058,N,VIIRS,n,2,283.1,1.42,N,0
40.22134,-121.03405,302.64,0.51,0.66,2021-08-20,1058,N,VIIRS,n,2,286.29,1.24,N,0
40.23249,-120.52428,299.07,0.54,0.68,2021-08-20,1058,N,VIIRS,n,2,281.98,0.86,N,0
40.23413,-120.52228,298.94,0.54,0.68,2021-08-20,1058,N,VIIRS,n,2,282.5,1.42,N,0
40.23457,-120.531,301.62,0.54,0.68,2021-08-20,1058,N,VIIRS,n,2,283.59,2.02,N,0
40.23616,-120.52896,308.61,0.54,0.68,2021-08-20,1058,N,VIIRS,n,2,283.88,1.42,N,0
40.24033,-120.52758,312.05,0.54,0.68,2021-08-20,1058,N,VIIRS,n,2,283.16,2.02,N,0
40.24194,-120.52563,313.71,0.54,0.68,2021-08-20,1058,N,VIIRS,n,2,283.12,2.51,N,0
40.24605,-120.52407,317.51,0.54,0.68,2021-08-20,1058,N,VIIRS,n,2,285.38,1.97,N,0
40.2475,-120.52155,313.65,0.54,0.68,2021-08-20,1058,N,VIIRS,n,2,286.5,2.51,N,0
40.25111,-120.51842,296.9,0.54,0.68,2021-08-20,1058,N,VIIRS,n,2,285.41,1.97,N,0
40.27387,-120.89895,298.12,0.51,0.66,2021-08-20,1058,N,VIIRS,n,2,283.3,1.25,N,0
40.27463,-120.8987,297.02,0.51,0.66,2021-08-20,1058,N,VIIRS,n,2,283.25,1.54,N,0
40.27537,-120.90398,298.33,0.51,0.66,2021-08-20,1058,N,VIIRS,n,2,280.34,1.25,N,0
40.27615,-120.90371,297.5,0.51,0.66,2021-08-20,1058,N,VIIRS,n,2,279.99,1.57,N,0
40.30579,-120.91349,315.31,0.51,0.66,2021-08-20,1058,N,VIIRS,n,2,283.26,4.51,N,0
40.3073,-120.91846,322.69,0.51,0.66,2021-08-20,1058,N,VIIRS,n,2,283.88,6.03,N,0
40.30913,-121.51109,296.85,0.48,0.65,2021-08-20,1058,N,VIIRS,n,2,281.93,1.34,N,0
40.31209,-121.50998,296.96,0.48,0.64,2021-08-20,1058,N,VIIRS,n,2,283.99,1.17,N,0
40.31234,-121.50004,299.04,0.48,0.65,2021-08-20,1058,N,VIIRS,n,2,283.81,1.08,N,0
40.31332,-121.42747,322.09,0.48,0.65,2021-08-20,1058,N,VIIRS,n,2,284.92,4.17,N,0
40.31363,-121.50441,297.5,0.48,0.65,2021-08-20,1058,N,VIIRS,n,2,285.03,1.34,N,0
40.31493,-121.43282,332.41,0.48,0.65,2021-08-20,1058,N,VIIRS,n,2,285.42,3.7,N,0
40.3153,-121.49909,299.64,0.48,0.65,2021-08-20,1058,N,VIIRS,n,2,284.84,1.62,N,0
40.31656,-121.49242,302.45,0.48,0.65,2021-08-20,1058,N,VIIRS,n,2,285.28,0.86,N,0
40.31662,-121.5035,300.61,0.48,0.65,2021-08-20,1058,N,VIIRS,n,2,285.76,1.62,N,0
40.31663,-121.43852,298.54,0.48,0.65,2021-08-20,1058,N,VIIRS,n,2,283.12,3.7,N,0
40.31672,-121.42663,344.4,0.48,0.65,2021-08-20,1058,N,VIIRS,n,2,291.2,7.87,N,0
40.31812,-121.4977,295.59,0.48,0.65,2021-08-20,1058,N,VIIRS,n,2,285.35,0.86,N,0
40.31836,-121.43224,341.19,0.48,0.65,2021-08-20,1058,N,VIIRS,n,2,290.05,7.87,N,0
40.31916,-121.49035,310.31,0.48,0.65,2021-08-20,1058,N,VIIRS,n,2,286.38,1.77,N,0
40.31953,-121.4265,330.13,0.48,0.65,2021-08-20,1058,N,VIIRS,n,2,289.39,2.03,N,0
40.32002,-121.43793,320.26,0.48,0.65,2021-08-20,1058,N,VIIRS,n,2,286.42,3.39,N,0
40.32064,-120.87437,295.62,0.51,0.66,2021-08-20,1058,N,VIIRS,n,2,283.63,1.51,N,0
40.32121,-121.43211,322,0.48,0.65,2021-08-20,1058,N,VIIRS,n,2,289.13,5.09,N,0
40.3215,-121.4872,300.22,0.48,0.65,2021-08-20,1058,N,VIIRS,n,2,285.39,0.86,N,0
40.32153,-121.44308,295.3,0.48,0.65,2021-08-20,1058,N,VIIRS,n,2,285.14,3.39,N,0
40.32284,-121.43758,323.03,0.48,0.65,2021-08-20,1058,N,VIIRS,n,2,287.86,5.09,N,0
40.32299,-121.45978,297.64,0.48,0.65,2021-08-20,1058,N,VIIRS,n,2,283.97,1.12,N,0
40.32305,-121.44828,296.09,0.48,0.65,2021-08-20,1058,N,VIIRS,n,2,285.19,1.65,N,0
40.32363,-121.41847,301.02,0.48,0.65,2021-08-20,1058,N,VIIRS,n,2,285.25,2.03,N,0
40.32442,-121.44289,312.98,0.48,0.65,2021-08-20,1058,N,VIIRS,n,2,286.81,2.65,N,0
40.32458,-121.46513,307.59,0.48,0.65,2021-08-20,1058,N,VIIRS,n,2,284.63,1.23,N,0
40.32464,-121.4537,313.52,0.48,0.65,2021-08-20,1058,N,VIIRS,n,2,286.33,1.65,N,0
40.32527,-121.42395,299.86,0.48,0.65,2021-08-20,1058,N,VIIRS,n,2,285.57,2.03,N,0
40.32542,-120.86816,299,0.51,0.66,2021-08-20,1058,N,VIIRS,n,2,284.77,1.56,N,0
40.32607,-121.47011,303.76,0.48,0.65,2021-08-20,1058,N,VIIRS,n,2,283.81,1.23,N,0
40.32607,-121.44837,303.75,0.48,0.65,2021-08-20,1058,N,VIIRS,n,2,286.74,2.65,N,0
40.32629,-121.45937,306.94,0.48,0.65,2021-08-20,1058,N,VIIRS,n,2,286.9,2.55,N,0
40.3275,-121.50768,298.8,0.48,0.64,2021-08-20,1058,N,VIIRS,n,2,285.67,1.74,N,0
40.32773,-121.45395,321.33,0.48,0.65,2021-08-20,1058,N,VIIRS,n,2,289.18,2.69,N,0
40.32778,-121.46446,310.25,0.48,0.65,2021-08-20,1058,N,VIIRS,n,2,287.3,2.55,N,0
40.32825,-120.87755,301.47,0.51,0.66,2021-08-20,1058,N,VIIRS,n,2,284.83,1.51,N,0
40.32911,-121.46897,311.8,0.48,0.65,2021-08-20,1058,N,VIIRS,n,2,286.05,1.82,N,0
40.32913,-121.41514,305.06,0.48,0.65,2021-08-20,1058,N,VIIRS,n,2,284.91,1.28,N,0
40.32934,-121.45938,308.84,0.48,0.65,2021-08-20,1058,N,VIIRS,n,2,288.58,2.69,N,0
40.32969,-120.8602,295.12,0.51,0.66,2021-08-20,1058,N,VIIRS,n,2,283.25,2.25,N,0
40.33031,-121.1997,315.76,0.49,0.65,2021-08-20,1058,N,VIIRS,n,2,283.61,2.7,N,0
40.33032,-121.44089,317.82,0.48,0.65,2021-08-20,1058,N,VIIRS,n,2,289.01,2.65,N,0
40.33046,-121.4736,301.87,0.48,0.65,2021-08-20,1058,N,VIIRS,n,2,282.22,1.82,N,0
40.33052,-121.5067,296.39,0.48,0.64,2021-08-20,1058,N,VIIRS,n,2,285.41,1.29,N,0
40.33073,-121.464,306.17,0.48,0.65,2021-08-20,1058,N,VIIRS,n,2,287.78,1.92,N,0
40.33085,-121.42091,298.7,0.48,0.65,2021-08-20,1058,N,VIIRS,n,2,285.93,1.28,N,0
40.33192,-121.44627,315.52,0.48,0.65,2021-08-20,1058,N,VIIRS,n,2,288.09,2.65,N,0
40.332,-121.46826,304.12,0.48,0.65,2021-08-20,1058,N,VIIRS,n,2,286.45,1.92,N,0
40.33256,-121.19855,308.63,0.49,0.65,2021-08-20,1058,N,VIIRS,n,2,284.7,1.67,N,0
40.33329,-121.50543,301.47,0.48,0.64,2021-08-20,1058,N,VIIRS,n,2,285.67,1.22,N,0
40.33335,-121.47281,306.39,0.48,0.65,2021-08-20,1058,N,VIIRS,n,2,284.29,2.12,N,0
40.33345,-121.45139,310.42,0.48,0.65,2021-08-20,1058,N,VIIRS,n,2,289.73,2.69,N,0
40.33435,-120.87567,310.94,0.51,0.66,2021-08-20,1058,N,VIIRS,n,2,284.74,4.28,N,0
40.33493,-121.45635,306.16,0.48,0.65,2021-08-20,1058,N,VIIRS,n,2,288.35,2.69,N,0
40.33519,-121.41367,312.58,0.48,0.65,2021-08-20,1058,N,VIIRS,n,2,286.77,1.28,N,0
40.3358,-120.88051,305.99,0.51,0.66,2021-08-20,1058,N,VIIRS,n,2,283.86,3.68,N,0
40.33632,-121.50442,307.57,0.48,0.64,2021-08-20,1058,N,VIIRS,n,2,287.11,1.29,N,0
40.33636,-121.46119,299.62,0.48,0.65,2021-08-20,1058,N,VIIRS,n,2,287.56,1.92,N,0
40.33735,-121.44273,301.4,0.48,0.65,2021-08-20,1058,N,VIIRS,n,2,286.37,1.92,N,0
40.33905,-121.50305,300.34,0.48,0.64,2021-08-20,1058,N,VIIRS,n,2,286.15,1.22,N,0
40.33905,-121.44843,299.83,0.48,0.65,2021-08-20,1058,N,VIIRS,n,2,287.28,2.41,N,0
40.34002,-120.87237,335.77,0.51,0.66,2021-08-20,1058,N,VIIRS,n,2,288.5,4.28,N,0
40.3401,-120.87278,335.57,0.51,0.66,2021-08-20,1058,N,VIIRS,n,2,288.14,2.75,N,0
40.3414,-120.87698,307.24,0.51,0.66,2021-08-20,1058,N,VIIRS,n,2,284.25,3.68,N,0
40.3415,-120.87737,307.04,0.51,0.66,2021-08-20,1058,N,VIIRS,n,2,284.37,2.75,N,0
40.34526,-121.40388,302.95,0.48,0.65,2021-08-20,1058,N,VIIRS,n,2,285.09,1.77,N,0
40.34526,-120.86761,306.81,0.51,0.66,2021-08-20,1058,N,VIIRS,n,2,285.31,2.87,N,0
40.34533,-120.8681,307.74,0.51,0.66,2021-08-20,1058,N,VIIRS,n,2,285.63,2.75,N,0
40.34553,-121.42663,311.86,0.48,0.65,2021-08-20,1058,N,VIIRS,n,2,286.65,2.09,N,0
40.34676,-120.8726,304.77,0.51,0.66,2021-08-20,1058,N,VIIRS,n,2,284.53,2.32,N,0
40.34685,-120.87302,304.96,0.51,0.66,2021-08-20,1058,N,VIIRS,n,2,284.81,2.75,N,0
40.34708,-121.43182,313.83,0.48,0.65,2021-08-20,1058,N,VIIRS,n,2,285.5,1.89,N,0
40.34821,-120.87743,326.8,0.51,0.66,2021-08-20,1058,N,VIIRS,n,2,285.78,2.32,N,0
40.34832,-120.87782,325.39,0.51,0.66,2021-08-20,1058,N,VIIRS,n,2,286.03,5.55,N,0
40.34875,-121.43745,298.78,0.48,0.65,2021-08-20,1058,N,VIIRS,n,2,285.94,1.89,N,0
40.34966,-121.41868,303.44,0.48,0.65,2021-08-20,1058,N,VIIRS,n,2,286.38,2.09,N,0
40.35041,-121.44306,299.2,0.48,0.65,2021-08-20,1058,N,VIIRS,n,2,285.8,1.72,N,0
40.35053,-121.39977,301.79,0.48,0.65,2021-08-20,1058,N,VIIRS,n,2,285.17,1.19,N,0
40.35205,-121.40489,298.94,0.48,0.65,2021-08-20,1058,N,VIIRS,n,2,284.98,1.85,N,0
40.3523,-120.8689,296.42,0.51,0.66,2021-08-20,1058,N,VIIRS,n,2,284.78,2.32,N,0
40.35239,-120.86934,296.87,0.51,0.66,2021-08-20,1058,N,VIIRS,n,2,284.72,1.55,N,0
40.35245,-120.84714,297.99,0.51,0.66,2021-08-20,1058,N,VIIRS,n,2,284.77,0.99,N,0
40.35247,-121.3844,306.91,0.48,0.65,2021-08-20,1058,N,VIIRS,n,2,285.58,1.94,N,0
40.35248,-120.84779,298.51,0.51,0.66,2021-08-20,1058,N,VIIRS,n,2,285.05,1.27,N,0
40.35328,-121.07082,320.11,0.5,0.66,2021-08-20,1058,N,VIIRS,n,2,287.05,3.4,N,0
40.3541,-121.38991,297.8,0.48,0.65,2021-08-20,1058,N,VIIRS,n,2,286.33,1.19,N,0
40.35427,-120.85322,300.33,0.51,0.66,2021-08-20,1058,N,VIIRS,n,2,285.18,1.67,N,0
40.35435,-120.85389,299.99,0.51,0.66,2021-08-20,1058,N,VIIRS,n,2,285.14,1.27,N,0
40.35551,-121.46023,299.86,0.48,0.65,2021-08-20,1058,N,VIIRS,n,2,284.92,1.19,N,0
40.35574,-121.39542,297.28,0.48,0.65,2021-08-20,1058,N,VIIRS,n,2,285.37,1.19,N,0
40.35613,-120.83788,295.42,0.51,0.66,2021-08-20,1058,N,VIIRS,n,2,284.02,0.96,N,0
40.35614,-120.8372,295.13,0.51,0.66,2021-08-20,1058,N,VIIRS,n,2,284.04,0.99,N,0
40.3562,-120.8597,296.41,0.51,0.66,2021-08-20,1058,N,VIIRS,n,2,285.18,1.67,N,0
40.35631,-120.86032,296.63,0.51,0.66,2021-08-20,1058,N,VIIRS,n,2,285.31,1.55,N,0
40.35782,-120.8428,299.45,0.51,0.66,2021-08-20,1058,N,VIIRS,n,2,284.72,0.99,N,0
40.35785,-120.84349,299.02,0.51,0.66,2021-08-20,1058,N,VIIRS,n,2,284.57,2.51,N,0
40.3585,-121.36088,295.13,0.48,0.65,2021-08-20,1058,N,VIIRS,n,2,282.37,0.25,N,0
40.35952,-121.38627,300.11,0.48,0.65,2021-08-20,1058,N,VIIRS,n,2,286.12,1.79,N,0
40.36008,-120.82892,298,0.51,0.66,2021-08-20,1058,N,VIIRS,n,2,284.08,0.96,N,0
40.36012,-120.82818,297.6,0.51,0.66,2021-08-20,1058,N,VIIRS,n,2,283.86,1.5,N,0
40.36168,-120.83414,298.05,0.51,0.66,2021-08-20,1058,N,VIIRS,n,2,283.93,0.96,N,0
40.36171,-120.8335,298.35,0.51,0.66,2021-08-20,1058,N,VIIRS,n,2,283.91,2.65,N,0
40.36555,-120.82495,301.14,0.51,0.66,2021-08-20,1058,N,VIIRS,n,2,284.72,2.78,N,0
40.36557,-120.82413,301.02,0.51,0.66,2021-08-20,1058,N,VIIRS,n,2,284.53,1.5,N,0
40.37075,-121.10699,306.6,0.5,0.66,2021-08-20,1058,N,VIIRS,n,2,283.82,2.56,N,0
40.37615,-121.39861,298.12,0.48,0.65,2021-08-20,1058,N,VIIRS,n,2,285.89,1.05,N,0
40.38203,-121.39655,304.24,0.48,0.65,2021-08-20,1058,N,VIIRS,n,2,288.21,1.05,N,0
40.38529,-121.3948,304.98,0.48,0.65,2021-08-20,1058,N,VIIRS,n,2,287.08,1.82,N,0
40.3871,-121.40082,305.42,0.48,0.65,2021-08-20,1058,N,VIIRS,n,2,286.84,1.82,N,0
40.38789,-121.39449,299.07,0.48,0.65,2021-08-20,1058,N,VIIRS,n,2,286,2.15,N,0
40.38971,-121.40064,300.63,0.48,0.65,2021-08-20,1058,N,VIIRS,n,2,286.32,2.28,N,0
40.41964,-121.11658,297.11,0.5,0.66,2021-08-20,1058,N,VIIRS,n,2,282.25,0.9,N,0
40.42104,-121.11632,305.12,0.5,0.65,2021-08-20,1058,N,VIIRS,n,2,283.18,1.22,N,0
40.42537,-121.1138,297.95,0.5,0.66,2021-08-20,1058,N,VIIRS,n,2,280.5,0.9,N,0
40.43213,-121.31233,298.06,0.49,0.65,2021-08-20,1058,N,VIIRS,n,2,281.68,1.77,N,0
40.43653,-121.30527,296.59,0.49,0.65,2021-08-20,1058,N,VIIRS,n,2,280.84,0.71,N,0
40.43788,-121.30981,299.55,0.49,0.65,2021-08-20,1058,N,VIIRS,n,2,280.96,0.71,N,0
40.46474,-121.42202,301.02,0.48,0.65,2021-08-20,1058,N,VIIRS,n,2,283.82,1.9,N,0
40.46516,-121.48874,295.35,0.48,0.64,2021-08-20,1058,N,VIIRS,n,2,280.46,0.99,N,0
40.46677,-121.42891,308.28,0.48,0.65,2021-08-20,1058,N,VIIRS,n,2,284.67,1.9,N,0
40.4691,-121.43678,305.12,0.48,0.64,2021-08-20,1058,N,VIIRS,n,2,282.53,2.24,N,0
40.46921,-121.32775,298.62,0.48,0.65,2021-08-20,1058,N,VIIRS,n,2,280.79,0.86,N,0
40.47028,-121.41892,310.34,0.48,0.65,2021-08-20,1058,N,VIIRS,n,2,283.97,2.28,N,0
40.47239,-121.42603,306.01,0.48,0.65,2021-08-20,1058,N,VIIRS,n,2,282.94,2.28,N,0
40.47421,-121.41034,301.71,0.48,0.65,2021-08-20,1058,N,VIIRS,n,2,283.29,2.12,N,0
40.47466,-121.43373,308.49,0.48,0.64,2021-08-20,1058,N,VIIRS,n,2,282.57,2.49,N,0
40.47478,-121.32465,297.19,0.48,0.65,2021-08-20,1058,N,VIIRS,n,2,281.05,0.86,N,0
40.47803,-121.33565,303.87,0.48,0.65,2021-08-20,1058,N,VIIRS,n,2,281.73,2.51,N,0
40.4785,-121.40301,297.8,0.48,0.65,2021-08-20,1058,N,VIIRS,n,2,281.03,2.02,N,0
40.48015,-121.40857,301.43,0.48,0.65,2021-08-20,1058,N,VIIRS,n,2,280.93,2.02,N,0
40.48055,-121.33465,298.33,0.48,0.65,2021-08-20,1058,N,VIIRS,n,2,280.32,1.25,N,0
40.48195,-121.32694,297.82,0.48,0.65,2021-08-20,1058,N,VIIRS,n,2,280.48,1.15,N,0
40.48447,-121.40131,323.96,0.48,0.65,2021-08-20,1058,N,VIIRS,n,2,284.48,2.02,N,0
40.48878,-121.394,308.05,0.48,0.65,2021-08-20,1058,N,VIIRS,n,2,282.09,4.2,N,0
40.4904,-121.39951,315.54,0.48,0.65,2021-08-20,1058,N,VIIRS,n,2,282.06,3.02,N,0
40.49119,-121.38025,308,0.48,0.65,2021-08-20,1058,N,VIIRS,n,2,282.56,1.79,N,0
40.49556,-121.3845,302.32,0.48,0.65,2021-08-20,1058,N,VIIRS,n,2,280.79,1.46,N,0
40.49851,-121.38316,298.86,0.48,0.65,2021-08-20,1058,N,VIIRS,n,2,280.91,1.72,N,0
40.49931,-121.37537,297.66,0.48,0.65,2021-08-20,1058,N,VIIRS,n,2,280.53,1.46,N,0
40.50011,-121.35645,304.75,0.48,0.65,2021-08-20,1058,N,VIIRS,n,2,279.26,1.08,N,0
40.50313,-121.35487,302.45,0.48,0.65,2021-08-20,1058,N,VIIRS,n,2,278.84,1.03,N,0
40.50488,-121.28574,298.99,0.48,0.65,2021-08-20,1058,N,VIIRS,n,2,279.2,0.79,N,0
40.52095,-121.20872,296.15,0.49,0.65,2021-08-20,1058,N,VIIRS,n,2,281.05,0.79,N,0
40.52281,-121.30219,327.82,0.48,0.65,2021-08-20,1058,N,VIIRS,n,2,280.03,3.62,N,0
40.52445,-121.30766,300.48,0.48,0.65,2021-08-20,1058,N,VIIRS,n,2,280.99,5.71,N,3
40.52703,-121.29456,312.68,0.48,0.65,2021-08-20,1058,N,VIIRS,n,2,280.64,3.62,N,0
40.52858,-121.29974,332.53,0.48,0.65,2021-08-20,1058,N,VIIRS,n,2,282.28,3.62,N,0
40.53139,-121.26561,300.3,0.48,0.65,2021-08-20,1058,N,VIIRS,n,2,280.17,1.16,N,0
40.53265,-121.29162,321.82,0.48,0.65,2021-08-20,1058,N,VIIRS,n,2,282.42,3.19,N,0
40.53547,-121.25745,296,0.49,0.65,2021-08-20,1058,N,VIIRS,n,2,279.71,1.65,N,0
40.53671,-121.28342,316.8,0.48,0.65,2021-08-20,1058,N,VIIRS,n,2,282.41,3.51,N,0
40.53823,-121.28852,306.17,0.48,0.65,2021-08-20,1058,N,VIIRS,n,2,281.51,3.19,N,0
40.54227,-121.28027,310.78,0.48,0.65,2021-08-20,1058,N,VIIRS,n,2,282.46,2.1,N,0
40.5468,-121.25179,295.63,0.49,0.65,2021-08-20,1058,N,VIIRS,n,2,279.67,2.18,N,0
40.5482,-121.27836,305.79,0.48,0.65,2021-08-20,1058,N,VIIRS,n,2,282.62,2.1,N,0
40.54958,-121.28299,310.39,0.48,0.65,2021-08-20,1058,N,VIIRS,n,2,282.11,4.16,N,0
40.5498,-121.26188,296.33,0.48,0.65,2021-08-20,1058,N,VIIRS,n,2,280.54,1.38,N,0
40.55135,-121.26708,312.26,0.48,0.65,2021-08-20,1058,N,VIIRS,n,2,281.5,1.38,N,0
40.55286,-121.27216,316.39,0.48,0.65,2021-08-20,1058,N,VIIRS,n,2,282.67,5.6,N,0
40.55423,-121.27679,343.7,0.48,0.65,2021-08-20,1058,N,VIIRS,n,2,285.98,5.6,N,0
40.55553,-121.28114,295.9,0.48,0.65,2021-08-20,1058,N,VIIRS,n,2,282.36,4.62,N,0
40.55688,-121.26383,296.58,0.48,0.65,2021-08-20,1058,N,VIIRS,n,2,280.34,1.38,N,0
41.41602,-121.90064,297.03,0.43,0.62,2021-08-20,1058,N,VIIRS,n,2,285.21,1.19,N,0
41.43094,-121.88833,299.07,0.43,0.62,2021-08-20,1058,N,VIIRS,n,2,285.35,1.39,N,0
41.43496,-121.88089,302.16,0.43,0.62,2021-08-20,1058,N,VIIRS,n,2,285.87,1.45,N,0
41.43739,-121.87868,304.48,0.43,0.62,2021-08-20,1058,N,VIIRS,n,2,286.1,1.53,N,0
41.44032,-121.87811,313.43,0.43,0.62,2021-08-20,1058,N,VIIRS,n,2,287,1.45,N,0
41.44172,-121.88298,306,0.43,0.62,2021-08-20,1058,N,VIIRS,n,2,285.01,2.62,N,0
41.44274,-121.87589,297.64,0.43,0.62,2021-08-20,1058,N,VIIRS,n,2,285.29,1.53,N,0
41.44417,-121.88075,318.25,0.43,0.62,2021-08-20,1058,N,VIIRS,n,2,286.97,1.53,N,0
41.44563,-121.88575,315.2,0.43,0.62,2021-08-20,1058,N,VIIRS,n,2,286.19,3.89,N,0
41.44709,-121.88027,328.03,0.43,0.62,2021-08-20,1058,N,VIIRS,n,2,287.76,3.66,N,0
41.44854,-121.88535,307.95,0.43,0.62,2021-08-20,1058,N,VIIRS,n,2,286.07,3.66,N,0
41.44937,-121.9312,302.23,0.42,0.61,2021-08-20,1058,N,VIIRS,n,2,283.77,1.95,N,0
41.44955,-121.87806,335.92,0.43,0.62,2021-08-20,1058,N,VIIRS,n,2,286.83,2.89,N,0
41.44968,-121.91079,298.47,0.42,0.61,2021-08-20,1058,N,VIIRS,n,2,284.51,1.95,N,0
41.45103,-121.88314,321.31,0.43,0.62,2021-08-20,1058,N,VIIRS,n,2,286.52,6.99,N,0
41.45128,-121.91644,303.75,0.42,0.61,2021-08-20,1058,N,VIIRS,n,2,283.98,1.7,N,0
41.45207,-121.92878,309.42,0.42,0.61,2021-08-20,1058,N,VIIRS,n,2,285.59,2.08,N,0
41.45222,-121.90828,297.94,0.42,0.61,2021-08-20,1058,N,VIIRS,n,2,284.48,1.91,N,0
41.45246,-121.87753,347.79,0.43,0.62,2021-08-20,1058,N,VIIRS,n,2,287.88,3.66,N,0
41.45295,-121.92225,312.81,0.42,0.61,2021-08-20,1058,N,VIIRS,n,2,284.57,1.7,N,0
41.45373,-121.93445,307.29,0.42,0.61,2021-08-20,1058,N,VIIRS,n,2,284.32,3.23,N,0
41.45385,-121.91385,323.59,0.42,0.61,2021-08-20,1058,N,VIIRS,n,2,285.96,1.91,N,0
41.45419,-121.89392,297.5,0.42,0.61,2021-08-20,1058,N,VIIRS,n,2,284.94,1.4,N,0
41.45461,-121.92807,312.65,0.42,0.61,2021-08-20,1058,N,VIIRS,n,2,285.93,1.95,N,0
41.45491,-121.87531,306.94,0.43,0.62,2021-08-20,1058,N,VIIRS,n,2,284.43,2.89,N,0
41.45543,-121.91922,310.31,0.42,0.61,2021-08-20,1058,N,VIIRS,n,2,284.03,2.08,N,0
41.45543,-121.88796,295.01,0.43,0.62,2021-08-20,1058,N,VIIRS,n,2,284.24,1.07,N,0
41.4565,-121.91321,311.76,0.42,0.61,2021-08-20,1058,N,VIIRS,n,2,285.25,1.24,N,0
41.45701,-121.92464,307.27,0.42,0.61,2021-08-20,1058,N,VIIRS,n,2,284.71,2.08,N,0
41.45702,-121.89349,302.52,0.42,0.61,2021-08-20,1058,N,VIIRS,n,2,285.66,1.07,N,0
41.45797,-121.91834,305.43,0.42,0.61,2021-08-20,1058,N,VIIRS,n,2,284.89,1.24,N,0
41.45834,-121.95023,325.79,0.42,0.61,2021-08-20,1058,N,VIIRS,n,2,283.46,3.2,N,0
41.45944,-121.92351,295.96,0.42,0.61,2021-08-20,1058,N,VIIRS,n,2,284.32,1.65,N,0
41.45951,-121.89108,313.15,0.42,0.61,2021-08-20,1058,N,VIIRS,n,2,287.28,1.4,N,0
41.46002,-121.95599,339.85,0.42,0.61,2021-08-20,1058,N,VIIRS,n,2,283.39,4.28,N,0
41.46075,-121.88506,303.55,0.43,0.62,2021-08-20,1058,N,VIIRS,n,2,285.73,4.22,N,0
41.4608,-121.94972,354.35,0.42,0.61,2021-08-20,1058,N,VIIRS,n,2,286.52,5.3,N,0
41.46199,-121.92065,297.82,0.42,0.61,2021-08-20,1058,N,VIIRS,n,2,284.3,0.85,N,0
41.46236,-121.89067,323.91,0.42,0.61,2021-08-20,1058,N,VIIRS,n,2,287.63,4.22,N,0
41.46263,-121.95614,304.91,0.42,0.61,2021-08-20,1058,N,VIIRS,n,2,281.75,5.3,N,0
41.46329,-121.88291,318.65,0.42,0.61,2021-08-20,1058,N,VIIRS,n,2,286.2,3.6,N,0
41.46352,-121.94694,299.42,0.42,0.61,2021-08-20,1058,N,VIIRS,n,2,284.3,3.2,N,0
41.46421,-121.9402,300.09,0.42,0.61,2021-08-20,1058,N,VIIRS,n,2,284.32,1.06,N,0
41.46491,-121.88844,367,0.42,0.61,2021-08-20,1058,N,VIIRS,h,2,291.88,5.46,N,0
41.46537,-121.93224,305.96,0.42,0.61,2021-08-20,1058,N,VIIRS,n,2,285.5,1.61,N,0
41.4656,-121.95404,300.2,0.42,0.61,2021-08-20,1058,N,VIIRS,n,2,283.21,4.28,N,0
41.46624,-121.88274,337.87,0.43,0.62,2021-08-20,1058,N,VIIRS,n,2,289.11,4.22,N,0
41.46681,-121.89498,318.6,0.42,0.61,2021-08-20,1058,N,VIIRS,n,2,286.68,5.46,N,0
41.46737,-121.93908,302.84,0.42,0.61,2021-08-20,1058,N,VIIRS,n,2,285.33,2.15,N,0
41.46751,-121.98159,296.67,0.42,0.61,2021-08-20,1058,N,VIIRS,n,2,280.85,0.63,N,0
41.46785,-121.88841,355.33,0.42,0.61,2021-08-20,1058,N,VIIRS,n,2,292.79,4.22,N,0
41.46835,-121.93322,300.55,0.42,0.61,2021-08-20,1058,N,VIIRS,n,2,284.52,1.06,N,0
41.46887,-121.8809,324.66,0.42,0.61,2021-08-20,1058,N,VIIRS,n,2,286.21,3.6,N,0
41.46967,-121.98077,295.77,0.42,0.61,2021-08-20,1058,N,VIIRS,n,2,280.88,0.51,N,0
41.47046,-121.88637,303.17,0.42,0.61,2021-08-20,1058,N,VIIRS,n,2,286.43,5.46,N,0
41.47285,-121.87341,326.07,0.43,0.62,2021-08-20,1058,N,VIIRS,n,2,286.49,2.92,N,0
41.47466,-121.97682,296.34,0.42,0.61,2021-08-20,1058,N,VIIRS,n,2,281.47,0.89,N,0
41.47472,-121.87985,306.91,0.42,0.61,2021-08-20,1058,N,VIIRS,n,2,283.32,2.92,N,0
41.48035,-121.87803,319.37,0.42,0.61,2021-08-20,1058,N,VIIRS,n,2,284.44,2.92,N,0
41.481,-121.98582,298.85,0.42,0.61,2021-08-20,1058,N,VIIRS,n,2,281.66,1.16,N,0
41.48205,-121.8839,355.59,0.42,0.61,2021-08-20,1058,N,VIIRS,n,2,288.94,8.34,N,0
41.4824,-121.99062,297.75,0.42,0.61,2021-08-20,1058,N,VIIRS,n,2,281.66,1.67,N,0
41.48351,-121.98647,307.85,0.42,0.61,2021-08-20,1058,N,VIIRS,n,2,282.8,1.4,N,0
41.48359,-121.88918,339.94,0.42,0.61,2021-08-20,1058,N,VIIRS,n,2,284.33,8.34,N,0
41.48361,-121.99479,306.07,0.42,0.61,2021-08-20,1058,N,VIIRS,n,2,282.4,1.67,N,0
41.48484,-121.99114,304.25,0.42,0.61,2021-08-20,1058,N,VIIRS,n,2,282.83,1.4,N,0
41.48509,-121.89437,296.86,0.42,0.61,2021-08-20,1058,N,VIIRS,n,2,281.83,3.83,N,0
41.48595,-122.00285,300.34,0.42,0.61,2021-08-20,1058,N,VIIRS,n,2,281.8,3.63,N,0
41.48604,-121.99536,311.79,0.42,0.61,2021-08-20,1058,N,VIIRS,n,2,283.41,1.56,N,0
41.48708,-121.88,309.46,0.42,0.61,2021-08-20,1058,N,VIIRS,n,2,283.79,1.3,N,0
41.48711,-122.00682,305.31,0.42,0.61,2021-08-20,1058,N,VIIRS,n,2,281.81,1.83,N,0
41.48719,-121.9994,295.1,0.42,0.61,2021-08-20,1058,N,VIIRS,n,2,281.92,1.56,N,0
41.48831,-122.00331,316.34,0.42,0.61,2021-08-20,1058,N,VIIRS,n,2,283.63,1.66,N,0
41.48866,-121.88545,306.69,0.42,0.61,2021-08-20,1058,N,VIIRS,n,2,282.07,1.3,N,0
41.48944,-122.00726,300.26,0.42,0.61,2021-08-20,1058,N,VIIRS,n,2,281.86,1.66,N,0
41.49301,-122.00606,305.46,0.42,0.61,2021-08-20,1058,N,VIIRS,n,2,282.79,1.83,N,0
41.49527,-122.00633,300.07,0.42,0.61,2021-08-20,1058,N,VIIRS,n,2,282.61,1.18,N,0
41.55602,-121.74918,321.57,0.43,0.62,2021-08-20,1058,N,VIIRS,n,2,282.73,2.06,N,0
41.565,-121.77996,296.62,0.43,0.62,2021-08-20,1058,N,VIIRS,n,2,281.81,1.6,N,0
40.03455,-120.79156,342.29,0.48,0.4,2021-08-20,2040,N,VIIRS,n,2,297.57,8.19,D,0
40.03558,-120.7862,345.45,0.48,0.4,2021-08-20,2040,N,VIIRS,n,2,300.82,32.31,D,0
40.04974,-120.72974,336.64,0.48,0.4,2021-08-20,2040,N,VIIRS,n,2,293.51,106.9,D,0
40.05046,-120.72876,343.21,0.48,0.4,2021-08-20,2040,N,VIIRS,n,2,294.81,24.32,D,0
40.0508,-120.72437,350.18,0.48,0.4,2021-08-20,2040,N,VIIRS,n,2,302.04,106.9,D,0
40.05149,-120.72336,352.82,0.48,0.4,2021-08-20,2040,N,VIIRS,n,2,308.43,55.59,D,0
40.05338,-120.73071,367,0.48,0.4,2021-08-20,2040,N,VIIRS,h,2,329.74,106.9,D,0
40.05409,-120.72973,367,0.48,0.4,2021-08-20,2040,N,VIIRS,h,2,344.45,117.41,D,0
40.05441,-120.72541,367,0.48,0.4,2021-08-20,2040,N,VIIRS,l,2,376.88,106.9,D,0
40.05511,-120.72437,367,0.48,0.4,2021-08-20,2040,N,VIIRS,h,2,371.89,142.63,D,0
40.05547,-120.72,346.62,0.48,0.4,2021-08-20,2040,N,VIIRS,n,2,300.7,75.59,D,0
40.05615,-120.71893,341.8,0.48,0.4,2021-08-20,2040,N,VIIRS,n,2,295.19,142.63,D,0
40.05675,-120.73574,337.44,0.48,0.4,2021-08-20,2040,N,VIIRS,n,2,296.78,117.41,D,0
40.05807,-120.72624,367,0.48,0.4,2021-08-20,2040,N,VIIRS,l,2,359.11,152.46,D,0
40.05818,-120.78422,348.08,0.48,0.4,2021-08-20,2040,N,VIIRS,n,2,300.08,9.43,D,0
40.05853,-120.74343,347.8,0.48,0.4,2021-08-20,2040,N,VIIRS,n,2,296.78,14.94,D,0
40.05877,-120.7252,367,0.48,0.4,2021-08-20,2040,N,VIIRS,l,2,356.68,142.63,D,0
40.05913,-120.72086,342.55,0.48,0.4,2021-08-20,2040,N,VIIRS,n,2,314.69,46.59,D,0
40.05927,-120.77866,330.71,0.48,0.4,2021-08-20,2040,N,VIIRS,n,2,296.52,4.36,D,0
40.0598,-120.71981,345.04,0.48,0.4,2021-08-20,2040,N,VIIRS,n,2,305.79,142.63,D,0
40.06087,-120.79004,343.31,0.48,0.4,2021-08-20,2040,N,VIIRS,n,2,310.91,27.36,D,0
40.06095,-120.75055,348.04,0.48,0.4,2021-08-20,2040,N,VIIRS,n,2,301.54,64.27,D,0
40.06155,-120.76707,354,0.48,0.4,2021-08-20,2040,N,VIIRS,n,2,304.89,18.21,D,0
40.06175,-120.72702,352.55,0.48,0.4,2021-08-20,2040,N,VIIRS,n,2,297.25,152.46,D,0
40.06209,-120.74475,350.79,0.48,0.4,2021-08-20,2040,N,VIIRS,n,2,296.77,19.2,D,0
40.06258,-120.76177,334.74,0.48,0.4,2021-08-20,2040,N,VIIRS,n,2,296.73,18.21,D,0
40.06281,-120.7216,350.97,0.48,0.4,2021-08-20,2040,N,VIIRS,n,2,299.61,46.59,D,0
40.06361,-120.79561,332.26,0.48,0.4,2021-08-20,2040,N,VIIRS,n,2,297.22,12.21,D,0
40.06387,-120.71618,353.38,0.48,0.4,2021-08-20,2040,N,VIIRS,n,2,305.51,46.59,D,0
40.06456,-120.75164,367,0.48,0.4,2021-08-20,2040,N,VIIRS,h,2,300.94,64.27,D,0
40.06458,-120.79066,339.11,0.48,0.4,2021-08-20,2040,N,VIIRS,n,2,297.89,27.36,D,0
40.06493,-120.71077,350.96,0.48,0.4,2021-08-20,2040,N,VIIRS,n,2,301.23,32.95,D,0
40.06556,-120.78564,336.08,0.48,0.4,2021-08-20,2040,N,VIIRS,n,2,298.43,27.36,D,0
40.06618,-120.8021,335.72,0.48,0.4,2021-08-20,2040,N,VIIRS,n,2,298.41,14.49,D,0
40.06628,-120.76247,351.72,0.48,0.4,2021-08-20,2040,N,VIIRS,n,2,296.93,16.31,D,0
40.06662,-120.78024,351.91,0.48,0.4,2021-08-20,2040,N,VIIRS,n,2,301.93,13.19,D,0
40.0673,-120.79635,342.52,0.48,0.4,2021-08-20,2040,N,VIIRS,n,2,301.44,14.49,D,0
40.06762,-120.7166,344.01,0.48,0.4,2021-08-20,2040,N,VIIRS,n,2,296.44,25.3,D,0
40.06775,-120.77447,340.6,0.48,0.4,2021-08-20,2040,N,VIIRS,n,2,296.56,13.19,D,0
40.06821,-120.75256,340.8,0.48,0.4,2021-08-20,2040,N,VIIRS,n,2,298.36,69.2,D,0
40.06828,-120.79134,333.57,0.48,0.4,2021-08-20,2040,N,VIIRS,n,2,299.09,29.87,D,0
40.06866,-120.71126,367,0.48,0.4,2021-08-20,2040,N,VIIRS,h,2,334.4,78.87,D,0
40.06926,-120.78631,353.9,0.48,0.4,2021-08-20,2040,N,VIIRS,n,2,303.84,29.87,D,0
40.06966,-120.70609,334.56,0.47,0.4,2021-08-20,2040,N,VIIRS,n,2,296.49,78.87,D,0
40.06981,-120.8031,335.06,0.48,0.4,2021-08-20,2040,N,VIIRS,n,2,297.26,14.49,D,0
40.0703,-120.78098,351.85,0.48,0.4,2021-08-20,2040,N,VIIRS,n,2,298.99,21.89,D,0
40.07091,-120.75832,334.49,0.48,0.4,2021-08-20,2040,N,VIIRS,n,2,294.74,69.2,D,0
40.07095,-120.7973,367,0.48,0.4,2021-08-20,2040,N,VIIRS,h,2,312.87,14.49,D,0
40.0714,-120.77537,354.55,0.48,0.4,2021-08-20,2040,N,VIIRS,n,2,300.44,21.89,D,0
40.07196,-120.79213,367,0.48,0.4,2021-08-20,2040,N,VIIRS,h,2,311.21,29.87,D,0
40.07241,-120.7116,349.25,0.48,0.4,2021-08-20,2040,N,VIIRS,n,2,300.66,78.87,D,0
40.07292,-120.78721,367,0.48,0.4,2021-08-20,2040,N,VIIRS,l,2,327.39,29.87,D,0
40.07394,-120.78195,355.21,0.48,0.4,2021-08-20,2040,N,VIIRS,n,2,299.18,21.89,D,0
40.0745,-120.79871,348.05,0.48,0.4,2021-08-20,2040,N,VIIRS,n,2,303.95,28.06,D,0
40.07502,-120.77644,344.16,0.48,0.4,2021-08-20,2040,N,VIIRS,n,2,297.07,21.89,D,0
40.07555,-120.79332,354.32,0.48,0.4,2021-08-20,2040,N,VIIRS,n,2,313.22,79.41,D,0
40.0762,-120.71176,349.79,0.48,0.4,2021-08-20,2040,N,VIIRS,n,2,297.66,46.87,D,0
40.07722,-120.70656,346.48,0.47,0.4,2021-08-20,2040,N,VIIRS,n,2,298.81,46.87,D,0
40.07756,-120.78303,352.56,0.48,0.4,2021-08-20,2040,N,VIIRS,n,2,304.08,39.27,D,0
40.07862,-120.7776,351.46,0.48,0.4,2021-08-20,2040,N,VIIRS,n,2,309.54,39.27,D,0
40.08011,-120.78957,348.86,0.48,0.4,2021-08-20,2040,N,VIIRS,n,2,297.52,79.41,D,0
40.08094,-120.70706,367,0.47,0.4,2021-08-20,2040,N,VIIRS,l,2,329.75,46.87,D,0
40.08112,-120.78437,348.64,0.48,0.4,2021-08-20,2040,N,VIIRS,n,2,314.13,39.27,D,0
40.08216,-120.77903,344.71,0.48,0.4,2021-08-20,2040,N,VIIRS,n,2,300.17,39.27,D,0
40.08329,-120.77329,350.56,0.48,0.4,2021-08-20,2040,N,VIIRS,n,2,302.74,58.76,D,0
40.08441,-120.76754,351.93,0.48,0.4,2021-08-20,2040,N,VIIRS,n,2,297.2,58.76,D,0
40.08457,-120.70799,347.18,0.47,0.4,2021-08-20,2040,N,VIIRS,n,2,302.81,67.35,D,0
40.08461,-120.7861,354.4,0.48,0.4,2021-08-20,2040,N,VIIRS,n,2,302.7,14.47,D,0
40.0857,-120.78054,339.07,0.48,0.4,2021-08-20,2040,N,VIIRS,n,2,295.02,14.47,D,0
40.08717,-120.71423,337.03,0.48,0.4,2021-08-20,2040,N,VIIRS,n,2,295.8,67.35,D,0
40.08811,-120.78778,345.94,0.48,0.4,2021-08-20,2040,N,VIIRS,n,2,295.29,14.47,D,0
40.0917,-120.78902,333.5,0.48,0.4,2021-08-20,2040,N,VIIRS,n,2,295.22,6.52,D,0
40.09183,-120.70988,336.77,0.47,0.4,2021-08-20,2040,N,VIIRS,l,2,311.76,130.13,D,0
40.09518,-120.77113,346.76,0.48,0.4,2021-08-20,2040,N,VIIRS,n,2,296.49,11.22,D,0
40.09647,-120.78419,343.09,0.48,0.4,2021-08-20,2040,N,VIIRS,n,2,296.02,6.52,D,0
40.09883,-120.79172,331.46,0.48,0.4,2021-08-20,2040,N,VIIRS,n,2,294.6,12.9,D,0
40.09901,-120.71221,349.67,0.47,0.4,2021-08-20,2040,N,VIIRS,n,2,294.86,8.05,D,0
40.10002,-120.7856,353.34,0.48,0.4,2021-08-20,2040,N,VIIRS,n,2,301.32,12.9,D,0
40.10239,-120.79308,342.63,0.48,0.4,2021-08-20,2040,N,VIIRS,n,2,295.57,12.9,D,0
40.10256,-120.71354,345.01,0.47,0.4,2021-08-20,2040,N,VIIRS,n,2,293.89,8.05,D,0
40.10455,-120.76227,351.85,0.48,0.4,2021-08-20,2040,N,VIIRS,n,2,304.92,33.02,D,0
40.10676,-120.75085,336.52,0.48,0.4,2021-08-20,2040,N,VIIRS,n,2,295.71,4.85,D,0
40.10963,-120.71641,343.49,0.47,0.4,2021-08-20,2040,N,VIIRS,n,2,301.65,88.3,D,0
40.11319,-120.71769,344.29,0.47,0.4,2021-08-20,2040,N,VIIRS,n,2,306.38,24.48,D,0
40.11572,-120.72429,352.89,0.48,0.4,2021-08-20,2040,N,VIIRS,n,2,298.36,24.48,D,0
40.11681,-120.71865,343.05,0.47,0.4,2021-08-20,2040,N,VIIRS,n,2,303.24,24.48,D,0
40.11789,-120.7131,348.4,0.47,0.4,2021-08-20,2040,N,VIIRS,n,2,299.97,134.62,D,0
40.11884,-120.78719,332.48,0.48,0.4,2021-08-20,2040,N,VIIRS,n,2,295.22,2.91,D,0
40.11969,-120.68411,354.83,0.47,0.4,2021-08-20,2040,N,VIIRS,n,2,312.34,35.74,D,0
40.12215,-120.69102,356.84,0.47,0.4,2021-08-20,2040,N,VIIRS,n,2,311.27,35.74,D,0
40.12322,-120.68552,349.77,0.47,0.4,2021-08-20,2040,N,VIIRS,n,2,303.02,35.74,D,0
40.12428,-120.68005,336.6,0.47,0.4,2021-08-20,2040,N,VIIRS,n,2,296.55,9.54,D,0
40.12518,-120.71478,342.21,0.47,0.4,2021-08-20,2040,N,VIIRS,l,2,312.22,85.38,D,0
40.12575,-120.69209,367,0.47,0.4,2021-08-20,2040,N,VIIRS,h,2,303.73,11.11,D,0
40.12679,-120.68675,339.34,0.47,0.4,2021-08-20,2040,N,VIIRS,n,2,297.19,11.11,D,0
40.14738,-120.48126,339.73,0.46,0.39,2021-08-20,2040,N,VIIRS,l,2,314.5,3.31,D,0
40.15941,-120.53674,332.34,0.47,0.39,2021-08-20,2040,N,VIIRS,n,2,304.75,4.68,D,0
40.16046,-120.53128,335.45,0.47,0.39,2021-08-20,2040,N,VIIRS,n,2,304.56,5.87,D,0
40.16097,-120.50885,344.39,0.47,0.39,2021-08-20,2040,N,VIIRS,n,2,312.97,6.17,D,0
40.16109,-120.46874,340.93,0.46,0.39,2021-08-20,2040,N,VIIRS,n,2,315.06,7.44,D,0
40.16248,-120.52072,344.37,0.47,0.39,2021-08-20,2040,N,VIIRS,n,2,310.11,10.49,D,0
40.16298,-120.53786,338.13,0.47,0.39,2021-08-20,2040,N,VIIRS,n,2,299.42,2.49,D,0
40.16401,-120.53244,343.63,0.47,0.39,2021-08-20,2040,N,VIIRS,n,2,306.89,33.43,D,0
40.16503,-120.52711,367,0.47,0.39,2021-08-20,2040,N,VIIRS,l,2,331.14,33.43,D,0
40.16604,-120.52184,351.61,0.47,0.39,2021-08-20,2040,N,VIIRS,n,2,314,20.87,D,0
40.16756,-120.53366,351.08,0.47,0.39,2021-08-20,2040,N,VIIRS,n,2,303.43,33.43,D,0
40.16859,-120.52827,341.49,0.47,0.39,2021-08-20,2040,N,VIIRS,n,2,304.98,33.43,D,0
40.1696,-120.52296,347.35,0.47,0.39,2021-08-20,2040,N,VIIRS,n,2,309,20.87,D,0
40.17065,-120.51747,343.67,0.47,0.39,2021-08-20,2040,N,VIIRS,n,2,312.74,20.87,D,0
40.17111,-120.53485,367,0.47,0.39,2021-08-20,2040,N,VIIRS,h,2,345.39,89.6,D,0
40.1717,-120.51197,346.97,0.47,0.39,2021-08-20,2040,N,VIIRS,n,2,312.45,16.3,D,0
40.17171,-120.61105,335.6,0.47,0.4,2021-08-20,2040,N,VIIRS,l,2,307.31,7.49,D,0
40.17215,-120.5294,367,0.47,0.39,2021-08-20,2040,N,VIIRS,h,2,340.15,89.6,D,0
40.17317,-120.52406,354.49,0.47,0.39,2021-08-20,2040,N,VIIRS,n,2,318.24,32.85,D,0
40.1742,-120.51866,342.55,0.47,0.39,2021-08-20,2040,N,VIIRS,n,2,307.63,32.85,D,0
40.17467,-120.53596,349.53,0.47,0.39,2021-08-20,2040,N,VIIRS,n,2,312.28,89.6,D,0
40.17524,-120.51317,352.93,0.47,0.39,2021-08-20,2040,N,VIIRS,n,2,308,9.54,D,0
40.17572,-120.5305,352.69,0.47,0.39,2021-08-20,2040,N,VIIRS,n,2,313.2,89.6,D,0
40.17625,-120.5079,350.42,0.47,0.39,2021-08-20,2040,N,VIIRS,n,2,308.98,9.54,D,0
40.17673,-120.52515,353.58,0.47,0.39,2021-08-20,2040,N,VIIRS,n,2,313.7,32.85,D,0
40.17861,-120.55501,345,0.47,0.4,2021-08-20,2040,N,VIIRS,n,2,300.82,8.95,D,0
40.1789,-120.43462,367,0.46,0.39,2021-08-20,2040,N,VIIRS,l,2,330.7,136.99,D,0
40.17928,-120.53161,337.43,0.47,0.39,2021-08-20,2040,N,VIIRS,n,2,303.66,4.2,D,0
40.1798,-120.50909,344.11,0.47,0.39,2021-08-20,2040,N,VIIRS,n,2,308.27,9.54,D,0
40.1803,-120.52625,333.78,0.47,0.39,2021-08-20,2040,N,VIIRS,l,2,303.87,3.45,D,0
40.18132,-120.52091,333.99,0.47,0.39,2021-08-20,2040,N,VIIRS,l,2,305.15,3.45,D,0
40.18326,-120.55039,336.73,0.47,0.4,2021-08-20,2040,N,VIIRS,n,2,298.7,5.5,D,0
40.1833,-120.43129,350.75,0.46,0.39,2021-08-20,2040,N,VIIRS,n,2,311.46,38.72,D,0
40.18434,-120.5447,331.65,0.47,0.39,2021-08-20,2040,N,VIIRS,n,2,300.7,5.5,D,0
40.18684,-120.55148,344.13,0.47,0.4,2021-08-20,2040,N,VIIRS,n,2,303.16,5.5,D,0
40.18691,-120.51139,337.1,0.47,0.39,2021-08-20,2040,N,VIIRS,n,2,306.88,4.11,D,0
40.19042,-120.5525,346.02,0.47,0.4,2021-08-20,2040,N,VIIRS,n,2,303.85,32.7,D,0
40.19449,-120.64896,333.77,0.47,0.4,2021-08-20,2040,N,VIIRS,l,2,308.71,6.62,D,0
40.19936,-120.54598,332.11,0.47,0.39,2021-08-20,2040,N,VIIRS,n,2,298.17,4.59,D,0
40.20132,-120.47514,349.05,0.46,0.39,2021-08-20,2040,N,VIIRS,n,2,309,14.76,D,0
40.20485,-120.47637,342.65,0.46,0.39,2021-08-20,2040,N,VIIRS,n,2,306.84,8.25,D,0
40.23199,-120.53355,339.92,0.47,0.39,2021-08-20,2040,N,VIIRS,n,2,298.49,3.97,D,0
40.233,-120.52832,349.55,0.47,0.39,2021-08-20,2040,N,VIIRS,n,2,304.75,10.98,D,0
40.23401,-120.5231,348.83,0.47,0.39,2021-08-20,2040,N,VIIRS,n,2,306,10.98,D,0
40.23555,-120.53468,333.34,0.47,0.39,2021-08-20,2040,N,VIIRS,n,2,297.75,49.46,D,0
40.23656,-120.52946,351.05,0.47,0.39,2021-08-20,2040,N,VIIRS,n,2,305.94,30.37,D,0
40.23912,-120.53577,367,0.47,0.39,2021-08-20,2040,N,VIIRS,h,2,333.66,49.46,D,0
40.23959,-120.51373,344.55,0.46,0.39,2021-08-20,2040,N,VIIRS,n,2,304.62,6.86,D,0
40.24012,-120.53057,355.48,0.47,0.39,2021-08-20,2040,N,VIIRS,n,2,321.04,30.37,D,0
40.24112,-120.52535,348.7,0.47,0.39,2021-08-20,2040,N,VIIRS,n,2,305.99,30.37,D,0
40.24213,-120.52013,336.29,0.46,0.39,2021-08-20,2040,N,VIIRS,n,2,303.51,6.86,D,0
40.24269,-120.53683,347.08,0.47,0.39,2021-08-20,2040,N,VIIRS,n,2,295.97,11.76,D,0
40.24369,-120.53162,353.79,0.47,0.39,2021-08-20,2040,N,VIIRS,n,2,298.43,16.32,D,0
40.24468,-120.52644,355.33,0.47,0.39,2021-08-20,2040,N,VIIRS,n,2,302.5,16.32,D,0
40.24567,-120.52131,353.97,0.46,0.39,2021-08-20,2040,N,VIIRS,n,2,306.31,23.65,D,0
40.27396,-120.90543,337.29,0.48,0.4,2021-08-20,2040,N,VIIRS,l,2,308.74,8.26,D,0
40.30662,-121.51267,347.33,0.51,0.41,2021-08-20,2040,N,VIIRS,n,2,302.77,5.39,D,0
40.30662,-120.91489,350.91,0.48,0.4,2021-08-20,2040,N,VIIRS,n,2,310.78,15.83,D,0
40.30783,-121.50659,331.96,0.51,0.41,2021-08-20,2040,N,VIIRS,n,2,301.07,5.39,D,0
40.31278,-121.50148,341.1,0.51,0.41,2021-08-20,2040,N,VIIRS,n,2,299.9,7.83,D,0
40.31428,-121.43484,332.86,0.5,0.41,2021-08-20,2040,N,VIIRS,n,2,299.46,3.55,D,0
40.31549,-121.42877,355.97,0.5,0.41,2021-08-20,2040,N,VIIRS,n,2,312.44,41.74,D,0
40.31646,-121.50281,330.69,0.51,0.41,2021-08-20,2040,N,VIIRS,n,2,300.5,7.83,D,0
40.31804,-121.43565,348.19,0.5,0.41,2021-08-20,2040,N,VIIRS,n,2,302.61,15.18,D,0
40.31881,-121.49099,355.73,0.51,0.41,2021-08-20,2040,N,VIIRS,n,2,303.88,21.05,D,0
40.31924,-121.42959,346.96,0.5,0.41,2021-08-20,2040,N,VIIRS,n,2,301.52,16.64,D,0
40.32178,-121.43657,353.19,0.5,0.41,2021-08-20,2040,N,VIIRS,n,2,301.47,15.18,D,0
40.3243,-121.44366,351.65,0.5,0.41,2021-08-20,2040,N,VIIRS,n,2,301.7,7.21,D,0
40.32439,-121.46292,352.56,0.5,0.41,2021-08-20,2040,N,VIIRS,n,2,302.75,10.37,D,0
40.32524,-121.41915,355.46,0.5,0.41,2021-08-20,2040,N,VIIRS,n,2,304.44,25.67,D,0
40.32549,-121.43765,337.99,0.5,0.41,2021-08-20,2040,N,VIIRS,n,2,297.82,7.21,D,0
40.32562,-121.45676,353.06,0.5,0.41,2021-08-20,2040,N,VIIRS,n,2,303.33,12.23,D,0
40.32664,-121.43185,331.02,0.5,0.41,2021-08-20,2040,N,VIIRS,n,2,297.19,6.09,D,0
40.32684,-121.45061,352.26,0.5,0.41,2021-08-20,2040,N,VIIRS,n,2,304.48,12.23,D,0
40.32688,-121.47018,339.15,0.5,0.41,2021-08-20,2040,N,VIIRS,n,2,299.09,7.17,D,0
40.32803,-121.44459,346.99,0.5,0.41,2021-08-20,2040,N,VIIRS,n,2,299.07,7.21,D,0
40.3284,-120.8617,331.5,0.48,0.4,2021-08-20,2040,N,VIIRS,n,2,298.12,3.61,D,0
40.32891,-121.42043,336.07,0.5,0.41,2021-08-20,2040,N,VIIRS,n,2,296.85,5.58,D,0
40.32919,-121.43878,330.84,0.5,0.41,2021-08-20,2040,N,VIIRS,n,2,298.08,7.21,D,0
40.33006,-121.41466,334.92,0.5,0.41,2021-08-20,2040,N,VIIRS,n,2,300.16,5.58,D,0
40.33055,-121.45167,339.21,0.5,0.41,2021-08-20,2040,N,VIIRS,n,2,299.91,7.42,D,0
40.33057,-121.47142,339.66,0.5,0.41,2021-08-20,2040,N,VIIRS,n,2,299.45,7.17,D,0
40.33088,-120.86864,336.13,0.48,0.4,2021-08-20,2040,N,VIIRS,n,2,297.18,3.61,D,0
40.33098,-121.13521,343.48,0.49,0.4,2021-08-20,2040,N,VIIRS,n,2,305.25,5.32,D,0
40.33171,-121.44583,343.55,0.5,0.41,2021-08-20,2040,N,VIIRS,n,2,297.99,7.87,D,0
40.33219,-120.8817,333.47,0.48,0.4,2021-08-20,2040,N,VIIRS,n,2,297.02,31.4,D,0
40.33284,-121.44013,330.03,0.5,0.41,2021-08-20,2040,N,VIIRS,n,2,295.53,7.87,D,0
40.33303,-121.45897,335.45,0.5,0.41,2021-08-20,2040,N,VIIRS,n,2,298.03,7.42,D,0
40.33333,-120.87574,354.34,0.48,0.4,2021-08-20,2040,N,VIIRS,n,2,299.82,31.4,D,0
40.33497,-121.40961,344.29,0.5,0.41,2021-08-20,2040,N,VIIRS,n,2,299.94,13.41,D,0
40.33692,-120.87698,351.72,0.48,0.4,2021-08-20,2040,N,VIIRS,n,2,317.73,31.4,D,0
40.33868,-121.41064,337.59,0.5,0.41,2021-08-20,2040,N,VIIRS,n,2,297.76,9.4,D,0
40.34131,-121.43695,338.21,0.5,0.41,2021-08-20,2040,N,VIIRS,n,2,296.5,7.71,D,0
40.34154,-120.87285,343.42,0.48,0.4,2021-08-20,2040,N,VIIRS,n,2,299.73,7.73,D,0
40.34351,-121.406,351.71,0.5,0.41,2021-08-20,2040,N,VIIRS,n,2,299.23,9.4,D,0
40.34467,-121.40018,342.59,0.5,0.41,2021-08-20,2040,N,VIIRS,n,2,299.7,17.88,D,0
40.34505,-120.87447,343.83,0.48,0.4,2021-08-20,2040,N,VIIRS,n,2,298.11,7.73,D,0
40.34688,-121.38896,348.57,0.5,0.41,2021-08-20,2040,N,VIIRS,n,2,300.51,10.66,D,0
40.3473,-121.42649,352.17,0.5,0.41,2021-08-20,2040,N,VIIRS,n,2,299.05,9.63,D,0
40.34847,-121.42053,343.06,0.5,0.41,2021-08-20,2040,N,VIIRS,n,2,295.89,9.63,D,0
40.34858,-120.87598,338.1,0.48,0.4,2021-08-20,2040,N,VIIRS,n,2,296.71,4.75,D,0
40.34869,-121.43928,337.68,0.5,0.41,2021-08-20,2040,N,VIIRS,n,2,295.79,6.48,D,0
40.34908,-121.44139,344.54,0.5,0.41,2021-08-20,2040,N,VIIRS,n,2,296.28,8.38,D,0
40.3494,-121.39603,337.06,0.5,0.41,2021-08-20,2040,N,VIIRS,n,2,298.99,13.91,D,0
40.35049,-121.39048,339.11,0.5,0.41,2021-08-20,2040,N,VIIRS,n,2,299.62,15.09,D,0
40.35159,-121.38496,356.37,0.5,0.41,2021-08-20,2040,N,VIIRS,n,2,308.27,15.09,D,0
40.3517,-121.06958,336.4,0.49,0.4,2021-08-20,2040,N,VIIRS,n,2,303.61,7.69,D,0
40.35242,-121.36098,339.36,0.5,0.41,2021-08-20,2040,N,VIIRS,n,2,298.12,2.74,D,0
40.35266,-121.45885,343.18,0.5,0.41,2021-08-20,2040,N,VIIRS,n,2,299.93,12.37,D,0
40.35268,-121.37939,332.13,0.5,0.41,2021-08-20,2040,N,VIIRS,n,2,300.64,10.04,D,0
40.35298,-121.4609,350.93,0.5,0.41,2021-08-20,2040,N,VIIRS,n,2,301.12,25.21,D,0
40.353,-121.39758,348.8,0.5,0.41,2021-08-20,2040,N,VIIRS,n,2,301.62,13.91,D,0
40.35521,-121.3864,333.59,0.5,0.41,2021-08-20,2040,N,VIIRS,n,2,301.07,15.09,D,0
40.35534,-121.0707,341.97,0.49,0.4,2021-08-20,2040,N,VIIRS,n,2,301.52,7.69,D,0
40.35632,-121.46019,339.71,0.5,0.41,2021-08-20,2040,N,VIIRS,n,2,297.26,12.37,D,0
40.35897,-121.07182,337.77,0.49,0.4,2021-08-20,2040,N,VIIRS,n,2,300.06,4.48,D,0
40.35998,-121.38206,341.9,0.5,0.41,2021-08-20,2040,N,VIIRS,n,2,303.14,6.9,D,0
40.36084,-121.35784,334.28,0.5,0.41,2021-08-20,2040,N,VIIRS,n,2,299.83,8.2,D,0
40.36178,-121.37862,342.47,0.5,0.41,2021-08-20,2040,N,VIIRS,n,2,303.24,4.94,D,0
40.36261,-121.07294,343.1,0.49,0.4,2021-08-20,2040,N,VIIRS,n,2,299.55,4.48,D,0
40.36283,-121.4073,330.66,0.5,0.41,2021-08-20,2040,N,VIIRS,n,2,297.53,8.31,D,0
40.36313,-121.10953,334.41,0.49,0.4,2021-08-20,2040,N,VIIRS,n,2,301.91,3.03,D,0
40.36374,-121.06717,335.55,0.49,0.4,2021-08-20,2040,N,VIIRS,n,2,299.01,4.86,D,0
40.36454,-121.40375,332.86,0.5,0.41,2021-08-20,2040,N,VIIRS,n,2,298.18,5.81,D,0
40.36478,-121.37754,331.87,0.5,0.41,2021-08-20,2040,N,VIIRS,n,2,299.16,6.9,D,0
40.36546,-121.37975,330.12,0.5,0.41,2021-08-20,2040,N,VIIRS,n,2,297.25,4.94,D,0
40.36676,-121.11067,342.18,0.49,0.4,2021-08-20,2040,N,VIIRS,n,2,304.16,7.34,D,0
40.36787,-121.10503,352.79,0.49,0.4,2021-08-20,2040,N,VIIRS,n,2,305.05,9.68,D,0
40.36901,-121.09927,332.56,0.49,0.4,2021-08-20,2040,N,VIIRS,n,2,301.28,9.68,D,0
40.37151,-121.10619,356.74,0.49,0.4,2021-08-20,2040,N,VIIRS,n,2,303.8,9.68,D,0
40.37675,-121.4014,331.66,0.5,0.41,2021-08-20,2040,N,VIIRS,n,2,298.22,3.59,D,0
40.38163,-121.39667,347.3,0.5,0.41,2021-08-20,2040,N,VIIRS,n,2,304.69,21.72,D,0
40.38533,-121.39769,367,0.5,0.41,2021-08-20,2040,N,VIIRS,h,2,302.92,21.72,D,0
40.38904,-121.39872,343.02,0.5,0.41,2021-08-20,2040,N,VIIRS,n,2,299.27,5.82,D,0
40.38939,-121.09372,337.04,0.49,0.4,2021-08-20,2040,N,VIIRS,n,2,300.29,7.3,D,0
40.39019,-121.39299,333.09,0.5,0.41,2021-08-20,2040,N,VIIRS,n,2,296.68,5.82,D,0
40.43036,-121.11387,334.04,0.49,0.4,2021-08-20,2040,N,VIIRS,n,2,303.57,3.6,D,0
40.46148,-121.4871,334.36,0.5,0.41,2021-08-20,2040,N,VIIRS,n,2,296.83,6.05,D,0
40.46154,-121.48812,335.29,0.5,0.41,2021-08-20,2040,N,VIIRS,n,2,296.54,7.89,D,0
40.4617,-121.42914,334.72,0.5,0.41,2021-08-20,2040,N,VIIRS,n,2,297.57,19.75,D,0
40.46251,-121.42245,349.44,0.5,0.41,2021-08-20,2040,N,VIIRS,n,2,304.26,17.75,D,0
40.4628,-121.42365,355,0.5,0.41,2021-08-20,2040,N,VIIRS,n,2,311.23,19.75,D,0
40.46511,-121.42908,340.56,0.5,0.41,2021-08-20,2040,N,VIIRS,n,2,297.91,30.22,D,0
40.46539,-121.43021,333.95,0.5,0.41,2021-08-20,2040,N,VIIRS,n,2,295.86,19.75,D,0
40.46619,-121.42359,355.68,0.5,0.41,2021-08-20,2040,N,VIIRS,n,2,296.7,17.75,D,0
40.46649,-121.42475,353.72,0.5,0.41,2021-08-20,2040,N,VIIRS,n,2,296.7,19.75,D,0
40.46728,-121.41809,338.56,0.5,0.41,2021-08-20,2040,N,VIIRS,n,2,296.18,17.75,D,0
40.4676,-121.41929,343.36,0.5,0.41,2021-08-20,2040,N,VIIRS,n,2,297.36,7.34,D,0
40.46776,-121.43545,330.85,0.5,0.41,2021-08-20,2040,N,VIIRS,l,2,300.97,29.92,D,0
40.46803,-121.43654,332.39,0.5,0.41,2021-08-20,2040,N,VIIRS,n,2,300.77,7.35,D,0
40.46871,-121.41373,331.02,0.5,0.41,2021-08-20,2040,N,VIIRS,n,2,296.05,7.34,D,0
40.46882,-121.43007,336.77,0.5,0.41,2021-08-20,2040,N,VIIRS,n,2,298.22,29.92,D,0
40.46911,-121.43119,339.16,0.5,0.41,2021-08-20,2040,N,VIIRS,n,2,300.24,279.15,D,0
40.47096,-121.41922,367,0.5,0.41,2021-08-20,2040,N,VIIRS,h,2,341.03,229.83,D,0
40.47128,-121.42039,367,0.5,0.41,2021-08-20,2040,N,VIIRS,h,2,349.35,136.91,D,0
40.47206,-121.41367,367,0.5,0.41,2021-08-20,2040,N,VIIRS,l,2,327.06,109.53,D,0
40.4724,-121.41486,367,0.5,0.41,2021-08-20,2040,N,VIIRS,h,2,346.92,136.91,D,0
40.47253,-121.43106,367,0.5,0.41,2021-08-20,2040,N,VIIRS,l,2,326.37,29.92,D,0
40.47355,-121.40914,338.12,0.5,0.41,2021-08-20,2040,N,VIIRS,n,2,298.02,37.8,D,0
40.47466,-121.42027,352.72,0.5,0.41,2021-08-20,2040,N,VIIRS,n,2,295.62,229.83,D,0
40.47498,-121.42145,346.14,0.5,0.41,2021-08-20,2040,N,VIIRS,n,2,292.51,136.91,D,0
40.47576,-121.41467,319.66,0.5,0.41,2021-08-20,2040,N,VIIRS,l,2,321.94,109.53,D,0
40.4761,-121.41589,337.94,0.5,0.41,2021-08-20,2040,N,VIIRS,n,2,300.97,136.91,D,0
40.47652,-121.43324,336.62,0.5,0.41,2021-08-20,2040,N,VIIRS,n,2,299.1,30.43,D,0
40.4769,-121.40888,349.53,0.5,0.41,2021-08-20,2040,N,VIIRS,n,2,306.08,109.53,D,0
40.47726,-121.41015,354.17,0.5,0.41,2021-08-20,2040,N,VIIRS,n,2,315.6,37.8,D,0
40.47759,-121.42793,339.73,0.5,0.41,2021-08-20,2040,N,VIIRS,n,2,292.93,30.43,D,0
40.48095,-121.4112,339.77,0.5,0.41,2021-08-20,2040,N,VIIRS,n,2,292.55,21.03,D,0
40.48214,-121.40531,354.27,0.5,0.41,2021-08-20,2040,N,VIIRS,n,2,303.37,21.03,D,0
40.48332,-121.39945,348.12,0.5,0.41,2021-08-20,2040,N,VIIRS,n,2,299.68,84.28,D,0
40.48425,-121.1734,332.96,0.49,0.4,2021-08-20,2040,N,VIIRS,n,2,300.36,6.46,D,0
40.4845,-121.39359,338.95,0.5,0.41,2021-08-20,2040,N,VIIRS,n,2,296.69,84.28,D,0
40.48567,-121.38776,346.29,0.5,0.41,2021-08-20,2040,N,VIIRS,n,2,299.1,10.17,D,0
40.48702,-121.40048,367,0.5,0.41,2021-08-20,2040,N,VIIRS,h,2,354.08,84.28,D,0
40.4882,-121.39459,354.44,0.5,0.41,2021-08-20,2040,N,VIIRS,n,2,301.06,84.28,D,0
40.48936,-121.38882,340.96,0.5,0.41,2021-08-20,2040,N,VIIRS,n,2,293.06,10.17,D,0
40.48968,-121.20488,331.12,0.49,0.4,2021-08-20,2040,N,VIIRS,n,2,300.17,3.41,D,0
40.49052,-121.38309,339.53,0.5,0.41,2021-08-20,2040,N,VIIRS,n,2,294.82,10.17,D,0
40.49072,-121.40153,350.27,0.5,0.41,2021-08-20,2040,N,VIIRS,n,2,290.64,12.81,D,0
40.49348,-121.3295,337.1,0.49,0.41,2021-08-20,2040,N,VIIRS,n,2,296.55,5.3,D,0
40.49734,-121.22507,332.84,0.49,0.4,2021-08-20,2040,N,VIIRS,n,2,297.43,5.62,D,0
40.49897,-121.37984,342.62,0.5,0.41,2021-08-20,2040,N,VIIRS,n,2,292.8,6.84,D,0
40.50006,-121.37434,339.8,0.5,0.41,2021-08-20,2040,N,VIIRS,n,2,292.52,6.84,D,0
40.50929,-121.22327,339.88,0.49,0.4,2021-08-20,2040,N,VIIRS,n,2,299.74,5.09,D,0
40.51052,-121.22496,337.84,0.49,0.4,2021-08-20,2040,N,VIIRS,n,2,297.42,7.34,D,0
40.51747,-121.20953,338.43,0.49,0.4,2021-08-20,2040,N,VIIRS,n,2,298.36,6.42,D,0
40.52674,-121.29919,347.03,0.49,0.4,2021-08-20,2040,N,VIIRS,n,2,320.17,120.42,D,0
40.5279,-121.2934,336.67,0.49,0.4,2021-08-20,2040,N,VIIRS,n,2,297.25,17.86,D,0
40.53152,-121.29468,354.61,0.49,0.4,2021-08-20,2040,N,VIIRS,n,2,297.39,17.86,D,0
40.53382,-121.28313,337.35,0.49,0.4,2021-08-20,2040,N,VIIRS,n,2,298.21,6.91,D,0
40.53629,-121.29024,345.75,0.49,0.4,2021-08-20,2040,N,VIIRS,n,2,297.08,7.67,D,0
40.53743,-121.28449,367,0.49,0.4,2021-08-20,2040,N,VIIRS,h,2,297.6,12.78,D,0
40.54219,-121.28004,350.73,0.49,0.4,2021-08-20,2040,N,VIIRS,n,2,298.22,12.78,D,0
40.54582,-121.28132,333.15,0.49,0.4,2021-08-20,2040,N,VIIRS,n,2,295.31,5.25,D,0
40.54947,-121.28244,330.11,0.49,0.4,2021-08-20,2040,N,VIIRS,n,2,295.95,5.25,D,0
40.5507,-121.27622,346.74,0.49,0.4,2021-08-20,2040,N,VIIRS,n,2,297.52,16.55,D,0
40.55304,-121.26443,341.04,0.49,0.4,2021-08-20,2040,N,VIIRS,n,2,296.28,8.29,D,0
40.55434,-121.27743,367,0.49,0.4,2021-08-20,2040,N,VIIRS,h,2,301.53,21.71,D,0
41.41873,-121.89942,336.96,0.5,0.41,2021-08-20,2041,N,VIIRS,n,2,303.18,5.85,D,0
41.4236,-121.89472,343.27,0.5,0.41,2021-08-20,2041,N,VIIRS,n,2,303.71,6.13,D,0
41.42847,-121.89005,331.48,0.5,0.41,2021-08-20,2041,N,VIIRS,n,2,303.58,3.73,D,0
41.42966,-121.88411,333.69,0.5,0.41,2021-08-20,2041,N,VIIRS,n,2,304.26,3.73,D,0
41.43333,-121.88541,335.29,0.5,0.41,2021-08-20,2041,N,VIIRS,n,2,302.05,3.8,D,0
41.43452,-121.87949,340.86,0.5,0.41,2021-08-20,2041,N,VIIRS,n,2,305.75,8,D,0
41.43818,-121.88081,340.81,0.5,0.41,2021-08-20,2041,N,VIIRS,n,2,301.18,8,D,0
41.44184,-121.8821,339.39,0.5,0.41,2021-08-20,2041,N,VIIRS,n,2,302.72,5.26,D,0
41.44463,-121.90735,345.11,0.5,0.41,2021-08-20,2041,N,VIIRS,n,2,301.62,7.61,D,0
41.44551,-121.88338,338.32,0.5,0.41,2021-08-20,2041,N,VIIRS,n,2,300.9,5.26,D,0
41.44835,-121.90842,346.14,0.5,0.41,2021-08-20,2041,N,VIIRS,n,2,298.07,7.61,D,0
41.45034,-121.8788,351.2,0.5,0.41,2021-08-20,2041,N,VIIRS,n,2,305.39,18.08,D,0
41.45125,-121.93319,344.29,0.5,0.41,2021-08-20,2041,N,VIIRS,n,2,300.77,8.1,D,0
41.45172,-121.89156,344.97,0.5,0.41,2021-08-20,2041,N,VIIRS,n,2,300.03,7.59,D,0
41.45203,-121.90963,341.51,0.5,0.41,2021-08-20,2041,N,VIIRS,n,2,298.54,6.83,D,0
41.45236,-121.92762,343.02,0.5,0.41,2021-08-20,2041,N,VIIRS,n,2,302.34,8.1,D,0
41.45287,-121.88583,350.53,0.5,0.41,2021-08-20,2041,N,VIIRS,n,2,301.03,18.08,D,0
41.45347,-121.9221,351.34,0.5,0.41,2021-08-20,2041,N,VIIRS,n,2,306.12,23.74,D,0
41.45402,-121.88004,352.1,0.5,0.41,2021-08-20,2041,N,VIIRS,n,2,301.88,18.08,D,0
41.45492,-121.93449,353.12,0.5,0.41,2021-08-20,2041,N,VIIRS,n,2,299.83,17.62,D,0
41.45541,-121.89273,345.73,0.5,0.41,2021-08-20,2041,N,VIIRS,n,2,299.59,4.69,D,0
41.45572,-121.91086,336.57,0.5,0.41,2021-08-20,2041,N,VIIRS,n,2,300.52,6.83,D,0
41.45602,-121.92895,349.82,0.5,0.41,2021-08-20,2041,N,VIIRS,n,2,304.89,17.62,D,0
41.45631,-121.94722,349.01,0.5,0.41,2021-08-20,2041,N,VIIRS,n,2,305.71,16.12,D,0
41.45712,-121.92351,353.36,0.5,0.41,2021-08-20,2041,N,VIIRS,n,2,301.2,13.86,D,0
41.45823,-121.91792,336.25,0.5,0.41,2021-08-20,2041,N,VIIRS,n,2,297.9,13.86,D,0
41.4591,-121.89392,332.01,0.5,0.41,2021-08-20,2041,N,VIIRS,n,2,300.79,4.69,D,0
41.45954,-121.95016,334.23,0.5,0.41,2021-08-20,2041,N,VIIRS,n,2,285.23,53.18,D,0
41.45964,-121.93056,331.31,0.5,0.41,2021-08-20,2041,N,VIIRS,n,2,293.13,17.62,D,0
41.46022,-121.88829,337.67,0.5,0.41,2021-08-20,2041,N,VIIRS,n,2,301.49,6.32,D,0
41.46258,-121.95517,339.53,0.5,0.41,2021-08-20,2041,N,VIIRS,n,2,303.79,37.84,D,0
41.46326,-121.95125,345.09,0.5,0.41,2021-08-20,2041,N,VIIRS,n,2,296.39,53.18,D,0
41.46391,-121.88943,341.11,0.5,0.41,2021-08-20,2041,N,VIIRS,n,2,304.29,17.58,D,0
41.46406,-121.92797,334.26,0.5,0.41,2021-08-20,2041,N,VIIRS,n,2,293.1,3.76,D,0
41.46437,-121.94576,336.11,0.5,0.41,2021-08-20,2041,N,VIIRS,n,2,287.56,9.67,D,0
41.46444,-121.92619,335.15,0.5,0.41,2021-08-20,2041,N,VIIRS,n,2,294.22,7.56,D,0
41.46479,-121.94414,340.78,0.5,0.41,2021-08-20,2041,N,VIIRS,n,2,290.93,35.99,D,0
41.46506,-121.88369,357.31,0.5,0.41,2021-08-20,2041,N,VIIRS,n,2,307.9,17.58,D,0
41.46621,-121.87785,335.23,0.5,0.41,2021-08-20,2041,N,VIIRS,n,2,299.43,21.03,D,0
41.46667,-121.93448,331.45,0.5,0.41,2021-08-20,2041,N,VIIRS,n,2,292.11,3.76,D,0
41.46706,-121.93274,341.59,0.5,0.41,2021-08-20,2041,N,VIIRS,n,2,293,9.03,D,0
41.46763,-121.89043,347.56,0.5,0.41,2021-08-20,2041,N,VIIRS,n,2,304.19,17.58,D,0
41.46784,-121.92876,332.08,0.5,0.41,2021-08-20,2041,N,VIIRS,n,2,288.59,3.76,D,0
41.46954,-121.97838,335.38,0.5,0.41,2021-08-20,2041,N,VIIRS,n,2,299.84,10.07,D,0
41.46993,-121.87892,367,0.5,0.41,2021-08-20,2041,N,VIIRS,h,2,305.46,21.03,D,0
41.47107,-121.87318,352.91,0.5,0.41,2021-08-20,2041,N,VIIRS,n,2,307.25,21.03,D,0
41.4727,-121.9049,343.56,0.5,0.41,2021-08-20,2041,N,VIIRS,n,2,306.33,17.71,D,0
41.47293,-121.90315,345.82,0.5,0.41,2021-08-20,2041,N,VIIRS,n,2,305.89,17.92,D,0
41.47466,-121.87595,340.53,0.5,0.41,2021-08-20,2041,N,VIIRS,n,2,310.95,60.61,D,0
41.47478,-121.87417,344.49,0.5,0.41,2021-08-20,2041,N,VIIRS,n,2,310.21,62.82,D,0
41.4758,-121.87037,332.65,0.5,0.41,2021-08-20,2041,N,VIIRS,n,2,294.15,60.61,D,0
41.47609,-121.88821,330.96,0.5,0.41,2021-08-20,2041,N,VIIRS,l,2,301.08,9.15,D,0
41.47627,-121.88638,330.24,0.5,0.41,2021-08-20,2041,N,VIIRS,n,2,299.96,8.29,D,0
41.47665,-121.90422,337.54,0.5,0.41,2021-08-20,2041,N,VIIRS,n,2,294.27,5.18,D,0
41.47728,-121.88236,344.82,0.5,0.41,2021-08-20,2041,N,VIIRS,n,2,299.46,9.15,D,0
41.47743,-121.88055,344.15,0.5,0.41,2021-08-20,2041,N,VIIRS,n,2,306.1,62.82,D,0
41.47755,-121.90038,334.12,0.5,0.41,2021-08-20,2041,N,VIIRS,n,2,302.73,13.68,D,0
41.47775,-121.89863,336.44,0.5,0.41,2021-08-20,2041,N,VIIRS,n,2,304.92,5.18,D,0
41.47842,-121.87678,367,0.5,0.41,2021-08-20,2041,N,VIIRS,h,2,327.12,60.61,D,0
41.47852,-121.87508,367,0.5,0.41,2021-08-20,2041,N,VIIRS,l,2,326.66,62.82,D,0
41.47985,-121.88905,350.12,0.5,0.41,2021-08-20,2041,N,VIIRS,n,2,308.94,89.93,D,0
41.48001,-121.88729,353.08,0.5,0.41,2021-08-20,2041,N,VIIRS,n,2,305.36,62.99,D,0
41.48031,-121.9055,333.57,0.5,0.41,2021-08-20,2041,N,VIIRS,n,2,295.71,5.18,D,0
41.48122,-121.90163,337.51,0.5,0.41,2021-08-20,2041,N,VIIRS,n,2,295.39,13.68,D,0
41.48143,-121.8999,332.57,0.5,0.41,2021-08-20,2041,N,VIIRS,n,2,294.25,5.18,D,0
41.48211,-121.87794,335.25,0.5,0.41,2021-08-20,2041,N,VIIRS,n,2,291.89,23.31,D,0
41.48235,-121.89605,349.28,0.5,0.41,2021-08-20,2041,N,VIIRS,n,2,296.3,13.68,D,0
41.48255,-121.89426,336.65,0.5,0.41,2021-08-20,2041,N,VIIRS,l,2,309.85,62.99,D,0
41.4835,-121.89041,367,0.5,0.41,2021-08-20,2041,N,VIIRS,l,2,327.69,89.93,D,0
41.48367,-121.8886,351.03,0.5,0.41,2021-08-20,2041,N,VIIRS,n,2,320.79,62.99,D,0
41.48464,-121.88481,356.23,0.5,0.41,2021-08-20,2041,N,VIIRS,n,2,298.34,89.93,D,0
41.48478,-121.88302,355.05,0.5,0.41,2021-08-20,2041,N,VIIRS,n,2,297.09,69.48,D,0
41.48576,-121.87927,367,0.5,0.41,2021-08-20,2041,N,VIIRS,h,2,302.53,23.31,D,0
41.48587,-121.87749,355.62,0.5,0.41,2021-08-20,2041,N,VIIRS,n,2,303.39,69.48,D,0
41.48715,-121.89176,344.71,0.5,0.41,2021-08-20,2041,N,VIIRS,n,2,291.42,12,D,0
41.5605,-121.77988,335.87,0.49,0.41,2021-08-20,2041,N,VIIRS,n,2,295.8,7.31,D,0
41.56297,-121.78699,331.47,0.49,0.41,2021-08-20,2041,N,VIIRS,n,2,294.59,4.19,D,0
41.56411,-121.78127,335.3,0.49,0.41,2021-08-20,2041,N,VIIRS,n,2,299.18,7.41,D,0
41.56526,-121.77551,337.08,0.49,0.41,2021-08-20,2041,N,VIIRS,n,2,302.7,7.41,D,0
41.43418,-121.88364,298.77,0.61,0.71,2021-08-21,858,N,VIIRS,n,2,282.46,1.99,N,0
41.43721,-121.88191,300.08,0.61,0.71,2021-08-21,858,N,VIIRS,n,2,282.76,1.81,N,0
41.45411,-121.8824,304.79,0.61,0.71,2021-08-21,858,N,VIIRS,n,2,282.9,5.05,N,0
41.45421,-121.88929,317.85,0.61,0.71,2021-08-21,858,N,VIIRS,n,2,283.22,5.05,N,0
41.45429,-121.89581,303.88,0.61,0.71,2021-08-21,858,N,VIIRS,n,2,282.52,5.51,N,0
41.45455,-121.915,303.6,0.61,0.71,2021-08-21,858,N,VIIRS,n,2,281.27,1.98,N,0
41.45464,-121.92145,300.21,0.61,0.71,2021-08-21,858,N,VIIRS,n,2,281.32,2,N,0
41.45472,-121.92741,302.87,0.61,0.71,2021-08-21,858,N,VIIRS,n,2,282.25,2,N,0
41.4548,-121.93371,295.79,0.61,0.71,2021-08-21,858,N,VIIRS,n,2,281.92,2.78,N,0
41.45507,-121.95383,303.04,0.61,0.71,2021-08-21,858,N,VIIRS,n,2,280.39,2.82,N,0
41.46066,-121.87483,351.54,0.61,0.71,2021-08-21,858,N,VIIRS,n,2,284.93,12.1,N,0
41.46076,-121.882,325.52,0.61,0.71,2021-08-21,858,N,VIIRS,n,2,283.53,5.05,N,0
41.46085,-121.88891,316.31,0.61,0.71,2021-08-21,858,N,VIIRS,n,2,283.19,5.05,N,0
41.46132,-121.92269,297.87,0.61,0.71,2021-08-21,858,N,VIIRS,n,2,281.78,2,N,0
41.46141,-121.92924,319.89,0.61,0.71,2021-08-21,858,N,VIIRS,n,2,282.02,2,N,0
41.46149,-121.93575,298.96,0.61,0.71,2021-08-21,858,N,VIIRS,n,2,282.07,2.78,N,0
41.46173,-121.95306,310.23,0.61,0.71,2021-08-21,858,N,VIIRS,n,2,282.84,2.82,N,0
41.46719,-121.86681,335.17,0.61,0.71,2021-08-21,858,N,VIIRS,n,2,285.09,12.01,N,0
41.46729,-121.87386,339.94,0.61,0.71,2021-08-21,858,N,VIIRS,n,2,285.7,12.01,N,0
41.46739,-121.88072,330.83,0.61,0.71,2021-08-21,858,N,VIIRS,n,2,284.14,8.39,N,0
41.46749,-121.88766,300.63,0.61,0.71,2021-08-21,858,N,VIIRS,n,2,282.31,8.39,N,0
41.46804,-121.92696,320.77,0.61,0.71,2021-08-21,858,N,VIIRS,n,2,281.67,2.05,N,0
41.46837,-121.95094,302.63,0.61,0.71,2021-08-21,858,N,VIIRS,n,2,281.18,2.33,N,0
41.46878,-121.98162,301.21,0.62,0.71,2021-08-21,858,N,VIIRS,n,2,279.44,1.52,N,0
41.47382,-121.86575,367,0.61,0.71,2021-08-21,858,N,VIIRS,h,2,287.34,12.01,N,0
41.47392,-121.87242,347.12,0.61,0.71,2021-08-21,858,N,VIIRS,n,2,286.75,12.01,N,0
41.47401,-121.87849,324.01,0.61,0.71,2021-08-21,858,N,VIIRS,n,2,281.5,8.39,N,0
41.48055,-121.87104,349.39,0.61,0.71,2021-08-21,858,N,VIIRS,n,2,286.3,34.84,N,0
41.48063,-121.87669,367,0.61,0.71,2021-08-21,858,N,VIIRS,h,2,290.28,27,N,0
41.48072,-121.88238,348.13,0.61,0.71,2021-08-21,858,N,VIIRS,n,2,285.25,27,N,0
41.48082,-121.88896,313.54,0.61,0.71,2021-08-21,858,N,VIIRS,n,2,281.46,13.28,N,0
41.48738,-121.88311,367,0.61,0.71,2021-08-21,858,N,VIIRS,h,2,286.19,27,N,0
41.48748,-121.88959,345.84,0.61,0.71,2021-08-21,858,N,VIIRS,n,2,283.83,13.28,N,0
41.49025,-121.87958,333.93,0.61,0.71,2021-08-21,858,N,VIIRS,n,2,281.79,8.1,N,0
41.49032,-121.88625,337.92,0.61,0.71,2021-08-21,858,N,VIIRS,n,2,283.17,8.86,N,0
41.49039,-121.89303,330.44,0.61,0.71,2021-08-21,858,N,VIIRS,n,2,282.2,8.86,N,0
40.02686,-120.78218,303.7,0.52,0.67,2021-08-21,859,N,VIIRS,n,2,286.46,3.05,N,0
40.02698,-120.78606,322.44,0.52,0.67,2021-08-21,859,N,VIIRS,n,2,287.07,3.05,N,0
40.02711,-120.79064,330.27,0.52,0.67,2021-08-21,859,N,VIIRS,n,2,286.84,6.77,N,0
40.03016,-120.77991,303.77,0.52,0.67,2021-08-21,859,N,VIIRS,n,2,286.56,2.58,N,0
40.03026,-120.78367,317.71,0.52,0.67,2021-08-21,859,N,VIIRS,n,2,288.09,2.58,N,0
40.03038,-120.78836,334.54,0.52,0.67,2021-08-21,859,N,VIIRS,n,2,288.13,4.93,N,0
40.03055,-120.79488,313.84,0.52,0.67,2021-08-21,859,N,VIIRS,n,2,286.41,4.93,N,0
40.03318,-120.78384,333.23,0.52,0.67,2021-08-21,859,N,VIIRS,n,2,289.1,4.35,N,0
40.03333,-120.78873,309.78,0.52,0.67,2021-08-21,859,N,VIIRS,n,2,287.14,4.35,N,0
40.03661,-120.78687,331.27,0.52,0.67,2021-08-21,859,N,VIIRS,n,2,288.25,4.59,N,0
40.03679,-120.79423,298.75,0.52,0.67,2021-08-21,859,N,VIIRS,n,2,286.29,2.92,N,0
40.04291,-120.69597,298.08,0.52,0.67,2021-08-21,859,N,VIIRS,n,2,286.66,1.59,N,0
40.0432,-120.7048,302.57,0.52,0.67,2021-08-21,859,N,VIIRS,n,2,287.08,1.59,N,0
40.04348,-120.71366,297.72,0.52,0.67,2021-08-21,859,N,VIIRS,n,2,286.82,1.86,N,0
40.04662,-120.69193,303.72,0.52,0.67,2021-08-21,859,N,VIIRS,n,2,286.56,1.04,N,0
40.04685,-120.70094,305.96,0.52,0.67,2021-08-21,859,N,VIIRS,n,2,287.89,1.04,N,0
40.04706,-120.70849,302.44,0.52,0.67,2021-08-21,859,N,VIIRS,n,2,287.01,2.17,N,0
40.0481,-120.74753,298.63,0.52,0.67,2021-08-21,859,N,VIIRS,n,2,285.57,1.73,N,0
40.04902,-120.69183,306,0.52,0.67,2021-08-21,859,N,VIIRS,n,2,287.69,1.89,N,0
40.04925,-120.79101,299.65,0.52,0.67,2021-08-21,859,N,VIIRS,n,2,284.41,7.12,N,0
40.0493,-120.7006,306.49,0.52,0.67,2021-08-21,859,N,VIIRS,n,2,287.31,1.59,N,0
40.05036,-120.73303,300.02,0.52,0.67,2021-08-21,859,N,VIIRS,n,2,286.01,0.76,N,0
40.05053,-120.73835,305.04,0.52,0.67,2021-08-21,859,N,VIIRS,n,2,286.02,1.31,N,0
40.05073,-120.74475,302.66,0.52,0.67,2021-08-21,859,N,VIIRS,n,2,286.29,1.31,N,0
40.05099,-120.75251,298.56,0.52,0.67,2021-08-21,859,N,VIIRS,n,2,285.01,0.82,N,0
40.05117,-120.75821,298.48,0.52,0.67,2021-08-21,859,N,VIIRS,n,2,285.73,0.82,N,0
40.05133,-120.76341,302.55,0.52,0.67,2021-08-21,859,N,VIIRS,n,2,286.36,1.61,N,0
40.05197,-120.78351,298.78,0.52,0.67,2021-08-21,859,N,VIIRS,n,2,284.87,4.29,N,0
40.05214,-120.78886,367,0.52,0.67,2021-08-21,859,N,VIIRS,h,2,289.41,9.74,N,0
40.0523,-120.79358,323.25,0.52,0.67,2021-08-21,859,N,VIIRS,n,2,287.42,9.74,N,0
40.05246,-120.79867,299.81,0.52,0.67,2021-08-21,859,N,VIIRS,n,2,286.25,2.57,N,0
40.05297,-120.69633,301.53,0.52,0.67,2021-08-21,859,N,VIIRS,n,2,286.33,1.04,N,0
40.05317,-120.70373,295.88,0.52,0.67,2021-08-21,859,N,VIIRS,n,2,284.49,1.04,N,0
40.05398,-120.73322,307.71,0.52,0.67,2021-08-21,859,N,VIIRS,n,2,287.07,1.58,N,0
40.05412,-120.73825,300.6,0.52,0.67,2021-08-21,859,N,VIIRS,n,2,286.42,1.58,N,0
40.05429,-120.745,302.4,0.52,0.67,2021-08-21,859,N,VIIRS,n,2,286.7,1.73,N,0
40.05466,-120.75869,307.53,0.52,0.67,2021-08-21,859,N,VIIRS,n,2,287.33,3.24,N,0
40.05479,-120.76355,329.06,0.52,0.67,2021-08-21,859,N,VIIRS,n,2,288.53,3.24,N,0
40.05495,-120.76948,310.54,0.52,0.67,2021-08-21,859,N,VIIRS,n,2,287.49,5.93,N,0
40.05533,-120.78387,332.26,0.52,0.67,2021-08-21,859,N,VIIRS,n,2,287.38,7.12,N,0
40.05538,-120.69541,296.79,0.52,0.67,2021-08-21,859,N,VIIRS,n,2,284.85,1,N,0
40.05547,-120.78896,367,0.52,0.67,2021-08-21,859,N,VIIRS,h,2,292.99,7.12,N,0
40.05558,-120.79306,315.86,0.52,0.67,2021-08-21,859,N,VIIRS,n,2,288.07,6.49,N,0
40.05572,-120.79799,307.65,0.52,0.67,2021-08-21,859,N,VIIRS,n,2,286.85,6.49,N,0
40.05589,-120.80486,310.34,0.53,0.67,2021-08-21,859,N,VIIRS,n,2,286.65,2.78,N,0
40.05693,-120.74285,298.72,0.52,0.67,2021-08-21,859,N,VIIRS,n,2,286.27,1.93,N,0
40.05721,-120.75126,298.41,0.52,0.67,2021-08-21,859,N,VIIRS,n,2,286.86,1.88,N,0
40.0574,-120.75713,299.71,0.52,0.67,2021-08-21,859,N,VIIRS,n,2,286.79,1.88,N,0
40.05754,-120.76173,321.42,0.52,0.67,2021-08-21,859,N,VIIRS,n,2,288.21,2.53,N,0
40.05771,-120.76697,325.13,0.52,0.67,2021-08-21,859,N,VIIRS,n,2,289.02,2.53,N,0
40.05793,-120.7738,307.07,0.52,0.67,2021-08-21,859,N,VIIRS,n,2,286.86,4.18,N,0
40.05817,-120.78109,332.13,0.52,0.67,2021-08-21,859,N,VIIRS,n,2,288.4,4.18,N,0
40.05834,-120.78658,318.45,0.52,0.67,2021-08-21,859,N,VIIRS,n,2,288.88,3.44,N,0
40.05848,-120.79089,306.55,0.52,0.67,2021-08-21,859,N,VIIRS,n,2,287.47,3.44,N,0
40.05862,-120.79526,305.23,0.52,0.67,2021-08-21,859,N,VIIRS,n,2,287.43,2.53,N,0
40.05879,-120.80064,323.66,0.52,0.67,2021-08-21,859,N,VIIRS,n,2,288.15,2.53,N,0
40.06089,-120.75754,300.43,0.52,0.67,2021-08-21,859,N,VIIRS,n,2,287.02,1.82,N,0
40.06101,-120.7617,302.69,0.52,0.67,2021-08-21,859,N,VIIRS,n,2,286.58,1.82,N,0
40.06115,-120.76698,311.38,0.52,0.67,2021-08-21,859,N,VIIRS,n,2,287.66,3.32,N,0
40.06134,-120.77383,308.1,0.52,0.67,2021-08-21,859,N,VIIRS,n,2,287.52,3.32,N,0
40.06153,-120.78101,325.23,0.52,0.67,2021-08-21,859,N,VIIRS,n,2,288.31,2.33,N,0
40.06167,-120.78621,299.87,0.52,0.67,2021-08-21,859,N,VIIRS,n,2,286.98,2.33,N,0
40.0619,-120.79462,303.92,0.52,0.67,2021-08-21,859,N,VIIRS,n,2,287.08,4.18,N,0
40.06203,-120.70756,316.19,0.52,0.67,2021-08-21,859,N,VIIRS,n,2,286.5,3.07,N,0
40.06206,-120.80025,313.33,0.53,0.67,2021-08-21,859,N,VIIRS,n,2,287.52,1.87,N,0
40.06234,-120.81136,298.88,0.53,0.67,2021-08-21,859,N,VIIRS,n,2,285.97,1.87,N,0
40.06256,-120.72375,298.46,0.52,0.67,2021-08-21,859,N,VIIRS,n,2,287.14,2.96,N,0
40.06375,-120.76011,300.36,0.52,0.67,2021-08-21,859,N,VIIRS,n,2,286.7,2.53,N,0
40.06391,-120.7649,302.29,0.52,0.67,2021-08-21,859,N,VIIRS,n,2,286.38,2.53,N,0
40.06433,-120.77808,320.55,0.52,0.67,2021-08-21,859,N,VIIRS,n,2,288.42,4.18,N,0
40.06453,-120.78389,305,0.52,0.67,2021-08-21,859,N,VIIRS,n,2,287.2,3.44,N,0
40.06496,-120.79742,302.25,0.52,0.67,2021-08-21,859,N,VIIRS,n,2,286.44,2.53,N,0
40.0652,-120.80492,309.38,0.53,0.67,2021-08-21,859,N,VIIRS,n,2,286.21,4.01,N,0
40.06562,-120.70187,305.85,0.52,0.67,2021-08-21,859,N,VIIRS,n,2,285.92,2.17,N,0
40.06576,-120.70699,319.27,0.52,0.67,2021-08-21,859,N,VIIRS,n,2,289.9,2.82,N,0
40.0659,-120.7119,303.24,0.52,0.67,2021-08-21,859,N,VIIRS,n,2,287.54,2.82,N,0
40.06771,-120.77757,316.21,0.52,0.67,2021-08-21,859,N,VIIRS,n,2,288.43,2.33,N,0
40.06787,-120.78354,302.17,0.52,0.67,2021-08-21,859,N,VIIRS,n,2,286.78,2.33,N,0
40.06847,-120.8054,300.32,0.53,0.67,2021-08-21,859,N,VIIRS,n,2,285.81,1.87,N,0
40.07179,-120.6993,320.51,0.52,0.67,2021-08-21,859,N,VIIRS,n,2,286.97,6.97,N,0
40.07192,-120.70387,331.82,0.52,0.67,2021-08-21,859,N,VIIRS,n,2,289.52,6.32,N,0
40.07205,-120.70818,305.61,0.52,0.67,2021-08-21,859,N,VIIRS,n,2,287.57,6.32,N,0
40.07385,-121.08323,306.89,0.54,0.68,2021-08-21,859,N,VIIRS,n,2,283.46,2.26,N,0
40.07404,-121.08979,317.71,0.54,0.68,2021-08-21,859,N,VIIRS,n,2,283.46,4.22,N,0
40.07437,-120.79163,298.76,0.52,0.67,2021-08-21,859,N,VIIRS,n,2,285.96,2.21,N,0
40.07452,-120.79681,299.8,0.53,0.67,2021-08-21,859,N,VIIRS,n,2,285.71,3.8,N,0
40.07551,-121.07838,300.56,0.54,0.68,2021-08-21,859,N,VIIRS,n,2,283.62,1.29,N,0
40.07568,-121.08527,319.81,0.54,0.68,2021-08-21,859,N,VIIRS,n,2,284.56,3.61,N,0
40.07584,-121.09178,325.7,0.54,0.68,2021-08-21,859,N,VIIRS,n,2,284.5,3.61,N,0
40.07782,-120.69135,315.63,0.52,0.67,2021-08-21,859,N,VIIRS,n,2,286.14,6.97,N,0
40.07794,-120.69586,356.98,0.52,0.67,2021-08-21,859,N,VIIRS,n,2,291.93,6.97,N,0
40.07806,-120.69985,344.73,0.52,0.67,2021-08-21,859,N,VIIRS,n,2,292.09,6.32,N,0
40.07817,-120.70365,306.17,0.52,0.67,2021-08-21,859,N,VIIRS,n,2,287.76,6.32,N,0
40.07829,-120.70765,303.88,0.52,0.67,2021-08-21,859,N,VIIRS,n,2,286.42,3.39,N,0
40.08053,-120.7874,302.32,0.52,0.67,2021-08-21,859,N,VIIRS,n,2,286.69,2.21,N,0
40.08068,-120.79295,317.75,0.52,0.67,2021-08-21,859,N,VIIRS,n,2,287.33,2.21,N,0
40.08088,-120.80029,329.54,0.53,0.67,2021-08-21,859,N,VIIRS,n,2,287.89,3.8,N,0
40.08205,-121.08554,299.8,0.54,0.68,2021-08-21,859,N,VIIRS,n,2,284.18,1.96,N,0
40.08224,-121.09312,321.17,0.54,0.68,2021-08-21,859,N,VIIRS,n,2,285.46,1.96,N,0
40.08394,-120.68723,317.19,0.52,0.67,2021-08-21,859,N,VIIRS,n,2,287.58,4.6,N,0
40.0841,-120.69273,330.2,0.52,0.67,2021-08-21,859,N,VIIRS,n,2,290.45,4.6,N,0
40.08425,-120.69762,317.7,0.52,0.67,2021-08-21,859,N,VIIRS,n,2,289.84,4.38,N,0
40.08437,-120.70189,312.71,0.52,0.67,2021-08-21,859,N,VIIRS,n,2,289.08,4.38,N,0
40.08449,-120.70605,315.52,0.52,0.67,2021-08-21,859,N,VIIRS,n,2,288.77,3.1,N,0
40.08463,-120.71059,316.85,0.52,0.67,2021-08-21,859,N,VIIRS,n,2,287.23,3.1,N,0
40.08671,-120.78429,298.63,0.52,0.67,2021-08-21,859,N,VIIRS,n,2,286.4,1.9,N,0
40.0869,-120.79111,320.18,0.52,0.67,2021-08-21,859,N,VIIRS,n,2,287.32,4.15,N,0
40.08707,-120.79736,330.73,0.52,0.67,2021-08-21,859,N,VIIRS,n,2,287.85,4.15,N,0
40.09004,-120.68223,300.14,0.52,0.67,2021-08-21,859,N,VIIRS,n,2,285.57,4.6,N,0
40.09019,-120.68719,349.5,0.52,0.67,2021-08-21,859,N,VIIRS,n,2,290.93,4.6,N,0
40.09037,-120.69354,315.17,0.52,0.67,2021-08-21,859,N,VIIRS,n,2,288.96,4.38,N,0
40.09055,-120.69947,312.96,0.52,0.67,2021-08-21,859,N,VIIRS,n,2,288.03,4.38,N,0
40.0907,-120.70461,317.31,0.52,0.67,2021-08-21,859,N,VIIRS,n,2,288.52,3.1,N,0
40.09085,-120.7096,316.3,0.52,0.67,2021-08-21,859,N,VIIRS,n,2,288.03,3.1,N,0
40.09628,-120.68197,353.12,0.52,0.67,2021-08-21,859,N,VIIRS,n,2,287.84,5.57,N,0
40.09643,-120.68705,353.09,0.52,0.67,2021-08-21,859,N,VIIRS,n,2,292.13,8.92,N,0
40.09665,-120.6944,323.24,0.52,0.67,2021-08-21,859,N,VIIRS,n,2,287.59,8.92,N,0
40.09687,-120.70216,321.27,0.52,0.67,2021-08-21,859,N,VIIRS,n,2,286.99,4.48,N,0
40.09707,-120.70873,312.65,0.52,0.67,2021-08-21,859,N,VIIRS,n,2,287.23,4.48,N,0
40.09727,-120.71585,313.39,0.52,0.67,2021-08-21,859,N,VIIRS,n,2,285.13,3.97,N,0
40.09951,-120.79332,300.33,0.52,0.67,2021-08-21,859,N,VIIRS,n,2,286.12,2.62,N,0
40.1017,-121.10742,306.44,0.54,0.68,2021-08-21,859,N,VIIRS,n,2,285.01,2.16,N,0
40.10231,-120.67488,301.42,0.52,0.67,2021-08-21,859,N,VIIRS,n,2,283.23,5.57,N,0
40.10244,-120.67941,309.64,0.52,0.67,2021-08-21,859,N,VIIRS,n,2,283.87,5.57,N,0
40.1026,-120.68473,342.69,0.52,0.67,2021-08-21,859,N,VIIRS,n,2,291.74,8.92,N,0
40.10282,-120.69199,322.9,0.52,0.67,2021-08-21,859,N,VIIRS,n,2,288.2,8.92,N,0
40.10309,-120.70101,321.49,0.52,0.67,2021-08-21,859,N,VIIRS,n,2,287.67,4.48,N,0
40.10331,-120.70868,326.31,0.52,0.67,2021-08-21,859,N,VIIRS,n,2,290.48,4.48,N,0
40.10353,-120.71594,317.36,0.52,0.67,2021-08-21,859,N,VIIRS,n,2,287.19,3.97,N,0
40.10854,-120.67451,348.5,0.52,0.67,2021-08-21,859,N,VIIRS,n,2,289.08,7.68,N,0
40.10868,-120.67915,347.13,0.52,0.67,2021-08-21,859,N,VIIRS,n,2,294.81,7.68,N,0
40.10886,-120.68506,344.17,0.52,0.67,2021-08-21,859,N,VIIRS,n,2,294.01,7.35,N,0
40.10911,-120.69346,316.77,0.52,0.67,2021-08-21,859,N,VIIRS,n,2,287.27,7.35,N,0
40.1094,-120.70316,307.13,0.52,0.67,2021-08-21,859,N,VIIRS,n,2,286.43,3.21,N,0
40.10961,-120.71038,305.23,0.52,0.67,2021-08-21,859,N,VIIRS,n,2,285.86,3.21,N,0
40.11229,-120.80106,296.63,0.52,0.67,2021-08-21,859,N,VIIRS,n,2,284.75,1.5,N,0
40.11253,-120.80943,300.96,0.53,0.67,2021-08-21,859,N,VIIRS,n,2,283.35,1.05,N,0
40.1148,-120.67525,300.58,0.52,0.67,2021-08-21,859,N,VIIRS,n,2,284.68,7.68,N,0
40.11494,-120.68021,335.2,0.52,0.67,2021-08-21,859,N,VIIRS,n,2,291.74,7.68,N,0
40.11516,-120.68719,328.36,0.52,0.67,2021-08-21,859,N,VIIRS,n,2,290.43,7.35,N,0
40.11541,-120.69553,319.86,0.52,0.67,2021-08-21,859,N,VIIRS,n,2,288.02,7.35,N,0
40.11566,-120.7037,316.28,0.52,0.67,2021-08-21,859,N,VIIRS,n,2,288.11,3.21,N,0
40.11586,-120.71024,318.47,0.52,0.67,2021-08-21,859,N,VIIRS,n,2,287.58,3.21,N,0
40.11605,-120.71655,316.57,0.52,0.67,2021-08-21,859,N,VIIRS,n,2,286.35,3.09,N,0
40.11625,-120.72309,297.08,0.52,0.67,2021-08-21,859,N,VIIRS,n,2,284.63,3.09,N,0
40.12125,-120.68228,299.01,0.52,0.67,2021-08-21,859,N,VIIRS,n,2,285.16,1.93,N,0
40.12146,-120.68931,300.39,0.52,0.67,2021-08-21,859,N,VIIRS,n,2,286.1,2.23,N,0
40.12167,-120.69591,318.33,0.52,0.67,2021-08-21,859,N,VIIRS,n,2,288.67,2.23,N,0
40.12186,-120.70213,327.74,0.52,0.67,2021-08-21,859,N,VIIRS,n,2,288.49,4.39,N,0
40.12204,-120.7082,314.34,0.52,0.67,2021-08-21,859,N,VIIRS,n,2,285.98,4.39,N,0
40.12223,-120.71421,301.86,0.52,0.67,2021-08-21,859,N,VIIRS,n,2,284.03,2.13,N,0
40.12241,-120.72031,314.28,0.52,0.67,2021-08-21,859,N,VIIRS,n,2,284.54,2.13,N,0
40.12262,-120.72693,313.63,0.52,0.67,2021-08-21,859,N,VIIRS,n,2,284.86,3.67,N,0
40.12579,-120.68912,298.95,0.52,0.67,2021-08-21,859,N,VIIRS,n,2,284.34,1.99,N,0
40.12595,-120.69499,296.41,0.52,0.67,2021-08-21,859,N,VIIRS,n,2,284.05,1.29,N,0
40.12609,-120.70081,297.81,0.52,0.67,2021-08-21,859,N,VIIRS,n,2,283.13,1.29,N,0
40.1264,-120.71252,302.1,0.52,0.67,2021-08-21,859,N,VIIRS,n,2,283.54,2.47,N,0
40.12654,-120.71817,306.68,0.52,0.67,2021-08-21,859,N,VIIRS,n,2,283.49,2.93,N,0
40.12769,-120.68887,297.41,0.52,0.67,2021-08-21,859,N,VIIRS,n,2,284.06,2.23,N,0
40.12856,-120.71701,296.33,0.52,0.67,2021-08-21,859,N,VIIRS,n,2,282.79,2.13,N,0
40.15907,-120.53959,304.9,0.51,0.66,2021-08-21,859,N,VIIRS,n,2,282.28,3.64,N,0
40.16015,-120.53957,304.8,0.51,0.66,2021-08-21,859,N,VIIRS,n,2,282.6,2.05,N,0
40.16472,-120.52084,307.09,0.51,0.66,2021-08-21,859,N,VIIRS,n,2,280.06,1.94,N,0
40.16489,-120.52651,312.68,0.51,0.66,2021-08-21,859,N,VIIRS,n,2,281.79,1.94,N,0
40.17126,-120.53226,296.02,0.51,0.66,2021-08-21,859,N,VIIRS,n,2,281.8,2.31,N,0
40.17145,-120.53909,315.99,0.51,0.66,2021-08-21,859,N,VIIRS,n,2,282.45,2.31,N,0
40.17319,-120.59911,295.52,0.51,0.66,2021-08-21,859,N,VIIRS,n,2,281.53,2.77,N,0
40.17338,-120.6058,321.25,0.51,0.66,2021-08-21,859,N,VIIRS,n,2,283.29,2.77,N,0
40.17357,-120.61243,306.31,0.51,0.66,2021-08-21,859,N,VIIRS,n,2,281.16,5.79,N,0
40.1766,-120.71951,295.24,0.52,0.67,2021-08-21,859,N,VIIRS,n,2,281.72,2.4,N,0
40.17677,-120.72563,297.44,0.52,0.67,2021-08-21,859,N,VIIRS,n,2,281.38,1.88,N,0
40.17725,-120.5254,300.72,0.51,0.66,2021-08-21,859,N,VIIRS,n,2,283.56,3.43,N,0
40.17743,-120.53142,321.69,0.51,0.66,2021-08-21,859,N,VIIRS,n,2,284.68,2.31,N,0
40.17804,-120.55248,301.26,0.51,0.66,2021-08-21,859,N,VIIRS,n,2,283.39,2.6,N,0
40.1796,-120.6058,321.18,0.51,0.66,2021-08-21,859,N,VIIRS,n,2,283.79,2.77,N,3
40.18038,-120.42495,318.1,0.5,0.66,2021-08-21,859,N,VIIRS,n,2,285.63,7.17,N,0
40.18051,-120.4291,367,0.5,0.66,2021-08-21,859,N,VIIRS,h,2,289.28,7.17,N,0
40.18064,-120.43326,307.3,0.5,0.66,2021-08-21,859,N,VIIRS,n,2,285.42,13.78,N,0
40.1829,-120.72108,314.9,0.52,0.67,2021-08-21,859,N,VIIRS,n,2,283.45,2.4,N,0
40.18306,-120.72704,312.96,0.52,0.67,2021-08-21,859,N,VIIRS,n,2,282.93,1.88,N,0
40.18322,-120.7327,296.55,0.52,0.67,2021-08-21,859,N,VIIRS,n,2,282.53,1.88,N,0
40.1842,-120.55084,301.15,0.51,0.66,2021-08-21,859,N,VIIRS,n,2,283.74,2.27,N,0
40.18444,-120.55904,300.81,0.51,0.66,2021-08-21,859,N,VIIRS,n,2,282.9,1.71,N,0
40.18661,-120.42693,311.13,0.5,0.66,2021-08-21,859,N,VIIRS,n,2,286.68,7.17,N,0
40.18674,-120.43117,343.26,0.5,0.66,2021-08-21,859,N,VIIRS,n,2,289.64,7.17,N,0
40.19058,-120.55675,303.66,0.51,0.66,2021-08-21,859,N,VIIRS,n,2,283.78,1.71,N,0
40.19416,-120.47121,299.24,0.51,0.66,2021-08-21,859,N,VIIRS,n,2,282.44,0.9,N,0
40.20052,-120.47663,298.97,0.51,0.66,2021-08-21,859,N,VIIRS,n,2,283.92,2.3,N,0
40.20672,-120.47731,300.3,0.51,0.66,2021-08-21,859,N,VIIRS,n,2,283.35,1.19,N,0
40.23141,-120.52815,307.06,0.51,0.66,2021-08-21,859,N,VIIRS,n,2,283.76,2,N,0
40.23157,-120.53385,322.28,0.51,0.66,2021-08-21,859,N,VIIRS,n,2,285.72,4.99,N,0
40.23173,-120.53986,338.84,0.51,0.66,2021-08-21,859,N,VIIRS,n,2,287.92,4.99,N,0
40.23305,-120.52649,321.78,0.51,0.66,2021-08-21,859,N,VIIRS,n,2,285.71,4.73,N,0
40.23323,-120.53206,338.9,0.51,0.66,2021-08-21,859,N,VIIRS,n,2,288.95,4.73,N,0
40.23341,-120.53781,346.52,0.51,0.66,2021-08-21,859,N,VIIRS,n,2,289.55,8.34,N,0
40.23761,-120.52798,329,0.51,0.66,2021-08-21,859,N,VIIRS,n,2,288.78,3.29,N,0
40.23776,-120.53347,340,0.51,0.66,2021-08-21,859,N,VIIRS,n,2,291.1,3.41,N,0
40.23791,-120.53902,315.16,0.51,0.66,2021-08-21,859,N,VIIRS,n,2,284.21,3.41,N,0
40.23924,-120.52625,313.68,0.51,0.66,2021-08-21,859,N,VIIRS,n,2,286.88,4.73,N,0
40.23942,-120.53171,322.02,0.51,0.66,2021-08-21,859,N,VIIRS,n,2,288.16,4.73,N,0
40.23959,-120.53713,311.64,0.51,0.66,2021-08-21,859,N,VIIRS,n,2,284.2,8.34,N,0
40.24364,-120.52205,300.8,0.51,0.66,2021-08-21,859,N,VIIRS,n,2,284.87,3.29,N,0
40.24394,-120.53275,296.12,0.51,0.66,2021-08-21,859,N,VIIRS,n,2,284.08,3.41,N,0
40.24409,-120.53814,302.68,0.51,0.66,2021-08-21,859,N,VIIRS,n,2,283.48,3.41,N,0
40.24524,-120.52044,302.53,0.51,0.66,2021-08-21,859,N,VIIRS,n,2,284.78,1.39,N,0
40.24577,-120.53638,295.39,0.51,0.66,2021-08-21,859,N,VIIRS,n,2,282.91,0.93,N,0
40.31039,-120.90566,301.62,0.53,0.67,2021-08-21,859,N,VIIRS,n,2,282.82,1.61,N,0
40.31058,-120.9129,298.69,0.53,0.67,2021-08-21,859,N,VIIRS,n,2,282.28,1.42,N,0
40.31081,-120.92162,300.19,0.53,0.67,2021-08-21,859,N,VIIRS,n,2,283.24,1.42,N,0
40.31173,-121.49465,302.49,0.57,0.69,2021-08-21,859,N,VIIRS,n,2,281.99,1.41,N,0
40.31192,-121.50403,295.93,0.57,0.69,2021-08-21,859,N,VIIRS,n,2,282.22,1.41,N,0
40.31661,-121.42083,301.15,0.57,0.69,2021-08-21,859,N,VIIRS,n,2,283.25,2.04,N,0
40.31679,-121.42873,312.62,0.57,0.69,2021-08-21,859,N,VIIRS,n,2,285.13,2.25,N,0
40.31695,-121.43617,300.28,0.57,0.69,2021-08-21,859,N,VIIRS,n,2,283.02,2.25,N,0
40.31823,-121.49479,309.03,0.57,0.69,2021-08-21,859,N,VIIRS,n,2,284.16,1.41,N,0
40.3184,-121.50307,295.09,0.57,0.69,2021-08-21,859,N,VIIRS,n,2,283.2,1.41,N,0
40.32306,-121.41984,299.17,0.57,0.69,2021-08-21,859,N,VIIRS,n,2,284.15,1.29,N,0
40.32322,-121.42668,305,0.57,0.69,2021-08-21,859,N,VIIRS,n,2,283.67,3.09,N,0
40.32354,-121.44101,297.66,0.57,0.69,2021-08-21,859,N,VIIRS,n,2,284.15,1.6,N,0
40.32371,-121.44897,301.88,0.57,0.69,2021-08-21,859,N,VIIRS,n,2,283.73,1.6,N,0
40.32389,-121.45683,300.88,0.57,0.69,2021-08-21,859,N,VIIRS,n,2,282.72,4.15,N,0
40.32939,-121.41313,296.91,0.57,0.69,2021-08-21,859,N,VIIRS,n,2,282.85,1.29,N,0
40.33014,-121.44639,306.82,0.57,0.69,2021-08-21,859,N,VIIRS,n,2,285.69,1.6,N,0
40.33562,-121.40299,305.95,0.57,0.69,2021-08-21,859,N,VIIRS,n,2,283.69,3.21,N,0
40.3358,-121.41056,323.31,0.57,0.69,2021-08-21,859,N,VIIRS,n,2,285.73,6.7,N,0
40.33648,-121.44032,306.82,0.57,0.69,2021-08-21,859,N,VIIRS,n,2,284.08,3.3,N,0
40.34115,-120.87731,297.59,0.53,0.67,2021-08-21,859,N,VIIRS,n,2,282.88,1.4,N,0
40.34422,-120.87547,307.38,0.53,0.67,2021-08-21,859,N,VIIRS,n,2,284.27,2.7,N,0
40.34731,-120.87214,297.85,0.53,0.67,2021-08-21,859,N,VIIRS,n,2,284.05,1.51,N,0
40.34753,-120.87971,308.91,0.53,0.67,2021-08-21,859,N,VIIRS,n,2,284.73,1.51,N,0
40.34809,-121.38346,295.09,0.57,0.69,2021-08-21,859,N,VIIRS,n,2,282.08,0.86,N,0
40.34824,-121.3896,296.89,0.57,0.69,2021-08-21,859,N,VIIRS,n,2,282.8,0.86,N,0
40.34861,-121.38756,304.32,0.57,0.69,2021-08-21,859,N,VIIRS,n,2,283.37,2.57,N,0
40.35057,-120.87734,303.47,0.53,0.67,2021-08-21,859,N,VIIRS,n,2,283.93,1.31,N,0
40.35459,-121.38483,297.32,0.57,0.69,2021-08-21,859,N,VIIRS,n,2,282.91,0.86,N,0
40.3609,-121.37849,297.28,0.56,0.69,2021-08-21,859,N,VIIRS,n,2,282.09,1.86,N,0
40.36131,-121.37621,297.09,0.57,0.69,2021-08-21,859,N,VIIRS,n,2,282.11,2.21,N,0
40.38088,-121.40178,296.19,0.57,0.69,2021-08-21,859,N,VIIRS,n,2,283.46,1.2,N,0
40.38117,-121.39921,296.42,0.57,0.69,2021-08-21,859,N,VIIRS,n,2,283.92,1.6,N,0
40.38697,-121.38731,298.68,0.57,0.69,2021-08-21,859,N,VIIRS,n,2,283.94,2.2,N,0
40.38713,-121.39362,320.42,0.57,0.69,2021-08-21,859,N,VIIRS,n,2,286.85,3.2,N,0
40.3873,-121.40004,313.15,0.57,0.69,2021-08-21,859,N,VIIRS,n,2,285.58,3.2,N,0
40.38747,-121.39116,316.35,0.57,0.69,2021-08-21,859,N,VIIRS,n,2,285.97,2.58,N,0
40.3876,-121.39758,319.09,0.57,0.69,2021-08-21,859,N,VIIRS,n,2,287.35,4.05,N,0
40.39355,-121.39172,308.01,0.57,0.69,2021-08-21,859,N,VIIRS,n,2,285.06,3.2,N,0
40.3939,-121.38905,296.69,0.57,0.69,2021-08-21,859,N,VIIRS,n,2,284.05,2.58,N,0
40.39404,-121.3959,299.94,0.57,0.69,2021-08-21,859,N,VIIRS,n,2,283.62,4.05,N,0
40.46009,-121.49139,300.41,0.58,0.69,2021-08-21,859,N,VIIRS,n,2,280.26,1.65,N,0
40.46092,-121.48946,303.5,0.57,0.69,2021-08-21,859,N,VIIRS,n,2,280.92,2.08,N,0
40.46537,-121.4252,315.35,0.57,0.69,2021-08-21,859,N,VIIRS,n,2,284.75,7.02,N,0
40.46586,-121.4233,312.33,0.57,0.69,2021-08-21,859,N,VIIRS,n,2,284.12,4.47,N,0
40.466,-121.42889,300.8,0.57,0.69,2021-08-21,859,N,VIIRS,n,2,282.99,7.26,N,0
40.47172,-121.41872,318.91,0.57,0.69,2021-08-21,859,N,VIIRS,n,2,285.85,7.29,N,0
40.47183,-121.42429,329.58,0.57,0.69,2021-08-21,859,N,VIIRS,n,2,288.16,7.02,N,0
40.47193,-121.42959,334.87,0.57,0.69,2021-08-21,859,N,VIIRS,n,2,285.27,7.02,N,0
40.47203,-121.43472,320.03,0.57,0.69,2021-08-21,859,N,VIIRS,n,2,283.43,8.2,N,0
40.47218,-121.41682,315.38,0.57,0.69,2021-08-21,859,N,VIIRS,n,2,285.19,4.47,N,0
40.47232,-121.42252,325.78,0.57,0.69,2021-08-21,859,N,VIIRS,n,2,288.04,4.47,N,0
40.47245,-121.42786,344,0.57,0.69,2021-08-21,859,N,VIIRS,n,2,288.51,7.26,N,0
40.47257,-121.43303,334.13,0.57,0.69,2021-08-21,859,N,VIIRS,n,2,285.32,7.26,N,0
40.47806,-121.41109,329.25,0.57,0.69,2021-08-21,859,N,VIIRS,n,2,285.01,12.11,N,0
40.47818,-121.41761,367,0.57,0.69,2021-08-21,859,N,VIIRS,h,2,291.92,12.11,N,0
40.4783,-121.42345,367,0.57,0.69,2021-08-21,859,N,VIIRS,h,2,290.04,14.67,N,0
40.4784,-121.42891,345.28,0.57,0.69,2021-08-21,859,N,VIIRS,n,2,288.27,14.67,N,0
40.47846,-121.40873,307.65,0.57,0.69,2021-08-21,859,N,VIIRS,n,2,282.48,7.32,N,0
40.4785,-121.43413,311.3,0.57,0.69,2021-08-21,859,N,VIIRS,n,2,282.09,7.63,N,0
40.47862,-121.41556,367,0.57,0.69,2021-08-21,859,N,VIIRS,h,2,291.97,14.07,N,0
40.47877,-121.42162,367,0.57,0.69,2021-08-21,859,N,VIIRS,h,2,291.56,14.07,N,0
40.47891,-121.4272,353.05,0.57,0.69,2021-08-21,859,N,VIIRS,n,2,288.85,12.79,N,0
40.47904,-121.43247,321.23,0.57,0.69,2021-08-21,859,N,VIIRS,n,2,284.33,12.79,N,0
40.48422,-121.395,320.38,0.57,0.69,2021-08-21,859,N,VIIRS,n,2,282.41,6.26,N,0
40.48436,-121.40211,326.52,0.57,0.69,2021-08-21,859,N,VIIRS,n,2,283.15,6.26,N,0
40.4845,-121.40945,332.56,0.57,0.69,2021-08-21,859,N,VIIRS,n,2,284.64,12.11,N,0
40.48453,-121.39268,318.36,0.57,0.69,2021-08-21,859,N,VIIRS,n,2,282.69,4.3,N,0
40.48463,-121.41645,367,0.57,0.69,2021-08-21,859,N,VIIRS,h,2,288.24,12.11,N,0
40.4847,-121.39973,314.24,0.57,0.69,2021-08-21,859,N,VIIRS,n,2,282.51,7.32,N,0
40.48476,-121.42288,298.01,0.57,0.69,2021-08-21,859,N,VIIRS,n,2,281.03,14.67,N,0
40.48489,-121.40704,344.79,0.57,0.69,2021-08-21,859,N,VIIRS,n,2,285.74,7.32,N,0
40.48507,-121.41421,348.7,0.57,0.69,2021-08-21,859,N,VIIRS,n,2,286.79,14.07,N,0
40.48523,-121.42088,314.21,0.57,0.69,2021-08-21,859,N,VIIRS,n,2,281.81,14.07,N,0
40.49052,-121.38656,299.22,0.57,0.69,2021-08-21,859,N,VIIRS,n,2,281.78,2.09,N,0
40.49066,-121.39338,332.84,0.57,0.69,2021-08-21,859,N,VIIRS,n,2,284.73,9.82,N,0
40.49079,-121.38443,296.53,0.57,0.69,2021-08-21,859,N,VIIRS,n,2,281.39,3.34,N,0
40.4908,-121.40033,348.76,0.57,0.69,2021-08-21,859,N,VIIRS,n,2,287.59,9.82,N,0
40.49094,-121.40759,338.99,0.57,0.69,2021-08-21,859,N,VIIRS,n,2,284.73,14.49,N,0
40.49096,-121.39124,313.22,0.57,0.69,2021-08-21,859,N,VIIRS,n,2,282.61,3.34,N,0
40.49113,-121.3981,342.22,0.57,0.69,2021-08-21,859,N,VIIRS,n,2,285.81,10.96,N,0
40.49131,-121.4052,353.64,0.57,0.69,2021-08-21,859,N,VIIRS,n,2,287.43,10.96,N,0
40.4915,-121.41267,295.04,0.57,0.69,2021-08-21,859,N,VIIRS,n,2,280.57,5.99,N,0
40.49685,-121.37951,301.81,0.57,0.69,2021-08-21,859,N,VIIRS,n,2,280.73,2.09,N,0
40.49708,-121.37762,305.38,0.57,0.69,2021-08-21,859,N,VIIRS,n,2,280.58,1.5,N,0
40.5274,-121.30038,341.31,0.56,0.69,2021-08-21,859,N,VIIRS,n,2,283.1,6.34,N,3
40.52756,-121.30731,314.74,0.56,0.69,2021-08-21,859,N,VIIRS,n,2,282.12,6.34,N,3
40.53368,-121.29301,312.13,0.56,0.69,2021-08-21,859,N,VIIRS,n,2,282.89,4.48,N,0
40.53995,-121.28588,302.19,0.56,0.69,2021-08-21,859,N,VIIRS,n,2,281.64,2.36,N,0
40.55238,-121.26725,302.29,0.56,0.69,2021-08-21,859,N,VIIRS,n,2,280.78,1.18,N,0
40.55257,-121.27524,302.54,0.56,0.69,2021-08-21,859,N,VIIRS,n,2,281.85,1.18,N,0
40.55302,-121.26823,299.19,0.56,0.69,2021-08-21,859,N,VIIRS,n,2,280.54,1.82,N,0
40.55318,-121.27634,303.95,0.56,0.69,2021-08-21,859,N,VIIRS,n,2,282.02,2.28,N,0
40.56527,-121.26808,298.03,0.56,0.69,2021-08-21,859,N,VIIRS,n,2,280.5,2.67,N,0
40.56548,-121.24705,298.52,0.56,0.69,2021-08-21,859,N,VIIRS,n,2,280.56,2.25,N,0
40.5659,-121.26903,301.39,0.56,0.69,2021-08-21,859,N,VIIRS,n,2,280.73,2.5,N,0
40.57116,-121.24664,301.09,0.56,0.69,2021-08-21,859,N,VIIRS,n,2,280.92,1.72,N,0
40.57153,-121.2615,320.09,0.56,0.69,2021-08-21,859,N,VIIRS,n,2,282.36,6.57,N,0
40.57172,-121.26875,308.55,0.56,0.69,2021-08-21,859,N,VIIRS,n,2,282.03,2.67,N,0
40.57191,-121.24774,304.42,0.56,0.69,2021-08-21,859,N,VIIRS,n,2,281.1,2.25,N,0
40.57221,-121.26241,321.19,0.56,0.69,2021-08-21,859,N,VIIRS,n,2,282.67,2.5,N,0
40.57235,-121.26978,298.69,0.56,0.69,2021-08-21,859,N,VIIRS,n,2,281.63,2.5,N,0
39.61819,-119.26264,295.61,0.38,0.58,2021-08-21,1039,N,VIIRS,n,2,285.56,0.49,N,2
40.02966,-120.78705,317.68,0.61,0.54,2021-08-21,1039,N,VIIRS,n,2,286.87,2.5,N,0
40.03127,-120.79337,302.79,0.61,0.54,2021-08-21,1039,N,VIIRS,n,2,286.08,2.5,N,0
40.03361,-120.78185,298.03,0.61,0.54,2021-08-21,1039,N,VIIRS,n,2,286.9,2.5,N,0
40.03689,-120.79478,318.57,0.61,0.54,2021-08-21,1039,N,VIIRS,n,2,287.43,3.4,N,0
40.03971,-120.78515,312.22,0.61,0.54,2021-08-21,1039,N,VIIRS,n,2,287.03,2.19,N,0
40.04101,-120.70711,322.33,0.62,0.54,2021-08-21,1039,N,VIIRS,n,2,286.78,3.24,N,0
40.04129,-120.79139,299.55,0.61,0.54,2021-08-21,1039,N,VIIRS,n,2,286.21,1.73,N,0
40.04149,-120.70621,306.42,0.62,0.54,2021-08-21,1039,N,VIIRS,n,2,286.09,10.18,N,0
40.04244,-120.71273,351.79,0.62,0.54,2021-08-21,1039,N,VIIRS,n,2,288.79,6.29,N,0
40.04296,-120.71185,356.53,0.62,0.54,2021-08-21,1039,N,VIIRS,n,2,290.86,10.18,N,0
40.04392,-120.71858,320.99,0.62,0.54,2021-08-21,1039,N,VIIRS,n,2,285,6.29,N,0
40.04409,-120.69842,305.49,0.62,0.54,2021-08-21,1039,N,VIIRS,n,2,287.01,3.24,N,0
40.04446,-120.71767,332.18,0.62,0.54,2021-08-21,1039,N,VIIRS,n,2,286.63,7.77,N,0
40.04452,-120.69746,304.36,0.62,0.54,2021-08-21,1039,N,VIIRS,n,2,286.84,2.73,N,0
40.04556,-120.70419,306.94,0.62,0.54,2021-08-21,1039,N,VIIRS,n,2,287.01,3.24,N,0
40.04601,-120.70321,307.64,0.62,0.54,2021-08-21,1039,N,VIIRS,n,2,287.22,2.49,N,0
40.04623,-120.74854,307.19,0.62,0.54,2021-08-21,1039,N,VIIRS,n,2,283.79,0.73,N,0
40.04695,-120.74758,311.75,0.62,0.54,2021-08-21,1039,N,VIIRS,n,2,284.56,2.68,N,0
40.04708,-120.71018,308.01,0.62,0.54,2021-08-21,1039,N,VIIRS,n,2,287.38,6.29,N,0
40.04721,-120.6899,298.5,0.62,0.54,2021-08-21,1039,N,VIIRS,n,2,286.1,1.83,N,0
40.04757,-120.70922,305.82,0.62,0.54,2021-08-21,1039,N,VIIRS,n,2,286.79,2.49,N,0
40.04856,-120.69517,309.71,0.62,0.54,2021-08-21,1039,N,VIIRS,n,2,287.55,2.09,N,0
40.04865,-120.71637,304.39,0.62,0.54,2021-08-21,1039,N,VIIRS,n,2,284.8,6.29,N,0
40.04868,-120.75423,304.79,0.62,0.54,2021-08-21,1039,N,VIIRS,n,2,282.61,2.68,N,0
40.04899,-120.69431,310.35,0.62,0.54,2021-08-21,1039,N,VIIRS,n,2,287.53,2.73,N,0
40.05005,-120.70103,306.84,0.62,0.54,2021-08-21,1039,N,VIIRS,n,2,287.13,2.09,N,0
40.05049,-120.70007,308.61,0.62,0.54,2021-08-21,1039,N,VIIRS,n,2,287.43,2.49,N,0
40.0512,-120.74736,319.32,0.62,0.54,2021-08-21,1039,N,VIIRS,n,2,287.94,2.74,N,0
40.05197,-120.74657,311.39,0.62,0.54,2021-08-21,1039,N,VIIRS,n,2,287.13,2.68,N,0
40.05229,-120.73079,297.36,0.62,0.54,2021-08-21,1039,N,VIIRS,n,2,284.47,0.41,N,0
40.05278,-120.75356,319.32,0.62,0.54,2021-08-21,1039,N,VIIRS,n,2,285.51,2.66,N,0
40.05279,-120.79528,313.13,0.61,0.54,2021-08-21,1039,N,VIIRS,n,2,286.03,3.69,N,0
40.05312,-120.6923,312.82,0.62,0.54,2021-08-21,1039,N,VIIRS,n,2,287.83,2.09,N,0
40.05354,-120.75263,320.99,0.62,0.54,2021-08-21,1039,N,VIIRS,n,2,287.37,2.68,N,0
40.05356,-120.69151,310.38,0.62,0.54,2021-08-21,1039,N,VIIRS,n,2,287.27,2.2,N,0
40.05376,-120.79412,325.11,0.61,0.54,2021-08-21,1039,N,VIIRS,n,2,287.27,5,N,0
40.05443,-120.73929,303.47,0.62,0.54,2021-08-21,1039,N,VIIRS,n,2,285.99,2.74,N,0
40.05458,-120.69806,295.21,0.62,0.54,2021-08-21,1039,N,VIIRS,n,2,284.19,2.09,N,0
40.05495,-120.76217,320.65,0.62,0.54,2021-08-21,1039,N,VIIRS,n,2,286.94,2.66,N,0
40.05503,-120.6972,299.93,0.62,0.54,2021-08-21,1039,N,VIIRS,n,2,284.05,2.08,N,0
40.05511,-120.73833,302.57,0.62,0.54,2021-08-21,1039,N,VIIRS,n,2,285.84,2.88,N,0
40.05536,-120.78461,317.74,0.61,0.54,2021-08-21,1039,N,VIIRS,n,2,286.98,3.69,N,0
40.05571,-120.76099,315.01,0.61,0.54,2021-08-21,1039,N,VIIRS,n,2,286.78,4.38,N,0
40.05612,-120.74597,306.43,0.62,0.54,2021-08-21,1039,N,VIIRS,n,2,286.96,2.74,N,0
40.0563,-120.78363,310.33,0.61,0.54,2021-08-21,1039,N,VIIRS,n,2,287,2.91,N,0
40.05685,-120.74504,306.85,0.62,0.54,2021-08-21,1039,N,VIIRS,n,2,286.65,2.56,N,0
40.05696,-120.77013,300.3,0.61,0.54,2021-08-21,1039,N,VIIRS,n,2,285.61,2.75,N,0
40.05764,-120.75198,302.59,0.62,0.54,2021-08-21,1039,N,VIIRS,n,2,286.53,2.66,N,0
40.05783,-120.76915,322.1,0.61,0.54,2021-08-21,1039,N,VIIRS,n,2,287.08,4.38,N,0
40.05798,-120.79504,328.83,0.61,0.54,2021-08-21,1039,N,VIIRS,n,2,288.49,3.69,N,0
40.05822,-120.68903,304.13,0.62,0.54,2021-08-21,1039,N,VIIRS,n,2,286.31,2.2,N,0
40.0584,-120.751,304,0.62,0.54,2021-08-21,1039,N,VIIRS,n,2,286.61,2.56,N,0
40.05858,-120.77657,300.3,0.61,0.54,2021-08-21,1039,N,VIIRS,n,2,286.27,2.75,N,0
40.05895,-120.79381,321.48,0.61,0.54,2021-08-21,1039,N,VIIRS,n,2,288.08,3.47,N,0
40.05975,-120.69495,302.3,0.62,0.54,2021-08-21,1039,N,VIIRS,n,2,283.96,2.08,N,0
40.05983,-120.76065,302.63,0.62,0.54,2021-08-21,1039,N,VIIRS,n,2,286.48,2.66,N,0
40.06044,-120.78394,310.76,0.61,0.54,2021-08-21,1039,N,VIIRS,n,2,287.54,2.32,N,0
40.0609,-120.74403,299.9,0.62,0.54,2021-08-21,1039,N,VIIRS,n,2,286.51,2.58,N,0
40.0611,-120.80212,307.51,0.61,0.54,2021-08-21,1039,N,VIIRS,n,2,285.77,3.47,N,0
40.0614,-120.78294,311.55,0.61,0.54,2021-08-21,1039,N,VIIRS,n,2,287.32,2.91,N,0
40.06194,-120.76901,330.28,0.61,0.54,2021-08-21,1039,N,VIIRS,n,2,288.61,2.75,N,0
40.06282,-120.76807,321.57,0.61,0.54,2021-08-21,1039,N,VIIRS,n,2,287.83,5.33,N,0
40.06317,-120.79479,309.48,0.61,0.54,2021-08-21,1039,N,VIIRS,n,2,286.83,2.32,N,0
40.06364,-120.77579,304.43,0.61,0.54,2021-08-21,1039,N,VIIRS,n,2,286.21,2.75,N,0
40.06367,-120.71012,319.11,0.62,0.54,2021-08-21,1039,N,VIIRS,n,2,286.67,3.63,N,0
40.06462,-120.77501,307.67,0.61,0.54,2021-08-21,1039,N,VIIRS,n,2,286.65,2.14,N,0
40.06508,-120.80238,303.16,0.61,0.54,2021-08-21,1039,N,VIIRS,n,2,285.3,2.51,N,0
40.06553,-120.78328,300.44,0.61,0.54,2021-08-21,1039,N,VIIRS,n,2,286.8,2.32,N,0
40.06619,-120.80143,310.68,0.61,0.54,2021-08-21,1039,N,VIIRS,n,2,285.59,3.47,N,0
40.06649,-120.78226,303.48,0.61,0.54,2021-08-21,1039,N,VIIRS,n,2,286.7,2.14,N,0
40.06652,-120.7007,298.4,0.62,0.54,2021-08-21,1039,N,VIIRS,n,2,284.32,2.17,N,0
40.06873,-120.77513,306.25,0.61,0.54,2021-08-21,1039,N,VIIRS,n,2,287.34,3.22,N,0
40.06897,-120.71017,306.21,0.62,0.54,2021-08-21,1039,N,VIIRS,n,2,287.32,2.29,N,0
40.0697,-120.77428,299.81,0.61,0.54,2021-08-21,1039,N,VIIRS,n,2,286.73,2.14,N,0
40.07005,-120.80127,313.91,0.61,0.54,2021-08-21,1039,N,VIIRS,n,2,286.48,2.51,N,0
40.07114,-120.8002,311.74,0.61,0.54,2021-08-21,1039,N,VIIRS,n,2,286.32,2.82,N,0
40.07165,-120.70007,324.2,0.62,0.54,2021-08-21,1039,N,VIIRS,n,2,287.12,2.17,N,0
40.07418,-121.08587,305.9,0.59,0.53,2021-08-21,1039,N,VIIRS,n,2,282.9,2.58,N,0
40.07465,-120.71169,297.9,0.62,0.54,2021-08-21,1039,N,VIIRS,n,2,286.07,2.29,N,0
40.0747,-120.79892,305.61,0.61,0.54,2021-08-21,1039,N,VIIRS,n,2,285,1.84,N,0
40.07573,-120.79762,307.92,0.61,0.54,2021-08-21,1039,N,VIIRS,n,2,285.46,2.82,N,0
40.07587,-121.09253,311.84,0.59,0.53,2021-08-21,1039,N,VIIRS,n,2,283.26,2.58,N,0
40.07716,-121.07719,301.27,0.59,0.53,2021-08-21,1039,N,VIIRS,n,2,283.49,1.17,N,0
40.07724,-120.70126,308.63,0.62,0.54,2021-08-21,1039,N,VIIRS,n,2,285.91,2.96,N,0
40.07742,-120.78881,316.37,0.61,0.54,2021-08-21,1039,N,VIIRS,n,2,286.52,5.46,N,0
40.07835,-120.78738,313.92,0.61,0.54,2021-08-21,1039,N,VIIRS,n,2,286.59,2.15,N,0
40.07876,-121.08353,307.79,0.59,0.53,2021-08-21,1039,N,VIIRS,n,2,284.72,2.58,N,0
40.07926,-120.79616,305.45,0.61,0.54,2021-08-21,1039,N,VIIRS,n,2,285.08,1.84,N,0
40.07946,-120.77128,297.5,0.61,0.54,2021-08-21,1039,N,VIIRS,n,2,285.06,1.06,N,0
40.07962,-120.68993,303.73,0.62,0.54,2021-08-21,1039,N,VIIRS,n,2,285.46,2.96,N,0
40.0802,-120.79459,311.94,0.61,0.54,2021-08-21,1039,N,VIIRS,n,2,286.01,2.15,N,0
40.08035,-121.08979,320.41,0.59,0.53,2021-08-21,1039,N,VIIRS,n,2,285.77,2.58,N,0
40.08103,-120.77737,297.91,0.61,0.54,2021-08-21,1039,N,VIIRS,n,2,285.95,1.06,N,0
40.08197,-121.09619,307.82,0.59,0.53,2021-08-21,1039,N,VIIRS,n,2,284.22,3.14,N,0
40.08235,-120.70055,323.13,0.62,0.54,2021-08-21,1039,N,VIIRS,n,2,288.13,2.96,N,0
40.08267,-120.78374,301.61,0.61,0.54,2021-08-21,1039,N,VIIRS,n,2,286.62,2.15,N,0
40.08415,-120.76906,303.74,0.61,0.54,2021-08-21,1039,N,VIIRS,n,2,285.81,1.22,N,0
40.08432,-120.79015,306.22,0.61,0.54,2021-08-21,1039,N,VIIRS,n,2,287.08,2.15,N,0
40.08503,-120.71098,302.09,0.62,0.54,2021-08-21,1039,N,VIIRS,n,2,284.49,1.67,N,0
40.08506,-120.69054,317.81,0.62,0.54,2021-08-21,1039,N,VIIRS,n,2,287.97,2.65,N,0
40.08567,-120.77496,301.05,0.61,0.54,2021-08-21,1039,N,VIIRS,n,2,285.91,1.22,N,0
40.086,-120.79669,312.46,0.61,0.54,2021-08-21,1039,N,VIIRS,n,2,286.83,3.36,N,0
40.08729,-120.69923,310.96,0.62,0.54,2021-08-21,1039,N,VIIRS,n,2,287.87,2.65,N,0
40.08868,-120.78667,298.21,0.61,0.54,2021-08-21,1039,N,VIIRS,n,2,286.74,3.08,N,0
40.08951,-121.12605,297.2,0.59,0.53,2021-08-21,1039,N,VIIRS,n,2,285.72,1.67,N,0
40.08978,-120.70892,309.92,0.62,0.54,2021-08-21,1039,N,VIIRS,n,2,286.26,2.33,N,0
40.09038,-120.79326,315.77,0.61,0.54,2021-08-21,1039,N,VIIRS,n,2,286.79,5.69,N,0
40.0906,-120.69152,300.74,0.62,0.54,2021-08-21,1039,N,VIIRS,n,2,287.1,2.65,N,0
40.09093,-121.13168,295.93,0.59,0.53,2021-08-21,1039,N,VIIRS,n,2,285.39,1.41,N,0
40.09097,-121.11134,297.5,0.59,0.53,2021-08-21,1039,N,VIIRS,n,2,284.88,1.92,N,0
40.09261,-120.69939,313.71,0.62,0.54,2021-08-21,1039,N,VIIRS,n,2,287.75,2.65,N,0
40.09406,-120.68446,312.3,0.62,0.54,2021-08-21,1039,N,VIIRS,n,2,286.52,5.79,N,0
40.09461,-120.70716,308.56,0.62,0.54,2021-08-21,1039,N,VIIRS,n,2,286.07,2.33,N,0
40.09507,-120.79101,334.16,0.61,0.54,2021-08-21,1039,N,VIIRS,n,2,288.52,5.69,N,0
40.09612,-120.69245,320.11,0.62,0.54,2021-08-21,1039,N,VIIRS,n,2,287.18,6.63,N,0
40.09642,-120.71425,305.96,0.62,0.54,2021-08-21,1039,N,VIIRS,n,2,283.97,2.33,N,0
40.09776,-120.69887,333.69,0.62,0.54,2021-08-21,1039,N,VIIRS,n,2,288.22,6.63,N,0
40.09845,-120.78371,298.85,0.61,0.54,2021-08-21,1039,N,VIIRS,n,2,285.91,2.3,N,0
40.09932,-120.68435,333.58,0.62,0.54,2021-08-21,1039,N,VIIRS,n,2,289.38,5.79,N,0
40.0994,-120.70525,329.7,0.62,0.54,2021-08-21,1039,N,VIIRS,n,2,289.44,6.5,N,0
40.09986,-120.78919,320.01,0.61,0.54,2021-08-21,1039,N,VIIRS,n,2,288.16,3.71,N,0
40.10113,-120.69141,333.31,0.62,0.54,2021-08-21,1039,N,VIIRS,n,2,289.48,6.63,N,0
40.10115,-120.7121,342.23,0.62,0.54,2021-08-21,1039,N,VIIRS,n,2,291.58,6.5,N,0
40.10128,-120.79472,327.2,0.61,0.53,2021-08-21,1039,N,VIIRS,n,2,287.53,3.71,N,0
40.10147,-121.11205,308.49,0.59,0.53,2021-08-21,1039,N,VIIRS,n,2,284.59,1.51,N,0
40.10266,-120.6974,332.64,0.62,0.54,2021-08-21,1039,N,VIIRS,n,2,290.77,6.63,N,0
40.10277,-120.80053,317.75,0.61,0.53,2021-08-21,1039,N,VIIRS,n,2,285.02,4.07,N,0
40.10418,-120.70331,324.99,0.62,0.54,2021-08-21,1039,N,VIIRS,n,2,289.69,6.5,N,0
40.10432,-120.68326,334.85,0.62,0.54,2021-08-21,1039,N,VIIRS,n,2,291.64,6.3,N,0
40.10435,-120.80673,297.96,0.61,0.53,2021-08-21,1039,N,VIIRS,n,2,282.51,4.07,N,0
40.10579,-120.7096,315.06,0.62,0.54,2021-08-21,1039,N,VIIRS,n,2,287.82,6.5,N,0
40.10596,-120.68967,323.76,0.62,0.54,2021-08-21,1039,N,VIIRS,n,2,289.72,5.55,N,0
40.10613,-120.79315,302.78,0.61,0.53,2021-08-21,1039,N,VIIRS,n,2,286,3.71,N,0
40.10655,-120.6713,305.71,0.62,0.54,2021-08-21,1039,N,VIIRS,n,2,284.6,6.3,N,0
40.1074,-120.69525,315.59,0.62,0.54,2021-08-21,1039,N,VIIRS,n,2,288.27,5.55,N,0
40.10761,-120.79894,318.55,0.61,0.53,2021-08-21,1039,N,VIIRS,n,2,287.28,4.07,N,0
40.10881,-120.7008,311.81,0.62,0.54,2021-08-21,1039,N,VIIRS,n,2,288.32,3.61,N,0
40.10889,-120.68047,334.64,0.62,0.54,2021-08-21,1039,N,VIIRS,n,2,292.74,6.3,N,0
40.10913,-120.80487,328.83,0.61,0.53,2021-08-21,1039,N,VIIRS,n,2,286.86,4.07,N,0
40.11031,-120.70666,312.48,0.62,0.54,2021-08-21,1039,N,VIIRS,n,2,287.72,3.61,N,0
40.11058,-120.68708,329.67,0.62,0.54,2021-08-21,1039,N,VIIRS,n,2,291.66,5.55,N,0
40.11198,-120.7132,308.41,0.62,0.54,2021-08-21,1039,N,VIIRS,n,2,286.61,2.65,N,0
40.11204,-120.69278,321,0.62,0.54,2021-08-21,1039,N,VIIRS,n,2,290.31,5.55,N,0
40.11333,-120.67718,330.8,0.62,0.54,2021-08-21,1039,N,VIIRS,n,2,291.22,4.63,N,0
40.11347,-120.69836,318.3,0.62,0.54,2021-08-21,1039,N,VIIRS,n,2,289.42,3.61,N,0
40.11505,-120.70454,314.21,0.62,0.54,2021-08-21,1039,N,VIIRS,n,2,288.37,3.61,N,0
40.11512,-120.68417,331.99,0.62,0.54,2021-08-21,1039,N,VIIRS,n,2,292.22,5.99,N,0
40.11665,-120.69017,327.45,0.62,0.54,2021-08-21,1039,N,VIIRS,n,2,291.51,5.99,N,0
40.11685,-120.71162,310.85,0.62,0.54,2021-08-21,1039,N,VIIRS,n,2,286.98,2.65,N,0
40.11766,-120.67341,305.54,0.62,0.54,2021-08-21,1039,N,VIIRS,n,2,285.49,4.63,N,0
40.1182,-120.69622,328.38,0.62,0.54,2021-08-21,1039,N,VIIRS,n,2,291.37,3.95,N,0
40.11873,-120.71895,298.89,0.62,0.54,2021-08-21,1039,N,VIIRS,n,2,284.48,2.65,N,0
40.11962,-120.68108,330.63,0.62,0.54,2021-08-21,1039,N,VIIRS,n,2,288.72,5.99,N,0
40.11992,-120.70296,325.11,0.62,0.54,2021-08-21,1039,N,VIIRS,n,2,288.71,3.95,N,0
40.12055,-120.7261,309.14,0.62,0.54,2021-08-21,1039,N,VIIRS,n,2,284.76,3.58,N,0
40.12122,-120.68739,307.48,0.62,0.54,2021-08-21,1039,N,VIIRS,n,2,288.62,5.99,N,0
40.12182,-120.71041,310.9,0.62,0.54,2021-08-21,1039,N,VIIRS,n,2,285.19,3.35,N,0
40.12297,-120.69424,302.65,0.62,0.54,2021-08-21,1039,N,VIIRS,n,2,285.7,3.95,N,0
40.12379,-120.71817,317.39,0.62,0.54,2021-08-21,1039,N,VIIRS,n,2,284.33,3.35,N,0
40.12488,-120.70174,300.65,0.62,0.54,2021-08-21,1039,N,VIIRS,n,2,284.08,3.95,N,0
40.12594,-120.68518,303.51,0.62,0.54,2021-08-21,1039,N,VIIRS,n,2,285.09,2.84,N,0
40.12783,-120.6926,296.52,0.62,0.54,2021-08-21,1039,N,VIIRS,n,2,283.26,1.9,N,0
40.16282,-120.53471,299.2,0.63,0.54,2021-08-21,1039,N,VIIRS,n,2,280.98,2.86,N,0
40.16569,-120.52525,302.17,0.63,0.54,2021-08-21,1039,N,VIIRS,n,2,279.87,1.77,N,0
40.16684,-120.50902,296.74,0.63,0.54,2021-08-21,1039,N,VIIRS,n,2,281.3,1.35,N,0
40.1687,-120.51624,296.63,0.63,0.54,2021-08-21,1039,N,VIIRS,n,2,279.51,1.35,N,0
40.17236,-120.53048,296.37,0.63,0.54,2021-08-21,1039,N,VIIRS,n,2,281.14,1.77,N,0
40.17248,-120.72343,303.28,0.61,0.54,2021-08-21,1039,N,VIIRS,n,2,280.19,1.57,N,0
40.17355,-120.51441,306.43,0.63,0.54,2021-08-21,1039,N,VIIRS,n,2,281.46,2.49,N,0
40.17414,-120.53739,324.6,0.63,0.54,2021-08-21,1039,N,VIIRS,n,2,282.96,6.36,N,0
40.17435,-120.7229,306.82,0.61,0.54,2021-08-21,1039,N,VIIRS,n,2,280.85,1.96,N,0
40.17545,-120.60429,328.35,0.62,0.54,2021-08-21,1039,N,VIIRS,n,2,284.08,7.94,N,0
40.17719,-120.52858,307.93,0.63,0.54,2021-08-21,1039,N,VIIRS,n,2,283.37,2.75,N,0
40.17725,-120.61127,337.16,0.62,0.54,2021-08-21,1039,N,VIIRS,n,2,282.88,8.62,N,0
40.17755,-120.55063,295.89,0.63,0.54,2021-08-21,1039,N,VIIRS,n,2,282.68,2.25,N,0
40.17882,-120.71981,300.79,0.61,0.54,2021-08-21,1039,N,VIIRS,n,2,281.94,1.96,N,0
40.17897,-120.43171,296.28,0.64,0.54,2021-08-21,1039,N,VIIRS,n,2,283.88,1.63,N,0
40.17922,-120.55711,316.05,0.63,0.54,2021-08-21,1039,N,VIIRS,n,2,283.12,2.25,N,0
40.17923,-120.43383,296.41,0.63,0.54,2021-08-21,1039,N,VIIRS,n,2,283.72,6.04,N,0
40.18242,-120.73379,296.28,0.61,0.54,2021-08-21,1039,N,VIIRS,n,2,281.56,2.15,N,0
40.18303,-120.42667,339.4,0.64,0.54,2021-08-21,1039,N,VIIRS,n,2,289.67,11.43,N,0
40.18328,-120.4289,344.5,0.63,0.54,2021-08-21,1039,N,VIIRS,n,2,290.2,6.04,N,0
40.18413,-120.55554,315.67,0.63,0.54,2021-08-21,1039,N,VIIRS,n,2,282.79,4.19,N,0
40.18507,-120.72363,323.96,0.61,0.54,2021-08-21,1039,N,VIIRS,n,2,283.29,3.06,N,0
40.18543,-120.43608,310.05,0.63,0.54,2021-08-21,1039,N,VIIRS,n,2,284.74,7.84,N,0
40.18575,-120.43829,296.47,0.63,0.54,2021-08-21,1039,N,VIIRS,n,2,283.73,6.04,N,0
40.18694,-120.7309,298.04,0.61,0.54,2021-08-21,1039,N,VIIRS,n,2,282.17,3.06,N,0
40.1891,-120.55424,319.6,0.63,0.54,2021-08-21,1039,N,VIIRS,n,2,284.22,4.19,N,0
40.19549,-120.47543,339.24,0.63,0.54,2021-08-21,1039,N,VIIRS,n,2,284.33,8.8,N,0
40.1959,-120.47691,333.92,0.63,0.54,2021-08-21,1039,N,VIIRS,n,2,284.35,6.16,N,0
40.20677,-120.47788,300.2,0.63,0.54,2021-08-21,1039,N,VIIRS,n,2,281.22,1.17,N,0
40.2225,-120.72598,308.75,0.61,0.54,2021-08-21,1039,N,VIIRS,n,2,280.18,1.8,N,0
40.23148,-120.53156,301.99,0.63,0.54,2021-08-21,1039,N,VIIRS,n,2,283.21,2.37,N,0
40.2326,-120.53764,321.56,0.63,0.54,2021-08-21,1039,N,VIIRS,n,2,285.21,4.88,N,0
40.23341,-120.53897,319.41,0.63,0.54,2021-08-21,1039,N,VIIRS,n,2,285.37,4.58,N,0
40.23541,-120.52779,323.43,0.63,0.54,2021-08-21,1039,N,VIIRS,n,2,287.62,4.88,N,0
40.23619,-120.52921,326.35,0.63,0.54,2021-08-21,1039,N,VIIRS,n,2,288.27,6.22,N,0
40.23737,-120.53556,318.66,0.63,0.54,2021-08-21,1039,N,VIIRS,n,2,285.32,4.88,N,0
40.23821,-120.53699,312.08,0.63,0.54,2021-08-21,1039,N,VIIRS,n,2,283.5,3.19,N,0
40.24299,-120.53494,310.99,0.63,0.54,2021-08-21,1039,N,VIIRS,n,2,283.77,3.19,N,0
40.27236,-120.90147,300.17,0.6,0.53,2021-08-21,1039,N,VIIRS,n,2,283.78,2.15,N,0
40.30629,-120.91248,301.78,0.6,0.53,2021-08-21,1039,N,VIIRS,n,2,282.44,1.85,N,0
40.30745,-120.90601,296.62,0.6,0.53,2021-08-21,1039,N,VIIRS,n,2,281.81,2.38,N,0
40.30785,-120.91862,298.41,0.6,0.53,2021-08-21,1039,N,VIIRS,n,2,283.38,1.85,N,0
40.30914,-120.9126,320.44,0.6,0.53,2021-08-21,1039,N,VIIRS,n,2,284.97,2.38,N,0
40.30942,-120.90427,301.14,0.6,0.53,2021-08-21,1039,N,VIIRS,n,2,282.79,2.47,N,0
40.31108,-120.9109,308.24,0.6,0.53,2021-08-21,1039,N,VIIRS,n,2,283.52,1.85,N,0
40.31266,-121.49114,311.49,0.56,0.51,2021-08-21,1039,N,VIIRS,n,2,282.55,2.46,N,0
40.31294,-121.43106,298.55,0.56,0.52,2021-08-21,1039,N,VIIRS,n,2,282.05,2.7,N,0
40.31415,-121.49714,334.27,0.56,0.51,2021-08-21,1039,N,VIIRS,n,2,286.55,4.35,N,0
40.31453,-121.43748,308.41,0.56,0.52,2021-08-21,1039,N,VIIRS,n,2,281.67,2.37,N,0
40.31554,-121.50275,303.22,0.56,0.51,2021-08-21,1039,N,VIIRS,n,2,284.43,4.35,N,0
40.31622,-121.42392,313.09,0.56,0.52,2021-08-21,1039,N,VIIRS,n,2,285.24,2.7,N,0
40.31703,-121.48843,300.51,0.56,0.51,2021-08-21,1039,N,VIIRS,n,2,283.87,1.33,N,0
40.31869,-121.49519,305.22,0.56,0.51,2021-08-21,1039,N,VIIRS,n,2,284.68,2.11,N,0
40.31936,-121.41615,306.12,0.56,0.52,2021-08-21,1039,N,VIIRS,n,2,284.5,1.95,N,0
40.3194,-121.43678,315.43,0.56,0.52,2021-08-21,1039,N,VIIRS,n,2,285.67,2.37,N,0
40.32043,-121.41564,303.59,0.56,0.52,2021-08-21,1039,N,VIIRS,n,2,284.39,2.08,N,0
40.32092,-121.44296,311.27,0.56,0.52,2021-08-21,1039,N,VIIRS,n,2,284.2,2.37,N,0
40.32093,-121.42255,314.54,0.56,0.52,2021-08-21,1039,N,VIIRS,n,2,285.27,1.89,N,0
40.32204,-121.42204,314.52,0.56,0.52,2021-08-21,1039,N,VIIRS,n,2,285.26,2.08,N,0
40.32243,-121.44908,297.7,0.56,0.51,2021-08-21,1039,N,VIIRS,n,2,283.38,0.95,N,0
40.32251,-121.42899,295.6,0.56,0.52,2021-08-21,1039,N,VIIRS,n,2,284.08,1.89,N,0
40.32367,-121.42844,297.74,0.56,0.52,2021-08-21,1039,N,VIIRS,n,2,283.76,1.51,N,0
40.32399,-121.45541,296.41,0.56,0.51,2021-08-21,1039,N,VIIRS,n,2,283.1,0.95,N,0
40.3241,-121.43545,299.25,0.56,0.52,2021-08-21,1039,N,VIIRS,n,2,284.81,1.63,N,0
40.32531,-121.43496,299.26,0.56,0.52,2021-08-21,1039,N,VIIRS,n,2,284.49,1.51,N,0
40.32547,-121.4205,313.4,0.56,0.52,2021-08-21,1039,N,VIIRS,n,2,286.56,1.89,N,0
40.32558,-121.46185,304.73,0.56,0.51,2021-08-21,1039,N,VIIRS,n,2,284.2,2.6,N,0
40.32568,-121.44186,308.01,0.56,0.52,2021-08-21,1039,N,VIIRS,n,2,285.79,1.63,N,0
40.32657,-121.41991,309.49,0.56,0.52,2021-08-21,1039,N,VIIRS,n,2,286,2.08,N,0
40.32694,-121.44141,305.11,0.56,0.51,2021-08-21,1039,N,VIIRS,n,2,285.74,2.15,N,0
40.32707,-121.42701,298.07,0.56,0.52,2021-08-21,1039,N,VIIRS,n,2,283.59,1.89,N,0
40.32727,-121.4483,315.51,0.56,0.51,2021-08-21,1039,N,VIIRS,n,2,285.95,3.57,N,0
40.32761,-120.86298,300.93,0.6,0.53,2021-08-21,1039,N,VIIRS,n,2,282.49,1.33,N,0
40.32793,-121.40529,295.21,0.56,0.52,2021-08-21,1039,N,VIIRS,n,2,282.8,2.09,N,0
40.32841,-121.41194,308.25,0.56,0.52,2021-08-21,1039,N,VIIRS,n,2,283.17,2.55,N,0
40.32858,-121.44791,314.83,0.56,0.51,2021-08-21,1039,N,VIIRS,n,2,286.02,2.15,N,0
40.32951,-121.41156,310.5,0.56,0.52,2021-08-21,1039,N,VIIRS,n,2,284.02,3.96,N,0
40.33031,-121.4402,298.85,0.56,0.52,2021-08-21,1039,N,VIIRS,n,2,285.2,1.63,N,0
40.33151,-121.43951,304.22,0.56,0.51,2021-08-21,1039,N,VIIRS,n,2,284.99,2.15,N,0
40.33158,-121.4043,297.57,0.56,0.52,2021-08-21,1039,N,VIIRS,n,2,283.49,2.55,N,0
40.33189,-121.44659,320.18,0.56,0.51,2021-08-21,1039,N,VIIRS,n,2,287.21,3.57,N,0
40.33198,-121.1992,308.52,0.58,0.52,2021-08-21,1039,N,VIIRS,n,2,283.99,2.44,N,0
40.33268,-121.40407,311.32,0.56,0.52,2021-08-21,1039,N,VIIRS,n,2,284.32,2.09,N,0
40.33313,-121.4459,315.06,0.56,0.51,2021-08-21,1039,N,VIIRS,n,2,286.2,2.15,N,0
40.33314,-121.41065,324.74,0.56,0.52,2021-08-21,1039,N,VIIRS,n,2,285.46,2.55,N,0
40.33428,-121.41044,327,0.56,0.52,2021-08-21,1039,N,VIIRS,n,2,286.43,3.96,N,0
40.33476,-121.43778,305.27,0.56,0.52,2021-08-21,1039,N,VIIRS,n,2,284.58,1.78,N,0
40.33547,-120.87335,296.39,0.6,0.53,2021-08-21,1039,N,VIIRS,n,2,282.66,1.65,N,0
40.33595,-121.43709,303.36,0.56,0.51,2021-08-21,1039,N,VIIRS,n,2,284.71,1.26,N,0
40.33635,-121.44429,302.95,0.56,0.51,2021-08-21,1039,N,VIIRS,n,2,284.89,1.73,N,0
40.33636,-121.40324,339.74,0.56,0.52,2021-08-21,1039,N,VIIRS,n,2,288.61,3.61,N,0
40.33702,-120.8794,329.54,0.6,0.53,2021-08-21,1039,N,VIIRS,n,2,285.95,3.7,N,0
40.33746,-121.40294,333.73,0.56,0.52,2021-08-21,1039,N,VIIRS,n,2,287.68,4.17,N,0
40.3376,-121.44363,309.32,0.56,0.51,2021-08-21,1039,N,VIIRS,n,2,285.28,1.26,N,0
40.33791,-121.40955,328.74,0.56,0.52,2021-08-21,1039,N,VIIRS,n,2,287.74,3.61,N,0
40.33902,-121.40916,322.74,0.56,0.52,2021-08-21,1039,N,VIIRS,n,2,286.36,3.22,N,0
40.34094,-121.44244,305.13,0.56,0.51,2021-08-21,1039,N,VIIRS,n,2,283.88,1.73,N,0
40.341,-121.40159,301.74,0.56,0.52,2021-08-21,1039,N,VIIRS,n,2,283.67,3.61,N,0
40.34156,-120.87682,302.95,0.6,0.53,2021-08-21,1039,N,VIIRS,n,2,284.03,3.7,N,0
40.34206,-121.40115,308.51,0.56,0.52,2021-08-21,1039,N,VIIRS,n,2,284.4,4.17,N,0
40.34222,-121.44196,296.79,0.56,0.51,2021-08-21,1039,N,VIIRS,n,2,283.05,1.26,N,0
40.34252,-121.40781,298.31,0.56,0.52,2021-08-21,1039,N,VIIRS,n,2,283.61,3.61,N,0
40.34362,-121.40736,296.91,0.56,0.52,2021-08-21,1039,N,VIIRS,n,2,283.48,3.22,N,0
40.34603,-120.87394,302.3,0.6,0.53,2021-08-21,1039,N,VIIRS,n,2,284.71,1.46,N,0
40.34657,-121.39896,297.6,0.56,0.52,2021-08-21,1039,N,VIIRS,n,2,282.87,1.64,N,0
40.34695,-121.42586,308.04,0.56,0.52,2021-08-21,1039,N,VIIRS,n,2,285.29,2.16,N,0
40.34757,-120.87999,298.67,0.6,0.53,2021-08-21,1039,N,VIIRS,n,2,283.76,1.46,N,0
40.34814,-121.42534,310.87,0.56,0.52,2021-08-21,1039,N,VIIRS,n,2,285.38,2.37,N,0
40.34931,-121.38974,310.29,0.56,0.52,2021-08-21,1039,N,VIIRS,n,2,284.44,1.64,N,0
40.35041,-121.4606,303.57,0.56,0.51,2021-08-21,1039,N,VIIRS,n,2,283.5,3.1,N,0
40.35179,-121.45995,317.75,0.56,0.51,2021-08-21,1039,N,VIIRS,n,2,284.88,3.48,N,0
40.35204,-121.38044,300.17,0.56,0.52,2021-08-21,1039,N,VIIRS,n,2,282.94,1.18,N,0
40.35249,-121.40242,295.9,0.56,0.52,2021-08-21,1039,N,VIIRS,n,2,283.12,1.21,N,0
40.35365,-121.38687,316.17,0.56,0.52,2021-08-21,1039,N,VIIRS,n,2,284.39,3.15,N,0
40.35493,-121.45848,329.73,0.56,0.51,2021-08-21,1039,N,VIIRS,n,2,285.84,3.1,N,0
40.35627,-121.4577,320.59,0.56,0.51,2021-08-21,1039,N,VIIRS,n,2,282.44,3.48,N,0
40.361,-121.37585,301.16,0.56,0.52,2021-08-21,1039,N,VIIRS,n,2,282.39,0.9,N,0
40.36104,-121.07465,303.25,0.58,0.52,2021-08-21,1039,N,VIIRS,n,2,283.9,1.77,N,0
40.36201,-121.07338,307.96,0.58,0.52,2021-08-21,1039,N,VIIRS,n,2,284.38,2.34,N,0
40.36236,-121.36104,299.24,0.56,0.52,2021-08-21,1039,N,VIIRS,n,2,280.79,2.68,N,0
40.36561,-121.37405,298.95,0.56,0.52,2021-08-21,1039,N,VIIRS,n,2,283.3,0.9,N,0
40.36637,-121.11568,300.82,0.58,0.52,2021-08-21,1039,N,VIIRS,n,2,281.29,1.88,N,0
40.36708,-121.11443,300.95,0.58,0.52,2021-08-21,1039,N,VIIRS,n,2,281.54,1.83,N,0
40.36933,-121.10715,301.91,0.58,0.52,2021-08-21,1039,N,VIIRS,n,2,282.16,2.01,N,0
40.37008,-121.10588,305.78,0.58,0.52,2021-08-21,1039,N,VIIRS,n,2,282.17,1.83,N,0
40.38158,-121.39757,304.09,0.56,0.52,2021-08-21,1039,N,VIIRS,n,2,285.27,2.01,N,0
40.38626,-121.39606,325.75,0.56,0.52,2021-08-21,1039,N,VIIRS,n,2,288.68,4.3,N,0
40.38923,-121.38772,322.8,0.56,0.52,2021-08-21,1039,N,VIIRS,n,2,288.04,4.3,N,0
40.39095,-121.39462,318.81,0.56,0.52,2021-08-21,1039,N,VIIRS,n,2,288.04,4.3,N,0
40.43624,-121.31085,300.55,0.57,0.52,2021-08-21,1039,N,VIIRS,n,2,280.49,1.04,N,0
40.46439,-121.42288,311.5,0.56,0.51,2021-08-21,1039,N,VIIRS,n,2,284.39,2.57,N,0
40.46624,-121.43027,305.05,0.56,0.51,2021-08-21,1039,N,VIIRS,n,2,283.55,2.57,N,0
40.46894,-121.42094,311.11,0.56,0.51,2021-08-21,1039,N,VIIRS,n,2,285.19,2.57,N,0
40.47083,-121.42851,312.87,0.56,0.51,2021-08-21,1039,N,VIIRS,n,2,283.34,2.57,N,0
40.47116,-121.32896,305.26,0.56,0.52,2021-08-21,1039,N,VIIRS,n,2,279.74,1.6,N,0
40.47174,-121.41203,298.41,0.56,0.51,2021-08-21,1039,N,VIIRS,n,2,283.52,2.65,N,0
40.47282,-121.43645,296.4,0.56,0.51,2021-08-21,1039,N,VIIRS,n,2,280.99,1.45,N,0
40.4735,-121.41903,321.91,0.56,0.51,2021-08-21,1039,N,VIIRS,n,2,288.33,10.98,N,0
40.47536,-121.42649,349.28,0.56,0.51,2021-08-21,1039,N,VIIRS,n,2,292.27,10.98,N,0
40.47571,-121.32694,301.58,0.56,0.52,2021-08-21,1039,N,VIIRS,n,2,280.47,1.6,N,0
40.47641,-121.41059,317.97,0.56,0.51,2021-08-21,1039,N,VIIRS,n,2,285.31,2.65,N,0
40.4773,-121.43427,315.93,0.56,0.51,2021-08-21,1039,N,VIIRS,n,2,283.22,6.69,N,0
40.47733,-121.33344,296.61,0.56,0.52,2021-08-21,1039,N,VIIRS,n,2,281.27,2.2,N,0
40.4781,-121.41734,349.39,0.56,0.51,2021-08-21,1039,N,VIIRS,n,2,293.95,10.98,N,0
40.47988,-121.42445,350.03,0.56,0.51,2021-08-21,1039,N,VIIRS,n,2,290.34,10.98,N,0
40.48027,-121.32495,295.02,0.56,0.52,2021-08-21,1039,N,VIIRS,n,2,280.45,0.99,N,0
40.48093,-121.38835,299.13,0.56,0.51,2021-08-21,1039,N,VIIRS,n,2,279.75,2.23,N,0
40.4811,-121.40919,341.08,0.56,0.51,2021-08-21,1039,N,VIIRS,n,2,288.01,8.08,N,0
40.48193,-121.3316,296.99,0.56,0.52,2021-08-21,1039,N,VIIRS,n,2,280.6,1.23,N,0
40.48272,-121.41568,367,0.56,0.51,2021-08-21,1039,N,VIIRS,h,2,304.14,18.09,N,0
40.48419,-121.40141,332.55,0.56,0.51,2021-08-21,1039,N,VIIRS,n,2,284.32,8.08,N,0
40.4844,-121.42242,305.86,0.56,0.51,2021-08-21,1039,N,VIIRS,n,2,282.29,18.09,N,0
40.48565,-121.38706,306.2,0.56,0.51,2021-08-21,1039,N,VIIRS,n,2,280.49,4.26,N,0
40.48577,-121.40776,333.04,0.56,0.51,2021-08-21,1039,N,VIIRS,n,2,284.37,8.08,N,0
40.48729,-121.39364,349.29,0.56,0.51,2021-08-21,1039,N,VIIRS,n,2,288.24,4.26,N,0
40.48736,-121.41411,306.95,0.56,0.51,2021-08-21,1039,N,VIIRS,n,2,281.11,18.09,N,0
40.48889,-121.40005,332,0.56,0.51,2021-08-21,1039,N,VIIRS,n,2,287.09,7.69,N,0
40.4903,-121.38548,304.16,0.56,0.51,2021-08-21,1039,N,VIIRS,n,2,279.31,4.26,N,0
40.49047,-121.40642,344,0.56,0.51,2021-08-21,1039,N,VIIRS,n,2,285.87,7.69,N,0
40.4919,-121.39194,305.57,0.56,0.51,2021-08-21,1039,N,VIIRS,n,2,277.43,4.26,N,0
40.49353,-121.3985,306.85,0.56,0.51,2021-08-21,1039,N,VIIRS,n,2,277.96,7.69,N,0
40.49942,-121.38168,304.07,0.56,0.51,2021-08-21,1039,N,VIIRS,n,2,280.48,2.31,N,0
40.52839,-121.26991,295.77,0.57,0.52,2021-08-21,1039,N,VIIRS,n,2,274.63,1.36,N,0
40.5359,-121.25951,302.7,0.57,0.52,2021-08-21,1039,N,VIIRS,n,2,276.42,2.29,N,0
40.55244,-121.285,300.47,0.56,0.52,2021-08-21,1039,N,VIIRS,n,2,278.35,1.48,N,3
40.55273,-121.26599,295.11,0.56,0.52,2021-08-21,1039,N,VIIRS,n,2,274.41,1.17,N,0
40.57529,-121.25498,296.62,0.56,0.52,2021-08-21,1039,N,VIIRS,n,2,276.75,0.73,N,0
41.43028,-121.88929,305.01,0.5,0.49,2021-08-21,1039,N,VIIRS,n,2,283.18,1.48,N,0
41.43326,-121.88176,306.21,0.5,0.49,2021-08-21,1039,N,VIIRS,n,2,283.27,1.38,N,0
41.43464,-121.88748,301.19,0.5,0.49,2021-08-21,1039,N,VIIRS,n,2,282.55,1.48,N,0
41.43602,-121.89328,298.64,0.5,0.49,2021-08-21,1039,N,VIIRS,n,2,282.94,1.48,N,0
41.43761,-121.87992,317.14,0.5,0.49,2021-08-21,1039,N,VIIRS,n,2,286.24,2.68,N,0
41.4404,-121.89156,296.33,0.5,0.49,2021-08-21,1039,N,VIIRS,n,2,281.2,1.62,N,0
41.44476,-121.88981,295.23,0.5,0.49,2021-08-21,1039,N,VIIRS,n,2,282.56,1.62,N,0
41.44496,-121.91072,303.23,0.5,0.49,2021-08-21,1039,N,VIIRS,n,2,283.7,1.76,N,0
41.44769,-121.88203,297.32,0.5,0.49,2021-08-21,1039,N,VIIRS,n,2,284.5,2.64,N,0
41.4488,-121.88112,297.67,0.5,0.49,2021-08-21,1039,N,VIIRS,n,2,284.42,0.94,N,0
41.45084,-121.91537,306,0.5,0.49,2021-08-21,1039,N,VIIRS,n,2,281.94,1.76,N,0
41.45177,-121.8933,305.51,0.5,0.49,2021-08-21,1039,N,VIIRS,n,2,283.65,3.42,N,0
41.45204,-121.88022,311.72,0.5,0.49,2021-08-21,1039,N,VIIRS,n,2,285.39,2.64,N,0
41.45212,-121.91423,314.4,0.5,0.49,2021-08-21,1039,N,VIIRS,n,2,283.01,4.41,N,0
41.45314,-121.8793,309.19,0.5,0.49,2021-08-21,1039,N,VIIRS,n,2,284.74,4.07,N,0
41.45348,-121.88625,326.98,0.5,0.49,2021-08-21,1039,N,VIIRS,n,2,285.71,2.64,N,0
41.45366,-121.90713,299.06,0.5,0.49,2021-08-21,1039,N,VIIRS,n,2,283.04,1.07,N,0
41.45394,-121.92836,298.51,0.5,0.49,2021-08-21,1039,N,VIIRS,n,2,282.5,2.12,N,0
41.45461,-121.88528,324.68,0.5,0.49,2021-08-21,1039,N,VIIRS,n,2,285.32,4.92,N,0
41.45496,-121.89247,328.59,0.5,0.49,2021-08-21,1039,N,VIIRS,n,2,286.79,6.4,N,0
41.45515,-121.91337,303.5,0.5,0.49,2021-08-21,1039,N,VIIRS,n,2,282.57,1.07,N,0
41.45524,-121.92699,306.39,0.5,0.49,2021-08-21,1039,N,VIIRS,n,2,282.72,1.37,N,0
41.45541,-121.93455,300.68,0.5,0.49,2021-08-21,1039,N,VIIRS,n,2,282.84,1.64,N,0
41.45612,-121.89146,325.87,0.5,0.49,2021-08-21,1039,N,VIIRS,n,2,286.28,4.92,N,0
41.45639,-121.87837,314.14,0.5,0.49,2021-08-21,1039,N,VIIRS,n,2,283.27,12.74,N,0
41.45673,-121.93307,308.71,0.5,0.49,2021-08-21,1039,N,VIIRS,n,2,283.54,1.37,N,0
41.45749,-121.87744,335.77,0.5,0.49,2021-08-21,1039,N,VIIRS,n,2,284.5,4.07,N,0
41.45781,-121.88437,341.28,0.5,0.49,2021-08-21,1039,N,VIIRS,n,2,285.24,12.74,N,0
41.45807,-121.92563,309.6,0.5,0.49,2021-08-21,1039,N,VIIRS,n,2,283.36,3.4,N,0
41.45828,-121.94658,306.82,0.5,0.49,2021-08-21,1039,N,VIIRS,n,2,281.59,1.41,N,0
41.45895,-121.88343,348.67,0.5,0.49,2021-08-21,1039,N,VIIRS,n,2,287.39,4.92,N,0
41.45928,-121.89056,307.99,0.5,0.49,2021-08-21,1039,N,VIIRS,n,2,283.7,3.64,N,0
41.45932,-121.87057,306.87,0.5,0.49,2021-08-21,1039,N,VIIRS,n,2,283.26,6.04,N,0
41.45934,-121.92422,306.41,0.5,0.49,2021-08-21,1039,N,VIIRS,n,2,283.03,1.37,N,0
41.4595,-121.93165,309.7,0.5,0.49,2021-08-21,1039,N,VIIRS,n,2,284.14,3.55,N,0
41.45984,-121.95314,302.94,0.5,0.49,2021-08-21,1039,N,VIIRS,n,2,280.45,1.41,N,0
41.4604,-121.86971,300.98,0.5,0.49,2021-08-21,1039,N,VIIRS,n,2,284.13,17.4,N,0
41.46044,-121.88955,314.47,0.5,0.49,2021-08-21,1039,N,VIIRS,n,2,284.6,4.92,N,0
41.46073,-121.87653,367,0.5,0.49,2021-08-21,1039,N,VIIRS,h,2,294.07,12.74,N,0
41.46081,-121.93021,297.37,0.5,0.49,2021-08-21,1039,N,VIIRS,n,2,282.72,1.37,N,0
41.46132,-121.95185,306.43,0.5,0.49,2021-08-21,1039,N,VIIRS,n,2,282.08,1.75,N,0
41.46184,-121.87563,354.65,0.5,0.49,2021-08-21,1039,N,VIIRS,n,2,301.28,17.4,N,0
41.46216,-121.88254,341.47,0.5,0.49,2021-08-21,1039,N,VIIRS,n,2,287.14,12.74,N,0
41.46228,-121.93624,308.64,0.5,0.49,2021-08-21,1039,N,VIIRS,n,2,282.98,4.49,N,0
41.46331,-121.88167,346.78,0.5,0.49,2021-08-21,1039,N,VIIRS,n,2,288.08,9.81,N,0
41.46364,-121.88877,313.65,0.5,0.49,2021-08-21,1039,N,VIIRS,n,2,285.49,3.64,N,0
41.46374,-121.92942,333.43,0.5,0.49,2021-08-21,1039,N,VIIRS,n,2,284.63,3.55,N,0
41.46418,-121.9514,298.78,0.5,0.49,2021-08-21,1039,N,VIIRS,n,2,282.26,1.74,N,0
41.46476,-121.86795,318.75,0.5,0.49,2021-08-21,1039,N,VIIRS,n,2,286.27,17.4,N,0
41.46482,-121.88784,310.17,0.5,0.49,2021-08-21,1039,N,VIIRS,n,2,285.19,9.81,N,0
41.46518,-121.92856,333.73,0.5,0.49,2021-08-21,1039,N,VIIRS,n,2,285.03,3.12,N,0
41.46532,-121.93609,318.86,0.5,0.49,2021-08-21,1039,N,VIIRS,n,2,285.06,3.55,N,0
41.46576,-121.95045,304.58,0.5,0.49,2021-08-21,1039,N,VIIRS,n,2,282.77,1.75,N,0
41.46624,-121.87399,367,0.5,0.49,2021-08-21,1039,N,VIIRS,h,2,293.05,17.4,N,0
41.46684,-121.93534,311.61,0.5,0.49,2021-08-21,1039,N,VIIRS,n,2,284.11,3.99,N,0
41.46774,-121.88018,325.65,0.5,0.49,2021-08-21,1039,N,VIIRS,n,2,286.23,9.81,N,0
41.46869,-121.95034,296.11,0.5,0.49,2021-08-21,1039,N,VIIRS,n,2,281.47,1.74,N,0
41.46915,-121.86624,342.28,0.5,0.49,2021-08-21,1039,N,VIIRS,n,2,291.84,19.2,N,0
41.47065,-121.87241,317.14,0.5,0.49,2021-08-21,1039,N,VIIRS,n,2,287.66,19.2,N,0
41.47355,-121.86463,367,0.5,0.49,2021-08-21,1039,N,VIIRS,h,2,290.96,19.2,N,0
41.47506,-121.87086,349.79,0.5,0.49,2021-08-21,1039,N,VIIRS,n,2,301.95,19.2,N,0
41.47676,-121.87784,309.66,0.5,0.49,2021-08-21,1039,N,VIIRS,n,2,281.43,11.26,N,0
41.47947,-121.86929,347.54,0.5,0.49,2021-08-21,1039,N,VIIRS,n,2,293.02,13.48,N,0
41.48111,-121.87607,356.07,0.5,0.49,2021-08-21,1039,N,VIIRS,n,2,291.58,14.23,N,0
41.48267,-121.98924,300.75,0.49,0.49,2021-08-21,1039,N,VIIRS,n,2,280.4,1.34,N,0
41.48272,-121.88265,309.72,0.5,0.49,2021-08-21,1039,N,VIIRS,n,2,282.88,14.23,N,0
41.48391,-121.99445,306.65,0.49,0.49,2021-08-21,1039,N,VIIRS,n,2,281.28,1.34,N,0
41.48394,-121.86797,325.65,0.5,0.49,2021-08-21,1039,N,VIIRS,n,2,281.72,13.48,N,0
41.48421,-121.88879,325.39,0.5,0.49,2021-08-21,1039,N,VIIRS,n,2,284.19,6.77,N,0
41.48453,-121.98838,297.75,0.49,0.49,2021-08-21,1039,N,VIIRS,n,2,279.6,1.34,N,0
41.48512,-121.99954,305.78,0.49,0.49,2021-08-21,1039,N,VIIRS,n,2,280.51,1.72,N,0
41.48583,-121.9937,303.27,0.49,0.49,2021-08-21,1039,N,VIIRS,n,2,281.53,1.84,N,0
41.48631,-122.00457,303.89,0.49,0.49,2021-08-21,1039,N,VIIRS,n,2,280.84,1.72,N,0
41.48692,-121.88026,338.43,0.5,0.49,2021-08-21,1039,N,VIIRS,n,2,286.29,14.23,N,0
41.48707,-121.99882,307.56,0.49,0.49,2021-08-21,1039,N,VIIRS,n,2,281.27,1.84,N,0
41.48749,-122.00955,309.4,0.49,0.49,2021-08-21,1039,N,VIIRS,n,2,279.74,2.87,N,0
41.48827,-122.00378,310.17,0.49,0.49,2021-08-21,1039,N,VIIRS,n,2,282,3.16,N,0
41.48843,-121.88646,335.9,0.5,0.49,2021-08-21,1039,N,VIIRS,n,2,284.16,6.77,N,0
41.48948,-122.00877,316.59,0.49,0.49,2021-08-21,1039,N,VIIRS,n,2,281.43,3.16,N,0
41.48988,-121.89246,337.59,0.5,0.49,2021-08-21,1039,N,VIIRS,n,2,283.95,6.77,N,0
41.49085,-122.00372,309.61,0.49,0.49,2021-08-21,1039,N,VIIRS,n,2,282.01,1.72,N,0
41.49205,-122.00876,318.64,0.49,0.49,2021-08-21,1039,N,VIIRS,n,2,281.55,2.87,N,0
41.49405,-122.00797,325.97,0.49,0.49,2021-08-21,1039,N,VIIRS,n,2,283.06,3.6,N,0
41.4952,-121.91444,300.14,0.5,0.49,2021-08-21,1039,N,VIIRS,n,2,280.01,2.01,N,0
41.57315,-121.79295,295.9,0.5,0.49,2021-08-21,1039,N,VIIRS,n,2,278.87,1.35,N,0
40.02662,-120.78802,367,0.53,0.5,2021-08-21,2021,N,VIIRS,h,2,303.45,24.2,D,0
40.02694,-120.7924,338.89,0.53,0.5,2021-08-21,2021,N,VIIRS,n,2,293.96,10.69,D,0
40.02768,-120.78362,332.57,0.53,0.5,2021-08-21,2021,N,VIIRS,n,2,296.38,5.28,D,0
40.02815,-120.78725,346.26,0.53,0.5,2021-08-21,2021,N,VIIRS,n,2,298.91,11.67,D,0
40.02869,-120.77946,331.15,0.53,0.5,2021-08-21,2021,N,VIIRS,n,2,295.64,5.28,D,0
40.0292,-120.78288,335.42,0.53,0.5,2021-08-21,2021,N,VIIRS,n,2,295.91,11.67,D,0
40.03308,-120.78152,338.37,0.53,0.5,2021-08-21,2021,N,VIIRS,n,2,296.56,5.28,D,0
40.03458,-120.78082,342.75,0.53,0.5,2021-08-21,2021,N,VIIRS,n,2,296.46,8.67,D,0
40.03735,-120.78408,337.06,0.53,0.5,2021-08-21,2021,N,VIIRS,n,2,295.05,9.44,D,0
40.0395,-120.71488,340,0.52,0.5,2021-08-21,2021,N,VIIRS,n,2,303.7,16.8,D,0
40.04083,-120.71319,350.78,0.52,0.5,2021-08-21,2021,N,VIIRS,n,2,303.41,30.86,D,0
40.04119,-120.70791,336.55,0.52,0.5,2021-08-21,2021,N,VIIRS,n,2,298.21,16.8,D,0
40.04374,-120.71749,343.67,0.52,0.5,2021-08-21,2021,N,VIIRS,n,2,300.76,26.84,D,0
40.0439,-120.75709,344.66,0.52,0.5,2021-08-21,2021,N,VIIRS,n,2,307.39,80.01,D,0
40.04507,-120.71585,352.35,0.52,0.5,2021-08-21,2021,N,VIIRS,n,2,298.52,30.86,D,0
40.04539,-120.75576,351.41,0.52,0.5,2021-08-21,2021,N,VIIRS,n,2,313.32,59.01,D,0
40.04682,-120.74973,332.44,0.52,0.5,2021-08-21,2021,N,VIIRS,n,2,291.99,10.47,D,0
40.04686,-120.74487,346.34,0.52,0.5,2021-08-21,2021,N,VIIRS,n,2,299.28,14.22,D,0
40.04704,-120.76429,354.88,0.52,0.5,2021-08-21,2021,N,VIIRS,n,2,315.39,60.06,D,0
40.04837,-120.74313,343.37,0.52,0.5,2021-08-21,2021,N,VIIRS,n,2,299.8,10.47,D,0
40.04843,-120.75855,367,0.52,0.5,2021-08-21,2021,N,VIIRS,h,2,336.36,80.01,D,0
40.0498,-120.75288,357.75,0.52,0.5,2021-08-21,2021,N,VIIRS,l,2,293.63,80.01,D,0
40.05012,-120.77176,355.13,0.52,0.5,2021-08-21,2021,N,VIIRS,n,2,309.36,147.14,D,0
40.05161,-120.78582,367,0.53,0.5,2021-08-21,2021,N,VIIRS,h,2,307.27,97.61,D,0
40.05301,-120.7598,367,0.52,0.5,2021-08-21,2021,N,VIIRS,h,2,300.17,38.25,D,0
40.05309,-120.77971,367,0.53,0.5,2021-08-21,2021,N,VIIRS,l,2,329.35,97.61,D,0
40.05377,-120.79711,333.22,0.53,0.5,2021-08-21,2021,N,VIIRS,l,2,307.73,202.11,D,0
40.05432,-120.75439,354.34,0.52,0.5,2021-08-21,2021,N,VIIRS,n,2,293.43,38.25,D,0
40.05476,-120.7728,367,0.52,0.5,2021-08-21,2021,N,VIIRS,h,2,336.88,147.14,D,0
40.05629,-120.78667,341.51,0.53,0.5,2021-08-21,2021,N,VIIRS,n,2,297.81,24.72,D,0
40.05632,-120.76633,354.89,0.52,0.5,2021-08-21,2021,N,VIIRS,n,2,311.14,147.14,D,0
40.05774,-120.78068,353.71,0.53,0.5,2021-08-21,2021,N,VIIRS,n,2,306.68,24.72,D,0
40.05858,-120.79749,338.7,0.53,0.5,2021-08-21,2021,N,VIIRS,n,2,300.47,202.11,D,0
40.05941,-120.7738,349.2,0.52,0.5,2021-08-21,2021,N,VIIRS,n,2,319.26,67.85,D,0
40.06099,-120.76723,340.18,0.52,0.5,2021-08-21,2021,N,VIIRS,n,2,294.56,67.85,D,0
40.06245,-120.78143,338.31,0.53,0.5,2021-08-21,2021,N,VIIRS,n,2,296.6,24.72,D,0
40.06405,-120.7748,353.68,0.52,0.5,2021-08-21,2021,N,VIIRS,n,2,305.52,67.85,D,0
40.06734,-120.70051,352.89,0.52,0.5,2021-08-21,2021,N,VIIRS,n,2,297.46,47.75,D,0
40.0687,-120.69485,349.15,0.52,0.5,2021-08-21,2021,N,VIIRS,n,2,299.6,47.75,D,0
40.07212,-120.70087,345.64,0.52,0.5,2021-08-21,2021,N,VIIRS,n,2,295.58,47.75,D,0
40.07479,-120.68981,350.72,0.52,0.5,2021-08-21,2021,N,VIIRS,n,2,300.21,78,D,0
40.07502,-121.07738,345.19,0.54,0.51,2021-08-21,2021,N,VIIRS,n,2,300.66,16.52,D,0
40.07554,-121.08632,333.2,0.54,0.51,2021-08-21,2021,N,VIIRS,n,2,304.48,10.05,D,0
40.07652,-121.09185,348.45,0.54,0.51,2021-08-21,2021,N,VIIRS,n,2,302.61,10.73,D,0
40.07713,-121.07984,355.46,0.54,0.51,2021-08-21,2021,N,VIIRS,n,2,302.1,25.04,D,0
40.07795,-121.08587,344.64,0.54,0.51,2021-08-21,2021,N,VIIRS,n,2,303.56,16.52,D,0
40.07824,-120.69569,367,0.52,0.5,2021-08-21,2021,N,VIIRS,h,2,297.03,28.09,D,0
40.07828,-120.79688,342.38,0.53,0.5,2021-08-21,2021,N,VIIRS,n,2,306.38,26.03,D,0
40.07851,-121.09447,341,0.54,0.51,2021-08-21,2021,N,VIIRS,n,2,300.2,10.05,D,0
40.07956,-120.69021,343.63,0.52,0.5,2021-08-21,2021,N,VIIRS,n,2,307.64,33.41,D,0
40.07959,-120.79144,367,0.53,0.5,2021-08-21,2021,N,VIIRS,h,2,305.39,35.07,D,0
40.07996,-121.08855,348.85,0.54,0.51,2021-08-21,2021,N,VIIRS,n,2,301.38,10.05,D,0
40.08099,-120.68425,340.88,0.52,0.5,2021-08-21,2021,N,VIIRS,n,2,294.06,33.41,D,0
40.08369,-120.79474,331.46,0.53,0.5,2021-08-21,2021,N,VIIRS,n,2,297.12,7.7,D,0
40.08447,-120.69,346.03,0.52,0.5,2021-08-21,2021,N,VIIRS,n,2,291.42,33.41,D,0
40.08494,-120.78951,347.85,0.53,0.5,2021-08-21,2021,N,VIIRS,n,2,298.91,7.7,D,0
40.08592,-120.68395,344.58,0.52,0.5,2021-08-21,2021,N,VIIRS,n,2,292.56,33.41,D,0
40.08915,-120.79234,350.23,0.53,0.5,2021-08-21,2021,N,VIIRS,n,2,297.95,7.7,D,0
40.09096,-120.68321,367,0.52,0.5,2021-08-21,2021,N,VIIRS,h,2,300.27,24.06,D,0
40.09507,-120.78802,337.4,0.52,0.5,2021-08-21,2021,N,VIIRS,n,2,298.52,16.48,D,0
40.09599,-120.68252,348.97,0.52,0.5,2021-08-21,2021,N,VIIRS,n,2,293.35,24.06,D,0
40.09611,-120.80412,341.11,0.53,0.5,2021-08-21,2021,N,VIIRS,n,2,302.43,106.75,D,0
40.09763,-120.79773,367,0.53,0.5,2021-08-21,2021,N,VIIRS,l,2,331.06,106.75,D,0
40.09938,-120.79041,342.13,0.52,0.5,2021-08-21,2021,N,VIIRS,n,2,297.84,16.48,D,0
40.10044,-120.70448,332.7,0.52,0.5,2021-08-21,2021,N,VIIRS,n,2,298.3,7.56,D,0
40.10045,-120.80642,342.3,0.53,0.5,2021-08-21,2021,N,VIIRS,n,2,302.68,35.92,D,0
40.10073,-120.68295,344.45,0.52,0.5,2021-08-21,2021,N,VIIRS,n,2,296.25,11.7,D,0
40.10196,-120.80005,355.3,0.53,0.5,2021-08-21,2021,N,VIIRS,n,2,307.58,35.92,D,0
40.10369,-120.79279,343.53,0.52,0.5,2021-08-21,2021,N,VIIRS,n,2,299.83,13.93,D,0
40.11078,-120.80405,330.36,0.53,0.5,2021-08-21,2021,N,VIIRS,l,2,300.85,2.69,D,0
40.11789,-120.71283,343.7,0.52,0.5,2021-08-21,2021,N,VIIRS,n,2,294.99,11.1,D,0
40.11934,-120.70673,351.39,0.52,0.5,2021-08-21,2021,N,VIIRS,n,2,300.2,11.1,D,0
40.11949,-120.72648,342.9,0.52,0.5,2021-08-21,2021,N,VIIRS,n,2,294.32,6.63,D,0
40.12079,-120.70065,338.21,0.52,0.5,2021-08-21,2021,N,VIIRS,n,2,299.05,8.27,D,0
40.12104,-120.72,339.08,0.52,0.5,2021-08-21,2021,N,VIIRS,n,2,294.72,6.63,D,0
40.12395,-120.70773,343.45,0.52,0.5,2021-08-21,2021,N,VIIRS,n,2,291.73,6.26,D,0
40.12719,-120.71454,330.52,0.52,0.5,2021-08-21,2021,N,VIIRS,n,2,294.25,6.26,D,0
40.15926,-120.5182,344.31,0.51,0.49,2021-08-21,2021,N,VIIRS,n,2,298.66,14.64,D,0
40.16096,-120.5313,339.49,0.51,0.49,2021-08-21,2021,N,VIIRS,n,2,294.25,6.38,D,0
40.1623,-120.52563,342.32,0.51,0.49,2021-08-21,2021,N,VIIRS,n,2,295.44,14.64,D,0
40.16947,-120.51559,367,0.51,0.49,2021-08-21,2021,N,VIIRS,h,2,303.05,29.2,D,0
40.17322,-120.60517,331.28,0.51,0.49,2021-08-21,2021,N,VIIRS,n,2,299.13,40.67,D,0
40.17409,-120.53677,367,0.51,0.49,2021-08-21,2021,N,VIIRS,h,2,295.93,11.84,D,0
40.17418,-120.43471,341.64,0.5,0.49,2021-08-21,2021,N,VIIRS,n,2,297.95,6.99,D,0
40.17434,-120.59703,341.94,0.51,0.49,2021-08-21,2021,N,VIIRS,n,2,301.69,12.68,D,0
40.17465,-120.59926,351.11,0.51,0.49,2021-08-21,2021,N,VIIRS,n,2,304.07,40.67,D,0
40.17592,-120.61082,341.68,0.51,0.5,2021-08-21,2021,N,VIIRS,n,2,300.42,44.83,D,0
40.17619,-120.61289,332.05,0.51,0.49,2021-08-21,2021,N,VIIRS,n,2,299.21,10.4,D,0
40.1773,-120.60494,334.35,0.51,0.49,2021-08-21,2021,N,VIIRS,l,2,306.45,44.83,D,0
40.17759,-120.60711,367,0.51,0.49,2021-08-21,2021,N,VIIRS,h,2,302.57,40.67,D,0
40.17866,-120.59919,344.05,0.51,0.49,2021-08-21,2021,N,VIIRS,n,2,301.62,68.69,D,0
40.17897,-120.60136,346.59,0.51,0.49,2021-08-21,2021,N,VIIRS,n,2,306.3,40.67,D,0
40.17997,-120.71775,334.13,0.52,0.5,2021-08-21,2021,N,VIIRS,n,2,296.08,5.39,D,0
40.1807,-120.42735,367,0.5,0.49,2021-08-21,2021,N,VIIRS,h,2,304.16,30.57,D,0
40.18174,-120.42294,340.66,0.5,0.49,2021-08-21,2021,N,VIIRS,n,2,301.44,28.42,D,0
40.18291,-120.72569,333.41,0.52,0.5,2021-08-21,2021,N,VIIRS,n,2,298.66,4.72,D,0
40.18423,-120.72019,351.21,0.52,0.5,2021-08-21,2021,N,VIIRS,n,2,298.66,10.57,D,0
40.18491,-120.42979,335.16,0.5,0.49,2021-08-21,2021,N,VIIRS,n,2,302.43,30.57,D,0
40.18596,-120.42529,341.76,0.5,0.49,2021-08-21,2021,N,VIIRS,n,2,302.13,28.42,D,0
40.18724,-120.7279,335.34,0.52,0.5,2021-08-21,2021,N,VIIRS,n,2,299.38,4.72,D,0
40.18854,-120.72247,339.71,0.52,0.5,2021-08-21,2021,N,VIIRS,n,2,297.89,10.57,D,0
40.18879,-120.55601,331.84,0.51,0.49,2021-08-21,2021,N,VIIRS,n,2,295.36,2.91,D,0
40.18929,-120.5586,333.36,0.51,0.49,2021-08-21,2021,N,VIIRS,n,2,296.19,7.58,D,0
40.19394,-120.47269,340.95,0.5,0.49,2021-08-21,2021,N,VIIRS,n,2,297.15,13.08,D,0
40.20271,-120.47607,339.51,0.5,0.49,2021-08-21,2021,N,VIIRS,n,2,297.74,3.7,D,0
40.20375,-120.47861,344.73,0.5,0.49,2021-08-21,2021,N,VIIRS,n,2,298.79,5.97,D,0
40.23331,-120.53548,347.36,0.51,0.49,2021-08-21,2021,N,VIIRS,n,2,302.65,10.6,D,0
40.23462,-120.52997,342.07,0.51,0.49,2021-08-21,2021,N,VIIRS,n,2,301.06,10.6,D,0
40.23773,-120.53707,334.18,0.51,0.49,2021-08-21,2021,N,VIIRS,n,2,295.48,9.61,D,0
40.23903,-120.53161,341.81,0.51,0.49,2021-08-21,2021,N,VIIRS,n,2,299.66,9.61,D,0
40.30825,-120.91045,331.54,0.53,0.5,2021-08-21,2022,N,VIIRS,n,2,301.06,3.56,D,0
40.31361,-121.49857,343.17,0.56,0.52,2021-08-21,2022,N,VIIRS,n,2,299.31,6.38,D,0
40.31376,-121.49673,339.28,0.56,0.52,2021-08-21,2022,N,VIIRS,n,2,299.06,7.8,D,0
40.31501,-121.42934,340.06,0.56,0.51,2021-08-21,2022,N,VIIRS,n,2,294.92,8.64,D,0
40.31528,-121.49188,351.95,0.56,0.52,2021-08-21,2022,N,VIIRS,n,2,298.44,14.73,D,0
40.3153,-121.49036,347.58,0.56,0.52,2021-08-21,2022,N,VIIRS,n,2,296.91,7.8,D,0
40.31676,-121.42207,348.1,0.56,0.51,2021-08-21,2022,N,VIIRS,n,2,299.81,8.64,D,0
40.31705,-121.42402,355.74,0.56,0.51,2021-08-21,2022,N,VIIRS,n,2,301.02,12.91,D,0
40.31815,-121.50068,330.48,0.56,0.52,2021-08-21,2022,N,VIIRS,n,2,297.7,5.81,D,0
40.32143,-121.42355,349.56,0.56,0.51,2021-08-21,2022,N,VIIRS,n,2,297.47,8.64,D,0
40.32175,-121.42537,336.7,0.56,0.51,2021-08-21,2022,N,VIIRS,n,2,296.04,12.91,D,0
40.32308,-121.44022,334.92,0.56,0.51,2021-08-21,2022,N,VIIRS,n,2,296.43,10.63,D,0
40.32413,-121.45392,330.61,0.56,0.51,2021-08-21,2022,N,VIIRS,n,2,297.17,7.57,D,0
40.3259,-121.44661,352.17,0.56,0.51,2021-08-21,2022,N,VIIRS,n,2,299.78,21.1,D,0
40.32603,-121.40459,339.12,0.56,0.51,2021-08-21,2022,N,VIIRS,n,2,296.47,4.97,D,0
40.32608,-121.44841,355.28,0.56,0.51,2021-08-21,2022,N,VIIRS,n,2,298.53,16.8,D,0
40.32644,-121.40649,345.63,0.56,0.51,2021-08-21,2022,N,VIIRS,n,2,296.22,6.64,D,0
40.33066,-121.40617,331.24,0.56,0.51,2021-08-21,2022,N,VIIRS,n,2,293.33,8.86,D,0
40.33107,-121.40811,337.58,0.56,0.51,2021-08-21,2022,N,VIIRS,n,2,294.56,6.44,D,0
40.33235,-121.44348,336.19,0.56,0.51,2021-08-21,2022,N,VIIRS,n,2,294.94,8.94,D,0
40.3328,-121.40111,340.24,0.56,0.51,2021-08-21,2022,N,VIIRS,n,2,294.87,7.87,D,0
40.33541,-121.40726,346.1,0.56,0.51,2021-08-21,2022,N,VIIRS,n,2,296.78,8.86,D,0
40.33583,-121.40914,333.99,0.56,0.51,2021-08-21,2022,N,VIIRS,n,2,296.24,6.44,D,0
40.33707,-121.40035,344.4,0.56,0.51,2021-08-21,2022,N,VIIRS,n,2,295.52,8.86,D,0
40.33754,-121.40227,344.89,0.56,0.51,2021-08-21,2022,N,VIIRS,n,2,296.05,7.87,D,0
40.3466,-121.38597,333.85,0.55,0.51,2021-08-21,2022,N,VIIRS,n,2,295.53,7.99,D,0
40.35244,-121.38261,346.9,0.55,0.51,2021-08-21,2022,N,VIIRS,n,2,295.35,12.56,D,0
40.38464,-121.39442,341,0.55,0.51,2021-08-21,2022,N,VIIRS,n,2,297.9,5.63,D,0
40.38615,-121.38823,332.48,0.55,0.51,2021-08-21,2022,N,VIIRS,n,2,295.64,5.63,D,0
40.39087,-121.38941,332.83,0.55,0.51,2021-08-21,2022,N,VIIRS,n,2,296.72,5.63,D,0
40.47011,-121.42122,349.2,0.55,0.51,2021-08-21,2022,N,VIIRS,n,2,302.26,32.98,D,0
40.47206,-121.43363,343.58,0.55,0.51,2021-08-21,2022,N,VIIRS,n,2,300.93,17.92,D,0
40.4734,-121.42821,351.66,0.55,0.51,2021-08-21,2022,N,VIIRS,n,2,309.94,17.92,D,0
40.47477,-121.42264,367,0.55,0.51,2021-08-21,2022,N,VIIRS,h,2,306.12,32.98,D,0
40.47676,-121.35358,334.49,0.55,0.51,2021-08-21,2022,N,VIIRS,n,2,291.68,5.1,D,0
40.47775,-121.41052,367,0.55,0.51,2021-08-21,2022,N,VIIRS,h,2,303.39,17.92,D,0
40.47806,-121.42964,367,0.55,0.51,2021-08-21,2022,N,VIIRS,h,2,294.87,20.18,D,0
40.47939,-121.40387,338.36,0.55,0.51,2021-08-21,2022,N,VIIRS,n,2,295.34,17.92,D,0
40.47942,-121.4241,355,0.55,0.51,2021-08-21,2022,N,VIIRS,n,2,295.36,78.46,D,0
40.4824,-121.41196,346.35,0.55,0.51,2021-08-21,2022,N,VIIRS,n,2,285.7,42.66,D,0
40.49789,-121.32846,333.81,0.55,0.51,2021-08-21,2022,N,VIIRS,n,2,295.76,5.31,D,0
40.50095,-121.37708,356.29,0.55,0.51,2021-08-21,2022,N,VIIRS,n,2,296.56,36.03,D,0
40.50101,-121.3564,332.5,0.55,0.51,2021-08-21,2022,N,VIIRS,n,2,293.68,3.89,D,0
40.52414,-121.26172,349.07,0.54,0.51,2021-08-21,2022,N,VIIRS,n,2,298.62,22.39,D,0
40.52851,-121.26408,330.5,0.54,0.51,2021-08-21,2022,N,VIIRS,n,2,289.59,6.16,D,0
40.53075,-121.29568,352.02,0.54,0.51,2021-08-21,2022,N,VIIRS,n,2,296.19,38.71,D,0
40.53988,-121.27852,339.54,0.54,0.51,2021-08-21,2022,N,VIIRS,n,2,292.86,38,D,0
40.54432,-121.28068,343.14,0.54,0.51,2021-08-21,2022,N,VIIRS,n,2,281.98,16.3,D,0
41.45412,-121.88559,340.95,0.55,0.51,2021-08-21,2022,N,VIIRS,n,2,292.84,9.45,D,0
41.45754,-121.93236,333.47,0.55,0.51,2021-08-21,2022,N,VIIRS,n,2,289.47,7.79,D,0
41.45774,-121.95173,333.3,0.55,0.51,2021-08-21,2022,N,VIIRS,n,2,294.62,13.35,D,0
41.4587,-121.88737,339.3,0.55,0.51,2021-08-21,2022,N,VIIRS,n,2,292.3,9.45,D,0
41.46022,-121.88126,341.45,0.55,0.51,2021-08-21,2022,N,VIIRS,n,2,291.71,9.45,D,0
41.46178,-121.87502,343.18,0.55,0.51,2021-08-21,2022,N,VIIRS,n,2,295.48,13.58,D,0
41.46522,-121.94189,335.56,0.55,0.51,2021-08-21,2022,N,VIIRS,n,2,291.51,8.5,D,0
41.46639,-121.87657,347.57,0.55,0.51,2021-08-21,2022,N,VIIRS,n,2,294.58,19.26,D,0
41.48061,-121.87986,348.68,0.55,0.51,2021-08-21,2022,N,VIIRS,n,2,309.48,51.98,D,0
41.48196,-121.87443,354.43,0.55,0.51,2021-08-21,2022,N,VIIRS,n,2,315.43,51.98,D,0
41.48347,-121.86832,347.63,0.55,0.51,2021-08-21,2022,N,VIIRS,n,2,299.72,35.15,D,0
41.48368,-121.88766,334.42,0.55,0.51,2021-08-21,2022,N,VIIRS,n,2,290.87,10,D,0
41.48808,-121.86992,339.15,0.55,0.51,2021-08-21,2022,N,VIIRS,n,2,290.92,8.39,D,0
41.48816,-121.88981,349.96,0.55,0.51,2021-08-21,2022,N,VIIRS,n,2,292.91,10,D,0
41.4896,-121.88399,343.1,0.55,0.51,2021-08-21,2022,N,VIIRS,n,2,290.37,23.01,D,0
40.02696,-120.79685,346.22,0.62,0.71,2021-08-21,2202,N,VIIRS,n,2,295.53,33.55,D,0
40.02711,-120.78745,367,0.62,0.71,2021-08-21,2202,N,VIIRS,h,2,303.21,33.55,D,0
40.04169,-120.71428,367,0.62,0.72,2021-08-21,2202,N,VIIRS,h,2,299.25,17.64,D,0
40.04178,-120.70879,367,0.62,0.72,2021-08-21,2202,N,VIIRS,h,2,299.55,26.56,D,0
40.04702,-120.7959,339.85,0.62,0.71,2021-08-21,2202,N,VIIRS,n,2,296.43,16.83,D,0
40.04716,-120.78802,367,0.62,0.71,2021-08-21,2202,N,VIIRS,h,2,299.2,16.83,D,0
40.04729,-120.77993,334.81,0.62,0.71,2021-08-21,2202,N,VIIRS,n,2,296.93,39.06,D,0
40.04741,-120.77296,367,0.62,0.71,2021-08-21,2202,N,VIIRS,h,2,300.63,39.06,D,0
40.04753,-120.76623,367,0.62,0.71,2021-08-21,2202,N,VIIRS,h,2,303.94,44.55,D,0
40.04767,-120.75765,339.33,0.62,0.71,2021-08-21,2202,N,VIIRS,n,2,299.1,44.55,D,0
40.0478,-120.75005,340.7,0.62,0.71,2021-08-21,2202,N,VIIRS,n,2,299.48,11.9,D,0
40.04791,-120.74342,334.46,0.62,0.71,2021-08-21,2202,N,VIIRS,n,2,299.6,11.9,D,0
40.05376,-120.79189,367,0.62,0.71,2021-08-21,2202,N,VIIRS,h,2,298.1,16.83,D,0
40.05395,-120.78164,367,0.62,0.71,2021-08-21,2202,N,VIIRS,h,2,302.27,39.06,D,0
40.05406,-120.77515,355.07,0.62,0.71,2021-08-21,2202,N,VIIRS,n,2,306.88,39.06,D,0
40.05417,-120.76881,367,0.62,0.71,2021-08-21,2202,N,VIIRS,h,2,310.41,44.55,D,0
40.05433,-120.75973,351.77,0.62,0.71,2021-08-21,2202,N,VIIRS,n,2,298.24,44.55,D,0
40.05648,-120.79199,331.46,0.62,0.71,2021-08-21,2202,N,VIIRS,n,2,296.17,10.82,D,0
40.05661,-120.78124,356.61,0.62,0.71,2021-08-21,2202,N,VIIRS,n,2,300.05,10.82,D,0
40.05669,-120.77473,367,0.62,0.71,2021-08-21,2202,N,VIIRS,h,2,306.21,27.51,D,0
40.05677,-120.76826,367,0.62,0.71,2021-08-21,2202,N,VIIRS,h,2,305.08,27.51,D,0
40.06032,-120.79861,338.22,0.62,0.71,2021-08-21,2202,N,VIIRS,n,2,295.62,4.1,D,0
40.0607,-120.77753,367,0.62,0.71,2021-08-21,2202,N,VIIRS,h,2,305.1,23.63,D,0
40.06081,-120.77131,367,0.62,0.71,2021-08-21,2202,N,VIIRS,h,2,307.1,27.07,D,0
40.06095,-120.76329,334.7,0.62,0.71,2021-08-21,2202,N,VIIRS,n,2,296.87,27.07,D,0
40.06308,-120.79875,348.98,0.62,0.71,2021-08-21,2202,N,VIIRS,n,2,296.24,10.82,D,0
40.06324,-120.78568,331.85,0.62,0.71,2021-08-21,2202,N,VIIRS,n,2,295.95,10.82,D,0
40.06335,-120.77732,367,0.62,0.71,2021-08-21,2202,N,VIIRS,h,2,303.61,27.51,D,0
40.06343,-120.77089,367,0.62,0.71,2021-08-21,2202,N,VIIRS,h,2,302.93,27.51,D,0
40.06694,-120.80179,331.1,0.62,0.71,2021-08-21,2202,N,VIIRS,n,2,294.19,4.1,D,0
40.06733,-120.7809,331.63,0.62,0.71,2021-08-21,2202,N,VIIRS,n,2,294.94,23.63,D,0
40.06878,-120.69917,346.4,0.62,0.72,2021-08-21,2202,N,VIIRS,n,2,295.92,9.45,D,0
40.06893,-120.69044,339.71,0.62,0.72,2021-08-21,2202,N,VIIRS,n,2,295.31,8.86,D,0
40.07103,-120.6985,367,0.62,0.72,2021-08-21,2202,N,VIIRS,h,2,297.87,50.44,D,0
40.07114,-120.68907,367,0.62,0.72,2021-08-21,2202,N,VIIRS,h,2,298.29,50.44,D,0
40.07473,-121.07986,367,0.6,0.7,2021-08-21,2202,N,VIIRS,h,2,299.06,11.46,D,0
40.07557,-120.69451,349.46,0.62,0.72,2021-08-21,2202,N,VIIRS,n,2,303.66,45.76,D,0
40.07574,-120.68501,367,0.62,0.72,2021-08-21,2202,N,VIIRS,h,2,306.29,45.76,D,0
40.07652,-120.79266,330.5,0.62,0.71,2021-08-21,2202,N,VIIRS,n,2,294.97,7.33,D,0
40.07779,-120.6945,342.74,0.62,0.72,2021-08-21,2202,N,VIIRS,n,2,305.45,50.44,D,0
40.07792,-120.6844,367,0.62,0.72,2021-08-21,2202,N,VIIRS,h,2,305.75,109.82,D,0
40.07872,-121.09207,367,0.6,0.7,2021-08-21,2202,N,VIIRS,h,2,302.76,13.8,D,0
40.07883,-121.08499,356.09,0.6,0.7,2021-08-21,2202,N,VIIRS,n,2,300.83,13.8,D,0
40.08047,-120.7923,340.81,0.62,0.71,2021-08-21,2202,N,VIIRS,n,2,295.99,9.88,D,0
40.08104,-121.0927,338.28,0.59,0.7,2021-08-21,2202,N,VIIRS,n,2,298.55,8.4,D,0
40.08118,-121.08596,367,0.6,0.7,2021-08-21,2202,N,VIIRS,h,2,301.86,20.44,D,0
40.08205,-120.70633,333.69,0.62,0.72,2021-08-21,2202,N,VIIRS,n,2,294.22,45.76,D,0
40.08234,-120.69077,367,0.62,0.72,2021-08-21,2202,N,VIIRS,h,2,302.3,45.76,D,0
40.0825,-120.68197,367,0.62,0.72,2021-08-21,2202,N,VIIRS,h,2,295.76,62.96,D,0
40.08454,-120.69119,339.58,0.62,0.72,2021-08-21,2202,N,VIIRS,n,2,297.68,11.18,D,0
40.08466,-120.68219,356.18,0.63,0.72,2021-08-21,2202,N,VIIRS,n,2,296.26,11.18,D,0
40.08712,-120.7943,367,0.62,0.71,2021-08-21,2202,N,VIIRS,h,2,300.47,24.56,D,0
40.08923,-120.6806,367,0.63,0.72,2021-08-21,2202,N,VIIRS,h,2,299.59,36.85,D,0
40.08979,-120.7989,353.65,0.62,0.71,2021-08-21,2202,N,VIIRS,n,2,298.36,12.6,D,0
40.08989,-120.79175,367,0.62,0.71,2021-08-21,2202,N,VIIRS,h,2,298.54,25.42,D,0
40.09126,-120.6907,332.22,0.63,0.72,2021-08-21,2202,N,VIIRS,n,2,294.32,11.18,D,0
40.09138,-120.68193,367,0.63,0.72,2021-08-21,2202,N,VIIRS,h,2,296.11,37.38,D,0
40.09333,-121.1329,331.73,0.59,0.7,2021-08-21,2202,N,VIIRS,n,2,297.4,4.7,D,0
40.0936,-120.8052,350.91,0.61,0.71,2021-08-21,2202,N,VIIRS,n,2,301.31,13.36,D,0
40.09373,-120.79821,367,0.62,0.71,2021-08-21,2202,N,VIIRS,h,2,307.75,24.56,D,0
40.09385,-120.79218,367,0.62,0.71,2021-08-21,2202,N,VIIRS,h,2,303.53,24.56,D,0
40.09642,-120.80243,354.47,0.62,0.71,2021-08-21,2202,N,VIIRS,n,2,309.26,41.89,D,0
40.09651,-120.79639,354.89,0.62,0.71,2021-08-21,2202,N,VIIRS,n,2,317.7,41.89,D,0
40.09659,-120.79105,367,0.62,0.71,2021-08-21,2202,N,VIIRS,h,2,302.14,66.68,D,0
40.10032,-120.80304,367,0.61,0.71,2021-08-21,2202,N,VIIRS,h,2,304.27,31.11,D,0
40.10044,-120.79716,355.8,0.62,0.71,2021-08-21,2202,N,VIIRS,n,2,312.83,43.75,D,0
40.10054,-120.79182,357.55,0.62,0.71,2021-08-21,2202,N,VIIRS,n,2,299.21,43.75,D,0
40.10312,-120.8017,353.86,0.62,0.71,2021-08-21,2202,N,VIIRS,n,2,300.79,41.89,D,0
40.1032,-120.7961,367,0.62,0.71,2021-08-21,2202,N,VIIRS,h,2,301.05,41.89,D,0
40.11778,-120.71413,339.08,0.62,0.72,2021-08-21,2202,N,VIIRS,n,2,290.48,7.09,D,0
40.11789,-120.7066,331.64,0.62,0.72,2021-08-21,2202,N,VIIRS,n,2,291.51,7.09,D,0
40.16091,-120.52975,367,0.64,0.72,2021-08-21,2202,N,VIIRS,h,2,297.16,27.68,D,0
40.16285,-120.53019,367,0.64,0.72,2021-08-21,2202,N,VIIRS,h,2,298.12,20.14,D,0
40.16432,-120.7378,367,0.62,0.72,2021-08-21,2202,N,VIIRS,h,2,295.31,14.13,D,0
40.16444,-120.73087,355.99,0.62,0.72,2021-08-21,2202,N,VIIRS,n,2,298.5,14.13,D,0
40.1674,-120.73177,367,0.62,0.72,2021-08-21,2202,N,VIIRS,h,2,297.25,21.15,D,0
40.1678,-120.52149,344.78,0.64,0.72,2021-08-21,2202,N,VIIRS,n,2,294.34,27.65,D,0
40.16791,-120.51427,367,0.64,0.72,2021-08-21,2202,N,VIIRS,h,2,297.07,30.81,D,0
40.16954,-120.53733,353.62,0.64,0.72,2021-08-21,2202,N,VIIRS,n,2,297.68,20.14,D,0
40.16969,-120.52214,341.88,0.64,0.72,2021-08-21,2202,N,VIIRS,n,2,293.86,23.01,D,0
40.16976,-120.51503,367,0.64,0.72,2021-08-21,2202,N,VIIRS,h,2,296.65,23.01,D,0
40.17308,-120.61607,339.63,0.63,0.72,2021-08-21,2202,N,VIIRS,n,2,300.82,41.53,D,0
40.1732,-120.6083,355.24,0.63,0.72,2021-08-21,2202,N,VIIRS,n,2,318.08,41.53,D,0
40.17331,-120.60121,367,0.63,0.72,2021-08-21,2202,N,VIIRS,h,2,302.21,54.94,D,0
40.17432,-120.53727,367,0.64,0.72,2021-08-21,2202,N,VIIRS,h,2,296.27,18.64,D,0
40.17543,-120.61704,349.99,0.63,0.72,2021-08-21,2202,N,VIIRS,n,2,301.58,57.91,D,0
40.17553,-120.60876,367,0.63,0.72,2021-08-21,2202,N,VIIRS,h,2,327.53,135.57,D,0
40.17561,-120.60135,367,0.63,0.72,2021-08-21,2202,N,VIIRS,h,2,305.78,135.57,D,0
40.17599,-120.42725,367,0.65,0.73,2021-08-21,2202,N,VIIRS,h,2,295.02,18.07,D,0
40.17629,-120.53798,331.35,0.64,0.72,2021-08-21,2202,N,VIIRS,n,2,292.49,6.22,D,0
40.17741,-120.42651,367,0.65,0.73,2021-08-21,2202,N,VIIRS,h,2,295.84,42.26,D,0
40.1798,-120.61694,340.41,0.63,0.72,2021-08-21,2202,N,VIIRS,n,2,301.35,101.31,D,0
40.18008,-120.60027,367,0.63,0.72,2021-08-21,2202,N,VIIRS,h,2,292.3,77.18,D,3
40.18264,-120.43677,353.86,0.64,0.72,2021-08-21,2202,N,VIIRS,n,2,296.05,56.87,D,0
40.18412,-120.43584,367,0.65,0.73,2021-08-21,2202,N,VIIRS,h,2,300.42,34.54,D,0
40.18461,-120.72716,349.68,0.62,0.72,2021-08-21,2202,N,VIIRS,n,2,302.3,43.37,D,0
40.18476,-120.71866,346.35,0.62,0.72,2021-08-21,2202,N,VIIRS,n,2,293.27,40.94,D,0
40.18756,-120.72709,348.9,0.62,0.72,2021-08-21,2202,N,VIIRS,n,2,299.95,67.13,D,0
40.18929,-120.44592,338.59,0.64,0.72,2021-08-21,2202,N,VIIRS,n,2,294.69,31.84,D,0
40.18959,-120.42718,351.61,0.64,0.72,2021-08-21,2202,N,VIIRS,n,2,305.25,56.87,D,0
40.18977,-120.41608,367,0.65,0.73,2021-08-21,2202,N,VIIRS,h,2,294.04,56.87,D,0
40.1908,-120.44666,335.61,0.64,0.72,2021-08-21,2202,N,VIIRS,n,2,294.22,41.07,D,0
40.191,-120.42704,351.76,0.65,0.73,2021-08-21,2202,N,VIIRS,n,2,301.37,41.07,D,0
40.19111,-120.41622,367,0.65,0.73,2021-08-21,2202,N,VIIRS,h,2,293.71,35.46,D,0
40.19121,-120.40666,331.28,0.65,0.73,2021-08-21,2202,N,VIIRS,n,2,292.98,35.46,D,0
40.19565,-120.47264,334.84,0.64,0.72,2021-08-21,2202,N,VIIRS,n,2,292.16,8.64,D,0
40.23046,-120.53448,346.48,0.64,0.72,2021-08-21,2202,N,VIIRS,n,2,293.93,6.21,D,0
40.23722,-120.53466,331.87,0.64,0.72,2021-08-21,2202,N,VIIRS,n,2,293.93,6.21,D,0
40.25739,-120.95679,331.38,0.61,0.71,2021-08-21,2202,N,VIIRS,n,2,296.92,5.39,D,0
40.31712,-121.50137,335.43,0.57,0.69,2021-08-21,2202,N,VIIRS,n,2,297.55,9.62,D,0
40.31833,-121.44254,349.03,0.57,0.69,2021-08-21,2202,N,VIIRS,n,2,295.95,8.35,D,0
40.31845,-121.43636,341.23,0.57,0.69,2021-08-21,2202,N,VIIRS,n,2,296.42,8.35,D,0
40.31872,-121.4235,334.55,0.57,0.69,2021-08-21,2202,N,VIIRS,n,2,295.51,12.13,D,0
40.32478,-121.44456,333.75,0.57,0.69,2021-08-21,2202,N,VIIRS,n,2,293.17,8.35,D,0
40.3255,-121.4097,353.82,0.57,0.69,2021-08-21,2202,N,VIIRS,n,2,296.27,19.47,D,0
40.32563,-121.40285,367,0.57,0.69,2021-08-21,2202,N,VIIRS,h,2,296.28,19.69,D,0
40.32843,-120.88017,343.08,0.61,0.71,2021-08-21,2202,N,VIIRS,n,2,296.94,8.77,D,0
40.33223,-121.39788,334.07,0.58,0.69,2021-08-21,2202,N,VIIRS,n,2,293.21,8.4,D,0
40.33856,-121.40619,332.28,0.57,0.69,2021-08-21,2202,N,VIIRS,n,2,292.96,8.4,D,0
40.35208,-121.38208,333.25,0.58,0.69,2021-08-21,2202,N,VIIRS,n,2,293.05,7.23,D,0
40.35761,-121.41891,331.92,0.57,0.69,2021-08-21,2202,N,VIIRS,n,2,296.17,6.72,D,0
40.35765,-121.42455,333.38,0.57,0.69,2021-08-21,2202,N,VIIRS,n,2,293.42,3.8,D,0
40.47359,-121.42888,367,0.58,0.69,2021-08-21,2202,N,VIIRS,h,2,300.5,41.17,D,0
40.47376,-121.4192,339.87,0.58,0.69,2021-08-21,2202,N,VIIRS,n,2,296.48,61.46,D,0
40.47441,-121.42508,367,0.57,0.69,2021-08-21,2202,N,VIIRS,h,2,303.45,49.3,D,0
40.47461,-121.41619,335.38,0.58,0.69,2021-08-21,2202,N,VIIRS,n,2,296.38,49.3,D,0
40.47478,-121.40878,330.22,0.58,0.69,2021-08-21,2202,N,VIIRS,n,2,299.32,49.59,D,0
40.47596,-121.35497,335.88,0.58,0.7,2021-08-21,2202,N,VIIRS,n,2,285.3,15.25,D,0
40.48008,-121.4297,347.48,0.58,0.69,2021-08-21,2202,N,VIIRS,n,2,303.17,41.17,D,0
40.48023,-121.42049,367,0.58,0.69,2021-08-21,2202,N,VIIRS,h,2,310.09,61.46,D,0
40.48037,-121.41274,356.22,0.58,0.69,2021-08-21,2202,N,VIIRS,n,2,306.67,61.46,D,0
40.48048,-121.40605,367,0.58,0.69,2021-08-21,2202,N,VIIRS,h,2,302.45,59.56,D,0
40.48065,-121.43616,334.75,0.57,0.69,2021-08-21,2202,N,VIIRS,n,2,292.5,31.71,D,0
40.48088,-121.42599,346.36,0.57,0.69,2021-08-21,2202,N,VIIRS,n,2,305.63,49.3,D,0
40.48108,-121.41753,367,0.58,0.69,2021-08-21,2202,N,VIIRS,h,2,306.13,49.3,D,0
40.48124,-121.41032,353.81,0.58,0.69,2021-08-21,2202,N,VIIRS,n,2,311.34,49.59,D,0
40.48139,-121.40363,367,0.58,0.69,2021-08-21,2202,N,VIIRS,h,2,298.03,49.59,D,0
40.48672,-121.42131,301.46,0.58,0.69,2021-08-21,2202,N,VIIRS,l,2,318.72,138.68,D,0
40.48684,-121.41411,351.95,0.58,0.69,2021-08-21,2202,N,VIIRS,n,2,310.7,138.68,D,0
40.48696,-121.40745,367,0.58,0.69,2021-08-21,2202,N,VIIRS,h,2,294.09,51.47,D,0
40.48708,-121.40088,367,0.58,0.7,2021-08-21,2202,N,VIIRS,h,2,294.25,51.47,D,0
40.4872,-121.39413,367,0.58,0.7,2021-08-21,2202,N,VIIRS,h,2,291.74,46.39,D,0
40.48738,-121.42611,351.61,0.57,0.69,2021-08-21,2202,N,VIIRS,n,2,292.99,96.05,D,0
40.48755,-121.41859,367,0.58,0.69,2021-08-21,2202,N,VIIRS,l,2,327.1,96.05,D,0
40.48771,-121.41171,367,0.58,0.69,2021-08-21,2202,N,VIIRS,h,2,298.68,81.02,D,0
40.48786,-121.40512,355.45,0.58,0.69,2021-08-21,2202,N,VIIRS,n,2,301.88,81.02,D,0
40.48801,-121.39858,356.27,0.58,0.69,2021-08-21,2202,N,VIIRS,n,2,291.95,26.16,D,0
40.48816,-121.39169,367,0.58,0.7,2021-08-21,2202,N,VIIRS,h,2,292.13,26.16,D,0
40.48832,-121.38466,337.34,0.58,0.7,2021-08-21,2202,N,VIIRS,n,2,288.3,14.43,D,0
40.49344,-121.40902,354.34,0.58,0.69,2021-08-21,2202,N,VIIRS,n,2,295.14,51.47,D,0
40.49356,-121.40232,367,0.58,0.7,2021-08-21,2202,N,VIIRS,h,2,293.15,51.47,D,0
40.49432,-121.40671,367,0.58,0.69,2021-08-21,2202,N,VIIRS,h,2,295.38,81.02,D,0
40.49448,-121.39976,334.95,0.58,0.69,2021-08-21,2202,N,VIIRS,n,2,289.03,26.16,D,0
40.55445,-121.28465,367,0.59,0.7,2021-08-21,2202,N,VIIRS,h,2,298.2,20.19,D,0
41.45453,-121.89011,328.2,0.55,0.68,2021-08-21,2202,N,VIIRS,n,2,292.43,4.13,D,0
41.45469,-121.88257,337.82,0.55,0.68,2021-08-21,2202,N,VIIRS,n,2,289.84,4.13,D,0
41.46106,-121.88297,342.34,0.55,0.68,2021-08-21,2202,N,VIIRS,n,2,293.23,10.07,D,0
41.46122,-121.87575,327.76,0.55,0.68,2021-08-21,2202,N,VIIRS,n,2,290.98,5.6,D,0
41.46758,-121.87695,329.42,0.55,0.68,2021-08-21,2202,N,VIIRS,n,2,291.5,5.6,D,0
41.48023,-121.88266,334.72,0.55,0.68,2021-08-21,2202,N,VIIRS,n,2,295.98,6.66,D,0
41.48046,-121.87244,338.24,0.55,0.68,2021-08-21,2202,N,VIIRS,n,2,294.68,6.66,D,0
41.48646,-121.88993,349.31,0.55,0.68,2021-08-21,2202,N,VIIRS,n,2,293.65,7.74,D,0
41.48665,-121.88169,328.62,0.55,0.68,2021-08-21,2202,N,VIIRS,n,2,292.3,9.82,D,0
41.57254,-121.79293,328.84,0.56,0.69,2021-08-21,2203,N,VIIRS,n,2,294.17,3.53,D,0