"timestamp_utc","observed_on","longitude","latitude","elevation_m","temperature_c","relative_humidity_percent","wind_speed_m_s","wind_direction_deg","wind_u_m_s","wind_v_m_s","precipitation_mm","solar_radiation_mj_m2_h","is_interpolated","source_dataset"
"2021-07-13T00:00:00Z","2021-07-13","-121.382","39.872","1355.6","34.66","4.17","3.05","221.9","-2.036889","-2.27015",,"1.9","False","NASA_POWER_hourly"
"2021-07-13T01:00:00Z","2021-07-13","-121.382","39.872","1355.6","32.95","4.62","2.55","223.3","-1.748837","-1.855821",,"1.18","False","NASA_POWER_hourly"
"2021-07-13T02:00:00Z","2021-07-13","-121.382","39.872","1355.6","29.32","6.5","1.5","219.3","-0.950071","-1.16076",,"0.48","False","NASA_POWER_hourly"
"2021-07-13T03:00:00Z","2021-07-13","-121.382","39.872","1355.6","23.59","11.35","1.68","201.4","-0.612993","-1.564174",,"0.03","False","NASA_POWER_hourly"
"2021-07-13T04:00:00Z","2021-07-13","-121.382","39.872","1355.6","23.01","11.85","1.43","174.8","0.129605","-1.424115",,"0","False","NASA_POWER_hourly"
"2021-07-13T05:00:00Z","2021-07-13","-121.382","39.872","1355.6","23.54","11.1","1.1","148.3","0.578019","-0.935892",,"0","False","NASA_POWER_hourly"
"2021-07-13T06:00:00Z","2021-07-13","-121.382","39.872","1355.6","24.25","9.58","0.58","114.4","0.528197","-0.239601",,"0","False","NASA_POWER_hourly"
"2021-07-13T07:00:00Z","2021-07-13","-121.382","39.872","1355.6","23.95","9.05","0.55","43.5","0.378595","0.398956",,"0","False","NASA_POWER_hourly"
"2021-07-13T08:00:00Z","2021-07-13","-121.382","39.872","1355.6","22.88","9.6","1.07","36.2","0.631948","0.863448",,"0","False","NASA_POWER_hourly"
"2021-07-13T09:00:00Z","2021-07-13","-121.382","39.872","1355.6","21.4","11.65","1.73","40.3","1.118946","1.319416",,"0","False","NASA_POWER_hourly"
"2021-07-13T10:00:00Z","2021-07-13","-121.382","39.872","1355.6","19.3","16.1","2.24","49","1.690549","1.469572",,"0","False","NASA_POWER_hourly"
"2021-07-13T11:00:00Z","2021-07-13","-121.382","39.872","1355.6","17.65","21.83","2.25","57.5","1.897631","1.208924",,"0","False","NASA_POWER_hourly"
"2021-07-13T12:00:00Z","2021-07-13","-121.382","39.872","1355.6","16.41","27.62","2.14","61.9","1.887751","1.007965",,"0","False","NASA_POWER_hourly"
"2021-07-13T13:00:00Z","2021-07-13","-121.382","39.872","1355.6","17.71","28.65","2.01","69.3","1.880243","0.710484",,"0.22","False","NASA_POWER_hourly"
"2021-07-13T14:00:00Z","2021-07-13","-121.382","39.872","1355.6","22.68","22.67","1.75","76.8","1.703763","0.399614",,"0.86","False","NASA_POWER_hourly"
"2021-07-13T15:00:00Z","2021-07-13","-121.382","39.872","1355.6","27.09","17.51","1.01","110.2","0.947878","-0.348751",,"1.6","False","NASA_POWER_hourly"
"2021-07-13T16:00:00Z","2021-07-13","-121.382","39.872","1355.6","30.89","12.26","1.36","187.2","-0.170453","-1.349276",,"2.3","False","NASA_POWER_hourly"
"2021-07-13T17:00:00Z","2021-07-13","-121.382","39.872","1355.6","33.24","8.57","2.49","208.5","-1.188125","-2.188255",,"2.89","False","NASA_POWER_hourly"
"2021-07-13T18:00:00Z","2021-07-13","-121.382","39.872","1355.6","34.2","6.86","3.43","213.1","-1.87313","-2.873375",,"3.32","False","NASA_POWER_hourly"
"2021-07-13T19:00:00Z","2021-07-13","-121.382","39.872","1355.6","34.4","6.2","3.94","212.7","-2.128547","-3.315552",,"3.59","False","NASA_POWER_hourly"
"2021-07-13T20:00:00Z","2021-07-13","-121.382","39.872","1355.6","34.5","5.81","4.11","211.2","-2.129091","-3.515547",,"3.64","False","NASA_POWER_hourly"
"2021-07-13T21:00:00Z","2021-07-13","-121.382","39.872","1355.6","34.58","5.88","4.1","210.1","-2.056194","-3.547121",,"3.48","False","NASA_POWER_hourly"
"2021-07-13T22:00:00Z","2021-07-13","-121.382","39.872","1355.6","34.41","6.5","3.96","210.8","-2.02769","-3.401481",,"3.13","False","NASA_POWER_hourly"
"2021-07-13T23:00:00Z","2021-07-13","-121.382","39.872","1355.6","33.72","7.7","3.68","211.7","-1.933736","-3.130985",,"2.61","False","NASA_POWER_hourly"
"2021-07-14T00:00:00Z","2021-07-14","-121.382","39.872","1355.6","32.56","9.07","3.31","212.3","-1.768706","-2.797817",,"1.95","False","NASA_POWER_hourly"
"2021-07-14T01:00:00Z","2021-07-14","-121.382","39.872","1355.6","30.64","10.96","2.81","213.2","-1.538653","-2.351308",,"1.23","False","NASA_POWER_hourly"
"2021-07-14T02:00:00Z","2021-07-14","-121.382","39.872","1355.6","27.35","14.59","1.71","214.3","-0.96363","-1.412628",,"0.5","False","NASA_POWER_hourly"
"2021-07-14T03:00:00Z","2021-07-14","-121.382","39.872","1355.6","21.14","23.16","1.71","206","-0.749615","-1.536938",,"0.03","False","NASA_POWER_hourly"
"2021-07-14T04:00:00Z","2021-07-14","-121.382","39.872","1355.6","20.09","25.43","1.73","191.3","-0.338987","-1.696463",,"0","False","NASA_POWER_hourly"
"2021-07-14T05:00:00Z","2021-07-14","-121.382","39.872","1355.6","20.2","25.38","1.57","179.3","0.019181","-1.569883",,"0","False","NASA_POWER_hourly"
"2021-07-14T06:00:00Z","2021-07-14","-121.382","39.872","1355.6","20.44","24.84","1.44","175.6","0.110475","-1.435756",,"0","False","NASA_POWER_hourly"
"2021-07-14T07:00:00Z","2021-07-14","-121.382","39.872","1355.6","20.89","23.59","1.14","170.9","0.1803","-1.125652",,"0","False","NASA_POWER_hourly"
"2021-07-14T08:00:00Z","2021-07-14","-121.382","39.872","1355.6","21.2","22.48","0.79","157.7","0.29977","-0.730916",,"0","False","NASA_POWER_hourly"
"2021-07-14T09:00:00Z","2021-07-14","-121.382","39.872","1355.6","20.81","22.57","0.56","114.3","0.510386","-0.230448",,"0","False","NASA_POWER_hourly"
"2021-07-14T10:00:00Z","2021-07-14","-121.382","39.872","1355.6","20.13","23.3","0.83","73.1","0.794155","0.241283",,"0","False","NASA_POWER_hourly"
"2021-07-14T11:00:00Z","2021-07-14","-121.382","39.872","1355.6","19.51","23.91","1.1","64.6","0.993669","0.471829",,"0","False","NASA_POWER_hourly"
"2021-07-14T12:00:00Z","2021-07-14","-121.382","39.872","1355.6","19.09","24.3","1.23","66.6","1.128838","0.488492",,"0","False","NASA_POWER_hourly"
"2021-07-14T13:00:00Z","2021-07-14","-121.382","39.872","1355.6","19.9","22.99","1.09","75.1","1.05335","0.280275",,"0.25","False","NASA_POWER_hourly"
"2021-07-14T14:00:00Z","2021-07-14","-121.382","39.872","1355.6","22.67","20.51","0.58","104","0.562772","-0.140315",,"0.93","False","NASA_POWER_hourly"
"2021-07-14T15:00:00Z","2021-07-14","-121.382","39.872","1355.6","26.83","14.12","1.2","201","-0.430042","-1.120297",,"1.68","False","NASA_POWER_hourly"
"2021-07-14T16:00:00Z","2021-07-14","-121.382","39.872","1355.6","29.53","12.1","2.24","209.8","-1.113222","-1.943795",,"2.38","False","NASA_POWER_hourly"
"2021-07-14T17:00:00Z","2021-07-14","-121.382","39.872","1355.6","31.09","11.86","2.89","215.3","-1.670009","-2.358638",,"2.98","False","NASA_POWER_hourly"
"2021-07-14T18:00:00Z","2021-07-14","-121.382","39.872","1355.6","32.34","11.36","3.43","218.6","-2.139907","-2.680615",,"3.43","False","NASA_POWER_hourly"
"2021-07-14T19:00:00Z","2021-07-14","-121.382","39.872","1355.6","32.5","11.2","3.81","219","-2.397711","-2.960926",,"3.67","False","NASA_POWER_hourly"
"2021-07-14T20:00:00Z","2021-07-14","-121.382","39.872","1355.6","32.08","11.33","3.98","217.8","-2.43937","-3.144817",,"3.68","False","NASA_POWER_hourly"
"2021-07-14T21:00:00Z","2021-07-14","-121.382","39.872","1355.6","32.36","10.78","3.91","215.6","-2.276101","-3.179224",,"3.49","False","NASA_POWER_hourly"
"2021-07-14T22:00:00Z","2021-07-14","-121.382","39.872","1355.6","31.54","10.6","3.64","213.7","-2.019634","-3.028313",,"3.12","False","NASA_POWER_hourly"
"2021-07-14T23:00:00Z","2021-07-14","-121.382","39.872","1355.6","30.38","10.59","3.37","212.1","-1.790813","-2.854801",,"2.57","False","NASA_POWER_hourly"
"2021-07-15T00:00:00Z","2021-07-15","-121.382","39.872","1355.6","28.96","11.01","3.1","209.4","-1.521802","-2.700763",,"1.9","False","NASA_POWER_hourly"
"2021-07-15T01:00:00Z","2021-07-15","-121.382","39.872","1355.6","26.97","12.48","2.74","204.8","-1.149299","-2.48731",,"1.17","False","NASA_POWER_hourly"
"2021-07-15T02:00:00Z","2021-07-15","-121.382","39.872","1355.6","23.65","16.3","1.73","200.3","-0.600199","-1.622548",,"0.46","False","NASA_POWER_hourly"
"2021-07-15T03:00:00Z","2021-07-15","-121.382","39.872","1355.6","17.76","25.21","1.74","187.2","-0.21808","-1.72628",,"0.03","False","NASA_POWER_hourly"
"2021-07-15T04:00:00Z","2021-07-15","-121.382","39.872","1355.6","16.22","28.4","1.97","173.3","0.229841","-1.956546",,"0","False","NASA_POWER_hourly"
"2021-07-15T05:00:00Z","2021-07-15","-121.382","39.872","1355.6","15.46","30.06","2.18","168.9","0.419698","-2.139218",,"0","False","NASA_POWER_hourly"
"2021-07-15T06:00:00Z","2021-07-15","-121.382","39.872","1355.6","14.69","32.42","2.27","168","0.47196","-2.220395",,"0","False","NASA_POWER_hourly"
"2021-07-15T07:00:00Z","2021-07-15","-121.382","39.872","1355.6","14.09","34.9","2.29","165.1","0.588834","-2.213001",,"0","False","NASA_POWER_hourly"
"2021-07-15T08:00:00Z","2021-07-15","-121.382","39.872","1355.6","14.01","34.64","2.31","161.9","0.717663","-2.195691",,"0","False","NASA_POWER_hourly"
"2021-07-15T09:00:00Z","2021-07-15","-121.382","39.872","1355.6","14.26","33.48","2.29","163.5","0.650395","-2.195697",,"0","False","NASA_POWER_hourly"
"2021-07-15T10:00:00Z","2021-07-15","-121.382","39.872","1355.6","14.77","31.89","2.15","165.7","0.531048","-2.083384",,"0","False","NASA_POWER_hourly"
"2021-07-15T11:00:00Z","2021-07-15","-121.382","39.872","1355.6","15.07","30.63","1.99","166.7","0.457799","-1.936626",,"0","False","NASA_POWER_hourly"
"2021-07-15T12:00:00Z","2021-07-15","-121.382","39.872","1355.6","15.21","29.48","1.84","166.8","0.420166","-1.791385",,"0","False","NASA_POWER_hourly"
"2021-07-15T13:00:00Z","2021-07-15","-121.382","39.872","1355.6","15.93","27.09","1.66","169.6","0.299662","-1.632729",,"0.23","False","NASA_POWER_hourly"
"2021-07-15T14:00:00Z","2021-07-15","-121.382","39.872","1355.6","19.14","21.69","1.2","181.9","-0.039786","-1.19934",,"0.89","False","NASA_POWER_hourly"
"2021-07-15T15:00:00Z","2021-07-15","-121.382","39.872","1355.6","22.66","15.96","2.03","194.2","-0.497974","-1.967974",,"1.62","False","NASA_POWER_hourly"
"2021-07-15T16:00:00Z","2021-07-15","-121.382","39.872","1355.6","24.71","12.9","2.53","198.4","-0.798592","-2.400656",,"2.32","False","NASA_POWER_hourly"
"2021-07-15T17:00:00Z","2021-07-15","-121.382","39.872","1355.6","26.36","11.01","2.93","205.7","-1.270621","-2.640156",,"2.91","False","NASA_POWER_hourly"
"2021-07-15T18:00:00Z","2021-07-15","-121.382","39.872","1355.6","27.97","10.02","3.33","212.5","-1.789208","-2.808494",,"3.35","False","NASA_POWER_hourly"
"2021-07-15T19:00:00Z","2021-07-15","-121.382","39.872","1355.6","28.33","10.24","3.64","217.2","-2.200741","-2.899369",,"3.61","False","NASA_POWER_hourly"
"2021-07-15T20:00:00Z","2021-07-15","-121.382","39.872","1355.6","28.08","11.16","3.73","220.2","-2.407557","-2.848959",,"3.63","False","NASA_POWER_hourly"
"2021-07-15T21:00:00Z","2021-07-15","-121.382","39.872","1355.6","28.76","11.25","3.66","221.2","-2.410803","-2.753839",,"3.47","False","NASA_POWER_hourly"
"2021-07-15T22:00:00Z","2021-07-15","-121.382","39.872","1355.6","28.07","11.92","3.41","221.1","-2.24165","-2.569651",,"3.1","False","NASA_POWER_hourly"
"2021-07-15T23:00:00Z","2021-07-15","-121.382","39.872","1355.6","27.12","12.71","3.1","220.2","-2.000919","-2.367768",,"2.57","False","NASA_POWER_hourly"
"2021-07-16T00:00:00Z","2021-07-16","-121.382","39.872","1355.6","26.08","13.35","2.76","218.1","-1.703019","-2.171941",,"1.91","False","NASA_POWER_hourly"
"2021-07-16T01:00:00Z","2021-07-16","-121.382","39.872","1355.6","24.55","14.66","2.32","215.3","-1.34063","-1.893439",,"1.19","False","NASA_POWER_hourly"
"2021-07-16T02:00:00Z","2021-07-16","-121.382","39.872","1355.6","20.75","19.21","1.44","210.5","-0.730855","-1.240746",,"0.48","False","NASA_POWER_hourly"
"2021-07-16T03:00:00Z","2021-07-16","-121.382","39.872","1355.6","16.42","25.56","1.86","191.2","-0.361276","-1.824577",,"0.03","False","NASA_POWER_hourly"
"2021-07-16T04:00:00Z","2021-07-16","-121.382","39.872","1355.6","15.42","26.31","2.01","179.4","0.021048","-2.00989",,"0","False","NASA_POWER_hourly"
"2021-07-16T05:00:00Z","2021-07-16","-121.382","39.872","1355.6","15.09","25.51","2.04","171.8","0.290963","-2.019144",,"0","False","NASA_POWER_hourly"
"2021-07-16T06:00:00Z","2021-07-16","-121.382","39.872","1355.6","15.27","23.69","1.94","162.9","0.570438","-1.854238",,"0","False","NASA_POWER_hourly"
"2021-07-16T07:00:00Z","2021-07-16","-121.382","39.872","1355.6","15.64","21.42","1.84","153.6","0.818129","-1.64811",,"0","False","NASA_POWER_hourly"
"2021-07-16T08:00:00Z","2021-07-16","-121.382","39.872","1355.6","15.71","19.45","1.85","146.5","1.021083","-1.542689",,"0","False","NASA_POWER_hourly"
"2021-07-16T09:00:00Z","2021-07-16","-121.382","39.872","1355.6","15.89","18.07","1.6","129.7","1.231039","-1.022029",,"0","False","NASA_POWER_hourly"
"2021-07-16T10:00:00Z","2021-07-16","-121.382","39.872","1355.6","15.18","18.59","1.63","96.3","1.620156","-0.178867",,"0","False","NASA_POWER_hourly"
"2021-07-16T11:00:00Z","2021-07-16","-121.382","39.872","1355.6","13.68","20.48","2.03","76.3","1.972245","0.480781",,"0","False","NASA_POWER_hourly"
"2021-07-16T12:00:00Z","2021-07-16","-121.382","39.872","1355.6","12.85","22","2.13","71.1","2.015162","0.689944",,"0","False","NASA_POWER_hourly"
"2021-07-16T13:00:00Z","2021-07-16","-121.382","39.872","1355.6","13.42","22.37","1.94","69.8","1.820676","0.669879",,"0.24","False","NASA_POWER_hourly"
"2021-07-16T14:00:00Z","2021-07-16","-121.382","39.872","1355.6","17.07","19.48","1.17","72.6","1.116461","0.349878",,"0.93","False","NASA_POWER_hourly"
"2021-07-16T15:00:00Z","2021-07-16","-121.382","39.872","1355.6","22.04","13","0.18","173.7","0.019752","-0.178913",,"1.65","False","NASA_POWER_hourly"
"2021-07-16T16:00:00Z","2021-07-16","-121.382","39.872","1355.6","25.46","8.5","1.49","223.9","-1.033169","-1.073621",,"2.38","False","NASA_POWER_hourly"
"2021-07-16T17:00:00Z","2021-07-16","-121.382","39.872","1355.6","27.14","7.31","2.22","228.6","-1.665247","-1.468112",,"2.99","False","NASA_POWER_hourly"
"2021-07-16T18:00:00Z","2021-07-16","-121.382","39.872","1355.6","28.68","6.64","2.8","230.2","-2.151194","-1.792307",,"3.41","False","NASA_POWER_hourly"
"2021-07-16T19:00:00Z","2021-07-16","-121.382","39.872","1355.6","29.05","6.64","3.27","229.1","-2.471641","-2.141002",,"3.65","False","NASA_POWER_hourly"
"2021-07-16T20:00:00Z","2021-07-16","-121.382","39.872","1355.6","28.81","7.01","3.44","228.8","-2.588307","-2.265892",,"3.67","False","NASA_POWER_hourly"
"2021-07-16T21:00:00Z","2021-07-16","-121.382","39.872","1355.6","29.42","7.11","3.41","226.9","-2.489853","-2.329964",,"3.49","False","NASA_POWER_hourly"
"2021-07-16T22:00:00Z","2021-07-16","-121.382","39.872","1355.6","28.72","7.75","3.17","226","-2.280307","-2.202067",,"3.11","False","NASA_POWER_hourly"
"2021-07-16T23:00:00Z","2021-07-16","-121.382","39.872","1355.6","27.81","8.39","2.82","226.3","-2.038767","-1.948288",,"2.57","False","NASA_POWER_hourly"
"2021-07-17T00:00:00Z","2021-07-17","-121.382","39.872","1355.6","26.78","9.07","2.39","225.7","-1.710506","-1.669213",,"1.91","False","NASA_POWER_hourly"
"2021-07-17T01:00:00Z","2021-07-17","-121.382","39.872","1355.6","25.14","10.3","1.73","224.3","-1.208258","-1.238148",,"1.18","False","NASA_POWER_hourly"
"2021-07-17T02:00:00Z","2021-07-17","-121.382","39.872","1355.6","20.59","15.28","1.45","208.5","-0.69188","-1.274285",,"0.46","False","NASA_POWER_hourly"
"2021-07-17T03:00:00Z","2021-07-17","-121.382","39.872","1355.6","18.36","17.95","1.5","195.1","-0.390757","-1.448209",,"0.03","False","NASA_POWER_hourly"
"2021-07-17T04:00:00Z","2021-07-17","-121.382","39.872","1355.6","17.99","18.52","1.24","169.8","0.219585","-1.220403",,"0","False","NASA_POWER_hourly"
"2021-07-17T05:00:00Z","2021-07-17","-121.382","39.872","1355.6","17.74","18.75","1.13","145","0.648141","-0.925642",,"0","False","NASA_POWER_hourly"
"2021-07-17T06:00:00Z","2021-07-17","-121.382","39.872","1355.6","17.36","18.99","1.13","122.7","0.950907","-0.610472",,"0","False","NASA_POWER_hourly"
"2021-07-17T07:00:00Z","2021-07-17","-121.382","39.872","1355.6","16.93","19.37","1.15","94.5","1.146455","-0.090228",,"0","False","NASA_POWER_hourly"
"2021-07-17T08:00:00Z","2021-07-17","-121.382","39.872","1355.6","16.23","20.03","1.41","66.2","1.290093","0.568999",,"0","False","NASA_POWER_hourly"
"2021-07-17T09:00:00Z","2021-07-17","-121.382","39.872","1355.6","15.28","21.28","1.84","51.4","1.437998","1.147938",,"0","False","NASA_POWER_hourly"
"2021-07-17T10:00:00Z","2021-07-17","-121.382","39.872","1355.6","13.77","24.51","2.3","49.4","1.746324","1.496781",,"0","False","NASA_POWER_hourly"
"2021-07-17T11:00:00Z","2021-07-17","-121.382","39.872","1355.6","12.8","28.65","2.49","55.8","2.059431","1.399588",,"0","False","NASA_POWER_hourly"
"2021-07-17T12:00:00Z","2021-07-17","-121.382","39.872","1355.6","12.07","33.6","2.57","65.6","2.340457","1.061678",,"0","False","NASA_POWER_hourly"
"2021-07-17T13:00:00Z","2021-07-17","-121.382","39.872","1355.6","12.8","35.13","2.36","74.8","2.277439","0.618766",,"0.22","False","NASA_POWER_hourly"
"2021-07-17T14:00:00Z","2021-07-17","-121.382","39.872","1355.6","17.38","27.99","1.47","84.1","1.462213","0.151105",,"0.89","False","NASA_POWER_hourly"
"2021-07-17T15:00:00Z","2021-07-17","-121.382","39.872","1355.6","22.62","18.37","0.59","135","0.417193","-0.417193",,"1.62","False","NASA_POWER_hourly"
"2021-07-17T16:00:00Z","2021-07-17","-121.382","39.872","1355.6","26.35","12.07","1.46","216.1","-0.860227","-1.179665",,"2.32","False","NASA_POWER_hourly"
"2021-07-17T17:00:00Z","2021-07-17","-121.382","39.872","1355.6","28.3","9.98","2.23","222.6","-1.509433","-1.641497",,"2.91","False","NASA_POWER_hourly"
"2021-07-17T18:00:00Z","2021-07-17","-121.382","39.872","1355.6","30.21","8.61","2.85","223.7","-1.969015","-2.060456",,"3.35","False","NASA_POWER_hourly"
"2021-07-17T19:00:00Z","2021-07-17","-121.382","39.872","1355.6","30.7","8.37","3.27","224","-2.271533","-2.352241",,"3.6","False","NASA_POWER_hourly"
"2021-07-17T20:00:00Z","2021-07-17","-121.382","39.872","1355.6","30.65","8.58","3.44","223.6","-2.372291","-2.491151",,"3.64","False","NASA_POWER_hourly"
"2021-07-17T21:00:00Z","2021-07-17","-121.382","39.872","1355.6","31.52","8.26","3.49","222.1","-2.339789","-2.589496",,"3.47","False","NASA_POWER_hourly"
"2021-07-17T22:00:00Z","2021-07-17","-121.382","39.872","1355.6","30.81","8.57","3.35","221.3","-2.211006","-2.516735",,"3.1","False","NASA_POWER_hourly"
"2021-07-17T23:00:00Z","2021-07-17","-121.382","39.872","1355.6","29.75","9.24","3.05","221","-2.00098","-2.301864",,"2.56","False","NASA_POWER_hourly"
"2021-07-18T00:00:00Z","2021-07-18","-121.382","39.872","1355.6","28.55","10.11","2.62","220.4","-1.698074","-1.99523",,"1.9","False","NASA_POWER_hourly"
"2021-07-18T01:00:00Z","2021-07-18","-121.382","39.872","1355.6","26.86","11.52","1.98","219.2","-1.251418","-1.53439",,"1.17","False","NASA_POWER_hourly"
"2021-07-18T02:00:00Z","2021-07-18","-121.382","39.872","1355.6","22.47","16.3","1.5","209.5","-0.738635","-1.305534",,"0.46","False","NASA_POWER_hourly"
"2021-07-18T03:00:00Z","2021-07-18","-121.382","39.872","1355.6","20.1","18.98","1.52","188.3","-0.219421","-1.504079",,"0.03","False","NASA_POWER_hourly"
"2021-07-18T04:00:00Z","2021-07-18","-121.382","39.872","1355.6","19.02","20.12","1.51","156.7","0.597274","-1.386854",,"0","False","NASA_POWER_hourly"
"2021-07-18T05:00:00Z","2021-07-18","-121.382","39.872","1355.6","18.07","21.29","1.74","140.4","1.109118","-1.340693",,"0","False","NASA_POWER_hourly"
"2021-07-18T06:00:00Z","2021-07-18","-121.382","39.872","1355.6","17.46","21.92","1.83","128.6","1.430182","-1.1417",,"0","False","NASA_POWER_hourly"
"2021-07-18T07:00:00Z","2021-07-18","-121.382","39.872","1355.6","17.15","22.07","1.84","112","1.706018","-0.689276",,"0","False","NASA_POWER_hourly"
"2021-07-18T08:00:00Z","2021-07-18","-121.382","39.872","1355.6","16.83","22.15","1.99","95.8","1.979813","-0.201102",,"0","False","NASA_POWER_hourly"
"2021-07-18T09:00:00Z","2021-07-18","-121.382","39.872","1355.6","16.39","22.41","2.18","79.7","2.144869","0.389789",,"0","False","NASA_POWER_hourly"
"2021-07-18T10:00:00Z","2021-07-18","-121.382","39.872","1355.6","15.23","23.73","2.43","68.8","2.265547","0.878748",,"0","False","NASA_POWER_hourly"
"2021-07-18T11:00:00Z","2021-07-18","-121.382","39.872","1355.6","14.09","25.02","2.63","66.5","2.411868","1.04871",,"0","False","NASA_POWER_hourly"
"2021-07-18T12:00:00Z","2021-07-18","-121.382","39.872","1355.6","13.27","26.13","2.74","68.8","2.554567","0.990851",,"0","False","NASA_POWER_hourly"
"2021-07-18T13:00:00Z","2021-07-18","-121.382","39.872","1355.6","14.04","24.86","2.56","71.1","2.421979","0.829229",,"0.21","False","NASA_POWER_hourly"
"2021-07-18T14:00:00Z","2021-07-18","-121.382","39.872","1355.6","19.68","17.56","1.53","74.1","1.471464","0.419158",,"0.86","False","NASA_POWER_hourly"
"2021-07-18T15:00:00Z","2021-07-18","-121.382","39.872","1355.6","25.59","11.55","0.76","96","0.755837","-0.079442",,"1.59","False","NASA_POWER_hourly"
"2021-07-18T16:00:00Z","2021-07-18","-121.382","39.872","1355.6","29.3","8.75","0.98","196","-0.270125","-0.942036",,"2.3","False","NASA_POWER_hourly"
"2021-07-18T17:00:00Z","2021-07-18","-121.382","39.872","1355.6","31.33","8.4","1.71","210.9","-0.878156","-1.467291",,"2.87","False","NASA_POWER_hourly"
"2021-07-18T18:00:00Z","2021-07-18","-121.382","39.872","1355.6","32.97","8.54","2.4","219.3","-1.520114","-1.857217",,"3.3","False","NASA_POWER_hourly"
"2021-07-18T19:00:00Z","2021-07-18","-121.382","39.872","1355.6","33.37","9.4","3","222.6","-2.030628","-2.208291",,"3.52","False","NASA_POWER_hourly"
"2021-07-18T20:00:00Z","2021-07-18","-121.382","39.872","1355.6","32.96","10.47","3.39","224.5","-2.376082","-2.417919",,"3.48","False","NASA_POWER_hourly"
"2021-07-18T21:00:00Z","2021-07-18","-121.382","39.872","1355.6","33.38","10.96","3.63","224","-2.52161","-2.611203",,"3.26","False","NASA_POWER_hourly"
"2021-07-18T22:00:00Z","2021-07-18","-121.382","39.872","1355.6","32.15","12.5","3.52","222.5","-2.378078","-2.595216",,"2.87","False","NASA_POWER_hourly"
"2021-07-18T23:00:00Z","2021-07-18","-121.382","39.872","1355.6","30.7","14.04","3.27","219.7","-2.088771","-2.515937",,"2.21","False","NASA_POWER_hourly"
"2021-07-19T00:00:00Z","2021-07-19","-121.382","39.872","1355.6","29.53","14.99","3.05","214.7","-1.736303","-2.507539",,"1.45","False","NASA_POWER_hourly"
"2021-07-19T01:00:00Z","2021-07-19","-121.382","39.872","1355.6","28.23","15.66","2.91","206.7","-1.307518","-2.599711",,"0.85","False","NASA_POWER_hourly"
"2021-07-19T02:00:00Z","2021-07-19","-121.382","39.872","1355.6","26.24","16.71","2.29","198.8","-0.737988","-2.167827",,"0.31","False","NASA_POWER_hourly"
"2021-07-19T03:00:00Z","2021-07-19","-121.382","39.872","1355.6","22.22","20.29","1.67","190.7","-0.310063","-1.640963",,"0.02","False","NASA_POWER_hourly"
"2021-07-19T04:00:00Z","2021-07-19","-121.382","39.872","1355.6","21.09","20.69","1.66","185.2","-0.15045","-1.653168",,"0","False","NASA_POWER_hourly"
"2021-07-19T05:00:00Z","2021-07-19","-121.382","39.872","1355.6","20.43","20.97","1.56","180","0","-1.56",,"0","False","NASA_POWER_hourly"
"2021-07-19T06:00:00Z","2021-07-19","-121.382","39.872","1355.6","20.16","21.15","1.45","172.1","0.199295","-1.436239",,"0","False","NASA_POWER_hourly"
"2021-07-19T07:00:00Z","2021-07-19","-121.382","39.872","1355.6","20.07","22.03","1.55","166.6","0.359209","-1.507803",,"0","False","NASA_POWER_hourly"
"2021-07-19T08:00:00Z","2021-07-19","-121.382","39.872","1355.6","20.19","24.33","1.52","163.6","0.429159","-1.458157",,"0","False","NASA_POWER_hourly"
"2021-07-19T09:00:00Z","2021-07-19","-121.382","39.872","1355.6","20.23","30","1.41","160.5","0.470668","-1.329125",,"0","False","NASA_POWER_hourly"
"2021-07-19T10:00:00Z","2021-07-19","-121.382","39.872","1355.6","19.89","40.07","1.31","153.2","0.59065","-1.169287",,"0","False","NASA_POWER_hourly"
"2021-07-19T11:00:00Z","2021-07-19","-121.382","39.872","1355.6","19.7","52.11","1.43","139.5","0.928711","-1.087381",,"0","False","NASA_POWER_hourly"
"2021-07-19T12:00:00Z","2021-07-19","-121.382","39.872","1355.6","19.26","63.57","1.34","128.3","1.0516","-0.830504",,"0","False","NASA_POWER_hourly"
"2021-07-19T13:00:00Z","2021-07-19","-121.382","39.872","1355.6","19.47","68.83","1.31","120.9","1.124065","-0.672739",,"0.15","False","NASA_POWER_hourly"
"2021-07-19T14:00:00Z","2021-07-19","-121.382","39.872","1355.6","21.24","64.06","1.42","123.2","1.188205","-0.77754",,"0.66","False","NASA_POWER_hourly"
"2021-07-19T15:00:00Z","2021-07-19","-121.382","39.872","1355.6","24.12","49.54","1.69","151.8","0.798611","-1.489403",,"1.27","False","NASA_POWER_hourly"
"2021-07-19T16:00:00Z","2021-07-19","-121.382","39.872","1355.6","26.98","36.73","2.19","175.8","0.160392","-2.184119",,"1.95","False","NASA_POWER_hourly"
"2021-07-19T17:00:00Z","2021-07-19","-121.382","39.872","1355.6","29.25","28.82","2.72","192.3","-0.579443","-2.657564",,"2.63","False","NASA_POWER_hourly"
"2021-07-19T18:00:00Z","2021-07-19","-121.382","39.872","1355.6","31.11","22.57","3.37","203.6","-1.349176","-3.088142",,"3.01","False","NASA_POWER_hourly"
"2021-07-19T19:00:00Z","2021-07-19","-121.382","39.872","1355.6","31.18","19.12","3.87","211.6","-2.027825","-3.296183",,"3.37","False","NASA_POWER_hourly"
"2021-07-19T20:00:00Z","2021-07-19","-121.382","39.872","1355.6","30.99","16.73","4.06","216.8","-2.432036","-3.250969",,"3.34","False","NASA_POWER_hourly"
"2021-07-19T21:00:00Z","2021-07-19","-121.382","39.872","1355.6","31.74","14.28","4.09","217.5","-2.489834","-3.244815",,"3.05","False","NASA_POWER_hourly"
"2021-07-19T22:00:00Z","2021-07-19","-121.382","39.872","1355.6","31.01","13.78","4","213.2","-2.190253","-3.347057",,"2.25","False","NASA_POWER_hourly"
"2021-07-19T23:00:00Z","2021-07-19","-121.382","39.872","1355.6","29.79","13.68","3.84","205.3","-1.641054","-3.471677",,"2.02","False","NASA_POWER_hourly"
"2021-07-20T00:00:00Z","2021-07-20","-121.382","39.872","1355.6","28.54","14.07","3.52","198","-1.08774","-3.347719",,"1.4","False","NASA_POWER_hourly"
"2021-07-20T01:00:00Z","2021-07-20","-121.382","39.872","1355.6","27.16","15.17","3.03","190.6","-0.557373","-2.978294",,"0.82","False","NASA_POWER_hourly"
"2021-07-20T02:00:00Z","2021-07-20","-121.382","39.872","1355.6","24.99","17.74","1.95","180.9","-0.030629","-1.949759",,"0.31","False","NASA_POWER_hourly"
"2021-07-20T03:00:00Z","2021-07-20","-121.382","39.872","1355.6","20.04","25.09","1.42","171.9","0.20008","-1.405834",,"0.02","False","NASA_POWER_hourly"
"2021-07-20T04:00:00Z","2021-07-20","-121.382","39.872","1355.6","19.4","27.65","1.48","166","0.358044","-1.436038",,"0","False","NASA_POWER_hourly"
"2021-07-20T05:00:00Z","2021-07-20","-121.382","39.872","1355.6","19.11","30.73","1.37","155.5","0.56813","-1.246647",,"0","False","NASA_POWER_hourly"
"2021-07-20T06:00:00Z","2021-07-20","-121.382","39.872","1355.6","18.64","35.31","1.35","140.4","0.860522","-1.040193",,"0","False","NASA_POWER_hourly"
"2021-07-20T07:00:00Z","2021-07-20","-121.382","39.872","1355.6","18.49","40.85","1.36","133.2","0.991397","-0.930984",,"0","False","NASA_POWER_hourly"
"2021-07-20T08:00:00Z","2021-07-20","-121.382","39.872","1355.6","18.38","45.24","1.62","133.2","1.180929","-1.108966",,"0","False","NASA_POWER_hourly"
"2021-07-20T09:00:00Z","2021-07-20","-121.382","39.872","1355.6","18.23","45.92","1.94","148.9","1.002075","-1.661158",,"0","False","NASA_POWER_hourly"
"2021-07-20T10:00:00Z","2021-07-20","-121.382","39.872","1355.6","17.96","43.4","2.28","161.1","0.738532","-2.157075",,"0","False","NASA_POWER_hourly"
"2021-07-20T11:00:00Z","2021-07-20","-121.382","39.872","1355.6","17.66","40.19","2.35","166","0.568516","-2.280195",,"0","False","NASA_POWER_hourly"
"2021-07-20T12:00:00Z","2021-07-20","-121.382","39.872","1355.6","17.16","37.31","2.44","165.1","0.627404","-2.357958",,"0","False","NASA_POWER_hourly"
"2021-07-20T13:00:00Z","2021-07-20","-121.382","39.872","1355.6","18.24","32.21","2.1","163.7","0.5894","-2.015591",,"0.18","False","NASA_POWER_hourly"
"2021-07-20T14:00:00Z","2021-07-20","-121.382","39.872","1355.6","23.79","22.1","1.8","173","0.219365","-1.786583",,"0.82","False","NASA_POWER_hourly"
"2021-07-20T15:00:00Z","2021-07-20","-121.382","39.872","1355.6","26.8","19.98","2.88","186.4","-0.321031","-2.862052",,"1.56","False","NASA_POWER_hourly"
"2021-07-20T16:00:00Z","2021-07-20","-121.382","39.872","1355.6","28.26","19.39","3.32","194.8","-0.84808","-3.209854",,"2.29","False","NASA_POWER_hourly"
"2021-07-20T17:00:00Z","2021-07-20","-121.382","39.872","1355.6","29.35","17.62","3.69","202.5","-1.412102","-3.409115",,"2.91","False","NASA_POWER_hourly"
"2021-07-20T18:00:00Z","2021-07-20","-121.382","39.872","1355.6","30.31","15.27","3.96","206.7","-1.779303","-3.537751",,"3.38","False","NASA_POWER_hourly"
"2021-07-20T19:00:00Z","2021-07-20","-121.382","39.872","1355.6","30.51","13.31","4.06","208.2","-1.918556","-3.578092",,"3.62","False","NASA_POWER_hourly"
"2021-07-20T20:00:00Z","2021-07-20","-121.382","39.872","1355.6","30.49","11.42","4.01","208.4","-1.907253","-3.527391",,"3.66","False","NASA_POWER_hourly"
"2021-07-20T21:00:00Z","2021-07-20","-121.382","39.872","1355.6","31.36","9.32","3.95","207.4","-1.817789","-3.506871",,"3.48","False","NASA_POWER_hourly"
"2021-07-20T22:00:00Z","2021-07-20","-121.382","39.872","1355.6","30.71","8.47","3.77","206.6","-1.688052","-3.370961",,"3.13","False","NASA_POWER_hourly"
"2021-07-20T23:00:00Z","2021-07-20","-121.382","39.872","1355.6","29.8","8.26","3.56","206.5","-1.588464","-3.185966",,"2.6","False","NASA_POWER_hourly"
"2021-07-21T00:00:00Z","2021-07-21","-121.382","39.872","1355.6","28.7","8.58","3.26","206.6","-1.459695","-2.914943",,"1.93","False","NASA_POWER_hourly"
"2021-07-21T01:00:00Z","2021-07-21","-121.382","39.872","1355.6","27.12","9.64","2.71","205.8","-1.179476","-2.439864",,"1.2","False","NASA_POWER_hourly"
"2021-07-21T02:00:00Z","2021-07-21","-121.382","39.872","1355.6","22.94","13.5","1.61","201.9","-0.60051","-1.493816",,"0.47","False","NASA_POWER_hourly"
"2021-07-21T03:00:00Z","2021-07-21","-121.382","39.872","1355.6","18.68","18.91","1.93","188.9","-0.298591","-1.906763",,"0.02","False","NASA_POWER_hourly"
"2021-07-21T04:00:00Z","2021-07-21","-121.382","39.872","1355.6","17.61","21.47","1.85","171.9","0.260667","-1.831544",,"0","False","NASA_POWER_hourly"
"2021-07-21T05:00:00Z","2021-07-21","-121.382","39.872","1355.6","16.81","24.61","1.82","160.1","0.619491","-1.711324",,"0","False","NASA_POWER_hourly"
"2021-07-21T06:00:00Z","2021-07-21","-121.382","39.872","1355.6","16.19","28.16","1.82","147.8","0.969835","-1.540072",,"0","False","NASA_POWER_hourly"
"2021-07-21T07:00:00Z","2021-07-21","-121.382","39.872","1355.6","16.07","29.05","1.85","135.9","1.287439","-1.328534",,"0","False","NASA_POWER_hourly"
"2021-07-21T08:00:00Z","2021-07-21","-121.382","39.872","1355.6","16.49","27.61","1.86","126.7","1.491303","-1.111583",,"0","False","NASA_POWER_hourly"
"2021-07-21T09:00:00Z","2021-07-21","-121.382","39.872","1355.6","16.41","26.71","1.88","118.9","1.645873","-0.908571",,"0","False","NASA_POWER_hourly"
"2021-07-21T10:00:00Z","2021-07-21","-121.382","39.872","1355.6","15.84","26.93","1.92","112","1.780193","-0.719245",,"0","False","NASA_POWER_hourly"
"2021-07-21T11:00:00Z","2021-07-21","-121.382","39.872","1355.6","15.94","26.6","1.82","107.9","1.731902","-0.559389",,"0","False","NASA_POWER_hourly"
"2021-07-21T12:00:00Z","2021-07-21","-121.382","39.872","1355.6","16.24","25.95","1.69","106.8","1.61787","-0.488464",,"0","False","NASA_POWER_hourly"
"2021-07-21T13:00:00Z","2021-07-21","-121.382","39.872","1355.6","16.92","24.57","1.5","111.4","1.396584","-0.547315",,"0.21","False","NASA_POWER_hourly"
"2021-07-21T14:00:00Z","2021-07-21","-121.382","39.872","1355.6","19.63","21.03","0.99","139.9","0.637682","-0.757272",,"0.88","False","NASA_POWER_hourly"
"2021-07-21T15:00:00Z","2021-07-21","-121.382","39.872","1355.6","23.67","13.73","1.32","197.6","-0.399128","-1.258212",,"1.63","False","NASA_POWER_hourly"
"2021-07-21T16:00:00Z","2021-07-21","-121.382","39.872","1355.6","26.39","8.33","2.12","213.5","-1.170106","-1.767838",,"2.33","False","NASA_POWER_hourly"
"2021-07-21T17:00:00Z","2021-07-21","-121.382","39.872","1355.6","28.15","7","2.68","218.5","-1.668339","-2.09739",,"2.94","False","NASA_POWER_hourly"
"2021-07-21T18:00:00Z","2021-07-21","-121.382","39.872","1355.6","29.75","6.44","3.21","220.8","-2.09748","-2.429954",,"3.41","False","NASA_POWER_hourly"
"2021-07-21T19:00:00Z","2021-07-21","-121.382","39.872","1355.6","30.29","6.47","3.49","220.1","-2.247991","-2.669576",,"3.66","False","NASA_POWER_hourly"
"2021-07-21T20:00:00Z","2021-07-21","-121.382","39.872","1355.6","30.26","6.77","3.6","219.4","-2.28503","-2.781841",,"3.68","False","NASA_POWER_hourly"
"2021-07-21T21:00:00Z","2021-07-21","-121.382","39.872","1355.6","31.02","6.63","3.66","219.6","-2.332972","-2.820078",,"3.48","False","NASA_POWER_hourly"
"2021-07-21T22:00:00Z","2021-07-21","-121.382","39.872","1355.6","30.29","6.98","3.52","221.4","-2.327818","-2.640391",,"3.1","False","NASA_POWER_hourly"
"2021-07-21T23:00:00Z","2021-07-21","-121.382","39.872","1355.6","29.26","7.51","3.24","223.2","-2.217933","-2.361858",,"2.55","False","NASA_POWER_hourly"
"2021-07-22T00:00:00Z","2021-07-22","-121.382","39.872","1355.6","28.14","8.12","2.82","224","-1.958937","-2.028538",,"1.88","False","NASA_POWER_hourly"
"2021-07-22T01:00:00Z","2021-07-22","-121.382","39.872","1355.6","26.34","9.31","1.98","223","-1.350357","-1.44808",,"1.15","False","NASA_POWER_hourly"
"2021-07-22T02:00:00Z","2021-07-22","-121.382","39.872","1355.6","22.04","13.36","1.51","213.4","-0.831226","-1.26062",,"0.44","False","NASA_POWER_hourly"
"2021-07-22T03:00:00Z","2021-07-22","-121.382","39.872","1355.6","19.96","15.36","1.55","198.1","-0.481548","-1.473299",,"0.02","False","NASA_POWER_hourly"
"2021-07-22T04:00:00Z","2021-07-22","-121.382","39.872","1355.6","18.95","16.37","1.58","180","0","-1.58",,"0","False","NASA_POWER_hourly"
"2021-07-22T05:00:00Z","2021-07-22","-121.382","39.872","1355.6","18.37","17.17","1.5","167.7","0.319546","-1.465568",,"0","False","NASA_POWER_hourly"
"2021-07-22T06:00:00Z","2021-07-22","-121.382","39.872","1355.6","18.38","17.49","1.31","150.3","0.649051","-1.137907",,"0","False","NASA_POWER_hourly"
"2021-07-22T07:00:00Z","2021-07-22","-121.382","39.872","1355.6","18.32","17.68","1.27","135","0.898026","-0.898026",,"0","False","NASA_POWER_hourly"
"2021-07-22T08:00:00Z","2021-07-22","-121.382","39.872","1355.6","18.71","16.55","1.13","125","0.925642","-0.648141",,"0","False","NASA_POWER_hourly"
"2021-07-22T09:00:00Z","2021-07-22","-121.382","39.872","1355.6","18.58","15.9","1.02","113.8","0.933259","-0.411616",,"0","False","NASA_POWER_hourly"
"2021-07-22T10:00:00Z","2021-07-22","-121.382","39.872","1355.6","17.99","15.96","1.16","97.9","1.148991","-0.159436",,"0","False","NASA_POWER_hourly"
"2021-07-22T11:00:00Z","2021-07-22","-121.382","39.872","1355.6","17.59","15.74","1.37","87.1","1.368246","0.069312",,"0","False","NASA_POWER_hourly"
"2021-07-22T12:00:00Z","2021-07-22","-121.382","39.872","1355.6","17.22","15.48","1.6","79.5","1.573208","0.291577",,"0","False","NASA_POWER_hourly"
"2021-07-22T13:00:00Z","2021-07-22","-121.382","39.872","1355.6","16.83","15.36","1.79","79.4","1.759454","0.329273",,"0.2","False","NASA_POWER_hourly"
"2021-07-22T14:00:00Z","2021-07-22","-121.382","39.872","1355.6","18.84","13.73","1.5","90","1.5","0",,"0.87","False","NASA_POWER_hourly"
"2021-07-22T15:00:00Z","2021-07-22","-121.382","39.872","1355.6","23.01","11.67","0.86","138.3","0.572098","-0.642109",,"1.61","False","NASA_POWER_hourly"
"2021-07-22T16:00:00Z","2021-07-22","-121.382","39.872","1355.6","26.49","7.71","1.63","207","-0.740005","-1.452341",,"2.31","False","NASA_POWER_hourly"
"2021-07-22T17:00:00Z","2021-07-22","-121.382","39.872","1355.6","28.49","6.4","2.4","214.8","-1.369713","-1.970758",,"2.9","False","NASA_POWER_hourly"
"2021-07-22T18:00:00Z","2021-07-22","-121.382","39.872","1355.6","30.99","5.76","3.08","218.4","-1.913135","-2.413776",,"3.33","False","NASA_POWER_hourly"
"2021-07-22T19:00:00Z","2021-07-22","-121.382","39.872","1355.6","31.22","6.14","3.48","220.2","-2.246193","-2.65801",,"3.6","False","NASA_POWER_hourly"
"2021-07-22T20:00:00Z","2021-07-22","-121.382","39.872","1355.6","30.8","6.42","3.62","221","-2.374934","-2.732049",,"3.64","False","NASA_POWER_hourly"
"2021-07-22T21:00:00Z","2021-07-22","-121.382","39.872","1355.6","31.87","6.39","3.68","219.9","-2.360535","-2.823168",,"3.47","False","NASA_POWER_hourly"
"2021-07-22T22:00:00Z","2021-07-22","-121.382","39.872","1355.6","30.71","7.58","3.44","219.8","-2.201977","-2.642895",,"3.09","False","NASA_POWER_hourly"
"2021-07-22T23:00:00Z","2021-07-22","-121.382","39.872","1355.6","29.63","8.5","3.05","221.2","-2.009003","-2.294865",,"2.55","False","NASA_POWER_hourly"
"2021-07-23T00:00:00Z","2021-07-23","-121.382","39.872","1355.6","28.58","9.14","2.61","221.7","-1.736251","-1.948726",,"1.88","False","NASA_POWER_hourly"
"2021-07-23T01:00:00Z","2021-07-23","-121.382","39.872","1355.6","26.59","10.31","1.91","219.7","-1.220047","-1.469553",,"1.15","False","NASA_POWER_hourly"
"2021-07-23T02:00:00Z","2021-07-23","-121.382","39.872","1355.6","22.16","13.76","1.61","210.5","-0.817137","-1.387223",,"0.44","False","NASA_POWER_hourly"
"2021-07-23T03:00:00Z","2021-07-23","-121.382","39.872","1355.6","19.31","16.1","1.81","192.4","-0.388671","-1.767777",,"0.02","False","NASA_POWER_hourly"
"2021-07-23T04:00:00Z","2021-07-23","-121.382","39.872","1355.6","18.85","16.13","1.65","173.4","0.189646","-1.639065",,"0","False","NASA_POWER_hourly"
"2021-07-23T05:00:00Z","2021-07-23","-121.382","39.872","1355.6","19.35","15.52","1.31","153.2","0.59065","-1.169287",,"0","False","NASA_POWER_hourly"
"2021-07-23T06:00:00Z","2021-07-23","-121.382","39.872","1355.6","19.62","15.14","1.06","118.7","0.929775","-0.509037",,"0","False","NASA_POWER_hourly"
"2021-07-23T07:00:00Z","2021-07-23","-121.382","39.872","1355.6","19.38","15.12","1.23","83","1.220832","0.149899",,"0","False","NASA_POWER_hourly"
"2021-07-23T08:00:00Z","2021-07-23","-121.382","39.872","1355.6","18.74","15.28","1.53","64.4","1.379804","0.661091",,"0","False","NASA_POWER_hourly"
"2021-07-23T09:00:00Z","2021-07-23","-121.382","39.872","1355.6","17.41","16.33","1.96","47.3","1.440433","1.329193",,"0","False","NASA_POWER_hourly"
"2021-07-23T10:00:00Z","2021-07-23","-121.382","39.872","1355.6","15.42","18.38","2.46","39.4","1.561437","1.900925",,"0","False","NASA_POWER_hourly"
"2021-07-23T11:00:00Z","2021-07-23","-121.382","39.872","1355.6","13.82","20.38","2.73","39.3","1.72913","2.112584",,"0","False","NASA_POWER_hourly"
"2021-07-23T12:00:00Z","2021-07-23","-121.382","39.872","1355.6","12.59","22.37","2.74","46.3","1.98093","1.893018",,"0","False","NASA_POWER_hourly"
"2021-07-23T13:00:00Z","2021-07-23","-121.382","39.872","1355.6","13.2","21.96","2.04","54.4","1.658726","1.187531",,"0.18","False","NASA_POWER_hourly"
"2021-07-23T14:00:00Z","2021-07-23","-121.382","39.872","1355.6","17.16","17.24","1.83","60.9","1.599003","0.889994",,"0.79","False","NASA_POWER_hourly"
"2021-07-23T15:00:00Z","2021-07-23","-121.382","39.872","1355.6","21.46","13.09","1.73","63.9","1.553588","0.761095",,"1.49","False","NASA_POWER_hourly"
"2021-07-23T16:00:00Z","2021-07-23","-121.382","39.872","1355.6","25.81","10.87","1.05","90","1.05","0",,"2.23","False","NASA_POWER_hourly"
"2021-07-23T17:00:00Z","2021-07-23","-121.382","39.872","1355.6","28.75","9.96","0.75","180","0","-0.75",,"2.84","False","NASA_POWER_hourly"
"2021-07-23T18:00:00Z","2021-07-23","-121.382","39.872","1355.6","32.2","8.92","1.37","221.1","-0.900604","-1.032382",,"3.37","False","NASA_POWER_hourly"
"2021-07-23T19:00:00Z","2021-07-23","-121.382","39.872","1355.6","32.83","9.42","2.1","233.5","-1.688099","-1.249128",,"3.62","False","NASA_POWER_hourly"
"2021-07-23T20:00:00Z","2021-07-23","-121.382","39.872","1355.6","32.37","9.8","2.58","240.6","-2.247732","-1.266532",,"3.64","False","NASA_POWER_hourly"
"2021-07-23T21:00:00Z","2021-07-23","-121.382","39.872","1355.6","33.16","9.38","2.97","242.5","-2.634422","-1.371393",,"3.43","False","NASA_POWER_hourly"
"2021-07-23T22:00:00Z","2021-07-23","-121.382","39.872","1355.6","31.92","10.14","3","243","-2.67302","-1.361971",,"3.03","False","NASA_POWER_hourly"
"2021-07-23T23:00:00Z","2021-07-23","-121.382","39.872","1355.6","30.47","11.17","2.71","242","-2.392788","-1.272268",,"2.49","False","NASA_POWER_hourly"
"2021-07-24T00:00:00Z","2021-07-24","-121.382","39.872","1355.6","29.12","12.32","2.03","237.2","-1.70635","-1.099668",,"1.81","False","NASA_POWER_hourly"
"2021-07-24T01:00:00Z","2021-07-24","-121.382","39.872","1355.6","26.67","14.65","1.45","231.7","-1.137926","-0.89868",,"1.08","False","NASA_POWER_hourly"
"2021-07-24T02:00:00Z","2021-07-24","-121.382","39.872","1355.6","23.96","17.78","1.42","222.7","-0.962987","-1.043579",,"0.38","False","NASA_POWER_hourly"
"2021-07-24T03:00:00Z","2021-07-24","-121.382","39.872","1355.6","22.64","18.7","1.37","199.6","-0.459569","-1.290619",,"0.02","False","NASA_POWER_hourly"
"2021-07-24T04:00:00Z","2021-07-24","-121.382","39.872","1355.6","21.3","19.42","1.65","190.8","-0.309179","-1.620774",,"0","False","NASA_POWER_hourly"
"2021-07-24T05:00:00Z","2021-07-24","-121.382","39.872","1355.6","20.53","19.27","1.66","186.6","-0.190796","-1.648999",,"0","False","NASA_POWER_hourly"
"2021-07-24T06:00:00Z","2021-07-24","-121.382","39.872","1355.6","20.6","17.99","1.27","179.5","0.011083","-1.269952",,"0","False","NASA_POWER_hourly"
"2021-07-24T07:00:00Z","2021-07-24","-121.382","39.872","1355.6","20.96","16.19","0.74","173","0.090183","-0.734484",,"0","False","NASA_POWER_hourly"
"2021-07-24T08:00:00Z","2021-07-24","-121.382","39.872","1355.6","21.71","14.65","0.06","149","0.030902","-0.05143",,"0","False","NASA_POWER_hourly"
"2021-07-24T09:00:00Z","2021-07-24","-121.382","39.872","1355.6","21.83","14.38","0.75","345.4","-0.189052","0.725782",,"0","False","NASA_POWER_hourly"
"2021-07-24T10:00:00Z","2021-07-24","-121.382","39.872","1355.6","20.73","15.49","1.49","356.5","-0.090962","1.487221",,"0","False","NASA_POWER_hourly"
"2021-07-24T11:00:00Z","2021-07-24","-121.382","39.872","1355.6","19.13","17.16","2.02","10.9","0.381973","1.983557",,"0","False","NASA_POWER_hourly"
"2021-07-24T12:00:00Z","2021-07-24","-121.382","39.872","1355.6","17.52","19.13","2.34","22.6","0.899251","2.160312",,"0","False","NASA_POWER_hourly"
"2021-07-24T13:00:00Z","2021-07-24","-121.382","39.872","1355.6","17.29","19.49","2.35","30.9","1.206822","2.016453",,"0.12","False","NASA_POWER_hourly"
"2021-07-24T14:00:00Z","2021-07-24","-121.382","39.872","1355.6","20.6","16.02","1.59","34.5","0.900586","1.310361",,"0.53","False","NASA_POWER_hourly"
"2021-07-24T15:00:00Z","2021-07-24","-121.382","39.872","1355.6","25.17","12.84","0.85","17.2","0.251352","0.811987",,"0.94","False","NASA_POWER_hourly"
"2021-07-24T16:00:00Z","2021-07-24","-121.382","39.872","1355.6","27.42","12.2","0.4","314","-0.287736","0.277863",,"1.55","False","NASA_POWER_hourly"
"2021-07-24T17:00:00Z","2021-07-24","-121.382","39.872","1355.6","29.92","10.52","0.87","256.8","-0.847014","-0.198665",,"2.05","False","NASA_POWER_hourly"
"2021-07-24T18:00:00Z","2021-07-24","-121.382","39.872","1355.6","31.94","9.34","1.45","254.8","-1.399274","-0.380174",,"2.55","False","NASA_POWER_hourly"
"2021-07-24T19:00:00Z","2021-07-24","-121.382","39.872","1355.6","32.51","8.96","1.84","255.2","-1.778955","-0.47002",,"3.13","False","NASA_POWER_hourly"
"2021-07-24T20:00:00Z","2021-07-24","-121.382","39.872","1355.6","32.32","8.85","2.14","257.1","-2.085989","-0.477755",,"2.87","False","NASA_POWER_hourly"
"2021-07-24T21:00:00Z","2021-07-24","-121.382","39.872","1355.6","33.36","8.07","2.4","258","-2.347554","-0.498988",,"2.87","False","NASA_POWER_hourly"
"2021-07-24T22:00:00Z","2021-07-24","-121.382","39.872","1355.6","32.59","8.25","2.44","257.2","-2.379364","-0.540578",,"2.67","False","NASA_POWER_hourly"
"2021-07-24T23:00:00Z","2021-07-24","-121.382","39.872","1355.6","31.26","8.71","2.32","256","-2.251086","-0.561259",,"2.2","False","NASA_POWER_hourly"
"2021-07-25T00:00:00Z","2021-07-25","-121.382","39.872","1355.6","29.45","9.5","1.78","254.3","-1.713591","-0.481669",,"1.52","False","NASA_POWER_hourly"
"2021-07-25T01:00:00Z","2021-07-25","-121.382","39.872","1355.6","25.96","12.02","1.41","253.9","-1.354699","-0.391014",,"0.84","False","NASA_POWER_hourly"
"2021-07-25T02:00:00Z","2021-07-25","-121.382","39.872","1355.6","23.94","13.56","1.48","254.4","-1.425481","-0.398001",,"0.29","False","NASA_POWER_hourly"
"2021-07-25T03:00:00Z","2021-07-25","-121.382","39.872","1355.6","23.26","13.64","1.15","240.8","-1.00386","-0.561039",,"0.01","False","NASA_POWER_hourly"
"2021-07-25T04:00:00Z","2021-07-25","-121.382","39.872","1355.6","22.42","13.8","1.09","216.8","-0.652936","-0.872797",,"0","False","NASA_POWER_hourly"
"2021-07-25T05:00:00Z","2021-07-25","-121.382","39.872","1355.6","21.33","14.37","1.21","202.8","-0.468894","-1.115454",,"0","False","NASA_POWER_hourly"
"2021-07-25T06:00:00Z","2021-07-25","-121.382","39.872","1355.6","20.46","14.93","1.13","195.4","-0.300078","-1.089428",,"0","False","NASA_POWER_hourly"
"2021-07-25T07:00:00Z","2021-07-25","-121.382","39.872","1355.6","19.83","15.46","0.81","181.4","-0.01979","-0.809758",,"0","False","NASA_POWER_hourly"
"2021-07-25T08:00:00Z","2021-07-25","-121.382","39.872","1355.6","19.39","16.01","0.52","171.1","0.080449","-0.513739",,"0","False","NASA_POWER_hourly"
"2021-07-25T09:00:00Z","2021-07-25","-121.382","39.872","1355.6","19.5","16.82","0.43","170.5","0.07097","-0.424103",,"0","False","NASA_POWER_hourly"
"2021-07-25T10:00:00Z","2021-07-25","-121.382","39.872","1355.6","19.99","17.38","0.6","185.7","-0.059592","-0.597033",,"0","False","NASA_POWER_hourly"
"2021-07-25T11:00:00Z","2021-07-25","-121.382","39.872","1355.6","20.32","17.61","0.67","205.8","-0.291605","-0.603214",,"0","False","NASA_POWER_hourly"
"2021-07-25T12:00:00Z","2021-07-25","-121.382","39.872","1355.6","21","17.22","0.35","230.8","-0.271231","-0.22121",,"0","False","NASA_POWER_hourly"
"2021-07-25T13:00:00Z","2021-07-25","-121.382","39.872","1355.6","21.71","16.97","0.31","329.4","-0.157803","0.26683",,"0.1","False","NASA_POWER_hourly"
"2021-07-25T14:00:00Z","2021-07-25","-121.382","39.872","1355.6","23.27","16.07","0.42","326.7","-0.23059","0.351039",,"0.51","False","NASA_POWER_hourly"
"2021-07-25T15:00:00Z","2021-07-25","-121.382","39.872","1355.6","26.14","14.89","0.63","291.3","-0.586965","0.228848",,"0.93","False","NASA_POWER_hourly"
"2021-07-25T16:00:00Z","2021-07-25","-121.382","39.872","1355.6","28.95","11.73","1.2","281","-1.177953","0.228971",,"1.65","False","NASA_POWER_hourly"
"2021-07-25T17:00:00Z","2021-07-25","-121.382","39.872","1355.6","30.8","10.67","1.58","268.6","-1.579528","-0.038603",,"2.42","False","NASA_POWER_hourly"
"2021-07-25T18:00:00Z","2021-07-25","-121.382","39.872","1355.6","32.42","9.84","1.96","254","-1.884073","-0.540249",,"2.93","False","NASA_POWER_hourly"
"2021-07-25T19:00:00Z","2021-07-25","-121.382","39.872","1355.6","33.04","9.5","2.47","245.6","-2.249389","-1.020368",,"3.25","False","NASA_POWER_hourly"
"2021-07-25T20:00:00Z","2021-07-25","-121.382","39.872","1355.6","33.08","9.5","2.77","244.4","-2.498076","-1.196878",,"3.03","False","NASA_POWER_hourly"
"2021-07-25T21:00:00Z","2021-07-25","-121.382","39.872","1355.6","33.45","9.49","2.84","244.5","-2.563342","-1.222652",,"2.82","False","NASA_POWER_hourly"
"2021-07-25T22:00:00Z","2021-07-25","-121.382","39.872","1355.6","32.76","10.25","2.66","245.6","-2.422419","-1.098858",,"2.51","False","NASA_POWER_hourly"
"2021-07-25T23:00:00Z","2021-07-25","-121.382","39.872","1355.6","31.94","11.08","2.45","247.4","-2.261865","-0.941524",,"1.91","False","NASA_POWER_hourly"
"2021-07-26T00:00:00Z","2021-07-26","-121.382","39.872","1355.6","31.01","11.81","2.11","248.9","-1.968532","-0.759593",,"1.29","False","NASA_POWER_hourly"
"2021-07-26T01:00:00Z","2021-07-26","-121.382","39.872","1355.6","29.31","13.01","1.41","245.6","-1.284064","-0.582477",,"0.71","False","NASA_POWER_hourly"
"2021-07-26T02:00:00Z","2021-07-26","-121.382","39.872","1355.6","25.21","16.94","1.45","230","-1.110764","-0.932042",,"0.23","False","NASA_POWER_hourly"
"2021-07-26T03:00:00Z","2021-07-26","-121.382","39.872","1355.6","22.6","18.77","1.66","208.1","-0.78188","-1.464331",,"0.01","False","NASA_POWER_hourly"
"2021-07-26T04:00:00Z","2021-07-26","-121.382","39.872","1355.6","21.66","18.4","1.73","188.3","-0.249736","-1.71188",,"0","False","NASA_POWER_hourly"
"2021-07-26T05:00:00Z","2021-07-26","-121.382","39.872","1355.6","21.09","17.73","2.07","166.9","0.469168","-2.01613",,"0","False","NASA_POWER_hourly"
"2021-07-26T06:00:00Z","2021-07-26","-121.382","39.872","1355.6","19.51","18.57","1.62","160.1","0.551415","-1.523267",,"0","False","NASA_POWER_hourly"
"2021-07-26T07:00:00Z","2021-07-26","-121.382","39.872","1355.6","19.49","17.6","1.25","162.3","0.380041","-1.190827",,"0","False","NASA_POWER_hourly"
"2021-07-26T08:00:00Z","2021-07-26","-121.382","39.872","1355.6","20.12","16.09","1.36","159.8","0.469606","-1.276351",,"0","False","NASA_POWER_hourly"
"2021-07-26T09:00:00Z","2021-07-26","-121.382","39.872","1355.6","21.58","14","1.25","168.4","0.251347","-1.224469",,"0","False","NASA_POWER_hourly"
"2021-07-26T10:00:00Z","2021-07-26","-121.382","39.872","1355.6","22.7","12.87","0.69","194.2","-0.169262","-0.668917",,"0","False","NASA_POWER_hourly"
"2021-07-26T11:00:00Z","2021-07-26","-121.382","39.872","1355.6","22.67","12.69","0.5","264.3","-0.497528","-0.04966",,"0","False","NASA_POWER_hourly"
"2021-07-26T12:00:00Z","2021-07-26","-121.382","39.872","1355.6","21.64","13.62","0.97","298.4","-0.853259","0.461355",,"0","False","NASA_POWER_hourly"
"2021-07-26T13:00:00Z","2021-07-26","-121.382","39.872","1355.6","20.72","14.81","1.05","286","-1.009325","0.289419",,"0.09","False","NASA_POWER_hourly"
"2021-07-26T14:00:00Z","2021-07-26","-121.382","39.872","1355.6","21.37","15.07","0.76","246.8","-0.698543","-0.299396",,"0.53","False","NASA_POWER_hourly"
"2021-07-26T15:00:00Z","2021-07-26","-121.382","39.872","1355.6","23.82","13.37","1.12","197.1","-0.329325","-1.070488",,"1.09","False","NASA_POWER_hourly"
"2021-07-26T16:00:00Z","2021-07-26","-121.382","39.872","1355.6","25.31","11.07","1.2","196","-0.330765","-1.153514",,"1.71","False","NASA_POWER_hourly"
"2021-07-26T17:00:00Z","2021-07-26","-121.382","39.872","1355.6","26.98","9.44","2.1","193.5","-0.490235","-2.041977",,"2.19","False","NASA_POWER_hourly"
"2021-07-26T18:00:00Z","2021-07-26","-121.382","39.872","1355.6","28.6","9.2","2.95","183.1","-0.159532","-2.945683",,"2.47","False","NASA_POWER_hourly"
"2021-07-26T19:00:00Z","2021-07-26","-121.382","39.872","1355.6","28.99","11.59","2.29","178","0.07992","-2.288605",,"2.42","False","NASA_POWER_hourly"
"2021-07-26T20:00:00Z","2021-07-26","-121.382","39.872","1355.6","29.13","13.82","0.95","213.4","-0.522957","-0.793105",,"1.69","False","NASA_POWER_hourly"
"2021-07-26T21:00:00Z","2021-07-26","-121.382","39.872","1355.6","30.48","14.01","1.43","245.6","-1.302278","-0.590739",,"1.68","False","NASA_POWER_hourly"
"2021-07-26T22:00:00Z","2021-07-26","-121.382","39.872","1355.6","30.91","13.95","2.06","226.8","-1.501675","-1.410167",,"1.76","False","NASA_POWER_hourly"
"2021-07-26T23:00:00Z","2021-07-26","-121.382","39.872","1355.6","30.11","13.82","2.47","221.2","-1.626963","-1.858465",,"1.51","False","NASA_POWER_hourly"
"2021-07-27T00:00:00Z","2021-07-27","-121.382","39.872","1355.6","28.49","14.15","2.44","219.2","-1.542151","-1.890865",,"1.2","False","NASA_POWER_hourly"
"2021-07-27T01:00:00Z","2021-07-27","-121.382","39.872","1355.6","26.17","15.68","2.18","209.2","-1.063534","-1.90297",,"0.66","False","NASA_POWER_hourly"
"2021-07-27T02:00:00Z","2021-07-27","-121.382","39.872","1355.6","23.49","18.61","1.81","195.7","-0.489787","-1.742472",,"0.21","False","NASA_POWER_hourly"
"2021-07-27T03:00:00Z","2021-07-27","-121.382","39.872","1355.6","20.98","21.69","1.86","183.4","-0.11031","-1.856726",,"0","False","NASA_POWER_hourly"
"2021-07-27T04:00:00Z","2021-07-27","-121.382","39.872","1355.6","19.71","23","2.21","169","0.421688","-2.169396",,"0","False","NASA_POWER_hourly"
"2021-07-27T05:00:00Z","2021-07-27","-121.382","39.872","1355.6","18.91","23.62","2.14","162.1","0.657743","-2.036412",,"0","False","NASA_POWER_hourly"
"2021-07-27T06:00:00Z","2021-07-27","-121.382","39.872","1355.6","18.74","22.97","1.85","162.1","0.56861","-1.76045",,"0","False","NASA_POWER_hourly"
"2021-07-27T07:00:00Z","2021-07-27","-121.382","39.872","1355.6","17.93","22.68","1.4","165.1","0.359986","-1.352927",,"0","False","NASA_POWER_hourly"
"2021-07-27T08:00:00Z","2021-07-27","-121.382","39.872","1355.6","17.35","21.55","1.22","166.2","0.291011","-1.184784",,"0","False","NASA_POWER_hourly"
"2021-07-27T09:00:00Z","2021-07-27","-121.382","39.872","1355.6","17.22","19.46","1.44","162.6","0.430619","-1.374106",,"0","False","NASA_POWER_hourly"
"2021-07-27T10:00:00Z","2021-07-27","-121.382","39.872","1355.6","17.79","17.41","1.59","155.5","0.659362","-1.446838",,"0","False","NASA_POWER_hourly"
"2021-07-27T11:00:00Z","2021-07-27","-121.382","39.872","1355.6","18.6","16.29","1.11","157.1","0.431928","-1.022516",,"0","False","NASA_POWER_hourly"
"2021-07-27T12:00:00Z","2021-07-27","-121.382","39.872","1355.6","18.94","17.16","0.66","180","0","-0.66",,"0","False","NASA_POWER_hourly"
"2021-07-27T13:00:00Z","2021-07-27","-121.382","39.872","1355.6","19.48","18.44","0.4","202.1","-0.15049","-0.370611",,"0.02","False","NASA_POWER_hourly"
"2021-07-27T14:00:00Z","2021-07-27","-121.382","39.872","1355.6","19.95","19.77","0.52","175.6","0.039894","-0.518467",,"0.08","False","NASA_POWER_hourly"
"2021-07-27T15:00:00Z","2021-07-27","-121.382","39.872","1355.6","21.35","19.19","0.48","178.8","0.010052","-0.479895",,"0.22","False","NASA_POWER_hourly"
"2021-07-27T16:00:00Z","2021-07-27","-121.382","39.872","1355.6","23.06","20.06","0.92","222.4","-0.620358","-0.679379",,"0.48","False","NASA_POWER_hourly"
"2021-07-27T17:00:00Z","2021-07-27","-121.382","39.872","1355.6","24.28","22.26","1.47","239.4","-1.265291","-0.748291",,"0.74","False","NASA_POWER_hourly"
"2021-07-27T18:00:00Z","2021-07-27","-121.382","39.872","1355.6","25.63","22.7","1.88","244.1","-1.691169","-0.821187",,"0.63","False","NASA_POWER_hourly"
"2021-07-27T19:00:00Z","2021-07-27","-121.382","39.872","1355.6","26.92","22.01","2.11","245.6","-1.921543","-0.87165",,"1.4","False","NASA_POWER_hourly"
"2021-07-27T20:00:00Z","2021-07-27","-121.382","39.872","1355.6","28.15","21.27","2.31","248.1","-2.143302","-0.861602",,"1.87","False","NASA_POWER_hourly"
"2021-07-27T21:00:00Z","2021-07-27","-121.382","39.872","1355.6","29.29","21.02","2.47","249.7","-2.316586","-0.856931",,"1.96","False","NASA_POWER_hourly"
"2021-07-27T22:00:00Z","2021-07-27","-121.382","39.872","1355.6","29.09","22.29","2.61","250.3","-2.457238","-0.879819",,"2.24","False","NASA_POWER_hourly"
"2021-07-27T23:00:00Z","2021-07-27","-121.382","39.872","1355.6","28.33","23.76","2.68","252.4","-2.554551","-0.810351",,"2","False","NASA_POWER_hourly"
"2021-07-28T00:00:00Z","2021-07-28","-121.382","39.872","1355.6","27.17","25.47","2.58","257","-2.513875","-0.580374",,"1.58","False","NASA_POWER_hourly"
"2021-07-28T01:00:00Z","2021-07-28","-121.382","39.872","1355.6","25.6","27.95","2.19","266.6","-2.186145","-0.129881",,"0.95","False","NASA_POWER_hourly"
"2021-07-28T02:00:00Z","2021-07-28","-121.382","39.872","1355.6","22.41","34.12","1.33","287.9","-1.265621","0.408784",,"0.36","False","NASA_POWER_hourly"
"2021-07-28T03:00:00Z","2021-07-28","-121.382","39.872","1355.6","18.39","44.67","1.62","330.4","-0.800186","1.408582",,"0","False","NASA_POWER_hourly"
"2021-07-28T04:00:00Z","2021-07-28","-121.382","39.872","1355.6","16.83","50.47","1.63","10.3","0.291448","1.603733",,"0","False","NASA_POWER_hourly"
"2021-07-28T05:00:00Z","2021-07-28","-121.382","39.872","1355.6","15.97","54.32","1.69","33.9","0.942589","1.402721",,"0","False","NASA_POWER_hourly"
"2021-07-28T06:00:00Z","2021-07-28","-121.382","39.872","1355.6","15.41","57.09","1.85","45","1.308148","1.308148",,"0","False","NASA_POWER_hourly"
"2021-07-28T07:00:00Z","2021-07-28","-121.382","39.872","1355.6","14.96","59.34","1.94","49.6","1.477384","1.257353",,"0","False","NASA_POWER_hourly"
"2021-07-28T08:00:00Z","2021-07-28","-121.382","39.872","1355.6","14.44","61.45","2.04","52.2","1.611916","1.25033",,"0","False","NASA_POWER_hourly"
"2021-07-28T09:00:00Z","2021-07-28","-121.382","39.872","1355.6","14.23","61","2","55.2","1.642298","1.141427",,"0","False","NASA_POWER_hourly"
"2021-07-28T10:00:00Z","2021-07-28","-121.382","39.872","1355.6","14.12","58.76","1.97","57.4","1.659631","1.061378",,"0","False","NASA_POWER_hourly"
"2021-07-28T11:00:00Z","2021-07-28","-121.382","39.872","1355.6","13.94","56.75","1.99","59.2","1.70933","1.018965",,"0","False","NASA_POWER_hourly"
"2021-07-28T12:00:00Z","2021-07-28","-121.382","39.872","1355.6","13.97","54.99","1.99","60.2","1.726853","0.988978",,"0","False","NASA_POWER_hourly"
"2021-07-28T13:00:00Z","2021-07-28","-121.382","39.872","1355.6","15.37","49.37","1.87","58.8","1.599531","0.968711",,"0.13","False","NASA_POWER_hourly"
"2021-07-28T14:00:00Z","2021-07-28","-121.382","39.872","1355.6","20.97","34.12","1.55","61.4","1.360874","0.741972",,"0.67","False","NASA_POWER_hourly"
"2021-07-28T15:00:00Z","2021-07-28","-121.382","39.872","1355.6","26.24","20.65","0.31","82.7","0.307487","0.03939",,"1.33","False","NASA_POWER_hourly"
"2021-07-28T16:00:00Z","2021-07-28","-121.382","39.872","1355.6","29.94","13.06","1.19","214.8","-0.679149","-0.977168",,"2.06","False","NASA_POWER_hourly"
"2021-07-28T17:00:00Z","2021-07-28","-121.382","39.872","1355.6","31.67","12.13","2.02","222.6","-1.367289","-1.486916",,"2.58","False","NASA_POWER_hourly"
"2021-07-28T18:00:00Z","2021-07-28","-121.382","39.872","1355.6","32.94","11.65","2.63","229.2","-1.990897","-1.718496",,"2.84","False","NASA_POWER_hourly"
"2021-07-28T19:00:00Z","2021-07-28","-121.382","39.872","1355.6","33.73","11.52","3.13","235.1","-2.567075","-1.790817",,"3.22","False","NASA_POWER_hourly"
"2021-07-28T20:00:00Z","2021-07-28","-121.382","39.872","1355.6","34.07","11.61","3.44","240.8","-3.002852","-1.678237",,"3.16","False","NASA_POWER_hourly"
"2021-07-28T21:00:00Z","2021-07-28","-121.382","39.872","1355.6","34.05","11.69","3.58","245.9","-3.267946","-1.461823",,"3.15","False","NASA_POWER_hourly"
"2021-07-28T22:00:00Z","2021-07-28","-121.382","39.872","1355.6","33.25","12.12","3.51","250.9","-3.316771","-1.148535",,"2.8","False","NASA_POWER_hourly"
"2021-07-28T23:00:00Z","2021-07-28","-121.382","39.872","1355.6","32.04","12.85","3.21","255.9","-3.113289","-0.782004",,"2.34","False","NASA_POWER_hourly"
"2021-07-29T00:00:00Z","2021-07-29","-121.382","39.872","1355.6","30.86","13.68","2.68","262.3","-2.655835","-0.359083",,"1.7","False","NASA_POWER_hourly"
"2021-07-29T01:00:00Z","2021-07-29","-121.382","39.872","1355.6","29.33","14.9","1.94","271.5","-1.939335","0.050783",,"0.98","False","NASA_POWER_hourly"
"2021-07-29T02:00:00Z","2021-07-29","-121.382","39.872","1355.6","26.15","18.19","1.21","288.3","-1.148805","0.379931",,"0.35","False","NASA_POWER_hourly"
"2021-07-29T03:00:00Z","2021-07-29","-121.382","39.872","1355.6","24.02","20.28","1.34","314.1","-0.962289","0.932523",,"0","False","NASA_POWER_hourly"
"2021-07-29T04:00:00Z","2021-07-29","-121.382","39.872","1355.6","23.49","20.56","1.21","334.1","-0.52853","1.088465",,"0","False","NASA_POWER_hourly"
"2021-07-29T05:00:00Z","2021-07-29","-121.382","39.872","1355.6","23.19","20.64","1.01","344.4","-0.271609","0.972794",,"0","False","NASA_POWER_hourly"
"2021-07-29T06:00:00Z","2021-07-29","-121.382","39.872","1355.6","22.54","21.32","0.78","353.3","-0.091003","0.774673",,"0","False","NASA_POWER_hourly"
"2021-07-29T07:00:00Z","2021-07-29","-121.382","39.872","1355.6","21.59","22.36","0.54","0","0","0.54",,"0","False","NASA_POWER_hourly"
"2021-07-29T08:00:00Z","2021-07-29","-121.382","39.872","1355.6","20.74","23.45","0.4","29.7","0.198183","0.347453",,"0","False","NASA_POWER_hourly"
"2021-07-29T09:00:00Z","2021-07-29","-121.382","39.872","1355.6","20.18","24.38","0.66","65","0.598163","0.278928",,"0","False","NASA_POWER_hourly"
"2021-07-29T10:00:00Z","2021-07-29","-121.382","39.872","1355.6","20.11","24.66","0.9","61.4","0.790185","0.430823",,"0","False","NASA_POWER_hourly"
"2021-07-29T11:00:00Z","2021-07-29","-121.382","39.872","1355.6","20.39","24.35","1.03","43.8","0.712907","0.743413",,"0","False","NASA_POWER_hourly"
"2021-07-29T12:00:00Z","2021-07-29","-121.382","39.872","1355.6","20.35","24.47","1.23","24.1","0.502246","1.122786",,"0","False","NASA_POWER_hourly"
"2021-07-29T13:00:00Z","2021-07-29","-121.382","39.872","1355.6","20.32","24.46","1.41","13.9","0.338722","1.36871",,"0.11","False","NASA_POWER_hourly"
"2021-07-29T14:00:00Z","2021-07-29","-121.382","39.872","1355.6","22.1","22.08","1.32","3","0.069083","1.318191",,"0.58","False","NASA_POWER_hourly"
"2021-07-29T15:00:00Z","2021-07-29","-121.382","39.872","1355.6","26","17.81","0.98","337.1","-0.381341","0.902762",,"1.16","False","NASA_POWER_hourly"
"2021-07-29T16:00:00Z","2021-07-29","-121.382","39.872","1355.6","29.26","15.23","1.15","298.1","-1.014446","0.541664",,"1.92","False","NASA_POWER_hourly"
"2021-07-29T17:00:00Z","2021-07-29","-121.382","39.872","1355.6","31.38","13.78","1.48","268.5","-1.479493","-0.038742",,"2.48","False","NASA_POWER_hourly"
"2021-07-29T18:00:00Z","2021-07-29","-121.382","39.872","1355.6","32.71","13","1.92","253.4","-1.839979","-0.548522",,"2.79","False","NASA_POWER_hourly"
"2021-07-29T19:00:00Z","2021-07-29","-121.382","39.872","1355.6","33.21","12.72","2.33","248.4","-2.166379","-0.85773",,"3.02","False","NASA_POWER_hourly"
"2021-07-29T20:00:00Z","2021-07-29","-121.382","39.872","1355.6","33.03","12.87","2.69","247.7","-2.488814","-1.020737",,"3.06","False","NASA_POWER_hourly"
"2021-07-29T21:00:00Z","2021-07-29","-121.382","39.872","1355.6","33.78","12.49","2.95","248.9","-2.752213","-1.061991",,"3.09","False","NASA_POWER_hourly"
"2021-07-29T22:00:00Z","2021-07-29","-121.382","39.872","1355.6","33.1","13.25","2.92","250.8","-2.757579","-0.960291",,"2.72","False","NASA_POWER_hourly"
"2021-07-29T23:00:00Z","2021-07-29","-121.382","39.872","1355.6","31.95","14.6","2.72","254.4","-2.619802","-0.731462",,"2.3","False","NASA_POWER_hourly"
"2021-07-30T00:00:00Z","2021-07-30","-121.382","39.872","1355.6","30.64","16.36","2.27","258","-2.220395","-0.47196",,"1.56","False","NASA_POWER_hourly"
"2021-07-30T01:00:00Z","2021-07-30","-121.382","39.872","1355.6","28.7","18.96","1.35","254.1","-1.298351","-0.369845",,"0.87","False","NASA_POWER_hourly"
"2021-07-30T02:00:00Z","2021-07-30","-121.382","39.872","1355.6","26.05","22.48","1.14","250","-1.07125","-0.389903",,"0.28","False","NASA_POWER_hourly"
"2021-07-30T03:00:00Z","2021-07-30","-121.382","39.872","1355.6","25.15","23.46","0.83","272.1","-0.829443","0.030414",,"0","False","NASA_POWER_hourly"
"2021-07-30T04:00:00Z","2021-07-30","-121.382","39.872","1355.6","25.03","23.24","0.71","288.2","-0.67448","0.221758",,"0","False","NASA_POWER_hourly"
"2021-07-30T05:00:00Z","2021-07-30","-121.382","39.872","1355.6","24.85","23.1","0.86","270.7","-0.859936","0.010507",,"0","False","NASA_POWER_hourly"
"2021-07-30T06:00:00Z","2021-07-30","-121.382","39.872","1355.6","24.17","23.54","0.94","255.2","-0.908814","-0.240119",,"0","False","NASA_POWER_hourly"
"2021-07-30T07:00:00Z","2021-07-30","-121.382","39.872","1355.6","22.98","24.65","0.89","234.2","-0.721847","-0.520612",,"0","False","NASA_POWER_hourly"
"2021-07-30T08:00:00Z","2021-07-30","-121.382","39.872","1355.6","22.04","25.78","0.77","206.2","-0.33996","-0.690889",,"0","False","NASA_POWER_hourly"
"2021-07-30T09:00:00Z","2021-07-30","-121.382","39.872","1355.6","21.36","26.55","0.82","177.9","0.030048","-0.819449",,"0","False","NASA_POWER_hourly"
"2021-07-30T10:00:00Z","2021-07-30","-121.382","39.872","1355.6","21.41","25.76","0.71","186.4","-0.079143","-0.705575",,"0","False","NASA_POWER_hourly"
"2021-07-30T11:00:00Z","2021-07-30","-121.382","39.872","1355.6","22.16","23.61","0.61","227.7","-0.451175","-0.410538",,"0","False","NASA_POWER_hourly"
"2021-07-30T12:00:00Z","2021-07-30","-121.382","39.872","1355.6","22.69","22.15","0.79","266.4","-0.788441","-0.049605",,"0","False","NASA_POWER_hourly"
"2021-07-30T13:00:00Z","2021-07-30","-121.382","39.872","1355.6","23.15","21","0.95","284","-0.921781","0.229826",,"0.11","False","NASA_POWER_hourly"
"2021-07-30T14:00:00Z","2021-07-30","-121.382","39.872","1355.6","24.33","20.8","0.22","277.8","-0.217965","0.029857",,"0.59","False","NASA_POWER_hourly"
"2021-07-30T15:00:00Z","2021-07-30","-121.382","39.872","1355.6","25.85","19.88","0.73","128.3","0.572887","-0.452439",,"1.21","False","NASA_POWER_hourly"
"2021-07-30T16:00:00Z","2021-07-30","-121.382","39.872","1355.6","27.3","19.41","0.88","137.3","0.596781","-0.646725",,"1.83","False","NASA_POWER_hourly"
"2021-07-30T17:00:00Z","2021-07-30","-121.382","39.872","1355.6","28.55","22.21","0.55","124","0.455971","-0.307556",,"2.25","False","NASA_POWER_hourly"
"2021-07-30T18:00:00Z","2021-07-30","-121.382","39.872","1355.6","28.67","26.99","0.84","66.8","0.772074","0.330911",,"2.46","False","NASA_POWER_hourly"
"2021-07-30T19:00:00Z","2021-07-30","-121.382","39.872","1355.6","28.18","31.42","1.56","42.9","1.061925","1.142767",,"2.96","False","NASA_POWER_hourly"
"2021-07-30T20:00:00Z","2021-07-30","-121.382","39.872","1355.6","28.28","33.42","2.2","22.1","0.827693","2.038363",,"2.67","False","NASA_POWER_hourly"
"2021-07-30T21:00:00Z","2021-07-30","-121.382","39.872","1355.6","29.15","32.23","2.28","11.4","0.450659","2.235018",,"2.51","False","NASA_POWER_hourly"
"2021-07-30T22:00:00Z","2021-07-30","-121.382","39.872","1355.6","30.61","28.61","1.52","1.1","0.02918","1.51972",,"2.26","False","NASA_POWER_hourly"
"2021-07-30T23:00:00Z","2021-07-30","-121.382","39.872","1355.6","31.47","25.74","0.72","306.6","-0.578029","0.429282",,"2.14","False","NASA_POWER_hourly"
"2021-07-31T00:00:00Z","2021-07-31","-121.382","39.872","1355.6","31.22","24.59","1.03","253.1","-0.985518","-0.299423",,"1.51","False","NASA_POWER_hourly"
"2021-07-31T01:00:00Z","2021-07-31","-121.382","39.872","1355.6","29.79","25.54","1.07","250.4","-1.008001","-0.358933",,"0.87","False","NASA_POWER_hourly"
"2021-07-31T02:00:00Z","2021-07-31","-121.382","39.872","1355.6","26.47","30.08","1.27","262.3","-1.258549","-0.170162",,"0.28","False","NASA_POWER_hourly"
"2021-07-31T03:00:00Z","2021-07-31","-121.382","39.872","1355.6","25.34","30.89","1.03","265","-1.026081","-0.08977",,"0","False","NASA_POWER_hourly"
"2021-07-31T04:00:00Z","2021-07-31","-121.382","39.872","1355.6","24.83","30","0.54","200.4","-0.188229","-0.506132",,"0","False","NASA_POWER_hourly"
"2021-07-31T05:00:00Z","2021-07-31","-121.382","39.872","1355.6","23.47","30.01","0.86","153.1","0.389094","-0.766946",,"0","False","NASA_POWER_hourly"
"2021-07-31T06:00:00Z","2021-07-31","-121.382","39.872","1355.6","23.24","27.82","1.31","150.7","0.641091","-1.142411",,"0","False","NASA_POWER_hourly"
"2021-07-31T07:00:00Z","2021-07-31","-121.382","39.872","1355.6","22.26","26.55","1.71","147.1","0.928828","-1.43575",,"0","False","NASA_POWER_hourly"
"2021-07-31T08:00:00Z","2021-07-31","-121.382","39.872","1355.6","21.12","26.36","0.94","140.2","0.601703","-0.722187",,"0","False","NASA_POWER_hourly"
"2021-07-31T09:00:00Z","2021-07-31","-121.382","39.872","1355.6","19.85","27.66","0.7","124.6","0.576195","-0.397491",,"0","False","NASA_POWER_hourly"
"2021-07-31T10:00:00Z","2021-07-31","-121.382","39.872","1355.6","19.9","27.56","0.78","104","0.756831","-0.188699",,"0","False","NASA_POWER_hourly"
"2021-07-31T11:00:00Z","2021-07-31","-121.382","39.872","1355.6","20.52","26.41","0.98","112.9","0.902762","-0.381341",,"0","False","NASA_POWER_hourly"
"2021-07-31T12:00:00Z","2021-07-31","-121.382","39.872","1355.6","20.91","25.23","0.88","147.6","0.471528","-0.743009",,"0","False","NASA_POWER_hourly"
"2021-07-31T13:00:00Z","2021-07-31","-121.382","39.872","1355.6","21.1","24.56","0.79","172","0.109947","-0.782312",,"0.12","False","NASA_POWER_hourly"
"2021-07-31T14:00:00Z","2021-07-31","-121.382","39.872","1355.6","22.92","23.34","0.55","182.1","-0.020154","-0.549631",,"0.72","False","NASA_POWER_hourly"
"2021-07-31T15:00:00Z","2021-07-31","-121.382","39.872","1355.6","25.13","18.32","0.78","178.5","0.020418","-0.779733",,"1.46","False","NASA_POWER_hourly"
"2021-07-31T16:00:00Z","2021-07-31","-121.382","39.872","1355.6","28.52","14.3","1.47","216.4","-0.872326","-1.183194",,"2.2","False","NASA_POWER_hourly"
"2021-07-31T17:00:00Z","2021-07-31","-121.382","39.872","1355.6","31.25","14.42","2.11","230.6","-1.630468","-1.339281",,"2.77","False","NASA_POWER_hourly"
"2021-07-31T18:00:00Z","2021-07-31","-121.382","39.872","1355.6","32.44","14.56","2.69","234.8","-2.19812","-1.550603",,"3.25","False","NASA_POWER_hourly"
"2021-07-31T19:00:00Z","2021-07-31","-121.382","39.872","1355.6","32.89","14.16","3.1","234.3","-2.517459","-1.808978",,"3.5","False","NASA_POWER_hourly"
"2021-07-31T20:00:00Z","2021-07-31","-121.382","39.872","1355.6","33.05","13.76","3.4","231.8","-2.671913","-2.102589",,"3.53","False","NASA_POWER_hourly"
"2021-07-31T21:00:00Z","2021-07-31","-121.382","39.872","1355.6","32.95","13.75","3.56","230.8","-2.758802","-2.250024",,"3.38","False","NASA_POWER_hourly"
"2021-07-31T22:00:00Z","2021-07-31","-121.382","39.872","1355.6","32.39","14.25","3.53","230.2","-2.712041","-2.259587",,"2.93","False","NASA_POWER_hourly"
"2021-07-31T23:00:00Z","2021-07-31","-121.382","39.872","1355.6","31.64","14.93","3.36","227.3","-2.469313","-2.278616",,"2.34","False","NASA_POWER_hourly"
"2021-08-01T00:00:00Z","2021-08-01","-121.382","39.872","1355.6","30.64","15.49","3.12","222.5","-2.107841","-2.300305",,"1.45","False","NASA_POWER_hourly"
"2021-08-01T01:00:00Z","2021-08-01","-121.382","39.872","1355.6","29.1","16.34","2.73","218.5","-1.699465","-2.13652",,"0.83","False","NASA_POWER_hourly"
"2021-08-01T02:00:00Z","2021-08-01","-121.382","39.872","1355.6","26.15","18.72","1.71","214.1","-0.958693","-1.415983",,"0.27","False","NASA_POWER_hourly"
"2021-08-01T03:00:00Z","2021-08-01","-121.382","39.872","1355.6","21.69","23.79","1.55","207.2","-0.708502","-1.378595",,"0","False","NASA_POWER_hourly"
"2021-08-01T04:00:00Z","2021-08-01","-121.382","39.872","1355.6","20.95","24.24","1.53","186.4","-0.170547","-1.520465",,"0","False","NASA_POWER_hourly"
"2021-08-01T05:00:00Z","2021-08-01","-121.382","39.872","1355.6","20.03","25","1.56","173","0.190116","-1.548372",,"0","False","NASA_POWER_hourly"
"2021-08-01T06:00:00Z","2021-08-01","-121.382","39.872","1355.6","19.69","24.8","1.78","164.3","0.481669","-1.713591",,"0","False","NASA_POWER_hourly"
"2021-08-01T07:00:00Z","2021-08-01","-121.382","39.872","1355.6","19.76","23.42","1.89","162.7","0.562039","-1.804498",,"0","False","NASA_POWER_hourly"
"2021-08-01T08:00:00Z","2021-08-01","-121.382","39.872","1355.6","20.03","21.84","1.85","164","0.509929","-1.778334",,"0","False","NASA_POWER_hourly"
"2021-08-01T09:00:00Z","2021-08-01","-121.382","39.872","1355.6","20.29","20.61","1.73","164.9","0.450673","-1.670268",,"0","False","NASA_POWER_hourly"
"2021-08-01T10:00:00Z","2021-08-01","-121.382","39.872","1355.6","20.35","19.6","1.6","160.7","0.528823","-1.510082",,"0","False","NASA_POWER_hourly"
"2021-08-01T11:00:00Z","2021-08-01","-121.382","39.872","1355.6","20.65","18.39","1.42","150","0.71","-1.229756",,"0","False","NASA_POWER_hourly"
"2021-08-01T12:00:00Z","2021-08-01","-121.382","39.872","1355.6","21.08","16.96","1.31","137.8","0.879954","-0.970454",,"0","False","NASA_POWER_hourly"
"2021-08-01T13:00:00Z","2021-08-01","-121.382","39.872","1355.6","21.62","15.72","1.31","130.4","0.997615","-0.849037",,"0.11","False","NASA_POWER_hourly"
"2021-08-01T14:00:00Z","2021-08-01","-121.382","39.872","1355.6","23.38","14.56","0.99","131.7","0.739172","-0.658578",,"0.69","False","NASA_POWER_hourly"
"2021-08-01T15:00:00Z","2021-08-01","-121.382","39.872","1355.6","27.08","10.91","0.91","171.8","0.129792","-0.900696",,"1.44","False","NASA_POWER_hourly"
"2021-08-01T16:00:00Z","2021-08-01","-121.382","39.872","1355.6","29.52","10.88","1.31","203.8","-0.528644","-1.198597",,"2.14","False","NASA_POWER_hourly"
"2021-08-01T17:00:00Z","2021-08-01","-121.382","39.872","1355.6","31.12","12.15","1.73","216.1","-1.01931","-1.397822",,"2.76","False","NASA_POWER_hourly"
"2021-08-01T18:00:00Z","2021-08-01","-121.382","39.872","1355.6","32.49","12.74","2.25","224.6","-1.579844","-1.602059",,"3.21","False","NASA_POWER_hourly"
"2021-08-01T19:00:00Z","2021-08-01","-121.382","39.872","1355.6","33.13","13.03","2.87","230.4","-2.211373","-1.829407",,"3.48","False","NASA_POWER_hourly"
"2021-08-01T20:00:00Z","2021-08-01","-121.382","39.872","1355.6","33.1","13.59","3.37","232.7","-2.680746","-2.042181",,"3.52","False","NASA_POWER_hourly"
"2021-08-01T21:00:00Z","2021-08-01","-121.382","39.872","1355.6","33.41","13.71","3.72","232.6","-2.955222","-2.259438",,"3.35","False","NASA_POWER_hourly"
"2021-08-01T22:00:00Z","2021-08-01","-121.382","39.872","1355.6","32.74","14.04","3.79","231.5","-2.966085","-2.35933",,"2.99","False","NASA_POWER_hourly"
"2021-08-01T23:00:00Z","2021-08-01","-121.382","39.872","1355.6","31.75","14.13","3.65","230.7","-2.824517","-2.31184",,"2.45","False","NASA_POWER_hourly"
"2021-08-02T00:00:00Z","2021-08-02","-121.382","39.872","1355.6","30.6","14.05","3.32","228.9","-2.50183","-2.182486",,"1.79","False","NASA_POWER_hourly"
"2021-08-02T01:00:00Z","2021-08-02","-121.382","39.872","1355.6","29.05","14.18","2.8","226.2","-2.020929","-1.938001",,"1.06","False","NASA_POWER_hourly"
"2021-08-02T02:00:00Z","2021-08-02","-121.382","39.872","1355.6","25.48","16.47","1.66","224.3","-1.159369","-1.18805",,"0.37","False","NASA_POWER_hourly"
"2021-08-02T03:00:00Z","2021-08-02","-121.382","39.872","1355.6","20.61","21.03","1.92","213.1","-1.048516","-1.60842",,"0","False","NASA_POWER_hourly"
"2021-08-02T04:00:00Z","2021-08-02","-121.382","39.872","1355.6","19.71","21.1","2.03","205.7","-0.880328","-1.829186",,"0","False","NASA_POWER_hourly"
"2021-08-02T05:00:00Z","2021-08-02","-121.382","39.872","1355.6","19.28","20.42","1.87","198.7","-0.599546","-1.771283",,"0","False","NASA_POWER_hourly"
"2021-08-02T06:00:00Z","2021-08-02","-121.382","39.872","1355.6","19.83","19.07","1.35","181.7","-0.040049","-1.349406",,"0","False","NASA_POWER_hourly"
"2021-08-02T07:00:00Z","2021-08-02","-121.382","39.872","1355.6","20.54","18.07","0.99","154.2","0.430879","-0.891316",,"0","False","NASA_POWER_hourly"
"2021-08-02T08:00:00Z","2021-08-02","-121.382","39.872","1355.6","20.81","18.11","0.94","127.2","0.748738","-0.568323",,"0","False","NASA_POWER_hourly"
"2021-08-02T09:00:00Z","2021-08-02","-121.382","39.872","1355.6","20.22","19.83","1.23","109","1.162988","-0.400449",,"0","False","NASA_POWER_hourly"
"2021-08-02T10:00:00Z","2021-08-02","-121.382","39.872","1355.6","18.92","23.67","1.63","103.5","1.584963","-0.380516",,"0","False","NASA_POWER_hourly"
"2021-08-02T11:00:00Z","2021-08-02","-121.382","39.872","1355.6","17.64","29.03","1.92","105.7","1.848368","-0.519553",,"0","False","NASA_POWER_hourly"
"2021-08-02T12:00:00Z","2021-08-02","-121.382","39.872","1355.6","16.77","35.56","2.1","104.6","2.032189","-0.529346",,"0","False","NASA_POWER_hourly"
"2021-08-02T13:00:00Z","2021-08-02","-121.382","39.872","1355.6","16.82","43.22","2.08","101.4","2.038964","-0.411127",,"0.13","False","NASA_POWER_hourly"
"2021-08-02T14:00:00Z","2021-08-02","-121.382","39.872","1355.6","20.68","40.39","1.31","101.5","1.283701","-0.261172",,"0.79","False","NASA_POWER_hourly"
"2021-08-02T15:00:00Z","2021-08-02","-121.382","39.872","1355.6","25.35","34.57","1.27","136.9","0.867758","-0.927306",,"1.53","False","NASA_POWER_hourly"
"2021-08-02T16:00:00Z","2021-08-02","-121.382","39.872","1355.6","28.39","28.02","1.68","179","0.02932","-1.679744",,"2.24","False","NASA_POWER_hourly"
"2021-08-02T17:00:00Z","2021-08-02","-121.382","39.872","1355.6","30.45","19.88","2.56","198.2","-0.799577","-2.431928",,"2.84","False","NASA_POWER_hourly"
"2021-08-02T18:00:00Z","2021-08-02","-121.382","39.872","1355.6","31.76","14.3","3.29","206.7","-1.47826","-2.939192",,"3.27","False","NASA_POWER_hourly"
"2021-08-02T19:00:00Z","2021-08-02","-121.382","39.872","1355.6","32.01","11.64","3.75","211.8","-1.976084","-3.187098",,"3.54","False","NASA_POWER_hourly"
"2021-08-02T20:00:00Z","2021-08-02","-121.382","39.872","1355.6","31.8","10.48","3.88","214.5","-2.197656","-3.19761",,"3.43","False","NASA_POWER_hourly"
"2021-08-02T21:00:00Z","2021-08-02","-121.382","39.872","1355.6","32.25","9.15","3.81","214.9","-2.179876","-3.124779",,"3.24","False","NASA_POWER_hourly"
"2021-08-02T22:00:00Z","2021-08-02","-121.382","39.872","1355.6","31.31","8.67","3.48","215.5","-2.020846","-2.833122",,"2.88","False","NASA_POWER_hourly"
"2021-08-02T23:00:00Z","2021-08-02","-121.382","39.872","1355.6","29.83","8.74","2.96","215.8","-1.731475","-2.400749",,"2.29","False","NASA_POWER_hourly"
"2021-08-03T00:00:00Z","2021-08-03","-121.382","39.872","1355.6","29.06","8.75","2.4","214.5","-1.359375","-1.977903",,"1.63","False","NASA_POWER_hourly"
"2021-08-03T01:00:00Z","2021-08-03","-121.382","39.872","1355.6","27.49","9.59","1.69","212.5","-0.908036","-1.425332",,"0.93","False","NASA_POWER_hourly"
"2021-08-03T02:00:00Z","2021-08-03","-121.382","39.872","1355.6","23.55","13.17","1.45","215.4","-0.839958","-1.181935",,"0.29","False","NASA_POWER_hourly"
"2021-08-03T03:00:00Z","2021-08-03","-121.382","39.872","1355.6","22.27","14.44","1.14","206.6","-0.510445","-1.019336",,"0","False","NASA_POWER_hourly"
"2021-08-03T04:00:00Z","2021-08-03","-121.382","39.872","1355.6","22","14.79","0.76","174.7","0.070202","-0.756751",,"0","False","NASA_POWER_hourly"
"2021-08-03T05:00:00Z","2021-08-03","-121.382","39.872","1355.6","21.53","15.27","0.76","135","0.537401","-0.537401",,"0","False","NASA_POWER_hourly"
"2021-08-03T06:00:00Z","2021-08-03","-121.382","39.872","1355.6","21.31","15.42","1","102.7","0.975535","-0.219846",,"0","False","NASA_POWER_hourly"
"2021-08-03T07:00:00Z","2021-08-03","-121.382","39.872","1355.6","20.99","15.5","1.37","84.5","1.363693","0.131309",,"0","False","NASA_POWER_hourly"
"2021-08-03T08:00:00Z","2021-08-03","-121.382","39.872","1355.6","20.78","15.13","1.6","74.1","1.538786","0.438335",,"0","False","NASA_POWER_hourly"
"2021-08-03T09:00:00Z","2021-08-03","-121.382","39.872","1355.6","20.42","14.76","1.74","62.7","1.546194","0.79805",,"0","False","NASA_POWER_hourly"
"2021-08-03T10:00:00Z","2021-08-03","-121.382","39.872","1355.6","19.51","15.13","1.96","54.8","1.601604","1.129807",,"0","False","NASA_POWER_hourly"
"2021-08-03T11:00:00Z","2021-08-03","-121.382","39.872","1355.6","18.71","15.58","2.1","52.7","1.670494","1.272576",,"0","False","NASA_POWER_hourly"
"2021-08-03T12:00:00Z","2021-08-03","-121.382","39.872","1355.6","18.27","15.81","2.15","53.1","1.719322","1.290903",,"0","False","NASA_POWER_hourly"
"2021-08-03T13:00:00Z","2021-08-03","-121.382","39.872","1355.6","19.05","15","1.92","56.9","1.60842","1.048516",,"0.11","False","NASA_POWER_hourly"
"2021-08-03T14:00:00Z","2021-08-03","-121.382","39.872","1355.6","21.27","13.52","1.46","67.5","1.348864","0.558718",,"0.69","False","NASA_POWER_hourly"
"2021-08-03T15:00:00Z","2021-08-03","-121.382","39.872","1355.6","25.52","11.45","0.38","76.3","0.369189","0.089998",,"1.42","False","NASA_POWER_hourly"
"2021-08-03T16:00:00Z","2021-08-03","-121.382","39.872","1355.6","29.06","7.78","0.96","232.2","-0.758549","-0.588391",,"2.18","False","NASA_POWER_hourly"
"2021-08-03T17:00:00Z","2021-08-03","-121.382","39.872","1355.6","30.99","7.46","1.7","228.8","-1.279105","-1.119772",,"2.81","False","NASA_POWER_hourly"
"2021-08-03T18:00:00Z","2021-08-03","-121.382","39.872","1355.6","33.06","7.9","2.53","229.8","-1.932404","-1.633008",,"3.25","False","NASA_POWER_hourly"
"2021-08-03T19:00:00Z","2021-08-03","-121.382","39.872","1355.6","33.66","8.62","3.2","230.3","-2.462079","-2.044057",,"3.5","False","NASA_POWER_hourly"
"2021-08-03T20:00:00Z","2021-08-03","-121.382","39.872","1355.6","33.63","9.03","3.53","230.2","-2.712041","-2.259587",,"3.53","False","NASA_POWER_hourly"
"2021-08-03T21:00:00Z","2021-08-03","-121.382","39.872","1355.6","34.19","8.86","3.63","227.9","-2.693372","-2.433649",,"3.36","False","NASA_POWER_hourly"
"2021-08-03T22:00:00Z","2021-08-03","-121.382","39.872","1355.6","33.61","8.61","3.39","225.5","-2.417919","-2.376082",,"2.97","False","NASA_POWER_hourly"
"2021-08-03T23:00:00Z","2021-08-03","-121.382","39.872","1355.6","32.88","7.91","3","223.9","-2.080205","-2.161653",,"2.42","False","NASA_POWER_hourly"
"2021-08-04T00:00:00Z","2021-08-04","-121.382","39.872","1355.6","31.83","7.39","2.51","221.8","-1.672997","-1.871145",,"1.75","False","NASA_POWER_hourly"
"2021-08-04T01:00:00Z","2021-08-04","-121.382","39.872","1355.6","29.62","7.75","1.78","219.1","-1.122603","-1.381363",,"1.01","False","NASA_POWER_hourly"
"2021-08-04T02:00:00Z","2021-08-04","-121.382","39.872","1355.6","25.06","10.43","1.71","222.6","-1.157458","-1.258726",,"0.32","False","NASA_POWER_hourly"
"2021-08-04T03:00:00Z","2021-08-04","-121.382","39.872","1355.6","23.43","11.11","1.55","215.5","-0.90009","-1.261879",,"0","False","NASA_POWER_hourly"
"2021-08-04T04:00:00Z","2021-08-04","-121.382","39.872","1355.6","23.07","11.01","1.16","194.5","-0.290441","-1.123051",,"0","False","NASA_POWER_hourly"
"2021-08-04T05:00:00Z","2021-08-04","-121.382","39.872","1355.6","22.51","11.14","0.87","160.5","0.290412","-0.820098",,"0","False","NASA_POWER_hourly"
"2021-08-04T06:00:00Z","2021-08-04","-121.382","39.872","1355.6","22.11","11.15","0.87","106.8","0.832868","-0.251458",,"0","False","NASA_POWER_hourly"
"2021-08-04T07:00:00Z","2021-08-04","-121.382","39.872","1355.6","22.02","11.21","1.17","83.1","1.161526","0.14056",,"0","False","NASA_POWER_hourly"
"2021-08-04T08:00:00Z","2021-08-04","-121.382","39.872","1355.6","21.72","11.3","1.5","82.4","1.486823","0.198385",,"0","False","NASA_POWER_hourly"
"2021-08-04T09:00:00Z","2021-08-04","-121.382","39.872","1355.6","21.2","11.44","1.68","87.3","1.678135","0.079139",,"0","False","NASA_POWER_hourly"
"2021-08-04T10:00:00Z","2021-08-04","-121.382","39.872","1355.6","20.42","11.94","1.9","85.8","1.894898","0.139153",,"0","False","NASA_POWER_hourly"
"2021-08-04T11:00:00Z","2021-08-04","-121.382","39.872","1355.6","19.94","12.36","1.97","85.9","1.964958","0.14085",,"0","False","NASA_POWER_hourly"
"2021-08-04T12:00:00Z","2021-08-04","-121.382","39.872","1355.6","20.24","12.13","1.8","92.2","1.798673","-0.069098",,"0","False","NASA_POWER_hourly"
"2021-08-04T13:00:00Z","2021-08-04","-121.382","39.872","1355.6","20.67","11.93","1.65","100.5","1.622371","-0.300689",,"0.09","False","NASA_POWER_hourly"
"2021-08-04T14:00:00Z","2021-08-04","-121.382","39.872","1355.6","22.29","11.63","1.35","123.2","1.129632","-0.73921",,"0.64","False","NASA_POWER_hourly"
"2021-08-04T15:00:00Z","2021-08-04","-121.382","39.872","1355.6","25.64","9.81","1.14","179","0.019896","-1.139826",,"1.36","False","NASA_POWER_hourly"
"2021-08-04T16:00:00Z","2021-08-04","-121.382","39.872","1355.6","29.17","7.64","1.7","205.5","-0.731869","-1.534395",,"2.17","False","NASA_POWER_hourly"
"2021-08-04T17:00:00Z","2021-08-04","-121.382","39.872","1355.6","31.72","6.3","2.47","212.1","-1.312554","-2.092391",,"2.79","False","NASA_POWER_hourly"
"2021-08-04T18:00:00Z","2021-08-04","-121.382","39.872","1355.6","33.44","5.42","3.22","213.1","-1.758448","-2.697454",,"3.25","False","NASA_POWER_hourly"
"2021-08-04T19:00:00Z","2021-08-04","-121.382","39.872","1355.6","33.69","4.79","3.73","214.1","-2.091183","-3.088665",,"3.51","False","NASA_POWER_hourly"
"2021-08-04T20:00:00Z","2021-08-04","-121.382","39.872","1355.6","33.44","4.45","3.94","212.8","-2.13433","-3.311832",,"3.55","False","NASA_POWER_hourly"
"2021-08-04T21:00:00Z","2021-08-04","-121.382","39.872","1355.6","33.76","4.29","3.98","210","-1.99","-3.446781",,"3.38","False","NASA_POWER_hourly"
"2021-08-04T22:00:00Z","2021-08-04","-121.382","39.872","1355.6","32.94","4.69","3.87","206.2","-1.708628","-3.47239",,"3","False","NASA_POWER_hourly"
"2021-08-04T23:00:00Z","2021-08-04","-121.382","39.872","1355.6","31.98","5.3","3.68","203.4","-1.461504","-3.377337",,"2.46","False","NASA_POWER_hourly"
"2021-08-05T00:00:00Z","2021-08-05","-121.382","39.872","1355.6","30.82","5.94","3.43","201.4","-1.251527","-3.193521",,"1.78","False","NASA_POWER_hourly"
"2021-08-05T01:00:00Z","2021-08-05","-121.382","39.872","1355.6","28.68","6.89","2.92","199.4","-0.969911","-2.75421",,"1.04","False","NASA_POWER_hourly"
"2021-08-05T02:00:00Z","2021-08-05","-121.382","39.872","1355.6","24.36","9.16","1.93","200","-0.660099","-1.813607",,"0.34","False","NASA_POWER_hourly"
"2021-08-05T03:00:00Z","2021-08-05","-121.382","39.872","1355.6","18.68","13.5","1.81","191.1","-0.348465","-1.77614",,"0","False","NASA_POWER_hourly"
"2021-08-05T04:00:00Z","2021-08-05","-121.382","39.872","1355.6","17.55","15.46","1.91","182.1","-0.069989","-1.908717",,"0","False","NASA_POWER_hourly"
"2021-08-05T05:00:00Z","2021-08-05","-121.382","39.872","1355.6","16.56","17.05","1.98","174.5","0.189775","-1.970884",,"0","False","NASA_POWER_hourly"
"2021-08-05T06:00:00Z","2021-08-05","-121.382","39.872","1355.6","15.71","17.3","1.96","162.2","0.599163","-1.866174",,"0","False","NASA_POWER_hourly"
"2021-08-05T07:00:00Z","2021-08-05","-121.382","39.872","1355.6","14.87","17.18","2.37","153.8","1.046369","-2.126502",,"0","False","NASA_POWER_hourly"
"2021-08-05T08:00:00Z","2021-08-05","-121.382","39.872","1355.6","14.16","17.2","2.74","157.5","1.048553","-2.53143",,"0","False","NASA_POWER_hourly"
"2021-08-05T09:00:00Z","2021-08-05","-121.382","39.872","1355.6","13.56","17.44","2.51","161.6","0.792279","-2.381679",,"0","False","NASA_POWER_hourly"
"2021-08-05T10:00:00Z","2021-08-05","-121.382","39.872","1355.6","12.99","17.26","2.5","161.8","0.780837","-2.37493",,"0","False","NASA_POWER_hourly"
"2021-08-05T11:00:00Z","2021-08-05","-121.382","39.872","1355.6","12.44","16.16","2.68","163.1","0.779082","-2.56426",,"0","False","NASA_POWER_hourly"
"2021-08-05T12:00:00Z","2021-08-05","-121.382","39.872","1355.6","12","14.27","2.58","168.4","0.518781","-2.527304",,"0","False","NASA_POWER_hourly"
"2021-08-05T13:00:00Z","2021-08-05","-121.382","39.872","1355.6","12.87","11.98","2.2","175.3","0.180265","-2.192602",,"0.11","False","NASA_POWER_hourly"
"2021-08-05T14:00:00Z","2021-08-05","-121.382","39.872","1355.6","18.45","7.92","2.26","178.2","0.070988","-2.258885",,"0.75","False","NASA_POWER_hourly"
"2021-08-05T15:00:00Z","2021-08-05","-121.382","39.872","1355.6","22.75","6.13","2.88","186.8","-0.341003","-2.859741",,"1.49","False","NASA_POWER_hourly"
"2021-08-05T16:00:00Z","2021-08-05","-121.382","39.872","1355.6","24.73","6.2","3.39","195.6","-0.911638","-3.265121",,"2.23","False","NASA_POWER_hourly"
"2021-08-05T17:00:00Z","2021-08-05","-121.382","39.872","1355.6","25.99","6.62","3.71","203.7","-1.491226","-3.397108",,"2.83","False","NASA_POWER_hourly"
"2021-08-05T18:00:00Z","2021-08-05","-121.382","39.872","1355.6","27.13","7.28","3.9","210.5","-1.9794","-3.360354",,"3.31","False","NASA_POWER_hourly"
"2021-08-05T19:00:00Z","2021-08-05","-121.382","39.872","1355.6","27.08","8.74","3.91","216.8","-2.342182","-3.13086",,"3.47","False","NASA_POWER_hourly"
"2021-08-05T20:00:00Z","2021-08-05","-121.382","39.872","1355.6","26.81","10.61","3.77","223.4","-2.59032","-2.739187",,"3.58","False","NASA_POWER_hourly"
"2021-08-05T21:00:00Z","2021-08-05","-121.382","39.872","1355.6","27.94","11.29","3.71","230","-2.842025","-2.384742",,"3.39","False","NASA_POWER_hourly"
"2021-08-05T22:00:00Z","2021-08-05","-121.382","39.872","1355.6","26.85","12.89","3.32","237.2","-2.790681","-1.798471",,"2.98","False","NASA_POWER_hourly"
"2021-08-05T23:00:00Z","2021-08-05","-121.382","39.872","1355.6","26.02","13.99","2.86","245","-2.59204","-1.208688",,"2.4","False","NASA_POWER_hourly"
"2021-08-06T00:00:00Z","2021-08-06","-121.382","39.872","1355.6","25.29","14.74","2.33","252","-2.215962","-0.72001",,"1.67","False","NASA_POWER_hourly"
"2021-08-06T01:00:00Z","2021-08-06","-121.382","39.872","1355.6","23.9","16.11","1.59","255.4","-1.538658","-0.40079",,"0.9","False","NASA_POWER_hourly"
"2021-08-06T02:00:00Z","2021-08-06","-121.382","39.872","1355.6","19.91","21.03","1.57","255.6","-1.520676","-0.390443",,"0.24","False","NASA_POWER_hourly"
"2021-08-06T03:00:00Z","2021-08-06","-121.382","39.872","1355.6","18.37","23.16","1.6","265","-1.593912","-0.139449",,"0","False","NASA_POWER_hourly"
"2021-08-06T04:00:00Z","2021-08-06","-121.382","39.872","1355.6","17.96","23.58","1.53","296.7","-1.366858","0.687458",,"0","False","NASA_POWER_hourly"
"2021-08-06T05:00:00Z","2021-08-06","-121.382","39.872","1355.6","17.57","24.25","1.61","320.6","-1.021916","1.244101",,"0","False","NASA_POWER_hourly"
"2021-08-06T06:00:00Z","2021-08-06","-121.382","39.872","1355.6","17.13","25.71","1.6","338.4","-0.588999","1.487642",,"0","False","NASA_POWER_hourly"
"2021-08-06T07:00:00Z","2021-08-06","-121.382","39.872","1355.6","16.73","27.83","1.49","358.1","-0.049401","1.489181",,"0","False","NASA_POWER_hourly"
"2021-08-06T08:00:00Z","2021-08-06","-121.382","39.872","1355.6","16.22","30.55","1.55","12.3","0.330197","1.514421",,"0","False","NASA_POWER_hourly"
"2021-08-06T09:00:00Z","2021-08-06","-121.382","39.872","1355.6","15.38","35.25","1.76","16.9","0.511636","1.683992",,"0","False","NASA_POWER_hourly"
"2021-08-06T10:00:00Z","2021-08-06","-121.382","39.872","1355.6","14.67","40.71","2.14","31.8","1.127685","1.81877",,"0","False","NASA_POWER_hourly"
"2021-08-06T11:00:00Z","2021-08-06","-121.382","39.872","1355.6","13.56","47.4","2.34","45.2","1.660396","1.648844",,"0","False","NASA_POWER_hourly"
"2021-08-06T12:00:00Z","2021-08-06","-121.382","39.872","1355.6","12.8","52.89","2.03","52.4","1.608348","1.238595",,"0","False","NASA_POWER_hourly"
"2021-08-06T13:00:00Z","2021-08-06","-121.382","39.872","1355.6","13.12","54.37","1.99","57.1","1.670844","1.080917",,"0.05","False","NASA_POWER_hourly"
"2021-08-06T14:00:00Z","2021-08-06","-121.382","39.872","1355.6","16","46.67","2.22","58.5","1.892861","1.159947",,"0.37","False","NASA_POWER_hourly"
"2021-08-06T15:00:00Z","2021-08-06","-121.382","39.872","1355.6","19.22","37.91","2.02","55.9","1.672682","1.132491",,"0.76","False","NASA_POWER_hourly"
"2021-08-06T16:00:00Z","2021-08-06","-121.382","39.872","1355.6","22.94","27.16","1.43","63.4","1.278641","0.640295",,"1.21","False","NASA_POWER_hourly"
"2021-08-06T17:00:00Z","2021-08-06","-121.382","39.872","1355.6","25.86","19.68","0.3","72.8","0.286584","0.088712",,"1.68","False","NASA_POWER_hourly"
"2021-08-06T18:00:00Z","2021-08-06","-121.382","39.872","1355.6","27.94","15.36","0.72","259.6","-0.708171","-0.129974",,"2.44","False","NASA_POWER_hourly"
"2021-08-06T19:00:00Z","2021-08-06","-121.382","39.872","1355.6","28.96","13.25","1.39","259.7","-1.3676","-0.248535",,"2.59","False","NASA_POWER_hourly"
"2021-08-06T20:00:00Z","2021-08-06","-121.382","39.872","1355.6","29.35","12.14","1.86","260.7","-1.835552","-0.300583",,"2.06","False","NASA_POWER_hourly"
"2021-08-06T21:00:00Z","2021-08-06","-121.382","39.872","1355.6","29.74","11.26","2.17","261.5","-2.146164","-0.320746",,"2.09","False","NASA_POWER_hourly"
"2021-08-06T22:00:00Z","2021-08-06","-121.382","39.872","1355.6","29.3","11.14","2.28","265.2","-2.272004","-0.190785",,"1.96","False","NASA_POWER_hourly"
"2021-08-06T23:00:00Z","2021-08-06","-121.382","39.872","1355.6","28.45","10.98","2.07","270.6","-2.069887","0.021677",,"1.43","False","NASA_POWER_hourly"
"2021-08-07T00:00:00Z","2021-08-07","-121.382","39.872","1355.6","26.98","11.31","1.77","272.3","-1.768574","0.071033",,"0.96","False","NASA_POWER_hourly"
"2021-08-07T01:00:00Z","2021-08-07","-121.382","39.872","1355.6","24.27","12.91","1.57","277.7","-1.555844","0.210358",,"0.49","False","NASA_POWER_hourly"
"2021-08-07T02:00:00Z","2021-08-07","-121.382","39.872","1355.6","22.38","14.12","1.46","286.3","-1.401316","0.409773",,"0.13","False","NASA_POWER_hourly"
"2021-08-07T03:00:00Z","2021-08-07","-121.382","39.872","1355.6","21.9","14.18","0.69","323.8","-0.407518","0.556803",,"0","False","NASA_POWER_hourly"
"2021-08-07T04:00:00Z","2021-08-07","-121.382","39.872","1355.6","20.81","14.83","0.84","27.8","0.391765","0.743048",,"0","False","NASA_POWER_hourly"
"2021-08-07T05:00:00Z","2021-08-07","-121.382","39.872","1355.6","19.96","15.51","1.17","30.3","0.590297","1.010173",,"0","False","NASA_POWER_hourly"
"2021-08-07T06:00:00Z","2021-08-07","-121.382","39.872","1355.6","19.23","15.97","1.49","31.6","0.780739","1.269073",,"0","False","NASA_POWER_hourly"
"2021-08-07T07:00:00Z","2021-08-07","-121.382","39.872","1355.6","18.4","16.49","1.82","33.3","0.999222","1.521169",,"0","False","NASA_POWER_hourly"
"2021-08-07T08:00:00Z","2021-08-07","-121.382","39.872","1355.6","17.62","17.32","2.07","34.4","1.169482","1.707985",,"0","False","NASA_POWER_hourly"
"2021-08-07T09:00:00Z","2021-08-07","-121.382","39.872","1355.6","16.83","19.06","2.24","34.3","1.262298","1.85046",,"0","False","NASA_POWER_hourly"
"2021-08-07T10:00:00Z","2021-08-07","-121.382","39.872","1355.6","15.97","21.81","2.36","38.6","1.472356","1.844388",,"0","False","NASA_POWER_hourly"
"2021-08-07T11:00:00Z","2021-08-07","-121.382","39.872","1355.6","15.44","24.07","2.38","46.4","1.723529","1.641295",,"0","False","NASA_POWER_hourly"
"2021-08-07T12:00:00Z","2021-08-07","-121.382","39.872","1355.6","15.28","25.19","2.3","56.2","1.911264","1.27948",,"0","False","NASA_POWER_hourly"
"2021-08-07T13:00:00Z","2021-08-07","-121.382","39.872","1355.6","15.23","25.36","2.22","70","2.086118","0.759285",,"0.05","False","NASA_POWER_hourly"
"2021-08-07T14:00:00Z","2021-08-07","-121.382","39.872","1355.6","15.49","24.47","2.24","82.3","2.219802","0.300129",,"0.31","False","NASA_POWER_hourly"
"2021-08-07T15:00:00Z","2021-08-07","-121.382","39.872","1355.6","18.09","20.42","1.49","90.8","1.489855","-0.020804",,"0.6","False","NASA_POWER_hourly"
"2021-08-07T16:00:00Z","2021-08-07","-121.382","39.872","1355.6","22.61","15.14","0.96","107.5","0.915568","-0.288678",,"1.07","False","NASA_POWER_hourly"
"2021-08-07T17:00:00Z","2021-08-07","-121.382","39.872","1355.6","26.03","11.43","0.76","192.9","-0.16967","-0.740819",,"1.48","False","NASA_POWER_hourly"
"2021-08-07T18:00:00Z","2021-08-07","-121.382","39.872","1355.6","29.33","9.08","1.41","239.8","-1.218627","-0.709258",,"1.94","False","NASA_POWER_hourly"
"2021-08-07T19:00:00Z","2021-08-07","-121.382","39.872","1355.6","30.54","8.15","2.17","247.6","-2.006265","-0.826923",,"2.28","False","NASA_POWER_hourly"
"2021-08-07T20:00:00Z","2021-08-07","-121.382","39.872","1355.6","30.79","7.97","2.59","246.8","-2.380561","-1.02031",,"1.92","False","NASA_POWER_hourly"
"2021-08-07T21:00:00Z","2021-08-07","-121.382","39.872","1355.6","30.58","8.29","2.75","244.8","-2.488274","-1.170893",,"1.91","False","NASA_POWER_hourly"
"2021-08-07T22:00:00Z","2021-08-07","-121.382","39.872","1355.6","29.61","9.12","2.56","243.5","-2.291032","-1.142266",,"1.52","False","NASA_POWER_hourly"
"2021-08-07T23:00:00Z","2021-08-07","-121.382","39.872","1355.6","28.3","10.38","2.3","241.4","-2.019361","-1.100991",,"1.2","False","NASA_POWER_hourly"
"2021-08-08T00:00:00Z","2021-08-08","-121.382","39.872","1355.6","26.87","11.91","1.86","236.4","-1.549234","-1.029308",,"0.89","False","NASA_POWER_hourly"
"2021-08-08T01:00:00Z","2021-08-08","-121.382","39.872","1355.6","23.79","15.34","1.37","227.1","-1.003584","-0.932588",,"0.44","False","NASA_POWER_hourly"
"2021-08-08T02:00:00Z","2021-08-08","-121.382","39.872","1355.6","20.9","19.19","1.45","204.4","-0.599001","-1.320491",,"0.11","False","NASA_POWER_hourly"
"2021-08-08T03:00:00Z","2021-08-08","-121.382","39.872","1355.6","19.22","21.98","1.6","181.1","-0.030716","-1.599705",,"0","False","NASA_POWER_hourly"
"2021-08-08T04:00:00Z","2021-08-08","-121.382","39.872","1355.6","17.45","26.23","2.16","184.3","-0.161954","-2.15392",,"0","False","NASA_POWER_hourly"
"2021-08-08T05:00:00Z","2021-08-08","-121.382","39.872","1355.6","16.93","27.97","2.12","185.1","-0.188456","-2.111607",,"0","False","NASA_POWER_hourly"
"2021-08-08T06:00:00Z","2021-08-08","-121.382","39.872","1355.6","17.34","27.66","1.88","183.7","-0.121321","-1.876081",,"0","False","NASA_POWER_hourly"
"2021-08-08T07:00:00Z","2021-08-08","-121.382","39.872","1355.6","17.85","26.51","1.76","183.3","-0.101313","-1.757082",,"0","False","NASA_POWER_hourly"
"2021-08-08T08:00:00Z","2021-08-08","-121.382","39.872","1355.6","18.03","25.27","1.8","188.9","-0.278479","-1.778328",,"0","False","NASA_POWER_hourly"
"2021-08-08T09:00:00Z","2021-08-08","-121.382","39.872","1355.6","18.4","23.7","1.58","194.7","-0.400938","-1.528283",,"0","False","NASA_POWER_hourly"
"2021-08-08T10:00:00Z","2021-08-08","-121.382","39.872","1355.6","18.74","22.62","1.22","194.3","-0.301339","-1.182199",,"0","False","NASA_POWER_hourly"
"2021-08-08T11:00:00Z","2021-08-08","-121.382","39.872","1355.6","18.72","22.01","1.06","194.8","-0.270773","-1.024833",,"0","False","NASA_POWER_hourly"
"2021-08-08T12:00:00Z","2021-08-08","-121.382","39.872","1355.6","18.39","21.68","1.1","194.8","-0.28099","-1.063506",,"0","False","NASA_POWER_hourly"
"2021-08-08T13:00:00Z","2021-08-08","-121.382","39.872","1355.6","18.17","21.13","1.14","194.8","-0.291208","-1.102179",,"0.05","False","NASA_POWER_hourly"
"2021-08-08T14:00:00Z","2021-08-08","-121.382","39.872","1355.6","18.94","19.38","1.22","199.2","-0.401217","-1.152139",,"0.38","False","NASA_POWER_hourly"
"2021-08-08T15:00:00Z","2021-08-08","-121.382","39.872","1355.6","22.17","15.42","1.21","207.6","-0.560588","-1.072306",,"0.95","False","NASA_POWER_hourly"
"2021-08-08T16:00:00Z","2021-08-08","-121.382","39.872","1355.6","25.31","11.39","2.01","215.5","-1.167213","-1.636372",,"1.25","False","NASA_POWER_hourly"
"2021-08-08T17:00:00Z","2021-08-08","-121.382","39.872","1355.6","27.49","8.74","2.61","219.6","-1.663677","-2.01104",,"2","False","NASA_POWER_hourly"
"2021-08-08T18:00:00Z","2021-08-08","-121.382","39.872","1355.6","28.96","7.15","3.02","221","-1.981298","-2.279223",,"2.73","False","NASA_POWER_hourly"
"2021-08-08T19:00:00Z","2021-08-08","-121.382","39.872","1355.6","29.7","6.35","3.3","220.9","-2.160645","-2.494316",,"3.04","False","NASA_POWER_hourly"
"2021-08-08T20:00:00Z","2021-08-08","-121.382","39.872","1355.6","30.04","6","3.45","220.5","-2.240596","-2.623401",,"3.2","False","NASA_POWER_hourly"
"2021-08-08T21:00:00Z","2021-08-08","-121.382","39.872","1355.6","30.48","5.92","3.5","219.1","-2.207365","-2.716162",,"3.06","False","NASA_POWER_hourly"
"2021-08-08T22:00:00Z","2021-08-08","-121.382","39.872","1355.6","30.05","6.45","3.31","217.8","-2.028722","-2.615413",,"2.67","False","NASA_POWER_hourly"
"2021-08-08T23:00:00Z","2021-08-08","-121.382","39.872","1355.6","29.34","7.33","2.99","216.6","-1.782712","-2.400424",,"2.12","False","NASA_POWER_hourly"
"2021-08-09T00:00:00Z","2021-08-09","-121.382","39.872","1355.6","28.2","8.52","2.56","214.8","-1.461027","-2.102142",,"1.46","False","NASA_POWER_hourly"
"2021-08-09T01:00:00Z","2021-08-09","-121.382","39.872","1355.6","26.26","10.16","2.08","212","-1.102232","-1.76394",,"0.78","False","NASA_POWER_hourly"
"2021-08-09T02:00:00Z","2021-08-09","-121.382","39.872","1355.6","21.87","14.49","1.55","209.7","-0.767961","-1.346379",,"0.2","False","NASA_POWER_hourly"
"2021-08-09T03:00:00Z","2021-08-09","-121.382","39.872","1355.6","19.93","17.1","1.41","193.5","-0.329158","-1.371042",,"0","False","NASA_POWER_hourly"
"2021-08-09T04:00:00Z","2021-08-09","-121.382","39.872","1355.6","20.14","16.95","1","161.9","0.310676","-0.950516",,"0","False","NASA_POWER_hourly"
"2021-08-09T05:00:00Z","2021-08-09","-121.382","39.872","1355.6","20.07","16.9","0.91","128.8","0.709198","-0.570209",,"0","False","NASA_POWER_hourly"
"2021-08-09T06:00:00Z","2021-08-09","-121.382","39.872","1355.6","19.83","17.1","1.01","105.6","0.972794","-0.271609",,"0","False","NASA_POWER_hourly"
"2021-08-09T07:00:00Z","2021-08-09","-121.382","39.872","1355.6","19.72","16.43","1.12","88.5","1.119616","0.029318",,"0","False","NASA_POWER_hourly"
"2021-08-09T08:00:00Z","2021-08-09","-121.382","39.872","1355.6","19.55","15.39","1.27","78.2","1.243162","0.25971",,"0","False","NASA_POWER_hourly"
"2021-08-09T09:00:00Z","2021-08-09","-121.382","39.872","1355.6","19.13","15.23","1.38","64.7","1.247634","0.589754",,"0","False","NASA_POWER_hourly"
"2021-08-09T10:00:00Z","2021-08-09","-121.382","39.872","1355.6","17.84","16.51","1.74","59.6","1.500774","0.880499",,"0","False","NASA_POWER_hourly"
"2021-08-09T11:00:00Z","2021-08-09","-121.382","39.872","1355.6","15.83","18.76","2.16","63.9","1.93974","0.950269",,"0","False","NASA_POWER_hourly"
"2021-08-09T12:00:00Z","2021-08-09","-121.382","39.872","1355.6","13.61","21.74","2.47","67.2","2.277002","0.957163",,"0","False","NASA_POWER_hourly"
"2021-08-09T13:00:00Z","2021-08-09","-121.382","39.872","1355.6","12.38","24.43","2.45","69.7","2.297828","0.849992",,"0.07","False","NASA_POWER_hourly"
"2021-08-09T14:00:00Z","2021-08-09","-121.382","39.872","1355.6","14.52","22.43","1.77","73.6","1.697986","0.499744",,"0.59","False","NASA_POWER_hourly"
"2021-08-09T15:00:00Z","2021-08-09","-121.382","39.872","1355.6","18.87","17.78","1.58","76.8","1.538255","0.360794",,"1.29","False","NASA_POWER_hourly"
"2021-08-09T16:00:00Z","2021-08-09","-121.382","39.872","1355.6","23.33","13.67","1.07","94.8","1.066247","-0.089535",,"2","False","NASA_POWER_hourly"
"2021-08-09T17:00:00Z","2021-08-09","-121.382","39.872","1355.6","27.03","10.46","0.76","181.5","-0.019894","-0.75974",,"2.62","False","NASA_POWER_hourly"
"2021-08-09T18:00:00Z","2021-08-09","-121.382","39.872","1355.6","30.46","8.41","1.47","219.2","-0.929083","-1.139168",,"3.08","False","NASA_POWER_hourly"
"2021-08-09T19:00:00Z","2021-08-09","-121.382","39.872","1355.6","31.59","7.86","2.1","228.3","-1.56794","-1.396984",,"3.36","False","NASA_POWER_hourly"
"2021-08-09T20:00:00Z","2021-08-09","-121.382","39.872","1355.6","31.76","8.04","2.5","232.8","-1.991325","-1.511498",,"3.45","False","NASA_POWER_hourly"
"2021-08-09T21:00:00Z","2021-08-09","-121.382","39.872","1355.6","32.26","8.1","2.73","233.8","-2.203002","-1.612353",,"3.28","False","NASA_POWER_hourly"
"2021-08-09T22:00:00Z","2021-08-09","-121.382","39.872","1355.6","31.52","9.11","2.8","235.3","-2.302003","-1.593983",,"2.89","False","NASA_POWER_hourly"
"2021-08-09T23:00:00Z","2021-08-09","-121.382","39.872","1355.6","30.47","9.73","2.65","238.4","-2.257076","-1.388563",,"2.34","False","NASA_POWER_hourly"
"2021-08-10T00:00:00Z","2021-08-10","-121.382","39.872","1355.6","29.16","10.22","2.35","242.9","-2.092","-1.070531",,"1.65","False","NASA_POWER_hourly"
"2021-08-10T01:00:00Z","2021-08-10","-121.382","39.872","1355.6","26.83","11.63","1.75","246.8","-1.608487","-0.689398",,"0.92","False","NASA_POWER_hourly"
"2021-08-10T02:00:00Z","2021-08-10","-121.382","39.872","1355.6","22.95","14.77","1.53","248.5","-1.423539","-0.560747",,"0.24","False","NASA_POWER_hourly"
"2021-08-10T03:00:00Z","2021-08-10","-121.382","39.872","1355.6","22.07","15.22","1.06","252.9","-1.013141","-0.311683",,"0","False","NASA_POWER_hourly"
"2021-08-10T04:00:00Z","2021-08-10","-121.382","39.872","1355.6","21.87","15.26","0.29","262.2","-0.287317","-0.039358",,"0","False","NASA_POWER_hourly"
"2021-08-10T05:00:00Z","2021-08-10","-121.382","39.872","1355.6","21.1","15.56","0.42","35.2","0.242102","0.343201",,"0","False","NASA_POWER_hourly"
"2021-08-10T06:00:00Z","2021-08-10","-121.382","39.872","1355.6","20.41","15.77","0.99","31.8","0.521686","0.841394",,"0","False","NASA_POWER_hourly"
"2021-08-10T07:00:00Z","2021-08-10","-121.382","39.872","1355.6","20.1","15.54","1.38","24.9","0.581029","1.251721",,"0","False","NASA_POWER_hourly"
"2021-08-10T08:00:00Z","2021-08-10","-121.382","39.872","1355.6","19.84","15.25","1.68","21.4","0.612993","1.564174",,"0","False","NASA_POWER_hourly"
"2021-08-10T09:00:00Z","2021-08-10","-121.382","39.872","1355.6","19.48","15.16","1.88","22.5","0.719445","1.736894",,"0","False","NASA_POWER_hourly"
"2021-08-10T10:00:00Z","2021-08-10","-121.382","39.872","1355.6","18.78","15.58","2.03","29.5","0.99962","1.766822",,"0","False","NASA_POWER_hourly"
"2021-08-10T11:00:00Z","2021-08-10","-121.382","39.872","1355.6","18.06","16.24","2.11","35","1.210246","1.728411",,"0","False","NASA_POWER_hourly"
"2021-08-10T12:00:00Z","2021-08-10","-121.382","39.872","1355.6","17.24","17.46","2.21","38.7","1.381786","1.724751",,"0","False","NASA_POWER_hourly"
"2021-08-10T13:00:00Z","2021-08-10","-121.382","39.872","1355.6","16.14","19.64","2.33","42","1.559074","1.731527",,"0.07","False","NASA_POWER_hourly"
"2021-08-10T14:00:00Z","2021-08-10","-121.382","39.872","1355.6","17.13","19.87","2.15","48","1.597761","1.438631",,"0.6","False","NASA_POWER_hourly"
"2021-08-10T15:00:00Z","2021-08-10","-121.382","39.872","1355.6","20.75","17.38","1.61","53.3","1.290859","0.962176",,"1.26","False","NASA_POWER_hourly"
"2021-08-10T16:00:00Z","2021-08-10","-121.382","39.872","1355.6","25.19","14.59","1.09","45","0.770746","0.770746",,"1.94","False","NASA_POWER_hourly"
"2021-08-10T17:00:00Z","2021-08-10","-121.382","39.872","1355.6","27.6","13.15","0.2","49.1","0.151171","0.130948",,"2.59","False","NASA_POWER_hourly"
"2021-08-10T18:00:00Z","2021-08-10","-121.382","39.872","1355.6","32.05","9.97","0.42","208.4","-0.199762","-0.369452",,"3.03","False","NASA_POWER_hourly"
"2021-08-10T19:00:00Z","2021-08-10","-121.382","39.872","1355.6","33.03","9.46","0.92","225.9","-0.660676","-0.64024",,"3.31","False","NASA_POWER_hourly"
"2021-08-10T20:00:00Z","2021-08-10","-121.382","39.872","1355.6","33.46","9.26","1.36","241.9","-1.199693","-0.640576",,"3.19","False","NASA_POWER_hourly"
"2021-08-10T21:00:00Z","2021-08-10","-121.382","39.872","1355.6","34.05","8.96","1.79","248.3","-1.663147","-0.661847",,"3","False","NASA_POWER_hourly"
"2021-08-10T22:00:00Z","2021-08-10","-121.382","39.872","1355.6","33.12","9.49","2.17","253.7","-2.082777","-0.609047",,"2.64","False","NASA_POWER_hourly"
"2021-08-10T23:00:00Z","2021-08-10","-121.382","39.872","1355.6","31.73","10.11","2.26","259","-2.218477","-0.431228",,"2.09","False","NASA_POWER_hourly"
"2021-08-11T00:00:00Z","2021-08-11","-121.382","39.872","1355.6","29.55","11.26","1.96","265","-1.952542","-0.170825",,"1.43","False","NASA_POWER_hourly"
"2021-08-11T01:00:00Z","2021-08-11","-121.382","39.872","1355.6","25.74","13.94","1.67","270.3","-1.669977","0.008744",,"0.75","False","NASA_POWER_hourly"
"2021-08-11T02:00:00Z","2021-08-11","-121.382","39.872","1355.6","23.29","15.96","1.53","284.8","-1.47924","0.390832",,"0.18","False","NASA_POWER_hourly"
"2021-08-11T03:00:00Z","2021-08-11","-121.382","39.872","1355.6","23.07","15.83","1.05","319.6","-0.680526","0.799615",,"0","False","NASA_POWER_hourly"
"2021-08-11T04:00:00Z","2021-08-11","-121.382","39.872","1355.6","23.2","15.47","0.62","350.7","-0.100194","0.611851",,"0","False","NASA_POWER_hourly"
"2021-08-11T05:00:00Z","2021-08-11","-121.382","39.872","1355.6","22.89","15.62","0.1","53.1","0.079968","0.060042",,"0","False","NASA_POWER_hourly"
"2021-08-11T06:00:00Z","2021-08-11","-121.382","39.872","1355.6","22.15","16.13","0.29","104","0.281386","-0.070157",,"0","False","NASA_POWER_hourly"
"2021-08-11T07:00:00Z","2021-08-11","-121.382","39.872","1355.6","21.6","16.52","0.61","59.7","0.526671","0.307762",,"0","False","NASA_POWER_hourly"
"2021-08-11T08:00:00Z","2021-08-11","-121.382","39.872","1355.6","21.43","16.86","0.91","42.3","0.612441","0.673064",,"0","False","NASA_POWER_hourly"
"2021-08-11T09:00:00Z","2021-08-11","-121.382","39.872","1355.6","21.53","17.24","1.12","34.8","0.639199","0.919687",,"0","False","NASA_POWER_hourly"
"2021-08-11T10:00:00Z","2021-08-11","-121.382","39.872","1355.6","21.54","17.77","1.28","37","0.770323","1.022253",,"0","False","NASA_POWER_hourly"
"2021-08-11T11:00:00Z","2021-08-11","-121.382","39.872","1355.6","21.2","18.75","1.43","42.7","0.969768","1.050928",,"0","False","NASA_POWER_hourly"
"2021-08-11T12:00:00Z","2021-08-11","-121.382","39.872","1355.6","20.2","20.29","1.75","46.4","1.267301","1.206834",,"0","False","NASA_POWER_hourly"
"2021-08-11T13:00:00Z","2021-08-11","-121.382","39.872","1355.6","19.12","22.21","2.06","48.9","1.552341","1.354193",,"0.05","False","NASA_POWER_hourly"
"2021-08-11T14:00:00Z","2021-08-11","-121.382","39.872","1355.6","20.42","21.07","1.82","50.8","1.410399","1.150293",,"0.43","False","NASA_POWER_hourly"
"2021-08-11T15:00:00Z","2021-08-11","-121.382","39.872","1355.6","23.15","18.77","1.38","52.4","1.09336","0.842",,"0.86","False","NASA_POWER_hourly"
"2021-08-11T16:00:00Z","2021-08-11","-121.382","39.872","1355.6","27.24","15.18","0.67","28.5","0.319696","0.588807",,"1.53","False","NASA_POWER_hourly"
"2021-08-11T17:00:00Z","2021-08-11","-121.382","39.872","1355.6","30.38","13.23","0.54","289.4","-0.50934","0.179367",,"2.26","False","NASA_POWER_hourly"
"2021-08-11T18:00:00Z","2021-08-11","-121.382","39.872","1355.6","33.08","11.6","1","264.3","-0.995056","-0.09932",,"2.92","False","NASA_POWER_hourly"
"2021-08-11T19:00:00Z","2021-08-11","-121.382","39.872","1355.6","34.33","10.84","1.51","265","-1.504254","-0.131605",,"3.18","False","NASA_POWER_hourly"
"2021-08-11T20:00:00Z","2021-08-11","-121.382","39.872","1355.6","34.62","10.66","1.9","270.6","-1.899896","0.019896",,"2.72","False","NASA_POWER_hourly"
"2021-08-11T21:00:00Z","2021-08-11","-121.382","39.872","1355.6","35.19","10.27","2.15","270.8","-2.14979","0.030019",,"2.7","False","NASA_POWER_hourly"
"2021-08-11T22:00:00Z","2021-08-11","-121.382","39.872","1355.6","34.5","10.54","2.27","270.5","-2.269914","0.019809",,"2.28","False","NASA_POWER_hourly"
"2021-08-11T23:00:00Z","2021-08-11","-121.382","39.872","1355.6","33.15","11.39","2.31","269.5","-2.309912","-0.020158",,"1.71","False","NASA_POWER_hourly"
"2021-08-12T00:00:00Z","2021-08-12","-121.382","39.872","1355.6","30.95","12.87","1.9","266.7","-1.896849","-0.109372",,"1.13","False","NASA_POWER_hourly"
"2021-08-12T01:00:00Z","2021-08-12","-121.382","39.872","1355.6","26.32","16.83","1.54","268.1","-1.539153","-0.051059",,"0.57","False","NASA_POWER_hourly"
"2021-08-12T02:00:00Z","2021-08-12","-121.382","39.872","1355.6","24.41","18.72","1.63","283.9","-1.582268","0.391572",,"0.13","False","NASA_POWER_hourly"
"2021-08-12T03:00:00Z","2021-08-12","-121.382","39.872","1355.6","24.05","18.82","1.14","298.8","-0.99899","0.549199",,"0","False","NASA_POWER_hourly"
"2021-08-12T04:00:00Z","2021-08-12","-121.382","39.872","1355.6","23.68","18.83","0.75","263.1","-0.744568","-0.090103",,"0","False","NASA_POWER_hourly"
"2021-08-12T05:00:00Z","2021-08-12","-121.382","39.872","1355.6","21.91","20.55","1.14","217.2","-0.689243","-0.908044",,"0","False","NASA_POWER_hourly"
"2021-08-12T06:00:00Z","2021-08-12","-121.382","39.872","1355.6","20.12","22.47","1.35","195.9","-0.369845","-1.298351",,"0","False","NASA_POWER_hourly"
"2021-08-12T07:00:00Z","2021-08-12","-121.382","39.872","1355.6","18.66","24.1","1.29","180.9","-0.020262","-1.289841",,"0","False","NASA_POWER_hourly"
"2021-08-12T08:00:00Z","2021-08-12","-121.382","39.872","1355.6","18.53","23.7","0.97","169.3","0.180097","-0.953134",,"0","False","NASA_POWER_hourly"
"2021-08-12T09:00:00Z","2021-08-12","-121.382","39.872","1355.6","19.7","21.96","0.5","147.3","0.27012","-0.420755",,"0","False","NASA_POWER_hourly"
"2021-08-12T10:00:00Z","2021-08-12","-121.382","39.872","1355.6","20.74","20.87","0.45","60.6","0.392046","0.220907",,"0","False","NASA_POWER_hourly"
"2021-08-12T11:00:00Z","2021-08-12","-121.382","39.872","1355.6","20.8","21.01","1","34.8","0.570714","0.821149",,"0","False","NASA_POWER_hourly"
"2021-08-12T12:00:00Z","2021-08-12","-121.382","39.872","1355.6","20.12","22.09","1.57","30.7","0.801552","1.349968",,"0","False","NASA_POWER_hourly"
"2021-08-12T13:00:00Z","2021-08-12","-121.382","39.872","1355.6","19.11","23.78","2.04","33.4","1.122981","1.70309",,"0.04","False","NASA_POWER_hourly"
"2021-08-12T14:00:00Z","2021-08-12","-121.382","39.872","1355.6","19.88","23.03","1.95","41","1.279315","1.471684",,"0.33","False","NASA_POWER_hourly"
"2021-08-12T15:00:00Z","2021-08-12","-121.382","39.872","1355.6","24.56","17.9","1.34","45","0.947523","0.947523",,"0.71","False","NASA_POWER_hourly"
"2021-08-12T16:00:00Z","2021-08-12","-121.382","39.872","1355.6","29.05","13.65","0.79","40.9","0.517245","0.597124",,"1.23","False","NASA_POWER_hourly"
"2021-08-12T17:00:00Z","2021-08-12","-121.382","39.872","1355.6","32.4","10.99","0.21","61","0.18367","0.10181",,"1.56","False","NASA_POWER_hourly"
"2021-08-12T18:00:00Z","2021-08-12","-121.382","39.872","1355.6","34.04","10.05","0.6","200.6","-0.211105","-0.561636",,"2.47","False","NASA_POWER_hourly"
"2021-08-12T19:00:00Z","2021-08-12","-121.382","39.872","1355.6","34.78","9.66","1.3","219.7","-0.830398","-1.000219",,"2.42","False","NASA_POWER_hourly"
"2021-08-12T20:00:00Z","2021-08-12","-121.382","39.872","1355.6","34.75","9.7","1.84","231.6","-1.441996","-1.142912",,"2.3","False","NASA_POWER_hourly"
"2021-08-12T21:00:00Z","2021-08-12","-121.382","39.872","1355.6","34.7","9.8","2.16","235.6","-1.782245","-1.220329",,"2.24","False","NASA_POWER_hourly"
"2021-08-12T22:00:00Z","2021-08-12","-121.382","39.872","1355.6","33.85","10.38","2.23","238","-1.891147","-1.18172",,"1.86","False","NASA_POWER_hourly"
"2021-08-12T23:00:00Z","2021-08-12","-121.382","39.872","1355.6","32.6","11.27","2.12","240.7","-1.848787","-1.037491",,"1.31","False","NASA_POWER_hourly"
"2021-08-13T00:00:00Z","2021-08-13","-121.382","39.872","1355.6","30.87","12.58","1.81","242.3","-1.602562","-0.841364",,"0.86","False","NASA_POWER_hourly"
"2021-08-13T01:00:00Z","2021-08-13","-121.382","39.872","1355.6","27.58","15.33","0.97","245","-0.879119","-0.40994",,"0.41","False","NASA_POWER_hourly"
"2021-08-13T02:00:00Z","2021-08-13","-121.382","39.872","1355.6","24.16","19.05","0.61","266.3","-0.608729","-0.039365",,"0.09","False","NASA_POWER_hourly"
"2021-08-13T03:00:00Z","2021-08-13","-121.382","39.872","1355.6","22.78","20.71","0.23","0","0","0.23",,"0","False","NASA_POWER_hourly"
"2021-08-13T04:00:00Z","2021-08-13","-121.382","39.872","1355.6","21.62","22.4","0.4","95.7","0.398022","-0.039728",,"0","False","NASA_POWER_hourly"
"2021-08-13T05:00:00Z","2021-08-13","-121.382","39.872","1355.6","21.02","23.58","0.34","85","0.338706","0.029633",,"0","False","NASA_POWER_hourly"
"2021-08-13T06:00:00Z","2021-08-13","-121.382","39.872","1355.6","21.31","23.66","0.19","132.9","0.139183","-0.129337",,"0","False","NASA_POWER_hourly"
"2021-08-13T07:00:00Z","2021-08-13","-121.382","39.872","1355.6","21.92","23.38","0.17","249.4","-0.15913","-0.059813",,"0","False","NASA_POWER_hourly"
"2021-08-13T08:00:00Z","2021-08-13","-121.382","39.872","1355.6","22.23","23.72","0.42","297.2","-0.373555","0.191981",,"0","False","NASA_POWER_hourly"
"2021-08-13T09:00:00Z","2021-08-13","-121.382","39.872","1355.6","21.96","25.42","0.59","331.7","-0.279712","0.519482",,"0","False","NASA_POWER_hourly"
"2021-08-13T10:00:00Z","2021-08-13","-121.382","39.872","1355.6","21.37","28.48","0.97","8.9","0.150069","0.958321",,"0","False","NASA_POWER_hourly"
"2021-08-13T11:00:00Z","2021-08-13","-121.382","39.872","1355.6","20.38","33.23","1.54","30.1","0.772327","1.332333",,"0","False","NASA_POWER_hourly"
"2021-08-13T12:00:00Z","2021-08-13","-121.382","39.872","1355.6","19.52","38.47","1.88","40.9","1.230913","1.421005",,"0","False","NASA_POWER_hourly"
"2021-08-13T13:00:00Z","2021-08-13","-121.382","39.872","1355.6","18.99","43.31","2.03","51","1.577606","1.27752",,"0.04","False","NASA_POWER_hourly"
"2021-08-13T14:00:00Z","2021-08-13","-121.382","39.872","1355.6","19.75","45.47","1.67","61.7","1.470397","0.791727",,"0.31","False","NASA_POWER_hourly"
"2021-08-13T15:00:00Z","2021-08-13","-121.382","39.872","1355.6","22.59","41.65","1.24","64.3","1.117336","0.537737",,"0.74","False","NASA_POWER_hourly"
"2021-08-13T16:00:00Z","2021-08-13","-121.382","39.872","1355.6","25.17","35.5","0.99","64.2","0.891316","0.430879",,"1.33","False","NASA_POWER_hourly"
"2021-08-13T17:00:00Z","2021-08-13","-121.382","39.872","1355.6","29.4","24.06","0.33","115","0.299082","-0.139464",,"1.89","False","NASA_POWER_hourly"
"2021-08-13T18:00:00Z","2021-08-13","-121.382","39.872","1355.6","32.97","17.26","0.94","202.5","-0.359722","-0.868447",,"2.59","False","NASA_POWER_hourly"
"2021-08-13T19:00:00Z","2021-08-13","-121.382","39.872","1355.6","34.05","15.52","1.73","221.7","-1.150849","-1.291684",,"2.92","False","NASA_POWER_hourly"
"2021-08-13T20:00:00Z","2021-08-13","-121.382","39.872","1355.6","34.07","15","2.26","229.1","-1.708229","-1.479714",,"2.59","False","NASA_POWER_hourly"
"2021-08-13T21:00:00Z","2021-08-13","-121.382","39.872","1355.6","33.83","14.49","2.65","232.7","-2.108005","-1.605869",,"2.66","False","NASA_POWER_hourly"
"2021-08-13T22:00:00Z","2021-08-13","-121.382","39.872","1355.6","32.72","14.72","2.77","236.5","-2.309864","-1.528865",,"2.25","False","NASA_POWER_hourly"
"2021-08-13T23:00:00Z","2021-08-13","-121.382","39.872","1355.6","31.35","15.07","2.59","239.9","-2.240742","-1.298913",,"1.68","False","NASA_POWER_hourly"
"2021-08-14T00:00:00Z","2021-08-14","-121.382","39.872","1355.6","29.87","15.61","2.12","239.1","-1.819098","-1.088707",,"1.16","False","NASA_POWER_hourly"
"2021-08-14T01:00:00Z","2021-08-14","-121.382","39.872","1355.6","27.53","17.39","1.43","232.4","-1.132974","-0.872508",,"0.53","False","NASA_POWER_hourly"
"2021-08-14T02:00:00Z","2021-08-14","-121.382","39.872","1355.6","23.72","21.71","1.24","209.5","-0.610605","-1.079241",,"0.11","False","NASA_POWER_hourly"
"2021-08-14T03:00:00Z","2021-08-14","-121.382","39.872","1355.6","22.07","23.74","1.11","172.2","0.150644","-1.09973",,"0","False","NASA_POWER_hourly"
"2021-08-14T04:00:00Z","2021-08-14","-121.382","39.872","1355.6","21.94","23.31","1.09","152","0.511724","-0.962413",,"0","False","NASA_POWER_hourly"
"2021-08-14T05:00:00Z","2021-08-14","-121.382","39.872","1355.6","22.18","22.13","0.95","155.1","0.399984","-0.861692",,"0","False","NASA_POWER_hourly"
"2021-08-14T06:00:00Z","2021-08-14","-121.382","39.872","1355.6","22.45","20.8","0.76","168.7","0.148919","-0.745267",,"0","False","NASA_POWER_hourly"
"2021-08-14T07:00:00Z","2021-08-14","-121.382","39.872","1355.6","22.67","19.57","0.57","185","-0.049679","-0.567831",,"0","False","NASA_POWER_hourly"
"2021-08-14T08:00:00Z","2021-08-14","-121.382","39.872","1355.6","23","18.24","0.22","193.4","-0.050985","-0.214011",,"0","False","NASA_POWER_hourly"
"2021-08-14T09:00:00Z","2021-08-14","-121.382","39.872","1355.6","23.17","17.16","0.27","0","0","0.27",,"0","False","NASA_POWER_hourly"
"2021-08-14T10:00:00Z","2021-08-14","-121.382","39.872","1355.6","23.02","16.58","0.7","13.2","0.159846","0.681505",,"0","False","NASA_POWER_hourly"
"2021-08-14T11:00:00Z","2021-08-14","-121.382","39.872","1355.6","22.6","16.39","1.07","26.6","0.479102","0.956745",,"0","False","NASA_POWER_hourly"
"2021-08-14T12:00:00Z","2021-08-14","-121.382","39.872","1355.6","21.92","16.71","1.41","35.5","0.818791","1.147903",,"0","False","NASA_POWER_hourly"
"2021-08-14T13:00:00Z","2021-08-14","-121.382","39.872","1355.6","21.2","17.3","1.68","42.6","1.137152","1.236643",,"0.03","False","NASA_POWER_hourly"
"2021-08-14T14:00:00Z","2021-08-14","-121.382","39.872","1355.6","22.04","16.7","1.65","50.4","1.271347","1.05175",,"0.33","False","NASA_POWER_hourly"
"2021-08-14T15:00:00Z","2021-08-14","-121.382","39.872","1355.6","25.29","14.86","0.89","57.4","0.749783","0.479506",,"0.83","False","NASA_POWER_hourly"
"2021-08-14T16:00:00Z","2021-08-14","-121.382","39.872","1355.6","29.07","13.12","0.59","262.1","-0.584401","-0.081092",,"1.41","False","NASA_POWER_hourly"
"2021-08-14T17:00:00Z","2021-08-14","-121.382","39.872","1355.6","31.51","11.44","1.62","247.9","-1.500976","-0.609483",,"2.12","False","NASA_POWER_hourly"
"2021-08-14T18:00:00Z","2021-08-14","-121.382","39.872","1355.6","34.06","9.65","2.25","247","-2.071136","-0.879145",,"2.58","False","NASA_POWER_hourly"
"2021-08-14T19:00:00Z","2021-08-14","-121.382","39.872","1355.6","34.98","8.92","2.68","249.7","-2.513542","-0.929788",,"2.49","False","NASA_POWER_hourly"
"2021-08-14T20:00:00Z","2021-08-14","-121.382","39.872","1355.6","35.17","8.92","2.95","252.9","-2.819589","-0.867419",,"3","False","NASA_POWER_hourly"
"2021-08-14T21:00:00Z","2021-08-14","-121.382","39.872","1355.6","36.06","8.77","3.19","254.7","-3.076938","-0.841755",,"2.86","False","NASA_POWER_hourly"
"2021-08-14T22:00:00Z","2021-08-14","-121.382","39.872","1355.6","35.4","9.46","3.01","256.7","-2.929268","-0.69245",,"2.46","False","NASA_POWER_hourly"
"2021-08-14T23:00:00Z","2021-08-14","-121.382","39.872","1355.6","34.29","10.34","2.69","259.3","-2.643228","-0.499443",,"1.92","False","NASA_POWER_hourly"
"2021-08-15T00:00:00Z","2021-08-15","-121.382","39.872","1355.6","33.02","11.35","2.34","261.9","-2.316655","-0.329709",,"1.27","False","NASA_POWER_hourly"
"2021-08-15T01:00:00Z","2021-08-15","-121.382","39.872","1355.6","31.21","12.85","1.59","262","-1.574526","-0.221285",,"0.62","False","NASA_POWER_hourly"
"2021-08-15T02:00:00Z","2021-08-15","-121.382","39.872","1355.6","27.29","16.76","1.69","251.7","-1.604529","-0.530647",,"0.12","False","NASA_POWER_hourly"
"2021-08-15T03:00:00Z","2021-08-15","-121.382","39.872","1355.6","26.13","17.34","1.43","230.4","-1.101834","-0.911516",,"0","False","NASA_POWER_hourly"
"2021-08-15T04:00:00Z","2021-08-15","-121.382","39.872","1355.6","24.91","17.55","1.33","212.1","-0.70676","-1.126672",,"0","False","NASA_POWER_hourly"
"2021-08-15T05:00:00Z","2021-08-15","-121.382","39.872","1355.6","23.64","18.41","1.3","204.6","-0.541165","-1.182007",,"0","False","NASA_POWER_hourly"
"2021-08-15T06:00:00Z","2021-08-15","-121.382","39.872","1355.6","23.41","18.38","0.85","203.6","-0.340297","-0.778908",,"0","False","NASA_POWER_hourly"
"2021-08-15T07:00:00Z","2021-08-15","-121.382","39.872","1355.6","24.3","16.41","0.45","246.3","-0.412048","-0.180876",,"0","False","NASA_POWER_hourly"
"2021-08-15T08:00:00Z","2021-08-15","-121.382","39.872","1355.6","24.92","14.7","0.53","283","-0.516416","0.119224",,"0","False","NASA_POWER_hourly"
"2021-08-15T09:00:00Z","2021-08-15","-121.382","39.872","1355.6","24.53","14.86","0.81","316.5","-0.557567","0.587553",,"0","False","NASA_POWER_hourly"
"2021-08-15T10:00:00Z","2021-08-15","-121.382","39.872","1355.6","23.59","16.34","1.48","343.2","-0.427767","1.416833",,"0","False","NASA_POWER_hourly"
"2021-08-15T11:00:00Z","2021-08-15","-121.382","39.872","1355.6","22.08","18.8","2.15","353","-0.262019","2.133974",,"0","False","NASA_POWER_hourly"
"2021-08-15T12:00:00Z","2021-08-15","-121.382","39.872","1355.6","20.51","22.02","2.51","0.7","0.030665","2.509813",,"0","False","NASA_POWER_hourly"
"2021-08-15T13:00:00Z","2021-08-15","-121.382","39.872","1355.6","19.79","25.01","2.58","9.4","0.421381","2.545356",,"0.03","False","NASA_POWER_hourly"
"2021-08-15T14:00:00Z","2021-08-15","-121.382","39.872","1355.6","21.88","24.16","2","17.4","0.598082","1.908481",,"0.29","False","NASA_POWER_hourly"
"2021-08-15T15:00:00Z","2021-08-15","-121.382","39.872","1355.6","26.78","19.51","1.35","19","0.439517","1.27645",,"0.68","False","NASA_POWER_hourly"
"2021-08-15T16:00:00Z","2021-08-15","-121.382","39.872","1355.6","30.53","16.75","1.21","356.2","-0.080191","1.20734",,"1.22","False","NASA_POWER_hourly"
"2021-08-15T17:00:00Z","2021-08-15","-121.382","39.872","1355.6","33.56","14.91","1.13","335.9","-0.461413","1.031503",,"1.68","False","NASA_POWER_hourly"
"2021-08-15T18:00:00Z","2021-08-15","-121.382","39.872","1355.6","35.75","13.27","1.14","301.3","-0.974083","0.592252",,"2.29","False","NASA_POWER_hourly"
"2021-08-15T19:00:00Z","2021-08-15","-121.382","39.872","1355.6","36.92","12.17","1.58","282","-1.545473","0.3285",,"2.45","False","NASA_POWER_hourly"
"2021-08-15T20:00:00Z","2021-08-15","-121.382","39.872","1355.6","37.31","11.51","1.99","278.7","-1.967103","0.301009",,"1.79","False","NASA_POWER_hourly"
"2021-08-15T21:00:00Z","2021-08-15","-121.382","39.872","1355.6","37.99","10.94","2.26","276.6","-2.245022","0.259758",,"1.76","False","NASA_POWER_hourly"
"2021-08-15T22:00:00Z","2021-08-15","-121.382","39.872","1355.6","37.57","11.23","2.49","276.2","-2.475436","0.268918",,"1.68","False","NASA_POWER_hourly"
"2021-08-15T23:00:00Z","2021-08-15","-121.382","39.872","1355.6","36.48","12.19","2.65","276.5","-2.632965","0.299989",,"1.1","False","NASA_POWER_hourly"
"2021-08-16T00:00:00Z","2021-08-16","-121.382","39.872","1355.6","34.7","13.69","2.53","277.5","-2.508355","0.330231",,"0.61","False","NASA_POWER_hourly"
"2021-08-16T01:00:00Z","2021-08-16","-121.382","39.872","1355.6","30.77","17.39","1.55","274.4","-1.545432","0.118914",,"0.31","False","NASA_POWER_hourly"
"2021-08-16T02:00:00Z","2021-08-16","-121.382","39.872","1355.6","27.36","21.49","1.59","273.2","-1.587521","0.088756",,"0.06","False","NASA_POWER_hourly"
"2021-08-16T03:00:00Z","2021-08-16","-121.382","39.872","1355.6","26.59","22.3","1.11","280.9","-1.089974","0.209896",,"0","False","NASA_POWER_hourly"
"2021-08-16T04:00:00Z","2021-08-16","-121.382","39.872","1355.6","26.1","22.35","1.12","276.2","-1.113449","0.120959",,"0","False","NASA_POWER_hourly"
"2021-08-16T05:00:00Z","2021-08-16","-121.382","39.872","1355.6","25.62","22.44","1.24","264","-1.233207","-0.129615",,"0","False","NASA_POWER_hourly"
"2021-08-16T06:00:00Z","2021-08-16","-121.382","39.872","1355.6","25.53","22.13","1.06","271.6","-1.059587","0.029597",,"0","False","NASA_POWER_hourly"
"2021-08-16T07:00:00Z","2021-08-16","-121.382","39.872","1355.6","25.5","21.74","1.18","316.7","-0.809266","0.858772",,"0","False","NASA_POWER_hourly"
"2021-08-16T08:00:00Z","2021-08-16","-121.382","39.872","1355.6","24.71","22.46","1.69","338.1","-0.630349","1.568043",,"0","False","NASA_POWER_hourly"
"2021-08-16T09:00:00Z","2021-08-16","-121.382","39.872","1355.6","23.56","24.62","1.91","343.8","-0.532873","1.834161",,"0","False","NASA_POWER_hourly"
"2021-08-16T10:00:00Z","2021-08-16","-121.382","39.872","1355.6","22.42","28","1.96","356.5","-0.119655","1.956344",,"0","False","NASA_POWER_hourly"
"2021-08-16T11:00:00Z","2021-08-16","-121.382","39.872","1355.6","21.7","31.22","1.94","11.9","0.400036","1.898307",,"0","False","NASA_POWER_hourly"
"2021-08-16T12:00:00Z","2021-08-16","-121.382","39.872","1355.6","21.44","33.55","1.84","24.8","0.771792","1.670311",,"0","False","NASA_POWER_hourly"
"2021-08-16T13:00:00Z","2021-08-16","-121.382","39.872","1355.6","21.7","34.45","1.61","34.9","0.921155","1.320445",,"0.03","False","NASA_POWER_hourly"
"2021-08-16T14:00:00Z","2021-08-16","-121.382","39.872","1355.6","23.07","32.48","1.26","50.1","0.966628","0.808227",,"0.29","False","NASA_POWER_hourly"
"2021-08-16T15:00:00Z","2021-08-16","-121.382","39.872","1355.6","25.29","28.6","0.78","76.7","0.75908","0.179439",,"0.65","False","NASA_POWER_hourly"
"2021-08-16T16:00:00Z","2021-08-16","-121.382","39.872","1355.6","28.94","21.91","0.56","217.7","-0.342455","-0.443085",,"1.18","False","NASA_POWER_hourly"
"2021-08-16T17:00:00Z","2021-08-16","-121.382","39.872","1355.6","31.43","17.43","1.76","236.9","-1.474385","-0.961139",,"1.86","False","NASA_POWER_hourly"
"2021-08-16T18:00:00Z","2021-08-16","-121.382","39.872","1355.6","33.33","14.74","2.66","239","-2.280065","-1.370001",,"2.41","False","NASA_POWER_hourly"
"2021-08-16T19:00:00Z","2021-08-16","-121.382","39.872","1355.6","34.07","13.7","3.37","239.5","-2.90369","-1.710404",,"2.81","False","NASA_POWER_hourly"
"2021-08-16T20:00:00Z","2021-08-16","-121.382","39.872","1355.6","34.25","13.38","3.66","239.1","-3.140518","-1.879561",,"2.64","False","NASA_POWER_hourly"
"2021-08-16T21:00:00Z","2021-08-16","-121.382","39.872","1355.6","34.36","13.34","3.67","237.3","-3.088345","-1.982682",,"2.53","False","NASA_POWER_hourly"
"2021-08-16T22:00:00Z","2021-08-16","-121.382","39.872","1355.6","33.92","13.69","3.46","234.5","-2.81684","-2.009232",,"2.22","False","NASA_POWER_hourly"
"2021-08-16T23:00:00Z","2021-08-16","-121.382","39.872","1355.6","33.26","14.01","3.31","231.5","-2.590433","-2.060523",,"1.75","False","NASA_POWER_hourly"
"2021-08-17T00:00:00Z","2021-08-17","-121.382","39.872","1355.6","32.12","14.7","3.04","227","-2.223315","-2.073275",,"1.16","False","NASA_POWER_hourly"
"2021-08-17T01:00:00Z","2021-08-17","-121.382","39.872","1355.6","30.05","16.6","2.42","222.3","-1.62869","-1.789907",,"0.57","False","NASA_POWER_hourly"
"2021-08-17T02:00:00Z","2021-08-17","-121.382","39.872","1355.6","25","22.79","1.46","216.9","-0.876614","-1.16754",,"0.1","False","NASA_POWER_hourly"
"2021-08-17T03:00:00Z","2021-08-17","-121.382","39.872","1355.6","22.5","27.1","1.28","222.8","-0.869685","-0.939174",,"0","False","NASA_POWER_hourly"
"2021-08-17T04:00:00Z","2021-08-17","-121.382","39.872","1355.6","22.37","27.73","1.07","219.3","-0.677718","-0.828009",,"0","False","NASA_POWER_hourly"
"2021-08-17T05:00:00Z","2021-08-17","-121.382","39.872","1355.6","21.56","29.45","1.11","174.9","0.098673","-1.105606",,"0","False","NASA_POWER_hourly"
"2021-08-17T06:00:00Z","2021-08-17","-121.382","39.872","1355.6","19.74","33.6","1.47","155","0.621249","-1.332272",,"0","False","NASA_POWER_hourly"
"2021-08-17T07:00:00Z","2021-08-17","-121.382","39.872","1355.6","18.57","38.33","1.2","149","0.618046","-1.028601",,"0","False","NASA_POWER_hourly"
"2021-08-17T08:00:00Z","2021-08-17","-121.382","39.872","1355.6","17.92","41.25","0.86","132.6","0.633043","-0.582113",,"0","False","NASA_POWER_hourly"
"2021-08-17T09:00:00Z","2021-08-17","-121.382","39.872","1355.6","17.59","43.07","0.81","119.7","0.703592","-0.401322",,"0","False","NASA_POWER_hourly"
"2021-08-17T10:00:00Z","2021-08-17","-121.382","39.872","1355.6","17.05","45.62","0.67","125.3","0.546812","-0.387165",,"0","False","NASA_POWER_hourly"
"2021-08-17T11:00:00Z","2021-08-17","-121.382","39.872","1355.6","16.08","49.73","0.8","138.5","0.530096","-0.599165",,"0","False","NASA_POWER_hourly"
"2021-08-17T12:00:00Z","2021-08-17","-121.382","39.872","1355.6","15.12","53.92","0.98","142.9","0.591144","-0.781632",,"0","False","NASA_POWER_hourly"
"2021-08-17T13:00:00Z","2021-08-17","-121.382","39.872","1355.6","14.46","56.93","1.09","153.2","0.491457","-0.972919",,"0.03","False","NASA_POWER_hourly"
"2021-08-17T14:00:00Z","2021-08-17","-121.382","39.872","1355.6","15.96","50.8","0.89","178.1","0.029508","-0.889511",,"0.37","False","NASA_POWER_hourly"
"2021-08-17T15:00:00Z","2021-08-17","-121.382","39.872","1355.6","18.49","41.48","1.22","196.7","-0.35058","-1.168543",,"0.82","False","NASA_POWER_hourly"
"2021-08-17T16:00:00Z","2021-08-17","-121.382","39.872","1355.6","20.94","33.35","1.67","213","-0.909547","-1.40058",,"1.38","False","NASA_POWER_hourly"
"2021-08-17T17:00:00Z","2021-08-17","-121.382","39.872","1355.6","23.27","28.45","2.15","235.8","-1.778223","-1.208479",,"2","False","NASA_POWER_hourly"
"2021-08-17T18:00:00Z","2021-08-17","-121.382","39.872","1355.6","25.11","26.08","2.7","248.3","-2.508658","-0.998316",,"2.85","False","NASA_POWER_hourly"
"2021-08-17T19:00:00Z","2021-08-17","-121.382","39.872","1355.6","26.36","24.25","3.05","250.1","-2.867879","-1.038158",,"3.1","False","NASA_POWER_hourly"
"2021-08-17T20:00:00Z","2021-08-17","-121.382","39.872","1355.6","27.09","22.84","3.26","253.2","-3.120862","-0.942244",,"2.87","False","NASA_POWER_hourly"
"2021-08-17T21:00:00Z","2021-08-17","-121.382","39.872","1355.6","27.79","21.44","3.3","256.5","-3.208821","-0.77037",,"2.61","False","NASA_POWER_hourly"
"2021-08-17T22:00:00Z","2021-08-17","-121.382","39.872","1355.6","27.56","21.16","3.18","260.4","-3.135467","-0.530325",,"2.34","False","NASA_POWER_hourly"
"2021-08-17T23:00:00Z","2021-08-17","-121.382","39.872","1355.6","26.96","20.98","2.97","266.5","-2.96446","-0.181314",,"1.84","False","NASA_POWER_hourly"
"2021-08-18T00:00:00Z","2021-08-18","-121.382","39.872","1355.6","26","20.85","2.64","274.8","-2.630741","0.22091",,"1.22","False","NASA_POWER_hourly"
"2021-08-18T01:00:00Z","2021-08-18","-121.382","39.872","1355.6","24.06","21.9","1.86","280.2","-1.830604","0.329378",,"0.61","False","NASA_POWER_hourly"
"2021-08-18T02:00:00Z","2021-08-18","-121.382","39.872","1355.6","19.36","28.46","1.48","286.1","-1.421953","0.410426",,"0.11","False","NASA_POWER_hourly"
"2021-08-18T03:00:00Z","2021-08-18","-121.382","39.872","1355.6","16.89","31.98","1.67","304.7","-1.372981","0.950697",,"0","False","NASA_POWER_hourly"
"2021-08-18T04:00:00Z","2021-08-18","-121.382","39.872","1355.6","15.82","31.58","1.77","328.4","-0.927455","1.507557",,"0","False","NASA_POWER_hourly"
"2021-08-18T05:00:00Z","2021-08-18","-121.382","39.872","1355.6","15.18","29.79","2.11","357.6","-0.088358","2.108149",,"0","False","NASA_POWER_hourly"
"2021-08-18T06:00:00Z","2021-08-18","-121.382","39.872","1355.6","14.17","29.83","2.33","19.8","0.789259","2.192252",,"0","False","NASA_POWER_hourly"
"2021-08-18T07:00:00Z","2021-08-18","-121.382","39.872","1355.6","12.76","32.61","2.45","37.2","1.481268","1.951498",,"0","False","NASA_POWER_hourly"
"2021-08-18T08:00:00Z","2021-08-18","-121.382","39.872","1355.6","11.8","35.03","2.32","48.1","1.726803","1.549372",,"0","False","NASA_POWER_hourly"
"2021-08-18T09:00:00Z","2021-08-18","-121.382","39.872","1355.6","11.59","35.62","2.27","48.7","1.70537","1.498204",,"0","False","NASA_POWER_hourly"
"2021-08-18T10:00:00Z","2021-08-18","-121.382","39.872","1355.6","11.48","36.39","2.62","48.7","1.968312","1.729204",,"0","False","NASA_POWER_hourly"
"2021-08-18T11:00:00Z","2021-08-18","-121.382","39.872","1355.6","11.53","38.11","3.02","49.8","2.306664","1.949282",,"0","False","NASA_POWER_hourly"
"2021-08-18T12:00:00Z","2021-08-18","-121.382","39.872","1355.6","10.83","43.33","3.15","50.1","2.41657","2.020566",,"0","False","NASA_POWER_hourly"
"2021-08-18T13:00:00Z","2021-08-18","-121.382","39.872","1355.6","10.43","48.88","3.32","51.7","2.605458","2.057666",,"0.03","False","NASA_POWER_hourly"
"2021-08-18T14:00:00Z","2021-08-18","-121.382","39.872","1355.6","11.34","49.81","3.51","54","2.83965","2.063126",,"0.35","False","NASA_POWER_hourly"
"2021-08-18T15:00:00Z","2021-08-18","-121.382","39.872","1355.6","13.48","45.43","4.1","59.4","3.529042","2.08707",,"0.79","False","NASA_POWER_hourly"
"2021-08-18T16:00:00Z","2021-08-18","-121.382","39.872","1355.6","15.84","37.11","3.92","62.8","3.486512","1.791824",,"1.19","False","NASA_POWER_hourly"
"2021-08-18T17:00:00Z","2021-08-18","-121.382","39.872","1355.6","18.09","29.99","3.63","65.1","3.29257","1.52836",,"1.84","False","NASA_POWER_hourly"
"2021-08-18T18:00:00Z","2021-08-18","-121.382","39.872","1355.6","20.42","24.5","3.24","63","2.886861","1.470929",,"2.37","False","NASA_POWER_hourly"
"2021-08-18T19:00:00Z","2021-08-18","-121.382","39.872","1355.6","21.57","21.81","2.87","56.4","2.390484","1.588234",,"2.73","False","NASA_POWER_hourly"
"2021-08-18T20:00:00Z","2021-08-18","-121.382","39.872","1355.6","21.84","21.03","2.74","48.4","2.048967","1.819158",,"2.18","False","NASA_POWER_hourly"
"2021-08-18T21:00:00Z","2021-08-18","-121.382","39.872","1355.6","23.93","18.02","2.75","44.3","1.920642","1.968155",,"2.14","False","NASA_POWER_hourly"
"2021-08-18T22:00:00Z","2021-08-18","-121.382","39.872","1355.6","23.65","17.33","2.55","38","1.569937","2.009427",,"1.87","False","NASA_POWER_hourly"
"2021-08-18T23:00:00Z","2021-08-18","-121.382","39.872","1355.6","22.58","17.94","2.3","31.1","1.188027","1.969414",,"1.37","False","NASA_POWER_hourly"
"2021-08-19T00:00:00Z","2021-08-19","-121.382","39.872","1355.6","20.43","20.7","1.98","28","0.929554","1.748236",,"0.82","False","NASA_POWER_hourly"
"2021-08-19T01:00:00Z","2021-08-19","-121.382","39.872","1355.6","18.12","24.7","2.08","28.8","1.002048","1.822718",,"0.42","False","NASA_POWER_hourly"
"2021-08-19T02:00:00Z","2021-08-19","-121.382","39.872","1355.6","16.34","28.84","2","31.9","1.056877","1.697943",,"0.08","False","NASA_POWER_hourly"
"2021-08-19T03:00:00Z","2021-08-19","-121.382","39.872","1355.6","15.75","31.44","2.34","36.7","1.398443","1.876155",,"0","False","NASA_POWER_hourly"
"2021-08-19T04:00:00Z","2021-08-19","-121.382","39.872","1355.6","15.59","33.73","2.62","39.3","1.659458","2.027461",,"0","False","NASA_POWER_hourly"
"2021-08-19T05:00:00Z","2021-08-19","-121.382","39.872","1355.6","14.71","38.1","2.67","40.9","1.748158","2.018129",,"0","False","NASA_POWER_hourly"
"2021-08-19T06:00:00Z","2021-08-19","-121.382","39.872","1355.6","13.89","42.62","2.55","44","1.771379","1.834316",,"0","False","NASA_POWER_hourly"
"2021-08-19T07:00:00Z","2021-08-19","-121.382","39.872","1355.6","13.38","46.4","2.59","46.3","1.872485","1.789385",,"0","False","NASA_POWER_hourly"
"2021-08-19T08:00:00Z","2021-08-19","-121.382","39.872","1355.6","12.98","49.66","2.62","47.2","1.922372","1.780136",,"0","False","NASA_POWER_hourly"
"2021-08-19T09:00:00Z","2021-08-19","-121.382","39.872","1355.6","12.62","52.64","2.66","47.4","1.958018","1.80049",,"0","False","NASA_POWER_hourly"
"2021-08-19T10:00:00Z","2021-08-19","-121.382","39.872","1355.6","12.27","55.1","2.69","48.3","2.008457","1.78947",,"0","False","NASA_POWER_hourly"
"2021-08-19T11:00:00Z","2021-08-19","-121.382","39.872","1355.6","11.85","57.64","2.7","49.1","2.040804","1.7678",,"0","False","NASA_POWER_hourly"
"2021-08-19T12:00:00Z","2021-08-19","-121.382","39.872","1355.6","11.45","59.9","2.67","48.8","2.008948","1.758701",,"0","False","NASA_POWER_hourly"
"2021-08-19T13:00:00Z","2021-08-19","-121.382","39.872","1355.6","11.24","61.37","2.72","48","2.021354","1.820035",,"0.04","False","NASA_POWER_hourly"
"2021-08-19T14:00:00Z","2021-08-19","-121.382","39.872","1355.6","12.92","55.23","2.68","47.7","1.982211","1.803674",,"0.42","False","NASA_POWER_hourly"
"2021-08-19T15:00:00Z","2021-08-19","-121.382","39.872","1355.6","16.32","43.31","2.75","53.7","2.216303","1.628036",,"0.9","False","NASA_POWER_hourly"
"2021-08-19T16:00:00Z","2021-08-19","-121.382","39.872","1355.6","19.42","32.27","2.69","55","2.203519","1.542921",,"1.37","False","NASA_POWER_hourly"
"2021-08-19T17:00:00Z","2021-08-19","-121.382","39.872","1355.6","21.98","24.79","2.33","48.3","1.739667","1.549987",,"1.91","False","NASA_POWER_hourly"
"2021-08-19T18:00:00Z","2021-08-19","-121.382","39.872","1355.6","24.12","20.26","2.08","40.5","1.350852","1.581644",,"2.82","False","NASA_POWER_hourly"
"2021-08-19T19:00:00Z","2021-08-19","-121.382","39.872","1355.6","25.45","17.98","1.91","34.8","1.090063","1.568395",,"2.75","False","NASA_POWER_hourly"
"2021-08-19T20:00:00Z","2021-08-19","-121.382","39.872","1355.6","26.12","17.02","1.77","29.7","0.876962","1.537478",,"2.68","False","NASA_POWER_hourly"
"2021-08-19T21:00:00Z","2021-08-19","-121.382","39.872","1355.6","27.16","15.89","1.68","28.4","0.799049","1.47781",,"2.52","False","NASA_POWER_hourly"
"2021-08-19T22:00:00Z","2021-08-19","-121.382","39.872","1355.6","26.92","15.95","1.59","27.7","0.739099","1.407776",,"2.12","False","NASA_POWER_hourly"
"2021-08-19T23:00:00Z","2021-08-19","-121.382","39.872","1355.6","26.17","16.55","1.52","27.1","0.692428","1.353123",,"1.5","False","NASA_POWER_hourly"
"2021-08-20T00:00:00Z","2021-08-20","-121.382","39.872","1355.6","24.76","18.3","1.14","26.6","0.510445","1.019336",,"1.03","False","NASA_POWER_hourly"
"2021-08-20T01:00:00Z","2021-08-20","-121.382","39.872","1355.6","22.47","21.01","0.82","30.6","0.417414","0.705808",,"0.56","False","NASA_POWER_hourly"
"2021-08-20T02:00:00Z","2021-08-20","-121.382","39.872","1355.6","19.93","24.51","1.33","44.4","0.930552","0.950249",,"0.09","False","NASA_POWER_hourly"
"2021-08-20T03:00:00Z","2021-08-20","-121.382","39.872","1355.6","17.57","28.42","1.88","55.4","1.547496","1.067546",,"0","False","NASA_POWER_hourly"
"2021-08-20T04:00:00Z","2021-08-20","-121.382","39.872","1355.6","15.92","31.42","2.07","65.8","1.888089","0.848541",,"0","False","NASA_POWER_hourly"
"2021-08-20T05:00:00Z","2021-08-20","-121.382","39.872","1355.6","14.77","33.67","2.06","71.6","1.954685","0.650237",,"0","False","NASA_POWER_hourly"
"2021-08-20T06:00:00Z","2021-08-20","-121.382","39.872","1355.6","14.28","34.58","1.8","68.4","1.673598","0.662624",,"0","False","NASA_POWER_hourly"
"2021-08-20T07:00:00Z","2021-08-20","-121.382","39.872","1355.6","13.92","35.05","1.8","71.2","1.703969","0.580078",,"0","False","NASA_POWER_hourly"
"2021-08-20T08:00:00Z","2021-08-20","-121.382","39.872","1355.6","13.57","35.4","2.1","75.6","2.034025","0.522249",,"0","False","NASA_POWER_hourly"
"2021-08-20T09:00:00Z","2021-08-20","-121.382","39.872","1355.6","13.44","35.23","2.25","79.5","2.212324","0.41003",,"0","False","NASA_POWER_hourly"
"2021-08-20T10:00:00Z","2021-08-20","-121.382","39.872","1355.6","13.39","35.07","2.36","84.7","2.34991","0.217995",,"0","False","NASA_POWER_hourly"
"2021-08-20T11:00:00Z","2021-08-20","-121.382","39.872","1355.6","13.58","34.63","2.2","91","2.199665","-0.038395",,"0","False","NASA_POWER_hourly"
"2021-08-20T12:00:00Z","2021-08-20","-121.382","39.872","1355.6","13.87","33.99","1.97","96.1","1.958846","-0.20934",,"0","False","NASA_POWER_hourly"
"2021-08-20T13:00:00Z","2021-08-20","-121.382","39.872","1355.6","14.03","33.72","1.76","98.8","1.739282","-0.269255",,"0.03","False","NASA_POWER_hourly"
"2021-08-20T14:00:00Z","2021-08-20","-121.382","39.872","1355.6","15.07","31.54","1.5","97.6","1.486823","-0.198385",,"0.39","False","NASA_POWER_hourly"
"2021-08-20T15:00:00Z","2021-08-20","-121.382","39.872","1355.6","18.94","24.87","0.96","97.2","0.95243","-0.12032",,"0.9","False","NASA_POWER_hourly"
"2021-08-20T16:00:00Z","2021-08-20","-121.382","39.872","1355.6","22.84","19.21","1.01","137","0.688818","-0.738667",,"1.32","False","NASA_POWER_hourly"
"2021-08-20T17:00:00Z","2021-08-20","-121.382","39.872","1355.6","25.35","16.78","1.09","155.6","0.450284","-0.992645",,"2.06","False","NASA_POWER_hourly"
"2021-08-20T18:00:00Z","2021-08-20","-121.382","39.872","1355.6","27.05","15.35","1.12","184.6","-0.089823","-1.116392",,"2.71","False","NASA_POWER_hourly"
"2021-08-20T19:00:00Z","2021-08-20","-121.382","39.872","1355.6","28.12","14.41","1.5","210.5","-0.761308","-1.292444",,"3.01","False","NASA_POWER_hourly"
"2021-08-20T20:00:00Z","2021-08-20","-121.382","39.872","1355.6","28.43","14","2.12","225","-1.499066","-1.499066",,"2.34","False","NASA_POWER_hourly"
"2021-08-20T21:00:00Z","2021-08-20","-121.382","39.872","1355.6","28.83","13.53","2.79","229.8","-2.130991","-1.800827",,"2.54","False","NASA_POWER_hourly"
"2021-08-20T22:00:00Z","2021-08-20","-121.382","39.872","1355.6","27.9","14.24","3.26","231.2","-2.540642","-2.042728",,"2.13","False","NASA_POWER_hourly"
"2021-08-20T23:00:00Z","2021-08-20","-121.382","39.872","1355.6","26.39","15.64","3.33","232","-2.624076","-2.050153",,"1.49","False","NASA_POWER_hourly"
"2021-08-21T00:00:00Z","2021-08-21","-121.382","39.872","1355.6","24.56","17.58","2.88","231.8","-2.263268","-1.781016",,"0.93","False","NASA_POWER_hourly"
"2021-08-21T01:00:00Z","2021-08-21","-121.382","39.872","1355.6","22.23","20.49","1.88","230.6","-1.452739","-1.193293",,"0.45","False","NASA_POWER_hourly"
"2021-08-21T02:00:00Z","2021-08-21","-121.382","39.872","1355.6","17.91","27.58","1.32","204.6","-0.549491","-1.200192",,"0.07","False","NASA_POWER_hourly"
"2021-08-21T03:00:00Z","2021-08-21","-121.382","39.872","1355.6","15.76","32.62","1.51","184.5","-0.118473","-1.505345",,"0","False","NASA_POWER_hourly"
"2021-08-21T04:00:00Z","2021-08-21","-121.382","39.872","1355.6","14.97","35.54","1.51","185","-0.131605","-1.504254",,"0","False","NASA_POWER_hourly"
"2021-08-21T05:00:00Z","2021-08-21","-121.382","39.872","1355.6","13.84","41.54","1.77","182.9","-0.08955","-1.767733",,"0","False","NASA_POWER_hourly"
"2021-08-21T06:00:00Z","2021-08-21","-121.382","39.872","1355.6","13.03","47.99","1.66","183.8","-0.110015","-1.65635",,"0","False","NASA_POWER_hourly"
"2021-08-21T07:00:00Z","2021-08-21","-121.382","39.872","1355.6","12.49","52.26","1.45","182.8","-0.070832","-1.448269",,"0","False","NASA_POWER_hourly"
"2021-08-21T08:00:00Z","2021-08-21","-121.382","39.872","1355.6","12.39","53.34","1.45","182","-0.050604","-1.449117",,"0","False","NASA_POWER_hourly"
"2021-08-21T09:00:00Z","2021-08-21","-121.382","39.872","1355.6","12.65","52.32","1.49","179.2","0.020804","-1.489855",,"0","False","NASA_POWER_hourly"
"2021-08-21T10:00:00Z","2021-08-21","-121.382","39.872","1355.6","12.61","51.98","1.31","181.7","-0.038863","-1.309423",,"0","False","NASA_POWER_hourly"
"2021-08-21T11:00:00Z","2021-08-21","-121.382","39.872","1355.6","12.3","51.89","1.24","180.5","-0.010821","-1.239953",,"0","False","NASA_POWER_hourly"
"2021-08-21T12:00:00Z","2021-08-21","-121.382","39.872","1355.6","11.92","52.11","1.27","184.1","-0.090802","-1.26675",,"0","False","NASA_POWER_hourly"
"2021-08-21T13:00:00Z","2021-08-21","-121.382","39.872","1355.6","11.53","52.67","1.38","194.2","-0.338524","-1.337835",,"0.03","False","NASA_POWER_hourly"
"2021-08-21T14:00:00Z","2021-08-21","-121.382","39.872","1355.6","12.59","48.75","1.19","205.9","-0.519794","-1.070474",,"0.38","False","NASA_POWER_hourly"
"2021-08-21T15:00:00Z","2021-08-21","-121.382","39.872","1355.6","16","37.51","1.68","202.4","-0.640198","-1.553237",,"0.88","False","NASA_POWER_hourly"
"2021-08-21T16:00:00Z","2021-08-21","-121.382","39.872","1355.6","17.97","32.38","2.38","205.4","-1.020866","-2.149938",,"1.33","False","NASA_POWER_hourly"
"2021-08-21T17:00:00Z","2021-08-21","-121.382","39.872","1355.6","19.55","30.48","2.95","210.8","-1.510526","-2.533932",,"2.33","False","NASA_POWER_hourly"
"2021-08-21T18:00:00Z","2021-08-21","-121.382","39.872","1355.6","20.79","30.24","3.34","215.7","-1.949028","-2.712359",,"2.99","False","NASA_POWER_hourly"
"2021-08-21T19:00:00Z","2021-08-21","-121.382","39.872","1355.6","21.44","31.42","3.5","219.4","-2.221557","-2.704568",,"2.92","False","NASA_POWER_hourly"
"2021-08-21T20:00:00Z","2021-08-21","-121.382","39.872","1355.6","21.91","32.14","3.49","221.6","-2.317102","-2.609815",,"2.96","False","NASA_POWER_hourly"
"2021-08-21T21:00:00Z","2021-08-21","-121.382","39.872","1355.6","22.32","31.9","3.35","222","-2.241588","-2.489535",,"2.83","False","NASA_POWER_hourly"
"2021-08-21T22:00:00Z","2021-08-21","-121.382","39.872","1355.6","22.1","32.12","3.05","221.2","-2.009003","-2.294865",,"2.47","False","NASA_POWER_hourly"
"2021-08-21T23:00:00Z","2021-08-21","-121.382","39.872","1355.6","21.61","32.57","2.69","220.6","-1.750583","-2.04244",,"1.93","False","NASA_POWER_hourly"
"2021-08-22T00:00:00Z","2021-08-22","-121.382","39.872","1355.6","20.7","33.94","2.23","218.5","-1.388208","-1.745216",,"1.3","False","NASA_POWER_hourly"
"2021-08-22T01:00:00Z","2021-08-22","-121.382","39.872","1355.6","19.18","37.06","1.68","210.8","-0.860232","-1.443053",,"0.63","False","NASA_POWER_hourly"
"2021-08-22T02:00:00Z","2021-08-22","-121.382","39.872","1355.6","15.14","48.84","1.28","203.6","-0.512447","-1.172944",,"0.1","False","NASA_POWER_hourly"
"2021-08-22T03:00:00Z","2021-08-22","-121.382","39.872","1355.6","13.3","56.05","1.23","181.9","-0.040781","-1.229324",,"0","False","NASA_POWER_hourly"
"2021-08-22T04:00:00Z","2021-08-22","-121.382","39.872","1355.6","13.19","56.4","0.99","143.6","0.587485","-0.796845",,"0","False","NASA_POWER_hourly"
"2021-08-22T05:00:00Z","2021-08-22","-121.382","39.872","1355.6","12.9","56.94","1.07","100.3","1.052757","-0.191318",,"0","False","NASA_POWER_hourly"
"2021-08-22T06:00:00Z","2021-08-22","-121.382","39.872","1355.6","12.38","57.76","1.42","69","1.325684","0.508882",,"0","False","NASA_POWER_hourly"
"2021-08-22T07:00:00Z","2021-08-22","-121.382","39.872","1355.6","11.69","58.95","1.8","55.2","1.478069","1.027284",,"0","False","NASA_POWER_hourly"
"2021-08-22T08:00:00Z","2021-08-22","-121.382","39.872","1355.6","10.95","60.53","2.06","49.7","1.571097","1.332387",,"0","False","NASA_POWER_hourly"
"2021-08-22T09:00:00Z","2021-08-22","-121.382","39.872","1355.6","9.96","63.52","2.22","46.8","1.61831","1.519695",,"0","False","NASA_POWER_hourly"
"2021-08-22T10:00:00Z","2021-08-22","-121.382","39.872","1355.6","9.03","66.41","2.22","48.8","1.670361","1.462291",,"0","False","NASA_POWER_hourly"
"2021-08-22T11:00:00Z","2021-08-22","-121.382","39.872","1355.6","8.34","68.09","2.12","53.6","1.706375","1.258048",,"0","False","NASA_POWER_hourly"
"2021-08-22T12:00:00Z","2021-08-22","-121.382","39.872","1355.6","8.36","66","1.88","61.4","1.650608","0.899941",,"0","False","NASA_POWER_hourly"
"2021-08-22T13:00:00Z","2021-08-22","-121.382","39.872","1355.6","8.32","63.93","1.95","70.2","1.834717","0.660539",,"0.03","False","NASA_POWER_hourly"
"2021-08-22T14:00:00Z","2021-08-22","-121.382","39.872","1355.6","11.96","48.64","1.74","76.4","1.691212","0.409147",,"0.49","False","NASA_POWER_hourly"
"2021-08-22T15:00:00Z","2021-08-22","-121.382","39.872","1355.6","16.11","36.34","1.27","80.9","1.254016","0.200861",,"1.2","False","NASA_POWER_hourly"
"2021-08-22T16:00:00Z","2021-08-22","-121.382","39.872","1355.6","20.7","25.67","0.89","185.1","-0.079116","-0.886477",,"1.94","False","NASA_POWER_hourly"
"2021-08-22T17:00:00Z","2021-08-22","-121.382","39.872","1355.6","23.3","20.51","1.64","225.5","-1.169731","-1.149491",,"2.57","False","NASA_POWER_hourly"
"2021-08-22T18:00:00Z","2021-08-22","-121.382","39.872","1355.6","24.79","17.21","2.3","233.5","-1.848871","-1.368092",,"3.06","False","NASA_POWER_hourly"
"2021-08-22T19:00:00Z","2021-08-22","-121.382","39.872","1355.6","25.81","15.33","2.85","235.3","-2.343111","-1.622447",,"3.32","False","NASA_POWER_hourly"
"2021-08-22T20:00:00Z","2021-08-22","-121.382","39.872","1355.6","26.32","14.43","3.19","235","-2.613095","-1.829709",,"3.17","False","NASA_POWER_hourly"
"2021-08-22T21:00:00Z","2021-08-22","-121.382","39.872","1355.6","26.54","13.72","3.27","233.2","-2.618392","-1.958807",,"2.98","False","NASA_POWER_hourly"
"2021-08-22T22:00:00Z","2021-08-22","-121.382","39.872","1355.6","26.39","13.24","3.19","231.6","-2.499982","-1.981461",,"2.34","False","NASA_POWER_hourly"
"2021-08-22T23:00:00Z","2021-08-22","-121.382","39.872","1355.6","25.8","13.13","2.96","231.3","-2.310074","-1.850718",,"2.01","False","NASA_POWER_hourly"
"2021-08-23T00:00:00Z","2021-08-23","-121.382","39.872","1355.6","24.73","13.64","2.62","230.9","-2.033242","-1.652371",,"1.34","False","NASA_POWER_hourly"
"2021-08-23T01:00:00Z","2021-08-23","-121.382","39.872","1355.6","22.75","15.42","1.97","228.7","-1.47999","-1.300203",,"0.64","False","NASA_POWER_hourly"
"2021-08-23T02:00:00Z","2021-08-23","-121.382","39.872","1355.6","17.04","23.62","1.76","217.1","-1.061646","-1.403748",,"0.09","False","NASA_POWER_hourly"
"2021-08-23T03:00:00Z","2021-08-23","-121.382","39.872","1355.6","14.55","29.46","1.97","202","-0.737975","-1.826552",,"0","False","NASA_POWER_hourly"
"2021-08-23T04:00:00Z","2021-08-23","-121.382","39.872","1355.6","13.41","33.26","1.98","188.4","-0.289244","-1.958759",,"0","False","NASA_POWER_hourly"
"2021-08-23T05:00:00Z","2021-08-23","-121.382","39.872","1355.6","12.55","37.18","1.88","178.5","0.049213","-1.879356",,"0","False","NASA_POWER_hourly"
"2021-08-23T06:00:00Z","2021-08-23","-121.382","39.872","1355.6","12.2","39.89","1.64","165.9","0.399529","-1.59059",,"0","False","NASA_POWER_hourly"
"2021-08-23T07:00:00Z","2021-08-23","-121.382","39.872","1355.6","12.51","40.03","1.44","150.4","0.711276","-1.252073",,"0","False","NASA_POWER_hourly"
"2021-08-23T08:00:00Z","2021-08-23","-121.382","39.872","1355.6","13.32","37.77","1.34","140.1","0.859543","-1.028001",,"0","False","NASA_POWER_hourly"
"2021-08-23T09:00:00Z","2021-08-23","-121.382","39.872","1355.6","13.77","34.74","1.23","133","0.899565","-0.838858",,"0","False","NASA_POWER_hourly"
"2021-08-23T10:00:00Z","2021-08-23","-121.382","39.872","1355.6","13.42","34.19","1.33","119.9","1.152973","-0.662989",,"0","False","NASA_POWER_hourly"
"2021-08-23T11:00:00Z","2021-08-23","-121.382","39.872","1355.6","12.67","35.05","1.56","108.3","1.481104","-0.489828",,"0","False","NASA_POWER_hourly"
"2021-08-23T12:00:00Z","2021-08-23","-121.382","39.872","1355.6","11.76","36.62","1.82","104","1.765938","-0.440298",,"0","False","NASA_POWER_hourly"
"2021-08-23T13:00:00Z","2021-08-23","-121.382","39.872","1355.6","11.07","37.7","1.98","105.9","1.904248","-0.542439",,"0.03","False","NASA_POWER_hourly"
"2021-08-23T14:00:00Z","2021-08-23","-121.382","39.872","1355.6","12.58","33.57","1.67","114.1","1.524433","-0.681912",,"0.51","False","NASA_POWER_hourly"
"2021-08-23T15:00:00Z","2021-08-23","-121.382","39.872","1355.6","17.62","23.25","1.09","143.5","0.648357","-0.876204",,"1.25","False","NASA_POWER_hourly"
"2021-08-23T16:00:00Z","2021-08-23","-121.382","39.872","1355.6","21.33","14.72","1.65","196.2","-0.460335","-1.584485",,"1.99","False","NASA_POWER_hourly"
"2021-08-23T17:00:00Z","2021-08-23","-121.382","39.872","1355.6","23.67","10.6","2.29","210.5","-1.162263","-1.973131",,"2.64","False","NASA_POWER_hourly"
"2021-08-23T18:00:00Z","2021-08-23","-121.382","39.872","1355.6","25.24","9","2.89","217","-1.739245","-2.308057",,"3.13","False","NASA_POWER_hourly"
"2021-08-23T19:00:00Z","2021-08-23","-121.382","39.872","1355.6","25.97","8.95","3.37","219.5","-2.143584","-2.600375",,"3.39","False","NASA_POWER_hourly"
"2021-08-23T20:00:00Z","2021-08-23","-121.382","39.872","1355.6","26.19","9.77","3.59","219.6","-2.288352","-2.766143",,"3.24","False","NASA_POWER_hourly"
"2021-08-23T21:00:00Z","2021-08-23","-121.382","39.872","1355.6","26.33","10.65","3.63","218.3","-2.249798","-2.848738",,"3.04","False","NASA_POWER_hourly"
"2021-08-23T22:00:00Z","2021-08-23","-121.382","39.872","1355.6","25.81","11.77","3.45","217.3","-2.09066","-2.744384",,"2.64","False","NASA_POWER_hourly"
"2021-08-23T23:00:00Z","2021-08-23","-121.382","39.872","1355.6","24.97","12.9","3.11","216.9","-1.867307","-2.487019",,"2.06","False","NASA_POWER_hourly"
"2021-08-24T00:00:00Z","2021-08-24","-121.382","39.872","1355.6","23.74","14.08","2.71","214.9","-1.550515","-2.222612",,"1.36","False","NASA_POWER_hourly"
"2021-08-24T01:00:00Z","2021-08-24","-121.382","39.872","1355.6","21.84","15.9","2.15","210.7","-1.097667","-1.848682",,"0.65","False","NASA_POWER_hourly"
"2021-08-24T02:00:00Z","2021-08-24","-121.382","39.872","1355.6","16.43","23.47","1.6","204","-0.650779","-1.461673",,"0.09","False","NASA_POWER_hourly"
"2021-08-24T03:00:00Z","2021-08-24","-121.382","39.872","1355.6","13.72","29.01","1.91","189.4","-0.311953","-1.884353",,"0","False","NASA_POWER_hourly"
"2021-08-24T04:00:00Z","2021-08-24","-121.382","39.872","1355.6","13.07","30.74","1.98","178.3","0.058739","-1.979129",,"0","False","NASA_POWER_hourly"
"2021-08-24T05:00:00Z","2021-08-24","-121.382","39.872","1355.6","12.51","32.66","2.05","171.3","0.310085","-2.026412",,"0","False","NASA_POWER_hourly"
"2021-08-24T06:00:00Z","2021-08-24","-121.382","39.872","1355.6","12.13","34.07","2.02","162.1","0.62086","-1.922221",,"0","False","NASA_POWER_hourly"
"2021-08-24T07:00:00Z","2021-08-24","-121.382","39.872","1355.6","11.93","34.63","2","155.5","0.829386","-1.819923",,"0","False","NASA_POWER_hourly"
"2021-08-24T08:00:00Z","2021-08-24","-121.382","39.872","1355.6","11.77","34.49","2.04","156","0.829743","-1.863633",,"0","False","NASA_POWER_hourly"
"2021-08-24T09:00:00Z","2021-08-24","-121.382","39.872","1355.6","11.78","33.67","1.97","156","0.801271","-1.799685",,"0","False","NASA_POWER_hourly"
"2021-08-24T10:00:00Z","2021-08-24","-121.382","39.872","1355.6","11.43","33.43","1.91","147.6","1.023429","-1.612666",,"0","False","NASA_POWER_hourly"
"2021-08-24T11:00:00Z","2021-08-24","-121.382","39.872","1355.6","10.91","33.76","1.95","136.5","1.342291","-1.41448",,"0","False","NASA_POWER_hourly"
"2021-08-24T12:00:00Z","2021-08-24","-121.382","39.872","1355.6","10.36","34.15","2.08","128.7","1.623295","-1.300505",,"0","False","NASA_POWER_hourly"
"2021-08-24T13:00:00Z","2021-08-24","-121.382","39.872","1355.6","10.34","32.77","2.15","132","1.597761","-1.438631",,"0.03","False","NASA_POWER_hourly"
"2021-08-24T14:00:00Z","2021-08-24","-121.382","39.872","1355.6","12.39","27.37","1.79","141.1","1.124054","-1.393055",,"0.52","False","NASA_POWER_hourly"
"2021-08-24T15:00:00Z","2021-08-24","-121.382","39.872","1355.6","18.22","17.3","1.48","169.5","0.269709","-1.455217",,"1.26","False","NASA_POWER_hourly"
"2021-08-24T16:00:00Z","2021-08-24","-121.382","39.872","1355.6","21.62","11.55","2.26","197","-0.66076","-2.161249",,"2","False","NASA_POWER_hourly"
"2021-08-24T17:00:00Z","2021-08-24","-121.382","39.872","1355.6","23.6","9.34","2.73","205.6","-1.179594","-2.462003",,"2.63","False","NASA_POWER_hourly"
"2021-08-24T18:00:00Z","2021-08-24","-121.382","39.872","1355.6","24.84","8.8","3.19","211.1","-1.647741","-2.731492",,"3.1","False","NASA_POWER_hourly"
"2021-08-24T19:00:00Z","2021-08-24","-121.382","39.872","1355.6","25.63","8.9","3.47","214.6","-1.970418","-2.856283",,"3.37","False","NASA_POWER_hourly"
"2021-08-24T20:00:00Z","2021-08-24","-121.382","39.872","1355.6","26.12","9.14","3.6","216.1","-2.121107","-2.908764",,"3.25","False","NASA_POWER_hourly"
"2021-08-24T21:00:00Z","2021-08-24","-121.382","39.872","1355.6","26.37","9.61","3.66","216","-2.151294","-2.961002",,"3.05","False","NASA_POWER_hourly"
"2021-08-24T22:00:00Z","2021-08-24","-121.382","39.872","1355.6","26.15","10.51","3.59","216.4","-2.130374","-2.889569",,"2.66","False","NASA_POWER_hourly"
"2021-08-24T23:00:00Z","2021-08-24","-121.382","39.872","1355.6","25.5","11.68","3.37","216.4","-1.999822","-2.712492",,"2.08","False","NASA_POWER_hourly"
"2021-08-25T00:00:00Z","2021-08-25","-121.382","39.872","1355.6","24.39","13.21","3.02","215.8","-1.766572","-2.449413",,"1.39","False","NASA_POWER_hourly"
"2021-08-25T01:00:00Z","2021-08-25","-121.382","39.872","1355.6","22.51","15.45","2.44","214.5","-1.382031","-2.010868",,"0.67","False","NASA_POWER_hourly"
"2021-08-25T02:00:00Z","2021-08-25","-121.382","39.872","1355.6","16.93","23.01","1.78","210.5","-0.903418","-1.5337",,"0.09","False","NASA_POWER_hourly"
"2021-08-25T03:00:00Z","2021-08-25","-121.382","39.872","1355.6","13.77","29.34","2.14","199.6","-0.717866","-2.016003",,"0","False","NASA_POWER_hourly"
"2021-08-25T04:00:00Z","2021-08-25","-121.382","39.872","1355.6","13.12","31.18","2.12","184.1","-0.151575","-2.114574",,"0","False","NASA_POWER_hourly"
"2021-08-25T05:00:00Z","2021-08-25","-121.382","39.872","1355.6","12.56","32.25","2.17","171.8","0.309505","-2.147814",,"0","False","NASA_POWER_hourly"
"2021-08-25T06:00:00Z","2021-08-25","-121.382","39.872","1355.6","12.08","33.09","2.2","160.1","0.748835","-2.068634",,"0","False","NASA_POWER_hourly"
"2021-08-25T07:00:00Z","2021-08-25","-121.382","39.872","1355.6","11.67","34","2.29","153.5","1.021793","-2.0494",,"0","False","NASA_POWER_hourly"
"2021-08-25T08:00:00Z","2021-08-25","-121.382","39.872","1355.6","11.12","36.1","2.45","157.7","0.929668","-2.266764",,"0","False","NASA_POWER_hourly"
"2021-08-25T09:00:00Z","2021-08-25","-121.382","39.872","1355.6","10.82","38","2.54","164.9","0.661681","-2.4523",,"0","False","NASA_POWER_hourly"
"2021-08-25T10:00:00Z","2021-08-25","-121.382","39.872","1355.6","10.89","38.67","2.45","167","0.55113","-2.387207",,"0","False","NASA_POWER_hourly"
"2021-08-25T11:00:00Z","2021-08-25","-121.382","39.872","1355.6","10.72","39.65","2.42","167.1","0.540265","-2.358922",,"0","False","NASA_POWER_hourly"
"2021-08-25T12:00:00Z","2021-08-25","-121.382","39.872","1355.6","10.81","39.53","2.36","168","0.490672","-2.308428",,"0","False","NASA_POWER_hourly"
"2021-08-25T13:00:00Z","2021-08-25","-121.382","39.872","1355.6","11.16","38.32","2.3","170","0.399391","-2.265058",,"0.03","False","NASA_POWER_hourly"
"2021-08-25T14:00:00Z","2021-08-25","-121.382","39.872","1355.6","13.38","32.77","1.87","173.6","0.208447","-1.858346",,"0.53","False","NASA_POWER_hourly"
"2021-08-25T15:00:00Z","2021-08-25","-121.382","39.872","1355.6","19.26","22.97","1.7","185.7","-0.168844","-1.691594",,"1.28","False","NASA_POWER_hourly"
"2021-08-25T16:00:00Z","2021-08-25","-121.382","39.872","1355.6","21.88","20.13","2.1","198.6","-0.669815","-1.990314",,"2.01","False","NASA_POWER_hourly"
"2021-08-25T17:00:00Z","2021-08-25","-121.382","39.872","1355.6","23.65","17.46","2.44","207.3","-1.119105","-2.168226",,"2.63","False","NASA_POWER_hourly"
"2021-08-25T18:00:00Z","2021-08-25","-121.382","39.872","1355.6","24.72","16.03","2.85","216.4","-1.691244","-2.293947",,"3.09","False","NASA_POWER_hourly"
"2021-08-25T19:00:00Z","2021-08-25","-121.382","39.872","1355.6","25.57","15.02","3.11","222.4","-2.09708","-2.296596",,"3.36","False","NASA_POWER_hourly"
"2021-08-25T20:00:00Z","2021-08-25","-121.382","39.872","1355.6","26.34","14.06","3.19","223.9","-2.211952","-2.298558",,"3.25","False","NASA_POWER_hourly"
"2021-08-25T21:00:00Z","2021-08-25","-121.382","39.872","1355.6","26.99","13.1","3.32","223.7","-2.29373","-2.400251",,"3.07","False","NASA_POWER_hourly"
"2021-08-25T22:00:00Z","2021-08-25","-121.382","39.872","1355.6","26.59","12.85","3.3","224.6","-2.317105","-2.349686",,"2.67","False","NASA_POWER_hourly"
"2021-08-25T23:00:00Z","2021-08-25","-121.382","39.872","1355.6","25.81","12.92","3.03","227.1","-2.219605","-2.062584",,"2.09","False","NASA_POWER_hourly"
"2021-08-26T00:00:00Z","2021-08-26","-121.382","39.872","1355.6","24.68","13.19","2.57","232.4","-2.036184","-1.568073",,"1.39","False","NASA_POWER_hourly"
"2021-08-26T01:00:00Z","2021-08-26","-121.382","39.872","1355.6","22.81","14.26","1.76","237","-1.47606","-0.958565",,"0.66","False","NASA_POWER_hourly"
"2021-08-26T02:00:00Z","2021-08-26","-121.382","39.872","1355.6","18.06","19.47","1.52","239","-1.302894","-0.782858",,"0.08","False","NASA_POWER_hourly"
"2021-08-26T03:00:00Z","2021-08-26","-121.382","39.872","1355.6","17.56","20.03","0.97","216.6","-0.578338","-0.778733",,"0","False","NASA_POWER_hourly"
"2021-08-26T04:00:00Z","2021-08-26","-121.382","39.872","1355.6","17.22","20.26","0.88","180","0","-0.88",,"0","False","NASA_POWER_hourly"
"2021-08-26T05:00:00Z","2021-08-26","-121.382","39.872","1355.6","16.46","20.96","0.74","173","0.090183","-0.734484",,"0","False","NASA_POWER_hourly"
"2021-08-26T06:00:00Z","2021-08-26","-121.382","39.872","1355.6","16.21","20.92","0.2","168.7","0.039189","-0.196123",,"0","False","NASA_POWER_hourly"
"2021-08-26T07:00:00Z","2021-08-26","-121.382","39.872","1355.6","16.27","20.39","0.22","18.4","0.069443","0.208753",,"0","False","NASA_POWER_hourly"
"2021-08-26T08:00:00Z","2021-08-26","-121.382","39.872","1355.6","16.37","19.81","0.44","13.1","0.099727","0.428549",,"0","False","NASA_POWER_hourly"
"2021-08-26T09:00:00Z","2021-08-26","-121.382","39.872","1355.6","16.2","19.72","0.91","7","0.110901","0.903217",,"0","False","NASA_POWER_hourly"
"2021-08-26T10:00:00Z","2021-08-26","-121.382","39.872","1355.6","15.52","20.51","1.41","13.1","0.319578","1.373306",,"0","False","NASA_POWER_hourly"
"2021-08-26T11:00:00Z","2021-08-26","-121.382","39.872","1355.6","14.79","21.5","1.64","28.4","0.780024","1.442624",,"0","False","NASA_POWER_hourly"
"2021-08-26T12:00:00Z","2021-08-26","-121.382","39.872","1355.6","13.32","23.83","1.98","38.7","1.23798","1.545252",,"0","False","NASA_POWER_hourly"
"2021-08-26T13:00:00Z","2021-08-26","-121.382","39.872","1355.6","11.82","26.81","2.29","47","1.6748","1.561776",,"0.02","False","NASA_POWER_hourly"
"2021-08-26T14:00:00Z","2021-08-26","-121.382","39.872","1355.6","13.14","25.14","1.89","60.9","1.65143","0.919174",,"0.46","False","NASA_POWER_hourly"
"2021-08-26T15:00:00Z","2021-08-26","-121.382","39.872","1355.6","18.99","17.49","1.48","71.9","1.406763","0.459801",,"1.16","False","NASA_POWER_hourly"
"2021-08-26T16:00:00Z","2021-08-26","-121.382","39.872","1355.6","23.59","11.38","0.53","82.5","0.525466","0.069179",,"1.86","False","NASA_POWER_hourly"
"2021-08-26T17:00:00Z","2021-08-26","-121.382","39.872","1355.6","26.4","8.82","0.41","244.1","-0.368819","-0.179089",,"2.46","False","NASA_POWER_hourly"
"2021-08-26T18:00:00Z","2021-08-26","-121.382","39.872","1355.6","28.33","7.8","1.14","252","-1.084204","-0.352279",,"2.92","False","NASA_POWER_hourly"
"2021-08-26T19:00:00Z","2021-08-26","-121.382","39.872","1355.6","29.62","7.37","1.8","252.6","-1.717633","-0.538273",,"3.15","False","NASA_POWER_hourly"
"2021-08-26T20:00:00Z","2021-08-26","-121.382","39.872","1355.6","30.35","7.32","2.32","253.4","-2.223308","-0.662797",,"3.06","False","NASA_POWER_hourly"
"2021-08-26T21:00:00Z","2021-08-26","-121.382","39.872","1355.6","30.76","7.45","2.74","252.4","-2.611742","-0.828494",,"2.85","False","NASA_POWER_hourly"
"2021-08-26T22:00:00Z","2021-08-26","-121.382","39.872","1355.6","30.34","8.02","2.96","253.7","-2.841024","-0.830773",,"2.44","False","NASA_POWER_hourly"
"2021-08-26T23:00:00Z","2021-08-26","-121.382","39.872","1355.6","29.36","8.96","2.95","257.5","-2.880073","-0.638497",,"1.86","False","NASA_POWER_hourly"
"2021-08-27T00:00:00Z","2021-08-27","-121.382","39.872","1355.6","27.85","10.48","2.66","263.1","-2.640735","-0.319564",,"1.19","False","NASA_POWER_hourly"
"2021-08-27T01:00:00Z","2021-08-27","-121.382","39.872","1355.6","24.84","13.4","1.68","268","-1.678977","-0.058631",,"0.53","False","NASA_POWER_hourly"
"2021-08-27T02:00:00Z","2021-08-27","-121.382","39.872","1355.6","19.71","19.4","1.74","283.3","-1.693331","0.400287",,"0.06","False","NASA_POWER_hourly"
"2021-08-27T03:00:00Z","2021-08-27","-121.382","39.872","1355.6","18.72","21.54","1.61","327.4","-0.867421","1.356348",,"0","False","NASA_POWER_hourly"
"2021-08-27T04:00:00Z","2021-08-27","-121.382","39.872","1355.6","17.33","24.64","1.91","357","-0.099962","1.907382",,"0","False","NASA_POWER_hourly"
"2021-08-27T05:00:00Z","2021-08-27","-121.382","39.872","1355.6","16.2","27.6","2.13","8.1","0.30012","2.10875",,"0","False","NASA_POWER_hourly"
"2021-08-27T06:00:00Z","2021-08-27","-121.382","39.872","1355.6","14.99","31.12","2.27","17.2","0.671257","2.168482",,"0","False","NASA_POWER_hourly"
"2021-08-27T07:00:00Z","2021-08-27","-121.382","39.872","1355.6","13.81","35.42","2.29","28.1","1.078617","2.020071",,"0","False","NASA_POWER_hourly"
"2021-08-27T08:00:00Z","2021-08-27","-121.382","39.872","1355.6","13.32","38.91","2.58","40.1","1.661839","1.973497",,"0","False","NASA_POWER_hourly"
"2021-08-27T09:00:00Z","2021-08-27","-121.382","39.872","1355.6","12.95","42.35","2.24","48.3","1.67247","1.490116",,"0","False","NASA_POWER_hourly"
"2021-08-27T10:00:00Z","2021-08-27","-121.382","39.872","1355.6","13.22","43.96","2.32","52.3","1.835639","1.418743",,"0","False","NASA_POWER_hourly"
"2021-08-27T11:00:00Z","2021-08-27","-121.382","39.872","1355.6","14.17","43.11","2.67","54","2.160075","1.569387",,"0","False","NASA_POWER_hourly"
"2021-08-27T12:00:00Z","2021-08-27","-121.382","39.872","1355.6","13.93","45.16","2.7","55.3","2.219789","1.537055",,"0","False","NASA_POWER_hourly"
"2021-08-27T13:00:00Z","2021-08-27","-121.382","39.872","1355.6","13.83","46.85","2.77","56.7","2.315186","1.520793",,"0.02","False","NASA_POWER_hourly"
"2021-08-27T14:00:00Z","2021-08-27","-121.382","39.872","1355.6","15.58","43.26","2.77","58.7","2.366851","1.439068",,"0.32","False","NASA_POWER_hourly"
"2021-08-27T15:00:00Z","2021-08-27","-121.382","39.872","1355.6","18.91","36.18","2.66","60.7","2.319704","1.301757",,"0.78","False","NASA_POWER_hourly"
"2021-08-27T16:00:00Z","2021-08-27","-121.382","39.872","1355.6","23.16","26.31","2.28","70.3","2.146553","0.768577",,"1.35","False","NASA_POWER_hourly"
"2021-08-27T17:00:00Z","2021-08-27","-121.382","39.872","1355.6","26.31","19.49","1.6","73.3","1.532516","0.459777",,"2.15","False","NASA_POWER_hourly"
"2021-08-27T18:00:00Z","2021-08-27","-121.382","39.872","1355.6","28.55","15.82","0.98","72.1","0.932563","0.301209",,"2.64","False","NASA_POWER_hourly"
"2021-08-27T19:00:00Z","2021-08-27","-121.382","39.872","1355.6","30.26","13.56","0.4","64.7","0.361633","0.170943",,"3","False","NASA_POWER_hourly"
"2021-08-27T20:00:00Z","2021-08-27","-121.382","39.872","1355.6","31.25","12.32","0.19","288.4","-0.180286","0.059973",,"2.28","False","NASA_POWER_hourly"
"2021-08-27T21:00:00Z","2021-08-27","-121.382","39.872","1355.6","31.9","11.51","0.65","260.2","-0.640515","-0.110636",,"2.41","False","NASA_POWER_hourly"
"2021-08-27T22:00:00Z","2021-08-27","-121.382","39.872","1355.6","31.67","11.45","1.05","257.9","-1.026672","-0.220099",,"2.03","False","NASA_POWER_hourly"
"2021-08-27T23:00:00Z","2021-08-27","-121.382","39.872","1355.6","30.8","12","1.26","260.4","-1.242355","-0.210129",,"1.47","False","NASA_POWER_hourly"
"2021-08-28T00:00:00Z","2021-08-28","-121.382","39.872","1355.6","29.26","13.14","1.2","258.5","-1.17591","-0.239242",,"0.93","False","NASA_POWER_hourly"
"2021-08-28T01:00:00Z","2021-08-28","-121.382","39.872","1355.6","25.74","16.56","0.98","259.4","-0.963277","-0.180272",,"0.43","False","NASA_POWER_hourly"
"2021-08-28T02:00:00Z","2021-08-28","-121.382","39.872","1355.6","23.48","19.35","0.77","275.2","-0.766831","0.069787",,"0.04","False","NASA_POWER_hourly"
"2021-08-28T03:00:00Z","2021-08-28","-121.382","39.872","1355.6","22.4","21.02","0.72","53.4","0.578029","0.429282",,"0","False","NASA_POWER_hourly"
"2021-08-28T04:00:00Z","2021-08-28","-121.382","39.872","1355.6","20.09","24.64","1.8","81.4","1.779761","0.269164",,"0","False","NASA_POWER_hourly"
"2021-08-28T05:00:00Z","2021-08-28","-121.382","39.872","1355.6","18.08","28.6","2.29","88.7","2.289411","0.051954",,"0","False","NASA_POWER_hourly"
"2021-08-28T06:00:00Z","2021-08-28","-121.382","39.872","1355.6","16.82","32.2","2.47","90.5","2.469906","-0.021555",,"0","False","NASA_POWER_hourly"
"2021-08-28T07:00:00Z","2021-08-28","-121.382","39.872","1355.6","16.1","35.36","2.26","89.7","2.259969","0.011833",,"0","False","NASA_POWER_hourly"
"2021-08-28T08:00:00Z","2021-08-28","-121.382","39.872","1355.6","15.6","38.06","2.31","86.8","2.306398","0.128948",,"0","False","NASA_POWER_hourly"
"2021-08-28T09:00:00Z","2021-08-28","-121.382","39.872","1355.6","14.72","41.18","2.41","80.9","2.379667","0.381161",,"0","False","NASA_POWER_hourly"
"2021-08-28T10:00:00Z","2021-08-28","-121.382","39.872","1355.6","13.9","43.59","2.37","75.8","2.297585","0.581379",,"0","False","NASA_POWER_hourly"
"2021-08-28T11:00:00Z","2021-08-28","-121.382","39.872","1355.6","13.76","43.29","2.1","75.4","2.032189","0.529346",,"0","False","NASA_POWER_hourly"
"2021-08-28T12:00:00Z","2021-08-28","-121.382","39.872","1355.6","14.46","39.7","2.3","76.1","2.232648","0.552524",,"0","False","NASA_POWER_hourly"
"2021-08-28T13:00:00Z","2021-08-28","-121.382","39.872","1355.6","15.61","34.4","2.61","74.9","2.519884","0.679917",,"0.02","False","NASA_POWER_hourly"
"2021-08-28T14:00:00Z","2021-08-28","-121.382","39.872","1355.6","17.33","28.82","2.68","73.3","2.566964","0.770126",,"0.26","False","NASA_POWER_hourly"
"2021-08-28T15:00:00Z","2021-08-28","-121.382","39.872","1355.6","19.93","23.43","2.73","70.3","2.570215","0.92027",,"0.69","False","NASA_POWER_hourly"
"2021-08-28T16:00:00Z","2021-08-28","-121.382","39.872","1355.6","23.84","18.65","2.45","83.4","2.433763","0.281596",,"1.11","False","NASA_POWER_hourly"
"2021-08-28T17:00:00Z","2021-08-28","-121.382","39.872","1355.6","27.49","16.23","2.22","108.7","2.102807","-0.711761",,"1.8","False","NASA_POWER_hourly"
"2021-08-28T18:00:00Z","2021-08-28","-121.382","39.872","1355.6","29.94","14.93","1.78","128.2","1.398825","-1.100767",,"2.58","False","NASA_POWER_hourly"
"2021-08-28T19:00:00Z","2021-08-28","-121.382","39.872","1355.6","31.59","13.55","1.34","157.2","0.519271","-1.235297",,"2.54","False","NASA_POWER_hourly"
"2021-08-28T20:00:00Z","2021-08-28","-121.382","39.872","1355.6","32.5","12.67","1.34","194.2","-0.328712","-1.299057",,"2.48","False","NASA_POWER_hourly"
"2021-08-28T21:00:00Z","2021-08-28","-121.382","39.872","1355.6","32.99","12.15","1.69","218","-1.040468","-1.331738",,"2.24","False","NASA_POWER_hourly"
"2021-08-28T22:00:00Z","2021-08-28","-121.382","39.872","1355.6","32.44","12.51","2.04","230.2","-1.567298","-1.305824",,"1.95","False","NASA_POWER_hourly"
"2021-08-28T23:00:00Z","2021-08-28","-121.382","39.872","1355.6","31.22","13.52","2.12","235.8","-1.753411","-1.191617",,"1.4","False","NASA_POWER_hourly"
"2021-08-29T00:00:00Z","2021-08-29","-121.382","39.872","1355.6","29.04","15.78","1.75","235.9","-1.449106","-0.981118",,"0.86","False","NASA_POWER_hourly"
"2021-08-29T01:00:00Z","2021-08-29","-121.382","39.872","1355.6","25.25","20.23","1.33","230.8","-1.030676","-0.840599",,"0.35","False","NASA_POWER_hourly"
"2021-08-29T02:00:00Z","2021-08-29","-121.382","39.872","1355.6","23.3","23.23","1","214.8","-0.570714","-0.821149",,"0.04","False","NASA_POWER_hourly"
"2021-08-29T03:00:00Z","2021-08-29","-121.382","39.872","1355.6","22.66","24.46","0.46","106.5","0.441057","-0.130647",,"0","False","NASA_POWER_hourly"
"2021-08-29T04:00:00Z","2021-08-29","-121.382","39.872","1355.6","22","25.47","1.05","65.9","0.958476","0.428747",,"0","False","NASA_POWER_hourly"
"2021-08-29T05:00:00Z","2021-08-29","-121.382","39.872","1355.6","21.78","25.65","1.34","59.6","1.155768","0.678085",,"0","False","NASA_POWER_hourly"
"2021-08-29T06:00:00Z","2021-08-29","-121.382","39.872","1355.6","21.76","25.46","1.32","60.9","1.153379","0.641963",,"0","False","NASA_POWER_hourly"
"2021-08-29T07:00:00Z","2021-08-29","-121.382","39.872","1355.6","21.59","25.4","1.17","67.4","1.080156","0.449626",,"0","False","NASA_POWER_hourly"
"2021-08-29T08:00:00Z","2021-08-29","-121.382","39.872","1355.6","21.37","25.69","1","77.9","0.977783","0.209619",,"0","False","NASA_POWER_hourly"
"2021-08-29T09:00:00Z","2021-08-29","-121.382","39.872","1355.6","20.81","26.53","0.95","87","0.948698","0.049719",,"0","False","NASA_POWER_hourly"
"2021-08-29T10:00:00Z","2021-08-29","-121.382","39.872","1355.6","20.16","27.56","1.02","91.7","1.019551","-0.03026",,"0","False","NASA_POWER_hourly"
"2021-08-29T11:00:00Z","2021-08-29","-121.382","39.872","1355.6","19.38","28.93","1.22","95.2","1.214979","-0.110572",,"0","False","NASA_POWER_hourly"
"2021-08-29T12:00:00Z","2021-08-29","-121.382","39.872","1355.6","18.44","30.68","1.54","97.1","1.528191","-0.190346",,"0","False","NASA_POWER_hourly"
"2021-08-29T13:00:00Z","2021-08-29","-121.382","39.872","1355.6","17.67","31.8","1.8","98.9","1.778328","-0.278479",,"0.02","False","NASA_POWER_hourly"
"2021-08-29T14:00:00Z","2021-08-29","-121.382","39.872","1355.6","18.11","30.61","1.88","101.7","1.840939","-0.38124",,"0.3","False","NASA_POWER_hourly"
"2021-08-29T15:00:00Z","2021-08-29","-121.382","39.872","1355.6","21.24","25.15","1.38","110.8","1.290059","-0.490048",,"0.87","False","NASA_POWER_hourly"
"2021-08-29T16:00:00Z","2021-08-29","-121.382","39.872","1355.6","26.09","17.63","0.99","176.5","0.060438","-0.988153",,"1.55","False","NASA_POWER_hourly"
"2021-08-29T17:00:00Z","2021-08-29","-121.382","39.872","1355.6","28.8","13.06","1.79","212","-0.948555","-1.518006",,"2.2","False","NASA_POWER_hourly"
"2021-08-29T18:00:00Z","2021-08-29","-121.382","39.872","1355.6","30.79","10.77","2.45","223.3","-1.680255","-1.783043",,"2.72","False","NASA_POWER_hourly"
"2021-08-29T19:00:00Z","2021-08-29","-121.382","39.872","1355.6","31.65","10.55","3","231.2","-2.338014","-1.879811",,"3","False","NASA_POWER_hourly"
"2021-08-29T20:00:00Z","2021-08-29","-121.382","39.872","1355.6","31.98","11.08","3.23","236","-2.677791","-1.806193",,"2.92","False","NASA_POWER_hourly"
"2021-08-29T21:00:00Z","2021-08-29","-121.382","39.872","1355.6","32","11.59","3.32","238.9","-2.842807","-1.714891",,"2.78","False","NASA_POWER_hourly"
"2021-08-29T22:00:00Z","2021-08-29","-121.382","39.872","1355.6","31.54","12.1","3.17","241.3","-2.780553","-1.522308",,"2.4","False","NASA_POWER_hourly"
"2021-08-29T23:00:00Z","2021-08-29","-121.382","39.872","1355.6","30.75","12.59","2.83","242.4","-2.507956","-1.311128",,"1.84","False","NASA_POWER_hourly"
"2021-08-30T00:00:00Z","2021-08-30","-121.382","39.872","1355.6","29.5","13.29","2.32","240.6","-2.021216","-1.138897",,"1.16","False","NASA_POWER_hourly"
"2021-08-30T01:00:00Z","2021-08-30","-121.382","39.872","1355.6","26.04","16.22","1.5","228.2","-1.118214","-0.999799",,"0.52","False","NASA_POWER_hourly"
"2021-08-30T02:00:00Z","2021-08-30","-121.382","39.872","1355.6","22.49","19.87","1.7","205.8","-0.739893","-1.530542",,"0.05","False","NASA_POWER_hourly"
"2021-08-30T03:00:00Z","2021-08-30","-121.382","39.872","1355.6","21.17","21.05","1.69","173.9","0.179586","-1.680431",,"0","False","NASA_POWER_hourly"
"2021-08-30T04:00:00Z","2021-08-30","-121.382","39.872","1355.6","19.81","22.18","1.96","156.2","0.790949","-1.793321",,"0","False","NASA_POWER_hourly"
"2021-08-30T05:00:00Z","2021-08-30","-121.382","39.872","1355.6","18.55","23.21","2.16","149.4","1.099529","-1.859203",,"0","False","NASA_POWER_hourly"
"2021-08-30T06:00:00Z","2021-08-30","-121.382","39.872","1355.6","17.62","23.65","2.3","147.4","1.239173","-1.937641",,"0","False","NASA_POWER_hourly"
"2021-08-30T07:00:00Z","2021-08-30","-121.382","39.872","1355.6","17.13","23.61","2.37","147.4","1.276887","-1.996612",,"0","False","NASA_POWER_hourly"
"2021-08-30T08:00:00Z","2021-08-30","-121.382","39.872","1355.6","16.78","23.77","2.42","147","1.318026","-2.029583",,"0","False","NASA_POWER_hourly"
"2021-08-30T09:00:00Z","2021-08-30","-121.382","39.872","1355.6","16.38","24.75","2.42","147","1.318026","-2.029583",,"0","False","NASA_POWER_hourly"
"2021-08-30T10:00:00Z","2021-08-30","-121.382","39.872","1355.6","16.03","25.99","2.41","145.1","1.378872","-1.976566",,"0","False","NASA_POWER_hourly"
"2021-08-30T11:00:00Z","2021-08-30","-121.382","39.872","1355.6","15.64","27.1","2.44","144.2","1.427297","-1.978996",,"0","False","NASA_POWER_hourly"
"2021-08-30T12:00:00Z","2021-08-30","-121.382","39.872","1355.6","15.38","27.55","2.43","145.4","1.37986","-2.000221",,"0","False","NASA_POWER_hourly"
"2021-08-30T13:00:00Z","2021-08-30","-121.382","39.872","1355.6","14.92","28.13","2.46","145.1","1.407479","-2.017574",,"0.02","False","NASA_POWER_hourly"
"2021-08-30T14:00:00Z","2021-08-30","-121.382","39.872","1355.6","16.11","25.61","2.24","145.2","1.278398","-1.839374",,"0.44","False","NASA_POWER_hourly"
"2021-08-30T15:00:00Z","2021-08-30","-121.382","39.872","1355.6","21.93","17.39","1.59","155.5","0.659362","-1.446838",,"1.17","False","NASA_POWER_hourly"
"2021-08-30T16:00:00Z","2021-08-30","-121.382","39.872","1355.6","26.32","11.59","2.37","185.6","-0.231271","-2.358689",,"1.93","False","NASA_POWER_hourly"
"2021-08-30T17:00:00Z","2021-08-30","-121.382","39.872","1355.6","28.87","8.07","2.97","201.1","-1.069191","-2.770872",,"2.57","False","NASA_POWER_hourly"
"2021-08-30T18:00:00Z","2021-08-30","-121.382","39.872","1355.6","30.6","6.93","3.31","211.9","-1.749131","-2.810096",,"3.04","False","NASA_POWER_hourly"
"2021-08-30T19:00:00Z","2021-08-30","-121.382","39.872","1355.6","31.49","6.61","3.59","218.6","-2.239728","-2.805658",,"3.29","False","NASA_POWER_hourly"
"2021-08-30T20:00:00Z","2021-08-30","-121.382","39.872","1355.6","31.89","6.46","3.72","221.8","-2.479501","-2.773171",,"3.29","False","NASA_POWER_hourly"
"2021-08-30T21:00:00Z","2021-08-30","-121.382","39.872","1355.6","32.42","6.24","3.74","223.4","-2.569707","-2.717389",,"3.07","False","NASA_POWER_hourly"
"2021-08-30T22:00:00Z","2021-08-30","-121.382","39.872","1355.6","31.86","6.44","3.63","224.9","-2.562314","-2.571274",,"2.64","False","NASA_POWER_hourly"
"2021-08-30T23:00:00Z","2021-08-30","-121.382","39.872","1355.6","30.94","6.75","3.37","226.3","-2.436399","-2.328274",,"2.05","False","NASA_POWER_hourly"
"2021-08-31T00:00:00Z","2021-08-31","-121.382","39.872","1355.6","29.64","7.24","2.95","226.2","-2.129193","-2.041822",,"1.34","False","NASA_POWER_hourly"
"2021-08-31T01:00:00Z","2021-08-31","-121.382","39.872","1355.6","26.76","8.72","1.83","221.9","-1.222134","-1.36209",,"0.59","False","NASA_POWER_hourly"
"2021-08-31T02:00:00Z","2021-08-31","-121.382","39.872","1355.6","20.66","13.27","2","205.4","-0.85787","-1.806671",,"0.05","False","NASA_POWER_hourly"
"2021-08-31T03:00:00Z","2021-08-31","-121.382","39.872","1355.6","19.25","14.61","2.04","188.4","-0.298009","-2.018116",,"0","False","NASA_POWER_hourly"
"2021-08-31T04:00:00Z","2021-08-31","-121.382","39.872","1355.6","18.36","15.25","2.13","181.3","-0.048324","-2.129452",,"0","False","NASA_POWER_hourly"
"2021-08-31T05:00:00Z","2021-08-31","-121.382","39.872","1355.6","17.67","15.79","2.05","180","0","-2.05",,"0","False","NASA_POWER_hourly"
"2021-08-31T06:00:00Z","2021-08-31","-121.382","39.872","1355.6","16.98","16.49","2.06","181.7","-0.061112","-2.059093",,"0","False","NASA_POWER_hourly"
"2021-08-31T07:00:00Z","2021-08-31","-121.382","39.872","1355.6","16.48","17.17","2.17","181.1","-0.041658","-2.1696",,"0","False","NASA_POWER_hourly"
"2021-08-31T08:00:00Z","2021-08-31","-121.382","39.872","1355.6","15.84","17.88","2.32","179","0.04049","-2.319647",,"0","False","NASA_POWER_hourly"
"2021-08-31T09:00:00Z","2021-08-31","-121.382","39.872","1355.6","15.55","18.13","2.23","177.9","0.081715","-2.228502",,"0","False","NASA_POWER_hourly"
"2021-08-31T10:00:00Z","2021-08-31","-121.382","39.872","1355.6","15.53","18.38","1.75","172.8","0.219333","-1.736201",,"0","False","NASA_POWER_hourly"
"2021-08-31T11:00:00Z","2021-08-31","-121.382","39.872","1355.6","15.09","18.98","1.71","163","0.499956","-1.635281",,"0","False","NASA_POWER_hourly"
"2021-08-31T12:00:00Z","2021-08-31","-121.382","39.872","1355.6","14.41","20","2.1","159.4","0.738867","-1.965725",,"0","False","NASA_POWER_hourly"
"2021-08-31T13:00:00Z","2021-08-31","-121.382","39.872","1355.6","13.87","21.32","2.2","158.9","0.791993","-2.052498",,"0.02","False","NASA_POWER_hourly"
"2021-08-31T14:00:00Z","2021-08-31","-121.382","39.872","1355.6","15.7","20.11","1.66","159.6","0.57863","-1.555888",,"0.45","False","NASA_POWER_hourly"
"2021-08-31T15:00:00Z","2021-08-31","-121.382","39.872","1355.6","20.77","15.86","1.6","164.1","0.438335","-1.538786",,"1.19","False","NASA_POWER_hourly"
"2021-08-31T16:00:00Z","2021-08-31","-121.382","39.872","1355.6","23.9","12.33","2.21","189.6","-0.368559","-2.179051",,"1.93","False","NASA_POWER_hourly"
"2021-08-31T17:00:00Z","2021-08-31","-121.382","39.872","1355.6","26.21","10.3","2.8","206.6","-1.253725","-2.503632",,"2.57","False","NASA_POWER_hourly"
"2021-08-31T18:00:00Z","2021-08-31","-121.382","39.872","1355.6","27.68","9.19","3.29","218.3","-2.039073","-2.581914",,"3.04","False","NASA_POWER_hourly"
"2021-08-31T19:00:00Z","2021-08-31","-121.382","39.872","1355.6","28.72","8.19","3.59","225","-2.538513","-2.538513",,"3.27","False","NASA_POWER_hourly"
"2021-08-31T20:00:00Z","2021-08-31","-121.382","39.872","1355.6","29.29","7.86","3.63","228.7","-2.727089","-2.395806",,"3.26","False","NASA_POWER_hourly"
"2021-08-31T21:00:00Z","2021-08-31","-121.382","39.872","1355.6","29.77","7.51","3.55","230.6","-2.743204","-2.253293",,"3.07","False","NASA_POWER_hourly"
"2021-08-31T22:00:00Z","2021-08-31","-121.382","39.872","1355.6","29.45","7.68","3.35","232.9","-2.671906","-2.020747",,"2.67","False","NASA_POWER_hourly"
"2021-08-31T23:00:00Z","2021-08-31","-121.382","39.872","1355.6","28.73","8.07","3.07","234.3","-2.493096","-1.791472",,"2.07","False","NASA_POWER_hourly"
"2021-09-01T00:00:00Z","2021-09-01","-121.382","39.872","1355.6","27.54","8.8","2.65","233.1","-2.119164","-1.591114",,"1.34","False","NASA_POWER_hourly"
"2021-09-01T01:00:00Z","2021-09-01","-121.382","39.872","1355.6","24.77","10.81","1.69","227.2","-1.240003","-1.148256",,"0.6","False","NASA_POWER_hourly"
"2021-09-01T02:00:00Z","2021-09-01","-121.382","39.872","1355.6","18.92","16.71","1.91","210.4","-0.966524","-1.647401",,"0.05","False","NASA_POWER_hourly"
"2021-09-01T03:00:00Z","2021-09-01","-121.382","39.872","1355.6","17.37","19.54","1.92","186.6","-0.220679","-1.907276",,"0","False","NASA_POWER_hourly"
"2021-09-01T04:00:00Z","2021-09-01","-121.382","39.872","1355.6","16.27","22.89","1.86","176.3","0.12003","-1.856123",,"0","False","NASA_POWER_hourly"
"2021-09-01T05:00:00Z","2021-09-01","-121.382","39.872","1355.6","15.51","26.46","1.65","173","0.201084","-1.637701",,"0","False","NASA_POWER_hourly"
"2021-09-01T06:00:00Z","2021-09-01","-121.382","39.872","1355.6","15.06","28.67","1.42","166.2","0.338718","-1.379011",,"0","False","NASA_POWER_hourly"
"2021-09-01T07:00:00Z","2021-09-01","-121.382","39.872","1355.6","15.34","27.99","1.49","151.9","0.701808","-1.314369",,"0","False","NASA_POWER_hourly"
"2021-09-01T08:00:00Z","2021-09-01","-121.382","39.872","1355.6","15.28","26.99","1.37","143.6","0.812984","-1.102705",,"0","False","NASA_POWER_hourly"
"2021-09-01T09:00:00Z","2021-09-01","-121.382","39.872","1355.6","15.14","26.35","1.22","139","0.800392","-0.920746",,"0","False","NASA_POWER_hourly"
"2021-09-01T10:00:00Z","2021-09-01","-121.382","39.872","1355.6","14.99","25.64","1.1","126.9","0.879653","-0.660462",,"0","False","NASA_POWER_hourly"
"2021-09-01T11:00:00Z","2021-09-01","-121.382","39.872","1355.6","14.62","25.03","1.16","119.9","1.0056","-0.578246",,"0","False","NASA_POWER_hourly"
"2021-09-01T12:00:00Z","2021-09-01","-121.382","39.872","1355.6","13.98","24.71","1.38","121.4","1.1779","-0.718993",,"0","False","NASA_POWER_hourly"
"2021-09-01T13:00:00Z","2021-09-01","-121.382","39.872","1355.6","12.68","25.59","1.73","132","1.285641","-1.157596",,"0.02","False","NASA_POWER_hourly"
"2021-09-01T14:00:00Z","2021-09-01","-121.382","39.872","1355.6","13.16","24.35","1.63","137","1.111657","-1.192107",,"0.48","False","NASA_POWER_hourly"
"2021-09-01T15:00:00Z","2021-09-01","-121.382","39.872","1355.6","17.07","18.94","1.43","150.2","0.710673","-1.240905",,"1.25","False","NASA_POWER_hourly"
"2021-09-01T16:00:00Z","2021-09-01","-121.382","39.872","1355.6","20.38","14.13","1.54","177.8","0.059117","-1.538865",,"1.98","False","NASA_POWER_hourly"
"2021-09-01T17:00:00Z","2021-09-01","-121.382","39.872","1355.6","23.01","10.47","2.19","196.4","-0.618328","-2.100898",,"2.6","False","NASA_POWER_hourly"
"2021-09-01T18:00:00Z","2021-09-01","-121.382","39.872","1355.6","24.98","8.91","2.97","206.6","-1.329844","-2.655638",,"3.05","False","NASA_POWER_hourly"
"2021-09-01T19:00:00Z","2021-09-01","-121.382","39.872","1355.6","25.54","9.12","3.5","211.7","-1.839151","-2.977839",,"3.3","False","NASA_POWER_hourly"
"2021-09-01T20:00:00Z","2021-09-01","-121.382","39.872","1355.6","25.55","9.62","3.73","213","-2.031504","-3.128241",,"3.29","False","NASA_POWER_hourly"
"2021-09-01T21:00:00Z","2021-09-01","-121.382","39.872","1355.6","25.68","10.18","3.84","212.1","-2.040571","-3.252948",,"3.08","False","NASA_POWER_hourly"
"2021-09-01T22:00:00Z","2021-09-01","-121.382","39.872","1355.6","25.03","11.45","3.71","211","-1.910791","-3.180091",,"2.66","False","NASA_POWER_hourly"
"2021-09-01T23:00:00Z","2021-09-01","-121.382","39.872","1355.6","24.11","13.06","3.38","210.6","-1.72056","-2.909308",,"2.07","False","NASA_POWER_hourly"
"2021-09-02T00:00:00Z","2021-09-02","-121.382","39.872","1355.6","22.84","14.94","3.01","209.7","-1.491331","-2.614581",,"1.35","False","NASA_POWER_hourly"
"2021-09-02T01:00:00Z","2021-09-02","-121.382","39.872","1355.6","20.82","17.92","2.42","207.5","-1.117432","-2.146566",,"0.59","False","NASA_POWER_hourly"
"2021-09-02T02:00:00Z","2021-09-02","-121.382","39.872","1355.6","15.06","28.01","1.54","199.7","-0.519127","-1.449865",,"0.05","False","NASA_POWER_hourly"
"2021-09-02T03:00:00Z","2021-09-02","-121.382","39.872","1355.6","12.32","36","1.78","184.5","-0.139657","-1.774513",,"0","False","NASA_POWER_hourly"
"2021-09-02T04:00:00Z","2021-09-02","-121.382","39.872","1355.6","11.84","38.76","1.81","170.1","0.311192","-1.783048",,"0","False","NASA_POWER_hourly"
"2021-09-02T05:00:00Z","2021-09-02","-121.382","39.872","1355.6","11.65","40.27","1.87","159.1","0.6671","-1.746962",,"0","False","NASA_POWER_hourly"
"2021-09-02T06:00:00Z","2021-09-02","-121.382","39.872","1355.6","11.53","41","1.93","151.6","0.917955","-1.697722",,"0","False","NASA_POWER_hourly"
"2021-09-02T07:00:00Z","2021-09-02","-121.382","39.872","1355.6","11.5","40.79","1.94","148.3","1.019415","-1.650574",,"0","False","NASA_POWER_hourly"
"2021-09-02T08:00:00Z","2021-09-02","-121.382","39.872","1355.6","11.57","39.69","1.9","150.1","0.947127","-1.647104",,"0","False","NASA_POWER_hourly"
"2021-09-02T09:00:00Z","2021-09-02","-121.382","39.872","1355.6","11.8","38.59","1.66","151.6","0.789536","-1.460217",,"0","False","NASA_POWER_hourly"
"2021-09-02T10:00:00Z","2021-09-02","-121.382","39.872","1355.6","11.99","37.91","1.25","141.8","0.77301","-0.982321",,"0","False","NASA_POWER_hourly"
"2021-09-02T11:00:00Z","2021-09-02","-121.382","39.872","1355.6","11.93","37.58","0.96","116","0.862842","-0.420836",,"0","False","NASA_POWER_hourly"
"2021-09-02T12:00:00Z","2021-09-02","-121.382","39.872","1355.6","11.83","37.04","0.92","96.9","0.913337","-0.110526",,"0","False","NASA_POWER_hourly"
"2021-09-02T13:00:00Z","2021-09-02","-121.382","39.872","1355.6","11.52","36.7","1.06","82.9","1.051872","0.131018",,"0.02","False","NASA_POWER_hourly"
"2021-09-02T14:00:00Z","2021-09-02","-121.382","39.872","1355.6","12.4","33.68","1.1","77.4","1.073508","0.239958",,"0.45","False","NASA_POWER_hourly"
"2021-09-02T15:00:00Z","2021-09-02","-121.382","39.872","1355.6","16.38","25.23","0.38","97.5","0.376749","-0.0496",,"1.2","False","NASA_POWER_hourly"
"2021-09-02T16:00:00Z","2021-09-02","-121.382","39.872","1355.6","20.25","16.64","0.89","233.3","-0.71358","-0.531886",,"1.93","False","NASA_POWER_hourly"
"2021-09-02T17:00:00Z","2021-09-02","-121.382","39.872","1355.6","23.13","12.05","1.76","234.5","-1.432843","-1.022037",,"2.55","False","NASA_POWER_hourly"
"2021-09-02T18:00:00Z","2021-09-02","-121.382","39.872","1355.6","25.11","10.48","2.32","235.7","-1.916548","-1.30738",,"3.02","False","NASA_POWER_hourly"
"2021-09-02T19:00:00Z","2021-09-02","-121.382","39.872","1355.6","26.3","9.77","2.8","236.9","-2.345612","-1.529085",,"3.26","False","NASA_POWER_hourly"
"2021-09-02T20:00:00Z","2021-09-02","-121.382","39.872","1355.6","26.85","9.57","3.13","239","-2.682934","-1.612069",,"3.22","False","NASA_POWER_hourly"
"2021-09-02T21:00:00Z","2021-09-02","-121.382","39.872","1355.6","26.78","9.84","3.3","240.8","-2.880643","-1.609937",,"3.02","False","NASA_POWER_hourly"
"2021-09-02T22:00:00Z","2021-09-02","-121.382","39.872","1355.6","26.21","10.38","3.27","243.5","-2.926435","-1.459067",,"2.6","False","NASA_POWER_hourly"
"2021-09-02T23:00:00Z","2021-09-02","-121.382","39.872","1355.6","25.24","11.17","3.01","246.1","-2.751904","-1.219476",,"2.01","False","NASA_POWER_hourly"
"2021-09-03T00:00:00Z","2021-09-03","-121.382","39.872","1355.6","23.88","12.12","2.53","247.5","-2.337415","-0.968189",,"1.3","False","NASA_POWER_hourly"
"2021-09-03T01:00:00Z","2021-09-03","-121.382","39.872","1355.6","21.57","14.05","1.74","247.4","-1.606386","-0.668674",,"0.54","False","NASA_POWER_hourly"
"2021-09-03T02:00:00Z","2021-09-03","-121.382","39.872","1355.6","16.23","20.23","1.61","237.7","-1.360872","-0.860307",,"0.04","False","NASA_POWER_hourly"
"2021-09-03T03:00:00Z","2021-09-03","-121.382","39.872","1355.6","15.74","21.35","1","228.7","-0.751264","-0.660002",,"0","False","NASA_POWER_hourly"
"2021-09-03T04:00:00Z","2021-09-03","-121.382","39.872","1355.6","15.66","21.78","0.17","155","0.071845","-0.154072",,"0","False","NASA_POWER_hourly"
"2021-09-03T05:00:00Z","2021-09-03","-121.382","39.872","1355.6","15.13","22.54","0.78","61.8","0.687417","0.36859",,"0","False","NASA_POWER_hourly"
"2021-09-03T06:00:00Z","2021-09-03","-121.382","39.872","1355.6","14.32","23.75","1.35","56.8","1.129632","0.73921",,"0","False","NASA_POWER_hourly"
"2021-09-03T07:00:00Z","2021-09-03","-121.382","39.872","1355.6","13.41","25.11","1.84","59.7","1.588648","0.928331",,"0","False","NASA_POWER_hourly"
"2021-09-03T08:00:00Z","2021-09-03","-121.382","39.872","1355.6","12.66","26.08","2.2","60.9","1.922299","1.069938",,"0","False","NASA_POWER_hourly"
"2021-09-03T09:00:00Z","2021-09-03","-121.382","39.872","1355.6","11.87","27.07","2.45","55.8","2.026347","1.377104",,"0","False","NASA_POWER_hourly"
"2021-09-03T10:00:00Z","2021-09-03","-121.382","39.872","1355.6","10.96","28.43","2.63","51.5","2.058259","1.637213",,"0","False","NASA_POWER_hourly"
"2021-09-03T11:00:00Z","2021-09-03","-121.382","39.872","1355.6","9.93","30.23","2.78","50.5","2.145116","1.768297",,"0","False","NASA_POWER_hourly"
"2021-09-03T12:00:00Z","2021-09-03","-121.382","39.872","1355.6","8.9","32.28","2.63","52.9","2.097646","1.586437",,"0","False","NASA_POWER_hourly"
"2021-09-03T13:00:00Z","2021-09-03","-121.382","39.872","1355.6","8.14","34.38","2.54","58.2","2.158727","1.338468",,"0.01","False","NASA_POWER_hourly"
"2021-09-03T14:00:00Z","2021-09-03","-121.382","39.872","1355.6","11.36","28.01","2.12","64","1.905443","0.929347",,"0.42","False","NASA_POWER_hourly"
"2021-09-03T15:00:00Z","2021-09-03","-121.382","39.872","1355.6","16.37","20.68","2.34","66.1","2.139354","0.948031",,"1.16","False","NASA_POWER_hourly"
"2021-09-03T16:00:00Z","2021-09-03","-121.382","39.872","1355.6","20.39","16.25","1.9","86.1","1.8956","0.129229",,"1.89","False","NASA_POWER_hourly"
"2021-09-03T17:00:00Z","2021-09-03","-121.382","39.872","1355.6","23.91","12.6","1.26","126","1.019361","-0.740609",,"2.5","False","NASA_POWER_hourly"
"2021-09-03T18:00:00Z","2021-09-03","-121.382","39.872","1355.6","26.3","10.6","1.08","178.4","0.030155","-1.079579",,"2.95","False","NASA_POWER_hourly"
"2021-09-03T19:00:00Z","2021-09-03","-121.382","39.872","1355.6","27.79","9.63","1.41","214.9","-0.806726","-1.156414",,"3.2","False","NASA_POWER_hourly"
"2021-09-03T20:00:00Z","2021-09-03","-121.382","39.872","1355.6","28.52","9.16","1.91","232.2","-1.509196","-1.170652",,"3.01","False","NASA_POWER_hourly"
"2021-09-03T21:00:00Z","2021-09-03","-121.382","39.872","1355.6","28.7","9.13","2.27","237.6","-1.916624","-1.216327",,"2.81","False","NASA_POWER_hourly"
"2021-09-03T22:00:00Z","2021-09-03","-121.382","39.872","1355.6","28.22","9.53","2.49","240.3","-2.162892","-1.233692",,"2.4","False","NASA_POWER_hourly"
"2021-09-03T23:00:00Z","2021-09-03","-121.382","39.872","1355.6","27.16","10.37","2.47","243.3","-2.206627","-1.109818",,"1.81","False","NASA_POWER_hourly"
"2021-09-04T00:00:00Z","2021-09-04","-121.382","39.872","1355.6","25.47","11.8","2.2","246.5","-2.017532","-0.877248",,"1.12","False","NASA_POWER_hourly"
"2021-09-04T01:00:00Z","2021-09-04","-121.382","39.872","1355.6","21.88","15.24","1.45","248.6","-1.350031","-0.529071",,"0.43","False","NASA_POWER_hourly"
"2021-09-04T02:00:00Z","2021-09-04","-121.382","39.872","1355.6","18.25","19.68","1.56","255.5","-1.51031","-0.390593",,"0.03","False","NASA_POWER_hourly"
"2021-09-04T03:00:00Z","2021-09-04","-121.382","39.872","1355.6","18.18","19.97","0.63","283.8","-0.611815","0.150276",,"0","False","NASA_POWER_hourly"
"2021-09-04T04:00:00Z","2021-09-04","-121.382","39.872","1355.6","17.85","20.13","0.46","13.7","0.108946","0.446913",,"0","False","NASA_POWER_hourly"
"2021-09-04T05:00:00Z","2021-09-04","-121.382","39.872","1355.6","17.55","20.1","0.69","49.1","0.521539","0.451771",,"0","False","NASA_POWER_hourly"
"2021-09-04T06:00:00Z","2021-09-04","-121.382","39.872","1355.6","17.45","19.67","0.78","64.1","0.701655","0.340705",,"0","False","NASA_POWER_hourly"
"2021-09-04T07:00:00Z","2021-09-04","-121.382","39.872","1355.6","17.6","19.07","0.74","62.7","0.657577","0.339401",,"0","False","NASA_POWER_hourly"
"2021-09-04T08:00:00Z","2021-09-04","-121.382","39.872","1355.6","17.86","18.89","0.44","34.8","0.251114","0.361306",,"0","False","NASA_POWER_hourly"
"2021-09-04T09:00:00Z","2021-09-04","-121.382","39.872","1355.6","17.35","19.43","0.94","6.7","0.10967","0.93358",,"0","False","NASA_POWER_hourly"
"2021-09-04T10:00:00Z","2021-09-04","-121.382","39.872","1355.6","16.68","19.91","1.47","19.4","0.488277","1.386537",,"0","False","NASA_POWER_hourly"
"2021-09-04T11:00:00Z","2021-09-04","-121.382","39.872","1355.6","16.05","19.96","1.69","40.9","1.106512","1.277392",,"0","False","NASA_POWER_hourly"
"2021-09-04T12:00:00Z","2021-09-04","-121.382","39.872","1355.6","15.38","20.36","1.8","58.4","1.533108","0.943175",,"0","False","NASA_POWER_hourly"
"2021-09-04T13:00:00Z","2021-09-04","-121.382","39.872","1355.6","14.53","21.34","1.93","70.9","1.823751","0.631531",,"0","False","NASA_POWER_hourly"
"2021-09-04T14:00:00Z","2021-09-04","-121.382","39.872","1355.6","14.14","21.73","2.07","77.2","2.018559","0.458605",,"0.34","False","NASA_POWER_hourly"
"2021-09-04T15:00:00Z","2021-09-04","-121.382","39.872","1355.6","17.9","17.43","1.19","73.9","1.143327","0.330004",,"0.97","False","NASA_POWER_hourly"
"2021-09-04T16:00:00Z","2021-09-04","-121.382","39.872","1355.6","22.82","13.06","0.14","39.3","0.088673","0.108338",,"1.7","False","NASA_POWER_hourly"
"2021-09-04T17:00:00Z","2021-09-04","-121.382","39.872","1355.6","26.82","10.29","1.08","227.3","-0.793708","-0.732412",,"2.31","False","NASA_POWER_hourly"
"2021-09-04T18:00:00Z","2021-09-04","-121.382","39.872","1355.6","29.1","9.04","1.84","231.6","-1.441996","-1.142912",,"2.75","False","NASA_POWER_hourly"
"2021-09-04T19:00:00Z","2021-09-04","-121.382","39.872","1355.6","30.44","8.43","2.44","236","-2.022852","-1.364431",,"2.98","False","NASA_POWER_hourly"
"2021-09-04T20:00:00Z","2021-09-04","-121.382","39.872","1355.6","31.06","8.2","2.84","240.5","-2.47181","-1.398483",,"2.96","False","NASA_POWER_hourly"
"2021-09-04T21:00:00Z","2021-09-04","-121.382","39.872","1355.6","31.13","8.23","2.99","243.8","-2.682803","-1.320102",,"2.89","False","NASA_POWER_hourly"
"2021-09-04T22:00:00Z","2021-09-04","-121.382","39.872","1355.6","30.7","8.46","2.92","246","-2.667553","-1.187671",,"2.33","False","NASA_POWER_hourly"
"2021-09-04T23:00:00Z","2021-09-04","-121.382","39.872","1355.6","29.87","8.87","2.62","246.9","-2.409932","-1.027923",,"1.75","False","NASA_POWER_hourly"
"2021-09-05T00:00:00Z","2021-09-05","-121.382","39.872","1355.6","28.44","9.68","2.28","248.2","-2.116948","-0.846719",,"1.06","False","NASA_POWER_hourly"
"2021-09-05T01:00:00Z","2021-09-05","-121.382","39.872","1355.6","24.8","12.3","1.55","252.7","-1.479879","-0.460931",,"0.4","False","NASA_POWER_hourly"
"2021-09-05T02:00:00Z","2021-09-05","-121.382","39.872","1355.6","20.36","16.64","1.66","269.7","-1.659977","-0.008692",,"0.02","False","NASA_POWER_hourly"
"2021-09-05T03:00:00Z","2021-09-05","-121.382","39.872","1355.6","19.95","16.95","1.09","331.6","-0.51843","0.958817",,"0","False","NASA_POWER_hourly"
"2021-09-05T04:00:00Z","2021-09-05","-121.382","39.872","1355.6","18.96","17.52","1.5","16.3","0.421","1.439708",,"0","False","NASA_POWER_hourly"
"2021-09-05T05:00:00Z","2021-09-05","-121.382","39.872","1355.6","18.35","17.61","1.78","34.2","1.000508","1.472203",,"0","False","NASA_POWER_hourly"
"2021-09-05T06:00:00Z","2021-09-05","-121.382","39.872","1355.6","18.67","16.68","1.7","45.5","1.212526","1.191546",,"0","False","NASA_POWER_hourly"
"2021-09-05T07:00:00Z","2021-09-05","-121.382","39.872","1355.6","19.12","15.65","1.48","56.3","1.231292","0.82117",,"0","False","NASA_POWER_hourly"
"2021-09-05T08:00:00Z","2021-09-05","-121.382","39.872","1355.6","19.39","15.2","1.23","65.9","1.122786","0.502246",,"0","False","NASA_POWER_hourly"
"2021-09-05T09:00:00Z","2021-09-05","-121.382","39.872","1355.6","19.19","15.45","1.08","61.3","0.947318","0.518641",,"0","False","NASA_POWER_hourly"
"2021-09-05T10:00:00Z","2021-09-05","-121.382","39.872","1355.6","18.05","16.46","1.47","51.3","1.147233","0.919107",,"0","False","NASA_POWER_hourly"
"2021-09-05T11:00:00Z","2021-09-05","-121.382","39.872","1355.6","16.78","17.55","1.81","51.5","1.416521","1.126751",,"0","False","NASA_POWER_hourly"
"2021-09-05T12:00:00Z","2021-09-05","-121.382","39.872","1355.6","15.62","18.67","2.02","58.7","1.726007","1.049429",,"0","False","NASA_POWER_hourly"
"2021-09-05T13:00:00Z","2021-09-05","-121.382","39.872","1355.6","14.39","20.13","2.21","67.1","2.03582","0.859964",,"0","False","NASA_POWER_hourly"
"2021-09-05T14:00:00Z","2021-09-05","-121.382","39.872","1355.6","14.51","20.07","2.22","73.3","2.126366","0.63794",,"0.3","False","NASA_POWER_hourly"
"2021-09-05T15:00:00Z","2021-09-05","-121.382","39.872","1355.6","19.18","15.17","1.44","74.7","1.388963","0.379977",,"0.9","False","NASA_POWER_hourly"
"2021-09-05T16:00:00Z","2021-09-05","-121.382","39.872","1355.6","24.44","11.68","0.16","42.5","0.108094","0.117964",,"1.58","False","NASA_POWER_hourly"
"2021-09-05T17:00:00Z","2021-09-05","-121.382","39.872","1355.6","28.26","9.58","1.15","233.1","-0.919637","-0.690483",,"2.22","False","NASA_POWER_hourly"
"2021-09-05T18:00:00Z","2021-09-05","-121.382","39.872","1355.6","30.53","8.18","1.93","229.6","-1.469769","-1.250871",,"2.71","False","NASA_POWER_hourly"
"2021-09-05T19:00:00Z","2021-09-05","-121.382","39.872","1355.6","31.71","7.62","2.57","230.7","-1.988769","-1.627789",,"2.96","False","NASA_POWER_hourly"
"2021-09-05T20:00:00Z","2021-09-05","-121.382","39.872","1355.6","32.13","7.55","3.03","232.9","-2.416679","-1.82772",,"3.06","False","NASA_POWER_hourly"
"2021-09-05T21:00:00Z","2021-09-05","-121.382","39.872","1355.6","32.15","7.63","3.23","233.7","-2.603148","-1.912203",,"2.84","False","NASA_POWER_hourly"
"2021-09-05T22:00:00Z","2021-09-05","-121.382","39.872","1355.6","31.47","7.9","3.16","234.8","-2.582178","-1.821526",,"2.4","False","NASA_POWER_hourly"
"2021-09-05T23:00:00Z","2021-09-05","-121.382","39.872","1355.6","30.42","8.22","2.84","235.9","-2.351691","-1.592215",,"1.8","False","NASA_POWER_hourly"
"2021-09-06T00:00:00Z","2021-09-06","-121.382","39.872","1355.6","28.88","8.78","2.32","237.3","-1.952305","-1.253358",,"1.11","False","NASA_POWER_hourly"
"2021-09-06T01:00:00Z","2021-09-06","-121.382","39.872","1355.6","25.58","10.61","1.49","242.4","-1.320443","-0.690311",,"0.43","False","NASA_POWER_hourly"
"2021-09-06T02:00:00Z","2021-09-06","-121.382","39.872","1355.6","22.04","13.13","1.12","248.5","-1.042068","-0.410481",,"0.02","False","NASA_POWER_hourly"
"2021-09-06T03:00:00Z","2021-09-06","-121.382","39.872","1355.6","21.44","13.47","0.14","167.9","0.029347","-0.13689",,"0","False","NASA_POWER_hourly"
"2021-09-06T04:00:00Z","2021-09-06","-121.382","39.872","1355.6","21.06","13.4","0.57","133.6","0.412778","-0.393083",,"0","False","NASA_POWER_hourly"
"2021-09-06T05:00:00Z","2021-09-06","-121.382","39.872","1355.6","20.72","13.45","0.66","143","0.397198","-0.527099",,"0","False","NASA_POWER_hourly"
"2021-09-06T06:00:00Z","2021-09-06","-121.382","39.872","1355.6","20.46","13.44","0.53","130.4","0.403615","-0.343504",,"0","False","NASA_POWER_hourly"
"2021-09-06T07:00:00Z","2021-09-06","-121.382","39.872","1355.6","20.01","13.52","0.53","77","0.516416","0.119224",,"0","False","NASA_POWER_hourly"
"2021-09-06T08:00:00Z","2021-09-06","-121.382","39.872","1355.6","19.28","13.71","0.98","57.1","0.822827","0.532311",,"0","False","NASA_POWER_hourly"
"2021-09-06T09:00:00Z","2021-09-06","-121.382","39.872","1355.6","18.45","14.05","1.46","56.4","1.216065","0.807952",,"0","False","NASA_POWER_hourly"
"2021-09-06T10:00:00Z","2021-09-06","-121.382","39.872","1355.6","17.64","14.16","1.87","59.5","1.611247","0.949097",,"0","False","NASA_POWER_hourly"
"2021-09-06T11:00:00Z","2021-09-06","-121.382","39.872","1355.6","17.04","14.13","2.06","62.8","1.832198","0.941622",,"0","False","NASA_POWER_hourly"
"2021-09-06T12:00:00Z","2021-09-06","-121.382","39.872","1355.6","16.58","14.33","2.1","67.9","1.94571","0.790071",,"0","False","NASA_POWER_hourly"
"2021-09-06T13:00:00Z","2021-09-06","-121.382","39.872","1355.6","16.08","14.88","2.14","75.4","2.070898","0.539428",,"0","False","NASA_POWER_hourly"
"2021-09-06T14:00:00Z","2021-09-06","-121.382","39.872","1355.6","16.56","14.88","2.04","83.8","2.028068","0.220319",,"0.34","False","NASA_POWER_hourly"
"2021-09-06T15:00:00Z","2021-09-06","-121.382","39.872","1355.6","21","11.95","1.32","86.5","1.317538","0.080584",,"1.01","False","NASA_POWER_hourly"
"2021-09-06T16:00:00Z","2021-09-06","-121.382","39.872","1355.6","26.02","8.91","0.35","133.8","0.252616","-0.24225",,"1.75","False","NASA_POWER_hourly"
"2021-09-06T17:00:00Z","2021-09-06","-121.382","39.872","1355.6","29.58","7.88","1.27","208.8","-0.611827","-1.112909",,"2.33","False","NASA_POWER_hourly"
"2021-09-06T18:00:00Z","2021-09-06","-121.382","39.872","1355.6","31.27","7.97","1.94","216","-1.140303","-1.569493",,"2.79","False","NASA_POWER_hourly"
"2021-09-06T19:00:00Z","2021-09-06","-121.382","39.872","1355.6","32.34","8.3","2.5","223.9","-1.733505","-1.801378",,"2.93","False","NASA_POWER_hourly"
"2021-09-06T20:00:00Z","2021-09-06","-121.382","39.872","1355.6","32.81","8.73","3.01","228.4","-2.250872","-1.998418",,"2.97","False","NASA_POWER_hourly"
"2021-09-06T21:00:00Z","2021-09-06","-121.382","39.872","1355.6","32.71","9.2","3.32","229.9","-2.539539","-2.13849",,"2.76","False","NASA_POWER_hourly"
"2021-09-06T22:00:00Z","2021-09-06","-121.382","39.872","1355.6","31.99","9.75","3.34","231.4","-2.610278","-2.083758",,"2.36","False","NASA_POWER_hourly"
"2021-09-06T23:00:00Z","2021-09-06","-121.382","39.872","1355.6","30.93","10.33","3.02","232.7","-2.40233","-1.830085",,"1.78","False","NASA_POWER_hourly"
"2021-09-07T00:00:00Z","2021-09-07","-121.382","39.872","1355.6","29.55","11.01","2.45","233.5","-1.969449","-1.457316",,"1.09","False","NASA_POWER_hourly"
"2021-09-07T01:00:00Z","2021-09-07","-121.382","39.872","1355.6","26.73","12.82","1.54","237.4","-1.297377","-0.829707",,"0.42","False","NASA_POWER_hourly"
"2021-09-07T02:00:00Z","2021-09-07","-121.382","39.872","1355.6","23.55","15.35","1.09","239.7","-0.941101","-0.549935",,"0.02","False","NASA_POWER_hourly"
"2021-09-07T03:00:00Z","2021-09-07","-121.382","39.872","1355.6","22.9","15.72","0.74","183.1","-0.040018","-0.738917",,"0","False","NASA_POWER_hourly"
"2021-09-07T04:00:00Z","2021-09-07","-121.382","39.872","1355.6","21.46","16.95","1.41","160.2","0.47762","-1.326642",,"0","False","NASA_POWER_hourly"
"2021-09-07T05:00:00Z","2021-09-07","-121.382","39.872","1355.6","19.95","18.73","1.76","155.2","0.738236","-1.597688",,"0","False","NASA_POWER_hourly"
"2021-09-07T06:00:00Z","2021-09-07","-121.382","39.872","1355.6","18.95","20.44","1.89","149.5","0.959248","-1.628479",,"0","False","NASA_POWER_hourly"
"2021-09-07T07:00:00Z","2021-09-07","-121.382","39.872","1355.6","18.51","21.86","1.98","144.5","1.149792","-1.611949",,"0","False","NASA_POWER_hourly"
"2021-09-07T08:00:00Z","2021-09-07","-121.382","39.872","1355.6","18.57","22.49","2","140.3","1.277536","-1.538799",,"0","False","NASA_POWER_hourly"
"2021-09-07T09:00:00Z","2021-09-07","-121.382","39.872","1355.6","18.96","22.32","1.88","136.7","1.289339","-1.368213",,"0","False","NASA_POWER_hourly"
"2021-09-07T10:00:00Z","2021-09-07","-121.382","39.872","1355.6","19.03","22.03","1.76","127.4","1.39817","-1.068981",,"0","False","NASA_POWER_hourly"
"2021-09-07T11:00:00Z","2021-09-07","-121.382","39.872","1355.6","18.58","22.07","1.83","114.6","1.663902","-0.761794",,"0","False","NASA_POWER_hourly"
"2021-09-07T12:00:00Z","2021-09-07","-121.382","39.872","1355.6","17.72","22.27","2.04","105.1","1.969564","-0.531429",,"0","False","NASA_POWER_hourly"
"2021-09-07T13:00:00Z","2021-09-07","-121.382","39.872","1355.6","16.76","22.14","2.29","100.6","2.250922","-0.421249",,"0","False","NASA_POWER_hourly"
"2021-09-07T14:00:00Z","2021-09-07","-121.382","39.872","1355.6","17.81","19.29","2.09","101.8","2.045833","-0.427397",,"0.32","False","NASA_POWER_hourly"
"2021-09-07T15:00:00Z","2021-09-07","-121.382","39.872","1355.6","24","12.39","1.49","99.3","1.470415","-0.24079",,"0.95","False","NASA_POWER_hourly"
"2021-09-07T16:00:00Z","2021-09-07","-121.382","39.872","1355.6","29.12","8.51","1.16","159.2","0.411924","-1.084398",,"1.6","False","NASA_POWER_hourly"
"2021-09-07T17:00:00Z","2021-09-07","-121.382","39.872","1355.6","32.17","7.96","1.82","193","-0.409411","-1.773354",,"2.25","False","NASA_POWER_hourly"
"2021-09-07T18:00:00Z","2021-09-07","-121.382","39.872","1355.6","33.92","7.87","2.2","206.2","-0.971313","-1.973968",,"2.8","False","NASA_POWER_hourly"
"2021-09-07T19:00:00Z","2021-09-07","-121.382","39.872","1355.6","34.98","7.86","2.52","216.8","-1.509539","-2.017843",,"3.03","False","NASA_POWER_hourly"
"2021-09-07T20:00:00Z","2021-09-07","-121.382","39.872","1355.6","35.41","7.91","2.84","224.6","-1.994115","-2.022154",,"3.07","False","NASA_POWER_hourly"
"2021-09-07T21:00:00Z","2021-09-07","-121.382","39.872","1355.6","35.36","8.02","3.1","228.9","-2.336047","-2.037863",,"2.84","False","NASA_POWER_hourly"
"2021-09-07T22:00:00Z","2021-09-07","-121.382","39.872","1355.6","34.58","8.45","3.31","234","-2.677846","-1.945569",,"2.42","False","NASA_POWER_hourly"
"2021-09-07T23:00:00Z","2021-09-07","-121.382","39.872","1355.6","33.35","9.13","3.27","238.6","-2.791111","-1.703701",,"1.84","False","NASA_POWER_hourly"
"2021-09-08T00:00:00Z","2021-09-08","-121.382","39.872","1355.6","31.7","10.14","2.88","242.7","-2.559218","-1.320911",,"1.15","False","NASA_POWER_hourly"
"2021-09-08T01:00:00Z","2021-09-08","-121.382","39.872","1355.6","28.62","12.35","1.99","244.5","-1.796145","-0.856717",,"0.44","False","NASA_POWER_hourly"
"2021-09-08T02:00:00Z","2021-09-08","-121.382","39.872","1355.6","23.79","16.72","1.86","235.3","-1.529188","-1.05886",,"0.02","False","NASA_POWER_hourly"
"2021-09-08T03:00:00Z","2021-09-08","-121.382","39.872","1355.6","22.69","18.23","1.8","227","-1.316437","-1.227597",,"0","False","NASA_POWER_hourly"
"2021-09-08T04:00:00Z","2021-09-08","-121.382","39.872","1355.6","22.36","19.38","1.67","240.7","-1.456356","-0.817269",,"0","False","NASA_POWER_hourly"
"2021-09-08T05:00:00Z","2021-09-08","-121.382","39.872","1355.6","21.96","20.7","1.47","269.6","-1.469964","-0.010262",,"0","False","NASA_POWER_hourly"
"2021-09-08T06:00:00Z","2021-09-08","-121.382","39.872","1355.6","22.24","21.06","0.77","295.2","-0.696717","0.32785",,"0","False","NASA_POWER_hourly"
"2021-09-08T07:00:00Z","2021-09-08","-121.382","39.872","1355.6","22.07","21.75","0.39","24","0.158627","0.356283",,"0","False","NASA_POWER_hourly"
"2021-09-08T08:00:00Z","2021-09-08","-121.382","39.872","1355.6","21.46","23.16","0.86","54.5","0.700139","0.499405",,"0","False","NASA_POWER_hourly"
"2021-09-08T09:00:00Z","2021-09-08","-121.382","39.872","1355.6","20.77","25.35","1.23","54.2","0.997608","0.719498",,"0","False","NASA_POWER_hourly"
"2021-09-08T10:00:00Z","2021-09-08","-121.382","39.872","1355.6","20.28","28.1","1.42","59.1","1.218452","0.729229",,"0","False","NASA_POWER_hourly"
"2021-09-08T11:00:00Z","2021-09-08","-121.382","39.872","1355.6","20.02","30.63","1.47","70.9","1.389075","0.48101",,"0","False","NASA_POWER_hourly"
"2021-09-08T12:00:00Z","2021-09-08","-121.382","39.872","1355.6","19.55","32.76","1.67","84.5","1.662312","0.160062",,"0","False","NASA_POWER_hourly"
"2021-09-08T13:00:00Z","2021-09-08","-121.382","39.872","1355.6","18.64","35.32","2","96.3","1.987922","-0.219469",,"0","False","NASA_POWER_hourly"
"2021-09-08T14:00:00Z","2021-09-08","-121.382","39.872","1355.6","19.33","34.02","1.94","104","1.882374","-0.469328",,"0.36","False","NASA_POWER_hourly"
"2021-09-08T15:00:00Z","2021-09-08","-121.382","39.872","1355.6","24.85","24.52","1.43","109.6","1.347142","-0.479696",,"1.03","False","NASA_POWER_hourly"
"2021-09-08T16:00:00Z","2021-09-08","-121.382","39.872","1355.6","29.34","20.13","1.17","187.9","-0.16081","-1.158896",,"1.72","False","NASA_POWER_hourly"
"2021-09-08T17:00:00Z","2021-09-08","-121.382","39.872","1355.6","31.78","17.66","1.82","210.4","-0.920981","-1.569775",,"2.32","False","NASA_POWER_hourly"
"2021-09-08T18:00:00Z","2021-09-08","-121.382","39.872","1355.6","33.19","15.95","2.32","220.6","-1.509796","-1.761509",,"2.8","False","NASA_POWER_hourly"
"2021-09-08T19:00:00Z","2021-09-08","-121.382","39.872","1355.6","34.09","14.7","2.75","229.6","-2.09423","-1.78233",,"3","False","NASA_POWER_hourly"
"2021-09-08T20:00:00Z","2021-09-08","-121.382","39.872","1355.6","34.5","13.88","3.14","234.7","-2.562672","-1.814473",,"3","False","NASA_POWER_hourly"
"2021-09-08T21:00:00Z","2021-09-08","-121.382","39.872","1355.6","34.65","13.48","3.38","238.2","-2.872637","-1.781111",,"2.81","False","NASA_POWER_hourly"
"2021-09-08T22:00:00Z","2021-09-08","-121.382","39.872","1355.6","34.12","13.75","3.39","239.9","-2.932863","-1.700121",,"2.38","False","NASA_POWER_hourly"
"2021-09-08T23:00:00Z","2021-09-08","-121.382","39.872","1355.6","33.2","14.28","3.17","241.2","-2.777892","-1.527159",,"1.8","False","NASA_POWER_hourly"
"2021-09-09T00:00:00Z","2021-09-09","-121.382","39.872","1355.6","31.73","15.55","2.73","243","-2.432448","-1.239394",,"1.11","False","NASA_POWER_hourly"
"2021-09-09T01:00:00Z","2021-09-09","-121.382","39.872","1355.6","28.57","19.13","1.68","248.3","-1.560943","-0.621175",,"0.41","False","NASA_POWER_hourly"
"2021-09-09T02:00:00Z","2021-09-09","-121.382","39.872","1355.6","24.45","25.07","1.68","259.7","-1.652927","-0.300388",,"0.02","False","NASA_POWER_hourly"
"2021-09-09T03:00:00Z","2021-09-09","-121.382","39.872","1355.6","24.79","25.06","0.81","267.9","-0.809456","-0.029681",,"0","False","NASA_POWER_hourly"
"2021-09-09T04:00:00Z","2021-09-09","-121.382","39.872","1355.6","24.52","25.74","0.14","210.3","-0.070634","-0.120875",,"0","False","NASA_POWER_hourly"
"2021-09-09T05:00:00Z","2021-09-09","-121.382","39.872","1355.6","23.77","27.21","0.64","136.9","0.437295","-0.467304",,"0","False","NASA_POWER_hourly"
"2021-09-09T06:00:00Z","2021-09-09","-121.382","39.872","1355.6","22.91","28.9","1.18","141.2","0.739392","-0.919619",,"0","False","NASA_POWER_hourly"
"2021-09-09T07:00:00Z","2021-09-09","-121.382","39.872","1355.6","22.14","30.49","1.58","147.4","0.851258","-1.331075",,"0","False","NASA_POWER_hourly"
"2021-09-09T08:00:00Z","2021-09-09","-121.382","39.872","1355.6","21.39","31.8","1.87","151.9","0.880792","-1.649577",,"0","False","NASA_POWER_hourly"
"2021-09-09T09:00:00Z","2021-09-09","-121.382","39.872","1355.6","21.13","31.87","1.93","150.5","0.950377","-1.679786",,"0","False","NASA_POWER_hourly"
"2021-09-09T10:00:00Z","2021-09-09","-121.382","39.872","1355.6","21.29","31.05","1.8","142.7","1.090779","-1.431852",,"0","False","NASA_POWER_hourly"
"2021-09-09T11:00:00Z","2021-09-09","-121.382","39.872","1355.6","21.52","30.24","1.68","133.6","1.216609","-1.158561",,"0","False","NASA_POWER_hourly"
"2021-09-09T12:00:00Z","2021-09-09","-121.382","39.872","1355.6","21.84","29.38","1.57","126.7","1.258788","-0.938271",,"0","False","NASA_POWER_hourly"
"2021-09-09T13:00:00Z","2021-09-09","-121.382","39.872","1355.6","22.04","28.81","1.49","129","1.157947","-0.937687",,"0","False","NASA_POWER_hourly"
"2021-09-09T14:00:00Z","2021-09-09","-121.382","39.872","1355.6","22.69","27.45","1.54","131.3","1.156947","-1.016403",,"0.27","False","NASA_POWER_hourly"
"2021-09-09T15:00:00Z","2021-09-09","-121.382","39.872","1355.6","26.56","21.62","1.19","141.1","0.747276","-0.926109",,"0.77","False","NASA_POWER_hourly"
"2021-09-09T16:00:00Z","2021-09-09","-121.382","39.872","1355.6","30.4","18.07","1.77","191.8","-0.361958","-1.732595",,"1.33","False","NASA_POWER_hourly"
"2021-09-09T17:00:00Z","2021-09-09","-121.382","39.872","1355.6","32.12","16.44","2.4","205.4","-1.029444","-2.168005",,"1.89","False","NASA_POWER_hourly"
"2021-09-09T18:00:00Z","2021-09-09","-121.382","39.872","1355.6","32.99","15.71","2.94","217.7","-1.797889","-2.326197",,"2.59","False","NASA_POWER_hourly"
"2021-09-09T19:00:00Z","2021-09-09","-121.382","39.872","1355.6","33.51","15.38","3.37","225.7","-2.411885","-2.35366",,"2.78","False","NASA_POWER_hourly"
"2021-09-09T20:00:00Z","2021-09-09","-121.382","39.872","1355.6","33.55","15.5","3.75","225.5","-2.674689","-2.62841",,"2.69","False","NASA_POWER_hourly"
"2021-09-09T21:00:00Z","2021-09-09","-121.382","39.872","1355.6","33.15","16.06","3.94","223","-2.687074","-2.881534",,"2.2","False","NASA_POWER_hourly"
"2021-09-09T22:00:00Z","2021-09-09","-121.382","39.872","1355.6","32.33","16.96","3.85","218.9","-2.417658","-2.996236",,"1.84","False","NASA_POWER_hourly"
"2021-09-09T23:00:00Z","2021-09-09","-121.382","39.872","1355.6","31.41","18.01","3.63","213.3","-1.992953","-3.033981",,"1.35","False","NASA_POWER_hourly"
"2021-09-10T00:00:00Z","2021-09-10","-121.382","39.872","1355.6","30.06","19.58","3.38","205.6","-1.46045","-3.048194",,"0.74","False","NASA_POWER_hourly"
"2021-09-10T01:00:00Z","2021-09-10","-121.382","39.872","1355.6","28.05","22.04","2.95","196.2","-0.823024","-2.832866",,"0.24","False","NASA_POWER_hourly"
"2021-09-10T02:00:00Z","2021-09-10","-121.382","39.872","1355.6","24.73","26.81","2.16","183.2","-0.120574","-2.156632",,"0.01","False","NASA_POWER_hourly"
"2021-09-10T03:00:00Z","2021-09-10","-121.382","39.872","1355.6","23.01","29.26","2.14","178.1","0.070952","-2.138823",,"0","False","NASA_POWER_hourly"
"2021-09-10T04:00:00Z","2021-09-10","-121.382","39.872","1355.6","21.96","30.79","1.9","183.6","-0.119302","-1.896251",,"0","False","NASA_POWER_hourly"
"2021-09-10T05:00:00Z","2021-09-10","-121.382","39.872","1355.6","20.66","36.52","1.34","190.7","-0.248793","-1.316701",,"0","False","NASA_POWER_hourly"
"2021-09-10T06:00:00Z","2021-09-10","-121.382","39.872","1355.6","19.32","48.21","0.81","171.5","0.119726","-0.801103",,"0","False","NASA_POWER_hourly"
"2021-09-10T07:00:00Z","2021-09-10","-121.382","39.872","1355.6","18.66","54.82","1.11","154.4","0.479615","-1.001034",,"0","False","NASA_POWER_hourly"
"2021-09-10T08:00:00Z","2021-09-10","-121.382","39.872","1355.6","17.71","59.73","1.46","179.6","0.010193","-1.459964",,"0","False","NASA_POWER_hourly"
"2021-09-10T09:00:00Z","2021-09-10","-121.382","39.872","1355.6","16.69","67.01","1.66","207.6","-0.769071","-1.471098",,"0","False","NASA_POWER_hourly"
"2021-09-10T10:00:00Z","2021-09-10","-121.382","39.872","1355.6","15.57","73.52","1.46","225.8","-1.046689","-1.017861",,"0","False","NASA_POWER_hourly"
"2021-09-10T11:00:00Z","2021-09-10","-121.382","39.872","1355.6","14.99","76.09","0.54","237.8","-0.456944","-0.287753",,"0","False","NASA_POWER_hourly"
"2021-09-10T12:00:00Z","2021-09-10","-121.382","39.872","1355.6","14.4","81.94","0.42","108","0.399444","-0.129787",,"0","False","NASA_POWER_hourly"
"2021-09-10T13:00:00Z","2021-09-10","-121.382","39.872","1355.6","13.93","86.22","1.1","96.8","1.092262","-0.130244",,"0","False","NASA_POWER_hourly"
"2021-09-10T14:00:00Z","2021-09-10","-121.382","39.872","1355.6","14.48","84.71","1.52","104.5","1.471584","-0.380578",,"0.24","False","NASA_POWER_hourly"
"2021-09-10T15:00:00Z","2021-09-10","-121.382","39.872","1355.6","16.65","75.74","1.63","135","1.152584","-1.152584",,"0.76","False","NASA_POWER_hourly"
"2021-09-10T16:00:00Z","2021-09-10","-121.382","39.872","1355.6","19.59","57.24","2.34","175.6","0.179523","-2.333103",,"1.32","False","NASA_POWER_hourly"
"2021-09-10T17:00:00Z","2021-09-10","-121.382","39.872","1355.6","22.47","41.32","2.99","193.2","-0.682769","-2.911001",,"2.11","False","NASA_POWER_hourly"
"2021-09-10T18:00:00Z","2021-09-10","-121.382","39.872","1355.6","24.29","32.61","3.46","200.3","-1.200397","-3.245096",,"2.59","False","NASA_POWER_hourly"
"2021-09-10T19:00:00Z","2021-09-10","-121.382","39.872","1355.6","25.41","27.73","3.81","206","-1.670194","-3.424405",,"2.84","False","NASA_POWER_hourly"
"2021-09-10T20:00:00Z","2021-09-10","-121.382","39.872","1355.6","25.91","25.26","4.01","211.6","-2.101183","-3.415425",,"3.01","False","NASA_POWER_hourly"
"2021-09-10T21:00:00Z","2021-09-10","-121.382","39.872","1355.6","25.98","23.88","3.99","216.8","-2.390104","-3.194918",,"2.76","False","NASA_POWER_hourly"
"2021-09-10T22:00:00Z","2021-09-10","-121.382","39.872","1355.6","25.78","23.45","3.73","220.4","-2.417487","-2.840538",,"2.4","False","NASA_POWER_hourly"
"2021-09-10T23:00:00Z","2021-09-10","-121.382","39.872","1355.6","25.22","23.68","3.28","222.7","-2.224364","-2.41052",,"1.83","False","NASA_POWER_hourly"
"2021-09-11T00:00:00Z","2021-09-11","-121.382","39.872","1355.6","24.14","24.85","2.69","223.2","-1.841432","-1.960926",,"1.14","False","NASA_POWER_hourly"
"2021-09-11T01:00:00Z","2021-09-11","-121.382","39.872","1355.6","22.2","28.01","1.76","222.5","-1.189039","-1.297608",,"0.44","False","NASA_POWER_hourly"
"2021-09-11T02:00:00Z","2021-09-11","-121.382","39.872","1355.6","17.71","38.85","1.32","209.1","-0.641963","-1.153379",,"0","False","NASA_POWER_hourly"
"2021-09-11T03:00:00Z","2021-09-11","-121.382","39.872","1355.6","16.83","40.74","1","183.4","-0.059306","-0.99824",,"0","False","NASA_POWER_hourly"
"2021-09-11T04:00:00Z","2021-09-11","-121.382","39.872","1355.6","16.26","41.96","1.02","161","0.33208","-0.964429",,"0","False","NASA_POWER_hourly"
"2021-09-11T05:00:00Z","2021-09-11","-121.382","39.872","1355.6","15.96","42.7","0.96","148.6","0.500169","-0.819409",,"0","False","NASA_POWER_hourly"
"2021-09-11T06:00:00Z","2021-09-11","-121.382","39.872","1355.6","15.91","42.84","0.74","126.3","0.596387","-0.43809",,"0","False","NASA_POWER_hourly"
"2021-09-11T07:00:00Z","2021-09-11","-121.382","39.872","1355.6","15.97","42.75","0.68","83.3","0.675356","0.079336",,"0","False","NASA_POWER_hourly"
"2021-09-11T08:00:00Z","2021-09-11","-121.382","39.872","1355.6","15.7","43.57","1","47.4","0.736097","0.676876",,"0","False","NASA_POWER_hourly"
"2021-09-11T09:00:00Z","2021-09-11","-121.382","39.872","1355.6","14.88","46.17","1.51","35.3","0.872565","1.232368",,"0","False","NASA_POWER_hourly"
"2021-09-11T10:00:00Z","2021-09-11","-121.382","39.872","1355.6","13.34","51.56","2.01","41.8","1.33973","1.498407",,"0","False","NASA_POWER_hourly"
"2021-09-11T11:00:00Z","2021-09-11","-121.382","39.872","1355.6","11.76","58","2.36","52.7","1.877317","1.430133",,"0","False","NASA_POWER_hourly"
"2021-09-11T12:00:00Z","2021-09-11","-121.382","39.872","1355.6","10.79","62.93","2.52","61.8","2.220885","1.190828",,"0","False","NASA_POWER_hourly"
"2021-09-11T13:00:00Z","2021-09-11","-121.382","39.872","1355.6","9.88","68.48","2.56","70.6","2.41465","0.850332",,"0","False","NASA_POWER_hourly"
"2021-09-11T14:00:00Z","2021-09-11","-121.382","39.872","1355.6","13.08","57.17","1.84","77.5","1.796385","0.398249",,"0.34","False","NASA_POWER_hourly"
"2021-09-11T15:00:00Z","2021-09-11","-121.382","39.872","1355.6","18.53","41.97","1.76","82.8","1.746122","0.220586",,"1.04","False","NASA_POWER_hourly"
"2021-09-11T16:00:00Z","2021-09-11","-121.382","39.872","1355.6","22.97","29.66","1.06","148.1","0.560145","-0.89991",,"1.76","False","NASA_POWER_hourly"
"2021-09-11T17:00:00Z","2021-09-11","-121.382","39.872","1355.6","25.36","23.43","1.59","201.1","-0.572395","-1.483396",,"2.37","False","NASA_POWER_hourly"
"2021-09-11T18:00:00Z","2021-09-11","-121.382","39.872","1355.6","26.94","20.01","2.08","215.2","-1.198979","-1.699661",,"2.75","False","NASA_POWER_hourly"
"2021-09-11T19:00:00Z","2021-09-11","-121.382","39.872","1355.6","28","17.95","2.54","221.5","-1.683055","-1.902348",,"3.05","False","NASA_POWER_hourly"
"2021-09-11T20:00:00Z","2021-09-11","-121.382","39.872","1355.6","28.53","16.9","2.93","226.7","-2.132374","-2.009448",,"3.07","False","NASA_POWER_hourly"
"2021-09-11T21:00:00Z","2021-09-11","-121.382","39.872","1355.6","28.55","16.53","3.17","228.1","-2.359468","-2.117029",,"2.86","False","NASA_POWER_hourly"
"2021-09-11T22:00:00Z","2021-09-11","-121.382","39.872","1355.6","28.09","16.53","3.12","228.1","-2.322252","-2.083638",,"2.43","False","NASA_POWER_hourly"
"2021-09-11T23:00:00Z","2021-09-11","-121.382","39.872","1355.6","27.28","16.72","2.81","227.5","-2.071749","-1.898408",,"1.84","False","NASA_POWER_hourly"
"2021-09-12T00:00:00Z","2021-09-12","-121.382","39.872","1355.6","25.96","17.66","2.35","226.7","-1.710266","-1.611673",,"1.13","False","NASA_POWER_hourly"
"2021-09-12T01:00:00Z","2021-09-12","-121.382","39.872","1355.6","23.3","21.34","1.56","226.6","-1.133456","-1.071857",,"0.43","False","NASA_POWER_hourly"
"2021-09-12T02:00:00Z","2021-09-12","-121.382","39.872","1355.6","19.06","30.26","1.34","224.1","-0.932523","-0.962289",,"0","False","NASA_POWER_hourly"
"2021-09-12T03:00:00Z","2021-09-12","-121.382","39.872","1355.6","18.86","30.21","0.36","191.3","-0.070541","-0.353021",,"0","False","NASA_POWER_hourly"
"2021-09-12T04:00:00Z","2021-09-12","-121.382","39.872","1355.6","17.89","32.11","0.71","76.2","0.689505","0.169359",,"0","False","NASA_POWER_hourly"
"2021-09-12T05:00:00Z","2021-09-12","-121.382","39.872","1355.6","16.93","33.47","1.23","68","1.140436","0.460766",,"0","False","NASA_POWER_hourly"
"2021-09-12T06:00:00Z","2021-09-12","-121.382","39.872","1355.6","16.06","34.98","1.56","65.4","1.418408","0.649398",,"0","False","NASA_POWER_hourly"
"2021-09-12T07:00:00Z","2021-09-12","-121.382","39.872","1355.6","15.27","36.39","1.81","62.3","1.602562","0.841364",,"0","False","NASA_POWER_hourly"
"2021-09-12T08:00:00Z","2021-09-12","-121.382","39.872","1355.6","14.61","37.39","1.98","60.3","1.71989","0.981008",,"0","False","NASA_POWER_hourly"
"2021-09-12T09:00:00Z","2021-09-12","-121.382","39.872","1355.6","14.07","37.93","2.13","57.7","1.800408","1.138171",,"0","False","NASA_POWER_hourly"
"2021-09-12T10:00:00Z","2021-09-12","-121.382","39.872","1355.6","13.52","38.4","2.28","56.4","1.89906","1.261733",,"0","False","NASA_POWER_hourly"
"2021-09-12T11:00:00Z","2021-09-12","-121.382","39.872","1355.6","13.55","37.52","2.25","58.1","1.910186","1.188986",,"0","False","NASA_POWER_hourly"
"2021-09-12T12:00:00Z","2021-09-12","-121.382","39.872","1355.6","14.65","35.01","1.93","62.2","1.707241","0.900126",,"0","False","NASA_POWER_hourly"
"2021-09-12T13:00:00Z","2021-09-12","-121.382","39.872","1355.6","14.43","35.43","1.9","71","1.796485","0.618579",,"0","False","NASA_POWER_hourly"
"2021-09-12T14:00:00Z","2021-09-12","-121.382","39.872","1355.6","15.03","35.39","1.78","82.2","1.763531","0.241574",,"0.32","False","NASA_POWER_hourly"
"2021-09-12T15:00:00Z","2021-09-12","-121.382","39.872","1355.6","19.82","26.63","0.82","98.4","0.811203","-0.119788",,"1.03","False","NASA_POWER_hourly"
"2021-09-12T16:00:00Z","2021-09-12","-121.382","39.872","1355.6","24.01","19.28","1.05","225","-0.742462","-0.742462",,"1.76","False","NASA_POWER_hourly"
"2021-09-12T17:00:00Z","2021-09-12","-121.382","39.872","1355.6","25.97","17.15","1.91","231","-1.484349","-1.202002",,"2.37","False","NASA_POWER_hourly"
"2021-09-12T18:00:00Z","2021-09-12","-121.382","39.872","1355.6","27.27","15.27","2.45","236.6","-2.045377","-1.348678",,"2.81","False","NASA_POWER_hourly"
"2021-09-12T19:00:00Z","2021-09-12","-121.382","39.872","1355.6","28","13.86","2.76","240.3","-2.397423","-1.367466",,"3.04","False","NASA_POWER_hourly"
"2021-09-12T20:00:00Z","2021-09-12","-121.382","39.872","1355.6","28.36","12.89","2.9","243.2","-2.588499","-1.307545",,"3.07","False","NASA_POWER_hourly"
"2021-09-12T21:00:00Z","2021-09-12","-121.382","39.872","1355.6","28.49","12.32","2.96","247.3","-2.730713","-1.142282",,"2.84","False","NASA_POWER_hourly"
"2021-09-12T22:00:00Z","2021-09-12","-121.382","39.872","1355.6","28.26","12.13","2.91","253","-2.782847","-0.850802",,"2.35","False","NASA_POWER_hourly"
"2021-09-12T23:00:00Z","2021-09-12","-121.382","39.872","1355.6","27.61","12.33","2.7","259.8","-2.657328","-0.478129",,"1.74","False","NASA_POWER_hourly"
"2021-09-13T00:00:00Z","2021-09-13","-121.382","39.872","1355.6","26.38","13.33","2.36","265.6","-2.353044","-0.181057",,"1.05","False","NASA_POWER_hourly"
"2021-09-13T01:00:00Z","2021-09-13","-121.382","39.872","1355.6","23.12","18.06","1.56","264.1","-1.551736","-0.160356",,"0.38","False","NASA_POWER_hourly"
"2021-09-13T02:00:00Z","2021-09-13","-121.382","39.872","1355.6","19.38","25.13","1.85","263.2","-1.836986","-0.219047",,"0","False","NASA_POWER_hourly"
"2021-09-13T03:00:00Z","2021-09-13","-121.382","39.872","1355.6","19.46","24.52","1.47","274.3","-1.465862","0.110219",,"0","False","NASA_POWER_hourly"
"2021-09-13T04:00:00Z","2021-09-13","-121.382","39.872","1355.6","19.12","25.17","1.35","290.9","-1.261176","0.481596",,"0","False","NASA_POWER_hourly"
"2021-09-13T05:00:00Z","2021-09-13","-121.382","39.872","1355.6","18.6","25.43","1.4","304.8","-1.149609","0.798999",,"0","False","NASA_POWER_hourly"
"2021-09-13T06:00:00Z","2021-09-13","-121.382","39.872","1355.6","18.57","24.83","1.28","316.6","-0.879472","0.930016",,"0","False","NASA_POWER_hourly"
"2021-09-13T07:00:00Z","2021-09-13","-121.382","39.872","1355.6","18.6","24.91","0.83","343.1","-0.241283","0.794155",,"0","False","NASA_POWER_hourly"
"2021-09-13T08:00:00Z","2021-09-13","-121.382","39.872","1355.6","18.2","25.13","0.69","59.3","0.593298","0.352275",,"0","False","NASA_POWER_hourly"
"2021-09-13T09:00:00Z","2021-09-13","-121.382","39.872","1355.6","17.17","26.81","1.22","89.5","1.219954","0.010646",,"0","False","NASA_POWER_hourly"
"2021-09-13T10:00:00Z","2021-09-13","-121.382","39.872","1355.6","16.12","29.11","1.62","93.5","1.616978","-0.098899",,"0","False","NASA_POWER_hourly"
"2021-09-13T11:00:00Z","2021-09-13","-121.382","39.872","1355.6","15.26","31.39","1.87","94.6","1.863977","-0.149972",,"0","False","NASA_POWER_hourly"
"2021-09-13T12:00:00Z","2021-09-13","-121.382","39.872","1355.6","14.34","33.98","2.08","95.2","2.07144","-0.188516",,"0","False","NASA_POWER_hourly"
"2021-09-13T13:00:00Z","2021-09-13","-121.382","39.872","1355.6","13.32","37.31","2.3","94.5","2.29291","-0.180456",,"0","False","NASA_POWER_hourly"
"2021-09-13T14:00:00Z","2021-09-13","-121.382","39.872","1355.6","13.77","38","2.16","92.7","2.157602","-0.10175",,"0.3","False","NASA_POWER_hourly"
"2021-09-13T15:00:00Z","2021-09-13","-121.382","39.872","1355.6","19.54","26.94","1.38","93.3","1.377712","-0.079438",,"0.97","False","NASA_POWER_hourly"
"2021-09-13T16:00:00Z","2021-09-13","-121.382","39.872","1355.6","24.02","20.35","0.77","161.1","0.249416","-0.728486",,"1.72","False","NASA_POWER_hourly"
"2021-09-13T17:00:00Z","2021-09-13","-121.382","39.872","1355.6","26.56","17.06","0.88","213","-0.479282","-0.73803",,"2.32","False","NASA_POWER_hourly"
"2021-09-13T18:00:00Z","2021-09-13","-121.382","39.872","1355.6","28.29","15.08","1.23","237.6","-1.038523","-0.659067",,"2.76","False","NASA_POWER_hourly"
"2021-09-13T19:00:00Z","2021-09-13","-121.382","39.872","1355.6","29.64","13.78","1.57","246.7","-1.441961","-0.621006",,"3.01","False","NASA_POWER_hourly"
"2021-09-13T20:00:00Z","2021-09-13","-121.382","39.872","1355.6","30.51","13.07","1.87","250","-1.757225","-0.639578",,"2.96","False","NASA_POWER_hourly"
"2021-09-13T21:00:00Z","2021-09-13","-121.382","39.872","1355.6","30.79","12.83","2.14","252.1","-2.036412","-0.657743",,"2.74","False","NASA_POWER_hourly"
"2021-09-13T22:00:00Z","2021-09-13","-121.382","39.872","1355.6","30.41","13.04","2.34","253.3","-2.241305","-0.672424",,"2.32","False","NASA_POWER_hourly"
"2021-09-13T23:00:00Z","2021-09-13","-121.382","39.872","1355.6","29.48","13.72","2.34","254.9","-2.259206","-0.609581",,"1.73","False","NASA_POWER_hourly"
"2021-09-14T00:00:00Z","2021-09-14","-121.382","39.872","1355.6","27.87","15.1","2.22","258","-2.171488","-0.461564",,"1.02","False","NASA_POWER_hourly"
"2021-09-14T01:00:00Z","2021-09-14","-121.382","39.872","1355.6","24.35","19.78","1.52","263.6","-1.510527","-0.169433",,"0.34","False","NASA_POWER_hourly"
"2021-09-14T02:00:00Z","2021-09-14","-121.382","39.872","1355.6","19.21","28.83","1.87","282.3","-1.827075","0.398367",,"0","False","NASA_POWER_hourly"
"2021-09-14T03:00:00Z","2021-09-14","-121.382","39.872","1355.6","18.62","29.41","1.68","332.7","-0.770531","1.492877",,"0","False","NASA_POWER_hourly"
"2021-09-14T04:00:00Z","2021-09-14","-121.382","39.872","1355.6","17.08","31.21","2.07","12.8","0.458605","2.018559",,"0","False","NASA_POWER_hourly"
"2021-09-14T05:00:00Z","2021-09-14","-121.382","39.872","1355.6","15.94","32.03","2.26","28.3","1.071439","1.989879",,"0","False","NASA_POWER_hourly"
"2021-09-14T06:00:00Z","2021-09-14","-121.382","39.872","1355.6","15.3","31.7","2.23","39","1.403384","1.733035",,"0","False","NASA_POWER_hourly"
"2021-09-14T07:00:00Z","2021-09-14","-121.382","39.872","1355.6","14.74","31.45","2.33","49.2","1.763798","1.52247",,"0","False","NASA_POWER_hourly"
"2021-09-14T08:00:00Z","2021-09-14","-121.382","39.872","1355.6","14.09","32.03","2.5","58.1","2.122429","1.321096",,"0","False","NASA_POWER_hourly"
"2021-09-14T09:00:00Z","2021-09-14","-121.382","39.872","1355.6","13.46","33.27","2.61","64.1","2.347846","1.140053",,"0","False","NASA_POWER_hourly"
"2021-09-14T10:00:00Z","2021-09-14","-121.382","39.872","1355.6","12.97","34.91","2.62","69.2","2.449243","0.93038",,"0","False","NASA_POWER_hourly"
"2021-09-14T11:00:00Z","2021-09-14","-121.382","39.872","1355.6","12.46","37.34","2.49","75.1","2.406276","0.640261",,"0","False","NASA_POWER_hourly"
"2021-09-14T12:00:00Z","2021-09-14","-121.382","39.872","1355.6","11.91","39.72","2.21","76.9","2.152487","0.500899",,"0","False","NASA_POWER_hourly"
"2021-09-14T13:00:00Z","2021-09-14","-121.382","39.872","1355.6","11.83","40.24","2.15","75.2","2.07867","0.549208",,"0","False","NASA_POWER_hourly"
"2021-09-14T14:00:00Z","2021-09-14","-121.382","39.872","1355.6","15.06","32.77","2.42","73.7","2.322729","0.679213",,"0.27","False","NASA_POWER_hourly"
"2021-09-14T15:00:00Z","2021-09-14","-121.382","39.872","1355.6","19.33","25.2","2.42","72.7","2.310521","0.719647",,"0.94","False","NASA_POWER_hourly"
"2021-09-14T16:00:00Z","2021-09-14","-121.382","39.872","1355.6","24","18.9","2.07","100.9","2.032655","-0.391428",,"1.63","False","NASA_POWER_hourly"
"2021-09-14T17:00:00Z","2021-09-14","-121.382","39.872","1355.6","27.48","15.04","1.85","129.3","1.431604","-1.171755",,"2.24","False","NASA_POWER_hourly"
"2021-09-14T18:00:00Z","2021-09-14","-121.382","39.872","1355.6","29.75","12.88","1.45","153.4","0.649251","-1.296524",,"2.69","False","NASA_POWER_hourly"
"2021-09-14T19:00:00Z","2021-09-14","-121.382","39.872","1355.6","31.42","11.28","1.3","190.2","-0.23021","-1.279454",,"2.91","False","NASA_POWER_hourly"
"2021-09-14T20:00:00Z","2021-09-14","-121.382","39.872","1355.6","32.41","10.32","1.66","218.9","-1.042419","-1.291884",,"2.84","False","NASA_POWER_hourly"
"2021-09-14T21:00:00Z","2021-09-14","-121.382","39.872","1355.6","32.66","9.89","2.13","231.7","-1.671574","-1.320129",,"2.63","False","NASA_POWER_hourly"
"2021-09-14T22:00:00Z","2021-09-14","-121.382","39.872","1355.6","32.26","9.94","2.47","237.4","-2.080857","-1.330764",,"2.2","False","NASA_POWER_hourly"
"2021-09-14T23:00:00Z","2021-09-14","-121.382","39.872","1355.6","31.19","10.44","2.66","241.5","-2.337654","-1.269242",,"1.62","False","NASA_POWER_hourly"
"2021-09-15T00:00:00Z","2021-09-15","-121.382","39.872","1355.6","29.44","11.47","2.63","244","-2.363828","-1.152916",,"0.92","False","NASA_POWER_hourly"
"2021-09-15T01:00:00Z","2021-09-15","-121.382","39.872","1355.6","25.66","15.24","1.82","241","-1.591808","-0.882354",,"0.28","False","NASA_POWER_hourly"
"2021-09-15T02:00:00Z","2021-09-15","-121.382","39.872","1355.6","19.92","23.02","1.99","233.6","-1.601739","-1.180904",,"0","False","NASA_POWER_hourly"
"2021-09-15T03:00:00Z","2021-09-15","-121.382","39.872","1355.6","19.64","22.95","1.51","225.8","-1.082535","-1.052719",,"0","False","NASA_POWER_hourly"
"2021-09-15T04:00:00Z","2021-09-15","-121.382","39.872","1355.6","19.15","22.8","0.94","205.7","-0.40764","-0.847012",,"0","False","NASA_POWER_hourly"
"2021-09-15T05:00:00Z","2021-09-15","-121.382","39.872","1355.6","18.33","23.54","0.72","179.2","0.010053","-0.71993",,"0","False","NASA_POWER_hourly"
"2021-09-15T06:00:00Z","2021-09-15","-121.382","39.872","1355.6","17.91","23.62","0.7","156.4","0.280244","-0.641454",,"0","False","NASA_POWER_hourly"
"2021-09-15T07:00:00Z","2021-09-15","-121.382","39.872","1355.6","17.68","23.35","0.77","153.1","0.348375","-0.686684",,"0","False","NASA_POWER_hourly"
"2021-09-15T08:00:00Z","2021-09-15","-121.382","39.872","1355.6","17.5","23.33","0.8","160.2","0.27099","-0.752705",,"0","False","NASA_POWER_hourly"
"2021-09-15T09:00:00Z","2021-09-15","-121.382","39.872","1355.6","17.44","23.28","0.84","166.3","0.198944","-0.816101",,"0","False","NASA_POWER_hourly"
"2021-09-15T10:00:00Z","2021-09-15","-121.382","39.872","1355.6","17.52","23.15","0.93","167","0.209204","-0.906164",,"0","False","NASA_POWER_hourly"
"2021-09-15T11:00:00Z","2021-09-15","-121.382","39.872","1355.6","17.43","23.21","1.06","165.8","0.260026","-1.027612",,"0","False","NASA_POWER_hourly"
"2021-09-15T12:00:00Z","2021-09-15","-121.382","39.872","1355.6","17.13","23.59","1.21","159.6","0.421772","-1.134111",,"0","False","NASA_POWER_hourly"
"2021-09-15T13:00:00Z","2021-09-15","-121.382","39.872","1355.6","16.59","24.41","1.42","155.4","0.591119","-1.291115",,"0","False","NASA_POWER_hourly"
"2021-09-15T14:00:00Z","2021-09-15","-121.382","39.872","1355.6","16.57","25.32","1.6","154.1","0.698883","-1.439292",,"0.27","False","NASA_POWER_hourly"
"2021-09-15T15:00:00Z","2021-09-15","-121.382","39.872","1355.6","20.21","21.79","1.16","159.4","0.408136","-1.085829",,"0.96","False","NASA_POWER_hourly"
"2021-09-15T16:00:00Z","2021-09-15","-121.382","39.872","1355.6","24.43","14.87","1.45","193.6","-0.340956","-1.409343",,"1.7","False","NASA_POWER_hourly"
"2021-09-15T17:00:00Z","2021-09-15","-121.382","39.872","1355.6","27.16","11.95","2.15","213.2","-1.177261","-1.799043",,"2.34","False","NASA_POWER_hourly"
"2021-09-15T18:00:00Z","2021-09-15","-121.382","39.872","1355.6","28.64","11.07","2.67","224.7","-1.878064","-1.897835",,"2.8","False","NASA_POWER_hourly"
"2021-09-15T19:00:00Z","2021-09-15","-121.382","39.872","1355.6","29.34","10.79","3.22","231.3","-2.512986","-2.013281",,"3.07","False","NASA_POWER_hourly"
"2021-09-15T20:00:00Z","2021-09-15","-121.382","39.872","1355.6","29.41","10.78","3.59","233.4","-2.882115","-2.140447",,"2.89","False","NASA_POWER_hourly"
"2021-09-15T21:00:00Z","2021-09-15","-121.382","39.872","1355.6","29.2","10.84","3.65","232.1","-2.880157","-2.242141",,"2.67","False","NASA_POWER_hourly"
"2021-09-15T22:00:00Z","2021-09-15","-121.382","39.872","1355.6","28.62","11.06","3.46","229.5","-2.631005","-2.24709",,"2.24","False","NASA_POWER_hourly"
"2021-09-15T23:00:00Z","2021-09-15","-121.382","39.872","1355.6","27.72","11.36","3.13","224.1","-2.178207","-2.247735",,"1.63","False","NASA_POWER_hourly"
"2021-09-16T00:00:00Z","2021-09-16","-121.382","39.872","1355.6","26.32","11.93","2.81","216.7","-1.679327","-2.25299",,"0.92","False","NASA_POWER_hourly"
"2021-09-16T01:00:00Z","2021-09-16","-121.382","39.872","1355.6","23.47","14.04","1.96","206","-0.859207","-1.761636",,"0.28","False","NASA_POWER_hourly"
"2021-09-16T02:00:00Z","2021-09-16","-121.382","39.872","1355.6","16.67","22.71","1.66","194","-0.40159","-1.610691",,"0","False","NASA_POWER_hourly"
"2021-09-16T03:00:00Z","2021-09-16","-121.382","39.872","1355.6","14.93","25.88","1.74","183.3","-0.100161","-1.737115",,"0","False","NASA_POWER_hourly"
"2021-09-16T04:00:00Z","2021-09-16","-121.382","39.872","1355.6","13.88","29.1","1.81","177.8","0.069482","-1.808666",,"0","False","NASA_POWER_hourly"
"2021-09-16T05:00:00Z","2021-09-16","-121.382","39.872","1355.6","13.2","32.14","1.84","172.5","0.240168","-1.824259",,"0","False","NASA_POWER_hourly"
"2021-09-16T06:00:00Z","2021-09-16","-121.382","39.872","1355.6","13.44","31.63","2.13","160.5","0.711009","-2.007826",,"0","False","NASA_POWER_hourly"
"2021-09-16T07:00:00Z","2021-09-16","-121.382","39.872","1355.6","13.7","28.53","2.14","161.2","0.689649","-2.025829",,"0","False","NASA_POWER_hourly"
"2021-09-16T08:00:00Z","2021-09-16","-121.382","39.872","1355.6","14.12","26.47","1.96","165.5","0.490745","-1.897569",,"0","False","NASA_POWER_hourly"
"2021-09-16T09:00:00Z","2021-09-16","-121.382","39.872","1355.6","14.38","25.43","1.56","172.3","0.209018","-1.545934",,"0","False","NASA_POWER_hourly"
"2021-09-16T10:00:00Z","2021-09-16","-121.382","39.872","1355.6","14.76","25.05","0.87","167.4","0.189785","-0.849048",,"0","False","NASA_POWER_hourly"
"2021-09-16T11:00:00Z","2021-09-16","-121.382","39.872","1355.6","14.82","24.95","0.43","117.8","0.38037","-0.200546",,"0","False","NASA_POWER_hourly"
"2021-09-16T12:00:00Z","2021-09-16","-121.382","39.872","1355.6","14.5","25.63","0.81","60.3","0.703592","0.401322",,"0","False","NASA_POWER_hourly"
"2021-09-16T13:00:00Z","2021-09-16","-121.382","39.872","1355.6","13.35","28.25","1.39","57.3","1.1697","0.750934",,"0","False","NASA_POWER_hourly"
"2021-09-16T14:00:00Z","2021-09-16","-121.382","39.872","1355.6","12.58","31.23","1.76","63.7","1.577816","0.779805",,"0.33","False","NASA_POWER_hourly"
"2021-09-16T15:00:00Z","2021-09-16","-121.382","39.872","1355.6","16.6","25.19","1.51","66.2","1.381589","0.609353",,"1.07","False","NASA_POWER_hourly"
"2021-09-16T16:00:00Z","2021-09-16","-121.382","39.872","1355.6","21.51","15.58","0.96","91.8","0.959526","-0.030154",,"1.81","False","NASA_POWER_hourly"
"2021-09-16T17:00:00Z","2021-09-16","-121.382","39.872","1355.6","25.02","10.34","0.94","161.4","0.299822","-0.890902",,"2.42","False","NASA_POWER_hourly"
"2021-09-16T18:00:00Z","2021-09-16","-121.382","39.872","1355.6","26.88","8.76","1.26","197.1","-0.370491","-1.204299",,"2.86","False","NASA_POWER_hourly"
"2021-09-16T19:00:00Z","2021-09-16","-121.382","39.872","1355.6","28.07","8.24","1.7","219","-1.069845","-1.321148",,"3.1","False","NASA_POWER_hourly"
"2021-09-16T20:00:00Z","2021-09-16","-121.382","39.872","1355.6","28.6","8.34","2.19","227.8","-1.622362","-1.471068",,"3.06","False","NASA_POWER_hourly"
"2021-09-16T21:00:00Z","2021-09-16","-121.382","39.872","1355.6","28.54","8.75","2.6","228","-1.932177","-1.73974",,"2.82","False","NASA_POWER_hourly"
"2021-09-16T22:00:00Z","2021-09-16","-121.382","39.872","1355.6","27.92","9.48","2.88","228.2","-2.146971","-1.919614",,"2.37","False","NASA_POWER_hourly"
"2021-09-16T23:00:00Z","2021-09-16","-121.382","39.872","1355.6","26.73","10.63","2.92","231.1","-2.27247","-1.833652",,"1.75","False","NASA_POWER_hourly"
"2021-09-17T00:00:00Z","2021-09-17","-121.382","39.872","1355.6","25.01","12.3","2.66","234.3","-2.160142","-1.55222",,"1.02","False","NASA_POWER_hourly"
"2021-09-17T01:00:00Z","2021-09-17","-121.382","39.872","1355.6","21.88","16.49","1.78","231.4","-1.391106","-1.110506",,"0.3","False","NASA_POWER_hourly"
"2021-09-17T02:00:00Z","2021-09-17","-121.382","39.872","1355.6","16.13","26.72","1.83","225.2","-1.298514","-1.289481",,"0","False","NASA_POWER_hourly"
"2021-09-17T03:00:00Z","2021-09-17","-121.382","39.872","1355.6","15.92","27.78","1.21","206.6","-0.541788","-1.081927",,"0","False","NASA_POWER_hourly"
"2021-09-17T04:00:00Z","2021-09-17","-121.382","39.872","1355.6","15.97","27.7","0.66","159.6","0.230058","-0.618606",,"0","False","NASA_POWER_hourly"
"2021-09-17T05:00:00Z","2021-09-17","-121.382","39.872","1355.6","16.19","26.64","0.53","114.6","0.481895","-0.220629",,"0","False","NASA_POWER_hourly"
"2021-09-17T06:00:00Z","2021-09-17","-121.382","39.872","1355.6","16.46","25.6","0.46","95","0.45825","-0.040092",,"0","False","NASA_POWER_hourly"
"2021-09-17T07:00:00Z","2021-09-17","-121.382","39.872","1355.6","16.35","26.37","0.61","71.9","0.579815","0.189513",,"0","False","NASA_POWER_hourly"
"2021-09-17T08:00:00Z","2021-09-17","-121.382","39.872","1355.6","16.19","25.81","1.19","80.8","1.174692","0.190259",,"0","False","NASA_POWER_hourly"
"2021-09-17T09:00:00Z","2021-09-17","-121.382","39.872","1355.6","15.59","24.7","1.58","77.2","1.540736","0.350047",,"0","False","NASA_POWER_hourly"
"2021-09-17T10:00:00Z","2021-09-17","-121.382","39.872","1355.6","14.93","23.66","1.76","63","1.568171","0.799023",,"0","False","NASA_POWER_hourly"
"2021-09-17T11:00:00Z","2021-09-17","-121.382","39.872","1355.6","14.46","23.47","1.78","58.1","1.51117","0.94062",,"0","False","NASA_POWER_hourly"
"2021-09-17T12:00:00Z","2021-09-17","-121.382","39.872","1355.6","13.84","24.44","1.78","46.6","1.293303","1.223016",,"0","False","NASA_POWER_hourly"
"2021-09-17T13:00:00Z","2021-09-17","-121.382","39.872","1355.6","12.97","26.34","1.89","49.9","1.445701","1.217394",,"0","False","NASA_POWER_hourly"
"2021-09-17T14:00:00Z","2021-09-17","-121.382","39.872","1355.6","12.83","27.9","1.86","71.9","1.767959","0.577858",,"0.28","False","NASA_POWER_hourly"
"2021-09-17T15:00:00Z","2021-09-17","-121.382","39.872","1355.6","16.93","22.36","1.28","84.6","1.274319","0.120459",,"0.99","False","NASA_POWER_hourly"
"2021-09-17T16:00:00Z","2021-09-17","-121.382","39.872","1355.6","21.99","14.96","0.69","182.5","-0.030097","-0.689343",,"1.72","False","NASA_POWER_hourly"
"2021-09-17T17:00:00Z","2021-09-17","-121.382","39.872","1355.6","25.4","12.15","2.08","211.9","-1.099152","-1.765861",,"2.35","False","NASA_POWER_hourly"
"2021-09-17T18:00:00Z","2021-09-17","-121.382","39.872","1355.6","26.67","12.02","2.99","215.9","-1.753253","-2.422025",,"2.79","False","NASA_POWER_hourly"
"2021-09-17T19:00:00Z","2021-09-17","-121.382","39.872","1355.6","26.94","12.69","3.63","221.4","-2.400562","-2.722903",,"3.03","False","NASA_POWER_hourly"
"2021-09-17T20:00:00Z","2021-09-17","-121.382","39.872","1355.6","26.64","13.67","3.95","224.4","-2.76367","-2.822167",,"3","False","NASA_POWER_hourly"
"2021-09-17T21:00:00Z","2021-09-17","-121.382","39.872","1355.6","26.14","14.53","4.01","222.4","-2.703953","-2.961206",,"2.77","False","NASA_POWER_hourly"
"2021-09-17T22:00:00Z","2021-09-17","-121.382","39.872","1355.6","25.61","15.12","3.82","217.6","-2.330755","-3.026546",,"2.33","False","NASA_POWER_hourly"
"2021-09-17T23:00:00Z","2021-09-17","-121.382","39.872","1355.6","24.8","15.68","3.59","211.8","-1.891771","-3.051115",,"1.72","False","NASA_POWER_hourly"
"2021-09-18T00:00:00Z","2021-09-18","-121.382","39.872","1355.6","23.31","17.58","3.36","204.4","-1.388031","-3.059897",,"1","False","NASA_POWER_hourly"
"2021-09-18T01:00:00Z","2021-09-18","-121.382","39.872","1355.6","20.94","21.77","2.83","198.6","-0.902655","-2.682185",,"0.29","False","NASA_POWER_hourly"
"2021-09-18T02:00:00Z","2021-09-18","-121.382","39.872","1355.6","16.17","31.99","1.91","196.4","-0.539272","-1.83229",,"0","False","NASA_POWER_hourly"
"2021-09-18T03:00:00Z","2021-09-18","-121.382","39.872","1355.6","14","39.32","1.95","191.8","-0.398767","-1.908791",,"0","False","NASA_POWER_hourly"
"2021-09-18T04:00:00Z","2021-09-18","-121.382","39.872","1355.6","13.12","43.22","1.83","184.1","-0.13084","-1.825317",,"0","False","NASA_POWER_hourly"
"2021-09-18T05:00:00Z","2021-09-18","-121.382","39.872","1355.6","12.45","46.12","1.89","178.8","0.039581","-1.889585",,"0","False","NASA_POWER_hourly"
"2021-09-18T06:00:00Z","2021-09-18","-121.382","39.872","1355.6","12","48.68","1.97","176.2","0.13056","-1.965669",,"0","False","NASA_POWER_hourly"
"2021-09-18T07:00:00Z","2021-09-18","-121.382","39.872","1355.6","11.26","51.61","2","176.3","0.129065","-1.995831",,"0","False","NASA_POWER_hourly"
"2021-09-18T08:00:00Z","2021-09-18","-121.382","39.872","1355.6","11.21","52.6","2.14","181.6","-0.059752","-2.139166",,"0","False","NASA_POWER_hourly"
"2021-09-18T09:00:00Z","2021-09-18","-121.382","39.872","1355.6","10.62","55.13","2.07","181.7","-0.061409","-2.069089",,"0","False","NASA_POWER_hourly"
"2021-09-18T10:00:00Z","2021-09-18","-121.382","39.872","1355.6","9.55","58.53","1.93","174.6","0.181629","-1.921435",,"0","False","NASA_POWER_hourly"
"2021-09-18T11:00:00Z","2021-09-18","-121.382","39.872","1355.6","9.25","57.94","2.02","170.6","0.329918","-1.992876",,"0","False","NASA_POWER_hourly"
"2021-09-18T12:00:00Z","2021-09-18","-121.382","39.872","1355.6","9.44","56.04","2.21","172.7","0.280813","-2.192087",,"0","False","NASA_POWER_hourly"
"2021-09-18T13:00:00Z","2021-09-18","-121.382","39.872","1355.6","9.22","57.49","2.33","177.8","0.089444","-2.328283",,"0","False","NASA_POWER_hourly"
"2021-09-18T14:00:00Z","2021-09-18","-121.382","39.872","1355.6","10.24","57.14","2.74","179.8","0.009564","-2.739983",,"0.26","False","NASA_POWER_hourly"
"2021-09-18T15:00:00Z","2021-09-18","-121.382","39.872","1355.6","12.34","54.56","3.42","188.1","-0.481882","-3.385881",,"0.96","False","NASA_POWER_hourly"
"2021-09-18T16:00:00Z","2021-09-18","-121.382","39.872","1355.6","14.38","52.41","4.07","198","-1.257699","-3.8708",,"1.66","False","NASA_POWER_hourly"
"2021-09-18T17:00:00Z","2021-09-18","-121.382","39.872","1355.6","16.05","51.18","4.47","203.4","-1.775251","-4.102363",,"2.27","False","NASA_POWER_hourly"
"2021-09-18T18:00:00Z","2021-09-18","-121.382","39.872","1355.6","17.25","50.99","4.8","205.2","-2.043741","-4.34317",,"2.67","False","NASA_POWER_hourly"
"2021-09-18T19:00:00Z","2021-09-18","-121.382","39.872","1355.6","17.94","52.57","5.08","205.7","-2.202988","-4.577471",,"2.65","False","NASA_POWER_hourly"
"2021-09-18T20:00:00Z","2021-09-18","-121.382","39.872","1355.6","18.08","55.74","5.21","204","-2.119098","-4.759572",,"2.39","False","NASA_POWER_hourly"
"2021-09-18T21:00:00Z","2021-09-18","-121.382","39.872","1355.6","17.98","59.01","5.37","205.1","-2.277951","-4.862904",,"1.5","False","NASA_POWER_hourly"
"2021-09-18T22:00:00Z","2021-09-18","-121.382","39.872","1355.6","17.2","64.14","5.34","206.4","-2.374352","-4.783101",,"1.14","False","NASA_POWER_hourly"
"2021-09-18T23:00:00Z","2021-09-18","-121.382","39.872","1355.6","16.43","69.1","5.19","206.1","-2.283284","-4.660763",,"0.82","False","NASA_POWER_hourly"
"2021-09-19T00:00:00Z","2021-09-19","-121.382","39.872","1355.6","15.46","75.23","4.93","206.4","-2.192051","-4.415859",,"0.48","False","NASA_POWER_hourly"
"2021-09-19T01:00:00Z","2021-09-19","-121.382","39.872","1355.6","14.1","83.92","4.32","206.9","-1.954518","-3.852565",,"0.11","False","NASA_POWER_hourly"
"2021-09-19T02:00:00Z","2021-09-19","-121.382","39.872","1355.6","12.85","92.41","3.77","206.5","-1.682166","-3.373903",,"0","False","NASA_POWER_hourly"
"2021-09-19T03:00:00Z","2021-09-19","-121.382","39.872","1355.6","12.27","95.55","3.63","208.5","-1.732086","-3.190106",,"0","False","NASA_POWER_hourly"
"2021-09-19T04:00:00Z","2021-09-19","-121.382","39.872","1355.6","11.85","96.57","3.51","211","-1.807784","-3.008657",,"0","False","NASA_POWER_hourly"
"2021-09-19T05:00:00Z","2021-09-19","-121.382","39.872","1355.6","11.47","97.2","3.34","211.6","-1.750113","-2.844768",,"0","False","NASA_POWER_hourly"
"2021-09-19T06:00:00Z","2021-09-19","-121.382","39.872","1355.6","11.14","97.46","3.25","210.3","-1.639715","-2.806036",,"0","False","NASA_POWER_hourly"
"2021-09-19T07:00:00Z","2021-09-19","-121.382","39.872","1355.6","10.88","97.76","3.27","213.6","-1.80959","-2.723652",,"0","False","NASA_POWER_hourly"
"2021-09-19T08:00:00Z","2021-09-19","-121.382","39.872","1355.6","10.68","97.92","3.41","219.8","-2.182774","-2.619847",,"0","False","NASA_POWER_hourly"
"2021-09-19T09:00:00Z","2021-09-19","-121.382","39.872","1355.6","10.21","97.98","3.5","227.1","-2.5639","-2.382523",,"0","False","NASA_POWER_hourly"
"2021-09-19T10:00:00Z","2021-09-19","-121.382","39.872","1355.6","9.53","97.95","3.14","232.5","-2.491129","-1.911511",,"0","False","NASA_POWER_hourly"
"2021-09-19T11:00:00Z","2021-09-19","-121.382","39.872","1355.6","8.92","97.62","2.63","239.3","-2.261411","-1.342728",,"0","False","NASA_POWER_hourly"
"2021-09-19T12:00:00Z","2021-09-19","-121.382","39.872","1355.6","8.68","97.03","2.17","242.8","-1.930034","-0.991903",,"0","False","NASA_POWER_hourly"
"2021-09-19T13:00:00Z","2021-09-19","-121.382","39.872","1355.6","8.28","96.96","1.77","243.1","-1.578482","-0.800809",,"0","False","NASA_POWER_hourly"
"2021-09-19T14:00:00Z","2021-09-19","-121.382","39.872","1355.6","8.18","95.74","1.47","240.6","-1.280684","-0.721629",,"0.25","False","NASA_POWER_hourly"
"2021-09-19T15:00:00Z","2021-09-19","-121.382","39.872","1355.6","9","89.9","1.59","250.5","-1.4988","-0.530753",,"0.9","False","NASA_POWER_hourly"
"2021-09-19T16:00:00Z","2021-09-19","-121.382","39.872","1355.6","10.86","74.6","1.8","272.5","-1.798287","0.078515",,"1.55","False","NASA_POWER_hourly"
"2021-09-19T17:00:00Z","2021-09-19","-121.382","39.872","1355.6","13.67","52.91","2.09","281.3","-2.049485","0.409527",,"2.15","False","NASA_POWER_hourly"
"2021-09-19T18:00:00Z","2021-09-19","-121.382","39.872","1355.6","15.77","42.41","2.22","282.2","-2.169863","0.469141",,"2.46","False","NASA_POWER_hourly"
"2021-09-19T19:00:00Z","2021-09-19","-121.382","39.872","1355.6","17.47","36.32","2.43","283.3","-2.364825","0.559021",,"2.49","False","NASA_POWER_hourly"
"2021-09-19T20:00:00Z","2021-09-19","-121.382","39.872","1355.6","18.78","32.3","2.53","285.4","-2.439161","0.671857",,"2.7","False","NASA_POWER_hourly"
"2021-09-19T21:00:00Z","2021-09-19","-121.382","39.872","1355.6","19.63","29.58","2.56","289.1","-2.419069","0.837678",,"2.63","False","NASA_POWER_hourly"
"2021-09-19T22:00:00Z","2021-09-19","-121.382","39.872","1355.6","19.85","28.52","2.59","298","-2.286834","1.215931",,"2.28","False","NASA_POWER_hourly"
"2021-09-19T23:00:00Z","2021-09-19","-121.382","39.872","1355.6","19.54","28.52","2.55","308.9","-1.98452","1.601306",,"1.7","False","NASA_POWER_hourly"
"2021-09-20T00:00:00Z","2021-09-20","-121.382","39.872","1355.6","18.56","30.07","2.35","321.9","-1.450034","1.849297",,"1.01","False","NASA_POWER_hourly"
"2021-09-20T01:00:00Z","2021-09-20","-121.382","39.872","1355.6","16.26","36.88","1.78","332.9","-0.81087","1.584579",,"0.28","False","NASA_POWER_hourly"
"2021-09-20T02:00:00Z","2021-09-20","-121.382","39.872","1355.6","11.02","57.18","1.67","350.7","-0.269878","1.648049",,"0","False","NASA_POWER_hourly"
"2021-09-20T03:00:00Z","2021-09-20","-121.382","39.872","1355.6","10.44","57.73","2.07","18","0.639665","1.968687",,"0","False","NASA_POWER_hourly"
"2021-09-20T04:00:00Z","2021-09-20","-121.382","39.872","1355.6","10.22","56.83","2.4","37.5","1.461027","1.904048",,"0","False","NASA_POWER_hourly"
"2021-09-20T05:00:00Z","2021-09-20","-121.382","39.872","1355.6","10.1","55.61","2.77","46.8","2.019243","1.896195",,"0","False","NASA_POWER_hourly"
"2021-09-20T06:00:00Z","2021-09-20","-121.382","39.872","1355.6","9.49","57.1","3.05","48.1","2.27015","2.036889",,"0","False","NASA_POWER_hourly"
"2021-09-20T07:00:00Z","2021-09-20","-121.382","39.872","1355.6","9.08","58.82","3.23","47.3","2.373774","2.190456",,"0","False","NASA_POWER_hourly"
"2021-09-20T08:00:00Z","2021-09-20","-121.382","39.872","1355.6","8.73","60.6","3.46","51.1","2.692721","2.172752",,"0","False","NASA_POWER_hourly"
"2021-09-20T09:00:00Z","2021-09-20","-121.382","39.872","1355.6","8.46","61.95","3.53","55.1","2.895136","2.019675",,"0","False","NASA_POWER_hourly"
"2021-09-20T10:00:00Z","2021-09-20","-121.382","39.872","1355.6","8.31","62.57","3.65","57.7","3.085206","1.950386",,"0","False","NASA_POWER_hourly"
"2021-09-20T11:00:00Z","2021-09-20","-121.382","39.872","1355.6","8.26","62.52","3.74","58.6","3.19228","1.948576",,"0","False","NASA_POWER_hourly"
"2021-09-20T12:00:00Z","2021-09-20","-121.382","39.872","1355.6","8.23","62.52","3.88","58.2","3.297584","2.044588",,"0","False","NASA_POWER_hourly"
"2021-09-20T13:00:00Z","2021-09-20","-121.382","39.872","1355.6","8.22","62.43","4.06","59.8","3.508956","2.042261",,"0","False","NASA_POWER_hourly"
"2021-09-20T14:00:00Z","2021-09-20","-121.382","39.872","1355.6","8.98","59.3","4.23","62.5","3.752056","1.953197",,"0.28","False","NASA_POWER_hourly"
"2021-09-20T15:00:00Z","2021-09-20","-121.382","39.872","1355.6","12.06","47.5","4.56","67.3","4.206774","1.759732",,"0.99","False","NASA_POWER_hourly"
"2021-09-20T16:00:00Z","2021-09-20","-121.382","39.872","1355.6","15.5","33.9","4.87","70.4","4.58782","1.633649",,"1.72","False","NASA_POWER_hourly"
"2021-09-20T17:00:00Z","2021-09-20","-121.382","39.872","1355.6","18.48","24.74","4.77","72.3","4.544195","1.450238",,"2.32","False","NASA_POWER_hourly"
"2021-09-20T18:00:00Z","2021-09-20","-121.382","39.872","1355.6","20.79","19.68","4.58","76.2","4.447795","1.092483",,"2.76","False","NASA_POWER_hourly"
"2021-09-20T19:00:00Z","2021-09-20","-121.382","39.872","1355.6","22.67","16.69","4.27","79.3","4.195757","0.792796",,"2.96","False","NASA_POWER_hourly"
"2021-09-20T20:00:00Z","2021-09-20","-121.382","39.872","1355.6","24.36","14.43","3.83","80.7","3.779657","0.618943",,"2.95","False","NASA_POWER_hourly"
"2021-09-20T21:00:00Z","2021-09-20","-121.382","39.872","1355.6","25.57","12.92","3.46","80.5","3.412548","0.571065",,"2.72","False","NASA_POWER_hourly"
"2021-09-20T22:00:00Z","2021-09-20","-121.382","39.872","1355.6","25.97","12.2","3.29","79.1","3.230644","0.622124",,"2.27","False","NASA_POWER_hourly"
"2021-09-20T23:00:00Z","2021-09-20","-121.382","39.872","1355.6","25.46","12.32","3.27","77.6","3.193718","0.702185",,"1.66","False","NASA_POWER_hourly"
"2021-09-21T00:00:00Z","2021-09-21","-121.382","39.872","1355.6","24","13.25","3.23","76","3.134055","0.781408",,"0.95","False","NASA_POWER_hourly"
"2021-09-21T01:00:00Z","2021-09-21","-121.382","39.872","1355.6","20.46","17.9","2.54","71.4","2.407332","0.810157",,"0.25","False","NASA_POWER_hourly"
"2021-09-21T02:00:00Z","2021-09-21","-121.382","39.872","1355.6","16.05","24.61","2.84","68.1","2.635055","1.059285",,"0","False","NASA_POWER_hourly"
"2021-09-21T03:00:00Z","2021-09-21","-121.382","39.872","1355.6","15.14","24.41","3.29","66.3","3.01253","1.322408",,"0","False","NASA_POWER_hourly"
"2021-09-21T04:00:00Z","2021-09-21","-121.382","39.872","1355.6","14.28","25.29","3.54","69","3.304875","1.268623",,"0","False","NASA_POWER_hourly"
"2021-09-21T05:00:00Z","2021-09-21","-121.382","39.872","1355.6","13.94","25.34","3.65","70.5","3.440641","1.218395",,"0","False","NASA_POWER_hourly"
"2021-09-21T06:00:00Z","2021-09-21","-121.382","39.872","1355.6","13.46","25.87","3.73","70.9","3.524659","1.220523",,"0","False","NASA_POWER_hourly"
"2021-09-21T07:00:00Z","2021-09-21","-121.382","39.872","1355.6","12.85","26.92","3.67","71.7","3.484392","1.152352",,"0","False","NASA_POWER_hourly"
"2021-09-21T08:00:00Z","2021-09-21","-121.382","39.872","1355.6","12.66","27.07","3.61","74.7","3.482052","0.952582",,"0","False","NASA_POWER_hourly"
"2021-09-21T09:00:00Z","2021-09-21","-121.382","39.872","1355.6","12.63","27.13","3.48","77.9","3.402686","0.729473",,"0","False","NASA_POWER_hourly"
"2021-09-21T10:00:00Z","2021-09-21","-121.382","39.872","1355.6","11.78","29.6","3.41","73.1","3.262734","0.991294",,"0","False","NASA_POWER_hourly"
"2021-09-21T11:00:00Z","2021-09-21","-121.382","39.872","1355.6","11.28","31.23","3.53","72.3","3.362895","1.073237",,"0","False","NASA_POWER_hourly"
"2021-09-21T12:00:00Z","2021-09-21","-121.382","39.872","1355.6","10.96","32.45","3.53","73.2","3.379338","1.020282",,"0","False","NASA_POWER_hourly"
"2021-09-21T13:00:00Z","2021-09-21","-121.382","39.872","1355.6","10.7","33.57","3.52","73.3","3.371535","1.011509",,"0","False","NASA_POWER_hourly"
"2021-09-21T14:00:00Z","2021-09-21","-121.382","39.872","1355.6","11.5","32.36","3.44","75.5","3.330428","0.861307",,"0.19","False","NASA_POWER_hourly"
"2021-09-21T15:00:00Z","2021-09-21","-121.382","39.872","1355.6","14.63","27.14","3.08","77.6","3.008151","0.661385",,"0.82","False","NASA_POWER_hourly"
"2021-09-21T16:00:00Z","2021-09-21","-121.382","39.872","1355.6","19.2","21.76","2.44","97.1","2.42129","-0.301588",,"1.48","False","NASA_POWER_hourly"
"2021-09-21T17:00:00Z","2021-09-21","-121.382","39.872","1355.6","23.58","19.08","2.45","147.2","1.327185","-2.059388",,"2.11","False","NASA_POWER_hourly"
"2021-09-21T18:00:00Z","2021-09-21","-121.382","39.872","1355.6","26.2","15.99","2.74","177.3","0.129072","-2.736958",,"2.59","False","NASA_POWER_hourly"
"2021-09-21T19:00:00Z","2021-09-21","-121.382","39.872","1355.6","27.71","13.62","3.03","197.1","-0.890942","-2.896053",,"2.81","False","NASA_POWER_hourly"
"2021-09-21T20:00:00Z","2021-09-21","-121.382","39.872","1355.6","28.32","12.63","3.34","209.6","-1.649766","-2.904113",,"2.63","False","NASA_POWER_hourly"
"2021-09-21T21:00:00Z","2021-09-21","-121.382","39.872","1355.6","28.18","12.63","3.42","215.8","-2.000555","-2.773838",,"2.4","False","NASA_POWER_hourly"
"2021-09-21T22:00:00Z","2021-09-21","-121.382","39.872","1355.6","27.57","13.08","3.17","218.5","-1.973371","-2.480868",,"1.97","False","NASA_POWER_hourly"
"2021-09-21T23:00:00Z","2021-09-21","-121.382","39.872","1355.6","26.69","13.81","2.76","219.4","-1.751856","-2.132745",,"1.39","False","NASA_POWER_hourly"
"2021-09-22T00:00:00Z","2021-09-22","-121.382","39.872","1355.6","25.25","15.09","2.22","219.7","-1.418065","-1.708067",,"0.73","False","NASA_POWER_hourly"
"2021-09-22T01:00:00Z","2021-09-22","-121.382","39.872","1355.6","21.29","26.44","1.46","215.2","-0.841591","-1.193032",,"0.16","False","NASA_POWER_hourly"
"2021-09-22T02:00:00Z","2021-09-22","-121.382","39.872","1355.6","18.85","29.16","1.36","189.7","-0.229146","-1.340557",,"0","False","NASA_POWER_hourly"
"2021-09-22T03:00:00Z","2021-09-22","-121.382","39.872","1355.6","17.7","30.73","1.41","159.3","0.4984","-1.318976",,"0","False","NASA_POWER_hourly"
"2021-09-22T04:00:00Z","2021-09-22","-121.382","39.872","1355.6","16.56","32.97","1.51","150.7","0.738968","-1.316825",,"0","False","NASA_POWER_hourly"
"2021-09-22T05:00:00Z","2021-09-22","-121.382","39.872","1355.6","15.91","33.98","1.48","156","0.60197","-1.352047",,"0","False","NASA_POWER_hourly"
"2021-09-22T06:00:00Z","2021-09-22","-121.382","39.872","1355.6","15.71","34.03","1.43","157.4","0.549542","-1.320191",,"0","False","NASA_POWER_hourly"
"2021-09-22T07:00:00Z","2021-09-22","-121.382","39.872","1355.6","15.87","33.36","1.35","161","0.439517","-1.27645",,"0","False","NASA_POWER_hourly"
"2021-09-22T08:00:00Z","2021-09-22","-121.382","39.872","1355.6","16.08","32.53","1.33","167","0.299185","-1.295912",,"0","False","NASA_POWER_hourly"
"2021-09-22T09:00:00Z","2021-09-22","-121.382","39.872","1355.6","16.25","31.72","1.3","168.9","0.250279","-1.27568",,"0","False","NASA_POWER_hourly"
"2021-09-22T10:00:00Z","2021-09-22","-121.382","39.872","1355.6","16.27","31.37","1.28","171.5","0.189196","-1.26594",,"0","False","NASA_POWER_hourly"
"2021-09-22T11:00:00Z","2021-09-22","-121.382","39.872","1355.6","15.82","32.44","1.38","170","0.239634","-1.359035",,"0","False","NASA_POWER_hourly"
"2021-09-22T12:00:00Z","2021-09-22","-121.382","39.872","1355.6","15.12","34.25","1.54","168","0.320184","-1.506347",,"0","False","NASA_POWER_hourly"
"2021-09-22T13:00:00Z","2021-09-22","-121.382","39.872","1355.6","14.4","36.4","1.7","167.1","0.379525","-1.657094",,"0","False","NASA_POWER_hourly"
"2021-09-22T14:00:00Z","2021-09-22","-121.382","39.872","1355.6","13.73","41.56","1.95","160.8","0.64129","-1.841534",,"0.18","False","NASA_POWER_hourly"
"2021-09-22T15:00:00Z","2021-09-22","-121.382","39.872","1355.6","15.7","41.75","1.32","153.4","0.591042","-1.180284",,"0.76","False","NASA_POWER_hourly"
"2021-09-22T16:00:00Z","2021-09-22","-121.382","39.872","1355.6","20.92","25.76","1.31","187.9","-0.180052","-1.297567",,"1.41","False","NASA_POWER_hourly"
"2021-09-22T17:00:00Z","2021-09-22","-121.382","39.872","1355.6","24.18","19.65","2.35","217.4","-1.427333","-1.866874",,"2.01","False","NASA_POWER_hourly"
"2021-09-22T18:00:00Z","2021-09-22","-121.382","39.872","1355.6","25.8","17","3.1","221.3","-2.046005","-2.328919",,"2.47","False","NASA_POWER_hourly"
"2021-09-22T19:00:00Z","2021-09-22","-121.382","39.872","1355.6","26.55","16.21","3.62","225.4","-2.577534","-2.541794",,"2.64","False","NASA_POWER_hourly"
"2021-09-22T20:00:00Z","2021-09-22","-121.382","39.872","1355.6","26.84","16.32","3.81","226.9","-2.781918","-2.603273",,"2.78","False","NASA_POWER_hourly"
"2021-09-22T21:00:00Z","2021-09-22","-121.382","39.872","1355.6","26.89","16.49","3.75","227.9","-2.782409","-2.5141",,"2.59","False","NASA_POWER_hourly"
"2021-09-22T22:00:00Z","2021-09-22","-121.382","39.872","1355.6","26.61","16.75","3.47","231.5","-2.71565","-2.160126",,"1.93","False","NASA_POWER_hourly"
"2021-09-22T23:00:00Z","2021-09-22","-121.382","39.872","1355.6","25.93","17.36","3.1","236.3","-2.579058","-1.720018",,"1.41","False","NASA_POWER_hourly"
"2021-09-23T00:00:00Z","2021-09-23","-121.382","39.872","1355.6","24.66","18.72","2.53","238.1","-2.147898","-1.336949",,"0.78","False","NASA_POWER_hourly"
"2021-09-23T01:00:00Z","2021-09-23","-121.382","39.872","1355.6","20.6","29.22","1.64","234.2","-1.330145","-0.959331",,"0.19","False","NASA_POWER_hourly"
"2021-09-23T02:00:00Z","2021-09-23","-121.382","39.872","1355.6","17.72","34.97","1.78","225.9","-1.278265","-1.238725",,"0","False","NASA_POWER_hourly"
"2021-09-23T03:00:00Z","2021-09-23","-121.382","39.872","1355.6","17.46","33.66","1.48","204.3","-0.609041","-1.348877",,"0","False","NASA_POWER_hourly"
"2021-09-23T04:00:00Z","2021-09-23","-121.382","39.872","1355.6","17.77","31.51","0.91","175","0.079312","-0.906537",,"0","False","NASA_POWER_hourly"
"2021-09-23T05:00:00Z","2021-09-23","-121.382","39.872","1355.6","17.31","32.01","0.81","119.4","0.705683","-0.397632",,"0","False","NASA_POWER_hourly"
"2021-09-23T06:00:00Z","2021-09-23","-121.382","39.872","1355.6","16.82","32.87","1.08","70.6","1.01868","0.358734",,"0","False","NASA_POWER_hourly"
"2021-09-23T07:00:00Z","2021-09-23","-121.382","39.872","1355.6","15.62","35.39","1.72","69.6","1.612125","0.599544",,"0","False","NASA_POWER_hourly"
"2021-09-23T08:00:00Z","2021-09-23","-121.382","39.872","1355.6","14.12","39.07","2.14","66.3","1.959518","0.860168",,"0","False","NASA_POWER_hourly"
"2021-09-23T09:00:00Z","2021-09-23","-121.382","39.872","1355.6","12.05","45.32","2.45","59.4","2.108818","1.247151",,"0","False","NASA_POWER_hourly"
"2021-09-23T10:00:00Z","2021-09-23","-121.382","39.872","1355.6","10.3","51.55","2.39","62.6","2.121879","1.099877",,"0","False","NASA_POWER_hourly"
"2021-09-23T11:00:00Z","2021-09-23","-121.382","39.872","1355.6","10.31","51.6","2.23","66.5","2.045044","0.88921",,"0","False","NASA_POWER_hourly"
"2021-09-23T12:00:00Z","2021-09-23","-121.382","39.872","1355.6","11.82","47.68","2.87","63.3","2.563976","1.289546",,"0","False","NASA_POWER_hourly"
"2021-09-23T13:00:00Z","2021-09-23","-121.382","39.872","1355.6","12.09","49.32","3.25","61.9","2.866912","1.530789",,"0","False","NASA_POWER_hourly"
"2021-09-23T14:00:00Z","2021-09-23","-121.382","39.872","1355.6","12.35","51.29","3.45","61.7","3.037647","1.635604",,"0.23","False","NASA_POWER_hourly"
"2021-09-23T15:00:00Z","2021-09-23","-121.382","39.872","1355.6","14.91","45.05","3.39","62.5","3.006967","1.565328",,"0.88","False","NASA_POWER_hourly"
"2021-09-23T16:00:00Z","2021-09-23","-121.382","39.872","1355.6","18.98","33.91","3.39","71.1","3.207229","1.09808",,"1.57","False","NASA_POWER_hourly"
"2021-09-23T17:00:00Z","2021-09-23","-121.382","39.872","1355.6","22.64","24.6","3","77.1","2.924284","0.66975",,"2.14","False","NASA_POWER_hourly"
"2021-09-23T18:00:00Z","2021-09-23","-121.382","39.872","1355.6","25.22","19.07","2.56","77.2","2.496382","0.567164",,"2.57","False","NASA_POWER_hourly"
"2021-09-23T19:00:00Z","2021-09-23","-121.382","39.872","1355.6","27.15","15.5","2.28","74.7","2.199191","0.601631",,"2.75","False","NASA_POWER_hourly"
"2021-09-23T20:00:00Z","2021-09-23","-121.382","39.872","1355.6","28.58","13.37","2.09","71","1.976134","0.680437",,"2.83","False","NASA_POWER_hourly"
"2021-09-23T21:00:00Z","2021-09-23","-121.382","39.872","1355.6","29.39","12.21","2.01","66.9","1.848841","0.788598",,"2.58","False","NASA_POWER_hourly"
"2021-09-23T22:00:00Z","2021-09-23","-121.382","39.872","1355.6","29.47","11.88","2.05","62.4","1.816717","0.949757",,"2.05","False","NASA_POWER_hourly"
"2021-09-23T23:00:00Z","2021-09-23","-121.382","39.872","1355.6","28.79","12.24","2.19","61.3","1.92095","1.051689",,"1.45","False","NASA_POWER_hourly"
"2021-09-24T00:00:00Z","2021-09-24","-121.382","39.872","1355.6","27.23","13.45","2.21","61.6","1.944023","1.05113",,"0.77","False","NASA_POWER_hourly"
"2021-09-24T01:00:00Z","2021-09-24","-121.382","39.872","1355.6","22.06","22.76","1.74","55.3","1.430531","0.990546",,"0.16","False","NASA_POWER_hourly"
"2021-09-24T02:00:00Z","2021-09-24","-121.382","39.872","1355.6","16.84","30.5","2.15","58.5","1.833176","1.123372",,"0","False","NASA_POWER_hourly"
"2021-09-24T03:00:00Z","2021-09-24","-121.382","39.872","1355.6","18.03","25.28","3","63.4","2.682463","1.343277",,"0","False","NASA_POWER_hourly"
"2021-09-24T04:00:00Z","2021-09-24","-121.382","39.872","1355.6","17.26","25.91","3.18","64.9","2.879709","1.348954",,"0","False","NASA_POWER_hourly"
"2021-09-24T05:00:00Z","2021-09-24","-121.382","39.872","1355.6","16.9","26.66","3.33","66.3","3.049156","1.338486",,"0","False","NASA_POWER_hourly"
"2021-09-24T06:00:00Z","2021-09-24","-121.382","39.872","1355.6","16.98","27.17","3.4","68.3","3.159051","1.257139",,"0","False","NASA_POWER_hourly"
"2021-09-24T07:00:00Z","2021-09-24","-121.382","39.872","1355.6","17.16","27.71","3.46","70.6","3.26355","1.149278",,"0","False","NASA_POWER_hourly"
"2021-09-24T08:00:00Z","2021-09-24","-121.382","39.872","1355.6","17.96","27.76","3.68","76","3.570688","0.890273",,"0","False","NASA_POWER_hourly"
"2021-09-24T09:00:00Z","2021-09-24","-121.382","39.872","1355.6","17.5","34.25","4.36","84.5","4.339927","0.417887",,"0","False","NASA_POWER_hourly"
"2021-09-24T10:00:00Z","2021-09-24","-121.382","39.872","1355.6","15.37","51.85","5.07","97.1","5.031123","-0.626659",,"0","False","NASA_POWER_hourly"
"2021-09-24T11:00:00Z","2021-09-24","-121.382","39.872","1355.6","14.28","64.64","4.08","89.9","4.079994","0.007121",,"0","False","NASA_POWER_hourly"
"2021-09-24T12:00:00Z","2021-09-24","-121.382","39.872","1355.6","14.25","66.94","3.11","76.6","3.025333","0.720736",,"0","False","NASA_POWER_hourly"
"2021-09-24T13:00:00Z","2021-09-24","-121.382","39.872","1355.6","14.34","67.22","2.51","67.3","2.315571","0.968624",,"0","False","NASA_POWER_hourly"
"2021-09-24T14:00:00Z","2021-09-24","-121.382","39.872","1355.6","14.63","65.97","2.27","62.4","2.011682","1.051682",,"0.19","False","NASA_POWER_hourly"
"2021-09-24T15:00:00Z","2021-09-24","-121.382","39.872","1355.6","17.53","53.73","2.15","69.3","2.011205","0.759971",,"0.81","False","NASA_POWER_hourly"
"2021-09-24T16:00:00Z","2021-09-24","-121.382","39.872","1355.6","22.33","34.38","1.65","114.4","1.502628","-0.681622",,"1.49","False","NASA_POWER_hourly"
"2021-09-24T17:00:00Z","2021-09-24","-121.382","39.872","1355.6","26.02","24.35","1.62","154.9","0.687203","-1.467021",,"2.1","False","NASA_POWER_hourly"
"2021-09-24T18:00:00Z","2021-09-24","-121.382","39.872","1355.6","28.31","20.56","1.49","176.2","0.098748","-1.486724",,"2.57","False","NASA_POWER_hourly"
"2021-09-24T19:00:00Z","2021-09-24","-121.382","39.872","1355.6","29.86","18.2","1.7","199.3","-0.561874","-1.604462",,"2.79","False","NASA_POWER_hourly"
"2021-09-24T20:00:00Z","2021-09-24","-121.382","39.872","1355.6","30.76","16.78","2.05","214.1","-1.14931","-1.697524",,"2.73","False","NASA_POWER_hourly"
"2021-09-24T21:00:00Z","2021-09-24","-121.382","39.872","1355.6","30.98","15.94","2.36","221.4","-1.560696","-1.770262",,"2.5","False","NASA_POWER_hourly"
"2021-09-24T22:00:00Z","2021-09-24","-121.382","39.872","1355.6","30.5","15.72","2.56","225","-1.810193","-1.810193",,"2.06","False","NASA_POWER_hourly"
"2021-09-24T23:00:00Z","2021-09-24","-121.382","39.872","1355.6","29.37","15.96","2.59","226.9","-1.89112","-1.769679",,"1.46","False","NASA_POWER_hourly"
"2021-09-25T00:00:00Z","2021-09-25","-121.382","39.872","1355.6","27.54","16.85","2.37","227.9","-1.758483","-1.588911",,"0.78","False","NASA_POWER_hourly"
"2021-09-25T01:00:00Z","2021-09-25","-121.382","39.872","1355.6","23.18","23.4","1.58","226","-1.136557","-1.09756",,"0.15","False","NASA_POWER_hourly"
"2021-09-25T02:00:00Z","2021-09-25","-121.382","39.872","1355.6","19.37","31.36","1.76","222","-1.17767","-1.307935",,"0","False","NASA_POWER_hourly"
"2021-09-25T03:00:00Z","2021-09-25","-121.382","39.872","1355.6","19.12","30.05","1.31","195.9","-0.358887","-1.259881",,"0","False","NASA_POWER_hourly"
"2021-09-25T04:00:00Z","2021-09-25","-121.382","39.872","1355.6","17.67","31.55","1.54","172.6","0.198345","-1.527174",,"0","False","NASA_POWER_hourly"
"2021-09-25T05:00:00Z","2021-09-25","-121.382","39.872","1355.6","16.03","33.88","1.89","167.8","0.399404","-1.847316",,"0","False","NASA_POWER_hourly"
"2021-09-25T06:00:00Z","2021-09-25","-121.382","39.872","1355.6","14.76","35.6","2.07","166.6","0.479718","-2.013646",,"0","False","NASA_POWER_hourly"
"2021-09-25T07:00:00Z","2021-09-25","-121.382","39.872","1355.6","13.68","37.03","2.21","164.8","0.579438","-2.132686",,"0","False","NASA_POWER_hourly"
"2021-09-25T08:00:00Z","2021-09-25","-121.382","39.872","1355.6","12.9","37.57","2.38","163.4","0.679938","-2.280808",,"0","False","NASA_POWER_hourly"
"2021-09-25T09:00:00Z","2021-09-25","-121.382","39.872","1355.6","12.5","36.85","2.4","162.3","0.729679","-2.286388",,"0","False","NASA_POWER_hourly"
"2021-09-25T10:00:00Z","2021-09-25","-121.382","39.872","1355.6","12.4","34.87","2.25","161.9","0.699022","-2.13866",,"0","False","NASA_POWER_hourly"
"2021-09-25T11:00:00Z","2021-09-25","-121.382","39.872","1355.6","12.26","33.64","2.31","163.9","0.640597","-2.2194",,"0","False","NASA_POWER_hourly"
"2021-09-25T12:00:00Z","2021-09-25","-121.382","39.872","1355.6","12.14","32.92","2.36","168","0.490672","-2.308428",,"0","False","NASA_POWER_hourly"
"2021-09-25T13:00:00Z","2021-09-25","-121.382","39.872","1355.6","12.07","32.58","2.38","169.6","0.429636","-2.3409",,"0","False","NASA_POWER_hourly"
"2021-09-25T14:00:00Z","2021-09-25","-121.382","39.872","1355.6","12.78","32.13","2.31","169","0.440769","-2.267559",,"0.21","False","NASA_POWER_hourly"
"2021-09-25T15:00:00Z","2021-09-25","-121.382","39.872","1355.6","18.19","23.58","1.69","169.8","0.299273","-1.663291",,"0.9","False","NASA_POWER_hourly"
"2021-09-25T16:00:00Z","2021-09-25","-121.382","39.872","1355.6","22.62","19","2.27","189.1","-0.359019","-2.241429",,"1.62","False","NASA_POWER_hourly"
"2021-09-25T17:00:00Z","2021-09-25","-121.382","39.872","1355.6","24.81","19.18","2.79","203.3","-1.103572","-2.562465",,"2.23","False","NASA_POWER_hourly"
"2021-09-25T18:00:00Z","2021-09-25","-121.382","39.872","1355.6","26.45","17.64","3.2","209.2","-1.561151","-2.793351",,"2.67","False","NASA_POWER_hourly"
"2021-09-25T19:00:00Z","2021-09-25","-121.382","39.872","1355.6","27.48","16.56","3.51","212.6","-1.891085","-2.957008",,"2.89","False","NASA_POWER_hourly"
"2021-09-25T20:00:00Z","2021-09-25","-121.382","39.872","1355.6","27.89","16.16","3.69","214.9","-2.111218","-3.02636",,"2.75","False","NASA_POWER_hourly"
"2021-09-25T21:00:00Z","2021-09-25","-121.382","39.872","1355.6","27.84","16.27","3.74","215.5","-2.171829","-3.044792",,"2.49","False","NASA_POWER_hourly"
"2021-09-25T22:00:00Z","2021-09-25","-121.382","39.872","1355.6","27.35","16.69","3.68","214.3","-2.073776","-3.040042",,"2.04","False","NASA_POWER_hourly"
"2021-09-25T23:00:00Z","2021-09-25","-121.382","39.872","1355.6","26.41","17.6","3.55","212","-1.881213","-3.010571",,"1.43","False","NASA_POWER_hourly"
"2021-09-26T00:00:00Z","2021-09-26","-121.382","39.872","1355.6","24.93","19.25","3.33","209.1","-1.619497","-2.909662",,"0.74","False","NASA_POWER_hourly"
"2021-09-26T01:00:00Z","2021-09-26","-121.382","39.872","1355.6","22.18","23.56","2.5","205.1","-1.060499","-2.263922",,"0.13","False","NASA_POWER_hourly"
"2021-09-26T02:00:00Z","2021-09-26","-121.382","39.872","1355.6","16.52","36.11","1.74","200.2","-0.600819","-1.632978",,"0","False","NASA_POWER_hourly"
"2021-09-26T03:00:00Z","2021-09-26","-121.382","39.872","1355.6","14.82","40.6","1.68","193.5","-0.392188","-1.633581",,"0","False","NASA_POWER_hourly"
"2021-09-26T04:00:00Z","2021-09-26","-121.382","39.872","1355.6","14.02","42.15","1.64","186.3","-0.179964","-1.630096",,"0","False","NASA_POWER_hourly"
"2021-09-26T05:00:00Z","2021-09-26","-121.382","39.872","1355.6","13.15","44.52","1.62","178.2","0.050885","-1.619201",,"0","False","NASA_POWER_hourly"
"2021-09-26T06:00:00Z","2021-09-26","-121.382","39.872","1355.6","12.54","46.61","1.66","175.5","0.130242","-1.654883",,"0","False","NASA_POWER_hourly"
"2021-09-26T07:00:00Z","2021-09-26","-121.382","39.872","1355.6","12.07","47.78","1.68","174.5","0.161021","-1.672266",,"0","False","NASA_POWER_hourly"
"2021-09-26T08:00:00Z","2021-09-26","-121.382","39.872","1355.6","11.87","47.12","1.74","174.4","0.169794","-1.731696",,"0","False","NASA_POWER_hourly"
"2021-09-26T09:00:00Z","2021-09-26","-121.382","39.872","1355.6","12.87","42.91","1.81","172.7","0.229987","-1.795329",,"0","False","NASA_POWER_hourly"
"2021-09-26T10:00:00Z","2021-09-26","-121.382","39.872","1355.6","13.58","39.53","1.84","168.7","0.360541","-1.804331",,"0","False","NASA_POWER_hourly"
"2021-09-26T11:00:00Z","2021-09-26","-121.382","39.872","1355.6","13.36","38.55","1.81","167.9","0.37941","-1.769788",,"0","False","NASA_POWER_hourly"
"2021-09-26T12:00:00Z","2021-09-26","-121.382","39.872","1355.6","12.12","40.25","1.88","169.9","0.329689","-1.850866",,"0","False","NASA_POWER_hourly"
"2021-09-26T13:00:00Z","2021-09-26","-121.382","39.872","1355.6","10.48","43.02","1.92","170.4","0.320196","-1.893112",,"0","False","NASA_POWER_hourly"
"2021-09-26T14:00:00Z","2021-09-26","-121.382","39.872","1355.6","10.93","40.27","1.8","168.4","0.36194","-1.763235",,"0.21","False","NASA_POWER_hourly"
"2021-09-26T15:00:00Z","2021-09-26","-121.382","39.872","1355.6","16.36","26.12","2.08","166.1","0.499674","-2.01909",,"0.93","False","NASA_POWER_hourly"
"2021-09-26T16:00:00Z","2021-09-26","-121.382","39.872","1355.6","19.87","16.35","2.61","181.1","-0.050105","-2.609519",,"1.65","False","NASA_POWER_hourly"
"2021-09-26T17:00:00Z","2021-09-26","-121.382","39.872","1355.6","22.84","9.89","3.17","195.6","-0.852476","-3.053225",,"2.26","False","NASA_POWER_hourly"
"2021-09-26T18:00:00Z","2021-09-26","-121.382","39.872","1355.6","24.61","7.45","3.53","203.4","-1.401932","-3.239674",,"2.7","False","NASA_POWER_hourly"
"2021-09-26T19:00:00Z","2021-09-26","-121.382","39.872","1355.6","25.4","6.85","3.79","208.5","-1.808432","-3.330717",,"2.93","False","NASA_POWER_hourly"
"2021-09-26T20:00:00Z","2021-09-26","-121.382","39.872","1355.6","25.53","7.14","3.9","212.8","-2.112662","-3.27821",,"2.87","False","NASA_POWER_hourly"
"2021-09-26T21:00:00Z","2021-09-26","-121.382","39.872","1355.6","25.27","7.68","3.92","215.4","-2.270782","-3.195301",,"2.64","False","NASA_POWER_hourly"
"2021-09-26T22:00:00Z","2021-09-26","-121.382","39.872","1355.6","24.56","8.82","3.75","215.7","-2.18828","-3.045313",,"2.18","False","NASA_POWER_hourly"
"2021-09-26T23:00:00Z","2021-09-26","-121.382","39.872","1355.6","23.46","10.24","3.48","213.5","-1.920741","-2.901923",,"1.56","False","NASA_POWER_hourly"
"2021-09-27T00:00:00Z","2021-09-27","-121.382","39.872","1355.6","21.74","12.53","3.08","208.3","-1.460192","-2.71187",,"0.84","False","NASA_POWER_hourly"
"2021-09-27T01:00:00Z","2021-09-27","-121.382","39.872","1355.6","18.51","17.52","2.03","200.8","-0.720867","-1.897696",,"0.16","False","NASA_POWER_hourly"
"2021-09-27T02:00:00Z","2021-09-27","-121.382","39.872","1355.6","12.42","31.88","1.36","188","-0.189275","-1.346765",,"0","False","NASA_POWER_hourly"
"2021-09-27T03:00:00Z","2021-09-27","-121.382","39.872","1355.6","11.39","37.12","1.39","173.8","0.150119","-1.38187",,"0","False","NASA_POWER_hourly"
"2021-09-27T04:00:00Z","2021-09-27","-121.382","39.872","1355.6","10.73","41.91","1.56","167.4","0.340303","-1.52243",,"0","False","NASA_POWER_hourly"
"2021-09-27T05:00:00Z","2021-09-27","-121.382","39.872","1355.6","10.15","45.13","1.67","164.4","0.449096","-1.608481",,"0","False","NASA_POWER_hourly"
"2021-09-27T06:00:00Z","2021-09-27","-121.382","39.872","1355.6","9.38","44.57","1.72","163.8","0.479865","-1.651705",,"0","False","NASA_POWER_hourly"
"2021-09-27T07:00:00Z","2021-09-27","-121.382","39.872","1355.6","8.58","43.18","1.9","170","0.329932","-1.871135",,"0","False","NASA_POWER_hourly"
"2021-09-27T08:00:00Z","2021-09-27","-121.382","39.872","1355.6","8.15","43.44","1.98","175.4","0.158794","-1.973622",,"0","False","NASA_POWER_hourly"
"2021-09-27T09:00:00Z","2021-09-27","-121.382","39.872","1355.6","7.6","46.69","1.92","176.4","0.120558","-1.916211",,"0","False","NASA_POWER_hourly"
"2021-09-27T10:00:00Z","2021-09-27","-121.382","39.872","1355.6","7.03","48.96","1.91","173.7","0.209593","-1.898465",,"0","False","NASA_POWER_hourly"
"2021-09-27T11:00:00Z","2021-09-27","-121.382","39.872","1355.6","6.62","47.94","1.94","172","0.269996","-1.92112",,"0","False","NASA_POWER_hourly"
"2021-09-27T12:00:00Z","2021-09-27","-121.382","39.872","1355.6","6.28","45.74","1.96","171.8","0.279553","-1.939961",,"0","False","NASA_POWER_hourly"
"2021-09-27T13:00:00Z","2021-09-27","-121.382","39.872","1355.6","6.06","44.67","1.86","171.7","0.268503","-1.840518",,"0","False","NASA_POWER_hourly"
"2021-09-27T14:00:00Z","2021-09-27","-121.382","39.872","1355.6","7.22","42.61","1.73","170","0.300411","-1.703717",,"0.21","False","NASA_POWER_hourly"
"2021-09-27T15:00:00Z","2021-09-27","-121.382","39.872","1355.6","12.88","32.62","2.36","172","0.328449","-2.337033",,"0.88","False","NASA_POWER_hourly"
"2021-09-27T16:00:00Z","2021-09-27","-121.382","39.872","1355.6","16.01","30.99","3.09","191.8","-0.631893","-3.0247",,"1.6","False","NASA_POWER_hourly"
"2021-09-27T17:00:00Z","2021-09-27","-121.382","39.872","1355.6","18.21","29.15","3.66","202.8","-1.418307","-3.374019",,"2.19","False","NASA_POWER_hourly"
"2021-09-27T18:00:00Z","2021-09-27","-121.382","39.872","1355.6","19.47","29.14","4.11","206.9","-1.859507","-3.665288",,"2.62","False","NASA_POWER_hourly"
"2021-09-27T19:00:00Z","2021-09-27","-121.382","39.872","1355.6","20.14","30.23","4.4","209.1","-2.139876","-3.844598",,"2.81","False","NASA_POWER_hourly"
"2021-09-27T20:00:00Z","2021-09-27","-121.382","39.872","1355.6","20.34","32.39","4.58","210.1","-2.296919","-3.962394",,"2.77","False","NASA_POWER_hourly"
"2021-09-27T21:00:00Z","2021-09-27","-121.382","39.872","1355.6","20.26","35.15","4.71","210.2","-2.369224","-4.070734",,"2.06","False","NASA_POWER_hourly"
"2021-09-27T22:00:00Z","2021-09-27","-121.382","39.872","1355.6","19.88","39.4","4.82","210","-2.41","-4.174242",,"1.44","False","NASA_POWER_hourly"
"2021-09-27T23:00:00Z","2021-09-27","-121.382","39.872","1355.6","18.76","47.38","4.99","211.3","-2.5924","-4.26375",,"0.85","False","NASA_POWER_hourly"
"2021-09-28T00:00:00Z","2021-09-28","-121.382","39.872","1355.6","16.75","61.05","4.77","213.2","-2.611877","-3.991366",,"0.47","False","NASA_POWER_hourly"
"2021-09-28T01:00:00Z","2021-09-28","-121.382","39.872","1355.6","14.75","75.29","4.11","215","-2.357399","-3.366715",,"0.07","False","NASA_POWER_hourly"
"2021-09-28T02:00:00Z","2021-09-28","-121.382","39.872","1355.6","13.18","85.1","3.63","219.5","-2.308964","-2.800997",,"0","False","NASA_POWER_hourly"
"2021-09-28T03:00:00Z","2021-09-28","-121.382","39.872","1355.6","12.01","89.64","3.55","232.5","-2.816404","-2.161103",,"0","False","NASA_POWER_hourly"
"2021-09-28T04:00:00Z","2021-09-28","-121.382","39.872","1355.6","10.66","92.38","3.54","253.8","-3.39944","-0.987629",,"0","False","NASA_POWER_hourly"
"2021-09-28T05:00:00Z","2021-09-28","-121.382","39.872","1355.6","9.24","93.31","3.17","273.3","-3.164744","0.182478",,"0","False","NASA_POWER_hourly"
"2021-09-28T06:00:00Z","2021-09-28","-121.382","39.872","1355.6","7.71","95.17","2.52","284","-2.445145","0.609643",,"0","False","NASA_POWER_hourly"
"2021-09-28T07:00:00Z","2021-09-28","-121.382","39.872","1355.6","6.5","96.17","1.9","292.6","-1.754099","0.730161",,"0","False","NASA_POWER_hourly"
"2021-09-28T08:00:00Z","2021-09-28","-121.382","39.872","1355.6","5.3","97.09","1.44","309.7","-1.107935","0.919826",,"0","False","NASA_POWER_hourly"
"2021-09-28T09:00:00Z","2021-09-28","-121.382","39.872","1355.6","4.27","97.18","1.51","336.7","-0.597274","1.386854",,"0","False","NASA_POWER_hourly"
"2021-09-28T10:00:00Z","2021-09-28","-121.382","39.872","1355.6","3.65","96.28","1.67","4.8","0.139742","1.664143",,"0","False","NASA_POWER_hourly"
"2021-09-28T11:00:00Z","2021-09-28","-121.382","39.872","1355.6","3.01","96.55","1.72","20.8","0.610784","1.6079",,"0","False","NASA_POWER_hourly"
"2021-09-28T12:00:00Z","2021-09-28","-121.382","39.872","1355.6","2.88","94.69","2.04","32.2","1.087068","1.726234",,"0","False","NASA_POWER_hourly"
"2021-09-28T13:00:00Z","2021-09-28","-121.382","39.872","1355.6","2.69","94.49","2.47","39.1","1.557769","1.916835",,"0","False","NASA_POWER_hourly"
"2021-09-28T14:00:00Z","2021-09-28","-121.382","39.872","1355.6","2.62","93.85","2.82","43.3","1.934008","2.052319",,"0.18","False","NASA_POWER_hourly"
"2021-09-28T15:00:00Z","2021-09-28","-121.382","39.872","1355.6","4.56","82.69","3.1","45.9","2.226192","2.15733",,"0.88","False","NASA_POWER_hourly"
"2021-09-28T16:00:00Z","2021-09-28","-121.382","39.872","1355.6","8.47","56.41","3.32","48.8","2.498017","2.186849",,"1.62","False","NASA_POWER_hourly"
"2021-09-28T17:00:00Z","2021-09-28","-121.382","39.872","1355.6","12.25","35.76","2.84","43","1.936875","2.077045",,"2.25","False","NASA_POWER_hourly"
"2021-09-28T18:00:00Z","2021-09-28","-121.382","39.872","1355.6","15.07","24.9","2.15","29.2","1.048898","1.876782",,"2.71","False","NASA_POWER_hourly"
"2021-09-28T19:00:00Z","2021-09-28","-121.382","39.872","1355.6","17.13","19.13","1.78","8.1","0.250804","1.762242",,"2.92","False","NASA_POWER_hourly"
"2021-09-28T20:00:00Z","2021-09-28","-121.382","39.872","1355.6","18.51","15.83","1.72","348.6","-0.339971","1.686066",,"2.91","False","NASA_POWER_hourly"
"2021-09-28T21:00:00Z","2021-09-28","-121.382","39.872","1355.6","19.25","13.98","1.61","334.2","-0.700722","1.449513",,"2.66","False","NASA_POWER_hourly"
"2021-09-28T22:00:00Z","2021-09-28","-121.382","39.872","1355.6","19.3","13.31","1.53","324","-0.899311","1.237796",,"2.17","False","NASA_POWER_hourly"
"2021-09-28T23:00:00Z","2021-09-28","-121.382","39.872","1355.6","18.65","13.8","1.58","322.7","-0.957462","1.256848",,"1.55","False","NASA_POWER_hourly"
"2021-09-29T00:00:00Z","2021-09-29","-121.382","39.872","1355.6","17.2","15.75","1.6","331.7","-0.758541","1.408764",,"0.8","False","NASA_POWER_hourly"
"2021-09-29T01:00:00Z","2021-09-29","-121.382","39.872","1355.6","12.76","29.88","1.2","353.3","-0.140005","1.191805",,"0.13","False","NASA_POWER_hourly"
"2021-09-29T02:00:00Z","2021-09-29","-121.382","39.872","1355.6","7.91","47.57","1.94","15.3","0.511914","1.871241",,"0","False","NASA_POWER_hourly"
"2021-09-29T03:00:00Z","2021-09-29","-121.382","39.872","1355.6","7.57","44.59","2.26","36","1.328395","1.828378",,"0","False","NASA_POWER_hourly"
"2021-09-29T04:00:00Z","2021-09-29","-121.382","39.872","1355.6","8.06","40.44","2.71","44.9","1.912912","1.919601",,"0","False","NASA_POWER_hourly"
"2021-09-29T05:00:00Z","2021-09-29","-121.382","39.872","1355.6","7.65","42.26","2.75","47.7","2.033986","1.850784",,"0","False","NASA_POWER_hourly"
"2021-09-29T06:00:00Z","2021-09-29","-121.382","39.872","1355.6","7.5","43.37","2.76","49","2.082998","1.810723",,"0","False","NASA_POWER_hourly"
"2021-09-29T07:00:00Z","2021-09-29","-121.382","39.872","1355.6","7.17","44.92","2.81","50.8","2.177594","1.776002",,"0","False","NASA_POWER_hourly"
"2021-09-29T08:00:00Z","2021-09-29","-121.382","39.872","1355.6","7","45.87","2.92","53.6","2.35029","1.732783",,"0","False","NASA_POWER_hourly"
"2021-09-29T09:00:00Z","2021-09-29","-121.382","39.872","1355.6","6.9","46.61","2.87","55.9","2.376533","1.609034",,"0","False","NASA_POWER_hourly"
"2021-09-29T10:00:00Z","2021-09-29","-121.382","39.872","1355.6","6.35","48.25","2.87","58.7","2.452297","1.49102",,"0","False","NASA_POWER_hourly"
"2021-09-29T11:00:00Z","2021-09-29","-121.382","39.872","1355.6","5.54","50.12","3.01","59.4","2.590834","1.532215",,"0","False","NASA_POWER_hourly"
"2021-09-29T12:00:00Z","2021-09-29","-121.382","39.872","1355.6","5.13","50.15","3.08","61.9","2.716951","1.450717",,"0","False","NASA_POWER_hourly"
"2021-09-29T13:00:00Z","2021-09-29","-121.382","39.872","1355.6","5.09","48.87","3.09","63.3","2.760518","1.388396",,"0","False","NASA_POWER_hourly"
"2021-09-29T14:00:00Z","2021-09-29","-121.382","39.872","1355.6","5.64","46.44","3.07","62.8","2.730508","1.403291",,"0.19","False","NASA_POWER_hourly"
"2021-09-29T15:00:00Z","2021-09-29","-121.382","39.872","1355.6","8.75","37.18","2.93","63.9","2.631221","1.289022",,"0.87","False","NASA_POWER_hourly"
"2021-09-29T16:00:00Z","2021-09-29","-121.382","39.872","1355.6","12.9","25.7","2.92","78.2","2.858293","0.597128",,"1.59","False","NASA_POWER_hourly"
"2021-09-29T17:00:00Z","2021-09-29","-121.382","39.872","1355.6","16.13","18.73","2.49","80.8","2.457969","0.398104",,"2.21","False","NASA_POWER_hourly"
"2021-09-29T18:00:00Z","2021-09-29","-121.382","39.872","1355.6","18.52","15","2.14","78.1","2.094009","0.441277",,"2.63","False","NASA_POWER_hourly"
"2021-09-29T19:00:00Z","2021-09-29","-121.382","39.872","1355.6","20.49","13.03","1.74","72.9","1.66308","0.51163",,"2.86","False","NASA_POWER_hourly"
"2021-09-29T20:00:00Z","2021-09-29","-121.382","39.872","1355.6","21.94","12.29","1.4","63.8","1.256162","0.618108",,"2.83","False","NASA_POWER_hourly"
"2021-09-29T21:00:00Z","2021-09-29","-121.382","39.872","1355.6","22.79","12.12","1.22","54.4","0.991983","0.71019",,"2.6","False","NASA_POWER_hourly"
"2021-09-29T22:00:00Z","2021-09-29","-121.382","39.872","1355.6","22.9","12.43","1.23","44.3","0.859051","0.880302",,"2.15","False","NASA_POWER_hourly"
"2021-09-29T23:00:00Z","2021-09-29","-121.382","39.872","1355.6","22.32","13.24","1.44","45.3","1.023551","1.012888",,"1.53","False","NASA_POWER_hourly"
"2021-09-30T00:00:00Z","2021-09-30","-121.382","39.872","1355.6","20.8","15.04","1.61","51.1","1.252971","1.011021",,"0.81","False","NASA_POWER_hourly"
"2021-09-30T01:00:00Z","2021-09-30","-121.382","39.872","1355.6","15.78","32.15","1.59","48.3","1.187155","1.057716",,"0.13","False","NASA_POWER_hourly"
"2021-09-30T02:00:00Z","2021-09-30","-121.382","39.872","1355.6","10.79","40.81","2.17","56.1","1.801127","1.210307",,"0","False","NASA_POWER_hourly"
"2021-09-30T03:00:00Z","2021-09-30","-121.382","39.872","1355.6","11.55","32","2.65","62.9","2.359064","1.207194",,"0","False","NASA_POWER_hourly"
"2021-09-30T04:00:00Z","2021-09-30","-121.382","39.872","1355.6","11.29","28.93","2.99","63.3","2.67118","1.343464",,"0","False","NASA_POWER_hourly"
"2021-09-30T05:00:00Z","2021-09-30","-121.382","39.872","1355.6","10.5","28.42","3.1","63.4","2.771878","1.388053",,"0","False","NASA_POWER_hourly"
"2021-09-30T06:00:00Z","2021-09-30","-121.382","39.872","1355.6","10.4","27.61","3.2","64.9","2.89782","1.357438",,"0","False","NASA_POWER_hourly"
"2021-09-30T07:00:00Z","2021-09-30","-121.382","39.872","1355.6","10","28.25","3.31","64.8","2.994978","1.409329",,"0","False","NASA_POWER_hourly"
"2021-09-30T08:00:00Z","2021-09-30","-121.382","39.872","1355.6","9.34","29.42","3.37","64","3.028936","1.477311",,"0","False","NASA_POWER_hourly"
"2021-09-30T09:00:00Z","2021-09-30","-121.382","39.872","1355.6","8.86","30.39","3.39","64.3","3.054651","1.470104",,"0","False","NASA_POWER_hourly"
"2021-09-30T10:00:00Z","2021-09-30","-121.382","39.872","1355.6","8.62","31.01","3.47","65.1","3.147443","1.460994",,"0","False","NASA_POWER_hourly"
"2021-09-30T11:00:00Z","2021-09-30","-121.382","39.872","1355.6","8.46","31.22","3.51","65.6","3.1965","1.449997",,"0","False","NASA_POWER_hourly"
"2021-09-30T12:00:00Z","2021-09-30","-121.382","39.872","1355.6","8.35","31.08","3.54","65.8","3.228905","1.451128",,"0","False","NASA_POWER_hourly"
"2021-09-30T13:00:00Z","2021-09-30","-121.382","39.872","1355.6","8.27","30.87","3.56","66.3","3.259759","1.430934",,"0","False","NASA_POWER_hourly"
"2021-09-30T14:00:00Z","2021-09-30","-121.382","39.872","1355.6","8.55","30.17","3.54","67.2","3.263396","1.371805",,"0.17","False","NASA_POWER_hourly"
"2021-09-30T15:00:00Z","2021-09-30","-121.382","39.872","1355.6","11.38","24.65","3.31","68.6","3.081795","1.207742",,"0.82","False","NASA_POWER_hourly"
"2021-09-30T16:00:00Z","2021-09-30","-121.382","39.872","1355.6","15.69","16.9","3.16","82","3.129247","0.439787",,"1.54","False","NASA_POWER_hourly"
"2021-09-30T17:00:00Z","2021-09-30","-121.382","39.872","1355.6","19.48","12.32","2.65","93.7","2.644476","-0.171011",,"2.16","False","NASA_POWER_hourly"
"2021-09-30T18:00:00Z","2021-09-30","-121.382","39.872","1355.6","22.12","10.21","2.11","94.4","2.103781","-0.161877",,"2.62","False","NASA_POWER_hourly"
"2021-09-30T19:00:00Z","2021-09-30","-121.382","39.872","1355.6","24.14","8.75","1.73","94","1.725786","-0.120679",,"2.84","False","NASA_POWER_hourly"
"2021-09-30T20:00:00Z","2021-09-30","-121.382","39.872","1355.6","25.59","7.81","1.36","92.5","1.358706","-0.059322",,"2.82","False","NASA_POWER_hourly"
"2021-09-30T21:00:00Z","2021-09-30","-121.382","39.872","1355.6","26.37","7.37","1.07","84.7","1.065425","0.098837",,"2.57","False","NASA_POWER_hourly"
"2021-09-30T22:00:00Z","2021-09-30","-121.382","39.872","1355.6","26.43","7.42","0.85","73.7","0.815834","0.238567",,"2.13","False","NASA_POWER_hourly"
"2021-09-30T23:00:00Z","2021-09-30","-121.382","39.872","1355.6","25.66","7.85","0.8","67.3","0.73803","0.308725",,"1.51","False","NASA_POWER_hourly"
"2021-10-01T00:00:00Z","2021-10-01","-121.382","39.872","1355.6","23.81","9.52","0.8","70.2","0.752705","0.27099",,"0.78","False","NASA_POWER_hourly"
"2021-10-01T01:00:00Z","2021-10-01","-121.382","39.872","1355.6","18.88","22.43","1.03","78.3","1.008599","0.208871",,"0.12","False","NASA_POWER_hourly"
"2021-10-01T02:00:00Z","2021-10-01","-121.382","39.872","1355.6","14.36","27.54","2.1","78.5","2.057842","0.418673",,"0","False","NASA_POWER_hourly"
"2021-10-01T03:00:00Z","2021-10-01","-121.382","39.872","1355.6","12.2","28.99","2.66","81.1","2.627973","0.41153",,"0","False","NASA_POWER_hourly"
"2021-10-01T04:00:00Z","2021-10-01","-121.382","39.872","1355.6","11.25","27.44","2.54","81.6","2.512752","0.371051",,"0","False","NASA_POWER_hourly"
"2021-10-01T05:00:00Z","2021-10-01","-121.382","39.872","1355.6","10.84","25.42","2.26","78.5","2.21463","0.450572",,"0","False","NASA_POWER_hourly"
"2021-10-01T06:00:00Z","2021-10-01","-121.382","39.872","1355.6","10.78","24.55","2.16","76.9","2.103788","0.489567",,"0","False","NASA_POWER_hourly"
"2021-10-01T07:00:00Z","2021-10-01","-121.382","39.872","1355.6","11.23","23.5","1.98","75.4","1.916064","0.499097",,"0","False","NASA_POWER_hourly"
"2021-10-01T08:00:00Z","2021-10-01","-121.382","39.872","1355.6","11.65","22.24","1.99","73","1.903046","0.58182",,"0","False","NASA_POWER_hourly"
"2021-10-01T09:00:00Z","2021-10-01","-121.382","39.872","1355.6","11.86","22.04","2.11","70.6","1.9902","0.70086",,"0","False","NASA_POWER_hourly"
"2021-10-01T10:00:00Z","2021-10-01","-121.382","39.872","1355.6","11.39","22.83","2.16","69.1","2.017882","0.770554",,"0","False","NASA_POWER_hourly"
"2021-10-01T11:00:00Z","2021-10-01","-121.382","39.872","1355.6","11.12","22.93","2.26","68.2","2.098378","0.839291",,"0","False","NASA_POWER_hourly"
"2021-10-01T12:00:00Z","2021-10-01","-121.382","39.872","1355.6","10.99","22.92","2.36","68.9","2.20177","0.849592",,"0","False","NASA_POWER_hourly"
"2021-10-01T13:00:00Z","2021-10-01","-121.382","39.872","1355.6","10.76","23.49","2.44","69.9","2.29139","0.83853",,"0","False","NASA_POWER_hourly"
"2021-10-01T14:00:00Z","2021-10-01","-121.382","39.872","1355.6","11.09","23.19","2.5","69.9","2.347736","0.859149",,"0.14","False","NASA_POWER_hourly"
"2021-10-01T15:00:00Z","2021-10-01","-121.382","39.872","1355.6","12.92","20.19","2.51","67.3","2.315571","0.968624",,"0.76","False","NASA_POWER_hourly"
"2021-10-01T16:00:00Z","2021-10-01","-121.382","39.872","1355.6","15.35","16.69","2.18","69.9","2.047225","0.749178",,"1.41","False","NASA_POWER_hourly"
"2021-10-01T17:00:00Z","2021-10-01","-121.382","39.872","1355.6","19.42","11.24","1.97","89.4","1.969892","0.020629",,"2.02","False","NASA_POWER_hourly"
"2021-10-01T18:00:00Z","2021-10-01","-121.382","39.872","1355.6","22.56","8.71","1.61","101.8","1.575976","-0.329239",,"2.49","False","NASA_POWER_hourly"
"2021-10-01T19:00:00Z","2021-10-01","-121.382","39.872","1355.6","24.74","7.64","1.15","120.8","0.987804","-0.588849",,"2.7","False","NASA_POWER_hourly"
"2021-10-01T20:00:00Z","2021-10-01","-121.382","39.872","1355.6","26.19","7.29","0.67","162.6","0.200357","-0.639341",,"2.66","False","NASA_POWER_hourly"
"2021-10-01T21:00:00Z","2021-10-01","-121.382","39.872","1355.6","26.86","7.51","0.76","228.7","-0.570961","-0.501601",,"2.42","False","NASA_POWER_hourly"
"2021-10-01T22:00:00Z","2021-10-01","-121.382","39.872","1355.6","26.78","8.1","1.09","247.9","-1.009916","-0.410084",,"1.96","False","NASA_POWER_hourly"
"2021-10-01T23:00:00Z","2021-10-01","-121.382","39.872","1355.6","25.95","8.92","1.23","245.9","-1.122786","-0.502246",,"1.35","False","NASA_POWER_hourly"
"2021-10-02T00:00:00Z","2021-10-02","-121.382","39.872","1355.6","24.14","10.63","1.21","240.3","-1.051044","-0.599505",,"0.67","False","NASA_POWER_hourly"
"2021-10-02T01:00:00Z","2021-10-02","-121.382","39.872","1355.6","18.89","23.82","1.08","238.2","-0.917884","-0.569112",,"0.09","False","NASA_POWER_hourly"
"2021-10-02T02:00:00Z","2021-10-02","-121.382","39.872","1355.6","17.47","23.08","0.62","250.1","-0.582979","-0.211035",,"0","False","NASA_POWER_hourly"
"2021-10-02T03:00:00Z","2021-10-02","-121.382","39.872","1355.6","16.87","22.18","0.93","64","0.835878","0.407685",,"0","False","NASA_POWER_hourly"
"2021-10-02T04:00:00Z","2021-10-02","-121.382","39.872","1355.6","14.43","27.3","1.94","74.2","1.866703","0.528224",,"0","False","NASA_POWER_hourly"
"2021-10-02T05:00:00Z","2021-10-02","-121.382","39.872","1355.6","12.27","30.85","2.47","77.1","2.40766","0.551428",,"0","False","NASA_POWER_hourly"
"2021-10-02T06:00:00Z","2021-10-02","-121.382","39.872","1355.6","10.82","32.13","2.68","78.8","2.62896","0.520548",,"0","False","NASA_POWER_hourly"
"2021-10-02T07:00:00Z","2021-10-02","-121.382","39.872","1355.6","9.85","32.11","2.77","79.6","2.724493","0.500038",,"0","False","NASA_POWER_hourly"
"2021-10-02T08:00:00Z","2021-10-02","-121.382","39.872","1355.6","9.13","31.66","2.74","80.1","2.6992","0.471086",,"0","False","NASA_POWER_hourly"
"2021-10-02T09:00:00Z","2021-10-02","-121.382","39.872","1355.6","8.78","29.95","2.38","81.5","2.353858","0.351786",,"0","False","NASA_POWER_hourly"
"2021-10-02T10:00:00Z","2021-10-02","-121.382","39.872","1355.6","8.42","29.43","2.41","78.7","2.363281","0.47223",,"0","False","NASA_POWER_hourly"
"2021-10-02T11:00:00Z","2021-10-02","-121.382","39.872","1355.6","7.96","29.58","2.51","76.9","2.44468","0.568895",,"0","False","NASA_POWER_hourly"
"2021-10-02T12:00:00Z","2021-10-02","-121.382","39.872","1355.6","7.39","29.81","2.34","74.9","2.259206","0.609581",,"0","False","NASA_POWER_hourly"
"2021-10-02T13:00:00Z","2021-10-02","-121.382","39.872","1355.6","7.49","28.4","2.25","73.5","2.157344","0.639035",,"0","False","NASA_POWER_hourly"
"2021-10-02T14:00:00Z","2021-10-02","-121.382","39.872","1355.6","9.08","24.66","2.55","72.9","2.437272","0.749803",,"0.12","False","NASA_POWER_hourly"
"2021-10-02T15:00:00Z","2021-10-02","-121.382","39.872","1355.6","13.81","17.24","2.64","70.1","2.482361","0.898602",,"0.69","False","NASA_POWER_hourly"
"2021-10-02T16:00:00Z","2021-10-02","-121.382","39.872","1355.6","18.21","12.88","2.05","72.4","1.954041","0.619858",,"1.39","False","NASA_POWER_hourly"
"2021-10-02T17:00:00Z","2021-10-02","-121.382","39.872","1355.6","23.09","8.75","1.55","101.2","1.52048","-0.301063",,"2.06","False","NASA_POWER_hourly"
"2021-10-02T18:00:00Z","2021-10-02","-121.382","39.872","1355.6","25.72","7.51","1.01","124.5","0.832367","-0.57207",,"2.48","False","NASA_POWER_hourly"
"2021-10-02T19:00:00Z","2021-10-02","-121.382","39.872","1355.6","27.35","7.24","0.78","161.3","0.250078","-0.738824",,"2.69","False","NASA_POWER_hourly"
"2021-10-02T20:00:00Z","2021-10-02","-121.382","39.872","1355.6","28.26","7.19","0.95","199.8","-0.321801","-0.893837",,"2.56","False","NASA_POWER_hourly"
"2021-10-02T21:00:00Z","2021-10-02","-121.382","39.872","1355.6","28.5","7.37","1.37","220","-0.880619","-1.049481",,"2.31","False","NASA_POWER_hourly"
"2021-10-02T22:00:00Z","2021-10-02","-121.382","39.872","1355.6","28.07","7.81","1.78","232.7","-1.415943","-1.078659",,"1.86","False","NASA_POWER_hourly"
"2021-10-02T23:00:00Z","2021-10-02","-121.382","39.872","1355.6","26.97","8.6","2.02","239.6","-1.742278","-1.022188",,"1.22","False","NASA_POWER_hourly"
"2021-10-03T00:00:00Z","2021-10-03","-121.382","39.872","1355.6","24.92","10.46","1.88","242.8","-1.672103","-0.859344",,"0.56","False","NASA_POWER_hourly"
"2021-10-03T01:00:00Z","2021-10-03","-121.382","39.872","1355.6","19.21","22.51","1.62","240.7","-1.412752","-0.7928",,"0.07","False","NASA_POWER_hourly"
"2021-10-03T02:00:00Z","2021-10-03","-121.382","39.872","1355.6","17.53","23.98","1.44","240.9","-1.258232","-0.700323",,"0","False","NASA_POWER_hourly"
"2021-10-03T03:00:00Z","2021-10-03","-121.382","39.872","1355.6","17.83","21.36","0.25","253.7","-0.239951","-0.070167",,"0","False","NASA_POWER_hourly"
"2021-10-03T04:00:00Z","2021-10-03","-121.382","39.872","1355.6","16.88","22.47","0.71","47.3","0.521789","0.481493",,"0","False","NASA_POWER_hourly"
"2021-10-03T05:00:00Z","2021-10-03","-121.382","39.872","1355.6","16.07","23.74","1.23","54.2","0.997608","0.719498",,"0","False","NASA_POWER_hourly"
"2021-10-03T06:00:00Z","2021-10-03","-121.382","39.872","1355.6","15.67","23.81","1.49","65.3","1.353677","0.622622",,"0","False","NASA_POWER_hourly"
"2021-10-03T07:00:00Z","2021-10-03","-121.382","39.872","1355.6","15","24.77","1.68","77.6","1.640809","0.360755",,"0","False","NASA_POWER_hourly"
"2021-10-03T08:00:00Z","2021-10-03","-121.382","39.872","1355.6","14.04","26.44","1.87","86","1.865445","0.130445",,"0","False","NASA_POWER_hourly"
"2021-10-03T09:00:00Z","2021-10-03","-121.382","39.872","1355.6","13","28.29","2.04","86.4","2.035975","0.128093",,"0","False","NASA_POWER_hourly"
"2021-10-03T10:00:00Z","2021-10-03","-121.382","39.872","1355.6","12.11","29.69","2.16","81.5","2.136274","0.319268",,"0","False","NASA_POWER_hourly"
"2021-10-03T11:00:00Z","2021-10-03","-121.382","39.872","1355.6","11.94","29.62","2.16","78","2.112799","0.449089",,"0","False","NASA_POWER_hourly"
"2021-10-03T12:00:00Z","2021-10-03","-121.382","39.872","1355.6","10.49","32.39","2.42","74.6","2.333111","0.642646",,"0","False","NASA_POWER_hourly"
"2021-10-03T13:00:00Z","2021-10-03","-121.382","39.872","1355.6","9.43","34.3","2.61","74.4","2.513854","0.701881",,"0","False","NASA_POWER_hourly"
"2021-10-03T14:00:00Z","2021-10-03","-121.382","39.872","1355.6","9.23","34.65","2.26","76.7","2.199384","0.519912",,"0.09","False","NASA_POWER_hourly"
"2021-10-03T15:00:00Z","2021-10-03","-121.382","39.872","1355.6","13.98","26.79","1.95","76.4","1.895324","0.458527",,"0.55","False","NASA_POWER_hourly"
"2021-10-03T16:00:00Z","2021-10-03","-121.382","39.872","1355.6","18.87","16.94","1.54","76.1","1.494903","0.369951",,"1.13","False","NASA_POWER_hourly"
"2021-10-03T17:00:00Z","2021-10-03","-121.382","39.872","1355.6","23.68","11.9","1.05","147.8","0.55952","-0.888503",,"1.81","False","NASA_POWER_hourly"
"2021-10-03T18:00:00Z","2021-10-03","-121.382","39.872","1355.6","25.72","10.28","1.24","196.8","-0.358399","-1.187076",,"2.3","False","NASA_POWER_hourly"
"2021-10-03T19:00:00Z","2021-10-03","-121.382","39.872","1355.6","26.81","9.72","1.64","218.6","-1.023163","-1.281694",,"2.39","False","NASA_POWER_hourly"
"2021-10-03T20:00:00Z","2021-10-03","-121.382","39.872","1355.6","27.27","9.64","2.07","229.9","-1.583387","-1.333336",,"2.16","False","NASA_POWER_hourly"
"2021-10-03T21:00:00Z","2021-10-03","-121.382","39.872","1355.6","27.12","9.99","2.41","233.6","-1.939794","-1.43014",,"1.8","False","NASA_POWER_hourly"
"2021-10-03T22:00:00Z","2021-10-03","-121.382","39.872","1355.6","26.42","10.61","2.5","235.6","-2.062784","-1.412418",,"1.43","False","NASA_POWER_hourly"
"2021-10-03T23:00:00Z","2021-10-03","-121.382","39.872","1355.6","25.11","11.73","2.31","236.3","-1.921814","-1.281691",,"0.91","False","NASA_POWER_hourly"
"2021-10-04T00:00:00Z","2021-10-04","-121.382","39.872","1355.6","22.53","15.47","1.64","233.2","-1.313199","-0.982399",,"0.39","False","NASA_POWER_hourly"
"2021-10-04T01:00:00Z","2021-10-04","-121.382","39.872","1355.6","17.39","28.19","1.61","218.9","-1.011021","-1.252971",,"0.04","False","NASA_POWER_hourly"
"2021-10-04T02:00:00Z","2021-10-04","-121.382","39.872","1355.6","15.95","28.07","0.97","182.4","-0.040619","-0.969149",,"0","False","NASA_POWER_hourly"
"2021-10-04T03:00:00Z","2021-10-04","-121.382","39.872","1355.6","14.94","28.4","0.96","106.4","0.920941","-0.271048",,"0","False","NASA_POWER_hourly"
"2021-10-04T04:00:00Z","2021-10-04","-121.382","39.872","1355.6","14.43","28.25","1.34","86.2","1.337054","0.088807",,"0","False","NASA_POWER_hourly"
"2021-10-04T05:00:00Z","2021-10-04","-121.382","39.872","1355.6","14.15","27.91","1.48","84.6","1.473432","0.13928",,"0","False","NASA_POWER_hourly"
"2021-10-04T06:00:00Z","2021-10-04","-121.382","39.872","1355.6","14.22","27.01","1.34","96.4","1.331649","-0.149368",,"0","False","NASA_POWER_hourly"
"2021-10-04T07:00:00Z","2021-10-04","-121.382","39.872","1355.6","14.28","26.13","1.2","119.3","1.046483","-0.587259",,"0","False","NASA_POWER_hourly"
"2021-10-04T08:00:00Z","2021-10-04","-121.382","39.872","1355.6","14.07","26.14","1.27","140.8","0.802677","-0.98418",,"0","False","NASA_POWER_hourly"
"2021-10-04T09:00:00Z","2021-10-04","-121.382","39.872","1355.6","13.25","27.21","1.53","146.7","0.840005","-1.278785",,"0","False","NASA_POWER_hourly"
"2021-10-04T10:00:00Z","2021-10-04","-121.382","39.872","1355.6","12.15","29.24","1.76","146.6","0.968846","-1.469332",,"0","False","NASA_POWER_hourly"
"2021-10-04T11:00:00Z","2021-10-04","-121.382","39.872","1355.6","11.14","31.15","1.93","140.9","1.217204","-1.49777",,"0","False","NASA_POWER_hourly"
"2021-10-04T12:00:00Z","2021-10-04","-121.382","39.872","1355.6","10.48","32.44","2.05","136.6","1.408529","-1.489478",,"0","False","NASA_POWER_hourly"
"2021-10-04T13:00:00Z","2021-10-04","-121.382","39.872","1355.6","10.04","33.3","2.15","132.2","1.59273","-1.444199",,"0","False","NASA_POWER_hourly"
"2021-10-04T14:00:00Z","2021-10-04","-121.382","39.872","1355.6","10.1","33.39","2.2","131.9","1.637485","-1.469232",,"0.09","False","NASA_POWER_hourly"
"2021-10-04T15:00:00Z","2021-10-04","-121.382","39.872","1355.6","13.02","32.52","1.52","136.3","1.050141","-1.09891",,"0.61","False","NASA_POWER_hourly"
"2021-10-04T16:00:00Z","2021-10-04","-121.382","39.872","1355.6","18.59","17.85","1.4","154.2","0.609324","-1.260446",,"1.28","False","NASA_POWER_hourly"
"2021-10-04T17:00:00Z","2021-10-04","-121.382","39.872","1355.6","21.98","12.64","2.09","193.8","-0.498535","-2.029671",,"1.96","False","NASA_POWER_hourly"
"2021-10-04T18:00:00Z","2021-10-04","-121.382","39.872","1355.6","23.93","10.2","2.54","204.9","-1.069431","-2.303892",,"2.39","False","NASA_POWER_hourly"
"2021-10-04T19:00:00Z","2021-10-04","-121.382","39.872","1355.6","25.18","8.9","2.87","211.8","-1.512363","-2.439192",,"2.58","False","NASA_POWER_hourly"
"2021-10-04T20:00:00Z","2021-10-04","-121.382","39.872","1355.6","25.75","8.34","3.06","215.8","-1.78997","-2.481855",,"2.3","False","NASA_POWER_hourly"
"2021-10-04T21:00:00Z","2021-10-04","-121.382","39.872","1355.6","25.67","8.46","3.23","216.7","-1.930329","-2.589735",,"2","False","NASA_POWER_hourly"
"2021-10-04T22:00:00Z","2021-10-04","-121.382","39.872","1355.6","25.04","9.18","3.27","215","-1.875595","-2.678627",,"1.59","False","NASA_POWER_hourly"
"2021-10-04T23:00:00Z","2021-10-04","-121.382","39.872","1355.6","23.98","10.48","2.93","213.7","-1.625694","-2.437626",,"1.01","False","NASA_POWER_hourly"
"2021-10-05T00:00:00Z","2021-10-05","-121.382","39.872","1355.6","22.23","12.63","2.14","211.6","-1.12133","-1.822696",,"0.45","False","NASA_POWER_hourly"
"2021-10-05T01:00:00Z","2021-10-05","-121.382","39.872","1355.6","17.45","23.66","1.66","198.2","-0.518476","-1.576954",,"0.05","False","NASA_POWER_hourly"
"2021-10-05T02:00:00Z","2021-10-05","-121.382","39.872","1355.6","14.96","26.84","1.84","172.8","0.230613","-1.825491",,"0","False","NASA_POWER_hourly"
"2021-10-05T03:00:00Z","2021-10-05","-121.382","39.872","1355.6","13.28","29.38","2.08","153.2","0.937825","-1.856579",,"0","False","NASA_POWER_hourly"
"2021-10-05T04:00:00Z","2021-10-05","-121.382","39.872","1355.6","12.13","31","2.33","149","1.200039","-1.9972",,"0","False","NASA_POWER_hourly"
"2021-10-05T05:00:00Z","2021-10-05","-121.382","39.872","1355.6","11.45","32.02","2.47","152.3","1.14816","-2.186922",,"0","False","NASA_POWER_hourly"
"2021-10-05T06:00:00Z","2021-10-05","-121.382","39.872","1355.6","11.08","32.49","2.56","158.2","0.950702","-2.376924",,"0","False","NASA_POWER_hourly"
"2021-10-05T07:00:00Z","2021-10-05","-121.382","39.872","1355.6","11.07","32.41","2.43","163","0.710463","-2.323821",,"0","False","NASA_POWER_hourly"
"2021-10-05T08:00:00Z","2021-10-05","-121.382","39.872","1355.6","11.44","31.11","2.18","165.4","0.549511","-2.109606",,"0","False","NASA_POWER_hourly"
"2021-10-05T09:00:00Z","2021-10-05","-121.382","39.872","1355.6","11.83","30.82","1.93","162.2","0.589992","-1.83761",,"0","False","NASA_POWER_hourly"
"2021-10-05T10:00:00Z","2021-10-05","-121.382","39.872","1355.6","11.69","31.6","1.77","155.3","0.739625","-1.608059",,"0","False","NASA_POWER_hourly"
"2021-10-05T11:00:00Z","2021-10-05","-121.382","39.872","1355.6","10.76","32.11","2.05","157.7","0.777885","-1.89668",,"0","False","NASA_POWER_hourly"
"2021-10-05T12:00:00Z","2021-10-05","-121.382","39.872","1355.6","9.63","32.78","2.38","163.2","0.687896","-2.27842",,"0","False","NASA_POWER_hourly"
"2021-10-05T13:00:00Z","2021-10-05","-121.382","39.872","1355.6","8.49","33.78","2.36","165.5","0.590897","-2.284828",,"0","False","NASA_POWER_hourly"
"2021-10-05T14:00:00Z","2021-10-05","-121.382","39.872","1355.6","8.76","31.94","2.2","165.3","0.558267","-2.127989",,"0.1","False","NASA_POWER_hourly"
"2021-10-05T15:00:00Z","2021-10-05","-121.382","39.872","1355.6","14.03","21.58","2.2","163.1","0.639545","-2.10499",,"0.61","False","NASA_POWER_hourly"
"2021-10-05T16:00:00Z","2021-10-05","-121.382","39.872","1355.6","17.89","15.11","2.8","174","0.29268","-2.784661",,"1.23","False","NASA_POWER_hourly"
"2021-10-05T17:00:00Z","2021-10-05","-121.382","39.872","1355.6","19.7","13.07","3.5","187.6","-0.462897","-3.469254",,"1.75","False","NASA_POWER_hourly"
"2021-10-05T18:00:00Z","2021-10-05","-121.382","39.872","1355.6","20.61","14.18","3.8","194","-0.919303","-3.687124",,"2.01","False","NASA_POWER_hourly"
"2021-10-05T19:00:00Z","2021-10-05","-121.382","39.872","1355.6","21.15","16.2","3.96","197","-1.157792","-3.786967",,"2.15","False","NASA_POWER_hourly"
"2021-10-05T20:00:00Z","2021-10-05","-121.382","39.872","1355.6","21.44","18.18","4.02","198.1","-1.248919","-3.821073",,"2","False","NASA_POWER_hourly"
"2021-10-05T21:00:00Z","2021-10-05","-121.382","39.872","1355.6","21.55","20.09","3.98","199.7","-1.341639","-3.747053",,"1.86","False","NASA_POWER_hourly"
"2021-10-05T22:00:00Z","2021-10-05","-121.382","39.872","1355.6","21.38","21.98","3.98","200.8","-1.413326","-3.720606",,"1.49","False","NASA_POWER_hourly"
"2021-10-05T23:00:00Z","2021-10-05","-121.382","39.872","1355.6","20.68","23.45","3.96","201.5","-1.451345","-3.684454",,"1.02","False","NASA_POWER_hourly"
"2021-10-06T00:00:00Z","2021-10-06","-121.382","39.872","1355.6","19.23","24.78","3.71","201.7","-1.37176","-3.447082",,"0.47","False","NASA_POWER_hourly"
"2021-10-06T01:00:00Z","2021-10-06","-121.382","39.872","1355.6","17.3","25.81","3.07","199.8","-1.039925","-2.888504",,"0.06","False","NASA_POWER_hourly"
"2021-10-06T02:00:00Z","2021-10-06","-121.382","39.872","1355.6","15.3","27.18","2.57","196.7","-0.738517","-2.461604",,"0","False","NASA_POWER_hourly"
"2021-10-06T03:00:00Z","2021-10-06","-121.382","39.872","1355.6","14.13","28.47","2.48","192.1","-0.519854","-2.424902",,"0","False","NASA_POWER_hourly"
"2021-10-06T04:00:00Z","2021-10-06","-121.382","39.872","1355.6","13.09","32.04","2.29","185.8","-0.231419","-2.278277",,"0","False","NASA_POWER_hourly"
"2021-10-06T05:00:00Z","2021-10-06","-121.382","39.872","1355.6","11.76","37.78","1.91","179.7","0.010001","-1.909974",,"0","False","NASA_POWER_hourly"
"2021-10-06T06:00:00Z","2021-10-06","-121.382","39.872","1355.6","9.9","46.61","1.62","176.8","0.090431","-1.617474",,"0","False","NASA_POWER_hourly"
"2021-10-06T07:00:00Z","2021-10-06","-121.382","39.872","1355.6","8.45","55.15","1.46","172.9","0.180458","-1.448805",,"0","False","NASA_POWER_hourly"
"2021-10-06T08:00:00Z","2021-10-06","-121.382","39.872","1355.6","7.9","61.4","1.52","172.5","0.1984","-1.506996",,"0","False","NASA_POWER_hourly"
"2021-10-06T09:00:00Z","2021-10-06","-121.382","39.872","1355.6","7.77","65.74","1.51","173.2","0.17879","-1.499378",,"0","False","NASA_POWER_hourly"
"2021-10-06T10:00:00Z","2021-10-06","-121.382","39.872","1355.6","7.9","68","1.44","172.8","0.18048","-1.428645",,"0","False","NASA_POWER_hourly"
"2021-10-06T11:00:00Z","2021-10-06","-121.382","39.872","1355.6","7.54","71.81","1.38","170.4","0.230141","-1.360675",,"0","False","NASA_POWER_hourly"
"2021-10-06T12:00:00Z","2021-10-06","-121.382","39.872","1355.6","5.84","81.02","1.37","165.2","0.349961","-1.324548",,"0","False","NASA_POWER_hourly"
"2021-10-06T13:00:00Z","2021-10-06","-121.382","39.872","1355.6","5.1","84.52","1.42","162.8","0.419905","-1.356495",,"0","False","NASA_POWER_hourly"
"2021-10-06T14:00:00Z","2021-10-06","-121.382","39.872","1355.6","6.22","77.04","1.42","161.1","0.459963","-1.343441",,"0.08","False","NASA_POWER_hourly"
"2021-10-06T15:00:00Z","2021-10-06","-121.382","39.872","1355.6","10","59.35","1.58","162.4","0.477744","-1.506041",,"0.42","False","NASA_POWER_hourly"
"2021-10-06T16:00:00Z","2021-10-06","-121.382","39.872","1355.6","12.62","46.59","2.23","184.9","-0.19048","-2.22185",,"0.81","False","NASA_POWER_hourly"
"2021-10-06T17:00:00Z","2021-10-06","-121.382","39.872","1355.6","13.79","38.96","2.55","196.7","-0.732769","-2.442447",,"1.09","False","NASA_POWER_hourly"
"2021-10-06T18:00:00Z","2021-10-06","-121.382","39.872","1355.6","14.42","36.9","2.68","202.8","-1.038542","-2.470593",,"1.57","False","NASA_POWER_hourly"
"2021-10-06T19:00:00Z","2021-10-06","-121.382","39.872","1355.6","15.15","35.53","2.91","205.7","-1.261948","-2.622134",,"1.61","False","NASA_POWER_hourly"
"2021-10-06T20:00:00Z","2021-10-06","-121.382","39.872","1355.6","15.57","36.61","3.01","206","-1.319497","-2.70537",,"1.63","False","NASA_POWER_hourly"
"2021-10-06T21:00:00Z","2021-10-06","-121.382","39.872","1355.6","15.74","37.97","3.1","205.8","-1.349216","-2.790988",,"1.62","False","NASA_POWER_hourly"
"2021-10-06T22:00:00Z","2021-10-06","-121.382","39.872","1355.6","15.5","38.16","3.11","203.9","-1.25999","-2.84333",,"1.07","False","NASA_POWER_hourly"
"2021-10-06T23:00:00Z","2021-10-06","-121.382","39.872","1355.6","14.62","39.55","2.96","200.8","-1.051117","-2.767084",,"0.7","False","NASA_POWER_hourly"
"2021-10-07T00:00:00Z","2021-10-07","-121.382","39.872","1355.6","13.29","43.39","2.38","192.6","-0.519181","-2.322682",,"0.33","False","NASA_POWER_hourly"
"2021-10-07T01:00:00Z","2021-10-07","-121.382","39.872","1355.6","11.53","49.62","1.35","180","0","-1.35",,"0.03","False","NASA_POWER_hourly"
"2021-10-07T02:00:00Z","2021-10-07","-121.382","39.872","1355.6","8.4","62.08","1.11","166","0.268533","-1.077028",,"0","False","NASA_POWER_hourly"
"2021-10-07T03:00:00Z","2021-10-07","-121.382","39.872","1355.6","7.28","67.03","1.75","158.1","0.652729","-1.623713",,"0","False","NASA_POWER_hourly"
"2021-10-07T04:00:00Z","2021-10-07","-121.382","39.872","1355.6","6.55","69.63","1.77","162.6","0.529302","-1.689005",,"0","False","NASA_POWER_hourly"
"2021-10-07T05:00:00Z","2021-10-07","-121.382","39.872","1355.6","6.17","70.46","1.85","156.1","0.749512","-1.69137",,"0","False","NASA_POWER_hourly"
"2021-10-07T06:00:00Z","2021-10-07","-121.382","39.872","1355.6","5.81","70.73","2.06","148.1","1.088583","-1.748882",,"0","False","NASA_POWER_hourly"
"2021-10-07T07:00:00Z","2021-10-07","-121.382","39.872","1355.6","5.51","71.42","2.1","144.1","1.231382","-1.701087",,"0","False","NASA_POWER_hourly"
"2021-10-07T08:00:00Z","2021-10-07","-121.382","39.872","1355.6","5.22","72.23","2.01","143.7","1.189946","-1.619916",,"0","False","NASA_POWER_hourly"
"2021-10-07T09:00:00Z","2021-10-07","-121.382","39.872","1355.6","5.7","69.09","1.96","139.6","1.270315","-1.492615",,"0","False","NASA_POWER_hourly"
"2021-10-07T10:00:00Z","2021-10-07","-121.382","39.872","1355.6","6.43","64.81","1.88","137.6","1.267688","-1.388296",,"0","False","NASA_POWER_hourly"
"2021-10-07T11:00:00Z","2021-10-07","-121.382","39.872","1355.6","6.63","62.64","1.91","146.7","1.048634","-1.596392",,"0","False","NASA_POWER_hourly"
"2021-10-07T12:00:00Z","2021-10-07","-121.382","39.872","1355.6","6.63","61.65","1.97","156.7","0.779225","-1.809339",,"0","False","NASA_POWER_hourly"
"2021-10-07T13:00:00Z","2021-10-07","-121.382","39.872","1355.6","6.58","62.44","1.99","163","0.58182","-1.903046",,"0","False","NASA_POWER_hourly"
"2021-10-07T14:00:00Z","2021-10-07","-121.382","39.872","1355.6","6.81","62.59","1.66","166.8","0.379062","-1.616141",,"0.05","False","NASA_POWER_hourly"
"2021-10-07T15:00:00Z","2021-10-07","-121.382","39.872","1355.6","9.55","53.82","1.54","168.4","0.30966","-1.508546",,"0.31","False","NASA_POWER_hourly"
"2021-10-07T16:00:00Z","2021-10-07","-121.382","39.872","1355.6","12.18","45.19","2.03","171.5","0.300053","-2.007702",,"0.6","False","NASA_POWER_hourly"
"2021-10-07T17:00:00Z","2021-10-07","-121.382","39.872","1355.6","14.04","38.29","2.67","177.4","0.121119","-2.667251",,"0.88","False","NASA_POWER_hourly"
"2021-10-07T18:00:00Z","2021-10-07","-121.382","39.872","1355.6","15.09","35.62","3.06","183.2","-0.170814","-3.055229",,"1.37","False","NASA_POWER_hourly"
"2021-10-07T19:00:00Z","2021-10-07","-121.382","39.872","1355.6","15.39","35.25","3.13","188.3","-0.451835","-3.097216",,"1.65","False","NASA_POWER_hourly"
"2021-10-07T20:00:00Z","2021-10-07","-121.382","39.872","1355.6","15.47","34.83","3.1","193.6","-0.728941","-3.013079",,"1.96","False","NASA_POWER_hourly"
"2021-10-07T21:00:00Z","2021-10-07","-121.382","39.872","1355.6","16.02","32.48","3.25","200","-1.111565","-3.054001",,"1.73","False","NASA_POWER_hourly"
"2021-10-07T22:00:00Z","2021-10-07","-121.382","39.872","1355.6","16.34","29.8","3.45","204.9","-1.452574","-3.129302",,"1.3","False","NASA_POWER_hourly"
"2021-10-07T23:00:00Z","2021-10-07","-121.382","39.872","1355.6","15.58","29.8","3.34","205.7","-1.448421","-3.009597",,"0.83","False","NASA_POWER_hourly"
"2021-10-08T00:00:00Z","2021-10-08","-121.382","39.872","1355.6","13.56","33.78","2.7","203.8","-1.089572","-2.470391",,"0.38","False","NASA_POWER_hourly"
"2021-10-08T01:00:00Z","2021-10-08","-121.382","39.872","1355.6","10.81","42.73","1.39","197.5","-0.417981","-1.325667",,"0.03","False","NASA_POWER_hourly"
"2021-10-08T02:00:00Z","2021-10-08","-121.382","39.872","1355.6","8.81","52.17","1.02","172.1","0.140193","-1.01032",,"0","False","NASA_POWER_hourly"
"2021-10-08T03:00:00Z","2021-10-08","-121.382","39.872","1355.6","7.76","57.74","1.31","164.1","0.358887","-1.259881",,"0","False","NASA_POWER_hourly"
"2021-10-08T04:00:00Z","2021-10-08","-121.382","39.872","1355.6","7.88","59.74","1.45","166.4","0.340956","-1.409343",,"0","False","NASA_POWER_hourly"
"2021-10-08T05:00:00Z","2021-10-08","-121.382","39.872","1355.6","7.97","63.1","1.37","160.8","0.450547","-1.293796",,"0","False","NASA_POWER_hourly"
"2021-10-08T06:00:00Z","2021-10-08","-121.382","39.872","1355.6","7.24","70.35","1.1","154.6","0.471829","-0.993669",,"0","False","NASA_POWER_hourly"
"2021-10-08T07:00:00Z","2021-10-08","-121.382","39.872","1355.6","6.38","78.33","1.18","153.9","0.519128","-1.059673",,"0","False","NASA_POWER_hourly"
"2021-10-08T08:00:00Z","2021-10-08","-121.382","39.872","1355.6","6.06","81.97","1.25","161.3","0.400766","-1.184013",,"0","False","NASA_POWER_hourly"
"2021-10-08T09:00:00Z","2021-10-08","-121.382","39.872","1355.6","5.99","84.14","1.42","170.3","0.239255","-1.399699",,"0","False","NASA_POWER_hourly"
"2021-10-08T10:00:00Z","2021-10-08","-121.382","39.872","1355.6","5.56","87.45","1.54","171.4","0.230284","-1.522685",,"0","False","NASA_POWER_hourly"
"2021-10-08T11:00:00Z","2021-10-08","-121.382","39.872","1355.6","5.11","89.46","1.58","165.3","0.400938","-1.528283",,"0","False","NASA_POWER_hourly"
"2021-10-08T12:00:00Z","2021-10-08","-121.382","39.872","1355.6","4.78","90.1","1.53","159.8","0.528306","-1.435894",,"0","False","NASA_POWER_hourly"
"2021-10-08T13:00:00Z","2021-10-08","-121.382","39.872","1355.6","4.53","88.78","1.49","159.6","0.519372","-1.39655",,"0","False","NASA_POWER_hourly"
"2021-10-08T14:00:00Z","2021-10-08","-121.382","39.872","1355.6","4.3","89.42","1.38","163.1","0.401169","-1.320403",,"0.1","False","NASA_POWER_hourly"
"2021-10-08T15:00:00Z","2021-10-08","-121.382","39.872","1355.6","5.15","86.65","1.67","170","0.289992","-1.644629",,"0.71","False","NASA_POWER_hourly"
"2021-10-08T16:00:00Z","2021-10-08","-121.382","39.872","1355.6","6.79","71.23","2.19","178.4","0.061148","-2.189146",,"1.43","False","NASA_POWER_hourly"
"2021-10-08T17:00:00Z","2021-10-08","-121.382","39.872","1355.6","9.26","50.63","2.64","188.5","-0.390217","-2.611002",,"2.09","False","NASA_POWER_hourly"
"2021-10-08T18:00:00Z","2021-10-08","-121.382","39.872","1355.6","11.17","39.04","3.04","198.8","-0.979688","-2.877814",,"2.37","False","NASA_POWER_hourly"
"2021-10-08T19:00:00Z","2021-10-08","-121.382","39.872","1355.6","12.1","35.55","3.42","205.7","-1.483114","-3.081683",,"2.48","False","NASA_POWER_hourly"
"2021-10-08T20:00:00Z","2021-10-08","-121.382","39.872","1355.6","12.44","35.15","3.53","209.5","-1.738255","-3.072356",,"2.59","False","NASA_POWER_hourly"
"2021-10-08T21:00:00Z","2021-10-08","-121.382","39.872","1355.6","12.37","36.27","3.35","212.5","-1.799954","-2.825361",,"2.33","False","NASA_POWER_hourly"
"2021-10-08T22:00:00Z","2021-10-08","-121.382","39.872","1355.6","12","37.56","3.12","214.1","-1.749194","-2.583548",,"1.8","False","NASA_POWER_hourly"
"2021-10-08T23:00:00Z","2021-10-08","-121.382","39.872","1355.6","11.16","39.93","2.88","213.1","-1.572774","-2.41263",,"1.23","False","NASA_POWER_hourly"
"2021-10-09T00:00:00Z","2021-10-09","-121.382","39.872","1355.6","9.67","44.7","2.44","208.7","-1.171745","-2.140237",,"0.54","False","NASA_POWER_hourly"
"2021-10-09T01:00:00Z","2021-10-09","-121.382","39.872","1355.6","7.44","53.09","1.57","201.3","-0.570304","-1.462755",,"0.05","False","NASA_POWER_hourly"
"2021-10-09T02:00:00Z","2021-10-09","-121.382","39.872","1355.6","4.56","66.63","1.05","182.7","-0.049462","-1.048834",,"0","False","NASA_POWER_hourly"
"2021-10-09T03:00:00Z","2021-10-09","-121.382","39.872","1355.6","3.7","71.68","1.15","172.5","0.150105","-1.140162",,"0","False","NASA_POWER_hourly"
"2021-10-09T04:00:00Z","2021-10-09","-121.382","39.872","1355.6","2.95","76.56","1.44","163.5","0.408982","-1.3807",,"0","False","NASA_POWER_hourly"
"2021-10-09T05:00:00Z","2021-10-09","-121.382","39.872","1355.6","2.5","80.98","1.33","162.1","0.408784","-1.265621",,"0","False","NASA_POWER_hourly"
"2021-10-09T06:00:00Z","2021-10-09","-121.382","39.872","1355.6","3.3","78.85","1.2","156.4","0.480419","-1.099635",,"0","False","NASA_POWER_hourly"
"2021-10-09T07:00:00Z","2021-10-09","-121.382","39.872","1355.6","3.54","80.18","1.05","152.2","0.489706","-0.92881",,"0","False","NASA_POWER_hourly"
"2021-10-09T08:00:00Z","2021-10-09","-121.382","39.872","1355.6","3.38","83.41","0.92","147","0.501068","-0.771577",,"0","False","NASA_POWER_hourly"
"2021-10-09T09:00:00Z","2021-10-09","-121.382","39.872","1355.6","3.35","85.74","0.91","113.2","0.836413","-0.358487",,"0","False","NASA_POWER_hourly"
"2021-10-09T10:00:00Z","2021-10-09","-121.382","39.872","1355.6","2.68","90.49","1.33","60.7","1.159852","0.650879",,"0","False","NASA_POWER_hourly"
"2021-10-09T11:00:00Z","2021-10-09","-121.382","39.872","1355.6","1.49","97.73","1.85","45","1.308148","1.308148",,"0","False","NASA_POWER_hourly"
"2021-10-09T12:00:00Z","2021-10-09","-121.382","39.872","1355.6","0.36","100","2.16","44.3","1.508577","1.545896",,"0","False","NASA_POWER_hourly"
"2021-10-09T13:00:00Z","2021-10-09","-121.382","39.872","1355.6","-0.24","100","1.98","48.7","1.487503","1.306803",,"0","False","NASA_POWER_hourly"
"2021-10-09T14:00:00Z","2021-10-09","-121.382","39.872","1355.6","0.29","99.76","1.76","50.1","1.350211","1.128951",,"0.11","False","NASA_POWER_hourly"
"2021-10-09T15:00:00Z","2021-10-09","-121.382","39.872","1355.6","5.1","71.22","2","49.5","1.520812","1.298896",,"0.73","False","NASA_POWER_hourly"
"2021-10-09T16:00:00Z","2021-10-09","-121.382","39.872","1355.6","9.23","52.49","1.83","50.3","1.408001","1.168945",,"1.43","False","NASA_POWER_hourly"
"2021-10-09T17:00:00Z","2021-10-09","-121.382","39.872","1355.6","12.46","38.01","1.53","53","1.221912","0.920777",,"2.04","False","NASA_POWER_hourly"
"2021-10-09T18:00:00Z","2021-10-09","-121.382","39.872","1355.6","15.01","29.5","1.2","36.2","0.708727","0.968352",,"2.46","False","NASA_POWER_hourly"
"2021-10-09T19:00:00Z","2021-10-09","-121.382","39.872","1355.6","16.98","24.57","1.07","8.6","0.160003","1.057969",,"2.66","False","NASA_POWER_hourly"
"2021-10-09T20:00:00Z","2021-10-09","-121.382","39.872","1355.6","18.34","21.61","1.07","344.8","-0.280542","1.032568",,"2.63","False","NASA_POWER_hourly"
"2021-10-09T21:00:00Z","2021-10-09","-121.382","39.872","1355.6","19.15","19.84","1.03","328.5","-0.538174","0.878219",,"2.37","False","NASA_POWER_hourly"
"2021-10-09T22:00:00Z","2021-10-09","-121.382","39.872","1355.6","19.33","19","1.06","318.1","-0.707903","0.78897",,"1.91","False","NASA_POWER_hourly"
"2021-10-09T23:00:00Z","2021-10-09","-121.382","39.872","1355.6","18.81","19.24","1.1","315.7","-0.768257","0.787262",,"1.3","False","NASA_POWER_hourly"
"2021-10-10T00:00:00Z","2021-10-10","-121.382","39.872","1355.6","17.33","21.26","1","317","-0.681998","0.731354",,"0.59","False","NASA_POWER_hourly"
"2021-10-10T01:00:00Z","2021-10-10","-121.382","39.872","1355.6","12.53","33.57","0.94","318.9","-0.617933","0.70835",,"0.05","False","NASA_POWER_hourly"
"2021-10-10T02:00:00Z","2021-10-10","-121.382","39.872","1355.6","10.5","37.32","1.16","349.1","-0.219351","1.139072",,"0","False","NASA_POWER_hourly"
"2021-10-10T03:00:00Z","2021-10-10","-121.382","39.872","1355.6","9.43","39.41","1.65","31.1","0.85228","1.412841",,"0","False","NASA_POWER_hourly"
"2021-10-10T04:00:00Z","2021-10-10","-121.382","39.872","1355.6","7.84","42.86","2.1","51.8","1.650299","1.298658",,"0","False","NASA_POWER_hourly"
"2021-10-10T05:00:00Z","2021-10-10","-121.382","39.872","1355.6","6.75","45.06","2.25","65.6","2.049038","0.929485",,"0","False","NASA_POWER_hourly"
"2021-10-10T06:00:00Z","2021-10-10","-121.382","39.872","1355.6","5.85","47.19","2.34","76.4","2.274389","0.550233",,"0","False","NASA_POWER_hourly"
"2021-10-10T07:00:00Z","2021-10-10","-121.382","39.872","1355.6","5.07","49.34","2.39","81.6","2.364361","0.349138",,"0","False","NASA_POWER_hourly"
"2021-10-10T08:00:00Z","2021-10-10","-121.382","39.872","1355.6","4.54","50.7","2.03","78.6","1.98995","0.401244",,"0","False","NASA_POWER_hourly"
"2021-10-10T09:00:00Z","2021-10-10","-121.382","39.872","1355.6","4.38","51.1","2","79.6","1.967143","0.361038",,"0","False","NASA_POWER_hourly"
"2021-10-10T10:00:00Z","2021-10-10","-121.382","39.872","1355.6","4.29","51.58","1.76","82.5","1.744943","0.229726",,"0","False","NASA_POWER_hourly"
"2021-10-10T11:00:00Z","2021-10-10","-121.382","39.872","1355.6","3.87","53.28","1.98","82.2","1.961681","0.268717",,"0","False","NASA_POWER_hourly"
"2021-10-10T12:00:00Z","2021-10-10","-121.382","39.872","1355.6","3.54","54.7","2.05","78.7","2.01026","0.40169",,"0","False","NASA_POWER_hourly"
"2021-10-10T13:00:00Z","2021-10-10","-121.382","39.872","1355.6","3.22","56.49","2.05","70.1","1.927591","0.697778",,"0","False","NASA_POWER_hourly"
"2021-10-10T14:00:00Z","2021-10-10","-121.382","39.872","1355.6","3.13","57.39","2.02","63.6","1.809338","0.898163",,"0.11","False","NASA_POWER_hourly"
"2021-10-10T15:00:00Z","2021-10-10","-121.382","39.872","1355.6","8.15","41.66","1.81","64.8","1.637737","0.770661",,"0.73","False","NASA_POWER_hourly"
"2021-10-10T16:00:00Z","2021-10-10","-121.382","39.872","1355.6","12.74","29.72","1.22","75.3","1.180067","0.309585",,"1.42","False","NASA_POWER_hourly"
"2021-10-10T17:00:00Z","2021-10-10","-121.382","39.872","1355.6","16.42","21.49","0.5","79.6","0.491786","0.09026",,"2","False","NASA_POWER_hourly"
"2021-10-10T18:00:00Z","2021-10-10","-121.382","39.872","1355.6","18.91","17.85","0.61","281.3","-0.598175","0.119527",,"2.4","False","NASA_POWER_hourly"
"2021-10-10T19:00:00Z","2021-10-10","-121.382","39.872","1355.6","20.53","16.19","1.68","276.2","-1.670174","0.181439",,"2.6","False","NASA_POWER_hourly"
"2021-10-10T20:00:00Z","2021-10-10","-121.382","39.872","1355.6","21.38","15.73","2.48","273","-2.476601","0.129793",,"2.56","False","NASA_POWER_hourly"
"2021-10-10T21:00:00Z","2021-10-10","-121.382","39.872","1355.6","21.54","16.48","3.08","268.7","-3.079207","-0.069877",,"2.32","False","NASA_POWER_hourly"
"2021-10-10T22:00:00Z","2021-10-10","-121.382","39.872","1355.6","20.95","18.86","3.52","266.6","-3.513804","-0.208758",,"1.86","False","NASA_POWER_hourly"
"2021-10-10T23:00:00Z","2021-10-10","-121.382","39.872","1355.6","19.53","23.2","3.73","264.8","-3.714649","-0.33806",,"1.25","False","NASA_POWER_hourly"
"2021-10-11T00:00:00Z","2021-10-11","-121.382","39.872","1355.6","17.58","28.96","3.44","261.6","-3.403097","-0.502526",,"0.56","False","NASA_POWER_hourly"
"2021-10-11T01:00:00Z","2021-10-11","-121.382","39.872","1355.6","13.8","39.34","2.3","250.5","-2.168075","-0.767756",,"0.04","False","NASA_POWER_hourly"
"2021-10-11T02:00:00Z","2021-10-11","-121.382","39.872","1355.6","10.94","47.17","2.01","248.7","-1.872699","-0.730135",,"0","False","NASA_POWER_hourly"
"2021-10-11T03:00:00Z","2021-10-11","-121.382","39.872","1355.6","9.03","50.85","1.99","272.3","-1.988397","0.079862",,"0","False","NASA_POWER_hourly"
"2021-10-11T04:00:00Z","2021-10-11","-121.382","39.872","1355.6","7.37","53.67","1.7","300.3","-1.467772","0.857697",,"0","False","NASA_POWER_hourly"
"2021-10-11T05:00:00Z","2021-10-11","-121.382","39.872","1355.6","6.32","55.92","1.63","323.5","-0.969561","1.310287",,"0","False","NASA_POWER_hourly"
"2021-10-11T06:00:00Z","2021-10-11","-121.382","39.872","1355.6","5.48","59.7","1.95","350.9","-0.308408","1.925457",,"0","False","NASA_POWER_hourly"
"2021-10-11T07:00:00Z","2021-10-11","-121.382","39.872","1355.6","4.6","64.73","2.19","5","0.190871","2.181666",,"0","False","NASA_POWER_hourly"
"2021-10-11T08:00:00Z","2021-10-11","-121.382","39.872","1355.6","4.02","67.56","2.68","11.6","0.538889","2.625262",,"0","False","NASA_POWER_hourly"
"2021-10-11T09:00:00Z","2021-10-11","-121.382","39.872","1355.6","3.11","71.12","2.92","12","0.607102","2.856191",,"0","False","NASA_POWER_hourly"
"2021-10-11T10:00:00Z","2021-10-11","-121.382","39.872","1355.6","2.61","71.81","3.31","13.8","0.789546","3.214454",,"0","False","NASA_POWER_hourly"
"2021-10-11T11:00:00Z","2021-10-11","-121.382","39.872","1355.6","2.1","71.75","3.74","12.8","0.828591","3.647059",,"0","False","NASA_POWER_hourly"
"2021-10-11T12:00:00Z","2021-10-11","-121.382","39.872","1355.6","1.68","71.35","3.93","10.6","0.722929","3.862936",,"0","False","NASA_POWER_hourly"
"2021-10-11T13:00:00Z","2021-10-11","-121.382","39.872","1355.6","1.37","70.3","3.9","10","0.677228","3.84075",,"0","False","NASA_POWER_hourly"
"2021-10-11T14:00:00Z","2021-10-11","-121.382","39.872","1355.6","1.19","68.73","3.82","9.3","0.617327","3.769789",,"0.11","False","NASA_POWER_hourly"
"2021-10-11T15:00:00Z","2021-10-11","-121.382","39.872","1355.6","2.22","62.11","3.99","9.4","0.651671","3.936423",,"0.75","False","NASA_POWER_hourly"
"2021-10-11T16:00:00Z","2021-10-11","-121.382","39.872","1355.6","3.91","51.87","4.45","10.8","0.833847","4.371178",,"1.49","False","NASA_POWER_hourly"
"2021-10-11T17:00:00Z","2021-10-11","-121.382","39.872","1355.6","5.45","42.58","4.65","11.3","0.91115","4.559858",,"2.07","False","NASA_POWER_hourly"
"2021-10-11T18:00:00Z","2021-10-11","-121.382","39.872","1355.6","6.67","36.31","4.7","10.4","0.84844","4.622786",,"2.46","False","NASA_POWER_hourly"
"2021-10-11T19:00:00Z","2021-10-11","-121.382","39.872","1355.6","7.6","31.15","4.74","9.6","0.790484","4.673621",,"2.69","False","NASA_POWER_hourly"
"2021-10-11T20:00:00Z","2021-10-11","-121.382","39.872","1355.6","8.08","27.58","4.75","8.5","0.702095","4.697825",,"2.58","False","NASA_POWER_hourly"
"2021-10-11T21:00:00Z","2021-10-11","-121.382","39.872","1355.6","8.18","25.48","4.78","8.2","0.681766","4.73113",,"2.3","False","NASA_POWER_hourly"
"2021-10-11T22:00:00Z","2021-10-11","-121.382","39.872","1355.6","7.94","24.22","4.81","9.9","0.826979","4.738376",,"1.9","False","NASA_POWER_hourly"
"2021-10-11T23:00:00Z","2021-10-11","-121.382","39.872","1355.6","7.51","23.47","4.71","12.4","1.011403","4.600126",,"1.25","False","NASA_POWER_hourly"
"2021-10-12T00:00:00Z","2021-10-12","-121.382","39.872","1355.6","6.77","23.86","4.45","14.6","1.121709","4.306306",,"0.54","False","NASA_POWER_hourly"
"2021-10-12T01:00:00Z","2021-10-12","-121.382","39.872","1355.6","5.5","26.05","3.88","16","1.069473","3.729695",,"0.04","False","NASA_POWER_hourly"
"2021-10-12T02:00:00Z","2021-10-12","-121.382","39.872","1355.6","4.29","29.53","3.39","18.6","1.081272","3.212935",,"0","False","NASA_POWER_hourly"
"2021-10-12T03:00:00Z","2021-10-12","-121.382","39.872","1355.6","3.45","32.93","3.3","21.5","1.209454","3.070378",,"0","False","NASA_POWER_hourly"
"2021-10-12T04:00:00Z","2021-10-12","-121.382","39.872","1355.6","2.76","37.18","3.36","23.5","1.339797","3.081322",,"0","False","NASA_POWER_hourly"
"2021-10-12T05:00:00Z","2021-10-12","-121.382","39.872","1355.6","2.16","41.9","3.47","24.9","1.460994","3.147443",,"0","False","NASA_POWER_hourly"
"2021-10-12T06:00:00Z","2021-10-12","-121.382","39.872","1355.6","1.58","46.71","3.65","25.3","1.559856","3.299901",,"0","False","NASA_POWER_hourly"
"2021-10-12T07:00:00Z","2021-10-12","-121.382","39.872","1355.6","0.97","51.55","3.78","27.6","1.751259","3.34985",,"0","False","NASA_POWER_hourly"
"2021-10-12T08:00:00Z","2021-10-12","-121.382","39.872","1355.6","0.31","56.73","3.78","30.5","1.918495","3.256958",,"0","False","NASA_POWER_hourly"
"2021-10-12T09:00:00Z","2021-10-12","-121.382","39.872","1355.6","-0.27","60.96","3.74","33.8","2.080546","3.107882",,"0","False","NASA_POWER_hourly"
"2021-10-12T10:00:00Z","2021-10-12","-121.382","39.872","1355.6","-0.75","64.4","3.67","36.2","2.167523","2.961544",,"0","False","NASA_POWER_hourly"
"2021-10-12T11:00:00Z","2021-10-12","-121.382","39.872","1355.6","-1.14","66.52","3.72","39.4","2.361198","2.874569",,"0","False","NASA_POWER_hourly"
"2021-10-12T12:00:00Z","2021-10-12","-121.382","39.872","1355.6","-1.34","66.9","3.74","42.3","2.517067","2.76622",,"0","False","NASA_POWER_hourly"
"2021-10-12T13:00:00Z","2021-10-12","-121.382","39.872","1355.6","-1.42","66.09","3.68","43.7","2.542447","2.660519",,"0","False","NASA_POWER_hourly"
"2021-10-12T14:00:00Z","2021-10-12","-121.382","39.872","1355.6","-1.34","64.4","3.55","44.1","2.47049","2.549348",,"0.11","False","NASA_POWER_hourly"
"2021-10-12T15:00:00Z","2021-10-12","-121.382","39.872","1355.6","0.35","55.32","3.41","45","2.411234","2.411234",,"0.76","False","NASA_POWER_hourly"
"2021-10-12T16:00:00Z","2021-10-12","-121.382","39.872","1355.6","3.63","39.57","3.76","49.1","2.842009","2.461825",,"1.47","False","NASA_POWER_hourly"
"2021-10-12T17:00:00Z","2021-10-12","-121.382","39.872","1355.6","6.64","26.28","3.46","47.5","2.55098","2.337542",,"2.07","False","NASA_POWER_hourly"
"2021-10-12T18:00:00Z","2021-10-12","-121.382","39.872","1355.6","9.09","18.51","2.9","37.3","1.757366","2.306873",,"2.48","False","NASA_POWER_hourly"
"2021-10-12T19:00:00Z","2021-10-12","-121.382","39.872","1355.6","11.15","13.82","2.59","27.2","1.183884","2.303588",,"2.66","False","NASA_POWER_hourly"
"2021-10-12T20:00:00Z","2021-10-12","-121.382","39.872","1355.6","12.76","11.01","2.38","19.9","0.810103","2.237886",,"2.62","False","NASA_POWER_hourly"
"2021-10-12T21:00:00Z","2021-10-12","-121.382","39.872","1355.6","13.85","9.37","2.17","14.7","0.550655","2.098971",,"2.36","False","NASA_POWER_hourly"
"2021-10-12T22:00:00Z","2021-10-12","-121.382","39.872","1355.6","14.28","8.6","2.02","8.8","0.309031","1.996221",,"1.91","False","NASA_POWER_hourly"
"2021-10-12T23:00:00Z","2021-10-12","-121.382","39.872","1355.6","13.93","8.62","1.9","3","0.099438","1.897396",,"1.28","False","NASA_POWER_hourly"
"2021-10-13T00:00:00Z","2021-10-13","-121.382","39.872","1355.6","12.45","9.98","1.6","0.7","0.019547","1.599881",,"0.55","False","NASA_POWER_hourly"
"2021-10-13T01:00:00Z","2021-10-13","-121.382","39.872","1355.6","7.87","19.56","1.44","4.8","0.120496","1.43495",,"0.03","False","NASA_POWER_hourly"
"2021-10-13T02:00:00Z","2021-10-13","-121.382","39.872","1355.6","5.65","23.4","1.79","38.4","1.111855","1.402811",,"0","False","NASA_POWER_hourly"
"2021-10-13T03:00:00Z","2021-10-13","-121.382","39.872","1355.6","3.67","25.83","1.93","60.9","1.68638","0.938627",,"0","False","NASA_POWER_hourly"
"2021-10-13T04:00:00Z","2021-10-13","-121.382","39.872","1355.6","3.04","25.73","1.66","74.3","1.598068","0.449197",,"0","False","NASA_POWER_hourly"
"2021-10-13T05:00:00Z","2021-10-13","-121.382","39.872","1355.6","2.57","26.8","1.92","84.6","1.911479","0.180688",,"0","False","NASA_POWER_hourly"
"2021-10-13T06:00:00Z","2021-10-13","-121.382","39.872","1355.6","2.69","26.38","1.82","96","1.81003","-0.190242",,"0","False","NASA_POWER_hourly"
"2021-10-13T07:00:00Z","2021-10-13","-121.382","39.872","1355.6","3.31","25.07","1.45","107.7","1.381359","-0.440848",,"0","False","NASA_POWER_hourly"
"2021-10-13T08:00:00Z","2021-10-13","-121.382","39.872","1355.6","4.1","24.89","1.18","127.4","0.937409","-0.716703",,"0","False","NASA_POWER_hourly"
"2021-10-13T09:00:00Z","2021-10-13","-121.382","39.872","1355.6","4","27.12","1.41","149.2","0.72198","-1.211133",,"0","False","NASA_POWER_hourly"
"2021-10-13T10:00:00Z","2021-10-13","-121.382","39.872","1355.6","3.42","27.88","1.71","166.8","0.39048","-1.66482",,"0","False","NASA_POWER_hourly"
"2021-10-13T11:00:00Z","2021-10-13","-121.382","39.872","1355.6","2.82","27.79","2","177.7","0.080264","-1.998389",,"0","False","NASA_POWER_hourly"
"2021-10-13T12:00:00Z","2021-10-13","-121.382","39.872","1355.6","2.23","28.4","2.2","188.9","-0.340363","-2.173512",,"0","False","NASA_POWER_hourly"
"2021-10-13T13:00:00Z","2021-10-13","-121.382","39.872","1355.6","1.7","30.91","2.23","196.2","-0.62215","-2.141455",,"0","False","NASA_POWER_hourly"
"2021-10-13T14:00:00Z","2021-10-13","-121.382","39.872","1355.6","1.8","33.08","1.99","197","-0.58182","-1.903046",,"0.06","False","NASA_POWER_hourly"
"2021-10-13T15:00:00Z","2021-10-13","-121.382","39.872","1355.6","5.16","30.03","1.12","197.1","-0.329325","-1.070488",,"0.42","False","NASA_POWER_hourly"
"2021-10-13T16:00:00Z","2021-10-13","-121.382","39.872","1355.6","8.47","25.18","1.08","213","-0.58821","-0.905764",,"0.83","False","NASA_POWER_hourly"
"2021-10-13T17:00:00Z","2021-10-13","-121.382","39.872","1355.6","11","27.26","1.45","241.5","-1.274285","-0.69188",,"1.37","False","NASA_POWER_hourly"
"2021-10-13T18:00:00Z","2021-10-13","-121.382","39.872","1355.6","12.97","28.66","1.91","250.1","-1.79595","-0.650125",,"2.01","False","NASA_POWER_hourly"
"2021-10-13T19:00:00Z","2021-10-13","-121.382","39.872","1355.6","14.32","27.76","2.31","250","-2.17069","-0.790067",,"2.33","False","NASA_POWER_hourly"
"2021-10-13T20:00:00Z","2021-10-13","-121.382","39.872","1355.6","15.1","26.7","2.64","252.1","-2.512209","-0.811421",,"2.46","False","NASA_POWER_hourly"
"2021-10-13T21:00:00Z","2021-10-13","-121.382","39.872","1355.6","15.29","26.53","2.83","259.6","-2.783507","-0.510869",,"2.25","False","NASA_POWER_hourly"
"2021-10-13T22:00:00Z","2021-10-13","-121.382","39.872","1355.6","14.93","27.64","2.8","268.6","-2.799164","-0.06841",,"1.8","False","NASA_POWER_hourly"
"2021-10-13T23:00:00Z","2021-10-13","-121.382","39.872","1355.6","14.1","29.85","2.61","277.5","-2.587671","0.340673",,"1.2","False","NASA_POWER_hourly"
"2021-10-14T00:00:00Z","2021-10-14","-121.382","39.872","1355.6","12.68","33.61","2.23","285.3","-2.150963","0.588437",,"0.5","False","NASA_POWER_hourly"
"2021-10-14T01:00:00Z","2021-10-14","-121.382","39.872","1355.6","8.08","47.27","1.6","283.8","-1.553815","0.381654",,"0.03","False","NASA_POWER_hourly"
"2021-10-14T02:00:00Z","2021-10-14","-121.382","39.872","1355.6","5.5","56.79","1.68","302.1","-1.423165","0.89275",,"0","False","NASA_POWER_hourly"
"2021-10-14T03:00:00Z","2021-10-14","-121.382","39.872","1355.6","4.9","58.43","1.72","339.2","-0.610784","1.6079",,"0","False","NASA_POWER_hourly"
"2021-10-14T04:00:00Z","2021-10-14","-121.382","39.872","1355.6","3.7","61.15","2.04","3.9","0.138751","2.035276",,"0","False","NASA_POWER_hourly"
"2021-10-14T05:00:00Z","2021-10-14","-121.382","39.872","1355.6","2.77","61.79","2.16","19.8","0.731674","2.032302",,"0","False","NASA_POWER_hourly"
"2021-10-14T06:00:00Z","2021-10-14","-121.382","39.872","1355.6","2.5","59.77","2.31","33.3","1.268243","1.930715",,"0","False","NASA_POWER_hourly"
"2021-10-14T07:00:00Z","2021-10-14","-121.382","39.872","1355.6","2.03","58.87","2.42","45.7","1.731976","1.690165",,"0","False","NASA_POWER_hourly"
"2021-10-14T08:00:00Z","2021-10-14","-121.382","39.872","1355.6","1.31","59.93","2.48","54","2.006362","1.457707",,"0","False","NASA_POWER_hourly"
"2021-10-14T09:00:00Z","2021-10-14","-121.382","39.872","1355.6","0.82","60.81","2.32","53.6","1.867354","1.376732",,"0","False","NASA_POWER_hourly"
"2021-10-14T10:00:00Z","2021-10-14","-121.382","39.872","1355.6","0.65","60.06","2.33","52.7","1.853453","1.411953",,"0","False","NASA_POWER_hourly"
"2021-10-14T11:00:00Z","2021-10-14","-121.382","39.872","1355.6","1.44","55.32","2.66","54.6","2.16824","1.540888",,"0","False","NASA_POWER_hourly"
"2021-10-14T12:00:00Z","2021-10-14","-121.382","39.872","1355.6","1.57","53.41","2.9","56","2.404209","1.621659",,"0","False","NASA_POWER_hourly"
"2021-10-14T13:00:00Z","2021-10-14","-121.382","39.872","1355.6","1.4","52.86","3.16","56.4","2.632031","1.748717",,"0","False","NASA_POWER_hourly"
"2021-10-14T14:00:00Z","2021-10-14","-121.382","39.872","1355.6","1.25","52.44","3.39","55.9","2.807125","1.900566",,"0.09","False","NASA_POWER_hourly"
"2021-10-14T15:00:00Z","2021-10-14","-121.382","39.872","1355.6","3.12","45.37","3.5","57.9","2.964927","1.859895",,"0.69","False","NASA_POWER_hourly"
"2021-10-14T16:00:00Z","2021-10-14","-121.382","39.872","1355.6","7","33.53","3.59","64.6","3.242974","1.539877",,"1.38","False","NASA_POWER_hourly"
"2021-10-14T17:00:00Z","2021-10-14","-121.382","39.872","1355.6","10.53","26.31","3.59","67.6","3.31912","1.368043",,"1.96","False","NASA_POWER_hourly"
"2021-10-14T18:00:00Z","2021-10-14","-121.382","39.872","1355.6","13","22.07","3.23","68.4","3.003178","1.189042",,"2.38","False","NASA_POWER_hourly"
"2021-10-14T19:00:00Z","2021-10-14","-121.382","39.872","1355.6","15.02","18.87","2.75","67.1","2.53326","1.070091",,"2.57","False","NASA_POWER_hourly"
"2021-10-14T20:00:00Z","2021-10-14","-121.382","39.872","1355.6","16.6","16.61","2.29","62.1","2.023823","1.071559",,"2.54","False","NASA_POWER_hourly"
"2021-10-14T21:00:00Z","2021-10-14","-121.382","39.872","1355.6","17.64","15.27","1.98","56.6","1.652999","1.089952",,"2.27","False","NASA_POWER_hourly"
"2021-10-14T22:00:00Z","2021-10-14","-121.382","39.872","1355.6","18.01","14.78","1.82","53.5","1.463019","1.082577",,"1.81","False","NASA_POWER_hourly"
"2021-10-14T23:00:00Z","2021-10-14","-121.382","39.872","1355.6","17.55","15.14","1.75","55.2","1.437011","0.998749",,"1.19","False","NASA_POWER_hourly"
"2021-10-15T00:00:00Z","2021-10-15","-121.382","39.872","1355.6","15.68","17.76","1.5","60.5","1.305534","0.738635",,"0.49","False","NASA_POWER_hourly"
"2021-10-15T01:00:00Z","2021-10-15","-121.382","39.872","1355.6","9.39","31.58","2.13","64.2","1.917679","0.927042",,"0.02","False","NASA_POWER_hourly"
"2021-10-15T02:00:00Z","2021-10-15","-121.382","39.872","1355.6","6.28","36.87","2.17","69.5","2.032579","0.75995",,"0","False","NASA_POWER_hourly"
"2021-10-15T03:00:00Z","2021-10-15","-121.382","39.872","1355.6","6.99","34.85","2.49","69.8","2.336848","0.859793",,"0","False","NASA_POWER_hourly"
"2021-10-15T04:00:00Z","2021-10-15","-121.382","39.872","1355.6","6.81","35.43","2.75","71.1","2.601735","0.890773",,"0","False","NASA_POWER_hourly"
"2021-10-15T05:00:00Z","2021-10-15","-121.382","39.872","1355.6","6.66","35.81","2.92","71.2","2.764216","0.941016",,"0","False","NASA_POWER_hourly"
"2021-10-15T06:00:00Z","2021-10-15","-121.382","39.872","1355.6","6.51","35.89","3.03","71.5","2.873421","0.961433",,"0","False","NASA_POWER_hourly"
"2021-10-15T07:00:00Z","2021-10-15","-121.382","39.872","1355.6","6.53","35.27","3.19","71.9","3.032145","0.991058",,"0","False","NASA_POWER_hourly"
"2021-10-15T08:00:00Z","2021-10-15","-121.382","39.872","1355.6","6.1","35.89","3.17","72.9","3.029864","0.932108",,"0","False","NASA_POWER_hourly"
"2021-10-15T09:00:00Z","2021-10-15","-121.382","39.872","1355.6","5.69","36.77","3.17","73.7","3.042583","0.889713",,"0","False","NASA_POWER_hourly"
"2021-10-15T10:00:00Z","2021-10-15","-121.382","39.872","1355.6","5.38","37.72","3.19","73.2","3.053849","0.922011",,"0","False","NASA_POWER_hourly"
"2021-10-15T11:00:00Z","2021-10-15","-121.382","39.872","1355.6","5.11","38.43","3.11","73.2","2.977264","0.898889",,"0","False","NASA_POWER_hourly"
"2021-10-15T12:00:00Z","2021-10-15","-121.382","39.872","1355.6","4.83","39.04","2.96","74.9","2.857799","0.771093",,"0","False","NASA_POWER_hourly"
"2021-10-15T13:00:00Z","2021-10-15","-121.382","39.872","1355.6","4.54","39.86","2.79","76.3","2.710622","0.660778",,"0","False","NASA_POWER_hourly"
"2021-10-15T14:00:00Z","2021-10-15","-121.382","39.872","1355.6","4.3","40.71","2.67","75.7","2.587272","0.659487",,"0.08","False","NASA_POWER_hourly"
"2021-10-15T15:00:00Z","2021-10-15","-121.382","39.872","1355.6","6.37","36","2.67","73.5","2.560049","0.758321",,"0.65","False","NASA_POWER_hourly"
"2021-10-15T16:00:00Z","2021-10-15","-121.382","39.872","1355.6","10.64","27.07","2.04","78.1","1.996158","0.420657",,"1.33","False","NASA_POWER_hourly"
"2021-10-15T17:00:00Z","2021-10-15","-121.382","39.872","1355.6","15.77","17.73","1.44","115.5","1.299723","-0.619936",,"1.93","False","NASA_POWER_hourly"
"2021-10-15T18:00:00Z","2021-10-15","-121.382","39.872","1355.6","19.36","13.38","1.05","167.3","0.230839","-1.024311",,"2.33","False","NASA_POWER_hourly"
"2021-10-15T19:00:00Z","2021-10-15","-121.382","39.872","1355.6","21.59","11.93","1.28","204.6","-0.532839","-1.163822",,"2.53","False","NASA_POWER_hourly"
"2021-10-15T20:00:00Z","2021-10-15","-121.382","39.872","1355.6","22.81","11.37","1.63","220.5","-1.0586","-1.239462",,"2.47","False","NASA_POWER_hourly"
"2021-10-15T21:00:00Z","2021-10-15","-121.382","39.872","1355.6","23.23","11.22","1.84","228.1","-1.369533","-1.228812",,"2.23","False","NASA_POWER_hourly"
"2021-10-15T22:00:00Z","2021-10-15","-121.382","39.872","1355.6","22.97","11.5","1.87","231.7","-1.467532","-1.158987",,"1.78","False","NASA_POWER_hourly"
"2021-10-15T23:00:00Z","2021-10-15","-121.382","39.872","1355.6","22.01","12.29","1.73","232.3","-1.368817","-1.057942",,"1.16","False","NASA_POWER_hourly"
"2021-10-16T00:00:00Z","2021-10-16","-121.382","39.872","1355.6","19.58","15.87","1.37","232.1","-1.081045","-0.841571",,"0.47","False","NASA_POWER_hourly"
"2021-10-16T01:00:00Z","2021-10-16","-121.382","39.872","1355.6","14.43","24.29","1.1","234.6","-0.896641","-0.637209",,"0.02","False","NASA_POWER_hourly"
"2021-10-16T02:00:00Z","2021-10-16","-121.382","39.872","1355.6","13.37","25.49","0.46","58.4","0.391794","0.241034",,"0","False","NASA_POWER_hourly"
"2021-10-16T03:00:00Z","2021-10-16","-121.382","39.872","1355.6","10.02","31.93","2.16","72.2","2.056599","0.660302",,"0","False","NASA_POWER_hourly"
"2021-10-16T04:00:00Z","2021-10-16","-121.382","39.872","1355.6","7.9","36.45","2.67","78.8","2.61915","0.518606",,"0","False","NASA_POWER_hourly"
"2021-10-16T05:00:00Z","2021-10-16","-121.382","39.872","1355.6","7","38.21","2.66","80","2.619589","0.461904",,"0","False","NASA_POWER_hourly"
"2021-10-16T06:00:00Z","2021-10-16","-121.382","39.872","1355.6","6.47","38.76","2.12","81","2.093899","0.331641",,"0","False","NASA_POWER_hourly"
"2021-10-16T07:00:00Z","2021-10-16","-121.382","39.872","1355.6","6.39","38.24","1.88","83","1.865987","0.229114",,"0","False","NASA_POWER_hourly"
"2021-10-16T08:00:00Z","2021-10-16","-121.382","39.872","1355.6","5.9","38.95","2.01","84","1.998989","0.210102",,"0","False","NASA_POWER_hourly"
"2021-10-16T09:00:00Z","2021-10-16","-121.382","39.872","1355.6","5.58","39.04","2.05","83","2.03472","0.249832",,"0","False","NASA_POWER_hourly"
"2021-10-16T10:00:00Z","2021-10-16","-121.382","39.872","1355.6","5.51","38.45","2.07","80.3","2.040406","0.348773",,"0","False","NASA_POWER_hourly"
"2021-10-16T11:00:00Z","2021-10-16","-121.382","39.872","1355.6","5.98","36.31","2.36","77.8","2.306702","0.498727",,"0","False","NASA_POWER_hourly"
"2021-10-16T12:00:00Z","2021-10-16","-121.382","39.872","1355.6","6.39","34.42","2.66","74.8","2.566944","0.697423",,"0","False","NASA_POWER_hourly"
"2021-10-16T13:00:00Z","2021-10-16","-121.382","39.872","1355.6","6.18","34.47","2.78","71.8","2.640922","0.868291",,"0","False","NASA_POWER_hourly"
"2021-10-16T14:00:00Z","2021-10-16","-121.382","39.872","1355.6","6.76","32.83","3","70.1","2.820864","1.021139",,"0.06","False","NASA_POWER_hourly"
"2021-10-16T15:00:00Z","2021-10-16","-121.382","39.872","1355.6","9.02","28.5","3.05","68.7","2.841658","1.107916",,"0.56","False","NASA_POWER_hourly"
"2021-10-16T16:00:00Z","2021-10-16","-121.382","39.872","1355.6","12.99","22.35","2.45","71.4","2.322033","0.78145",,"1.22","False","NASA_POWER_hourly"
"2021-10-16T17:00:00Z","2021-10-16","-121.382","39.872","1355.6","18.08","15.99","1.92","111.1","1.791271","-0.691194",,"1.86","False","NASA_POWER_hourly"
"2021-10-16T18:00:00Z","2021-10-16","-121.382","39.872","1355.6","21.09","13.03","1.8","150","0.9","-1.558846",,"2.26","False","NASA_POWER_hourly"
"2021-10-16T19:00:00Z","2021-10-16","-121.382","39.872","1355.6","22.8","11.68","2.03","176.6","0.120392","-2.026427",,"2.45","False","NASA_POWER_hourly"
"2021-10-16T20:00:00Z","2021-10-16","-121.382","39.872","1355.6","23.59","11.13","2.39","193.3","-0.549819","-2.325898",,"2.46","False","NASA_POWER_hourly"
"2021-10-16T21:00:00Z","2021-10-16","-121.382","39.872","1355.6","23.51","11.22","2.84","202","-1.063883","-2.633202",,"2.2","False","NASA_POWER_hourly"
"2021-10-16T22:00:00Z","2021-10-16","-121.382","39.872","1355.6","22.65","11.87","3.11","205.3","-1.329083","-2.811697",,"1.74","False","NASA_POWER_hourly"
"2021-10-16T23:00:00Z","2021-10-16","-121.382","39.872","1355.6","21.02","13.22","3.05","204.2","-1.250265","-2.781966",,"1.12","False","NASA_POWER_hourly"
"2021-10-17T00:00:00Z","2021-10-17","-121.382","39.872","1355.6","18.43","15.91","2.38","199.9","-0.810103","-2.237886",,"0.44","False","NASA_POWER_hourly"
"2021-10-17T01:00:00Z","2021-10-17","-121.382","39.872","1355.6","12.39","26.34","1.75","183.3","-0.100737","-1.747098",,"0.02","False","NASA_POWER_hourly"
"2021-10-17T02:00:00Z","2021-10-17","-121.382","39.872","1355.6","9.05","33.63","2.03","160.4","0.680967","-1.912377",,"0","False","NASA_POWER_hourly"
"2021-10-17T03:00:00Z","2021-10-17","-121.382","39.872","1355.6","7.66","36.29","2.05","146.5","1.131471","-1.709466",,"0","False","NASA_POWER_hourly"
"2021-10-17T04:00:00Z","2021-10-17","-121.382","39.872","1355.6","7.04","36.76","2.17","149.2","1.111133","-1.863943",,"0","False","NASA_POWER_hourly"
"2021-10-17T05:00:00Z","2021-10-17","-121.382","39.872","1355.6","6.62","37.13","2.28","156.8","0.898188","-2.095629",,"0","False","NASA_POWER_hourly"
"2021-10-17T06:00:00Z","2021-10-17","-121.382","39.872","1355.6","6.33","37.87","2.27","162.8","0.671257","-2.168482",,"0","False","NASA_POWER_hourly"
"2021-10-17T07:00:00Z","2021-10-17","-121.382","39.872","1355.6","6.03","38.95","2.33","165.8","0.571566","-2.258808",,"0","False","NASA_POWER_hourly"
"2021-10-17T08:00:00Z","2021-10-17","-121.382","39.872","1355.6","5.57","40.35","2.44","164.8","0.639742","-2.35464",,"0","False","NASA_POWER_hourly"
"2021-10-17T09:00:00Z","2021-10-17","-121.382","39.872","1355.6","5.13","41.59","2.5","160.8","0.822167","-2.360941",,"0","False","NASA_POWER_hourly"
"2021-10-17T10:00:00Z","2021-10-17","-121.382","39.872","1355.6","4.69","42.37","2.56","157.4","0.983796","-2.363418",,"0","False","NASA_POWER_hourly"
"2021-10-17T11:00:00Z","2021-10-17","-121.382","39.872","1355.6","4.73","41.25","2.56","156.5","1.020798","-2.347674",,"0","False","NASA_POWER_hourly"
"2021-10-17T12:00:00Z","2021-10-17","-121.382","39.872","1355.6","4.74","39.9","2.6","158.4","0.957124","-2.417419",,"0","False","NASA_POWER_hourly"
"2021-10-17T13:00:00Z","2021-10-17","-121.382","39.872","1355.6","4.36","40.62","2.57","165.4","0.647818","-2.487013",,"0","False","NASA_POWER_hourly"
"2021-10-17T14:00:00Z","2021-10-17","-121.382","39.872","1355.6","4.67","40.21","2.16","171.5","0.319268","-2.136274",,"0.05","False","NASA_POWER_hourly"
"2021-10-17T15:00:00Z","2021-10-17","-121.382","39.872","1355.6","8.86","30.74","2.34","175.1","0.199876","-2.331448",,"0.5","False","NASA_POWER_hourly"
"2021-10-17T16:00:00Z","2021-10-17","-121.382","39.872","1355.6","12.57","23.63","3.35","186","-0.35017","-3.331648",,"1.06","False","NASA_POWER_hourly"
"2021-10-17T17:00:00Z","2021-10-17","-121.382","39.872","1355.6","13.95","19.6","4.61","193.2","-1.052698","-4.488199",,"1.68","False","NASA_POWER_hourly"
"2021-10-17T18:00:00Z","2021-10-17","-121.382","39.872","1355.6","14.28","17.99","5","194.5","-1.2519","-4.840738",,"1.77","False","NASA_POWER_hourly"
"2021-10-17T19:00:00Z","2021-10-17","-121.382","39.872","1355.6","14.07","18.49","5.25","195.6","-1.411829","-5.056603",,"1.7","False","NASA_POWER_hourly"
"2021-10-17T20:00:00Z","2021-10-17","-121.382","39.872","1355.6","13.71","20.93","5.49","196.4","-1.550055","-5.266634",,"1.88","False","NASA_POWER_hourly"
"2021-10-17T21:00:00Z","2021-10-17","-121.382","39.872","1355.6","13.78","24.32","5.76","196.5","-1.635928","-5.522802",,"1.89","False","NASA_POWER_hourly"
"2021-10-17T22:00:00Z","2021-10-17","-121.382","39.872","1355.6","13.38","28.79","5.99","195.8","-1.630959","-5.763686",,"1.4","False","NASA_POWER_hourly"
"2021-10-17T23:00:00Z","2021-10-17","-121.382","39.872","1355.6","12.38","34.63","6.04","197.6","-1.826314","-5.757272",,"0.89","False","NASA_POWER_hourly"
"2021-10-18T00:00:00Z","2021-10-18","-121.382","39.872","1355.6","10.47","46.54","5.67","202","-2.124019","-5.257132",,"0.36","False","NASA_POWER_hourly"
"2021-10-18T01:00:00Z","2021-10-18","-121.382","39.872","1355.6","7.69","71.28","4.57","204.8","-1.916896","-4.148543",,"0","False","NASA_POWER_hourly"
"2021-10-18T02:00:00Z","2021-10-18","-121.382","39.872","1355.6","5.79","90.14","3.64","203.7","-1.46309","-3.333012",,"0","False","NASA_POWER_hourly"
"2021-10-18T03:00:00Z","2021-10-18","-121.382","39.872","1355.6","4.73","95.12","3.28","207.2","-1.499281","-2.917286",,"0","False","NASA_POWER_hourly"
"2021-10-18T04:00:00Z","2021-10-18","-121.382","39.872","1355.6","4.03","96.22","2.94","212.8","-1.592622","-2.471266",,"0","False","NASA_POWER_hourly"
"2021-10-18T05:00:00Z","2021-10-18","-121.382","39.872","1355.6","3.61","96.36","2.8","211.9","-1.479627","-2.377121",,"0","False","NASA_POWER_hourly"
"2021-10-18T06:00:00Z","2021-10-18","-121.382","39.872","1355.6","3.09","97.11","2.7","208.3","-1.280038","-2.377289",,"0","False","NASA_POWER_hourly"
"2021-10-18T07:00:00Z","2021-10-18","-121.382","39.872","1355.6","2.69","97.87","2.52","202.9","-0.980592","-2.321387",,"0","False","NASA_POWER_hourly"
"2021-10-18T08:00:00Z","2021-10-18","-121.382","39.872","1355.6","2.49","98.33","2.49","199","-0.810665","-2.354341",,"0","False","NASA_POWER_hourly"
"2021-10-18T09:00:00Z","2021-10-18","-121.382","39.872","1355.6","2.37","98.61","2.26","195.1","-0.58874","-2.181968",,"0","False","NASA_POWER_hourly"
"2021-10-18T10:00:00Z","2021-10-18","-121.382","39.872","1355.6","2.22","98.71","2.08","200.5","-0.728431","-1.948278",,"0","False","NASA_POWER_hourly"
"2021-10-18T11:00:00Z","2021-10-18","-121.382","39.872","1355.6","2.14","98.73","1.99","213.9","-1.109913","-1.651724",,"0","False","NASA_POWER_hourly"
"2021-10-18T12:00:00Z","2021-10-18","-121.382","39.872","1355.6","2.03","98.82","1.8","231.5","-1.408695","-1.120526",,"0","False","NASA_POWER_hourly"
"2021-10-18T13:00:00Z","2021-10-18","-121.382","39.872","1355.6","2.06","99.07","1.49","242.4","-1.320443","-0.690311",,"0","False","NASA_POWER_hourly"
"2021-10-18T14:00:00Z","2021-10-18","-121.382","39.872","1355.6","2.13","99.02","1.29","240.6","-1.123866","-0.633266",,"0.04","False","NASA_POWER_hourly"
"2021-10-18T15:00:00Z","2021-10-18","-121.382","39.872","1355.6","2.32","98.34","1.07","235.3","-0.879694","-0.609129",,"0.35","False","NASA_POWER_hourly"
"2021-10-18T16:00:00Z","2021-10-18","-121.382","39.872","1355.6","2.85","96.25","0.84","243.7","-0.753049","-0.37218",,"0.77","False","NASA_POWER_hourly"
"2021-10-18T17:00:00Z","2021-10-18","-121.382","39.872","1355.6","3.91","90.71","0.83","247.4","-0.766264","-0.318965",,"1.33","False","NASA_POWER_hourly"
"2021-10-18T18:00:00Z","2021-10-18","-121.382","39.872","1355.6","5.52","80.01","1.01","256.2","-0.980846","-0.240919",,"1.58","False","NASA_POWER_hourly"
"2021-10-18T19:00:00Z","2021-10-18","-121.382","39.872","1355.6","7.45","66.04","1.24","257.9","-1.212451","-0.259927",,"1.43","False","NASA_POWER_hourly"
"2021-10-18T20:00:00Z","2021-10-18","-121.382","39.872","1355.6","9.1","54.86","1.48","256.7","-1.440305","-0.340474",,"1.48","False","NASA_POWER_hourly"
"2021-10-18T21:00:00Z","2021-10-18","-121.382","39.872","1355.6","9.93","50.53","1.77","258.6","-1.73508","-0.349853",,"1.04","False","NASA_POWER_hourly"
"2021-10-18T22:00:00Z","2021-10-18","-121.382","39.872","1355.6","9.98","50.26","1.96","260.3","-1.931979","-0.330239",,"0.95","False","NASA_POWER_hourly"
"2021-10-18T23:00:00Z","2021-10-18","-121.382","39.872","1355.6","9.42","52.55","1.84","261.3","-1.818829","-0.27832",,"0.67","False","NASA_POWER_hourly"
"2021-10-19T00:00:00Z","2021-10-19","-121.382","39.872","1355.6","8.23","57.98","1.47","259.5","-1.445385","-0.267886",,"0.33","False","NASA_POWER_hourly"
"2021-10-19T01:00:00Z","2021-10-19","-121.382","39.872","1355.6","4.45","78.41","1.41","256.1","-1.36871","-0.338722",,"0","False","NASA_POWER_hourly"
"2021-10-19T02:00:00Z","2021-10-19","-121.382","39.872","1355.6","3.16","84.65","1.34","256.2","-1.30132","-0.319635",,"0","False","NASA_POWER_hourly"
"2021-10-19T03:00:00Z","2021-10-19","-121.382","39.872","1355.6","3.39","84.02","0.65","273.5","-0.648788","0.039682",,"0","False","NASA_POWER_hourly"
"2021-10-19T04:00:00Z","2021-10-19","-121.382","39.872","1355.6","2.86","87.62","0.59","18.7","0.189162","0.558854",,"0","False","NASA_POWER_hourly"
"2021-10-19T05:00:00Z","2021-10-19","-121.382","39.872","1355.6","1.85","93.97","1.19","43.6","0.820647","0.861765",,"0","False","NASA_POWER_hourly"
"2021-10-19T06:00:00Z","2021-10-19","-121.382","39.872","1355.6","1.32","96.99","1.49","51.8","1.170927","0.921429",,"0","False","NASA_POWER_hourly"
"2021-10-19T07:00:00Z","2021-10-19","-121.382","39.872","1355.6","1.01","97.89","1.67","62.5","1.481308","0.77112",,"0","False","NASA_POWER_hourly"
"2021-10-19T08:00:00Z","2021-10-19","-121.382","39.872","1355.6","0.55","99.67","1.89","73.4","1.81123","0.539951",,"0","False","NASA_POWER_hourly"
"2021-10-19T09:00:00Z","2021-10-19","-121.382","39.872","1355.6","-0.09","100","2.11","79.1","2.071933","0.398991",,"0","False","NASA_POWER_hourly"
"2021-10-19T10:00:00Z","2021-10-19","-121.382","39.872","1355.6","-0.82","100","2.15","83.3","2.135317","0.250842",,"0","False","NASA_POWER_hourly"
"2021-10-19T11:00:00Z","2021-10-19","-121.382","39.872","1355.6","-1.29","100","2.04","89.4","2.039888","0.021362",,"0","False","NASA_POWER_hourly"
"2021-10-19T12:00:00Z","2021-10-19","-121.382","39.872","1355.6","-1.47","100","1.85","94","1.845493","-0.129049",,"0","False","NASA_POWER_hourly"
"2021-10-19T13:00:00Z","2021-10-19","-121.382","39.872","1355.6","-1.68","100","1.91","101.5","1.871656","-0.380793",,"0","False","NASA_POWER_hourly"
"2021-10-19T14:00:00Z","2021-10-19","-121.382","39.872","1355.6","-1.71","100","1.83","110.8","1.710731","-0.649846",,"0.05","False","NASA_POWER_hourly"
"2021-10-19T15:00:00Z","2021-10-19","-121.382","39.872","1355.6","1.98","83.48","1.49","118.8","1.305697","-0.717813",,"0.5","False","NASA_POWER_hourly"
"2021-10-19T16:00:00Z","2021-10-19","-121.382","39.872","1355.6","5.41","68.18","1.49","147.1","0.80933","-1.251034",,"1.12","False","NASA_POWER_hourly"
"2021-10-19T17:00:00Z","2021-10-19","-121.382","39.872","1355.6","8.03","57.71","2.28","173.2","0.269961","-2.263961",,"1.66","False","NASA_POWER_hourly"
"2021-10-19T18:00:00Z","2021-10-19","-121.382","39.872","1355.6","9.99","47.73","2.78","182.1","-0.10187","-2.778133",,"1.64","False","NASA_POWER_hourly"
"2021-10-19T19:00:00Z","2021-10-19","-121.382","39.872","1355.6","11.47","40.06","3.18","184.7","-0.260564","-3.169307",,"1.87","False","NASA_POWER_hourly"
"2021-10-19T20:00:00Z","2021-10-19","-121.382","39.872","1355.6","12.36","34.96","3.5","187.2","-0.438666","-3.472401",,"2.03","False","NASA_POWER_hourly"
"2021-10-19T21:00:00Z","2021-10-19","-121.382","39.872","1355.6","12.39","33.15","3.72","191.9","-0.76708","-3.640053",,"1.88","False","NASA_POWER_hourly"
"2021-10-19T22:00:00Z","2021-10-19","-121.382","39.872","1355.6","11.75","34.87","3.7","192.9","-0.826025","-3.606616",,"1.38","False","NASA_POWER_hourly"
"2021-10-19T23:00:00Z","2021-10-19","-121.382","39.872","1355.6","10.54","39.08","3.45","190.2","-0.610942","-3.395475",,"0.82","False","NASA_POWER_hourly"
"2021-10-20T00:00:00Z","2021-10-20","-121.382","39.872","1355.6","8.66","46.8","2.88","182","-0.100511","-2.878246",,"0.33","False","NASA_POWER_hourly"
"2021-10-20T01:00:00Z","2021-10-20","-121.382","39.872","1355.6","6.6","57.39","2.35","165.2","0.600298","-2.272035",,"0","False","NASA_POWER_hourly"
"2021-10-20T02:00:00Z","2021-10-20","-121.382","39.872","1355.6","5.81","62.84","2.57","153.1","1.162757","-2.29192",,"0","False","NASA_POWER_hourly"
"2021-10-20T03:00:00Z","2021-10-20","-121.382","39.872","1355.6","5.64","64.64","2.79","151.3","1.339824","-2.447238",,"0","False","NASA_POWER_hourly"
"2021-10-20T04:00:00Z","2021-10-20","-121.382","39.872","1355.6","5.66","65.31","3","154.7","1.282074","-2.712248",,"0","False","NASA_POWER_hourly"
"2021-10-20T05:00:00Z","2021-10-20","-121.382","39.872","1355.6","5.66","67.74","3.23","161.4","1.030239","-3.061292",,"0","False","NASA_POWER_hourly"
"2021-10-20T06:00:00Z","2021-10-20","-121.382","39.872","1355.6","5.62","71.89","3.49","177.5","0.152232","-3.486678",,"0","False","NASA_POWER_hourly"
"2021-10-20T07:00:00Z","2021-10-20","-121.382","39.872","1355.6","4.88","80.98","3.61","192.6","-0.787497","-3.52306",,"0","False","NASA_POWER_hourly"
"2021-10-20T08:00:00Z","2021-10-20","-121.382","39.872","1355.6","3.54","91.14","3.33","190.9","-0.629688","-3.269923",,"0","False","NASA_POWER_hourly"
"2021-10-20T09:00:00Z","2021-10-20","-121.382","39.872","1355.6","2.78","94.74","3.3","179.5","0.028798","-3.299874",,"0","False","NASA_POWER_hourly"
"2021-10-20T10:00:00Z","2021-10-20","-121.382","39.872","1355.6","2.6","95.81","3.29","173.5","0.372439","-3.268851",,"0","False","NASA_POWER_hourly"
"2021-10-20T11:00:00Z","2021-10-20","-121.382","39.872","1355.6","2.72","95.95","3.16","170","0.548728","-3.111992",,"0","False","NASA_POWER_hourly"
"2021-10-20T12:00:00Z","2021-10-20","-121.382","39.872","1355.6","3.05","95.77","2.96","169.3","0.549573","-2.908534",,"0","False","NASA_POWER_hourly"
"2021-10-20T13:00:00Z","2021-10-20","-121.382","39.872","1355.6","3.51","95.76","2.79","172.4","0.368995","-2.765491",,"0","False","NASA_POWER_hourly"
"2021-10-20T14:00:00Z","2021-10-20","-121.382","39.872","1355.6","3.9","95.63","2.58","172.9","0.318892","-2.560216",,"0.02","False","NASA_POWER_hourly"
"2021-10-20T15:00:00Z","2021-10-20","-121.382","39.872","1355.6","4.22","95.38","2.32","170.6","0.378916","-2.288847",,"0.2","False","NASA_POWER_hourly"
"2021-10-20T16:00:00Z","2021-10-20","-121.382","39.872","1355.6","4.74","94.45","2.22","170.4","0.370227","-2.188911",,"0.44","False","NASA_POWER_hourly"
"2021-10-20T17:00:00Z","2021-10-20","-121.382","39.872","1355.6","5.31","93.61","2.09","168.7","0.409527","-2.049485",,"0.69","False","NASA_POWER_hourly"
"2021-10-20T18:00:00Z","2021-10-20","-121.382","39.872","1355.6","5.85","92.43","1.9","166.6","0.440321","-1.848274",,"0.73","False","NASA_POWER_hourly"
"2021-10-20T19:00:00Z","2021-10-20","-121.382","39.872","1355.6","6.42","91.47","1.83","165.1","0.470553","-1.768468",,"0.7","False","NASA_POWER_hourly"
"2021-10-20T20:00:00Z","2021-10-20","-121.382","39.872","1355.6","7.04","90.81","1.89","166.6","0.438004","-1.838546",,"0.71","False","NASA_POWER_hourly"
"2021-10-20T21:00:00Z","2021-10-20","-121.382","39.872","1355.6","7.6","90.69","1.94","173.8","0.209519","-1.928653",,"0.63","False","NASA_POWER_hourly"
"2021-10-20T22:00:00Z","2021-10-20","-121.382","39.872","1355.6","7.77","91.47","1.87","176.9","0.101127","-1.867264",,"0.64","False","NASA_POWER_hourly"
"2021-10-20T23:00:00Z","2021-10-20","-121.382","39.872","1355.6","7.62","92.54","1.66","172","0.231027","-1.643845",,"0.33","False","NASA_POWER_hourly"
"2021-10-21T00:00:00Z","2021-10-21","-121.382","39.872","1355.6","7.35","93.31","1.62","162.8","0.479047","-1.547551",,"0.09","False","NASA_POWER_hourly"
"2021-10-21T01:00:00Z","2021-10-21","-121.382","39.872","1355.6","6.96","94.16","1.71","158.4","0.629493","-1.589918",,"0","False","NASA_POWER_hourly"
"2021-10-21T02:00:00Z","2021-10-21","-121.382","39.872","1355.6","6.72","94.89","1.74","160.2","0.589404","-1.637133",,"0","False","NASA_POWER_hourly"
"2021-10-21T03:00:00Z","2021-10-21","-121.382","39.872","1355.6","6.65","95.09","1.78","163","0.520422","-1.702222",,"0","False","NASA_POWER_hourly"
"2021-10-21T04:00:00Z","2021-10-21","-121.382","39.872","1355.6","6.76","95.24","1.79","166.1","0.430008","-1.737583",,"0","False","NASA_POWER_hourly"
"2021-10-21T05:00:00Z","2021-10-21","-121.382","39.872","1355.6","6.76","96.11","1.83","165.1","0.470553","-1.768468",,"0","False","NASA_POWER_hourly"
"2021-10-21T06:00:00Z","2021-10-21","-121.382","39.872","1355.6","6.86","97.13","2","160.1","0.680759","-1.880576",,"0","False","NASA_POWER_hourly"
"2021-10-21T07:00:00Z","2021-10-21","-121.382","39.872","1355.6","7.18","97.86","2.3","158.6","0.839217","-2.141428",,"0","False","NASA_POWER_hourly"
"2021-10-21T08:00:00Z","2021-10-21","-121.382","39.872","1355.6","7.46","98.52","2.42","161.2","0.779883","-2.290891",,"0","False","NASA_POWER_hourly"
"2021-10-21T09:00:00Z","2021-10-21","-121.382","39.872","1355.6","7.87","98.65","2.59","164.1","0.709554","-2.49091",,"0","False","NASA_POWER_hourly"
"2021-10-21T10:00:00Z","2021-10-21","-121.382","39.872","1355.6","8.29","99.12","2.52","166.2","0.601104","-2.447258",,"0","False","NASA_POWER_hourly"
"2021-10-21T11:00:00Z","2021-10-21","-121.382","39.872","1355.6","8.68","99.34","2.61","170.1","0.448735","-2.571135",,"0","False","NASA_POWER_hourly"
"2021-10-21T12:00:00Z","2021-10-21","-121.382","39.872","1355.6","9.08","99.57","2.88","175.2","0.240992","-2.869899",,"0","False","NASA_POWER_hourly"
"2021-10-21T13:00:00Z","2021-10-21","-121.382","39.872","1355.6","9.36","99.62","2.96","179.4","0.030996","-2.959838",,"0","False","NASA_POWER_hourly"
"2021-10-21T14:00:00Z","2021-10-21","-121.382","39.872","1355.6","9.64","99.63","3.03","181.3","-0.068743","-3.02922",,"0.03","False","NASA_POWER_hourly"
"2021-10-21T15:00:00Z","2021-10-21","-121.382","39.872","1355.6","10.09","99.37","2.96","176.1","0.201325","-2.953145",,"0.21","False","NASA_POWER_hourly"
"2021-10-21T16:00:00Z","2021-10-21","-121.382","39.872","1355.6","10.8","98.82","2.82","166.5","0.658316","-2.742083",,"0.45","False","NASA_POWER_hourly"
"2021-10-21T17:00:00Z","2021-10-21","-121.382","39.872","1355.6","11.6","97.65","3.07","167.8","0.648767","-3.000667",,"0.65","False","NASA_POWER_hourly"
"2021-10-21T18:00:00Z","2021-10-21","-121.382","39.872","1355.6","12.34","95.98","3.39","175.3","0.277772","-3.378601",,"0.55","False","NASA_POWER_hourly"
"2021-10-21T19:00:00Z","2021-10-21","-121.382","39.872","1355.6","12.85","93.66","3.58","182.1","-0.131184","-3.577596",,"0.9","False","NASA_POWER_hourly"
"2021-10-21T20:00:00Z","2021-10-21","-121.382","39.872","1355.6","13.22","90.84","3.84","188.5","-0.567588","-3.797821",,"1.16","False","NASA_POWER_hourly"
"2021-10-21T21:00:00Z","2021-10-21","-121.382","39.872","1355.6","13.32","89.22","3.88","191.6","-0.780182","-3.800752",,"0.7","False","NASA_POWER_hourly"
"2021-10-21T22:00:00Z","2021-10-21","-121.382","39.872","1355.6","13.15","90.27","3.65","191.7","-0.740174","-3.574163",,"0.56","False","NASA_POWER_hourly"
"2021-10-21T23:00:00Z","2021-10-21","-121.382","39.872","1355.6","12.83","93.36","3.33","189","-0.520927","-3.289002",,"0.37","False","NASA_POWER_hourly"
"2021-10-22T00:00:00Z","2021-10-22","-121.382","39.872","1355.6","12.43","96.39","3.11","186.6","-0.357455","-3.089389",,"0.12","False","NASA_POWER_hourly"
"2021-10-22T01:00:00Z","2021-10-22","-121.382","39.872","1355.6","11.93","98.65","3.05","185.1","-0.271128","-3.037925",,"0","False","NASA_POWER_hourly"
"2021-10-22T02:00:00Z","2021-10-22","-121.382","39.872","1355.6","11.73","99.39","2.94","183.1","-0.158992","-2.935698",,"0","False","NASA_POWER_hourly"
"2021-10-22T03:00:00Z","2021-10-22","-121.382","39.872","1355.6","11.79","99.48","3.02","184.4","-0.231691","-3.011099",,"0","False","NASA_POWER_hourly"
"2021-10-22T04:00:00Z","2021-10-22","-121.382","39.872","1355.6","11.64","99.53","3.22","185.7","-0.31981","-3.204079",,"0","False","NASA_POWER_hourly"
"2021-10-22T05:00:00Z","2021-10-22","-121.382","39.872","1355.6","11.5","99.69","3.2","185.7","-0.317823","-3.184178",,"0","False","NASA_POWER_hourly"
"2021-10-22T06:00:00Z","2021-10-22","-121.382","39.872","1355.6","11.51","99.55","3.33","186.4","-0.371192","-3.309247",,"0","False","NASA_POWER_hourly"
"2021-10-22T07:00:00Z","2021-10-22","-121.382","39.872","1355.6","11.41","99.51","3.6","185.6","-0.351298","-3.582819",,"0","False","NASA_POWER_hourly"
"2021-10-22T08:00:00Z","2021-10-22","-121.382","39.872","1355.6","11.17","99.37","3.99","185.6","-0.389356","-3.970957",,"0","False","NASA_POWER_hourly"
"2021-10-22T09:00:00Z","2021-10-22","-121.382","39.872","1355.6","10.78","99.16","4.17","184.1","-0.298144","-4.159328",,"0","False","NASA_POWER_hourly"
"2021-10-22T10:00:00Z","2021-10-22","-121.382","39.872","1355.6","10.53","98.99","4.39","180.8","-0.061294","-4.389572",,"0","False","NASA_POWER_hourly"
"2021-10-22T11:00:00Z","2021-10-22","-121.382","39.872","1355.6","10.41","98.91","4.75","181.3","-0.107765","-4.748777",,"0","False","NASA_POWER_hourly"
"2021-10-22T12:00:00Z","2021-10-22","-121.382","39.872","1355.6","10.07","98.67","4.89","193","-1.100011","-4.76467",,"0","False","NASA_POWER_hourly"
"2021-10-22T13:00:00Z","2021-10-22","-121.382","39.872","1355.6","8.65","98.86","4.51","217.1","-2.720468","-3.597104",,"0","False","NASA_POWER_hourly"
"2021-10-22T14:00:00Z","2021-10-22","-121.382","39.872","1355.6","5.75","99.11","3.22","243.2","-2.874126","-1.451826",,"0.02","False","NASA_POWER_hourly"
"2021-10-22T15:00:00Z","2021-10-22","-121.382","39.872","1355.6","4.14","97.78","1.53","249.7","-1.43497","-0.530812",,"0.36","False","NASA_POWER_hourly"
"2021-10-22T16:00:00Z","2021-10-22","-121.382","39.872","1355.6","4.92","94.82","1.24","188.8","-0.189702","-1.225403",,"0.78","False","NASA_POWER_hourly"
"2021-10-22T17:00:00Z","2021-10-22","-121.382","39.872","1355.6","7","87.59","2.4","203.4","-0.953155","-2.202611",,"1.21","False","NASA_POWER_hourly"
"2021-10-22T18:00:00Z","2021-10-22","-121.382","39.872","1355.6","8.9","73.68","3.13","211.8","-1.649372","-2.660164",,"1.47","False","NASA_POWER_hourly"
"2021-10-22T19:00:00Z","2021-10-22","-121.382","39.872","1355.6","9.92","65.61","3.44","211.6","-1.802512","-2.929941",,"1.63","False","NASA_POWER_hourly"
"2021-10-22T20:00:00Z","2021-10-22","-121.382","39.872","1355.6","10.41","64.22","3.6","210.2","-1.810872","-3.111389",,"1.73","False","NASA_POWER_hourly"
"2021-10-22T21:00:00Z","2021-10-22","-121.382","39.872","1355.6","10.41","63.22","3.56","212","-1.886513","-3.019051",,"1.45","False","NASA_POWER_hourly"
"2021-10-22T22:00:00Z","2021-10-22","-121.382","39.872","1355.6","9.43","67.15","3.36","212.8","-1.82014","-2.824304",,"1.07","False","NASA_POWER_hourly"
"2021-10-22T23:00:00Z","2021-10-22","-121.382","39.872","1355.6","8.34","73.55","3.05","210.8","-1.561731","-2.619828",,"0.64","False","NASA_POWER_hourly"
"2021-10-23T00:00:00Z","2021-10-23","-121.382","39.872","1355.6","7.06","82.74","2.31","205.7","-1.001752","-2.081488",,"0.23","False","NASA_POWER_hourly"
"2021-10-23T01:00:00Z","2021-10-23","-121.382","39.872","1355.6","6.37","89.63","1.87","195.8","-0.509164","-1.799348",,"0","False","NASA_POWER_hourly"
"2021-10-23T02:00:00Z","2021-10-23","-121.382","39.872","1355.6","6.1","92.94","1.97","195.6","-0.529772","-1.89743",,"0","False","NASA_POWER_hourly"
"2021-10-23T03:00:00Z","2021-10-23","-121.382","39.872","1355.6","5.95","95.53","1.98","195.2","-0.519135","-1.910733",,"0","False","NASA_POWER_hourly"
"2021-10-23T04:00:00Z","2021-10-23","-121.382","39.872","1355.6","5.89","96.79","2.05","195.9","-0.561616","-1.97157",,"0","False","NASA_POWER_hourly"
"2021-10-23T05:00:00Z","2021-10-23","-121.382","39.872","1355.6","5.66","97.58","2.11","200.5","-0.738938","-1.976378",,"0","False","NASA_POWER_hourly"
"2021-10-23T06:00:00Z","2021-10-23","-121.382","39.872","1355.6","5.33","98.16","2.08","202","-0.779182","-1.928542",,"0","False","NASA_POWER_hourly"
"2021-10-23T07:00:00Z","2021-10-23","-121.382","39.872","1355.6","5.13","98.73","1.81","198.3","-0.568326","-1.71846",,"0","False","NASA_POWER_hourly"
"2021-10-23T08:00:00Z","2021-10-23","-121.382","39.872","1355.6","5.02","98.68","1.77","195.1","-0.461093","-1.708887",,"0","False","NASA_POWER_hourly"
"2021-10-23T09:00:00Z","2021-10-23","-121.382","39.872","1355.6","4.8","98.45","1.69","195.1","-0.440253","-1.631649",,"0","False","NASA_POWER_hourly"
"2021-10-23T10:00:00Z","2021-10-23","-121.382","39.872","1355.6","4.29","99.54","1.51","197.4","-0.451552","-1.440903",,"0","False","NASA_POWER_hourly"
"2021-10-23T11:00:00Z","2021-10-23","-121.382","39.872","1355.6","4.33","99.74","1.45","189.5","-0.239319","-1.430114",,"0","False","NASA_POWER_hourly"
"2021-10-23T12:00:00Z","2021-10-23","-121.382","39.872","1355.6","4.5","99.36","1.46","183.9","-0.099302","-1.456619",,"0","False","NASA_POWER_hourly"
"2021-10-23T13:00:00Z","2021-10-23","-121.382","39.872","1355.6","4.59","99.37","1.47","173.7","0.161309","-1.461123",,"0","False","NASA_POWER_hourly"
"2021-10-23T14:00:00Z","2021-10-23","-121.382","39.872","1355.6","4.68","99.38","1.59","171.3","0.240505","-1.571705",,"0.02","False","NASA_POWER_hourly"
"2021-10-23T15:00:00Z","2021-10-23","-121.382","39.872","1355.6","5.03","98.71","1.84","168.1","0.379416","-1.800457",,"0.19","False","NASA_POWER_hourly"
"2021-10-23T16:00:00Z","2021-10-23","-121.382","39.872","1355.6","5.36","96.78","2.42","171","0.378571","-2.390206",,"0.38","False","NASA_POWER_hourly"
"2021-10-23T17:00:00Z","2021-10-23","-121.382","39.872","1355.6","6.32","90.83","2.77","181.7","-0.082175","-2.768781",,"0.53","False","NASA_POWER_hourly"
"2021-10-23T18:00:00Z","2021-10-23","-121.382","39.872","1355.6","7.48","80.84","3.06","195.2","-0.802299","-2.95295",,"0.48","False","NASA_POWER_hourly"
"2021-10-23T19:00:00Z","2021-10-23","-121.382","39.872","1355.6","7.71","75.55","3.29","204.1","-1.343407","-3.003224",,"0.68","False","NASA_POWER_hourly"
"2021-10-23T20:00:00Z","2021-10-23","-121.382","39.872","1355.6","7.65","75.47","3.21","202.2","-1.212869","-2.972045",,"0.75","False","NASA_POWER_hourly"
"2021-10-23T21:00:00Z","2021-10-23","-121.382","39.872","1355.6","8.07","74.03","3.19","193.4","-0.739276","-3.103155",,"0.51","False","NASA_POWER_hourly"
"2021-10-23T22:00:00Z","2021-10-23","-121.382","39.872","1355.6","7.64","77.52","3.07","194.5","-0.768667","-2.972213",,"0.42","False","NASA_POWER_hourly"
"2021-10-23T23:00:00Z","2021-10-23","-121.382","39.872","1355.6","6.99","83.11","2.65","189.4","-0.432814","-2.614416",,"0.27","False","NASA_POWER_hourly"
"2021-10-24T00:00:00Z","2021-10-24","-121.382","39.872","1355.6","5.92","90.91","2.28","177","0.119326","-2.276875",,"0.08","False","NASA_POWER_hourly"
"2021-10-24T01:00:00Z","2021-10-24","-121.382","39.872","1355.6","5.15","96.18","2.02","165.1","0.519408","-1.95208",,"0","False","NASA_POWER_hourly"
"2021-10-24T02:00:00Z","2021-10-24","-121.382","39.872","1355.6","4.93","97.09","2.15","169.3","0.399183","-2.112618",,"0","False","NASA_POWER_hourly"
"2021-10-24T03:00:00Z","2021-10-24","-121.382","39.872","1355.6","4.8","97.44","2.32","162.4","0.701498","-2.211402",,"0","False","NASA_POWER_hourly"
"2021-10-24T04:00:00Z","2021-10-24","-121.382","39.872","1355.6","4.84","97.56","2.75","165.1","0.707115","-2.657534",,"0","False","NASA_POWER_hourly"
"2021-10-24T05:00:00Z","2021-10-24","-121.382","39.872","1355.6","5.02","97.71","3.1","171.7","0.447504","-3.06753",,"0","False","NASA_POWER_hourly"
"2021-10-24T06:00:00Z","2021-10-24","-121.382","39.872","1355.6","5.28","98.21","3.41","177.1","0.172522","-3.405633",,"0","False","NASA_POWER_hourly"
"2021-10-24T07:00:00Z","2021-10-24","-121.382","39.872","1355.6","5.6","98.23","3.48","178","0.12145","-3.47788",,"0","False","NASA_POWER_hourly"
"2021-10-24T08:00:00Z","2021-10-24","-121.382","39.872","1355.6","5.99","98.25","3.48","174.9","0.309352","-3.466223",,"0","False","NASA_POWER_hourly"
"2021-10-24T09:00:00Z","2021-10-24","-121.382","39.872","1355.6","6.09","98.64","3.67","172.2","0.498076","-3.636045",,"0","False","NASA_POWER_hourly"
"2021-10-24T10:00:00Z","2021-10-24","-121.382","39.872","1355.6","6.27","98.61","4.56","174","0.47665","-4.53502",,"0","False","NASA_POWER_hourly"
"2021-10-24T11:00:00Z","2021-10-24","-121.382","39.872","1355.6","6.47","98.56","5.3","178.5","0.138738","-5.298184",,"0","False","NASA_POWER_hourly"
"2021-10-24T12:00:00Z","2021-10-24","-121.382","39.872","1355.6","6.5","98.66","5.53","176.4","0.347232","-5.519088",,"0","False","NASA_POWER_hourly"
"2021-10-24T13:00:00Z","2021-10-24","-121.382","39.872","1355.6","6.19","98.48","5.29","174.8","0.479446","-5.268228",,"0","False","NASA_POWER_hourly"
"2021-10-24T14:00:00Z","2021-10-24","-121.382","39.872","1355.6","5.97","98.58","5.38","178.2","0.16899","-5.377345",,"0.01","False","NASA_POWER_hourly"
"2021-10-24T15:00:00Z","2021-10-24","-121.382","39.872","1355.6","6.36","98.44","6.63","183.3","-0.381649","-6.619006",,"0.06","False","NASA_POWER_hourly"
"2021-10-24T16:00:00Z","2021-10-24","-121.382","39.872","1355.6","6.56","98.62","5.9","185.1","-0.524476","-5.876642",,"0.12","False","NASA_POWER_hourly"
"2021-10-24T17:00:00Z","2021-10-24","-121.382","39.872","1355.6","7.14","98.12","6.34","189.4","-1.035487","-6.254868",,"0.15","False","NASA_POWER_hourly"
"2021-10-24T18:00:00Z","2021-10-24","-121.382","39.872","1355.6","7.7","97.79","6.25","195.1","-1.628153","-6.034204",,"0.15","False","NASA_POWER_hourly"
"2021-10-24T19:00:00Z","2021-10-24","-121.382","39.872","1355.6","8.57","97.76","5.71","202.4","-2.175912","-5.279158",,"0.11","False","NASA_POWER_hourly"
"2021-10-24T20:00:00Z","2021-10-24","-121.382","39.872","1355.6","9.1","97.43","5.56","208.4","-2.644471","-4.890846",,"0.15","False","NASA_POWER_hourly"
"2021-10-24T21:00:00Z","2021-10-24","-121.382","39.872","1355.6","8.91","97.53","5.28","218.8","-3.308468","-4.114904",,"0.14","False","NASA_POWER_hourly"
"2021-10-24T22:00:00Z","2021-10-24","-121.382","39.872","1355.6","7.68","97.44","4.77","226.1","-3.437029","-3.307527",,"0.09","False","NASA_POWER_hourly"
"2021-10-24T23:00:00Z","2021-10-24","-121.382","39.872","1355.6","5.45","97.42","3.47","230.6","-2.681386","-2.202515",,"0.07","False","NASA_POWER_hourly"
"2021-10-25T00:00:00Z","2021-10-25","-121.382","39.872","1355.6","3.59","97.47","2.22","223.5","-1.528147","-1.610331",,"0.15","False","NASA_POWER_hourly"
"2021-10-25T01:00:00Z","2021-10-25","-121.382","39.872","1355.6","2.01","97.17","1.43","178.8","0.029948","-1.429686",,"0","False","NASA_POWER_hourly"
"2021-10-25T02:00:00Z","2021-10-25","-121.382","39.872","1355.6","1.59","97.64","1.78","148.5","0.930047","-1.517699",,"0","False","NASA_POWER_hourly"
"2021-10-25T03:00:00Z","2021-10-25","-121.382","39.872","1355.6","1.9","98.05","2.32","155.5","0.962088","-2.11111",,"0","False","NASA_POWER_hourly"
"2021-10-25T04:00:00Z","2021-10-25","-121.382","39.872","1355.6","2.51","98.68","2.87","166.1","0.689454","-2.785956",,"0","False","NASA_POWER_hourly"
"2021-10-25T05:00:00Z","2021-10-25","-121.382","39.872","1355.6","2.62","99.19","3.18","168.2","0.650297","-3.112798",,"0","False","NASA_POWER_hourly"
"2021-10-25T06:00:00Z","2021-10-25","-121.382","39.872","1355.6","2.51","99.4","3.28","170.2","0.558287","-3.232138",,"0","False","NASA_POWER_hourly"
"2021-10-25T07:00:00Z","2021-10-25","-121.382","39.872","1355.6","2.15","99.31","3.36","173.7","0.368707","-3.339709",,"0","False","NASA_POWER_hourly"
"2021-10-25T08:00:00Z","2021-10-25","-121.382","39.872","1355.6","2.09","99.34","3.24","175.6","0.24857","-3.230451",,"0","False","NASA_POWER_hourly"
"2021-10-25T09:00:00Z","2021-10-25","-121.382","39.872","1355.6","1.89","99.57","3.07","174","0.320902","-3.053182",,"0","False","NASA_POWER_hourly"
"2021-10-25T10:00:00Z","2021-10-25","-121.382","39.872","1355.6","1.62","99.3","2.87","175.2","0.240155","-2.859935",,"0","False","NASA_POWER_hourly"
"2021-10-25T11:00:00Z","2021-10-25","-121.382","39.872","1355.6","1.42","99.33","2.59","184.9","-0.22123","-2.580534",,"0","False","NASA_POWER_hourly"
"2021-10-25T12:00:00Z","2021-10-25","-121.382","39.872","1355.6","1.15","99.29","2.24","192.4","-0.481007","-2.187746",,"0","False","NASA_POWER_hourly"
"2021-10-25T13:00:00Z","2021-10-25","-121.382","39.872","1355.6","1.04","99.31","1.9","197.8","-0.580821","-1.809046",,"0","False","NASA_POWER_hourly"
"2021-10-25T14:00:00Z","2021-10-25","-121.382","39.872","1355.6","1.22","99.34","1.77","197.1","-0.520451","-1.691754",,"0.02","False","NASA_POWER_hourly"
"2021-10-25T15:00:00Z","2021-10-25","-121.382","39.872","1355.6","1.5","99.45","1.55","194.2","-0.380226","-1.50264",,"0.39","False","NASA_POWER_hourly"
"2021-10-25T16:00:00Z","2021-10-25","-121.382","39.872","1355.6","1.96","99.63","1.52","194.5","-0.380578","-1.471584",,"0.9","False","NASA_POWER_hourly"
"2021-10-25T17:00:00Z","2021-10-25","-121.382","39.872","1355.6","2.48","99.64","1.54","196.6","-0.43996","-1.475817",,"1.38","False","NASA_POWER_hourly"
"2021-10-25T18:00:00Z","2021-10-25","-121.382","39.872","1355.6","2.92","99.19","1.88","202.9","-0.731553","-1.731829",,"1.79","False","NASA_POWER_hourly"
"2021-10-25T19:00:00Z","2021-10-25","-121.382","39.872","1355.6","3.21","98.3","1.99","206.3","-0.881712","-1.784008",,"1.86","False","NASA_POWER_hourly"
"2021-10-25T20:00:00Z","2021-10-25","-121.382","39.872","1355.6","3.55","96.86","2.02","206.4","-0.898163","-1.809338",,"1.78","False","NASA_POWER_hourly"
"2021-10-25T21:00:00Z","2021-10-25","-121.382","39.872","1355.6","3.88","95.85","2.1","204.1","-0.857494","-1.916952",,"1.38","False","NASA_POWER_hourly"
"2021-10-25T22:00:00Z","2021-10-25","-121.382","39.872","1355.6","4.18","95.23","2.2","204.1","-0.898327","-2.008235",,"1.27","False","NASA_POWER_hourly"
"2021-10-25T23:00:00Z","2021-10-25","-121.382","39.872","1355.6","4.21","96.59","2.05","206.1","-0.901875","-1.840957",,"0.8","False","NASA_POWER_hourly"
